,motor_timestamp,m1,m2,m3,m4,bat_timestamp,bat_volt,cmd_timestamp,cmd_thrust,cmd_act_thrust,cmd_roll,cmd_pitch,cmd_yawrate,stabilizer_timestamp,des_x,des_y,des_z,des_timestamp,mocap_output_timestamp,mocap_x,mocap_y,mocap_z,mocap_qx,mocap_qy,mocap_qz,mocap_qw,obs_x,obs_y,obs_z,stateZ_timestamp,stateZ_x,stateZ_y,stateZ_z,stateZ_quat,stateZ_vx,stateZ_vy,stateZ_vz,stateZ_ax,stateZ_ay,stateZ_az
0,79572.0,0.0,0.0,0.0,0.0,79570.0,3.7319648265838623,,,,,,,,0.0,0.0,0.5,2.173762083053589,,-1.5812445068359375,0.08092198944091797,0.009771912574768067,,,,,,,,79567.0,0.0,0.0,0.0,-1073741824.0,0.0,0.0,0.0,35.0,-47.0,9797.0
1,79582.0,0.0,0.0,0.0,0.0,79580.0,3.7319648265838623,,,,,,,,0.0,-0.001,0.5,2.2027461528778076,,-1.5811744384765625,0.08060433197021484,0.009842853546142578,,,,,,,,79577.0,0.0,0.0,15.0,-536346112.0,0.0,0.0,0.0,46.0,-66.0,9792.0
2,79592.0,0.0,0.0,0.0,0.0,79590.0,3.7319648265838623,,,,,,,,0.0,-0.001,0.5,2.214764356613159,,-1.5810328369140625,0.08065375518798829,0.009833535194396973,,,,,,,,79587.0,0.0,0.0,15.0,-536346112.0,0.0,-1.0,0.0,34.0,-70.0,9796.0
3,79602.0,0.0,0.0,0.0,0.0,79600.0,3.7319648265838623,,,,,,,,0.0,0.0,0.5,2.226752519607544,,-1.581241455078125,0.08090045928955078,0.009783153533935546,,,,,,,,79597.0,0.0,0.0,15.0,-535297536.0,0.0,6.0,0.0,26.0,-50.0,9812.0
4,79612.0,0.0,0.0,0.0,0.0,79610.0,3.7319648265838623,,,,,,,,0.0,-0.001,0.5,2.239452838897705,,-1.5812550048828125,0.0809111328125,0.009807442665100098,,,,,,,,79607.0,0.0,0.0,16.0,-536346112.0,1.0,3.0,0.0,49.0,-55.0,9799.0
5,79622.0,0.0,0.0,0.0,0.0,79620.0,3.7319648265838623,,,,,,,,0.0,0.0,0.5,2.2517991065979004,,-1.581130859375,0.08059238433837891,0.009843356132507324,,,,,,,,79617.0,0.0,0.0,19.0,-536346112.0,1.0,3.0,2.0,52.0,-71.0,9796.0
6,79632.0,0.0,0.0,0.0,0.0,79630.0,3.7319648265838623,,,,,,,,0.0,-0.002,0.5,2.2641756534576416,,-1.58154443359375,0.07956041717529297,0.011001922607421876,,,,,,,,79627.0,0.0,0.0,19.0,-535297536.0,1.0,6.0,2.0,43.0,-50.0,9791.0
7,79642.0,0.0,0.0,0.0,0.0,79640.0,3.7319648265838623,,,,,,,,0.001,-0.001,0.5,2.276857614517212,,-1.581239013671875,0.08092151641845703,0.009798287391662597,,,,,,,,79637.0,0.0,0.0,19.0,-535297536.0,2.0,6.0,2.0,51.0,-32.0,9799.0
8,79652.0,0.0,0.0,0.0,0.0,79650.0,3.7319648265838623,,,,,,,,0.001,-0.001,0.5,2.2904765605926514,,-1.5812421875,0.08093116760253906,0.009802662849426269,,,,,,,,79647.0,0.0,0.0,19.0,-1072168448.0,2.0,-5.0,2.0,29.0,-118.0,9813.0
9,79662.0,0.0,0.0,0.0,0.0,79660.0,3.7319648265838623,,,,,,,,0.0,0.0,0.5,2.3025002479553223,,-1.5812313232421875,0.0809061508178711,0.00979310417175293,,,,,,,,79657.0,0.0,0.0,18.0,-1071119872.0,2.0,-8.0,0.0,44.0,-102.0,9809.0
10,79672.0,0.0,0.0,0.0,0.0,79670.0,3.7319648265838623,,,,,,,,0.0,0.0,0.5,2.314695358276367,,-1.581508056640625,0.08021322631835938,0.010499902725219726,,,,,,,,79667.0,0.0,0.0,18.0,-536346112.0,2.0,0.0,0.0,31.0,-56.0,9783.0
11,79682.0,0.0,0.0,0.0,0.0,79680.0,3.7319648265838623,,,,,,,,0.0,0.0,0.5,2.3269400596618652,,-1.5812183837890625,0.08091674041748047,0.009794920921325683,,,,,,,,79677.0,0.0,0.0,18.0,-1073217024.0,3.0,-4.0,0.0,36.0,-72.0,9776.0
12,79692.0,0.0,0.0,0.0,0.0,79690.0,3.7319648265838623,,,,,,,,0.0,0.0,0.5,2.34023380279541,,-1.5812615966796875,0.08090935516357421,0.00980544376373291,,,,,,,,79687.0,0.0,0.0,18.0,-1072691712.0,7.0,-8.0,0.0,58.0,-145.0,9787.0
13,79702.0,0.0,0.0,0.0,0.0,79700.0,3.7319648265838623,,,,,,,,-0.001,0.0,0.5,2.3525826930999756,,-1.5812611083984376,0.0809375,0.009809108734130859,,,,,,,,79697.0,0.0,0.0,18.0,-1072168448.0,4.0,-10.0,0.0,32.0,-140.0,9814.0
14,79712.0,0.0,0.0,0.0,0.0,79710.0,3.7319648265838623,,,,,,,,-0.003,-0.003,0.5,2.364863395690918,,-1.5815169677734375,0.08022690582275391,0.010505528450012206,,,,,,,,79707.0,0.0,0.0,22.0,-535297536.0,4.0,0.0,17.0,47.0,-40.0,9818.0
15,79722.0,0.0,0.0,0.0,0.0,79720.0,3.7319648265838623,,,,,,,,0.0,-0.005,0.5,2.3771588802337646,,-1.581248046875,0.08091700744628906,0.009810009002685548,,,,,,,,79717.0,0.0,0.0,22.0,-1072168448.0,4.0,-9.0,17.0,49.0,-60.0,9830.0
16,79732.0,0.0,0.0,0.0,0.0,79730.0,3.7319648265838623,,,,,,,,-0.001,-0.007,0.5,2.3898603916168213,,-1.58126220703125,0.0809103775024414,0.009790916442871094,,,,,,,,79727.0,0.0,0.0,22.0,-536346112.0,4.0,-6.0,17.0,43.0,-65.0,9815.0
17,79742.0,0.0,0.0,0.0,0.0,79740.0,3.7319648265838623,,,,,,,,-0.001,-0.008,0.5,2.4014976024627686,,-1.581234130859375,0.08090988922119141,0.009795184135437012,,,,,,,,79737.0,0.0,0.0,22.0,-1073217024.0,5.0,-9.0,17.0,46.0,-84.0,9814.0
18,79752.0,0.0,0.0,0.0,0.0,79750.0,3.7319648265838623,,,,,,,,-0.007,-0.013,0.5,2.4137589931488037,,-1.581443603515625,0.08086442565917969,0.01011982536315918,,,,,,,,79747.0,0.0,0.0,20.0,-1073216000.0,3.0,-9.0,3.0,28.0,-68.0,9795.0
19,79762.0,0.0,0.0,0.0,0.0,79760.0,3.7319648265838623,,,,,,,,-0.008,-0.013,0.5,2.4258382320404053,,-1.581030517578125,0.08063761138916016,0.009814006805419922,,,,,,,,79757.0,0.0,0.0,20.0,-536870400.0,10.0,-7.0,3.0,52.0,-47.0,9797.0
20,79772.0,0.0,0.0,0.0,0.0,79770.0,3.7319648265838623,,,,,,,,-0.014,-0.014,0.5,2.437528133392334,,-1.5812501220703126,0.08093534851074219,0.009790592193603516,,,,,,,,79767.0,0.0,0.0,20.0,-534247936.0,4.0,0.0,3.0,14.0,-40.0,9800.0
21,79782.0,53762.0,40353.0,35363.0,52328.0,79780.0,3.7319648265838623,,,,,,,,-0.017,-0.011,0.5,2.4500536918640137,,-1.5812437744140626,0.0809189224243164,0.009799339294433594,,,,,,,,79777.0,0.0,0.0,20.0,-535296512.0,4.0,-6.0,3.0,26.0,-70.0,9810.0
22,79792.0,54012.0,40299.0,33913.0,52375.0,79790.0,3.7319648265838623,,,,,,,,-0.024,-0.009,0.5,2.4628946781158447,,-1.5820045166015626,0.08153131103515625,0.010476332664489746,,,,,,,,79787.0,0.0,0.0,20.0,-535296512.0,4.0,-6.0,3.0,146.0,42.0,9798.0
23,79802.0,55789.0,54985.0,54291.0,54969.0,79800.0,3.2357773780822754,,,,,,,,-0.028,-0.009,0.5,2.475745677947998,,-1.5817078857421876,0.0812724380493164,0.010336574554443359,,,,,,,,79797.0,0.0,-1.0,21.0,-1072167936.0,2.0,-15.0,6.0,-154.0,-179.0,9811.0
24,79812.0,58674.0,58189.0,57419.0,58489.0,79810.0,3.0615837574005127,,,,,,,,-0.037,-0.008,0.5,2.487697124481201,,-1.5820411376953125,0.08171437072753907,0.010474917411804199,,,,,,,,79807.0,0.0,-1.0,21.0,-1072167936.0,2.0,-15.0,5.0,27.0,-20.0,9791.0
25,79822.0,63294.0,62299.0,62150.0,63399.0,79820.0,2.8398826122283936,,,,,,,,-0.045,-0.005,0.5,2.500385046005249,,-1.58213623046875,0.08180309295654296,0.010420575141906738,,,,,,,,79817.0,0.0,-2.0,21.0,-1071119360.0,2.0,-23.0,5.0,198.0,-2.0,9832.0
26,79832.0,65342.0,64061.0,64351.0,65535.0,79830.0,2.729032278060913,,,,,,,,-0.049,-0.004,0.5,2.5127670764923096,,-1.581672607421875,0.08156775665283203,0.01032084846496582,,,,,,,,79827.0,0.0,0.0,21.0,-535297024.0,1.0,-6.0,6.0,-6.0,-41.0,9844.0
27,79842.0,65462.0,63173.0,63641.0,65535.0,79840.0,2.729032278060913,,,,,,,,-0.053,-0.003,0.5,2.524681329727173,,-1.5818514404296875,0.0814661865234375,0.010458453178405762,,,,,,,,79837.0,0.0,-1.0,17.0,-1073216512.0,1.0,-13.0,-18.0,63.0,-191.0,9853.0
28,79852.0,65535.0,64694.0,62958.0,64043.0,79850.0,2.6445748805999756,,,,,,,,-0.063,-0.001,0.5,2.536813974380493,,-1.582197265625,0.08195311737060547,0.0104174747467041,,,,,,,,79847.0,0.0,0.0,17.0,-535297024.0,2.0,-5.0,-18.0,-24.0,-122.0,9857.0
29,79862.0,65535.0,65010.0,64070.0,64928.0,79860.0,2.6604106426239014,,,,,,,,-0.065,0.0,0.5,2.549309253692627,,-1.5820001220703126,0.08170272827148438,0.010508163452148438,,,,,,,,79857.0,0.0,-2.0,17.0,-1072167936.0,1.0,-22.0,-17.0,9.0,-58.0,9798.0
30,79872.0,64917.0,65535.0,64625.0,64257.0,79870.0,2.692082166671753,,,,,,,,-0.068,0.0,0.5,2.561483860015869,,-1.5818619384765624,0.08158326721191406,0.01051004695892334,,,,,,,,79868.0,1.0,-1.0,16.0,-536346624.0,8.0,-11.0,-17.0,18.0,-61.0,9720.0
31,79882.0,65535.0,64830.0,63609.0,63783.0,79880.0,2.7343108654022217,,,,,,,,-0.076,0.003,0.5,2.574148654937744,,-1.5820152587890626,0.0816121826171875,0.010559728622436523,,,,,,,,79877.0,1.0,-1.0,14.0,-1073217536.0,7.0,-11.0,-31.0,89.0,30.0,9753.0
32,79892.0,63203.0,63492.0,65489.0,65535.0,79890.0,2.781818151473999,,,,,,,,-0.077,0.004,0.5,2.5883350372314453,,-1.58213818359375,0.0818541488647461,0.010592455863952637,,,,,,,,79888.0,1.0,-1.0,14.0,-535297536.0,8.0,-4.0,-30.0,-127.0,-154.0,9978.0
33,79902.0,64403.0,64547.0,65535.0,64896.0,79900.0,2.781818151473999,,,,,,,,-0.08,0.005,0.5,2.600564956665039,,-1.5821602783203126,0.0818661651611328,0.010651032447814941,,,,,,,,79897.0,0.0,0.0,13.0,-535296000.0,-2.0,0.0,-30.0,-6.0,-213.0,10003.0
34,79912.0,63909.0,63604.0,64529.0,63747.0,79910.0,2.834604024887085,,,,,,,,-0.078,0.005,0.5,2.612826347351074,,-1.5821563720703125,0.08188356018066406,0.010697043418884278,,,,,,,,79908.0,0.0,0.0,13.0,-534247424.0,-3.0,0.0,-28.0,166.0,-277.0,10009.0
35,79922.0,61955.0,63357.0,64554.0,62622.0,79920.0,2.871554374694824,,,,,,,,-0.081,0.006,0.5,2.6253912448883057,,-1.581746337890625,0.08132657623291016,0.010400665283203126,,,,,,,,79917.0,0.0,0.0,13.0,-534247424.0,-4.0,4.0,-26.0,155.0,-171.0,10016.0
36,79932.0,58932.0,64118.0,64733.0,60146.0,79930.0,2.871554374694824,,,,,,,,-0.085,0.009,0.5,2.6375787258148193,,-1.58231640625,0.08192618560791015,0.010898780822753907,,,,,,,,79927.0,0.0,0.0,13.0,-534246400.0,-5.0,5.0,-19.0,37.0,-168.0,10182.0
37,79942.0,56037.0,63730.0,64636.0,59228.0,79940.0,2.9560117721557617,,,,,,,,-0.083,0.009,0.5,2.6504647731781006,,-1.5821798095703126,0.0818565673828125,0.011148496627807617,,,,,,,,79937.0,0.0,0.0,13.0,-533196800.0,-12.0,6.0,-16.0,-128.0,26.0,10630.0
38,79952.0,55069.0,62466.0,62951.0,57939.0,79950.0,3.019355058670044,,,,,,,,-0.085,0.01,0.5,2.6624398231506348,,-1.5822933349609376,0.08191474151611328,0.011560917854309082,,,,,,,,79947.0,-1.0,0.0,13.0,-533195776.0,-13.0,7.0,-9.0,-162.0,231.0,10817.0
39,79962.0,51780.0,63757.0,64062.0,56498.0,79960.0,3.019355058670044,,,,,,,,-0.085,0.013,0.5,2.6750621795654297,,-1.581947265625,0.08140219879150391,0.01172243881225586,,,,,,,,79957.0,-3.0,-3.0,13.0,-535289344.0,-28.0,-15.0,0.0,-264.0,52.0,11026.0
40,79972.0,48073.0,63654.0,63882.0,53703.0,79970.0,3.0615837574005127,,,,,,,,-0.087,0.014,0.5,2.6882998943328857,,-1.5826856689453126,0.08200988006591797,0.012574738502502441,,,,,,,,79967.0,0.0,-5.0,16.0,-535289344.0,-6.0,-31.0,25.0,-202.0,-70.0,11215.0
41,79982.0,46733.0,61304.0,63177.0,55710.0,79980.0,3.098533868789673,,,,,,,,-0.082,0.016,0.5,2.7006332874298096,,-1.5828544921875,0.08203416442871093,0.013272458076477051,,,,,,,,79977.0,0.0,-5.0,16.0,-535286271.0,-9.0,-31.0,39.0,-310.0,-170.0,11517.0
42,79992.0,46531.0,59617.0,62100.0,55961.0,79990.0,3.135483980178833,,,,,,,,-0.082,0.016,0.5,2.7130584716796875,,-1.58317041015625,0.08204389953613281,0.014013097763061524,,,,,,,,79987.0,-1.0,-7.0,16.0,-535282174.0,-20.0,-41.0,54.0,-499.0,-171.0,11668.0
43,80002.0,47815.0,59833.0,60923.0,53685.0,80000.0,3.161876916885376,,,,,,,,-0.081,0.017,0.5,2.7253172397613525,,-1.583584716796875,0.08223333740234375,0.015248555183410645,,,,,,,,79997.0,-1.0,-8.0,17.0,-534229501.0,-24.0,-43.0,72.0,-590.0,-64.0,11831.0
44,80012.0,49340.0,59215.0,59388.0,52618.0,80010.0,3.198827028274536,,,,,,,,-0.08,0.019,0.5,2.7374825477600098,,-1.583509521484375,0.08177999877929687,0.016902744293212892,,,,,,,,80007.0,-7.0,-13.0,15.0,-534222333.0,-72.0,-69.0,71.0,-852.0,-84.0,11837.0
45,80022.0,49111.0,58822.0,58966.0,53037.0,80020.0,3.198827028274536,,,,,,,,-0.078,0.018,0.5,2.7504074573516846,,-1.5844246826171875,0.08245873260498048,0.018209426879882813,,,,,,,,80017.0,-8.0,-13.0,15.0,-532122108.0,-80.0,-68.0,92.0,-983.0,-26.0,11798.0
46,80032.0,49884.0,57364.0,57516.0,54073.0,80030.0,3.214663028717041,,,,,,,,-0.078,0.019,0.5,2.763554096221924,,-1.5848165283203124,0.0825489273071289,0.01948529052734375,,,,,,,,80027.0,-12.0,-14.0,16.0,-530021884.0,-108.0,-63.0,109.0,-953.0,106.0,11589.0
47,80042.0,49637.0,56802.0,56697.0,53941.0,80040.0,3.230498790740967,,,,,,,,-0.076,0.019,0.5,2.775500535964966,,-1.5853543701171875,0.08256896209716796,0.021516103744506836,,,,,,,,80037.0,-14.0,-14.0,17.0,-527923707.0,-124.0,-60.0,126.0,-1030.0,75.0,11493.0
48,80052.0,51611.0,55841.0,54827.0,54830.0,80050.0,3.2357773780822754,,,,,,,,-0.076,0.02,0.5,2.7874984741210938,,-1.5862462158203126,0.08289226531982422,0.024075538635253906,,,,,,,,80047.0,-17.0,-11.0,18.0,-525825531.0,-149.0,-32.0,141.0,-1136.0,113.0,11628.0
49,80062.0,53181.0,55979.0,53622.0,55085.0,80060.0,3.251613140106201,,,,,,,,-0.075,0.02,0.5,2.802558183670044,,-1.5868685302734375,0.08327679443359375,0.02612581253051758,,,,,,,,80057.0,-24.0,-9.0,11.0,-523727354.0,-192.0,-18.0,108.0,-1153.0,210.0,11595.0
50,80072.0,54014.0,56020.0,52507.0,54923.0,80070.0,3.2463345527648926,,,,,,,,-0.071,0.02,0.5,2.8164870738983154,,-1.5878719482421875,0.08373770141601562,0.02908685111999512,,,,,,,,80067.0,-28.0,-9.0,12.0,-523729402.0,-215.0,-14.0,123.0,-1086.0,357.0,11473.0
51,80082.0,54420.0,55594.0,51444.0,55232.0,80080.0,3.2463345527648926,,,,,,,,-0.071,0.02,0.5,2.8294403553009033,,-1.588127685546875,0.0835501937866211,0.030821836471557618,,,,,,,,80077.0,-32.0,-8.0,12.0,-523731449.0,-237.0,-5.0,137.0,-1076.0,358.0,11443.0
52,80092.0,53358.0,55525.0,52371.0,55430.0,80090.0,3.2463345527648926,,,,,,,,-0.07,0.02,0.5,2.841647148132324,,-1.5887880859375,0.08376297760009765,0.03288724136352539,,,,,,,,80087.0,-37.0,-8.0,12.0,-523732472.0,-294.0,17.0,137.0,-993.0,289.0,11398.0
53,80102.0,53040.0,55958.0,52044.0,54703.0,80100.0,3.2463345527648926,,,,,,,,-0.067,0.02,0.5,2.8543546199798584,,-1.5900802001953125,0.08454081726074218,0.03655363845825195,,,,,,,,80097.0,-45.0,-5.0,12.0,-525834744.0,-302.0,21.0,150.0,-824.0,183.0,11258.0
54,80112.0,53871.0,55609.0,50300.0,54757.0,80110.0,3.2568917274475098,,,,,,,,-0.065,0.02,0.5,2.866563081741333,,-1.5905230712890626,0.08487776947021484,0.039142047882080075,,,,,,,,80107.0,-49.0,-4.0,14.0,-526888439.0,-315.0,28.0,164.0,-600.0,169.0,11294.0
55,80122.0,54344.0,55109.0,48671.0,54956.0,80120.0,3.2621703147888184,,,,,,,,-0.065,0.019,0.5,2.880018949508667,,-1.5918232421875,0.08548099517822266,0.04277654266357422,,,,,,,,80117.0,-53.0,-3.0,15.0,-527942134.0,-325.0,36.0,178.0,-380.0,154.0,11117.0
56,80132.0,52231.0,55175.0,50482.0,55145.0,80130.0,3.2621703147888184,,,,,,,,-0.064,0.019,0.5,2.8920209407806396,,-1.5925836181640625,0.08573012542724609,0.046414897918701174,,,,,,,,80127.0,-56.0,-3.0,17.0,-530044406.0,-326.0,40.0,193.0,-275.0,41.0,10921.0
57,80142.0,51620.0,55820.0,50471.0,54311.0,80140.0,3.2621703147888184,,,,,,,,-0.061,0.018,0.5,2.90547513961792,,-1.59357177734375,0.08649603271484375,0.049274784088134765,,,,,,,,80137.0,-63.0,-1.0,18.0,-531097077.0,-348.0,49.0,198.0,-178.0,-62.0,10912.0
58,80152.0,50433.0,54320.0,49632.0,54540.0,80150.0,3.2727274894714355,,,,,,,,-0.058,0.018,0.5,2.918142795562744,,-1.59410498046875,0.08671405792236328,0.051958606719970706,,,,,,,,80147.0,-65.0,0.0,27.0,-532676084.0,-343.0,56.0,243.0,3.0,-34.0,10807.0
59,80162.0,49790.0,54209.0,49491.0,54373.0,80160.0,3.278006076812744,,,,,,,,-0.058,0.018,0.5,2.9308393001556396,,-1.5948143310546874,0.08729360961914062,0.05619732284545898,,,,,,,,80157.0,-68.0,0.0,29.0,-533719539.0,-342.0,57.0,254.0,204.0,-19.0,10609.0
60,80172.0,47542.0,54541.0,50747.0,53578.0,80170.0,3.29384183883667,,,,,,,,-0.055,0.018,0.5,2.943218469619751,,-1.595043212890625,0.08737628936767577,0.05913324737548828,,,,,,,,80167.0,-72.0,2.0,32.0,-534764018.0,-343.0,66.0,262.0,295.0,-107.0,10423.0
61,80182.0,46430.0,54830.0,51044.0,53060.0,80180.0,3.2991204261779785,,,,,,,,-0.054,0.017,0.5,2.955321788787842,,-1.5955849609375,0.08777693939208984,0.06325231552124023,,,,,,,,80177.0,-76.0,3.0,34.0,-535808497.0,-341.0,66.0,268.0,345.0,-110.0,10475.0
62,80192.0,44929.0,54654.0,50546.0,51552.0,80190.0,3.3096776008605957,,,,,,,,-0.051,0.017,0.5,2.967543840408325,,-1.59650048828125,0.08858933258056641,0.06643446350097656,,,,,,,,80187.0,-77.0,4.0,44.0,-535804400.0,-322.0,71.0,316.0,513.0,12.0,10464.0
63,80202.0,45192.0,55337.0,50112.0,50357.0,80200.0,3.3096776008605957,,,,,,,,-0.049,0.016,0.5,2.9804465770721436,,-1.596932373046875,0.08913848114013671,0.07093097686767579,,,,,,,,80197.0,-80.0,5.0,48.0,-535801327.0,-317.0,71.0,323.0,588.0,9.0,10280.0
64,80212.0,45013.0,55021.0,49826.0,50084.0,80210.0,3.320234775543213,,,,,,,,-0.048,0.016,0.5,2.9931602478027344,,-1.59704345703125,0.0890680160522461,0.07388430786132813,,,,,,,,80207.0,-78.0,5.0,52.0,-536846830.0,-285.0,68.0,334.0,653.0,-88.0,10012.0
65,80222.0,44928.0,54319.0,49819.0,50167.0,80220.0,3.33079195022583,,,,,,,,-0.045,0.015,0.5,3.00517201423645,,-1.596948486328125,0.0893807144165039,0.07856511688232422,,,,,,,,80217.0,-81.0,6.0,55.0,-1073716717.0,-279.0,68.0,337.0,701.0,-110.0,10049.0
66,80232.0,42838.0,54921.0,51162.0,49284.0,80230.0,3.3360705375671387,,,,,,,,-0.044,0.015,0.5,3.018921136856079,,-1.597397216796875,0.09018498229980469,0.08328913116455078,,,,,,,,80227.0,-82.0,7.0,59.0,-1072666092.0,-262.0,68.0,341.0,632.0,-67.0,9968.0
67,80242.0,43556.0,54416.0,49948.0,48254.0,80240.0,3.3413491249084473,,,,,,,,-0.043,0.014,0.5,3.0314993858337402,,-1.5974024658203125,0.09047215270996094,0.08636206817626953,,,,,,,,80237.0,-85.0,9.0,67.0,-1072666092.0,-258.0,77.0,370.0,656.0,-16.0,9859.0
68,80252.0,44205.0,54050.0,49098.0,48588.0,80250.0,3.346627712249756,,,,,,,,-0.042,0.014,0.5,3.0437471866607666,,-1.59724560546875,0.09069963836669923,0.0894280548095703,,,,,,,,80247.0,-83.0,9.0,72.0,-1071616491.0,-224.0,72.0,375.0,658.0,-240.0,9589.0
69,80262.0,45653.0,53578.0,48271.0,48837.0,80260.0,3.346627712249756,,,,,,,,-0.04,0.013,0.5,3.055776357650757,,-1.5970255126953126,0.09075696563720703,0.09395217895507812,,,,,,,,80257.0,-85.0,10.0,75.0,-1070567915.0,-217.0,71.0,375.0,695.0,-129.0,9412.0
70,80272.0,45236.0,52802.0,48523.0,49745.0,80270.0,3.346627712249756,,,,,,,,-0.039,0.013,0.5,3.0683441162109375,,-1.5967706298828126,0.09120960998535156,0.09702381134033203,,,,,,,,80267.0,-83.0,12.0,80.0,-1070566890.0,-187.0,78.0,374.0,659.0,-36.0,9278.0
71,80282.0,46319.0,51823.0,47664.0,50391.0,80280.0,3.3519062995910645,,,,,,,,-0.037,0.013,0.5,3.0805904865264893,,-1.596164306640625,0.0913779296875,0.10148188018798829,,,,,,,,80277.0,-85.0,13.0,85.0,-1069518314.0,-182.0,78.0,380.0,728.0,-260.0,9143.0
72,80292.0,46170.0,51352.0,48013.0,51282.0,80290.0,3.346627712249756,,,,,,,,-0.036,0.012,0.5,3.092987298965454,,-1.596115966796875,0.09151155853271484,0.10420091247558594,,,,,,,,80287.0,-87.0,14.0,89.0,-1068469738.0,-175.0,76.0,374.0,636.0,-214.0,9294.0
73,80302.0,47751.0,51494.0,46937.0,51114.0,80300.0,3.346627712249756,,,,,,,,-0.036,0.012,0.5,3.105046510696411,,-1.5954688720703125,0.09146705627441407,0.10846358489990235,,,,,,,,80297.0,-82.0,16.0,93.0,-1068467689.0,-136.0,81.0,371.0,759.0,-273.0,9243.0
74,80312.0,48151.0,51579.0,46909.0,51353.0,80310.0,3.3413491249084473,,,,,,,,-0.033,0.011,0.5,3.1175131797790527,,-1.5949073486328125,0.09183195495605469,0.11127796173095703,,,,,,,,80307.0,-82.0,16.0,97.0,-1067419113.0,-120.0,77.0,367.0,723.0,-180.0,9005.0
75,80322.0,47465.0,51821.0,47573.0,50519.0,80320.0,3.3413491249084473,,,,,,,,-0.033,0.011,0.5,3.1303863525390625,,-1.593709228515625,0.09172467803955078,0.11559975433349609,,,,,,,,80317.0,-81.0,17.0,104.0,-1067418089.0,-104.0,75.0,378.0,725.0,-299.0,9160.0
76,80332.0,47744.0,51644.0,47687.0,50910.0,80330.0,3.3413491249084473,,,,,,,,-0.032,0.011,0.5,3.1428592205047607,,-1.5932679443359374,0.0919222183227539,0.1180947036743164,,,,,,,,80327.0,-80.0,17.0,107.0,-1067418089.0,-87.0,69.0,371.0,853.0,-158.0,9062.0
77,80342.0,44958.0,52113.0,50545.0,50610.0,80340.0,3.3413491249084473,,,,,,,,-0.032,0.01,0.5,3.1550979614257812,,-1.5919345703125,0.09150450134277344,0.121645751953125,,,,,,,,80337.0,-80.0,19.0,111.0,-1067418089.0,-71.0,77.0,363.0,696.0,-386.0,8941.0
78,80352.0,43935.0,53146.0,51577.0,50164.0,80350.0,3.3360705375671387,,,,,,,,-0.03,0.01,0.5,3.167389392852783,,-1.59089501953125,0.09186236572265626,0.12594967651367187,,,,,,,,80347.0,-78.0,18.0,115.0,-1066369513.0,-52.0,66.0,355.0,746.0,-179.0,9010.0
79,80362.0,44888.0,54108.0,51355.0,49375.0,80360.0,3.33079195022583,,,,,,,,-0.029,0.01,0.5,3.1804869174957275,,-1.59014794921875,0.09183561706542968,0.12831137084960936,,,,,,,,80357.0,-78.0,19.0,118.0,-1066370537.0,-44.0,64.0,347.0,751.0,-291.0,8663.0
80,80372.0,47991.0,53984.0,49727.0,49970.0,80370.0,3.33079195022583,,,,,,,,-0.028,0.01,0.5,3.193006992340088,,-1.58900732421875,0.0918682632446289,0.13180670166015626,,,,,,,,80367.0,-76.0,19.0,121.0,-1065321961.0,-23.0,60.0,331.0,661.0,-230.0,8998.0
81,80382.0,48262.0,53954.0,50057.0,50093.0,80380.0,3.3255133628845215,,,,,,,,-0.027,0.01,0.5,3.2050693035125732,,-1.5876827392578126,0.09112787628173828,0.1338665771484375,,,,,,,,80377.0,-76.0,20.0,124.0,-1065324009.0,-15.0,58.0,323.0,662.0,-167.0,8878.0
82,80392.0,44585.0,53851.0,53288.0,50919.0,80390.0,3.320234775543213,,,,,,,,-0.026,0.01,0.5,3.2171618938446045,,-1.5861259765625,0.09111616516113281,0.13740330505371093,,,,,,,,80387.0,-76.0,20.0,127.0,-1065326058.0,-10.0,54.0,314.0,424.0,-391.0,9059.0
83,80402.0,44032.0,54778.0,54121.0,50605.0,80400.0,3.3096776008605957,,,,,,,,-0.026,0.01,0.5,3.2300894260406494,,-1.5850157470703126,0.09095720672607421,0.13956314086914062,,,,,,,,80397.0,-75.0,20.0,130.0,-1065328106.0,3.0,50.0,305.0,499.0,-191.0,8776.0
84,80412.0,45938.0,55385.0,53896.0,50967.0,80410.0,3.304399013519287,,,,,,,,-0.026,0.007,0.5,3.2421464920043945,,-1.5842098388671875,0.09099297332763671,0.14153598022460936,,,,,,,,80407.0,-72.0,20.0,129.0,-1065330154.0,18.0,45.0,276.0,258.0,-360.0,8951.0
85,80422.0,48644.0,55046.0,52911.0,51640.0,80420.0,3.29384183883667,,,,,,,,-0.026,0.007,0.5,3.254692792892456,,-1.5827041015625,0.09056974029541015,0.14464219665527345,,,,,,,,80417.0,-71.0,20.0,132.0,-1064283626.0,27.0,40.0,267.0,531.0,-313.0,9015.0
86,80432.0,48412.0,55702.0,53067.0,51761.0,80430.0,3.2885632514953613,,,,,,,,-0.025,0.007,0.5,3.2667295932769775,,-1.581522216796875,0.09048024749755859,0.14695274353027343,,,,,,,,80427.0,-71.0,20.0,135.0,-1064285674.0,33.0,37.0,260.0,354.0,-157.0,8978.0
87,80442.0,49683.0,54623.0,52725.0,52926.0,80440.0,3.2885632514953613,,,,,,,,-0.024,0.007,0.5,3.2794294357299805,,-1.5796783447265625,0.09012226104736328,0.14976966857910157,,,,,,,,80437.0,-70.0,20.0,137.0,-1065336299.0,38.0,33.0,252.0,350.0,-339.0,9198.0
88,80452.0,50238.0,55265.0,52652.0,52672.0,80450.0,3.2832846641540527,,,,,,,,-0.025,0.006,0.5,3.2921249866485596,,-1.577643798828125,0.08936814880371094,0.15227735900878905,,,,,,,,80447.0,-67.0,20.0,140.0,-1065338347.0,53.0,29.0,245.0,292.0,-174.0,9153.0
89,80462.0,51315.0,54856.0,52509.0,53545.0,80460.0,3.278006076812744,,,,,,,,-0.024,0.007,0.5,3.304377317428589,,-1.577043212890625,0.08939595031738282,0.15419064331054688,,,,,,,,80457.0,-67.0,19.0,141.0,-1065339371.0,57.0,24.0,232.0,245.0,-172.0,9248.0
90,80472.0,50885.0,54907.0,53329.0,53912.0,80470.0,3.278006076812744,,,,,,,,-0.024,0.01,0.5,3.31649112701416,,-1.5757476806640625,0.08812451171875,0.15600167846679688,,,,,,,,80467.0,-65.0,20.0,143.0,-1065341420.0,63.0,21.0,226.0,246.0,-204.0,9310.0
91,80482.0,49297.0,55726.0,54873.0,53527.0,80480.0,3.2727274894714355,,,,,,,,-0.023,0.01,0.5,3.329303503036499,,-1.5739849853515624,0.08899041748046875,0.1592108154296875,,,,,,,,80477.0,-65.0,19.0,145.0,-1065342444.0,67.0,16.0,220.0,16.0,-84.0,9530.0
92,80492.0,49546.0,55902.0,55116.0,53569.0,80490.0,3.267448902130127,,,,,,,,-0.023,0.011,0.5,3.342709541320801,,-1.571849365234375,0.08815427398681641,0.16146438598632812,,,,,,,,80487.0,-64.0,19.0,147.0,-1066393068.0,68.0,13.0,216.0,102.0,-281.0,9410.0
93,80502.0,49237.0,56251.0,55049.0,53717.0,80500.0,3.2621703147888184,,,,,,,,-0.026,0.009,0.5,3.3549346923828125,,-1.570343505859375,0.08751264953613282,0.16299159240722655,,,,,,,,80497.0,-61.0,18.0,150.0,-1066394093.0,81.0,8.0,215.0,14.0,-323.0,9470.0
94,80512.0,50507.0,56725.0,54428.0,53086.0,80510.0,3.2621703147888184,,,,,,,,-0.027,0.009,0.5,3.367053985595703,,-1.56900341796875,0.08663521575927734,0.16574266052246095,,,,,,,,80507.0,-60.0,18.0,152.0,-1066395117.0,84.0,6.0,211.0,47.0,-193.0,9601.0
95,80522.0,51856.0,56128.0,53869.0,53804.0,80520.0,3.2621703147888184,,,,,,,,-0.023,0.011,0.5,3.380079984664917,,-1.567366943359375,0.08673096466064453,0.1673521270751953,,,,,,,,80517.0,-58.0,18.0,154.0,-1067444717.0,88.0,4.0,209.0,101.0,-150.0,9513.0
96,80532.0,48832.0,56404.0,55957.0,54071.0,80530.0,3.2568917274475098,,,,,,,,-0.029,0.01,0.5,3.3926842212677,,-1.5656700439453124,0.08644271087646484,0.17009413146972657,,,,,,,,80527.0,-58.0,18.0,156.0,-1067446765.0,86.0,2.0,206.0,-119.0,-430.0,9698.0
97,80542.0,49346.0,57052.0,55825.0,53370.0,80540.0,3.2568917274475098,,,,,,,,-0.03,0.011,0.5,3.4048094749450684,,-1.564423095703125,0.08580867004394531,0.17168023681640626,,,,,,,,80537.0,-55.0,18.0,158.0,-1067447790.0,96.0,-2.0,202.0,-65.0,-282.0,9831.0
98,80552.0,51187.0,56915.0,54586.0,53466.0,80550.0,3.2568917274475098,,,,,,,,-0.031,0.011,0.5,3.4176738262176514,,-1.5637470703125,0.08594713592529298,0.1737774658203125,,,,,,,,80547.0,-54.0,17.0,160.0,-1068498414.0,97.0,-4.0,202.0,-24.0,-77.0,9684.0
99,80562.0,50788.0,56345.0,54949.0,54273.0,80560.0,3.2568917274475098,,,,,,,,-0.031,0.011,0.5,3.430504083633423,,-1.5617335205078124,0.08516082763671876,0.176046875,,,,,,,,80557.0,-52.0,17.0,162.0,-1067973102.0,99.0,-6.0,202.0,-179.0,-254.0,9945.0
100,80572.0,50191.0,56459.0,55764.0,54250.0,80570.0,3.251613140106201,,,,,,,,-0.029,0.012,0.5,3.443096876144409,,-1.56052099609375,0.08472780609130859,0.1776823272705078,,,,,,,,80567.0,-51.0,17.0,164.0,-1069019630.0,99.0,-9.0,202.0,-170.0,-287.0,10077.0
101,80582.0,48665.0,57017.0,56474.0,53618.0,80580.0,3.2568917274475098,,,,,,,,-0.029,0.012,0.5,3.455157995223999,,-1.5586988525390626,0.08404493713378906,0.18036260986328126,,,,,,,,80577.0,-49.0,16.0,166.0,-1069018607.0,103.0,-13.0,204.0,-288.0,-180.0,9880.0
102,80592.0,50026.0,56946.0,55418.0,53341.0,80590.0,3.251613140106201,,,,,,,,-0.03,0.012,0.5,3.4678280353546143,,-1.5573397216796876,0.0830221176147461,0.18201637268066406,,,,,,,,80587.0,-48.0,16.0,171.0,-1070066159.0,101.0,-14.0,220.0,-279.0,-196.0,9940.0
103,80602.0,51406.0,56463.0,54444.0,53470.0,80600.0,3.2568917274475098,,,,,,,,-0.03,0.012,0.5,3.479888439178467,,-1.5555557861328124,0.08238788604736329,0.18457810974121094,,,,,,,,80597.0,-47.0,16.0,173.0,-1070064111.0,99.0,-15.0,221.0,-250.0,-139.0,10089.0
104,80612.0,50926.0,56212.0,54794.0,53788.0,80610.0,3.2568917274475098,,,,,,,,-0.031,0.012,0.5,3.4924697875976562,,-1.5545489501953125,0.08230149841308594,0.1861626739501953,,,,,,,,80607.0,-45.0,15.0,175.0,-1071111663.0,101.0,-16.0,224.0,-282.0,-74.0,10139.0
105,80622.0,50694.0,56171.0,55088.0,53657.0,80620.0,3.2568917274475098,,,,,,,,-0.029,0.012,0.5,3.504498243331909,,-1.5529334716796874,0.0818094253540039,0.18898023986816406,,,,,,,,80617.0,-44.0,15.0,177.0,-1071110640.0,100.0,-18.0,227.0,-381.0,21.0,10062.0
106,80632.0,48692.0,56240.0,55701.0,53112.0,80630.0,3.2568917274475098,,,,,,,,-0.032,0.013,0.5,3.5164132118225098,,-1.552326171875,0.08121385955810546,0.19110865783691405,,,,,,,,80627.0,-43.0,14.0,183.0,-1071109616.0,98.0,-20.0,246.0,-415.0,-60.0,10039.0
107,80642.0,49831.0,56028.0,55072.0,53105.0,80640.0,3.2621703147888184,,,,,,,,-0.032,0.013,0.5,3.529184103012085,,-1.550258544921875,0.08039707946777344,0.19357777404785156,,,,,,,,80637.0,-42.0,14.0,185.0,-1072158192.0,96.0,-21.0,248.0,-295.0,-83.0,10005.0
108,80652.0,49526.0,55751.0,54995.0,53027.0,80650.0,3.2727274894714355,,,,,,,,-0.031,0.013,0.5,3.5417726039886475,,-1.549778076171875,0.08074703216552734,0.1956700439453125,,,,,,,,80647.0,-41.0,14.0,188.0,-1072157168.0,94.0,-21.0,251.0,-406.0,76.0,10012.0
109,80662.0,49982.0,55490.0,54756.0,53184.0,80660.0,3.2727274894714355,,,,,,,,-0.032,0.013,0.5,3.5538690090179443,,-1.5480352783203124,0.07980547332763673,0.19815353393554688,,,,,,,,80657.0,-40.0,13.0,190.0,-1073204721.0,90.0,-22.0,253.0,-457.0,67.0,10014.0
110,80672.0,49848.0,54893.0,54953.0,53381.0,80670.0,3.2727274894714355,,,,,,,,-0.032,0.014,0.5,3.5660297870635986,,-1.547012939453125,0.07936393737792968,0.19988990783691407,,,,,,,,80667.0,-39.0,13.0,193.0,-536332785.0,85.0,-22.0,255.0,-409.0,-57.0,9993.0
111,80682.0,48056.0,55277.0,56250.0,53585.0,80680.0,3.278006076812744,,,,,,,,-0.032,0.014,0.5,3.578638792037964,,-1.5461083984375,0.07802498626708984,0.20299848937988282,,,,,,,,80677.0,-37.0,13.0,193.0,-535284209.0,86.0,-23.0,246.0,-471.0,-69.0,10013.0
112,80692.0,48662.0,55701.0,55924.0,53028.0,80690.0,3.278006076812744,,,,,,,,-0.032,0.014,0.5,3.590846300125122,,-1.545058349609375,0.07851161956787109,0.20462867736816406,,,,,,,,80687.0,-36.0,12.0,196.0,-535284210.0,84.0,-23.0,247.0,-428.0,117.0,10015.0
113,80702.0,49930.0,55793.0,55167.0,52711.0,80700.0,3.278006076812744,,,,,,,,-0.032,0.014,0.5,3.60302996635437,,-1.5437593994140626,0.07797942352294922,0.20768077087402342,,,,,,,,80697.0,-36.0,12.0,198.0,-534234610.0,78.0,-23.0,249.0,-312.0,64.0,9938.0
114,80712.0,50401.0,55012.0,54908.0,53508.0,80710.0,3.278006076812744,,,,,,,,-0.033,0.014,0.5,3.6151065826416016,,-1.5434822998046875,0.0780835189819336,0.2099061279296875,,,,,,,,80707.0,-35.0,12.0,201.0,-533185010.0,74.0,-22.0,251.0,-453.0,12.0,9823.0
115,80722.0,49351.0,55022.0,55995.0,53724.0,80720.0,3.278006076812744,,,,,,,,-0.032,0.014,0.5,3.627232074737549,,-1.541999267578125,0.0761923599243164,0.212929931640625,,,,,,,,80717.0,-33.0,11.0,202.0,-533185011.0,75.0,-22.0,243.0,-540.0,-43.0,9948.0
116,80732.0,48382.0,55859.0,56554.0,53294.0,80730.0,3.2727274894714355,,,,,,,,-0.032,0.014,0.5,3.6408843994140625,,-1.5413837890625,0.07689618682861328,0.21446389770507812,,,,,,,,80727.0,-33.0,11.0,204.0,-532136435.0,70.0,-20.0,244.0,-481.0,75.0,9988.0
117,80742.0,49676.0,55808.0,55748.0,53277.0,80740.0,3.2727274894714355,,,,,,,,-0.033,0.014,0.5,3.654247760772705,,-1.54060009765625,0.07670377349853516,0.21755325317382812,,,,,,,,80737.0,-32.0,11.0,206.0,-531086835.0,67.0,-20.0,246.0,-447.0,224.0,9641.0
118,80752.0,51694.0,55584.0,54615.0,53547.0,80750.0,3.2727274894714355,,,,,,,,-0.031,0.012,0.5,3.666325330734253,,-1.5396990966796875,0.0761356658935547,0.21924761962890624,,,,,,,,80747.0,-32.0,10.0,209.0,-531086836.0,61.0,-20.0,245.0,-509.0,87.0,9848.0
119,80762.0,51123.0,55382.0,54949.0,54081.0,80760.0,3.267448902130127,,,,,,,,-0.031,0.019,0.5,3.679062604904175,,-1.53901123046875,0.07543370819091796,0.2220952911376953,,,,,,,,80757.0,-31.0,11.0,211.0,-530038260.0,57.0,-17.0,244.0,-509.0,44.0,10130.0
120,80772.0,50424.0,55868.0,55700.0,53629.0,80770.0,3.2621703147888184,,,,,,,,-0.034,0.018,0.5,3.692474126815796,,-1.5383819580078124,0.07519044494628906,0.22428456115722656,,,,,,,,80767.0,-30.0,10.0,214.0,-530038260.0,54.0,-16.0,247.0,-524.0,239.0,9882.0
121,80782.0,49609.0,56411.0,56023.0,53309.0,80780.0,3.2621703147888184,,,,,,,,-0.034,0.023,0.5,3.704516649246216,,-1.5381226806640624,0.07564476776123047,0.22754869079589843,,,,,,,,80777.0,-29.0,10.0,216.0,-530038260.0,52.0,-14.0,248.0,-556.0,158.0,9803.0
122,80792.0,51039.0,56245.0,55048.0,53501.0,80790.0,3.2621703147888184,,,,,,,,-0.034,0.024,0.5,3.716564416885376,,-1.5375008544921875,0.07534722900390625,0.22934016418457032,,,,,,,,80787.0,-28.0,10.0,219.0,-530038261.0,48.0,-12.0,248.0,-486.0,108.0,10005.0
123,80802.0,52209.0,55949.0,54274.0,53622.0,80800.0,3.2621703147888184,,,,,,,,-0.035,0.024,0.5,3.7292561531066895,,-1.536956787109375,0.07510162353515625,0.2324075469970703,,,,,,,,80797.0,-27.0,10.0,221.0,-530039285.0,44.0,-10.0,250.0,-457.0,221.0,9994.0
124,80812.0,50508.0,56021.0,55277.0,53768.0,80810.0,3.2621703147888184,,,,,,,,-0.033,0.021,0.5,3.741837501525879,,-1.5361673583984374,0.07421637725830078,0.23418855285644533,,,,,,,,80807.0,-27.0,10.0,224.0,-530039285.0,40.0,-9.0,255.0,-553.0,217.0,10050.0
125,80822.0,50626.0,56449.0,55286.0,53479.0,80820.0,3.2621703147888184,,,,,,,,-0.034,0.022,0.5,3.753901243209839,,-1.5360650634765625,0.07472793579101562,0.2374552917480469,,,,,,,,80817.0,-26.0,10.0,227.0,-531088885.0,36.0,-7.0,257.0,-464.0,139.0,10023.0
126,80832.0,51165.0,56355.0,54832.0,53238.0,80830.0,3.2568917274475098,,,,,,,,-0.034,0.022,0.5,3.766659736633301,,-1.5357606201171874,0.07463481140136718,0.23952243041992188,,,,,,,,80827.0,-26.0,10.0,230.0,-531088885.0,32.0,-6.0,259.0,-342.0,83.0,10052.0
127,80842.0,51275.0,56696.0,54631.0,52882.0,80840.0,3.2621703147888184,,,,,,,,-0.032,0.019,0.5,3.77925705909729,,-1.535450927734375,0.0743904800415039,0.24263511657714842,,,,,,,,80837.0,-26.0,7.0,232.0,-532137461.0,26.0,-11.0,262.0,-416.0,139.0,10048.0
128,80852.0,50459.0,56315.0,55368.0,53152.0,80850.0,3.2621703147888184,,,,,,,,-0.032,0.02,0.5,3.7914819717407227,,-1.5353319091796875,0.07435906982421875,0.24483941650390625,,,,,,,,80847.0,-26.0,7.0,234.0,-532138485.0,24.0,-11.0,259.0,-439.0,130.0,9972.0
129,80862.0,49538.0,55968.0,55923.0,53723.0,80860.0,3.267448902130127,,,,,,,,-0.032,0.02,0.5,3.803522825241089,,-1.53489306640625,0.07433706665039062,0.24796852111816406,,,,,,,,80857.0,-26.0,8.0,236.0,-532138485.0,20.0,-7.0,261.0,-454.0,14.0,9971.0
130,80872.0,49995.0,56141.0,55615.0,53506.0,80870.0,3.267448902130127,,,,,,,,-0.031,0.018,0.5,3.8156471252441406,,-1.5350975341796875,0.07456095123291015,0.25036143493652346,,,,,,,,80867.0,-25.0,7.0,239.0,-533187061.0,17.0,-7.0,262.0,-384.0,43.0,10089.0
131,80882.0,50558.0,55451.0,55522.0,54222.0,80880.0,3.267448902130127,,,,,,,,-0.031,0.019,0.5,3.8282766342163086,,-1.53442041015625,0.07355101013183593,0.25346131896972657,,,,,,,,80877.0,-24.0,7.0,242.0,-533188086.0,16.0,-6.0,265.0,-396.0,154.0,10063.0
132,80892.0,48850.0,55941.0,56430.0,53842.0,80890.0,3.2621703147888184,,,,,,,,-0.031,0.019,0.5,3.840559482574463,,-1.5344700927734376,0.07423714447021484,0.25577166748046876,,,,,,,,80887.0,-25.0,6.0,244.0,-533188086.0,11.0,-9.0,264.0,-391.0,-11.0,10009.0
133,80902.0,49030.0,55980.0,56392.0,53663.0,80900.0,3.267448902130127,,,,,,,,-0.031,0.019,0.5,3.8530991077423096,,-1.534263916015625,0.0741512680053711,0.25870343017578123,,,,,,,,80897.0,-24.0,7.0,246.0,-532140534.0,9.0,-4.0,266.0,-280.0,-24.0,10001.0
134,80912.0,50550.0,55646.0,55425.0,53905.0,80910.0,3.267448902130127,,,,,,,,-0.037,0.029,0.5,3.8652234077453613,,-1.5342763671875,0.07424202728271484,0.2622744140625,,,,,,,,80907.0,-24.0,7.0,249.0,-532140534.0,6.0,-3.0,268.0,-344.0,124.0,10066.0
135,80922.0,50187.0,55650.0,55630.0,53926.0,80920.0,3.267448902130127,,,,,,,,-0.037,0.027,0.5,3.8778634071350098,,-1.5342698974609374,0.07425989532470703,0.26430319213867187,,,,,,,,80917.0,-24.0,10.0,252.0,-531091958.0,4.0,5.0,270.0,-351.0,190.0,10076.0
136,80932.0,49976.0,55186.0,56042.0,54429.0,80930.0,3.267448902130127,,,,,,,,-0.035,0.025,0.5,3.890181541442871,,-1.5340638427734374,0.07416407775878907,0.26673785400390626,,,,,,,,80927.0,-23.0,10.0,254.0,-531092982.0,2.0,9.0,273.0,-273.0,85.0,10075.0
137,80942.0,49124.0,56683.0,56148.0,52683.0,80940.0,3.2621703147888184,,,,,,,,-0.037,0.031,0.5,3.9025354385375977,,-1.5341295166015625,0.07431432342529297,0.2700101013183594,,,,,,,,80937.0,-23.0,11.0,258.0,-530044406.0,0.0,11.0,278.0,-349.0,103.0,10082.0
138,80952.0,50222.0,56395.0,55534.0,52787.0,80950.0,3.267448902130127,,,,,,,,-0.038,0.031,0.5,3.914780855178833,,-1.534125,0.07437928771972656,0.2722393798828125,,,,,,,,80947.0,-26.0,9.0,260.0,-531092982.0,-10.0,7.0,281.0,-403.0,153.0,10024.0
139,80962.0,51309.0,56184.0,54824.0,52825.0,80960.0,3.267448902130127,,,,,,,,-0.038,0.031,0.5,3.927654981613159,,-1.534322509765625,0.074540771484375,0.2758057861328125,,,,,,,,80957.0,-23.0,10.0,263.0,-531094006.0,-5.0,12.0,283.0,-265.0,135.0,10027.0
140,80972.0,49590.0,56391.0,55915.0,53151.0,80970.0,3.267448902130127,,,,,,,,-0.039,0.03,0.5,3.9397060871124268,,-1.5343441162109375,0.07456861877441406,0.27820965576171874,,,,,,,,80967.0,-27.0,9.0,266.0,-531094007.0,-17.0,10.0,286.0,-245.0,51.0,9961.0
141,80982.0,50204.0,56030.0,55627.0,53573.0,80980.0,3.2621703147888184,,,,,,,,-0.038,0.029,0.5,3.9518110752105713,,-1.534199462890625,0.07446302795410156,0.28119940185546877,,,,,,,,80977.0,-23.0,11.0,268.0,-532143607.0,-7.0,15.0,285.0,-321.0,114.0,10021.0
142,80992.0,51121.0,56303.0,54729.0,53066.0,80990.0,3.2621703147888184,,,,,,,,-0.038,0.03,0.5,3.9641191959381104,,-1.534610107421875,0.07492488098144531,0.28390609741210937,,,,,,,,80987.0,-29.0,10.0,271.0,-532143607.0,-29.0,15.0,286.0,-313.0,97.0,10084.0
143,81002.0,50976.0,56254.0,54953.0,53309.0,81000.0,3.267448902130127,,,,,,,,-0.038,0.03,0.5,3.9761388301849365,,-1.534687255859375,0.07489963531494141,0.28722415161132814,,,,,,,,80997.0,-30.0,11.0,274.0,-533192183.0,-31.0,17.0,289.0,-256.0,65.0,10055.0
144,81012.0,50233.0,55726.0,55394.0,54011.0,81010.0,3.2621703147888184,,,,,,,,-0.037,0.03,0.5,3.9893171787261963,,-1.535257080078125,0.07526306915283203,0.29102703857421874,,,,,,,,81007.0,-30.0,11.0,277.0,-533193207.0,-34.0,18.0,292.0,-236.0,0.0,9995.0
145,81022.0,50592.0,56282.0,55008.0,53469.0,81020.0,3.2621703147888184,,,,,,,,-0.037,0.03,0.5,4.001688241958618,,-1.5351656494140624,0.07537371063232422,0.2933282470703125,,,,,,,,81017.0,-31.0,11.0,280.0,-534241783.0,-36.0,18.0,293.0,-167.0,13.0,10099.0
146,81032.0,51679.0,55824.0,54288.0,53956.0,81030.0,3.2621703147888184,,,,,,,,-0.037,0.03,0.5,4.013795614242554,,-1.5353985595703126,0.07547154235839844,0.2956829833984375,,,,,,,,81027.0,-31.0,11.0,282.0,-534242807.0,-38.0,18.0,293.0,-210.0,42.0,10042.0
147,81042.0,51186.0,55156.0,54772.0,54539.0,81040.0,3.2621703147888184,,,,,,,,-0.037,0.03,0.5,4.025702476501465,,-1.5358701171875,0.07596656036376953,0.29945245361328127,,,,,,,,81037.0,-29.0,12.0,285.0,-534243831.0,-34.0,20.0,296.0,-217.0,50.0,9901.0
148,81052.0,50342.0,55614.0,55197.0,54331.0,81050.0,3.2621703147888184,,,,,,,,-0.03699999989778993,0.03000000000920197,0.5,4.038305759429932,,-1.5363675537109376,0.07630371856689454,0.302167724609375,,,,,,,,81047.0,-29.0,12.0,288.0,-535294455.0,-34.0,20.0,297.0,-171.0,-49.0,10007.0
149,81062.0,50862.0,55739.0,55043.0,54270.0,81060.0,3.2621703147888184,,,,,,,,-0.03699997784345712,0.03000000003567283,0.5,4.050323963165283,,-1.5363043212890626,0.07643874359130859,0.30569940185546873,,,,,,,,81057.0,-29.0,12.0,291.0,-535295479.0,-34.0,21.0,298.0,-40.0,-81.0,10087.0
150,81072.0,51604.0,55630.0,54390.0,53641.0,81070.0,3.2568917274475098,,,,,,,,-0.036999871485764724,0.030000000085678376,0.5,4.0626232624053955,,-1.5361895751953125,0.07632962036132812,0.3076865234375,,,,,,,,81067.0,-30.0,12.0,295.0,-535296503.0,-35.0,20.0,308.0,3.0,60.0,9980.0
151,81082.0,50071.0,55719.0,55260.0,53825.0,81080.0,3.2621703147888184,,,,,,,,-0.03699956343261141,0.030000000163192785,0.5,4.075231552124023,,-1.53691064453125,0.07690408325195312,0.3117554321289063,,,,,,,,81077.0,-30.0,12.0,299.0,-535297527.0,-36.0,20.0,310.0,-91.0,7.0,9907.0
152,81092.0,49901.0,55823.0,55353.0,53768.0,81090.0,3.2621703147888184,,,,,,,,-0.03699887206725631,0.03000000026962111,0.5,4.087907075881958,,-1.53749560546875,0.07744456481933594,0.31452920532226564,,,,,,,,81087.0,-31.0,12.0,302.0,-536869367.0,-36.0,19.0,311.0,-78.0,-75.0,10114.0
153,81102.0,50895.0,55928.0,54840.0,53331.0,81100.0,3.2621703147888184,,,,,,,,-0.03699754835995067,0.030000000403752582,0.5,4.1005353927612305,,-1.537767333984375,0.07689797973632813,0.318166015625,,,,,,,,81097.0,-29.0,12.0,305.0,-536869367.0,-30.0,20.0,313.0,-25.0,-82.0,10087.0
154,81112.0,49921.0,56027.0,55161.0,53242.0,81110.0,3.2621703147888184,,,,,,,,-0.03699527877613724,0.03000000056194207,0.5,4.113322973251343,,-1.5379730224609376,0.07773450469970702,0.32184542846679687,,,,,,,,81108.0,-31.0,12.0,308.0,-1073739255.0,-34.0,19.0,316.0,11.0,-80.0,9959.0
155,81122.0,49776.0,56267.0,55531.0,53320.0,81120.0,3.267448902130127,,,,,,,,-0.036991693850820004,0.030000000738497252,0.5,4.125369310379028,,-1.53809814453125,0.07785100555419922,0.3243393859863281,,,,,,,,81117.0,-32.0,13.0,310.0,-1073739255.0,-35.0,21.0,313.0,33.0,-155.0,10059.0
156,81132.0,50371.0,56334.0,55240.0,52635.0,81130.0,3.2621703147888184,,,,,,,,-0.036986381520959434,0.030000000926231923,0.5,4.137547492980957,,-1.5386597900390624,0.0784031982421875,0.32728726196289065,,,,,,,,81127.0,-32.0,13.0,313.0,-1072690679.0,-34.0,21.0,315.0,96.0,-84.0,10145.0
157,81142.0,49430.0,56364.0,55806.0,52997.0,81140.0,3.267448902130127,,,,,,,,-0.03697890391985022,0.03000000111713272,0.5,4.150487899780273,,-1.538618408203125,0.07775424194335938,0.33122805786132814,,,,,,,,81137.0,-31.0,13.0,316.0,-1072689655.0,-31.0,20.0,318.0,-2.0,-56.0,10065.0
158,81152.0,49580.0,55650.0,55536.0,53570.0,81150.0,3.2621703147888184,,,,,,,,-0.036968797393093784,0.030000000895417826,0.5,4.162704229354858,,-1.53872265625,0.0785423583984375,0.333594482421875,,,,,,,,81147.0,-32.0,13.0,320.0,-1072689655.0,-30.0,20.0,321.0,4.0,-89.0,9885.0
159,81162.0,50664.0,56035.0,54881.0,52873.0,81160.0,3.267448902130127,,,,,,,,-0.03695556555189254,0.02999999868717072,0.5,4.174802541732788,,-1.5388917236328126,0.078541015625,0.33735333251953126,,,,,,,,81157.0,-32.0,14.0,323.0,-1072689655.0,-29.0,20.0,323.0,46.0,-134.0,10009.0
160,81172.0,50513.0,55885.0,54880.0,53181.0,81170.0,3.267448902130127,,,,,,,,-0.03693867199347907,0.029999990596762737,0.5,4.187971115112305,,-1.539793701171875,0.07941394805908203,0.34027020263671875,,,,,,,,81167.0,-32.0,14.0,326.0,-1071641079.0,-26.0,19.0,325.0,65.0,-173.0,10134.0
161,81182.0,50182.0,55976.0,55170.0,52948.0,81180.0,3.267448902130127,,,,,,,,-0.03691753263743966,0.029999968423167614,0.5,4.200238943099976,,-1.5398460693359375,0.07932505798339844,0.3440702819824219,,,,,,,,81177.0,-32.0,14.0,330.0,-1071641079.0,-26.0,18.0,328.0,129.0,-43.0,9944.0
162,81192.0,49533.0,55744.0,55409.0,53096.0,81190.0,3.267448902130127,,,,,,,,-0.036891507687889215,0.029999916090760814,0.5,4.212702989578247,,-1.5397974853515626,0.07944438934326171,0.3467402038574219,,,,,,,,81187.0,-32.0,14.0,333.0,-1071641079.0,-25.0,18.0,330.0,120.0,-80.0,9955.0
163,81202.0,50563.0,55519.0,55069.0,53472.0,81200.0,3.2727274894714355,,,,,,,,-0.0368598934153629,0.029999803130226144,0.5,4.224634885787964,,-1.54031689453125,0.07980994415283203,0.35072146606445315,,,,,,,,81197.0,-32.0,14.0,334.0,-1071641080.0,-24.0,18.0,321.0,101.0,-175.0,10004.0
164,81212.0,50547.0,55539.0,55227.0,53271.0,81210.0,3.2727274894714355,,,,,,,,-0.036821914466970244,0.02999957288215179,0.5,4.236117601394653,,-1.540233154296875,0.07970441436767578,0.3532052001953125,,,,,,,,81207.0,-33.0,14.0,338.0,-1071641080.0,-23.0,16.0,323.0,-7.0,-72.0,10028.0
165,81222.0,49071.0,55810.0,56089.0,53150.0,81220.0,3.2727274894714355,,,,,,,,-0.036776718777964804,0.02999912164743806,0.5,4.248149871826172,,-1.540284423828125,0.0794110107421875,0.3574788513183594,,,,,,,,81217.0,-33.0,14.0,341.0,-1071640056.0,-22.0,13.0,325.0,-11.0,-43.0,9913.0
166,81232.0,49899.0,55841.0,55581.0,53014.0,81230.0,3.2727274894714355,,,,,,,,-0.03672338057630862,0.029998263345629186,0.5,4.259665250778198,,-1.5408424072265625,0.08032418060302735,0.36023617553710935,,,,,,,,81227.0,-32.0,14.0,344.0,-1071640056.0,-18.0,12.0,326.0,105.0,-232.0,9952.0
167,81242.0,51381.0,55606.0,54805.0,53225.0,81240.0,3.2727274894714355,,,,,,,,-0.03666092442908939,0.029996674722791283,0.5,4.271456241607666,,-1.54160595703125,0.08100250244140625,0.36475201416015623,,,,,,,,81237.0,-32.0,14.0,347.0,-1071640056.0,-17.0,12.0,328.0,114.0,-121.0,10023.0
168,81252.0,49317.0,55608.0,56142.0,53460.0,81250.0,3.267448902130127,,,,,,,,-0.036588393352905514,0.0299938269351924,0.5,4.2846691608428955,,-1.54182421875,0.08118318939208985,0.36752020263671875,,,,,,,,81247.0,-33.0,14.0,351.0,-1071640056.0,-17.0,11.0,329.0,30.0,-47.0,10024.0
169,81262.0,49269.0,55837.0,56180.0,53097.0,81260.0,3.267448902130127,,,,,,,,-0.036504976306809184,0.029988937529887738,0.5,4.296261787414551,,-1.54178125,0.08101801300048828,0.3714060974121094,,,,,,,,81257.0,-31.0,12.0,354.0,-1071640056.0,-12.0,6.0,331.0,65.0,-42.0,9939.0
170,81272.0,50752.0,55967.0,55097.0,52537.0,81270.0,3.267448902130127,,,,,,,,-0.03641015988094943,0.02998098604184865,0.5,4.308242321014404,,-1.5424656982421876,0.08087543487548828,0.3741752624511719,,,,,,,,81267.0,-31.0,12.0,357.0,-1071640057.0,-11.0,5.0,333.0,104.0,-152.0,9885.0
171,81282.0,49422.0,55227.0,55685.0,53521.0,81280.0,3.267448902130127,,,,,,,,-0.036303836728991415,0.02996878447356289,0.5,4.319864749908447,,-1.542277099609375,0.08147461700439453,0.37831118774414063,,,,,,,,81277.0,-31.0,19.0,361.0,-1072688633.0,-10.0,21.0,334.0,52.0,-188.0,9983.0
172,81292.0,49036.0,55809.0,55896.0,52645.0,81290.0,3.267448902130127,,,,,,,,-0.036186341012038166,0.029951058481879445,0.5,4.332075119018555,,-1.542320556640625,0.08161925506591797,0.38106503295898436,,,,,,,,81287.0,-34.0,18.0,364.0,-1072689657.0,-14.0,18.0,334.0,37.0,-20.0,10073.0
173,81302.0,49566.0,55796.0,55286.0,52478.0,81300.0,3.267448902130127,,,,,,,,-0.03605841738027356,0.029926514266738587,0.5,4.343792676925659,,-1.54261181640625,0.08186965942382812,0.385585205078125,,,,,,,,81297.0,-34.0,23.0,367.0,-1072689657.0,-14.0,30.0,336.0,95.0,-92.0,9903.0
174,81312.0,50592.0,55213.0,54253.0,53013.0,81310.0,3.267448902130127,,,,,,,,-0.035921138104092434,0.02989388921720129,0.5,4.355784893035889,,-1.5427054443359376,0.08121579742431641,0.3883929443359375,,,,,,,,81307.0,-34.0,24.0,370.0,-1072689657.0,-13.0,31.0,338.0,-39.0,-151.0,9989.0
175,81322.0,50358.0,54819.0,54125.0,53057.0,81320.0,3.267448902130127,,,,,,,,-0.03577578297275364,0.02985199271074729,0.5,4.3691020011901855,,-1.5432813720703125,0.08249890899658203,0.39277224731445315,,,,,,,,81317.0,-34.0,24.0,374.0,-1072689657.0,-13.0,31.0,339.0,-50.0,-36.0,9998.0
176,81332.0,49973.0,55874.0,53769.0,52083.0,81330.0,3.2727274894714355,,,,,,,,-0.035623696812155145,0.02979974341144962,0.5,4.380893230438232,,-1.543547119140625,0.08265991973876953,0.39698004150390626,,,,,,,,81327.0,-35.0,24.0,377.0,-1072689657.0,-12.0,31.0,341.0,75.0,-107.0,9961.0
177,81342.0,51206.0,55311.0,52313.0,51892.0,81340.0,3.2727274894714355,,,,,,,,-0.035466139899914796,0.029736206926036103,0.5,4.3935866355896,,-1.543734619140625,0.0827578353881836,0.3998387756347656,,,,,,,,81337.0,-33.0,21.0,382.0,-1071641081.0,-7.0,20.0,352.0,19.0,-104.0,9709.0
178,81352.0,51547.0,54434.0,51948.0,52590.0,81350.0,3.2727274894714355,,,,,,,,-0.0353041463338658,0.029660635009930648,0.5,4.405271291732788,,-1.54381494140625,0.08255891418457031,0.4026206970214844,,,,,,,,81347.0,-34.0,22.0,386.0,-1071640057.0,-8.0,22.0,352.0,26.0,-209.0,9833.0
179,81362.0,50093.0,54804.0,52455.0,52311.0,81360.0,3.2727274894714355,,,,,,,,-0.03513840416264558,0.029572505160873404,0.5,4.417490243911743,,-1.54372998046875,0.08280409240722657,0.4068827819824219,,,,,,,,81357.0,-34.0,22.0,389.0,-1070591481.0,-7.0,21.0,351.0,102.0,-125.0,9930.0
180,81372.0,50608.0,54029.0,51925.0,52818.0,81370.0,3.278006076812744,,,,,,,,-0.03496916875193898,0.029471557465680552,0.5,4.430232286453247,,-1.543582763671875,0.08257957458496094,0.40937896728515627,,,,,,,,81367.0,-34.0,22.0,393.0,-1069541881.0,-6.0,20.0,352.0,191.0,-98.0,9656.0
181,81382.0,50883.0,54063.0,52036.0,52732.0,81380.0,3.278006076812744,,,,,,,,-0.034796217544399474,0.029357824090433755,0.5,4.443327903747559,,-1.5436441650390624,0.08263880157470703,0.4135250244140625,,,,,,,,81377.0,-32.0,19.0,394.0,-1068493305.0,0.0,12.0,340.0,117.0,-269.0,9819.0
182,81392.0,49967.0,54886.0,52381.0,52002.0,81390.0,3.2832846641540527,,,,,,,,-0.03461885031637117,0.029231646073391244,0.5,4.455350160598755,,-1.5437718505859375,0.08236347961425781,0.4165296936035156,,,,,,,,81387.0,-32.0,20.0,398.0,-1068492281.0,1.0,12.0,339.0,98.0,-193.0,9831.0
183,81402.0,49517.0,54060.0,52655.0,52667.0,81400.0,3.2832846641540527,,,,,,,,-0.03443593462979096,0.029093672385491473,0.5,4.468592405319214,,-1.5440230712890626,0.0829092025756836,0.42088018798828125,,,,,,,,81397.0,-32.0,20.0,401.0,-1067442681.0,3.0,11.0,340.0,52.0,-189.0,9730.0
184,81412.0,49126.0,54056.0,52930.0,52427.0,81410.0,3.2832846641540527,,,,,,,,-0.03424599181776907,0.028944837815820627,0.5,4.480405569076538,,-1.544242431640625,0.08320071411132812,0.42401364135742187,,,,,,,,81407.0,-31.0,18.0,405.0,-1067442681.0,7.0,5.0,339.0,148.0,-283.0,9768.0
185,81422.0,48513.0,54134.0,52987.0,51737.0,81420.0,3.2832846641540527,,,,,,,,-0.03404731511905067,0.028786318981509573,0.5,4.492403984069824,,-1.54410400390625,0.08292046356201171,0.428114013671875,,,,,,,,81417.0,-31.0,18.0,409.0,-1067441657.0,9.0,3.0,343.0,290.0,-237.0,9741.0
186,81432.0,47298.0,54165.0,53614.0,51705.0,81430.0,3.2885632514953613,,,,,,,,-0.033838108892607396,0.028619471137892125,0.5,4.505068778991699,,-1.5443692626953125,0.08260922241210937,0.4309483642578125,,,,,,,,81427.0,-31.0,19.0,412.0,-1067441656.0,11.0,1.0,343.0,209.0,-235.0,9649.0
187,81442.0,47471.0,53888.0,53313.0,51556.0,81440.0,3.2885632514953613,,,,,,,,-0.03361663636470985,0.028445751694412498,0.5,4.517797946929932,,-1.5446427001953125,0.08285969543457031,0.4351101989746094,,,,,,,,81437.0,-31.0,19.0,416.0,-1067441656.0,13.0,0.0,342.0,90.0,-276.0,9696.0
188,81452.0,47934.0,54276.0,52868.0,50569.0,81450.0,3.29384183883667,,,,,,,,-0.033381363029361656,0.02826663862730497,0.5,4.530069589614868,,-1.544816650390625,0.0833414306640625,0.4382392578125,,,,,,,,81447.0,-31.0,19.0,419.0,-1067442680.0,15.0,-1.0,340.0,138.0,-130.0,9676.0
189,81462.0,46252.0,53948.0,53858.0,50948.0,81460.0,3.2991204261779785,,,,,,,,-0.03313108346302446,0.028083552792787323,0.5,4.542415142059326,,-1.544635009765625,0.08301378631591796,0.4422207946777344,,,,,,,,81457.0,-37.0,28.0,423.0,-1068492280.0,2.0,18.0,339.0,71.0,-116.0,9609.0
190,81472.0,46554.0,53480.0,53579.0,51386.0,81470.0,3.2991204261779785,,,,,,,,-0.032865020767369656,0.027897792367087466,0.5,4.554441213607788,,-1.5446539306640625,0.0825528106689453,0.44500482177734374,,,,,,,,81467.0,-37.0,29.0,426.0,-1069540856.0,3.0,20.0,336.0,115.0,-182.0,9621.0
191,81482.0,48840.0,54150.0,51773.0,49996.0,81480.0,3.2991204261779785,,,,,,,,-0.03258289003981803,0.027710485545458317,0.5,4.567127466201782,,-1.545002197265625,0.08258494567871094,0.44918356323242187,,,,,,,,81477.0,-37.0,27.0,429.0,-1069541880.0,4.0,14.0,334.0,93.0,-86.0,9619.0
192,81492.0,49279.0,53408.0,51383.0,50942.0,81490.0,3.304399013519287,,,,,,,,-0.03228492015255729,0.027522564756597867,0.5,4.579992055892944,,-1.54491943359375,0.08295135498046875,0.451921875,,,,,,,,81487.0,-35.0,25.0,432.0,-1069541880.0,9.0,8.0,332.0,14.0,-120.0,9507.0
193,81502.0,48580.0,53229.0,51715.0,50874.0,81500.0,3.2991204261779785,,,,,,,,-0.03197183160464391,0.027334762618845914,0.5,4.591778755187988,,-1.5447564697265626,0.08280994415283204,0.4557928466796875,,,,,,,,81497.0,-37.0,31.0,436.0,-1069542904.0,5.0,19.0,330.0,105.0,-208.0,9472.0
194,81512.0,47849.0,53600.0,51883.0,50515.0,81510.0,3.304399013519287,,,,,,,,-0.03164477207792556,0.027147627239173362,0.5,4.603527784347534,,-1.5448634033203126,0.08277117919921875,0.45886318969726564,,,,,,,,81507.0,-38.0,31.0,440.0,-1069542904.0,5.0,17.0,329.0,-18.0,-17.0,9444.0
195,81522.0,49238.0,53910.0,50740.0,49901.0,81520.0,3.304399013519287,,,,,,,,-0.031305215227879546,0.026961552596239575,0.5,4.615092754364014,,-1.54515576171875,0.08184539794921875,0.4633669128417969,,,,,,,,81517.0,-38.0,31.0,443.0,-1069542904.0,6.0,16.0,325.0,35.0,-58.0,9440.0
196,81532.0,50465.0,52783.0,49553.0,50684.0,81530.0,3.304399013519287,,,,,,,,-0.030954831723698745,0.02677681876350238,0.5,4.627260446548462,,-1.544891357421875,0.08251568603515624,0.4653741760253906,,,,,,,,81527.0,-38.0,31.0,446.0,-1068494328.0,7.0,15.0,322.0,204.0,-254.0,9428.0
197,81542.0,48733.0,53109.0,50928.0,50821.0,81540.0,3.3096776008605957,,,,,,,,-0.03059534419050145,0.026593636536002628,0.5,4.639036178588867,,-1.5447501220703126,0.08234745788574219,0.46940963745117187,,,,,,,,81537.0,-39.0,30.0,449.0,-1068493305.0,5.0,10.0,318.0,73.0,-184.0,9359.0
198,81552.0,47991.0,53263.0,51397.0,50743.0,81550.0,3.304399013519287,,,,,,,,-0.0302283790396007,0.026412191442723505,0.5,4.65128755569458,,-1.544626953125,0.08211530303955078,0.4721517028808594,,,,,,,,81547.0,-38.0,29.0,452.0,-1067444729.0,8.0,8.0,313.0,168.0,-251.0,9430.0
199,81562.0,49114.0,52405.0,50578.0,51420.0,81560.0,3.304399013519287,,,,,,,,-0.029855318633908647,0.02623264404042924,0.5,4.66286039352417,,-1.5448680419921874,0.08189443206787109,0.47505300903320313,,,,,,,,81557.0,-38.0,30.0,456.0,-1067444729.0,9.0,7.0,309.0,106.0,-245.0,9305.0
200,81572.0,46793.0,52908.0,52162.0,51233.0,81570.0,3.304399013519287,,,,,,,,-0.02947717494888827,0.026055116532449598,0.5,4.675271987915039,,-1.544638916015625,0.08179086303710938,0.4784947814941406,,,,,,,,81567.0,-38.0,30.0,459.0,-1066395129.0,10.0,5.0,304.0,-75.0,-233.0,9401.0
201,81582.0,46922.0,53650.0,51984.0,50372.0,81580.0,3.304399013519287,,,,,,,,-0.029094499183761755,0.025879683098508133,0.5,4.688470840454102,,-1.544493896484375,0.08150236511230469,0.4822517395019531,,,,,,,,81577.0,-38.0,30.0,462.0,-1066395128.0,13.0,4.0,300.0,147.0,-271.0,9246.0
202,81592.0,47254.0,52460.0,51919.0,51187.0,81590.0,3.304399013519287,,,,,,,,-0.028707334095958305,0.025706364663133786,0.5,4.700342178344727,,-1.544517578125,0.08144338989257813,0.48475103759765625,,,,,,,,81587.0,-37.0,30.0,465.0,-1066395128.0,15.0,3.0,294.0,76.0,-207.0,9340.0
203,81602.0,46131.0,53332.0,52093.0,50784.0,81600.0,3.3096776008605957,,,,,,,,-0.02831521193223171,0.02553512842474083,0.5,4.712228059768677,,-1.5448587646484375,0.08111788177490234,0.4886737060546875,,,,,,,,81597.0,-37.0,30.0,468.0,-1067443704.0,16.0,1.0,291.0,161.0,-312.0,9279.0
204,81612.0,48015.0,53088.0,51297.0,50570.0,81610.0,3.3096776008605957,,,,,,,,-0.027917196817940776,0.025365892047853614,0.5,4.723956823348999,,-1.5445980224609375,0.08050589752197265,0.491043701171875,,,,,,,,81607.0,-38.0,28.0,471.0,-1067443704.0,16.0,-5.0,286.0,90.0,-172.0,9309.0
205,81622.0,47828.0,52313.0,51344.0,51505.0,81620.0,3.304399013519287,,,,,,,,-0.027511966652883718,0.025198532022323836,0.5,4.736951589584351,,-1.54429638671875,0.08049201202392578,0.4942354736328125,,,,,,,,81617.0,-38.0,28.0,474.0,-1067443704.0,17.0,-6.0,282.0,66.0,-198.0,9204.0
206,81632.0,46561.0,54437.0,51913.0,49557.0,81630.0,3.304399013519287,,,,,,,,-0.027097926271857423,0.025032895339468144,0.5,4.74876856803894,,-1.54454833984375,0.08065946960449219,0.4966329650878906,,,,,,,,81627.0,-39.0,27.0,476.0,-1068492280.0,16.0,-11.0,276.0,187.0,-230.0,9176.0
207,81642.0,48460.0,53395.0,50663.0,50127.0,81640.0,3.304399013519287,,,,,,,,-0.026673341087638212,0.02486881338679371,0.5,4.76043963432312,,-1.5445628662109374,0.08000182342529297,0.5002924499511718,,,,,,,,81637.0,-38.0,27.0,480.0,-1068493304.0,20.0,-12.0,274.0,50.0,-121.0,9188.0
208,81652.0,46891.0,52947.0,52041.0,50673.0,81650.0,3.304399013519287,,,,,,,,-0.026236471230915385,0.02470607805384463,0.5,4.772427082061768,,-1.54441943359375,0.07962031555175782,0.5022405700683594,,,,,,,,81647.0,-38.0,27.0,483.0,-1068493304.0,20.0,-12.0,268.0,4.0,-184.0,9207.0
209,81662.0,46620.0,53885.0,51954.0,50002.0,81660.0,3.304399013519287,,,,,,,,-0.025785701199688076,0.024544414030596297,0.5,4.7848896980285645,,-1.5440174560546875,0.07940787506103515,0.5052297973632812,,,,,,,,81657.0,-37.0,27.0,485.0,-1069541880.0,22.0,-14.0,261.0,54.0,-207.0,9091.0
210,81672.0,48360.0,53806.0,51038.0,49975.0,81670.0,3.304399013519287,,,,,,,,-0.025319655311629906,0.024383456259088696,0.5,4.79863166809082,,-1.54368505859375,0.0790555419921875,0.507439453125,,,,,,,,81667.0,-38.0,27.0,488.0,-1069542904.0,22.0,-13.0,255.0,34.0,-102.0,8996.0
211,81682.0,49254.0,53423.0,50631.0,50201.0,81680.0,3.2991204261779785,,,,,,,,-0.024837289560495628,0.024222734988202103,0.5,4.8102943897247314,,-1.5440142822265626,0.0786495361328125,0.5107039489746094,,,,,,,,81677.0,-37.0,27.0,490.0,-1070591480.0,25.0,-14.0,247.0,59.0,-94.0,9326.0
212,81692.0,46480.0,53458.0,51965.0,50398.0,81690.0,3.2991204261779785,,,,,,,,-0.02433795273133504,0.024061669973306058,0.5,4.822779178619385,,-1.5437779541015626,0.07780614471435547,0.5128011474609375,,,,,,,,81687.0,-37.0,27.0,495.0,-1070591480.0,26.0,-15.0,251.0,106.0,-47.0,9156.0
213,81702.0,46860.0,53427.0,51828.0,50333.0,81700.0,3.2991204261779785,,,,,,,,-0.02382141242006536,0.023899574356902754,0.5,4.836501836776733,,-1.543264404296875,0.07791928100585938,0.5155513916015625,,,,,,,,81697.0,-35.0,27.0,497.0,-1070591480.0,30.0,-15.0,246.0,91.0,-277.0,9265.0
214,81712.0,48605.0,52802.0,50617.0,50528.0,81710.0,3.2991204261779785,,,,,,,,-0.023287844694211603,0.023735667825909273,0.5,4.8499226570129395,,-1.5435872802734374,0.07789767456054687,0.5173829956054687,,,,,,,,81707.0,-35.0,32.0,500.0,-1071640056.0,31.0,-6.0,239.0,106.0,-14.0,9175.0
215,81722.0,46890.0,53109.0,51717.0,50618.0,81720.0,3.304399013519287,,,,,,,,-0.022737789262064906,0.02356909788449208,0.5,4.861868381500244,,-1.54312939453125,0.07705078125,0.52052880859375,,,,,,,,81717.0,-35.0,28.0,502.0,-1070591480.0,31.0,-13.0,234.0,-38.0,-138.0,9122.0
216,81732.0,46658.0,53583.0,51846.0,49899.0,81730.0,3.304399013519287,,,,,,,,-0.0221720749318348,0.02339896755838242,0.5,4.873729467391968,,-1.5429635009765625,0.07674993896484375,0.523012451171875,,,,,,,,81727.0,-34.0,30.0,505.0,-1071640056.0,33.0,-10.0,231.0,11.0,-107.0,9239.0
217,81742.0,48777.0,53453.0,50351.0,49807.0,81740.0,3.304399013519287,,,,,,,,-0.02159172259449313,0.023224367558318425,0.5,4.88584566116333,,-1.542818603515625,0.0765405044555664,0.5245402221679687,,,,,,,,81737.0,-34.0,29.0,507.0,-1070592504.0,33.0,-13.0,225.0,48.0,47.0,9125.0
218,81752.0,47364.0,52976.0,51513.0,50588.0,81750.0,3.304399013519287,,,,,,,,-0.020997834732624638,0.02304441083076502,0.5,4.898257732391357,,-1.5427821044921874,0.07613561248779296,0.5261865844726562,,,,,,,,81747.0,-34.0,30.0,510.0,-1070592504.0,33.0,-11.0,219.0,-10.0,-188.0,9104.0
219,81762.0,46540.0,53364.0,52221.0,50289.0,81760.0,3.304399013519287,,,,,,,,-0.02039148139965624,0.022858267448579262,0.5,4.910603761672974,,-1.54229931640625,0.07559124755859375,0.5284647216796875,,,,,,,,81757.0,-38.0,31.0,512.0,-1071641080.0,25.0,-8.0,212.0,-11.0,-159.0,9179.0
220,81772.0,47568.0,53263.0,51726.0,50514.0,81770.0,3.304399013519287,,,,,,,,-0.019773592667636467,0.022665197891861798,0.5,4.923179864883423,,-1.5428629150390625,0.07535700988769531,0.5306049194335938,,,,,,,,81767.0,-34.0,32.0,513.0,-1071641080.0,33.0,-8.0,202.0,23.0,-70.0,9212.0
221,81782.0,48677.0,52711.0,51028.0,51020.0,81780.0,3.304399013519287,,,,,,,,-0.019144866725496024,0.022464582911857413,0.5,4.93509316444397,,-1.5423800048828125,0.07504183959960938,0.5328067016601562,,,,,,,,81777.0,-33.0,32.0,515.0,-1071642104.0,34.0,-8.0,196.0,-22.0,-35.0,9159.0
222,81792.0,46974.0,53378.0,52481.0,50412.0,81790.0,3.304399013519287,,,,,,,,-0.018505701217985036,0.022255948354218846,0.5,4.947483539581299,,-1.542130615234375,0.07470563507080077,0.5342684936523437,,,,,,,,81787.0,-43.0,33.0,517.0,-1071643128.0,13.0,-7.0,190.0,-71.0,-88.0,9269.0
223,81802.0,47502.0,53819.0,52098.0,50364.0,81800.0,3.304399013519287,,,,,,,,-0.017856153208148377,0.022038983556356525,0.5,4.959279537200928,,-1.5417274169921875,0.07395264434814453,0.5362647705078125,,,,,,,,81797.0,-39.0,32.0,519.0,-1071643128.0,22.0,-9.0,184.0,63.0,-86.0,9093.0
224,81812.0,48781.0,53589.0,51410.0,50406.0,81810.0,3.2991204261779785,,,,,,,,-0.017195930532279594,0.021813552250007293,0.5,4.971792221069336,,-1.5419093017578125,0.07359076690673828,0.5379505004882813,,,,,,,,81807.0,-39.0,32.0,522.0,-1071643128.0,23.0,-9.0,182.0,-34.0,-11.0,9073.0
225,81822.0,49008.0,53204.0,51145.0,50709.0,81820.0,3.2991204261779785,,,,,,,,-0.0165244145378936,0.021579695313947968,0.5,4.983668088912964,,-1.541107666015625,0.07301941680908203,0.5396932373046875,,,,,,,,81817.0,-39.0,31.0,524.0,-1071643128.0,22.0,-12.0,175.0,38.0,-71.0,9217.0
226,81832.0,47166.0,53315.0,52545.0,51294.0,81830.0,3.2991204261779785,,,,,,,,-0.01584071149244924,0.021337625230715758,0.5,4.997625112533569,,-1.5412083740234375,0.07272356414794921,0.5409747924804688,,,,,,,,81827.0,-40.0,31.0,525.0,-1071644152.0,19.0,-11.0,169.0,-117.0,58.0,9249.0
227,81842.0,48116.0,53898.0,51685.0,50550.0,81840.0,3.29384183883667,,,,,,,,-0.015143727531486378,0.021087712703061916,0.5,5.009470462799072,,-1.5410445556640624,0.07237874603271484,0.5432772216796875,,,,,,,,81837.0,-39.0,27.0,527.0,-1071644152.0,22.0,-20.0,163.0,-72.0,-193.0,9267.0
228,81852.0,49552.0,53215.0,51063.0,51171.0,81850.0,3.2991204261779785,,,,,,,,-0.014432260111072098,0.020830466519718868,0.5,5.021893262863159,,-1.54104541015625,0.07209059906005859,0.544553466796875,,,,,,,,81847.0,-38.0,29.0,529.0,-1071643128.0,22.0,-15.0,157.0,52.0,-11.0,9268.0
229,81862.0,46913.0,52829.0,52753.0,52281.0,81860.0,3.29384183883667,,,,,,,,-0.013705097685443566,0.02056650834233634,0.5,5.034527063369751,,-1.5407264404296874,0.07107232666015625,0.546287841796875,,,,,,,,81857.0,-38.0,31.0,530.0,-1071643128.0,23.0,-12.0,152.0,-84.0,-127.0,9226.0
230,81872.0,47210.0,54446.0,52573.0,50584.0,81870.0,3.29384183883667,,,,,,,,-0.012961118829454318,0.020296544530207464,0.5,5.046342849731445,,-1.54038134765625,0.07089094543457031,0.5471963500976562,,,,,,,,81867.0,-39.0,28.0,532.0,-1071643128.0,20.0,-18.0,146.0,-27.0,-179.0,9360.0
231,81882.0,49409.0,52854.0,51462.0,51785.0,81880.0,3.29384183883667,,,,,,,,-0.012199382285416414,0.020021337347532954,0.5,5.058905124664307,,-1.5400313720703125,0.07023888397216797,0.5485604248046875,,,,,,,,81877.0,-37.0,31.0,533.0,-1072691704.0,24.0,-13.0,141.0,50.0,-68.0,9237.0
232,81892.0,46882.0,53625.0,52981.0,52034.0,81890.0,3.29384183883667,,,,,,,,-0.011419200389135416,0.019741677861078343,0.5,5.071320533752441,,-1.540062255859375,0.06970230865478516,0.5499562377929688,,,,,,,,81887.0,-37.0,30.0,535.0,-1072690680.0,24.0,-15.0,136.0,-71.0,-239.0,9156.0
233,81902.0,47943.0,53958.0,52455.0,51274.0,81900.0,3.2885632514953613,,,,,,,,-0.010620189917805462,0.0194583625309979,0.5,5.083263158798218,,-1.5400994873046876,0.06924803924560546,0.5516876831054688,,,,,,,,81897.0,-35.0,30.0,537.0,-1072690680.0,28.0,-15.0,134.0,-3.0,-140.0,9208.0
234,81912.0,48582.0,53404.0,52200.0,51856.0,81910.0,3.2885632514953613,,,,,,,,-0.009802296455176236,0.019172174968356784,0.5,5.095312118530273,,-1.5397110595703125,0.06905229949951172,0.5523236694335938,,,,,,,,81907.0,-36.0,32.0,538.0,-1072690680.0,26.0,-11.0,127.0,67.0,-57.0,9116.0
235,81922.0,47709.0,54311.0,52700.0,51344.0,81920.0,3.2885632514953613,,,,,,,,-0.008965790706526824,0.018883873660202298,0.5,5.108166694641113,,-1.5395863037109374,0.06885083770751953,0.5535624389648437,,,,,,,,81917.0,-36.0,31.0,539.0,-1073739256.0,25.0,-13.0,121.0,87.0,16.0,9229.0
236,81932.0,48522.0,54300.0,52664.0,51295.0,81930.0,3.2885632514953613,,,,,,,,-0.008111237618569897,0.01859418574596268,0.5,5.121768236160278,,-1.5395499267578125,0.0683594970703125,0.5547772827148437,,,,,,,,81927.0,-36.0,28.0,540.0,-1073739256.0,25.0,-18.0,115.0,111.0,6.0,9089.0
237,81942.0,49001.0,53518.0,52084.0,51870.0,81940.0,3.2832846641540527,,,,,,,,-0.007239441466550641,0.01830380626254372,0.5,5.133810520172119,,-1.5392205810546875,0.06676052856445312,0.5561018676757813,,,,,,,,81937.0,-30.0,27.0,543.0,-1073739256.0,37.0,-20.0,117.0,5.0,-137.0,9293.0
238,81952.0,47856.0,54543.0,52781.0,51212.0,81950.0,3.2832846641540527,,,,,,,,-0.006351372068433333,0.018013401731641638,0.5,5.147143125534058,,-1.538797607421875,0.06713874053955078,0.5567752685546875,,,,,,,,81947.0,-30.0,27.0,544.0,-1073740280.0,38.0,-20.0,111.0,-50.0,-30.0,9234.0
239,81962.0,49351.0,54823.0,51911.0,50675.0,81960.0,3.2832846641540527,,,,,,,,-0.005448078799858556,0.017723616587970642,0.5,5.1590659618377686,,-1.5385115966796874,0.06652128601074218,0.5578956298828125,,,,,,,,81957.0,-29.0,26.0,545.0,-536869368.0,38.0,-20.0,106.0,-56.0,-223.0,9454.0
240,81972.0,48880.0,53560.0,52638.0,51998.0,81970.0,3.2832846641540527,,,,,,,,-0.004530599985365577,0.017435080761955286,0.5,5.171748638153076,,-1.53875732421875,0.06638272094726562,0.55869287109375,,,,,,,,81967.0,-31.0,28.0,546.0,-536870392.0,35.0,-17.0,101.0,-15.0,35.0,9400.0
241,81982.0,47553.0,54822.0,53324.0,51066.0,81980.0,3.2832846641540527,,,,,,,,-0.00359987546230503,0.017148416730648847,0.5,5.183603525161743,,-1.5384481201171876,0.06531731414794922,0.5599078369140625,,,,,,,,81977.0,-30.0,28.0,547.0,-536870392.0,36.0,-17.0,98.0,-135.0,-149.0,9365.0
242,81992.0,48713.0,54891.0,52975.0,50889.0,81990.0,3.2832846641540527,,,,,,,,-0.002656669696436617,0.016864244506097983,0.5,5.19556736946106,,-1.5378172607421876,0.06511822509765625,0.5601777954101562,,,,,,,,81987.0,-30.0,26.0,548.0,-536346104.0,35.0,-19.0,89.0,-9.0,-31.0,9331.0
243,82002.0,49390.0,53595.0,52774.0,52214.0,82000.0,3.2832846641540527,,,,,,,,-0.0017015115460242217,0.01658318335667286,0.5,5.208118438720703,,-1.5376771240234375,0.06457923889160157,0.5612228393554688,,,,,,,,81997.0,-29.0,26.0,548.0,-536345080.0,35.0,-19.0,84.0,-96.0,69.0,9277.0
244,82012.0,47179.0,55036.0,54126.0,51202.0,82010.0,3.2832846641540527,,,,,,,,-0.0007346479224039706,0.01630579984347559,0.5,5.220375299453735,,-1.5376668701171874,0.06428960418701171,0.5617457275390625,,,,,,,,82007.0,-32.0,24.0,549.0,-536344056.0,30.0,-22.0,80.0,-154.0,-154.0,9411.0
245,82022.0,47786.0,55128.0,54214.0,51043.0,82020.0,3.2832846641540527,,,,,,,,0.00024397697645955202,0.016032559690545227,0.5,5.232837915420532,,-1.5378604736328125,0.06364490127563477,0.5630238037109375,,,,,,,,82017.0,-32.0,24.0,550.0,-536344057.0,29.0,-22.0,75.0,-116.0,53.0,9471.0
246,82032.0,50141.0,54164.0,52620.0,51830.0,82030.0,3.278006076812744,,,,,,,,0.0012347154628595536,0.01576378979149539,0.5,5.245653390884399,,-1.5374228515625,0.0632700538635254,0.563478271484375,,,,,,,,82027.0,-31.0,25.0,551.0,-535295481.0,28.0,-20.0,74.0,-129.0,5.0,9424.0
247,82042.0,48542.0,54155.0,53720.0,52245.0,82040.0,3.278006076812744,,,,,,,,0.002238184509414827,0.015499653347464087,0.5,5.257795572280884,,-1.5372296142578126,0.06309501647949219,0.5640791015625,,,,,,,,82037.0,-31.0,25.0,552.0,-535294457.0,28.0,-20.0,70.0,-81.0,-96.0,9493.0
248,82052.0,48557.0,54458.0,53826.0,51912.0,82050.0,3.278006076812744,,,,,,,,0.003255211758336915,0.015240139910720766,0.5,5.269150257110596,,-1.5370115966796876,0.06254244995117188,0.5647951049804687,,,,,,,,82047.0,-31.0,25.0,552.0,-535294457.0,27.0,-19.0,67.0,-135.0,-1.0,9438.0
249,82062.0,49295.0,54302.0,53443.0,52034.0,82060.0,3.278006076812744,,,,,,,,0.0042867647189466646,0.014985070765352526,0.5,5.281153202056885,,-1.53680322265625,0.06174711608886719,0.5651724243164062,,,,,,,,82057.0,-31.0,25.0,553.0,-535294457.0,26.0,-19.0,63.0,-39.0,113.0,9431.0
250,82072.0,49860.0,54156.0,53271.0,52451.0,82070.0,3.278006076812744,,,,,,,,0.005333869769133907,0.014734118727170122,0.5,5.2925965785980225,,-1.537147216796875,0.061753990173339844,0.5660568237304687,,,,,,,,82067.0,-29.0,28.0,553.0,-534245881.0,28.0,-13.0,55.0,-191.0,10.0,9612.0
251,82082.0,49198.0,53768.0,53891.0,52916.0,82080.0,3.278006076812744,,,,,,,,0.006397528276824056,0.014486840226783608,0.5,5.304792881011963,,-1.53646240234375,0.060825088500976565,0.566135009765625,,,,,,,,82077.0,-29.0,27.0,553.0,-534245881.0,27.0,-14.0,52.0,-116.0,151.0,9456.0
252,82092.0,48442.0,55269.0,54485.0,51674.0,82090.0,3.278006076812744,,,,,,,,0.007478638736385178,0.014242705318125697,0.5,5.316836833953857,,-1.536302978515625,0.060488754272460935,0.5668462524414063,,,,,,,,82087.0,-29.0,26.0,554.0,-534245882.0,26.0,-14.0,50.0,-147.0,-109.0,9452.0
253,82102.0,49697.0,55208.0,53770.0,51660.0,82100.0,3.2727274894714355,,,,,,,,0.008577934492378793,0.014001096132308734,0.5,5.329144239425659,,-1.5363353271484375,0.059766422271728514,0.567860107421875,,,,,,,,82097.0,-28.0,26.0,554.0,-533197306.0,25.0,-13.0,46.0,-123.0,-2.0,9601.0
254,82112.0,49777.0,54825.0,53713.0,52243.0,82110.0,3.2727274894714355,,,,,,,,0.009695937589178485,0.013761309318000209,0.5,5.341230154037476,,-1.536448486328125,0.0589459342956543,0.568287353515625,,,,,,,,82107.0,-28.0,26.0,555.0,-533197306.0,25.0,-12.0,43.0,-171.0,1.0,9662.0
255,82122.0,49263.0,55948.0,54250.0,51244.0,82120.0,3.2727274894714355,,,,,,,,0.010832932191071017,0.01352256278273008,0.5,5.353518486022949,,-1.536263427734375,0.059384834289550784,0.5686212768554687,,,,,,,,82117.0,-33.0,22.0,554.0,-533197306.0,15.0,-20.0,37.0,-73.0,-14.0,9560.0
256,82132.0,50417.0,55353.0,53575.0,52186.0,82130.0,3.2727274894714355,,,,,,,,0.011988959237285074,0.013284006719536365,0.5,5.36497163772583,,-1.536392822265625,0.059148120880126956,0.5688719482421875,,,,,,,,82127.0,-33.0,21.0,555.0,-533197306.0,14.0,-19.0,34.0,-260.0,-59.0,9687.0
257,82142.0,49457.0,55396.0,54410.0,52555.0,82140.0,3.267448902130127,,,,,,,,0.013163832124848056,0.013044738597756126,0.5,5.376887321472168,,-1.5365869140625,0.059040599822998044,0.56945068359375,,,,,,,,82137.0,-34.0,20.0,555.0,-533196282.0,11.0,-20.0,32.0,-57.0,34.0,9553.0
258,82152.0,50575.0,55576.0,53573.0,52362.0,82150.0,3.2621703147888184,,,,,,,,0.014357171410125262,0.012803821538641926,0.5,5.38869571685791,,-1.5362171630859376,0.05772134780883789,0.5700283203125,,,,,,,,82147.0,-34.0,20.0,555.0,-533196282.0,10.0,-19.0,30.0,-146.0,-60.0,9670.0
259,82162.0,50155.0,54946.0,53393.0,52695.0,82160.0,3.2621703147888184,,,,,,,,0.015568454939043776,0.012560305298684332,0.5,5.400214672088623,,-1.5359615478515625,0.057941238403320314,0.5699257202148438,,,,,,,,82157.0,-34.0,20.0,558.0,-533196282.0,9.0,-19.0,41.0,-121.0,-10.0,9658.0
260,82172.0,49248.0,54433.0,54181.0,53245.0,82170.0,3.2568917274475098,,,,,,,,0.01679707858724082,0.012313248950242855,0.5,5.4118921756744385,,-1.5354012451171875,0.05720094680786133,0.5702841186523437,,,,,,,,82167.0,-34.0,20.0,558.0,-533196282.0,8.0,-18.0,40.0,-183.0,-59.0,9568.0
261,82182.0,49783.0,55139.0,53874.0,52434.0,82180.0,3.2621703147888184,,,,,,,,0.018042422011952948,0.012061744277455454,0.5,5.423603057861328,,-1.535339111328125,0.056875492095947264,0.57062353515625,,,,,,,,82177.0,-33.0,19.0,559.0,-533197306.0,7.0,-18.0,38.0,-115.0,3.0,9695.0
262,82192.0,50300.0,54115.0,53435.0,53293.0,82190.0,3.2621703147888184,,,,,,,,0.019303913542407534,0.011804938889357703,0.5,5.434966087341309,,-1.535620361328125,0.05652631378173828,0.571292236328125,,,,,,,,82187.0,-33.0,19.0,559.0,-533197306.0,6.0,-17.0,36.0,-94.0,167.0,9724.0
263,82202.0,49841.0,54284.0,53721.0,53077.0,82200.0,3.267448902130127,,,,,,,,0.020581088574445842,0.011542058085356674,0.5,5.447105884552002,,-1.5357225341796874,0.05613555145263672,0.571890625,,,,,,,,82197.0,-33.0,19.0,560.0,-533197306.0,5.0,-16.0,37.0,-69.0,69.0,9685.0
264,82212.0,49601.0,55182.0,53979.0,52037.0,82210.0,3.267448902130127,,,,,,,,0.021873636553035362,0.011272424585384546,0.5,5.459551572799683,,-1.5357237548828124,0.05614110565185547,0.5721040649414062,,,,,,,,82207.0,-33.0,19.0,560.0,-532149754.0,5.0,-15.0,36.0,-123.0,14.0,9749.0
265,82222.0,50669.0,54162.0,53151.0,53146.0,82220.0,3.267448902130127,,,,,,,,0.02318143274776576,0.010995475354204472,0.5,5.471422910690308,,-1.5353538818359376,0.05560906982421875,0.5719515380859375,,,,,,,,82217.0,-26.0,19.0,561.0,-532149754.0,16.0,-13.0,35.0,-62.0,162.0,9734.0
266,82232.0,49898.0,54434.0,53817.0,52855.0,82230.0,3.267448902130127,,,,,,,,0.02450455244325129,0.010710774903090626,0.5,5.482915878295898,,-1.536067138671875,0.05572856521606445,0.5728535766601562,,,,,,,,82227.0,-26.0,19.0,561.0,-532150779.0,16.0,-13.0,35.0,-6.0,70.0,9786.0
267,82242.0,50227.0,54985.0,53478.0,51960.0,82240.0,3.2727274894714355,,,,,,,,0.02584326674808795,0.010418024638386168,0.5,5.49443244934082,,-1.536103271484375,0.05536417007446289,0.5732774658203125,,,,,,,,82237.0,-26.0,18.0,561.0,-532150779.0,15.0,-12.0,30.0,-6.0,52.0,9816.0
268,82252.0,49736.0,55126.0,53884.0,52112.0,82250.0,3.2727274894714355,,,,,,,,0.02719802083182043,0.010117068038561949,0.5,5.5059192180633545,,-1.5353294677734375,0.05453314971923828,0.5729306030273438,,,,,,,,82247.0,-28.0,18.0,561.0,-531102203.0,12.0,-11.0,30.0,1.0,151.0,9688.0
269,82262.0,48798.0,55422.0,54793.0,51922.0,82260.0,3.2727274894714355,,,,,,,,0.028569396892468228,0.009807891669044229,0.5,5.5179502964019775,,-1.5356329345703126,0.05447608184814453,0.5737962646484375,,,,,,,,82257.0,-27.0,18.0,561.0,-531102203.0,13.0,-9.0,30.0,-72.0,19.0,9821.0
270,82272.0,50200.0,55205.0,53819.0,52070.0,82270.0,3.267448902130127,,,,,,,,0.029958065414617353,0.009490622275521325,0.5,5.529672861099243,,-1.535515869140625,0.05379803466796875,0.574109130859375,,,,,,,,82267.0,-26.0,18.0,562.0,-531102203.0,14.0,-8.0,29.0,12.0,90.0,9859.0
271,82282.0,48349.0,55634.0,54951.0,51479.0,82280.0,3.2727274894714355,,,,,,,,0.03136472919518469,0.009165520413643928,0.5,5.54250431060791,,-1.53539892578125,0.05363066101074219,0.5743822631835938,,,,,,,,82277.0,-26.0,18.0,562.0,-531102203.0,14.0,-7.0,30.0,-86.0,46.0,9662.0
272,82292.0,48344.0,55565.0,54845.0,51440.0,82290.0,3.267448902130127,,,,,,,,0.03279006512056392,0.008832971253170938,0.5,5.5546979904174805,,-1.5354521484375,0.05375577163696289,0.5748153076171875,,,,,,,,82287.0,-26.0,18.0,563.0,-532150779.0,14.0,-6.0,36.0,-60.0,20.0,9758.0
273,82302.0,49351.0,55136.0,54177.0,51557.0,82300.0,3.2727274894714355,,,,,,,,0.03423466874446219,0.00849347331791913,0.5,5.5669825077056885,,-1.5354803466796876,0.05346917724609375,0.5751359252929688,,,,,,,,82297.0,-27.0,17.0,564.0,-532149755.0,12.0,-6.0,35.0,-75.0,84.0,9800.0
274,82312.0,48982.0,55190.0,54443.0,51479.0,82310.0,3.2727274894714355,,,,,,,,0.035699006348161914,0.008147625974541935,0.5,5.578821420669556,,-1.5352406005859376,0.05290901947021484,0.5752469482421875,,,,,,,,82307.0,-26.0,17.0,564.0,-532149755.0,11.0,-5.0,35.0,-116.0,88.0,9675.0
275,82322.0,48719.0,54909.0,54685.0,51783.0,82320.0,3.2727274894714355,,,,,,,,0.03718337840854307,0.007796116456014707,0.5,5.590426445007324,,-1.5353299560546876,0.05223467636108398,0.5755504760742187,,,,,,,,82317.0,-26.0,17.0,564.0,-532148731.0,11.0,-4.0,34.0,-99.0,15.0,9680.0
276,82332.0,49172.0,55347.0,54139.0,51458.0,82330.0,3.2727274894714355,,,,,,,,0.0386878973298258,0.007439707102380871,0.5,5.6021974086761475,,-1.5354029541015626,0.052723716735839844,0.5756115112304687,,,,,,,,82327.0,-26.0,17.0,565.0,-532148731.0,10.0,-3.0,34.0,-211.0,51.0,9732.0
277,82342.0,50325.0,54455.0,53300.0,52436.0,82340.0,3.2727274894714355,,,,,,,,0.04021248101229533,0.00707922333458692,0.5,5.613932132720947,,-1.5357470703125,0.05275918579101563,0.5762342529296876,,,,,,,,82337.0,-23.0,17.0,565.0,-532148732.0,15.0,-1.0,32.0,-119.0,135.0,9640.0
278,82352.0,50430.0,53901.0,53493.0,53116.0,82350.0,3.267448902130127,,,,,,,,0.041756862449357716,0.006715542668182667,0.5,5.62551474571228,,-1.535841796875,0.05257894134521485,0.5764188232421875,,,,,,,,82347.0,-23.0,16.0,566.0,-532148732.0,13.0,-2.0,32.0,-126.0,40.0,9753.0
279,82362.0,49106.0,54789.0,54021.0,52775.0,82360.0,3.267448902130127,,,,,,,,0.043320614182189514,0.006349584848025922,0.5,5.637400388717651,,-1.5358214111328126,0.05122454071044922,0.5770852661132813,,,,,,,,82357.0,-22.0,16.0,566.0,-532148732.0,14.0,-1.0,31.0,-206.0,78.0,9856.0
280,82372.0,49351.0,54633.0,54080.0,53022.0,82370.0,3.267448902130127,,,,,,,,0.04490318521402547,0.0059823029694721225,0.5,5.649132966995239,,-1.5359757080078125,0.05223636245727539,0.5769593505859375,,,,,,,,82367.0,-23.0,16.0,566.0,-532148732.0,12.0,0.0,30.0,-149.0,84.0,9672.0
281,82382.0,50970.0,54518.0,52707.0,52757.0,82380.0,3.2621703147888184,,,,,,,,0.0465039469953672,0.005614675270208851,0.5,5.661855220794678,,-1.5362542724609376,0.05225295639038086,0.5776790161132812,,,,,,,,82377.0,-22.0,16.0,567.0,-532149756.0,11.0,0.0,30.0,-94.0,-31.0,9819.0
282,82392.0,49781.0,54488.0,53509.0,53396.0,82390.0,3.267448902130127,,,,,,,,0.048122244416123484,0.0052476971492583825,0.5,5.67350697517395,,-1.5362701416015625,0.05216264343261719,0.5779487915039062,,,,,,,,82387.0,-22.0,16.0,567.0,-532149756.0,11.0,1.0,30.0,-108.0,-22.0,9840.0
283,82402.0,49371.0,55035.0,53810.0,52770.0,82400.0,3.2621703147888184,,,,,,,,0.04975744743074544,0.004882372907955335,0.5,5.685062646865845,,-1.5360137939453125,0.05183530044555664,0.5779971923828126,,,,,,,,82397.0,-22.0,16.0,567.0,-532150780.0,10.0,2.0,30.0,-31.0,47.0,9730.0
284,82412.0,50595.0,54883.0,52890.0,52455.0,82410.0,3.2621703147888184,,,,,,,,0.051408999014762556,0.004519706716286931,0.5,5.697244167327881,,-1.5362373046875,0.05194109344482422,0.5785115356445313,,,,,,,,82407.0,-22.0,16.0,568.0,-532150780.0,9.0,3.0,30.0,-92.0,-9.0,9823.0
285,82422.0,49082.0,55760.0,53541.0,51751.0,82420.0,3.267448902130127,,,,,,,,0.053076455500362045,0.0041606923651601145,0.5,5.709717035293579,,-1.5359415283203126,0.051542064666748044,0.5785845336914063,,,,,,,,82417.0,-22.0,16.0,569.0,-532150780.0,9.0,4.0,33.0,-57.0,-13.0,9844.0
286,82432.0,49444.0,55595.0,53604.0,51856.0,82430.0,3.267448902130127,,,,,,,,0.05475951640687835,0.0038063015496407927,0.5,5.721537351608276,,-1.5360062255859375,0.05151870346069336,0.578851318359375,,,,,,,,82427.0,-24.0,13.0,569.0,-533200379.0,6.0,1.0,34.0,-147.0,-6.0,9706.0
287,82442.0,50016.0,54595.0,53234.0,52899.0,82440.0,3.2621703147888184,,,,,,,,0.05645804776483238,0.0034574127517540687,0.5,5.733837366104126,,-1.53570654296875,0.05071400451660156,0.57906103515625,,,,,,,,82437.0,-25.0,14.0,569.0,-533200379.0,4.0,2.0,33.0,-84.0,-3.0,9890.0
288,82452.0,49930.0,55474.0,52823.0,51974.0,82450.0,3.2621703147888184,,,,,,,,0.05817209169164451,0.003114736799630896,0.5,5.746053457260132,,-1.5361456298828124,0.05145633316040039,0.5795501098632813,,,,,,,,82447.0,-24.0,13.0,570.0,-533200379.0,6.0,3.0,34.0,36.0,30.0,9744.0
289,82462.0,50449.0,55157.0,52610.0,51973.0,82460.0,3.267448902130127,,,,,,,,0.05990186032642591,0.0027787591263489855,0.5,5.758584499359131,,-1.5360360107421875,0.051202011108398435,0.5795745849609375,,,,,,,,82457.0,-23.0,13.0,570.0,-534248955.0,6.0,3.0,35.0,-133.0,47.0,9741.0
290,82472.0,49367.0,54476.0,53570.0,52741.0,82470.0,3.267448902130127,,,,,,,,0.06164771510625775,0.00244970324116614,0.5,5.771203279495239,,-1.5364879150390625,0.05136275863647461,0.5800929565429688,,,,,,,,82467.0,-23.0,13.0,570.0,-534248955.0,6.0,4.0,34.0,-61.0,-27.0,9916.0
291,82482.0,49250.0,55327.0,53557.0,51809.0,82480.0,3.267448902130127,,,,,,,,0.06341013360673775,0.0021275179571065804,0.5,5.782727003097534,,-1.53621875,0.05069034194946289,0.5801742553710938,,,,,,,,82477.0,-23.0,16.0,571.0,-534773243.0,7.0,8.0,34.0,31.0,65.0,9700.0
292,82492.0,49950.0,54268.0,53070.0,52892.0,82490.0,3.267448902130127,,,,,,,,0.06518966718165187,0.0018118887905430626,0.5,5.794348239898682,,-1.53636474609375,0.05071826171875,0.5802462768554687,,,,,,,,82487.0,-23.0,16.0,571.0,-534773243.0,7.0,9.0,34.0,-125.0,1.0,9759.0
293,82502.0,49723.0,54513.0,53451.0,52793.0,82500.0,3.267448902130127,,,,,,,,0.06698689334352553,0.0015022718440485389,0.5,5.806325197219849,,-1.536072265625,0.050643726348876955,0.58011572265625,,,,,,,,82497.0,-26.0,14.0,571.0,-534773243.0,2.0,7.0,29.0,-91.0,-98.0,9902.0
294,82512.0,49536.0,55552.0,53443.0,51692.0,82510.0,3.267448902130127,,,,,,,,0.0688023670492893,0.001197946547880184,0.5,5.818109512329102,,-1.536183349609375,0.050568698883056644,0.5803057861328125,,,,,,,,82507.0,-26.0,14.0,571.0,-534773243.0,2.0,6.0,30.0,-18.0,79.0,9792.0
295,82522.0,50010.0,55185.0,53126.0,51992.0,82520.0,3.267448902130127,,,,,,,,0.07063657549256083,0.0008980822410159656,0.5,5.829543113708496,,-1.536448974609375,0.0506068115234375,0.5804757080078125,,,,,,,,82517.0,-26.0,14.0,571.0,-534773243.0,2.0,7.0,30.0,-99.0,-42.0,9834.0
296,82532.0,50008.0,54697.0,53314.0,52338.0,82530.0,3.267448902130127,,,,,,,,0.07248990467707228,0.0006017585669726468,0.5,5.8415021896362305,,-1.5370845947265626,0.04940616607666016,0.58171044921875,,,,,,,,82527.0,-26.0,14.0,572.0,-534773243.0,2.0,7.0,30.0,37.0,-14.0,9846.0
297,82542.0,48727.0,55146.0,53997.0,52141.0,82540.0,3.267448902130127,,,,,,,,0.07436261681213024,0.00030797649312919867,0.5,5.853058815002441,,-1.5368724365234374,0.05075662612915039,0.581392578125,,,,,,,,82537.0,-25.0,14.0,572.0,-534772219.0,3.0,9.0,29.0,-87.0,21.0,9696.0
298,82552.0,49466.0,54986.0,53627.0,52194.0,82550.0,3.267448902130127,,,,,,,,0.07625483906697372,1.5671964386947124e-05,0.5,5.864809036254883,,-1.5368038330078124,0.050669475555419924,0.58161572265625,,,,,,,,82547.0,-25.0,15.0,572.0,-535820795.0,3.0,9.0,29.0,-1.0,-79.0,9774.0
299,82562.0,50630.0,54594.0,52692.0,52585.0,82560.0,3.267448902130127,,,,,,,,0.07816656426351612,-0.0002762679899801952,0.5,5.878488063812256,,-1.5368935546875,0.05067010498046875,0.5818258056640625,,,,,,,,82557.0,-25.0,15.0,572.0,-535820795.0,3.0,9.0,28.0,-8.0,-9.0,9825.0
300,82572.0,48614.0,54846.0,54174.0,52462.0,82570.0,3.267448902130127,,,,,,,,0.08009766304522653,-0.000568987007152872,0.5,5.889918804168701,,-1.5376798095703126,0.04969390487670899,0.5828505249023438,,,,,,,,82567.0,-25.0,15.0,573.0,-535820795.0,3.0,10.0,28.0,-48.0,37.0,9809.0
301,82582.0,49229.0,55046.0,53788.0,52093.0,82580.0,3.267448902130127,,,,,,,,0.0820479060868981,-0.0008636394207346514,0.5,5.901746034622192,,-1.5365028076171876,0.050212158203125,0.5821739501953125,,,,,,,,82577.0,-20.0,14.0,573.0,-535819771.0,12.0,9.0,28.0,109.0,-135.0,9750.0
302,82592.0,51300.0,54562.0,52567.0,52953.0,82590.0,3.267448902130127,,,,,,,,0.0840169940872563,-0.0011613690786719637,0.5,5.913405179977417,,-1.5364007568359375,0.050156909942626955,0.5824480590820312,,,,,,,,82587.0,-20.0,14.0,571.0,-535819771.0,13.0,8.0,17.0,48.0,-27.0,9902.0
303,82602.0,49478.0,54857.0,53893.0,52841.0,82600.0,3.267448902130127,,,,,,,,0.08600459268035884,-0.0014632875197485573,0.5,5.924952983856201,,-1.53631884765625,0.050023658752441406,0.5826455688476563,,,,,,,,82597.0,-20.0,14.0,572.0,-535819771.0,13.0,8.0,18.0,-24.0,2.0,9847.0
304,82612.0,48776.0,55075.0,54389.0,52614.0,82610.0,3.267448902130127,,,,,,,,0.08801036905870316,-0.0017704521147547739,0.5,5.936866760253906,,-1.5372333984375,0.049875137329101565,0.5833060302734375,,,,,,,,82607.0,-20.0,14.0,572.0,-535819771.0,14.0,8.0,18.0,158.0,-40.0,9799.0
305,82622.0,49739.0,55340.0,53845.0,52031.0,82620.0,3.2621703147888184,,,,,,,,0.0900340270431578,-0.002083844787739958,0.5,5.948665380477905,,-1.5368839111328125,0.05010972595214844,0.5835267944335938,,,,,,,,82617.0,-19.0,15.0,572.0,-535819771.0,15.0,11.0,19.0,13.0,-7.0,9860.0
306,82632.0,48746.0,55058.0,54489.0,52982.0,82630.0,3.267448902130127,,,,,,,,0.09207533755937189,-0.0024043519166719526,0.5,5.96029806137085,,-1.5362398681640625,0.0498868408203125,0.5832621459960937,,,,,,,,82627.0,-19.0,15.0,571.0,-535819771.0,16.0,11.0,13.0,71.0,-39.0,9813.0
307,82642.0,48502.0,55672.0,54921.0,52293.0,82640.0,3.2621703147888184,,,,,,,,0.09413416196005853,-0.002732745972584112,0.5,5.9721667766571045,,-1.5362423095703126,0.04982429885864258,0.5834647216796875,,,,,,,,82637.0,-19.0,15.0,571.0,-535819771.0,17.0,11.0,14.0,103.0,-121.0,9758.0
308,82652.0,49740.0,55055.0,54293.0,52669.0,82650.0,3.2621703147888184,,,,,,,,0.09621046631917365,-0.0030696693936005173,0.5,5.98383355140686,,-1.536773681640625,0.049634937286376954,0.5842254638671875,,,,,,,,82647.0,-18.0,15.0,571.0,-535819771.0,17.0,11.0,13.0,27.0,-36.0,9828.0
309,82662.0,48362.0,55571.0,54928.0,52523.0,82660.0,3.2621703147888184,,,,,,,,0.098304325652808,-0.0034156211074471837,0.5,5.99598240852356,,-1.536775634765625,0.04990576934814453,0.5842660522460937,,,,,,,,82657.0,-18.0,16.0,572.0,-535819771.0,18.0,11.0,13.0,55.0,11.0,9833.0
310,82672.0,48717.0,55195.0,54894.0,52668.0,82670.0,3.2621703147888184,,,,,,,,0.10041591791753393,-0.003770946016423589,0.5,6.007479190826416,,-1.5361695556640624,0.049695327758789064,0.5839971313476563,,,,,,,,82667.0,-18.0,16.0,572.0,-535820795.0,18.0,11.0,16.0,-8.0,-175.0,9787.0
311,82682.0,49758.0,55012.0,54274.0,52507.0,82680.0,3.2621703147888184,,,,,,,,0.10254550852139205,-0.00413582764674187,0.5,6.019343376159668,,-1.5361368408203124,0.04962808609008789,0.5841452026367188,,,,,,,,82677.0,-18.0,16.0,572.0,-535820795.0,19.0,12.0,16.0,69.0,-24.0,9840.0
312,82692.0,48080.0,55153.0,55392.0,52476.0,82690.0,3.2621703147888184,,,,,,,,0.1046934268803745,-0.00451028404547428,0.5,6.031171798706055,,-1.5365491943359375,0.04959051132202148,0.5849532470703125,,,,,,,,82687.0,-32.0,18.0,572.0,-535297531.0,-4.0,15.0,16.0,-55.0,-5.0,9753.0
313,82702.0,47477.0,55202.0,55715.0,52165.0,82700.0,3.267448902130127,,,,,,,,0.10686003719886589,-0.00489416689018686,0.5,6.042737007141113,,-1.537056396484375,0.050126121520996096,0.58541162109375,,,,,,,,82697.0,-32.0,18.0,572.0,-535297531.0,-4.0,16.0,16.0,-35.0,-84.0,9759.0
314,82712.0,49172.0,55219.0,54605.0,51705.0,82710.0,3.2727274894714355,,,,,,,,0.10904570609584432,-0.0052871636658767054,0.5,6.0543859004974365,,-1.536761962890625,0.04995902252197266,0.585197509765625,,,,,,,,82707.0,-32.0,18.0,573.0,-534247931.0,-5.0,16.0,15.0,-73.0,-16.0,9857.0
315,82722.0,50472.0,54156.0,53761.0,52730.0,82720.0,3.2727274894714355,,,,,,,,0.11125076990692839,-0.0056888026687143545,0.5,6.067361116409302,,-1.5362723388671875,0.0496058349609375,0.5849563598632812,,,,,,,,82717.0,-32.0,18.0,573.0,-534247931.0,-5.0,16.0,15.0,-53.0,82.0,9633.0
316,82732.0,50346.0,54389.0,53837.0,52534.0,82730.0,3.2727274894714355,,,,,,,,0.11347550445401747,-0.00609846052471584,0.5,6.079169034957886,,-1.5367864990234374,0.050033859252929684,0.5858865966796875,,,,,,,,82727.0,-28.0,15.0,573.0,-534248956.0,1.0,11.0,14.0,-25.0,-99.0,9769.0
317,82742.0,49064.0,55266.0,54562.0,52256.0,82740.0,3.267448902130127,,,,,,,,0.11572009980020204,-0.00651537186965203,0.5,6.090965032577515,,-1.5366514892578125,0.04946758651733398,0.5859188232421875,,,,,,,,82737.0,-28.0,16.0,573.0,-534773244.0,0.0,13.0,13.0,-39.0,-77.0,9798.0
318,82752.0,50094.0,55102.0,53781.0,52415.0,82750.0,3.267448902130127,,,,,,,,0.11798464202820669,-0.00693864082653612,0.5,6.1026763916015625,,-1.5365582275390626,0.04993097686767578,0.5861396484375,,,,,,,,82747.0,-27.0,15.0,573.0,-534772220.0,2.0,12.0,13.0,-45.0,144.0,9668.0
319,82762.0,51305.0,55395.0,52839.0,51898.0,82760.0,3.2621703147888184,,,,,,,,0.1202691034424527,-0.007367253937717269,0.5,6.114258289337158,,-1.536540283203125,0.049948562622070314,0.58625341796875,,,,,,,,82757.0,-27.0,16.0,574.0,-534772220.0,2.0,13.0,17.0,18.0,4.0,9820.0
320,82772.0,50107.0,54851.0,53604.0,52868.0,82770.0,3.2621703147888184,,,,,,,,0.12257334185636265,-0.007800094255224127,0.5,6.126506805419922,,-1.536093017578125,0.049610618591308595,0.5862177124023438,,,,,,,,82767.0,-27.0,16.0,574.0,-534771196.0,3.0,14.0,16.0,-13.0,-72.0,9879.0
321,82782.0,49822.0,55612.0,53645.0,52119.0,82780.0,3.2621703147888184,,,,,,,,0.12489710885291014,-0.008235956357743893,0.5,6.1382670402526855,,-1.5362872314453124,0.04886854553222656,0.587062255859375,,,,,,,,82777.0,-27.0,16.0,574.0,-535818748.0,3.0,14.0,17.0,19.0,89.0,9770.0
322,82792.0,51466.0,55427.0,52627.0,52223.0,82790.0,3.2568917274475098,,,,,,,,0.1272400661638218,-0.008673562135568483,0.5,6.150024890899658,,-1.53591455078125,0.04955224609375,0.5866109619140625,,,,,,,,82787.0,-24.0,12.0,575.0,-536866300.0,9.0,7.0,17.0,62.0,-33.0,9810.0
323,82802.0,50222.0,55383.0,53320.0,52369.0,82800.0,3.2621703147888184,,,,,,,,0.12960180866291152,-0.009111577255230485,0.5,6.161894798278809,,-1.5358265380859375,0.04953411865234375,0.5867644653320313,,,,,,,,82797.0,-24.0,13.0,576.0,-1073737212.0,10.0,8.0,22.0,53.0,-33.0,9885.0
324,82812.0,49434.0,55227.0,53845.0,52499.0,82810.0,3.2568917274475098,,,,,,,,0.13198189196382523,-0.009548628273189065,0.5,6.174322605133057,,-1.5359652099609375,0.04973088836669922,0.587245361328125,,,,,,,,82807.0,-24.0,13.0,576.0,-1072687612.0,11.0,8.0,23.0,0.0,44.0,9840.0
325,82822.0,50113.0,55003.0,53272.0,52367.0,82820.0,3.2621703147888184,,,,,,,,0.13437986229032697,-0.009983320404449977,0.5,6.186295986175537,,-1.5362357177734376,0.049998943328857424,0.5876886596679688,,,,,,,,82817.0,-23.0,12.0,576.0,-1072687612.0,14.0,7.0,23.0,102.0,-124.0,9828.0
326,82832.0,48353.0,55662.0,54354.0,51870.0,82830.0,3.2621703147888184,,,,,,,,0.13679528615890035,-0.010414255963967105,0.5,6.198101043701172,,-1.5357176513671875,0.04968744277954101,0.5875986328125,,,,,,,,82827.0,-23.0,13.0,576.0,-1071639036.0,15.0,7.0,24.0,127.0,-135.0,9860.0
327,82842.0,48446.0,55296.0,54346.0,52206.0,82840.0,3.2621703147888184,,,,,,,,0.13922777735671119,-0.010840053524867416,0.5,6.210331678390503,,-1.5358465576171876,0.049713691711425784,0.5877173461914063,,,,,,,,82837.0,-23.0,13.0,577.0,-1071638012.0,17.0,7.0,24.0,133.0,-35.0,9727.0
328,82852.0,49445.0,55478.0,53930.0,51985.0,82850.0,3.2621703147888184,,,,,,,,0.1416770201983312,-0.011259374189672489,0.5,6.222100257873535,,-1.535519775390625,0.04963287734985351,0.5879337158203125,,,,,,,,82847.0,-23.0,14.0,576.0,-1071638012.0,18.0,8.0,19.0,124.0,-144.0,9689.0
329,82862.0,48355.0,54432.0,54375.0,53310.0,82860.0,3.267448902130127,,,,,,,,0.14414279414729006,-0.011671037952766292,0.5,6.2336084842681885,,-1.5353858642578124,0.04920747756958008,0.588009765625,,,,,,,,82857.0,-23.0,14.0,576.0,-1071638012.0,19.0,7.0,18.0,86.0,-163.0,9885.0
330,82872.0,48152.0,55273.0,54638.0,52568.0,82870.0,3.2621703147888184,,,,,,,,0.1466249894009355,-0.012074122886989468,0.5,6.245211362838745,,-1.5356168212890624,0.04977557373046875,0.5884763793945312,,,,,,,,82867.0,-23.0,14.0,576.0,-1071638012.0,21.0,7.0,18.0,166.0,-74.0,9715.0
331,82882.0,49753.0,55289.0,53495.0,52059.0,82880.0,3.267448902130127,,,,,,,,0.14912361234984886,-0.012468039066132787,0.5,6.257404565811157,,-1.535388427734375,0.04977936553955078,0.5887415161132813,,,,,,,,82877.0,-24.0,12.0,577.0,-1071639036.0,20.0,3.0,18.0,124.0,-124.0,9788.0
332,82892.0,48392.0,55103.0,53870.0,52176.0,82890.0,3.267448902130127,,,,,,,,0.15163878073239018,-0.012852571563901592,0.5,6.269422769546509,,-1.5351302490234375,0.04972938919067383,0.5889249267578125,,,,,,,,82887.0,-23.0,12.0,579.0,-1072687611.0,21.0,2.0,27.0,30.0,-199.0,9852.0
333,82902.0,48139.0,54743.0,54141.0,52473.0,82900.0,3.267448902130127,,,,,,,,0.15417070920367956,-0.013227889713968474,0.5,6.2824859619140625,,-1.534890625,0.049516204833984376,0.5890626220703125,,,,,,,,82897.0,-23.0,12.0,579.0,-1072687611.0,23.0,2.0,27.0,83.0,-90.0,9665.0
334,82912.0,49715.0,55037.0,53074.0,51902.0,82910.0,3.267448902130127,,,,,,,,0.15671968684593,-0.013594522813310687,0.5,6.2942845821380615,,-1.534188232421875,0.049412265777587894,0.589352294921875,,,,,,,,82907.0,-23.0,12.0,579.0,-1072687611.0,24.0,2.0,27.0,108.0,-144.0,9780.0
335,82922.0,49797.0,53662.0,52956.0,53163.0,82920.0,3.2727274894714355,,,,,,,,0.15928604880374805,-0.013953305337940453,0.5,6.306323528289795,,-1.533826904296875,0.04919929504394531,0.5892007446289063,,,,,,,,82917.0,-23.0,13.0,579.0,-1072687611.0,25.0,2.0,26.0,47.0,-79.0,9850.0
336,82932.0,48187.0,54238.0,54190.0,52557.0,82930.0,3.2727274894714355,,,,,,,,0.161870144495075,-0.014305297372402194,0.5,6.318208456039429,,-1.5334854736328125,0.049079536437988285,0.5894190063476562,,,,,,,,82927.0,-23.0,13.0,578.0,-1072687611.0,27.0,1.0,17.0,64.0,-93.0,9735.0
337,82942.0,48448.0,55235.0,54090.0,51723.0,82940.0,3.278006076812744,,,,,,,,0.16447230579503444,-0.014651687666641468,0.5,6.32957649230957,,-1.533287109375,0.04916275024414062,0.589941650390625,,,,,,,,82937.0,-22.0,13.0,578.0,-1072687611.0,28.0,1.0,17.0,127.0,-146.0,9658.0
338,82952.0,50584.0,53710.0,52870.0,52951.0,82950.0,3.278006076812744,,,,,,,,0.16709282249948096,-0.014993759489629596,0.5,6.3415303230285645,,-1.5332857666015625,0.04914213562011719,0.5900934448242188,,,,,,,,82947.0,-20.0,14.0,578.0,-1073735163.0,34.0,3.0,15.0,167.0,-64.0,9686.0
339,82962.0,49020.0,54304.0,54043.0,52484.0,82960.0,3.278006076812744,,,,,,,,0.16973192345995108,-0.015332873435819072,0.5,6.353185653686523,,-1.5330810546875,0.04922637939453125,0.5901478271484375,,,,,,,,82957.0,-20.0,14.0,579.0,-1073735163.0,34.0,4.0,14.0,90.0,-32.0,9686.0
340,82972.0,47716.0,55364.0,54857.0,51870.0,82970.0,3.2727274894714355,,,,,,,,0.172389763502231,-0.015670448171571177,0.5,6.3647613525390625,,-1.532308349609375,0.0488226318359375,0.5900064697265625,,,,,,,,82967.0,-20.0,14.0,579.0,-536864251.0,36.0,4.0,13.0,84.0,-88.0,9694.0
341,82982.0,48759.0,55302.0,54351.0,51216.0,82980.0,3.2727274894714355,,,,,,,,0.17506641703426012,-0.01600793934156189,0.5,6.3769004344940186,,-1.531762939453125,0.048451126098632814,0.5897738037109375,,,,,,,,82977.0,-20.0,14.0,580.0,-536864252.0,37.0,2.0,17.0,130.0,14.0,9755.0
342,82992.0,49606.0,54647.0,53938.0,51714.0,82990.0,3.2727274894714355,,,,,,,,0.17776187865122128,-0.01634681693160924,0.5,6.388497829437256,,-1.5319888916015625,0.047610706329345706,0.5907030639648437,,,,,,,,82987.0,-19.0,14.0,580.0,-536864252.0,39.0,2.0,16.0,175.0,-49.0,9584.0
343,83002.0,47161.0,55027.0,55472.0,51656.0,83000.0,3.2727274894714355,,,,,,,,0.18047607043654718,-0.01668854145277867,0.5,6.4012651443481445,,-1.5310999755859376,0.04835719680786133,0.5899338989257813,,,,,,,,82997.0,-19.0,14.0,580.0,-535815676.0,40.0,3.0,15.0,146.0,-230.0,9745.0
344,83012.0,47559.0,55285.0,55315.0,51267.0,83010.0,3.2727274894714355,,,,,,,,0.18320885508981047,-0.017034539370469136,0.5,6.412834644317627,,-1.5305765380859375,0.048273963928222655,0.5900150756835938,,,,,,,,83007.0,-20.0,13.0,580.0,-535816700.0,38.0,1.0,13.0,102.0,43.0,9622.0
345,83022.0,48479.0,55220.0,54739.0,51132.0,83020.0,3.2727274894714355,,,,,,,,0.18596005353386447,-0.01738617824926548,0.5,6.42441201210022,,-1.530282470703125,0.04820002746582031,0.5901204833984375,,,,,,,,83017.0,-20.0,13.0,581.0,-535816700.0,40.0,1.0,14.0,97.0,29.0,9658.0
346,83032.0,48476.0,54567.0,54910.0,51808.0,83030.0,3.2727274894714355,,,,,,,,0.18872946530303542,-0.017744742117926662,0.5,6.436535120010376,,-1.5301666259765625,0.04812527847290039,0.5904437866210938,,,,,,,,83027.0,-19.0,13.0,581.0,-535817724.0,41.0,1.0,12.0,92.0,-132.0,9695.0
347,83042.0,48229.0,54641.0,55193.0,51662.0,83040.0,3.2727274894714355,,,,,,,,0.191516889818473,-0.018111407577614647,0.5,6.4483888149261475,,-1.529566162109375,0.04798476409912109,0.5907243041992187,,,,,,,,83037.0,-21.0,12.0,581.0,-535817725.0,38.0,0.0,11.0,150.0,17.0,9611.0
348,83052.0,46422.0,55141.0,56065.0,51194.0,83050.0,3.278006076812744,,,,,,,,0.19432214662875325,-0.01848722117936072,0.5,6.460383415222168,,-1.5292152099609375,0.04840275192260742,0.590660400390625,,,,,,,,83047.0,-21.0,12.0,581.0,-535818749.0,39.0,1.0,9.0,38.0,-65.0,9547.0
349,83062.0,48258.0,55001.0,55210.0,51081.0,83060.0,3.278006076812744,,,,,,,,0.19714509283157808,-0.018873078583202953,0.5,6.471888542175293,,-1.5285325927734374,0.04819404220581055,0.590672119140625,,,,,,,,83057.0,-21.0,12.0,580.0,-535818749.0,39.0,0.0,1.0,116.0,-17.0,9645.0
350,83072.0,49609.0,54538.0,54528.0,51889.0,83070.0,3.278006076812744,,,,,,,,0.1999856361798752,-0.01926970598124103,0.5,6.484465599060059,,-1.5285472412109375,0.04845606231689453,0.5909688110351563,,,,,,,,83067.0,-20.0,12.0,580.0,-535819773.0,40.0,1.0,0.0,4.0,121.0,9679.0
351,83082.0,49765.0,54283.0,54552.0,52100.0,83080.0,3.278006076812744,,,,,,,,0.20284374278437742,-0.019677644220412516,0.5,6.496527433395386,,-1.527732177734375,0.04815256881713867,0.5905311279296875,,,,,,,,83077.0,-20.0,12.0,580.0,-534771198.0,41.0,2.0,-1.0,120.0,-31.0,9518.0
352,83092.0,48479.0,53793.0,55769.0,52824.0,83090.0,3.2727274894714355,,,,,,,,0.20571943881692148,-0.020097235999127695,0.5,6.508286476135254,,-1.5273807373046875,0.04818317794799805,0.5904304809570312,,,,,,,,83087.0,-19.0,13.0,580.0,-534771198.0,42.0,4.0,-4.0,-48.0,87.0,9689.0
353,83102.0,47325.0,54832.0,56259.0,52148.0,83100.0,3.2727274894714355,,,,,,,,0.20861280615029257,-0.020528616436835463,0.5,6.519835948944092,,-1.52677197265625,0.04816165542602539,0.5902809448242188,,,,,,,,83097.0,-18.0,13.0,580.0,-534771198.0,43.0,5.0,-6.0,32.0,-20.0,9602.0
354,83112.0,49052.0,54950.0,55127.0,51851.0,83110.0,3.2727274894714355,,,,,,,,0.21152397239532802,-0.020971707229883153,0.5,6.531639337539673,,-1.526480224609375,0.04815387725830078,0.590261962890625,,,,,,,,83107.0,-16.0,13.0,581.0,-533721599.0,46.0,4.0,-5.0,-23.0,-60.0,9437.0
355,83122.0,50412.0,54150.0,54638.0,52695.0,83120.0,3.267448902130127,,,,,,,,0.21445309626925477,-0.021426214515334628,0.5,6.543296813964844,,-1.5257471923828125,0.04774170684814453,0.589828857421875,,,,,,,,83117.0,-17.0,13.0,581.0,-533721599.0,46.0,5.0,-8.0,92.0,48.0,9593.0
356,83132.0,47870.0,54337.0,56130.0,53069.0,83130.0,3.267448902130127,,,,,,,,0.2174003496141603,-0.021891630472985577,0.5,6.555494070053101,,-1.5256138916015625,0.048310306549072264,0.5900381469726562,,,,,,,,83127.0,-16.0,13.0,580.0,-533721599.0,47.0,7.0,-11.0,92.0,-53.0,9516.0
357,83142.0,47361.0,55305.0,56512.0,52072.0,83140.0,3.267448902130127,,,,,,,,0.22036589765177764,-0.022367238600026686,0.5,6.5670459270477295,,-1.5252109375,0.04832016372680664,0.5898968505859375,,,,,,,,83137.0,-15.0,14.0,580.0,-533721599.0,48.0,7.0,-13.0,14.0,6.0,9663.0
358,83152.0,50577.0,55621.0,54919.0,51724.0,83150.0,3.2621703147888184,,,,,,,,0.2233498791865791,-0.022852122506229408,0.5,6.578819990158081,,-1.5246392822265624,0.048303672790527344,0.5895895385742187,,,,,,,,83147.0,-15.0,14.0,579.0,-533721599.0,49.0,8.0,-19.0,5.0,23.0,9713.0
359,83162.0,49128.0,55133.0,55772.0,52693.0,83160.0,3.2621703147888184,,,,,,,,0.2263523884491037,-0.023345178005286724,0.5,6.590632200241089,,-1.52403759765625,0.04817351913452148,0.5896229858398437,,,,,,,,83157.0,-14.0,14.0,579.0,-533721599.0,50.0,9.0,-20.0,39.0,37.0,9429.0
360,83172.0,49220.0,55927.0,55904.0,52046.0,83170.0,3.2568917274475098,,,,,,,,0.22937346011068635,-0.023845128222291047,0.5,6.602963924407959,,-1.5237310791015626,0.04833435821533203,0.5891011962890625,,,,,,,,83167.0,-17.0,7.0,579.0,-533721600.0,45.0,-2.0,-22.0,-24.0,-56.0,9649.0
361,83182.0,50383.0,56233.0,55222.0,51685.0,83180.0,3.2568917274475098,,,,,,,,0.23241305871622855,-0.02435054140024192,0.5,6.614687204360962,,-1.5229310302734376,0.04811367797851562,0.5885445556640625,,,,,,,,83177.0,-16.0,7.0,579.0,-534770176.0,47.0,-1.0,-25.0,58.0,91.0,9550.0
362,83192.0,50341.0,55843.0,55345.0,52272.0,83190.0,3.2568917274475098,,,,,,,,0.23547107340012005,-0.024859851069956876,0.5,6.627112627029419,,-1.522240966796875,0.0482104606628418,0.5882698974609375,,,,,,,,83187.0,-15.0,7.0,579.0,-534769152.0,48.0,0.0,-28.0,-47.0,-79.0,9695.0
363,83202.0,49574.0,55485.0,56112.0,52623.0,83200.0,3.2568917274475098,,,,,,,,0.23854731830589707,-0.02537137824576055,0.5,6.639256954193115,,-1.52204443359375,0.04795988464355469,0.5880752563476562,,,,,,,,83197.0,-15.0,7.0,578.0,-534769152.0,49.0,0.0,-29.0,84.0,-140.0,9698.0
364,83212.0,48019.0,55728.0,56927.0,52735.0,83210.0,3.2568917274475098,,,,,,,,0.24164153866093555,-0.025883355319988366,0.5,6.650815725326538,,-1.5213499755859374,0.04863981246948242,0.5879622802734376,,,,,,,,83207.0,-14.0,10.0,578.0,-534769664.0,49.0,5.0,-31.0,40.0,-50.0,9648.0
365,83222.0,49563.0,55280.0,56411.0,53145.0,83220.0,3.251613140106201,,,,,,,,0.24475342200259073,-0.026393951347513794,0.5,6.662570238113403,,-1.5208638916015624,0.04865816497802734,0.5876095581054688,,,,,,,,83217.0,-13.0,10.0,578.0,-534769664.0,51.0,5.0,-32.0,120.0,-78.0,9643.0
366,83232.0,50142.0,55132.0,56271.0,53173.0,83230.0,3.251613140106201,,,,,,,,0.24788261364857597,-0.02690129843146751,0.5,6.674182653427124,,-1.52012841796875,0.04875869750976562,0.5873241577148437,,,,,,,,83227.0,-13.0,10.0,576.0,-534769664.0,52.0,6.0,-40.0,19.0,-32.0,9763.0
367,83242.0,47900.0,55755.0,57514.0,52939.0,83240.0,3.2568917274475098,,,,,,,,0.2510287350752851,-0.02740351896589177,0.5,6.686324119567871,,-1.519529296875,0.04876000213623047,0.5868438110351563,,,,,,,,83237.0,-15.0,9.0,576.0,-534770688.0,49.0,5.0,-40.0,-18.0,36.0,9755.0
368,83252.0,48607.0,55908.0,57407.0,52829.0,83250.0,3.251613140106201,,,,,,,,0.25419140383552663,-0.0278987535019262,0.5,6.698080778121948,,-1.51891845703125,0.048813282012939455,0.5866517944335937,,,,,,,,83247.0,-14.0,10.0,575.0,-534769663.0,51.0,6.0,-41.0,30.0,36.0,9643.0
369,83262.0,49623.0,56194.0,56844.0,52540.0,83260.0,3.251613140106201,,,,,,,,0.257370257781624,-0.028385242654853225,0.5,6.7096107006073,,-1.51845947265625,0.04889885711669922,0.5863524169921875,,,,,,,,83257.0,-13.0,9.0,575.0,-533721087.0,52.0,6.0,-43.0,0.0,14.0,9782.0
370,83272.0,50338.0,56027.0,56526.0,52649.0,83270.0,3.251613140106201,,,,,,,,0.2605649827027024,-0.02886147884040477,0.5,6.721519708633423,,-1.5171727294921875,0.04870600891113281,0.5856936645507812,,,,,,,,83267.0,-13.0,9.0,575.0,-533721087.0,52.0,7.0,-43.0,70.0,99.0,9767.0
371,83282.0,50632.0,55441.0,56364.0,53078.0,83280.0,3.2463345527648926,,,,,,,,0.2637753349554528,-0.029326331736743427,0.5,6.733056545257568,,-1.5170611572265624,0.04904381561279297,0.585694580078125,,,,,,,,83277.0,-12.0,9.0,575.0,-533721087.0,54.0,8.0,-36.0,104.0,29.0,9787.0
372,83292.0,48742.0,55528.0,57265.0,53156.0,83290.0,3.251613140106201,,,,,,,,0.26700115726712265,-0.029779137380671436,0.5,6.745391368865967,,-1.516173583984375,0.04920845794677734,0.5851636352539062,,,,,,,,83287.0,-11.0,10.0,575.0,-533721087.0,55.0,10.0,-36.0,-19.0,-40.0,9863.0
373,83302.0,49180.0,56315.0,57127.0,52476.0,83300.0,3.2463345527648926,,,,,,,,0.2702423865356828,-0.030219744257794938,0.5,6.7582080364227295,,-1.5156373291015626,0.04941044235229492,0.5850406494140625,,,,,,,,83297.0,-11.0,10.0,575.0,-533721086.0,56.0,10.0,-36.0,29.0,160.0,9878.0
374,83312.0,50961.0,55430.0,56032.0,52988.0,83310.0,3.251613140106201,,,,,,,,0.27349905318261575,-0.030648513663567738,0.5,6.7707200050354,,-1.5147120361328126,0.049524120330810543,0.5845360107421875,,,,,,,,83307.0,-10.0,11.0,574.0,-533721086.0,57.0,13.0,-35.0,54.0,-21.0,9855.0
375,83322.0,48848.0,55521.0,57143.0,53255.0,83320.0,3.251613140106201,,,,,,,,0.276771272360737,-0.031066275634082638,0.5,6.783551216125488,,-1.5140943603515624,0.04948445510864258,0.58439208984375,,,,,,,,83317.0,-10.0,11.0,574.0,-533721086.0,58.0,13.0,-34.0,-2.0,-70.0,9856.0
376,83332.0,49096.0,56270.0,56918.0,52479.0,83330.0,3.251613140106201,,,,,,,,0.28005922801548844,-0.031474245531848,0.5,6.796189546585083,,-1.513161376953125,0.049472583770751956,0.5838946533203125,,,,,,,,83327.0,-9.0,11.0,574.0,-533720062.0,59.0,14.0,-33.0,180.0,22.0,9799.0
377,83342.0,50332.0,56530.0,56481.0,52052.0,83340.0,3.2463345527648926,,,,,,,,0.2833631510992442,-0.031873909802970675,0.5,6.808590650558472,,-1.512328369140625,0.04943792724609375,0.5834793701171875,,,,,,,,83337.0,-9.0,11.0,573.0,-534768638.0,60.0,15.0,-33.0,225.0,-25.0,9734.0
378,83352.0,50215.0,55587.0,56437.0,53468.0,83350.0,3.2463345527648926,,,,,,,,0.2866832949222206,-0.03226689124548113,0.5,6.820911407470703,,-1.511711669921875,0.05006250762939453,0.5834718627929687,,,,,,,,83347.0,-8.0,11.0,573.0,-534768638.0,61.0,15.0,-34.0,152.0,-133.0,9858.0
379,83362.0,49371.0,55744.0,57048.0,53298.0,83360.0,3.2463345527648926,,,,,,,,0.29001991517657677,-0.032654912782620366,0.5,6.83290696144104,,-1.5112041015625,0.05025217056274414,0.5831701049804687,,,,,,,,83357.0,-8.0,12.0,573.0,-534768638.0,63.0,16.0,-34.0,129.0,-16.0,9858.0
380,83372.0,49896.0,56908.0,56542.0,52536.0,83370.0,3.241055965423584,,,,,,,,0.29337325107068013,-0.03303977335009835,0.5,6.845254182815552,,-1.5100487060546874,0.050229606628417967,0.5829815063476562,,,,,,,,83367.0,-7.0,8.0,572.0,-535817214.0,64.0,10.0,-34.0,152.0,-38.0,9734.0
381,83382.0,51432.0,56624.0,55418.0,52982.0,83380.0,3.241055965423584,,,,,,,,0.2967435083302825,-0.03342332191183166,0.5,6.858209848403931,,-1.509383544921875,0.05046107482910156,0.5825921020507813,,,,,,,,83377.0,-6.0,9.0,572.0,-535816190.0,66.0,11.0,-34.0,84.0,-75.0,9933.0
382,83392.0,51692.0,56308.0,55547.0,53387.0,83390.0,3.2357773780822754,,,,,,,,0.3001308454351628,-0.03380742989586323,0.5,6.870569467544556,,-1.5085103759765626,0.05057115173339844,0.5822474975585937,,,,,,,,83387.0,-6.0,9.0,572.0,-535816190.0,67.0,11.0,-34.0,83.0,-16.0,9969.0
383,83402.0,50842.0,57013.0,55817.0,53316.0,83400.0,3.230498790740967,,,,,,,,0.303535364147775,-0.03419396239625434,0.5,6.882678508758545,,-1.507757568359375,0.05067057418823242,0.58211181640625,,,,,,,,83397.0,-5.0,9.0,571.0,-536864766.0,69.0,11.0,-32.0,84.0,-63.0,9984.0
384,83412.0,51270.0,56975.0,55276.0,53000.0,83410.0,3.230498790740967,,,,,,,,0.30695710499315326,-0.034584748537389284,0.5,6.894405126571655,,-1.5064827880859375,0.05062322235107422,0.58202392578125,,,,,,,,83407.0,-2.0,8.0,572.0,-1073734654.0,74.0,9.0,-24.0,107.0,-96.0,9888.0
385,83422.0,52893.0,56748.0,53830.0,53295.0,83420.0,3.230498790740967,,,,,,,,0.3103960479034523,-0.03498155144358536,0.5,6.907086372375488,,-1.5054466552734376,0.0506317138671875,0.581337890625,,,,,,,,83417.0,-2.0,8.0,572.0,-1072685054.0,76.0,8.0,-24.0,177.0,-120.0,9970.0
386,83432.0,52281.0,56521.0,54170.0,53755.0,83430.0,3.230498790740967,,,,,,,,0.31385211778604977,-0.035386038297168645,0.5,6.9193079471588135,,-1.5043724365234374,0.05081866836547851,0.581064208984375,,,,,,,,83427.0,0.0,9.0,572.0,-1071636479.0,80.0,10.0,-22.0,170.0,-60.0,10047.0
387,83442.0,51481.0,56728.0,54676.0,53602.0,83440.0,3.230498790740967,,,,,,,,0.3173251943507546,-0.035799751000345506,0.5,6.931710481643677,,-1.504173095703125,0.051222900390625,0.581154296875,,,,,,,,83437.0,0.0,9.0,572.0,-1070586879.0,83.0,9.0,-20.0,158.0,-140.0,9984.0
388,83452.0,51468.0,57213.0,54476.0,53159.0,83450.0,3.230498790740967,,,,,,,,0.32081512517528193,-0.03622407797841616,0.5,6.943897008895874,,-1.5029482421875,0.05100226974487305,0.580761962890625,,,,,,,,83447.0,1.0,9.0,571.0,-1069537279.0,86.0,8.0,-18.0,190.0,-219.0,10079.0
389,83462.0,52013.0,56360.0,53732.0,54002.0,83460.0,3.2357773780822754,,,,,,,,0.32432174072801884,-0.03666022767238178,0.5,6.956654787063599,,-1.5017784423828124,0.05141069030761719,0.5809215087890625,,,,,,,,83457.0,3.0,7.0,571.0,-1069536256.0,90.0,4.0,-16.0,234.0,-126.0,10216.0
390,83472.0,51217.0,56905.0,54298.0,53647.0,83470.0,3.230498790740967,,,,,,,,0.3278448699235538,-0.03710920426620602,0.5,6.969247341156006,,-1.500812744140625,0.05153925323486328,0.5810846557617187,,,,,,,,83467.0,4.0,7.0,571.0,-1068487168.0,93.0,3.0,-12.0,235.0,-236.0,10138.0
391,83482.0,50906.0,57241.0,54209.0,52996.0,83480.0,3.2357773780822754,,,,,,,,0.3313843547694032,-0.03757178617659207,0.5,6.981192111968994,,-1.4999149169921875,0.051517147064208985,0.5809166870117187,,,,,,,,83477.0,5.0,8.0,571.0,-1067437568.0,96.0,2.0,-8.0,282.0,-300.0,10163.0
392,83492.0,50676.0,56524.0,54270.0,53844.0,83490.0,3.2357773780822754,,,,,,,,0.3349400627708507,-0.03804850780021231,0.5,6.993886947631836,,-1.4984063720703125,0.05142491912841797,0.5806961059570312,,,,,,,,83487.0,6.0,8.0,572.0,-1067437567.0,100.0,1.0,0.0,204.0,-321.0,10186.0
393,83502.0,49304.0,56501.0,54919.0,53714.0,83500.0,3.2357773780822754,,,,,,,,0.3385118959832191,-0.03853964496449501,0.5,7.007507801055908,,-1.497626220703125,0.051508838653564454,0.580897216796875,,,,,,,,83497.0,7.0,8.0,572.0,-1066388991.0,103.0,0.0,2.0,322.0,-301.0,10124.0
394,83512.0,49599.0,56729.0,54554.0,53009.0,83510.0,3.241055965423584,,,,,,,,0.34209979591622025,-0.039045204463638364,0.5,7.020282983779907,,-1.4963564453125,0.05148234176635742,0.58103076171875,,,,,,,,83507.0,6.0,9.0,572.0,-1066388990.0,103.0,0.0,6.0,305.0,-274.0,9983.0
395,83522.0,49843.0,55673.0,54280.0,54185.0,83520.0,3.241055965423584,,,,,,,,0.3457037438748642,-0.03956491798266136,0.5,7.032552719116211,,-1.4948963623046876,0.05112411880493164,0.5809154663085937,,,,,,,,83517.0,7.0,9.0,572.0,-1066388990.0,107.0,-2.0,8.0,118.0,-324.0,10171.0
396,83532.0,48759.0,55801.0,55118.0,53851.0,83530.0,3.241055965423584,,,,,,,,0.3493237567322569,-0.04009824062652326,0.5,7.044227361679077,,-1.4937618408203126,0.051341693878173826,0.5812953491210937,,,,,,,,83527.0,11.0,9.0,572.0,-1066388989.0,115.0,-3.0,11.0,225.0,-332.0,10181.0
397,83542.0,49251.0,56656.0,54452.0,52867.0,83540.0,3.2463345527648926,,,,,,,,0.35295987853457517,-0.04064435417257006,0.5,7.056808948516846,,-1.4929112548828125,0.05124617385864258,0.581444580078125,,,,,,,,83537.0,12.0,9.0,571.0,-1066388989.0,119.0,-5.0,11.0,258.0,-278.0,10089.0
398,83552.0,50917.0,55511.0,53046.0,54040.0,83550.0,3.2463345527648926,,,,,,,,0.3566121687084208,-0.04120217505163168,0.5,7.069177865982056,,-1.4914322509765625,0.05139250564575195,0.58165478515625,,,,,,,,83547.0,18.0,10.0,571.0,-1067436540.0,131.0,-6.0,13.0,239.0,-230.0,10030.0
399,83562.0,51378.0,55915.0,52853.0,53201.0,83560.0,3.2463345527648926,,,,,,,,0.36028068793948576,-0.041770366956340385,0.5,7.081626653671265,,-1.490232177734375,0.05130739593505859,0.5818544311523437,,,,,,,,83557.0,19.0,10.0,572.0,-1067436540.0,134.0,-6.0,16.0,256.0,-285.0,10116.0
400,83572.0,50015.0,56212.0,53685.0,53009.0,83570.0,3.2463345527648926,,,,,,,,0.36396548299597203,-0.04234735787365937,0.5,7.094426155090332,,-1.4885224609375,0.05047066116333008,0.581902587890625,,,,,,,,83567.0,20.0,10.0,572.0,-1067436540.0,137.0,-9.0,19.0,243.0,-290.0,10054.0
401,83582.0,49681.0,56479.0,53786.0,52619.0,83580.0,3.2463345527648926,,,,,,,,0.3676665718645796,-0.042931361247145194,0.5,7.107301712036133,,-1.4872918701171876,0.049810588836669924,0.5823308715820312,,,,,,,,83577.0,22.0,9.0,572.0,-1067437563.0,142.0,-11.0,22.0,252.0,-178.0,9877.0
402,83592.0,50228.0,56498.0,53198.0,52282.0,83590.0,3.251613140106201,,,,,,,,0.3713839305445467,-0.043520400897335165,0.5,7.120502471923828,,-1.485326416015625,0.050224815368652344,0.5822589111328125,,,,,,,,83587.0,24.0,9.0,572.0,-1066388987.0,145.0,-14.0,22.0,347.0,-266.0,10028.0
403,83602.0,50575.0,56539.0,52778.0,52198.0,83600.0,3.251613140106201,,,,,,,,0.3751174827094893,-0.04411233926870971,0.5,7.132575035095215,,-1.4841058349609375,0.05001889801025391,0.582567626953125,,,,,,,,83597.0,25.0,9.0,572.0,-1066388987.0,148.0,-15.0,24.0,348.0,-353.0,10157.0
404,83612.0,50465.0,56517.0,52907.0,51905.0,83610.0,3.251613140106201,,,,,,,,0.3788670932102773,-0.04470490853006137,0.5,7.1445817947387695,,-1.48237158203125,0.049938495635986326,0.5827686767578125,,,,,,,,83607.0,22.0,9.0,573.0,-1066390011.0,143.0,-17.0,28.0,179.0,-127.0,10053.0
405,83622.0,48843.0,56218.0,53947.0,52419.0,83620.0,3.251613140106201,,,,,,,,0.38263256607562574,-0.04529574403105546,0.5,7.159157991409302,,-1.481542236328125,0.049704349517822266,0.5833206787109375,,,,,,,,83617.0,23.0,9.0,573.0,-1065341434.0,145.0,-19.0,28.0,138.0,-230.0,10032.0
406,83632.0,48789.0,55903.0,54040.0,52378.0,83630.0,3.2568917274475098,,,,,,,,0.38641364729741495,-0.04588241960879305,0.5,7.171638488769531,,-1.4793426513671875,0.049393409729003905,0.58378564453125,,,,,,,,83627.0,24.0,9.0,573.0,-1065342458.0,148.0,-21.0,30.0,213.0,-416.0,9939.0
407,83642.0,47756.0,56257.0,54472.0,52170.0,83640.0,3.2568917274475098,,,,,,,,0.39021003203660165,-0.04646248433409761,0.5,7.183950662612915,,-1.4782769775390625,0.049271129608154295,0.5840548706054688,,,,,,,,83637.0,26.0,8.0,573.0,-1065342458.0,151.0,-24.0,32.0,133.0,-337.0,9916.0
408,83652.0,49297.0,55496.0,53331.0,52927.0,83650.0,3.2568917274475098,,,,,,,,0.39402137622537414,-0.04703350016037049,0.5,7.197399377822876,,-1.476422119140625,0.048880706787109374,0.584454833984375,,,,,,,,83647.0,35.0,9.0,574.0,-1065342458.0,167.0,-24.0,33.0,145.0,-258.0,10024.0
409,83662.0,50571.0,54939.0,52383.0,53205.0,83660.0,3.2568917274475098,,,,,,,,0.3978473191130591,-0.047593195717662615,0.5,7.210284471511841,,-1.4756688232421875,0.04874261856079101,0.585245849609375,,,,,,,,83657.0,37.0,9.0,574.0,-1065343482.0,171.0,-26.0,37.0,215.0,-331.0,9911.0
410,83672.0,50233.0,54399.0,52134.0,53464.0,83670.0,3.2621703147888184,,,,,,,,0.401687510362792,-0.04813966115963168,0.5,7.2233476638793945,,-1.473215087890625,0.04832210159301758,0.58524560546875,,,,,,,,83667.0,39.0,9.0,575.0,-1065343481.0,174.0,-27.0,39.0,175.0,-413.0,9977.0
411,83682.0,47068.0,55218.0,54547.0,52710.0,83680.0,3.2621703147888184,,,,,,,,0.40554163543224225,-0.048671505946444676,0.5,7.235890865325928,,-1.472048095703125,0.048161312103271486,0.5855667724609375,,,,,,,,83677.0,40.0,8.0,575.0,-1066392057.0,175.0,-31.0,40.0,174.0,-317.0,9961.0
412,83692.0,48280.0,55443.0,53619.0,52641.0,83690.0,3.2568917274475098,,,,,,,,0.40940943707701166,-0.0491879670012383,0.5,7.247929096221924,,-1.4699869384765625,0.04771283721923828,0.5863678588867187,,,,,,,,83687.0,42.0,8.0,576.0,-1066393081.0,177.0,-33.0,42.0,149.0,-217.0,9756.0
413,83702.0,48214.0,55278.0,53800.0,52446.0,83700.0,3.2621703147888184,,,,,,,,0.4132907312178505,-0.04968895935252127,0.5,7.260331630706787,,-1.46866259765625,0.04709491729736328,0.5867002563476562,,,,,,,,83697.0,40.0,10.0,576.0,-1067441657.0,173.0,-30.0,42.0,5.0,-320.0,9834.0
414,83712.0,49418.0,55707.0,52651.0,51963.0,83710.0,3.2621703147888184,,,,,,,,0.41718541595862296,-0.05017506657996751,0.5,7.272698402404785,,-1.4668934326171874,0.04680038452148438,0.587098876953125,,,,,,,,83707.0,42.0,10.0,576.0,-1067442681.0,176.0,-32.0,39.0,123.0,-217.0,9866.0
415,83722.0,49108.0,55200.0,53008.0,52387.0,83720.0,3.2621703147888184,,,,,,,,0.42109347317932366,-0.0506474736288441,0.5,7.284393310546875,,-1.4651134033203126,0.046407608032226565,0.587462890625,,,,,,,,83717.0,42.0,9.0,576.0,-1068491257.0,175.0,-34.0,40.0,53.0,-216.0,9864.0
416,83732.0,49640.0,54983.0,52619.0,52518.0,83730.0,3.2621703147888184,,,,,,,,0.42501496277979317,-0.05110784945163979,0.5,7.297307729721069,,-1.4634149169921875,0.04613553619384766,0.5882291870117188,,,,,,,,83727.0,44.0,9.0,577.0,-1068492281.0,177.0,-35.0,40.0,97.0,-227.0,9783.0
417,83742.0,47913.0,55795.0,53508.0,51499.0,83740.0,3.2621703147888184,,,,,,,,0.42895000987901727,-0.051558191376825865,0.5,7.311739683151245,,-1.46209814453125,0.045376197814941406,0.5885947265625,,,,,,,,83737.0,46.0,9.0,577.0,-1068492281.0,180.0,-36.0,40.0,104.0,-237.0,9848.0
418,83752.0,49096.0,55218.0,52657.0,51996.0,83750.0,3.2621703147888184,,,,,,,,0.4328987876284266,-0.05200064489693644,0.5,7.32517147064209,,-1.45999365234375,0.045049415588378904,0.589216796875,,,,,,,,83747.0,48.0,9.0,579.0,-1068493305.0,182.0,-37.0,46.0,40.0,-79.0,9765.0
419,83762.0,48886.0,55656.0,52584.0,51689.0,83760.0,3.2621703147888184,,,,,,,,0.4368615028558389,-0.05243746136735204,0.5,7.340390682220459,,-1.4584962158203125,0.044671176910400394,0.5893651733398437,,,,,,,,83757.0,52.0,8.0,579.0,-1068493305.0,186.0,-38.0,46.0,85.0,-165.0,9654.0
420,83772.0,48577.0,56887.0,52817.0,49563.0,83770.0,3.267448902130127,,,,,,,,0.44083837955802685,-0.05287096546384286,0.5,7.352843523025513,,-1.4564609375,0.04417270660400391,0.5899881591796875,,,,,,,,83767.0,54.0,8.0,580.0,-1068493305.0,187.0,-40.0,45.0,121.0,-260.0,9776.0
421,83782.0,49588.0,55465.0,51921.0,51500.0,83780.0,3.267448902130127,,,,,,,,0.44482964115547247,-0.05330352078870816,0.5,7.3656415939331055,,-1.4552862548828125,0.04399129104614258,0.5904429931640625,,,,,,,,83777.0,50.0,6.0,580.0,-1068494328.0,178.0,-43.0,45.0,-96.0,-96.0,9811.0
422,83792.0,48432.0,55388.0,52690.0,51259.0,83790.0,3.267448902130127,,,,,,,,0.44883549305565573,-0.05373749403912925,0.5,7.377869367599487,,-1.4533004150390625,0.04221475601196289,0.5917128295898437,,,,,,,,83787.0,52.0,6.0,582.0,-1068495352.0,179.0,-45.0,50.0,-9.0,-192.0,9654.0
423,83802.0,48692.0,54750.0,52553.0,51933.0,83800.0,3.267448902130127,,,,,,,,0.4528561070091461,-0.0541752181945238,0.5,7.390182971954346,,-1.45141455078125,0.04278359222412109,0.5911969604492188,,,,,,,,83797.0,52.0,6.0,582.0,-1068495352.0,176.0,-45.0,49.0,-43.0,-259.0,9729.0
424,83812.0,46537.0,54371.0,53838.0,52736.0,83810.0,3.267448902130127,,,,,,,,0.45689160854958605,-0.054618955220077106,0.5,7.402467489242554,,-1.449525146484375,0.042180923461914065,0.5917158813476563,,,,,,,,83807.0,52.0,5.0,583.0,-1068495352.0,175.0,-47.0,48.0,-120.0,-325.0,9817.0
425,83822.0,47332.0,54476.0,53408.0,52378.0,83820.0,3.267448902130127,,,,,,,,0.46094206850486197,-0.05507085882082867,0.5,7.415072679519653,,-1.4478818359375,0.04178402709960938,0.5921075439453125,,,,,,,,83817.0,55.0,5.0,583.0,-1068496376.0,177.0,-48.0,47.0,-6.0,-136.0,9660.0
426,83832.0,50027.0,53697.0,51204.0,53137.0,83830.0,3.2727274894714355,,,,,,,,0.4650074991819409,-0.05553293781291789,0.5,7.426620244979858,,-1.446853515625,0.040026119232177734,0.5935958251953125,,,,,,,,83827.0,56.0,5.0,584.0,-1068496376.0,177.0,-48.0,47.0,-34.0,-274.0,9595.0
427,83842.0,50289.0,53267.0,51109.0,53740.0,83840.0,3.267448902130127,,,,,,,,0.4690878553977675,-0.05600702070401639,0.5,7.438793182373047,,-1.44423779296875,0.0406360092163086,0.5925812377929688,,,,,,,,83837.0,62.0,5.0,583.0,-1069543928.0,185.0,-49.0,41.0,9.0,-251.0,9689.0
428,83852.0,49800.0,54026.0,51747.0,52539.0,83850.0,3.2727274894714355,,,,,,,,0.4731830400920069,-0.05649472209172755,0.5,7.450743198394775,,-1.4422763671875,0.04010923004150391,0.5929492797851562,,,,,,,,83847.0,66.0,5.0,584.0,-1069543928.0,190.0,-49.0,40.0,-25.0,-127.0,9605.0
429,83862.0,47042.0,54508.0,53916.0,52193.0,83860.0,3.2727274894714355,,,,,,,,0.4772929138527237,-0.05699741149494991,0.5,7.46271538734436,,-1.4406497802734375,0.039514011383056644,0.5932431640625,,,,,,,,83857.0,68.0,5.0,584.0,-1070592504.0,190.0,-50.0,38.0,-48.0,-287.0,9575.0
430,83872.0,47910.0,55074.0,53450.0,51703.0,83870.0,3.267448902130127,,,,,,,,0.48141730734828864,-0.05751618522707505,0.5,7.474753379821777,,-1.4388544921875,0.03892728042602539,0.5941857299804687,,,,,,,,83867.0,66.0,6.0,585.0,-1070592504.0,185.0,-48.0,35.0,-24.0,-108.0,9626.0
431,83882.0,46026.0,57192.0,54615.0,48758.0,83880.0,3.2727274894714355,,,,,,,,0.4855560354165694,-0.05805184189979076,0.5,7.487677097320557,,-1.43766845703125,0.03855303192138672,0.5942526245117188,,,,,,,,83877.0,68.0,5.0,585.0,-1071641080.0,186.0,-49.0,33.0,-25.0,-21.0,9537.0
432,83892.0,49542.0,54837.0,52278.0,51692.0,83890.0,3.2727274894714355,,,,,,,,0.48970891143587886,-0.0586048621108442,0.5,7.500549554824829,,-1.435739990234375,0.038464168548583984,0.5945623168945312,,,,,,,,83887.0,65.0,4.0,585.0,-1071641080.0,178.0,-51.0,30.0,88.0,-171.0,9567.0
433,83902.0,49008.0,55927.0,52990.0,50490.0,83900.0,3.267448902130127,,,,,,,,0.4938757606010809,-0.0591753928174861,0.5,7.512091875076294,,-1.4341248779296876,0.03772170639038086,0.5947515258789062,,,,,,,,83897.0,67.0,4.0,585.0,-1071642104.0,179.0,-50.0,28.0,-46.0,-33.0,9576.0
434,83912.0,47633.0,55519.0,54045.0,51182.0,83910.0,3.267448902130127,,,,,,,,0.49805643085163104,-0.05976323682921325,0.5,7.524463653564453,,-1.4319437255859375,0.03684986114501953,0.5951763305664063,,,,,,,,83907.0,67.0,3.0,586.0,-1071642105.0,177.0,-52.0,26.0,-84.0,27.0,9574.0
435,83922.0,49016.0,55062.0,53391.0,51868.0,83920.0,3.267448902130127,,,,,,,,0.5022508004353045,-0.06036784777251335,0.5,7.537383794784546,,-1.430513427734375,0.03633113861083984,0.5953519287109375,,,,,,,,83917.0,69.0,2.0,585.0,-1071642105.0,177.0,-52.0,18.0,-49.0,-184.0,9551.0
436,83932.0,47632.0,55368.0,54268.0,51819.0,83930.0,3.267448902130127,,,,,,,,0.5064587814145283,-0.06098833079147428,0.5,7.548919439315796,,-1.4285880126953125,0.036240966796875,0.5958530883789063,,,,,,,,83927.0,73.0,2.0,585.0,-1071643129.0,181.0,-52.0,15.0,-178.0,43.0,9606.0
437,83942.0,48986.0,55165.0,53448.0,51916.0,83940.0,3.267448902130127,,,,,,,,0.5106803188081591,-0.06162344912674285,0.5,7.561317205429077,,-1.426776123046875,0.035501853942871094,0.5955498046875,,,,,,,,83937.0,75.0,2.0,585.0,-1071643129.0,182.0,-52.0,13.0,-89.0,-8.0,9554.0
438,83952.0,49627.0,55609.0,52968.0,51813.0,83950.0,3.2621703147888184,,,,,,,,0.5149153854771645,-0.06227163659130469,0.5,7.573399782180786,,-1.4248502197265625,0.034565181732177735,0.59590625,,,,,,,,83947.0,79.0,1.0,585.0,-1071643129.0,186.0,-53.0,11.0,-51.0,-154.0,9498.0
439,83962.0,50836.0,54379.0,51722.0,52921.0,83960.0,3.2621703147888184,,,,,,,,0.5191639732656389,-0.06293101583636145,0.5,7.5861594676971436,,-1.4232540283203126,0.03350510025024414,0.5958967895507813,,,,,,,,83957.0,81.0,0.0,586.0,-1072691705.0,186.0,-53.0,8.0,-137.0,-138.0,9651.0
440,83972.0,49034.0,54769.0,53594.0,52700.0,83970.0,3.2568917274475098,,,,,,,,0.5234260812646238,-0.06359942217687581,0.5,7.59922456741333,,-1.421329833984375,0.03394131469726563,0.5963097534179688,,,,,,,,83967.0,82.0,0.0,587.0,-1072691705.0,186.0,-54.0,12.0,147.0,-149.0,9434.0
441,83982.0,42570.0,55331.0,57573.0,52424.0,83980.0,3.2568917274475098,,,,,,,,0.5277017023439501,-0.06427443262973444,0.5,7.611173391342163,,-1.419495361328125,0.03325107192993164,0.5960738525390625,,,,,,,,83977.0,84.0,0.0,587.0,-1072691705.0,187.0,-54.0,10.0,-113.0,-239.0,9583.0
442,83992.0,47641.0,55636.0,54516.0,52047.0,83990.0,3.2568917274475098,,,,,,,,0.5319908092724469,-0.06495339971318849,0.5,7.6227545738220215,,-1.41755419921875,0.03263928604125976,0.5961304931640625,,,,,,,,83987.0,78.0,6.0,587.0,-1073740282.0,173.0,-42.0,6.0,-24.0,-138.0,9689.0
443,84002.0,48621.0,56052.0,54229.0,51452.0,84000.0,3.2568917274475098,,,,,,,,0.53629334180418,-0.06563348946852458,0.5,7.635144472122192,,-1.41570361328125,0.03120113754272461,0.5964417724609375,,,,,,,,83997.0,79.0,5.0,587.0,-536869370.0,171.0,-42.0,5.0,-76.0,52.0,9499.0
444,84012.0,50275.0,55205.0,53131.0,52430.0,84010.0,3.2568917274475098,,,,,,,,0.5406091960430223,-0.06631172309650844,0.5,7.6484715938568115,,-1.413705810546875,0.03153019142150879,0.59631689453125,,,,,,,,84007.0,81.0,5.0,586.0,-536869370.0,172.0,-42.0,0.0,-8.0,-59.0,9518.0
445,84022.0,49964.0,54701.0,53467.0,53030.0,84020.0,3.2568917274475098,,,,,,,,0.5449382172154954,-0.06698502155285521,0.5,7.6600401401519775,,-1.4122449951171876,0.03103160285949707,0.5963330688476562,,,,,,,,84017.0,82.0,5.0,586.0,-535820794.0,171.0,-41.0,-3.0,-54.0,-54.0,9684.0
446,84032.0,48690.0,55967.0,54285.0,51887.0,84030.0,3.2568917274475098,,,,,,,,0.5492801962709775,-0.06765025262999572,0.5,7.671527147293091,,-1.409995849609375,0.030419078826904297,0.5962908325195313,,,,,,,,84027.0,84.0,5.0,586.0,-535820794.0,171.0,-41.0,-5.0,-57.0,8.0,9614.0
447,84042.0,48706.0,56190.0,54335.0,51583.0,84040.0,3.2568917274475098,,,,,,,,0.5536348716765189,-0.06830427965779952,0.5,7.683035850524902,,-1.408396728515625,0.029600324630737303,0.5964251708984375,,,,,,,,84037.0,86.0,3.0,586.0,-535819770.0,172.0,-42.0,-7.0,-56.0,-46.0,9756.0
448,84052.0,50012.0,56224.0,53200.0,51455.0,84050.0,3.2568917274475098,,,,,,,,0.5580019461449357,-0.06894419774561132,0.5,7.69514274597168,,-1.406603759765625,0.029639274597167968,0.59651611328125,,,,,,,,84047.0,88.0,3.0,587.0,-535819770.0,173.0,-41.0,-5.0,-48.0,90.0,9624.0
449,84062.0,50617.0,55352.0,52899.0,52381.0,84060.0,3.2568917274475098,,,,,,,,0.5623811080745336,-0.06956758238874623,0.5,7.707556962966919,,-1.404716552734375,0.028840988159179688,0.59625341796875,,,,,,,,84057.0,91.0,3.0,587.0,-536868346.0,175.0,-41.0,-6.0,38.0,-58.0,9711.0
450,84072.0,50782.0,55958.0,53022.0,51752.0,84070.0,3.251613140106201,,,,,,,,0.5667720536013816,-0.07017268910316582,0.5,7.7201879024505615,,-1.4022010498046875,0.027921642303466797,0.5957957153320312,,,,,,,,84067.0,94.0,3.0,587.0,-536867322.0,179.0,-40.0,-8.0,1.0,-140.0,9772.0
451,84082.0,49428.0,55320.0,53700.0,52679.0,84080.0,3.2568917274475098,,,,,,,,0.571174507315823,-0.0707585882721332,0.5,7.732483625411987,,-1.4014898681640624,0.027490867614746093,0.5966463012695312,,,,,,,,84077.0,96.0,2.0,587.0,-1073738234.0,179.0,-40.0,-8.0,-111.0,29.0,9863.0
452,84092.0,49224.0,54657.0,54286.0,53656.0,84090.0,3.251613140106201,,,,,,,,0.5755882398731873,-0.07132522547675499,0.5,7.744030952453613,,-1.3992540283203125,0.02747435188293457,0.5964960327148437,,,,,,,,84087.0,98.0,2.0,586.0,-1072689659.0,180.0,-40.0,-8.0,-6.0,-12.0,9774.0
453,84102.0,49326.0,56404.0,54196.0,51704.0,84100.0,3.251613140106201,,,,,,,,0.5800130810598064,-0.07187340430433103,0.5,7.757105350494385,,-1.3974859619140625,0.02679294013977051,0.596017822265625,,,,,,,,84097.0,102.0,3.0,586.0,-1072689659.0,185.0,-38.0,-12.0,69.0,-126.0,9585.0
454,84112.0,49748.0,55137.0,53706.0,53120.0,84110.0,3.2568917274475098,,,,,,,,0.5844489273270284,-0.07240469534476524,0.5,7.7688024044036865,,-1.3951142578125,0.0262147216796875,0.5958662719726563,,,,,,,,84107.0,102.0,1.0,585.0,-1072689659.0,183.0,-41.0,-14.0,-15.0,-136.0,9813.0
455,84122.0,48866.0,55319.0,54716.0,53007.0,84120.0,3.251613140106201,,,,,,,,0.5888957432984243,-0.07292128134202898,0.5,7.7804114818573,,-1.3937640380859375,0.025735361099243164,0.5959749145507812,,,,,,,,84117.0,104.0,1.0,585.0,-1072689659.0,185.0,-41.0,-15.0,-28.0,-11.0,9662.0
456,84132.0,45766.0,55642.0,56409.0,52716.0,84130.0,3.2568917274475098,,,,,,,,0.593353556796257,-0.07342575423451432,0.5,7.791980028152466,,-1.3912406005859375,0.02473406982421875,0.5957359008789063,,,,,,,,84127.0,106.0,1.0,585.0,-1072689659.0,186.0,-41.0,-16.0,-134.0,-158.0,9776.0
457,84142.0,48924.0,56010.0,54657.0,52196.0,84140.0,3.251613140106201,,,,,,,,0.5978224496628763,-0.07392088149201743,0.5,7.803622484207153,,-1.38976416015625,0.02467850685119629,0.5957329711914062,,,,,,,,84137.0,106.0,2.0,585.0,-1072689659.0,183.0,-38.0,-16.0,-62.0,-7.0,9776.0
458,84152.0,49980.0,55482.0,54081.0,52591.0,84150.0,3.251613140106201,,,,,,,,0.6023025500562669,-0.07440954123199761,0.5,7.815706253051758,,-1.38768017578125,0.02403345489501953,0.5956432495117188,,,,,,,,84147.0,107.0,2.0,585.0,-1073738235.0,182.0,-38.0,-16.0,-32.0,28.0,9716.0
459,84162.0,48471.0,55780.0,55156.0,52406.0,84160.0,3.251613140106201,,,,,,,,0.6067940213527755,-0.07489467959822321,0.5,7.827259540557861,,-1.3859593505859376,0.023056596755981446,0.59569873046875,,,,,,,,84157.0,109.0,1.0,585.0,-1073738235.0,183.0,-38.0,-17.0,-30.0,-136.0,9734.0
460,84172.0,50340.0,54483.0,53809.0,53812.0,84170.0,3.251613140106201,,,,,,,,0.6112970478875642,-0.07537926618001707,0.5,7.840056896209717,,-1.3840416259765624,0.02313538360595703,0.5955866088867188,,,,,,,,84167.0,110.0,1.0,585.0,-536867323.0,183.0,-38.0,-18.0,-26.0,-68.0,9713.0
461,84182.0,47478.0,56350.0,55513.0,51478.0,84180.0,3.251613140106201,,,,,,,,0.6158118188848791,-0.07586624804639513,0.5,7.8516693115234375,,-1.382102783203125,0.022532630920410156,0.5951483764648438,,,,,,,,84177.0,118.0,0.0,586.0,-536867323.0,194.0,-38.0,-10.0,-129.0,142.0,9708.0
462,84192.0,50146.0,55771.0,53637.0,52066.0,84190.0,3.251613140106201,,,,,,,,0.6203385120603708,-0.07635850301376153,0.5,7.863240480422974,,-1.380735595703125,0.022256633758544923,0.5950179443359375,,,,,,,,84187.0,117.0,0.0,586.0,-536867323.0,190.0,-38.0,-11.0,-33.0,-33.0,9757.0
463,84202.0,50350.0,55658.0,53511.0,52172.0,84200.0,3.251613140106201,,,,,,,,0.624877278368687,-0.07685879280424925,0.5,7.875279903411865,,-1.378326904296875,0.021509487152099608,0.5949505004882812,,,,,,,,84197.0,120.0,0.0,586.0,-536867324.0,193.0,-39.0,-12.0,78.0,-121.0,9767.0
464,84212.0,50197.0,55030.0,53700.0,52875.0,84210.0,3.251613140106201,,,,,,,,0.6294282292261311,-0.07736971678534284,0.5,7.887082815170288,,-1.3761278076171874,0.021091014862060546,0.5954542846679688,,,,,,,,84207.0,123.0,0.0,586.0,-536867324.0,196.0,-39.0,-12.0,-20.0,-29.0,9812.0
465,84222.0,49945.0,55448.0,53850.0,52133.0,84220.0,3.251613140106201,,,,,,,,0.6339914272768213,-0.0778936670078937,0.5,7.8995983600616455,,-1.37471826171875,0.020706430435180664,0.5950458984375,,,,,,,,84217.0,125.0,0.0,585.0,-1073738236.0,196.0,-36.0,-12.0,89.0,0.0,9722.0
466,84232.0,47678.0,55855.0,55169.0,52133.0,84230.0,3.251613140106201,,,,,,,,0.6385668814177606,-0.07843278527686857,0.5,7.911099910736084,,-1.3721475830078125,0.019848539352416993,0.5944734497070312,,,,,,,,84227.0,128.0,-1.0,586.0,-1073738236.0,199.0,-38.0,-9.0,-151.0,-141.0,9857.0
467,84242.0,47602.0,56327.0,55232.0,51044.0,84240.0,3.2568917274475098,,,,,,,,0.6431545463871552,-0.07898892299508596,0.5,7.922659397125244,,-1.3704005126953125,0.019413379669189452,0.5944169921875,,,,,,,,84237.0,130.0,-1.0,586.0,-1072689660.0,200.0,-38.0,-10.0,25.0,-43.0,9834.0
468,84252.0,49193.0,55298.0,54241.0,52176.0,84250.0,3.2568917274475098,,,,,,,,0.6477543267893227,-0.07956360451290188,0.5,7.935314416885376,,-1.3683505859375,0.018990251541137697,0.5947042846679688,,,,,,,,84247.0,129.0,-1.0,586.0,-1072689660.0,195.0,-38.0,-8.0,-62.0,-143.0,9746.0
469,84262.0,46368.0,55952.0,56192.0,51707.0,84260.0,3.2568917274475098,,,,,,,,0.6523660850179878,-0.08015799469468558,0.5,7.9487128257751465,,-1.3664822998046875,0.01841305923461914,0.5941815795898437,,,,,,,,84257.0,131.0,-1.0,586.0,-1072689660.0,195.0,-38.0,-9.0,-44.0,-194.0,9738.0
470,84272.0,48511.0,54495.0,54932.0,53194.0,84270.0,3.2568917274475098,,,,,,,,0.656989652185015,-0.08077287137472382,0.5,7.960542917251587,,-1.364171142578125,0.017798830032348632,0.59392529296875,,,,,,,,84267.0,130.0,-1.0,585.0,-1072689660.0,191.0,-36.0,-13.0,-108.0,42.0,9772.0
471,84282.0,47979.0,55242.0,55219.0,52534.0,84280.0,3.2568917274475098,,,,,,,,0.6616248408957223,-0.08140860332011422,0.5,7.972189903259277,,-1.3625216064453125,0.01731956672668457,0.593737548828125,,,,,,,,84277.0,132.0,-1.0,585.0,-1072690684.0,192.0,-36.0,-13.0,-150.0,14.0,9684.0
472,84292.0,50327.0,54632.0,53677.0,53018.0,84290.0,3.2568917274475098,,,,,,,,0.6662714585588135,-0.08206513424602718,0.5,7.983790159225464,,-1.3606920166015626,0.01685213279724121,0.5937166137695312,,,,,,,,84287.0,135.0,0.0,585.0,-1073738237.0,195.0,-33.0,-14.0,10.0,-134.0,9679.0
473,84302.0,50138.0,55160.0,53968.0,52374.0,84300.0,3.2568917274475098,,,,,,,,0.6709293198931616,-0.08274197334081264,0.5,7.995768785476685,,-1.3586146240234376,0.016367731094360353,0.593370361328125,,,,,,,,84297.0,140.0,0.0,585.0,-1073738237.0,201.0,-32.0,-15.0,-25.0,-50.0,9667.0
474,84312.0,49580.0,56122.0,54912.0,52068.0,84310.0,3.2568917274475098,,,,,,,,0.6755982573963001,-0.08343819266960131,0.5,8.007887363433838,,-1.3558251953125,0.015485733032226563,0.5928421630859375,,,,,,,,84307.0,142.0,0.0,582.0,-536867325.0,201.0,-32.0,-32.0,-94.0,-17.0,9750.0
475,84322.0,48995.0,56249.0,55491.0,51802.0,84320.0,3.2568917274475098,,,,,,,,0.6802781287514376,-0.08415243170335661,0.5,8.019811391830444,,-1.3545921630859374,0.015360984802246094,0.59286865234375,,,,,,,,84317.0,143.0,-3.0,582.0,-536867325.0,201.0,-37.0,-33.0,-25.0,-98.0,9788.0
476,84332.0,49105.0,56278.0,55354.0,52304.0,84330.0,3.251613140106201,,,,,,,,0.6849688204695112,-0.08488290907795767,0.5,8.03147029876709,,-1.35225146484375,0.014346340179443359,0.59281201171875,,,,,,,,84327.0,145.0,-3.0,581.0,-536867325.0,202.0,-37.0,-33.0,-65.0,35.0,9713.0
477,84342.0,49737.0,56762.0,55006.0,51572.0,84340.0,3.251613140106201,,,,,,,,0.6896702474475961,-0.08562744154956674,0.5,8.04287838935852,,-1.3509525146484376,0.014478961944580078,0.5924401245117188,,,,,,,,84337.0,146.0,-4.0,581.0,-1073738237.0,200.0,-38.0,-34.0,46.0,-71.0,9764.0
478,84352.0,51123.0,56458.0,54354.0,52087.0,84350.0,3.2463345527648926,,,,,,,,0.6943823485398068,-0.08638346997237469,0.5,8.05479621887207,,-1.347854248046875,0.013623948097229005,0.592010498046875,,,,,,,,84347.0,147.0,-4.0,581.0,-1073738238.0,201.0,-38.0,-34.0,33.0,-135.0,9706.0
479,84362.0,49266.0,56452.0,55651.0,52342.0,84360.0,3.2463345527648926,,,,,,,,0.6991050786429163,-0.08714809198768776,0.5,8.067082405090332,,-1.3464344482421875,0.013259740829467773,0.5919056396484375,,,,,,,,84357.0,149.0,-4.0,580.0,-1072689662.0,200.0,-38.0,-37.0,-60.0,-71.0,9821.0
480,84372.0,47661.0,56784.0,56687.0,52054.0,84370.0,3.2463345527648926,,,,,,,,0.7038383981580227,-0.08791810098445706,0.5,8.078709840774536,,-1.3442637939453126,0.012718890190124512,0.5921395874023437,,,,,,,,84367.0,151.0,-5.0,580.0,-1072689662.0,201.0,-38.0,-37.0,33.0,-116.0,9746.0
481,84382.0,50604.0,56391.0,54757.0,52541.0,84380.0,3.2463345527648926,,,,,,,,0.7085822609679604,-0.08869003077551427,0.5,8.09048581123352,,-1.34218115234375,0.011908896446228027,0.5919498291015625,,,,,,,,84377.0,151.0,-5.0,579.0,-1072689662.0,199.0,-38.0,-38.0,44.0,-89.0,9546.0
482,84392.0,50518.0,54997.0,54452.0,53906.0,84390.0,3.2463345527648926,,,,,,,,0.7133366022415575,-0.08946020533466692,0.5,8.101871967315674,,-1.339307861328125,0.011351826667785645,0.5907617797851562,,,,,,,,84387.0,154.0,-6.0,579.0,-1072689662.0,201.0,-39.0,-40.0,-27.0,-211.0,9937.0
483,84402.0,49518.0,55574.0,55481.0,53048.0,84400.0,3.2463345527648926,,,,,,,,0.718101327423877,-0.09022479285959988,0.5,8.113287687301636,,-1.3384283447265626,0.011439848899841308,0.5913449096679687,,,,,,,,84397.0,159.0,-6.0,580.0,-1072689662.0,207.0,-39.0,-32.0,-45.0,11.0,9665.0
484,84412.0,48241.0,55830.0,56213.0,53061.0,84410.0,3.2463345527648926,,,,,,,,0.7228763030905958,-0.09097986378065925,0.5,8.125359058380127,,-1.3357047119140626,0.010603154182434082,0.5911452026367188,,,,,,,,84407.0,161.0,-6.0,580.0,-1072689662.0,207.0,-38.0,-32.0,-70.0,-165.0,9735.0
485,84422.0,49161.0,55539.0,55820.0,53505.0,84420.0,3.241055965423584,,,,,,,,0.7276613520461542,-0.09172145151012102,0.5,8.137240886688232,,-1.3338970947265625,0.00896665382385254,0.590844482421875,,,,,,,,84417.0,163.0,-6.0,579.0,-1073738238.0,208.0,-37.0,-34.0,-57.0,-121.0,9878.0
486,84432.0,50161.0,56031.0,55022.0,53000.0,84430.0,3.241055965423584,,,,,,,,0.732456263932824,-0.09244588979962304,0.5,8.149553298950195,,-1.33137255859375,0.00936686897277832,0.5902601928710938,,,,,,,,84427.0,165.0,-6.0,579.0,-1073738238.0,210.0,-37.0,-33.0,-8.0,46.0,9804.0
487,84442.0,50513.0,56389.0,54865.0,52305.0,84440.0,3.241055965423584,,,,,,,,0.737260808932181,-0.09315012614659987,0.5,8.161672115325928,,-1.3300889892578125,0.009255119323730469,0.5903589477539063,,,,,,,,84437.0,167.0,-7.0,579.0,-1073738238.0,210.0,-38.0,-31.0,75.0,-115.0,9841.0
488,84452.0,50627.0,55801.0,54844.0,52932.0,84450.0,3.241055965423584,,,,,,,,0.742074752769008,-0.09383197271728087,0.5,8.173995018005371,,-1.327486572265625,0.00873427677154541,0.5901818237304688,,,,,,,,84447.0,169.0,-7.0,579.0,-536867326.0,210.0,-37.0,-31.0,-10.0,-113.0,9954.0
489,84462.0,49191.0,55991.0,55691.0,52907.0,84460.0,3.241055965423584,,,,,,,,0.7468978716519271,-0.0944902749622939,0.5,8.185617923736572,,-1.3252921142578125,0.0076228418350219726,0.58952099609375,,,,,,,,84457.0,171.0,-7.0,578.0,-536867327.0,211.0,-37.0,-31.0,-90.0,8.0,10026.0
490,84472.0,49977.0,57464.0,55100.0,50932.0,84470.0,3.241055965423584,,,,,,,,0.7517299658375852,-0.09512498583283871,0.5,8.19734001159668,,-1.322893798828125,0.007385850429534912,0.589327392578125,,,,,,,,84467.0,173.0,-7.0,578.0,-1073738239.0,212.0,-37.0,-29.0,16.0,-10.0,9793.0
491,84482.0,50065.0,56378.0,54878.0,52712.0,84480.0,3.241055965423584,,,,,,,,0.7565708706767971,-0.0957371420028843,0.5,8.208865642547607,,-1.3215887451171875,0.007169717788696289,0.5894481811523438,,,,,,,,84477.0,175.0,-13.0,578.0,-1073737215.0,212.0,-45.0,-28.0,61.0,-91.0,9734.0
492,84492.0,51056.0,56073.0,54130.0,52631.0,84490.0,3.2463345527648926,,,,,,,,0.7614204642761171,-0.09632874694338889,0.5,8.220593452453613,,-1.3185758056640624,0.006245491981506347,0.5890602416992188,,,,,,,,84487.0,180.0,-12.0,577.0,-1073737215.0,218.0,-44.0,-29.0,-65.0,-73.0,9920.0
493,84502.0,49859.0,55940.0,55298.0,52963.0,84500.0,3.241055965423584,,,,,,,,0.7662786712089151,-0.09690257357580795,0.5,8.232075214385986,,-1.316650634765625,0.0054385757446289065,0.5888167114257813,,,,,,,,84497.0,181.0,-12.0,577.0,-1072688639.0,218.0,-43.0,-28.0,-25.0,-72.0,9791.0
494,84512.0,49167.0,56154.0,55442.0,52791.0,84510.0,3.2463345527648926,,,,,,,,0.7711454615192943,-0.09746190665522886,0.5,8.243925333023071,,-1.3139766845703125,0.005114369869232178,0.5882369995117187,,,,,,,,84507.0,184.0,-13.0,577.0,-1072688639.0,219.0,-44.0,-28.0,-2.0,-162.0,9845.0
495,84522.0,49395.0,55642.0,55342.0,53007.0,84520.0,3.2463345527648926,,,,,,,,0.7760208470570603,-0.09801024648114304,0.5,8.256633281707764,,-1.3129197998046875,0.005204084873199463,0.588631103515625,,,,,,,,84517.0,188.0,-14.0,576.0,-1072688639.0,224.0,-44.0,-28.0,-7.0,-57.0,9988.0
496,84532.0,49765.0,55903.0,55096.0,52625.0,84530.0,3.2463345527648926,,,,,,,,0.7809048779375696,-0.09855120184591626,0.5,8.268885612487793,,-1.3094573974609376,0.003979629755020141,0.5879380493164063,,,,,,,,84527.0,191.0,-14.0,577.0,-1072688639.0,225.0,-45.0,-24.0,1.0,37.0,9832.0
497,84542.0,45908.0,57009.0,57608.0,51211.0,84540.0,3.2463345527648926,,,,,,,,0.7857976359745085,-0.09908843570028483,0.5,8.280994892120361,,-1.30839990234375,0.0038686482906341553,0.5880859985351562,,,,,,,,84537.0,193.0,-14.0,576.0,-1073737215.0,226.0,-45.0,-23.0,31.0,-60.0,9734.0
498,84552.0,48441.0,55980.0,56236.0,52333.0,84550.0,3.2463345527648926,,,,,,,,0.7906992248038965,-0.09962560871948953,0.5,8.292965412139893,,-1.30598046875,0.0034664878845214846,0.5881641235351562,,,,,,,,84547.0,185.0,-13.0,576.0,-1073738239.0,210.0,-41.0,-23.0,-17.0,-108.0,9939.0
499,84562.0,47741.0,56241.0,56338.0,52041.0,84560.0,3.251613140106201,,,,,,,,0.7956097577844945,-0.10016632152196522,0.5,8.305479288101196,,-1.30418896484375,0.0030715508460998535,0.5881390991210937,,,,,,,,84557.0,186.0,-13.0,576.0,-536867327.0,208.0,-41.0,-23.0,-98.0,-63.0,9903.0
500,84572.0,48310.0,56113.0,56285.0,52082.0,84570.0,3.2463345527648926,,,,,,,,0.8005293449377171,-0.10071405635148689,0.5,8.317801475524902,,-1.30118798828125,0.0022619469165802,0.587580322265625,,,,,,,,84567.0,190.0,-14.0,576.0,-536867327.0,213.0,-42.0,-20.0,-38.0,52.0,9652.0
501,84582.0,48757.0,55834.0,55903.0,52616.0,84580.0,3.2463345527648926,,,,,,,,0.8054580802420297,-0.10127211908041925,0.5,8.329891443252563,,-1.299656494140625,0.0020388016700744627,0.5876497192382812,,,,,,,,84577.0,193.0,-14.0,576.0,-535818751.0,215.0,-41.0,-21.0,-39.0,-96.0,9690.0
502,84592.0,51225.0,54859.0,53956.0,53406.0,84590.0,3.251613140106201,,,,,,,,0.8103960305214105,-0.10184358243078556,0.5,8.34249758720398,,-1.2969315185546875,0.0011626083850860595,0.5872496337890625,,,,,,,,84587.0,194.0,-14.0,576.0,-535818751.0,215.0,-40.0,-22.0,-68.0,70.0,9892.0
503,84602.0,50281.0,55405.0,54910.0,52886.0,84600.0,3.2463345527648926,,,,,,,,0.8153432269753839,-0.10243123133772228,0.5,8.355144023895264,,-1.295086181640625,0.0009192565679550171,0.5871543579101562,,,,,,,,84597.0,198.0,-14.0,575.0,-535817727.0,218.0,-39.0,-22.0,36.0,66.0,9975.0
504,84612.0,49015.0,55779.0,55400.0,52365.0,84610.0,3.251613140106201,,,,,,,,0.8202996601099847,-0.10303751139305287,0.5,8.367377758026123,,-1.2922774658203124,0.0002010030746459961,0.5870459594726563,,,,,,,,84607.0,200.0,-14.0,576.0,-535817728.0,219.0,-38.0,-17.0,-40.0,-99.0,9730.0
505,84622.0,48317.0,55460.0,55988.0,53045.0,84620.0,3.2463345527648926,,,,,,,,0.8252652784735803,-0.10366448130207098,0.5,8.380385875701904,,-1.2903662109375,-0.00020722994208335877,0.5868063354492188,,,,,,,,84617.0,202.0,-16.0,575.0,-535817728.0,220.0,-40.0,-17.0,-61.0,-63.0,9820.0
506,84632.0,49601.0,56339.0,55002.0,51692.0,84630.0,3.251613140106201,,,,,,,,0.8302399912132972,-0.10431377026165575,0.5,8.392287015914917,,-1.28810205078125,-0.0005572171211242676,0.587007080078125,,,,,,,,84627.0,205.0,-15.0,575.0,-535816704.0,223.0,-38.0,-18.0,46.0,-37.0,9721.0
507,84642.0,51527.0,55018.0,53504.0,53285.0,84640.0,3.251613140106201,,,,,,,,0.8352236740842482,-0.10498654112087197,0.5,8.40489149093628,,-1.2857489013671874,-0.0010218275785446166,0.586562255859375,,,,,,,,84637.0,207.0,-16.0,575.0,-535816704.0,223.0,-39.0,-18.0,-65.0,10.0,9658.0
508,84652.0,50044.0,55588.0,55227.0,52935.0,84650.0,3.2463345527648926,,,,,,,,0.840216178201766,-0.10568346011557475,0.5,8.41699504852295,,-1.2831114501953125,-0.001694466233253479,0.58644091796875,,,,,,,,84647.0,209.0,-16.0,575.0,-535816704.0,224.0,-38.0,-19.0,19.0,-121.0,9874.0
509,84662.0,48745.0,56653.0,55867.0,51583.0,84660.0,3.251613140106201,,,,,,,,0.8452173405595449,-0.10640467387669778,0.5,8.429169416427612,,-1.2816256103515624,-0.0019537036418914794,0.5865430297851563,,,,,,,,84657.0,211.0,-17.0,574.0,-535815680.0,225.0,-38.0,-25.0,30.0,-25.0,9879.0
510,84672.0,48681.0,56636.0,56066.0,51816.0,84670.0,3.2463345527648926,,,,,,,,0.8502269951702804,-0.10714979429953816,0.5,8.44119381904602,,-1.2784764404296876,-0.003274166822433472,0.5867388305664063,,,,,,,,84667.0,213.0,-17.0,574.0,-535815680.0,227.0,-38.0,-24.0,57.0,1.0,9776.0
511,84682.0,49563.0,56490.0,55500.0,51993.0,84680.0,3.2463345527648926,,,,,,,,0.8552449836399107,-0.10791789174300448,0.5,8.45315957069397,,-1.2766639404296876,-0.0030639634132385253,0.5860503540039063,,,,,,,,84677.0,214.0,-17.0,573.0,-535816192.0,226.0,-37.0,-24.0,122.0,-58.0,9777.0
512,84692.0,51186.0,55262.0,54287.0,53406.0,84690.0,3.2463345527648926,,,,,,,,0.8602711640523723,-0.1087074969034304,0.5,8.465681552886963,,-1.2737913818359374,-0.0036115434169769287,0.585693603515625,,,,,,,,84687.0,217.0,-18.0,573.0,-536864768.0,228.0,-37.0,-25.0,109.0,-53.0,9812.0
513,84702.0,50048.0,54876.0,55005.0,53414.0,84700.0,3.2463345527648926,,,,,,,,0.8653054172293757,-0.1095166115237145,0.5,8.478126764297485,,-1.2718330078125,-0.003956836938858032,0.5856857299804688,,,,,,,,84697.0,220.0,-18.0,574.0,-536864768.0,231.0,-36.0,-17.0,134.0,30.0,9867.0
514,84712.0,47884.0,55890.0,56386.0,52467.0,84710.0,3.2463345527648926,,,,,,,,0.8703476497173576,-0.11034272793311967,0.5,8.48992919921875,,-1.269465087890625,-0.0043622727394104005,0.58580126953125,,,,,,,,84707.0,224.0,-18.0,574.0,-536863744.0,235.0,-36.0,-17.0,44.0,-193.0,9785.0
515,84722.0,48612.0,55939.0,55860.0,52466.0,84720.0,3.2463345527648926,,,,,,,,0.8753977932080163,-0.11118285725158225,0.5,8.502825021743774,,-1.26749169921875,-0.005311762809753418,0.5853208618164063,,,,,,,,84717.0,226.0,-18.0,574.0,-536863744.0,237.0,-36.0,-17.0,45.0,-12.0,9820.0
516,84732.0,50503.0,55754.0,54468.0,52672.0,84730.0,3.2463345527648926,,,,,,,,0.8804558004862542,-0.11203356593757396,0.5,8.515275239944458,,-1.265581787109375,-0.005287574768066406,0.5855135498046875,,,,,,,,84727.0,228.0,-18.0,574.0,-536863744.0,239.0,-35.0,-17.0,164.0,3.0,9767.0
517,84742.0,49218.0,55702.0,55303.0,52595.0,84740.0,3.2463345527648926,,,,,,,,0.885521638381247,-0.11289102021551276,0.5,8.52743935585022,,-1.2621890869140624,-0.005883988380432129,0.5850354614257812,,,,,,,,84737.0,231.0,-19.0,574.0,-536863744.0,241.0,-36.0,-13.0,9.0,-113.0,9827.0
518,84752.0,48311.0,55498.0,55924.0,52801.0,84750.0,3.2463345527648926,,,,,,,,0.8905952785345513,-0.11375103779148513,0.5,8.539794445037842,,-1.2599598388671875,-0.006198854923248291,0.5852811279296875,,,,,,,,84747.0,233.0,-19.0,574.0,-536863744.0,242.0,-36.0,-13.0,108.0,-129.0,9972.0
519,84762.0,46156.0,57174.0,57078.0,50836.0,84760.0,3.2463345527648926,,,,,,,,0.8956766870596081,-0.11460914615715506,0.5,8.551749229431152,,-1.257280029296875,-0.0073223567008972165,0.5847947998046875,,,,,,,,84757.0,235.0,-20.0,574.0,-536863744.0,243.0,-36.0,-12.0,94.0,-39.0,9861.0
520,84772.0,49695.0,55795.0,54970.0,52322.0,84770.0,3.2463345527648926,,,,,,,,0.900765814239398,-0.11546064673899875,0.5,8.564253330230713,,-1.2543724365234374,-0.007652737617492676,0.5845567016601563,,,,,,,,84767.0,234.0,-19.0,574.0,-536864768.0,239.0,-34.0,-12.0,104.0,-48.0,9804.0
521,84782.0,51732.0,54250.0,53456.0,53860.0,84780.0,3.2463345527648926,,,,,,,,0.9058625850487247,-0.11630068470965749,0.5,8.577208995819092,,-1.25127685546875,-0.008097000122070312,0.584483154296875,,,,,,,,84777.0,241.0,-18.0,574.0,-536863744.0,248.0,-32.0,-12.0,93.0,-89.0,9904.0
522,84792.0,50402.0,54912.0,54365.0,53364.0,84790.0,3.2463345527648926,,,,,,,,0.9109668945458946,-0.11712439323409662,0.5,8.589427709579468,,-1.2496361083984375,-0.008217103958129883,0.5843597412109375,,,,,,,,84787.0,243.0,-18.0,573.0,-536863744.0,250.0,-32.0,-11.0,63.0,-40.0,9837.0
523,84802.0,49782.0,55401.0,54935.0,52744.0,84800.0,3.2463345527648926,,,,,,,,0.9160786125576068,-0.11792732116539001,0.5,8.600895166397095,,-1.2463150634765625,-0.009291467666625976,0.5842112426757813,,,,,,,,84797.0,248.0,-19.0,573.0,-1073734656.0,256.0,-32.0,-11.0,49.0,-75.0,9831.0
524,84812.0,47409.0,56440.0,56339.0,51755.0,84810.0,3.2463345527648926,,,,,,,,0.9211975904725562,-0.11870581193760357,0.5,8.612526416778564,,-1.2453974609375,-0.009107001304626465,0.5843571166992187,,,,,,,,84807.0,250.0,-19.0,573.0,-1073734656.0,258.0,-32.0,-11.0,67.0,-173.0,9869.0
525,84822.0,50262.0,56328.0,54452.0,51679.0,84820.0,3.2463345527648926,,,,,,,,0.926323669461796,-0.11945730230799376,0.5,8.625347137451172,,-1.24220166015625,-0.009995539665222168,0.5839053344726562,,,,,,,,84817.0,249.0,-19.0,573.0,-1072686080.0,253.0,-31.0,-10.0,161.0,-9.0,9708.0
526,84832.0,50967.0,56026.0,54130.0,52343.0,84830.0,3.2463345527648926,,,,,,,,0.9314566893368748,-0.12018051756916737,0.5,8.637141942977905,,-1.2391207275390625,-0.010428811073303223,0.583931640625,,,,,,,,84827.0,250.0,-20.0,572.0,-1072686080.0,253.0,-33.0,-16.0,46.0,-59.0,9793.0
527,84842.0,49613.0,55634.0,55102.0,52971.0,84840.0,3.2463345527648926,,,,,,,,0.9365964972336773,-0.12087554953132484,0.5,8.648857831954956,,-1.23710888671875,-0.01134523868560791,0.5838875732421875,,,,,,,,84837.0,253.0,-21.0,572.0,-1072686080.0,254.0,-33.0,-17.0,136.0,-213.0,9847.0
528,84852.0,48961.0,56311.0,55623.0,52029.0,84850.0,3.2463345527648926,,,,,,,,0.9417429553670981,-0.12154381406208895,0.5,8.660487413406372,,-1.233889892578125,-0.011329278945922852,0.5834266357421874,,,,,,,,84847.0,256.0,-20.0,572.0,-1071637504.0,258.0,-32.0,-17.0,13.0,-80.0,9958.0
529,84862.0,49829.0,55809.0,54770.0,52832.0,84860.0,3.2463345527648926,,,,,,,,0.9468959472322369,-0.12218789522113913,0.5,8.672100305557251,,-1.2315428466796876,-0.011982217788696289,0.5834852905273438,,,,,,,,84857.0,258.0,-21.0,571.0,-1071637504.0,259.0,-33.0,-16.0,76.0,-111.0,9900.0
530,84872.0,50207.0,55631.0,54442.0,53075.0,84870.0,3.2463345527648926,,,,,,,,0.9520553817651148,-0.12281129263321758,0.5,8.68412160873413,,-1.2287554931640625,-0.012342506408691407,0.5835545043945313,,,,,,,,84867.0,264.0,-21.0,571.0,-1071636480.0,266.0,-33.0,-14.0,85.0,-173.0,9846.0
531,84882.0,49847.0,54972.0,54930.0,53589.0,84880.0,3.2463345527648926,,,,,,,,0.9572211945658575,-0.12341809786363095,0.5,8.69653868675232,,-1.2264310302734376,-0.012885922431945801,0.5832320556640626,,,,,,,,84877.0,265.0,-20.0,571.0,-1071637504.0,266.0,-32.0,-15.0,82.0,-153.0,9850.0
532,84892.0,47554.0,55943.0,56199.0,52886.0,84890.0,3.2463345527648926,,,,,,,,0.9623933481698392,-0.12401262609949767,0.5,8.70836353302002,,-1.2229200439453125,-0.013538819313049316,0.5829449462890625,,,,,,,,84887.0,269.0,-20.0,571.0,-1071637504.0,270.0,-32.0,-14.0,69.0,-94.0,9784.0
533,84902.0,48069.0,56256.0,56223.0,52463.0,84900.0,3.241055965423584,,,,,,,,0.9675718286686917,-0.12459927319892167,0.5,8.71989893913269,,-1.2212076416015625,-0.013821942329406738,0.58309326171875,,,,,,,,84897.0,271.0,-20.0,571.0,-1071637504.0,270.0,-33.0,-14.0,87.0,-253.0,9809.0
534,84912.0,49961.0,55692.0,54969.0,52718.0,84910.0,3.241055965423584,,,,,,,,0.9727566386213947,-0.12518244828224578,0.5,8.731545209884644,,-1.21762744140625,-0.014787955284118652,0.5825638427734375,,,,,,,,84907.0,273.0,-20.0,571.0,-1071637504.0,271.0,-33.0,-14.0,100.0,-127.0,9788.0
535,84922.0,50872.0,55570.0,54179.0,52938.0,84920.0,3.241055965423584,,,,,,,,0.9779477875990873,-0.12576650437566717,0.5,8.742965936660767,,-1.2159739990234375,-0.01476778507232666,0.5828900146484375,,,,,,,,84917.0,275.0,-20.0,571.0,-1071636992.0,273.0,-33.0,-11.0,61.0,-37.0,9749.0
536,84932.0,50397.0,54865.0,54547.0,53485.0,84930.0,3.2463345527648926,,,,,,,,0.9831452815972793,-0.1263556680581898,0.5,8.75453495979309,,-1.212474365234375,-0.01550435733795166,0.5826531372070313,,,,,,,,84927.0,278.0,-22.0,571.0,-1071636992.0,274.0,-35.0,-11.0,25.0,-130.0,9766.0
537,84942.0,48373.0,55992.0,55784.0,52467.0,84940.0,3.2463345527648926,,,,,,,,0.9883491126301239,-0.1269539691421874,0.5,8.76660680770874,,-1.20971728515625,-0.016178426742553712,0.5821255493164063,,,,,,,,84937.0,283.0,-22.0,571.0,-1071637504.0,281.0,-35.0,-12.0,102.0,-204.0,9909.0
538,84952.0,49903.0,56117.0,54947.0,52305.0,84950.0,3.241055965423584,,,,,,,,0.9935592497679001,-0.12756517147661803,0.5,8.778443813323975,,-1.206394775390625,-0.017007423400878907,0.5820425415039062,,,,,,,,84947.0,285.0,-22.0,571.0,-1071637504.0,281.0,-36.0,-12.0,-3.0,59.0,9831.0
539,84962.0,50660.0,56197.0,54179.0,52049.0,84960.0,3.241055965423584,,,,,,,,0.9987756326983838,-0.1281927060071774,0.5,8.789886474609375,,-1.2041871337890624,-0.01792077827453613,0.581935302734375,,,,,,,,84957.0,287.0,-23.0,571.0,-1070588928.0,281.0,-37.0,-8.0,31.0,-88.0,9802.0
540,84972.0,50524.0,56186.0,54150.0,52222.0,84970.0,3.241055965423584,,,,,,,,1.0039981686054675,-0.12883960725402807,0.5,8.801491737365723,,-1.20102490234375,-0.018133121490478514,0.5818203125,,,,,,,,84967.0,291.0,-23.0,571.0,-1070588928.0,285.0,-38.0,-8.0,96.0,-222.0,9790.0
541,84982.0,49592.0,55828.0,54870.0,52679.0,84980.0,3.241055965423584,,,,,,,,1.0092267327937066,-0.12950845437023578,0.5,8.812832117080688,,-1.1985250244140624,-0.018381778717041015,0.5816124267578126,,,,,,,,84977.0,292.0,-24.0,571.0,-1070588928.0,284.0,-39.0,-8.0,38.0,-69.0,9887.0
542,84992.0,47903.0,56321.0,55781.0,52424.0,84990.0,3.241055965423584,,,,,,,,1.0144611730818318,-0.13020131791863718,0.5,8.82483172416687,,-1.19632861328125,-0.019007438659667968,0.58163818359375,,,,,,,,84987.0,295.0,-24.0,571.0,-1069540352.0,286.0,-40.0,-7.0,16.0,-218.0,9823.0
543,85002.0,49730.0,55730.0,54426.0,52919.0,85000.0,3.241055965423584,,,,,,,,1.0197013175819303,-0.13091971344887954,0.5,8.836443662643433,,-1.1929833984375,-0.019880388259887697,0.5816947021484375,,,,,,,,84997.0,297.0,-24.0,572.0,-1069540864.0,286.0,-39.0,-5.0,-81.0,-200.0,9809.0
544,85012.0,51339.0,54831.0,53422.0,53528.0,85010.0,3.241055965423584,,,,,,,,1.0249469851145596,-0.13166456286887002,0.5,8.848363876342773,,-1.1910086669921875,-0.020439863204956055,0.581439453125,,,,,,,,85007.0,299.0,-24.0,572.0,-1069540864.0,286.0,-40.0,-5.0,124.0,-82.0,9782.0
545,85022.0,50248.0,55085.0,53978.0,53267.0,85020.0,3.2463345527648926,,,,,,,,1.0301979972206607,-0.13243616448687526,0.5,8.85980486869812,,-1.187010009765625,-0.021151622772216796,0.5811837768554687,,,,,,,,85017.0,305.0,-24.0,571.0,-1069539840.0,293.0,-40.0,-4.0,-49.0,-119.0,9890.0
546,85032.0,49118.0,55395.0,54985.0,53159.0,85030.0,3.241055965423584,,,,,,,,1.0354541905488839,-0.1332341724550894,0.5,8.871429681777954,,-1.18357177734375,-0.021844228744506835,0.5811505126953125,,,,,,,,85027.0,310.0,-24.0,571.0,-1069539840.0,298.0,-41.0,-4.0,16.0,-219.0,9824.0
547,85042.0,48459.0,56192.0,55200.0,52073.0,85040.0,3.2463345527648926,,,,,,,,1.0407154283450237,-0.13405758618712987,0.5,8.88293743133545,,-1.181205810546875,-0.02245526695251465,0.5809995727539062,,,,,,,,85038.0,312.0,-24.0,571.0,-1069539840.0,298.0,-41.0,-4.0,85.0,-169.0,9927.0
548,85052.0,49156.0,55928.0,54676.0,52351.0,85050.0,3.2463345527648926,,,,,,,,1.0459816098422188,-0.13490475017822284,0.5,8.894458055496216,,-1.1781043701171876,-0.023081598281860353,0.5813519287109375,,,,,,,,85047.0,314.0,-25.0,571.0,-1069539839.0,298.0,-44.0,-4.0,52.0,-118.0,9780.0
549,85062.0,50675.0,55942.0,53523.0,52264.0,85060.0,3.2463345527648926,,,,,,,,1.051252676552202,-0.1357733644240175,0.5,8.907272338867188,,-1.175283447265625,-0.02389518165588379,0.5807787475585937,,,,,,,,85057.0,317.0,-26.0,571.0,-1069539839.0,300.0,-45.0,-3.0,136.0,-126.0,9739.0
550,85072.0,49695.0,55813.0,54285.0,52482.0,85070.0,3.2463345527648926,,,,,,,,1.0565286147767117,-0.1366605054266386,0.5,8.919043064117432,,-1.171599853515625,-0.024549152374267576,0.5806864013671875,,,,,,,,85067.0,320.0,-27.0,571.0,-1069539839.0,303.0,-47.0,-4.0,77.0,-197.0,9891.0
551,85082.0,49536.0,55452.0,54470.0,52810.0,85080.0,3.2463345527648926,,,,,,,,1.0618094540500227,-0.1375626575861954,0.5,8.930563926696777,,-1.1697642822265626,-0.024807573318481446,0.5809110717773438,,,,,,,,85077.0,325.0,-26.0,571.0,-1069539839.0,308.0,-46.0,-4.0,-54.0,-55.0,9879.0
552,85092.0,48215.0,56321.0,55514.0,52382.0,85090.0,3.2463345527648926,,,,,,,,1.0670952616530758,-0.13847575460112704,0.5,8.941968441009521,,-1.1662989501953125,-0.02582358932495117,0.5807532348632812,,,,,,,,85087.0,328.0,-28.0,570.0,-1069540863.0,309.0,-49.0,-11.0,60.0,-233.0,9752.0
553,85102.0,48581.0,56180.0,55241.0,52549.0,85100.0,3.2463345527648926,,,,,,,,1.0723861337634584,-0.13939523034745424,0.5,8.954089403152466,,-1.1637691650390625,-0.026444988250732424,0.5806863403320313,,,,,,,,85097.0,331.0,-27.0,570.0,-1069540863.0,312.0,-48.0,-11.0,67.0,-173.0,9875.0
554,85112.0,50314.0,56091.0,53917.0,52584.0,85110.0,3.2463345527648926,,,,,,,,1.0776821841803144,-0.14031607857886727,0.5,8.965600490570068,,-1.1601966552734375,-0.027207128524780272,0.5805034790039062,,,,,,,,85107.0,332.0,-28.0,570.0,-1069540863.0,308.0,-50.0,-11.0,-18.0,-81.0,9877.0
555,85122.0,49513.0,55480.0,54621.0,53312.0,85120.0,3.2463345527648926,,,,,,,,1.0829835318504801,-0.14123292068731394,0.5,8.977618932723999,,-1.1578306884765626,-0.027722606658935545,0.580552001953125,,,,,,,,85117.0,336.0,-28.0,569.0,-1069541887.0,312.0,-50.0,-10.0,116.0,-324.0,9692.0
556,85132.0,47765.0,55722.0,55666.0,53109.0,85130.0,3.2463345527648926,,,,,,,,1.088290288104039,-0.142140081197217,0.5,8.989871501922607,,-1.154951904296875,-0.028719900131225586,0.5803047485351562,,,,,,,,85127.0,340.0,-29.0,570.0,-1069541887.0,314.0,-52.0,-9.0,-75.0,-234.0,9896.0
557,85142.0,48897.0,56441.0,55067.0,52257.0,85140.0,3.241055965423584,,,,,,,,1.093602545646936,-0.14303167064003333,0.5,9.002188444137573,,-1.1518160400390625,-0.029326318740844726,0.5800953369140625,,,,,,,,85137.0,343.0,-29.0,570.0,-1069541887.0,316.0,-53.0,-9.0,18.0,-125.0,9937.0
558,85152.0,50154.0,55698.0,54144.0,53058.0,85150.0,3.241055965423584,,,,,,,,1.0989203669906298,-0.1439020315046985,0.5,9.01485562324524,,-1.1480941162109375,-0.030278348922729494,0.5802376708984375,,,,,,,,85147.0,346.0,-30.0,570.0,-1069542910.0,316.0,-54.0,-8.0,-8.0,-67.0,9784.0
559,85162.0,50202.0,56058.0,54161.0,52572.0,85160.0,3.241055965423584,,,,,,,,1.1042437751509597,-0.14474622812333043,0.5,9.026670455932617,,-1.1454375,-0.030871583938598634,0.5801227416992187,,,,,,,,85157.0,349.0,-30.0,569.0,-1070591486.0,318.0,-54.0,-7.0,46.0,-123.0,9840.0
560,85172.0,49851.0,55816.0,54710.0,53078.0,85170.0,3.241055965423584,,,,,,,,1.109572748108737,-0.14556045926381841,0.5,9.038782119750977,,-1.1430238037109375,-0.03162325096130371,0.5798716430664063,,,,,,,,85167.0,350.0,-32.0,569.0,-1070591486.0,316.0,-57.0,-7.0,3.0,-209.0,9870.0
561,85182.0,49390.0,55993.0,55149.0,52829.0,85180.0,3.241055965423584,,,,,,,,1.1149072173572105,-0.14634236011480514,0.5,9.050997495651245,,-1.139091552734375,-0.03252081680297852,0.5797877807617188,,,,,,,,85177.0,353.0,-32.0,568.0,-1070591486.0,316.0,-57.0,-13.0,-89.0,-55.0,9740.0
562,85192.0,48597.0,56269.0,55493.0,52766.0,85190.0,3.241055965423584,,,,,,,,1.120247070497706,-0.14709117102643954,0.5,9.06294846534729,,-1.1355814208984376,-0.03333597183227539,0.57976806640625,,,,,,,,85187.0,357.0,-32.0,568.0,-1070591486.0,318.0,-57.0,-13.0,-110.0,-150.0,9843.0
563,85202.0,49787.0,56133.0,54878.0,52596.0,85200.0,3.241055965423584,,,,,,,,1.1255921575117558,-0.14780776254452255,0.5,9.075998067855835,,-1.133110107421875,-0.03401210021972656,0.5796708984375,,,,,,,,85197.0,361.0,-31.0,568.0,-1070592510.0,321.0,-55.0,-13.0,-101.0,-98.0,9837.0
564,85212.0,49818.0,55922.0,54689.0,53047.0,85210.0,3.241055965423584,,,,,,,,1.1309423000665806,-0.14849451880822626,0.5,9.088507652282715,,-1.129077392578125,-0.03518500900268555,0.5794719848632812,,,,,,,,85207.0,367.0,-32.0,568.0,-1070592510.0,326.0,-57.0,-13.0,-92.0,-48.0,9774.0
565,85222.0,50690.0,56289.0,53831.0,52368.0,85220.0,3.241055965423584,,,,,,,,1.1362973029846477,-0.14915509317281145,0.5,9.100470781326294,,-1.1272652587890626,-0.0356232795715332,0.5794645385742188,,,,,,,,85217.0,368.0,-32.0,568.0,-1070592510.0,324.0,-57.0,-9.0,-9.0,-81.0,9817.0
566,85232.0,50041.0,55944.0,54635.0,52441.0,85230.0,3.241055965423584,,,,,,,,1.141656966824217,-0.14979406089768024,0.5,9.113819122314453,,-1.1226959228515625,-0.036830516815185545,0.5791016845703125,,,,,,,,85227.0,369.0,-33.0,568.0,-1070592510.0,320.0,-58.0,-9.0,-34.0,-148.0,9947.0
567,85242.0,48510.0,55652.0,55326.0,53226.0,85240.0,3.241055965423584,,,,,,,,1.1470210997895416,-0.1504165033694435,0.5,9.126122236251831,,-1.120824951171875,-0.03721968078613281,0.5792456665039063,,,,,,,,85237.0,371.0,-34.0,568.0,-1070592510.0,320.0,-60.0,-8.0,-164.0,-170.0,9991.0
568,85252.0,48403.0,55856.0,55503.0,52832.0,85250.0,3.241055965423584,,,,,,,,1.152389530326344,-0.15102756268442025,0.5,9.138174772262573,,-1.1168310546875,-0.03849723434448242,0.5792066040039062,,,,,,,,85247.0,380.0,-33.0,568.0,-1070592510.0,330.0,-58.0,-6.0,-24.0,-124.0,9740.0
569,85262.0,49951.0,56061.0,54765.0,52787.0,85260.0,3.241055965423584,,,,,,,,1.1577621003360674,-0.15163236183286913,0.5,9.150243043899536,,-1.115084716796875,-0.03881572341918945,0.5794265747070313,,,,,,,,85257.0,383.0,-33.0,567.0,-1070592510.0,329.0,-58.0,-14.0,-31.0,-216.0,9811.0
570,85272.0,49697.0,55780.0,54856.0,52842.0,85270.0,3.2463345527648926,,,,,,,,1.1631386556199372,-0.15223592295383517,0.5,9.161928415298462,,-1.1119571533203125,-0.03960845947265625,0.5791245727539063,,,,,,,,85267.0,385.0,-34.0,567.0,-1071642110.0,329.0,-59.0,-14.0,-59.0,-163.0,9856.0
571,85282.0,49124.0,55638.0,55554.0,52732.0,85280.0,3.2463345527648926,,,,,,,,1.1685190351791834,-0.15284308476398065,0.5,9.1745023727417,,-1.108379638671875,-0.04039394760131836,0.5790055541992187,,,,,,,,85277.0,388.0,-34.0,566.0,-1071642110.0,328.0,-58.0,-13.0,-19.0,-28.0,9792.0
572,85292.0,48469.0,55986.0,55908.0,52470.0,85290.0,3.2463345527648926,,,,,,,,1.173903061078746,-0.15345842042552738,0.5,9.186313390731812,,-1.1058194580078125,-0.04118303680419922,0.5789682006835938,,,,,,,,85287.0,388.0,-35.0,566.0,-1071642110.0,324.0,-59.0,-13.0,-69.0,-116.0,9864.0
573,85302.0,49089.0,55900.0,55683.0,52547.0,85300.0,3.2463345527648926,,,,,,,,1.1792905304854286,-0.15408615719867558,0.5,9.1984543800354,,-1.1018909912109376,-0.04233137130737305,0.5786149291992188,,,,,,,,85297.0,396.0,-35.0,565.0,-1071642111.0,333.0,-60.0,-17.0,21.0,-53.0,9912.0
574,85312.0,49122.0,56116.0,55796.0,52523.0,85310.0,3.241055965423584,,,,,,,,1.1846812112288432,-0.15473009927883213,0.5,9.210381746292114,,-1.0979503173828125,-0.04352725219726562,0.578510009765625,,,,,,,,85307.0,400.0,-36.0,565.0,-1072691711.0,334.0,-61.0,-16.0,-67.0,36.0,9675.0
575,85322.0,49867.0,56173.0,55244.0,52122.0,85320.0,3.2463345527648926,,,,,,,,1.1900748418334381,-0.155393555240673,0.5,9.222344160079956,,-1.09581884765625,-0.0438599967956543,0.5787313232421875,,,,,,,,85317.0,402.0,-36.0,565.0,-1072691711.0,332.0,-60.0,-16.0,-51.0,-177.0,9835.0
576,85332.0,50024.0,56189.0,55427.0,52077.0,85330.0,3.241055965423584,,,,,,,,1.1954711364735586,-0.1560792714931982,0.5,9.234869956970215,,-1.0933541259765625,-0.04443397903442383,0.5785447998046875,,,,,,,,85327.0,404.0,-38.0,565.0,-1072691711.0,331.0,-62.0,-17.0,-75.0,-112.0,9906.0
577,85342.0,48623.0,55522.0,56152.0,52705.0,85340.0,3.2463345527648926,,,,,,,,1.2008697947608462,-0.1567893730887099,0.5,9.24748969078064,,-1.0894500732421875,-0.04559607315063476,0.5781887817382813,,,,,,,,85337.0,405.0,-36.0,565.0,-1072692735.0,327.0,-59.0,-16.0,-186.0,40.0,9806.0
578,85352.0,48558.0,55680.0,56303.0,52427.0,85350.0,3.2463345527648926,,,,,,,,1.2062705157389346,-0.15752531312328097,0.5,9.25932502746582,,-1.086880859375,-0.04668245697021484,0.5781402587890625,,,,,,,,85347.0,411.0,-38.0,565.0,-1073217023.0,331.0,-60.0,-14.0,-25.0,-31.0,9757.0
579,85362.0,47614.0,56459.0,56699.0,51787.0,85360.0,3.2463345527648926,,,,,,,,1.2116730149885413,-0.1582878318193138,0.5,9.271109819412231,,-1.0835440673828125,-0.04719550704956055,0.5782695922851563,,,,,,,,85357.0,414.0,-40.0,565.0,-1073216000.0,331.0,-63.0,-14.0,-167.0,-83.0,9754.0
580,85372.0,48422.0,56029.0,56195.0,52302.0,85370.0,3.2463345527648926,,,,,,,,1.2170770433853142,-0.15907692619800118,0.5,9.282760858535767,,-1.07974462890625,-0.048103256225585936,0.57809228515625,,,,,,,,85367.0,417.0,-42.0,565.0,-1073216000.0,330.0,-65.0,-15.0,-196.0,26.0,9783.0
581,85382.0,50262.0,55686.0,55315.0,52593.0,85380.0,3.241055965423584,,,,,,,,1.2224824058422998,-0.15989183104048538,0.5,9.294886350631714,,-1.0773668212890626,-0.04893858337402344,0.5779180297851563,,,,,,,,85377.0,419.0,-41.0,565.0,-536345600.0,327.0,-64.0,-15.0,-80.0,-102.0,9781.0
582,85392.0,49082.0,55074.0,55573.0,52863.0,85390.0,3.241055965423584,,,,,,,,1.2278889783337112,-0.1607310116526216,0.5,9.30772614479065,,-1.073549072265625,-0.049709400177001956,0.57788134765625,,,,,,,,85387.0,423.0,-43.0,567.0,-536344576.0,328.0,-66.0,-2.0,-154.0,-113.0,9831.0
583,85402.0,48194.0,55198.0,56208.0,52717.0,85400.0,3.241055965423584,,,,,,,,1.2332967216124846,-0.16159216872327847,0.5,9.31997537612915,,-1.07111865234375,-0.05028939437866211,0.5778063354492188,,,,,,,,85397.0,425.0,-43.0,567.0,-535296000.0,326.0,-64.0,-2.0,-208.0,60.0,9779.0
584,85412.0,48676.0,55766.0,55851.0,52162.0,85410.0,3.241055965423584,,,,,,,,1.2387056903462033,-0.1624722552913286,0.5,9.331614255905151,,-1.0687376708984375,-0.050926719665527344,0.5777923583984375,,,,,,,,85407.0,428.0,-43.0,567.0,-535295999.0,326.0,-62.0,-3.0,-172.0,18.0,9675.0
585,85422.0,49477.0,55768.0,55284.0,52142.0,85420.0,3.241055965423584,,,,,,,,1.2441160368365722,-0.16336750562223107,0.5,9.343678951263428,,-1.0647318115234374,-0.052166030883789065,0.5776886596679688,,,,,,,,85417.0,433.0,-44.0,567.0,-535295999.0,327.0,-62.0,-4.0,-191.0,-57.0,9765.0
586,85432.0,50209.0,55538.0,55040.0,52632.0,85430.0,3.241055965423584,,,,,,,,1.2495280090164589,-0.16427347561000308,0.5,9.35518741607666,,-1.062583251953125,-0.052605224609375,0.5778052978515625,,,,,,,,85427.0,436.0,-45.0,565.0,-534248447.0,326.0,-62.0,-11.0,-164.0,5.0,9798.0
587,85442.0,50770.0,55645.0,54450.0,52313.0,85440.0,3.2463345527648926,,,,,,,,1.2549419429833242,-0.1651850941697307,0.5,9.367255449295044,,-1.0587183837890626,-0.05346747589111328,0.57751708984375,,,,,,,,85437.0,439.0,-44.0,565.0,-534248447.0,326.0,-61.0,-11.0,-130.0,89.0,9752.0
588,85452.0,50389.0,55812.0,55061.0,52133.0,85450.0,3.241055965423584,,,,,,,,1.2603582508708728,-0.16609672497243752,0.5,9.378633499145508,,-1.0550419921875,-0.05441563415527344,0.5770696411132813,,,,,,,,85447.0,442.0,-46.0,565.0,-534248447.0,326.0,-62.0,-11.0,-108.0,-6.0,9873.0
589,85462.0,49212.0,56064.0,55673.0,52150.0,85460.0,3.241055965423584,,,,,,,,1.2657774052051811,-0.16700223790519078,0.5,9.3901846408844,,-1.0525650634765624,-0.05509582901000976,0.5769147338867188,,,,,,,,85457.0,446.0,-46.0,565.0,-534248447.0,325.0,-61.0,-11.0,-146.0,2.0,9778.0
590,85472.0,49193.0,55983.0,55910.0,52335.0,85470.0,3.241055965423584,,,,,,,,1.2711999209615967,-0.16789509073753606,0.5,9.401724576950073,,-1.050216552734375,-0.05572219467163086,0.5769573974609375,,,,,,,,85467.0,448.0,-49.0,565.0,-535298047.0,323.0,-63.0,-11.0,-148.0,104.0,9658.0
591,85482.0,50043.0,56608.0,55258.0,51658.0,85480.0,3.241055965423584,,,,,,,,1.276626323328417,-0.16876863847878731,0.5,9.4131441116333,,-1.046278564453125,-0.0568137321472168,0.5765726318359375,,,,,,,,85477.0,452.0,-48.0,564.0,-535822334.0,325.0,-60.0,-15.0,-167.0,-21.0,9667.0
592,85492.0,50242.0,55876.0,55092.0,52624.0,85490.0,3.241055965423584,,,,,,,,1.2820570975925505,-0.16961671982439533,0.5,9.425322771072388,,-1.0439390869140626,-0.057209869384765626,0.5765526123046875,,,,,,,,85487.0,454.0,-52.0,564.0,-535822334.0,324.0,-65.0,-16.0,-168.0,107.0,9862.0
593,85502.0,49315.0,55771.0,56001.0,52888.0,85500.0,3.2357773780822754,,,,,,,,1.2874926440737178,-0.17043418395799878,0.5,9.437424421310425,,-1.0405303955078125,-0.057914379119873044,0.5766405029296875,,,,,,,,85497.0,459.0,-50.0,564.0,-535821310.0,325.0,-61.0,-16.0,-66.0,-62.0,9767.0
594,85512.0,48256.0,56139.0,56371.0,52563.0,85510.0,3.241055965423584,,,,,,,,1.2929332418299335,-0.17121731387252137,0.5,9.448885440826416,,-1.0380059814453124,-0.058583206176757815,0.5763450317382812,,,,,,,,85507.0,461.0,-50.0,564.0,-535821310.0,323.0,-59.0,-17.0,-72.0,-147.0,9762.0
595,85522.0,49682.0,55852.0,55628.0,52820.0,85520.0,3.2357773780822754,,,,,,,,1.298379023956833,-0.17196411288021002,0.5,9.460582256317139,,-1.0345267333984376,-0.05936175537109375,0.5762590942382813,,,,,,,,85517.0,464.0,-50.0,564.0,-535821310.0,324.0,-59.0,-16.0,-120.0,-127.0,9859.0
596,85532.0,49743.0,55329.0,55645.0,52977.0,85530.0,3.241055965423584,,,,,,,,1.3038299662131483,-0.17267443390369303,0.5,9.471946239471436,,-1.03207861328125,-0.059932262420654296,0.5762482299804688,,,,,,,,85527.0,466.0,-52.0,564.0,-535821310.0,322.0,-61.0,-15.0,-70.0,36.0,9772.0
597,85542.0,48238.0,55872.0,56413.0,52748.0,85540.0,3.241055965423584,,,,,,,,1.309285889526728,-0.17334994523395028,0.5,9.483980655670166,,-1.0283238525390626,-0.060714458465576174,0.5760457153320313,,,,,,,,85537.0,467.0,-52.0,564.0,-535821310.0,319.0,-59.0,-15.0,-164.0,-105.0,9811.0
598,85552.0,49048.0,55445.0,56054.0,52991.0,85550.0,3.241055965423584,,,,,,,,1.314746475785141,-0.17399394030381338,0.5,9.495678186416626,,-1.0258568115234374,-0.06145163345336914,0.5759111938476562,,,,,,,,85547.0,469.0,-51.0,564.0,-534772734.0,317.0,-57.0,-16.0,-116.0,11.0,9804.0
599,85562.0,50256.0,55781.0,55225.0,52550.0,85560.0,3.241055965423584,,,,,,,,1.320211295211373,-0.17461101207432325,0.5,9.508315563201904,,-1.0222357177734376,-0.0622066650390625,0.5758429565429688,,,,,,,,85557.0,475.0,-52.0,563.0,-534772734.0,322.0,-57.0,-15.0,-94.0,12.0,9740.0
600,85572.0,50531.0,55136.0,55027.0,53341.0,85570.0,3.241055965423584,,,,,,,,1.3256798426059548,-0.17520662425198108,0.5,9.519807577133179,,-1.0197654418945312,-0.06258798599243164,0.5755452880859375,,,,,,,,85567.0,483.0,-53.0,563.0,-534771710.0,330.0,-57.0,-16.0,-56.0,-111.0,9789.0
601,85582.0,49783.0,55603.0,55739.0,52620.0,85580.0,3.241055965423584,,,,,,,,1.331151578638745,-0.1757866204044013,0.5,9.532090187072754,,-1.0173984985351563,-0.06312329864501953,0.5754915161132812,,,,,,,,85577.0,485.0,-53.0,563.0,-534771710.0,328.0,-55.0,-17.0,-113.0,31.0,9907.0
602,85592.0,48310.0,56157.0,56487.0,52318.0,85590.0,3.241055965423584,,,,,,,,1.336625972439484,-0.17635672942091757,0.5,9.54409146308899,,-1.0136578369140625,-0.06424540710449218,0.57544482421875,,,,,,,,85587.0,487.0,-53.0,563.0,-534771710.0,327.0,-54.0,-16.0,-125.0,128.0,9711.0
603,85602.0,48972.0,56663.0,56137.0,51426.0,85600.0,3.241055965423584,,,,,,,,1.342102497116975,-0.17692247134108727,0.5,9.555722713470459,,-1.0100481567382813,-0.06471440887451171,0.5750437622070312,,,,,,,,85597.0,490.0,-53.0,563.0,-534771710.0,327.0,-53.0,-16.0,-4.0,-80.0,9848.0
604,85612.0,50235.0,56377.0,55302.0,51624.0,85610.0,3.241055965423584,,,,,,,,1.3475806243550394,-0.17748906351866786,0.5,9.567209005355835,,-1.0074988403320313,-0.06524809265136719,0.5750742797851562,,,,,,,,85607.0,491.0,-55.0,563.0,-534771710.0,323.0,-54.0,-15.0,-154.0,-18.0,9937.0
605,85622.0,49508.0,56036.0,55796.0,52106.0,85620.0,3.241055965423584,,,,,,,,1.3530598200564856,-0.1780613286360211,0.5,9.57905101776123,,-1.003865478515625,-0.06602748870849609,0.575004638671875,,,,,,,,85617.0,495.0,-55.0,563.0,-534771710.0,325.0,-53.0,-14.0,-126.0,98.0,9759.0
606,85632.0,49307.0,55810.0,55970.0,52438.0,85630.0,3.241055965423584,,,,,,,,1.3585395428356404,-0.17864360625812556,0.5,9.590699195861816,,-1.0014120483398437,-0.06651490783691406,0.5748263549804687,,,,,,,,85627.0,499.0,-55.0,563.0,-534771710.0,327.0,-52.0,-14.0,-16.0,38.0,9725.0
607,85642.0,48223.0,56162.0,56431.0,52426.0,85640.0,3.241055965423584,,,,,,,,1.3640192468051338,-0.1792396696557205,0.5,9.602200508117676,,-0.9977831420898438,-0.06745669555664062,0.5747051391601562,,,,,,,,85637.0,503.0,-56.0,562.0,-534771709.0,329.0,-51.0,-15.0,-144.0,9.0,9762.0
608,85652.0,49368.0,55996.0,55914.0,52630.0,85650.0,3.241055965423584,,,,,,,,1.3694983895937654,-0.1798526496017297,0.5,9.615046739578247,,-0.9951544189453125,-0.06766634368896485,0.5744849243164063,,,,,,,,85647.0,507.0,-56.0,562.0,-535820285.0,331.0,-51.0,-19.0,-67.0,151.0,9781.0
609,85662.0,49224.0,55720.0,56205.0,52784.0,85660.0,3.241055965423584,,,,,,,,1.3749764459232536,-0.18048496674877282,0.5,9.62705683708191,,-0.9915103759765626,-0.0683939437866211,0.5744090576171875,,,,,,,,85657.0,510.0,-56.0,561.0,-535820285.0,330.0,-50.0,-19.0,-85.0,-37.0,9750.0
610,85672.0,47897.0,55610.0,56803.0,53233.0,85670.0,3.241055965423584,,,,,,,,1.380452926425816,-0.18113827402946667,0.5,9.638585329055786,,-0.9877476196289062,-0.06928379821777343,0.5740712280273438,,,,,,,,85667.0,511.0,-56.0,561.0,-535820285.0,328.0,-49.0,-20.0,-60.0,-98.0,9939.0
611,85682.0,48142.0,56391.0,56912.0,52336.0,85680.0,3.2357773780822754,,,,,,,,1.3859274007689197,-0.18181341029329226,0.5,9.650045156478882,,-0.985528076171875,-0.0695904541015625,0.5740479736328125,,,,,,,,85677.0,514.0,-56.0,561.0,-535820285.0,328.0,-48.0,-19.0,-81.0,-8.0,9725.0
612,85692.0,49516.0,55716.0,55881.0,52665.0,85690.0,3.241055965423584,,,,,,,,1.391399523632482,-0.1825103661181921,0.5,9.661661863327026,,-0.9827047729492188,-0.06996703338623046,0.5738509521484375,,,,,,,,85687.0,516.0,-56.0,561.0,-535820285.0,327.0,-46.0,-15.0,-64.0,-6.0,9731.0
613,85702.0,50364.0,55005.0,55471.0,53539.0,85700.0,3.2357773780822754,,,,,,,,1.3968690617140338,-0.1832282624325108,0.5,9.673733472824097,,-0.9791332397460938,-0.07066040802001954,0.57368017578125,,,,,,,,85697.0,525.0,-57.0,561.0,-535819261.0,337.0,-47.0,-16.0,-23.0,-37.0,9961.0
614,85712.0,50226.0,55543.0,55682.0,52811.0,85710.0,3.2357773780822754,,,,,,,,1.4023359197573757,-0.18396534232559997,0.5,9.6853768825531,,-0.97525927734375,-0.07135478973388672,0.573513671875,,,,,,,,85707.0,529.0,-58.0,561.0,-535819261.0,338.0,-46.0,-15.0,-62.0,85.0,9747.0
615,85722.0,48205.0,56267.0,56828.0,52304.0,85720.0,3.2357773780822754,,,,,,,,1.4078001635919801,-0.18471897613695304,0.5,9.697243452072144,,-0.9728648681640625,-0.07188259887695313,0.5731402587890625,,,,,,,,85717.0,531.0,-59.0,561.0,-535819261.0,336.0,-47.0,-15.0,-81.0,-103.0,9806.0
616,85732.0,48416.0,56275.0,56775.0,52043.0,85730.0,3.241055965423584,,,,,,,,1.4132620384146508,-0.185485679586947,0.5,9.708717107772827,,-0.9702876586914062,-0.07230657196044922,0.5729602661132812,,,,,,,,85727.0,533.0,-59.0,561.0,-535819261.0,335.0,-47.0,-16.0,-56.0,-13.0,9804.0
617,85742.0,49759.0,56410.0,55808.0,51920.0,85740.0,3.241055965423584,,,,,,,,1.4187219809607623,-0.18626114448963052,0.5,9.72040605545044,,-0.9665117797851562,-0.07296292114257813,0.5729169311523438,,,,,,,,85737.0,533.0,-61.0,560.0,-535819261.0,331.0,-48.0,-18.0,-141.0,162.0,9841.0
618,85752.0,50122.0,56113.0,55588.0,52283.0,85750.0,3.241055965423584,,,,,,,,1.4241806247612272,-0.18704028142922963,0.5,9.73274850845337,,-0.9627240600585938,-0.07356998443603516,0.57273388671875,,,,,,,,85747.0,540.0,-61.0,560.0,-535818237.0,338.0,-48.0,-18.0,37.0,-91.0,9773.0
619,85762.0,50752.0,55941.0,55283.0,52351.0,85760.0,3.241055965423584,,,,,,,,1.4296387983004482,-0.18781727369290424,0.5,9.74593210220337,,-0.9601486206054688,-0.0741845703125,0.5725641479492187,,,,,,,,85757.0,546.0,-62.0,560.0,-535818237.0,342.0,-47.0,-18.0,-18.0,-47.0,9712.0
620,85772.0,48502.0,56147.0,56563.0,52540.0,85770.0,3.241055965423584,,,,,,,,1.435097516227117,-0.1885856424129501,0.5,9.757829427719116,,-0.95757373046875,-0.07457051086425781,0.5724274291992187,,,,,,,,85767.0,549.0,-61.0,560.0,-536866813.0,342.0,-45.0,-19.0,-81.0,-46.0,9927.0
621,85782.0,48259.0,56157.0,56976.0,52631.0,85780.0,3.241055965423584,,,,,,,,1.4405579442298169,-0.1893384482721806,0.5,9.76953387260437,,-0.9538101806640625,-0.07503079223632812,0.5722824096679687,,,,,,,,85777.0,552.0,-61.0,559.0,-536866813.0,343.0,-45.0,-23.0,-27.0,-74.0,9660.0
622,85792.0,49613.0,56393.0,56165.0,52621.0,85790.0,3.2357773780822754,,,,,,,,1.4460212896564044,-0.1900689148446913,0.5,9.780958890914917,,-0.9511654052734375,-0.07553289794921875,0.5723021850585938,,,,,,,,85787.0,554.0,-62.0,558.0,-1073737725.0,341.0,-45.0,-24.0,-34.0,-150.0,9888.0
623,85802.0,49426.0,56157.0,56377.0,52782.0,85800.0,3.2357773780822754,,,,,,,,1.4514886918747856,-0.19077101904761565,0.5,9.79334044456482,,-0.9474066162109375,-0.07640892028808594,0.572018798828125,,,,,,,,85797.0,556.0,-62.0,558.0,-1073737725.0,341.0,-44.0,-24.0,-86.0,-18.0,9926.0
624,85812.0,48636.0,55740.0,56907.0,53297.0,85810.0,3.2357773780822754,,,,,,,,1.4569611219053602,-0.1914399983862972,0.5,9.805759906768799,,-0.945198486328125,-0.07663592529296875,0.5719273071289063,,,,,,,,85807.0,559.0,-62.0,558.0,-1073737725.0,341.0,-43.0,-23.0,-65.0,25.0,9765.0
625,85822.0,48291.0,56185.0,56634.0,52349.0,85820.0,3.2357773780822754,,,,,,,,1.4624392997013815,-0.1920727336793893,0.5,9.81761884689331,,-0.941066650390625,-0.07713172912597656,0.5717239990234375,,,,,,,,85817.0,566.0,-62.0,560.0,-1073737725.0,348.0,-43.0,-11.0,-44.0,-143.0,9852.0
626,85832.0,49673.0,55754.0,55777.0,52740.0,85830.0,3.2357773780822754,,,,,,,,1.4679236356263272,-0.19266797817705877,0.5,9.830684661865234,,-0.93717919921875,-0.07772396087646484,0.5714893188476563,,,,,,,,85827.0,569.0,-62.0,560.0,-1073737725.0,348.0,-42.0,-11.0,-51.0,36.0,9742.0
627,85842.0,50046.0,55825.0,55564.0,52664.0,85840.0,3.2357773780822754,,,,,,,,1.4734142003860011,-0.193226418146169,0.5,9.842358112335205,,-0.9345983276367188,-0.07843128204345703,0.5714149169921875,,,,,,,,85837.0,573.0,-63.0,560.0,-1073737725.0,350.0,-44.0,-11.0,-2.0,-30.0,9689.0
628,85852.0,49177.0,55773.0,56063.0,52496.0,85850.0,3.241055965423584,,,,,,,,1.4789107251289428,-0.1937505647730513,0.5,9.85458517074585,,-0.9323524169921875,-0.07871676635742188,0.5713634643554687,,,,,,,,85847.0,575.0,-63.0,559.0,-1073737725.0,348.0,-43.0,-12.0,-61.0,-116.0,9935.0
629,85862.0,48723.0,56301.0,56499.0,51957.0,85860.0,3.241055965423584,,,,,,,,1.4844126309088934,-0.1942444911709323,0.5,9.866570711135864,,-0.92805029296875,-0.07924260711669921,0.571040283203125,,,,,,,,85857.0,578.0,-64.0,559.0,-1073737725.0,349.0,-43.0,-16.0,-9.0,-45.0,9901.0
630,85872.0,48270.0,56119.0,56651.0,52407.0,85870.0,3.241055965423584,,,,,,,,1.489919084195407,-0.19471344152907,0.5,9.878898620605469,,-0.9254933471679687,-0.07969955444335937,0.5710560913085938,,,,,,,,85867.0,579.0,-63.0,558.0,-1072689149.0,346.0,-42.0,-14.0,-32.0,57.0,9742.0
631,85882.0,49750.0,56172.0,55842.0,52126.0,85880.0,3.241055965423584,,,,,,,,1.4954290729054907,-0.19516334994326304,0.5,9.891051054000854,,-0.9215260620117187,-0.08033053588867188,0.5708677978515625,,,,,,,,85877.0,586.0,-64.0,558.0,-1072689149.0,353.0,-43.0,-15.0,60.0,-74.0,9737.0
632,85892.0,49988.0,56329.0,55470.0,52171.0,85890.0,3.241055965423584,,,,,,,,1.5009414954813292,-0.19560031398398203,0.5,9.90373945236206,,-0.9189664306640625,-0.08075667572021485,0.5704298706054688,,,,,,,,85887.0,589.0,-64.0,558.0,-1072689149.0,353.0,-43.0,-15.0,-159.0,-9.0,9856.0
633,85902.0,50791.0,56351.0,55330.0,52607.0,85900.0,3.241055965423584,,,,,,,,1.5064552560522815,-0.19603006742002288,0.5,9.915728092193604,,-0.9150748291015625,-0.08128649139404297,0.5703065795898438,,,,,,,,85897.0,592.0,-64.0,558.0,-1072689149.0,355.0,-43.0,-15.0,-57.0,19.0,9871.0
634,85912.0,49211.0,56546.0,56676.0,52581.0,85910.0,3.2357773780822754,,,,,,,,1.5119692920571162,-0.19645776045724248,0.5,9.928224325180054,,-0.9123273315429687,-0.08174495697021485,0.5702183837890625,,,,,,,,85907.0,596.0,-65.0,556.0,-1072689149.0,356.0,-43.0,-26.0,-15.0,-131.0,9690.0
635,85922.0,48536.0,57061.0,56801.0,51989.0,85920.0,3.241055965423584,,,,,,,,1.5174825785705068,-0.19688786050622464,0.5,9.939625263214111,,-0.9084955444335937,-0.08240125274658203,0.5699967651367187,,,,,,,,85917.0,589.0,-66.0,555.0,-1071640573.0,340.0,-44.0,-27.0,-28.0,-142.0,9792.0
636,85932.0,49876.0,55771.0,56169.0,53674.0,85930.0,3.2357773780822754,,,,,,,,1.522994139020063,-0.1973240618085885,0.5,9.951384544372559,,-0.9047654418945312,-0.08317240905761719,0.5700731201171875,,,,,,,,85927.0,590.0,-66.0,555.0,-1071640573.0,339.0,-45.0,-27.0,-83.0,33.0,9779.0
637,85942.0,51010.0,56203.0,55413.0,53089.0,85940.0,3.2357773780822754,,,,,,,,1.5285030638204906,-0.1977692061985313,0.5,9.963229179382324,,-0.90184423828125,-0.08342731475830079,0.569681884765625,,,,,,,,85937.0,603.0,-66.0,555.0,-1071640573.0,353.0,-45.0,-27.0,-36.0,-93.0,9843.0
638,85952.0,50655.0,56050.0,56205.0,53845.0,85950.0,3.230498790740967,,,,,,,,1.5340085375074306,-0.1982252169807357,0.5,9.974811792373657,,-0.899172607421875,-0.08387020111083984,0.5696399536132812,,,,,,,,85947.0,606.0,-66.0,553.0,-1071639549.0,354.0,-45.0,-37.0,34.0,-223.0,9837.0
639,85962.0,50802.0,56037.0,56140.0,53900.0,85960.0,3.230498790740967,,,,,,,,1.5395098739671493,-0.19869304745270694,0.5,9.986902713775635,,-0.8950524291992188,-0.08457242584228515,0.5693779907226563,,,,,,,,85957.0,609.0,-67.0,553.0,-1071639549.0,355.0,-45.0,-36.0,-34.0,-105.0,9731.0
640,85972.0,49450.0,56347.0,56940.0,53846.0,85970.0,3.230498790740967,,,,,,,,1.5450065584251487,-0.19917264504823862,0.5,9.99849534034729,,-0.8910722045898437,-0.08517122650146484,0.5691088256835938,,,,,,,,85967.0,613.0,-67.0,552.0,-1071639549.0,356.0,-46.0,-37.0,-40.0,-94.0,9747.0
641,85982.0,49843.0,56988.0,56918.0,53127.0,85980.0,3.225220203399658,,,,,,,,1.550498294076625,-0.19966293148307723,0.5,10.010322332382202,,-0.888901123046875,-0.08538809967041015,0.5689942016601562,,,,,,,,85977.0,616.0,-68.0,552.0,-1070589949.0,358.0,-46.0,-38.0,98.0,-189.0,9954.0
642,85992.0,49440.0,57205.0,56999.0,52910.0,85990.0,3.225220203399658,,,,,,,,1.5559850506846489,-0.200161798765832,0.5,10.021713972091675,,-0.8857577514648437,-0.08593492126464844,0.5689356079101563,,,,,,,,85987.0,611.0,-65.0,552.0,-1070589949.0,346.0,-42.0,-35.0,-23.0,-17.0,9896.0
643,86002.0,50840.0,57079.0,56080.0,52954.0,86000.0,3.225220203399658,,,,,,,,1.561467112145662,-0.20066612041167922,0.5,10.03380274772644,,-0.881766357421875,-0.08666763305664063,0.5687745361328125,,,,,,,,85997.0,614.0,-66.0,552.0,-1070589949.0,347.0,-45.0,-34.0,-17.0,-8.0,9907.0
644,86012.0,51188.0,56125.0,55970.0,53911.0,86010.0,3.225220203399658,,,,,,,,1.5669451200749682,-0.2011717766904739,0.5,10.045685291290283,,-0.8790794067382812,-0.08727364349365234,0.5686405639648437,,,,,,,,86007.0,620.0,-67.0,551.0,-1070588925.0,352.0,-45.0,-33.0,7.0,-185.0,9953.0
645,86022.0,48877.0,56935.0,57310.0,53214.0,86020.0,3.225220203399658,,,,,,,,1.572420110796956,-0.20167369253552844,0.5,10.057223081588745,,-0.8750164184570313,-0.0877323226928711,0.5685960693359375,,,,,,,,86017.0,623.0,-67.0,551.0,-1070588925.0,353.0,-45.0,-32.0,30.0,-168.0,10019.0
646,86032.0,48951.0,56407.0,56759.0,53397.0,86030.0,3.225220203399658,,,,,,,,1.5778935147829907,-0.20216597799091635,0.5,10.068828344345093,,-0.87206103515625,-0.08833889770507812,0.568498046875,,,,,,,,86027.0,629.0,-68.0,551.0,-1070588925.0,359.0,-48.0,-30.0,175.0,-70.0,9825.0
647,86042.0,50358.0,56820.0,55891.0,52747.0,86040.0,3.225220203399658,,,,,,,,1.5833670175434995,-0.20264247120166026,0.5,10.080333471298218,,-0.86790625,-0.0889986572265625,0.5683236694335938,,,,,,,,86037.0,633.0,-69.0,553.0,-1070588925.0,361.0,-49.0,-17.0,133.0,-211.0,9809.0
648,86052.0,50001.0,56857.0,56097.0,52684.0,86050.0,3.225220203399658,,,,,,,,1.5888424025553833,-0.20309728885868275,0.5,10.091785669326782,,-0.8651592407226563,-0.08952053833007813,0.56836474609375,,,,,,,,86047.0,636.0,-69.0,552.0,-1070588925.0,363.0,-49.0,-17.0,89.0,-168.0,9973.0
649,86062.0,49485.0,55998.0,56371.0,53380.0,86060.0,3.230498790740967,,,,,,,,1.594321390449355,-0.20352533595157413,0.5,10.103708505630493,,-0.861462890625,-0.09032579040527344,0.5681384887695312,,,,,,,,86057.0,631.0,-66.0,552.0,-1070588925.0,351.0,-45.0,-15.0,12.0,-49.0,9987.0
650,86072.0,48809.0,56349.0,56619.0,53206.0,86070.0,3.230498790740967,,,,,,,,1.5998054885353084,-0.20392273181718445,0.5,10.115621328353882,,-0.85818212890625,-0.09065879821777344,0.56812744140625,,,,,,,,86067.0,639.0,-67.0,552.0,-1070587901.0,360.0,-46.0,-14.0,-95.0,-148.0,9889.0
651,86082.0,48820.0,56276.0,56555.0,52854.0,86080.0,3.230498790740967,,,,,,,,1.605295863355877,-0.20428711821857978,0.5,10.127142429351807,,-0.8539522094726563,-0.09147413635253906,0.5680179443359376,,,,,,,,86077.0,642.0,-67.0,553.0,-1070587902.0,362.0,-46.0,-8.0,3.0,-180.0,9897.0
652,86092.0,49311.0,56806.0,56029.0,52307.0,86090.0,3.230498790740967,,,,,,,,1.6107932465301509,-0.20461782654967328,0.5,10.13868498802185,,-0.8510618896484375,-0.09193183898925782,0.5680501708984375,,,,,,,,86087.0,644.0,-67.0,553.0,-1070587902.0,362.0,-47.0,-7.0,123.0,-226.0,9980.0
653,86102.0,50131.0,56123.0,55552.0,52917.0,86100.0,3.230498790740967,,,,,,,,1.6162978809571262,-0.2049158940950412,0.5,10.15021538734436,,-0.8471329956054687,-0.09276636505126953,0.5679354248046875,,,,,,,,86097.0,646.0,-69.0,553.0,-1069539326.0,362.0,-50.0,-6.0,108.0,-99.0,9928.0
654,86112.0,50782.0,55611.0,54838.0,53338.0,86110.0,3.2357773780822754,,,,,,,,1.6218095107859252,-0.20518393237111654,0.5,10.161715030670166,,-0.8437986450195313,-0.09312577819824219,0.5680392456054687,,,,,,,,86107.0,650.0,-69.0,553.0,-1069538302.0,364.0,-50.0,-4.0,70.0,-151.0,9850.0
655,86122.0,51319.0,55480.0,54247.0,53454.0,86120.0,3.2357773780822754,,,,,,,,1.627327414861782,-0.2054258628578818,0.5,10.173799276351929,,-0.8396285400390625,-0.09400979614257812,0.5679417114257812,,,,,,,,86117.0,665.0,-70.0,553.0,-1069538302.0,383.0,-52.0,-2.0,98.0,-175.0,9935.0
656,86132.0,50484.0,55703.0,54946.0,53096.0,86130.0,3.2357773780822754,,,,,,,,1.6328504795782846,-0.20564654675142383,0.5,10.185457229614258,,-0.8366676635742187,-0.09446011352539062,0.5680094604492187,,,,,,,,86127.0,667.0,-71.0,553.0,-1069537278.0,383.0,-53.0,-1.0,93.0,-76.0,9999.0
657,86142.0,48742.0,56131.0,55937.0,52848.0,86140.0,3.2357773780822754,,,,,,,,1.6383773037028522,-0.20585134390642412,0.5,10.196924448013306,,-0.8323573608398438,-0.09545348358154297,0.5679615478515625,,,,,,,,86137.0,669.0,-71.0,553.0,-1068488702.0,384.0,-54.0,0.0,138.0,-201.0,9931.0
658,86152.0,48677.0,55988.0,55936.0,52991.0,86150.0,3.2357773780822754,,,,,,,,1.6439063251461614,-0.20604564135395828,0.5,10.209091663360596,,-0.8293729858398438,-0.09574243927001953,0.5679265747070312,,,,,,,,86147.0,674.0,-72.0,553.0,-1068487678.0,388.0,-56.0,0.0,141.0,-272.0,9929.0
659,86162.0,49510.0,56254.0,55406.0,52628.0,86160.0,3.2357773780822754,,,,,,,,1.649435957998627,-0.20623439330181148,0.5,10.22150444984436,,-0.824883056640625,-0.0966949691772461,0.5680545043945312,,,,,,,,86157.0,676.0,-72.0,553.0,-1068487678.0,388.0,-57.0,2.0,205.0,-180.0,9898.0
660,86172.0,48592.0,55624.0,56019.0,53397.0,86170.0,3.2357773780822754,,,,,,,,1.6549647275977766,-0.2064217122782268,0.5,10.234349250793457,,-0.8220150756835938,-0.0971580810546875,0.5679573364257813,,,,,,,,86167.0,680.0,-71.0,553.0,-1068487678.0,391.0,-55.0,1.0,255.0,-228.0,9800.0
661,86182.0,48307.0,56092.0,56331.0,52704.0,86180.0,3.2357773780822754,,,,,,,,1.6604913919482351,-0.20661054538882595,0.5,10.247761249542236,,-0.8172221069335938,-0.09825191497802735,0.5680062255859375,,,,,,,,86177.0,683.0,-71.0,553.0,-1068487678.0,392.0,-56.0,1.0,128.0,-268.0,9833.0
662,86192.0,47092.0,56413.0,56717.0,52402.0,86190.0,3.241055965423584,,,,,,,,1.6660150167761816,-0.20680250756360674,0.5,10.259732484817505,,-0.8145905151367188,-0.09856993865966797,0.56823876953125,,,,,,,,86187.0,688.0,-71.0,553.0,-1068487678.0,396.0,-57.0,1.0,154.0,-264.0,9859.0
663,86202.0,48387.0,56524.0,56082.0,51969.0,86200.0,3.241055965423584,,,,,,,,1.6715350222855554,-0.20699783179416759,0.5,10.271433591842651,,-0.809771484375,-0.09950482940673828,0.5683191528320313,,,,,,,,86197.0,692.0,-71.0,553.0,-1068488702.0,399.0,-57.0,1.0,139.0,-83.0,9775.0
664,86212.0,50059.0,56448.0,55361.0,52533.0,86210.0,3.2357773780822754,,,,,,,,1.6770512450600592,-0.2071953459091464,0.5,10.283446550369263,,-0.8069356689453125,-0.100132568359375,0.5681109619140625,,,,,,,,86207.0,695.0,-73.0,551.0,-1068488703.0,401.0,-61.0,-5.0,119.0,-74.0,9748.0
665,86222.0,49761.0,56352.0,55437.0,52389.0,86220.0,3.241055965423584,,,,,,,,1.6825639570503674,-0.20739258378465655,0.5,10.295011520385742,,-0.8022008056640625,-0.10121098327636718,0.5683384399414062,,,,,,,,86217.0,700.0,-73.0,551.0,-1068489727.0,404.0,-61.0,-5.0,191.0,-244.0,9959.0
666,86232.0,50177.0,56189.0,55396.0,52631.0,86230.0,3.2357773780822754,,,,,,,,1.68807382615042,-0.2075860450447209,0.5,10.306741952896118,,-0.799507568359375,-0.10168892669677734,0.5683856201171875,,,,,,,,86227.0,705.0,-73.0,551.0,-1068489727.0,410.0,-62.0,-4.0,17.0,-62.0,9832.0
667,86242.0,49332.0,56685.0,55968.0,52107.0,86240.0,3.2357773780822754,,,,,,,,1.6935818435833474,-0.2077715369501023,0.5,10.318510293960571,,-0.794513916015625,-0.1025594024658203,0.5684521484375,,,,,,,,86237.0,710.0,-73.0,551.0,-1068489727.0,413.0,-62.0,-4.0,57.0,-185.0,9721.0
668,86252.0,49487.0,55778.0,55735.0,52834.0,86250.0,3.2357773780822754,,,,,,,,1.6990892253898804,-0.2079445663370111,0.5,10.329938650131226,,-0.7911680297851562,-0.10347216033935547,0.56826220703125,,,,,,,,86247.0,713.0,-76.0,552.0,-1068490751.0,413.0,-67.0,1.0,153.0,-245.0,9786.0
669,86262.0,48051.0,56247.0,56397.0,52627.0,86260.0,3.2357773780822754,,,,,,,,1.7045972973591845,-0.20810074603518053,0.5,10.342201709747314,,-0.7865750732421875,-0.10449442291259765,0.5685243530273437,,,,,,,,86257.0,716.0,-76.0,552.0,-1068490751.0,414.0,-68.0,0.0,28.0,-223.0,9948.0
670,86272.0,47998.0,56171.0,56376.0,52706.0,86270.0,3.2357773780822754,,,,,,,,1.7101073739030372,-0.2082361800046655,0.5,10.355097532272339,,-0.7835982666015625,-0.10537115478515625,0.5684545288085937,,,,,,,,86267.0,724.0,-77.0,552.0,-1068490751.0,421.0,-68.0,1.0,-15.0,-115.0,9834.0
671,86282.0,49518.0,56325.0,55467.0,52335.0,86280.0,3.2357773780822754,,,,,,,,1.7156206415690156,-0.20834779440631346,0.5,10.367959976196289,,-0.7788048095703125,-0.10582061004638672,0.5685645141601563,,,,,,,,86277.0,729.0,-77.0,552.0,-1068490751.0,425.0,-69.0,2.0,17.0,-178.0,9739.0
672,86292.0,49942.0,55603.0,54748.0,52920.0,86290.0,3.2357773780822754,,,,,,,,1.721138057136447,-0.20843358757360766,0.5,10.379876375198364,,-0.7756094970703125,-0.10636453247070313,0.5687245483398438,,,,,,,,86287.0,730.0,-78.0,552.0,-1068491775.0,423.0,-70.0,1.0,6.0,-289.0,9817.0
673,86302.0,48978.0,55908.0,55504.0,52510.0,86300.0,3.2357773780822754,,,,,,,,1.7266602686517674,-0.20849277974615493,0.5,10.392055988311768,,-0.77058251953125,-0.10768070220947265,0.5684549560546875,,,,,,,,86297.0,735.0,-78.0,554.0,-1068491775.0,425.0,-72.0,9.0,87.0,-155.0,9758.0
674,86312.0,48348.0,55320.0,56000.0,52818.0,86310.0,3.241055965423584,,,,,,,,1.7321875655170298,-0.20852585266953197,0.5,10.404704570770264,,-0.767414794921875,-0.1083348159790039,0.5685986938476563,,,,,,,,86307.0,742.0,-78.0,554.0,-1068491775.0,432.0,-72.0,9.0,-128.0,-138.0,9760.0
675,86322.0,48611.0,55442.0,55738.0,52731.0,86320.0,3.241055965423584,,,,,,,,1.7377198610595102,-0.20853447890402899,0.5,10.41706919670105,,-0.7628969116210937,-0.10926828765869141,0.5686001586914062,,,,,,,,86317.0,745.0,-78.0,554.0,-1069540351.0,431.0,-71.0,8.0,19.0,-161.0,9824.0
676,86332.0,47154.0,56122.0,56482.0,52172.0,86330.0,3.241055965423584,,,,,,,,1.743256708176428,-0.20852134999488506,0.5,10.429166078567505,,-0.7595864868164063,-0.10995652770996094,0.5688776245117187,,,,,,,,86327.0,749.0,-79.0,554.0,-1069540351.0,432.0,-73.0,8.0,31.0,-133.0,9759.0
677,86342.0,47986.0,56389.0,56065.0,51627.0,86340.0,3.241055965423584,,,,,,,,1.7487973457943888,-0.2084899212526432,0.5,10.441214799880981,,-0.7547213745117187,-0.11104306793212891,0.5686314086914063,,,,,,,,86337.0,751.0,-80.0,554.0,-1069541375.0,431.0,-75.0,8.0,16.0,-116.0,9738.0
678,86352.0,48053.0,55737.0,56007.0,52492.0,86350.0,3.241055965423584,,,,,,,,1.7543407712287442,-0.20844409769749497,0.5,10.453848600387573,,-0.750083740234375,-0.11246580505371094,0.5686994018554687,,,,,,,,86347.0,759.0,-82.0,554.0,-1069541375.0,438.0,-78.0,7.0,9.0,-159.0,9776.0
679,86362.0,48231.0,56394.0,55994.0,51493.0,86360.0,3.241055965423584,,,,,,,,1.7598858314091015,-0.20838789014729797,0.5,10.466106414794922,,-0.7465593872070313,-0.1129697494506836,0.5687863159179688,,,,,,,,86357.0,760.0,-82.0,554.0,-1069541375.0,434.0,-78.0,7.0,5.0,-28.0,9826.0
680,86372.0,48139.0,56463.0,55773.0,51350.0,86370.0,3.2463345527648926,,,,,,,,1.7654313244908422,-0.20832507219932442,0.5,10.478213787078857,,-0.7432006225585938,-0.11369464874267578,0.5688096923828125,,,,,,,,86367.0,764.0,-83.0,555.0,-1069542399.0,437.0,-79.0,7.0,-70.0,-44.0,9746.0
681,86382.0,49545.0,56013.0,54845.0,51847.0,86380.0,3.2463345527648926,,,,,,,,1.7709761027143103,-0.20825886787213244,0.5,10.490327596664429,,-0.7384608764648437,-0.1147118682861328,0.5687322998046875,,,,,,,,86377.0,765.0,-84.0,555.0,-1069542399.0,433.0,-81.0,6.0,37.0,-135.0,9615.0
682,86392.0,50307.0,55372.0,54528.0,52824.0,86390.0,3.241055965423584,,,,,,,,1.7765191675417547,-0.20819169610309196,0.5,10.501847743988037,,-0.7354579467773438,-0.11518186187744141,0.5689766235351562,,,,,,,,86387.0,776.0,-85.0,555.0,-1069542399.0,444.0,-82.0,5.0,-13.0,-132.0,9735.0
683,86402.0,48854.0,55348.0,55408.0,52850.0,86400.0,3.2463345527648926,,,,,,,,1.782059749053083,-0.2081249925492983,0.5,10.513843297958374,,-0.7305006103515626,-0.11666291046142578,0.5688450927734375,,,,,,,,86397.0,779.0,-85.0,555.0,-1070591999.0,442.0,-82.0,4.0,-22.0,-234.0,9637.0
684,86412.0,48107.0,55925.0,56155.0,52360.0,86410.0,3.241055965423584,,,,,,,,1.7875973631984279,-0.20805912180904743,0.5,10.525480508804321,,-0.72524462890625,-0.11760243225097657,0.5689071655273438,,,,,,,,86407.0,783.0,-86.0,555.0,-1070591999.0,443.0,-83.0,2.0,-62.0,-171.0,9695.0
685,86422.0,47942.0,55853.0,56273.0,52860.0,86420.0,3.241055965423584,,,,,,,,1.7931318426195495,-0.2079933849679948,0.5,10.537115335464478,,-0.7219793090820312,-0.11836956787109375,0.5686826171875,,,,,,,,86417.0,783.0,-88.0,555.0,-1070591999.0,437.0,-85.0,0.0,-102.0,-139.0,9788.0
686,86432.0,48705.0,55827.0,56015.0,52562.0,86430.0,3.241055965423584,,,,,,,,1.7986633391660796,-0.20792611904702957,0.5,10.548826217651367,,-0.719168701171875,-0.11895463562011718,0.568971923828125,,,,,,,,86427.0,789.0,-87.0,554.0,-1070591999.0,442.0,-84.0,-4.0,-105.0,-44.0,9638.0
687,86442.0,48238.0,56381.0,56213.0,52177.0,86440.0,3.241055965423584,,,,,,,,1.8041922986800278,-0.2078548771780505,0.5,10.561026096343994,,-0.7140039672851562,-0.12027997589111328,0.5687066040039063,,,,,,,,86437.0,796.0,-88.0,554.0,-1070591999.0,446.0,-85.0,-5.0,-107.0,-55.0,9677.0
688,86452.0,48853.0,55945.0,56022.0,52418.0,86450.0,3.241055965423584,,,,,,,,1.8097194110348636,-0.20777667152277862,0.5,10.573230028152466,,-0.7107022094726563,-0.12100259399414062,0.5686022338867187,,,,,,,,86447.0,800.0,-89.0,554.0,-1070591999.0,446.0,-85.0,-6.0,-57.0,-65.0,9741.0
689,86462.0,49613.0,56176.0,55583.0,52434.0,86460.0,3.2357773780822754,,,,,,,,1.815245540499889,-0.20768825599167673,0.5,10.585052013397217,,-0.7055601196289063,-0.12206794738769532,0.5685579223632813,,,,,,,,86457.0,801.0,-89.0,554.0,-1071641599.0,442.0,-84.0,-7.0,-65.0,75.0,9614.0
690,86472.0,49826.0,55834.0,55328.0,52521.0,86470.0,3.241055965423584,,,,,,,,1.8207716430638279,-0.20758642302816138,0.5,10.596888303756714,,-0.7023754272460937,-0.12281976318359375,0.5685858154296874,,,,,,,,86467.0,804.0,-90.0,554.0,-1071641599.0,440.0,-85.0,-7.0,-125.0,7.0,9671.0
691,86482.0,50343.0,55731.0,55149.0,52490.0,86480.0,3.241055965423584,,,,,,,,1.8262986782861927,-0.20746828826960675,0.5,10.608773708343506,,-0.6978136596679687,-0.12416388702392578,0.5684393920898437,,,,,,,,86477.0,810.0,-92.0,554.0,-1071641599.0,444.0,-87.0,-8.0,-100.0,-154.0,9677.0
692,86492.0,48242.0,55276.0,56478.0,53343.0,86490.0,3.241055965423584,,,,,,,,1.8318275234867132,-0.20733153875231214,0.5,10.620491743087769,,-0.692434814453125,-0.125095703125,0.5682593383789063,,,,,,,,86487.0,816.0,-92.0,554.0,-1071641599.0,448.0,-86.0,-10.0,-75.0,-119.0,9669.0
693,86502.0,47538.0,55813.0,56922.0,52959.0,86500.0,3.241055965423584,,,,,,,,1.8373588976346775,-0.2071746242481665,0.5,10.631962537765503,,-0.68905810546875,-0.12574786376953126,0.568227783203125,,,,,,,,86497.0,819.0,-92.0,554.0,-1071641599.0,446.0,-85.0,-11.0,-19.0,-186.0,9581.0
694,86512.0,47842.0,56351.0,56881.0,52677.0,86510.0,3.2357773780822754,,,,,,,,1.8428933012283923,-0.20699687688141688,0.5,10.643887042999268,,-0.6858704223632812,-0.12645868682861328,0.5681127319335938,,,,,,,,86507.0,823.0,-92.0,553.0,-1072690174.0,446.0,-86.0,-16.0,-90.0,-117.0,9764.0
695,86522.0,49710.0,56149.0,55750.0,52799.0,86520.0,3.2357773780822754,,,,,,,,1.848430976878861,-0.2067985508261554,0.5,10.655643224716187,,-0.6811911010742188,-0.1277452926635742,0.568018310546875,,,,,,,,86518.0,827.0,-92.0,553.0,-1072691198.0,446.0,-84.0,-16.0,-130.0,2.0,9842.0
696,86532.0,50349.0,56187.0,55324.0,52677.0,86530.0,3.2357773780822754,,,,,,,,1.8539718933827334,-0.20658078101310068,0.5,10.66817331314087,,-0.67753271484375,-0.12829081726074218,0.5679924926757812,,,,,,,,86527.0,836.0,-94.0,553.0,-1072690174.0,453.0,-86.0,-16.0,-104.0,18.0,9640.0
697,86542.0,50202.0,55826.0,55466.0,53138.0,86540.0,3.2357773780822754,,,,,,,,1.8595157539860483,-0.20634546669898995,0.5,10.68043851852417,,-0.672965576171875,-0.12916032409667969,0.5680809936523438,,,,,,,,86537.0,841.0,-94.0,553.0,-1072691198.0,455.0,-84.0,-16.0,-150.0,-140.0,9851.0
698,86552.0,49356.0,56493.0,56533.0,52773.0,86550.0,3.230498790740967,,,,,,,,1.8650620274478258,-0.20609509212844362,0.5,10.69200348854065,,-0.6691778564453125,-0.13020840454101562,0.5677532958984375,,,,,,,,86547.0,842.0,-94.0,551.0,-1073739774.0,450.0,-83.0,-24.0,-176.0,32.0,9706.0
699,86562.0,49092.0,56595.0,56756.0,52659.0,86560.0,3.230498790740967,,,,,,,,1.870609998547404,-0.20583250167415063,0.5,10.70400357246399,,-0.6649937744140625,-0.13080091857910156,0.5678895263671875,,,,,,,,86557.0,845.0,-94.0,551.0,-1073739774.0,448.0,-82.0,-24.0,-129.0,-36.0,9578.0
700,86572.0,49077.0,56604.0,56868.0,52673.0,86570.0,3.230498790740967,,,,,,,,1.8761588330843788,-0.20556065029723872,0.5,10.715528011322021,,-0.6609814453125,-0.13225570678710938,0.567633056640625,,,,,,,,86567.0,855.0,-96.0,551.0,-1073739774.0,457.0,-85.0,-26.0,-86.0,-110.0,9713.0
701,86582.0,48632.0,56922.0,57059.0,52537.0,86580.0,3.230498790740967,,,,,,,,1.8817076513022124,-0.20528235171110853,0.5,10.727407455444336,,-0.65607080078125,-0.13311073303222656,0.5669266357421875,,,,,,,,86577.0,857.0,-98.0,551.0,-1073739774.0,454.0,-86.0,-28.0,-139.0,-21.0,9798.0
702,86592.0,48988.0,56855.0,57021.0,52406.0,86590.0,3.230498790740967,,,,,,,,1.8872556031121888,-0.20500004617241646,0.5,10.738811731338501,,-0.6523998413085937,-0.13388409423828124,0.5669983520507812,,,,,,,,86587.0,862.0,-98.0,550.0,-1072692222.0,455.0,-85.0,-28.0,-183.0,118.0,9841.0
703,86602.0,47851.0,56964.0,57445.0,52574.0,86600.0,3.230498790740967,,,,,,,,1.8928019385368033,-0.2047156074610778,0.5,10.75043773651123,,-0.648610595703125,-0.13427642822265626,0.5670620727539063,,,,,,,,86597.0,863.0,-98.0,550.0,-1072692222.0,450.0,-85.0,-26.0,-228.0,-71.0,9786.0
704,86612.0,49945.0,56786.0,56212.0,52653.0,86610.0,3.230498790740967,,,,,,,,1.8983460674076806,-0.204430204617849,0.5,10.762742280960083,,-0.6444703369140625,-0.135953857421875,0.5667188110351562,,,,,,,,86607.0,866.0,-99.0,550.0,-1072692222.0,447.0,-84.0,-26.0,-181.0,-33.0,9799.0
705,86622.0,50471.0,56331.0,55922.0,53136.0,86620.0,3.230498790740967,,,,,,,,1.9038876034677727,-0.20414422879097038,0.5,10.776583433151245,,-0.639349853515625,-0.13672410583496095,0.5666265258789063,,,,,,,,86618.0,872.0,-101.0,550.0,-1072693246.0,451.0,-87.0,-26.0,-120.0,-17.0,9622.0
706,86632.0,49144.0,56574.0,56746.0,53071.0,86630.0,3.230498790740967,,,,,,,,1.9094263895255053,-0.20385728959920393,0.5,10.78851842880249,,-0.6361434326171875,-0.13749188232421874,0.5663228759765625,,,,,,,,86627.0,877.0,-102.0,549.0,-1072693246.0,451.0,-87.0,-27.0,-190.0,-107.0,9736.0
707,86642.0,49710.0,56255.0,56917.0,53577.0,86640.0,3.225220203399658,,,,,,,,1.9149625020495973,-0.203568279294355,0.5,10.800040245056152,,-0.63136083984375,-0.13851744079589845,0.5663905639648438,,,,,,,,86637.0,880.0,-102.0,548.0,-1072693246.0,448.0,-86.0,-32.0,-200.0,-120.0,9809.0
708,86652.0,48837.0,56091.0,57150.0,53880.0,86650.0,3.230498790740967,,,,,,,,1.9204962353945094,-0.2032754972508652,0.5,10.811755895614624,,-0.628254150390625,-0.1396041259765625,0.5659436645507813,,,,,,,,86647.0,884.0,-105.0,548.0,-1072168958.0,447.0,-89.0,-32.0,-143.0,-27.0,9841.0
709,86662.0,49357.0,56610.0,57166.0,53601.0,86660.0,3.2199416160583496,,,,,,,,1.9260280676114225,-0.20297682223186783,0.5,10.824063777923584,,-0.6228232421875,-0.14029751586914063,0.5659066162109375,,,,,,,,86657.0,890.0,-103.0,548.0,-1073741822.0,451.0,-85.0,-32.0,-166.0,67.0,9754.0
710,86672.0,48794.0,56606.0,57287.0,53605.0,86670.0,3.225220203399658,,,,,,,,1.9315586113564855,-0.20266991607598195,0.5,10.836487054824829,,-0.61944189453125,-0.14101100158691407,0.5657939453125,,,,,,,,86667.0,895.0,-104.0,547.0,-1073741822.0,451.0,-85.0,-33.0,-88.0,-65.0,9764.0
711,86682.0,49082.0,57158.0,57389.0,52914.0,86680.0,3.225220203399658,,,,,,,,1.9370885545996794,-0.2023524401983413,0.5,10.848158121109009,,-0.6149754638671875,-0.14184774780273438,0.5660859985351563,,,,,,,,86677.0,899.0,-104.0,547.0,-536870910.0,450.0,-83.0,-37.0,-132.0,14.0,9863.0
712,86692.0,49545.0,57147.0,57139.0,53286.0,86690.0,3.2199416160583496,,,,,,,,1.942618596582738,-0.2020222657392334,0.5,10.859955549240112,,-0.6117088623046875,-0.14251509094238282,0.5660206909179688,,,,,,,,86687.0,900.0,-103.0,546.0,-536870910.0,445.0,-81.0,-36.0,-335.0,90.0,10001.0
713,86702.0,50525.0,57224.0,56515.0,53074.0,86700.0,3.2199416160583496,,,,,,,,1.948149384721264,-0.20167765932297915,0.5,10.871779680252075,,-0.6068535766601563,-0.14343214416503905,0.5655818481445313,,,,,,,,86697.0,906.0,-103.0,546.0,-536870910.0,447.0,-80.0,-35.0,-117.0,-130.0,9845.0
714,86712.0,50215.0,57786.0,56706.0,52354.0,86710.0,3.2199416160583496,,,,,,,,1.9536814578892745,-0.201317429053956,0.5,10.884177207946777,,-0.6032012329101563,-0.14424699401855468,0.565526611328125,,,,,,,,86707.0,912.0,-103.0,545.0,-536870910.0,450.0,-79.0,-34.0,-152.0,13.0,9946.0
715,86722.0,50692.0,56956.0,56423.0,53350.0,86720.0,3.2199416160583496,,,,,,,,1.9592152008043178,-0.200941019289394,0.5,10.897540092468262,,-0.5984769287109375,-0.14520683288574218,0.5654253540039063,,,,,,,,86717.0,914.0,-105.0,545.0,-536346622.0,445.0,-79.0,-33.0,-252.0,42.0,10034.0
716,86732.0,49371.0,57103.0,57144.0,53001.0,86730.0,3.2199416160583496,,,,,,,,1.9647508131274303,-0.20054854750560222,0.5,10.909560680389404,,-0.5951873779296875,-0.14607591247558593,0.5651613159179687,,,,,,,,86727.0,918.0,-105.0,545.0,-1073217534.0,445.0,-79.0,-27.0,-195.0,7.0,9818.0
717,86742.0,48615.0,57590.0,57520.0,52494.0,86740.0,3.2199416160583496,,,,,,,,1.9702882955118417,-0.20014078177315728,0.5,10.921944856643677,,-0.5899483032226562,-0.1470740966796875,0.5652017211914062,,,,,,,,86737.0,920.0,-106.0,545.0,-1073216510.0,440.0,-79.0,-26.0,-216.0,-158.0,9981.0
718,86752.0,49956.0,57007.0,56611.0,52871.0,86750.0,3.225220203399658,,,,,,,,1.9758274533132427,-0.19971906248647878,0.5,10.934340000152588,,-0.5867612915039062,-0.14769415283203124,0.5650453491210937,,,,,,,,86747.0,930.0,-106.0,545.0,-1073217534.0,450.0,-78.0,-26.0,-255.0,-81.0,9946.0
719,86762.0,49016.0,57168.0,57148.0,53109.0,86760.0,3.2199416160583496,,,,,,,,1.981367917140247,-0.19928517672647392,0.5,10.946438074111938,,-0.5817247924804687,-0.14872235107421874,0.565020751953125,,,,,,,,86757.0,934.0,-107.0,545.0,-1072167934.0,449.0,-78.0,-24.0,-282.0,40.0,9910.0
720,86772.0,48862.0,57277.0,57047.0,52592.0,86770.0,3.2199416160583496,,,,,,,,1.9869091779710528,-0.1988411975340175,0.5,10.95812702178955,,-0.5786114501953125,-0.14955963134765626,0.5647906494140625,,,,,,,,86767.0,937.0,-107.0,546.0,-1072167934.0,446.0,-78.0,-16.0,-195.0,-69.0,9989.0
721,86782.0,48802.0,57616.0,56929.0,51823.0,86780.0,3.225220203399658,,,,,,,,1.992450633362401,-0.19838930306309868,0.5,10.970653772354126,,-0.5735598754882812,-0.15037600708007812,0.5650202026367187,,,,,,,,86777.0,938.0,-108.0,545.0,-1072167934.0,441.0,-77.0,-15.0,-162.0,-133.0,9962.0
722,86792.0,50433.0,56692.0,55870.0,52857.0,86790.0,3.225220203399658,,,,,,,,1.9979916404147464,-0.19793159189336976,0.5,10.982372760772705,,-0.5704871826171874,-0.15104751586914061,0.564784912109375,,,,,,,,86787.0,939.0,-108.0,545.0,-1072167934.0,436.0,-77.0,-13.0,-233.0,-21.0,9937.0
723,86802.0,50625.0,56811.0,55609.0,52759.0,86800.0,3.225220203399658,,,,,,,,2.003531570698619,-0.19746991063616698,0.5,10.994832038879395,,-0.5656194458007813,-0.1519895935058594,0.5647745361328125,,,,,,,,86797.0,950.0,-109.0,545.0,-1071119358.0,445.0,-78.0,-11.0,-194.0,30.0,9908.0
724,86812.0,50989.0,56363.0,55024.0,52763.0,86810.0,3.225220203399658,,,,,,,,2.009069862320128,-0.19700570842144494,0.5,11.006756782531738,,-0.5624591064453125,-0.15283917236328126,0.5648077392578125,,,,,,,,86807.0,955.0,-110.0,547.0,-1071119358.0,445.0,-78.0,-1.0,-285.0,-109.0,9986.0
725,86822.0,50090.0,55525.0,55673.0,53706.0,86820.0,3.225220203399658,,,,,,,,2.0146060646972273,-0.19653993008501955,0.5,11.01857876777649,,-0.5575369262695312,-0.1536666259765625,0.5649815063476562,,,,,,,,86817.0,959.0,-109.0,547.0,-1071120382.0,445.0,-76.0,0.0,-168.0,-203.0,10013.0
726,86832.0,48826.0,56417.0,56227.0,52553.0,86830.0,3.230498790740967,,,,,,,,2.0201398723842674,-0.19607295616782816,0.5,11.030213356018066,,-0.5541483764648437,-0.15426942443847655,0.5649611206054688,,,,,,,,86827.0,961.0,-110.0,547.0,-1071120382.0,441.0,-78.0,1.0,-104.0,-176.0,9881.0
727,86842.0,49503.0,55676.0,55856.0,53225.0,86840.0,3.230498790740967,,,,,,,,2.0256711453412026,-0.1956045935445274,0.5,11.041869878768921,,-0.5493313598632813,-0.15525706481933593,0.5649219360351563,,,,,,,,86837.0,966.0,-111.0,547.0,-1071644670.0,442.0,-77.0,3.0,-120.0,-112.0,9742.0
728,86852.0,48654.0,56007.0,56073.0,52928.0,86850.0,3.2357773780822754,,,,,,,,2.031199914295744,-0.1951341160101006,0.5,11.054082870483398,,-0.5460540771484375,-0.1560918426513672,0.5648883666992187,,,,,,,,86847.0,968.0,-112.0,547.0,-1071643646.0,438.0,-79.0,2.0,-244.0,-105.0,9871.0
729,86862.0,48992.0,55602.0,55619.0,52949.0,86860.0,3.2357773780822754,,,,,,,,2.0367263711669437,-0.1946603498820034,0.5,11.066484451293945,,-0.5417249755859375,-0.15661827087402344,0.5651118774414062,,,,,,,,86857.0,976.0,-112.0,548.0,-1071643646.0,444.0,-79.0,10.0,-158.0,-137.0,9954.0
730,86872.0,49181.0,56261.0,55282.0,52244.0,86870.0,3.2357773780822754,,,,,,,,2.0422508458114046,-0.1941817958902216,0.5,11.078118562698364,,-0.5380725708007813,-0.1574967041015625,0.5650499877929688,,,,,,,,86867.0,980.0,-112.0,548.0,-1071642622.0,443.0,-78.0,12.0,-175.0,44.0,9822.0
731,86882.0,49877.0,56012.0,54802.0,52398.0,86880.0,3.2357773780822754,,,,,,,,2.047773771513551,-0.1936967757154094,0.5,11.091246604919434,,-0.533252197265625,-0.15843560791015626,0.5651302490234374,,,,,,,,86877.0,982.0,-113.0,548.0,-1071642622.0,441.0,-78.0,12.0,-33.0,-151.0,9743.0
732,86892.0,49885.0,55473.0,54725.0,52725.0,86890.0,3.241055965423584,,,,,,,,2.053295642547452,-0.19320358973640675,0.5,11.105453252792358,,-0.5299110717773438,-0.15906512451171875,0.5652333374023437,,,,,,,,86887.0,987.0,-113.0,549.0,-1071641598.0,441.0,-79.0,12.0,-110.0,-121.0,9764.0
733,86902.0,49719.0,55423.0,54725.0,52818.0,86900.0,3.241055965423584,,,,,,,,2.058816967726573,-0.19270067197287905,0.5,11.117639064788818,,-0.5254583740234375,-0.16003443908691406,0.5652672119140625,,,,,,,,86897.0,992.0,-112.0,549.0,-1071641598.0,443.0,-76.0,13.0,-162.0,-50.0,9870.0
734,86912.0,48113.0,55570.0,55801.0,52691.0,86910.0,3.241055965423584,,,,,,,,2.064338224087964,-0.19218672887024124,0.5,11.13069748878479,,-0.5217691650390625,-0.16083773803710938,0.5653550415039063,,,,,,,,86907.0,996.0,-112.0,549.0,-1071641598.0,443.0,-76.0,14.0,-63.0,-226.0,9743.0
735,86922.0,47829.0,56500.0,55843.0,51697.0,86920.0,3.241055965423584,,,,,,,,2.0698598147200826,-0.19166085037569522,0.5,11.142956972122192,,-0.5169114379882812,-0.16184280395507813,0.5653363037109375,,,,,,,,86917.0,1001.0,-114.0,549.0,-1071640575.0,445.0,-77.0,13.0,-11.0,-235.0,9732.0
736,86932.0,49103.0,55918.0,55008.0,52375.0,86930.0,3.241055965423584,,,,,,,,2.075382034262905,-0.19112258450180325,0.5,11.15491533279419,,-0.5137268676757812,-0.16257997131347657,0.5653018798828126,,,,,,,,86927.0,1008.0,-114.0,549.0,-1071640575.0,450.0,-77.0,12.0,-111.0,-28.0,9868.0
737,86942.0,48827.0,56542.0,55331.0,51555.0,86940.0,3.241055965423584,,,,,,,,2.0809050448384827,-0.1905719699977917,0.5,11.16654372215271,,-0.5089219360351562,-0.16367037963867187,0.5654819946289062,,,,,,,,86937.0,1012.0,-115.0,549.0,-1070591999.0,451.0,-78.0,10.0,-34.0,0.0,9692.0
738,86952.0,48831.0,56461.0,55421.0,51568.0,86950.0,3.241055965423584,,,,,,,,2.086428864185266,-0.19000952553073905,0.5,11.178577899932861,,-0.5054053344726562,-0.16428187561035157,0.5654165649414062,,,,,,,,86947.0,1002.0,-113.0,549.0,-1070593023.0,428.0,-75.0,10.0,6.0,-143.0,9707.0
739,86962.0,48529.0,56086.0,55762.0,51956.0,86960.0,3.241055965423584,,,,,,,,2.0919533666647676,-0.18943619756608324,0.5,11.19035816192627,,-0.5004851684570313,-0.16525393676757813,0.5655751953125,,,,,,,,86957.0,1008.0,-113.0,549.0,-1070593023.0,433.0,-75.0,9.0,-154.0,-104.0,9744.0
740,86972.0,47603.0,56118.0,56337.0,52013.0,86970.0,3.241055965423584,,,,,,,,2.0974782966848986,-0.18885327265095142,0.5,11.202519416809082,,-0.49707138061523437,-0.16597802734375,0.5654568481445312,,,,,,,,86967.0,1015.0,-115.0,549.0,-1070593023.0,437.0,-77.0,8.0,-106.0,-138.0,9640.0
741,86982.0,48430.0,55753.0,55955.0,52332.0,86980.0,3.241055965423584,,,,,,,,2.103003293012177,-0.18826226274611385,0.5,11.214344024658203,,-0.49252365112304686,-0.16701518249511718,0.565279541015625,,,,,,,,86977.0,1022.0,-116.0,550.0,-1070591999.0,442.0,-77.0,6.0,-58.0,-231.0,9640.0
742,86992.0,47995.0,56182.0,56080.0,52102.0,86990.0,3.241055965423584,,,,,,,,2.10852792154373,-0.18766477434011733,0.5,11.226390600204468,,-0.489094970703125,-0.1675218505859375,0.565626708984375,,,,,,,,86987.0,1024.0,-116.0,550.0,-1070591999.0,439.0,-77.0,4.0,-91.0,-127.0,9658.0
743,87002.0,48890.0,55271.0,55776.0,52909.0,87000.0,3.241055965423584,,,,,,,,2.1140517134470436,-0.1870623731729717,0.5,11.238053321838379,,-0.48383062744140626,-0.1687789306640625,0.5654666748046875,,,,,,,,86997.0,1025.0,-118.0,550.0,-1069543423.0,434.0,-80.0,2.0,-37.0,-35.0,9634.0
744,87012.0,47570.0,56075.0,56363.0,52391.0,87010.0,3.241055965423584,,,,,,,,2.1195742052009323,-0.18645645643000244,0.5,11.249711990356445,,-0.47884478759765625,-0.16987364196777344,0.56541259765625,,,,,,,,87007.0,1031.0,-118.0,550.0,-1069543423.0,438.0,-80.0,1.0,-139.0,-240.0,9585.0
745,87022.0,48829.0,56017.0,55766.0,52638.0,87020.0,3.2357773780822754,,,,,,,,2.1250949770094802,-0.18584814326760712,0.5,11.261429071426392,,-0.47611117553710935,-0.17047218322753907,0.5653624877929687,,,,,,,,87017.0,1038.0,-118.0,550.0,-1069542399.0,445.0,-80.0,0.0,-58.0,-109.0,9735.0
746,87032.0,50443.0,55858.0,54935.0,52880.0,87030.0,3.241055965423584,,,,,,,,2.130613686307511,-0.1852381926205109,0.5,11.273806095123291,,-0.47260122680664063,-0.17109979248046875,0.5655112915039062,,,,,,,,87027.0,1046.0,-118.0,548.0,-1069542399.0,451.0,-80.0,-10.0,-16.0,-80.0,9771.0
747,87042.0,50477.0,55094.0,54895.0,53794.0,87040.0,3.241055965423584,,,,,,,,2.1361300936000616,-0.18462695460994374,0.5,11.286057710647583,,-0.46723748779296875,-0.1723867645263672,0.56515966796875,,,,,,,,87037.0,1050.0,-119.0,548.0,-1069541375.0,452.0,-81.0,-10.0,-71.0,-150.0,9708.0
748,87052.0,47869.0,56070.0,56807.0,53001.0,87050.0,3.2357773780822754,,,,,,,,2.141644078624978,-0.18401435877487934,0.5,11.297764301300049,,-0.4638739929199219,-0.17315252685546875,0.565161865234375,,,,,,,,87047.0,1039.0,-118.0,548.0,-1069542399.0,429.0,-79.0,-11.0,-26.0,-243.0,9764.0
749,87062.0,46634.0,56590.0,57658.0,52709.0,87060.0,3.230498790740967,,,,,,,,2.1471556457258596,-0.1833999390669797,0.5,11.309597253799438,,-0.4587632446289063,-0.174353271484375,0.565046630859375,,,,,,,,87057.0,1042.0,-118.0,548.0,-1070589951.0,429.0,-79.0,-12.0,-15.0,14.0,9788.0
750,87072.0,47902.0,56426.0,56898.0,52602.0,87070.0,3.230498790740967,,,,,,,,2.1526649182863724,-0.1827828923848332,0.5,11.32135534286499,,-0.4557783508300781,-0.17505142211914063,0.565125732421875,,,,,,,,87067.0,1052.0,-120.0,548.0,-1070589951.0,438.0,-82.0,-9.0,0.0,-123.0,9697.0
751,87082.0,47932.0,56917.0,56561.0,52054.0,87080.0,3.2357773780822754,,,,,,,,2.158172123024749,-0.18216216460224371,0.5,11.33341121673584,,-0.45028411865234375,-0.17604388427734374,0.5648057250976563,,,,,,,,87077.0,1057.0,-120.0,548.0,-1070589951.0,442.0,-82.0,-10.0,-5.0,-194.0,9743.0
752,87092.0,49379.0,56701.0,56031.0,52194.0,87090.0,3.230498790740967,,,,,,,,2.163677565809872,-0.18153655582337752,0.5,11.345141410827637,,-0.4469733581542969,-0.17682920837402344,0.5646741333007812,,,,,,,,87087.0,1059.0,-120.0,548.0,-1070589951.0,439.0,-81.0,-11.0,-68.0,-37.0,9710.0
753,87102.0,48688.0,56181.0,56392.0,53029.0,87100.0,3.230498790740967,,,,,,,,2.1691816013473773,-0.18090483517108968,0.5,11.356889009475708,,-0.4418521728515625,-0.1781537780761719,0.564587890625,,,,,,,,87097.0,1060.0,-120.0,548.0,-1070589951.0,436.0,-80.0,-11.0,8.0,-53.0,9618.0
754,87112.0,49800.0,56958.0,56010.0,52117.0,87110.0,3.230498790740967,,,,,,,,2.1746845995461572,-0.18026585487322072,0.5,11.368580341339111,,-0.4385851440429688,-0.1787470703125,0.5645328979492188,,,,,,,,87107.0,1067.0,-121.0,547.0,-1070589951.0,441.0,-82.0,-18.0,35.0,-58.0,9745.0
755,87122.0,50427.0,56799.0,55582.0,52357.0,87120.0,3.230498790740967,,,,,,,,2.180186911579458,-0.17961865377573388,0.5,11.38010859489441,,-0.43331097412109376,-0.17977841186523438,0.5643019409179687,,,,,,,,87117.0,1074.0,-121.0,547.0,-1070589951.0,446.0,-81.0,-19.0,-113.0,-18.0,9797.0
756,87132.0,51209.0,56051.0,54882.0,53423.0,87130.0,3.230498790740967,,,,,,,,2.185688838590682,-0.17896254162170477,0.5,11.393040657043457,,-0.4299203491210937,-0.18078315734863282,0.56413134765625,,,,,,,,87127.0,1077.0,-123.0,547.0,-1070589951.0,446.0,-83.0,-19.0,76.0,9.0,9663.0
757,87142.0,50196.0,56350.0,55891.0,53265.0,87140.0,3.225220203399658,,,,,,,,2.191190605676195,-0.1782971573595378,0.5,11.404820680618286,,-0.4243519897460937,-0.18202751159667968,0.5636502075195312,,,,,,,,87137.0,1080.0,-124.0,546.0,-1070589951.0,445.0,-85.0,-20.0,-27.0,-192.0,9843.0
758,87152.0,48783.0,56705.0,56703.0,53130.0,87150.0,3.225220203399658,,,,,,,,2.1966923432416126,-0.1776224971928297,0.5,11.416466236114502,,-0.4211832275390625,-0.18260992431640624,0.5636434936523438,,,,,,,,87147.0,1084.0,-125.0,546.0,-1070588927.0,445.0,-85.0,-21.0,-25.0,-167.0,9887.0
759,87162.0,48901.0,56425.0,56810.0,53519.0,87160.0,3.225220203399658,,,,,,,,2.202194077127253,-0.17693891082968435,0.5,11.42837119102478,,-0.41576922607421873,-0.18413914489746094,0.5634864501953125,,,,,,,,87157.0,1088.0,-125.0,545.0,-1069540351.0,448.0,-85.0,-23.0,21.0,-72.0,9741.0
760,87172.0,49404.0,56463.0,56304.0,53687.0,87170.0,3.225220203399658,,,,,,,,2.2076957280992096,-0.1762470671772252,0.5,11.439892053604126,,-0.412033935546875,-0.1847333984375,0.5631687622070313,,,,,,,,87167.0,1096.0,-125.0,545.0,-1069539327.0,454.0,-85.0,-23.0,-10.0,-236.0,9795.0
761,87182.0,50040.0,56650.0,56150.0,53559.0,87180.0,3.2199416160583496,,,,,,,,2.2131971204796663,-0.17554789333510445,0.5,11.452823162078857,,-0.4066758728027344,-0.18586758422851563,0.5630430297851563,,,,,,,,87177.0,1099.0,-126.0,545.0,-1069539327.0,455.0,-85.0,-24.0,92.0,-175.0,9855.0
762,87192.0,49662.0,56995.0,56368.0,53180.0,87190.0,3.2199416160583496,,,,,,,,2.2186979988998385,-0.17484249295744717,0.5,11.464484453201294,,-0.4042293395996094,-0.18611338806152344,0.5632105712890625,,,,,,,,87187.0,1104.0,-126.0,545.0,-1069539327.0,457.0,-85.0,-23.0,46.0,-32.0,9756.0
763,87202.0,49849.0,56866.0,56410.0,53178.0,87200.0,3.2199416160583496,,,,,,,,2.2241980514833206,-0.17413205166611223,0.5,11.476224422454834,,-0.397857421875,-0.18792945861816407,0.5626946411132813,,,,,,,,87197.0,1105.0,-127.0,544.0,-1069538303.0,453.0,-87.0,-24.0,116.0,-178.0,9830.0
764,87212.0,50232.0,56534.0,56134.0,53607.0,87210.0,3.2199416160583496,,,,,,,,2.2296969372595736,-0.17341773809680122,0.5,11.488173723220825,,-0.3942419128417969,-0.18871318054199218,0.5626387329101562,,,,,,,,87207.0,1110.0,-126.0,544.0,-1069538303.0,457.0,-84.0,-24.0,108.0,-128.0,9846.0
765,87222.0,49606.0,56747.0,56530.0,53410.0,87220.0,3.2199416160583496,,,,,,,,2.2351943153054235,-0.17270060928635805,0.5,11.499660015106201,,-0.3890327758789062,-0.18980479431152344,0.5624973754882813,,,,,,,,87217.0,1119.0,-127.0,544.0,-1069538303.0,465.0,-86.0,-23.0,10.0,-52.0,9897.0
766,87232.0,49277.0,56814.0,56890.0,53152.0,87230.0,3.2199416160583496,,,,,,,,2.2406898730369464,-0.17198152847640716,0.5,11.511262893676758,,-0.3855820007324219,-0.191502197265625,0.5624420776367187,,,,,,,,87227.0,1121.0,-126.0,544.0,-1069538303.0,465.0,-84.0,-23.0,1.0,-43.0,9788.0
767,87242.0,48348.0,56875.0,57393.0,53632.0,87240.0,3.2199416160583496,,,,,,,,2.2461833512246674,-0.1712611020933922,0.5,11.524035930633545,,-0.3801512145996094,-0.1921104736328125,0.5620089111328125,,,,,,,,87237.0,1125.0,-127.0,543.0,-1069538303.0,466.0,-86.0,-27.0,76.0,-270.0,9855.0
768,87252.0,48076.0,57184.0,57424.0,53063.0,87250.0,3.225220203399658,,,,,,,,2.2516745636614695,-0.17053964080334777,0.5,11.536647319793701,,-0.376230712890625,-0.1928713836669922,0.5619559936523437,,,,,,,,87247.0,1126.0,-129.0,542.0,-1069538303.0,463.0,-88.0,-27.0,-38.0,-148.0,10019.0
769,87262.0,49355.0,57514.0,56764.0,52744.0,87260.0,3.2199416160583496,,,,,,,,2.2571634099376405,-0.16981714730966027,0.5,11.548563480377197,,-0.370950927734375,-0.194011474609375,0.5618480834960937,,,,,,,,87257.0,1134.0,-130.0,542.0,-1069538303.0,470.0,-89.0,-26.0,69.0,-68.0,9824.0
770,87272.0,49925.0,57089.0,56367.0,53251.0,87270.0,3.2199416160583496,,,,,,,,2.262649880420493,-0.1690933311679383,0.5,11.560339450836182,,-0.3676722412109375,-0.19483843994140626,0.5616231689453125,,,,,,,,87267.0,1139.0,-130.0,542.0,-1069539327.0,473.0,-89.0,-25.0,13.0,-221.0,9847.0
771,87282.0,50119.0,56746.0,56397.0,53534.0,87280.0,3.2199416160583496,,,,,,,,2.2681340532369836,-0.16836764855128034,0.5,11.572628498077393,,-0.3619735412597656,-0.19628768920898437,0.561644287109375,,,,,,,,87277.0,1144.0,-129.0,542.0,-1070587903.0,476.0,-88.0,-25.0,25.0,-237.0,9899.0
772,87292.0,49393.0,57038.0,56676.0,52717.0,87290.0,3.2199416160583496,,,,,,,,2.273616083753103,-0.1676393627972643,0.5,11.584962606430054,,-0.35782254028320315,-0.19706561279296875,0.561451416015625,,,,,,,,87287.0,1145.0,-129.0,543.0,-1070587903.0,472.0,-87.0,-16.0,-43.0,4.0,9907.0
773,87302.0,49845.0,56804.0,56323.0,53025.0,87300.0,3.2199416160583496,,,,,,,,2.2790961876835207,-0.16690761987813557,0.5,11.597378015518188,,-0.3522343139648437,-0.19848126220703124,0.5614887084960938,,,,,,,,87297.0,1151.0,-136.0,543.0,-1070587903.0,477.0,-97.0,-15.0,-29.0,-78.0,9898.0
774,87312.0,49340.0,56460.0,56484.0,53289.0,87310.0,3.225220203399658,,,,,,,,2.284574619484485,-0.16617153181222433,0.5,11.609428405761719,,-0.348391357421875,-0.19941665649414062,0.5613563842773438,,,,,,,,87307.0,1158.0,-136.0,542.0,-1070587903.0,481.0,-96.0,-15.0,32.0,-297.0,9894.0
775,87322.0,49363.0,56931.0,56539.0,52575.0,87320.0,3.225220203399658,,,,,,,,2.2900516480430193,-0.16543026055093163,0.5,11.621384859085083,,-0.343455810546875,-0.20088380432128905,0.5612360229492187,,,,,,,,87317.0,1163.0,-134.0,542.0,-1070588927.0,483.0,-93.0,-14.0,-32.0,-166.0,9847.0
776,87332.0,48455.0,56887.0,57008.0,52750.0,87330.0,3.230498790740967,,,,,,,,2.2955275318498765,-0.16468309505448236,0.5,11.634329319000244,,-0.33887448120117186,-0.20172979736328125,0.5608494262695313,,,,,,,,87327.0,1165.0,-137.0,541.0,-1070588927.0,482.0,-97.0,-18.0,-159.0,-21.0,9927.0
777,87342.0,49452.0,56612.0,56533.0,52848.0,87340.0,3.230498790740967,,,,,,,,2.301002495823125,-0.16392951507545453,0.5,11.646704196929932,,-0.33308349609375,-0.20307273864746095,0.5607274169921875,,,,,,,,87337.0,1170.0,-139.0,541.0,-1070588927.0,484.0,-100.0,-17.0,-9.0,-163.0,9875.0
778,87352.0,47330.0,56907.0,57709.0,53067.0,87350.0,3.225220203399658,,,,,,,,2.306476711741425,-0.16316923651264537,0.5,11.659090280532837,,-0.3294981384277344,-0.204081298828125,0.560816650390625,,,,,,,,87347.0,1178.0,-138.0,541.0,-1070588927.0,491.0,-97.0,-17.0,-57.0,-254.0,9774.0
779,87362.0,48496.0,56452.0,57000.0,53659.0,87360.0,3.225220203399658,,,,,,,,2.3119502838749355,-0.16240223494605832,0.5,11.670967102050781,,-0.324420654296875,-0.20567617797851562,0.5605260009765625,,,,,,,,87357.0,1183.0,-138.0,541.0,-1070588927.0,493.0,-96.0,-17.0,7.0,-37.0,9876.0
780,87372.0,49755.0,57383.0,56393.0,52583.0,87370.0,3.225220203399658,,,,,,,,2.3174232409044557,-0.16162874595294424,0.5,11.68370532989502,,-0.320057861328125,-0.20609757995605468,0.5606365356445312,,,,,,,,87367.0,1183.0,-139.0,540.0,-1070589951.0,486.0,-97.0,-21.0,27.0,-73.0,9709.0
781,87382.0,50547.0,56678.0,55873.0,53457.0,87380.0,3.225220203399658,,,,,,,,2.3228955346428988,-0.16084924285205374,0.5,11.6963472366333,,-0.31451528930664063,-0.20729383850097657,0.56064892578125,,,,,,,,87377.0,1188.0,-142.0,540.0,-1070589951.0,488.0,-102.0,-21.0,-40.0,-144.0,9945.0
782,87392.0,49795.0,57076.0,56454.0,52879.0,87390.0,3.225220203399658,,,,,,,,2.3283670454720724,-0.16006439445734436,0.5,11.709071397781372,,-0.3105334777832031,-0.2082978057861328,0.5607657470703125,,,,,,,,87387.0,1193.0,-142.0,539.0,-1071638527.0,490.0,-100.0,-20.0,-14.0,-135.0,9980.0
783,87402.0,50081.0,56820.0,56321.0,53054.0,87400.0,3.225220203399658,,,,,,,,2.3338375938259515,-0.15927500708756093,0.5,11.7217698097229,,-0.30537771606445313,-0.20973866271972658,0.5607814331054688,,,,,,,,87397.0,1199.0,-141.0,539.0,-1071638527.0,493.0,-99.0,-19.0,-52.0,4.0,9818.0
784,87412.0,49044.0,56953.0,57045.0,52826.0,87410.0,3.225220203399658,,,,,,,,2.3393069565463054,-0.15848195632027876,0.5,11.734710454940796,,-0.30122869873046876,-0.21092442321777344,0.5607866821289063,,,,,,,,87407.0,1198.0,-144.0,539.0,-1071639551.0,486.0,-101.0,-21.0,-16.0,-18.0,9763.0
785,87422.0,48474.0,56801.0,57542.0,53189.0,87420.0,3.225220203399658,,,,,,,,2.344774886548581,-0.15768611470796826,0.5,11.747110843658447,,-0.2952137145996094,-0.21214413452148437,0.5603832397460937,,,,,,,,87417.0,1199.0,-145.0,538.0,-1071639551.0,481.0,-102.0,-22.0,9.0,-199.0,9826.0
786,87432.0,50193.0,56746.0,56431.0,53291.0,87430.0,3.225220203399658,,,,,,,,2.350241133995108,-0.15688828184146042,0.5,11.759889125823975,,-0.29150665283203125,-0.213621826171875,0.56050439453125,,,,,,,,87427.0,1209.0,-147.0,538.0,-1071639551.0,490.0,-105.0,-22.0,-153.0,-55.0,9908.0
787,87442.0,49997.0,56153.0,56570.0,53991.0,87440.0,3.225220203399658,,,,,,,,2.355705467095513,-0.15608912275489178,0.5,11.772800207138062,,-0.28602157592773436,-0.214448486328125,0.5604356689453125,,,,,,,,87437.0,1214.0,-150.0,538.0,-1071640575.0,492.0,-107.0,-22.0,-55.0,-48.0,9785.0
788,87452.0,49052.0,56557.0,57330.0,53713.0,87450.0,3.2199416160583496,,,,,,,,2.361167690742483,-0.15528911976656054,0.5,11.785186052322388,,-0.2821917419433594,-0.2156752166748047,0.5612232055664063,,,,,,,,87447.0,1215.0,-148.0,538.0,-1072689151.0,487.0,-103.0,-21.0,-72.0,-128.0,9788.0
789,87462.0,47853.0,56988.0,57766.0,53260.0,87460.0,3.2199416160583496,,,,,,,,2.3666276614319752,-0.15448854153561847,0.5,11.79767394065857,,-0.277688720703125,-0.21625376892089843,0.5605155639648437,,,,,,,,87457.0,1215.0,-149.0,538.0,-1072689151.0,480.0,-103.0,-17.0,-166.0,-115.0,9948.0
790,87472.0,48315.0,57054.0,57512.0,53110.0,87470.0,3.2199416160583496,,,,,,,,2.372085297285044,-0.15368743151169298,0.5,11.809771537780762,,-0.2719394226074219,-0.21812019348144532,0.5606276245117188,,,,,,,,87467.0,1216.0,-149.0,538.0,-1072689151.0,476.0,-103.0,-16.0,-51.0,-40.0,9927.0
791,87482.0,48775.0,56916.0,57065.0,53399.0,87480.0,3.2199416160583496,,,,,,,,2.3775405824479137,-0.15288561621083177,0.5,11.82318663597107,,-0.26625262451171877,-0.21942420959472655,0.5606984252929688,,,,,,,,87477.0,1224.0,-150.0,538.0,-1073737727.0,482.0,-102.0,-15.0,-154.0,-106.0,9820.0
792,87492.0,50612.0,56624.0,55963.0,53549.0,87490.0,3.2199416160583496,,,,,,,,2.3829935656551577,-0.15208273202374423,0.5,11.83577036857605,,-0.2626005859375,-0.22031964111328126,0.5607139892578125,,,,,,,,87487.0,1236.0,-151.0,538.0,-536866815.0,493.0,-102.0,-15.0,-232.0,-123.0,9870.0
793,87502.0,49397.0,56613.0,56602.0,53847.0,87500.0,3.2199416160583496,,,,,,,,2.3884443532508515,-0.15127826769625619,0.5,11.847837448120117,,-0.25648922729492185,-0.2208885040283203,0.56077490234375,,,,,,,,87497.0,1238.0,-150.0,538.0,-536866815.0,491.0,-99.0,-14.0,-185.0,-20.0,9930.0
794,87512.0,50091.0,56993.0,56206.0,53202.0,87510.0,3.2199416160583496,,,,,,,,2.393893097436001,-0.15047161834080294,0.5,11.860185146331787,,-0.25253256225585935,-0.22276065063476563,0.5607051391601563,,,,,,,,87507.0,1243.0,-153.0,537.0,-535817215.0,492.0,-102.0,-13.0,-97.0,37.0,9904.0
795,87522.0,50207.0,57728.0,56046.0,52254.0,87520.0,3.2199416160583496,,,,,,,,2.3993399809023424,-0.14966214595830463,0.5,11.873026609420776,,-0.24652415466308594,-0.2239156036376953,0.5608858032226562,,,,,,,,87517.0,1246.0,-153.0,537.0,-535817215.0,490.0,-100.0,-12.0,-154.0,77.0,9886.0
796,87532.0,50811.0,57229.0,55607.0,52862.0,87530.0,3.2199416160583496,,,,,,,,2.404785199291568,-0.1488492410323658,0.5,11.885636568069458,,-0.24305584716796874,-0.2249508056640625,0.560850830078125,,,,,,,,87527.0,1257.0,-153.0,537.0,-535817215.0,501.0,-98.0,-11.0,-49.0,-39.0,9919.0
797,87542.0,50636.0,57433.0,55652.0,52629.0,87540.0,3.2199416160583496,,,,,,,,2.41022894306479,-0.1480323798245635,0.5,11.898425579071045,,-0.23667622375488281,-0.2256437683105469,0.5609739990234375,,,,,,,,87537.0,1259.0,-154.0,539.0,-536865791.0,497.0,-98.0,-1.0,-122.0,46.0,9923.0
798,87552.0,50231.0,56901.0,55565.0,52904.0,87550.0,3.2199416160583496,,,,,,,,2.41567138037098,-0.14721117253034036,0.5,11.910411596298218,,-0.232984375,-0.227432861328125,0.5612788696289063,,,,,,,,87547.0,1264.0,-155.0,539.0,-536865791.0,499.0,-98.0,0.0,-43.0,-81.0,9920.0
799,87562.0,48839.0,56834.0,56490.0,53001.0,87560.0,3.2199416160583496,,,,,,,,2.4211126423692333,-0.14638539838963963,0.5,11.923090696334839,,-0.22877325439453125,-0.22753811645507813,0.5612141723632813,,,,,,,,87557.0,1265.0,-155.0,539.0,-1073736703.0,494.0,-97.0,0.0,-30.0,-58.0,9883.0
800,87572.0,47913.0,57298.0,56831.0,52288.0,87570.0,3.225220203399658,,,,,,,,2.426552812203805,-0.14555502509165488,0.5,11.936383485794067,,-0.22313351440429688,-0.2292537841796875,0.5615007934570313,,,,,,,,87567.0,1277.0,-156.0,539.0,-1073736703.0,506.0,-98.0,1.0,-33.0,-171.0,10015.0
801,87582.0,48610.0,56847.0,56445.0,52711.0,87580.0,3.225220203399658,,,,,,,,2.4319919184788628,-0.14472021125169662,0.5,11.94843864440918,,-0.21939990234375,-0.2299817657470703,0.561474853515625,,,,,,,,87577.0,1283.0,-157.0,539.0,-1073736703.0,509.0,-96.0,2.0,-105.0,-66.0,9736.0
802,87592.0,47336.0,57100.0,57043.0,52472.0,87590.0,3.225220203399658,,,,,,,,2.4374299336651166,-0.14388129223826243,0.5,11.960406303405762,,-0.21276483154296874,-0.23119793701171876,0.5614295654296875,,,,,,,,87587.0,1282.0,-158.0,539.0,-1073737727.0,501.0,-97.0,4.0,-83.0,-85.0,9729.0
803,87602.0,47917.0,56985.0,56712.0,52217.0,87600.0,3.230498790740967,,,,,,,,2.4428667774322115,-0.14303875106102684,0.5,11.973069429397583,,-0.20693423461914062,-0.23253439331054687,0.561660888671875,,,,,,,,87597.0,1284.0,-158.0,539.0,-1073737728.0,498.0,-96.0,3.0,-91.0,-116.0,9894.0
804,87612.0,48654.0,56300.0,56167.0,53124.0,87610.0,3.230498790740967,,,,,,,,2.4483023244729543,-0.14219317727965358,0.5,11.985769271850586,,-0.20332537841796874,-0.23369332885742186,0.5620841064453125,,,,,,,,87607.0,1295.0,-162.0,539.0,-1073737728.0,508.0,-100.0,4.0,-87.0,-124.0,9933.0
805,87622.0,49573.0,56299.0,55634.0,52881.0,87620.0,3.230498790740967,,,,,,,,2.4537364160083226,-0.14134521784622572,0.5,11.997853517532349,,-0.19948942565917968,-0.23444511413574218,0.5620508422851562,,,,,,,,87617.0,1301.0,-162.0,539.0,-1073737728.0,511.0,-98.0,5.0,-146.0,108.0,9789.0
806,87632.0,47518.0,56603.0,56792.0,53042.0,87630.0,3.230498790740967,,,,,,,,2.459168873866962,-0.1404955243791991,0.5,12.009849309921265,,-0.19289396667480468,-0.2354939880371094,0.5621315307617187,,,,,,,,87627.0,1302.0,-163.0,539.0,-536867840.0,505.0,-98.0,2.0,-254.0,-54.0,9735.0
807,87642.0,48956.0,56510.0,56160.0,52776.0,87640.0,3.230498790740967,,,,,,,,2.4645995158423992,-0.13964470154442812,0.5,12.022473335266113,,-0.18682235717773438,-0.23708401489257813,0.5621900634765625,,,,,,,,87637.0,1308.0,-162.0,539.0,-536867840.0,507.0,-97.0,2.0,-99.0,-105.0,9794.0
808,87652.0,49672.0,56153.0,55527.0,53347.0,87650.0,3.230498790740967,,,,,,,,2.4700281709588956,-0.13879326098560738,0.5,12.034611225128174,,-0.18300373840332032,-0.23827993774414064,0.5624082641601562,,,,,,,,87647.0,1314.0,-163.0,539.0,-536867840.0,510.0,-96.0,1.0,-154.0,-58.0,9926.0
809,87662.0,50565.0,56144.0,54854.0,53262.0,87660.0,3.230498790740967,,,,,,,,2.4754546933254438,-0.13794158463490555,0.5,12.046892881393433,,-0.1793330535888672,-0.2391883087158203,0.5628063354492188,,,,,,,,87657.0,1322.0,-166.0,539.0,-535818240.0,516.0,-98.0,2.0,-151.0,3.0,9774.0
810,87672.0,49979.0,56559.0,55287.0,53110.0,87670.0,3.225220203399658,,,,,,,,2.4808789734190246,-0.137089900309034,0.5,12.058902502059937,,-0.17278564453125,-0.2401307678222656,0.5628049926757812,,,,,,,,87667.0,1325.0,-168.0,539.0,-535819264.0,512.0,-100.0,3.0,-107.0,-21.0,9843.0
811,87682.0,49211.0,56471.0,55799.0,52941.0,87680.0,3.225220203399658,,,,,,,,2.4863009458954215,-0.13623827134613298,0.5,12.071043729782104,,-0.16668765258789062,-0.24148280334472655,0.5628997192382813,,,,,,,,87677.0,1327.0,-167.0,539.0,-535819264.0,509.0,-97.0,7.0,-104.0,-120.0,9933.0
812,87692.0,49691.0,56057.0,55602.0,53185.0,87690.0,3.225220203399658,,,,,,,,2.4917205933534827,-0.13538660077094827,0.5,12.083635091781616,,-0.16291969299316406,-0.24267280578613282,0.563119873046875,,,,,,,,87687.0,1335.0,-167.0,539.0,-535819264.0,514.0,-95.0,7.0,-74.0,127.0,9695.0
813,87702.0,48328.0,56649.0,56486.0,52564.0,87700.0,3.225220203399658,,,,,,,,2.4971379458462946,-0.1345346492037503,0.5,12.096274852752686,,-0.15916058349609374,-0.2437260284423828,0.5633198852539063,,,,,,,,87697.0,1340.0,-167.0,540.0,-535819264.0,515.0,-93.0,7.0,-61.0,-67.0,9766.0
814,87712.0,49598.0,56351.0,55576.0,52623.0,87710.0,3.230498790740967,,,,,,,,2.5025530763063015,-0.13368206456232135,0.5,12.10831332206726,,-0.15260008239746095,-0.2444477081298828,0.5635108642578125,,,,,,,,87707.0,1345.0,-168.0,540.0,-534770688.0,515.0,-93.0,6.0,-106.0,-50.0,9904.0
815,87722.0,49365.0,56738.0,56010.0,52556.0,87720.0,3.230498790740967,,,,,,,,2.5079660924012663,-0.1328284206378559,0.5,12.120412588119507,,-0.14658518981933594,-0.24575836181640626,0.5636134033203125,,,,,,,,87717.0,1354.0,-168.0,538.0,-534770688.0,522.0,-91.0,-2.0,-173.0,33.0,9873.0
816,87732.0,49516.0,56627.0,55991.0,52533.0,87730.0,3.230498790740967,,,,,,,,2.513377125632601,-0.13197326094082246,0.5,12.13404655456543,,-0.1424259033203125,-0.24671498107910156,0.5639185791015625,,,,,,,,87727.0,1358.0,-171.0,538.0,-534771712.0,521.0,-93.0,-1.0,-159.0,34.0,9752.0
817,87742.0,47902.0,56333.0,56918.0,53099.0,87740.0,3.230498790740967,,,,,,,,2.518786318702652,-0.13111614386137013,0.5,12.145970344543457,,-0.13725531005859376,-0.24822776794433593,0.5639859008789062,,,,,,,,87737.0,1360.0,-171.0,538.0,-534771712.0,517.0,-91.0,-1.0,-191.0,-75.0,9770.0
818,87752.0,47511.0,56502.0,57100.0,53014.0,87750.0,3.230498790740967,,,,,,,,2.5241938122971277,-0.13025668519086522,0.5,12.157871961593628,,-0.1325518341064453,-0.24923263549804686,0.5641812744140625,,,,,,,,87747.0,1368.0,-175.0,538.0,-534771712.0,521.0,-96.0,-2.0,-180.0,-20.0,9797.0
819,87762.0,47715.0,56947.0,56693.0,52148.0,87760.0,3.230498790740967,,,,,,,,2.5295997324454826,-0.1293945943959369,0.5,12.169321537017822,,-0.1264376754760742,-0.24992247009277344,0.5644384155273438,,,,,,,,87757.0,1372.0,-174.0,539.0,-534772736.0,520.0,-94.0,5.0,-185.0,0.0,9722.0
820,87772.0,48588.0,56758.0,56258.0,52230.0,87770.0,3.230498790740967,,,,,,,,2.535004179537419,-0.12852970168385172,0.5,12.18108057975769,,-0.12238563537597656,-0.2507126770019531,0.56468701171875,,,,,,,,87767.0,1374.0,-174.0,539.0,-534773760.0,515.0,-91.0,4.0,-260.0,-8.0,9794.0
821,87782.0,47981.0,56865.0,56554.0,52236.0,87780.0,3.230498790740967,,,,,,,,2.5404072198981362,-0.1276619737829451,0.5,12.192917585372925,,-0.11699980926513671,-0.25224229431152345,0.5650025634765625,,,,,,,,87777.0,1381.0,-176.0,539.0,-534773760.0,518.0,-92.0,4.0,-197.0,11.0,9756.0
822,87792.0,49403.0,56607.0,55848.0,52233.0,87790.0,3.230498790740967,,,,,,,,2.5458088805764816,-0.1267915174004542,0.5,12.204742193222046,,-0.1122462387084961,-0.2527644195556641,0.5649493408203125,,,,,,,,87787.0,1386.0,-177.0,539.0,-534249472.0,517.0,-92.0,3.0,-263.0,168.0,9659.0
823,87802.0,48463.0,56607.0,56294.0,52529.0,87800.0,3.230498790740967,,,,,,,,2.5512091477024494,-0.12591857041716156,0.5,12.216699361801147,,-0.10628314971923829,-0.25393368530273436,0.5650585327148437,,,,,,,,87797.0,1389.0,-176.0,539.0,-533199872.0,514.0,-89.0,2.0,-237.0,162.0,9654.0
824,87812.0,49787.0,56307.0,55494.0,52622.0,87810.0,3.230498790740967,,,,,,,,2.5566079684515617,-0.12504348193798373,0.5,12.228202819824219,,-0.10217076110839844,-0.254762451171875,0.5652469482421875,,,,,,,,87807.0,1399.0,-180.0,540.0,-533199872.0,522.0,-92.0,3.0,-117.0,4.0,9704.0
825,87822.0,49209.0,56776.0,55720.0,52330.0,87820.0,3.230498790740967,,,,,,,,2.5620052563395057,-0.12416668325312427,0.5,12.2399263381958,,-0.09663567352294922,-0.25560501098632815,0.5656386108398438,,,,,,,,87817.0,1404.0,-181.0,540.0,-533199872.0,522.0,-92.0,2.0,-315.0,38.0,9756.0
826,87832.0,50415.0,56329.0,55044.0,53032.0,87830.0,3.225220203399658,,,,,,,,2.567400899289552,-0.12328865249293516,0.5,12.2520911693573,,-0.09278679656982422,-0.2568899841308594,0.5658953247070313,,,,,,,,87827.0,1407.0,-181.0,540.0,-533199872.0,517.0,-89.0,1.0,-354.0,74.0,9728.0
827,87842.0,50710.0,56653.0,54838.0,52584.0,87840.0,3.225220203399658,,,,,,,,2.5727947696913205,-0.12240987622510746,0.5,12.263859510421753,,-0.08631586456298829,-0.2578240661621094,0.56544580078125,,,,,,,,87837.0,1412.0,-182.0,540.0,-533199872.0,517.0,-89.0,1.0,-198.0,17.0,9701.0
828,87852.0,50375.0,55823.0,55222.0,53834.0,87850.0,3.225220203399658,,,,,,,,2.5781867355199637,-0.12153081141283142,0.5,12.275677919387817,,-0.08228600311279297,-0.25837905883789064,0.5656560668945313,,,,,,,,87847.0,1420.0,-182.0,539.0,-533199872.0,521.0,-86.0,-3.0,-161.0,-53.0,9904.0
829,87862.0,49858.0,56508.0,55571.0,53063.0,87860.0,3.225220203399658,,,,,,,,2.5835766715205017,-0.12065185102108442,0.5,12.287442445755005,,-0.07674762725830078,-0.2601190185546875,0.56592724609375,,,,,,,,87857.0,1425.0,-182.0,539.0,-533199872.0,521.0,-84.0,-3.0,-264.0,85.0,9818.0
830,87872.0,49050.0,56990.0,56257.0,52682.0,87870.0,3.2199416160583496,,,,,,,,2.5889644694859397,-0.11977329614556909,0.5,12.302425622940063,,-0.07278079986572265,-0.26011993408203127,0.5662350463867187,,,,,,,,87867.0,1427.0,-184.0,539.0,-533199872.0,515.0,-86.0,-2.0,-168.0,-58.0,9659.0
831,87882.0,48704.0,56769.0,56551.0,52968.0,87880.0,3.2199416160583496,,,,,,,,2.5943500467651712,-0.1188953368891858,0.5,12.314122200012207,,-0.06622339630126953,-0.26142864990234377,0.56594287109375,,,,,,,,87877.0,1432.0,-184.0,539.0,-533199872.0,515.0,-83.0,-4.0,-241.0,-34.0,9804.0
832,87892.0,48215.0,56869.0,56326.0,52353.0,87890.0,3.225220203399658,,,,,,,,2.599733352315718,-0.11801804338764382,0.5,12.327363729476929,,-0.06213180541992187,-0.2622294616699219,0.5661758422851563,,,,,,,,87887.0,1441.0,-186.0,541.0,-533199872.0,521.0,-84.0,4.0,-274.0,119.0,9786.0
833,87902.0,48522.0,56992.0,56411.0,51806.0,87900.0,3.225220203399658,,,,,,,,2.605114369849396,-0.11714136746536175,0.5,12.338940382003784,,-0.05807280349731445,-0.2629174499511719,0.5663887939453125,,,,,,,,87897.0,1444.0,-187.0,541.0,-533199872.0,516.0,-83.0,4.0,-311.0,284.0,9657.0
834,87912.0,47468.0,56556.0,56759.0,52450.0,87910.0,3.230498790740967,,,,,,,,2.6104931178842734,-0.1162651544679458,0.5,12.350733280181885,,-0.05273990631103516,-0.26387017822265624,0.5663893432617187,,,,,,,,87907.0,1447.0,-187.0,541.0,-533198848.0,513.0,-81.0,3.0,-352.0,83.0,9757.0
835,87922.0,48041.0,56517.0,56453.0,52427.0,87920.0,3.230498790740967,,,,,,,,2.615869646789421,-0.1153891639501265,0.5,12.362637519836426,,-0.04828390884399414,-0.2646924438476562,0.5664579467773437,,,,,,,,87917.0,1449.0,-187.0,541.0,-533198848.0,508.0,-79.0,3.0,-365.0,48.0,9905.0
836,87932.0,47874.0,56415.0,56401.0,52334.0,87930.0,3.2357773780822754,,,,,,,,2.621244033167165,-0.11451309716762151,0.5,12.374487161636353,,-0.04241565704345703,-0.2660590515136719,0.5665785522460938,,,,,,,,87927.0,1459.0,-187.0,543.0,-532150272.0,515.0,-76.0,15.0,-232.0,14.0,9814.0
837,87942.0,48915.0,55912.0,55385.0,52191.0,87940.0,3.2357773780822754,,,,,,,,2.6266163721385216,-0.11363662879078654,0.5,12.386395454406738,,-0.036473796844482424,-0.2667147827148437,0.5670352172851563,,,,,,,,87937.0,1466.0,-187.0,543.0,-532149248.0,516.0,-75.0,15.0,-377.0,45.0,9757.0
838,87952.0,48094.0,56306.0,56073.0,51917.0,87950.0,3.230498790740967,,,,,,,,2.6319867682625326,-0.11275943996737733,0.5,12.397808313369751,,-0.03298838043212891,-0.2670483703613281,0.567109375,,,,,,,,87947.0,1466.0,-188.0,543.0,-532149248.0,508.0,-74.0,15.0,-236.0,8.0,9850.0
839,87962.0,49349.0,55049.0,55201.0,52981.0,87960.0,3.2357773780822754,,,,,,,,2.63735532591697,-0.11188124982888184,0.5,12.409297943115234,,-0.026609870910644533,-0.26798211669921873,0.5671868896484376,,,,,,,,87957.0,1476.0,-187.0,544.0,-532149248.0,515.0,-70.0,15.0,-308.0,157.0,9734.0
840,87972.0,48800.0,55517.0,55444.0,52627.0,87970.0,3.2357773780822754,,,,,,,,2.6427221399900054,-0.11100184275492442,0.5,12.420773983001709,,-0.02260647201538086,-0.26856729125976564,0.5673865966796875,,,,,,,,87967.0,1481.0,-188.0,544.0,-531099648.0,514.0,-69.0,14.0,-300.0,154.0,9754.0
841,87982.0,48737.0,55845.0,55893.0,52621.0,87980.0,3.2357773780822754,,,,,,,,2.6480872876802617,-0.11012108915661381,0.5,12.432747602462769,,-0.0167728271484375,-0.26953125,0.5674114379882812,,,,,,,,87977.0,1485.0,-189.0,542.0,-531099647.0,510.0,-68.0,4.0,-322.0,79.0,9712.0
842,87992.0,49765.0,55968.0,55180.0,52497.0,87990.0,3.2357773780822754,,,,,,,,2.653450822082951,-0.10923895816698953,0.5,12.44441533088684,,-0.013405865669250488,-0.2698580322265625,0.5674642333984375,,,,,,,,87987.0,1495.0,-189.0,542.0,-531099647.0,518.0,-65.0,2.0,-369.0,201.0,9678.0
843,88002.0,49823.0,56053.0,55317.0,52614.0,88000.0,3.230498790740967,,,,,,,,2.6588127680649256,-0.10835552137519489,0.5,12.456241846084595,,-0.0071016278266906735,-0.27096096801757813,0.5675654296875,,,,,,,,87997.0,1500.0,-189.0,542.0,-531099647.0,517.0,-63.0,1.0,-451.0,189.0,9745.0
844,88012.0,50297.0,56177.0,55018.0,52411.0,88010.0,3.230498790740967,,,,,,,,2.664173120718262,-0.10747094754190226,0.5,12.467731475830078,,-0.0031807565689086913,-0.2715629577636719,0.567513671875,,,,,,,,88007.0,1503.0,-190.0,542.0,-531099647.0,512.0,-63.0,1.0,-293.0,66.0,9673.0
845,88022.0,47678.0,55826.0,56280.0,52656.0,88020.0,3.230498790740967,,,,,,,,2.6695318464504254,-0.10658548901622081,0.5,12.479305982589722,,0.0006751067638397217,-0.27213272094726565,0.5676066284179687,,,,,,,,88017.0,1508.0,-191.0,544.0,-531099647.0,511.0,-62.0,10.0,-399.0,69.0,9797.0
846,88032.0,47447.0,56420.0,56486.0,51837.0,88030.0,3.230498790740967,,,,,,,,2.674888886538684,-0.10569946127369437,0.5,12.491355895996094,,0.0065226321220397945,-0.27349169921875,0.5676593627929688,,,,,,,,88027.0,1514.0,-194.0,544.0,-531099647.0,510.0,-65.0,10.0,-239.0,131.0,9574.0
847,88042.0,48340.0,56463.0,55683.0,51733.0,88040.0,3.2357773780822754,,,,,,,,2.680244162767711,-0.10481321755023518,0.5,12.502849340438843,,0.010136175155639648,-0.2733824462890625,0.5678179931640625,,,,,,,,88037.0,1519.0,-195.0,544.0,-531099647.0,509.0,-63.0,8.0,-316.0,84.0,9731.0
848,88052.0,49036.0,55925.0,55379.0,52226.0,88050.0,3.2357773780822754,,,,,,,,2.6855975845999764,-0.10392712091434436,0.5,12.514468669891357,,0.016034265518188477,-0.2741402282714844,0.5678682250976562,,,,,,,,88047.0,1524.0,-195.0,544.0,-532147199.0,508.0,-62.0,7.0,-351.0,64.0,9829.0
849,88062.0,48453.0,56300.0,55811.0,51513.0,88060.0,3.2357773780822754,,,,,,,,2.6909490572119457,-0.10304151627355404,0.5,12.526257753372192,,0.022033494949340822,-0.2749170227050781,0.5681066284179688,,,,,,,,88057.0,1520.0,-194.0,545.0,-532147199.0,492.0,-58.0,9.0,-382.0,153.0,9612.0
850,88072.0,48486.0,55489.0,55942.0,52360.0,88070.0,3.2357773780822754,,,,,,,,2.6962984896738225,-0.10215670474366373,0.5,12.53757643699646,,0.025685394287109375,-0.2754891052246094,0.568145263671875,,,,,,,,88067.0,1527.0,-194.0,545.0,-532146175.0,494.0,-56.0,8.0,-484.0,61.0,9750.0
851,88082.0,48039.0,55598.0,56269.0,52276.0,88080.0,3.2357773780822754,,,,,,,,2.701645802559557,-0.10127292253340159,0.5,12.54909896850586,,0.031036813735961913,-0.27589218139648436,0.5681351318359374,,,,,,,,88077.0,1532.0,-194.0,545.0,-532146175.0,493.0,-54.0,6.0,-355.0,87.0,9717.0
852,88092.0,48762.0,55451.0,55957.0,52226.0,88090.0,3.2357773780822754,,,,,,,,2.70699093434438,-0.10039032604272097,0.5,12.561412572860718,,0.03486317825317383,-0.27677389526367185,0.5678828125,,,,,,,,88087.0,1533.0,-194.0,545.0,-531097599.0,485.0,-51.0,6.0,-430.0,235.0,9656.0
853,88102.0,49118.0,55369.0,55693.0,52422.0,88100.0,3.2357773780822754,,,,,,,,2.712333846071266,-0.09950898428471405,0.5,12.573556661605835,,0.03861534118652344,-0.27696231079101563,0.5678553466796875,,,,,,,,88097.0,1544.0,-193.0,545.0,-531097599.0,494.0,-48.0,4.0,-352.0,204.0,9653.0
854,88112.0,48741.0,54736.0,55937.0,53215.0,88110.0,3.2357773780822754,,,,,,,,2.7176745239331135,-0.09862887907400389,0.5,12.585034608840942,,0.04444606018066406,-0.2778924865722656,0.5676935424804688,,,,,,,,88107.0,1549.0,-193.0,545.0,-531097598.0,493.0,-46.0,3.0,-441.0,6.0,9683.0
855,88122.0,48316.0,55185.0,56110.0,52940.0,88120.0,3.2357773780822754,,,,,,,,2.7230129796084874,-0.09774991273862077,0.5,12.596731185913086,,0.049163028717041014,-0.2780345458984375,0.5676657104492188,,,,,,,,88117.0,1552.0,-192.0,545.0,-530049022.0,488.0,-43.0,1.0,-349.0,193.0,9686.0
856,88132.0,47095.0,55454.0,56852.0,52743.0,88130.0,3.2357773780822754,,,,,,,,2.728349248388069,-0.09687192246808773,0.5,12.608371496200562,,0.05354318618774414,-0.27854840087890625,0.5676173706054688,,,,,,,,88127.0,1558.0,-195.0,545.0,-530049022.0,487.0,-44.0,0.0,-337.0,68.0,9600.0
857,88142.0,47769.0,55880.0,56615.0,52504.0,88140.0,3.230498790740967,,,,,,,,2.733683385319295,-0.09599469986068135,0.5,12.61978554725647,,0.059300746917724606,-0.2790559387207031,0.567836669921875,,,,,,,,88137.0,1564.0,-194.0,545.0,-530049022.0,487.0,-41.0,-1.0,-390.0,73.0,9787.0
858,88152.0,48298.0,56674.0,56513.0,52126.0,88150.0,3.230498790740967,,,,,,,,2.73901545976195,-0.09511801382354759,0.5,12.631827354431152,,0.06279336929321289,-0.279635498046875,0.56765283203125,,,,,,,,88147.0,1568.0,-194.0,543.0,-530049022.0,485.0,-39.0,-12.0,-429.0,177.0,9652.0
859,88162.0,49353.0,56578.0,55889.0,52178.0,88160.0,3.230498790740967,,,,,,,,2.7443455488736173,-0.09424163474260626,0.5,12.643511056900024,,0.06649365997314453,-0.2795367126464844,0.5675540161132813,,,,,,,,88157.0,1574.0,-195.0,543.0,-530050046.0,485.0,-39.0,-13.0,-393.0,199.0,9621.0
860,88172.0,49050.0,56953.0,56144.0,52128.0,88170.0,3.225220203399658,,,,,,,,2.7496737306212604,-0.09336535779001298,0.5,12.656088829040527,,0.07225387573242187,-0.2803449401855469,0.5675355834960938,,,,,,,,88167.0,1579.0,-196.0,543.0,-530050046.0,484.0,-37.0,-14.0,-344.0,125.0,9683.0
861,88182.0,50636.0,56771.0,55137.0,52256.0,88180.0,3.225220203399658,,,,,,,,2.755000076938609,-0.09248902337409676,0.5,12.66754961013794,,0.07597154235839844,-0.28061859130859373,0.5675181274414063,,,,,,,,88177.0,1585.0,-196.0,543.0,-530050046.0,484.0,-36.0,-16.0,-271.0,259.0,9637.0
862,88192.0,50142.0,57104.0,55426.0,52282.0,88190.0,3.2199416160583496,,,,,,,,2.7603246476179812,-0.09161253304276062,0.5,12.678952693939209,,0.0816944808959961,-0.2809678955078125,0.5675547485351562,,,,,,,,88187.0,1588.0,-194.0,543.0,-531098622.0,479.0,-31.0,-15.0,-402.0,143.0,9690.0
863,88202.0,50742.0,56719.0,54894.0,52590.0,88200.0,3.225220203399658,,,,,,,,2.7656474854440702,-0.09073585959480611,0.5,12.692740440368652,,0.08396084594726562,-0.2814280395507813,0.566979248046875,,,,,,,,88197.0,1592.0,-195.0,543.0,-531098622.0,477.0,-30.0,-17.0,-269.0,45.0,9633.0
864,88212.0,50676.0,56894.0,55126.0,52668.0,88210.0,3.2199416160583496,,,,,,,,2.7709686129545488,-0.08985905069202502,0.5,12.70449948310852,,0.09061635589599609,-0.2817409973144531,0.5672970581054687,,,,,,,,88207.0,1598.0,-194.0,543.0,-532147198.0,478.0,-26.0,-19.0,-333.0,104.0,9750.0
865,88222.0,49166.0,56526.0,56192.0,53290.0,88220.0,3.2199416160583496,,,,,,,,2.776288031059961,-0.08898222584859394,0.5,12.717039346694946,,0.0955876922607422,-0.2823787841796875,0.56678857421875,,,,,,,,88217.0,1605.0,-195.0,542.0,-532147198.0,480.0,-26.0,-20.0,-239.0,-88.0,9724.0
866,88232.0,47920.0,56283.0,56988.0,53726.0,88230.0,3.2199416160583496,,,,,,,,2.7816057195875903,-0.08810556725150481,0.5,12.728569269180298,,0.09909670257568359,-0.28295330810546876,0.566760498046875,,,,,,,,88227.0,1608.0,-196.0,542.0,-533195774.0,475.0,-26.0,-21.0,-393.0,-72.0,9816.0
867,88242.0,47807.0,56943.0,57023.0,52946.0,88240.0,3.2199416160583496,,,,,,,,2.78692163964528,-0.08722930538775071,0.5,12.739966869354248,,0.10274221801757813,-0.28369390869140626,0.5668515014648438,,,,,,,,88237.0,1611.0,-196.0,542.0,-533195774.0,471.0,-26.0,-21.0,-300.0,161.0,9816.0
868,88252.0,48411.0,56440.0,56728.0,53448.0,88250.0,3.2199416160583496,,,,,,,,2.7922357375463833,-0.08635370087592299,0.5,12.75342082977295,,0.10832503509521485,-0.2839012145996094,0.56632958984375,,,,,,,,88247.0,1617.0,-194.0,542.0,-533195775.0,471.0,-21.0,-20.0,-391.0,21.0,9794.0
869,88262.0,48498.0,56624.0,56528.0,53464.0,88260.0,3.2199416160583496,,,,,,,,2.7975479499093425,-0.08547902418813036,0.5,12.765183210372925,,0.11390111541748046,-0.28323544311523435,0.5663726806640625,,,,,,,,88257.0,1625.0,-194.0,542.0,-534244351.0,475.0,-20.0,-21.0,-379.0,-19.0,9848.0
870,88272.0,49441.0,56761.0,56065.0,53047.0,88270.0,3.2199416160583496,,,,,,,,2.8028582094550125,-0.08460553508176676,0.5,12.777836322784424,,0.11753308868408203,-0.28355874633789063,0.5663014526367187,,,,,,,,88267.0,1629.0,-194.0,542.0,-534244351.0,473.0,-19.0,-21.0,-329.0,55.0,9806.0
871,88282.0,48963.0,56929.0,56344.0,53055.0,88280.0,3.2199416160583496,,,,,,,,2.8081664509785083,-0.08373346353258936,0.5,12.790881872177124,,0.12040306854248047,-0.2840877685546875,0.565866943359375,,,,,,,,88277.0,1633.0,-194.0,541.0,-534245375.0,471.0,-18.0,-22.0,-315.0,128.0,9715.0
872,88292.0,49482.0,57076.0,56206.0,52658.0,88290.0,3.2199416160583496,,,,,,,,2.8134726169727373,-0.08286299377801522,0.5,12.803600311279297,,0.12600055694580078,-0.2845472717285156,0.5660733032226563,,,,,,,,88287.0,1634.0,-193.0,541.0,-534245375.0,463.0,-15.0,-23.0,-335.0,-47.0,9782.0
873,88302.0,49219.0,56782.0,56169.0,53328.0,88300.0,3.2199416160583496,,,,,,,,2.8187766624264854,-0.08199425276288726,0.5,12.815645217895508,,0.1298029327392578,-0.28439511108398435,0.5658765258789062,,,,,,,,88297.0,1642.0,-193.0,541.0,-534245375.0,468.0,-14.0,-23.0,-337.0,48.0,9852.0
874,88312.0,49818.0,56868.0,55867.0,53091.0,88310.0,3.2199416160583496,,,,,,,,2.8240785584056036,-0.08112730386060002,0.5,12.827815532684326,,0.13462030029296876,-0.2846716613769531,0.5654169311523437,,,,,,,,88307.0,1646.0,-193.0,540.0,-534245375.0,465.0,-13.0,-23.0,-299.0,65.0,9771.0
875,88322.0,50310.0,56179.0,55551.0,53798.0,88320.0,3.2199416160583496,,,,,,,,2.8293782941429177,-0.0802621462597738,0.5,12.839986801147461,,0.1383069305419922,-0.284837158203125,0.5654132080078125,,,,,,,,88317.0,1651.0,-192.0,540.0,-534245375.0,465.0,-11.0,-22.0,-308.0,-106.0,9817.0
876,88332.0,48998.0,57234.0,56347.0,52720.0,88330.0,3.2199416160583496,,,,,,,,2.8346758774998326,-0.07939871990431796,0.5,12.854113101959229,,0.1431717071533203,-0.2855219421386719,0.5653517456054687,,,,,,,,88327.0,1652.0,-192.0,540.0,-534245375.0,459.0,-10.0,-22.0,-350.0,-124.0,9973.0
877,88342.0,48537.0,56853.0,56650.0,53184.0,88340.0,3.2199416160583496,,,,,,,,2.8399713338076955,-0.0785369153969853,0.5,12.86633014678955,,0.14899273681640626,-0.28541989135742185,0.5652426147460937,,,,,,,,88337.0,1654.0,-192.0,540.0,-534245375.0,453.0,-10.0,-21.0,-243.0,82.0,9861.0
878,88352.0,48724.0,56790.0,56462.0,53293.0,88350.0,3.2199416160583496,,,,,,,,2.845264703237134,-0.07767658786345175,0.5,12.878222227096558,,0.15237710571289062,-0.2856337890625,0.5651986083984375,,,,,,,,88347.0,1666.0,-193.0,540.0,-534245376.0,464.0,-10.0,-20.0,-429.0,-83.0,9913.0
879,88362.0,49473.0,57196.0,56008.0,52708.0,88360.0,3.2199416160583496,,,,,,,,2.850556036966891,-0.07681757345956271,0.5,12.891577243804932,,0.15732112121582031,-0.28557351684570315,0.5650518798828125,,,,,,,,88357.0,1669.0,-192.0,539.0,-535293952.0,460.0,-9.0,-20.0,-285.0,-66.0,9956.0
880,88372.0,49790.0,56970.0,55990.0,53391.0,88370.0,3.214663028717041,,,,,,,,2.8558453925197265,-0.07595970701368909,0.5,12.904263257980347,,0.16063577270507812,-0.2862887878417969,0.5648458251953125,,,,,,,,88367.0,1673.0,-192.0,539.0,-535293952.0,458.0,-8.0,-22.0,-286.0,27.0,9801.0
881,88382.0,50036.0,57227.0,55817.0,52998.0,88380.0,3.214663028717041,,,,,,,,2.861132828694261,-0.07510283924180222,0.5,12.916552543640137,,0.16608509826660156,-0.2862589416503906,0.5647413940429687,,,,,,,,88377.0,1675.0,-193.0,538.0,-536342528.0,453.0,-9.0,-21.0,-370.0,-6.0,9710.0
882,88392.0,50031.0,57387.0,55751.0,52986.0,88390.0,3.214663028717041,,,,,,,,2.86641840054393,-0.07424685205558929,0.5,12.928434610366821,,0.1695377197265625,-0.28645175170898435,0.564657470703125,,,,,,,,88387.0,1682.0,-192.0,538.0,-1073214464.0,456.0,-7.0,-23.0,-263.0,-192.0,9836.0
883,88402.0,50635.0,57265.0,55405.0,53040.0,88400.0,3.214663028717041,,,,,,,,2.871702154836752,-0.07339167069248681,0.5,12.940400838851929,,0.17487481689453124,-0.2865469665527344,0.564562744140625,,,,,,,,88397.0,1688.0,-193.0,538.0,-1072165376.0,458.0,-9.0,-23.0,-220.0,-5.0,9854.0
884,88412.0,49537.0,57553.0,56083.0,53009.0,88410.0,3.214663028717041,,,,,,,,2.876984126375081,-0.07253727170912772,0.5,12.953515768051147,,0.17839503479003907,-0.28673394775390626,0.5644286499023438,,,,,,,,88407.0,1692.0,-194.0,537.0,-1071117824.0,456.0,-11.0,-24.0,-353.0,-136.0,9895.0
885,88422.0,48644.0,56869.0,56681.0,53903.0,88420.0,3.214663028717041,,,,,,,,2.8822643354687325,-0.07168368626621813,0.5,12.966249704360962,,0.18306207275390626,-0.28727218627929685,0.5641354370117188,,,,,,,,88417.0,1695.0,-193.0,537.0,-1071117824.0,454.0,-9.0,-24.0,-297.0,-229.0,9761.0
886,88432.0,48967.0,57655.0,56367.0,53031.0,88430.0,3.214663028717041,,,,,,,,2.887542786746234,-0.07083099855754725,0.5,12.978767395019531,,0.18640939331054687,-0.28744305419921873,0.5641329956054687,,,,,,,,88427.0,1699.0,-194.0,537.0,-1070069248.0,451.0,-11.0,-24.0,-232.0,-254.0,9901.0
887,88442.0,49899.0,57029.0,55839.0,53677.0,88440.0,3.214663028717041,,,,,,,,2.892819469367606,-0.0699793396608073,0.5,12.99132251739502,,0.19176982116699218,-0.28749578857421876,0.564243408203125,,,,,,,,88437.0,1705.0,-190.0,536.0,-1070070271.0,454.0,-6.0,-23.0,-207.0,-110.0,9876.0
888,88452.0,49706.0,56657.0,55635.0,53535.0,88450.0,3.214663028717041,,,,,,,,2.8980943585787298,-0.06912887747684718,0.5,13.003199577331543,,0.19514208984375,-0.28827337646484374,0.5641970825195313,,,,,,,,88447.0,1710.0,-190.0,538.0,-1070070271.0,454.0,-7.0,-11.0,-225.0,-84.0,9826.0
889,88462.0,49465.0,56335.0,55876.0,53808.0,88460.0,3.214663028717041,,,,,,,,2.9033674184327913,-0.06827980374374604,0.5,13.014900922775269,,0.20033387756347656,-0.28804254150390624,0.5641834106445313,,,,,,,,88457.0,1713.0,-190.0,538.0,-1070070271.0,451.0,-7.0,-11.0,-235.0,-170.0,9981.0
890,88472.0,49714.0,56531.0,55702.0,53125.0,88470.0,3.2199416160583496,,,,,,,,2.9086386054082647,-0.06743231933689416,0.5,13.02652883529663,,0.20367863464355468,-0.2882156982421875,0.5641549682617187,,,,,,,,88467.0,1717.0,-190.0,538.0,-1070071295.0,450.0,-8.0,-10.0,-171.0,-80.0,9904.0
891,88482.0,48987.0,56900.0,56247.0,52555.0,88480.0,3.2199416160583496,,,,,,,,2.913907872583217,-0.06658661917946995,0.5,13.038227319717407,,0.20685252380371094,-0.2882789306640625,0.56385009765625,,,,,,,,88477.0,1721.0,-190.0,538.0,-1070071295.0,450.0,-8.0,-9.0,-237.0,-16.0,9881.0
892,88492.0,49841.0,56443.0,55637.0,53083.0,88490.0,3.2199416160583496,,,,,,,,2.9191751739875698,-0.06574287808276458,0.5,13.049781799316406,,0.21330909729003905,-0.2887318725585937,0.564800048828125,,,,,,,,88487.0,1727.0,-190.0,538.0,-1070071295.0,451.0,-8.0,-8.0,-310.0,28.0,10004.0
893,88502.0,49167.0,56482.0,55793.0,52641.0,88500.0,3.225220203399658,,,,,,,,2.9244404687507597,-0.06490123871662824,0.5,13.061876058578491,,0.21645693969726562,-0.289405517578125,0.5632587280273438,,,,,,,,88497.0,1732.0,-190.0,538.0,-1070595583.0,453.0,-9.0,-3.0,-190.0,-190.0,9897.0
894,88512.0,49308.0,56179.0,55885.0,53085.0,88510.0,3.2199416160583496,,,,,,,,2.929703724691311,-0.06406180269058664,0.5,13.07372522354126,,0.22113447570800782,-0.2888275451660156,0.5640889892578125,,,,,,,,88507.0,1734.0,-190.0,538.0,-1070595583.0,448.0,-10.0,-2.0,-322.0,-38.0,9974.0
895,88522.0,48229.0,56688.0,56194.0,52516.0,88520.0,3.225220203399658,,,,,,,,2.9349649210537008,-0.06322462542790327,0.5,13.099120855331421,,0.22615023803710937,-0.28937115478515624,0.5642512817382812,,,,,,,,88517.0,1738.0,-190.0,538.0,-1070595583.0,447.0,-11.0,-1.0,-185.0,-122.0,9823.0
896,88532.0,48347.0,56268.0,56077.0,52998.0,88530.0,3.225220203399658,,,,,,,,2.9402240501805266,-0.062389715166200635,0.5,13.116697788238525,,0.22938937377929688,-0.2901856689453125,0.5642854614257813,,,,,,,,88527.0,1744.0,-190.0,538.0,-1070595583.0,449.0,-12.0,0.0,-174.0,-148.0,9749.0
897,88542.0,49430.0,56558.0,55159.0,52576.0,88540.0,3.225220203399658,,,,,,,,2.9454811180065295,-0.06155703605089419,0.5,13.12855315208435,,0.23300442504882812,-0.28949273681640625,0.5642390747070313,,,,,,,,88537.0,1748.0,-191.0,539.0,-1070595583.0,449.0,-13.0,1.0,-239.0,-151.0,9957.0
898,88552.0,51280.0,56206.0,53629.0,52919.0,88550.0,3.225220203399658,,,,,,,,2.950736143366475,-0.06072651493407406,0.5,13.14252257347107,,0.2381564483642578,-0.29006423950195315,0.5644959716796875,,,,,,,,88547.0,1754.0,-191.0,539.0,-1070594559.0,452.0,-14.0,3.0,-229.0,-79.0,9783.0
899,88562.0,50311.0,56477.0,54338.0,52633.0,88560.0,3.225220203399658,,,,,,,,2.9559891562118934,-0.05989805118162797,0.5,13.154893398284912,,0.2413070831298828,-0.290480224609375,0.5639564819335937,,,,,,,,88557.0,1760.0,-191.0,539.0,-1070594559.0,454.0,-14.0,3.0,-144.0,-87.0,9709.0
900,88572.0,49679.0,56490.0,55017.0,52447.0,88570.0,3.225220203399658,,,,,,,,2.9612401949234894,-0.059071528550799876,0.5,13.166889905929565,,0.24676632690429687,-0.290907470703125,0.5641326293945312,,,,,,,,88567.0,1762.0,-191.0,539.0,-1070594559.0,450.0,-15.0,3.0,-88.0,-243.0,9925.0
901,88582.0,49721.0,56548.0,55328.0,52603.0,88580.0,3.225220203399658,,,,,,,,2.96648930297892,-0.058246828048236096,0.5,13.179883241653442,,0.25159292602539063,-0.2914860534667969,0.5643056030273438,,,,,,,,88577.0,1763.0,-190.0,538.0,-1070593535.0,446.0,-14.0,-3.0,-150.0,-24.0,9768.0
902,88592.0,48925.0,56343.0,55675.0,52750.0,88590.0,3.230498790740967,,,,,,,,2.9717365252837924,-0.0574238406254072,0.5,13.193351984024048,,0.25529075622558595,-0.29136080932617187,0.564346435546875,,,,,,,,88587.0,1769.0,-190.0,538.0,-1069544959.0,448.0,-16.0,-3.0,-156.0,-111.0,9787.0
903,88602.0,48993.0,56397.0,55683.0,52637.0,88600.0,3.230498790740967,,,,,,,,2.9769819044938064,-0.05660247861578717,0.5,13.205599308013916,,0.258478515625,-0.29194003295898435,0.564261474609375,,,,,,,,88597.0,1775.0,-189.0,537.0,-1069544959.0,451.0,-15.0,-4.0,-60.0,-195.0,9805.0
904,88612.0,47779.0,56785.0,56360.0,52363.0,88610.0,3.230498790740967,,,,,,,,2.982225477646999,-0.05578268495924775,0.5,13.217595338821411,,0.26381076049804686,-0.2921063232421875,0.564473388671875,,,,,,,,88607.0,1780.0,-189.0,537.0,-1069544959.0,453.0,-16.0,-4.0,-197.0,-130.0,9916.0
905,88622.0,48097.0,56564.0,56450.0,52613.0,88620.0,3.225220203399658,,,,,,,,2.9874672733887104,-0.054964439478809704,0.5,13.229471206665039,,0.2687535705566406,-0.2928030700683594,0.5642371826171875,,,,,,,,88617.0,1783.0,-188.0,537.0,-1069544959.0,451.0,-14.0,-6.0,-120.0,-113.0,9811.0
906,88632.0,49008.0,56703.0,55659.0,52374.0,88630.0,3.230498790740967,,,,,,,,2.9927073100121335,-0.05414776175183303,0.5,13.242006540298462,,0.27232196044921875,-0.29311566162109376,0.5642805786132813,,,,,,,,88627.0,1787.0,-188.0,537.0,-1069544959.0,450.0,-15.0,-5.0,-120.0,-171.0,9703.0
907,88642.0,49525.0,56429.0,55340.0,52676.0,88640.0,3.230498790740967,,,,,,,,2.99794559446003,-0.05333271042621553,0.5,13.254252910614014,,0.27599493408203124,-0.29313671875,0.5645516357421875,,,,,,,,88637.0,1795.0,-189.0,537.0,-1069544959.0,456.0,-17.0,-6.0,-160.0,-155.0,9882.0
908,88652.0,49306.0,56411.0,55760.0,52758.0,88650.0,3.225220203399658,,,,,,,,3.0031821223456165,-0.052519379144566544,0.5,13.266540050506592,,0.28099981689453124,-0.29365036010742185,0.5644739379882813,,,,,,,,88647.0,1797.0,-188.0,537.0,-1070593535.0,453.0,-17.0,-5.0,-199.0,-98.0,9716.0
909,88662.0,48324.0,56458.0,56436.0,52739.0,88660.0,3.225220203399658,,,,,,,,3.0084168789605843,-0.05170788952866599,0.5,13.278825759887695,,0.28264910888671874,-0.2937135009765625,0.563927490234375,,,,,,,,88657.0,1801.0,-188.0,537.0,-1070593535.0,452.0,-17.0,-6.0,-145.0,-256.0,9779.0
910,88672.0,48325.0,56591.0,56457.0,52441.0,88670.0,3.225220203399658,,,,,,,,3.013649841153577,-0.05089838191822772,0.5,13.290416955947876,,0.28899374389648436,-0.29457037353515625,0.56429833984375,,,,,,,,88667.0,1804.0,-188.0,537.0,-1070593536.0,451.0,-17.0,-5.0,-129.0,-246.0,9871.0
911,88682.0,48696.0,56361.0,56047.0,52904.0,88680.0,3.225220203399658,,,,,,,,3.0188809798904432,-0.05009100473241543,0.5,13.303272008895874,,0.2933726806640625,-0.29469631958007814,0.5644469604492187,,,,,,,,88677.0,1814.0,-187.0,537.0,-1070593536.0,459.0,-17.0,-5.0,-189.0,-88.0,9790.0
912,88692.0,49089.0,56622.0,55876.0,52435.0,88690.0,3.225220203399658,,,,,,,,3.024110263254076,-0.049285903416588006,0.5,13.315828800201416,,0.2983590698242187,-0.2953125,0.5642984619140625,,,,,,,,88687.0,1817.0,-187.0,537.0,-1071643136.0,458.0,-17.0,-5.0,-170.0,-71.0,9718.0
913,88702.0,48685.0,56747.0,56089.0,52388.0,88700.0,3.225220203399658,,,,,,,,3.0293376596107398,-0.04848320994458727,0.5,13.327486753463745,,0.30355905151367185,-0.2966575927734375,0.564399658203125,,,,,,,,88697.0,1820.0,-187.0,537.0,-1071643136.0,455.0,-17.0,-5.0,-217.0,-111.0,9658.0
914,88712.0,49081.0,56116.0,55806.0,52775.0,88710.0,3.230498790740967,,,,,,,,3.0345631406634475,-0.047683033770373764,0.5,13.338912010192871,,0.3062420654296875,-0.2966373596191406,0.5646185913085937,,,,,,,,88707.0,1825.0,-188.0,537.0,-1071643136.0,457.0,-19.0,-6.0,-167.0,-16.0,9788.0
915,88722.0,48962.0,56765.0,55755.0,52133.0,88720.0,3.230498790740967,,,,,,,,3.0397866841310415,-0.04688545497107184,0.5,13.35034441947937,,0.31067462158203124,-0.29648870849609377,0.5645488891601562,,,,,,,,88717.0,1831.0,-188.0,537.0,-1071643136.0,458.0,-20.0,-6.0,-112.0,-93.0,9628.0
916,88732.0,50902.0,56254.0,54521.0,52903.0,88730.0,3.225220203399658,,,,,,,,3.0450082758318175,-0.046090520111865985,0.5,13.362903833389282,,0.31568887329101564,-0.2970633239746094,0.564311279296875,,,,,,,,88727.0,1835.0,-188.0,537.0,-1071643136.0,458.0,-19.0,-7.0,-140.0,-189.0,9643.0
917,88742.0,49860.0,56222.0,55466.0,52953.0,88740.0,3.225220203399658,,,,,,,,3.050227911008704,-0.04529824111179177,0.5,13.374894857406616,,0.31922003173828123,-0.2974737243652344,0.5644151000976563,,,,,,,,88737.0,1839.0,-188.0,537.0,-1071643136.0,459.0,-19.0,-9.0,-139.0,-145.0,9751.0
918,88752.0,47821.0,56730.0,56668.0,52323.0,88750.0,3.225220203399658,,,,,,,,3.0554455948035737,-0.04450859712124089,0.5,13.386545896530151,,0.3237569580078125,-0.29846694946289065,0.5639449462890626,,,,,,,,88747.0,1841.0,-187.0,537.0,-1071643648.0,453.0,-19.0,-6.0,-156.0,-89.0,9683.0
919,88762.0,48525.0,56537.0,56456.0,52309.0,88760.0,3.225220203399658,,,,,,,,3.0606613418647237,-0.04372153916070386,0.5,13.398067712783813,,0.3273956909179688,-0.2986192932128906,0.5640103759765625,,,,,,,,88757.0,1843.0,-188.0,537.0,-1071643648.0,451.0,-21.0,-7.0,-256.0,-144.0,9748.0
920,88772.0,48340.0,55873.0,56494.0,53305.0,88770.0,3.225220203399658,,,,,,,,3.0658751751471605,-0.042936997038278024,0.5,13.409611225128174,,0.3326636962890625,-0.29926092529296877,0.5640524291992187,,,,,,,,88767.0,1853.0,-187.0,537.0,-1072692224.0,459.0,-18.0,-8.0,-162.0,-215.0,9813.0
921,88782.0,48210.0,56265.0,56644.0,52752.0,88780.0,3.225220203399658,,,,,,,,3.0710871240335313,-0.04215488787994248,0.5,13.422086000442505,,0.33429354858398436,-0.2994640197753906,0.5637838745117187,,,,,,,,88777.0,1858.0,-186.0,537.0,-1072692224.0,460.0,-18.0,-8.0,-243.0,-43.0,9809.0
922,88792.0,47707.0,56725.0,56850.0,52315.0,88790.0,3.225220203399658,,,,,,,,3.076297221958659,-0.0413751254862032,0.5,13.435214757919312,,0.341353515625,-0.299893798828125,0.5638170166015625,,,,,,,,88787.0,1861.0,-186.0,537.0,-1072692224.0,457.0,-17.0,-8.0,-229.0,4.0,9697.0
923,88802.0,48348.0,56096.0,56662.0,52940.0,88800.0,3.225220203399658,,,,,,,,3.081505503758229,-0.04059762968003418,0.5,13.447021484375,,0.345059326171875,-0.30030767822265625,0.5639090576171875,,,,,,,,88797.0,1866.0,-185.0,537.0,-1072692224.0,458.0,-16.0,-10.0,-97.0,-81.0,9581.0
924,88812.0,49470.0,56568.0,55838.0,52518.0,88810.0,3.225220203399658,,,,,,,,3.0867120029795547,-0.03982233483618057,0.5,13.45876693725586,,0.34973590087890627,-0.3013235778808594,0.5635953369140625,,,,,,,,88807.0,1872.0,-185.0,537.0,-1073740799.0,461.0,-15.0,-11.0,-145.0,-60.0,9738.0
925,88822.0,50430.0,55855.0,55225.0,53340.0,88820.0,3.225220203399658,,,,,,,,3.0919167493885538,-0.0390491968765036,0.5,13.47020936012268,,0.35309869384765624,-0.3015557861328125,0.5632609252929688,,,,,,,,88817.0,1877.0,-184.0,537.0,-536870911.0,462.0,-14.0,-13.0,-142.0,-25.0,9523.0
926,88832.0,49544.0,56312.0,56028.0,52766.0,88830.0,3.225220203399658,,,,,,,,3.0971197668831345,-0.038278198169895805,0.5,13.483791828155518,,0.35813571166992186,-0.30188214111328127,0.5630228271484375,,,,,,,,88827.0,1878.0,-185.0,536.0,-536870911.0,456.0,-14.0,-15.0,-189.0,-135.0,9702.0
927,88842.0,48357.0,56699.0,56755.0,52687.0,88840.0,3.225220203399658,,,,,,,,3.102321071981714,-0.03750934997330749,0.5,13.495607137680054,,0.36210614013671877,-0.3024205017089844,0.5631346435546875,,,,,,,,88837.0,1879.0,-184.0,536.0,-535298047.0,450.0,-13.0,-18.0,-164.0,32.0,9831.0
928,88852.0,48722.0,56545.0,56626.0,52788.0,88850.0,3.225220203399658,,,,,,,,3.1075206730007507,-0.03674269227413392,0.5,13.507853746414185,,0.3673714599609375,-0.30278482055664063,0.5634275512695313,,,,,,,,88847.0,1891.0,-185.0,536.0,-535822335.0,462.0,-15.0,-19.0,-186.0,-10.0,9727.0
929,88862.0,48653.0,56704.0,56505.0,52846.0,88860.0,3.225220203399658,,,,,,,,3.112718569972102,-0.03597829112349113,0.5,13.519285678863525,,0.37082443237304685,-0.3032578125,0.5631322631835938,,,,,,,,88857.0,1896.0,-185.0,536.0,-535298047.0,463.0,-14.0,-19.0,-283.0,-47.0,9770.0
930,88872.0,49309.0,57059.0,56433.0,52372.0,88870.0,3.2199416160583496,,,,,,,,3.1179147552853808,-0.035216233764807495,0.5,13.530921459197998,,0.3760476379394531,-0.304502197265625,0.5631950073242188,,,,,,,,88867.0,1897.0,-185.0,535.0,-535298047.0,458.0,-14.0,-20.0,-105.0,-94.0,9828.0
931,88882.0,48973.0,56945.0,56251.0,52596.0,88880.0,3.2199416160583496,,,,,,,,3.123109214978097,-0.0344566220444263,0.5,13.54290509223938,,0.3796737060546875,-0.30434158325195315,0.5632392578125,,,,,,,,88877.0,1899.0,-185.0,536.0,-535298047.0,453.0,-13.0,-15.0,-198.0,62.0,9726.0
932,88892.0,50110.0,56059.0,55646.0,53475.0,88890.0,3.2199416160583496,,,,,,,,3.128301930542484,-0.03369956472564581,0.5,13.554539680480957,,0.3843772277832031,-0.3050065612792969,0.562745849609375,,,,,,,,88887.0,1911.0,-185.0,536.0,-535822335.0,465.0,-13.0,-15.0,-93.0,-65.0,9767.0
933,88902.0,50012.0,56854.0,55632.0,52643.0,88900.0,3.2199416160583496,,,,,,,,3.133492881077023,-0.03294516940453793,0.5,13.56602954864502,,0.38795013427734376,-0.3052511291503906,0.5626038818359375,,,,,,,,88897.0,1914.0,-186.0,536.0,-535822335.0,462.0,-13.0,-16.0,-207.0,-66.0,9695.0
934,88912.0,50202.0,56809.0,55506.0,52751.0,88910.0,3.2199416160583496,,,,,,,,3.1386820455858997,-0.03219353474001228,0.5,13.577829599380493,,0.3935673828125,-0.30628857421875,0.5627850341796875,,,,,,,,88907.0,1918.0,-186.0,536.0,-535822335.0,462.0,-13.0,-17.0,-212.0,54.0,9761.0
935,88922.0,49142.0,56372.0,56377.0,53197.0,88920.0,3.2199416160583496,,,,,,,,3.143869405222652,-0.031444743662544135,0.5,13.589092493057251,,0.3961249084472656,-0.3057001953125,0.5622855224609375,,,,,,,,88917.0,1920.0,-186.0,535.0,-535822335.0,457.0,-12.0,-17.0,-169.0,-30.0,9639.0
936,88932.0,47618.0,57020.0,57213.0,52880.0,88930.0,3.2199416160583496,,,,,,,,3.149054945285141,-0.030698858121749488,0.5,13.600768327713013,,0.4017099609375,-0.3066737060546875,0.5621994018554688,,,,,,,,88927.0,1924.0,-185.0,535.0,-535822335.0,456.0,-11.0,-20.0,-146.0,-162.0,9934.0
937,88942.0,48477.0,56843.0,56777.0,52965.0,88940.0,3.2199416160583496,,,,,,,,3.154238656796268,-0.029955915783249944,0.5,13.612820386886597,,0.4053056335449219,-0.30688677978515627,0.5619813842773438,,,,,,,,88937.0,1933.0,-185.0,535.0,-535821311.0,464.0,-10.0,-20.0,-206.0,-37.0,9789.0
938,88952.0,49313.0,57081.0,56358.0,52856.0,88950.0,3.214663028717041,,,,,,,,3.159420537545671,-0.029215928904334734,0.5,13.624510288238525,,0.41045166015625,-0.30707498168945313,0.5619749755859375,,,,,,,,88947.0,1934.0,-186.0,534.0,-535822335.0,458.0,-12.0,-20.0,-267.0,65.0,9696.0
939,88962.0,50054.0,56651.0,56000.0,53234.0,88960.0,3.214663028717041,,,,,,,,3.1646005925180503,-0.028478885422392936,0.5,13.635889768600464,,0.41363479614257814,-0.30831204223632813,0.5618486328125,,,,,,,,88957.0,1939.0,-186.0,534.0,-535822335.0,459.0,-10.0,-20.0,-189.0,-39.0,9925.0
940,88972.0,50376.0,57046.0,55905.0,52845.0,88970.0,3.214663028717041,,,,,,,,3.1697788336891364,-0.02774475209733155,0.5,13.647454738616943,,0.41905636596679685,-0.3085918884277344,0.5617798461914062,,,,,,,,88967.0,1939.0,-186.0,533.0,-535298047.0,451.0,-11.0,-23.0,-132.0,7.0,9810.0
941,88982.0,49861.0,56178.0,56173.0,53666.0,88980.0,3.2199416160583496,,,,,,,,3.174955279225673,-0.02701347937581077,0.5,13.658947229385376,,0.4225202331542969,-0.30890594482421874,0.561557373046875,,,,,,,,88977.0,1952.0,-186.0,533.0,-534773759.0,465.0,-10.0,-23.0,-158.0,66.0,9771.0
942,88992.0,49893.0,56734.0,56302.0,53239.0,88990.0,3.214663028717041,,,,,,,,3.1801299521763826,-0.02628500750554348,0.5,13.670313835144043,,0.42773956298828125,-0.30942922973632814,0.5614113159179688,,,,,,,,88987.0,1955.0,-185.0,533.0,-534773759.0,462.0,-8.0,-23.0,-152.0,-47.0,9911.0
943,89002.0,49689.0,56377.0,56372.0,53766.0,89000.0,3.214663028717041,,,,,,,,3.1853028787824162,-0.025559273333292352,0.5,13.682239294052124,,0.42972195434570315,-0.3092510986328125,0.5609100952148437,,,,,,,,88997.0,1959.0,-185.0,533.0,-534249471.0,461.0,-7.0,-23.0,-184.0,0.0,9883.0
944,89012.0,49831.0,56133.0,55953.0,53483.0,89010.0,3.2199416160583496,,,,,,,,3.190474086564968,-0.024836217177459964,0.5,13.693843603134155,,0.43641558837890626,-0.31032467651367185,0.5610774536132812,,,,,,,,89007.0,1960.0,-185.0,534.0,-534249471.0,455.0,-7.0,-16.0,-204.0,99.0,9827.0
945,89022.0,47554.0,56992.0,57202.0,52766.0,89020.0,3.2199416160583496,,,,,,,,3.1956436023623676,-0.02411578917748257,0.5,13.70559549331665,,0.4415759582519531,-0.3107765808105469,0.5609379272460937,,,,,,,,89017.0,1962.0,-185.0,533.0,-534249471.0,452.0,-6.0,-15.0,-202.0,-120.0,9772.0
946,89032.0,48433.0,56482.0,56763.0,53312.0,89030.0,3.2199416160583496,,,,,,,,3.2008114504882177,-0.02339795458504132,0.5,13.717081308364868,,0.44512899780273435,-0.3111127014160156,0.560878173828125,,,,,,,,89027.0,1977.0,-185.0,533.0,-534773759.0,469.0,-5.0,-16.0,-239.0,-103.0,9855.0
947,89042.0,49440.0,56903.0,56000.0,52850.0,89040.0,3.2199416160583496,,,,,,,,3.2059776511665703,-0.022682697569444132,0.5,13.728813886642456,,0.4483556518554688,-0.31114865112304685,0.5604890747070312,,,,,,,,89037.0,1978.0,-186.0,533.0,-534249471.0,463.0,-6.0,-16.0,-117.0,16.0,9740.0
948,89052.0,50525.0,56600.0,55280.0,53119.0,89050.0,3.2199416160583496,,,,,,,,3.2111422193714874,-0.021970023250798734,0.5,13.740306854248047,,0.4541112060546875,-0.3115373229980469,0.5607177734375,,,,,,,,89047.0,1983.0,-186.0,531.0,-533200895.0,463.0,-5.0,-24.0,-166.0,50.0,9664.0
949,89062.0,49995.0,57011.0,55976.0,53150.0,89060.0,3.2199416160583496,,,,,,,,3.2163051641595026,-0.02125995783655283,0.5,13.752187728881836,,0.45722604370117187,-0.312235107421875,0.5604244995117188,,,,,,,,89057.0,1981.0,-185.0,531.0,-533200895.0,453.0,-2.0,-25.0,-186.0,9.0,9810.0
950,89072.0,50050.0,56600.0,56223.0,53791.0,89070.0,3.214663028717041,,,,,,,,3.2214664885381703,-0.020552546904985466,0.5,13.764467716217041,,0.4624798583984375,-0.31264459228515623,0.5602736206054687,,,,,,,,89067.0,1993.0,-184.0,531.0,-533200895.0,464.0,-1.0,-26.0,-210.0,45.0,9842.0
951,89082.0,49759.0,56810.0,56402.0,53580.0,89080.0,3.214663028717041,,,,,,,,3.226626189866139,-0.01984785203858721,0.5,13.776278495788574,,0.4658876647949219,-0.3129839782714844,0.56005712890625,,,,,,,,89077.0,1994.0,-184.0,531.0,-533200895.0,459.0,0.0,-26.0,-172.0,125.0,9765.0
952,89092.0,48869.0,56857.0,57021.0,53562.0,89090.0,3.214663028717041,,,,,,,,3.231784260734254,-0.019145946147398632,0.5,13.788144826889038,,0.47113320922851565,-0.3137284545898438,0.5603043823242188,,,,,,,,89087.0,1999.0,-184.0,530.0,-533200895.0,458.0,0.0,-26.0,-169.0,-59.0,9855.0
953,89102.0,49433.0,57156.0,56722.0,52858.0,89100.0,3.214663028717041,,,,,,,,3.2369406902369935,-0.018446907926020238,0.5,13.800045013427734,,0.4749119567871094,-0.3134209289550781,0.5600543823242188,,,,,,,,89097.0,2000.0,-185.0,531.0,-533199871.0,453.0,0.0,-23.0,-275.0,148.0,9895.0
954,89112.0,48470.0,57428.0,57089.0,52821.0,89110.0,3.214663028717041,,,,,,,,3.2420954655124006,-0.017750815950153855,0.5,13.814113855361938,,0.4798133850097656,-0.31411932373046875,0.5597938232421875,,,,,,,,89107.0,2005.0,-185.0,530.0,-533199871.0,454.0,1.0,-22.0,-296.0,123.0,9892.0
955,89122.0,49194.0,57008.0,56670.0,53242.0,89120.0,3.214663028717041,,,,,,,,3.2472485734090153,-0.017057742935013623,0.5,13.82634687423706,,0.4848744201660156,-0.314156494140625,0.5597140502929687,,,,,,,,89117.0,2011.0,-185.0,530.0,-533199871.0,454.0,1.0,-21.0,-184.0,-68.0,9767.0
956,89132.0,48545.0,57385.0,56929.0,53008.0,89130.0,3.214663028717041,,,,,,,,3.2524000021315125,-0.01636775064866288,0.5,13.838244438171387,,0.48832882690429685,-0.3149224548339844,0.5596282958984375,,,,,,,,89127.0,2013.0,-185.0,530.0,-533199871.0,451.0,2.0,-21.0,-282.0,0.0,9839.0
957,89142.0,49453.0,57027.0,56553.0,53245.0,89140.0,3.214663028717041,,,,,,,,3.257549742722992,-0.01568088590216892,0.5,13.85071325302124,,0.4920875244140625,-0.314963134765625,0.559514892578125,,,,,,,,89137.0,2017.0,-185.0,530.0,-533199871.0,450.0,2.0,-22.0,-290.0,18.0,9997.0
958,89152.0,50345.0,56834.0,55768.0,53564.0,89150.0,3.214663028717041,,,,,,,,3.2626977902602503,-0.014997177932815166,0.5,13.862822771072388,,0.49734408569335936,-0.31523590087890624,0.559413818359375,,,,,,,,89147.0,2023.0,-185.0,529.0,-533199871.0,453.0,3.0,-20.0,-130.0,16.0,9763.0
959,89162.0,51203.0,56455.0,55181.0,53923.0,89160.0,3.214663028717041,,,,,,,,3.2678441446669093,-0.014316637366636596,0.5,13.874834537506104,,0.5006087951660156,-0.31544888305664065,0.5591941528320312,,,,,,,,89157.0,2026.0,-185.0,529.0,-533199871.0,449.0,5.0,-20.0,-317.0,87.0,9799.0
960,89172.0,50744.0,56517.0,55656.0,53782.0,89170.0,3.214663028717041,,,,,,,,3.272988811085222,-0.013639256804225584,0.5,13.886646032333374,,0.5058623046875,-0.31601678466796873,0.5592703247070312,,,,,,,,89167.0,2032.0,-184.0,529.0,-533199871.0,451.0,6.0,-20.0,-254.0,36.0,9954.0
961,89182.0,49948.0,56697.0,56214.0,53580.0,89180.0,3.214663028717041,,,,,,,,3.2781317997873765,-0.0129650129317865,0.5,13.900053262710571,,0.5093940124511719,-0.31606439208984377,0.5591598510742187,,,,,,,,89177.0,2036.0,-184.0,529.0,-533200895.0,451.0,7.0,-20.0,-211.0,76.0,9893.0
962,89192.0,50339.0,56686.0,55906.0,53628.0,89190.0,3.214663028717041,,,,,,,,3.283273125647608,-0.012293869930079998,0.5,13.912616968154907,,0.5145386352539062,-0.31656149291992186,0.5589984130859375,,,,,,,,89187.0,2038.0,-184.0,528.0,-533200895.0,447.0,8.0,-19.0,-179.0,85.0,9849.0
963,89202.0,49693.0,56938.0,56324.0,53374.0,89200.0,3.214663028717041,,,,,,,,3.288412807233852,-0.011625783848020897,0.5,13.92444372177124,,0.5198888549804688,-0.31672335815429686,0.5591368408203125,,,,,,,,89197.0,2046.0,-185.0,528.0,-533725183.0,451.0,7.0,-19.0,-146.0,-40.0,9989.0
964,89212.0,50444.0,56866.0,55831.0,53361.0,89210.0,3.214663028717041,,,,,,,,3.293550865608921,-0.010960707533789242,0.5,13.986501932144165,,0.5233411865234375,-0.3171087646484375,0.5589325561523437,,,,,,,,89207.0,2053.0,-185.0,528.0,-533724159.0,456.0,7.0,-18.0,-159.0,142.0,9880.0
965,89222.0,49256.0,57004.0,56475.0,53380.0,89220.0,3.214663028717041,,,,,,,,3.2986873229536897,-0.010298595679866011,0.5,14.002309083938599,,0.526734619140625,-0.3172886962890625,0.558905517578125,,,,,,,,89217.0,2055.0,-185.0,528.0,-533724159.0,452.0,8.0,-16.0,-125.0,107.0,9796.0
966,89232.0,48924.0,57079.0,56348.0,52822.0,89230.0,3.214663028717041,,,,,,,,3.303822201136852,-0.009639409541475873,0.5,14.026345252990723,,0.5319573974609375,-0.31759292602539063,0.5588727416992187,,,,,,,,89227.0,2057.0,-186.0,530.0,-533724159.0,448.0,8.0,-6.0,-126.0,18.0,9878.0
967,89242.0,49475.0,56963.0,55716.0,52865.0,89240.0,3.2199416160583496,,,,,,,,3.308955520356756,-0.008983120929086187,0.5,14.044957399368286,,0.5355205078125,-0.31777603149414063,0.558869873046875,,,,,,,,89237.0,2067.0,-186.0,529.0,-533723135.0,459.0,8.0,-6.0,-192.0,31.0,9956.0
968,89252.0,50227.0,56432.0,55128.0,53475.0,89250.0,3.2199416160583496,,,,,,,,3.3140872979708416,-0.008329715150190792,0.5,14.058381795883179,,0.5406492919921875,-0.3184916381835938,0.558914794921875,,,,,,,,89247.0,2074.0,-186.0,529.0,-533723135.0,463.0,9.0,-5.0,-118.0,66.0,9882.0
969,89262.0,49289.0,56802.0,55921.0,52801.0,89260.0,3.2199416160583496,,,,,,,,3.319217547608511,-0.00767919267615725,0.5,14.070592880249023,,0.5443532104492188,-0.31847860717773435,0.5586728515625,,,,,,,,89257.0,2076.0,-185.0,529.0,-533723136.0,458.0,12.0,-3.0,-119.0,11.0,9754.0
970,89272.0,48374.0,57116.0,56614.0,52551.0,89270.0,3.2199416160583496,,,,,,,,3.3243462786358604,-0.007031569426962307,0.5,14.085105657577515,,0.5494447631835937,-0.3185430603027344,0.5588366088867187,,,,,,,,89267.0,2077.0,-185.0,529.0,-533723136.0,453.0,13.0,-6.0,-103.0,-59.0,9933.0
971,89282.0,48010.0,56141.0,56735.0,53493.0,89280.0,3.225220203399658,,,,,,,,3.329473496008165,-0.006386875689558404,0.5,14.097269296646118,,0.5528675537109375,-0.3186304016113281,0.55880859375,,,,,,,,89277.0,2083.0,-184.0,529.0,-533723136.0,456.0,13.0,-6.0,-187.0,82.0,9924.0
972,89292.0,48130.0,57369.0,56676.0,52180.0,89290.0,3.2199416160583496,,,,,,,,3.3345992005113514,-0.005745153803589267,0.5,14.110540390014648,,0.5579714965820313,-0.3191258544921875,0.5586781616210937,,,,,,,,89287.0,2088.0,-184.0,529.0,-533724160.0,457.0,14.0,-4.0,-231.0,-4.0,9738.0
973,89302.0,49526.0,56722.0,55939.0,52758.0,89300.0,3.2199416160583496,,,,,,,,3.3397233893599276,-0.0051064548511250765,0.5,14.123348951339722,,0.5616151123046875,-0.3193939208984375,0.5589680786132812,,,,,,,,89297.0,2094.0,-184.0,529.0,-533724160.0,460.0,16.0,-4.0,-140.0,-31.0,9735.0
974,89312.0,48600.0,56305.0,56421.0,53756.0,89310.0,3.2199416160583496,,,,,,,,3.3448460570889162,-0.004470834666520325,0.5,14.137703657150269,,0.566906982421875,-0.3192035217285156,0.55866748046875,,,,,,,,89307.0,2098.0,-183.0,528.0,-532675584.0,458.0,17.0,-8.0,-250.0,137.0,9814.0
975,89322.0,49529.0,56700.0,56013.0,52994.0,89320.0,3.2199416160583496,,,,,,,,3.349967196653705,-0.0038383495322074496,0.5,14.150283098220825,,0.5722669067382813,-0.319461181640625,0.5587826538085937,,,,,,,,89317.0,2101.0,-183.0,528.0,-532675584.0,457.0,18.0,-8.0,-224.0,155.0,9895.0
976,89332.0,49467.0,56796.0,55820.0,53112.0,89330.0,3.2199416160583496,,,,,,,,3.355086800636265,-0.00320905194278584,0.5,14.165400505065918,,0.5757740478515625,-0.319666748046875,0.5586309814453125,,,,,,,,89327.0,2108.0,-183.0,528.0,-532675584.0,460.0,19.0,-7.0,-94.0,74.0,9775.0
977,89342.0,50535.0,56557.0,55031.0,53345.0,89340.0,3.2199416160583496,,,,,,,,3.360204862449989,-0.0025829868026849834,0.5,14.177290916442871,,0.5792850341796875,-0.31980276489257814,0.5586885375976562,,,,,,,,89337.0,2109.0,-183.0,528.0,-532675584.0,455.0,20.0,-6.0,-187.0,-9.0,9924.0
978,89352.0,50446.0,56970.0,55188.0,52694.0,89350.0,3.2199416160583496,,,,,,,,3.365321377438712,-0.0019601883744361157,0.5,14.189177751541138,,0.5845663452148437,-0.32009494018554685,0.5587111206054688,,,,,,,,89347.0,2114.0,-182.0,529.0,-532676608.0,456.0,21.0,-3.0,-157.0,47.0,9899.0
979,89362.0,49599.0,56658.0,55575.0,53040.0,89360.0,3.2199416160583496,,,,,,,,3.370436343777765,-0.001340678220272333,0.5,14.201757669448853,,0.5881459350585938,-0.319975830078125,0.558885009765625,,,,,,,,89357.0,2118.0,-182.0,529.0,-532676608.0,455.0,22.0,-2.0,-91.0,-57.0,9771.0
980,89372.0,49149.0,56449.0,55893.0,53343.0,89370.0,3.2199416160583496,,,,,,,,3.375549763104802,-0.0007244642865962408,0.5,14.21407413482666,,0.5933772583007813,-0.32029019165039063,0.5588381958007812,,,,,,,,89367.0,2127.0,-181.0,528.0,-532675584.0,463.0,25.0,-2.0,-262.0,-20.0,9907.0
981,89382.0,48320.0,56852.0,56362.0,52952.0,89380.0,3.2199416160583496,,,,,,,,3.380661640833706,-0.00011154117743436207,0.5,14.2266685962677,,0.5970659790039062,-0.32051046752929685,0.558916259765625,,,,,,,,89377.0,2130.0,-182.0,528.0,-532675584.0,460.0,25.0,-2.0,-136.0,72.0,9920.0
982,89392.0,48480.0,56508.0,56299.0,53237.0,89390.0,3.2199416160583496,,,,,,,,3.3857719861337423,0.0004981084413999831,0.5,14.238542556762695,,0.6022404174804687,-0.32052523803710936,0.5589337768554687,,,,,,,,89387.0,2135.0,-182.0,528.0,-532675584.0,461.0,25.0,-1.0,-266.0,164.0,9796.0
983,89402.0,48119.0,57064.0,56148.0,52370.0,89400.0,3.225220203399658,,,,,,,,3.3908808115856566,0.001104511462017569,0.5,14.25175404548645,,0.6057394409179687,-0.32041168212890625,0.55884423828125,,,,,,,,89397.0,2138.0,-182.0,529.0,-532675072.0,458.0,26.0,1.0,-225.0,72.0,9826.0
984,89412.0,48980.0,56687.0,55870.0,52839.0,89410.0,3.2199416160583496,,,,,,,,3.3959881325540886,0.0017077012127233032,0.5,14.264252662658691,,0.6111978149414062,-0.32056072998046875,0.559045166015625,,,,,,,,89407.0,2145.0,-182.0,529.0,-532675072.0,463.0,26.0,1.0,-127.0,-1.0,9857.0
985,89422.0,47839.0,56664.0,56307.0,52841.0,89420.0,3.225220203399658,,,,,,,,3.401093966339077,0.0023077138869560844,0.5,14.276154041290283,,0.6145752563476562,-0.320642333984375,0.5589965209960938,,,,,,,,89417.0,2149.0,-180.0,529.0,-532676096.0,461.0,29.0,2.0,-242.0,155.0,9742.0
986,89432.0,48883.0,56598.0,55810.0,52647.0,89430.0,3.225220203399658,,,,,,,,3.4061983311867183,0.0029045848454359174,0.5,14.288897275924683,,0.6197667236328125,-0.3207939453125,0.5588729248046875,,,,,,,,89427.0,2151.0,-180.0,529.0,-532151808.0,457.0,30.0,2.0,-240.0,121.0,9807.0
987,89442.0,48250.0,56750.0,55679.0,52466.0,89440.0,3.225220203399658,,,,,,,,3.411301245248875,0.0034983451156346025,0.5,14.30197024345398,,0.6233092041015625,-0.32094052124023437,0.5590117797851563,,,,,,,,89437.0,2158.0,-180.0,530.0,-532151808.0,462.0,31.0,9.0,-125.0,91.0,9718.0
988,89452.0,49313.0,56521.0,55120.0,52498.0,89450.0,3.225220203399658,,,,,,,,3.4164027255835685,0.00408901838612389,0.5,14.31633973121643,,0.6283945922851563,-0.3209583740234375,0.5588426513671875,,,,,,,,89447.0,2163.0,-178.0,530.0,-532151808.0,462.0,34.0,8.0,-216.0,106.0,9866.0
989,89462.0,49979.0,56336.0,54527.0,52775.0,89460.0,3.225220203399658,,,,,,,,3.4215027872814434,0.004676618741776734,0.5,14.328805685043335,,0.6318238525390625,-0.32076458740234376,0.5588147583007812,,,,,,,,89457.0,2168.0,-178.0,530.0,-532150784.0,462.0,35.0,8.0,-208.0,127.0,9729.0
990,89472.0,49513.0,55637.0,54780.0,53358.0,89470.0,3.230498790740967,,,,,,,,3.4266014427902243,0.0052611493144047415,0.0,14.341310501098633,,0.637798828125,-0.3207168884277344,0.5592233276367188,,,,,,,,89467.0,2169.0,-178.0,531.0,-532150784.0,456.0,36.0,8.0,-231.0,-49.0,9680.0
991,89482.0,49266.0,55872.0,55091.0,53420.0,89480.0,3.225220203399658,,,,,,,,3.4316987014897915,0.005842601938975341,,14.354514122009277,,0.6410237426757812,-0.32102838134765627,0.559205078125,,,,,,,,89477.0,2181.0,-178.0,529.0,-532150784.0,468.0,37.0,0.0,-154.0,60.0,9696.0
992,89492.0,48816.0,56361.0,55688.0,53152.0,89490.0,3.225220203399658,,,,,,,,3.436794569547216,0.006420957815763746,,14.367006778717041,,0.6463525390625,-0.32105886840820314,0.5590410766601562,,,,,,,,89487.0,2182.0,-178.0,529.0,-532150784.0,463.0,37.0,0.0,-288.0,41.0,9740.0
993,89502.0,49047.0,56728.0,55580.0,52675.0,89500.0,3.225220203399658,,,,,,,,3.4418890500559542,0.006996189091592806,,14.379203081130981,,0.6499900512695312,-0.32103536987304687,0.5592592163085938,,,,,,,,89497.0,2188.0,-178.0,529.0,-532150783.0,464.0,37.0,-1.0,-219.0,36.0,9706.0
994,89512.0,48160.0,56970.0,56136.0,52503.0,89510.0,3.225220203399658,,,,,,,,3.446982143438662,0.007568261196179656,,14.393047571182251,,0.655021728515625,-0.3210200500488281,0.5592266845703125,,,,,,,,89507.0,2189.0,-179.0,529.0,-532150783.0,458.0,37.0,-2.0,-236.0,5.0,9830.0
995,89522.0,48693.0,56805.0,56168.0,52615.0,89520.0,3.2199416160583496,,,,,,,,3.452073848070832,0.008137135708937104,,14.405561208724976,,0.6586510009765625,-0.3208820495605469,0.5591362915039062,,,,,,,,89517.0,2193.0,-176.0,529.0,-532150783.0,457.0,41.0,-2.0,-284.0,204.0,9572.0
996,89532.0,49117.0,56591.0,55717.0,53166.0,89530.0,3.225220203399658,,,,,,,,3.4571641610646044,0.008702773492151487,,14.418396711349487,,0.66393017578125,-0.32078082275390624,0.559095703125,,,,,,,,89527.0,2207.0,-177.0,529.0,-532150783.0,472.0,41.0,-8.0,-250.0,57.0,9665.0
997,89542.0,49382.0,57199.0,55747.0,52595.0,89540.0,3.2199416160583496,,,,,,,,3.4622530791400092,0.009265137811075339,,14.430846452713013,,0.6672869262695312,-0.320900146484375,0.5591901245117188,,,,,,,,89537.0,2207.0,-175.0,529.0,-532150783.0,464.0,45.0,-10.0,-147.0,-31.0,9704.0
998,89552.0,48570.0,57016.0,56193.0,53075.0,89550.0,3.2199416160583496,,,,,,,,3.4673405995054947,0.009824197170763212,,14.442799091339111,,0.672706298828125,-0.3207006225585938,0.5587290649414063,,,,,,,,89547.0,2209.0,-175.0,528.0,-533198335.0,460.0,44.0,-11.0,-361.0,15.0,9752.0
999,89562.0,47998.0,57135.0,56700.0,52828.0,89560.0,3.2199416160583496,,,,,,,,3.472426720671102,0.010379927631916284,,14.456272840499878,,0.6761646118164063,-0.32064459228515624,0.5590184936523438,,,,,,,,89557.0,2213.0,-176.0,528.0,-533198335.0,458.0,43.0,-11.0,-136.0,39.0,9665.0
1000,89572.0,49128.0,57212.0,56152.0,53202.0,89570.0,3.2199416160583496,,,,,,,,3.4775114431257763,0.010932314420097414,,14.468279123306274,,0.6814571533203125,-0.3205815734863281,0.5589537963867187,,,,,,,,89567.0,2224.0,-174.0,527.0,-533198335.0,468.0,47.0,-20.0,-222.0,-59.0,9717.0
1001,89582.0,50317.0,56651.0,55498.0,53759.0,89580.0,3.2199416160583496,,,,,,,,3.482594769824105,0.011481352709343282,,14.481217384338379,,0.6849539184570312,-0.3204428405761719,0.5590081176757813,,,,,,,,89577.0,2226.0,-174.0,527.0,-533198335.0,464.0,47.0,-21.0,-88.0,36.0,9788.0
1002,89592.0,49232.0,57144.0,56275.0,53566.0,89590.0,3.214663028717041,,,,,,,,3.4876767064459284,0.012027047536230507,,14.493443250656128,,0.6900364379882813,-0.32048098754882814,0.5590426635742187,,,,,,,,89587.0,2227.0,-173.0,526.0,-533198335.0,457.0,49.0,-21.0,-254.0,79.0,9726.0
1003,89602.0,49499.0,57319.0,56337.0,53116.0,89600.0,3.214663028717041,,,,,,,,3.4927572614130296,0.012569412877102146,,14.506194353103638,,0.6936547241210937,-0.32031768798828125,0.5587767333984375,,,,,,,,89597.0,2231.0,-171.0,526.0,-533197311.0,454.0,51.0,-22.0,-149.0,-13.0,9662.0
1004,89612.0,49680.0,56874.0,56312.0,53698.0,89610.0,3.214663028717041,,,,,,,,3.4978364456686486,0.01310846999274104,,14.518347263336182,,0.6988909301757813,-0.3201729736328125,0.5587576293945312,,,,,,,,89607.0,2237.0,-171.0,526.0,-533197311.0,456.0,51.0,-22.0,-261.0,-8.0,9806.0
1005,89622.0,50089.0,56968.0,56062.0,53491.0,89620.0,3.214663028717041,,,,,,,,3.5029142722459365,0.013644245205231924,,14.530819654464722,,0.702343505859375,-0.3200748291015625,0.5586785278320312,,,,,,,,89617.0,2244.0,-171.0,526.0,-533197311.0,460.0,51.0,-23.0,-329.0,94.0,9841.0
1006,89632.0,49925.0,57213.0,56146.0,53242.0,89630.0,3.214663028717041,,,,,,,,3.5079907556689993,0.014176767316167186,,14.542784929275513,,0.7073477783203125,-0.3199759521484375,0.5583667602539063,,,,,,,,89627.0,2249.0,-170.0,526.0,-533197311.0,459.0,52.0,-23.0,-242.0,91.0,9716.0
1007,89642.0,49897.0,57478.0,56416.0,53050.0,89640.0,3.2093844413757324,,,,,,,,3.513065911243381,0.014706064900337962,,14.55474591255188,,0.71094140625,-0.31981256103515626,0.5584591674804688,,,,,,,,89637.0,2247.0,-167.0,525.0,-533196287.0,448.0,57.0,-23.0,-324.0,3.0,9820.0
1008,89652.0,50744.0,57227.0,55635.0,53220.0,89650.0,3.214663028717041,,,,,,,,3.518139754300736,0.01523216371301381,,14.567181825637817,,0.71610302734375,-0.31972857666015625,0.5583121337890625,,,,,,,,89647.0,2253.0,-167.0,525.0,-533196287.0,449.0,56.0,-24.0,-369.0,49.0,9874.0
1009,89662.0,49502.0,56970.0,56326.0,53539.0,89660.0,3.2093844413757324,,,,,,,,3.5232122994644857,0.01575508443212094,,14.579060316085815,,0.7196126708984375,-0.31958026123046873,0.5582943725585937,,,,,,,,89657.0,2256.0,-168.0,526.0,-533196287.0,445.0,56.0,-16.0,-225.0,64.0,9832.0
1010,89672.0,49644.0,57015.0,56156.0,53529.0,89670.0,3.2093844413757324,,,,,,,,3.528283559999436,0.016274840921143188,,14.591266870498657,,0.7246615600585937,-0.31963787841796876,0.5580792846679687,,,,,,,,89667.0,2261.0,-167.0,526.0,-534244863.0,445.0,57.0,-15.0,-255.0,-10.0,9811.0
1011,89682.0,49600.0,56317.0,56096.0,54496.0,89680.0,3.2093844413757324,,,,,,,,3.53335354729921,0.016791439148013294,,14.603350162506104,,0.7279592895507813,-0.31941293334960935,0.557932373046875,,,,,,,,89677.0,2264.0,-166.0,526.0,-534244863.0,442.0,58.0,-15.0,-342.0,-60.0,9866.0
1012,89692.0,49302.0,56824.0,56239.0,54002.0,89690.0,3.2093844413757324,,,,,,,,3.5384222705517683,0.017304876834456726,,14.615631341934204,,0.7333672485351562,-0.31909088134765623,0.5581985473632812,,,,,,,,89687.0,2268.0,-166.0,526.0,-534244863.0,441.0,57.0,-15.0,-242.0,12.0,9799.0
1013,89702.0,48953.0,56703.0,56121.0,53869.0,89700.0,3.214663028717041,,,,,,,,3.5434897366066895,0.017815143844765326,,14.628382205963135,,0.73850830078125,-0.3189164428710938,0.5580762939453126,,,,,,,,89697.0,2274.0,-165.0,526.0,-534245887.0,443.0,59.0,-11.0,-307.0,-31.0,9735.0
1014,89712.0,49709.0,56729.0,55728.0,54080.0,89710.0,3.2093844413757324,,,,,,,,3.5485559500496713,0.01832222325862464,,14.640724420547485,,0.7419719848632812,-0.31898190307617186,0.5581499633789062,,,,,,,,89707.0,2281.0,-164.0,526.0,-534245887.0,445.0,60.0,-12.0,-256.0,-108.0,9945.0
1015,89722.0,49332.0,57622.0,55582.0,53035.0,89720.0,3.214663028717041,,,,,,,,3.5536209134715993,0.018826093014941397,,14.652600526809692,,0.7471160888671875,-0.31854244995117187,0.5580570068359375,,,,,,,,89717.0,2284.0,-165.0,526.0,-534246911.0,443.0,59.0,-11.0,-197.0,-68.0,9992.0
1016,89732.0,50543.0,57855.0,54991.0,52589.0,89730.0,3.2093844413757324,,,,,,,,3.558684627903043,0.01932672796742112,,14.665704727172852,,0.7503906860351562,-0.3185094299316406,0.5578524169921875,,,,,,,,89727.0,2286.0,-164.0,526.0,-535295487.0,437.0,59.0,-9.0,-215.0,38.0,9852.0
1017,89742.0,49701.0,57902.0,55425.0,52717.0,89740.0,3.2093844413757324,,,,,,,,3.563747093371562,0.0198241021616014,,14.677470922470093,,0.7539075317382813,-0.318291015625,0.557907958984375,,,,,,,,89737.0,2290.0,-162.0,526.0,-535296511.0,437.0,62.0,-7.0,-270.0,-74.0,9790.0
1018,89752.0,50773.0,57928.0,54623.0,52518.0,89750.0,3.2093844413757324,,,,,,,,3.568808309529834,0.020318191129403057,,14.692631959915161,,0.7589359130859376,-0.3182391662597656,0.5579437255859375,,,,,,,,89747.0,2295.0,-163.0,526.0,-535296511.0,436.0,59.0,-7.0,-172.0,-92.0,9886.0
1019,89762.0,51036.0,57661.0,54144.0,52737.0,89760.0,3.214663028717041,,,,,,,,3.5738682762980227,0.02080897400169385,,14.704685926437378,,0.7622981567382813,-0.31805929565429686,0.5581204833984375,,,,,,,,89757.0,2300.0,-163.0,526.0,-1073215998.0,438.0,59.0,-7.0,-255.0,-32.0,9891.0
1020,89772.0,50951.0,57533.0,54207.0,52872.0,89770.0,3.214663028717041,,,,,,,,3.5789269944642492,0.02129643526095539,,14.717491865158081,,0.7674345703125,-0.31780767822265626,0.5577863159179688,,,,,,,,89767.0,2304.0,-163.0,526.0,-1072167422.0,437.0,58.0,-6.0,-141.0,-154.0,9793.0
1021,89782.0,49048.0,57894.0,55679.0,52370.0,89780.0,3.214663028717041,,,,,,,,3.5839844661923386,0.02178056599253036,,14.729596853256226,,0.77091943359375,-0.31758746337890625,0.5577306518554688,,,,,,,,89777.0,2304.0,-163.0,526.0,-1071118846.0,430.0,57.0,-5.0,-256.0,-121.0,9838.0
1022,89792.0,48167.0,57277.0,55965.0,52932.0,89790.0,3.2199416160583496,,,,,,,,3.589040695395557,0.0222613645405177,,14.75229287147522,,0.7758802490234376,-0.317565185546875,0.5577254028320312,,,,,,,,89787.0,2308.0,-161.0,526.0,-1071118846.0,429.0,58.0,-2.0,-230.0,-267.0,9906.0
1023,89802.0,49293.0,56523.0,55430.0,53520.0,89800.0,3.2199416160583496,,,,,,,,3.594095687947905,0.022738836528726616,,14.829223155975342,,0.7793087158203125,-0.31734103393554686,0.5577022705078125,,,,,,,,89797.0,2317.0,-162.0,526.0,-1071119870.0,437.0,56.0,-2.0,-196.0,-26.0,9719.0
1024,89812.0,48151.0,56474.0,56086.0,53768.0,89810.0,3.2199416160583496,,,,,,,,3.599149451719448,0.02321299426328957,,14.853313684463501,,0.7843911743164063,-0.3172938537597656,0.55765380859375,,,,,,,,89807.0,2319.0,-161.0,526.0,-1070070270.0,432.0,56.0,-2.0,-275.0,-150.0,9795.0
1025,89822.0,48243.0,56281.0,56195.0,53827.0,89820.0,3.2199416160583496,,,,,,,,3.6042019964378285,0.023683855586645937,,14.874895811080933,,0.7878890991210937,-0.3171355590820312,0.5577066650390625,,,,,,,,89817.0,2323.0,-161.0,526.0,-1070071294.0,432.0,55.0,-2.0,-120.0,-158.0,9804.0
1026,89832.0,46585.0,55723.0,56892.0,54482.0,89830.0,3.2199416160583496,,,,,,,,3.6092533333931063,0.024151442298129294,,14.896777153015137,,0.7929075317382812,-0.31702496337890623,0.557503662109375,,,,,,,,89827.0,2326.0,-160.0,527.0,-1071119869.0,429.0,54.0,1.0,-225.0,-159.0,9884.0
1027,89842.0,46449.0,55606.0,57017.0,54536.0,89840.0,3.2199416160583496,,,,,,,,3.61430347501613,0.02461577829059637,,14.920944213867188,,0.7961671142578125,-0.31690560913085936,0.5573211059570312,,,,,,,,89837.0,2332.0,-159.0,527.0,-1071119869.0,431.0,54.0,1.0,-222.0,-76.0,9895.0
1028,89852.0,45979.0,55653.0,57014.0,54410.0,89850.0,3.225220203399658,,,,,,,,3.6193524343707297,0.025076887572789718,,14.938039064407349,,0.801425537109375,-0.31677731323242186,0.5575737915039063,,,,,,,,89847.0,2339.0,-158.0,527.0,-1072692733.0,436.0,55.0,2.0,-99.0,-82.0,9676.0
1029,89862.0,45854.0,56198.0,57279.0,53563.0,89860.0,3.225220203399658,,,,,,,,3.624400224606266,0.02553479235207997,,14.952133655548096,,0.80496142578125,-0.31654681396484374,0.5576618041992187,,,,,,,,89857.0,2340.0,-157.0,527.0,-536870397.0,431.0,55.0,2.0,-236.0,-111.0,9769.0
1030,89872.0,45240.0,56210.0,57319.0,53544.0,89870.0,3.225220203399658,,,,,,,,3.6294468584191413,0.025989511341904727,,14.964510679244995,,0.8099541625976563,-0.3164676513671875,0.55764453125,,,,,,,,89867.0,2344.0,-155.0,528.0,-535821821.0,431.0,57.0,6.0,-229.0,-77.0,9865.0
1031,89882.0,46108.0,56647.0,57078.0,52613.0,89880.0,3.225220203399658,,,,,,,,3.6344923475696445,0.02644105843395076,,14.977146625518799,,0.8113298950195312,-0.31543023681640625,0.556788818359375,,,,,,,,89877.0,2348.0,-156.0,528.0,-534773245.0,431.0,55.0,7.0,-170.0,91.0,9832.0
1032,89892.0,46136.0,56817.0,56839.0,52615.0,89890.0,3.225220203399658,,,,,,,,3.6395367024943317,0.02688944183942551,,14.989035606384277,,0.8184114379882812,-0.3162919311523438,0.5575763549804688,,,,,,,,89887.0,2356.0,-154.0,528.0,-533724669.0,436.0,58.0,7.0,-255.0,2.0,9895.0
1033,89902.0,46640.0,57453.0,56525.0,51695.0,89900.0,3.225220203399658,,,,,,,,3.6445799320446617,0.027334663760060544,,15.00113320350647,,0.82178857421875,-0.31607733154296874,0.5575999145507813,,,,,,,,89897.0,2359.0,-154.0,528.0,-532151805.0,434.0,57.0,8.0,-171.0,26.0,10012.0
1034,89912.0,48521.0,56925.0,55217.0,52319.0,89910.0,3.225220203399658,,,,,,,,3.649622043370755,0.027776720601805485,,15.013768911361694,,0.82697314453125,-0.31592929077148435,0.5575464477539063,,,,,,,,89907.0,2360.0,-154.0,527.0,-532150781.0,428.0,58.0,1.0,-202.0,99.0,9949.0
1035,89922.0,48478.0,57486.0,55231.0,52242.0,89920.0,3.225220203399658,,,,,,,,3.6546630419560002,0.02821560369675407,,15.025729656219482,,0.83014404296875,-0.315680908203125,0.5577440185546875,,,,,,,,89917.0,2364.0,-153.0,527.0,-531102205.0,428.0,60.0,2.0,-258.0,153.0,9743.0
1036,89932.0,50702.0,57330.0,53615.0,51850.0,89930.0,3.230498790740967,,,,,,,,3.659702931794991,0.028651300455797182,,15.037738800048828,,0.8355391845703125,-0.31565878295898436,0.5574248657226563,,,,,,,,89927.0,2373.0,-157.0,527.0,-532150781.0,435.0,53.0,2.0,-232.0,24.0,9646.0
1037,89942.0,49142.0,57268.0,54691.0,52609.0,89940.0,3.225220203399658,,,,,,,,3.6647417156950755,0.029083795839423904,,15.05099105834961,,0.8389456787109375,-0.31545376586914065,0.5575050659179688,,,,,,,,89937.0,2379.0,-155.0,527.0,-532150781.0,438.0,57.0,1.0,-302.0,16.0,9747.0
1038,89952.0,49191.0,57247.0,54824.0,52876.0,89950.0,3.2199416160583496,,,,,,,,3.6697793956716707,0.02951307400979939,,15.063730478286743,,0.84404052734375,-0.315164794921875,0.5575459594726563,,,,,,,,89947.0,2381.0,-156.0,527.0,-533199357.0,433.0,55.0,0.0,-174.0,63.0,9712.0
1039,89962.0,49318.0,57436.0,54772.0,52698.0,89960.0,3.225220203399658,,,,,,,,3.674815973400266,0.029939120015528797,,15.075663328170776,,0.8472296142578125,-0.3151860656738281,0.5573534545898438,,,,,,,,89957.0,2384.0,-155.0,526.0,-533199357.0,431.0,57.0,-4.0,-280.0,-64.0,9708.0
1040,89972.0,49608.0,56831.0,54943.0,53507.0,89970.0,3.2199416160583496,,,,,,,,3.6798514506842133,0.030361921362018915,,15.087505102157593,,0.8524691772460937,-0.3148807373046875,0.5572929077148437,,,,,,,,89967.0,2390.0,-155.0,526.0,-534248957.0,433.0,56.0,-6.0,-239.0,-91.0,9839.0
1041,89982.0,49021.0,56011.0,55185.0,54667.0,89980.0,3.2199416160583496,,,,,,,,3.684885829897271,0.030781469334556884,,15.099556684494019,,0.8558516845703125,-0.3146971130371094,0.5576697387695313,,,,,,,,89977.0,2398.0,-154.0,526.0,-534773244.0,441.0,58.0,-6.0,-241.0,-85.0,9817.0
1042,89992.0,48678.0,56880.0,55689.0,53715.0,89990.0,3.214663028717041,,,,,,,,3.6899191143632586,0.031197759966536488,,15.1123788356781,,0.8593824462890625,-0.31446176147460936,0.5574893798828126,,,,,,,,89987.0,2402.0,-153.0,526.0,-535820796.0,440.0,59.0,-5.0,-267.0,75.0,9585.0
1043,90002.0,48727.0,56267.0,55687.0,54563.0,90000.0,3.214663028717041,,,,,,,,3.6949513086417705,0.03161079457915839,,15.124682664871216,,0.8644168701171875,-0.3142623291015625,0.5573447265625,,,,,,,,89997.0,2405.0,-151.0,526.0,-535820796.0,437.0,61.0,-8.0,-192.0,-6.0,9645.0
1044,90012.0,48641.0,56599.0,55967.0,54041.0,90010.0,3.214663028717041,,,,,,,,3.6999824186979473,0.032020579858223396,,15.136605739593506,,0.86951171875,-0.3139226989746094,0.557270263671875,,,,,,,,90007.0,2407.0,-151.0,526.0,-534771196.0,434.0,61.0,-9.0,-87.0,-52.0,9793.0
1045,90022.0,48877.0,56002.0,55868.0,54682.0,90020.0,3.214663028717041,,,,,,,,3.70501245194502,0.03242712747476414,,15.14983057975769,,0.8730293579101562,-0.31371469116210937,0.5575062255859375,,,,,,,,90017.0,2411.0,-151.0,525.0,-534771196.0,433.0,61.0,-10.0,-118.0,-58.0,9829.0
1046,90032.0,48092.0,57002.0,56327.0,53644.0,90030.0,3.214663028717041,,,,,,,,3.7100414171596983,0.03283045329560295,,15.16206979751587,,0.8781309204101563,-0.3135326232910156,0.5573228759765625,,,,,,,,90027.0,2421.0,-150.0,525.0,-534770172.0,444.0,61.0,-10.0,-88.0,-19.0,9773.0
1047,90042.0,47129.0,57130.0,56839.0,53638.0,90040.0,3.214663028717041,,,,,,,,3.7150693242814987,0.03323057626412362,,15.174933671951294,,0.8815348510742187,-0.31325213623046877,0.5576552734375,,,,,,,,90037.0,2425.0,-150.0,525.0,-534770172.0,445.0,62.0,-10.0,-37.0,-83.0,9760.0
1048,90052.0,47156.0,57380.0,56992.0,53129.0,90050.0,3.214663028717041,,,,,,,,3.720096184116834,0.03362751705778851,,15.18686580657959,,0.8864982299804688,-0.31312979125976564,0.5576100463867187,,,,,,,,90047.0,2428.0,-149.0,525.0,-533721596.0,443.0,62.0,-11.0,-89.0,33.0,9861.0
1049,90062.0,46968.0,57403.0,56873.0,53391.0,90060.0,3.214663028717041,,,,,,,,3.725122007976324,0.03402129664517613,,15.199516534805298,,0.8901105346679687,-0.312828125,0.5574586791992188,,,,,,,,90057.0,2431.0,-149.0,525.0,-533721596.0,440.0,62.0,-10.0,-128.0,-15.0,9859.0
1050,90072.0,48332.0,56718.0,56148.0,54010.0,90070.0,3.214663028717041,,,,,,,,3.7301468072787225,0.034411934870442015,,15.211630582809448,,0.8936024169921875,-0.31265771484375,0.5572786254882812,,,,,,,,90067.0,2441.0,-146.0,525.0,-533721596.0,450.0,66.0,-10.0,-137.0,14.0,9695.0
1051,90082.0,48412.0,57465.0,56076.0,53160.0,90080.0,3.214663028717041,,,,,,,,3.735170593156766,0.03479944918699791,,15.225107669830322,,0.8987609252929688,-0.3123190612792969,0.5572942504882813,,,,,,,,90077.0,2441.0,-146.0,524.0,-533721596.0,444.0,67.0,-16.0,-144.0,8.0,9867.0
1052,90092.0,48708.0,57364.0,56206.0,53350.0,90090.0,3.214663028717041,,,,,,,,3.740193376099014,0.035183853645716676,,15.236986875534058,,0.9038557739257812,-0.31204025268554686,0.5572440795898438,,,,,,,,90087.0,2446.0,-145.0,524.0,-533722620.0,445.0,68.0,-16.0,-77.0,98.0,9767.0
1053,90102.0,47141.0,57435.0,57100.0,53423.0,90100.0,3.214663028717041,,,,,,,,3.745215165657636,0.035565158217837206,,15.248725652694702,,0.9070616455078125,-0.31176861572265624,0.557380859375,,,,,,,,90097.0,2448.0,-145.0,524.0,-533722620.0,442.0,68.0,-15.0,-153.0,86.0,9735.0
1054,90112.0,48058.0,57511.0,56764.0,53046.0,90110.0,3.214663028717041,,,,,,,,3.7502359702454786,0.0359433685013939,,15.262267589569092,,0.9126067504882812,-0.31143228149414065,0.5570888061523438,,,,,,,,90107.0,2451.0,-144.0,524.0,-533722620.0,441.0,69.0,-16.0,-103.0,-58.0,9813.0
1055,90122.0,48178.0,57299.0,56573.0,53510.0,90120.0,3.214663028717041,,,,,,,,3.755255797037316,0.03631848582532851,,15.274648427963257,,0.915978515625,-0.31128640747070313,0.5569777221679687,,,,,,,,90117.0,2459.0,-144.0,523.0,-533722620.0,448.0,69.0,-16.0,-196.0,45.0,9895.0
1056,90132.0,48478.0,57439.0,56484.0,53099.0,90130.0,3.214663028717041,,,,,,,,3.7602746519807213,0.036690507730559555,,15.286608219146729,,0.9210989379882812,-0.3108599853515625,0.5571806640625,,,,,,,,90127.0,2463.0,-143.0,523.0,-533723644.0,446.0,70.0,-15.0,-179.0,54.0,9795.0
1057,90142.0,47379.0,57874.0,57015.0,52721.0,90140.0,3.214663028717041,,,,,,,,3.7652925399123185,0.03705942877521569,,15.298552751541138,,0.924473388671875,-0.31071990966796875,0.556892333984375,,,,,,,,90137.0,2465.0,-142.0,523.0,-533723644.0,442.0,72.0,-14.0,-254.0,-89.0,9766.0
1058,90152.0,48942.0,57779.0,56244.0,52568.0,90150.0,3.214663028717041,,,,,,,,3.7703094647661852,0.03742524158468204,,15.31121277809143,,0.9299254760742187,-0.31039779663085937,0.5569175415039063,,,,,,,,90147.0,2465.0,-142.0,523.0,-533724668.0,436.0,72.0,-15.0,-217.0,60.0,9810.0
1059,90162.0,49758.0,56452.0,55748.0,54169.0,90160.0,3.214663028717041,,,,,,,,3.7753254298535674,0.037787938048203545,,15.32372498512268,,0.933416259765625,-0.3100516357421875,0.55713916015625,,,,,,,,90157.0,2475.0,-140.0,523.0,-533200380.0,445.0,75.0,-15.0,-251.0,154.0,9836.0
1060,90172.0,49812.0,56029.0,55656.0,54692.0,90170.0,3.214663028717041,,,,,,,,3.780340438187517,0.03814751055395293,,15.335983514785767,,0.9370556640625,-0.3097305603027344,0.5570615234375,,,,,,,,90167.0,2482.0,-137.0,524.0,-533200380.0,448.0,78.0,-7.0,-144.0,33.0,9803.0
1061,90182.0,49031.0,56360.0,55833.0,54100.0,90180.0,3.214663028717041,,,,,,,,3.7853544928229534,0.03850395315429053,,15.347862005233765,,0.9423275146484374,-0.30953695678710935,0.556893798828125,,,,,,,,90177.0,2485.0,-138.0,524.0,-533724669.0,446.0,77.0,-7.0,-199.0,-149.0,9783.0
1062,90192.0,48704.0,56108.0,56232.0,54234.0,90190.0,3.214663028717041,,,,,,,,3.7903675971821906,0.038857262562153015,,15.360433101654053,,0.9456632080078125,-0.309267822265625,0.5567024536132813,,,,,,,,90187.0,2488.0,-138.0,524.0,-533724669.0,444.0,76.0,-7.0,-203.0,-138.0,9940.0
1063,90202.0,48532.0,56072.0,56122.0,54474.0,90200.0,3.214663028717041,,,,,,,,3.7953797553381285,0.039207438897035665,,15.372564792633057,,0.9509274291992188,-0.30879519653320314,0.5569404907226563,,,,,,,,90197.0,2493.0,-136.0,524.0,-533723645.0,445.0,80.0,-6.0,-91.0,-57.0,9828.0
1064,90212.0,48230.0,56331.0,56451.0,54001.0,90210.0,3.214663028717041,,,,,,,,3.800390972231797,0.039554486123116225,,15.384825706481934,,0.9562420654296875,-0.3082507019042969,0.5568516235351563,,,,,,,,90207.0,2500.0,-136.0,524.0,-533723645.0,450.0,79.0,-6.0,-92.0,-11.0,9867.0
1065,90222.0,48939.0,56181.0,55834.0,54347.0,90220.0,3.214663028717041,,,,,,,,3.8054012538073367,0.039898412150428816,,15.396953105926514,,0.959733642578125,-0.30796588134765623,0.5568325805664063,,,,,,,,90217.0,2504.0,-136.0,524.0,-534771197.0,449.0,78.0,-6.0,-64.0,-22.0,9908.0
1066,90232.0,49493.0,56609.0,55524.0,53663.0,90230.0,3.214663028717041,,,,,,,,3.8104106070551533,0.040239228600051066,,15.409621477127075,,0.9649346313476562,-0.30773370361328123,0.5567889404296875,,,,,,,,90227.0,2508.0,-134.0,524.0,-533722621.0,448.0,79.0,-5.0,-176.0,101.0,9824.0
1067,90242.0,49128.0,57205.0,55684.0,52990.0,90240.0,3.214663028717041,,,,,,,,3.8154190399622174,0.040576950263362214,,15.421725273132324,,0.9686002197265625,-0.3074558410644531,0.556822998046875,,,,,,,,90237.0,2509.0,-133.0,524.0,-533721597.0,443.0,81.0,-4.0,-168.0,52.0,9771.0
1068,90252.0,49796.0,56763.0,55214.0,53157.0,90250.0,3.2199416160583496,,,,,,,,3.8204265613765664,0.04091159431107066,,15.433763027191162,,0.9738304443359375,-0.307025634765625,0.5567442016601563,,,,,,,,90247.0,2513.0,-131.0,524.0,-533721597.0,443.0,85.0,-4.0,-36.0,-101.0,9936.0
1069,90262.0,50009.0,56936.0,55384.0,53280.0,90260.0,3.2199416160583496,,,,,,,,3.8254331808002897,0.041243179327774174,,15.445862054824829,,0.977388671875,-0.3067710266113281,0.55675732421875,,,,,,,,90257.0,2521.0,-128.0,522.0,-533721597.0,451.0,88.0,-12.0,-117.0,60.0,9910.0
1070,90272.0,48841.0,57592.0,56055.0,52566.0,90270.0,3.2199416160583496,,,,,,,,3.830438908131045,0.0415717242607289,,15.457781076431274,,0.9807101440429687,-0.306283447265625,0.5568157348632813,,,,,,,,90267.0,2525.0,-128.0,522.0,-533721597.0,450.0,87.0,-11.0,-35.0,-23.0,9708.0
1071,90282.0,48857.0,57341.0,56107.0,52896.0,90280.0,3.2199416160583496,,,,,,,,3.8354437533760293,0.04189724737635245,,15.470816850662231,,0.986204345703125,-0.30597988891601563,0.5567647094726562,,,,,,,,90277.0,2527.0,-129.0,522.0,-534770173.0,447.0,85.0,-12.0,-103.0,6.0,9800.0
1072,90292.0,47746.0,58139.0,56958.0,52083.0,90290.0,3.214663028717041,,,,,,,,3.840447726363992,0.042219765314588154,,15.483415365219116,,0.99157373046875,-0.3054826354980469,0.55684521484375,,,,,,,,90287.0,2529.0,-129.0,522.0,-534771197.0,443.0,85.0,-12.0,-88.0,-65.0,9900.0
1073,90302.0,49787.0,57706.0,55683.0,52516.0,90300.0,3.214663028717041,,,,,,,,3.8454508364802913,0.042539292320146214,,15.495077133178711,,0.9950460815429687,-0.3051508483886719,0.5568414916992187,,,,,,,,90297.0,2539.0,-127.0,523.0,-535819773.0,453.0,86.0,-3.0,-182.0,47.0,9724.0
1074,90312.0,49237.0,57692.0,55559.0,52425.0,90310.0,3.214663028717041,,,,,,,,3.8504530924472498,0.04285583971200101,,15.506999254226685,,1.000534423828125,-0.30480917358398435,0.5569788818359375,,,,,,,,90307.0,2543.0,-126.0,523.0,-536868349.0,453.0,86.0,-4.0,-127.0,-186.0,9810.0
1075,90322.0,49851.0,57519.0,55234.0,52487.0,90320.0,3.214663028717041,,,,,,,,3.855454502167477,0.04316941563008291,,15.519557237625122,,1.0040027465820311,-0.3045305480957031,0.5569319458007812,,,,,,,,90317.0,2544.0,-128.0,523.0,-1073740286.0,447.0,83.0,-4.0,-131.0,-94.0,9840.0
1076,90332.0,48839.0,57493.0,55726.0,52415.0,90330.0,3.2199416160583496,,,,,,,,3.8604550726418405,0.0434800250729403,,15.531884908676147,,1.0094044189453124,-0.3041656494140625,0.5570079345703125,,,,,,,,90327.0,2549.0,-127.0,523.0,-1072691710.0,448.0,83.0,-3.0,-322.0,-54.0,9912.0
1077,90342.0,50040.0,55838.0,54839.0,54262.0,90340.0,3.2199416160583496,,,,,,,,3.8654548099669523,0.04378767021452616,,15.543853759765625,,1.0130459594726562,-0.30403250122070313,0.5572550659179687,,,,,,,,90337.0,2555.0,-127.0,523.0,-1071643134.0,451.0,81.0,-1.0,-153.0,-134.0,9688.0
1078,90352.0,48414.0,57827.0,56010.0,51843.0,90350.0,3.2199416160583496,,,,,,,,3.8704537194099977,0.04409235096441544,,15.555701732635498,,1.0180088500976563,-0.3032593078613281,0.5571189575195312,,,,,,,,90347.0,2561.0,-126.0,523.0,-1070594558.0,455.0,81.0,-1.0,-254.0,-290.0,9814.0
1079,90362.0,49339.0,55759.0,55441.0,54289.0,90360.0,3.2199416160583496,,,,,,,,3.875451805552096,0.04439406571570115,,15.568528413772583,,1.0218302612304688,-0.3032761840820313,0.55696240234375,,,,,,,,90357.0,2563.0,-125.0,523.0,-1070594558.0,450.0,80.0,-2.0,-201.0,-149.0,9781.0
1080,90372.0,47636.0,57395.0,56629.0,52336.0,90370.0,3.2199416160583496,,,,,,,,3.8804490724857055,0.044692812210176514,,15.581181287765503,,1.0271949462890626,-0.3029853515625,0.5570551147460937,,,,,,,,90367.0,2570.0,-123.0,523.0,-1070594558.0,454.0,82.0,-2.0,-215.0,-153.0,9658.0
1081,90382.0,49694.0,56604.0,55420.0,53075.0,90380.0,3.2199416160583496,,,,,,,,3.885445524047332,0.04498858844229798,,15.593201637268066,,1.0309686279296875,-0.30289089965820315,0.557107177734375,,,,,,,,90377.0,2573.0,-123.0,523.0,-1069545982.0,452.0,79.0,-3.0,-149.0,-248.0,9663.0
1082,90392.0,48296.0,56022.0,56415.0,53827.0,90390.0,3.2199416160583496,,,,,,,,3.890441164064303,0.04528139352235311,,15.605350971221924,,1.0362257080078126,-0.30222235107421874,0.5569639282226563,,,,,,,,90387.0,2579.0,-122.0,523.0,-1070594558.0,455.0,78.0,-3.0,-65.0,-180.0,9720.0
1083,90402.0,47806.0,56795.0,56861.0,52768.0,90400.0,3.2199416160583496,,,,,,,,3.895435996593777,0.04557122842511517,,15.61737871170044,,1.03973876953125,-0.3020638122558594,0.5570194091796875,,,,,,,,90397.0,2581.0,-120.0,523.0,-1070594558.0,450.0,79.0,-4.0,-117.0,-55.0,9800.0
1084,90412.0,49008.0,56589.0,56181.0,52930.0,90410.0,3.2199416160583496,,,,,,,,3.9004300261334848,0.045858096562342646,,15.629313468933105,,1.0451409912109375,-0.30176602172851563,0.5570034790039062,,,,,,,,90407.0,2584.0,-118.0,523.0,-1070594558.0,449.0,81.0,-4.0,-153.0,-79.0,9708.0
1085,90422.0,48556.0,56749.0,56281.0,52573.0,90420.0,3.225220203399658,,,,,,,,3.9054232577867714,0.046142004134549,,15.64254903793335,,1.0484185791015626,-0.30168618774414063,0.5567543334960937,,,,,,,,90417.0,2588.0,-117.0,523.0,-1071643134.0,448.0,80.0,-5.0,-179.0,-192.0,9780.0
1086,90432.0,49450.0,56095.0,55923.0,53415.0,90430.0,3.2199416160583496,,,,,,,,3.910415697368964,0.04642296023790099,,15.654697179794312,,1.0541175537109375,-0.3011766052246094,0.5568903198242188,,,,,,,,90427.0,2593.0,-116.0,523.0,-1071643135.0,448.0,79.0,-5.0,-221.0,-133.0,9896.0
1087,90442.0,46904.0,56731.0,57382.0,52500.0,90440.0,3.225220203399658,,,,,,,,3.915407351447591,0.04670097672403289,,15.666800498962402,,1.0578306884765625,-0.30092510986328125,0.5569822998046875,,,,,,,,90437.0,2600.0,-116.0,523.0,-1072692735.0,453.0,78.0,-5.0,-178.0,-112.0,9718.0
1088,90452.0,49223.0,56296.0,56051.0,53312.0,90450.0,3.2199416160583496,,,,,,,,3.92039822731492,0.046976067832045484,,15.679935932159424,,1.0630477294921874,-0.30077664184570313,0.556910888671875,,,,,,,,90447.0,2601.0,-116.0,523.0,-1072168447.0,447.0,77.0,-5.0,-262.0,-155.0,9722.0
1089,90462.0,47369.0,57356.0,57274.0,51948.0,90460.0,3.2199416160583496,,,,,,,,3.9253883328971875,0.04724824963114346,,15.692102909088135,,1.06665966796875,-0.30048565673828126,0.5567830810546875,,,,,,,,90457.0,2611.0,-115.0,523.0,-1072168447.0,456.0,76.0,-7.0,-206.0,-212.0,9772.0
1090,90472.0,48070.0,57175.0,57039.0,52060.0,90470.0,3.2199416160583496,,,,,,,,3.930377676610275,0.0475175393276565,,15.704370021820068,,1.0721536865234376,-0.30020880126953126,0.5568954467773437,,,,,,,,90467.0,2613.0,-114.0,523.0,-1072167423.0,452.0,77.0,-7.0,-258.0,-19.0,9656.0
1091,90482.0,49627.0,57204.0,55824.0,52374.0,90480.0,3.2199416160583496,,,,,,,,3.9353662671759073,0.04778395450037707,,15.71736454963684,,1.0756278076171875,-0.30012677001953125,0.5567840576171875,,,,,,,,90477.0,2615.0,-113.0,523.0,-1072167424.0,448.0,77.0,-8.0,-249.0,-70.0,9597.0
1092,90492.0,51124.0,55128.0,54927.0,54605.0,90490.0,3.2199416160583496,,,,,,,,3.940354113415474,0.04804751233249639,,15.730189085006714,,1.080970458984375,-0.2998901062011719,0.556596435546875,,,,,,,,90487.0,2621.0,-113.0,523.0,-1072167424.0,450.0,75.0,-11.0,-147.0,-64.0,9702.0
1093,90502.0,48729.0,57233.0,56431.0,52488.0,90500.0,3.2199416160583496,,,,,,,,3.9453412240399923,0.04830822890672322,,15.742374897003174,,1.084721923828125,-0.2997702026367188,0.5567379760742187,,,,,,,,90497.0,2630.0,-111.0,522.0,-1072167424.0,457.0,78.0,-12.0,-295.0,-55.0,9791.0
1094,90512.0,48969.0,57933.0,56433.0,51938.0,90510.0,3.214663028717041,,,,,,,,3.950327607454516,0.04856611862275174,,15.7545166015625,,1.089887451171875,-0.2990816955566406,0.5562140502929688,,,,,,,,90507.0,2632.0,-111.0,522.0,-1072167936.0,454.0,75.0,-12.0,-278.0,-49.0,9656.0
1095,90522.0,50273.0,57045.0,55542.0,53162.0,90520.0,3.214663028717041,,,,,,,,3.955313271593499,0.04882119378391401,,15.766436576843262,,1.0936829833984374,-0.29926907348632814,0.5563040771484375,,,,,,,,90517.0,2635.0,-112.0,522.0,-1071119360.0,451.0,73.0,-15.0,-254.0,-169.0,9725.0
1096,90532.0,51795.0,56250.0,54421.0,54026.0,90530.0,3.214663028717041,,,,,,,,3.9602982238004407,0.049073464383822485,,15.779198408126831,,1.0990908203125,-0.299055908203125,0.5565364990234375,,,,,,,,90527.0,2642.0,-110.0,522.0,-1071119360.0,454.0,74.0,-16.0,-202.0,-170.0,9763.0
1097,90542.0,50855.0,56420.0,55262.0,53828.0,90540.0,3.214663028717041,,,,,,,,3.9652824707609104,0.049322938105574934,,15.792027711868286,,1.1026077880859375,-0.298946533203125,0.556384765625,,,,,,,,90537.0,2648.0,-109.0,522.0,-1071119360.0,456.0,74.0,-16.0,-138.0,-48.0,9740.0
1098,90552.0,48365.0,57358.0,57294.0,52799.0,90550.0,3.214663028717041,,,,,,,,3.970266018493149,0.049569620527303855,,15.805184841156006,,1.1078587646484375,-0.2988935546875,0.5564363403320313,,,,,,,,90547.0,2652.0,-109.0,521.0,-1071119360.0,455.0,72.0,-17.0,-296.0,-96.0,9731.0
1099,90562.0,48253.0,57870.0,57554.0,51887.0,90560.0,3.214663028717041,,,,,,,,3.9752488723953263,0.04981351551014865,,15.819762945175171,,1.111388671875,-0.2985544738769531,0.556087890625,,,,,,,,90557.0,2654.0,-108.0,521.0,-1071119360.0,451.0,73.0,-22.0,-184.0,-201.0,9768.0
1100,90572.0,50345.0,55878.0,56036.0,54562.0,90570.0,3.214663028717041,,,,,,,,3.9802310373436596,0.050054625729615394,,15.832319259643555,,1.1169232177734374,-0.29854922485351565,0.5561082763671875,,,,,,,,90567.0,2656.0,-107.0,520.0,-1072167935.0,445.0,72.0,-22.0,-145.0,-188.0,9811.0
1101,90582.0,49247.0,57133.0,56922.0,52980.0,90580.0,3.214663028717041,,,,,,,,3.9852125178313456,0.05029295329999964,,15.844932556152344,,1.1204146728515625,-0.2983320007324219,0.55586962890625,,,,,,,,90577.0,2667.0,-106.0,520.0,-1072167935.0,457.0,73.0,-23.0,-280.0,-9.0,9826.0
1102,90592.0,47782.0,57168.0,57734.0,53125.0,90590.0,3.214663028717041,,,,,,,,3.990193318135046,0.05052850043494947,,15.858263731002808,,1.12553369140625,-0.2981307373046875,0.5558748168945312,,,,,,,,90587.0,2671.0,-106.0,520.0,-1072167935.0,457.0,72.0,-23.0,-160.0,-191.0,9731.0
1103,90602.0,47631.0,57744.0,57904.0,52304.0,90600.0,3.214663028717041,,,,,,,,3.99517344249365,0.0507612700857747,,15.878226518630981,,1.129229736328125,-0.2980108642578125,0.5555383911132813,,,,,,,,90597.0,2672.0,-105.0,520.0,-1072166911.0,450.0,71.0,-23.0,-330.0,-191.0,9810.0
1104,90612.0,50033.0,56621.0,56136.0,53992.0,90610.0,3.214663028717041,,,,,,,,4.000152895283441,0.05099126650274044,,15.899704217910767,,1.1330338134765625,-0.2978335876464844,0.5556268920898437,,,,,,,,90607.0,2673.0,-105.0,519.0,-1072166911.0,444.0,70.0,-23.0,-249.0,-24.0,9866.0
1105,90622.0,49882.0,57733.0,56637.0,52559.0,90620.0,3.2093844413757324,,,,,,,,4.00513168117458,0.05121849567285682,,15.913450241088867,,1.13823779296875,-0.29784207153320313,0.5553517456054687,,,,,,,,90617.0,2685.0,-103.0,519.0,-1073215487.0,455.0,72.0,-23.0,-198.0,-91.0,9702.0
1106,90632.0,50065.0,57835.0,56388.0,52189.0,90630.0,3.214663028717041,,,,,,,,4.010109805255889,0.05144296559973792,,15.925928592681885,,1.14178466796875,-0.2977229309082031,0.5552998046875,,,,,,,,90627.0,2686.0,-103.0,519.0,-1073215487.0,450.0,71.0,-23.0,-208.0,-166.0,9913.0
1107,90642.0,48985.0,57867.0,57176.0,52283.0,90640.0,3.214663028717041,,,,,,,,4.015087273118044,0.05166468640579645,,15.937803268432617,,1.146956787109375,-0.2973399963378906,0.5550330200195313,,,,,,,,90637.0,2689.0,-102.0,518.0,-1073214463.0,445.0,70.0,-26.0,-309.0,-50.0,9891.0
1108,90652.0,50712.0,56723.0,56090.0,53675.0,90650.0,3.214663028717041,,,,,,,,4.020064090889207,0.051883670253016434,,15.95032811164856,,1.152332763671875,-0.29741644287109376,0.5548839721679687,,,,,,,,90647.0,2691.0,-101.0,518.0,-1073214463.0,441.0,71.0,-25.0,-300.0,39.0,9787.0
1109,90662.0,50391.0,56213.0,56301.0,54364.0,90660.0,3.214663028717041,,,,,,,,4.0250402652214,0.05209993109438067,,15.963299751281738,,1.1559322509765626,-0.297354736328125,0.5549310302734375,,,,,,,,90657.0,2696.0,-100.0,518.0,-1073214462.0,441.0,72.0,-25.0,-357.0,-146.0,9779.0
1110,90672.0,50460.0,57684.0,56438.0,52720.0,90670.0,3.2093844413757324,,,,,,,,4.030015803230274,0.05231348428235676,,15.975940942764282,,1.1594505615234374,-0.2972619323730469,0.554846923828125,,,,,,,,90667.0,2705.0,-99.0,517.0,-1073214462.0,448.0,72.0,-25.0,-274.0,-74.0,9856.0
1111,90682.0,49110.0,57632.0,57071.0,52476.0,90680.0,3.2093844413757324,,,,,,,,4.034990712394861,0.052524346072465,,15.989304065704346,,1.164806396484375,-0.2968034362792969,0.55469970703125,,,,,,,,90677.0,2709.0,-99.0,517.0,-1073214462.0,446.0,71.0,-25.0,-291.0,-122.0,9845.0
1112,90692.0,49486.0,56312.0,56834.0,54130.0,90690.0,3.2093844413757324,,,,,,,,4.039965000427192,0.05273253306793672,,16.001298666000366,,1.17366162109375,-0.2969002075195312,0.554699951171875,,,,,,,,90687.0,2710.0,-99.0,518.0,-1073214462.0,440.0,69.0,-17.0,-166.0,-72.0,9795.0
1113,90702.0,50201.0,55528.0,56024.0,55331.0,90700.0,3.2093844413757324,,,,,,,,4.044938675123956,0.05293806165523612,,16.013846158981323,,1.17709375,-0.29674639892578125,0.554494384765625,,,,,,,,90697.0,2714.0,-98.0,518.0,-1072165886.0,439.0,70.0,-17.0,-364.0,-227.0,9918.0
1114,90712.0,49613.0,57224.0,56475.0,52898.0,90710.0,3.214663028717041,,,,,,,,4.049911744213591,0.05314094747955882,,16.026954412460327,,1.179041748046875,-0.29663619995117185,0.5545640869140624,,,,,,,,90707.0,2724.0,-97.0,518.0,-1072165886.0,446.0,70.0,-17.0,-204.0,-76.0,9908.0
1115,90722.0,49287.0,57906.0,56845.0,52209.0,90720.0,3.2093844413757324,,,,,,,,4.054884215212182,0.053341205004523065,,16.039599895477295,,1.1819888916015624,-0.2961332092285156,0.5543432006835938,,,,,,,,90717.0,2727.0,-97.0,518.0,-1072165886.0,444.0,69.0,-15.0,-295.0,19.0,9709.0
1116,90732.0,50275.0,56972.0,56034.0,53144.0,90730.0,3.214663028717041,,,,,,,,4.059856095300383,0.05353884719168246,,16.052050828933716,,1.185578857421875,-0.2962711486816406,0.5542150268554688,,,,,,,,90727.0,2729.0,-97.0,518.0,-1073214462.0,439.0,68.0,-13.0,-247.0,-144.0,9772.0
1117,90742.0,51230.0,56915.0,55415.0,53045.0,90740.0,3.214663028717041,,,,,,,,4.064827391231389,0.05373388532406445,,16.06502652168274,,1.19113427734375,-0.2964291076660156,0.554213134765625,,,,,,,,90737.0,2733.0,-96.0,518.0,-1073215486.0,437.0,67.0,-15.0,-250.0,-63.0,9916.0
1118,90752.0,50787.0,55457.0,55675.0,54786.0,90750.0,3.214663028717041,,,,,,,,4.069798109276997,0.05392632898474935,,16.07695484161377,,1.1963489990234375,-0.2963730773925781,0.5540936279296875,,,,,,,,90747.0,2737.0,-96.0,518.0,-1073214462.0,435.0,66.0,-14.0,-175.0,-69.0,9913.0
1119,90762.0,49493.0,57677.0,56680.0,52028.0,90760.0,3.214663028717041,,,,,,,,4.074768255215285,0.054116186187745455,,16.090213775634766,,1.1994442138671875,-0.295889892578125,0.5538865356445313,,,,,,,,90757.0,2747.0,-94.0,518.0,-1073215486.0,444.0,69.0,-13.0,-240.0,7.0,9848.0
1120,90772.0,48112.0,58170.0,57602.0,51486.0,90770.0,3.214663028717041,,,,,,,,4.0797378343597215,0.054303463645295855,,16.102683305740356,,1.20497265625,-0.29586215209960937,0.5538123168945313,,,,,,,,90767.0,2748.0,-94.0,517.0,-1073214462.0,438.0,68.0,-15.0,-198.0,-73.0,9792.0
1121,90782.0,49008.0,55792.0,57133.0,54363.0,90780.0,3.214663028717041,,,,,,,,4.0847068516259295,0.05448816714438984,,16.115307331085205,,1.208540771484375,-0.2960978088378906,0.5538400268554687,,,,,,,,90777.0,2749.0,-94.0,517.0,-1073214462.0,432.0,66.0,-15.0,-342.0,-43.0,9985.0
1122,90792.0,49705.0,56507.0,56313.0,53916.0,90790.0,3.214663028717041,,,,,,,,4.089675311629198,0.054670301996581586,,16.12747621536255,,1.2119742431640625,-0.2960892333984375,0.553806640625,,,,,,,,90787.0,2755.0,-91.0,517.0,-1073214462.0,434.0,70.0,-14.0,-283.0,-59.0,9811.0
1123,90802.0,48517.0,57399.0,57446.0,52519.0,90800.0,3.214663028717041,,,,,,,,4.09464321880334,0.05484987351991169,,16.140596389770508,,1.21685400390625,-0.2957229309082031,0.5538731079101562,,,,,,,,90797.0,2765.0,-91.0,517.0,-1073214461.0,443.0,69.0,-13.0,-236.0,-45.0,9570.0
1124,90812.0,48578.0,58419.0,57102.0,50633.0,90810.0,3.214663028717041,,,,,,,,4.099610577529968,0.055026887510147185,,16.153172969818115,,1.2223223876953124,-0.29557354736328123,0.5534335327148437,,,,,,,,90807.0,2767.0,-91.0,516.0,-1073214461.0,438.0,68.0,-15.0,-251.0,-106.0,9824.0
1125,90822.0,50204.0,56258.0,56014.0,53473.0,90820.0,3.214663028717041,,,,,,,,4.104577392266639,0.05520135066072999,,16.165622234344482,,1.225735107421875,-0.29588916015625,0.5537150268554687,,,,,,,,90817.0,2767.0,-92.0,518.0,-1073213437.0,429.0,65.0,-7.0,-309.0,-11.0,9981.0
1126,90832.0,51501.0,56026.0,55046.0,53641.0,90830.0,3.214663028717041,,,,,,,,4.109543667662807,0.05537327089645421,,16.177775621414185,,1.2291781005859375,-0.295761962890625,0.5535864868164062,,,,,,,,90827.0,2773.0,-90.0,518.0,-1073213437.0,431.0,67.0,-5.0,-285.0,-53.0,9844.0
1127,90842.0,50772.0,56567.0,55687.0,52947.0,90840.0,3.214663028717041,,,,,,,,4.114509408653879,0.05554265759439165,,16.19041681289673,,1.2343973388671876,-0.2956920166015625,0.5534403076171875,,,,,,,,90837.0,2779.0,-90.0,518.0,-536342525.0,433.0,66.0,-5.0,-261.0,-140.0,9809.0
1128,90852.0,49905.0,57333.0,56133.0,51815.0,90850.0,3.214663028717041,,,,,,,,4.119474620525852,0.05570952167613009,,16.20360040664673,,1.2372471923828126,-0.29519119262695315,0.553587890625,,,,,,,,90847.0,2785.0,-90.0,518.0,-536342525.0,436.0,65.0,-5.0,-236.0,-93.0,9895.0
1129,90862.0,48533.0,56894.0,56940.0,52512.0,90860.0,3.214663028717041,,,,,,,,4.124439308945829,0.05587387556700883,,16.2158203125,,1.2429571533203125,-0.29564056396484373,0.553427001953125,,,,,,,,90857.0,2787.0,-90.0,518.0,-536342525.0,430.0,64.0,0.0,-378.0,-120.0,9957.0
1130,90872.0,50335.0,56029.0,55742.0,53509.0,90870.0,3.214663028717041,,,,,,,,4.129403479956744,0.056035733029690143,,16.228044986724854,,1.2463238525390625,-0.2955551452636719,0.5532161865234375,,,,,,,,90867.0,2789.0,-88.0,518.0,-536342525.0,426.0,67.0,0.0,-171.0,-82.0,9692.0
1131,90882.0,48652.0,56815.0,56501.0,52762.0,90880.0,3.2199416160583496,,,,,,,,4.134367139937846,0.05619510889008397,,16.24092721939087,,1.2512899169921874,-0.2954914245605469,0.5532020874023438,,,,,,,,90877.0,2797.0,-88.0,518.0,-536342525.0,431.0,66.0,0.0,-353.0,-190.0,9802.0
1132,90892.0,49450.0,57418.0,56109.0,51675.0,90890.0,3.2199416160583496,,,,,,,,4.139330295535358,0.05635201868244834,,16.253466606140137,,1.2565235595703126,-0.29532345581054686,0.5533599243164062,,,,,,,,90887.0,2801.0,-88.0,518.0,-536343549.0,430.0,64.0,-1.0,-232.0,-52.0,9840.0
1133,90902.0,49388.0,56622.0,56284.0,52948.0,90900.0,3.2199416160583496,,,,,,,,4.1442929535702095,0.05650647824671169,,16.265455961227417,,1.2599595947265625,-0.2952618713378906,0.5532859497070313,,,,,,,,90897.0,2806.0,-88.0,518.0,-536343549.0,429.0,64.0,-4.0,-270.0,-69.0,9733.0
1134,90912.0,49226.0,57015.0,56461.0,52371.0,90910.0,3.2199416160583496,,,,,,,,4.1492551209315245,0.056658503314240896,,16.277302503585815,,1.264883544921875,-0.2954029846191406,0.553192138671875,,,,,,,,90907.0,2810.0,-86.0,518.0,-536343549.0,427.0,65.0,-4.0,-243.0,-170.0,9872.0
1135,90922.0,48921.0,56619.0,56686.0,52812.0,90920.0,3.2199416160583496,,,,,,,,4.1492551209315245,0.056658503314240896,,19.28766965866089,,1.268458740234375,-0.29514703369140627,0.5532020874023438,,,,,,,,90917.0,2812.0,-86.0,518.0,-536343549.0,424.0,64.0,-4.0,-288.0,-18.0,9889.0
1136,90932.0,49441.0,56858.0,56282.0,52552.0,90930.0,3.2199416160583496,,,,,,,,,,,,,1.273448974609375,-0.29490386962890625,0.5532920532226563,,,,,,,,90927.0,2817.0,-84.0,518.0,-536343549.0,424.0,66.0,-4.0,-282.0,-4.0,9809.0
1137,90942.0,49908.0,56731.0,56021.0,52674.0,90940.0,3.214663028717041,,,,,,,,,,,,,1.2764818115234375,-0.294768310546875,0.5528795776367188,,,,,,,,90937.0,2824.0,-84.0,517.0,-536343549.0,427.0,65.0,-3.0,-253.0,27.0,9695.0
1138,90952.0,48454.0,56912.0,56855.0,52333.0,90950.0,3.2199416160583496,,,,,,,,,,,,,1.28163671875,-0.2951910400390625,0.552901123046875,,,,,,,,90947.0,2826.0,-84.0,518.0,-536343549.0,423.0,64.0,0.0,-319.0,-81.0,9736.0
1139,90962.0,49195.0,56732.0,56395.0,52902.0,90960.0,3.214663028717041,,,,,,,,,,,,,1.2850908203125,-0.2951356506347656,0.5529740600585937,,,,,,,,90957.0,2830.0,-84.0,518.0,-536343549.0,422.0,63.0,-1.0,-278.0,-12.0,9777.0
1140,90972.0,48613.0,57720.0,56777.0,51601.0,90970.0,3.214663028717041,,,,,,,,,,,,,1.28842724609375,-0.29492385864257814,0.5530086669921875,,,,,,,,90967.0,2836.0,-84.0,518.0,-536343549.0,425.0,62.0,-1.0,-225.0,-111.0,9762.0
1141,90982.0,50622.0,57323.0,55531.0,52383.0,90980.0,3.214663028717041,,,,,,,,,,,,,1.29349560546875,-0.29471917724609376,0.5530845947265625,,,,,,,,90977.0,2839.0,-83.0,518.0,-536343549.0,421.0,63.0,-1.0,-310.0,-189.0,9928.0
1142,90992.0,50924.0,57533.0,55338.0,51959.0,90990.0,3.214663028717041,,,,,,,,,,,,,1.298496826171875,-0.29498446655273436,0.5529124145507812,,,,,,,,90987.0,2843.0,-83.0,517.0,-536343549.0,420.0,62.0,-6.0,-268.0,-60.0,9897.0
1143,91002.0,50529.0,56980.0,55652.0,52736.0,91000.0,3.214663028717041,,,,,,,,,,,,,1.3017943115234376,-0.2949349365234375,0.5527636108398437,,,,,,,,90997.0,2849.0,-83.0,517.0,-536343549.0,421.0,61.0,-5.0,-206.0,-51.0,9738.0
1144,91012.0,51900.0,56062.0,54740.0,54011.0,91010.0,3.2093844413757324,,,,,,,,,,,,,1.3067073974609376,-0.29472705078125,0.5525961303710938,,,,,,,,91007.0,2853.0,-82.0,517.0,-536343549.0,420.0,62.0,-6.0,-215.0,-49.0,9814.0
1145,91022.0,50410.0,56384.0,55727.0,53882.0,91020.0,3.2093844413757324,,,,,,,,,,,,,1.3100654296875,-0.2948106994628906,0.5525916748046875,,,,,,,,91017.0,2857.0,-82.0,517.0,-1073215485.0,420.0,61.0,-6.0,-237.0,-29.0,9895.0
1146,91032.0,50206.0,56729.0,56079.0,53452.0,91030.0,3.2093844413757324,,,,,,,,,,,,,1.315045166015625,-0.2948983459472656,0.5525158081054687,,,,,,,,91027.0,2864.0,-81.0,516.0,-1073215485.0,424.0,62.0,-8.0,-292.0,36.0,9882.0
1147,91042.0,48491.0,57184.0,56881.0,53357.0,91040.0,3.2093844413757324,,,,,,,,,,,,,1.3184554443359375,-0.29477883911132813,0.5525355834960938,,,,,,,,91037.0,2867.0,-81.0,516.0,-1073215485.0,422.0,61.0,-8.0,-136.0,-196.0,9766.0
1148,91052.0,48143.0,58476.0,57240.0,51329.0,91050.0,3.2093844413757324,,,,,,,,,,,,,1.3232386474609374,-0.29460736083984373,0.5526129760742188,,,,,,,,91047.0,2871.0,-80.0,516.0,-1073216509.0,421.0,60.0,-7.0,-213.0,-68.0,9885.0
1149,91062.0,50384.0,56703.0,55828.0,53501.0,91060.0,3.2093844413757324,,,,,,,,,,,,,1.32660205078125,-0.29468670654296875,0.5524112548828125,,,,,,,,91057.0,2872.0,-81.0,516.0,-1073216509.0,414.0,59.0,-7.0,-190.0,-45.0,9957.0
1150,91072.0,51277.0,55760.0,55111.0,54666.0,91070.0,3.2093844413757324,,,,,,,,,,,,,1.3316019287109375,-0.29467202758789063,0.5524447631835937,,,,,,,,91068.0,2877.0,-79.0,516.0,-536345597.0,416.0,61.0,-6.0,-148.0,-48.0,9783.0
1151,91082.0,49673.0,56981.0,56323.0,52845.0,91080.0,3.214663028717041,,,,,,,,,,,,,1.334972900390625,-0.29460256958007813,0.5524212036132813,,,,,,,,91077.0,2882.0,-78.0,516.0,-536346621.0,418.0,62.0,-6.0,-211.0,-118.0,9918.0
1152,91092.0,48859.0,57577.0,56612.0,52364.0,91090.0,3.214663028717041,,,,,,,,,,,,,1.339864501953125,-0.2946125793457031,0.5524212036132813,,,,,,,,91087.0,2886.0,-77.0,516.0,-536346621.0,416.0,61.0,-6.0,-221.0,-129.0,9842.0
1153,91102.0,50138.0,58156.0,56088.0,51465.0,91100.0,3.2093844413757324,,,,,,,,,,,,,1.3428876953125,-0.2942156677246094,0.5521978759765624,,,,,,,,91097.0,2890.0,-77.0,516.0,-536346621.0,416.0,62.0,-5.0,-221.0,82.0,9716.0
1154,91112.0,50073.0,57186.0,56015.0,53016.0,91110.0,3.214663028717041,,,,,,,,,,,,,1.348203857421875,-0.2945658569335938,0.5524942626953125,,,,,,,,91107.0,2893.0,-79.0,516.0,-536870909.0,415.0,58.0,-5.0,-218.0,-153.0,9727.0
1155,91122.0,49140.0,57212.0,56747.0,52943.0,91120.0,3.214663028717041,,,,,,,,,,,,,1.3515152587890624,-0.2945738525390625,0.5524044189453124,,,,,,,,91117.0,2900.0,-79.0,515.0,-536870909.0,419.0,56.0,-10.0,-190.0,-109.0,9781.0
1156,91132.0,50263.0,57728.0,56083.0,52053.0,91130.0,3.214663028717041,,,,,,,,,,,,,1.3563582763671875,-0.2945905456542969,0.5523447265625,,,,,,,,91127.0,2900.0,-76.0,515.0,-536870909.0,412.0,60.0,-11.0,-158.0,38.0,9883.0
1157,91142.0,49523.0,56377.0,56718.0,54045.0,91140.0,3.2093844413757324,,,,,,,,,,,,,1.3595333251953126,-0.29409442138671876,0.5521830444335938,,,,,,,,91137.0,2902.0,-76.0,515.0,-536870909.0,409.0,59.0,-10.0,-286.0,-75.0,9796.0
1158,91152.0,49766.0,56992.0,56510.0,53325.0,91150.0,3.2093844413757324,,,,,,,,,,,,,1.3648404541015624,-0.2944464111328125,0.5524283447265625,,,,,,,,91147.0,2906.0,-73.0,514.0,-535822333.0,409.0,63.0,-10.0,-230.0,-97.0,9949.0
1159,91162.0,49919.0,57180.0,55846.0,52691.0,91160.0,3.2093844413757324,,,,,,,,,,,,,1.36650927734375,-0.2945179748535156,0.5523648681640625,,,,,,,,91157.0,2913.0,-74.0,516.0,-535822333.0,413.0,61.0,1.0,-216.0,-75.0,9912.0
1160,91172.0,48866.0,57069.0,56719.0,52622.0,91170.0,3.2093844413757324,,,,,,,,,,,,,1.3730726318359374,-0.2944827575683594,0.5523754272460938,,,,,,,,91167.0,2919.0,-76.0,516.0,-535822333.0,417.0,57.0,2.0,-165.0,-64.0,9840.0
1161,91182.0,49048.0,56876.0,56449.0,52632.0,91180.0,3.214663028717041,,,,,,,,,,,,,1.37629638671875,-0.2943498840332031,0.5524011840820312,,,,,,,,91177.0,2921.0,-75.0,516.0,-535822333.0,413.0,57.0,2.0,-119.0,-118.0,9821.0
1162,91192.0,51131.0,56107.0,55037.0,53335.0,91190.0,3.214663028717041,,,,,,,,,,,,,1.381269775390625,-0.2939929504394531,0.5523842163085938,,,,,,,,91187.0,2925.0,-75.0,516.0,-534773757.0,413.0,58.0,3.0,-78.0,-83.0,9894.0
1163,91202.0,50655.0,56337.0,55357.0,53272.0,91200.0,3.214663028717041,,,,,,,,,,,,,1.3847847900390624,-0.29446102905273436,0.5524142456054687,,,,,,,,91197.0,2928.0,-74.0,516.0,-534772733.0,412.0,59.0,1.0,-184.0,193.0,9804.0
1164,91212.0,50530.0,55872.0,55352.0,53572.0,91210.0,3.2199416160583496,,,,,,,,,,,,,1.3896551513671875,-0.294488525390625,0.5522515869140625,,,,,,,,91207.0,2934.0,-73.0,516.0,-534772733.0,414.0,59.0,2.0,-120.0,-61.0,9794.0
1165,91222.0,49399.0,57066.0,56523.0,52160.0,91220.0,3.214663028717041,,,,,,,,,,,,,1.3931131591796875,-0.2941319580078125,0.5525111694335938,,,,,,,,91217.0,2940.0,-73.0,516.0,-534772733.0,418.0,59.0,1.0,-33.0,-89.0,9683.0
1166,91232.0,47599.0,57175.0,57209.0,52260.0,91230.0,3.2199416160583496,,,,,,,,,,,,,1.3964195556640624,-0.29420037841796876,0.5524739379882813,,,,,,,,91227.0,2942.0,-72.0,516.0,-534772733.0,414.0,59.0,0.0,-167.0,-43.0,9867.0
1167,91242.0,48949.0,56778.0,56757.0,52989.0,91240.0,3.2199416160583496,,,,,,,,,,,,,1.4014429931640624,-0.29436175537109377,0.55236279296875,,,,,,,,91237.0,2944.0,-72.0,516.0,-534772733.0,411.0,59.0,0.0,-144.0,-104.0,9773.0
1168,91252.0,50634.0,55892.0,55633.0,53997.0,91250.0,3.2199416160583496,,,,,,,,,,,,,1.40660888671875,-0.2942760009765625,0.5524910278320313,,,,,,,,91247.0,2949.0,-72.0,515.0,-533724157.0,413.0,59.0,-7.0,-77.0,-51.0,9745.0
1169,91262.0,50813.0,56131.0,55500.0,53734.0,91260.0,3.2199416160583496,,,,,,,,,,,,,1.4099847412109374,-0.294143310546875,0.5524849853515625,,,,,,,,91257.0,2956.0,-70.0,515.0,-533723133.0,419.0,61.0,-8.0,-146.0,1.0,9779.0
1170,91272.0,48916.0,56810.0,57286.0,52867.0,91270.0,3.214663028717041,,,,,,,,,,,,,1.414960693359375,-0.29411285400390624,0.5524986572265626,,,,,,,,91267.0,2960.0,-70.0,514.0,-533723133.0,418.0,62.0,-8.0,-220.0,135.0,9646.0
1171,91282.0,48429.0,56946.0,57475.0,52919.0,91280.0,3.214663028717041,,,,,,,,,,,,,1.418362548828125,-0.29411639404296874,0.5524777221679688,,,,,,,,91277.0,2962.0,-69.0,514.0,-533724157.0,414.0,64.0,-10.0,-172.0,-124.0,9803.0
1172,91292.0,50068.0,55271.0,56529.0,54670.0,91290.0,3.214663028717041,,,,,,,,,,,,,1.4234912109375,-0.29409307861328127,0.5524586791992188,,,,,,,,91287.0,2965.0,-68.0,514.0,-533724157.0,414.0,65.0,-10.0,-112.0,-82.0,9744.0
1173,91302.0,48683.0,57526.0,57281.0,52264.0,91300.0,3.214663028717041,,,,,,,,,,,,,1.4268526611328125,-0.293935546875,0.55239013671875,,,,,,,,91297.0,2976.0,-67.0,514.0,-532674557.0,426.0,67.0,-10.0,-172.0,113.0,9737.0
1174,91312.0,48272.0,57374.0,57819.0,52129.0,91310.0,3.214663028717041,,,,,,,,,,,,,1.42998291015625,-0.2935679931640625,0.5524901733398437,,,,,,,,91307.0,2979.0,-67.0,514.0,-532675580.0,423.0,66.0,-11.0,-171.0,71.0,9781.0
1175,91322.0,48636.0,57657.0,57320.0,52175.0,91320.0,3.214663028717041,,,,,,,,,,,,,1.4352994384765625,-0.29388238525390625,0.5523615112304687,,,,,,,,91317.0,2981.0,-67.0,514.0,-532675580.0,420.0,66.0,-12.0,-203.0,-64.0,9730.0
1176,91332.0,51527.0,55571.0,55374.0,54481.0,91330.0,3.214663028717041,,,,,,,,,,,,,1.43863720703125,-0.293764892578125,0.552411865234375,,,,,,,,91327.0,2985.0,-67.0,514.0,-532675580.0,419.0,66.0,-11.0,-166.0,96.0,9816.0
1177,91342.0,51098.0,56740.0,55740.0,53164.0,91340.0,3.214663028717041,,,,,,,,,,,,,1.443816162109375,-0.2935823669433594,0.5522808227539062,,,,,,,,91337.0,2991.0,-66.0,514.0,-532675580.0,424.0,67.0,-11.0,-59.0,96.0,9701.0
1178,91352.0,47692.0,57102.0,58035.0,53147.0,91350.0,3.2093844413757324,,,,,,,,,,,,,1.448819580078125,-0.29348291015625,0.5522982788085937,,,,,,,,91347.0,2997.0,-66.0,514.0,-532675580.0,427.0,68.0,-12.0,-160.0,-79.0,9914.0
1179,91362.0,49049.0,56908.0,57253.0,53286.0,91360.0,3.2093844413757324,,,,,,,,,,,,,1.4523128662109375,-0.2932100219726563,0.5524287719726563,,,,,,,,91357.0,2999.0,-64.0,514.0,-532676604.0,422.0,71.0,-12.0,-190.0,-58.0,9858.0
1180,91372.0,48340.0,57911.0,57507.0,52030.0,91370.0,3.2093844413757324,,,,,,,,,,,,,1.4574273681640626,-0.2932066345214844,0.5523452758789062,,,,,,,,91367.0,3002.0,-64.0,514.0,-532676604.0,421.0,71.0,-11.0,-135.0,39.0,9746.0
1181,91382.0,50674.0,56507.0,56160.0,53557.0,91380.0,3.2093844413757324,,,,,,,,,,,,,1.460816162109375,-0.2931847229003906,0.5522931518554688,,,,,,,,91377.0,3005.0,-64.0,514.0,-532676604.0,419.0,71.0,-9.0,-167.0,-37.0,9850.0
1182,91392.0,51112.0,55583.0,55625.0,54755.0,91390.0,3.2093844413757324,,,,,,,,,,,,,1.4641475830078126,-0.2927015075683594,0.552278076171875,,,,,,,,91387.0,3011.0,-64.0,514.0,-532676604.0,422.0,71.0,-9.0,-158.0,54.0,9887.0
1183,91402.0,50230.0,57501.0,56439.0,52291.0,91400.0,3.2093844413757324,,,,,,,,,,,,,1.469335205078125,-0.29258224487304685,0.5523247680664063,,,,,,,,91397.0,3018.0,-61.0,514.0,-532675580.0,426.0,75.0,-8.0,-210.0,227.0,9745.0
1184,91412.0,50934.0,56833.0,55891.0,53233.0,91410.0,3.2093844413757324,,,,,,,,,,,,,1.4728658447265626,-0.29274252319335936,0.5522507934570312,,,,,,,,91407.0,3019.0,-61.0,514.0,-532675580.0,422.0,75.0,-8.0,-271.0,190.0,9827.0
1185,91422.0,51404.0,57406.0,55327.0,52541.0,91420.0,3.2093844413757324,,,,,,,,,,,,,1.477970458984375,-0.2925887451171875,0.5521122436523438,,,,,,,,91417.0,3023.0,-59.0,514.0,-532675580.0,422.0,78.0,-7.0,-118.0,4.0,9813.0
1186,91432.0,50977.0,56124.0,55763.0,53993.0,91430.0,3.2093844413757324,,,,,,,,,,,,,1.48308251953125,-0.2921177062988281,0.552247802734375,,,,,,,,91427.0,3027.0,-60.0,514.0,-532675580.0,422.0,78.0,-7.0,-108.0,41.0,9957.0
1187,91442.0,49836.0,56635.0,56186.0,53875.0,91440.0,3.2093844413757324,,,,,,,,,,,,,1.486659423828125,-0.2921586608886719,0.5522069702148438,,,,,,,,91437.0,3035.0,-59.0,514.0,-533724156.0,428.0,79.0,-6.0,-67.0,-5.0,9781.0
1188,91452.0,48204.0,57347.0,57400.0,52833.0,91450.0,3.2093844413757324,,,,,,,,,,,,,1.49007421875,-0.29206076049804686,0.5520817260742188,,,,,,,,91447.0,3039.0,-59.0,514.0,-533724156.0,428.0,77.0,-6.0,-249.0,-61.0,9911.0
1189,91462.0,49078.0,57384.0,57005.0,52526.0,91460.0,3.2093844413757324,,,,,,,,,,,,,1.49521240234375,-0.2917784118652344,0.5520709838867187,,,,,,,,91457.0,3041.0,-58.0,514.0,-533724156.0,424.0,78.0,-6.0,-141.0,19.0,9817.0
1190,91472.0,50146.0,57103.0,56217.0,52974.0,91470.0,3.2093844413757324,,,,,,,,,,,,,1.5003709716796876,-0.29155487060546875,0.552075439453125,,,,,,,,91467.0,3042.0,-57.0,514.0,-533724156.0,419.0,80.0,-5.0,-204.0,-1.0,9760.0
1191,91482.0,50889.0,55170.0,55877.0,54984.0,91480.0,3.2093844413757324,,,,,,,,,,,,,1.504034912109375,-0.2910827941894531,0.5522316284179688,,,,,,,,91477.0,3047.0,-57.0,513.0,-534772732.0,421.0,79.0,-5.0,-86.0,-60.0,9796.0
1192,91492.0,48445.0,57420.0,57221.0,52399.0,91490.0,3.214663028717041,,,,,,,,,,,,,1.507379638671875,-0.29129959106445313,0.5520392456054688,,,,,,,,91487.0,3057.0,-55.0,513.0,-534772732.0,431.0,82.0,-6.0,-62.0,-41.0,9854.0
1193,91502.0,48834.0,56796.0,57057.0,53071.0,91500.0,3.214663028717041,,,,,,,,,,,,,1.512515625,-0.2911188049316406,0.5520299072265625,,,,,,,,91497.0,3059.0,-55.0,513.0,-534772732.0,428.0,81.0,-5.0,-157.0,88.0,9776.0
1194,91512.0,49039.0,57561.0,56988.0,52403.0,91510.0,3.2093844413757324,,,,,,,,,,,,,1.5159495849609375,-0.2909205322265625,0.5521023559570313,,,,,,,,91507.0,3061.0,-54.0,513.0,-534772732.0,423.0,82.0,-5.0,-253.0,56.0,9799.0
1195,91522.0,52217.0,55119.0,54602.0,54842.0,91520.0,3.214663028717041,,,,,,,,,,,,,1.5212197265625,-0.2904349365234375,0.5521875,,,,,,,,91517.0,3064.0,-54.0,513.0,-534772732.0,423.0,81.0,-5.0,-194.0,-42.0,9838.0
1196,91532.0,49865.0,57359.0,56391.0,52254.0,91530.0,3.214663028717041,,,,,,,,,,,,,1.5264517822265624,-0.2903923034667969,0.5520552368164062,,,,,,,,91527.0,3076.0,-53.0,513.0,-534772732.0,436.0,82.0,-5.0,-161.0,-47.0,9921.0
1197,91542.0,50211.0,57146.0,56100.0,52570.0,91540.0,3.214663028717041,,,,,,,,,,,,,1.5489298095703126,-0.28939199829101564,0.5520347290039063,,,,,,,,91537.0,3078.0,-53.0,513.0,-534772732.0,431.0,81.0,-4.0,-93.0,-120.0,9796.0
1198,91552.0,48440.0,55189.0,57149.0,54637.0,91550.0,3.214663028717041,,,,,,,,,,,,,1.5525072021484374,-0.28920071411132814,0.5521431274414063,,,,,,,,91547.0,3079.0,-53.0,514.0,-534772732.0,426.0,80.0,0.0,-228.0,-118.0,9882.0
1199,91562.0,51178.0,56487.0,55043.0,53262.0,91560.0,3.214663028717041,,,,,,,,,,,,,1.5542406005859375,-0.28903912353515626,0.5521526489257812,,,,,,,,91557.0,3082.0,-49.0,514.0,-534772732.0,425.0,85.0,0.0,-128.0,-35.0,9867.0
1200,91572.0,50926.0,54844.0,55466.0,54816.0,91570.0,3.214663028717041,,,,,,,,,,,,,1.556055419921875,-0.2889753112792969,0.5521513671875,,,,,,,,91567.0,3090.0,-52.0,514.0,-535821308.0,430.0,80.0,0.0,-120.0,68.0,9761.0
1201,91582.0,49653.0,56605.0,56295.0,53043.0,91580.0,3.214663028717041,,,,,,,,,,,,,1.55949853515625,-0.2885064697265625,0.5522716674804687,,,,,,,,91577.0,3097.0,-49.0,514.0,-534773756.0,435.0,84.0,1.0,-139.0,-45.0,9710.0
1202,91592.0,48717.0,57142.0,57414.0,52570.0,91590.0,3.214663028717041,,,,,,,,,,,,,1.56293310546875,-0.2886534729003906,0.5521834716796875,,,,,,,,91587.0,3097.0,-48.0,512.0,-534773756.0,428.0,85.0,-8.0,-137.0,-56.0,9877.0
1203,91602.0,52137.0,56043.0,54878.0,53500.0,91600.0,3.2199416160583496,,,,,,,,,,,,,1.5664107666015625,-0.2884781494140625,0.5522006225585937,,,,,,,,91597.0,3103.0,-48.0,512.0,-535298044.0,432.0,84.0,-8.0,-227.0,27.0,9876.0
1204,91612.0,50004.0,56760.0,56558.0,53011.0,91610.0,3.214663028717041,,,,,,,,,,,,,1.5681744384765626,-0.28839434814453124,0.5521617431640625,,,,,,,,91607.0,3108.0,-48.0,512.0,-535297020.0,433.0,83.0,-7.0,-160.0,-38.0,9782.0
1205,91622.0,48897.0,57095.0,57366.0,52512.0,91620.0,3.214663028717041,,,,,,,,,,,,,1.571630859375,-0.28823056030273436,0.5522137451171875,,,,,,,,91617.0,3113.0,-47.0,512.0,-535297020.0,433.0,83.0,-7.0,-149.0,14.0,9828.0
1206,91632.0,49916.0,55930.0,56069.0,54034.0,91630.0,3.214663028717041,,,,,,,,,,,,,1.5733829345703125,-0.28780517578125,0.55227783203125,,,,,,,,91627.0,3114.0,-47.0,512.0,-535295996.0,428.0,82.0,-7.0,-332.0,-60.0,9893.0
1207,91642.0,49101.0,57199.0,56861.0,52649.0,91640.0,3.2093844413757324,,,,,,,,,,,,,1.5749720458984375,-0.28784817504882815,0.5521724243164062,,,,,,,,91637.0,3123.0,-46.0,513.0,-535295996.0,436.0,82.0,0.0,-230.0,58.0,9631.0
1208,91652.0,48426.0,57670.0,57451.0,51445.0,91650.0,3.214663028717041,,,,,,,,,,,,,1.5768096923828125,-0.28783740234375,0.5522219848632812,,,,,,,,91647.0,3127.0,-46.0,513.0,-535294972.0,434.0,81.0,-1.0,-265.0,-89.0,9790.0
1209,91662.0,51916.0,54949.0,54774.0,55140.0,91660.0,3.2093844413757324,,,,,,,,,,,,,1.5820792236328125,-0.28769091796875,0.552251708984375,,,,,,,,91657.0,3127.0,-45.0,513.0,-535293948.0,426.0,82.0,-2.0,-256.0,-213.0,9925.0
1210,91672.0,50471.0,56676.0,55886.0,52960.0,91670.0,3.214663028717041,,,,,,,,,,,,,1.58721240234375,-0.2874416198730469,0.5522307739257812,,,,,,,,91667.0,3138.0,-45.0,513.0,-535293948.0,437.0,81.0,-1.0,-262.0,-57.0,9721.0
1211,91682.0,49095.0,56985.0,56620.0,52502.0,91680.0,3.214663028717041,,,,,,,,,,,,,1.5906173095703124,-0.28726416015625,0.5522720947265625,,,,,,,,91677.0,3142.0,-44.0,514.0,-536341500.0,435.0,81.0,2.0,-439.0,-58.0,9787.0
1212,91692.0,49524.0,56837.0,56576.0,52699.0,91690.0,3.2093844413757324,,,,,,,,,,,,,1.5940308837890624,-0.2869165954589844,0.5521820678710937,,,,,,,,91687.0,3143.0,-44.0,514.0,-536340476.0,427.0,80.0,2.0,-274.0,-118.0,9907.0
1213,91702.0,48976.0,57050.0,56580.0,52478.0,91700.0,3.214663028717041,,,,,,,,,,,,,1.5991500244140624,-0.2869652404785156,0.5521138305664063,,,,,,,,91697.0,3143.0,-44.0,514.0,-536340476.0,419.0,78.0,2.0,-359.0,-74.0,9819.0
1214,91712.0,49878.0,56325.0,56142.0,53152.0,91710.0,3.214663028717041,,,,,,,,,,,,,1.604229736328125,-0.2866338195800781,0.5521637573242187,,,,,,,,91707.0,3153.0,-44.0,514.0,-1073210364.0,426.0,76.0,3.0,-308.0,5.0,9722.0
1215,91722.0,49090.0,56875.0,56195.0,52906.0,91720.0,3.214663028717041,,,,,,,,,,,,,1.6074805908203125,-0.2865058288574219,0.5519912719726563,,,,,,,,91717.0,3160.0,-42.0,515.0,-1073210364.0,429.0,79.0,5.0,-469.0,-149.0,9772.0
1216,91732.0,50162.0,56412.0,55582.0,53223.0,91730.0,3.214663028717041,,,,,,,,,,,,,1.6127015380859375,-0.28592068481445315,0.5521289672851563,,,,,,,,91727.0,3160.0,-41.0,515.0,-1073210364.0,420.0,79.0,4.0,-266.0,-120.0,9755.0
1217,91742.0,50851.0,56392.0,55132.0,53210.0,91740.0,3.214663028717041,,,,,,,,,,,,,1.616050537109375,-0.2860254211425781,0.5521607666015625,,,,,,,,91737.0,3168.0,-39.0,515.0,-1073210364.0,425.0,82.0,5.0,-415.0,-69.0,9717.0
1218,91752.0,49489.0,56628.0,56044.0,53074.0,91750.0,3.214663028717041,,,,,,,,,,,,,1.6210406494140626,-0.28583709716796873,0.5519711303710938,,,,,,,,91747.0,3171.0,-39.0,515.0,-1072161788.0,420.0,80.0,3.0,-371.0,-123.0,9875.0
1219,91762.0,49408.0,56593.0,56476.0,53253.0,91760.0,3.2093844413757324,,,,,,,,,,,,,1.6243751220703124,-0.28556134033203123,0.5520256958007812,,,,,,,,91757.0,3175.0,-39.0,515.0,-1072161788.0,418.0,78.0,3.0,-424.0,-106.0,9857.0
1220,91772.0,48661.0,57125.0,56590.0,52694.0,91770.0,3.214663028717041,,,,,,,,,,,,,1.6292412109375,-0.2847786865234375,0.5521996459960937,,,,,,,,91767.0,3176.0,-37.0,514.0,-1072161788.0,411.0,80.0,1.0,-399.0,-69.0,9730.0
1221,91782.0,49195.0,56929.0,56623.0,52936.0,91780.0,3.2093844413757324,,,,,,,,,,,,,1.6326014404296876,-0.28473614501953126,0.5521961669921875,,,,,,,,91777.0,3181.0,-37.0,514.0,-1072161788.0,410.0,78.0,1.0,-363.0,-157.0,9679.0
1222,91792.0,50428.0,56960.0,55725.0,52926.0,91790.0,3.2093844413757324,,,,,,,,,,,,,1.637576416015625,-0.28502850341796876,0.5519466552734374,,,,,,,,91787.0,3187.0,-36.0,514.0,-1072160764.0,412.0,79.0,0.0,-418.0,-190.0,9778.0
1223,91802.0,51094.0,56875.0,55346.0,53238.0,91800.0,3.214663028717041,,,,,,,,,,,,,1.6408675537109374,-0.28486721801757814,0.5519846801757813,,,,,,,,91797.0,3193.0,-35.0,514.0,-1072160764.0,413.0,79.0,0.0,-468.0,-15.0,9807.0
1224,91812.0,50673.0,57314.0,55852.0,52495.0,91810.0,3.214663028717041,,,,,,,,,,,,,1.6438382568359375,-0.28454129028320313,0.5517914428710937,,,,,,,,91807.0,3197.0,-34.0,513.0,-1072160764.0,411.0,78.0,-9.0,-307.0,-199.0,9760.0
1225,91822.0,48667.0,57359.0,57143.0,52643.0,91820.0,3.214663028717041,,,,,,,,,,,,,1.6490535888671876,-0.28437100219726563,0.552115478515625,,,,,,,,91817.0,3194.0,-37.0,513.0,-1071112188.0,396.0,72.0,-9.0,-356.0,-294.0,9803.0
1226,91832.0,48614.0,57103.0,57061.0,53137.0,91830.0,3.214663028717041,,,,,,,,,,,,,1.6521644287109376,-0.28434066772460936,0.5519716186523438,,,,,,,,91827.0,3201.0,-36.0,513.0,-1071112188.0,400.0,72.0,-10.0,-436.0,-116.0,9838.0
1227,91842.0,49672.0,57384.0,56602.0,52913.0,91840.0,3.2093844413757324,,,,,,,,,,,,,1.65685205078125,-0.28413262939453127,0.5517882080078125,,,,,,,,91837.0,3205.0,-36.0,512.0,-1071111165.0,397.0,70.0,-9.0,-329.0,-17.0,9641.0
1228,91852.0,50023.0,57178.0,56275.0,53041.0,91850.0,3.2093844413757324,,,,,,,,,,,,,1.6599462890625,-0.2840335998535156,0.551748291015625,,,,,,,,91847.0,3208.0,-34.0,513.0,-1071111165.0,394.0,71.0,-8.0,-407.0,-231.0,9982.0
1229,91862.0,50481.0,56627.0,55963.0,53657.0,91860.0,3.2093844413757324,,,,,,,,,,,,,1.6648804931640624,-0.283418701171875,0.5520711059570312,,,,,,,,91857.0,3210.0,-34.0,513.0,-1071111165.0,387.0,70.0,-7.0,-365.0,-153.0,9836.0
1230,91872.0,50782.0,56580.0,55803.0,53669.0,91870.0,3.2093844413757324,,,,,,,,,,,,,1.6696390380859376,-0.2834774475097656,0.5518895874023437,,,,,,,,91867.0,3219.0,-33.0,513.0,-1071111165.0,395.0,71.0,-7.0,-382.0,-42.0,9730.0
1231,91882.0,50736.0,56521.0,55928.0,53656.0,91880.0,3.2093844413757324,,,,,,,,,,,,,1.6728131103515624,-0.2833758544921875,0.551859130859375,,,,,,,,91877.0,3222.0,-32.0,513.0,-1072160765.0,391.0,69.0,-7.0,-416.0,-159.0,9828.0
1232,91892.0,50176.0,56754.0,56325.0,53610.0,91890.0,3.2093844413757324,,,,,,,,,,,,,1.6757999267578125,-0.28332650756835936,0.5517257080078125,,,,,,,,91887.0,3225.0,-32.0,512.0,-1072160765.0,387.0,68.0,-10.0,-432.0,-225.0,9886.0
1233,91902.0,49522.0,56470.0,56861.0,53831.0,91900.0,3.2093844413757324,,,,,,,,,,,,,1.6805694580078125,-0.2830792236328125,0.5517698364257813,,,,,,,,91897.0,3228.0,-31.0,512.0,-1072160765.0,383.0,69.0,-9.0,-395.0,-5.0,9830.0
1234,91912.0,49069.0,57045.0,56865.0,53552.0,91910.0,3.2093844413757324,,,,,,,,,,,,,1.6850794677734375,-0.2828742370605469,0.55175830078125,,,,,,,,91907.0,3234.0,-31.0,512.0,-1072160765.0,384.0,68.0,-9.0,-351.0,-146.0,9703.0
1235,91922.0,50375.0,57471.0,55948.0,52975.0,91920.0,3.2093844413757324,,,,,,,,,,,,,1.688364501953125,-0.28264544677734377,0.5519335327148438,,,,,,,,91917.0,3240.0,-30.0,512.0,-1072161789.0,387.0,67.0,-9.0,-360.0,-102.0,9919.0
1236,91932.0,50824.0,56842.0,55579.0,53368.0,91930.0,3.2041056156158447,,,,,,,,,,,,,1.69125,-0.28265057373046876,0.5517655639648438,,,,,,,,91927.0,3243.0,-30.0,512.0,-1072161789.0,383.0,66.0,-9.0,-338.0,-117.0,9887.0
1237,91942.0,49319.0,57171.0,56388.0,52918.0,91940.0,3.2093844413757324,,,,,,,,,,,,,1.6943126220703124,-0.28251129150390625,0.5517041625976562,,,,,,,,91937.0,3248.0,-30.0,513.0,-1072161789.0,382.0,65.0,0.0,-267.0,-103.0,9759.0
1238,91952.0,49312.0,56905.0,56575.0,52993.0,91950.0,3.2093844413757324,,,,,,,,,,,,,1.6990283203125,-0.2818876037597656,0.552061279296875,,,,,,,,91947.0,3249.0,-27.0,513.0,-1072161789.0,376.0,67.0,0.0,-353.0,-199.0,9935.0
1239,91962.0,48684.0,57113.0,56662.0,53083.0,91960.0,3.2093844413757324,,,,,,,,,,,,,1.7033800048828125,-0.2820940246582031,0.5517472534179687,,,,,,,,91957.0,3253.0,-28.0,513.0,-1072161789.0,375.0,66.0,0.0,-416.0,-68.0,9871.0
1240,91972.0,49368.0,57279.0,56311.0,52666.0,91970.0,3.2093844413757324,,,,,,,,,,,,,1.7063555908203125,-0.2820237121582031,0.5517225952148438,,,,,,,,91967.0,3261.0,-28.0,513.0,-1072162813.0,380.0,64.0,1.0,-389.0,93.0,9818.0
1241,91982.0,49883.0,57651.0,56182.0,52563.0,91980.0,3.2093844413757324,,,,,,,,,,,,,1.711020263671875,-0.2814715270996094,0.5520313110351562,,,,,,,,91977.0,3265.0,-27.0,512.0,-1072162813.0,378.0,63.0,-5.0,-389.0,-50.0,9888.0
1242,91992.0,50725.0,57334.0,55659.0,52813.0,91990.0,3.2093844413757324,,,,,,,,,,,,,1.714042236328125,-0.2814033508300781,0.55196533203125,,,,,,,,91987.0,3266.0,-27.0,512.0,-1072162813.0,372.0,62.0,-5.0,-327.0,-183.0,9876.0
1243,92002.0,51049.0,57203.0,55444.0,52914.0,92000.0,3.2093844413757324,,,,,,,,,,,,,1.7184246826171874,-0.28151516723632813,0.5518923950195312,,,,,,,,91997.0,3267.0,-27.0,512.0,-1072162813.0,366.0,60.0,-4.0,-259.0,-2.0,9853.0
1244,92012.0,50758.0,56620.0,55611.0,53742.0,92010.0,3.2093844413757324,,,,,,,,,,,,,1.7213104248046875,-0.28149148559570314,0.55180859375,,,,,,,,92007.0,3273.0,-26.0,512.0,-1072162813.0,367.0,61.0,-3.0,-448.0,-159.0,9764.0
1245,92022.0,49184.0,56631.0,56573.0,53766.0,92020.0,3.2093844413757324,,,,,,,,,,,,,1.725771484375,-0.2812449951171875,0.5519404907226563,,,,,,,,92017.0,3279.0,-26.0,512.0,-1072162813.0,370.0,60.0,-2.0,-320.0,-142.0,9902.0
1246,92032.0,49621.0,56925.0,56097.0,53162.0,92030.0,3.214663028717041,,,,,,,,,,,,,1.7287362060546876,-0.2811317138671875,0.5519541015625,,,,,,,,92027.0,3283.0,-26.0,512.0,-1072162814.0,370.0,59.0,-1.0,-301.0,-143.0,9892.0
1247,92042.0,50005.0,56726.0,55966.0,53564.0,92040.0,3.2093844413757324,,,,,,,,,,,,,1.7330985107421875,-0.2809159851074219,0.5520575561523438,,,,,,,,92037.0,3287.0,-26.0,512.0,-1072162814.0,369.0,58.0,-1.0,-339.0,-179.0,9799.0
1248,92052.0,49500.0,56968.0,56232.0,53009.0,92050.0,3.214663028717041,,,,,,,,,,,,,1.73604150390625,-0.28087918090820313,0.5519803466796875,,,,,,,,92047.0,3288.0,-24.0,512.0,-1072162814.0,362.0,60.0,0.0,-329.0,-185.0,9822.0
1249,92062.0,50445.0,56909.0,55931.0,53216.0,92060.0,3.214663028717041,,,,,,,,,,,,,1.7404095458984374,-0.2807615661621094,0.5520934448242187,,,,,,,,92057.0,3292.0,-23.0,512.0,-1073212414.0,361.0,60.0,0.0,-277.0,-38.0,9918.0
1250,92072.0,50466.0,56495.0,56034.0,53538.0,92070.0,3.214663028717041,,,,,,,,,,,,,1.74476513671875,-0.2799183349609375,0.55239111328125,,,,,,,,92067.0,3300.0,-22.0,510.0,-536341502.0,367.0,60.0,-7.0,-305.0,60.0,9885.0
1251,92082.0,48226.0,56849.0,57456.0,53250.0,92080.0,3.214663028717041,,,,,,,,,,,,,1.7476463623046874,-0.2804273986816406,0.5521939086914063,,,,,,,,92077.0,3305.0,-22.0,510.0,-536341502.0,368.0,60.0,-6.0,-314.0,-70.0,9806.0
1252,92092.0,48577.0,57314.0,57487.0,52355.0,92090.0,3.214663028717041,,,,,,,,,,,,,1.750582763671875,-0.28023080444335935,0.5522619018554688,,,,,,,,92087.0,3307.0,-22.0,510.0,-535292926.0,364.0,60.0,-6.0,-284.0,-54.0,9706.0
1253,92102.0,48066.0,56998.0,57590.0,53061.0,92100.0,3.214663028717041,,,,,,,,,,,,,1.75484375,-0.2801531372070313,0.5521964721679687,,,,,,,,92097.0,3308.0,-21.0,510.0,-535292926.0,359.0,59.0,-6.0,-401.0,92.0,9883.0
1254,92112.0,48706.0,56954.0,57123.0,52746.0,92110.0,3.214663028717041,,,,,,,,,,,,,1.75749267578125,-0.27919247436523437,0.5525435180664062,,,,,,,,92107.0,3311.0,-21.0,511.0,-535292926.0,355.0,59.0,-1.0,-231.0,-64.0,9827.0
1255,92122.0,49683.0,56740.0,56537.0,52922.0,92120.0,3.214663028717041,,,,,,,,,,,,,1.76209521484375,-0.27978469848632814,0.55244775390625,,,,,,,,92117.0,3321.0,-18.0,511.0,-535292925.0,367.0,63.0,-1.0,-316.0,-100.0,9746.0
1256,92132.0,49984.0,56666.0,56319.0,53002.0,92130.0,3.214663028717041,,,,,,,,,,,,,1.764884765625,-0.27968850708007814,0.5523983154296875,,,,,,,,92127.0,3324.0,-18.0,511.0,-535292925.0,363.0,63.0,-1.0,-395.0,-51.0,9842.0
1257,92142.0,49177.0,57052.0,56981.0,52442.0,92140.0,3.214663028717041,,,,,,,,,,,,,1.76920263671875,-0.27942620849609373,0.5525645141601563,,,,,,,,92137.0,3325.0,-18.0,511.0,-535292925.0,357.0,63.0,-1.0,-249.0,-79.0,9685.0
1258,92152.0,48528.0,57009.0,57246.0,52670.0,92150.0,3.214663028717041,,,,,,,,,,,,,1.772314208984375,-0.2791937255859375,0.5527808227539063,,,,,,,,92147.0,3326.0,-17.0,511.0,-534244349.0,352.0,62.0,-1.0,-292.0,-165.0,9810.0
1259,92162.0,48761.0,56840.0,57116.0,52832.0,92160.0,3.214663028717041,,,,,,,,,,,,,1.7762435302734374,-0.27911541748046875,0.552640625,,,,,,,,92157.0,3331.0,-17.0,511.0,-534244349.0,353.0,62.0,-1.0,-346.0,-91.0,9884.0
1260,92172.0,48679.0,56727.0,57090.0,53048.0,92170.0,3.214663028717041,,,,,,,,,,,,,1.7805035400390625,-0.2788961791992188,0.5526390991210938,,,,,,,,92167.0,3338.0,-15.0,511.0,-534244349.0,358.0,65.0,-1.0,-383.0,37.0,9793.0
1261,92182.0,49837.0,57029.0,56657.0,52677.0,92180.0,3.2093844413757324,,,,,,,,,,,,,1.783166259765625,-0.2788338012695312,0.552489501953125,,,,,,,,92177.0,3342.0,-15.0,511.0,-534244349.0,358.0,65.0,-1.0,-291.0,-32.0,9641.0
1262,92192.0,49293.0,57187.0,56966.0,52736.0,92190.0,3.2093844413757324,,,,,,,,,,,,,1.786083740234375,-0.27863833618164063,0.5525753173828125,,,,,,,,92187.0,3344.0,-15.0,511.0,-534244349.0,353.0,64.0,-2.0,-306.0,-44.0,9767.0
1263,92202.0,49795.0,57125.0,56595.0,52419.0,92200.0,3.214663028717041,,,,,,,,,,,,,1.7904237060546875,-0.2782978210449219,0.5527376708984375,,,,,,,,92197.0,3348.0,-14.0,511.0,-534244349.0,352.0,64.0,-4.0,-259.0,75.0,9793.0
1264,92212.0,50932.0,56844.0,55868.0,53121.0,92210.0,3.2093844413757324,,,,,,,,,,,,,1.79320361328125,-0.2782003173828125,0.552738037109375,,,,,,,,92207.0,3342.0,-12.0,511.0,-534244349.0,335.0,68.0,-3.0,-220.0,21.0,9692.0
1265,92222.0,51118.0,56614.0,55756.0,53434.0,92220.0,3.2093844413757324,,,,,,,,,,,,,1.79724853515625,-0.27800701904296876,0.5525930786132812,,,,,,,,92217.0,3355.0,-12.0,511.0,-535293948.0,350.0,67.0,-4.0,-263.0,-32.0,9789.0
1266,92232.0,50233.0,56446.0,56441.0,53615.0,92230.0,3.2093844413757324,,,,,,,,,,,,,1.8002821044921875,-0.277669189453125,0.5529273071289063,,,,,,,,92227.0,3358.0,-12.0,511.0,-535293948.0,348.0,66.0,-5.0,-244.0,-80.0,9840.0
1267,92242.0,48432.0,57151.0,57299.0,52821.0,92240.0,3.2093844413757324,,,,,,,,,,,,,1.8043778076171875,-0.2774757080078125,0.5528783569335938,,,,,,,,92237.0,3362.0,-12.0,511.0,-535294972.0,347.0,66.0,-1.0,-257.0,-98.0,9756.0
1268,92252.0,48737.0,56774.0,57123.0,53296.0,92250.0,3.2093844413757324,,,,,,,,,,,,,1.80704931640625,-0.277415283203125,0.5525643920898438,,,,,,,,92247.0,3358.0,-12.0,511.0,-535294972.0,334.0,64.0,-1.0,-340.0,-116.0,9860.0
1269,92262.0,50388.0,57083.0,55997.0,52780.0,92260.0,3.2093844413757324,,,,,,,,,,,,,1.8112237548828125,-0.277203857421875,0.5527603759765625,,,,,,,,92257.0,3363.0,-11.0,511.0,-535294972.0,336.0,65.0,-1.0,-201.0,-131.0,9889.0
1270,92272.0,51147.0,56292.0,55445.0,53652.0,92270.0,3.2093844413757324,,,,,,,,,,,,,1.81389990234375,-0.2769845275878906,0.5526587524414063,,,,,,,,92267.0,3367.0,-10.0,511.0,-535295996.0,337.0,66.0,0.0,-267.0,-72.0,9865.0
1271,92282.0,51586.0,56397.0,55307.0,53676.0,92280.0,3.2093844413757324,,,,,,,,,,,,,1.8179993896484374,-0.2767832336425781,0.5526398315429687,,,,,,,,92277.0,3370.0,-10.0,511.0,-536344572.0,336.0,64.0,-3.0,-120.0,-59.0,9723.0
1272,92292.0,49862.0,56717.0,56519.0,53436.0,92290.0,3.2093844413757324,,,,,,,,,,,,,1.8208826904296875,-0.27664602661132814,0.5527191162109375,,,,,,,,92287.0,3375.0,-9.0,511.0,-536345596.0,338.0,65.0,-4.0,-117.0,-212.0,9861.0
1273,92302.0,50086.0,56485.0,56417.0,53631.0,92300.0,3.2093844413757324,,,,,,,,,,,,,1.824981201171875,-0.27643814086914065,0.5526399536132812,,,,,,,,92297.0,3377.0,-9.0,511.0,-536346620.0,336.0,64.0,-4.0,-222.0,-4.0,9870.0
1274,92312.0,49419.0,57244.0,56564.0,53059.0,92310.0,3.2093844413757324,,,,,,,,,,,,,1.82779052734375,-0.2762093811035156,0.5527223510742187,,,,,,,,92307.0,3383.0,-9.0,510.0,-1073741820.0,340.0,64.0,-4.0,-96.0,-33.0,9765.0
1275,92322.0,49239.0,56842.0,56799.0,53629.0,92320.0,3.2041056156158447,,,,,,,,,,,,,1.83215380859375,-0.27591998291015624,0.5527507934570313,,,,,,,,92317.0,3385.0,-8.0,511.0,-1073740796.0,336.0,64.0,-1.0,-156.0,-151.0,9813.0
1276,92332.0,50719.0,57086.0,55679.0,52977.0,92330.0,3.2093844413757324,,,,,,,,,,,,,1.8348360595703126,-0.27582498168945313,0.5527200317382812,,,,,,,,92327.0,3386.0,-7.0,511.0,-1073740797.0,332.0,65.0,-1.0,-91.0,-47.0,9801.0
1277,92342.0,50440.0,56849.0,55964.0,53639.0,92340.0,3.2041056156158447,,,,,,,,,,,,,1.84037548828125,-0.2755328369140625,0.5526730346679688,,,,,,,,92337.0,3390.0,-5.0,511.0,-1072691197.0,335.0,66.0,-1.0,10.0,-86.0,9705.0
1278,92352.0,49052.0,56617.0,56882.0,53656.0,92350.0,3.2093844413757324,,,,,,,,,,,,,1.84320703125,-0.27543533325195313,0.5527365112304687,,,,,,,,92347.0,3397.0,-6.0,511.0,-1072691197.0,341.0,64.0,-2.0,-94.0,-186.0,9862.0
1279,92362.0,49335.0,57496.0,56594.0,52868.0,92360.0,3.2041056156158447,,,,,,,,,,,,,1.8631439208984375,-0.27447573852539064,0.5527516479492187,,,,,,,,92358.0,3399.0,-3.0,511.0,-1072690173.0,340.0,67.0,-2.0,-86.0,-115.0,9855.0
1280,92372.0,50262.0,56847.0,56162.0,53444.0,92370.0,3.2041056156158447,,,,,,,,,,,,,1.8672498779296876,-0.27440118408203124,0.5527247314453125,,,,,,,,92367.0,3403.0,-4.0,511.0,-1072690173.0,342.0,65.0,0.0,-53.0,-45.0,9704.0
1281,92382.0,50334.0,57388.0,55954.0,52537.0,92380.0,3.2093844413757324,,,,,,,,,,,,,1.87024462890625,-0.2741639404296875,0.5528237915039063,,,,,,,,92377.0,3407.0,-3.0,511.0,-1072690173.0,343.0,65.0,-1.0,0.0,-145.0,9822.0
1282,92392.0,50254.0,56719.0,56162.0,53195.0,92390.0,3.2093844413757324,,,,,,,,,,,,,1.8715972900390625,-0.27420175170898436,0.5528189086914063,,,,,,,,92387.0,3404.0,-1.0,511.0,-1072690173.0,332.0,67.0,-1.0,-50.0,-86.0,9893.0
1283,92402.0,50551.0,56844.0,55989.0,52971.0,92400.0,3.2093844413757324,,,,,,,,,,,,,1.8745093994140625,-0.2741129150390625,0.5527314453125,,,,,,,,92397.0,3409.0,0.0,511.0,-1072689149.0,336.0,67.0,0.0,-210.0,1.0,9813.0
1284,92412.0,49256.0,56880.0,56523.0,52757.0,92410.0,3.214663028717041,,,,,,,,,,,,,1.8776883544921874,-0.27381503295898435,0.5529679565429687,,,,,,,,92407.0,3412.0,0.0,512.0,-1071640573.0,336.0,65.0,2.0,-97.0,-185.0,9777.0
1285,92422.0,49521.0,57010.0,56568.0,52669.0,92420.0,3.2093844413757324,,,,,,,,,,,,,1.8803544921875,-0.2738856201171875,0.5528230590820312,,,,,,,,92417.0,3417.0,-1.0,512.0,-1071640573.0,340.0,63.0,2.0,1.0,-155.0,9882.0
1286,92432.0,49466.0,56733.0,56330.0,53285.0,92430.0,3.2093844413757324,,,,,,,,,,,,,1.8817403564453126,-0.27386798095703124,0.5528565673828125,,,,,,,,92427.0,3419.0,0.0,512.0,-1071640573.0,340.0,63.0,2.0,-18.0,-119.0,9893.0
1287,92442.0,50534.0,56939.0,55553.0,52966.0,92440.0,3.2093844413757324,,,,,,,,,,,,,1.8846888427734374,-0.2738190612792969,0.5528462524414063,,,,,,,,92437.0,3423.0,0.0,512.0,-1071640573.0,341.0,61.0,3.0,-68.0,-112.0,9730.0
1288,92452.0,50315.0,56510.0,56125.0,53475.0,92450.0,3.2093844413757324,,,,,,,,,,,,,1.8879678955078125,-0.27343576049804685,0.5533699951171875,,,,,,,,92447.0,3424.0,0.0,511.0,-1071641597.0,338.0,61.0,0.0,-135.0,-190.0,9786.0
1289,92462.0,48700.0,56736.0,56773.0,53721.0,92460.0,3.2093844413757324,,,,,,,,,,,,,1.8892901611328126,-0.27359048461914065,0.5531377563476563,,,,,,,,92457.0,3429.0,0.0,511.0,-1071641597.0,342.0,60.0,-1.0,-103.0,-158.0,9959.0
1290,92472.0,49578.0,56808.0,56375.0,53336.0,92470.0,3.2093844413757324,,,,,,,,,,,,,1.892177978515625,-0.2734718933105469,0.553260009765625,,,,,,,,92467.0,3432.0,3.0,511.0,-1071641597.0,343.0,62.0,0.0,-137.0,-113.0,9848.0
1291,92482.0,50128.0,57264.0,55872.0,52850.0,92480.0,3.2093844413757324,,,,,,,,,,,,,1.8948612060546874,-0.2735498046875,0.5529622802734375,,,,,,,,92477.0,3437.0,3.0,511.0,-1071641597.0,346.0,60.0,0.0,-116.0,-211.0,9786.0
1292,92492.0,50775.0,56673.0,55117.0,53132.0,92490.0,3.2093844413757324,,,,,,,,,,,,,1.8979088134765625,-0.27349032592773437,0.5530742797851562,,,,,,,,92487.0,3439.0,5.0,511.0,-1071641597.0,344.0,63.0,0.0,-59.0,-174.0,9806.0
1293,92502.0,51351.0,56536.0,54868.0,53083.0,92500.0,3.2093844413757324,,,,,,,,,,,,,1.89931884765625,-0.2734869689941406,0.5530120849609375,,,,,,,,92497.0,3443.0,5.0,512.0,-1070593021.0,345.0,61.0,8.0,-35.0,-48.0,9705.0
1294,92512.0,49725.0,57263.0,55801.0,52568.0,92510.0,3.2093844413757324,,,,,,,,,,,,,1.902255859375,-0.27352630615234375,0.5529923706054688,,,,,,,,92507.0,3449.0,5.0,512.0,-1070593021.0,352.0,58.0,8.0,-148.0,-219.0,9837.0
1295,92522.0,49644.0,57371.0,55931.0,52252.0,92520.0,3.2093844413757324,,,,,,,,,,,,,1.9052662353515626,-0.2734551086425781,0.5531321411132812,,,,,,,,92517.0,3453.0,5.0,512.0,-1070594045.0,352.0,58.0,7.0,-108.0,-158.0,9958.0
1296,92532.0,49422.0,57616.0,55719.0,52223.0,92530.0,3.2093844413757324,,,,,,,,,,,,,1.906794921875,-0.27344039916992186,0.55321142578125,,,,,,,,92527.0,3455.0,5.0,513.0,-1070594045.0,350.0,55.0,8.0,-206.0,-10.0,9964.0
1297,92542.0,50242.0,57081.0,55282.0,53067.0,92540.0,3.2093844413757324,,,,,,,,,,,,,1.91104736328125,-0.2734605102539063,0.5530828247070313,,,,,,,,92537.0,3460.0,8.0,512.0,-1069545470.0,353.0,58.0,5.0,-32.0,-210.0,9790.0
1298,92552.0,50826.0,57401.0,54963.0,52536.0,92550.0,3.2093844413757324,,,,,,,,,,,,,1.9140989990234376,-0.2733875732421875,0.5531924438476562,,,,,,,,92547.0,3463.0,7.0,512.0,-1069546494.0,353.0,55.0,6.0,15.0,-328.0,9728.0
1299,92562.0,49235.0,56914.0,56033.0,53326.0,92560.0,3.2093844413757324,,,,,,,,,,,,,1.918572998046875,-0.2733776550292969,0.5533093872070313,,,,,,,,92557.0,3466.0,8.0,512.0,-1069546494.0,352.0,55.0,5.0,-130.0,-319.0,9834.0
1300,92572.0,48138.0,56943.0,56780.0,53313.0,92570.0,3.2093844413757324,,,,,,,,,,,,,1.9216329345703125,-0.27331561279296873,0.55339794921875,,,,,,,,92567.0,3471.0,9.0,512.0,-1068497918.0,356.0,54.0,5.0,-130.0,-236.0,9786.0
1301,92582.0,49276.0,57395.0,56141.0,52838.0,92580.0,3.2093844413757324,,,,,,,,,,,,,1.92593798828125,-0.2734627075195312,0.5533500366210937,,,,,,,,92577.0,3472.0,10.0,511.0,-1068498942.0,352.0,53.0,1.0,-114.0,-207.0,9851.0
1302,92592.0,50238.0,56926.0,55431.0,53338.0,92590.0,3.2093844413757324,,,,,,,,,,,,,1.928922119140625,-0.27344439697265627,0.553423828125,,,,,,,,92587.0,3477.0,10.0,511.0,-1067974654.0,353.0,51.0,1.0,-102.0,-184.0,9947.0
1303,92602.0,50388.0,57152.0,55427.0,52927.0,92600.0,3.2093844413757324,,,,,,,,,,,,,1.9333450927734375,-0.2735672302246094,0.5533358764648437,,,,,,,,92597.0,3482.0,10.0,511.0,-1067974654.0,356.0,49.0,3.0,-127.0,-82.0,9709.0
1304,92612.0,49699.0,57070.0,55975.0,53069.0,92610.0,3.2093844413757324,,,,,,,,,,,,,1.9364027099609376,-0.2736029968261719,0.553406494140625,,,,,,,,92607.0,3485.0,11.0,512.0,-1067973631.0,356.0,49.0,3.0,-94.0,-305.0,9722.0
1305,92622.0,50047.0,56249.0,55569.0,53679.0,92620.0,3.2093844413757324,,,,,,,,,,,,,1.941077392578125,-0.2735648803710938,0.553862548828125,,,,,,,,92617.0,3489.0,11.0,512.0,-1067973631.0,355.0,47.0,1.0,-239.0,-257.0,9855.0
1306,92632.0,49535.0,56998.0,55728.0,52982.0,92630.0,3.2093844413757324,,,,,,,,,,,,,1.943895263671875,-0.27378250122070313,0.5536624145507812,,,,,,,,92627.0,3493.0,11.0,513.0,-1067973631.0,357.0,45.0,8.0,-312.0,-97.0,9887.0
1307,92642.0,49319.0,56881.0,55912.0,53082.0,92640.0,3.2093844413757324,,,,,,,,,,,,,1.9482513427734376,-0.273908447265625,0.55370166015625,,,,,,,,92637.0,3500.0,11.0,513.0,-1067973631.0,362.0,43.0,8.0,-133.0,-34.0,9760.0
1308,92652.0,49450.0,57019.0,55659.0,53126.0,92650.0,3.2093844413757324,,,,,,,,,,,,,1.9512484130859375,-0.27399874877929686,0.5538145751953125,,,,,,,,92647.0,3503.0,11.0,513.0,-1067972607.0,360.0,41.0,8.0,-181.0,-253.0,9727.0
1309,92662.0,51034.0,56798.0,54566.0,53140.0,92660.0,3.2093844413757324,,,,,,,,,,,,,1.9559027099609374,-0.27416085815429686,0.5539093017578125,,,,,,,,92657.0,3506.0,11.0,513.0,-1067972607.0,359.0,39.0,7.0,-202.0,-162.0,9948.0
1310,92672.0,50422.0,56375.0,55257.0,53698.0,92670.0,3.2093844413757324,,,,,,,,,,,,,1.958733642578125,-0.2742650146484375,0.5538775634765625,,,,,,,,92667.0,3509.0,12.0,512.0,-1067972607.0,358.0,38.0,4.0,-369.0,-179.0,9831.0
1311,92682.0,48596.0,57108.0,56396.0,53038.0,92680.0,3.2093844413757324,,,,,,,,,,,,,1.9631121826171876,-0.27447335815429685,0.5540064086914063,,,,,,,,92677.0,3514.0,12.0,512.0,-1067972607.0,359.0,36.0,5.0,-226.0,-289.0,9740.0
1312,92692.0,49042.0,56754.0,56199.0,53308.0,92690.0,3.2093844413757324,,,,,,,,,,,,,1.9660140380859374,-0.2746514587402344,0.55398046875,,,,,,,,92687.0,3517.0,13.0,512.0,-1069021183.0,358.0,37.0,5.0,-241.0,-157.0,9850.0
1313,92702.0,49346.0,57128.0,56058.0,52751.0,92700.0,3.2093844413757324,,,,,,,,,,,,,1.9706341552734374,-0.27471969604492186,0.5542814331054687,,,,,,,,92697.0,3520.0,14.0,513.0,-1069020159.0,355.0,36.0,5.0,-181.0,-123.0,9689.0
1314,92712.0,50524.0,56840.0,55382.0,53162.0,92710.0,3.214663028717041,,,,,,,,,,,,,1.973389404296875,-0.27499191284179686,0.5541162719726562,,,,,,,,92707.0,3521.0,14.0,511.0,-1069020159.0,350.0,35.0,-1.0,-291.0,-130.0,9759.0
1315,92722.0,50859.0,56620.0,55472.0,53418.0,92720.0,3.2093844413757324,,,,,,,,,,,,,1.9777952880859375,-0.2752127685546875,0.5541359252929687,,,,,,,,92717.0,3529.0,15.0,511.0,-1069020159.0,357.0,34.0,-2.0,-290.0,-106.0,9828.0
1316,92732.0,49864.0,56894.0,56048.0,53260.0,92730.0,3.2093844413757324,,,,,,,,,,,,,1.980768310546875,-0.275389892578125,0.5542494506835938,,,,,,,,92727.0,3532.0,15.0,511.0,-1070068735.0,356.0,33.0,-2.0,-313.0,-112.0,9848.0
1317,92742.0,50068.0,57090.0,55946.0,52952.0,92740.0,3.2093844413757324,,,,,,,,,,,,,1.9850411376953125,-0.27559432983398435,0.5541089477539063,,,,,,,,92737.0,3534.0,15.0,511.0,-1070067711.0,353.0,32.0,-2.0,-222.0,-172.0,9802.0
1318,92752.0,49072.0,56979.0,56448.0,53362.0,92750.0,3.2093844413757324,,,,,,,,,,,,,1.98805517578125,-0.27580078125,0.5543126220703125,,,,,,,,92747.0,3537.0,16.0,511.0,-1070067711.0,350.0,31.0,-1.0,-339.0,-246.0,9819.0
1319,92762.0,48385.0,56895.0,56941.0,53409.0,92760.0,3.2093844413757324,,,,,,,,,,,,,1.992417724609375,-0.27610336303710936,0.554371337890625,,,,,,,,92757.0,3544.0,16.0,511.0,-1070067711.0,355.0,30.0,-2.0,-268.0,-58.0,9822.0
1320,92772.0,49854.0,57293.0,55932.0,52946.0,92770.0,3.2093844413757324,,,,,,,,,,,,,1.995345947265625,-0.27620755004882813,0.5544509887695312,,,,,,,,92767.0,3546.0,16.0,511.0,-1070067711.0,352.0,29.0,-2.0,-221.0,-148.0,9652.0
1321,92782.0,50766.0,56985.0,55377.0,53237.0,92780.0,3.2093844413757324,,,,,,,,,,,,,1.999912841796875,-0.27634814453125,0.554776123046875,,,,,,,,92777.0,3550.0,17.0,511.0,-1071116287.0,351.0,29.0,-2.0,-179.0,-223.0,9730.0
1322,92792.0,49801.0,56624.0,56298.0,53462.0,92790.0,3.2093844413757324,,,,,,,,,,,,,2.0029342041015625,-0.2764910888671875,0.5548276977539063,,,,,,,,92787.0,3551.0,17.0,511.0,-1071116287.0,346.0,29.0,-3.0,-329.0,-131.0,9876.0
1323,92802.0,48774.0,56828.0,56617.0,53255.0,92800.0,3.2093844413757324,,,,,,,,,,,,,2.005786376953125,-0.27670571899414065,0.5548447875976562,,,,,,,,92797.0,3554.0,18.0,512.0,-1071115263.0,345.0,29.0,0.0,-315.0,7.0,9773.0
1324,92812.0,48959.0,56604.0,56576.0,53415.0,92810.0,3.2093844413757324,,,,,,,,,,,,,2.0098170166015623,-0.2771092224121094,0.554696533203125,,,,,,,,92807.0,3562.0,17.0,512.0,-1072164863.0,350.0,27.0,1.0,-304.0,-113.0,9793.0
1325,92822.0,48713.0,56907.0,56609.0,53211.0,92820.0,3.2093844413757324,,,,,,,,,,,,,2.0127421875,-0.2772962951660156,0.5546873168945312,,,,,,,,92817.0,3564.0,16.0,512.0,-1072163839.0,348.0,25.0,1.0,-298.0,-170.0,9790.0
1326,92832.0,49973.0,57255.0,55903.0,52523.0,92830.0,3.2093844413757324,,,,,,,,,,,,,2.0175751953125,-0.27723403930664064,0.5553015747070312,,,,,,,,92827.0,3568.0,17.0,512.0,-1072163839.0,347.0,25.0,0.0,-376.0,8.0,9744.0
1327,92842.0,49721.0,57229.0,56277.0,52850.0,92840.0,3.2093844413757324,,,,,,,,,,,,,2.0213675537109377,-0.2778012390136719,0.554904296875,,,,,,,,92837.0,3570.0,17.0,511.0,-1072163839.0,342.0,25.0,-4.0,-362.0,-73.0,9818.0
1328,92852.0,51454.0,57126.0,54997.0,52906.0,92850.0,3.2093844413757324,,,,,,,,,,,,,2.0241463623046876,-0.2780301513671875,0.5547836303710938,,,,,,,,92847.0,3573.0,17.0,511.0,-1072163839.0,341.0,24.0,-4.0,-156.0,-156.0,9839.0
1329,92862.0,51999.0,57031.0,54542.0,52986.0,92860.0,3.2093844413757324,,,,,,,,,,,,,2.0287640380859373,-0.2781894836425781,0.555219970703125,,,,,,,,92857.0,3584.0,13.0,511.0,-1072164863.0,354.0,16.0,-4.0,-261.0,88.0,9855.0
1330,92872.0,50858.0,56518.0,55446.0,53663.0,92870.0,3.2093844413757324,,,,,,,,,,,,,2.03127685546875,-0.27846890258789064,0.5548602294921875,,,,,,,,92867.0,3587.0,13.0,511.0,-1072164863.0,351.0,16.0,-4.0,-390.0,-102.0,9852.0
1331,92882.0,48819.0,56863.0,56969.0,53326.0,92880.0,3.2093844413757324,,,,,,,,,,,,,2.035843017578125,-0.2785984191894531,0.5552445068359375,,,,,,,,92877.0,3590.0,13.0,511.0,-1072164863.0,350.0,16.0,-4.0,-235.0,-102.0,9754.0
1332,92892.0,49153.0,56772.0,56706.0,53477.0,92890.0,3.2093844413757324,,,,,,,,,,,,,2.0383662109375,-0.2789696044921875,0.5549435424804687,,,,,,,,92887.0,3592.0,14.0,511.0,-1073213439.0,345.0,16.0,-5.0,-265.0,-81.0,9888.0
1333,92902.0,49789.0,56358.0,56401.0,53825.0,92900.0,3.2093844413757324,,,,,,,,,,,,,2.0425435791015625,-0.27914804077148436,0.554940673828125,,,,,,,,92897.0,3597.0,14.0,511.0,-1073213439.0,347.0,17.0,-5.0,-241.0,-42.0,9691.0
1334,92912.0,49817.0,56395.0,56456.0,53747.0,92910.0,3.2093844413757324,,,,,,,,,,,,,2.0455885009765624,-0.27924102783203125,0.5552067260742187,,,,,,,,92907.0,3603.0,14.0,511.0,-536342527.0,350.0,16.0,-5.0,-349.0,-80.0,9742.0
1335,92922.0,49221.0,56096.0,56869.0,54089.0,92920.0,3.2093844413757324,,,,,,,,,,,,,2.049617919921875,-0.2795927734375,0.55495849609375,,,,,,,,92917.0,3605.0,14.0,511.0,-535293950.0,347.0,16.0,-6.0,-272.0,-71.0,9889.0
1336,92932.0,48485.0,56278.0,57485.0,53919.0,92930.0,3.2093844413757324,,,,,,,,,,,,,2.052400146484375,-0.2797508544921875,0.55502783203125,,,,,,,,92927.0,3609.0,15.0,510.0,-534244350.0,345.0,18.0,-8.0,-228.0,70.0,9676.0
1337,92942.0,48378.0,56617.0,57486.0,53733.0,92940.0,3.2093844413757324,,,,,,,,,,,,,2.056639892578125,-0.2799068908691406,0.5550720825195312,,,,,,,,92937.0,3610.0,16.0,510.0,-534244350.0,340.0,20.0,-8.0,-257.0,-22.0,9690.0
1338,92952.0,49871.0,56239.0,57104.0,53428.0,92950.0,3.2093844413757324,,,,,,,,,,,,,2.059519775390625,-0.27998809814453124,0.5551494140625,,,,,,,,92947.0,3617.0,16.0,510.0,-533195774.0,346.0,20.0,-10.0,-307.0,93.0,9812.0
1339,92962.0,49542.0,56581.0,56873.0,53603.0,92960.0,3.2093844413757324,,,,,,,,,,,,,2.063453857421875,-0.2803490600585937,0.5548999633789062,,,,,,,,92957.0,3622.0,16.0,510.0,-532147198.0,347.0,20.0,-10.0,-367.0,180.0,9791.0
1340,92972.0,50193.0,57139.0,57107.0,52263.0,92970.0,3.2093844413757324,,,,,,,,,,,,,2.06632958984375,-0.2803387756347656,0.555037841796875,,,,,,,,92967.0,3623.0,17.0,509.0,-532147198.0,342.0,22.0,-12.0,-287.0,95.0,9658.0
1341,92982.0,50913.0,57161.0,56295.0,52758.0,92980.0,3.2093844413757324,,,,,,,,,,,,,2.070314697265625,-0.2807467346191406,0.5548377075195312,,,,,,,,92977.0,3627.0,16.0,509.0,-531098622.0,341.0,21.0,-14.0,-285.0,151.0,9815.0
1342,92992.0,50551.0,57377.0,56957.0,51962.0,92990.0,3.2093844413757324,,,,,,,,,,,,,2.07317724609375,-0.28070672607421876,0.5549923095703125,,,,,,,,92987.0,3629.0,16.0,509.0,-531098622.0,338.0,23.0,-14.0,-378.0,194.0,9860.0
1343,93002.0,49940.0,56223.0,57105.0,53831.0,93000.0,3.2093844413757324,,,,,,,,,,,,,2.077085205078125,-0.281002197265625,0.5547198486328125,,,,,,,,92997.0,3635.0,16.0,509.0,-531098621.0,340.0,23.0,-13.0,-262.0,34.0,9729.0
1344,93012.0,49162.0,56556.0,57084.0,53266.0,93010.0,3.2093844413757324,,,,,,,,,,,,,2.0799228515625,-0.2809542236328125,0.5548638305664062,,,,,,,,93007.0,3639.0,16.0,510.0,-532147197.0,341.0,24.0,-4.0,-433.0,-43.0,9930.0
1345,93022.0,47780.0,56994.0,57697.0,52560.0,93020.0,3.214663028717041,,,,,,,,,,,,,2.083959716796875,-0.2809970703125,0.5548916015625,,,,,,,,93017.0,3642.0,16.0,510.0,-532147197.0,338.0,24.0,-4.0,-315.0,6.0,9946.0
1346,93032.0,48475.0,56987.0,57354.0,52449.0,93030.0,3.214663028717041,,,,,,,,,,,,,2.0865439453125,-0.28118545532226563,0.5546663208007813,,,,,,,,93027.0,3644.0,18.0,510.0,-532146173.0,335.0,29.0,-3.0,-271.0,151.0,9681.0
1347,93042.0,49442.0,56336.0,56788.0,53246.0,93040.0,3.214663028717041,,,,,,,,,,,,,2.0907255859375,-0.2810823059082031,0.5549050903320313,,,,,,,,93037.0,3647.0,18.0,510.0,-532146173.0,332.0,30.0,-3.0,-402.0,31.0,9799.0
1348,93052.0,49273.0,56505.0,56942.0,52988.0,93050.0,3.214663028717041,,,,,,,,,,,,,2.09344580078125,-0.2810225524902344,0.5548688354492187,,,,,,,,93047.0,3652.0,17.0,510.0,-531097597.0,333.0,30.0,-4.0,-324.0,53.0,9837.0
1349,93062.0,49421.0,55800.0,56921.0,53746.0,93060.0,3.214663028717041,,,,,,,,,,,,,2.097420654296875,-0.28115359497070314,0.5546633911132812,,,,,,,,93057.0,3658.0,18.0,510.0,-531097597.0,336.0,31.0,-3.0,-342.0,159.0,9635.0
1350,93072.0,49167.0,56041.0,57166.0,53512.0,93070.0,3.214663028717041,,,,,,,,,,,,,2.09997900390625,-0.28130206298828125,0.554546142578125,,,,,,,,93067.0,3660.0,19.0,510.0,-531097597.0,333.0,33.0,-4.0,-344.0,56.0,9664.0
1351,93082.0,47925.0,56432.0,58033.0,53305.0,93080.0,3.2093844413757324,,,,,,,,,,,,,2.10405615234375,-0.2811051025390625,0.554600341796875,,,,,,,,93077.0,3664.0,20.0,510.0,-530049020.0,333.0,35.0,-6.0,-296.0,99.0,9809.0
1352,93092.0,49288.0,56408.0,57226.0,53319.0,93090.0,3.2093844413757324,,,,,,,,,,,,,2.106769287109375,-0.2810607604980469,0.5545208740234375,,,,,,,,93087.0,3666.0,20.0,510.0,-530050044.0,328.0,38.0,-6.0,-397.0,229.0,9869.0
1353,93102.0,48549.0,56390.0,57669.0,53683.0,93100.0,3.2093844413757324,,,,,,,,,,,,,2.110501953125,-0.2812381286621094,0.5542200927734375,,,,,,,,93097.0,3669.0,21.0,509.0,-529001468.0,326.0,39.0,-10.0,-315.0,90.0,9791.0
1354,93112.0,48840.0,56857.0,57566.0,53402.0,93110.0,3.2041056156158447,,,,,,,,,,,,,2.1133388671875,-0.2809925231933594,0.5543864135742187,,,,,,,,93107.0,3673.0,21.0,509.0,-529001468.0,326.0,41.0,-10.0,-294.0,178.0,9815.0
1355,93122.0,49537.0,57633.0,56853.0,52739.0,93120.0,3.2041056156158447,,,,,,,,,,,,,2.115861328125,-0.2809984436035156,0.554197509765625,,,,,,,,93117.0,3678.0,21.0,509.0,-529001468.0,329.0,42.0,-10.0,-354.0,124.0,9871.0
1356,93132.0,50457.0,57118.0,56238.0,53332.0,93130.0,3.2041056156158447,,,,,,,,,,,,,2.119728759765625,-0.2809102783203125,0.5540084228515625,,,,,,,,93127.0,3682.0,22.0,509.0,-529001468.0,327.0,44.0,-9.0,-266.0,142.0,9654.0
1357,93142.0,51391.0,57168.0,55569.0,53587.0,93140.0,3.198827028274536,,,,,,,,,,,,,2.12384765625,-0.28053128051757814,0.5541978759765624,,,,,,,,93137.0,3685.0,21.0,509.0,-530051068.0,326.0,44.0,-9.0,-285.0,50.0,9937.0
1358,93152.0,51385.0,56808.0,55497.0,54105.0,93150.0,3.198827028274536,,,,,,,,,,,,,2.12645068359375,-0.2804508056640625,0.5540664672851563,,,,,,,,93147.0,3687.0,23.0,509.0,-530051068.0,323.0,48.0,-9.0,-222.0,47.0,9867.0
1359,93162.0,51034.0,57075.0,55668.0,53854.0,93160.0,3.198827028274536,,,,,,,,,,,,,2.130404541015625,-0.2802005615234375,0.5539681396484375,,,,,,,,93157.0,3689.0,24.0,509.0,-531100668.0,321.0,51.0,-8.0,-278.0,47.0,9834.0
1360,93172.0,50313.0,57286.0,56235.0,53605.0,93170.0,3.198827028274536,,,,,,,,,,,,,2.133126220703125,-0.2799998779296875,0.5539729614257812,,,,,,,,93168.0,3693.0,23.0,509.0,-532150268.0,321.0,50.0,-8.0,-212.0,2.0,9875.0
1361,93182.0,50154.0,57424.0,56148.0,53320.0,93180.0,3.198827028274536,,,,,,,,,,,,,2.136859130859375,-0.28002276611328125,0.5536361083984375,,,,,,,,93177.0,3698.0,23.0,509.0,-532151293.0,324.0,50.0,-4.0,-255.0,111.0,9721.0
1362,93192.0,49734.0,57728.0,56281.0,53162.0,93190.0,3.198827028274536,,,,,,,,,,,,,2.139462646484375,-0.27983209228515626,0.55353466796875,,,,,,,,93188.0,3702.0,24.0,509.0,-533199869.0,323.0,51.0,-4.0,-232.0,24.0,9763.0
1363,93202.0,50691.0,57546.0,55678.0,53314.0,93200.0,3.198827028274536,,,,,,,,,,,,,2.143449462890625,-0.2794964294433594,0.553640869140625,,,,,,,,93197.0,3707.0,23.0,509.0,-534773757.0,327.0,50.0,-5.0,-126.0,-69.0,9948.0
1364,93212.0,51236.0,57259.0,55310.0,53537.0,93210.0,3.198827028274536,,,,,,,,,,,,,2.145994140625,-0.27953817749023435,0.553324951171875,,,,,,,,93207.0,3710.0,23.0,509.0,-534772733.0,327.0,50.0,-4.0,-56.0,30.0,9859.0
1365,93222.0,50829.0,57127.0,55532.0,53780.0,93220.0,3.198827028274536,,,,,,,,,,,,,2.14987646484375,-0.2788867492675781,0.55353173828125,,,,,,,,93217.0,3714.0,25.0,509.0,-535821309.0,328.0,53.0,-3.0,-146.0,28.0,9819.0
1366,93232.0,50531.0,56793.0,55755.0,53943.0,93230.0,3.2041056156158447,,,,,,,,,,,,,2.15270703125,-0.2786852722167969,0.5533764038085938,,,,,,,,93227.0,3717.0,24.0,509.0,-535820286.0,328.0,51.0,-4.0,-110.0,-64.0,9918.0
1367,93242.0,48461.0,57106.0,56972.0,53815.0,93240.0,3.2041056156158447,,,,,,,,,,,,,2.156522216796875,-0.27866302490234374,0.5531021728515625,,,,,,,,93237.0,3721.0,26.0,509.0,-535820286.0,329.0,54.0,-4.0,-192.0,57.0,9924.0
1368,93252.0,48822.0,57432.0,56838.0,53222.0,93250.0,3.2041056156158447,,,,,,,,,,,,,2.1590107421875,-0.2788839416503906,0.55288916015625,,,,,,,,93247.0,3723.0,26.0,509.0,-536867838.0,328.0,52.0,-3.0,-15.0,-10.0,9748.0
1369,93262.0,49161.0,57293.0,56477.0,53537.0,93260.0,3.2041056156158447,,,,,,,,,,,,,2.16330224609375,-0.278194580078125,0.5530703735351562,,,,,,,,93257.0,3727.0,25.0,509.0,-536867838.0,330.0,51.0,-2.0,38.0,-150.0,9719.0
1370,93272.0,50705.0,56714.0,55251.0,54054.0,93270.0,3.2041056156158447,,,,,,,,,,,,,2.16583447265625,-0.2780911865234375,0.55304638671875,,,,,,,,93267.0,3734.0,28.0,509.0,-1073738750.0,338.0,54.0,0.0,-120.0,-131.0,9868.0
1371,93282.0,49248.0,57030.0,56345.0,53657.0,93280.0,3.2041056156158447,,,,,,,,,,,,,2.170037353515625,-0.27730972290039063,0.5531182250976563,,,,,,,,93277.0,3737.0,30.0,509.0,-1073738750.0,337.0,57.0,0.0,-29.0,-19.0,9837.0
1372,93292.0,47564.0,57550.0,57273.0,53173.0,93290.0,3.2041056156158447,,,,,,,,,,,,,2.17271728515625,-0.27724221801757815,0.5532811279296875,,,,,,,,93287.0,3740.0,30.0,509.0,-1073738751.0,338.0,57.0,0.0,-69.0,-145.0,9941.0
1373,93302.0,48569.0,58008.0,56807.0,52304.0,93300.0,3.2041056156158447,,,,,,,,,,,,,2.174156005859375,-0.27707830810546874,0.5533399658203125,,,,,,,,93297.0,3736.0,27.0,509.0,-1072690175.0,325.0,50.0,0.0,-97.0,-133.0,9829.0
1374,93312.0,49865.0,57525.0,56052.0,53266.0,93310.0,3.2093844413757324,,,,,,,,,,,,,2.178016845703125,-0.27678585815429685,0.5533991088867187,,,,,,,,93307.0,3741.0,29.0,508.0,-1072690175.0,330.0,53.0,-8.0,-46.0,-65.0,9870.0
1375,93322.0,50273.0,57569.0,55863.0,53043.0,93320.0,3.2093844413757324,,,,,,,,,,,,,2.183460693359375,-0.27654669189453124,0.5531829223632813,,,,,,,,93317.0,3746.0,29.0,507.0,-1072690175.0,334.0,51.0,-8.0,-55.0,-55.0,9810.0
1376,93332.0,50485.0,57229.0,55816.0,53374.0,93330.0,3.2093844413757324,,,,,,,,,,,,,2.185965576171875,-0.2753232727050781,0.5538281860351563,,,,,,,,93327.0,3747.0,30.0,507.0,-1072690175.0,331.0,51.0,-8.0,-23.0,-98.0,9742.0
1377,93342.0,51273.0,57065.0,55469.0,53696.0,93340.0,3.2041056156158447,,,,,,,,,,,,,2.19002490234375,-0.27515606689453126,0.5537369384765625,,,,,,,,93337.0,3751.0,30.0,507.0,-1071641599.0,333.0,51.0,-8.0,-20.0,-96.0,9812.0
1378,93352.0,50194.0,57545.0,56117.0,53326.0,93350.0,3.2041056156158447,,,,,,,,,,,,,2.194579833984375,-0.2758814697265625,0.5530106811523438,,,,,,,,93348.0,3755.0,31.0,507.0,-1071641599.0,334.0,51.0,-8.0,-147.0,57.0,9855.0
1379,93362.0,51166.0,56800.0,55228.0,53789.0,93360.0,3.2041056156158447,,,,,,,,,,,,,2.197121337890625,-0.27541522216796877,0.5530762939453125,,,,,,,,93357.0,3758.0,32.0,508.0,-1071641599.0,335.0,50.0,-1.0,40.0,-107.0,9748.0
1380,93372.0,51156.0,56844.0,55352.0,53615.0,93370.0,3.2041056156158447,,,,,,,,,,,,,2.200037841796875,-0.27516497802734374,0.5531398315429688,,,,,,,,93367.0,3762.0,33.0,508.0,-1070591999.0,336.0,52.0,-1.0,-133.0,-164.0,9888.0
1381,93382.0,49536.0,56996.0,56239.0,53813.0,93380.0,3.2041056156158447,,,,,,,,,,,,,2.204145751953125,-0.2739427185058594,0.5538728637695313,,,,,,,,93377.0,3766.0,33.0,508.0,-1070591999.0,338.0,50.0,-1.0,-101.0,-163.0,9922.0
1382,93392.0,48506.0,57078.0,56960.0,53648.0,93390.0,3.2041056156158447,,,,,,,,,,,,,2.207005615234375,-0.2746072082519531,0.5531073608398438,,,,,,,,93387.0,3769.0,33.0,508.0,-1070591999.0,339.0,48.0,0.0,31.0,-119.0,9608.0
1383,93402.0,49318.0,57247.0,56407.0,53508.0,93400.0,3.2041056156158447,,,,,,,,,,,,,2.209623046875,-0.2754170227050781,0.5529819946289063,,,,,,,,93397.0,3773.0,35.0,508.0,-1070590975.0,342.0,50.0,-1.0,-35.0,-253.0,9739.0
1384,93412.0,49942.0,57367.0,56099.0,53254.0,93410.0,3.2041056156158447,,,,,,,,,,,,,2.213781494140625,-0.2753876953125,0.5528816528320313,,,,,,,,93407.0,3777.0,36.0,508.0,-1070590975.0,343.0,49.0,-3.0,-5.0,-211.0,9811.0
1385,93422.0,49654.0,57482.0,56245.0,52783.0,93420.0,3.2093844413757324,,,,,,,,,,,,,2.217926025390625,-0.27401007080078127,0.5528401489257813,,,,,,,,93417.0,3776.0,34.0,508.0,-1070590975.0,336.0,45.0,-2.0,36.0,-64.0,9741.0
1386,93432.0,50415.0,56754.0,55871.0,53521.0,93430.0,3.2093844413757324,,,,,,,,,,,,,2.2196552734375,-0.2747261962890625,0.55294482421875,,,,,,,,93427.0,3778.0,37.0,508.0,-1070590975.0,337.0,48.0,-3.0,-116.0,-130.0,9866.0
1387,93442.0,50304.0,57084.0,55897.0,53187.0,93440.0,3.2041056156158447,,,,,,,,,,,,,2.2196552734375,-0.2747261962890625,0.55294482421875,,,,,,,,93437.0,3782.0,37.0,509.0,-1070590975.0,339.0,46.0,0.0,45.0,-132.0,9849.0
1388,93452.0,49955.0,56897.0,56105.0,53429.0,93450.0,3.2041056156158447,,,,,,,,,,,,,2.2196552734375,-0.2747261962890625,0.55294482421875,,,,,,,,93447.0,3786.0,37.0,509.0,-1070590975.0,342.0,45.0,1.0,-24.0,-52.0,9816.0
1389,93462.0,50584.0,56923.0,55558.0,53088.0,93460.0,3.2093844413757324,,,,,,,,,,,,,2.2196552734375,-0.2747261962890625,0.55294482421875,,,,,,,,93457.0,3790.0,38.0,509.0,-1070589951.0,343.0,44.0,1.0,-29.0,-129.0,9827.0
1390,93472.0,49233.0,56788.0,56586.0,53596.0,93470.0,3.2041056156158447,,,,,,,,,,,,,2.2196552734375,-0.2747261962890625,0.55294482421875,,,,,,,,93467.0,3793.0,38.0,509.0,-1070589951.0,344.0,43.0,1.0,-131.0,-286.0,9919.0
1391,93482.0,48768.0,57374.0,56771.0,52979.0,93480.0,3.2041056156158447,,,,,,,,,,,,,2.2196552734375,-0.2747261962890625,0.55294482421875,,,,,,,,93477.0,3795.0,41.0,509.0,-1070589951.0,344.0,46.0,2.0,3.0,-186.0,9869.0
1392,93492.0,49669.0,57444.0,55816.0,52561.0,93490.0,3.2041056156158447,,,,,,,,,,,,,2.2196552734375,-0.2747261962890625,0.55294482421875,,,,,,,,93487.0,3802.0,38.0,510.0,-1069541375.0,351.0,40.0,9.0,57.0,-154.0,9670.0
1393,93502.0,50490.0,56445.0,55092.0,53550.0,93500.0,3.2093844413757324,,,,,,,,,,,,,2.2196552734375,-0.2747261962890625,0.55294482421875,,,,,,,,93497.0,3807.0,39.0,511.0,-1069541375.0,356.0,40.0,9.0,0.0,-244.0,9755.0
1394,93512.0,50284.0,57053.0,55264.0,52839.0,93510.0,3.2093844413757324,,,,,,,,,,,,,2.2196552734375,-0.2747261962890625,0.55294482421875,,,,,,,,93507.0,3809.0,39.0,511.0,-1069541375.0,354.0,38.0,8.0,3.0,-320.0,9890.0
1395,93522.0,50530.0,56674.0,55128.0,53209.0,93520.0,3.2093844413757324,,,,,,,,,,,,,2.2196552734375,-0.2747261962890625,0.55294482421875,,,,,,,,93517.0,3813.0,41.0,511.0,-1069541375.0,356.0,40.0,8.0,47.0,-116.0,9654.0
1396,93532.0,50532.0,56121.0,55032.0,53500.0,93530.0,3.214663028717041,,,,,,,,,,,,,2.2196552734375,-0.2747261962890625,0.55294482421875,,,,,,,,93527.0,3819.0,41.0,511.0,-1069540351.0,363.0,37.0,9.0,-35.0,-212.0,9810.0
1397,93542.0,48903.0,56979.0,56174.0,52966.0,93540.0,3.2093844413757324,,,,,,,,,,,,,2.2196552734375,-0.2747261962890625,0.55294482421875,,,,,,,,93537.0,3823.0,41.0,511.0,-1069540351.0,365.0,36.0,8.0,-9.0,-234.0,9856.0
1398,93552.0,49605.0,56778.0,55688.0,52776.0,93550.0,3.214663028717041,,,,,,,,,,,,,2.2196552734375,-0.2747261962890625,0.55294482421875,,,,,,,,93547.0,3825.0,41.0,511.0,-1069540351.0,365.0,34.0,8.0,0.0,-30.0,9749.0
1399,93562.0,48455.0,57129.0,56230.0,52644.0,93560.0,3.214663028717041,,,,,,,,,,,,,2.2196552734375,-0.2747261962890625,0.55294482421875,,,,,,,,93557.0,3828.0,42.0,511.0,-1069541375.0,364.0,34.0,8.0,1.0,-216.0,9761.0
1400,93572.0,48451.0,56858.0,56616.0,53269.0,93570.0,3.214663028717041,,,,,,,,,,,,,2.2196552734375,-0.2747261962890625,0.55294482421875,,,,,,,,93567.0,3830.0,42.0,510.0,-1069541375.0,364.0,32.0,0.0,-13.0,-298.0,9662.0
1401,93582.0,49523.0,57014.0,55801.0,53255.0,93580.0,3.214663028717041,,,,,,,,,,,,,2.2196552734375,-0.2747261962890625,0.55294482421875,,,,,,,,93577.0,3834.0,42.0,510.0,-1069541375.0,365.0,31.0,-1.0,-20.0,-185.0,9890.0
1402,93592.0,50966.0,56640.0,55068.0,53638.0,93590.0,3.2093844413757324,,,,,,,,,,,,,2.2196552734375,-0.2747261962890625,0.55294482421875,,,,,,,,93587.0,3841.0,42.0,510.0,-1069541375.0,374.0,30.0,-1.0,0.0,-163.0,9817.0
1403,93602.0,48966.0,56479.0,56534.0,53829.0,93600.0,3.2093844413757324,,,,,,,,,,,,,2.2196552734375,-0.2747261962890625,0.55294482421875,,,,,,,,93597.0,3843.0,44.0,510.0,-1069541376.0,373.0,31.0,0.0,12.0,-173.0,9673.0
1404,93612.0,48114.0,57472.0,57001.0,52786.0,93610.0,3.2093844413757324,,,,,,,,,,,,,2.2196552734375,-0.2747261962890625,0.55294482421875,,,,,,,,93607.0,3846.0,44.0,510.0,-1069542400.0,371.0,30.0,-2.0,-33.0,-262.0,9814.0
1405,93622.0,49192.0,56974.0,56730.0,53386.0,93620.0,3.2041056156158447,,,,,,,,,,,,,2.2196552734375,-0.2747261962890625,0.55294482421875,,,,,,,,93617.0,3848.0,44.0,510.0,-1069542400.0,370.0,29.0,-3.0,-36.0,-49.0,9684.0
1406,93632.0,48757.0,57039.0,56768.0,53667.0,93630.0,3.2041056156158447,,,,,,,,,,,,,2.2196552734375,-0.2747261962890625,0.55294482421875,,,,,,,,93627.0,3858.0,47.0,510.0,-1070590976.0,383.0,32.0,-4.0,-53.0,-191.0,9651.0
1407,93642.0,50020.0,57106.0,56156.0,53355.0,93640.0,3.2041056156158447,,,,,,,,,,,,,2.2196552734375,-0.2747261962890625,0.55294482421875,,,,,,,,93637.0,3861.0,47.0,510.0,-1070592000.0,383.0,30.0,-5.0,-22.0,-162.0,9864.0
1408,93652.0,49597.0,57383.0,56280.0,53227.0,93650.0,3.2041056156158447,,,,,,,,,,,,,2.2196552734375,-0.2747261962890625,0.55294482421875,,,,,,,,93647.0,3863.0,48.0,509.0,-1070592000.0,381.0,31.0,-5.0,-126.0,-79.0,9853.0
1409,93662.0,50462.0,57595.0,56162.0,53272.0,93660.0,3.198827028274536,,,,,,,,,,,,,2.2196552734375,-0.2747261962890625,0.55294482421875,,,,,,,,93657.0,3866.0,48.0,508.0,-1070592000.0,380.0,29.0,-11.0,-44.0,-167.0,9710.0
1410,93672.0,51189.0,57446.0,55310.0,53474.0,93670.0,3.2041056156158447,,,,,,,,,,,,,2.2196552734375,-0.2747261962890625,0.55294482421875,,,,,,,,93667.0,3874.0,47.0,508.0,-1070592000.0,389.0,27.0,-12.0,-66.0,-153.0,9827.0
1411,93682.0,51624.0,56999.0,55446.0,54278.0,93680.0,3.1935484409332275,,,,,,,,,,,,,2.2196552734375,-0.2747261962890625,0.55294482421875,,,,,,,,93677.0,3878.0,48.0,508.0,-1069543424.0,390.0,26.0,-12.0,-132.0,-127.0,9982.0
1412,93692.0,50010.0,57309.0,56513.0,54054.0,93690.0,3.1935484409332275,,,,,,,,,,,,,2.2196552734375,-0.2747261962890625,0.55294482421875,,,,,,,,93687.0,3881.0,50.0,508.0,-1069544448.0,389.0,28.0,-11.0,-10.0,-164.0,9759.0
1413,93702.0,49126.0,57833.0,56945.0,53483.0,93700.0,3.1935484409332275,,,,,,,,,,,,,2.323743896484375,-0.2708388671875,0.5529782104492188,,,,,,,,93697.0,3882.0,50.0,508.0,-1069544448.0,385.0,26.0,-9.0,-96.0,-216.0,9789.0
1414,93712.0,49368.0,57454.0,56824.0,53614.0,93710.0,3.198827028274536,,,,,,,,,,,,,2.32667041015625,-0.27161846923828126,0.5531483154296875,,,,,,,,93707.0,3885.0,50.0,508.0,-1069544448.0,385.0,25.0,-10.0,-135.0,-228.0,9883.0
1415,93722.0,49755.0,58009.0,56434.0,52990.0,93720.0,3.198827028274536,,,,,,,,,,,,,2.331086181640625,-0.26983380126953127,0.554346923828125,,,,,,,,93717.0,3891.0,49.0,508.0,-1069544448.0,389.0,23.0,-10.0,-76.0,-118.0,9764.0
1416,93732.0,50894.0,56931.0,55800.0,54112.0,93730.0,3.198827028274536,,,,,,,,,,,,,2.331086181640625,-0.26983380126953127,0.554346923828125,,,,,,,,93727.0,3898.0,49.0,508.0,-1069544448.0,396.0,22.0,-9.0,-35.0,-231.0,9753.0
1417,93742.0,50256.0,57056.0,56171.0,53751.0,93740.0,3.2041056156158447,,,,,,,,,,,,,2.331086181640625,-0.26983380126953127,0.554346923828125,,,,,,,,93738.0,3902.0,50.0,508.0,-1069544448.0,396.0,21.0,-10.0,-8.0,-238.0,9790.0
1418,93752.0,49719.0,57164.0,56518.0,53703.0,93750.0,3.2041056156158447,,,,,,,,,,,,,2.331086181640625,-0.26983380126953127,0.554346923828125,,,,,,,,93747.0,3903.0,50.0,508.0,-1069545472.0,392.0,20.0,-10.0,-97.0,-120.0,9894.0
1419,93762.0,50229.0,57156.0,56323.0,53482.0,93760.0,3.2041056156158447,,,,,,,,,,,,,2.331086181640625,-0.26983380126953127,0.554346923828125,,,,,,,,93757.0,3906.0,51.0,507.0,-1069545472.0,391.0,21.0,-9.0,-112.0,-70.0,9934.0
1420,93772.0,49106.0,56907.0,56999.0,53887.0,93770.0,3.2041056156158447,,,,,,,,,,,,,2.331086181640625,-0.26983380126953127,0.554346923828125,,,,,,,,93767.0,3911.0,52.0,507.0,-1070595072.0,394.0,20.0,-9.0,-127.0,-286.0,9937.0
1421,93782.0,48685.0,56946.0,57290.0,53782.0,93780.0,3.2041056156158447,,,,,,,,,,,,,2.331086181640625,-0.26983380126953127,0.554346923828125,,,,,,,,93777.0,3915.0,52.0,507.0,-1070595072.0,393.0,19.0,-8.0,-226.0,-180.0,9946.0
1422,93792.0,48944.0,57705.0,57082.0,53086.0,93790.0,3.2041056156158447,,,,,,,,,,,,,2.331086181640625,-0.26983380126953127,0.554346923828125,,,,,,,,93787.0,3917.0,52.0,507.0,-1070596096.0,390.0,18.0,-10.0,-171.0,-120.0,10003.0
1423,93802.0,50029.0,57651.0,56545.0,53225.0,93800.0,3.198827028274536,,,,,,,,,,,,,2.331086181640625,-0.26983380126953127,0.554346923828125,,,,,,,,93797.0,3922.0,52.0,506.0,-1070596096.0,393.0,18.0,-9.0,-167.0,-99.0,9781.0
1424,93812.0,50309.0,57837.0,56308.0,52980.0,93810.0,3.198827028274536,,,,,,,,,,,,,2.331086181640625,-0.26983380126953127,0.554346923828125,,,,,,,,93807.0,3927.0,53.0,506.0,-1070071808.0,394.0,17.0,-8.0,-181.0,-245.0,9963.0
1425,93822.0,51219.0,57177.0,55711.0,53669.0,93820.0,3.198827028274536,,,,,,,,,,,,,2.371465087890625,-0.2722821350097656,0.5536137084960937,,,,,,,,93817.0,3931.0,53.0,506.0,-1070071808.0,394.0,16.0,-7.0,-255.0,-84.0,9906.0
1426,93832.0,51248.0,57135.0,55975.0,54165.0,93830.0,3.2041056156158447,,,,,,,,,,,,,2.371465087890625,-0.2722821350097656,0.5536137084960937,,,,,,,,93827.0,3935.0,53.0,504.0,-1070070783.0,395.0,15.0,-20.0,-237.0,-52.0,9859.0
1427,93842.0,50826.0,56997.0,56471.0,54517.0,93840.0,3.198827028274536,,,,,,,,,,,,,2.371465087890625,-0.2722821350097656,0.5536137084960937,,,,,,,,93837.0,3939.0,54.0,503.0,-1070070783.0,394.0,16.0,-19.0,-121.0,-243.0,9880.0
1428,93852.0,51344.0,57236.0,56185.0,54126.0,93850.0,3.198827028274536,,,,,,,,,,,,,2.371465087890625,-0.2722821350097656,0.5536137084960937,,,,,,,,93847.0,3942.0,54.0,503.0,-1070070783.0,394.0,15.0,-19.0,-144.0,-120.0,9827.0
1429,93862.0,51057.0,56903.0,56489.0,54823.0,93860.0,3.1935484409332275,,,,,,,,,,,,,2.371465087890625,-0.2722821350097656,0.5536137084960937,,,,,,,,93857.0,3947.0,54.0,503.0,-1070070783.0,395.0,14.0,-19.0,-265.0,13.0,9838.0
1430,93872.0,50373.0,56906.0,57036.0,54778.0,93870.0,3.1935484409332275,,,,,,,,,,,,,2.371465087890625,-0.2722821350097656,0.5536137084960937,,,,,,,,93867.0,3950.0,54.0,503.0,-1070070783.0,393.0,13.0,-18.0,-301.0,-166.0,9838.0
1431,93882.0,48872.0,57729.0,57733.0,53893.0,93880.0,3.1935484409332275,,,,,,,,,,,,,2.371465087890625,-0.2722821350097656,0.5536137084960937,,,,,,,,93877.0,3954.0,55.0,503.0,-1070070783.0,392.0,14.0,-15.0,-233.0,-230.0,9924.0
1432,93892.0,50301.0,57245.0,56843.0,54381.0,93890.0,3.1935484409332275,,,,,,,,,,,,,2.371465087890625,-0.2722821350097656,0.5536137084960937,,,,,,,,93887.0,3959.0,55.0,503.0,-1070070783.0,394.0,13.0,-14.0,-222.0,-95.0,9949.0
1433,93902.0,50783.0,57704.0,56604.0,53580.0,93900.0,3.1935484409332275,,,,,,,,,,,,,2.371465087890625,-0.2722821350097656,0.5536137084960937,,,,,,,,93897.0,3962.0,54.0,503.0,-1070070783.0,391.0,11.0,-12.0,-116.0,-138.0,9812.0
1434,93912.0,50159.0,56858.0,56998.0,54677.0,93910.0,3.1935484409332275,,,,,,,,,,,,,2.371465087890625,-0.2722821350097656,0.5536137084960937,,,,,,,,93907.0,3968.0,55.0,503.0,-1071119359.0,395.0,11.0,-12.0,-136.0,-191.0,9874.0
1435,93922.0,49606.0,56888.0,57148.0,54025.0,93920.0,3.198827028274536,,,,,,,,,,,,,2.371465087890625,-0.2722821350097656,0.5536137084960937,,,,,,,,93917.0,3971.0,55.0,504.0,-1071119359.0,394.0,10.0,-6.0,-216.0,-96.0,9984.0
1436,93932.0,49046.0,57317.0,57370.0,53620.0,93930.0,3.198827028274536,,,,,,,,,,,,,2.371465087890625,-0.2722821350097656,0.5536137084960937,,,,,,,,93927.0,3977.0,56.0,504.0,-1071119359.0,397.0,10.0,-4.0,-325.0,-54.0,9911.0
1437,93942.0,49478.0,57166.0,57191.0,53614.0,93940.0,3.198827028274536,,,,,,,,,,,,,2.371465087890625,-0.2722821350097656,0.5536137084960937,,,,,,,,93937.0,3979.0,56.0,504.0,-1071119359.0,393.0,10.0,-3.0,-318.0,-48.0,9850.0
1438,93952.0,49169.0,57597.0,57126.0,52973.0,93950.0,3.2041056156158447,,,,,,,,,,,,,2.371465087890625,-0.2722821350097656,0.5536137084960937,,,,,,,,93947.0,3983.0,56.0,504.0,-1072166911.0,394.0,10.0,-3.0,-219.0,-91.0,9981.0
1439,93962.0,49925.0,57546.0,56628.0,52773.0,93960.0,3.2041056156158447,,,,,,,,,,,,,2.371465087890625,-0.2722821350097656,0.5536137084960937,,,,,,,,93957.0,3986.0,57.0,504.0,-1072166911.0,392.0,10.0,0.0,-223.0,-18.0,9936.0
1440,93972.0,50697.0,57399.0,56179.0,52726.0,93970.0,3.2041056156158447,,,,,,,,,,,,,2.371465087890625,-0.2722821350097656,0.5536137084960937,,,,,,,,93967.0,3993.0,56.0,504.0,-1072165887.0,395.0,8.0,1.0,-146.0,-8.0,9800.0
1441,93982.0,50124.0,57047.0,56498.0,53267.0,93980.0,3.2041056156158447,,,,,,,,,,,,,2.371465087890625,-0.2722821350097656,0.5536137084960937,,,,,,,,93977.0,3996.0,56.0,504.0,-1072165887.0,394.0,8.0,1.0,-215.0,-120.0,9810.0
1442,93992.0,49819.0,57073.0,56939.0,52954.0,93990.0,3.2041056156158447,,,,,,,,,,,,,2.371465087890625,-0.2722821350097656,0.5536137084960937,,,,,,,,93987.0,3998.0,56.0,504.0,-1072164862.0,388.0,8.0,1.0,-216.0,-12.0,9987.0
1443,94002.0,48758.0,56587.0,57073.0,53560.0,94000.0,3.2093844413757324,,,,,,,,,,,,,2.371465087890625,-0.2722821350097656,0.5536137084960937,,,,,,,,93997.0,4002.0,56.0,505.0,-1072163838.0,389.0,7.0,5.0,-280.0,-87.0,9907.0
1444,94012.0,48624.0,56982.0,57183.0,52947.0,94010.0,3.2093844413757324,,,,,,,,,,,,,2.371465087890625,-0.2722821350097656,0.5536137084960937,,,,,,,,94007.0,4007.0,56.0,505.0,-1072162814.0,389.0,6.0,7.0,-331.0,-161.0,9757.0
1445,94022.0,50087.0,56994.0,56322.0,52757.0,94020.0,3.2093844413757324,,,,,,,,,,,,,2.447981689453125,-0.27747564697265625,0.5548765869140625,,,,,,,,94017.0,4011.0,56.0,505.0,-1072161790.0,387.0,6.0,6.0,-358.0,-113.0,9844.0
1446,94032.0,49598.0,56612.0,56464.0,53475.0,94030.0,3.2093844413757324,,,,,,,,,,,,,2.4512958984375,-0.2748800964355469,0.5568372802734375,,,,,,,,94027.0,4012.0,56.0,505.0,-1072161790.0,381.0,6.0,6.0,-397.0,-25.0,9864.0
1447,94042.0,49649.0,56692.0,56529.0,53161.0,94040.0,3.2093844413757324,,,,,,,,,,,,,2.4512958984375,-0.2748800964355469,0.5568372802734375,,,,,,,,94037.0,4013.0,56.0,505.0,-1072160766.0,374.0,6.0,8.0,-387.0,-42.0,9751.0
1448,94052.0,50064.0,56401.0,56206.0,53308.0,94050.0,3.2093844413757324,,,,,,,,,,,,,2.4512958984375,-0.2748800964355469,0.5568372802734375,,,,,,,,94047.0,4021.0,57.0,506.0,-1072159742.0,378.0,6.0,10.0,-364.0,-137.0,9867.0
1449,94062.0,49199.0,56038.0,56929.0,53566.0,94060.0,3.2093844413757324,,,,,,,,,,,,,2.4512958984375,-0.2748800964355469,0.5568372802734375,,,,,,,,94057.0,4023.0,57.0,506.0,-1073207294.0,374.0,7.0,10.0,-449.0,-26.0,9852.0
1450,94072.0,48941.0,56429.0,56895.0,53309.0,94070.0,3.2093844413757324,,,,,,,,,,,,,2.4512958984375,-0.2748800964355469,0.5568372802734375,,,,,,,,94067.0,4025.0,57.0,506.0,-1073207294.0,368.0,7.0,11.0,-515.0,-48.0,9733.0
1451,94082.0,49350.0,56297.0,56868.0,53152.0,94080.0,3.2093844413757324,,,,,,,,,,,,,2.4512958984375,-0.2748800964355469,0.5568372802734375,,,,,,,,94077.0,4028.0,57.0,506.0,-1073206269.0,363.0,7.0,10.0,-414.0,-59.0,9698.0
1452,94092.0,49270.0,56479.0,56870.0,53364.0,94090.0,3.2093844413757324,,,,,,,,,,,,,2.4512958984375,-0.2748800964355469,0.5568372802734375,,,,,,,,94087.0,4035.0,58.0,505.0,-536335357.0,368.0,8.0,6.0,-459.0,-75.0,9705.0
1453,94102.0,50170.0,56981.0,56385.0,52604.0,94100.0,3.2093844413757324,,,,,,,,,,,,,2.4512958984375,-0.2748800964355469,0.5568372802734375,,,,,,,,94097.0,4037.0,58.0,505.0,-536334333.0,362.0,8.0,5.0,-498.0,2.0,9743.0
1454,94112.0,50501.0,56559.0,56125.0,53175.0,94110.0,3.2093844413757324,,,,,,,,,,,,,2.4512958984375,-0.2748800964355469,0.5568372802734375,,,,,,,,94107.0,4039.0,58.0,505.0,-536334333.0,355.0,8.0,4.0,-480.0,-95.0,9796.0
1455,94122.0,49963.0,56807.0,56464.0,52941.0,94120.0,3.2093844413757324,,,,,,,,,,,,,2.4512958984375,-0.2748800964355469,0.5568372802734375,,,,,,,,94117.0,4043.0,58.0,505.0,-536333309.0,353.0,8.0,4.0,-529.0,-138.0,9815.0
1456,94132.0,48801.0,56271.0,57033.0,53393.0,94130.0,3.2093844413757324,,,,,,,,,,,,,2.4512958984375,-0.2748800964355469,0.5568372802734375,,,,,,,,94127.0,4050.0,58.0,506.0,-536333309.0,356.0,8.0,9.0,-469.0,-77.0,9657.0
1457,94142.0,48466.0,57209.0,57039.0,52534.0,94140.0,3.2093844413757324,,,,,,,,,,,,,2.4512958984375,-0.2748800964355469,0.5568372802734375,,,,,,,,94137.0,4052.0,58.0,507.0,-536332285.0,349.0,8.0,9.0,-553.0,-143.0,9697.0
1458,94152.0,49993.0,57036.0,56215.0,52580.0,94150.0,3.2093844413757324,,,,,,,,,,,,,2.4512958984375,-0.2748800964355469,0.5568372802734375,,,,,,,,94147.0,4053.0,58.0,507.0,-536331261.0,342.0,7.0,7.0,-501.0,-42.0,9829.0
1459,94162.0,50137.0,56779.0,56230.0,52711.0,94160.0,3.2093844413757324,,,,,,,,,,,,,2.4512958984375,-0.2748800964355469,0.5568372802734375,,,,,,,,94157.0,4057.0,58.0,507.0,-536331261.0,338.0,7.0,7.0,-664.0,-31.0,9728.0
1460,94172.0,48831.0,56615.0,57071.0,53002.0,94170.0,3.2093844413757324,,,,,,,,,,,,,2.4512958984375,-0.2748800964355469,0.5568372802734375,,,,,,,,94167.0,4063.0,60.0,508.0,-536330237.0,338.0,12.0,15.0,-527.0,-112.0,9679.0
1461,94182.0,48808.0,55973.0,56874.0,53380.0,94180.0,3.2093844413757324,,,,,,,,,,,,,2.508236328125,-0.2779248352050781,0.5600914916992188,,,,,,,,94177.0,4066.0,60.0,508.0,-536329212.0,334.0,12.0,13.0,-612.0,-75.0,9752.0
1462,94192.0,48172.0,56947.0,57031.0,52139.0,94190.0,3.214663028717041,,,,,,,,,,,,,2.511724365234375,-0.2779263610839844,0.5592976684570312,,,,,,,,94187.0,4068.0,60.0,509.0,-536328188.0,326.0,11.0,13.0,-692.0,-65.0,9702.0
1463,94202.0,48745.0,56698.0,56970.0,52466.0,94200.0,3.2093844413757324,,,,,,,,,,,,,2.5134248046875,-0.27728790283203125,0.559954345703125,,,,,,,,94197.0,4071.0,60.0,509.0,-536327164.0,322.0,11.0,12.0,-695.0,-24.0,9697.0
1464,94212.0,49096.0,56474.0,56442.0,52778.0,94210.0,3.2093844413757324,,,,,,,,,,,,,2.516727294921875,-0.27925680541992187,0.5588580932617188,,,,,,,,94207.0,4074.0,61.0,509.0,-536327164.0,316.0,12.0,11.0,-693.0,-84.0,9686.0
1465,94222.0,49870.0,55926.0,55596.0,52909.0,94220.0,3.214663028717041,,,,,,,,,,,,,2.516727294921875,-0.27925680541992187,0.5588580932617188,,,,,,,,94217.0,4077.0,61.0,511.0,-1073197052.0,310.0,12.0,20.0,-671.0,19.0,9659.0
1466,94232.0,50675.0,56298.0,55064.0,52369.0,94230.0,3.214663028717041,,,,,,,,,,,,,2.516727294921875,-0.27925680541992187,0.5588580932617188,,,,,,,,94227.0,4080.0,61.0,511.0,-1073197052.0,305.0,11.0,19.0,-581.0,-27.0,9584.0
1467,94242.0,50480.0,55467.0,55159.0,53504.0,94240.0,3.214663028717041,,,,,,,,,,,,,2.516727294921875,-0.27925680541992187,0.5588580932617188,,,,,,,,94237.0,4083.0,62.0,511.0,-1073196028.0,299.0,13.0,17.0,-717.0,-83.0,9763.0
1468,94252.0,48648.0,55858.0,56424.0,53203.0,94250.0,3.214663028717041,,,,,,,,,,,,,2.516727294921875,-0.27925680541992187,0.5588580932617188,,,,,,,,94247.0,4089.0,62.0,511.0,-1072147452.0,300.0,12.0,16.0,-711.0,-56.0,9755.0
1469,94262.0,49397.0,56638.0,56098.0,52783.0,94260.0,3.214663028717041,,,,,,,,,,,,,2.516727294921875,-0.27925680541992187,0.5588580932617188,,,,,,,,94257.0,4093.0,64.0,510.0,-1072147452.0,295.0,15.0,7.0,-704.0,-121.0,9646.0
1470,94272.0,50567.0,56370.0,55267.0,53099.0,94270.0,3.214663028717041,,,,,,,,,,,,,2.516727294921875,-0.27925680541992187,0.5588580932617188,,,,,,,,94267.0,4096.0,63.0,510.0,-1072147452.0,290.0,14.0,6.0,-691.0,-179.0,9713.0
1471,94282.0,51132.0,56175.0,55113.0,53431.0,94280.0,3.2093844413757324,,,,,,,,,,,,,2.516727294921875,-0.27925680541992187,0.5588580932617188,,,,,,,,94277.0,4097.0,63.0,510.0,-1072146428.0,281.0,13.0,5.0,-720.0,50.0,9647.0
1472,94292.0,49545.0,56373.0,56195.0,53400.0,94290.0,3.2093844413757324,,,,,,,,,,,,,2.516727294921875,-0.27925680541992187,0.5588580932617188,,,,,,,,94287.0,4101.0,63.0,510.0,-1072146428.0,276.0,12.0,4.0,-891.0,-116.0,9695.0
1473,94302.0,49683.0,56616.0,56381.0,53245.0,94300.0,3.2041056156158447,,,,,,,,,,,,,2.542685302734375,-0.2787491455078125,0.559251708984375,,,,,,,,94297.0,4103.0,62.0,510.0,-1071097852.0,269.0,11.0,2.0,-692.0,-102.0,9633.0
1474,94312.0,49278.0,56851.0,56359.0,53153.0,94310.0,3.2093844413757324,,,,,,,,,,,,,2.542685302734375,-0.2787491455078125,0.559251708984375,,,,,,,,94307.0,4106.0,63.0,510.0,-1071097852.0,265.0,11.0,0.0,-769.0,-44.0,9610.0
1475,94322.0,49662.0,57053.0,56360.0,53063.0,94320.0,3.2041056156158447,,,,,,,,,,,,,2.542685302734375,-0.2787491455078125,0.559251708984375,,,,,,,,94317.0,4112.0,65.0,510.0,-1071096828.0,264.0,14.0,-1.0,-705.0,-109.0,9676.0
1476,94332.0,50823.0,56786.0,55647.0,53322.0,94330.0,3.2041056156158447,,,,,,,,,,,,,2.55323291015625,-0.2806199035644531,0.5586902465820313,,,,,,,,94327.0,4114.0,65.0,510.0,-1071096828.0,258.0,13.0,-3.0,-753.0,-142.0,9705.0
1477,94342.0,49730.0,56716.0,56512.0,53421.0,94340.0,3.2041056156158447,,,,,,,,,,,,,2.5549833984375,-0.28079541015625,0.5590796508789062,,,,,,,,94337.0,4112.0,66.0,510.0,-1070047228.0,243.0,13.0,-4.0,-757.0,-108.0,9553.0
1478,94352.0,49959.0,56924.0,56616.0,53435.0,94350.0,3.2041056156158447,,,,,,,,,,,,,2.5549833984375,-0.28079541015625,0.5590796508789062,,,,,,,,94347.0,4113.0,64.0,509.0,-1070047228.0,233.0,10.0,-11.0,-716.0,-114.0,9626.0
1479,94362.0,49113.0,56658.0,57239.0,53860.0,94360.0,3.2041056156158447,,,,,,,,,,,,,2.5549833984375,-0.28079541015625,0.5590796508789062,,,,,,,,94357.0,4115.0,66.0,509.0,-1070046204.0,228.0,12.0,-13.0,-804.0,-120.0,9732.0
1480,94372.0,48916.0,56779.0,57423.0,54146.0,94370.0,3.198827028274536,,,,,,,,,,,,,2.560683349609375,-0.27730096435546875,0.5601384887695312,,,,,,,,94367.0,4121.0,66.0,509.0,-1070046204.0,227.0,11.0,-15.0,-770.0,-112.0,9693.0
1481,94382.0,50879.0,56887.0,56237.0,53841.0,94380.0,3.198827028274536,,,,,,,,,,,,,2.560683349609375,-0.27730096435546875,0.5601384887695312,,,,,,,,94377.0,4123.0,66.0,508.0,-1070046204.0,220.0,9.0,-15.0,-622.0,-152.0,9658.0
1482,94392.0,50874.0,56043.0,56170.0,54826.0,94390.0,3.198827028274536,,,,,,,,,,,,,2.564609130859375,-0.27928182983398436,0.5591237182617188,,,,,,,,94387.0,4125.0,66.0,509.0,-1070046205.0,214.0,8.0,-15.0,-825.0,-175.0,9848.0
1483,94402.0,51021.0,56581.0,56160.0,54129.0,94400.0,3.198827028274536,,,,,,,,,,,,,2.564609130859375,-0.27928182983398436,0.5591237182617188,,,,,,,,94397.0,4127.0,66.0,509.0,-1070046205.0,207.0,7.0,-15.0,-822.0,-114.0,9652.0
1484,94412.0,49382.0,56816.0,57265.0,54016.0,94410.0,3.198827028274536,,,,,,,,,,,,,2.564609130859375,-0.27928182983398436,0.5591237182617188,,,,,,,,94407.0,4125.0,69.0,508.0,-1070045181.0,192.0,11.0,-16.0,-750.0,-176.0,9542.0
1485,94422.0,50174.0,57148.0,57017.0,53839.0,94420.0,3.1935484409332275,,,,,,,,,,,,,2.564609130859375,-0.27928182983398436,0.5591237182617188,,,,,,,,94417.0,4129.0,69.0,508.0,-1070046205.0,189.0,10.0,-18.0,-847.0,-157.0,9803.0
1486,94432.0,50274.0,57196.0,56749.0,53703.0,94430.0,3.198827028274536,,,,,,,,,,,,,2.564609130859375,-0.27928182983398436,0.5591237182617188,,,,,,,,94427.0,4132.0,69.0,508.0,-1070046205.0,183.0,9.0,-19.0,-817.0,-70.0,9793.0
1487,94442.0,51590.0,57265.0,56047.0,53613.0,94440.0,3.198827028274536,,,,,,,,,,,,,2.564609130859375,-0.27928182983398436,0.5591237182617188,,,,,,,,94437.0,4133.0,69.0,508.0,-1070046205.0,176.0,7.0,-18.0,-730.0,-199.0,9779.0
1488,94452.0,51468.0,57162.0,56243.0,53672.0,94450.0,3.1935484409332275,,,,,,,,,,,,,2.564609130859375,-0.27928182983398436,0.5591237182617188,,,,,,,,94447.0,4137.0,68.0,508.0,-1070046205.0,173.0,6.0,-18.0,-734.0,-259.0,9839.0
1489,94462.0,51159.0,56751.0,56375.0,54309.0,94460.0,3.1935484409332275,,,,,,,,,,,,,2.564609130859375,-0.27928182983398436,0.5591237182617188,,,,,,,,94457.0,4141.0,68.0,508.0,-1068997629.0,170.0,5.0,-18.0,-841.0,-110.0,9761.0
1490,94472.0,50537.0,57450.0,56955.0,53356.0,94470.0,3.1935484409332275,,,,,,,,,,,,,2.5818720703125,-0.2792167663574219,0.5584535522460937,,,,,,,,94467.0,4141.0,69.0,507.0,-1068997629.0,161.0,5.0,-18.0,-854.0,-30.0,9800.0
1491,94482.0,50052.0,58032.0,56976.0,52805.0,94480.0,3.198827028274536,,,,,,,,,,,,,2.5818720703125,-0.2792167663574219,0.5584535522460937,,,,,,,,94477.0,4144.0,68.0,507.0,-1068998652.0,156.0,3.0,-21.0,-889.0,-207.0,9868.0
1492,94492.0,51007.0,57394.0,56554.0,53715.0,94490.0,3.198827028274536,,,,,,,,,,,,,2.5818720703125,-0.2792167663574219,0.5584535522460937,,,,,,,,94487.0,4144.0,69.0,507.0,-1068998652.0,148.0,3.0,-20.0,-843.0,-117.0,9854.0
1493,94502.0,51867.0,57293.0,55789.0,53534.0,94500.0,3.198827028274536,,,,,,,,,,,,,2.5818720703125,-0.2792167663574219,0.5584535522460937,,,,,,,,94497.0,4145.0,69.0,506.0,-1067950076.0,140.0,1.0,-19.0,-623.0,-118.0,9833.0
1494,94512.0,50241.0,56839.0,57040.0,54445.0,94510.0,3.198827028274536,,,,,,,,,,,,,2.5818720703125,-0.2792167663574219,0.5584535522460937,,,,,,,,94507.0,4147.0,69.0,506.0,-1067950076.0,134.0,0.0,-19.0,-727.0,-305.0,9861.0
1495,94522.0,49457.0,56411.0,57419.0,54721.0,94520.0,3.1935484409332275,,,,,,,,,,,,,2.5818720703125,-0.2792167663574219,0.5584535522460937,,,,,,,,94517.0,4146.0,72.0,506.0,-1067950076.0,124.0,4.0,-18.0,-873.0,-177.0,9892.0
1496,94532.0,50552.0,56866.0,56683.0,54129.0,94530.0,3.198827028274536,,,,,,,,,,,,,2.592056640625,-0.2817750549316406,0.5561229858398438,,,,,,,,94527.0,4149.0,72.0,506.0,-1067950076.0,120.0,2.0,-17.0,-602.0,-216.0,9844.0
1497,94542.0,51008.0,56763.0,56485.0,54082.0,94540.0,3.198827028274536,,,,,,,,,,,,,2.5929404296875,-0.2811407470703125,0.556583984375,,,,,,,,94537.0,4150.0,72.0,506.0,-1067950076.0,113.0,1.0,-17.0,-799.0,-261.0,9724.0
1498,94552.0,49959.0,56045.0,57210.0,54964.0,94550.0,3.198827028274536,,,,,,,,,,,,,2.594243896484375,-0.28053390502929687,0.5569158935546875,,,,,,,,94547.0,4153.0,74.0,506.0,-1067950076.0,110.0,2.0,-17.0,-847.0,-203.0,9954.0
1499,94562.0,49824.0,57490.0,57196.0,53369.0,94560.0,3.198827028274536,,,,,,,,,,,,,2.594243896484375,-0.28053390502929687,0.5569158935546875,,,,,,,,94557.0,4154.0,74.0,505.0,-1068999676.0,104.0,1.0,-18.0,-772.0,-147.0,9909.0
1500,94572.0,50904.0,56424.0,56583.0,54614.0,94570.0,3.198827028274536,,,,,,,,,,,,,2.596595947265625,-0.281434814453125,0.5562964477539063,,,,,,,,94567.0,4156.0,73.0,505.0,-1068999676.0,99.0,-1.0,-17.0,-859.0,-112.0,9709.0
1501,94582.0,52011.0,57077.0,55913.0,53652.0,94580.0,3.198827028274536,,,,,,,,,,,,,2.596595947265625,-0.281434814453125,0.5562964477539063,,,,,,,,94577.0,4159.0,73.0,505.0,-1068999676.0,96.0,-2.0,-17.0,-646.0,-135.0,9846.0
1502,94592.0,51260.0,56928.0,56369.0,54011.0,94590.0,3.198827028274536,,,,,,,,,,,,,2.597957275390625,-0.28055419921875,0.5568634033203125,,,,,,,,94587.0,4160.0,73.0,505.0,-1069000700.0,90.0,-3.0,-17.0,-680.0,-138.0,9908.0
1503,94602.0,51057.0,56745.0,56429.0,54317.0,94600.0,3.198827028274536,,,,,,,,,,,,,2.597957275390625,-0.28055419921875,0.5568634033203125,,,,,,,,94597.0,4162.0,72.0,504.0,-1069000700.0,87.0,-5.0,-16.0,-669.0,-178.0,9900.0
1504,94612.0,50303.0,57930.0,56646.0,52512.0,94610.0,3.198827028274536,,,,,,,,,,,,,2.597957275390625,-0.28055419921875,0.5568634033203125,,,,,,,,94607.0,4163.0,72.0,506.0,-1069001724.0,81.0,-7.0,-8.0,-635.0,-196.0,9922.0
1505,94622.0,51060.0,57105.0,56139.0,53462.0,94620.0,3.198827028274536,,,,,,,,,,,,,2.597957275390625,-0.28055419921875,0.5568634033203125,,,,,,,,94617.0,4164.0,72.0,505.0,-1067953148.0,75.0,-8.0,-7.0,-624.0,-158.0,9886.0
1506,94632.0,51340.0,57085.0,55934.0,53010.0,94630.0,3.2041056156158447,,,,,,,,,,,,,2.597957275390625,-0.28055419921875,0.5568634033203125,,,,,,,,94627.0,4165.0,69.0,505.0,-1067953148.0,69.0,-13.0,-5.0,-518.0,-193.0,9846.0
1507,94642.0,49816.0,56809.0,57002.0,53795.0,94640.0,3.2041056156158447,,,,,,,,,,,,,2.60396337890625,-0.28230810546875,0.5557775268554688,,,,,,,,94637.0,4165.0,70.0,505.0,-1067954172.0,63.0,-13.0,-5.0,-582.0,-318.0,9881.0
1508,94652.0,50159.0,57203.0,56959.0,53543.0,94650.0,3.198827028274536,,,,,,,,,,,,,2.60396337890625,-0.28230810546875,0.5557775268554688,,,,,,,,94647.0,4166.0,70.0,504.0,-1067954172.0,58.0,-14.0,-10.0,-684.0,-154.0,9814.0
1509,94662.0,51048.0,57130.0,56234.0,53330.0,94660.0,3.2041056156158447,,,,,,,,,,,,,2.605889892578125,-0.2842535400390625,0.55504296875,,,,,,,,94657.0,4166.0,70.0,504.0,-1067954172.0,52.0,-16.0,-10.0,-574.0,-121.0,9805.0
1510,94672.0,50846.0,56508.0,56633.0,54177.0,94670.0,3.198827028274536,,,,,,,,,,,,,2.605889892578125,-0.2842535400390625,0.55504296875,,,,,,,,94667.0,4169.0,73.0,504.0,-1067954172.0,51.0,-12.0,-10.0,-543.0,-200.0,9734.0
1511,94682.0,49964.0,55774.0,57087.0,54836.0,94680.0,3.198827028274536,,,,,,,,,,,,,2.605889892578125,-0.2842535400390625,0.55504296875,,,,,,,,94677.0,4170.0,73.0,504.0,-1067955196.0,47.0,-13.0,-10.0,-644.0,-199.0,9888.0
1512,94692.0,49776.0,57422.0,57206.0,53338.0,94690.0,3.2041056156158447,,,,,,,,,,,,,2.605889892578125,-0.2842535400390625,0.55504296875,,,,,,,,94687.0,4171.0,72.0,503.0,-1067955196.0,42.0,-15.0,-12.0,-486.0,-169.0,9884.0
1513,94702.0,51300.0,56289.0,56358.0,54549.0,94700.0,3.198827028274536,,,,,,,,,,,,,2.606545654296875,-0.28231207275390624,0.5559842529296875,,,,,,,,94697.0,4171.0,72.0,503.0,-1069003772.0,37.0,-16.0,-11.0,-626.0,-238.0,9705.0
1514,94712.0,50218.0,56762.0,57097.0,54121.0,94710.0,3.198827028274536,,,,,,,,,,,,,2.6080556640625,-0.2830878601074219,0.5563724975585937,,,,,,,,94707.0,4172.0,72.0,503.0,-1069004796.0,31.0,-18.0,-12.0,-595.0,-156.0,9872.0
1515,94722.0,50102.0,56904.0,57075.0,54101.0,94720.0,3.198827028274536,,,,,,,,,,,,,2.608418212890625,-0.28187188720703127,0.5563883666992188,,,,,,,,94717.0,4174.0,75.0,503.0,-1070053372.0,31.0,-14.0,-12.0,-521.0,-146.0,9859.0
1516,94732.0,51246.0,56736.0,56255.0,54240.0,94730.0,3.198827028274536,,,,,,,,,,,,,2.609768798828125,-0.2844265441894531,0.55542822265625,,,,,,,,94727.0,4175.0,74.0,503.0,-1070054396.0,27.0,-16.0,-11.0,-650.0,-147.0,9768.0
1517,94742.0,51116.0,56472.0,56377.0,53972.0,94740.0,3.198827028274536,,,,,,,,,,,,,2.609768798828125,-0.2844265441894531,0.55542822265625,,,,,,,,94737.0,4175.0,74.0,504.0,-1070054396.0,22.0,-17.0,-4.0,-485.0,-92.0,9871.0
1518,94752.0,49822.0,56674.0,57024.0,54047.0,94750.0,3.198827028274536,,,,,,,,,,,,,2.609768798828125,-0.2844265441894531,0.55542822265625,,,,,,,,94747.0,4175.0,74.0,504.0,-1070054396.0,17.0,-17.0,-4.0,-505.0,-118.0,9783.0
1519,94762.0,51309.0,56904.0,56098.0,53579.0,94760.0,3.198827028274536,,,,,,,,,,,,,2.609768798828125,-0.2844265441894531,0.55542822265625,,,,,,,,94757.0,4177.0,74.0,504.0,-1070055420.0,16.0,-18.0,-4.0,-540.0,-135.0,9731.0
1520,94772.0,51776.0,56922.0,55890.0,53410.0,94770.0,3.198827028274536,,,,,,,,,,,,,2.609768798828125,-0.2844265441894531,0.55542822265625,,,,,,,,94767.0,4177.0,74.0,504.0,-1070055420.0,11.0,-18.0,-4.0,-433.0,-129.0,9849.0
1521,94782.0,50876.0,56934.0,56627.0,53697.0,94780.0,3.198827028274536,,,,,,,,,,,,,2.609768798828125,-0.2844265441894531,0.55542822265625,,,,,,,,94777.0,4177.0,74.0,503.0,-1070056444.0,7.0,-19.0,-8.0,-471.0,-146.0,9914.0
1522,94792.0,50615.0,57013.0,56780.0,53595.0,94790.0,3.198827028274536,,,,,,,,,,,,,2.609768798828125,-0.2844265441894531,0.55542822265625,,,,,,,,94787.0,4181.0,69.0,503.0,-1070056444.0,10.0,-26.0,-7.0,-450.0,-227.0,9778.0
1523,94802.0,51435.0,57237.0,56253.0,53222.0,94800.0,3.198827028274536,,,,,,,,,,,,,2.609768798828125,-0.2844265441894531,0.55542822265625,,,,,,,,94797.0,4181.0,69.0,503.0,-1070057468.0,6.0,-27.0,-7.0,-355.0,-148.0,9909.0
1524,94812.0,51423.0,56734.0,56271.0,53791.0,94810.0,3.198827028274536,,,,,,,,,,,,,2.609768798828125,-0.2844265441894531,0.55542822265625,,,,,,,,94807.0,4181.0,69.0,503.0,-1069008892.0,2.0,-28.0,-6.0,-454.0,-98.0,9838.0
1525,94822.0,50237.0,56760.0,56946.0,53593.0,94820.0,3.2041056156158447,,,,,,,,,,,,,2.609768798828125,-0.2844265441894531,0.55542822265625,,,,,,,,94817.0,4181.0,69.0,504.0,-1069008892.0,-1.0,-29.0,-1.0,-422.0,-150.0,9840.0
1526,94832.0,50167.0,56770.0,56832.0,53390.0,94830.0,3.2041056156158447,,,,,,,,,,,,,2.614146484375,-0.2874149169921875,0.5555509033203125,,,,,,,,94827.0,4181.0,68.0,504.0,-1069009916.0,-5.0,-30.0,-1.0,-347.0,-176.0,9948.0
1527,94842.0,51005.0,55931.0,56335.0,54159.0,94840.0,3.2041056156158447,,,,,,,,,,,,,2.612697021484375,-0.2836885986328125,0.5576089477539062,,,,,,,,94837.0,4186.0,73.0,504.0,-1070058492.0,0.0,-22.0,0.0,-483.0,-83.0,9861.0
1528,94852.0,50394.0,56118.0,56833.0,53825.0,94850.0,3.2041056156158447,,,,,,,,,,,,,2.614025146484375,-0.28612753295898435,0.5565224609375,,,,,,,,94847.0,4186.0,73.0,504.0,-1070058492.0,-2.0,-23.0,0.0,-400.0,-129.0,9819.0
1529,94862.0,49763.0,56011.0,57214.0,54014.0,94860.0,3.2041056156158447,,,,,,,,,,,,,2.61427734375,-0.2876617126464844,0.5559998168945313,,,,,,,,94857.0,4187.0,74.0,504.0,-1070058491.0,-5.0,-23.0,0.0,-359.0,-203.0,9896.0
1530,94872.0,50009.0,55855.0,56965.0,53790.0,94870.0,3.2093844413757324,,,,,,,,,,,,,2.614231201171875,-0.2866283264160156,0.5567760620117187,,,,,,,,94867.0,4187.0,73.0,504.0,-1071107067.0,-8.0,-24.0,2.0,-450.0,-38.0,9883.0
1531,94882.0,50632.0,55733.0,56853.0,53837.0,94880.0,3.2093844413757324,,,,,,,,,,,,,2.613491943359375,-0.2848773193359375,0.5576136474609374,,,,,,,,94877.0,4187.0,74.0,504.0,-1071108091.0,-10.0,-23.0,3.0,-356.0,-110.0,9847.0
1532,94892.0,49362.0,56914.0,57348.0,52865.0,94890.0,3.2041056156158447,,,,,,,,,,,,,2.613743408203125,-0.2849285888671875,0.558380615234375,,,,,,,,94887.0,4187.0,73.0,504.0,-1071108091.0,-14.0,-24.0,3.0,-378.0,-86.0,9842.0
1533,94902.0,38175.0,46784.0,47146.0,41829.0,94900.0,3.2041056156158447,,,,,,,,,,,,,2.615202392578125,-0.2896079406738281,0.5559668579101562,,,,,,,,94897.0,4187.0,73.0,504.0,-1072156667.0,-17.0,-24.0,3.0,-394.0,-22.0,9800.0
1534,94912.0,39118.0,46851.0,45493.0,40649.0,94910.0,3.2041056156158447,,,,,,,,,,,,,2.614623046875,-0.28849346923828123,0.556441162109375,,,,,,,,94907.0,4187.0,73.0,503.0,-1072156667.0,-20.0,-25.0,0.0,-299.0,-96.0,9842.0
1535,94922.0,36075.0,44918.0,44580.0,40103.0,94920.0,3.241055965423584,,,,,,,,,,,,,2.61445849609375,-0.2886604614257812,0.5565444946289062,,,,,,,,94917.0,4186.0,73.0,503.0,-1072156667.0,-24.0,-25.0,0.0,-369.0,-18.0,9496.0
1536,94932.0,36740.0,45134.0,43278.0,39214.0,94930.0,3.357184886932373,,,,,,,,,,,,,2.615438720703125,-0.2913672485351563,0.5556160888671875,,,,,,,,94927.0,4192.0,69.0,503.0,-1071108090.0,-16.0,-32.0,-1.0,-365.0,36.0,9343.0
1537,94942.0,39055.0,45307.0,40715.0,39050.0,94940.0,3.383577823638916,,,,,,,,,,,,,2.614435791015625,-0.28821246337890627,0.556322509765625,,,,,,,,94937.0,4191.0,69.0,503.0,-1071108091.0,-19.0,-32.0,-5.0,-223.0,87.0,9029.0
1538,94952.0,40078.0,44036.0,39408.0,40362.0,94950.0,3.394134998321533,,,,,,,,,,,,,2.614490478515625,-0.2894971008300781,0.5558997192382813,,,,,,,,94947.0,4191.0,68.0,505.0,-1071109115.0,-23.0,-33.0,-3.0,-139.0,105.0,8579.0
1539,94962.0,39953.0,44329.0,39247.0,40682.0,94960.0,3.394134998321533,,,,,,,,,,,,,2.6144462890625,-0.2895770874023437,0.5556891479492188,,,,,,,,94957.0,4194.0,65.0,505.0,-1070061563.0,-18.0,-38.0,-14.0,5.0,-21.0,8254.0
1540,94972.0,41855.0,45437.0,37345.0,40379.0,94970.0,3.399413585662842,,,,,,,,,,,,,2.61445703125,-0.28981512451171876,0.5554967651367188,,,,,,,,94967.0,4194.0,64.0,504.0,-1070061563.0,-20.0,-40.0,-29.0,-172.0,-160.0,8278.0
1541,94982.0,40979.0,44764.0,38941.0,41870.0,94980.0,3.399413585662842,,,,,,,,,,,,,2.61445703125,-0.28981512451171876,0.5554967651367188,,,,,,,,94977.0,4194.0,64.0,504.0,-1069014011.0,-23.0,-40.0,-44.0,-354.0,-248.0,7902.0
1542,94992.0,42129.0,45475.0,38513.0,42056.0,94990.0,3.394134998321533,,,,,,,,,,,,,2.61445703125,-0.28981512451171876,0.5554967651367188,,,,,,,,94987.0,4194.0,63.0,503.0,-1067967484.0,-25.0,-41.0,-61.0,-119.0,-147.0,7804.0
1543,95002.0,42967.0,45358.0,38350.0,42722.0,95000.0,3.383577823638916,,,,,,,,,,,,,2.61445703125,-0.28981512451171876,0.5554967651367188,,,,,,,,94997.0,4195.0,64.0,504.0,-1066919932.0,-24.0,-39.0,-75.0,-172.0,-157.0,7806.0
1544,95012.0,42388.0,45600.0,39378.0,43561.0,95010.0,3.3782992362976074,,,,,,,,,,,,,2.61445703125,-0.28981512451171876,0.5554967651367188,,,,,,,,95007.0,4195.0,64.0,503.0,-1065873404.0,-24.0,-41.0,-96.0,-198.0,-66.0,7585.0
1545,95022.0,42437.0,45964.0,40620.0,43818.0,95020.0,3.3782992362976074,,,,,,,,,,,,,2.61445703125,-0.28981512451171876,0.5554967651367188,,,,,,,,95017.0,4195.0,63.0,502.0,-1065874429.0,-25.0,-43.0,-117.0,-97.0,-181.0,7572.0
1546,95032.0,42706.0,46688.0,41535.0,44048.0,95030.0,3.3624634742736816,,,,,,,,,,,,,2.61445703125,-0.28981512451171876,0.5554967651367188,,,,,,,,95027.0,4197.0,64.0,501.0,-1064826877.0,-19.0,-41.0,-139.0,36.0,-195.0,7492.0
1547,95042.0,43038.0,47006.0,42297.0,44703.0,95040.0,3.3624634742736816,,,,,,,,,,,,,2.61445703125,-0.28981512451171876,0.5554967651367188,,,,,,,,95037.0,4197.0,64.0,500.0,-1064828926.0,-20.0,-43.0,-159.0,152.0,-301.0,7424.0
1548,95052.0,42287.0,47068.0,44145.0,45573.0,95050.0,3.3519062995910645,,,,,,,,,,,,,2.61445703125,-0.28981512451171876,0.5554967651367188,,,,,,,,95047.0,4196.0,63.0,498.0,-1064304638.0,-21.0,-45.0,-183.0,4.0,-266.0,7519.0
1549,95062.0,41806.0,47861.0,45799.0,45818.0,95060.0,3.346627712249756,,,,,,,,,,,,,2.61445703125,-0.28981512451171876,0.5554967651367188,,,,,,,,95057.0,4196.0,63.0,496.0,-1064303614.0,-21.0,-46.0,-207.0,74.0,-202.0,7469.0
1550,95072.0,41581.0,48600.0,47019.0,45662.0,95070.0,3.3360705375671387,,,,,,,,,,,,,2.61445703125,-0.28981512451171876,0.5554967651367188,,,,,,,,95067.0,4195.0,63.0,494.0,-1065352190.0,-22.0,-47.0,-230.0,18.0,-162.0,7420.0
1551,95082.0,41855.0,48820.0,47989.0,46089.0,95080.0,3.3360705375671387,,,,,,,,,,,,,2.61445703125,-0.28981512451171876,0.5554967651367188,,,,,,,,95077.0,4195.0,63.0,492.0,-1065352191.0,-21.0,-48.0,-249.0,-155.0,-39.0,7437.0
1552,95092.0,41808.0,49177.0,49044.0,46895.0,95090.0,3.3255133628845215,,,,,,,,,,,,,2.614275634765625,-0.29320718383789063,0.5341220092773438,,,,,,,,95087.0,4195.0,62.0,489.0,-1066400767.0,-20.0,-50.0,-272.0,-113.0,-107.0,7470.0
1553,95102.0,41792.0,50140.0,50249.0,46539.0,95100.0,3.3149561882019043,,,,,,,,,,,,,2.614275634765625,-0.29320718383789063,0.5341220092773438,,,,,,,,95097.0,4196.0,62.0,487.0,-1067449343.0,-19.0,-51.0,-296.0,130.0,-173.0,7468.0
1554,95112.0,42225.0,50779.0,51134.0,46794.0,95110.0,3.3096776008605957,,,,,,,,,,,,,2.614275634765625,-0.29320718383789063,0.5341220092773438,,,,,,,,95107.0,4195.0,62.0,484.0,-1067974655.0,-20.0,-51.0,-320.0,-32.0,-125.0,7529.0
1555,95122.0,42865.0,51303.0,51707.0,47251.0,95120.0,3.2991204261779785,,,,,,,,,,,,,2.614275634765625,-0.29320718383789063,0.5341220092773438,,,,,,,,95117.0,4195.0,63.0,480.0,-1069022207.0,-20.0,-49.0,-342.0,-173.0,20.0,7629.0
1556,95132.0,45165.0,51247.0,51129.0,47966.0,95130.0,3.2885632514953613,,,,,,,,,,,,,2.614275634765625,-0.29320718383789063,0.5341220092773438,,,,,,,,95127.0,4195.0,62.0,476.0,-1070069758.0,-19.0,-50.0,-370.0,-141.0,111.0,7638.0
1557,95142.0,45584.0,51693.0,51938.0,48406.0,95140.0,3.2885632514953613,,,,,,,,,,,,,2.614275634765625,-0.29320718383789063,0.5341220092773438,,,,,,,,95137.0,4195.0,62.0,472.0,-1071117310.0,-20.0,-51.0,-392.0,-131.0,-277.0,7974.0
1558,95152.0,46159.0,52780.0,52186.0,48416.0,95150.0,3.278006076812744,,,,,,,,,,,,,2.614275634765625,-0.29320718383789063,0.5341220092773438,,,,,,,,95147.0,4194.0,61.0,468.0,-1072164862.0,-20.0,-52.0,-411.0,-8.0,1.0,7791.0
1559,95162.0,47482.0,52222.0,52433.0,49662.0,95160.0,3.267448902130127,,,,,,,,,,,,,2.614685302734375,-0.29661117553710936,0.5049174499511718,,,,,,,,95157.0,4193.0,62.0,464.0,-1073212414.0,-23.0,-50.0,-431.0,-127.0,-58.0,7843.0
1560,95172.0,48310.0,53166.0,52586.0,49693.0,95170.0,3.2568917274475098,,,,,,,,,,,,,2.614727294921875,-0.29525643920898437,0.5020548095703125,,,,,,,,95167.0,4193.0,61.0,459.0,-536340477.0,-24.0,-50.0,-450.0,-62.0,-5.0,8031.0
1561,95182.0,47235.0,53962.0,53958.0,50231.0,95180.0,3.2463345527648926,,,,,,,,,,,,,2.612762451171875,-0.29258984375,0.5004886779785156,,,,,,,,95177.0,4192.0,62.0,455.0,-535291901.0,-28.0,-47.0,-469.0,-177.0,-230.0,8217.0
1562,95192.0,49585.0,53627.0,53080.0,50668.0,95190.0,3.2357773780822754,,,,,,,,,,,,,2.61432421875,-0.2964208984375,0.49272430419921875,,,,,,,,95187.0,4193.0,62.0,450.0,-535290877.0,-25.0,-46.0,-486.0,-153.0,95.0,8012.0
1563,95202.0,50310.0,53552.0,53176.0,51473.0,95200.0,3.2357773780822754,,,,,,,,,,,,,2.61421337890625,-0.29826605224609376,0.4899028015136719,,,,,,,,95197.0,4194.0,64.0,445.0,-534242300.0,-25.0,-39.0,-503.0,9.0,-45.0,8349.0
1564,95212.0,49654.0,54456.0,54327.0,51809.0,95210.0,3.230498790740967,,,,,,,,,,,,,2.61421337890625,-0.29826605224609376,0.4899028015136719,,,,,,,,95207.0,4196.0,65.0,439.0,-534242300.0,-21.0,-35.0,-522.0,-265.0,0.0,8368.0
1565,95222.0,50087.0,54780.0,54816.0,51844.0,95220.0,3.2199416160583496,,,,,,,,,,,,,2.61421337890625,-0.29826605224609376,0.4899028015136719,,,,,,,,95217.0,4196.0,60.0,434.0,-534242300.0,-23.0,-47.0,-536.0,-298.0,304.0,8380.0
1566,95232.0,50378.0,55386.0,55250.0,51707.0,95230.0,3.214663028717041,,,,,,,,,,,,,2.61421337890625,-0.29826605224609376,0.4899028015136719,,,,,,,,95227.0,4195.0,59.0,429.0,-534242300.0,-24.0,-46.0,-550.0,-108.0,205.0,8481.0
1567,95242.0,50759.0,55636.0,55735.0,52205.0,95240.0,3.2093844413757324,,,,,,,,,,,,,2.61421337890625,-0.29826605224609376,0.4899028015136719,,,,,,,,95237.0,4198.0,61.0,423.0,-534242299.0,-20.0,-41.0,-564.0,-128.0,383.0,8625.0
1568,95252.0,50255.0,55407.0,56265.0,53155.0,95250.0,3.198827028274536,,,,,,,,,,,,,2.61421337890625,-0.29826605224609376,0.4899028015136719,,,,,,,,95247.0,4198.0,60.0,417.0,-533193723.0,-21.0,-41.0,-576.0,-188.0,94.0,8799.0
1569,95262.0,49319.0,55932.0,57420.0,53013.0,95260.0,3.198827028274536,,,,,,,,,,,,,2.61421337890625,-0.29826605224609376,0.4899028015136719,,,,,,,,95257.0,4197.0,61.0,411.0,-533192699.0,-25.0,-38.0,-587.0,-197.0,202.0,8932.0
1570,95272.0,49611.0,56404.0,57689.0,52894.0,95270.0,3.1935484409332275,,,,,,,,,,,,,2.61416259765625,-0.29761361694335936,0.44757244873046875,,,,,,,,95267.0,4196.0,59.0,406.0,-533192698.0,-27.0,-40.0,-596.0,-179.0,278.0,9037.0
1571,95282.0,49996.0,56379.0,57549.0,53341.0,95280.0,3.188269853591919,,,,,,,,,,,,,2.615041748046875,-0.29958544921875,0.44481170654296875,,,,,,,,95277.0,4196.0,59.0,400.0,-532143098.0,-29.0,-39.0,-604.0,0.0,66.0,9034.0
1572,95292.0,50768.0,55827.0,57482.0,54276.0,95290.0,3.188269853591919,,,,,,,,,,,,,2.61319677734375,-0.2966997985839844,0.43879769897460935,,,,,,,,95287.0,4197.0,61.0,393.0,-531094522.0,-29.0,-32.0,-612.0,-184.0,191.0,9168.0
1573,95302.0,50101.0,55971.0,57955.0,54269.0,95300.0,3.1829912662506104,,,,,,,,,,,,,2.61319677734375,-0.2966997985839844,0.43879769897460935,,,,,,,,95297.0,4196.0,61.0,388.0,-531093498.0,-31.0,-30.0,-614.0,-223.0,47.0,9102.0
1574,95312.0,50861.0,56889.0,57735.0,53335.0,95310.0,3.1829912662506104,,,,,,,,,,,,,2.61319677734375,-0.2966997985839844,0.43879769897460935,,,,,,,,95307.0,4195.0,62.0,382.0,-530043898.0,-36.0,-25.0,-621.0,-510.0,-40.0,9448.0
1575,95322.0,49535.0,56488.0,58500.0,54310.0,95320.0,3.1829912662506104,,,,,,,,,,,,,2.61319677734375,-0.2966997985839844,0.43879769897460935,,,,,,,,95317.0,4190.0,63.0,376.0,-528994297.0,-50.0,-22.0,-626.0,-494.0,157.0,9560.0
1576,95332.0,51016.0,56711.0,57916.0,54159.0,95330.0,3.1829912662506104,,,,,,,,,,,,,2.61319677734375,-0.2966997985839844,0.43879769897460935,,,,,,,,95327.0,4190.0,65.0,369.0,-527945721.0,-53.0,-14.0,-629.0,-241.0,285.0,9515.0
1577,95342.0,52960.0,56929.0,56567.0,53720.0,95340.0,3.1777126789093018,,,,,,,,,,,,,2.61319677734375,-0.2966997985839844,0.43879769897460935,,,,,,,,95337.0,4193.0,53.0,363.0,-528994297.0,-47.0,-41.0,-634.0,-238.0,219.0,9467.0
1578,95352.0,52429.0,57721.0,56839.0,53586.0,95350.0,3.1829912662506104,,,,,,,,,,,,,2.61319677734375,-0.2966997985839844,0.43879769897460935,,,,,,,,95347.0,4192.0,53.0,356.0,-527945721.0,-50.0,-39.0,-637.0,-330.0,32.0,9610.0
1579,95362.0,53614.0,57261.0,56146.0,54429.0,95360.0,3.1777126789093018,,,,,,,,,,,,,2.61319677734375,-0.2966997985839844,0.43879769897460935,,,,,,,,95357.0,4192.0,52.0,350.0,-527945721.0,-54.0,-37.0,-640.0,-309.0,184.0,9730.0
1580,95372.0,53247.0,56937.0,56276.0,55061.0,95370.0,3.172434091567993,,,,,,,,,,,,,2.61319677734375,-0.2966997985839844,0.43879769897460935,,,,,,,,95367.0,4197.0,52.0,344.0,-528994297.0,-44.0,-35.0,-640.0,-373.0,125.0,9664.0
1581,95382.0,53556.0,56719.0,56155.0,55307.0,95380.0,3.172434091567993,,,,,,,,,,,,,2.61319677734375,-0.2966997985839844,0.43879769897460935,,,,,,,,95377.0,4197.0,52.0,337.0,-528995321.0,-44.0,-32.0,-642.0,-314.0,80.0,9911.0
1582,95392.0,52072.0,56802.0,56916.0,55720.0,95390.0,3.172434091567993,,,,,,,,,,,,,2.61319677734375,-0.2966997985839844,0.43879769897460935,,,,,,,,95387.0,4197.0,53.0,331.0,-528996345.0,-47.0,-26.0,-642.0,-415.0,43.0,9859.0
1583,95402.0,52308.0,56925.0,56829.0,55484.0,95400.0,3.172434091567993,,,,,,,,,,,,,2.61319677734375,-0.2966997985839844,0.43879769897460935,,,,,,,,95397.0,4196.0,53.0,324.0,-528996345.0,-49.0,-25.0,-641.0,-437.0,78.0,9909.0
1584,95412.0,51895.0,56477.0,56870.0,55889.0,95410.0,3.172434091567993,,,,,,,,,,,,,2.61319677734375,-0.2966997985839844,0.43879769897460935,,,,,,,,95407.0,4200.0,54.0,318.0,-528997369.0,-42.0,-19.0,-641.0,-276.0,118.0,9925.0
1585,95422.0,51856.0,56346.0,56987.0,55871.0,95420.0,3.1777126789093018,,,,,,,,,,,,,2.61319677734375,-0.2966997985839844,0.43879769897460935,,,,,,,,95417.0,4201.0,53.0,312.0,-528998393.0,-39.0,-19.0,-639.0,-186.0,22.0,9990.0
1586,95432.0,49013.0,57055.0,58031.0,54775.0,95430.0,3.1777126789093018,,,,,,,,,,,,,2.61319677734375,-0.2966997985839844,0.43879769897460935,,,,,,,,95427.0,4201.0,58.0,309.0,-527949818.0,-41.0,-5.0,-616.0,-314.0,117.0,10089.0
1587,95442.0,51717.0,57660.0,56055.0,53542.0,95440.0,3.1777126789093018,,,,,,,,,,,,,2.61319677734375,-0.2966997985839844,0.43879769897460935,,,,,,,,95437.0,4205.0,42.0,303.0,-528998394.0,-33.0,-43.0,-613.0,-292.0,195.0,9925.0
1588,95452.0,50732.0,57255.0,56710.0,54051.0,95450.0,3.1829912662506104,,,,,,,,,,,,,2.61319677734375,-0.2966997985839844,0.43879769897460935,,,,,,,,95447.0,4204.0,42.0,297.0,-528998394.0,-35.0,-42.0,-611.0,-315.0,174.0,10050.0
1589,95462.0,50503.0,57366.0,56522.0,53458.0,95460.0,3.1829912662506104,,,,,,,,,,,,,2.61319677734375,-0.2966997985839844,0.43879769897460935,,,,,,,,95457.0,4205.0,44.0,291.0,-528998394.0,-34.0,-33.0,-609.0,-245.0,120.0,10135.0
1590,95472.0,48836.0,56978.0,57294.0,53734.0,95470.0,3.1935484409332275,,,,,,,,,,,,,2.610660888671875,-0.2992489013671875,0.32332940673828126,,,,,,,,95467.0,4205.0,46.0,286.0,-528997371.0,-37.0,-27.0,-599.0,-276.0,51.0,10031.0
1591,95482.0,48574.0,56875.0,57060.0,53459.0,95480.0,3.1935484409332275,,,,,,,,,,,,,2.610660888671875,-0.2992489013671875,0.32332940673828126,,,,,,,,95477.0,4203.0,46.0,280.0,-527948795.0,-43.0,-22.0,-596.0,-287.0,169.0,10032.0
1592,95492.0,49448.0,56128.0,56690.0,53987.0,95490.0,3.2041056156158447,,,,,,,,,,,,,2.610660888671875,-0.2992489013671875,0.32332940673828126,,,,,,,,95487.0,4202.0,46.0,274.0,-527947771.0,-46.0,-20.0,-594.0,-360.0,148.0,10043.0
1593,95502.0,47944.0,56957.0,57587.0,53668.0,95500.0,3.2041056156158447,,,,,,,,,,,,,2.610660888671875,-0.2992489013671875,0.32332940673828126,,,,,,,,95497.0,4198.0,50.0,268.0,-526898171.0,-59.0,-5.0,-592.0,-363.0,79.0,9949.0
1594,95512.0,48961.0,55361.0,57514.0,55349.0,95510.0,3.2041056156158447,,,,,,,,,,,,,2.6094072265625,-0.2990113830566406,0.3017095031738281,,,,,,,,95507.0,4200.0,65.0,262.0,-525849596.0,-54.0,37.0,-590.0,-386.0,361.0,9977.0
1595,95522.0,50312.0,55872.0,56786.0,54856.0,95520.0,3.2041056156158447,,,,,,,,,,,,,2.60788720703125,-0.29781494140625,0.2948432312011719,,,,,,,,95517.0,4200.0,66.0,257.0,-524799996.0,-56.0,40.0,-585.0,-333.0,245.0,10026.0
1596,95532.0,50449.0,56459.0,56938.0,54833.0,95530.0,3.2041056156158447,,,,,,,,,,,,,2.607848388671875,-0.2975528869628906,0.2900146789550781,,,,,,,,95527.0,4200.0,67.0,251.0,-524799996.0,-58.0,43.0,-582.0,-326.0,191.0,9951.0
1597,95542.0,51780.0,56690.0,56562.0,54860.0,95540.0,3.198827028274536,,,,,,,,,,,,,2.607848388671875,-0.2975528869628906,0.2900146789550781,,,,,,,,95537.0,4200.0,67.0,245.0,-525848572.0,-60.0,45.0,-581.0,-330.0,396.0,9994.0
1598,95552.0,53682.0,57009.0,55537.0,54438.0,95550.0,3.1935484409332275,,,,,,,,,,,,,2.607901611328125,-0.2987457275390625,0.2798758850097656,,,,,,,,95547.0,4200.0,67.0,240.0,-525848572.0,-61.0,48.0,-579.0,-407.0,352.0,10117.0
1599,95562.0,53247.0,57624.0,56182.0,54603.0,95560.0,3.1935484409332275,,,,,,,,,,,,,2.60755712890625,-0.29884210205078127,0.26898507690429685,,,,,,,,95557.0,4199.0,66.0,233.0,-526897148.0,-66.0,46.0,-579.0,-391.0,133.0,10101.0
1600,95572.0,53502.0,57646.0,56387.0,55053.0,95570.0,3.188269853591919,,,,,,,,,,,,,2.60655078125,-0.2984379577636719,0.2617440490722656,,,,,,,,95567.0,4198.0,66.0,228.0,-528995324.0,-69.0,48.0,-577.0,-311.0,274.0,10067.0
1601,95582.0,55841.0,57780.0,54742.0,55132.0,95580.0,3.1829912662506104,,,,,,,,,,,,,2.606345703125,-0.2984215087890625,0.2573277587890625,,,,,,,,95577.0,4213.0,61.0,222.0,-531094524.0,-25.0,27.0,-573.0,-188.0,92.0,10059.0
1602,95592.0,54451.0,58556.0,56412.0,55214.0,95590.0,3.1777126789093018,,,,,,,,,,,,,2.606345703125,-0.2984215087890625,0.2573277587890625,,,,,,,,95587.0,4214.0,58.0,216.0,-533192700.0,-24.0,18.0,-570.0,-285.0,43.0,10137.0
1603,95602.0,53739.0,58716.0,57247.0,55283.0,95600.0,3.1671555042266846,,,,,,,,,,,,,2.606345703125,-0.2984215087890625,0.2573277587890625,,,,,,,,95597.0,4212.0,54.0,211.0,-535289852.0,-31.0,6.0,-567.0,-282.0,9.0,10114.0
1604,95612.0,53047.0,58774.0,58426.0,55981.0,95610.0,3.1671555042266846,,,,,,,,,,,,,2.606345703125,-0.2984215087890625,0.2573277587890625,,,,,,,,95607.0,4212.0,51.0,202.0,-1072160764.0,-33.0,0.0,-576.0,-202.0,-219.0,10167.0
1605,95622.0,52348.0,58881.0,59216.0,55981.0,95620.0,3.1671555042266846,,,,,,,,,,,,,2.606345703125,-0.2984215087890625,0.2573277587890625,,,,,,,,95617.0,4212.0,51.0,197.0,-1071112188.0,-35.0,0.0,-573.0,-222.0,-214.0,10132.0
1606,95632.0,49178.0,60467.0,61333.0,54689.0,95630.0,3.1671555042266846,,,,,,,,,,,,,2.602366455078125,-0.2943667297363281,0.22791612243652343,,,,,,,,95627.0,4190.0,44.0,191.0,-1070060540.0,-107.0,-13.0,-571.0,-401.0,-110.0,10212.0
1607,95642.0,49286.0,59267.0,61404.0,56196.0,95640.0,3.1565983295440674,,,,,,,,,,,,,2.60214013671875,-0.2949307861328125,0.22285638427734375,,,,,,,,95637.0,4190.0,45.0,185.0,-1071108092.0,-109.0,-10.0,-567.0,-351.0,-139.0,10212.0
1608,95652.0,49481.0,58059.0,61591.0,57278.0,95650.0,3.161876916885376,,,,,,,,,,,,,2.60190966796875,-0.29469741821289064,0.2168208465576172,,,,,,,,95647.0,4189.0,47.0,180.0,-1072155644.0,-110.0,-4.0,-559.0,-314.0,-169.0,10246.0
1609,95662.0,49600.0,58349.0,61800.0,57383.0,95660.0,3.161876916885376,,,,,,,,,,,,,2.60067431640625,-0.2932926025390625,0.2121682891845703,,,,,,,,95657.0,4188.0,48.0,175.0,-1073203196.0,-114.0,0.0,-555.0,-444.0,-69.0,10296.0
1610,95672.0,51541.0,57605.0,61263.0,57993.0,95670.0,3.1565983295440674,,,,,,,,,,,,,2.5999375,-0.29263546752929687,0.2078222198486328,,,,,,,,95667.0,4187.0,51.0,169.0,-534235132.0,-117.0,9.0,-550.0,-443.0,80.0,10305.0
1611,95682.0,53358.0,57198.0,60567.0,58311.0,95680.0,3.1565983295440674,,,,,,,,,,,,,2.5999375,-0.29263546752929687,0.2078222198486328,,,,,,,,95677.0,4188.0,54.0,164.0,-532137980.0,-115.0,17.0,-545.0,-370.0,107.0,10313.0
1612,95692.0,53955.0,56817.0,60354.0,59032.0,95690.0,3.1565983295440674,,,,,,,,,,,,,2.5999375,-0.29263546752929687,0.2078222198486328,,,,,,,,95687.0,4197.0,60.0,157.0,-530041851.0,-78.0,33.0,-549.0,-420.0,84.0,10531.0
1613,95702.0,54828.0,57691.0,60356.0,58998.0,95700.0,3.151319742202759,,,,,,,,,,,,,2.5999375,-0.29263546752929687,0.2078222198486328,,,,,,,,95697.0,4197.0,61.0,151.0,-527945723.0,-79.0,36.0,-543.0,-346.0,278.0,10510.0
1614,95712.0,56462.0,58521.0,59449.0,58486.0,95710.0,3.14604115486145,,,,,,,,,,,,,2.5974931640625,-0.29156939697265627,0.18297982788085937,,,,,,,,95707.0,4198.0,63.0,146.0,-526898171.0,-76.0,43.0,-535.0,-216.0,375.0,10488.0
1615,95722.0,56395.0,60027.0,59622.0,57748.0,95720.0,3.1407625675201416,,,,,,,,,,,,,2.5974931640625,-0.29156939697265627,0.18297982788085937,,,,,,,,95717.0,4199.0,64.0,141.0,-525851642.0,-73.0,49.0,-528.0,-252.0,230.0,10690.0
1616,95732.0,55934.0,60686.0,60016.0,57172.0,95730.0,3.1302053928375244,,,,,,,,,,,,,2.59450390625,-0.2895150146484375,0.17246096801757813,,,,,,,,95727.0,4196.0,69.0,135.0,-525851642.0,-86.0,71.0,-522.0,-229.0,305.0,10714.0
1617,95742.0,56229.0,60983.0,59876.0,56849.0,95740.0,3.1302053928375244,,,,,,,,,,,,,2.594429443359375,-0.2891815490722656,0.16870452880859374,,,,,,,,95737.0,4196.0,69.0,130.0,-526901242.0,-84.0,71.0,-513.0,-200.0,303.0,10612.0
1618,95752.0,55670.0,61446.0,60221.0,56891.0,95750.0,3.1302053928375244,,,,,,,,,,,,,2.593110107421875,-0.2880356750488281,0.16342645263671876,,,,,,,,95747.0,4196.0,70.0,124.0,-528999418.0,-80.0,74.0,-504.0,-181.0,160.0,10706.0
1619,95762.0,55677.0,61848.0,60269.0,56363.0,95760.0,3.124926805496216,,,,,,,,,,,,,2.593049072265625,-0.28830364990234375,0.16133120727539063,,,,,,,,95757.0,4197.0,73.0,120.0,-530049018.0,-77.0,84.0,-497.0,-209.0,142.0,10868.0
1620,95772.0,55505.0,61608.0,60291.0,56906.0,95770.0,3.124926805496216,,,,,,,,,,,,,2.593049072265625,-0.28830364990234375,0.16133120727539063,,,,,,,,95767.0,4196.0,74.0,114.0,-533193722.0,-78.0,84.0,-485.0,-204.0,86.0,10738.0
1621,95782.0,54338.0,61838.0,60921.0,56400.0,95780.0,3.124926805496216,,,,,,,,,,,,,2.593049072265625,-0.28830364990234375,0.16133120727539063,,,,,,,,95777.0,4196.0,76.0,110.0,-534242298.0,-80.0,91.0,-477.0,-130.0,-106.0,10756.0
1622,95792.0,53902.0,61851.0,61196.0,56437.0,95790.0,3.1302053928375244,,,,,,,,,,,,,2.590510986328125,-0.2870377197265625,0.14353211975097657,,,,,,,,95787.0,4194.0,76.0,105.0,-1072160762.0,-83.0,87.0,-468.0,-227.0,-172.0,10874.0
1623,95802.0,53841.0,61631.0,61226.0,56785.0,95800.0,3.1302053928375244,,,,,,,,,,,,,2.589889892578125,-0.28789779663085935,0.13928334045410157,,,,,,,,95797.0,4194.0,75.0,100.0,-1070062587.0,-85.0,77.0,-458.0,-297.0,-195.0,11003.0
1624,95812.0,54601.0,61167.0,60784.0,57322.0,95810.0,3.1302053928375244,,,,,,,,,,,,,2.588813232421875,-0.28683355712890624,0.135945068359375,,,,,,,,95807.0,4194.0,73.0,96.0,-1066915835.0,-83.0,62.0,-445.0,-305.0,-221.0,11025.0
1625,95822.0,54696.0,60416.0,60665.0,58153.0,95820.0,3.1302053928375244,,,,,,,,,,,,,2.5876494140625,-0.2870580139160156,0.12986483764648438,,,,,,,,95817.0,4197.0,74.0,92.0,-1065867259.0,-65.0,56.0,-432.0,-271.0,-292.0,10946.0
1626,95832.0,53994.0,60049.0,61211.0,58875.0,95830.0,3.1302053928375244,,,,,,,,,,,,,2.58697021484375,-0.28617694091796875,0.12547547149658203,,,,,,,,95827.0,4197.0,82.0,86.0,-1065867259.0,-64.0,95.0,-428.0,-237.0,-415.0,10972.0
1627,95842.0,54863.0,58924.0,60834.0,59739.0,95840.0,3.1302053928375244,,,,,,,,,,,,,2.585001220703125,-0.2840260009765625,0.12338037109375,,,,,,,,95837.0,4195.0,82.0,82.0,-1065867259.0,-70.0,91.0,-416.0,-397.0,-449.0,11092.0
1628,95852.0,54394.0,59100.0,61044.0,59505.0,95850.0,3.1302053928375244,,,,,,,,,,,,,2.585001220703125,-0.2840260009765625,0.12338037109375,,,,,,,,95847.0,4195.0,83.0,78.0,-1064818683.0,-74.0,86.0,-403.0,-358.0,-354.0,11081.0
1629,95862.0,53060.0,60805.0,61582.0,57669.0,95860.0,3.1302053928375244,,,,,,,,,,,,,2.585001220703125,-0.2840260009765625,0.12338037109375,,,,,,,,95857.0,4193.0,81.0,74.0,-1063770107.0,-83.0,68.0,-390.0,-302.0,-386.0,11187.0
1630,95872.0,53135.0,60157.0,61247.0,57646.0,95870.0,3.1302053928375244,,,,,,,,,,,,,2.585001220703125,-0.2840260009765625,0.12338037109375,,,,,,,,95867.0,4191.0,82.0,73.0,-1063770107.0,-99.0,69.0,-364.0,-269.0,-273.0,11243.0
1631,95882.0,53029.0,60129.0,61230.0,57026.0,95880.0,3.1302053928375244,,,,,,,,,,,,,2.5812109375,-0.2836094970703125,0.10775357055664063,,,,,,,,95877.0,4189.0,83.0,69.0,-1063770107.0,-106.0,65.0,-350.0,-210.0,-331.0,11259.0
1632,95892.0,53995.0,61048.0,60411.0,55697.0,95890.0,3.135483980178833,,,,,,,,,,,,,2.5800732421875,-0.2853118896484375,0.10285733032226563,,,,,,,,95887.0,4188.0,83.0,65.0,-1063770108.0,-111.0,61.0,-336.0,-277.0,-368.0,11253.0
1633,95902.0,55097.0,61234.0,59350.0,55385.0,95900.0,3.135483980178833,,,,,,,,,,,,,2.57908740234375,-0.28530010986328125,0.10037633514404297,,,,,,,,95897.0,4187.0,84.0,62.0,-1063770107.0,-115.0,57.0,-322.0,-370.0,-462.0,11375.0
1634,95912.0,55576.0,60853.0,58875.0,55669.0,95910.0,3.135483980178833,,,,,,,,,,,,,2.57767529296875,-0.28467440795898435,0.09693724060058594,,,,,,,,95907.0,4185.0,84.0,58.0,-1062721531.0,-123.0,52.0,-315.0,-347.0,-405.0,11465.0
1635,95922.0,55088.0,60950.0,59002.0,56052.0,95920.0,3.135483980178833,,,,,,,,,,,,,2.57685498046875,-0.28481167602539065,0.09415178680419922,,,,,,,,95917.0,4183.0,85.0,54.0,-1061671931.0,-144.0,51.0,-300.0,-337.0,-474.0,11595.0
1636,95932.0,55806.0,60205.0,57968.0,56986.0,95930.0,3.135483980178833,,,,,,,,,,,,,2.574869384765625,-0.2832866516113281,0.09173622131347656,,,,,,,,95927.0,4182.0,86.0,51.0,-1060624379.0,-150.0,48.0,-283.0,-353.0,-462.0,11525.0
1637,95942.0,56472.0,59237.0,56997.0,57902.0,95940.0,3.135483980178833,,,,,,,,,,,,,2.573491943359375,-0.2829918212890625,0.08989988708496094,,,,,,,,95937.0,4180.0,86.0,48.0,-1058527228.0,-155.0,42.0,-266.0,-334.0,-593.0,11493.0
1638,95952.0,56433.0,58558.0,56254.0,58333.0,95950.0,3.135483980178833,,,,,,,,,,,,,2.573491943359375,-0.2829918212890625,0.08989988708496094,,,,,,,,95947.0,4179.0,87.0,46.0,-1056432124.0,-155.0,35.0,-249.0,-398.0,-685.0,11468.0
1639,95962.0,56416.0,57656.0,56156.0,59223.0,95960.0,3.1407625675201416,,,,,,,,,,,,,2.573491943359375,-0.2829918212890625,0.08989988708496094,,,,,,,,95957.0,4177.0,88.0,41.0,-1055384572.0,-180.0,29.0,-244.0,-346.0,-713.0,11585.0
1640,95972.0,55322.0,58098.0,56846.0,58605.0,95970.0,3.14604115486145,,,,,,,,,,,,,2.570611572265625,-0.283803466796875,0.0838975601196289,,,,,,,,95967.0,4176.0,89.0,39.0,-1054338044.0,-188.0,21.0,-228.0,-149.0,-771.0,11764.0
1641,95982.0,54027.0,58020.0,57238.0,58322.0,95980.0,3.14604115486145,,,,,,,,,,,,,2.570611572265625,-0.283803466796875,0.0838975601196289,,,,,,,,95977.0,4174.0,89.0,37.0,-1053292540.0,-193.0,13.0,-210.0,13.0,-719.0,11803.0
1642,95992.0,52544.0,58453.0,57640.0,57529.0,95990.0,3.151319742202759,,,,,,,,,,,,,2.570611572265625,-0.283803466796875,0.0838975601196289,,,,,,,,95987.0,4172.0,90.0,34.0,-1053817853.0,-198.0,4.0,-191.0,-12.0,-623.0,11782.0
1643,96002.0,50787.0,58597.0,58015.0,57080.0,96000.0,3.1565983295440674,,,,,,,,,,,,,2.570611572265625,-0.283803466796875,0.0838975601196289,,,,,,,,95997.0,4171.0,93.0,32.0,-1053815805.0,-221.0,-12.0,-173.0,149.0,-639.0,11674.0
1644,96012.0,49534.0,57862.0,58439.0,56913.0,96010.0,3.1671555042266846,,,,,,,,,,,,,2.570611572265625,-0.283803466796875,0.0838975601196289,,,,,,,,96007.0,4169.0,93.0,31.0,-1053813757.0,-224.0,-25.0,-155.0,143.0,-723.0,11649.0
1645,96022.0,49393.0,58214.0,57884.0,55747.0,96020.0,3.172434091567993,,,,,,,,,,,,,2.570611572265625,-0.283803466796875,0.0838975601196289,,,,,,,,96017.0,4167.0,94.0,29.0,-1053811710.0,-230.0,-35.0,-138.0,285.0,-726.0,11698.0
1646,96032.0,50296.0,58839.0,56822.0,54640.0,96030.0,3.1829912662506104,,,,,,,,,,,,,2.56304931640625,-0.28492938232421877,0.07587275695800781,,,,,,,,96027.0,4165.0,95.0,27.0,-1054859262.0,-234.0,-46.0,-121.0,301.0,-713.0,11763.0
1647,96042.0,49628.0,57943.0,56634.0,54877.0,96040.0,3.1829912662506104,,,,,,,,,,,,,2.56304931640625,-0.28492938232421877,0.07587275695800781,,,,,,,,96037.0,4163.0,96.0,26.0,-1055906815.0,-236.0,-57.0,-103.0,287.0,-636.0,11581.0
1648,96052.0,50836.0,59095.0,55236.0,52932.0,96050.0,3.1935484409332275,,,,,,,,,,,,,2.56304931640625,-0.28492938232421877,0.07587275695800781,,,,,,,,96047.0,4163.0,102.0,24.0,-1055907839.0,-257.0,-79.0,-91.0,287.0,-660.0,11365.0
1649,96062.0,50390.0,58327.0,55051.0,53800.0,96060.0,3.198827028274536,,,,,,,,,,,,,2.56304931640625,-0.28492938232421877,0.07587275695800781,,,,,,,,96057.0,4161.0,102.0,23.0,-1056955391.0,-257.0,-89.0,-76.0,225.0,-745.0,11384.0
1650,96072.0,49847.0,56764.0,54996.0,54769.0,96070.0,3.198827028274536,,,,,,,,,,,,,2.56304931640625,-0.28492938232421877,0.07587275695800781,,,,,,,,96067.0,4159.0,103.0,22.0,-1056954368.0,-258.0,-101.0,-62.0,298.0,-637.0,11441.0
1651,96082.0,48017.0,56288.0,55528.0,55389.0,96080.0,3.2093844413757324,,,,,,,,,,,,,2.56304931640625,-0.28492938232421877,0.07587275695800781,,,,,,,,96077.0,4156.0,104.0,21.0,-1056952832.0,-258.0,-114.0,-48.0,328.0,-619.0,11347.0
1652,96092.0,49844.0,56851.0,54067.0,53985.0,96090.0,3.2093844413757324,,,,,,,,,,,,,2.56304931640625,-0.28492938232421877,0.07587275695800781,,,,,,,,96087.0,4154.0,105.0,20.0,-1056950784.0,-254.0,-124.0,-33.0,386.0,-485.0,11114.0
1653,96102.0,50540.0,56010.0,53228.0,54557.0,96100.0,3.2093844413757324,,,,,,,,,,,,,2.56304931640625,-0.28492938232421877,0.07587275695800781,,,,,,,,96097.0,4154.0,113.0,19.0,-1056949760.0,-269.0,-153.0,-26.0,383.0,-528.0,11129.0
1654,96112.0,50167.0,54962.0,53052.0,55407.0,96110.0,3.214663028717041,,,,,,,,,,,,,2.56304931640625,-0.28492938232421877,0.07587275695800781,,,,,,,,96107.0,4151.0,112.0,19.0,-1056947711.0,-264.0,-164.0,-14.0,322.0,-626.0,11236.0
1655,96122.0,49571.0,54688.0,53123.0,55089.0,96120.0,3.214663028717041,,,,,,,,,,,,,2.56304931640625,-0.28492938232421877,0.07587275695800781,,,,,,,,96117.0,4148.0,113.0,18.0,-1057994239.0,-258.0,-177.0,-2.0,476.0,-622.0,11189.0
1656,96132.0,49817.0,54488.0,52092.0,54931.0,96130.0,3.2199416160583496,,,,,,,,,,,,,2.56304931640625,-0.28492938232421877,0.07587275695800781,,,,,,,,96127.0,4145.0,112.0,19.0,-1059040767.0,-251.0,-189.0,16.0,531.0,-517.0,10993.0
1657,96142.0,50361.0,54970.0,51200.0,53904.0,96140.0,3.225220203399658,,,,,,,,,,,,,2.56304931640625,-0.28492938232421877,0.07587275695800781,,,,,,,,96137.0,4144.0,119.0,19.0,-1059038719.0,-252.0,-217.0,23.0,521.0,-459.0,10717.0
1658,96152.0,49997.0,54628.0,51472.0,53644.0,96150.0,3.225220203399658,,,,,,,,,,,,,2.56304931640625,-0.28492938232421877,0.07587275695800781,,,,,,,,96147.0,4141.0,117.0,19.0,-1060084222.0,-240.0,-225.0,33.0,664.0,-476.0,10795.0
1659,96162.0,47321.0,54295.0,52930.0,53794.0,96160.0,3.225220203399658,,,,,,,,,,,,,2.552531005859375,-0.29730227661132813,0.07704527282714843,,,,,,,,96157.0,4137.0,115.0,19.0,-1061129726.0,-226.0,-233.0,42.0,818.0,-399.0,10788.0
1660,96172.0,47132.0,54392.0,52573.0,53131.0,96170.0,3.230498790740967,,,,,,,,,,,,,2.55240380859375,-0.2976126708984375,0.07750180053710938,,,,,,,,96167.0,4134.0,113.0,20.0,-1063223805.0,-213.0,-240.0,52.0,898.0,-266.0,10381.0
1661,96182.0,49320.0,53894.0,50012.0,52185.0,96180.0,3.2357773780822754,,,,,,,,,,,,,2.551825439453125,-0.29914083862304686,0.07852931213378907,,,,,,,,96177.0,4131.0,110.0,23.0,-1064270333.0,-198.0,-247.0,73.0,976.0,-279.0,10460.0
1662,96192.0,47126.0,54795.0,50941.0,51675.0,96190.0,3.241055965423584,,,,,,,,,,,,,2.551825439453125,-0.29914083862304686,0.07852931213378907,,,,,,,,96187.0,4129.0,116.0,23.0,-1065317885.0,-186.0,-270.0,74.0,983.0,-306.0,10499.0
1663,96202.0,47087.0,53351.0,50469.0,52749.0,96200.0,3.2463345527648926,,,,,,,,,,,,,2.551825439453125,-0.29914083862304686,0.07852931213378907,,,,,,,,96197.0,4126.0,112.0,24.0,-1066364413.0,-167.0,-273.0,82.0,952.0,-263.0,10056.0
1664,96212.0,47353.0,54688.0,50256.0,50732.0,96210.0,3.251613140106201,,,,,,,,,,,,,2.551825439453125,-0.29914083862304686,0.07852931213378907,,,,,,,,96207.0,4123.0,107.0,25.0,-1068460540.0,-148.0,-275.0,86.0,1013.0,-256.0,10194.0
1665,96222.0,45776.0,54446.0,51201.0,50913.0,96220.0,3.251613140106201,,,,,,,,,,,,,2.551825439453125,-0.29914083862304686,0.07852931213378907,,,,,,,,96217.0,4120.0,101.0,28.0,-1070556667.0,-129.0,-278.0,104.0,914.0,-58.0,10233.0
1666,96232.0,44186.0,55360.0,51573.0,48799.0,96230.0,3.2568917274475098,,,,,,,,,,,,,2.551825439453125,-0.29914083862304686,0.07852931213378907,,,,,,,,96227.0,4117.0,104.0,29.0,-1070555643.0,-104.0,-294.0,105.0,1158.0,-92.0,9915.0
1667,96242.0,46095.0,54107.0,49876.0,49706.0,96240.0,3.2568917274475098,,,,,,,,,,,,,2.551825439453125,-0.29914083862304686,0.07852931213378907,,,,,,,,96237.0,4115.0,98.0,30.0,-1072651771.0,-83.0,-292.0,109.0,1112.0,-52.0,9949.0
1668,96252.0,44994.0,53215.0,50688.0,50455.0,96250.0,3.2621703147888184,,,,,,,,,,,,,2.551825439453125,-0.29914083862304686,0.07852931213378907,,,,,,,,96247.0,4113.0,91.0,31.0,-536830458.0,-63.0,-288.0,111.0,1077.0,-1.0,9748.0
1669,96262.0,41345.0,54002.0,53082.0,49109.0,96260.0,3.267448902130127,,,,,,,,,,,,,2.551825439453125,-0.29914083862304686,0.07852931213378907,,,,,,,,96257.0,4111.0,85.0,33.0,-534733306.0,-44.0,-285.0,113.0,942.0,-94.0,9713.0
1670,96272.0,40663.0,54227.0,52422.0,48416.0,96270.0,3.2727274894714355,,,,,,,,,,,,,2.551825439453125,-0.29914083862304686,0.07852931213378907,,,,,,,,96267.0,4110.0,79.0,36.0,-532637177.0,-26.0,-284.0,123.0,1082.0,182.0,9519.0
1671,96282.0,43257.0,53380.0,51135.0,48603.0,96280.0,3.2727274894714355,,,,,,,,,,,,,2.551825439453125,-0.29914083862304686,0.07852931213378907,,,,,,,,96277.0,4106.0,79.0,37.0,-530540025.0,5.0,-290.0,119.0,1167.0,-36.0,9360.0
1672,96292.0,46123.0,53188.0,48629.0,48839.0,96290.0,3.278006076812744,,,,,,,,,,,,,2.551825439453125,-0.29914083862304686,0.07852931213378907,,,,,,,,96287.0,4106.0,71.0,38.0,-527396345.0,20.0,-281.0,117.0,891.0,177.0,9504.0
1673,96302.0,45340.0,51261.0,49609.0,50591.0,96300.0,3.278006076812744,,,,,,,,,,,,,2.551825439453125,-0.29914083862304686,0.07852931213378907,,,,,,,,96297.0,4105.0,64.0,39.0,-525300216.0,36.0,-274.0,115.0,976.0,108.0,9237.0
1674,96312.0,44077.0,51888.0,50168.0,49449.0,96310.0,3.278006076812744,,,,,,,,,,,,,2.551825439453125,-0.29914083862304686,0.07852931213378907,,,,,,,,96307.0,4104.0,54.0,42.0,-523205112.0,55.0,-264.0,121.0,795.0,243.0,9410.0
1675,96322.0,45025.0,50838.0,49591.0,50742.0,96320.0,3.278006076812744,,,,,,,,,,,,,2.551825439453125,-0.29914083862304686,0.07852931213378907,,,,,,,,96317.0,4102.0,55.0,43.0,-521107960.0,87.0,-267.0,113.0,654.0,445.0,8945.0
1676,96332.0,45611.0,51918.0,49365.0,49526.0,96330.0,3.278006076812744,,,,,,,,,,,,,2.551825439453125,-0.29914083862304686,0.07852931213378907,,,,,,,,96327.0,4102.0,48.0,44.0,-519011832.0,102.0,-257.0,107.0,651.0,369.0,9008.0
1677,96342.0,44998.0,52316.0,49897.0,49368.0,96340.0,3.278006076812744,,,,,,,,,,,,,2.551825439453125,-0.29914083862304686,0.07852931213378907,,,,,,,,96337.0,4102.0,39.0,45.0,-515867128.0,115.0,-244.0,99.0,573.0,313.0,8982.0
1678,96352.0,46132.0,53172.0,49571.0,48395.0,96350.0,3.278006076812744,,,,,,,,,,,,,2.551825439453125,-0.29914083862304686,0.07852931213378907,,,,,,,,96347.0,4103.0,32.0,46.0,-514819576.0,129.0,-232.0,91.0,709.0,447.0,9149.0
1679,96362.0,47478.0,53532.0,48565.0,47798.0,96360.0,3.2727274894714355,,,,,,,,,,,,,2.551825439453125,-0.29914083862304686,0.07852931213378907,,,,,,,,96357.0,4103.0,26.0,47.0,-512723448.0,143.0,-221.0,86.0,729.0,497.0,8876.0
1680,96372.0,48371.0,52695.0,48745.0,48911.0,96370.0,3.2727274894714355,,,,,,,,,,,,,2.551825439453125,-0.29914083862304686,0.07852931213378907,,,,,,,,96367.0,4102.0,24.0,48.0,-511674872.0,173.0,-214.0,74.0,800.0,580.0,8772.0
1681,96382.0,45783.0,53396.0,51204.0,48477.0,96380.0,3.267448902130127,,,,,,,,,,,,,2.551825439453125,-0.29914083862304686,0.07852931213378907,,,,,,,,96377.0,4103.0,17.0,48.0,-510628344.0,184.0,-202.0,64.0,802.0,510.0,8793.0
1682,96392.0,44686.0,54568.0,52373.0,47148.0,96390.0,3.267448902130127,,,,,,,,,,,,,2.551825439453125,-0.29914083862304686,0.07852931213378907,,,,,,,,96387.0,4105.0,10.0,49.0,-509581816.0,194.0,-188.0,54.0,683.0,701.0,8672.0
1683,96402.0,46767.0,54494.0,50951.0,46296.0,96400.0,3.267448902130127,,,,,,,,,,,,,2.551825439453125,-0.29914083862304686,0.07852931213378907,,,,,,,,96397.0,4106.0,5.0,52.0,-508535289.0,207.0,-177.0,56.0,627.0,631.0,8382.0
1684,96412.0,47918.0,54036.0,50625.0,47398.0,96410.0,3.2621703147888184,,,,,,,,,,,,,2.551825439453125,-0.29914083862304686,0.07852931213378907,,,,,,,,96407.0,4108.0,0.0,52.0,-507489785.0,216.0,-164.0,43.0,426.0,628.0,8705.0
1685,96422.0,43867.0,53667.0,53957.0,48985.0,96420.0,3.2621703147888184,,,,,,,,,,,,,2.551825439453125,-0.29914083862304686,0.07852931213378907,,,,,,,,96417.0,4107.0,-3.0,52.0,-506443258.0,244.0,-149.0,26.0,198.0,533.0,8809.0
1686,96432.0,45063.0,54390.0,54088.0,47973.0,96430.0,3.2621703147888184,,,,,,,,,,,,,2.551825439453125,-0.29914083862304686,0.07852931213378907,,,,,,,,96427.0,4110.0,-8.0,52.0,-506446330.0,252.0,-136.0,15.0,309.0,822.0,8701.0
1687,96442.0,47371.0,53747.0,52762.0,49021.0,96440.0,3.2568917274475098,,,,,,,,,,,,,2.551825439453125,-0.29914083862304686,0.07852931213378907,,,,,,,,96437.0,4112.0,-13.0,53.0,-504352250.0,259.0,-122.0,10.0,398.0,681.0,8628.0
1688,96452.0,48525.0,52664.0,52675.0,49969.0,96450.0,3.251613140106201,,,,,,,,,,,,,2.551825439453125,-0.29914083862304686,0.07852931213378907,,,,,,,,96447.0,4114.0,-18.0,53.0,-503306747.0,266.0,-107.0,-1.0,285.0,912.0,8814.0
1689,96462.0,47774.0,53518.0,53737.0,49712.0,96460.0,3.251613140106201,,,,,,,,,,,,,2.551825439453125,-0.29914083862304686,0.07852931213378907,,,,,,,,96457.0,4115.0,-18.0,52.0,-502260220.0,293.0,-92.0,-17.0,207.0,734.0,8788.0
1690,96472.0,45969.0,53939.0,55010.0,50737.0,96470.0,3.2463345527648926,,,,,,,,,,,,,2.551825439453125,-0.29914083862304686,0.07852931213378907,,,,,,,,96467.0,4118.0,-22.0,51.0,-501214717.0,295.0,-77.0,-27.0,-67.0,697.0,8932.0
1691,96482.0,47156.0,54230.0,54906.0,50583.0,96480.0,3.241055965423584,,,,,,,,,,,,,2.551825439453125,-0.29914083862304686,0.07852931213378907,,,,,,,,96477.0,4121.0,-27.0,51.0,-500169213.0,296.0,-61.0,-37.0,72.0,739.0,9049.0
1692,96492.0,50277.0,53846.0,52959.0,50887.0,96490.0,3.2357773780822754,,,,,,,,,,,,,2.551825439453125,-0.29914083862304686,0.07852931213378907,,,,,,,,96487.0,4124.0,-31.0,51.0,-498596350.0,299.0,-44.0,-40.0,-70.0,1016.0,9124.0
1693,96502.0,48120.0,53618.0,54619.0,51783.0,96500.0,3.230498790740967,,,,,,,,,,,,,2.596506103515625,-0.31296466064453127,0.09759690856933594,,,,,,,,96497.0,4127.0,-34.0,51.0,-497544702.0,300.0,-29.0,-47.0,-121.0,771.0,9075.0
1694,96512.0,48435.0,54776.0,54843.0,51028.0,96510.0,3.230498790740967,,,,,,,,,,,,,2.59884912109375,-0.3124421691894531,0.09643852233886718,,,,,,,,96507.0,4128.0,-35.0,49.0,-496495103.0,319.0,-5.0,-60.0,-121.0,950.0,9183.0
1695,96522.0,50755.0,54704.0,53706.0,51213.0,96520.0,3.230498790740967,,,,,,,,,,,,,2.600449951171875,-0.3113527221679688,0.09617682647705078,,,,,,,,96517.0,4131.0,-37.0,49.0,-495443455.0,318.0,8.0,-68.0,-187.0,942.0,9224.0
1696,96532.0,50756.0,54835.0,53652.0,51594.0,96530.0,3.225220203399658,,,,,,,,,,,,,2.6026533203125,-0.310133544921875,0.09533097839355469,,,,,,,,96527.0,4135.0,-39.0,49.0,-495441408.0,317.0,25.0,-69.0,-388.0,977.0,9248.0
1697,96542.0,51049.0,55323.0,53890.0,51390.0,96540.0,3.2199416160583496,,,,,,,,,,,,,2.60506689453125,-0.30920944213867185,0.09401429748535156,,,,,,,,96537.0,4138.0,-41.0,48.0,-495439872.0,316.0,42.0,-76.0,-346.0,910.0,9375.0
1698,96552.0,52014.0,55396.0,53526.0,51848.0,96550.0,3.214663028717041,,,,,,,,,,,,,2.606624755859375,-0.308470458984375,0.0931261215209961,,,,,,,,96547.0,4139.0,-39.0,46.0,-495438847.0,331.0,68.0,-88.0,-300.0,1140.0,9272.0
1699,96562.0,52500.0,55619.0,53431.0,52557.0,96560.0,3.214663028717041,,,,,,,,,,,,,2.609181396484375,-0.3058069763183594,0.09215224456787109,,,,,,,,96557.0,4143.0,-41.0,45.0,-496485375.0,328.0,86.0,-94.0,-372.0,937.0,9312.0
1700,96572.0,52508.0,56677.0,53763.0,51533.0,96570.0,3.2041056156158447,,,,,,,,,,,,,2.61059814453125,-0.30482235717773437,0.09125285339355468,,,,,,,,96567.0,4146.0,-42.0,45.0,-497531902.0,326.0,105.0,-93.0,-556.0,1000.0,9562.0
1701,96582.0,52249.0,56712.0,53909.0,51300.0,96580.0,3.2041056156158447,,,,,,,,,,,,,2.611721923828125,-0.3053135375976562,0.09000930786132813,,,,,,,,96577.0,4149.0,-43.0,44.0,-498578430.0,321.0,122.0,-98.0,-618.0,719.0,9758.0
1702,96592.0,51268.0,56470.0,55113.0,51998.0,96590.0,3.2041056156158447,,,,,,,,,,,,,2.61356787109375,-0.30360409545898437,0.08902749633789063,,,,,,,,96587.0,4153.0,-43.0,42.0,-500673534.0,316.0,140.0,-100.0,-603.0,738.0,9892.0
1703,96602.0,50682.0,56401.0,55766.0,52913.0,96600.0,3.198827028274536,,,,,,,,,,,,,2.61460400390625,-0.30183648681640624,0.0885340576171875,,,,,,,,96597.0,4155.0,-40.0,40.0,-501721085.0,325.0,175.0,-110.0,-439.0,711.0,9740.0
1704,96612.0,49239.0,56388.0,56855.0,53555.0,96610.0,3.198827028274536,,,,,,,,,,,,,2.616524169921875,-0.3005108642578125,0.08660142517089844,,,,,,,,96607.0,4158.0,-40.0,38.0,-502767613.0,316.0,191.0,-112.0,-778.0,646.0,9991.0
1705,96622.0,49065.0,56058.0,57127.0,53845.0,96620.0,3.1935484409332275,,,,,,,,,,,,,2.61748583984375,-0.299525390625,0.08550540924072265,,,,,,,,96617.0,4161.0,-39.0,37.0,-504862717.0,312.0,208.0,-111.0,-669.0,659.0,9888.0
1706,96632.0,48077.0,55701.0,57812.0,54056.0,96630.0,3.198827028274536,,,,,,,,,,,,,2.618151123046875,-0.29711093139648437,0.08575189971923829,,,,,,,,96627.0,4164.0,-38.0,36.0,-504860669.0,303.0,225.0,-112.0,-857.0,493.0,10185.0
1707,96642.0,48742.0,56769.0,57880.0,53132.0,96640.0,3.198827028274536,,,,,,,,,,,,,2.619972900390625,-0.29656271362304687,0.08334024810791016,,,,,,,,96637.0,4167.0,-32.0,33.0,-504858620.0,306.0,261.0,-120.0,-878.0,722.0,10266.0
1708,96652.0,48727.0,56478.0,58110.0,53510.0,96650.0,3.198827028274536,,,,,,,,,,,,,2.621259033203125,-0.2945308837890625,0.08211405944824218,,,,,,,,96647.0,4170.0,-31.0,32.0,-505905148.0,294.0,274.0,-116.0,-882.0,588.0,10074.0
1709,96662.0,47739.0,56733.0,58705.0,53399.0,96660.0,3.1935484409332275,,,,,,,,,,,,,2.621590087890625,-0.29191921997070314,0.08246375274658203,,,,,,,,96657.0,4173.0,-29.0,32.0,-506950652.0,283.0,291.0,-108.0,-1167.0,634.0,10335.0
1710,96672.0,48559.0,56906.0,58176.0,52529.0,96670.0,3.1935484409332275,,,,,,,,,,,,,2.622215576171875,-0.2907418212890625,0.08170448303222656,,,,,,,,96667.0,4176.0,-29.0,30.0,-507996156.0,267.0,309.0,-105.0,-1076.0,647.0,10361.0
1711,96682.0,48478.0,57062.0,58235.0,52349.0,96680.0,3.1935484409332275,,,,,,,,,,,,,2.62307177734375,-0.2883341979980469,0.08053974914550781,,,,,,,,96677.0,4179.0,-27.0,29.0,-509041660.0,251.0,327.0,-102.0,-1240.0,561.0,10398.0
1712,96692.0,48672.0,57333.0,58394.0,52902.0,96690.0,3.1935484409332275,,,,,,,,,,,,,2.62401220703125,-0.28717669677734375,0.07848612213134766,,,,,,,,96687.0,4181.0,-18.0,25.0,-509039611.0,243.0,372.0,-114.0,-1281.0,708.0,10370.0
1713,96702.0,49685.0,57535.0,57705.0,52379.0,96700.0,3.1935484409332275,,,,,,,,,,,,,2.62420263671875,-0.2856955261230469,0.07777037811279297,,,,,,,,96697.0,4183.0,-16.0,24.0,-510086139.0,223.0,388.0,-111.0,-1334.0,521.0,10419.0
1714,96712.0,51379.0,56930.0,55833.0,52427.0,96710.0,3.198827028274536,,,,,,,,,,,,,2.624269287109375,-0.2836885375976563,0.07783991241455078,,,,,,,,96707.0,4186.0,-14.0,25.0,-513229819.0,203.0,407.0,-91.0,-1447.0,513.0,10552.0
1715,96722.0,51737.0,57098.0,55505.0,52575.0,96720.0,3.1935484409332275,,,,,,,,,,,,,2.6243330078125,-0.28119937133789064,0.07732369995117187,,,,,,,,96717.0,4188.0,-12.0,24.0,-515324922.0,182.0,422.0,-87.0,-1483.0,533.0,10578.0
1716,96732.0,50675.0,57210.0,56334.0,52546.0,96730.0,3.1935484409332275,,,,,,,,,,,,,2.624093505859375,-0.2788670959472656,0.07665259552001953,,,,,,,,96727.0,4190.0,-8.0,22.0,-518468602.0,158.0,439.0,-85.0,-1538.0,257.0,10650.0
1717,96742.0,50786.0,57423.0,56485.0,53066.0,96740.0,3.1935484409332275,,,,,,,,,,,,,2.623595947265625,-0.2770987548828125,0.07717121124267579,,,,,,,,96737.0,4192.0,2.0,18.0,-520564729.0,129.0,484.0,-98.0,-1578.0,421.0,10678.0
1718,96752.0,49968.0,57573.0,56133.0,52726.0,96750.0,3.198827028274536,,,,,,,,,,,,,2.623877685546875,-0.27606930541992186,0.07586101531982421,,,,,,,,96747.0,4193.0,6.0,19.0,-524758009.0,103.0,501.0,-80.0,-1591.0,120.0,10651.0
1719,96762.0,51295.0,57769.0,55005.0,52392.0,96760.0,3.198827028274536,,,,,,,,,,,,,2.6234482421875,-0.27407470703125,0.0753212890625,,,,,,,,96757.0,4194.0,7.0,17.0,-528952313.0,74.0,510.0,-74.0,-1609.0,90.0,10724.0
1720,96772.0,51551.0,57628.0,54843.0,52385.0,96770.0,3.1935484409332275,,,,,,,,,,,,,2.622310791015625,-0.27137640380859374,0.07525484466552734,,,,,,,,96767.0,4194.0,9.0,16.0,-533146618.0,45.0,518.0,-69.0,-1646.0,28.0,10684.0
1721,96782.0,50764.0,58248.0,56023.0,52625.0,96780.0,3.198827028274536,,,,,,,,,,,,,2.621695068359375,-0.2697743835449219,0.07565064239501954,,,,,,,,96777.0,4195.0,20.0,11.0,-1073162233.0,-4.0,556.0,-85.0,-1564.0,-294.0,10565.0
1722,96792.0,50572.0,58319.0,56332.0,52344.0,96790.0,3.198827028274536,,,,,,,,,,,,,2.619633056640625,-0.26693545532226565,0.07551577758789063,,,,,,,,96787.0,4194.0,19.0,10.0,-1067919354.0,-37.0,558.0,-82.0,-1657.0,-393.0,10616.0
1723,96802.0,50175.0,58328.0,55623.0,51444.0,96800.0,3.1935484409332275,,,,,,,,,,,,,2.618783447265625,-0.26591714477539063,0.0753832015991211,,,,,,,,96797.0,4194.0,22.0,13.0,-1062677498.0,-68.0,566.0,-52.0,-1540.0,-546.0,10713.0
1724,96812.0,50725.0,57769.0,55070.0,52347.0,96810.0,3.1935484409332275,,,,,,,,,,,,,2.617708251953125,-0.26494985961914064,0.07428337860107422,,,,,,,,96807.0,4193.0,23.0,12.0,-1058483195.0,-104.0,566.0,-48.0,-1538.0,-517.0,10448.0
1725,96822.0,49292.0,57596.0,55853.0,52192.0,96820.0,3.1935484409332275,,,,,,,,,,,,,2.618107177734375,-0.2653145141601562,0.07364271545410156,,,,,,,,96817.0,4191.0,24.0,10.0,-1053241339.0,-137.0,562.0,-46.0,-1539.0,-794.0,10463.0
1726,96832.0,49541.0,58322.0,56608.0,52169.0,96830.0,3.2041056156158447,,,,,,,,,,,,,2.61537548828125,-0.2643621826171875,0.07400963592529297,,,,,,,,96827.0,4189.0,31.0,5.0,-1049047035.0,-201.0,576.0,-67.0,-1512.0,-900.0,10555.0
1727,96842.0,49012.0,57458.0,56083.0,51645.0,96840.0,3.2041056156158447,,,,,,,,,,,,,2.613294189453125,-0.2613101806640625,0.07496449279785156,,,,,,,,96837.0,4186.0,33.0,9.0,-1044854779.0,-237.0,576.0,-33.0,-1414.0,-998.0,10390.0
1728,96852.0,49724.0,57318.0,55657.0,51783.0,96850.0,3.198827028274536,,,,,,,,,,,,,2.610714111328125,-0.25962738037109373,0.07568091583251953,,,,,,,,96847.0,4183.0,30.0,9.0,-1039613948.0,-267.0,559.0,-27.0,-1492.0,-963.0,10358.0
1729,96862.0,48201.0,57084.0,56361.0,51696.0,96860.0,3.2093844413757324,,,,,,,,,,,,,2.609098388671875,-0.2586638793945312,0.07583390808105468,,,,,,,,96857.0,4180.0,28.0,8.0,-1035422717.0,-296.0,542.0,-24.0,-1263.0,-1309.0,10346.0
1730,96872.0,49448.0,56867.0,56440.0,52648.0,96870.0,3.2093844413757324,,,,,,,,,,,,,2.607826171875,-0.2588543090820313,0.07574977874755859,,,,,,,,96867.0,4176.0,31.0,4.0,-1032278012.0,-360.0,533.0,-42.0,-1323.0,-1217.0,10105.0
1731,96882.0,50198.0,56359.0,55894.0,53424.0,96880.0,3.2093844413757324,,,,,,,,,,,,,2.605721435546875,-0.2599598693847656,0.07477327728271485,,,,,,,,96877.0,4170.0,31.0,8.0,-1028086781.0,-395.0,521.0,-10.0,-1242.0,-1402.0,10233.0
1732,96892.0,50534.0,54593.0,54494.0,53572.0,96890.0,3.2093844413757324,,,,,,,,,,,,,2.603923828125,-0.25938833618164064,0.07538945007324219,,,,,,,,96887.0,4166.0,24.0,8.0,-1024945149.0,-420.0,492.0,-5.0,-1033.0,-1459.0,10120.0
1733,96902.0,0.0,0.0,0.0,0.0,96900.0,3.2041056156158447,,,,,,,,,,,,,2.602110107421875,-0.2588183898925781,0.07582774353027344,,,,,,,,96897.0,4161.0,20.0,8.0,-1021803518.0,-445.0,467.0,-4.0,-981.0,-1559.0,10041.0
1734,96912.0,0.0,0.0,0.0,0.0,96910.0,3.2093844413757324,,,,,,,,,,,,,2.599510986328125,-0.26085443115234375,0.07698624420166016,,,,,,,,96907.0,4156.0,13.0,7.0,-1019712510.0,-466.0,434.0,-2.0,-778.0,-1476.0,10028.0
1735,96922.0,0.0,0.0,0.0,0.0,96920.0,3.4521994590759277,,,,,,,,,,,,,2.596549560546875,-0.26034188842773437,0.0764661865234375,,,,,,,,96917.0,4150.0,13.0,3.0,-1017618430.0,-523.0,399.0,-24.0,-546.0,-1235.0,9385.0
1736,96932.0,0.0,0.0,0.0,0.0,96930.0,3.6000001430511475,,,,,,,,,,,,,2.59584716796875,-0.2605724182128906,0.07695507049560547,,,,,,,,96927.0,4142.0,9.0,10.0,-1016577022.0,-550.0,378.0,15.0,-73.0,-1241.0,8601.0
1737,96942.0,0.0,0.0,0.0,0.0,96940.0,3.6000001430511475,,,,,,,,,,,,,2.5928720703125,-0.2603900451660156,0.07741805267333984,,,,,,,,96937.0,4136.0,-10.0,10.0,-1014486527.0,-564.0,326.0,7.0,-149.0,-1248.0,7987.0
1738,96952.0,0.0,0.0,0.0,0.0,96950.0,3.6263930797576904,,,,,,,,,,,,,2.59034228515625,-0.260714111328125,0.07772696685791015,,,,,,,,96947.0,4130.0,-7.0,10.0,-1015543296.0,-565.0,314.0,-7.0,42.0,-1063.0,7524.0
1739,96962.0,0.0,0.0,0.0,0.0,96960.0,3.631671667098999,,,,,,,,,,,,,2.589802001953125,-0.26233245849609377,0.07820829772949218,,,,,,,,96957.0,4123.0,-7.0,6.0,-1015017984.0,-609.0,268.0,-49.0,227.0,-1075.0,6940.0
1740,96972.0,0.0,0.0,0.0,0.0,96970.0,3.631671667098999,,,,,,,,,,,,,2.58587353515625,-0.26262765502929686,0.07658056640625,,,,,,,,96967.0,4114.0,-12.0,14.0,-1015008767.0,-623.0,245.0,-28.0,171.0,-993.0,6559.0
1741,96982.0,0.0,0.0,0.0,0.0,96980.0,3.631671667098999,,,,,,,,,,,,,2.582785400390625,-0.2607509460449219,0.07665145874023438,,,,,,,,96977.0,4108.0,-21.0,13.0,-1016048125.0,-621.0,213.0,-58.0,286.0,-802.0,6105.0
1742,96992.0,0.0,0.0,0.0,0.0,96990.0,3.631671667098999,,,,,,,,,,,,,2.581640625,-0.2652075500488281,0.07358648681640625,,,,,,,,96987.0,4102.0,-31.0,13.0,-1016038908.0,-617.0,184.0,-91.0,517.0,-1122.0,5885.0
