,motor_timestamp,m1,m2,m3,m4,bat_timestamp,bat_volt,cmd_timestamp,cmd_thrust,cmd_act_thrust,cmd_roll,cmd_pitch,cmd_yawrate,stabilizer_timestamp,stabilizer_thrust,des_timestamp,des_x,des_y,des_z,des_vx,des_vy,des_vz,mocap_output_timestamp,mocap_x,mocap_y,mocap_z,mocap_qx,mocap_qy,mocap_qz,mocap_qw,stateZ_timestamp,stateZ_x,stateZ_y,stateZ_z,stateZ_quat,stateZ_vx,stateZ_vy,stateZ_vz,stateZ_rollrate,stateZ_pitchrate,stateZ_yawrate
0,13390.0,0.0,0.0,0.0,0.0,13386.0,3.7530791759490967,,,,,,,,,4.139944553375244,0.001,0.001,0.02,0.018,-0.005,-0.011,,,,,,,,,13380.0,102.0,-7.0,23.0,-533193215.0,15.0,2.0,2.0,-2.0,-5.0,0.0
1,13400.0,0.0,0.0,0.0,0.0,13396.0,3.7530791759490967,,,,,,,,,4.15612006187439,0.0,0.0,0.02,0.012,-0.006,-0.011,,,,,,,,,13390.0,102.0,-7.0,24.0,-533193215.0,12.0,2.0,5.0,0.0,-1.0,0.0
2,13410.0,0.0,0.0,0.0,0.0,13406.0,3.7530791759490967,,,,,,,,,4.171083211898804,0.0,0.0,0.021,0.006,-0.005,-0.005,,,,,,,,,13400.0,102.0,-7.0,24.0,-533193215.0,11.0,2.0,5.0,2.0,0.0,-1.0
3,13420.0,0.0,0.0,0.0,0.0,13416.0,3.7530791759490967,,,,,,,,,4.203885793685913,0.002,0.002,0.022,0.013,0.001,0.003,,,,,,,,,13410.0,102.0,-7.0,24.0,-533193215.0,11.0,2.0,5.0,1.0,0.0,0.0
4,13430.0,0.0,0.0,0.0,0.0,13426.0,3.7530791759490967,,,,,,,,,4.226394891738892,0.001,0.001,0.022,0.006,0.002,0.004,,,,,,,,,13420.0,102.0,-7.0,24.0,-533193215.0,11.0,2.0,5.0,-1.0,1.0,-2.0
5,13440.0,0.0,0.0,0.0,0.0,13436.0,3.7530791759490967,,,,,,,,,4.240119934082031,0.001,0.001,0.022,0.004,0.002,0.007,,,,,,,,,13430.0,102.0,-7.0,24.0,-533193215.0,11.0,2.0,3.0,2.0,-2.0,3.0
6,13450.0,0.0,0.0,0.0,0.0,13446.0,3.7530791759490967,,,,,,,,,4.257442951202393,0.0,0.0,0.022,-0.002,0.0,0.009,,,,,,,,,13440.0,102.0,-7.0,24.0,-533193215.0,11.0,2.0,3.0,-2.0,-1.0,1.0
7,13460.0,0.0,0.0,0.0,0.0,13456.0,3.7530791759490967,,,,,,,,,4.273888826370239,-0.003,-0.003,0.019,-0.04,-0.002,-0.007,,,,,,,,,13450.0,103.0,-7.0,24.0,-533193215.0,14.0,6.0,3.0,0.0,5.0,-2.0
8,13470.0,0.0,0.0,0.0,0.0,13466.0,3.7530791759490967,,,,,,,,,4.290700674057007,-0.007,-0.007,0.018,-0.065,-0.008,-0.005,,,,,,,,,13460.0,103.0,-7.0,24.0,-533193215.0,13.0,5.0,3.0,0.0,1.0,-4.0
9,13480.0,0.0,0.0,0.0,0.0,13476.0,3.7530791759490967,,,,,,,,,4.309545040130615,-0.013,-0.013,0.021,-0.111,-0.024,0.012,,,,,,,,,13470.0,102.0,-7.0,24.0,-533193215.0,12.0,6.0,3.0,2.0,0.0,2.0
10,13490.0,0.0,0.0,0.0,0.0,13486.0,3.7530791759490967,,,,,,,,,4.330182313919067,-0.02,-0.02,0.021,-0.152,-0.036,0.02,,,,,,,,,13480.0,103.0,-7.0,21.0,-533193215.0,11.0,5.0,-11.0,-1.0,2.0,0.0
11,13500.0,0.0,0.0,0.0,0.0,13496.0,3.7530791759490967,,,,,,,,,4.352443695068359,-0.034,-0.034,0.022,-0.233,-0.059,0.062,,,,,,,,,13490.0,103.0,-7.0,21.0,-533193215.0,12.0,5.0,-10.0,0.0,-5.0,2.0
12,13510.0,0.0,0.0,0.0,0.0,13506.0,3.7530791759490967,,,,,,,,,4.394442081451416,-0.052,-0.052,0.019,-0.312,-0.094,0.116,,,,,,,,,13500.0,103.0,-6.0,21.0,-533193215.0,15.0,6.0,-10.0,2.0,0.0,1.0
13,13520.0,0.0,0.0,0.0,0.0,13516.0,3.7530791759490967,,,,,,,,,4.418263673782349,-0.061,-0.061,0.021,-0.334,-0.096,0.162,,,,,,,,,13510.0,103.0,-7.0,21.0,-533193215.0,13.0,5.0,-11.0,-3.0,3.0,-2.0
14,13530.0,0.0,0.0,0.0,0.0,13526.0,3.7530791759490967,,,,,,,,,4.439356565475464,-0.068,-0.068,0.02,-0.341,-0.092,0.191,,,,,,,,,13520.0,104.0,-6.0,22.0,-533193215.0,15.0,8.0,-5.0,0.0,-5.0,2.0
15,13540.0,0.0,0.0,0.0,0.0,13536.0,3.7530791759490967,,,,,,,,,4.474226474761963,-0.076,-0.076,0.029,-0.293,-0.069,0.27,,,,,,,,,13530.0,104.0,-6.0,22.0,-533193215.0,15.0,7.0,-5.0,2.0,-1.0,1.0
16,13550.0,0.0,0.0,0.0,0.0,13546.0,3.7530791759490967,,,,,,,,,4.540799617767334,-0.073,-0.073,0.039,-0.202,-0.039,0.319,,,,,,,,,13540.0,103.0,-6.0,22.0,-533193215.0,12.0,5.0,-5.0,0.0,0.0,-3.0
17,13560.0,0.0,0.0,0.0,0.0,13556.0,3.7530791759490967,,,,,,,,,4.563094615936279,-0.074,-0.074,0.057,-0.095,0.04,0.38,,,,,,,,,13550.0,104.0,-6.0,22.0,-533193215.0,17.0,6.0,-5.0,-2.0,0.0,-1.0
18,13570.0,0.0,0.0,0.0,0.0,13566.0,3.7530791759490967,,,,,,,,,4.585594654083252,-0.061,-0.061,0.073,0.015,0.076,0.391,,,,,,,,,13560.0,103.0,-6.0,22.0,-533193215.0,11.0,5.0,-2.0,0.0,1.0,-1.0
19,13580.0,0.0,0.0,0.0,0.0,13576.0,3.7530791759490967,,,,,,,,,4.609703063964844,-0.052,-0.052,0.084,0.097,0.08,0.381,,,,,,,,,13570.0,103.0,-6.0,22.0,-533193215.0,10.0,5.0,-1.0,0.0,-1.0,0.0
20,13590.0,0.0,0.0,0.0,0.0,13586.0,3.7530791759490967,,,,,,,,,4.634326457977295,-0.047,-0.047,0.092,0.133,0.077,0.375,,,,,,,,,13580.0,103.0,-6.0,22.0,-533193215.0,10.0,4.0,-2.0,-3.0,-3.0,-5.0
21,13600.0,0.0,0.0,0.0,0.0,13596.0,3.7530791759490967,,,,,,,,,4.654795408248901,-0.035,-0.035,0.106,0.194,0.078,0.376,,,,,,,,,13590.0,104.0,-6.0,22.0,-533193215.0,16.0,5.0,-2.0,0.0,3.0,0.0
22,13610.0,0.0,0.0,0.0,0.0,13606.0,3.7530791759490967,,,,,,,,,4.677034139633179,-0.031,-0.031,0.113,0.213,0.072,0.371,,,,,,,,,13600.0,104.0,-6.0,22.0,-533193215.0,10.0,2.0,-2.0,0.0,0.0,-1.0
23,13620.0,0.0,0.0,0.0,0.0,13616.0,3.7530791759490967,,,,,,,,,4.698762893676758,-0.022,-0.022,0.12,0.246,0.067,0.364,,,,,,,,,13610.0,104.0,-6.0,22.0,-533193215.0,9.0,3.0,-4.0,0.0,1.0,-1.0
24,13630.0,0.0,0.0,0.0,0.0,13626.0,3.7530791759490967,,,,,,,,,4.719564199447632,-0.018,-0.018,0.128,0.255,0.061,0.356,,,,,,,,,13620.0,104.0,-6.0,22.0,-533193215.0,12.0,3.0,-4.0,0.0,3.0,0.0
25,13640.0,0.0,0.0,0.0,0.0,13636.0,3.7530791759490967,,,,,,,,,4.741244077682495,-0.012,-0.012,0.136,0.263,0.057,0.355,,,,,,,,,13630.0,104.0,-6.0,22.0,-533193215.0,10.0,2.0,-4.0,-1.0,0.0,-2.0
26,13650.0,0.0,0.0,0.0,0.0,13646.0,3.7530791759490967,,,,,,,,,4.759695529937744,-0.004,-0.004,0.143,0.281,0.053,0.346,,,,,,,,,13640.0,104.0,-6.0,22.0,-533193215.0,10.0,2.0,-4.0,1.0,2.0,2.0
27,13660.0,0.0,0.0,0.0,0.0,13656.0,3.7530791759490967,,,,,,,,,4.779716491699219,0.0,0.0,0.15,0.276,0.047,0.338,,,,,,,,,13650.0,104.0,-6.0,21.0,-533193215.0,10.0,2.0,-7.0,2.0,3.0,-1.0
28,13670.0,0.0,0.0,0.0,0.0,13666.0,3.7530791759490967,,,,,,,,,4.8004310131073,0.008,0.008,0.157,0.284,0.043,0.332,,,,,,,,,13660.0,104.0,-6.0,21.0,-533193215.0,12.0,6.0,-7.0,-3.0,-1.0,0.0
29,13680.0,0.0,0.0,0.0,0.0,13676.0,3.747800588607788,,,,,,,,,4.821072101593018,0.014,0.014,0.163,0.277,0.036,0.328,,,,,,,,,13670.0,105.0,-6.0,21.0,-533193215.0,12.0,5.0,-8.0,-2.0,-3.0,0.0
30,13690.0,0.0,0.0,0.0,0.0,13686.0,3.747800588607788,,,,,,,,,4.84184718132019,0.021,0.021,0.171,0.275,0.032,0.328,,,,,,,,,13680.0,104.0,-6.0,21.0,-533193215.0,9.0,3.0,-8.0,-4.0,0.0,4.0
31,13700.0,0.0,0.0,0.0,0.0,13696.0,3.7530791759490967,,,,,,,,,4.862652063369751,0.025,0.025,0.178,0.26,0.026,0.328,,,,,,,,,13690.0,104.0,-6.0,21.0,-533193215.0,9.0,3.0,-8.0,0.0,3.0,0.0
32,13710.0,0.0,0.0,0.0,0.0,13706.0,3.7530791759490967,,,,,,,,,4.883169174194336,0.034,0.034,0.188,0.245,0.019,0.331,,,,,,,,,13700.0,106.0,-5.0,21.0,-533193215.0,18.0,9.0,-9.0,-3.0,-6.0,-2.0
33,13720.0,0.0,0.0,0.0,0.0,13716.0,3.7530791759490967,,,,,,,,,5.013267755508423,0.003980326652526856,0.0,0.4039750456524399,0.3,0.0,0.29920393466949463,,,,,,,,,13710.0,106.0,-5.0,21.0,-533193215.0,19.0,9.0,-9.0,0.0,0.0,3.0
34,13730.0,0.0,0.0,0.0,0.0,13726.0,3.7530791759490967,,,,,,,,,5.039962530136108,0.01198875904083252,0.0,0.41194084892638616,0.3,0.0,0.2976022481918335,,,,,,,,,13720.0,105.0,-5.0,21.0,-533193215.0,13.0,6.0,-9.0,-2.0,-4.0,-1.0
35,13740.0,0.0,0.0,0.0,0.0,13736.0,3.747800588607788,,,,,,,,,5.062260866165161,0.01867825984954834,0.0,0.41856196738587925,0.3,0.0,0.29626434803009033,,,,,,,,,13730.0,105.0,-6.0,20.0,-533193215.0,9.0,5.0,-9.0,1.0,2.0,-1.0
36,13750.0,0.0,0.0,0.0,0.0,13746.0,3.7530791759490967,,,,,,,,,5.081512451171875,0.0244537353515625,0.0,0.4242544069606811,0.3,0.0,0.2951092529296875,,,,,,,,,13740.0,105.0,-5.0,22.0,-533193215.0,9.0,5.0,1.0,0.0,2.0,0.0
37,13760.0,0.0,0.0,0.0,0.0,13756.0,3.7530791759490967,,,,,,,,,5.097246885299683,0.029174065589904784,0.0,0.4288903568888901,0.3,0.0,0.29416518688201904,,,,,,,,,13750.0,105.0,-5.0,22.0,-533193215.0,10.0,4.0,1.0,3.0,-2.0,3.0
38,13770.0,0.0,0.0,0.0,0.0,13766.0,3.7530791759490967,,,,,,,,,5.112246990203857,0.033674097061157225,0.0,0.43329611545686253,0.3,0.0,0.29326518058776857,,,,,,,,,13760.0,105.0,-5.0,22.0,-533193215.0,10.0,4.0,1.0,2.0,-2.0,3.0
39,13780.0,0.0,0.0,0.0,0.0,13776.0,3.7530791759490967,,,,,,,,,5.12712287902832,0.038136863708496095,0.0,0.4376520569173227,0.3,0.0,0.29237262725830077,,,,,,,,,13770.0,106.0,-5.0,22.0,-533193215.0,13.0,5.0,0.0,-1.0,0.0,0.0
40,13790.0,0.0,0.0,0.0,0.0,13786.0,3.7530791759490967,,,,,,,,,5.145530462265015,0.0436591386795044,0.0,0.4430237652160923,0.3,0.0,0.2912681722640991,,,,,,,,,13780.0,106.0,-5.0,22.0,-533193215.0,13.0,5.0,0.0,-2.0,2.0,5.0
41,13800.0,0.0,0.0,0.0,0.0,13796.0,3.7530791759490967,,,,,,,,,5.16340184211731,0.04902055263519287,0.0,0.44821954777497297,0.3,0.0,0.29019588947296143,,,,,,,,,13790.0,106.0,-5.0,22.0,-533193215.0,12.0,5.0,1.0,3.0,-3.0,0.0
42,13810.0,0.0,0.0,0.0,0.0,13806.0,3.7530791759490967,,,,,,,,,5.176300764083862,0.052890229225158694,0.0,0.4519577704426621,0.3,0.0,0.28942195415496824,,,,,,,,,13800.0,105.0,-5.0,22.0,-533193215.0,9.0,3.0,1.0,0.0,0.0,-3.0
43,13820.0,0.0,0.0,0.0,0.0,13816.0,3.7530791759490967,,,,,,,,,5.189507722854614,0.056852316856384276,0.0,0.45577492154573807,0.3,0.0,0.28862953662872315,,,,,,,,,13810.0,106.0,-5.0,22.0,-533193215.0,12.0,4.0,0.0,1.0,0.0,-2.0
44,13830.0,0.0,0.0,0.0,0.0,13826.0,3.7530791759490967,,,,,,,,,5.202511548995972,0.060753464698791504,0.0,0.4595231368744891,0.3,0.0,0.2878493070602417,,,,,,,,,13820.0,105.0,-5.0,22.0,-533193215.0,9.0,3.0,0.0,-2.0,0.0,0.0
45,13840.0,0.0,0.0,0.0,0.0,13836.0,3.7530791759490967,,,,,,,,,5.216278076171875,0.0648834228515625,0.0,0.4634801366645843,0.3,0.0,0.2870233154296875,,,,,,,,,13830.0,105.0,-5.0,23.0,-533193215.0,9.0,3.0,5.0,0.0,-1.0,-1.0
46,13850.0,0.0,0.0,0.0,0.0,13846.0,3.7530791759490967,,,,,,,,,5.229305267333984,0.06879158020019531,0.0,0.46721415303138203,0.3,0.0,0.2862416839599609,,,,,,,,,13840.0,106.0,-5.0,23.0,-533193215.0,9.0,3.0,4.0,5.0,-5.0,1.0
47,13860.0,0.0,0.0,0.0,0.0,13856.0,3.7530791759490967,,,,,,,,,5.24113917350769,0.07234175205230713,0.0,0.470597309022308,0.3,0.0,0.2855316495895386,,,,,,,,,13850.0,106.0,-5.0,23.0,-533193215.0,9.0,3.0,4.0,0.0,-2.0,0.0
48,13870.0,0.0,0.0,0.0,0.0,13866.0,3.747800588607788,,,,,,,,,5.254560232162476,0.07636806964874268,0.0,0.4744240422947843,0.3,0.0,0.28472638607025147,,,,,,,,,13860.0,105.0,-5.0,23.0,-533192191.0,4.0,4.0,4.0,2.0,1.0,1.0
49,13880.0,0.0,0.0,0.0,0.0,13876.0,3.7530791759490967,,,,,,,,,5.26727819442749,0.08018345832824707,0.0,0.4780403293317545,0.3,0.0,0.2839633083343506,,,,,,,,,13870.0,105.0,-5.0,23.0,-533192191.0,4.0,4.0,0.0,0.0,-2.0,0.0
50,13890.0,0.0,0.0,0.0,0.0,13886.0,3.7530791759490967,,,,,,,,,5.28012228012085,0.08403668403625489,0.0,0.4816826292816518,0.3,0.0,0.283192663192749,,,,,,,,,13880.0,105.0,-5.0,23.0,-533192191.0,4.0,4.0,0.0,1.0,2.0,-4.0
51,13900.0,0.0,0.0,0.0,0.0,13896.0,3.7530791759490967,,,,,,,,,5.292773962020874,0.08783218860626221,0.0,0.4852606908211402,0.3,0.0,0.28243356227874755,,,,,,,,,13890.0,105.0,-5.0,23.0,-533192192.0,4.0,4.0,0.0,-1.0,-4.0,2.0
52,13911.0,0.0,0.0,0.0,0.0,13906.0,3.7530791759490967,,,,,,,,,5.305915594100952,0.09177467823028565,0.0,0.4889671477088615,0.3,0.0,0.2816450643539429,,,,,,,,,13900.0,106.0,-5.0,23.0,-533193215.0,12.0,5.0,0.0,0.0,2.0,-3.0
53,13920.0,0.0,0.0,0.0,0.0,13916.0,3.747800588607788,,,,,,,,,5.318824768066406,0.09564743041992188,0.0,0.492597953437944,0.3,0.0,0.28087051391601564,,,,,,,,,13911.0,106.0,-5.0,20.0,-533193215.0,9.0,2.0,-13.0,2.0,0.0,0.0
54,13930.0,0.0,0.0,0.0,0.0,13926.0,3.7530791759490967,,,,,,,,,5.331763505935669,0.09952905178070068,0.0,0.49622704106457893,0.3,0.0,0.28009418964385985,,,,,,,,,13920.0,106.0,-5.0,20.0,-533193215.0,9.0,2.0,-13.0,-2.0,0.0,0.0
55,13940.0,0.0,0.0,0.0,0.0,13936.0,3.7530791759490967,,,,,,,,,5.345353364944458,0.1036060094833374,0.0,0.5000279410829837,0.3,0.0,0.2792787981033325,,,,,,,,,13930.0,106.0,-5.0,20.0,-533193215.0,9.0,2.0,-13.0,2.0,2.0,1.0
56,13950.0,0.0,0.0,0.0,0.0,13946.0,3.7530791759490967,,,,,,,,,5.358597278594971,0.10757918357849121,0.0,0.5037214233320196,0.3,0.0,0.27848416328430176,,,,,,,,,13940.0,107.0,-4.0,20.0,-533193215.0,11.0,4.0,-13.0,0.0,-2.0,0.0
57,13960.0,0.0,0.0,0.0,0.0,13956.0,3.7530791759490967,,,,,,,,,5.370870113372803,0.11126103401184081,0.0,0.5071346947820462,0.3,0.0,0.2777477931976318,,,,,,,,,13950.0,106.0,-5.0,20.0,-533193215.0,9.0,1.0,-13.0,0.0,0.0,0.0
58,13970.0,0.0,0.0,0.0,0.0,13966.0,3.7530791759490967,,,,,,,,,5.383269786834717,0.11498093605041504,0.0,0.5105740641654052,0.3,0.0,0.277003812789917,,,,,,,,,13960.0,107.0,-5.0,20.0,-533193215.0,10.0,2.0,-9.0,0.0,0.0,0.0
59,13980.0,0.0,0.0,0.0,0.0,13976.0,3.7530791759490967,,,,,,,,,5.396424293518066,0.11892728805541992,0.0,0.514212721440681,0.3,0.0,0.276214542388916,,,,,,,,,13970.0,108.0,-4.0,20.0,-533193215.0,19.0,4.0,-10.0,3.0,-1.0,3.0
60,13990.0,0.0,0.0,0.0,0.0,13986.0,3.7530791759490967,,,,,,,,,5.409472703933716,0.12284181118011475,0.0,0.5178117743221111,0.3,0.0,0.27543163776397706,,,,,,,,,13980.0,107.0,-4.0,20.0,-533193215.0,12.0,4.0,-10.0,-4.0,-1.0,-2.0
61,14000.0,0.0,0.0,0.0,0.0,13996.0,3.7530791759490967,,,,,,,,,5.422098398208618,0.12662951946258544,0.0,0.521284507729477,0.3,0.0,0.2746740961074829,,,,,,,,,13990.0,108.0,-4.0,20.0,-533193215.0,15.0,4.0,-10.0,-3.0,3.0,4.0
62,14010.0,0.0,0.0,0.0,0.0,14006.0,3.7530791759490967,,,,,,,,,5.434948921203613,0.130484676361084,0.0,0.5248092594393984,0.3,0.0,0.2739030647277832,,,,,,,,,14000.0,108.0,-4.0,20.0,-533193215.0,12.0,3.0,-10.0,1.0,0.0,0.0
63,14020.0,0.0,0.0,0.0,0.0,14016.0,3.7530791759490967,,,,,,,,,5.447289705276489,0.13418691158294677,0.0,0.528184869169557,0.3,0.0,0.27316261768341066,,,,,,,,,14010.0,107.0,-4.0,17.0,-533193215.0,11.0,3.0,-24.0,-3.0,-3.0,0.0
64,14030.0,0.0,0.0,0.0,0.0,14026.0,3.7530791759490967,,,,,,,,,5.460130214691162,0.13803906440734864,0.0,0.5316874699731966,0.3,0.0,0.27239218711853025,,,,,,,,,14020.0,108.0,-4.0,17.0,-533193215.0,12.0,3.0,-24.0,-3.0,3.0,-2.0
65,14040.0,0.0,0.0,0.0,0.0,14036.0,3.7530791759490967,,,,,,,,,5.472625255584717,0.14178757667541503,0.0,0.5350863377089194,0.3,0.0,0.27164248466491697,,,,,,,,,14030.0,108.0,-4.0,17.0,-533193215.0,12.0,2.0,-24.0,1.0,1.0,0.0
66,14050.0,0.0,0.0,0.0,0.0,14046.0,3.7530791759490967,,,,,,,,,5.4882752895355225,0.14648258686065674,0.0,0.5393302041095268,0.3,0.0,0.27070348262786864,,,,,,,,,14040.0,107.0,-5.0,17.0,-533193216.0,9.0,0.0,-24.0,3.0,0.0,-3.0
67,14060.0,0.0,0.0,0.0,0.0,14056.0,3.7530791759490967,,,,,,,,,5.501880645751953,0.15056419372558594,0.0,0.543007668248174,0.3,0.0,0.2698871612548828,,,,,,,,,14050.0,107.0,-5.0,18.0,-533193216.0,9.0,0.0,-15.0,-2.0,0.0,-2.0
68,14070.0,0.0,0.0,0.0,0.0,14066.0,3.7530791759490967,,,,,,,,,5.519407272338867,0.15582218170166015,0.0,0.5477286642649051,0.3,0.0,0.268835563659668,,,,,,,,,14060.0,107.0,-5.0,18.0,-533193216.0,9.0,0.0,-15.0,-2.0,0.0,1.0
69,14080.0,0.0,0.0,0.0,0.0,14076.0,3.7530791759490967,,,,,,,,,5.533109188079834,0.1599327564239502,0.0,0.5514065942314961,0.3,0.0,0.26801344871520993,,,,,,,,,14070.0,108.0,-5.0,18.0,-533193216.0,9.0,-1.0,-16.0,0.0,-4.0,2.0
70,14090.0,0.0,0.0,0.0,0.0,14086.0,3.7530791759490967,,,,,,,,,5.547064542770386,0.16411936283111572,0.0,0.5551409744124186,0.3,0.0,0.26717612743377683,,,,,,,,,14080.0,108.0,-5.0,18.0,-533193216.0,10.0,-1.0,-16.0,4.0,2.0,-4.0
71,14100.0,0.0,0.0,0.0,0.0,14096.0,3.7530791759490967,,,,,,,,,5.562289714813232,0.16868691444396972,0.0,0.5592018227424274,0.3,0.0,0.266262617111206,,,,,,,,,14090.0,108.0,-5.0,20.0,-533193216.0,9.0,-1.0,0.0,-2.0,0.0,2.0
72,14110.0,0.0,0.0,0.0,0.0,14106.0,3.7530791759490967,,,,,,,,,5.576862573623657,0.17305877208709716,0.0,0.5630756592216659,0.3,0.0,0.26538824558258056,,,,,,,,,14100.0,109.0,-5.0,20.0,-533193215.0,14.0,0.0,0.0,-4.0,2.0,-1.0
73,14120.0,0.0,0.0,0.0,0.0,14116.0,3.7530791759490967,,,,,,,,,5.5953545570373535,0.17860636711120606,0.0,0.5679729556536518,0.3,0.0,0.2642787265777588,,,,,,,,,14110.0,108.0,-4.0,20.0,-533193215.0,12.0,1.0,-1.0,0.0,5.0,-5.0
74,14130.0,0.0,0.0,0.0,0.0,14126.0,3.7530791759490967,,,,,,,,,5.6100754737854,0.1830226421356201,0.0,0.5718568796241857,0.3,0.0,0.26339547157287596,,,,,,,,,14120.0,108.0,-5.0,20.0,-533193215.0,12.0,0.0,-1.0,-2.0,0.0,0.0
75,14140.0,0.0,0.0,0.0,0.0,14136.0,3.7530791759490967,,,,,,,,,5.62456750869751,0.18737025260925294,0.0,0.5756677154216345,0.3,0.0,0.2625259494781494,,,,,,,,,14130.0,109.0,-5.0,20.0,-533193215.0,13.0,0.0,-1.0,-1.0,0.0,-4.0
76,14150.0,0.0,0.0,0.0,0.0,14146.0,3.7530791759490967,,,,,,,,,5.639971017837524,0.19199130535125733,0.0,0.5797044182410974,0.3,0.0,0.26160173892974853,,,,,,,,,14140.0,109.0,-5.0,21.0,-533193216.0,11.0,0.0,6.0,0.0,5.0,0.0
77,14160.0,0.0,0.0,0.0,0.0,14156.0,3.747800588607788,,,,,,,,,5.6557347774505615,0.19672043323516847,0.0,0.5838207902844244,0.3,0.0,0.2606559133529663,,,,,,,,,14150.0,109.0,-5.0,22.0,-533193215.0,13.0,0.0,6.0,0.0,-4.0,2.0
78,14170.0,0.0,0.0,0.0,0.0,14166.0,3.7530791759490967,,,,,,,,,5.671036720275879,0.20131101608276367,0.0,0.5878023076840054,0.3,0.0,0.2597377967834473,,,,,,,,,14160.0,109.0,-5.0,22.0,-533193215.0,13.0,0.0,6.0,1.0,-2.0,0.0
79,14180.0,0.0,0.0,0.0,0.0,14176.0,3.7530791759490967,,,,,,,,,5.6840126514434814,0.20520379543304443,0.0,0.5911675962130022,0.3,0.0,0.2589592409133911,,,,,,,,,14170.0,109.0,-5.0,22.0,-533193216.0,10.0,-1.0,6.0,0.0,1.0,1.0
80,14190.0,0.0,0.0,0.0,0.0,14186.0,3.7530791759490967,,,,,,,,,5.696845531463623,0.2090536594390869,0.0,0.5944858485974623,0.3,0.0,0.2581892681121826,,,,,,,,,14180.0,109.0,-5.0,21.0,-533193216.0,11.0,-1.0,1.0,0.0,0.0,-1.0
81,14200.0,0.0,0.0,0.0,0.0,14196.0,3.7530791759490967,,,,,,,,,5.710796356201172,0.21323890686035157,0.0,0.5980819630606857,0.3,0.0,0.2573522186279297,,,,,,,,,14190.0,109.0,-5.0,21.0,-533193216.0,11.0,-1.0,1.0,0.0,-1.0,-1.0
82,14210.0,0.0,0.0,0.0,0.0,14206.0,3.7530791759490967,,,,,,,,,5.723744630813599,0.2171233892440796,0.0,0.6014092005251342,0.3,0.0,0.25657532215118406,,,,,,,,,14200.0,109.0,-4.0,21.0,-533193216.0,8.0,2.0,1.0,2.0,-2.0,-1.0
83,14220.0,0.0,0.0,0.0,0.0,14216.0,3.7530791759490967,,,,,,,,,5.737880229949951,0.22136406898498534,0.0,0.6050300519724556,0.3,0.0,0.25572718620300294,,,,,,,,,14210.0,109.0,-4.0,21.0,-533193216.0,8.0,2.0,1.0,3.0,-9.0,0.0
84,14230.0,0.0,0.0,0.0,0.0,14226.0,3.7530791759490967,,,,,,,,,5.751149654388428,0.22534489631652832,0.0,0.6084181222178927,0.3,0.0,0.2549310207366943,,,,,,,,,14220.0,109.0,-4.0,21.0,-533193216.0,8.0,1.0,2.0,-2.0,-1.0,0.0
85,14240.0,0.0,0.0,0.0,0.0,14236.0,3.7530791759490967,,,,,,,,,5.76443338394165,0.22933001518249513,0.0,0.6117992632279606,0.3,0.0,0.254133996963501,,,,,,,,,14230.0,109.0,-4.0,21.0,-533193216.0,8.0,1.0,2.0,0.0,-3.0,-4.0
86,14250.0,0.0,0.0,0.0,0.0,14246.0,3.7530791759490967,,,,,,,,,5.777796983718872,0.23333909511566162,0.0,0.6151900506791964,0.3,0.0,0.25333218097686766,,,,,,,,,14240.0,109.0,-4.0,21.0,-533193216.0,8.0,1.0,2.0,0.0,3.0,0.0
87,14260.0,0.0,0.0,0.0,0.0,14256.0,3.7530791759490967,,,,,,,,,5.790356159210205,0.2371068477630615,0.0,0.6183669620110164,0.3,0.0,0.2525786304473877,,,,,,,,,14250.0,109.0,-4.0,21.0,-533193216.0,6.0,2.0,2.0,-5.0,0.0,-1.0
88,14270.0,0.0,0.0,0.0,0.0,14266.0,3.7530791759490967,,,,,,,,,5.803202152252197,0.24096064567565917,0.0,0.6216066347541823,0.3,0.0,0.25180787086486817,,,,,,,,,14260.0,109.0,-4.0,21.0,-533193216.0,6.0,3.0,2.0,0.0,1.0,-3.0
89,14280.0,0.0,0.0,0.0,0.0,14276.0,3.7530791759490967,,,,,,,,,5.815896034240723,0.2447688102722168,0.0,0.6247982201115246,0.3,0.0,0.25104623794555664,,,,,,,,,14270.0,109.0,-4.0,22.0,-533193216.0,7.0,3.0,5.0,0.0,0.0,0.0
90,14290.0,0.0,0.0,0.0,0.0,14286.0,3.7530791759490967,,,,,,,,,5.83213996887207,0.2496419906616211,0.0,0.6288682828277888,0.3,0.0,0.2500716018676758,,,,,,,,,14280.0,109.0,-4.0,22.0,-533193216.0,7.0,3.0,5.0,2.0,0.0,1.0
91,14300.0,0.0,0.0,0.0,0.0,14296.0,3.7530791759490967,,,,,,,,,5.848334074020386,0.25450022220611573,0.0,0.632910101171795,0.3,0.0,0.24909995555877684,,,,,,,,,14290.0,109.0,-4.0,22.0,-533193216.0,9.0,1.0,4.0,1.0,1.0,3.0
92,14310.0,0.0,0.0,0.0,0.0,14306.0,3.7530791759490967,,,,,,,,,5.866400718688965,0.25992021560668943,0.0,0.6374007094463469,0.3,0.0,0.2480159568786621,,,,,,,,,14300.0,109.0,-4.0,22.0,-533193216.0,8.0,1.0,4.0,4.0,0.0,0.0
93,14320.0,0.0,0.0,0.0,0.0,14316.0,3.7530791759490967,,,,,,,,,5.87930154800415,0.2637904644012451,0.0,0.6405953280315703,0.3,0.0,0.24724190711975097,,,,,,,,,14310.0,109.0,-4.0,18.0,-533193216.0,8.0,1.0,-16.0,-2.0,2.0,-2.0
94,14330.0,0.0,0.0,0.0,0.0,14326.0,3.7530791759490967,,,,,,,,,5.892031908035278,0.2676095724105835,0.0,0.6437379446619917,0.3,0.0,0.2464780855178833,,,,,,,,,14320.0,109.0,-4.0,18.0,-533193216.0,7.0,0.0,-17.0,0.0,5.0,-2.0
95,14340.0,0.0,0.0,0.0,0.0,14336.0,3.7530791759490967,,,,,,,,,5.9057457447052,0.27172372341156004,0.0,0.6471124627900128,0.3,0.0,0.24565525531768798,,,,,,,,,14330.0,110.0,-4.0,18.0,-533193216.0,7.0,0.0,-16.0,2.0,1.0,-2.0
96,14350.0,0.0,0.0,0.0,0.0,14346.0,3.7530791759490967,,,,,,,,,5.919956922531128,0.27598707675933837,0.0,0.6505974545799501,0.3,0.0,0.24480258464813232,,,,,,,,,14340.0,110.0,-4.0,17.0,-533193216.0,7.0,0.0,-16.0,0.0,-1.0,1.0
97,14360.0,0.0,0.0,0.0,0.0,14356.0,3.7530791759490967,,,,,,,,,5.936108589172363,0.280832576751709,0.0,0.6545435980300408,0.3,0.0,0.2438334846496582,,,,,,,,,14350.0,110.0,-4.0,17.0,-533193216.0,7.0,0.0,-16.0,1.0,1.0,0.0
98,14370.0,0.0,0.0,0.0,0.0,14366.0,3.7530791759490967,,,,,,,,,5.948936223983765,0.2846808671951294,0.0,0.6576664684794724,0.3,0.0,0.2430638265609741,,,,,,,,,14360.0,111.0,-4.0,19.0,-533193215.0,13.0,0.0,-7.0,-2.0,-2.0,-3.0
99,14380.0,0.0,0.0,0.0,0.0,14376.0,3.7530791759490967,,,,,,,,,5.961071252822876,0.2883213758468628,0.0,0.6606116372567868,0.3,0.0,0.24233572483062743,,,,,,,,,14370.0,110.0,-4.0,19.0,-533193215.0,11.0,0.0,-7.0,-1.0,0.0,-1.0
100,14390.0,0.0,0.0,0.0,0.0,14386.0,3.7530791759490967,,,,,,,,,5.974620580673218,0.29238617420196533,0.0,0.6638896159138113,0.3,0.0,0.2415227651596069,,,,,,,,,14380.0,111.0,-4.0,19.0,-533193215.0,13.0,1.0,-7.0,0.0,-1.0,3.0
101,14400.0,0.0,0.0,0.0,0.0,14396.0,3.7530791759490967,,,,,,,,,5.987049341201782,0.29611480236053467,0.0,0.6668868103015285,0.3,0.0,0.24077703952789306,,,,,,,,,14390.0,111.0,-4.0,19.0,-533193215.0,11.0,1.0,-7.0,0.0,2.0,6.0
102,14410.0,0.0,0.0,0.0,0.0,14406.0,3.7530791759490967,,,,,,,,,5.999526023864746,0.29985780715942384,0.0,0.6698862389879378,0.3,0.0,0.24002843856811523,,,,,,,,,14400.0,111.0,-4.0,19.0,-533193215.0,11.0,1.0,-3.0,-4.0,-2.0,0.0
103,14420.0,0.0,0.0,0.0,0.0,14416.0,3.7530791759490967,,,,,,,,,6.012431621551514,0.3037294864654541,0.0,0.6729789528159313,0.3,0.0,0.23925410270690917,,,,,,,,,14410.0,111.0,-4.0,19.0,-533193215.0,12.0,2.0,-3.0,0.0,0.0,3.0
104,14430.0,0.0,0.0,0.0,0.0,14426.0,3.7530791759490967,,,,,,,,,6.378093719482422,0.41342811584472655,0.0,0.7564538468544197,0.3,0.0,0.21731437683105467,,,,,,,,,14420.0,111.0,-4.0,19.0,-533193215.0,12.0,2.0,-3.0,0.0,0.0,-1.0
105,14440.0,0.0,0.0,0.0,0.0,14436.0,3.7530791759490967,,,,,,,,,6.466515302658081,0.4399545907974243,0.0,0.7754345768095146,0.3,0.0,0.21200908184051512,,,,,,,,,14430.0,111.0,-4.0,19.0,-533193215.0,12.0,1.0,-3.0,0.0,-3.0,1.0
106,14450.0,0.0,0.0,0.0,0.0,14446.0,3.7530791759490967,,,,,,,,,6.539359092712402,0.4618077278137207,0.0,0.7907189353242302,0.3,0.0,0.20763845443725584,,,,,,,,,14440.0,111.0,-4.0,19.0,-533193216.0,10.0,1.0,-3.0,-2.0,-2.0,-1.0
107,14460.0,0.0,0.0,0.0,0.0,14456.0,3.7530791759490967,,,,,,,,,6.603180885314941,0.4809542655944824,0.0,0.8038485970633065,0.3,0.0,0.20380914688110352,,,,,,,,,14450.0,111.0,-4.0,22.0,-533193215.0,12.0,1.0,8.0,-1.0,-1.0,4.0
108,14470.0,0.0,0.0,0.0,0.0,14466.0,3.7530791759490967,,,,,,,,,6.671126127243042,0.5013378381729126,0.0,0.8175579621782827,0.3,0.0,0.19973243236541746,,,,,,,,,14460.0,111.0,-4.0,22.0,-533193215.0,12.0,0.0,8.0,0.0,3.0,0.0
109,14480.0,0.0,0.0,0.0,0.0,14476.0,3.7530791759490967,,,,,,,,,6.767095327377319,0.5301285982131958,0.0,0.8364498213320332,0.3,0.0,0.19397428035736083,,,,,,,,,14470.0,111.0,-4.0,22.0,-533193216.0,10.0,0.0,8.0,0.0,-1.0,-1.0
110,14490.0,0.0,0.0,0.0,0.0,14486.0,3.7530791759490967,,,,,,,,,6.851743936538696,0.5555231809616089,0.0,0.852654512766374,0.3,0.0,0.1888953638076782,,,,,,,,,14480.0,111.0,-4.0,22.0,-533193216.0,9.0,0.0,8.0,2.0,-2.0,0.0
111,14500.0,0.0,0.0,0.0,0.0,14496.0,3.7530791759490967,,,,,,,,,6.917621374130249,0.5752864122390747,0.0,0.8649682602034392,0.3,0.0,0.18494271755218505,,,,,,,,,14490.0,111.0,-4.0,21.0,-533193216.0,9.0,0.0,2.0,-1.0,0.0,-4.0
112,14510.0,0.0,0.0,0.0,0.0,14506.0,3.7530791759490967,,,,,,,,,7.0014967918396,0.6004490375518798,0.0,0.8802693553195535,0.3,0.0,0.179910192489624,,,,,,,,,14500.0,111.0,-4.0,21.0,-533193216.0,9.0,0.0,2.0,1.0,4.0,3.0
113,14520.0,0.0,0.0,0.0,0.0,14516.0,3.7530791759490967,,,,,,,,,7.067373991012573,0.620212197303772,0.0,0.8919911407423143,0.3,0.0,0.1759575605392456,,,,,,,,,14510.0,112.0,-4.0,21.0,-533193215.0,13.0,0.0,2.0,-4.0,-3.0,3.0
114,14530.0,0.0,0.0,0.0,0.0,14526.0,3.7530791759490967,,,,,,,,,7.131960391998291,0.6395881175994873,0.0,0.9032304642080021,0.3,0.0,0.17208237648010252,,,,,,,,,14520.0,112.0,-4.0,21.0,-533193216.0,10.0,0.0,2.0,0.0,-1.0,2.0
115,14540.0,0.0,0.0,0.0,0.0,14536.0,3.7530791759490967,,,,,,,,,7.199506759643555,0.6598520278930664,0.0,0.9147171283215357,0.3,0.0,0.1680295944213867,,,,,,,,,14530.0,112.0,-4.0,18.0,-533193216.0,10.0,0.0,-12.0,-1.0,0.0,-1.0
116,14550.0,0.0,0.0,0.0,0.0,14546.0,3.7530791759490967,,,,,,,,,7.276424407958984,0.6829273223876953,0.0,0.9274640798331529,0.3,0.0,0.16341453552246094,,,,,,,,,14540.0,112.0,-4.0,18.0,-533193216.0,7.0,-1.0,-12.0,0.0,-5.0,1.0
117,14560.0,0.0,0.0,0.0,0.0,14556.0,3.7530791759490967,,,,,,,,,7.332859992980957,0.6998579978942872,0.0,0.9365909254887538,0.3,0.0,0.16002840042114258,,,,,,,,,14550.0,112.0,-4.0,18.0,-533193216.0,10.0,0.0,-13.0,-1.0,-5.0,-5.0
118,14570.0,0.0,0.0,0.0,0.0,14566.0,3.7530791759490967,,,,,,,,,7.422749042510986,0.7268247127532959,0.0,0.9507333250636588,0.3,0.0,0.1546350574493408,,,,,,,,,14561.0,112.0,-4.0,18.0,-533193216.0,11.0,0.0,-13.0,1.0,1.0,2.0
119,14580.0,0.0,0.0,0.0,0.0,14576.0,3.7530791759490967,,,,,,,,,7.4874207973480225,0.7462262392044068,0.0,0.9606083725120226,0.3,0.0,0.15075475215911865,,,,,,,,,14571.0,112.0,-3.0,18.0,-533193215.0,9.0,5.0,-13.0,0.0,-5.0,2.0
120,14590.0,0.0,0.0,0.0,0.0,14586.0,3.7530791759490967,,,,,,,,,7.552058696746826,0.7656176090240479,0.0,0.9702275012748146,0.3,0.0,0.14687647819519042,,,,,,,,,14580.0,112.0,-3.0,19.0,-533193215.0,9.0,3.0,-5.0,1.0,0.0,0.0
121,14600.0,0.0,0.0,0.0,0.0,14596.0,3.7530791759490967,,,,,,,,,7.615300893783569,0.7845902681350708,0.0,0.9793963051843168,0.3,0.0,0.14308194637298582,,,,,,,,,14590.0,112.0,-3.0,19.0,-533193215.0,8.0,2.0,-5.0,-2.0,1.0,3.0
122,14610.0,0.0,0.0,0.0,0.0,14606.0,3.7530791759490967,,,,,,,,,7.68261194229126,0.8047835826873779,0.0,0.9888913776996674,0.3,0.0,0.1390432834625244,,,,,,,,,14601.0,0.0,0.0,0.0,-1073741824.0,0.0,0.0,0.0,0.0,0.0,2.0
123,14620.0,0.0,0.0,0.0,0.0,14616.0,3.7530791759490967,,,,,,,,,7.764840126037598,0.8294520378112793,0.0,1.0001218101348512,0.3,0.0,0.13410959243774415,,,,,,,,,14610.0,0.0,0.0,187.0,-536870400.0,2.0,0.0,0.0,0.0,-1.0,0.0
124,14630.0,0.0,0.0,0.0,0.0,14626.0,3.7530791759490967,,,,,,,,,7.843933582305908,0.8531800746917725,0.0,1.010541328074753,0.3,0.0,0.1293639850616455,,,,,,,,,14621.0,0.0,0.0,23.0,-536870400.0,5.0,0.0,0.0,0.0,2.0,-2.0
125,14640.0,0.0,0.0,0.0,0.0,14636.0,3.747800588607788,,,,,,,,,7.910157918930054,0.8730473756790161,0.0,1.018976802285677,0.3,0.0,0.12539052486419677,,,,,,,,,14630.0,0.0,0.0,24.0,-1073217536.0,4.0,-1.0,0.0,-1.0,-2.0,-2.0
126,14650.0,0.0,0.0,0.0,0.0,14646.0,3.747800588607788,,,,,,,,,8.000436305999756,0.9001308917999268,0.0,1.030052351009083,0.3,0.0,0.11997382164001465,,,,,,,,,14640.0,0.0,0.0,23.0,-1073741312.0,9.0,-3.0,0.0,1.0,7.0,-3.0
127,14660.0,0.0,0.0,0.0,0.0,14656.0,3.747800588607788,,,,,,,,,8.082332849502563,0.924699854850769,0.0,1.0396765809970914,0.3,0.0,0.11506002902984619,,,,,,,,,14650.0,0.0,0.0,23.0,-536870912.0,11.0,-3.0,0.0,0.0,2.0,-1.0
128,14670.0,0.0,0.0,0.0,0.0,14666.0,3.747800588607788,,,,,,,,,8.146137952804565,0.9438413858413697,0.0,1.0468958652990505,0.3,0.0,0.11123172283172607,,,,,,,,,14660.0,0.0,0.0,23.0,-536870400.0,13.0,-3.0,0.0,-2.0,0.0,0.0
129,14680.0,0.0,0.0,0.0,0.0,14676.0,3.7530791759490967,,,,,,,,,8.212000608444214,0.9636001825332642,0.0,1.054091745273884,0.3,0.0,0.10727996349334716,,,,,,,,,14670.0,0.0,0.0,23.0,-1073216000.0,6.0,-6.0,-1.0,1.0,2.0,0.0
130,14690.0,0.0,0.0,0.0,0.0,14686.0,3.7530791759490967,,,,,,,,,8.27603030204773,0.9828090906143189,0.0,1.0608378544162709,0.3,0.0,0.10343818187713623,,,,,,,,,14680.0,0.0,0.0,23.0,-1073216000.0,7.0,-7.0,-1.0,0.0,2.0,-1.0
131,14700.0,0.0,0.0,0.0,0.0,14696.0,3.7530791759490967,,,,,,,,,8.340719223022461,1.0022157669067382,0.0,1.0674036190945846,0.3,0.0,0.09955684661865234,,,,,,,,,14690.0,0.0,0.0,23.0,-536344064.0,5.0,-6.0,-1.0,-2.0,-3.0,2.0
132,14710.0,0.0,0.0,0.0,0.0,14706.0,3.7530791759490967,,,,,,,,,8.42441987991333,1.0273259639739991,0.0,1.0755264185556301,0.3,0.0,0.09453480720520019,,,,,,,,,14700.0,0.0,0.0,23.0,-536344064.0,7.0,-7.0,-1.0,-2.0,0.0,-3.0
133,14720.0,0.0,0.0,0.0,0.0,14716.0,3.7530791759490967,,,,,,,,,8.494836330413818,1.0484508991241455,0.0,1.0820344698327358,0.3,0.0,0.09030982017517089,,,,,,,,,14710.0,0.0,0.0,23.0,-535296512.0,17.0,-4.0,0.0,-1.0,0.0,0.0
134,14730.0,0.0,0.0,0.0,0.0,14726.0,3.7530791759490967,,,,,,,,,8.562947750091553,1.0688843250274658,0.0,1.088046424930992,0.3,0.0,0.08622313499450683,,,,,,,,,14720.0,0.0,0.0,23.0,-535296512.0,14.0,-5.0,-1.0,-4.0,1.0,0.0
135,14740.0,0.0,0.0,0.0,0.0,14736.0,3.7530791759490967,,,,,,,,,8.64658498764038,1.0939754962921142,0.0,1.0950480341295883,0.3,0.0,0.08120490074157714,,,,,,,,,14730.0,0.0,0.0,23.0,-535296512.0,18.0,-5.0,-1.0,2.0,0.0,0.0
136,14750.0,0.0,0.0,0.0,0.0,14746.0,3.7530791759490967,,,,,,,,,8.713110208511353,1.1139330625534059,0.0,1.1003174399368691,0.3,0.0,0.07721338748931884,,,,,,,,,14740.0,0.0,0.0,23.0,-535295488.0,15.0,-7.0,-1.0,0.0,-2.0,-1.0
137,14760.0,0.0,0.0,0.0,0.0,14756.0,3.7530791759490967,,,,,,,,,8.793506383895874,1.1380519151687623,0.0,1.1063311946289995,0.3,0.0,0.07238961696624756,,,,,,,,,14750.0,0.0,0.0,20.0,-535295488.0,14.0,-6.0,-14.0,1.0,-4.0,0.0
138,14770.0,0.0,0.0,0.0,0.0,14766.0,3.7530791759490967,,,,,,,,,8.86142635345459,1.158427906036377,0.0,1.1111095015417685,0.3,0.0,0.06831441879272461,,,,,,,,,14760.0,1.0,0.0,20.0,-535296512.0,20.0,-5.0,-14.0,1.0,4.0,-2.0
139,14780.0,0.0,0.0,0.0,0.0,14776.0,3.7530791759490967,,,,,,,,,8.932896375656128,1.1798689126968385,0.0,1.1158386956473652,0.3,0.0,0.06402621746063232,,,,,,,,,14770.0,1.0,0.0,20.0,-535296512.0,22.0,-6.0,-14.0,0.0,0.0,1.0
140,14790.0,0.0,0.0,0.0,0.0,14786.0,3.7530791759490967,,,,,,,,,8.99719762802124,1.199159288406372,0.0,1.1198316220826132,0.3,0.0,0.06016814231872558,,,,,,,,,14780.0,0.0,0.0,20.0,-535294464.0,12.0,-4.0,-14.0,0.0,-2.0,-4.0
141,14800.0,0.0,0.0,0.0,0.0,14796.0,3.7530791759490967,,,,,,,,,9.062244176864624,1.2186732530593871,0.0,1.1236184204852708,0.3,0.0,0.056265349388122554,,,,,,,,,14790.0,1.0,0.0,20.0,-534245888.0,17.0,-3.0,-14.0,-2.0,-2.0,0.0
142,14810.0,0.0,0.0,0.0,0.0,14806.0,3.7530791759490967,,,,,,,,,9.12013030052185,1.2360390901565552,0.0,1.1267748793582069,0.3,0.0,0.05279218196868896,,,,,,,,,14800.0,0.0,0.0,20.0,-535293440.0,12.0,-5.0,-11.0,0.0,-2.0,-2.0
143,14820.0,47472.0,47822.0,47671.0,47315.0,14816.0,3.7530791759490967,,,,,,,,,9.205547332763672,1.2616641998291016,0.0,1.1310653487856324,0.3,0.0,0.04766716003417969,,,,,,,,,14810.0,1.0,0.0,20.0,-535294464.0,18.0,-5.0,-11.0,0.0,-5.0,0.0
144,14830.0,52031.0,52122.0,52136.0,52045.0,14826.0,3.4310851097106934,,,,,,,,,9.286998271942139,1.2860994815826416,0.0,1.1347488560735952,0.3,0.0,0.042780103683471675,,,,,,,,,14820.0,0.0,0.0,20.0,-535293440.0,12.0,-6.0,-11.0,4.0,3.0,0.0
145,14840.0,59857.0,60247.0,60533.0,60105.0,14836.0,2.9718475341796875,,,,,,,,,9.387105226516724,1.3161315679550172,0.0,1.1387307998991065,0.3,0.0,0.03677368640899658,,,,,,,,,14830.0,1.0,0.0,20.0,-535293440.0,14.0,-6.0,-11.0,0.0,0.0,0.0
146,14850.0,60026.0,60447.0,60154.0,59982.0,14846.0,2.9718475341796875,,,,,,,,,9.474589586257935,1.3423768758773804,0.0,1.1417183169139418,0.3,0.0,0.03152462482452392,,,,,,,,,14840.0,0.0,0.0,21.0,-535293440.0,6.0,-5.0,-5.0,-10.0,-20.0,3.0
147,14860.0,65251.0,64024.0,64043.0,65404.0,14856.0,2.7659823894500732,,,,,,,,,9.557007789611816,1.3671023368835449,0.0,1.1441127370460618,0.3,0.0,0.026579532623291015,,,,,,,,,14850.0,0.0,0.0,21.0,-535293440.0,5.0,-4.0,-6.0,-4.0,-16.0,-14.0
148,14870.0,65096.0,64328.0,65276.0,65535.0,14866.0,2.66568922996521,,,,,,,,,9.62274956703186,1.386824870109558,0.0,1.1457304633247607,0.3,0.0,0.022635025978088377,,,,,,,,,14860.0,3.0,0.0,21.0,-534247936.0,26.0,0.0,-6.0,-15.0,-42.0,-7.0
149,14880.0,64588.0,64300.0,65256.0,65535.0,14876.0,2.6076245307922363,,,,,,,,,9.678877115249634,1.4036631345748902,0.0,1.146906402786688,0.3,0.0,0.019267373085021973,,,,,,,,,14870.0,2.0,0.0,21.0,-534246400.0,14.0,0.0,-6.0,-11.0,-28.0,25.0
150,14890.0,64235.0,64604.0,65406.0,65535.0,14886.0,2.612903118133545,,,,,,,,,9.747328758239746,1.4241986274719238,0.0,1.1480847173076199,0.3,0.0,0.015160274505615233,,,,,,,,,14880.0,2.0,0.0,22.0,-534246400.0,13.0,1.0,3.0,-29.0,1.0,0.0
151,14900.0,63703.0,65535.0,64941.0,63685.0,14896.0,2.6445748805999756,,,,,,,,,9.811618566513062,1.4434855699539184,0.0,1.1489353730655223,0.3,0.0,0.011302886009216308,,,,,,,,,14890.0,1.0,0.0,22.0,-534244864.0,6.0,2.0,4.0,-13.0,-7.0,-25.0
152,14910.0,64301.0,65535.0,65431.0,64896.0,14906.0,2.6973607540130615,,,,,,,,,9.884846925735474,1.4654540777206422,0.0,1.1496021930846227,0.3,0.0,0.0069091844558715814,,,,,,,,,14900.0,1.0,0.0,22.0,-534244864.0,5.0,1.0,5.0,44.0,55.0,-30.0
153,14920.0,62932.0,64116.0,65535.0,64609.0,14916.0,2.6973607540130615,,,,,,,,,9.940873622894287,1.482262086868286,0.0,1.1498951221459106,0.3,0.0,0.0035475826263427733,,,,,,,,,14910.0,1.0,0.0,22.0,-534244864.0,4.0,2.0,7.0,70.0,66.0,-34.0
154,14930.0,61679.0,65535.0,64397.0,61351.0,14926.0,2.744868040084839,,,,,,,,,10.018673658370972,1.5056020975112916,0.0,1.1499895388344914,0.3,0.0,-0.0011204195022583008,,,,,,,,,14920.0,0.0,0.0,22.0,-535292416.0,-2.0,0.0,9.0,15.0,34.0,-4.0
155,14940.0,61180.0,65535.0,63705.0,59352.0,14936.0,2.797653913497925,,,,,,,,,10.070728778839111,1.5212186336517335,0.0,1.1498499231953179,0.3,0.0,-0.00424372673034668,,,,,,,,,14930.0,-1.0,0.0,19.0,-535290368.0,-26.0,-2.0,-10.0,-5.0,117.0,-46.0
156,14950.0,59402.0,65535.0,65505.0,59518.0,14946.0,2.8662755489349365,,,,,,,,,10.162529468536377,1.5487588405609132,0.0,1.1492075251557186,0.3,0.0,-0.009751768112182617,,,,,,,,,14940.0,-3.0,0.0,19.0,-535288320.0,-40.0,-2.0,-7.0,94.0,125.0,-20.0
157,14960.0,59617.0,64747.0,63883.0,58430.0,14956.0,2.913783073425293,,,,,,,,,10.246910810470581,1.5740732431411744,0.0,1.1481710515501828,0.3,0.0,-0.014814648628234863,,,,,,,,,14950.0,-5.0,-1.0,18.0,-536335871.0,-51.0,-7.0,-5.0,45.0,193.0,2.0
158,14970.0,59647.0,64024.0,62840.0,57820.0,14966.0,2.9454545974731445,,,,,,,,,10.313101530075073,1.593930459022522,0.0,1.1470590229559394,0.3,0.0,-0.018786091804504395,,,,,,,,,14960.0,-7.0,-1.0,18.0,-1073204735.0,-65.0,-8.0,-5.0,39.0,163.0,9.0
159,14980.0,58889.0,64239.0,63269.0,56683.0,14976.0,2.9454545974731445,,,,,,,,,10.389363050460815,1.6168089151382445,0.0,1.1454518924480754,0.3,0.0,-0.023361783027648925,,,,,,,,,14970.0,-8.0,-2.0,21.0,-1072154111.0,-76.0,-11.0,13.0,89.0,106.0,22.0
160,14990.0,59518.0,63691.0,61668.0,55213.0,14986.0,2.9824047088623047,,,,,,,,,10.453148126602173,1.6359444379806518,0.0,1.1438397032607082,0.3,0.0,-0.02718888759613037,,,,,,,,,14980.0,-13.0,-4.0,21.0,-1071102463.0,-111.0,-24.0,12.0,86.0,38.0,50.0
161,15000.0,58836.0,63296.0,60466.0,53106.0,14996.0,3.029912233352661,,,,,,,,,10.517789840698242,1.6553369522094727,0.0,1.1419568104260907,0.3,0.0,-0.03106739044189453,,,,,,,,,14990.0,-17.0,-5.0,21.0,-1070051840.0,-131.0,-33.0,14.0,155.0,-95.0,85.0
162,15010.0,58702.0,62687.0,59715.0,52822.0,15006.0,3.0510265827178955,,,,,,,,,10.584635257720947,1.6753905773162843,0.0,1.1397460484628867,0.3,0.0,-0.035078115463256836,,,,,,,,,15000.0,-20.0,-6.0,21.0,-1069001216.0,-152.0,-36.0,20.0,194.0,-228.0,88.0
163,15020.0,57642.0,62019.0,59217.0,51098.0,15016.0,3.0879766941070557,,,,,,,,,10.641164064407349,1.6923492193222045,0.0,1.1376672592753794,0.3,0.0,-0.03846984386444092,,,,,,,,,15010.0,-23.0,-7.0,21.0,-1066904576.0,-171.0,-46.0,27.0,209.0,-325.0,89.0
164,15030.0,56290.0,60241.0,59288.0,51979.0,15026.0,3.1143696308135986,,,,,,,,,10.702667713165283,1.7108003139495849,0.0,1.1351877425462522,0.3,0.0,-0.04216006278991699,,,,,,,,,15020.0,-31.0,-9.0,21.0,-1065852928.0,-215.0,-55.0,44.0,208.0,-434.0,119.0
165,15040.0,56207.0,58149.0,59245.0,53912.0,15036.0,3.1143696308135986,,,,,,,,,10.773504257202148,1.7320512771606444,0.0,1.1320507349227045,0.3,0.0,-0.046410255432128907,,,,,,,,,15030.0,-34.0,-10.0,22.0,-1064805375.0,-233.0,-59.0,62.0,93.0,-581.0,143.0
166,15050.0,54680.0,54606.0,59196.0,55527.0,15046.0,3.14604115486145,,,,,,,,,10.843944787979126,1.7531834363937377,0.0,1.128632715845286,0.3,0.0,-0.05063668727874756,,,,,,,,,15040.0,-38.0,-11.0,22.0,-1063756799.0,-250.0,-67.0,81.0,-138.0,-777.0,179.0
167,15060.0,54515.0,52896.0,58413.0,55691.0,15056.0,3.161876916885376,,,,,,,,,10.910850524902344,1.7732551574707032,0.0,1.1251105396385537,0.3,0.0,-0.05465103149414062,,,,,,,,,15050.0,-41.0,-12.0,23.0,-1063759870.0,-261.0,-73.0,104.0,-496.0,-1043.0,213.0
168,15070.0,53978.0,52814.0,58488.0,55622.0,15066.0,3.1829912662506104,,,,,,,,,10.985413074493408,1.7956239223480224,0.0,1.1208688321785236,0.3,0.0,-0.05912478446960449,,,,,,,,,15060.0,-43.0,-12.0,19.0,-1065860093.0,-265.0,-68.0,103.0,-694.0,-1202.0,219.0
169,15080.0,53344.0,52870.0,58077.0,54440.0,15076.0,3.198827028274536,,,,,,,,,11.051356077194214,1.815406823158264,0.0,1.1168395119684038,0.3,0.0,-0.06308136463165283,,,,,,,,,15070.0,-52.0,-16.0,19.0,-1065860093.0,-312.0,-94.0,116.0,-810.0,-1334.0,199.0
170,15090.0,53772.0,52271.0,56813.0,53583.0,15086.0,3.214663028717041,,,,,,,,,11.198864936828613,1.859659481048584,0.0,1.1068816858972879,0.3,0.0,-0.0719318962097168,,,,,,,,,15080.0,-57.0,-18.0,20.0,-1067961340.0,-328.0,-100.0,137.0,-877.0,-1390.0,193.0
171,15100.0,55145.0,51593.0,54762.0,53308.0,15096.0,3.214663028717041,,,,,,,,,11.303791284561157,1.891137385368347,0.0,1.0990038485890712,0.3,0.0,-0.07822747707366944,,,,,,,,,15090.0,-61.0,-18.0,21.0,-1072160763.0,-334.0,-96.0,162.0,-785.0,-1408.0,200.0
172,15110.0,56453.0,52972.0,52778.0,51198.0,15106.0,3.2357773780822754,,,,,,,,,11.371429443359375,1.9114288330078124,0.0,1.0935754384566099,0.3,0.0,-0.08228576660156249,,,,,,,,,15100.0,-63.0,-18.0,24.0,-533198842.0,-327.0,-90.0,192.0,-589.0,-1517.0,187.0
173,15120.0,57330.0,52529.0,50192.0,50214.0,15116.0,3.251613140106201,,,,,,,,,11.441217422485352,1.9323652267456055,0.0,1.0876867702337405,0.3,0.0,-0.08647304534912109,,,,,,,,,15110.0,-68.0,-19.0,20.0,-531625978.0,-341.0,-92.0,191.0,-279.0,-1559.0,193.0
174,15130.0,57922.0,52054.0,47919.0,49581.0,15126.0,3.2621703147888184,,,,,,,,,11.631303071975708,1.9893909215927124,0.0,1.0701655086208786,0.3,0.0,-0.09787818431854248,,,,,,,,,15120.0,-71.0,-20.0,23.0,-529522681.0,-335.0,-88.0,217.0,13.0,-1608.0,192.0
175,15140.0,57448.0,50376.0,47356.0,49895.0,15136.0,3.278006076812744,,,,,,,,,11.733951091766357,2.0201853275299073,0.0,1.0598024083408677,0.3,0.0,-0.10403706550598144,,,,,,,,,15130.0,-72.0,-20.0,25.0,-529516536.0,-321.0,-82.0,240.0,269.0,-1672.0,183.0
176,15150.0,56414.0,49250.0,47803.0,49948.0,15146.0,3.29384183883667,,,,,,,,,11.7926504611969,2.03779513835907,0.0,1.0535921297191164,0.3,0.0,-0.10755902767181397,,,,,,,,,15140.0,-73.0,-20.0,28.0,-529509368.0,-304.0,-74.0,264.0,336.0,-1662.0,190.0
177,15160.0,55715.0,48757.0,48656.0,50242.0,15156.0,3.29384183883667,,,,,,,,,11.85750150680542,2.057250452041626,0.0,1.0464906445664677,0.3,0.0,-0.1114500904083252,,,,,,,,,15150.0,-76.0,-20.0,29.0,-530551799.0,-293.0,-69.0,270.0,290.0,-1578.0,181.0
178,15170.0,54565.0,48007.0,49432.0,49951.0,15166.0,3.304399013519287,,,,,,,,,11.920961380004883,2.076288414001465,0.0,1.0392972212958922,0.3,0.0,-0.11525768280029297,,,,,,,,,15160.0,-75.0,-19.0,32.0,-530543607.0,-264.0,-58.0,289.0,198.0,-1436.0,170.0
179,15180.0,52888.0,48768.0,51143.0,48371.0,15176.0,3.3096776008605957,,,,,,,,,11.98471975326538,2.0954159259796143,0.0,1.0318266250299462,0.3,0.0,-0.11908318519592284,,,,,,,,,15170.0,-74.0,-19.0,36.0,-530536438.0,-232.0,-48.0,307.0,95.0,-1156.0,175.0
180,15190.0,50857.0,49227.0,52906.0,47265.0,15186.0,3.3149561882019043,,,,,,,,,12.041958093643188,2.1125874280929566,0.0,1.0249122143141522,0.3,0.0,-0.1225174856185913,,,,,,,,,15180.0,-73.0,-18.0,39.0,-530530294.0,-202.0,-39.0,319.0,8.0,-790.0,194.0
181,15200.0,48718.0,49549.0,52976.0,44933.0,15196.0,3.3255133628845215,,,,,,,,,12.100274801254272,2.130082440376282,0.0,1.0176653727764897,0.3,0.0,-0.12601648807525634,,,,,,,,,15190.0,-73.0,-13.0,49.0,-528428021.0,-170.0,-7.0,367.0,-48.0,-349.0,195.0
182,15210.0,47384.0,50429.0,53899.0,43572.0,15206.0,3.3255133628845215,,,,,,,,,12.166080236434937,2.149824070930481,0.0,1.009242892279779,0.3,0.0,-0.12996481418609618,,,,,,,,,15200.0,-74.0,-13.0,53.0,-528425972.0,-155.0,-4.0,375.0,-74.0,18.0,178.0
183,15220.0,46716.0,50834.0,54082.0,42574.0,15216.0,3.3360705375671387,,,,,,,,,12.24000096321106,2.172000288963318,0.0,0.9994718705444058,0.3,0.0,-0.13440005779266356,,,,,,,,,15210.0,-74.0,-12.0,57.0,-528424948.0,-95.0,40.0,380.0,-37.0,415.0,169.0
184,15230.0,47119.0,51153.0,53634.0,41802.0,15226.0,3.3413491249084473,,,,,,,,,12.302870750427246,2.190861225128174,0.0,0.9909035892047996,0.3,0.0,-0.13817224502563477,,,,,,,,,15220.0,-69.0,-5.0,61.0,-525278195.0,-79.0,44.0,384.0,50.0,683.0,172.0
185,15240.0,47670.0,51229.0,53412.0,41774.0,15236.0,3.3413491249084473,,,,,,,,,12.36664891242981,2.209994673728943,0.0,0.981969187758844,0.3,0.0,-0.14199893474578856,,,,,,,,,15230.0,-68.0,-4.0,64.0,-525279219.0,-51.0,48.0,387.0,180.0,899.0,164.0
186,15250.0,48136.0,51480.0,52764.0,41000.0,15246.0,3.3413491249084473,,,,,,,,,12.430367469787598,2.2291102409362793,0.0,0.9727994188539469,0.3,0.0,-0.14582204818725586,,,,,,,,,15240.0,-63.0,0.0,70.0,-524231666.0,-10.0,73.0,394.0,304.0,1032.0,165.0
187,15260.0,48777.0,51793.0,52496.0,41270.0,15256.0,3.3360705375671387,,,,,,,,,12.485198974609375,2.2455596923828125,0.0,0.9647135816980154,0.3,0.0,-0.14911193847656248,,,,,,,,,15250.0,-61.0,0.0,73.0,-525283314.0,15.0,76.0,391.0,433.0,1088.0,151.0
188,15270.0,49114.0,51821.0,52223.0,41297.0,15266.0,3.3360705375671387,,,,,,,,,12.549535989761353,2.2648607969284056,0.0,0.954995987107348,0.3,0.0,-0.15297215938568115,,,,,,,,,15260.0,-60.0,0.0,77.0,-527383537.0,34.0,78.0,387.0,507.0,1069.0,123.0
189,15280.0,50940.0,50466.0,50760.0,43617.0,15276.0,3.3360705375671387,,,,,,,,,12.613347053527832,2.2840041160583495,0.0,0.945112515334522,0.3,0.0,-0.1568008232116699,,,,,,,,,15270.0,-57.0,0.0,81.0,-529483760.0,60.0,74.0,384.0,542.0,1029.0,108.0
190,15290.0,51011.0,50921.0,50608.0,43097.0,15286.0,3.3360705375671387,,,,,,,,,12.670585632324219,2.3011756896972657,0.0,0.9360391714127035,0.3,0.0,-0.16023513793945313,,,,,,,,,15280.0,-52.0,1.0,84.0,-531583984.0,97.0,80.0,381.0,571.0,940.0,94.0
191,15300.0,51728.0,49906.0,50195.0,44892.0,15296.0,3.33079195022583,,,,,,,,,12.734738826751709,2.320421648025513,0.0,0.9256361064837005,0.3,0.0,-0.16408432960510252,,,,,,,,,15290.0,-49.0,2.0,88.0,-533684208.0,118.0,79.0,378.0,540.0,833.0,77.0
192,15310.0,51405.0,48975.0,50606.0,45972.0,15306.0,3.33079195022583,,,,,,,,,12.801088809967041,2.3403266429901124,0.0,0.9146170443603228,0.3,0.0,-0.16806532859802245,,,,,,,,,15300.0,-47.0,2.0,92.0,-536831983.0,133.0,77.0,375.0,489.0,732.0,65.0
193,15320.0,51445.0,48589.0,51169.0,47142.0,15316.0,3.3255133628845215,,,,,,,,,12.858814716339111,2.3576444149017335,0.0,0.9048153525292878,0.3,0.0,-0.1715288829803467,,,,,,,,,15310.0,-44.0,3.0,95.0,-1071608815.0,151.0,77.0,370.0,387.0,658.0,60.0
194,15330.0,51081.0,48371.0,51212.0,46718.0,15326.0,3.3255133628845215,,,,,,,,,12.921258449554443,2.376377534866333,0.0,0.8939874721272031,0.3,0.0,-0.1752755069732666,,,,,,,,,15320.0,-37.0,4.0,102.0,-1070561263.0,185.0,78.0,380.0,274.0,640.0,54.0
195,15340.0,50269.0,48450.0,52015.0,46826.0,15336.0,3.3255133628845215,,,,,,,,,12.978238582611084,2.3934715747833253,0.0,0.8839028483514016,0.3,0.0,-0.17869431495666505,,,,,,,,,15330.0,-35.0,4.0,106.0,-1068466159.0,194.0,78.0,376.0,175.0,674.0,63.0
196,15350.0,49897.0,48684.0,52548.0,46399.0,15346.0,3.3255133628845215,,,,,,,,,13.044475078582764,2.413342523574829,0.0,0.8719351448766542,0.3,0.0,-0.18266850471496582,,,,,,,,,15340.0,-34.0,5.0,109.0,-1068468207.0,201.0,76.0,374.0,76.0,738.0,52.0
197,15360.0,49510.0,49410.0,53282.0,46084.0,15356.0,3.320234775543213,,,,,,,,,13.107304573059082,2.4321913719177246,0.0,0.8603397487073835,0.3,0.0,-0.1864382743835449,,,,,,,,,15350.0,-31.0,5.0,113.0,-1067422703.0,213.0,72.0,371.0,15.0,823.0,64.0
198,15370.0,49368.0,49679.0,53509.0,45706.0,15366.0,3.320234775543213,,,,,,,,,13.170454263687134,2.45113627910614,0.0,0.8484465928560423,0.3,0.0,-0.19022725582122801,,,,,,,,,15360.0,-28.0,6.0,117.0,-1067424750.0,221.0,69.0,367.0,-35.0,906.0,63.0
199,15380.0,49428.0,50107.0,53828.0,45653.0,15376.0,3.3149561882019043,,,,,,,,,13.226013660430908,2.4678040981292724,0.0,0.8377850758813952,0.3,0.0,-0.19356081962585447,,,,,,,,,15370.0,-22.0,6.0,120.0,-1066379246.0,246.0,67.0,364.0,-49.0,991.0,69.0
200,15390.0,49339.0,50500.0,53995.0,45134.0,15386.0,3.3149561882019043,,,,,,,,,13.298820972442627,2.489646291732788,0.0,0.8235334057531805,0.3,0.0,-0.1979292583465576,,,,,,,,,15380.0,-20.0,7.0,124.0,-1066382318.0,251.0,64.0,361.0,-58.0,1059.0,66.0
201,15400.0,49903.0,51086.0,53869.0,44829.0,15396.0,3.3096776008605957,,,,,,,,,13.357631206512451,2.5072893619537355,0.0,0.8117893804316123,0.3,0.0,-0.20145787239074706,,,,,,,,,15390.0,-18.0,7.0,128.0,-1066386414.0,255.0,61.0,356.0,-38.0,1094.0,69.0
202,15410.0,50636.0,51407.0,53523.0,44854.0,15406.0,3.3096776008605957,,,,,,,,,13.436111211776733,2.53083336353302,0.0,0.7957941922090669,0.3,0.0,-0.206166672706604,,,,,,,,,15400.0,-15.0,8.0,131.0,-1067439085.0,259.0,60.0,350.0,-10.0,1085.0,66.0
203,15420.0,51093.0,50425.0,53177.0,45950.0,15416.0,3.304399013519287,,,,,,,,,13.501481056213379,2.550444316864014,0.0,0.7821889123893653,0.3,0.0,-0.21008886337280272,,,,,,,,,15410.0,-12.0,8.0,136.0,-1066394605.0,263.0,57.0,355.0,68.0,1046.0,60.0
204,15430.0,51780.0,50539.0,52860.0,46164.0,15426.0,3.2991204261779785,,,,,,,,,13.55686640739441,2.5670599222183226,0.0,0.7704610407984757,0.3,0.0,-0.21341198444366455,,,,,,,,,15420.0,-7.0,9.0,140.0,-1066397677.0,278.0,56.0,350.0,76.0,958.0,62.0
205,15440.0,52103.0,51451.0,52557.0,45445.0,15436.0,3.2991204261779785,,,,,,,,,13.612709522247314,2.5838128566741942,0.0,0.7584498972359075,0.3,0.0,-0.21676257133483887,,,,,,,,,15430.0,-4.0,9.0,143.0,-1066400749.0,281.0,53.0,346.0,115.0,885.0,60.0
206,15450.0,52040.0,50128.0,52836.0,47207.0,15446.0,3.2991204261779785,,,,,,,,,13.686070680618286,2.605821204185486,0.0,0.7423864881245874,0.3,0.0,-0.22116424083709715,,,,,,,,,15440.0,-1.0,9.0,146.0,-1064825837.0,279.0,50.0,341.0,162.0,818.0,39.0
207,15461.0,52788.0,50149.0,52266.0,47551.0,15456.0,3.2991204261779785,,,,,,,,,13.750898122787476,2.6252694368362426,0.0,0.7279228981740817,0.3,0.0,-0.22505388736724852,,,,,,,,,15450.0,0.0,9.0,150.0,-1064822764.0,276.0,47.0,338.0,87.0,693.0,40.0
208,15470.0,52255.0,50014.0,52951.0,47880.0,15466.0,3.29384183883667,,,,,,,,,13.815372228622437,2.644611668586731,0.0,0.7132880427116999,0.3,0.0,-0.2289223337173462,,,,,,,,,15461.0,6.0,10.0,153.0,-1063772140.0,287.0,45.0,336.0,57.0,658.0,31.0
209,15480.0,52346.0,50395.0,52979.0,47712.0,15476.0,3.29384183883667,,,,,,,,,13.881483554840088,2.6644450664520263,0.0,0.6980225624051786,0.3,0.0,-0.23288901329040526,,,,,,,,,15470.0,8.0,11.0,157.0,-1063769068.0,284.0,43.0,332.0,21.0,597.0,26.0
210,15490.0,51978.0,50831.0,53584.0,47609.0,15486.0,3.2885632514953613,,,,,,,,,13.953389167785645,2.6860167503356935,0.0,0.6811214226410538,0.3,0.0,-0.23720335006713866,,,,,,,,,15481.0,11.0,11.0,160.0,-1062718444.0,280.0,40.0,329.0,-6.0,584.0,20.0
211,15500.0,51965.0,51147.0,53691.0,47160.0,15496.0,3.2885632514953613,,,,,,,,,14.017040014266968,2.7051120042800902,0.0,0.6659016857133412,0.3,0.0,-0.24102240085601806,,,,,,,,,15490.0,14.0,11.0,163.0,-1062716396.0,277.0,36.0,328.0,-41.0,588.0,15.0
212,15510.0,51572.0,51097.0,54087.0,47154.0,15506.0,3.2885632514953613,,,,,,,,,14.08420729637146,2.725262188911438,0.0,0.6495775228079839,0.3,0.0,-0.24505243778228758,,,,,,,,,15501.0,16.0,11.0,168.0,-1062714348.0,270.0,33.0,331.0,-81.0,570.0,22.0
213,15520.0,51669.0,50854.0,54186.0,47712.0,15516.0,3.2885632514953613,,,,,,,,,14.148733854293823,2.744620156288147,0.0,0.6336402221870896,0.3,0.0,-0.24892403125762938,,,,,,,,,15510.0,21.0,12.0,171.0,-1063760876.0,275.0,32.0,328.0,-92.0,596.0,27.0
214,15530.0,51517.0,51155.0,54363.0,47300.0,15526.0,3.2885632514953613,,,,,,,,,14.227259635925293,2.768177890777588,0.0,0.6139082791143028,0.3,0.0,-0.25363557815551757,,,,,,,,,15521.0,23.0,12.0,174.0,-1063758828.0,268.0,29.0,327.0,-115.0,597.0,24.0
215,15540.0,52111.0,51470.0,53908.0,47041.0,15536.0,3.2832846641540527,,,,,,,,,14.284475326538086,2.7853425979614257,0.0,0.5992981352885909,0.3,0.0,-0.25706851959228516,,,,,,,,,15530.0,25.0,12.0,178.0,-1063756780.0,260.0,26.0,328.0,-106.0,569.0,30.0
216,15550.0,51957.0,51398.0,53931.0,46889.0,15546.0,3.2885632514953613,,,,,,,,,14.3587965965271,2.80763897895813,0.0,0.5800267669031132,0.3,0.0,-0.261527795791626,,,,,,,,,15540.0,27.0,13.0,182.0,-1063753708.0,253.0,23.0,332.0,-78.0,548.0,23.0
217,15560.0,51817.0,51330.0,54201.0,47309.0,15556.0,3.2832846641540527,,,,,,,,,14.43535852432251,2.830607557296753,0.0,0.5598278428215895,0.3,0.0,-0.2661215114593506,,,,,,,,,15550.0,32.0,13.0,185.0,-1064801260.0,254.0,22.0,332.0,-62.0,524.0,27.0
218,15570.0,51891.0,51367.0,54087.0,47191.0,15566.0,3.2832846641540527,,,,,,,,,14.491074085235596,2.8473222255706787,0.0,0.5449076068277577,0.3,0.0,-0.26946444511413575,,,,,,,,,15560.0,34.0,13.0,188.0,-1064799212.0,245.0,19.0,331.0,-58.0,497.0,17.0
219,15580.0,52090.0,51512.0,53879.0,46902.0,15576.0,3.2832846641540527,,,,,,,,,14.555282592773438,2.8665847778320312,0.0,0.5274820149992593,0.3,0.0,-0.27331695556640623,,,,,,,,,15570.0,36.0,13.0,192.0,-1064797164.0,236.0,17.0,329.0,-61.0,447.0,14.0
220,15590.0,52145.0,51500.0,53820.0,46705.0,15586.0,3.2832846641540527,,,,,,,,,14.61289095878601,2.883867287635803,0.0,0.5116371100705084,0.3,0.0,-0.27677345752716065,,,,,,,,,15580.0,38.0,13.0,195.0,-1064795116.0,227.0,14.0,328.0,-40.0,413.0,17.0
221,15600.0,52252.0,50764.0,53378.0,47230.0,15596.0,3.2885632514953613,,,,,,,,,14.686026573181152,2.9058079719543457,0.0,0.4912346486632032,0.3,0.0,-0.28116159439086913,,,,,,,,,15590.0,40.0,14.0,198.0,-1064793068.0,217.0,12.0,328.0,-15.0,364.0,26.0
222,15610.0,52345.0,50775.0,53132.0,47017.0,15606.0,3.2885632514953613,,,,,,,,,14.74983525276184,2.9249505758285523,0.0,0.47317195214862584,0.3,0.0,-0.28499011516571043,,,,,,,,,15600.0,44.0,14.0,202.0,-1064792044.0,213.0,9.0,329.0,-24.0,309.0,15.0
223,15620.0,52207.0,50474.0,53082.0,47162.0,15616.0,3.2885632514953613,,,,,,,,,14.813074588775635,2.9439223766326905,0.0,0.45502939008646764,0.3,0.0,-0.28878447532653806,,,,,,,,,15610.0,45.0,14.0,205.0,-1064791019.0,202.0,6.0,330.0,-9.0,231.0,14.0
224,15630.0,52148.0,50450.0,52904.0,47031.0,15626.0,3.2885632514953613,,,,,,,,,14.87770390510559,2.9633111715316773,0.0,0.4362401384235301,0.3,0.0,-0.2926622343063354,,,,,,,,,15620.0,48.0,14.0,208.0,-1065838571.0,192.0,4.0,331.0,-36.0,186.0,13.0
225,15640.0,51456.0,50076.0,52589.0,46195.0,15636.0,3.2885632514953613,,,,,,,,,14.945259809494019,2.9835779428482057,0.0,0.4163321624980955,0.3,0.0,-0.2967155885696411,,,,,,,,,15630.0,49.0,14.0,215.0,-1065837547.0,180.0,2.0,352.0,-37.0,142.0,4.0
226,15650.0,51218.0,49860.0,52472.0,46142.0,15646.0,3.29384183883667,,,,,,,,,17.01637887954712,2.9835779428482057,0.0,0.0,0.0,0.0,0.012,,,,,,,,,15640.0,52.0,14.0,218.0,-1065837547.0,173.0,0.0,351.0,-49.0,110.0,5.0
227,15660.0,50676.0,49606.0,52564.0,46011.0,15656.0,3.304399013519287,,,,,,,,,,,,,,,,,,,,,,,,15650.0,54.0,14.0,222.0,-1065836523.0,163.0,-2.0,348.0,-68.0,83.0,0.0
228,15670.0,50628.0,49594.0,52422.0,45990.0,15666.0,3.304399013519287,,,,,,,,,,,,,,,,,,,,,,,,15660.0,55.0,14.0,225.0,-1065836523.0,152.0,-4.0,346.0,-88.0,83.0,-3.0
229,15680.0,50993.0,48818.0,51758.0,46273.0,15676.0,3.3149561882019043,,,,,,,,,,,,,,,,,,,,,,,,15670.0,56.0,14.0,229.0,-1065836523.0,140.0,-6.0,344.0,-104.0,54.0,-12.0
230,15690.0,50739.0,48989.0,52063.0,46365.0,15686.0,3.3149561882019043,,,,,,,,,,,,,,,,,,,,,,,,15680.0,58.0,13.0,231.0,-1066884076.0,131.0,-9.0,336.0,-96.0,-5.0,-1.0
231,15700.0,40117.0,42085.0,44643.0,32272.0,15696.0,3.3149561882019043,,,,,,,,,,,,,,,,,,,,,,,,15690.0,59.0,13.0,235.0,-1066884076.0,121.0,-10.0,333.0,-100.0,-17.0,-10.0
232,15710.0,40177.0,41034.0,44246.0,33322.0,15706.0,3.3255133628845215,,,,,,,,,,,,,,,,,,,,,,,,15700.0,61.0,14.0,238.0,-1066884076.0,111.0,-11.0,332.0,-80.0,-33.0,-10.0
233,15720.0,39466.0,39423.0,41942.0,32605.0,15716.0,3.4416422843933105,,,,,,,,,,,,,,,,,,,,,,,,15710.0,61.0,13.0,241.0,-1067932652.0,98.0,-15.0,330.0,-86.0,-108.0,-17.0
234,15730.0,39861.0,38751.0,40796.0,32942.0,15726.0,3.4680352210998535,,,,,,,,,,,,,,,,,,,,,,,,15720.0,62.0,13.0,245.0,-1067933676.0,87.0,-15.0,329.0,-88.0,-207.0,-33.0
235,15740.0,39620.0,38788.0,40973.0,33040.0,15736.0,3.4838709831237793,,,,,,,,,,,,,,,,,,,,,,,,15730.0,63.0,13.0,248.0,-1067933676.0,78.0,-18.0,323.0,-76.0,-312.0,-44.0
236,15750.0,41177.0,38117.0,39280.0,33934.0,15746.0,3.4838709831237793,,,,,,,,,,,,,,,,,,,,,,,,15740.0,66.0,13.0,252.0,-1068984300.0,74.0,-19.0,315.0,-63.0,-417.0,-42.0
237,15760.0,42320.0,37956.0,38259.0,34382.0,15756.0,3.489149570465088,,,,,,,,,,,,,,,,,,,,,,,,15750.0,67.0,12.0,255.0,-1068985324.0,65.0,-20.0,303.0,-32.0,-508.0,-55.0
238,15770.0,42826.0,38223.0,38328.0,35142.0,15766.0,3.4838709831237793,,,,,,,,,,,,,,,,,,,,,,,,15760.0,67.0,12.0,258.0,-1068986348.0,55.0,-22.0,289.0,25.0,-593.0,-53.0
239,15780.0,42420.0,40344.0,39371.0,34609.0,15776.0,3.4838709831237793,,,,,,,,,,,,,,,,,,,,,,,,15770.0,67.0,12.0,260.0,-1068988397.0,47.0,-23.0,271.0,47.0,-672.0,-69.0
240,15790.0,43663.0,39923.0,38154.0,35414.0,15786.0,3.473313808441162,,,,,,,,,,,,,,,,,,,,,,,,15780.0,69.0,12.0,263.0,-1068991469.0,43.0,-22.0,254.0,62.0,-736.0,-96.0
241,15800.0,43602.0,38946.0,38928.0,37652.0,15796.0,3.4680352210998535,,,,,,,,,,,,,,,,,,,,,,,,15790.0,69.0,12.0,265.0,-1068994541.0,37.0,-23.0,235.0,63.0,-780.0,-116.0
242,15810.0,43469.0,39488.0,39763.0,37973.0,15806.0,3.4680352210998535,,,,,,,,,,,,,,,,,,,,,,,,15800.0,69.0,12.0,267.0,-1068996589.0,29.0,-24.0,215.0,32.0,-781.0,-124.0
243,15820.0,43775.0,39772.0,40408.0,38686.0,15816.0,3.4574780464172363,,,,,,,,,,,,,,,,,,,,,,,,15810.0,69.0,11.0,270.0,-1068999662.0,23.0,-27.0,197.0,-1.0,-758.0,-125.0
244,15830.0,44196.0,41122.0,41097.0,38568.0,15826.0,3.446920871734619,,,,,,,,,,,,,,,,,,,,,,,,15820.0,70.0,11.0,272.0,-1069002734.0,19.0,-28.0,174.0,-21.0,-707.0,-118.0
245,15840.0,44155.0,43030.0,42410.0,37977.0,15836.0,3.436363697052002,,,,,,,,,,,,,,,,,,,,,,,,15830.0,72.0,8.0,273.0,-1069005807.0,20.0,-36.0,151.0,-47.0,-646.0,-115.0
246,15850.0,43645.0,42586.0,44282.0,39748.0,15846.0,3.4258065223693848,,,,,,,,,,,,,,,,,,,,,,,,15840.0,73.0,8.0,275.0,-1069007855.0,18.0,-36.0,125.0,-93.0,-565.0,-117.0
247,15860.0,44244.0,42911.0,45483.0,41083.0,15856.0,3.4152493476867676,,,,,,,,,,,,,,,,,,,,,,,,15850.0,73.0,8.0,275.0,-1069009904.0,15.0,-37.0,94.0,-142.0,-493.0,-100.0
248,15870.0,44374.0,43418.0,46610.0,41732.0,15866.0,3.4152493476867676,,,,,,,,,,,,,,,,,,,,,,,,15860.0,74.0,7.0,276.0,-1069012976.0,15.0,-38.0,69.0,-192.0,-409.0,-81.0
249,15880.0,44837.0,45549.0,48565.0,41638.0,15876.0,3.394134998321533,,,,,,,,,,,,,,,,,,,,,,,,15870.0,74.0,7.0,276.0,-1070062576.0,13.0,-39.0,44.0,-247.0,-345.0,-67.0
250,15890.0,44490.0,46280.0,49446.0,42004.0,15886.0,3.3782992362976074,,,,,,,,,,,,,,,,,,,,,,,,15880.0,74.0,7.0,277.0,-1071112177.0,11.0,-37.0,18.0,-251.0,-287.0,-63.0
251,15900.0,45222.0,47992.0,51624.0,42987.0,15896.0,3.3624634742736816,,,,,,,,,,,,,,,,,,,,,,,,15890.0,74.0,7.0,277.0,-1072162801.0,9.0,-38.0,-5.0,-275.0,-266.0,-58.0
252,15910.0,46808.0,46170.0,50615.0,45633.0,15906.0,3.346627712249756,,,,,,,,,,,,,,,,,,,,,,,,15900.0,74.0,8.0,277.0,-536340465.0,6.0,-34.0,-28.0,-271.0,-249.0,-58.0
253,15920.0,48054.0,48332.0,51348.0,45245.0,15916.0,3.3255133628845215,,,,,,,,,,,,,,,,,,,,,,,,15910.0,74.0,7.0,277.0,-535292913.0,5.0,-34.0,-52.0,-305.0,-277.0,-42.0
254,15930.0,48734.0,48691.0,51842.0,46220.0,15926.0,3.3255133628845215,,,,,,,,,,,,,,,,,,,,,,,,15920.0,74.0,7.0,276.0,-534245361.0,5.0,-34.0,-73.0,-286.0,-299.0,-33.0
255,15940.0,50199.0,49463.0,51969.0,46672.0,15936.0,3.304399013519287,,,,,,,,,,,,,,,,,,,,,,,,15930.0,74.0,7.0,275.0,-533197810.0,4.0,-34.0,-94.0,-264.0,-340.0,-29.0
256,15950.0,51303.0,50409.0,52856.0,47456.0,15946.0,3.2885632514953613,,,,,,,,,,,,,,,,,,,,,,,,15940.0,74.0,6.0,273.0,-532151282.0,3.0,-33.0,-119.0,-196.0,-378.0,-9.0
257,15960.0,52784.0,51510.0,53189.0,48176.0,15956.0,3.267448902130127,,,,,,,,,,,,,,,,,,,,,,,,15950.0,74.0,6.0,272.0,-531103730.0,3.0,-32.0,-137.0,-129.0,-407.0,9.0
258,15970.0,53623.0,52857.0,54049.0,48631.0,15966.0,3.2463345527648926,,,,,,,,,,,,,,,,,,,,,,,,15960.0,74.0,6.0,270.0,-530578418.0,3.0,-31.0,-154.0,-60.0,-439.0,14.0
259,15980.0,54809.0,54033.0,54928.0,49480.0,15976.0,3.230498790740967,,,,,,,,,,,,,,,,,,,,,,,,15970.0,74.0,6.0,269.0,-530576370.0,3.0,-29.0,-168.0,15.0,-421.0,7.0
260,15990.0,54543.0,54165.0,55246.0,49240.0,15986.0,3.230498790740967,,,,,,,,,,,,,,,,,,,,,,,,15980.0,77.0,4.0,267.0,-530574322.0,11.0,-31.0,-182.0,47.0,-426.0,18.0
261,16000.0,55128.0,54829.0,56243.0,50164.0,15996.0,3.214663028717041,,,,,,,,,,,,,,,,,,,,,,,,15990.0,78.0,4.0,264.0,-530573298.0,13.0,-29.0,-196.0,63.0,-371.0,28.0
262,16010.0,55476.0,55546.0,57460.0,50966.0,16006.0,3.2041056156158447,,,,,,,,,,,,,,,,,,,,,,,,16000.0,78.0,4.0,262.0,-530571250.0,14.0,-28.0,-205.0,47.0,-329.0,38.0
263,16020.0,55665.0,56016.0,57905.0,50848.0,16016.0,3.188269853591919,,,,,,,,,,,,,,,,,,,,,,,,16010.0,78.0,3.0,260.0,-531618801.0,15.0,-26.0,-213.0,11.0,-284.0,47.0
264,16030.0,55356.0,57360.0,59635.0,50844.0,16026.0,3.1777126789093018,,,,,,,,,,,,,,,,,,,,,,,,16020.0,77.0,3.0,258.0,-531617777.0,16.0,-24.0,-219.0,-15.0,-242.0,59.0
265,16040.0,55649.0,57588.0,60348.0,51648.0,16036.0,3.1671555042266846,,,,,,,,,,,,,,,,,,,,,,,,16030.0,78.0,3.0,258.0,-531616753.0,19.0,-23.0,-213.0,-56.0,-186.0,75.0
266,16050.0,55419.0,57303.0,60952.0,52705.0,16046.0,3.1671555042266846,,,,,,,,,,,,,,,,,,,,,,,,16040.0,78.0,3.0,256.0,-531615729.0,22.0,-21.0,-213.0,-97.0,-160.0,87.0
267,16060.0,56758.0,57188.0,60467.0,53084.0,16056.0,3.1565983295440674,,,,,,,,,,,,,,,,,,,,,,,,16050.0,78.0,6.0,254.0,-530567153.0,25.0,-11.0,-212.0,-105.0,-138.0,89.0
268,16070.0,56540.0,57905.0,61246.0,52886.0,16066.0,3.151319742202759,,,,,,,,,,,,,,,,,,,,,,,,16060.0,78.0,6.0,252.0,-530566128.0,28.0,-9.0,-208.0,-98.0,-127.0,99.0
269,16080.0,57035.0,58199.0,61499.0,53257.0,16076.0,3.14604115486145,,,,,,,,,,,,,,,,,,,,,,,,16070.0,79.0,6.0,250.0,-529517552.0,32.0,-8.0,-205.0,-104.0,-129.0,109.0
270,16090.0,57604.0,58329.0,61721.0,53731.0,16086.0,3.1407625675201416,,,,,,,,,,,,,,,,,,,,,,,,16080.0,79.0,6.0,247.0,-529516528.0,36.0,-6.0,-201.0,-93.0,-155.0,114.0
271,16100.0,58526.0,58856.0,61597.0,53619.0,16096.0,3.135483980178833,,,,,,,,,,,,,,,,,,,,,,,,16090.0,79.0,6.0,245.0,-528467951.0,40.0,-3.0,-196.0,-61.0,-171.0,126.0
272,16110.0,59002.0,58146.0,61177.0,54193.0,16106.0,3.135483980178833,,,,,,,,,,,,,,,,,,,,,,,,16100.0,80.0,6.0,244.0,-528466927.0,44.0,-1.0,-188.0,-17.0,-223.0,132.0
273,16120.0,59765.0,58020.0,60968.0,54678.0,16116.0,3.135483980178833,,,,,,,,,,,,,,,,,,,,,,,,16110.0,80.0,6.0,242.0,-528466926.0,66.0,3.0,-169.0,25.0,-258.0,136.0
274,16130.0,59217.0,58837.0,61827.0,54132.0,16126.0,3.124926805496216,,,,,,,,,,,,,,,,,,,,,,,,16120.0,86.0,6.0,241.0,-528464878.0,67.0,4.0,-164.0,78.0,-276.0,142.0
275,16140.0,59405.0,58588.0,61900.0,54535.0,16136.0,3.124926805496216,,,,,,,,,,,,,,,,,,,,,,,,16130.0,87.0,6.0,239.0,-528463853.0,72.0,6.0,-153.0,103.0,-287.0,139.0
276,16150.0,59626.0,58002.0,61591.0,54654.0,16146.0,3.124926805496216,,,,,,,,,,,,,,,,,,,,,,,,16140.0,88.0,6.0,238.0,-528462829.0,77.0,10.0,-139.0,108.0,-286.0,146.0
277,16160.0,59423.0,59038.0,62250.0,53832.0,16156.0,3.124926805496216,,,,,,,,,,,,,,,,,,,,,,,,16150.0,89.0,7.0,236.0,-529510380.0,84.0,13.0,-123.0,102.0,-247.0,155.0
278,16170.0,59599.0,58688.0,62319.0,54134.0,16166.0,3.1196482181549072,,,,,,,,,,,,,,,,,,,,,,,,16160.0,89.0,7.0,234.0,-529509356.0,89.0,15.0,-116.0,78.0,-242.0,163.0
279,16180.0,59858.0,58382.0,61854.0,53591.0,16176.0,3.1196482181549072,,,,,,,,,,,,,,,,,,,,,,,,16170.0,90.0,7.0,233.0,-529508331.0,96.0,17.0,-100.0,82.0,-208.0,180.0
280,16190.0,59310.0,58411.0,62345.0,53554.0,16186.0,3.124926805496216,,,,,,,,,,,,,,,,,,,,,,,,16180.0,90.0,5.0,232.0,-530555883.0,100.0,15.0,-84.0,81.0,-179.0,197.0
281,16200.0,59065.0,58057.0,62395.0,53652.0,16196.0,3.1302053928375244,,,,,,,,,,,,,,,,,,,,,,,,16190.0,92.0,6.0,231.0,-530555882.0,108.0,17.0,-68.0,62.0,-166.0,193.0
282,16210.0,59212.0,57885.0,61902.0,53094.0,16206.0,3.135483980178833,,,,,,,,,,,,,,,,,,,,,,,,16200.0,93.0,6.0,231.0,-530554857.0,116.0,19.0,-50.0,28.0,-141.0,193.0
283,16220.0,58981.0,56823.0,62097.0,54218.0,16216.0,3.135483980178833,,,,,,,,,,,,,,,,,,,,,,,,16210.0,94.0,5.0,230.0,-531602409.0,122.0,20.0,-33.0,3.0,-92.0,186.0
284,16230.0,58625.0,56564.0,62331.0,54365.0,16226.0,3.135483980178833,,,,,,,,,,,,,,,,,,,,,,,,16220.0,95.0,6.0,230.0,-531602408.0,129.0,22.0,-15.0,-23.0,-127.0,186.0
285,16240.0,59451.0,56414.0,61470.0,53944.0,16236.0,3.135483980178833,,,,,,,,,,,,,,,,,,,,,,,,16230.0,97.0,7.0,230.0,-531602407.0,140.0,27.0,1.0,-31.0,-121.0,180.0
286,16250.0,58989.0,56355.0,61562.0,53480.0,16246.0,3.1407625675201416,,,,,,,,,,,,,,,,,,,,,,,,16240.0,99.0,8.0,230.0,-530552807.0,149.0,30.0,20.0,3.0,-116.0,172.0
287,16260.0,59294.0,55984.0,60772.0,53242.0,16256.0,3.14604115486145,,,,,,,,,,,,,,,,,,,,,,,,16250.0,101.0,8.0,230.0,-530552806.0,158.0,32.0,42.0,25.0,-132.0,169.0
288,16270.0,58711.0,56455.0,60971.0,52145.0,16266.0,3.151319742202759,,,,,,,,,,,,,,,,,,,,,,,,16260.0,102.0,8.0,231.0,-530551781.0,166.0,34.0,60.0,78.0,-127.0,147.0
289,16280.0,59105.0,56228.0,60328.0,51974.0,16276.0,3.151319742202759,,,,,,,,,,,,,,,,,,,,,,,,16270.0,103.0,9.0,232.0,-531600357.0,174.0,37.0,80.0,87.0,-141.0,144.0
290,16290.0,59007.0,55801.0,60299.0,52352.0,16286.0,3.1565983295440674,,,,,,,,,,,,,,,,,,,,,,,,16280.0,105.0,9.0,232.0,-531599332.0,184.0,39.0,98.0,137.0,-147.0,134.0
291,16300.0,58858.0,55519.0,59827.0,52011.0,16296.0,3.161876916885376,,,,,,,,,,,,,,,,,,,,,,,,16290.0,107.0,10.0,233.0,-531599332.0,192.0,41.0,113.0,176.0,-161.0,121.0
292,16310.0,59121.0,54812.0,59247.0,52164.0,16306.0,3.161876916885376,,,,,,,,,,,,,,,,,,,,,,,,16300.0,109.0,10.0,234.0,-532646883.0,201.0,42.0,131.0,193.0,-146.0,101.0
293,16320.0,58912.0,54487.0,58929.0,51809.0,16316.0,3.172434091567993,,,,,,,,,,,,,,,,,,,,,,,,16310.0,111.0,10.0,236.0,-533694435.0,210.0,43.0,150.0,220.0,-161.0,105.0
294,16330.0,58116.0,54408.0,59029.0,51220.0,16326.0,3.1829912662506104,,,,,,,,,,,,,,,,,,,,,,,,16320.0,114.0,10.0,237.0,-533694435.0,222.0,45.0,166.0,210.0,-130.0,98.0
295,16340.0,57795.0,53908.0,58893.0,51237.0,16336.0,3.1829912662506104,,,,,,,,,,,,,,,,,,,,,,,,16330.0,115.0,11.0,239.0,-534741986.0,229.0,46.0,184.0,208.0,-120.0,84.0
296,16350.0,57848.0,53825.0,58610.0,50881.0,16346.0,3.188269853591919,,,,,,,,,,,,,,,,,,,,,,,,16340.0,117.0,11.0,241.0,-535790562.0,238.0,47.0,200.0,172.0,-85.0,75.0
297,16360.0,57561.0,52804.0,58135.0,51167.0,16356.0,3.198827028274536,,,,,,,,,,,,,,,,,,,,,,,,16350.0,120.0,11.0,243.0,-536838114.0,249.0,46.0,217.0,151.0,-28.0,72.0
298,16370.0,56793.0,52655.0,58315.0,50882.0,16366.0,3.198827028274536,,,,,,,,,,,,,,,,,,,,,,,,16360.0,123.0,12.0,245.0,-1073709026.0,259.0,47.0,233.0,112.0,-41.0,61.0
299,16380.0,56957.0,53111.0,57878.0,49911.0,16376.0,3.2041056156158447,,,,,,,,,,,,,,,,,,,,,,,,16370.0,126.0,13.0,247.0,-1072660449.0,271.0,49.0,248.0,70.0,11.0,43.0
300,16390.0,56444.0,53346.0,57879.0,49070.0,16386.0,3.214663028717041,,,,,,,,,,,,,,,,,,,,,,,,16380.0,128.0,13.0,249.0,-1072660449.0,279.0,49.0,257.0,80.0,71.0,43.0
301,16400.0,56139.0,53062.0,57612.0,48757.0,16396.0,3.2199416160583496,,,,,,,,,,,,,,,,,,,,,,,,16390.0,131.0,14.0,252.0,-1072660449.0,288.0,49.0,270.0,63.0,106.0,36.0
302,16410.0,55869.0,51914.0,57516.0,49723.0,16406.0,3.2199416160583496,,,,,,,,,,,,,,,,,,,,,,,,16400.0,133.0,15.0,255.0,-1072661473.0,296.0,49.0,285.0,48.0,133.0,27.0
303,16420.0,55583.0,51749.0,57139.0,49133.0,16416.0,3.2199416160583496,,,,,,,,,,,,,,,,,,,,,,,,16410.0,137.0,15.0,257.0,-1071612897.0,309.0,50.0,298.0,39.0,168.0,14.0
304,16430.0,55707.0,51918.0,56698.0,48495.0,16426.0,3.230498790740967,,,,,,,,,,,,,,,,,,,,,,,,16420.0,140.0,16.0,260.0,-1071612897.0,317.0,50.0,310.0,41.0,175.0,11.0
305,16440.0,55172.0,51416.0,56605.0,48495.0,16436.0,3.2357773780822754,,,,,,,,,,,,,,,,,,,,,,,,16430.0,143.0,16.0,264.0,-1071613921.0,326.0,50.0,324.0,70.0,189.0,6.0
306,16450.0,55003.0,51360.0,56228.0,48084.0,16446.0,3.241055965423584,,,,,,,,,,,,,,,,,,,,,,,,16440.0,145.0,17.0,267.0,-1071614945.0,333.0,49.0,337.0,87.0,184.0,-6.0
307,16460.0,55153.0,50531.0,55511.0,48456.0,16456.0,3.241055965423584,,,,,,,,,,,,,,,,,,,,,,,,16450.0,148.0,17.0,270.0,-1071615969.0,341.0,49.0,346.0,104.0,205.0,-18.0
308,16470.0,55038.0,50775.0,55230.0,47935.0,16466.0,3.2463345527648926,,,,,,,,,,,,,,,,,,,,,,,,16460.0,153.0,18.0,274.0,-1070567393.0,352.0,49.0,357.0,105.0,196.0,-28.0
309,16480.0,55004.0,50784.0,54561.0,47288.0,16476.0,3.2568917274475098,,,,,,,,,,,,,,,,,,,,,,,,16470.0,157.0,18.0,277.0,-1070568417.0,361.0,48.0,365.0,107.0,168.0,-42.0
310,16490.0,54341.0,50606.0,54771.0,47121.0,16486.0,3.2568917274475098,,,,,,,,,,,,,,,,,,,,,,,,16480.0,160.0,18.0,281.0,-1069519841.0,369.0,46.0,375.0,126.0,176.0,-51.0
311,16500.0,54150.0,49379.0,54324.0,48139.0,16496.0,3.2568917274475098,,,,,,,,,,,,,,,,,,,,,,,,16490.0,163.0,18.0,284.0,-1069520865.0,374.0,44.0,385.0,111.0,184.0,-61.0
312,16510.0,54219.0,49721.0,53881.0,47537.0,16506.0,3.2621703147888184,,,,,,,,,,,,,,,,,,,,,,,,16500.0,167.0,19.0,288.0,-1068473313.0,383.0,43.0,391.0,90.0,206.0,-82.0
313,16520.0,53483.0,49798.0,53975.0,47089.0,16516.0,3.267448902130127,,,,,,,,,,,,,,,,,,,,,,,,16510.0,172.0,19.0,292.0,-1068473314.0,393.0,42.0,396.0,64.0,200.0,-88.0
314,16530.0,53199.0,50066.0,54058.0,46680.0,16526.0,3.2727274894714355,,,,,,,,,,,,,,,,,,,,,,,,16520.0,175.0,19.0,296.0,-1068474338.0,398.0,41.0,402.0,43.0,201.0,-103.0
315,16540.0,52808.0,49604.0,53907.0,46785.0,16536.0,3.2727274894714355,,,,,,,,,,,,,,,,,,,,,,,,16530.0,179.0,20.0,300.0,-1067426786.0,404.0,39.0,408.0,21.0,218.0,-106.0
316,16550.0,53182.0,48924.0,53167.0,47291.0,16546.0,3.278006076812744,,,,,,,,,,,,,,,,,,,,,,,,16540.0,182.0,20.0,304.0,-1067427811.0,407.0,38.0,412.0,22.0,239.0,-112.0
317,16560.0,52493.0,49323.0,53459.0,46709.0,16556.0,3.278006076812744,,,,,,,,,,,,,,,,,,,,,,,,16550.0,188.0,20.0,308.0,-1067427811.0,420.0,36.0,415.0,13.0,272.0,-119.0
318,16570.0,51961.0,49755.0,53535.0,46053.0,16566.0,3.2832846641540527,,,,,,,,,,,,,,,,,,,,,,,,16560.0,192.0,21.0,311.0,-1067428835.0,425.0,34.0,413.0,0.0,298.0,-126.0
319,16580.0,51667.0,49776.0,53498.0,45837.0,16576.0,3.2885632514953613,,,,,,,,,,,,,,,,,,,,,,,,16570.0,196.0,21.0,315.0,-1067429860.0,430.0,32.0,418.0,-6.0,343.0,-136.0
320,16590.0,51586.0,49440.0,53353.0,46020.0,16586.0,3.2885632514953613,,,,,,,,,,,,,,,,,,,,,,,,16580.0,199.0,21.0,319.0,-1067431908.0,432.0,31.0,420.0,-9.0,344.0,-139.0
321,16600.0,52172.0,49364.0,52752.0,46174.0,16596.0,3.2885632514953613,,,,,,,,,,,,,,,,,,,,,,,,16590.0,202.0,21.0,324.0,-1067432933.0,434.0,29.0,420.0,-21.0,354.0,-136.0
322,16610.0,51352.0,49236.0,53071.0,45945.0,16606.0,3.2885632514953613,,,,,,,,,,,,,,,,,,,,,,,,16600.0,209.0,22.0,328.0,-1067433957.0,446.0,28.0,420.0,-7.0,356.0,-134.0
323,16620.0,51267.0,49111.0,52735.0,45918.0,16616.0,3.29384183883667,,,,,,,,,,,,,,,,,,,,,,,,16610.0,213.0,22.0,332.0,-1067434982.0,450.0,26.0,421.0,-7.0,378.0,-135.0
324,16630.0,51232.0,48907.0,52484.0,45803.0,16626.0,3.29384183883667,,,,,,,,,,,,,,,,,,,,,,,,16620.0,217.0,22.0,336.0,-1067437030.0,450.0,24.0,423.0,-14.0,350.0,-145.0
325,16640.0,51578.0,49301.0,52002.0,45260.0,16636.0,3.29384183883667,,,,,,,,,,,,,,,,,,,,,,,,16630.0,222.0,23.0,341.0,-1067438055.0,456.0,24.0,425.0,-14.0,340.0,-136.0
326,16650.0,51456.0,47848.0,51649.0,46115.0,16646.0,3.2991204261779785,,,,,,,,,,,,,,,,,,,,,,,,16640.0,227.0,23.0,345.0,-1067439079.0,460.0,23.0,425.0,12.0,323.0,-131.0
327,16660.0,51128.0,48356.0,51576.0,45478.0,16656.0,3.2991204261779785,,,,,,,,,,,,,,,,,,,,,,,,16650.0,231.0,23.0,351.0,-1067440104.0,461.0,21.0,434.0,3.0,289.0,-119.0
328,16670.0,50864.0,48766.0,51518.0,44800.0,16666.0,3.2991204261779785,,,,,,,,,,,,,,,,,,,,,,,,16660.0,234.0,23.0,356.0,-1067442152.0,462.0,19.0,435.0,14.0,285.0,-130.0
329,16680.0,50730.0,48419.0,51457.0,45243.0,16676.0,3.2991204261779785,,,,,,,,,,,,,,,,,,,,,,,,16670.0,238.0,24.0,360.0,-1067443177.0,461.0,17.0,435.0,-4.0,280.0,-132.0
330,16690.0,50612.0,49081.0,51770.0,44933.0,16686.0,3.304399013519287,,,,,,,,,,,,,,,,,,,,,,,,16680.0,244.0,23.0,364.0,-1067444201.0,467.0,15.0,433.0,9.0,273.0,-135.0
331,16700.0,49962.0,48709.0,52475.0,45616.0,16696.0,3.3096776008605957,,,,,,,,,,,,,,,,,,,,,,,,16690.0,249.0,24.0,367.0,-1067445226.0,468.0,13.0,420.0,-9.0,292.0,-135.0
332,16710.0,50031.0,49639.0,52511.0,44772.0,16706.0,3.3096776008605957,,,,,,,,,,,,,,,,,,,,,,,,16700.0,252.0,24.0,371.0,-1067446250.0,468.0,13.0,415.0,-22.0,275.0,-132.0
333,16720.0,49905.0,49768.0,52843.0,44907.0,16716.0,3.3096776008605957,,,,,,,,,,,,,,,,,,,,,,,,16710.0,257.0,24.0,375.0,-1067447275.0,468.0,12.0,411.0,-14.0,323.0,-129.0
334,16730.0,50872.0,48761.0,51888.0,46041.0,16726.0,3.304399013519287,,,,,,,,,,,,,,,,,,,,,,,,16720.0,260.0,24.0,379.0,-1067448299.0,465.0,10.0,408.0,-29.0,307.0,-124.0
335,16740.0,49884.0,48961.0,52833.0,46013.0,16736.0,3.304399013519287,,,,,,,,,,,,,,,,,,,,,,,,16730.0,267.0,25.0,385.0,-1067449324.0,472.0,9.0,410.0,-58.0,277.0,-120.0
336,16750.0,50451.0,49945.0,52600.0,45309.0,16746.0,3.2991204261779785,,,,,,,,,,,,,,,,,,,,,,,,16740.0,271.0,25.0,389.0,-1066926060.0,470.0,8.0,407.0,-86.0,260.0,-119.0
337,16760.0,50062.0,50098.0,53048.0,45514.0,16756.0,3.2991204261779785,,,,,,,,,,,,,,,,,,,,,,,,16750.0,276.0,25.0,393.0,-1066925037.0,470.0,7.0,402.0,-59.0,256.0,-118.0
338,16770.0,50107.0,50830.0,53159.0,44831.0,16766.0,3.2991204261779785,,,,,,,,,,,,,,,,,,,,,,,,16760.0,280.0,26.0,397.0,-1066924013.0,468.0,6.0,396.0,-58.0,257.0,-121.0
339,16780.0,50653.0,50618.0,52859.0,45550.0,16776.0,3.2991204261779785,,,,,,,,,,,,,,,,,,,,,,,,16770.0,283.0,26.0,401.0,-1067971566.0,464.0,5.0,391.0,-28.0,249.0,-114.0
340,16790.0,50390.0,50761.0,53137.0,45511.0,16786.0,3.29384183883667,,,,,,,,,,,,,,,,,,,,,,,,16780.0,289.0,26.0,405.0,-1067970542.0,467.0,4.0,387.0,-13.0,248.0,-120.0
341,16800.0,50545.0,50775.0,53196.0,45922.0,16796.0,3.29384183883667,,,,,,,,,,,,,,,,,,,,,,,,16790.0,292.0,26.0,408.0,-1067969518.0,462.0,2.0,385.0,-18.0,215.0,-117.0
342,16810.0,50263.0,51074.0,53707.0,45948.0,16806.0,3.2885632514953613,,,,,,,,,,,,,,,,,,,,,,,,16800.0,297.0,26.0,412.0,-1067968495.0,460.0,1.0,382.0,-22.0,196.0,-117.0
343,16820.0,50648.0,50648.0,53222.0,46349.0,16816.0,3.2832846641540527,,,,,,,,,,,,,,,,,,,,,,,,16810.0,300.0,26.0,416.0,-1067967471.0,457.0,0.0,377.0,-53.0,183.0,-115.0
344,16830.0,50544.0,51049.0,53425.0,46154.0,16826.0,3.2832846641540527,,,,,,,,,,,,,,,,,,,,,,,,16820.0,305.0,26.0,422.0,-1067967472.0,456.0,-1.0,381.0,-54.0,156.0,-112.0
345,16840.0,50532.0,50649.0,53673.0,47026.0,16836.0,3.2832846641540527,,,,,,,,,,,,,,,,,,,,,,,,16830.0,310.0,26.0,425.0,-1067966448.0,455.0,-2.0,376.0,-54.0,145.0,-111.0
346,16850.0,50454.0,51129.0,53810.0,46563.0,16846.0,3.278006076812744,,,,,,,,,,,,,,,,,,,,,,,,16840.0,314.0,26.0,429.0,-1067966449.0,452.0,-3.0,372.0,-65.0,108.0,-110.0
347,16860.0,50883.0,51869.0,53591.0,45729.0,16856.0,3.278006076812744,,,,,,,,,,,,,,,,,,,,,,,,16850.0,317.0,27.0,433.0,-1069014001.0,446.0,-3.0,370.0,-53.0,73.0,-105.0
348,16870.0,52011.0,50503.0,52619.0,47540.0,16866.0,3.278006076812744,,,,,,,,,,,,,,,,,,,,,,,,16860.0,320.0,26.0,437.0,-1069014001.0,441.0,-7.0,367.0,-34.0,53.0,-92.0
349,16880.0,51617.0,51505.0,53316.0,46718.0,16876.0,3.278006076812744,,,,,,,,,,,,,,,,,,,,,,,,16870.0,327.0,26.0,440.0,-1069012978.0,444.0,-7.0,364.0,-14.0,0.0,-92.0
350,16890.0,51523.0,51257.0,53360.0,47298.0,16886.0,3.2727274894714355,,,,,,,,,,,,,,,,,,,,,,,,16880.0,331.0,26.0,444.0,-1069012978.0,440.0,-8.0,360.0,4.0,-13.0,-90.0
351,16900.0,51365.0,52184.0,53749.0,46509.0,16896.0,3.2727274894714355,,,,,,,,,,,,,,,,,,,,,,,,16890.0,335.0,26.0,448.0,-1069012978.0,436.0,-9.0,357.0,4.0,-46.0,-101.0
352,16910.0,52310.0,51121.0,53272.0,48169.0,16906.0,3.267448902130127,,,,,,,,,,,,,,,,,,,,,,,,16900.0,338.0,25.0,451.0,-1069012979.0,430.0,-11.0,355.0,11.0,-41.0,-96.0
353,16920.0,51489.0,52421.0,53918.0,46842.0,16916.0,3.267448902130127,,,,,,,,,,,,,,,,,,,,,,,,16910.0,344.0,25.0,453.0,-1069014003.0,433.0,-12.0,344.0,9.0,-52.0,-82.0
354,16930.0,51384.0,51963.0,54240.0,47655.0,16926.0,3.267448902130127,,,,,,,,,,,,,,,,,,,,,,,,16920.0,348.0,25.0,457.0,-1069014003.0,428.0,-13.0,343.0,11.0,-24.0,-97.0
355,16940.0,50901.0,52488.0,54667.0,47171.0,16936.0,3.2621703147888184,,,,,,,,,,,,,,,,,,,,,,,,16930.0,351.0,25.0,460.0,-1069014004.0,424.0,-14.0,341.0,-35.0,-16.0,-88.0
356,16950.0,50674.0,51678.0,54856.0,48142.0,16946.0,3.2621703147888184,,,,,,,,,,,,,,,,,,,,,,,,16940.0,355.0,25.0,464.0,-1069014004.0,420.0,-15.0,340.0,-75.0,23.0,-91.0
357,16960.0,51256.0,51683.0,54423.0,48095.0,16956.0,3.2621703147888184,,,,,,,,,,,,,,,,,,,,,,,,16950.0,359.0,25.0,467.0,-1069014004.0,417.0,-15.0,340.0,-111.0,31.0,-85.0
358,16970.0,50615.0,52435.0,54991.0,47146.0,16966.0,3.2621703147888184,,,,,,,,,,,,,,,,,,,,,,,,16960.0,365.0,25.0,471.0,-1069014005.0,420.0,-18.0,340.0,-137.0,43.0,-78.0
359,16980.0,50747.0,53064.0,54982.0,46609.0,16976.0,3.2621703147888184,,,,,,,,,,,,,,,,,,,,,,,,16970.0,368.0,25.0,474.0,-1070062581.0,414.0,-18.0,341.0,-117.0,46.0,-64.0
360,16990.0,51440.0,52429.0,54203.0,47067.0,16986.0,3.2568917274475098,,,,,,,,,,,,,,,,,,,,,,,,16980.0,370.0,25.0,477.0,-1070061557.0,407.0,-18.0,341.0,-73.0,54.0,-71.0
361,17000.0,52496.0,52180.0,53297.0,47321.0,16996.0,3.2568917274475098,,,,,,,,,,,,,,,,,,,,,,,,16990.0,374.0,25.0,482.0,-1071110133.0,404.0,-18.0,350.0,-51.0,15.0,-62.0
362,17010.0,51700.0,52896.0,53959.0,46509.0,17006.0,3.2568917274475098,,,,,,,,,,,,,,,,,,,,,,,,17000.0,380.0,24.0,486.0,-1071110134.0,407.0,-20.0,350.0,-26.0,-23.0,-53.0
363,17020.0,52013.0,52366.0,53540.0,46928.0,17016.0,3.2568917274475098,,,,,,,,,,,,,,,,,,,,,,,,17010.0,383.0,24.0,489.0,-1071110134.0,401.0,-20.0,350.0,10.0,-49.0,-60.0
364,17030.0,51796.0,52094.0,53598.0,46814.0,17026.0,3.2621703147888184,,,,,,,,,,,,,,,,,,,,,,,,17020.0,386.0,24.0,493.0,-1071110134.0,397.0,-21.0,351.0,25.0,-96.0,-53.0
365,17040.0,52688.0,51600.0,53062.0,48015.0,17036.0,3.2621703147888184,,,,,,,,,,,,,,,,,,,,,,,,17030.0,388.0,24.0,496.0,-1071110134.0,390.0,-22.0,352.0,57.0,-98.0,-42.0
366,17050.0,52090.0,52018.0,53616.0,47665.0,17046.0,3.2621703147888184,,,,,,,,,,,,,,,,,,,,,,,,17040.0,393.0,23.0,498.0,-1071111158.0,389.0,-23.0,340.0,57.0,-164.0,-46.0
367,17060.0,52123.0,51671.0,53767.0,48263.0,17056.0,3.2621703147888184,,,,,,,,,,,,,,,,,,,,,,,,17050.0,397.0,23.0,501.0,-1071111159.0,386.0,-24.0,339.0,19.0,-183.0,-51.0
368,17070.0,51909.0,51767.0,53858.0,48186.0,17066.0,3.2568917274475098,,,,,,,,,,,,,,,,,,,,,,,,17060.0,402.0,23.0,504.0,-1071112183.0,386.0,-24.0,339.0,-4.0,-180.0,-49.0
369,17080.0,51703.0,51861.0,54082.0,48320.0,17076.0,3.2568917274475098,,,,,,,,,,,,,,,,,,,,,,,,17070.0,405.0,23.0,508.0,-1070064631.0,384.0,-24.0,340.0,-19.0,-167.0,-53.0
370,17090.0,50939.0,52448.0,54813.0,47585.0,17086.0,3.2568917274475098,,,,,,,,,,,,,,,,,,,,,,,,17080.0,409.0,23.0,510.0,-1071113207.0,382.0,-25.0,337.0,-40.0,-139.0,-60.0
371,17100.0,51492.0,52015.0,54345.0,48196.0,17096.0,3.2568917274475098,,,,,,,,,,,,,,,,,,,,,,,,17090.0,409.0,23.0,514.0,-1071114231.0,373.0,-24.0,337.0,-57.0,-104.0,-53.0
372,17110.0,51100.0,52765.0,54668.0,47335.0,17106.0,3.2568917274475098,,,,,,,,,,,,,,,,,,,,,,,,17100.0,413.0,23.0,517.0,-1071114232.0,370.0,-25.0,336.0,-89.0,-73.0,-54.0
373,17120.0,51476.0,51942.0,54125.0,48110.0,17116.0,3.2568917274475098,,,,,,,,,,,,,,,,,,,,,,,,17110.0,415.0,22.0,521.0,-1071114232.0,365.0,-26.0,336.0,-81.0,-30.0,-54.0
374,17130.0,51024.0,52444.0,54410.0,47671.0,17126.0,3.2568917274475098,,,,,,,,,,,,,,,,,,,,,,,,17120.0,419.0,22.0,524.0,-1072162808.0,364.0,-27.0,336.0,-81.0,-12.0,-53.0
375,17140.0,51602.0,52058.0,54018.0,48034.0,17136.0,3.2568917274475098,,,,,,,,,,,,,,,,,,,,,,,,17130.0,422.0,21.0,527.0,-1072163832.0,362.0,-29.0,336.0,-61.0,-4.0,-67.0
376,17150.0,51125.0,52591.0,54377.0,47482.0,17146.0,3.2568917274475098,,,,,,,,,,,,,,,,,,,,,,,,17140.0,426.0,21.0,531.0,-1072163832.0,362.0,-29.0,336.0,-44.0,-28.0,-50.0
377,17160.0,51921.0,52718.0,53716.0,47307.0,17156.0,3.2568917274475098,,,,,,,,,,,,,,,,,,,,,,,,17150.0,429.0,21.0,534.0,-1072163833.0,358.0,-28.0,336.0,-27.0,-37.0,-54.0
378,17170.0,51536.0,52053.0,53829.0,47745.0,17166.0,3.2568917274475098,,,,,,,,,,,,,,,,,,,,,,,,17160.0,433.0,20.0,537.0,-1072163833.0,359.0,-29.0,336.0,2.0,-53.0,-49.0
379,17180.0,51171.0,52960.0,54142.0,46580.0,17176.0,3.2568917274475098,,,,,,,,,,,,,,,,,,,,,,,,17170.0,437.0,20.0,542.0,-1072163833.0,357.0,-29.0,345.0,-2.0,-102.0,-43.0
380,17190.0,51884.0,52071.0,53266.0,47440.0,17186.0,3.2568917274475098,,,,,,,,,,,,,,,,,,,,,,,,17180.0,436.0,20.0,546.0,-1072163833.0,346.0,-28.0,346.0,42.0,-107.0,-38.0
381,17200.0,51286.0,51868.0,53701.0,47483.0,17196.0,3.2568917274475098,,,,,,,,,,,,,,,,,,,,,,,,17190.0,439.0,20.0,549.0,-1072163833.0,345.0,-28.0,347.0,34.0,-116.0,-41.0
382,17210.0,51944.0,52000.0,53226.0,47408.0,17206.0,3.2621703147888184,,,,,,,,,,,,,,,,,,,,,,,,17200.0,438.0,20.0,553.0,-1072164857.0,336.0,-28.0,346.0,39.0,-176.0,-35.0
383,17220.0,52250.0,51833.0,52901.0,47745.0,17216.0,3.2621703147888184,,,,,,,,,,,,,,,,,,,,,,,,17210.0,441.0,19.0,556.0,-1072164858.0,334.0,-30.0,344.0,46.0,-172.0,-33.0
384,17230.0,52188.0,51501.0,52853.0,48366.0,17226.0,3.2621703147888184,,,,,,,,,,,,,,,,,,,,,,,,17220.0,445.0,19.0,559.0,-1072165882.0,333.0,-30.0,343.0,35.0,-176.0,-37.0
385,17240.0,51877.0,51672.0,53087.0,48343.0,17236.0,3.2621703147888184,,,,,,,,,,,,,,,,,,,,,,,,17230.0,451.0,18.0,563.0,-1072165882.0,337.0,-30.0,342.0,17.0,-159.0,-53.0
386,17250.0,51223.0,51908.0,53925.0,48353.0,17246.0,3.2621703147888184,,,,,,,,,,,,,,,,,,,,,,,,17240.0,455.0,18.0,566.0,-1072166906.0,337.0,-31.0,341.0,1.0,-159.0,-61.0
387,17260.0,51606.0,51553.0,53414.0,48562.0,17256.0,3.2621703147888184,,,,,,,,,,,,,,,,,,,,,,,,17260.0,461.0,17.0,572.0,-1072167930.0,335.0,-31.0,333.0,-40.0,-92.0,-53.0
388,17270.0,51134.0,52137.0,54024.0,48047.0,17266.0,3.2621703147888184,,,,,,,,,,,,,,,,,,,,,,,,17270.0,464.0,17.0,575.0,-1072168955.0,335.0,-32.0,333.0,-64.0,-52.0,-49.0
389,17280.0,51035.0,51965.0,54033.0,48379.0,17276.0,3.2568917274475098,,,,,,,,,,,,,,,,,,,,,,,,17280.0,468.0,17.0,578.0,-1072168955.0,335.0,-32.0,333.0,-87.0,-23.0,-58.0
390,17290.0,48476.0,53783.0,56010.0,46062.0,17286.0,3.2568917274475098,,,,,,,,,,,,,,,,,,,,,,,,17320.0,467.0,17.0,593.0,-536345595.0,309.0,-30.0,330.0,-44.0,-60.0,-29.0
391,17300.0,50854.0,51973.0,53994.0,48035.0,17326.0,3.2621703147888184,,,,,,,,,,,,,,,,,,,,,,,,17330.0,469.0,17.0,596.0,-535297020.0,307.0,-29.0,328.0,30.0,-69.0,-26.0
392,17320.0,51027.0,52146.0,54150.0,47972.0,17336.0,3.2621703147888184,,,,,,,,,,,,,,,,,,,,,,,,17340.0,473.0,17.0,599.0,-535297020.0,309.0,-29.0,325.0,7.0,-123.0,-30.0
393,17330.0,52216.0,52204.0,52980.0,47750.0,17346.0,3.2568917274475098,,,,,,,,,,,,,,,,,,,,,,,,17350.0,476.0,17.0,602.0,-536346620.0,309.0,-29.0,324.0,19.0,-165.0,-26.0
394,17340.0,52055.0,51631.0,53361.0,48770.0,17416.0,3.2568917274475098,,,,,,,,,,,,,,,,,,,,,,,,17420.0,492.0,14.0,627.0,-1072690172.0,301.0,-29.0,344.0,41.0,-85.0,-5.0
395,17350.0,52288.0,52020.0,53190.0,48356.0,17426.0,3.2568917274475098,,,,,,,,,,,,,,,,,,,,,,,,17430.0,494.0,13.0,631.0,-1072689148.0,300.0,-31.0,344.0,15.0,-57.0,-3.0
396,17360.0,51885.0,52650.0,53582.0,47583.0,17436.0,3.2568917274475098,,,,,,,,,,,,,,,,,,,,,,,,17440.0,496.0,14.0,634.0,-1072689148.0,300.0,-29.0,344.0,13.0,-43.0,0.0
397,17390.0,52223.0,52321.0,52902.0,47541.0,17446.0,3.2621703147888184,,,,,,,,,,,,,,,,,,,,,,,,17500.0,516.0,10.0,656.0,-1073737725.0,310.0,-34.0,356.0,-133.0,6.0,0.0
398,17410.0,51987.0,52370.0,53107.0,47108.0,17506.0,3.267448902130127,,,,,,,,,,,,,,,,,,,,,,,,17510.0,519.0,9.0,662.0,-536866813.0,310.0,-36.0,372.0,-103.0,39.0,-7.0
399,17420.0,51725.0,51554.0,53119.0,47869.0,17516.0,3.2727274894714355,,,,,,,,,,,,,,,,,,,,,,,,17520.0,522.0,9.0,666.0,-535818237.0,312.0,-36.0,373.0,-106.0,10.0,-7.0
400,17430.0,51292.0,52085.0,53539.0,47223.0,17526.0,3.267448902130127,,,,,,,,,,,,,,,,,,,,,,,,17530.0,520.0,11.0,670.0,-535818237.0,304.0,-31.0,375.0,-42.0,18.0,-3.0
401,17440.0,51554.0,51784.0,53197.0,47358.0,17536.0,3.278006076812744,,,,,,,,,,,,,,,,,,,,,,,,17570.0,534.0,8.0,684.0,-535818237.0,311.0,-31.0,377.0,91.0,-73.0,0.0
402,17480.0,50143.0,51261.0,53851.0,47590.0,17546.0,3.278006076812744,,,,,,,,,,,,,,,,,,,,,,,,17580.0,537.0,8.0,688.0,-535818237.0,312.0,-31.0,377.0,74.0,-70.0,-8.0
403,17500.0,50147.0,50801.0,53931.0,47886.0,17566.0,3.2832846641540527,,,,,,,,,,,,,,,,,,,,,,,,17590.0,540.0,8.0,691.0,-535817213.0,314.0,-31.0,377.0,84.0,-75.0,-8.0
404,17510.0,50112.0,50977.0,53091.0,46762.0,17576.0,3.2832846641540527,,,,,,,,,,,,,,,,,,,,,,,,17650.0,544.0,9.0,712.0,-536865789.0,297.0,-25.0,357.0,-84.0,56.0,21.0
405,17520.0,50137.0,50430.0,53188.0,47495.0,17586.0,3.278006076812744,,,,,,,,,,,,,,,,,,,,,,,,17660.0,547.0,9.0,715.0,-535818237.0,298.0,-25.0,355.0,-95.0,63.0,27.0
406,17530.0,50134.0,50665.0,52866.0,46802.0,17596.0,3.278006076812744,,,,,,,,,,,,,,,,,,,,,,,,17670.0,552.0,2.0,719.0,-535818237.0,302.0,-35.0,351.0,-84.0,66.0,40.0
407,17570.0,50971.0,50291.0,51735.0,46733.0,17626.0,3.278006076812744,,,,,,,,,,,,,,,,,,,,,,,,17680.0,557.0,-1.0,723.0,-535818236.0,308.0,-41.0,354.0,-77.0,52.0,41.0
408,17580.0,50627.0,50143.0,52154.0,47143.0,17656.0,3.278006076812744,,,,,,,,,,,,,,,,,,,,,,,,17720.0,565.0,3.0,737.0,-534770684.0,304.0,-29.0,353.0,-3.0,-9.0,63.0
409,17590.0,51133.0,50168.0,51670.0,47100.0,17666.0,3.2727274894714355,,,,,,,,,,,,,,,,,,,,,,,,17730.0,568.0,3.0,741.0,-534770684.0,304.0,-29.0,350.0,15.0,-20.0,75.0
410,17600.0,51104.0,50855.0,51721.0,46244.0,17676.0,3.2727274894714355,,,,,,,,,,,,,,,,,,,,,,,,17740.0,567.0,3.0,744.0,-534770683.0,299.0,-28.0,345.0,47.0,-30.0,80.0
411,17610.0,50519.0,49841.0,52298.0,47461.0,17686.0,3.2727274894714355,,,,,,,,,,,,,,,,,,,,,,,,17790.0,585.0,-2.0,758.0,-535818234.0,309.0,-31.0,313.0,0.0,-36.0,72.0
412,17650.0,50153.0,50609.0,53440.0,47064.0,17716.0,3.2727274894714355,,,,,,,,,,,,,,,,,,,,,,,,17800.0,585.0,-1.0,761.0,-535818234.0,304.0,-30.0,312.0,-22.0,-4.0,75.0
413,17660.0,49848.0,50513.0,53817.0,47134.0,17726.0,3.2727274894714355,,,,,,,,,,,,,,,,,,,,,,,,17810.0,589.0,-1.0,763.0,-535818233.0,307.0,-29.0,303.0,-50.0,42.0,69.0
414,17670.0,50435.0,50810.0,53549.0,46775.0,17736.0,3.2727274894714355,,,,,,,,,,,,,,,,,,,,,,,,17820.0,591.0,-3.0,766.0,-535818233.0,307.0,-31.0,299.0,-65.0,61.0,77.0
415,17680.0,50443.0,50507.0,53486.0,46959.0,17746.0,3.2727274894714355,,,,,,,,,,,,,,,,,,,,,,,,17850.0,596.0,-3.0,776.0,-534770680.0,303.0,-27.0,303.0,-82.0,87.0,84.0
416,17700.0,50400.0,50309.0,53586.0,47154.0,17766.0,3.2727274894714355,,,,,,,,,,,,,,,,,,,,,,,,17860.0,599.0,-5.0,779.0,-534770680.0,304.0,-30.0,304.0,-71.0,61.0,84.0
417,17720.0,51316.0,50494.0,53062.0,46686.0,17786.0,3.267448902130127,,,,,,,,,,,,,,,,,,,,,,,,17870.0,607.0,-4.0,782.0,-533722104.0,312.0,-27.0,303.0,-40.0,65.0,83.0
418,17730.0,51275.0,50186.0,53146.0,46745.0,17796.0,3.267448902130127,,,,,,,,,,,,,,,,,,,,,,,,17880.0,609.0,-4.0,785.0,-533723127.0,311.0,-26.0,302.0,-45.0,47.0,67.0
419,17740.0,51926.0,50973.0,52768.0,45908.0,17806.0,3.2568917274475098,,,,,,,,,,,,,,,,,,,,,,,,17930.0,614.0,-3.0,802.0,-533724150.0,298.0,-19.0,306.0,40.0,12.0,54.0
420,17750.0,51355.0,50551.0,53570.0,46431.0,17816.0,3.2568917274475098,,,,,,,,,,,,,,,,,,,,,,,,17940.0,611.0,-2.0,805.0,-533724150.0,290.0,-15.0,304.0,66.0,-20.0,48.0
421,17790.0,52071.0,50009.0,53786.0,48023.0,17836.0,3.251613140106201,,,,,,,,,,,,,,,,,,,,,,,,17950.0,613.0,-2.0,808.0,-533724150.0,289.0,-15.0,303.0,73.0,-33.0,41.0
422,17800.0,51744.0,50899.0,54499.0,47332.0,17856.0,3.251613140106201,,,,,,,,,,,,,,,,,,,,,,,,17990.0,632.0,0.0,821.0,-534771701.0,300.0,-6.0,314.0,69.0,-23.0,10.0
423,17810.0,51812.0,50921.0,54715.0,47702.0,17866.0,3.2463345527648926,,,,,,,,,,,,,,,,,,,,,,,,18000.0,633.0,-2.0,825.0,-534771701.0,299.0,-10.0,315.0,60.0,-12.0,4.0
424,17820.0,51799.0,51027.0,54951.0,47605.0,17876.0,3.251613140106201,,,,,,,,,,,,,,,,,,,,,,,,18010.0,636.0,-4.0,828.0,-534771701.0,299.0,-12.0,315.0,59.0,-4.0,4.0
425,17850.0,51841.0,51370.0,55369.0,47312.0,17906.0,3.2568917274475098,,,,,,,,,,,,,,,,,,,,,,,,18080.0,649.0,-2.0,845.0,-536868853.0,291.0,-6.0,297.0,39.0,-40.0,-4.0
426,17860.0,52046.0,50741.0,55026.0,47602.0,17926.0,3.2568917274475098,,,,,,,,,,,,,,,,,,,,,,,,18090.0,652.0,-2.0,848.0,-536868853.0,292.0,-6.0,298.0,26.0,-30.0,-15.0
427,17870.0,51683.0,51058.0,55241.0,47052.0,17936.0,3.2568917274475098,,,,,,,,,,,,,,,,,,,,,,,,18100.0,655.0,-2.0,851.0,-536868853.0,292.0,-6.0,298.0,30.0,-37.0,-19.0
428,17880.0,51597.0,50727.0,55265.0,47591.0,17946.0,3.2568917274475098,,,,,,,,,,,,,,,,,,,,,,,,18110.0,655.0,-2.0,856.0,-536868853.0,289.0,-6.0,308.0,31.0,-39.0,-22.0
429,17930.0,52001.0,51057.0,54764.0,46838.0,17956.0,3.2568917274475098,,,,,,,,,,,,,,,,,,,,,,,,18140.0,661.0,-2.0,865.0,-1073738742.0,287.0,-5.0,305.0,19.0,-15.0,-46.0
430,17940.0,52305.0,50923.0,54371.0,46847.0,17986.0,3.2568917274475098,,,,,,,,,,,,,,,,,,,,,,,,18150.0,664.0,-2.0,868.0,-1073738742.0,288.0,-5.0,303.0,16.0,-21.0,-44.0
431,17950.0,52399.0,50954.0,54301.0,46906.0,17996.0,3.2568917274475098,,,,,,,,,,,,,,,,,,,,,,,,18160.0,667.0,-2.0,874.0,-1073738742.0,289.0,-5.0,314.0,2.0,-28.0,-39.0
432,17970.0,52231.0,50468.0,54364.0,47522.0,18006.0,3.2568917274475098,,,,,,,,,,,,,,,,,,,,,,,,18170.0,670.0,-2.0,877.0,-1073738742.0,289.0,-6.0,313.0,20.0,-20.0,-32.0
433,17990.0,51819.0,50354.0,54143.0,47110.0,18016.0,3.2568917274475098,,,,,,,,,,,,,,,,,,,,,,,,18210.0,672.0,-1.0,887.0,-1072690167.0,280.0,-4.0,303.0,97.0,-34.0,-36.0
434,18000.0,51890.0,50738.0,54016.0,46682.0,18046.0,3.2621703147888184,,,,,,,,,,,,,,,,,,,,,,,,18220.0,675.0,1.0,890.0,-1072690167.0,281.0,0.0,304.0,79.0,-31.0,-44.0
435,18010.0,51835.0,50660.0,54097.0,46808.0,18076.0,3.2568917274475098,,,,,,,,,,,,,,,,,,,,,,,,18230.0,679.0,0.0,894.0,-1072690167.0,283.0,-3.0,303.0,88.0,-33.0,-46.0
436,18020.0,51851.0,50794.0,53911.0,46604.0,18086.0,3.2568917274475098,,,,,,,,,,,,,,,,,,,,,,,,18270.0,690.0,0.0,906.0,-1071640568.0,287.0,-4.0,299.0,24.0,-119.0,-60.0
437,18080.0,52144.0,50903.0,53946.0,46851.0,18096.0,3.2568917274475098,,,,,,,,,,,,,,,,,,,,,,,,18280.0,692.0,5.0,909.0,-1071640568.0,287.0,2.0,298.0,20.0,-96.0,-65.0
438,18090.0,51957.0,50544.0,54006.0,47313.0,18106.0,3.2568917274475098,,,,,,,,,,,,,,,,,,,,,,,,18290.0,696.0,4.0,911.0,-1071639544.0,288.0,0.0,293.0,22.0,-104.0,-57.0
439,18100.0,51848.0,50554.0,54073.0,47331.0,18146.0,3.2621703147888184,,,,,,,,,,,,,,,,,,,,,,,,18340.0,713.0,4.0,926.0,-1070589945.0,300.0,-1.0,283.0,6.0,49.0,-72.0
440,18110.0,51925.0,50343.0,53950.0,47573.0,18156.0,3.2621703147888184,,,,,,,,,,,,,,,,,,,,,,,,18350.0,715.0,8.0,929.0,-1071638522.0,299.0,2.0,279.0,8.0,75.0,-62.0
441,18120.0,50976.0,50726.0,54303.0,46779.0,18166.0,3.2621703147888184,,,,,,,,,,,,,,,,,,,,,,,,18360.0,719.0,5.0,932.0,-1070590970.0,302.0,-1.0,272.0,16.0,70.0,-67.0
442,18140.0,51105.0,50969.0,54122.0,46793.0,18206.0,3.2727274894714355,,,,,,,,,,,,,,,,,,,,,,,,18420.0,741.0,7.0,943.0,-1070591995.0,314.0,-3.0,220.0,-40.0,44.0,-58.0
443,18150.0,51565.0,50549.0,53607.0,47106.0,18216.0,3.2727274894714355,,,,,,,,,,,,,,,,,,,,,,,,18430.0,742.0,8.0,945.0,-1071640571.0,312.0,-2.0,214.0,-49.0,24.0,-51.0
444,18160.0,50942.0,50008.0,53834.0,47242.0,18226.0,3.267448902130127,,,,,,,,,,,,,,,,,,,,,,,,18440.0,745.0,8.0,947.0,-1071640572.0,313.0,-3.0,207.0,-46.0,21.0,-38.0
445,18170.0,51284.0,50409.0,53610.0,46751.0,18236.0,3.278006076812744,,,,,,,,,,,,,,,,,,,,,,,,18500.0,758.0,18.0,961.0,-1072690172.0,311.0,6.0,190.0,-13.0,58.0,-11.0
446,18200.0,51187.0,51073.0,53646.0,46164.0,18266.0,3.2885632514953613,,,,,,,,,,,,,,,,,,,,,,,,18510.0,763.0,14.0,963.0,-1072690172.0,314.0,1.0,187.0,-14.0,51.0,-11.0
447,18210.0,50959.0,49640.0,52295.0,45852.0,18276.0,3.2885632514953613,,,,,,,,,,,,,,,,,,,,,,,,18520.0,765.0,14.0,964.0,-1072691196.0,314.0,1.0,184.0,-15.0,51.0,-16.0
448,18220.0,50760.0,50344.0,52545.0,45259.0,18286.0,3.2832846641540527,,,,,,,,,,,,,,,,,,,,,,,,18570.0,782.0,6.0,974.0,-1072691197.0,317.0,-10.0,181.0,0.0,38.0,-9.0
449,18230.0,50732.0,49912.0,52236.0,45535.0,18296.0,3.2991204261779785,,,,,,,,,,,,,,,,,,,,,,,,18580.0,781.0,9.0,976.0,-1072692221.0,313.0,-7.0,180.0,7.0,31.0,-15.0
450,18270.0,50028.0,48314.0,50925.0,45490.0,18316.0,3.2991204261779785,,,,,,,,,,,,,,,,,,,,,,,,18590.0,782.0,13.0,977.0,-1072692221.0,311.0,-2.0,175.0,3.0,25.0,-16.0
451,18280.0,49473.0,48867.0,51560.0,45149.0,18336.0,3.2991204261779785,,,,,,,,,,,,,,,,,,,,,,,,18650.0,805.0,13.0,985.0,-1072693245.0,317.0,-3.0,153.0,-49.0,70.0,-3.0
452,18290.0,49940.0,48600.0,50854.0,45109.0,18346.0,3.2991204261779785,,,,,,,,,,,,,,,,,,,,,,,,18660.0,806.0,14.0,987.0,-1073741821.0,315.0,-1.0,154.0,-37.0,56.0,0.0
453,18300.0,49111.0,49053.0,51513.0,44887.0,18356.0,3.29384183883667,,,,,,,,,,,,,,,,,,,,,,,,18670.0,813.0,9.0,988.0,-1073217533.0,319.0,-8.0,154.0,-22.0,52.0,8.0
454,18330.0,49429.0,49047.0,51227.0,45230.0,18366.0,3.2991204261779785,,,,,,,,,,,,,,,,,,,,,,,,18680.0,817.0,8.0,990.0,-1073217533.0,320.0,-9.0,155.0,-5.0,15.0,0.0
455,18340.0,48962.0,49406.0,51437.0,44564.0,18376.0,3.29384183883667,,,,,,,,,,,,,,,,,,,,,,,,18740.0,835.0,15.0,1000.0,-1073217533.0,318.0,0.0,163.0,-44.0,-5.0,-12.0
456,18350.0,48824.0,49914.0,51866.0,44222.0,18406.0,3.2885632514953613,,,,,,,,,,,,,,,,,,,,,,,,18750.0,838.0,15.0,1002.0,-536346621.0,318.0,0.0,161.0,-66.0,14.0,-12.0
457,18360.0,48844.0,49955.0,51823.0,44375.0,18416.0,3.2832846641540527,,,,,,,,,,,,,,,,,,,,,,,,18760.0,836.0,17.0,1003.0,-536346621.0,311.0,1.0,157.0,-26.0,69.0,-14.0
458,18370.0,49700.0,50005.0,51672.0,45005.0,18426.0,3.2832846641540527,,,,,,,,,,,,,,,,,,,,,,,,18800.0,855.0,16.0,1011.0,-535297022.0,319.0,0.0,157.0,36.0,5.0,9.0
459,18420.0,49938.0,50273.0,52590.0,46358.0,18436.0,3.278006076812744,,,,,,,,,,,,,,,,,,,,,,,,18810.0,862.0,15.0,1012.0,-536345597.0,324.0,0.0,157.0,54.0,-15.0,3.0
460,18430.0,50365.0,50284.0,52571.0,46709.0,18446.0,3.2727274894714355,,,,,,,,,,,,,,,,,,,,,,,,18820.0,866.0,15.0,1014.0,-536345597.0,323.0,0.0,156.0,77.0,-14.0,6.0
461,18440.0,50694.0,50498.0,52751.0,46782.0,18466.0,3.267448902130127,,,,,,,,,,,,,,,,,,,,,,,,18870.0,874.0,25.0,1021.0,-1073216510.0,313.0,12.0,154.0,-73.0,-28.0,-9.0
462,18500.0,50460.0,51175.0,53697.0,46474.0,18496.0,3.2621703147888184,,,,,,,,,,,,,,,,,,,,,,,,18880.0,879.0,23.0,1023.0,-536346622.0,315.0,9.0,156.0,-92.0,-38.0,-8.0
463,18510.0,51002.0,50980.0,53281.0,46810.0,18506.0,3.2621703147888184,,,,,,,,,,,,,,,,,,,,,,,,18890.0,882.0,27.0,1023.0,-535298046.0,314.0,13.0,152.0,-53.0,-11.0,-8.0
464,18520.0,51055.0,51242.0,53484.0,46849.0,18516.0,3.2621703147888184,,,,,,,,,,,,,,,,,,,,,,,,18931.0,901.0,23.0,1032.0,-536346622.0,319.0,9.0,157.0,115.0,31.0,-4.0
465,18530.0,50794.0,51148.0,53639.0,47028.0,18526.0,3.2568917274475098,,,,,,,,,,,,,,,,,,,,,,,,18940.0,901.0,23.0,1032.0,-536346622.0,319.0,9.0,157.0,104.0,-11.0,-4.0
466,18560.0,51116.0,51082.0,53591.0,47188.0,18556.0,3.2568917274475098,,,,,,,,,,,,,,,,,,,,,,,,18950.0,903.0,25.0,1033.0,-1073217534.0,316.0,12.0,156.0,108.0,15.0,5.0
467,18570.0,51467.0,51623.0,52984.0,46179.0,18566.0,3.2568917274475098,,,,,,,,,,,,,,,,,,,,,,,,19000.0,931.0,26.0,1042.0,-1072693246.0,331.0,11.0,157.0,-4.0,-69.0,3.0
468,18580.0,51159.0,51342.0,53239.0,46605.0,18576.0,3.2568917274475098,,,,,,,,,,,,,,,,,,,,,,,,19010.0,935.0,26.0,1043.0,-1072692222.0,331.0,10.0,157.0,-13.0,-44.0,7.0
469,18590.0,50995.0,51183.0,53549.0,47024.0,18586.0,3.2568917274475098,,,,,,,,,,,,,,,,,,,,,,,,19020.0,936.0,21.0,1046.0,-1071643646.0,329.0,4.0,163.0,-31.0,-28.0,4.0
470,18650.0,51254.0,51791.0,54200.0,47357.0,18616.0,3.2568917274475098,,,,,,,,,,,,,,,,,,,,,,,,19080.0,942.0,22.0,1053.0,-1072693245.0,314.0,3.0,143.0,-46.0,46.0,11.0
471,18660.0,51191.0,51621.0,54021.0,47161.0,18656.0,3.251613140106201,,,,,,,,,,,,,,,,,,,,,,,,19090.0,951.0,22.0,1054.0,-1073741821.0,321.0,3.0,143.0,-13.0,24.0,22.0
472,18670.0,51216.0,51743.0,54207.0,47001.0,18666.0,3.251613140106201,,,,,,,,,,,,,,,,,,,,,,,,19100.0,960.0,21.0,1056.0,-1073741821.0,328.0,1.0,145.0,17.0,3.0,6.0
473,18680.0,51701.0,51681.0,53554.0,47043.0,18676.0,3.2463345527648926,,,,,,,,,,,,,,,,,,,,,,,,19110.0,966.0,23.0,1057.0,-1073741821.0,332.0,3.0,144.0,24.0,-19.0,5.0
474,18690.0,51726.0,51467.0,53530.0,47273.0,18736.0,3.2568917274475098,,,,,,,,,,,,,,,,,,,,,,,,19150.0,979.0,22.0,1063.0,-1072692221.0,332.0,2.0,141.0,-11.0,0.0,3.0
475,18710.0,51682.0,51612.0,53565.0,47108.0,18746.0,3.2568917274475098,,,,,,,,,,,,,,,,,,,,,,,,19160.0,963.0,31.0,1065.0,-1073741821.0,310.0,12.0,142.0,-26.0,10.0,3.0
476,18740.0,51033.0,50970.0,53487.0,47268.0,18756.0,3.2568917274475098,,,,,,,,,,,,,,,,,,,,,,,,19170.0,966.0,31.0,1066.0,-1073741821.0,310.0,11.0,141.0,-2.0,8.0,6.0
477,18750.0,50510.0,51124.0,53978.0,47156.0,18806.0,3.2568917274475098,,,,,,,,,,,,,,,,,,,,,,,,19220.0,997.0,30.0,1072.0,-1073740797.0,328.0,10.0,129.0,12.0,-20.0,11.0
478,18760.0,50323.0,51970.0,54218.0,46360.0,18816.0,3.2568917274475098,,,,,,,,,,,,,,,,,,,,,,,,19230.0,1005.0,29.0,1073.0,-1072692221.0,333.0,8.0,130.0,10.0,-24.0,4.0
479,18780.0,50950.0,51466.0,53938.0,47151.0,18826.0,3.2568917274475098,,,,,,,,,,,,,,,,,,,,,,,,19240.0,1007.0,26.0,1075.0,-1072692221.0,331.0,4.0,128.0,-1.0,14.0,14.0
480,18800.0,51575.0,51389.0,53352.0,46803.0,18836.0,3.2568917274475098,,,,,,,,,,,,,,,,,,,,,,,,19250.0,1008.0,27.0,1076.0,-1072692221.0,329.0,6.0,126.0,16.0,9.0,23.0
481,18810.0,51642.0,51367.0,53034.0,46636.0,18866.0,3.2621703147888184,,,,,,,,,,,,,,,,,,,,,,,,19300.0,1034.0,32.0,1082.0,-1072692220.0,340.0,9.0,117.0,-21.0,36.0,25.0
482,18820.0,51856.0,51791.0,52898.0,46126.0,18876.0,3.2621703147888184,,,,,,,,,,,,,,,,,,,,,,,,19310.0,1039.0,28.0,1083.0,-1072692220.0,344.0,5.0,115.0,-14.0,42.0,32.0
483,18830.0,51529.0,51608.0,53180.0,46583.0,18886.0,3.2621703147888184,,,,,,,,,,,,,,,,,,,,,,,,19320.0,1043.0,29.0,1081.0,-1072692220.0,344.0,5.0,94.0,-11.0,39.0,42.0
484,18870.0,50265.0,50802.0,53852.0,47053.0,18896.0,3.2621703147888184,,,,,,,,,,,,,,,,,,,,,,,,19370.0,1052.0,26.0,1085.0,-1073217531.0,335.0,1.0,92.0,-10.0,5.0,50.0
485,18880.0,50438.0,50149.0,53635.0,47725.0,18916.0,3.2621703147888184,,,,,,,,,,,,,,,,,,,,,,,,19380.0,1058.0,31.0,1086.0,-1073217531.0,339.0,7.0,89.0,15.0,41.0,35.0
486,18890.0,50437.0,50893.0,53768.0,47086.0,18936.0,3.2621703147888184,,,,,,,,,,,,,,,,,,,,,,,,19390.0,1061.0,31.0,1087.0,-1073217531.0,338.0,7.0,86.0,-7.0,30.0,36.0
487,18900.0,50516.0,50959.0,53574.0,47001.0,18946.0,3.2621703147888184,,,,,,,,,,,,,,,,,,,,,,,,19450.0,1078.0,34.0,1091.0,-1073216506.0,334.0,9.0,84.0,-11.0,-3.0,28.0
488,18930.0,51193.0,51831.0,52985.0,45647.0,18956.0,3.2621703147888184,,,,,,,,,,,,,,,,,,,,,,,,19460.0,1087.0,34.0,1092.0,-1073216506.0,340.0,9.0,84.0,2.0,13.0,30.0
489,18940.0,51415.0,51038.0,52539.0,46297.0,18966.0,3.2621703147888184,,,,,,,,,,,,,,,,,,,,,,,,19470.0,1088.0,36.0,1093.0,-536345594.0,337.0,11.0,84.0,7.0,18.0,30.0
490,18950.0,50931.0,51869.0,53108.0,45198.0,19006.0,3.2621703147888184,,,,,,,,,,,,,,,,,,,,,,,,19480.0,1089.0,40.0,1094.0,-536345594.0,334.0,15.0,83.0,35.0,21.0,23.0
491,18990.0,51406.0,49965.0,52607.0,47506.0,19016.0,3.2621703147888184,,,,,,,,,,,,,,,,,,,,,,,,19520.0,1109.0,28.0,1096.0,-1072167930.0,341.0,1.0,81.0,11.0,7.0,2.0
492,19000.0,50754.0,49698.0,52967.0,47392.0,19026.0,3.267448902130127,,,,,,,,,,,,,,,,,,,,,,,,19530.0,1113.0,28.0,1098.0,-1072167930.0,340.0,1.0,87.0,-10.0,6.0,0.0
493,19010.0,50725.0,50344.0,53025.0,46614.0,19056.0,3.2727274894714355,,,,,,,,,,,,,,,,,,,,,,,,19540.0,1116.0,28.0,1098.0,-1072167930.0,340.0,0.0,87.0,-34.0,-2.0,-3.0
494,19020.0,50609.0,50560.0,52758.0,45981.0,19076.0,3.2727274894714355,,,,,,,,,,,,,,,,,,,,,,,,19590.0,1132.0,33.0,1104.0,-536345594.0,338.0,5.0,98.0,-24.0,-12.0,0.0
495,19030.0,50751.0,49941.0,52715.0,46527.0,19086.0,3.267448902130127,,,,,,,,,,,,,,,,,,,,,,,,19600.0,1137.0,33.0,1105.0,-536345594.0,340.0,5.0,98.0,-21.0,-28.0,0.0
496,19080.0,50390.0,50926.0,53403.0,45851.0,19096.0,3.2621703147888184,,,,,,,,,,,,,,,,,,,,,,,,19610.0,1139.0,31.0,1106.0,-536345594.0,337.0,3.0,98.0,-4.0,8.0,-6.0
497,19090.0,50870.0,50630.0,53241.0,46229.0,19106.0,3.2621703147888184,,,,,,,,,,,,,,,,,,,,,,,,19660.0,1143.0,34.0,1111.0,-536345594.0,323.0,6.0,97.0,51.0,-14.0,-25.0
498,19100.0,51408.0,50755.0,52642.0,46269.0,19136.0,3.2621703147888184,,,,,,,,,,,,,,,,,,,,,,,,19670.0,1147.0,34.0,1112.0,-536345594.0,323.0,7.0,95.0,26.0,-48.0,-18.0
499,19110.0,51200.0,50549.0,52796.0,46467.0,19146.0,3.2621703147888184,,,,,,,,,,,,,,,,,,,,,,,,19680.0,1146.0,32.0,1113.0,-1073216506.0,318.0,5.0,94.0,7.0,-34.0,-33.0
500,19150.0,50833.0,50743.0,52968.0,46021.0,19156.0,3.2621703147888184,,,,,,,,,,,,,,,,,,,,,,,,19720.0,1172.0,36.0,1116.0,-1073741819.0,331.0,8.0,80.0,11.0,-45.0,-28.0
501,19160.0,50405.0,50295.0,53324.0,46499.0,19166.0,3.2621703147888184,,,,,,,,,,,,,,,,,,,,,,,,19730.0,1175.0,35.0,1117.0,-1073741819.0,331.0,8.0,77.0,-9.0,-44.0,-26.0
502,19170.0,50492.0,50606.0,53292.0,46091.0,19176.0,3.2621703147888184,,,,,,,,,,,,,,,,,,,,,,,,19740.0,1179.0,34.0,1118.0,-1073741819.0,331.0,6.0,74.0,35.0,13.0,-25.0
503,19180.0,50883.0,50675.0,53085.0,45934.0,19196.0,3.2621703147888184,,,,,,,,,,,,,,,,,,,,,,,,19770.0,1179.0,31.0,1117.0,-1073741819.0,322.0,2.0,54.0,-16.0,16.0,-27.0
504,19220.0,51032.0,50519.0,53040.0,46263.0,19216.0,3.2621703147888184,,,,,,,,,,,,,,,,,,,,,,,,19780.0,1185.0,31.0,1117.0,-1073741819.0,325.0,3.0,52.0,-29.0,17.0,-23.0
505,19230.0,51170.0,50232.0,52848.0,46654.0,19226.0,3.2621703147888184,,,,,,,,,,,,,,,,,,,,,,,,19790.0,1190.0,32.0,1117.0,-1073741819.0,327.0,3.0,44.0,-34.0,-8.0,-19.0
506,19240.0,51248.0,50103.0,52895.0,46708.0,19236.0,3.2621703147888184,,,,,,,,,,,,,,,,,,,,,,,,19800.0,1197.0,26.0,1117.0,-1073741819.0,331.0,-2.0,41.0,-28.0,0.0,-23.0
507,19250.0,51335.0,50423.0,52975.0,46340.0,19246.0,3.2621703147888184,,,,,,,,,,,,,,,,,,,,,,,,19860.0,1217.0,26.0,1119.0,-536870908.0,331.0,-2.0,34.0,-16.0,4.0,-17.0
508,19270.0,51284.0,50229.0,53255.0,46587.0,19296.0,3.2621703147888184,,,,,,,,,,,,,,,,,,,,,,,,19870.0,1220.0,26.0,1120.0,-536870908.0,331.0,-2.0,33.0,-8.0,-15.0,-12.0
509,19300.0,51112.0,49781.0,53539.0,47275.0,19306.0,3.2621703147888184,,,,,,,,,,,,,,,,,,,,,,,,19880.0,1203.0,33.0,1119.0,-535298044.0,310.0,5.0,26.0,-22.0,-11.0,-17.0
510,19310.0,50921.0,50265.0,53675.0,46488.0,19316.0,3.2621703147888184,,,,,,,,,,,,,,,,,,,,,,,,19950.0,1234.0,30.0,1121.0,-536869884.0,319.0,1.0,11.0,59.0,-53.0,1.0
511,19320.0,51851.0,51425.0,53589.0,45838.0,19326.0,3.2621703147888184,,,,,,,,,,,,,,,,,,,,,,,,19960.0,1234.0,30.0,1123.0,-1073740796.0,316.0,2.0,16.0,38.0,-55.0,-5.0
512,19330.0,51682.0,50513.0,53955.0,47139.0,19336.0,3.2568917274475098,,,,,,,,,,,,,,,,,,,,,,,,19970.0,1235.0,28.0,1123.0,-1073740796.0,314.0,0.0,14.0,43.0,-43.0,-6.0
513,19350.0,51673.0,51036.0,54244.0,46523.0,19366.0,3.251613140106201,,,,,,,,,,,,,,,,,,,,,,,,20040.0,1251.0,30.0,1124.0,-536868860.0,310.0,2.0,1.0,-25.0,2.0,14.0
514,19370.0,51972.0,50740.0,53935.0,46660.0,19376.0,3.251613140106201,,,,,,,,,,,,,,,,,,,,,,,,20050.0,1258.0,26.0,1124.0,-536868860.0,315.0,-1.0,1.0,-10.0,-3.0,11.0
515,19380.0,52024.0,51292.0,53881.0,46252.0,19386.0,3.251613140106201,,,,,,,,,,,,,,,,,,,,,,,,20060.0,1268.0,33.0,1124.0,-536868860.0,324.0,4.0,0.0,-8.0,-5.0,10.0
516,19390.0,52031.0,51624.0,54176.0,46131.0,19396.0,3.2463345527648926,,,,,,,,,,,,,,,,,,,,,,,,20130.0,1279.0,24.0,1125.0,-1073739772.0,315.0,-3.0,-1.0,41.0,30.0,14.0
517,19420.0,52298.0,51359.0,54352.0,46926.0,19446.0,3.241055965423584,,,,,,,,,,,,,,,,,,,,,,,,20140.0,1282.0,24.0,1123.0,-1073739772.0,315.0,-3.0,-15.0,-6.0,-6.0,16.0
518,19450.0,52038.0,50742.0,54315.0,47193.0,19456.0,3.2463345527648926,,,,,,,,,,,,,,,,,,,,,,,,20150.0,1285.0,24.0,1123.0,-1073739772.0,316.0,-3.0,-17.0,9.0,19.0,20.0
519,19460.0,52332.0,51144.0,54120.0,46704.0,19466.0,3.241055965423584,,,,,,,,,,,,,,,,,,,,,,,,20210.0,1316.0,24.0,1123.0,-535820284.0,332.0,-3.0,-17.0,-6.0,34.0,18.0
520,19470.0,51828.0,51382.0,54604.0,46402.0,19476.0,3.241055965423584,,,,,,,,,,,,,,,,,,,,,,,,20220.0,1319.0,24.0,1123.0,-535820284.0,332.0,-2.0,-15.0,-13.0,39.0,10.0
521,19480.0,52050.0,51018.0,54236.0,46756.0,19496.0,3.2463345527648926,,,,,,,,,,,,,,,,,,,,,,,,20230.0,1303.0,26.0,1123.0,-535820283.0,313.0,-1.0,-13.0,-3.0,42.0,9.0
522,19510.0,52207.0,51334.0,54160.0,46675.0,19516.0,3.2463345527648926,,,,,,,,,,,,,,,,,,,,,,,,20240.0,1306.0,26.0,1123.0,-535820283.0,312.0,0.0,-14.0,5.0,40.0,7.0
523,19520.0,52131.0,50819.0,54002.0,47075.0,19526.0,3.2463345527648926,,,,,,,,,,,,,,,,,,,,,,,,20280.0,1331.0,14.0,1121.0,-536869883.0,326.0,-11.0,-24.0,41.0,28.0,-14.0
524,19530.0,52284.0,50556.0,53775.0,47293.0,19536.0,3.2463345527648926,,,,,,,,,,,,,,,,,,,,,,,,20290.0,1334.0,14.0,1121.0,-536869883.0,327.0,-11.0,-25.0,7.0,7.0,-15.0
525,19540.0,51553.0,50820.0,54292.0,46885.0,19546.0,3.2463345527648926,,,,,,,,,,,,,,,,,,,,,,,,20300.0,1331.0,43.0,1121.0,-535821308.0,321.0,18.0,-25.0,-54.0,-39.0,-17.0
526,19590.0,51673.0,50248.0,53587.0,46689.0,19566.0,3.251613140106201,,,,,,,,,,,,,,,,,,,,,,,,20330.0,1342.0,36.0,1118.0,-535821308.0,323.0,11.0,-37.0,1.0,10.0,-15.0
527,19600.0,51325.0,49828.0,53481.0,46577.0,19586.0,3.2568917274475098,,,,,,,,,,,,,,,,,,,,,,,,20340.0,1344.0,32.0,1117.0,-535821308.0,322.0,7.0,-38.0,42.0,36.0,-17.0
528,19610.0,51249.0,50992.0,53650.0,45439.0,19596.0,3.2568917274475098,,,,,,,,,,,,,,,,,,,,,,,,20350.0,1346.0,42.0,1122.0,-535821308.0,322.0,17.0,-12.0,84.0,43.0,-21.0
529,19620.0,51202.0,49800.0,52999.0,46201.0,19606.0,3.2568917274475098,,,,,,,,,,,,,,,,,,,,,,,,20360.0,1349.0,26.0,1122.0,-536869884.0,321.0,1.0,-13.0,132.0,71.0,-21.0
530,19640.0,51117.0,50072.0,52972.0,45892.0,19616.0,3.251613140106201,,,,,,,,,,,,,,,,,,,,,,,,20400.0,1369.0,31.0,1119.0,-1072693244.0,330.0,6.0,-22.0,4.0,22.0,-25.0
531,19650.0,51252.0,50572.0,52732.0,45296.0,19656.0,3.2621703147888184,,,,,,,,,,,,,,,,,,,,,,,,20410.0,1372.0,33.0,1119.0,-1072693244.0,329.0,8.0,-23.0,22.0,9.0,-24.0
532,19660.0,50453.0,50557.0,52671.0,44259.0,19666.0,3.267448902130127,,,,,,,,,,,,,,,,,,,,,,,,20420.0,1375.0,33.0,1119.0,-1072693244.0,329.0,8.0,-25.0,-16.0,13.0,-19.0
533,19670.0,51071.0,49126.0,52632.0,46524.0,19676.0,3.267448902130127,,,,,,,,,,,,,,,,,,,,,,,,20431.0,1372.0,34.0,1119.0,-1072693244.0,323.0,8.0,-27.0,-12.0,-2.0,-23.0
534,19680.0,50462.0,49912.0,52933.0,45672.0,19716.0,3.267448902130127,,,,,,,,,,,,,,,,,,,,,,,,20470.0,1392.0,33.0,1118.0,-1072693245.0,330.0,5.0,-25.0,-9.0,-2.0,-16.0
535,19700.0,50932.0,49372.0,52852.0,46615.0,19726.0,3.267448902130127,,,,,,,,,,,,,,,,,,,,,,,,20480.0,1396.0,33.0,1116.0,-1072693245.0,330.0,5.0,-34.0,-12.0,-13.0,-5.0
536,19720.0,50807.0,49427.0,52678.0,46282.0,19736.0,3.2621703147888184,,,,,,,,,,,,,,,,,,,,,,,,20490.0,1398.0,33.0,1116.0,-1072693245.0,329.0,5.0,-34.0,17.0,26.0,-7.0
537,19730.0,50613.0,49887.0,53148.0,46014.0,19746.0,3.267448902130127,,,,,,,,,,,,,,,,,,,,,,,,20540.0,1414.0,31.0,1114.0,-1072168957.0,329.0,1.0,-30.0,14.0,43.0,-16.0
538,19740.0,50807.0,50839.0,52888.0,44831.0,19776.0,3.2621703147888184,,,,,,,,,,,,,,,,,,,,,,,,20550.0,1418.0,31.0,1113.0,-1072168957.0,329.0,1.0,-31.0,-24.0,15.0,-7.0
539,19750.0,50553.0,50366.0,53591.0,46194.0,19786.0,3.2621703147888184,,,,,,,,,,,,,,,,,,,,,,,,20560.0,1387.0,42.0,1112.0,-1072167933.0,294.0,13.0,-35.0,-14.0,33.0,-8.0
540,19770.0,50859.0,50658.0,53557.0,46149.0,19796.0,3.2568917274475098,,,,,,,,,,,,,,,,,,,,,,,,20600.0,1411.0,49.0,1111.0,-1072167933.0,305.0,18.0,-38.0,24.0,-91.0,2.0
541,19780.0,50066.0,49994.0,53641.0,46082.0,19856.0,3.2568917274475098,,,,,,,,,,,,,,,,,,,,,,,,20610.0,1419.0,43.0,1113.0,-1072168957.0,310.0,11.0,-26.0,43.0,-107.0,2.0
542,19790.0,50724.0,49704.0,53300.0,46588.0,19866.0,3.2568917274475098,,,,,,,,,,,,,,,,,,,,,,,,20620.0,1422.0,43.0,1112.0,-1072168957.0,310.0,11.0,-28.0,21.0,-112.0,0.0
543,19800.0,50960.0,50355.0,53192.0,46108.0,19876.0,3.2621703147888184,,,,,,,,,,,,,,,,,,,,,,,,20680.0,1411.0,22.0,1111.0,-1071643645.0,281.0,-12.0,-33.0,-11.0,-9.0,-12.0
544,19820.0,50458.0,50159.0,53697.0,46483.0,19886.0,3.2621703147888184,,,,,,,,,,,,,,,,,,,,,,,,20690.0,1418.0,34.0,1110.0,-1071643645.0,285.0,0.0,-39.0,-72.0,-41.0,0.0
545,19850.0,51455.0,49877.0,53089.0,47036.0,19946.0,3.2621703147888184,,,,,,,,,,,,,,,,,,,,,,,,20700.0,1428.0,29.0,1109.0,-1071643645.0,293.0,-6.0,-38.0,-99.0,-66.0,1.0
546,19860.0,50383.0,50235.0,53299.0,45653.0,19956.0,3.2621703147888184,,,,,,,,,,,,,,,,,,,,,,,,20730.0,1443.0,27.0,1108.0,-1072691197.0,300.0,-9.0,-37.0,-107.0,-71.0,5.0
547,19870.0,51035.0,49671.0,52614.0,46115.0,19966.0,3.2568917274475098,,,,,,,,,,,,,,,,,,,,,,,,20740.0,1446.0,27.0,1109.0,-1073739773.0,301.0,-9.0,-33.0,-90.0,-60.0,4.0
548,19880.0,50200.0,49927.0,53494.0,46199.0,19986.0,3.2568917274475098,,,,,,,,,,,,,,,,,,,,,,,,20750.0,1447.0,30.0,1108.0,-536868861.0,299.0,-6.0,-31.0,-68.0,-37.0,2.0
549,19900.0,50508.0,49890.0,53266.0,46251.0,20016.0,3.2568917274475098,,,,,,,,,,,,,,,,,,,,,,,,20820.0,1463.0,20.0,1106.0,-535820285.0,299.0,-14.0,-37.0,-33.0,7.0,18.0
550,19930.0,51323.0,49980.0,52822.0,46403.0,20036.0,3.251613140106201,,,,,,,,,,,,,,,,,,,,,,,,20830.0,1468.0,21.0,1106.0,-535820285.0,301.0,-14.0,-39.0,-56.0,-7.0,29.0
551,19940.0,51536.0,49796.0,52789.0,46602.0,20046.0,3.2568917274475098,,,,,,,,,,,,,,,,,,,,,,,,20840.0,1469.0,16.0,1106.0,-535820285.0,300.0,-19.0,-40.0,-65.0,-36.0,26.0
552,19950.0,51119.0,50585.0,53135.0,45652.0,20056.0,3.251613140106201,,,,,,,,,,,,,,,,,,,,,,,,20910.0,1492.0,20.0,1103.0,-533723132.0,305.0,-9.0,-48.0,-8.0,47.0,50.0
553,19960.0,51205.0,50555.0,53257.0,45958.0,20066.0,3.251613140106201,,,,,,,,,,,,,,,,,,,,,,,,20920.0,1495.0,20.0,1102.0,-533723132.0,306.0,-9.0,-48.0,2.0,48.0,54.0
554,19970.0,51341.0,51035.0,52957.0,45263.0,20076.0,3.251613140106201,,,,,,,,,,,,,,,,,,,,,,,,20930.0,1499.0,20.0,1102.0,-533723132.0,307.0,-8.0,-49.0,14.0,59.0,55.0
555,20040.0,50949.0,50696.0,53769.0,45732.0,20126.0,3.251613140106201,,,,,,,,,,,,,,,,,,,,,,,,20970.0,1517.0,22.0,1097.0,-533724155.0,315.0,-3.0,-69.0,-18.0,50.0,51.0
556,20050.0,51332.0,50583.0,53583.0,46029.0,20136.0,3.251613140106201,,,,,,,,,,,,,,,,,,,,,,,,20980.0,1513.0,23.0,1096.0,-533724155.0,307.0,-1.0,-68.0,-11.0,43.0,53.0
557,20060.0,51239.0,50111.0,53687.0,46635.0,20146.0,3.251613140106201,,,,,,,,,,,,,,,,,,,,,,,,20990.0,1516.0,23.0,1095.0,-533724155.0,308.0,0.0,-69.0,10.0,34.0,47.0
558,20090.0,51126.0,50549.0,53761.0,46315.0,20156.0,3.251613140106201,,,,,,,,,,,,,,,,,,,,,,,,21000.0,1519.0,23.0,1097.0,-533724154.0,308.0,0.0,-55.0,43.0,17.0,45.0
559,20120.0,51201.0,50282.0,53772.0,46420.0,20216.0,3.2463345527648926,,,,,,,,,,,,,,,,,,,,,,,,21051.0,1546.0,20.0,1096.0,-533724154.0,321.0,0.0,-54.0,-34.0,-12.0,43.0
560,20130.0,51388.0,51256.0,53697.0,45267.0,20226.0,3.251613140106201,,,,,,,,,,,,,,,,,,,,,,,,21060.0,1548.0,19.0,1095.0,-533724153.0,319.0,0.0,-55.0,-34.0,9.0,45.0
561,20140.0,51604.0,50093.0,53832.0,46981.0,20236.0,3.2463345527648926,,,,,,,,,,,,,,,,,,,,,,,,21070.0,1550.0,21.0,1095.0,-533724153.0,319.0,2.0,-54.0,-48.0,32.0,54.0
562,20150.0,51369.0,50598.0,54132.0,46436.0,20246.0,3.251613140106201,,,,,,,,,,,,,,,,,,,,,,,,21110.0,1562.0,22.0,1093.0,-533200889.0,319.0,6.0,-57.0,-10.0,62.0,56.0
563,20180.0,51582.0,50107.0,54011.0,47014.0,20266.0,3.251613140106201,,,,,,,,,,,,,,,,,,,,,,,,21120.0,1566.0,22.0,1091.0,-532152312.0,319.0,7.0,-65.0,7.0,34.0,45.0
564,20210.0,51687.0,50621.0,54101.0,46524.0,20276.0,3.251613140106201,,,,,,,,,,,,,,,,,,,,,,,,21131.0,1575.0,22.0,1090.0,-533200888.0,322.0,9.0,-70.0,10.0,-13.0,37.0
565,20220.0,51464.0,50322.0,53979.0,46606.0,20286.0,3.2463345527648926,,,,,,,,,,,,,,,,,,,,,,,,21180.0,1572.0,16.0,1088.0,-533199864.0,304.0,5.0,-68.0,74.0,-8.0,10.0
566,20230.0,51077.0,50668.0,54354.0,46224.0,20296.0,3.2463345527648926,,,,,,,,,,,,,,,,,,,,,,,,21190.0,1579.0,15.0,1087.0,-534248440.0,308.0,6.0,-68.0,64.0,-29.0,0.0
567,20240.0,51186.0,50391.0,54102.0,46412.0,20306.0,3.2463345527648926,,,,,,,,,,,,,,,,,,,,,,,,21200.0,1584.0,17.0,1087.0,-534248440.0,310.0,8.0,-70.0,63.0,-52.0,-4.0
568,20280.0,51679.0,51077.0,53745.0,46131.0,20336.0,3.241055965423584,,,,,,,,,,,,,,,,,,,,,,,,21240.0,1601.0,18.0,1082.0,-535822328.0,314.0,11.0,-79.0,68.0,-18.0,-29.0
569,20290.0,51470.0,50814.0,54102.0,46729.0,20346.0,3.241055965423584,,,,,,,,,,,,,,,,,,,,,,,,21250.0,1605.0,18.0,1081.0,-535822328.0,316.0,11.0,-83.0,44.0,10.0,-48.0
570,20300.0,51166.0,49103.0,54330.0,48607.0,20356.0,3.241055965423584,,,,,,,,,,,,,,,,,,,,,,,,21260.0,1609.0,18.0,1080.0,-535822328.0,316.0,11.0,-82.0,27.0,-30.0,-36.0
571,20310.0,51511.0,50122.0,54439.0,47918.0,20366.0,3.241055965423584,,,,,,,,,,,,,,,,,,,,,,,,21300.0,1615.0,25.0,1076.0,-536870905.0,310.0,19.0,-85.0,45.0,12.0,-34.0
572,20330.0,51797.0,50973.0,54349.0,47220.0,20406.0,3.251613140106201,,,,,,,,,,,,,,,,,,,,,,,,21310.0,1618.0,27.0,1075.0,-1073741817.0,310.0,21.0,-84.0,39.0,-9.0,-38.0
573,20340.0,51620.0,51672.0,54418.0,46348.0,20416.0,3.251613140106201,,,,,,,,,,,,,,,,,,,,,,,,21320.0,1627.0,27.0,1075.0,-1073741817.0,316.0,20.0,-83.0,53.0,23.0,-34.0
574,20350.0,51968.0,51267.0,54117.0,46956.0,20426.0,3.251613140106201,,,,,,,,,,,,,,,,,,,,,,,,21360.0,1642.0,26.0,1072.0,-1072693241.0,319.0,18.0,-77.0,85.0,-26.0,-33.0
575,20360.0,51519.0,51805.0,53695.0,45204.0,20446.0,3.2463345527648926,,,,,,,,,,,,,,,,,,,,,,,,21370.0,1645.0,26.0,1072.0,-1072692217.0,319.0,18.0,-76.0,75.0,-10.0,-36.0
576,20400.0,51035.0,50943.0,54021.0,46388.0,20466.0,3.251613140106201,,,,,,,,,,,,,,,,,,,,,,,,21380.0,1634.0,24.0,1068.0,-1071644666.0,303.0,15.0,-92.0,64.0,-46.0,-26.0
577,20410.0,51354.0,50502.0,53685.0,46823.0,20476.0,3.2463345527648926,,,,,,,,,,,,,,,,,,,,,,,,21430.0,1653.0,30.0,1064.0,-1070595066.0,309.0,18.0,-84.0,-18.0,-53.0,-28.0
578,20420.0,50952.0,50467.0,54127.0,46900.0,20486.0,3.251613140106201,,,,,,,,,,,,,,,,,,,,,,,,21440.0,1659.0,31.0,1063.0,-1070595066.0,311.0,18.0,-83.0,15.0,-54.0,-18.0
579,20431.0,50870.0,50666.0,54210.0,46772.0,20506.0,3.2463345527648926,,,,,,,,,,,,,,,,,,,,,,,,21450.0,1662.0,31.0,1062.0,-1071643642.0,312.0,17.0,-81.0,11.0,-73.0,-18.0
580,20470.0,51280.0,50241.0,53900.0,47192.0,20536.0,3.2463345527648926,,,,,,,,,,,,,,,,,,,,,,,,21500.0,1681.0,29.0,1057.0,-1070594043.0,318.0,11.0,-80.0,14.0,84.0,-15.0
581,20480.0,51546.0,50565.0,53843.0,46885.0,20546.0,3.2463345527648926,,,,,,,,,,,,,,,,,,,,,,,,21510.0,1669.0,28.0,1058.0,-1070595067.0,301.0,8.0,-73.0,-22.0,51.0,-16.0
582,20490.0,51211.0,50722.0,54128.0,46758.0,20556.0,3.2463345527648926,,,,,,,,,,,,,,,,,,,,,,,,21520.0,1672.0,28.0,1057.0,-1070595067.0,301.0,7.0,-74.0,-11.0,57.0,-9.0
583,20540.0,51067.0,50829.0,54228.0,46765.0,20566.0,3.2463345527648926,,,,,,,,,,,,,,,,,,,,,,,,21570.0,1700.0,33.0,1052.0,-1071643643.0,316.0,9.0,-78.0,10.0,-37.0,-10.0
584,20550.0,51356.0,50230.0,53959.0,47238.0,20586.0,3.2463345527648926,,,,,,,,,,,,,,,,,,,,,,,,21580.0,1703.0,33.0,1051.0,-1071643643.0,316.0,8.0,-78.0,22.0,-38.0,-12.0
585,20560.0,50291.0,51420.0,54872.0,45901.0,20596.0,3.2463345527648926,,,,,,,,,,,,,,,,,,,,,,,,21590.0,1702.0,33.0,1051.0,-1070595067.0,312.0,6.0,-76.0,20.0,-17.0,-12.0
586,20570.0,51073.0,50788.0,54254.0,46510.0,20606.0,3.2463345527648926,,,,,,,,,,,,,,,,,,,,,,,,21650.0,1725.0,21.0,1048.0,-1070595067.0,319.0,-10.0,-63.0,-18.0,6.0,-11.0
587,20600.0,51659.0,50409.0,53886.0,47052.0,20616.0,3.2463345527648926,,,,,,,,,,,,,,,,,,,,,,,,21660.0,1728.0,21.0,1048.0,-1070595067.0,320.0,-11.0,-62.0,-9.0,-15.0,-12.0
588,20610.0,52021.0,50654.0,53193.0,46295.0,20626.0,3.2463345527648926,,,,,,,,,,,,,,,,,,,,,,,,21710.0,1733.0,29.0,1046.0,-1071643644.0,308.0,-5.0,-56.0,-32.0,-12.0,-23.0
589,20620.0,51443.0,50283.0,53762.0,46816.0,20676.0,3.2463345527648926,,,,,,,,,,,,,,,,,,,,,,,,21720.0,1736.0,29.0,1046.0,-1071643644.0,309.0,-6.0,-56.0,-42.0,-24.0,-26.0
590,20630.0,51473.0,50599.0,53686.0,46612.0,20686.0,3.2463345527648926,,,,,,,,,,,,,,,,,,,,,,,,21730.0,1743.0,22.0,1046.0,-1071643644.0,313.0,-14.0,-52.0,-34.0,-24.0,-24.0
591,20650.0,51441.0,50230.0,53605.0,46895.0,20696.0,3.2463345527648926,,,,,,,,,,,,,,,,,,,,,,,,21861.0,1786.0,34.0,1039.0,-1071642622.0,318.0,-6.0,-64.0,16.0,-45.0,-42.0
592,20670.0,50748.0,51218.0,54358.0,46095.0,20706.0,3.251613140106201,,,,,,,,,,,,,,,,,,,,,,,,21870.0,1786.0,34.0,1039.0,-1071642622.0,318.0,-6.0,-64.0,13.0,-74.0,-34.0
593,20680.0,50749.0,51969.0,54322.0,45064.0,20716.0,3.2463345527648926,,,,,,,,,,,,,,,,,,,,,,,,21880.0,1789.0,34.0,1038.0,-1071642622.0,319.0,-7.0,-65.0,2.0,-63.0,-20.0
594,20690.0,50821.0,49987.0,54400.0,47333.0,20726.0,3.2463345527648926,,,,,,,,,,,,,,,,,,,,,,,,21960.0,1820.0,30.0,1031.0,-1071641599.0,330.0,-15.0,-80.0,-8.0,26.0,-42.0
595,20700.0,50804.0,49932.0,54359.0,47335.0,20736.0,3.2463345527648926,,,,,,,,,,,,,,,,,,,,,,,,21970.0,1824.0,23.0,1030.0,-1071641599.0,332.0,-24.0,-82.0,1.0,21.0,-45.0
596,20730.0,51210.0,50231.0,54140.0,46985.0,20746.0,3.2463345527648926,,,,,,,,,,,,,,,,,,,,,,,,21980.0,1829.0,30.0,1031.0,-1071641599.0,334.0,-16.0,-72.0,-5.0,13.0,-42.0
597,20740.0,51088.0,49924.0,54116.0,47162.0,20756.0,3.251613140106201,,,,,,,,,,,,,,,,,,,,,,,,22030.0,1851.0,29.0,1025.0,-1071641600.0,346.0,-19.0,-85.0,45.0,-7.0,-30.0
598,20750.0,50792.0,50185.0,54140.0,46647.0,20776.0,3.251613140106201,,,,,,,,,,,,,,,,,,,,,,,,22040.0,1854.0,29.0,1024.0,-1070593024.0,347.0,-20.0,-83.0,57.0,17.0,-27.0
599,20820.0,51044.0,50842.0,54582.0,46318.0,20806.0,3.2568917274475098,,,,,,,,,,,,,,,,,,,,,,,,22050.0,1865.0,31.0,1023.0,-1070593024.0,356.0,-18.0,-83.0,74.0,14.0,-26.0
600,20830.0,50869.0,50374.0,54718.0,46510.0,20816.0,3.251613140106201,,,,,,,,,,,,,,,,,,,,,,,,22100.0,1863.0,26.0,1018.0,-1070593536.0,337.0,-26.0,-83.0,-28.0,101.0,-4.0
601,20840.0,51035.0,50335.0,54446.0,46448.0,20826.0,3.251613140106201,,,,,,,,,,,,,,,,,,,,,,,,22110.0,1865.0,21.0,1016.0,-1070594560.0,336.0,-33.0,-86.0,-54.0,62.0,0.0
602,20850.0,50815.0,50048.0,54705.0,46863.0,20836.0,3.2463345527648926,,,,,,,,,,,,,,,,,,,,,,,,22290.0,1935.0,13.0,1000.0,-1073740288.0,353.0,-42.0,-76.0,-68.0,62.0,5.0
603,20900.0,50646.0,50523.0,55118.0,45906.0,20846.0,3.251613140106201,,,,,,,,,,,,,,,,,,,,,,,,22300.0,1938.0,13.0,999.0,-1073741312.0,354.0,-43.0,-76.0,-80.0,64.0,-1.0
604,20910.0,50964.0,50371.0,54899.0,46039.0,20876.0,3.251613140106201,,,,,,,,,,,,,,,,,,,,,,,,22390.0,1969.0,20.0,995.0,-535297024.0,351.0,-29.0,-55.0,-5.0,11.0,6.0
605,20920.0,51003.0,50524.0,55055.0,45960.0,20896.0,3.251613140106201,,,,,,,,,,,,,,,,,,,,,,,,22400.0,1970.0,18.0,995.0,-535296000.0,347.0,-30.0,-52.0,7.0,26.0,2.0
606,20930.0,51088.0,50541.0,55048.0,45928.0,20906.0,3.251613140106201,,,,,,,,,,,,,,,,,,,,,,,,22410.0,1972.0,18.0,992.0,-535296000.0,345.0,-30.0,-59.0,-11.0,29.0,9.0
607,20970.0,51130.0,50976.0,55822.0,46293.0,20916.0,3.251613140106201,,,,,,,,,,,,,,,,,,,,,,,,22450.0,1993.0,13.0,990.0,-535297024.0,352.0,-34.0,-62.0,-20.0,-18.0,-1.0
608,20980.0,51125.0,50744.0,55845.0,46469.0,20926.0,3.251613140106201,,,,,,,,,,,,,,,,,,,,,,,,22460.0,1998.0,15.0,989.0,-535297024.0,353.0,-31.0,-65.0,-35.0,-5.0,7.0
609,20990.0,51791.0,50850.0,55472.0,46556.0,20936.0,3.251613140106201,,,,,,,,,,,,,,,,,,,,,,,,22470.0,2003.0,15.0,988.0,-535297024.0,354.0,-30.0,-64.0,-27.0,16.0,-3.0
610,21000.0,51582.0,50850.0,55285.0,45988.0,20946.0,3.251613140106201,,,,,,,,,,,,,,,,,,,,,,,,22520.0,2018.0,17.0,985.0,-535296000.0,350.0,-25.0,-68.0,22.0,43.0,-1.0
611,21050.0,51185.0,49284.0,55512.0,47339.0,20966.0,3.2463345527648926,,,,,,,,,,,,,,,,,,,,,,,,22530.0,2026.0,11.0,984.0,-535296000.0,355.0,-32.0,-68.0,25.0,36.0,-2.0
612,21060.0,50989.0,49591.0,55718.0,47022.0,20976.0,3.2463345527648926,,,,,,,,,,,,,,,,,,,,,,,,22540.0,2030.0,10.0,984.0,-535296000.0,354.0,-31.0,-65.0,13.0,13.0,-1.0
613,21070.0,50737.0,49077.0,56026.0,47380.0,20986.0,3.241055965423584,,,,,,,,,,,,,,,,,,,,,,,,22581.0,2047.0,12.0,981.0,-535296000.0,356.0,-28.0,-68.0,20.0,1.0,0.0
614,21110.0,50818.0,50116.0,55990.0,46024.0,20996.0,3.241055965423584,,,,,,,,,,,,,,,,,,,,,,,,22590.0,2043.0,11.0,984.0,-535294976.0,346.0,-27.0,-51.0,1.0,-10.0,0.0
615,21120.0,51137.0,50197.0,55858.0,46267.0,21006.0,3.241055965423584,,,,,,,,,,,,,,,,,,,,,,,,22600.0,2044.0,9.0,983.0,-536343552.0,342.0,-29.0,-52.0,-10.0,6.0,0.0
616,21130.0,51760.0,49243.0,55603.0,47665.0,21016.0,3.241055965423584,,,,,,,,,,,,,,,,,,,,,,,,22651.0,2067.0,15.0,979.0,-535294976.0,346.0,-20.0,-62.0,-13.0,-20.0,-2.0
617,21140.0,51496.0,50468.0,56083.0,46521.0,21036.0,3.2463345527648926,,,,,,,,,,,,,,,,,,,,,,,,22660.0,2068.0,13.0,979.0,-535294976.0,342.0,-22.0,-61.0,-8.0,-43.0,-8.0
618,21170.0,51478.0,50648.0,56053.0,46700.0,21046.0,3.2463345527648926,,,,,,,,,,,,,,,,,,,,,,,,22700.0,2089.0,5.0,976.0,-535296000.0,348.0,-30.0,-65.0,0.0,-95.0,-15.0
619,21180.0,51694.0,50720.0,55817.0,46585.0,21056.0,3.2463345527648926,,,,,,,,,,,,,,,,,,,,,,,,22710.0,2089.0,6.0,975.0,-535296512.0,343.0,-28.0,-69.0,-14.0,-81.0,-13.0
620,21190.0,51844.0,50585.0,55674.0,46815.0,21066.0,3.2463345527648926,,,,,,,,,,,,,,,,,,,,,,,,22720.0,2093.0,6.0,975.0,-535296512.0,343.0,-27.0,-68.0,-19.0,-59.0,-23.0
621,21200.0,51896.0,50766.0,55660.0,46735.0,21076.0,3.2463345527648926,,,,,,,,,,,,,,,,,,,,,,,,22760.0,2112.0,8.0,970.0,-535297536.0,349.0,-22.0,-74.0,12.0,24.0,-18.0
622,21240.0,51801.0,50987.0,55953.0,47352.0,21086.0,3.251613140106201,,,,,,,,,,,,,,,,,,,,,,,,22770.0,2116.0,8.0,970.0,-535297536.0,349.0,-22.0,-73.0,32.0,53.0,-13.0
623,21250.0,51132.0,51068.0,56316.0,47443.0,21106.0,3.251613140106201,,,,,,,,,,,,,,,,,,,,,,,,22780.0,2110.0,7.0,969.0,-535296512.0,337.0,-22.0,-74.0,36.0,48.0,-16.0
624,21260.0,52006.0,50392.0,55798.0,48247.0,21116.0,3.251613140106201,,,,,,,,,,,,,,,,,,,,,,,,22820.0,2128.0,2.0,967.0,-536345087.0,343.0,-27.0,-67.0,-17.0,-25.0,-26.0
625,21270.0,51568.0,52317.0,56129.0,46107.0,21126.0,3.2463345527648926,,,,,,,,,,,,,,,,,,,,,,,,22830.0,2133.0,4.0,967.0,-536345087.0,344.0,-24.0,-66.0,-9.0,-34.0,-20.0
626,21300.0,51356.0,51576.0,56352.0,47127.0,21136.0,3.2463345527648926,,,,,,,,,,,,,,,,,,,,,,,,22840.0,2140.0,2.0,965.0,-536345087.0,348.0,-26.0,-73.0,-20.0,-55.0,-12.0
627,21310.0,51819.0,50968.0,55856.0,47703.0,21156.0,3.241055965423584,,,,,,,,,,,,,,,,,,,,,,,,22900.0,2146.0,0.0,960.0,-536346111.0,329.0,-26.0,-72.0,-6.0,-15.0,-16.0
628,21320.0,51424.0,50969.0,56145.0,47665.0,21176.0,3.2357773780822754,,,,,,,,,,,,,,,,,,,,,,,,22910.0,2151.0,0.0,960.0,-536346111.0,331.0,-26.0,-73.0,-22.0,-23.0,-12.0
629,21330.0,51171.0,50905.0,56376.0,47770.0,21186.0,3.2357773780822754,,,,,,,,,,,,,,,,,,,,,,,,22920.0,2159.0,0.0,959.0,-536346111.0,337.0,-25.0,-71.0,-22.0,-23.0,-10.0
630,21340.0,51206.0,50778.0,56363.0,47934.0,21196.0,3.2357773780822754,,,,,,,,,,,,,,,,,,,,,,,,22960.0,2170.0,-1.0,956.0,-535821823.0,334.0,-26.0,-69.0,4.0,-20.0,-10.0
631,21360.0,52008.0,51375.0,55540.0,47011.0,21206.0,3.2357773780822754,,,,,,,,,,,,,,,,,,,,,,,,22970.0,2174.0,-1.0,955.0,-535821823.0,334.0,-26.0,-73.0,-4.0,-8.0,0.0
632,21370.0,51662.0,50662.0,55685.0,47723.0,21216.0,3.2357773780822754,,,,,,,,,,,,,,,,,,,,,,,,22980.0,2167.0,2.0,954.0,-535297535.0,321.0,-20.0,-73.0,-17.0,-3.0,0.0
633,21380.0,51661.0,51214.0,55532.0,46811.0,21236.0,3.2357773780822754,,,,,,,,,,,,,,,,,,,,,,,,22990.0,2169.0,2.0,953.0,-535297535.0,320.0,-19.0,-72.0,-25.0,-3.0,-5.0
634,21390.0,51438.0,52001.0,56173.0,46546.0,21246.0,3.230498790740967,,,,,,,,,,,,,,,,,,,,,,,,23030.0,2193.0,-5.0,950.0,-535821822.0,333.0,-28.0,-74.0,-3.0,15.0,1.0
635,21400.0,51718.0,50928.0,55911.0,47862.0,21256.0,3.230498790740967,,,,,,,,,,,,,,,,,,,,,,,,23040.0,2197.0,0.0,950.0,-535821822.0,334.0,-20.0,-75.0,-7.0,13.0,0.0
636,21420.0,51271.0,50727.0,56347.0,48232.0,21266.0,3.230498790740967,,,,,,,,,,,,,,,,,,,,,,,,23050.0,2197.0,-2.0,949.0,-535821822.0,331.0,-22.0,-76.0,2.0,10.0,4.0
637,21430.0,51349.0,50568.0,56164.0,48215.0,21296.0,3.230498790740967,,,,,,,,,,,,,,,,,,,,,,,,23090.0,2208.0,-6.0,946.0,-535821823.0,328.0,-25.0,-75.0,-10.0,0.0,3.0
638,21440.0,52322.0,51200.0,55433.0,47338.0,21306.0,3.230498790740967,,,,,,,,,,,,,,,,,,,,,,,,23100.0,2216.0,-5.0,947.0,-535821823.0,334.0,-24.0,-72.0,-15.0,4.0,0.0
639,21450.0,52193.0,50491.0,55482.0,48069.0,21316.0,3.230498790740967,,,,,,,,,,,,,,,,,,,,,,,,23110.0,2224.0,0.0,946.0,-535821823.0,340.0,-16.0,-75.0,-15.0,1.0,2.0
640,21480.0,51688.0,50789.0,55749.0,47619.0,21326.0,3.230498790740967,,,,,,,,,,,,,,,,,,,,,,,,23150.0,2233.0,-1.0,944.0,-535821823.0,335.0,-16.0,-78.0,25.0,-3.0,7.0
641,21500.0,50647.0,51748.0,56501.0,46461.0,21366.0,3.230498790740967,,,,,,,,,,,,,,,,,,,,,,,,23160.0,2237.0,-1.0,943.0,-535821823.0,335.0,-15.0,-79.0,27.0,2.0,12.0
642,21510.0,50955.0,50611.0,56233.0,47742.0,21376.0,3.230498790740967,,,,,,,,,,,,,,,,,,,,,,,,23210.0,2257.0,-13.0,940.0,-536870399.0,340.0,-28.0,-79.0,-44.0,30.0,13.0
643,21520.0,50678.0,51608.0,56334.0,46296.0,21386.0,3.2357773780822754,,,,,,,,,,,,,,,,,,,,,,,,23220.0,2261.0,-13.0,939.0,-535821823.0,340.0,-28.0,-80.0,-52.0,30.0,22.0
644,21530.0,51115.0,50413.0,56097.0,47602.0,21426.0,3.230498790740967,,,,,,,,,,,,,,,,,,,,,,,,23230.0,2262.0,-8.0,937.0,-535297535.0,337.0,-21.0,-90.0,-64.0,25.0,22.0
645,21540.0,50906.0,50162.0,56248.0,47878.0,21436.0,3.230498790740967,,,,,,,,,,,,,,,,,,,,,,,,23240.0,2265.0,-8.0,936.0,-535297535.0,337.0,-21.0,-92.0,-52.0,35.0,27.0
646,21570.0,51692.0,50784.0,55721.0,47457.0,21446.0,3.230498790740967,,,,,,,,,,,,,,,,,,,,,,,,23270.0,2270.0,-5.0,932.0,-534247935.0,330.0,-15.0,-106.0,-41.0,26.0,27.0
647,21580.0,51705.0,50782.0,55634.0,47442.0,21466.0,3.230498790740967,,,,,,,,,,,,,,,,,,,,,,,,23280.0,2286.0,-7.0,931.0,-534248959.0,345.0,-16.0,-109.0,-38.0,33.0,31.0
648,21590.0,51409.0,50635.0,55823.0,47557.0,21496.0,3.2357773780822754,,,,,,,,,,,,,,,,,,,,,,,,23290.0,2290.0,-14.0,930.0,-534247935.0,346.0,-25.0,-110.0,-28.0,19.0,26.0
649,21600.0,51240.0,51046.0,55684.0,46690.0,21506.0,3.2357773780822754,,,,,,,,,,,,,,,,,,,,,,,,23330.0,2302.0,-8.0,925.0,-534247936.0,343.0,-14.0,-115.0,11.0,65.0,21.0
650,21610.0,51409.0,50777.0,55500.0,46997.0,21516.0,3.2357773780822754,,,,,,,,,,,,,,,,,,,,,,,,23340.0,2303.0,-19.0,924.0,-534247936.0,340.0,-28.0,-115.0,32.0,40.0,14.0
651,21640.0,50915.0,50168.0,55683.0,47529.0,21526.0,3.2357773780822754,,,,,,,,,,,,,,,,,,,,,,,,23350.0,2301.0,-16.0,923.0,-534247424.0,333.0,-22.0,-115.0,24.0,57.0,7.0
652,21650.0,51050.0,50742.0,55581.0,46681.0,21556.0,3.2357773780822754,,,,,,,,,,,,,,,,,,,,,,,,23400.0,2329.0,-13.0,918.0,-534247424.0,344.0,-15.0,-112.0,-43.0,6.0,2.0
653,21660.0,51475.0,50412.0,55174.0,47048.0,21566.0,3.2357773780822754,,,,,,,,,,,,,,,,,,,,,,,,23410.0,2324.0,-11.0,916.0,-534247424.0,333.0,-11.0,-113.0,-51.0,7.0,-3.0
654,21670.0,51336.0,50618.0,55186.0,46961.0,21576.0,3.2357773780822754,,,,,,,,,,,,,,,,,,,,,,,,23420.0,2327.0,-10.0,915.0,-534247424.0,331.0,-10.0,-112.0,-39.0,12.0,-5.0
655,21690.0,50954.0,50487.0,55280.0,46736.0,21586.0,3.2357773780822754,,,,,,,,,,,,,,,,,,,,,,,,23460.0,2349.0,-13.0,907.0,-533198848.0,341.0,-11.0,-130.0,32.0,10.0,-4.0
656,21710.0,50705.0,50622.0,55514.0,46723.0,21596.0,3.2357773780822754,,,,,,,,,,,,,,,,,,,,,,,,23470.0,2354.0,-14.0,906.0,-533198848.0,341.0,-10.0,-130.0,29.0,22.0,-18.0
657,21720.0,50597.0,50052.0,55392.0,47197.0,21626.0,3.241055965423584,,,,,,,,,,,,,,,,,,,,,,,,23480.0,2356.0,-14.0,905.0,-534247424.0,339.0,-10.0,-130.0,41.0,15.0,-21.0
658,21730.0,50715.0,50510.0,55346.0,46681.0,21646.0,3.241055965423584,,,,,,,,,,,,,,,,,,,,,,,,23520.0,2365.0,-16.0,901.0,-534246912.0,332.0,-9.0,-131.0,52.0,-42.0,-20.0
659,21740.0,50762.0,50061.0,55131.0,47038.0,21656.0,3.241055965423584,,,,,,,,,,,,,,,,,,,,,,,,23530.0,2366.0,-8.0,898.0,-534246912.0,328.0,0.0,-139.0,65.0,-54.0,-24.0
660,21850.0,50606.0,49959.0,54579.0,46931.0,21666.0,3.241055965423584,,,,,,,,,,,,,,,,,,,,,,,,23540.0,2373.0,-9.0,897.0,-534246912.0,332.0,0.0,-141.0,83.0,-38.0,-25.0
661,21860.0,50844.0,50787.0,54916.0,46923.0,21706.0,3.241055965423584,,,,,,,,,,,,,,,,,,,,,,,,23580.0,2390.0,-15.0,893.0,-535295487.0,335.0,-6.0,-140.0,-17.0,49.0,-30.0
662,21870.0,51257.0,50252.0,54642.0,47467.0,21716.0,3.2463345527648926,,,,,,,,,,,,,,,,,,,,,,,,23590.0,2392.0,-13.0,891.0,-535295487.0,333.0,-4.0,-140.0,-23.0,61.0,-24.0
663,21880.0,51239.0,49928.0,54782.0,47723.0,21726.0,3.241055965423584,,,,,,,,,,,,,,,,,,,,,,,,23600.0,2396.0,-13.0,890.0,-535295487.0,333.0,-3.0,-141.0,5.0,75.0,-24.0
664,21930.0,51512.0,51365.0,55172.0,47568.0,21736.0,3.2463345527648926,,,,,,,,,,,,,,,,,,,,,,,,23640.0,2409.0,-6.0,884.0,-535294463.0,330.0,6.0,-145.0,50.0,21.0,-13.0
665,21960.0,51341.0,51624.0,55482.0,47532.0,21756.0,3.2463345527648926,,,,,,,,,,,,,,,,,,,,,,,,23650.0,2413.0,-1.0,883.0,-535294463.0,330.0,13.0,-144.0,70.0,31.0,-16.0
666,21970.0,51677.0,51414.0,55189.0,47868.0,21856.0,3.251613140106201,,,,,,,,,,,,,,,,,,,,,,,,23660.0,2417.0,-5.0,882.0,-536343039.0,330.0,7.0,-141.0,78.0,13.0,-18.0
667,21980.0,51718.0,51270.0,55289.0,48166.0,21866.0,3.251613140106201,,,,,,,,,,,,,,,,,,,,,,,,23700.0,2426.0,-2.0,877.0,-1073213950.0,321.0,11.0,-139.0,45.0,-31.0,-17.0
668,21990.0,51394.0,51346.0,55301.0,47617.0,21876.0,3.251613140106201,,,,,,,,,,,,,,,,,,,,,,,,23710.0,2429.0,-1.0,875.0,-1072165374.0,321.0,11.0,-141.0,52.0,-45.0,-13.0
669,22010.0,51570.0,51472.0,55214.0,47475.0,21906.0,3.2357773780822754,,,,,,,,,,,,,,,,,,,,,,,,23720.0,2434.0,-4.0,874.0,-1072165374.0,322.0,8.0,-145.0,59.0,-57.0,1.0
670,22030.0,52326.0,51366.0,54772.0,48049.0,21916.0,3.2357773780822754,,,,,,,,,,,,,,,,,,,,,,,,23770.0,2448.0,0.0,867.0,-1071117822.0,315.0,12.0,-150.0,-9.0,-35.0,-9.0
671,22040.0,52130.0,51775.0,54868.0,47434.0,21946.0,3.230498790740967,,,,,,,,,,,,,,,,,,,,,,,,23780.0,2456.0,-4.0,866.0,-1071117822.0,321.0,4.0,-152.0,-20.0,-33.0,-5.0
672,22050.0,52603.0,52152.0,54612.0,47175.0,21966.0,3.230498790740967,,,,,,,,,,,,,,,,,,,,,,,,23790.0,2459.0,-4.0,861.0,-1071118846.0,320.0,4.0,-170.0,-39.0,-28.0,14.0
673,22060.0,52021.0,52047.0,55026.0,47362.0,21976.0,3.225220203399658,,,,,,,,,,,,,,,,,,,,,,,,23830.0,2454.0,5.0,853.0,-1072166398.0,297.0,16.0,-178.0,-30.0,17.0,30.0
674,22080.0,50850.0,52923.0,56119.0,46369.0,21986.0,3.225220203399658,,,,,,,,,,,,,,,,,,,,,,,,23840.0,2451.0,0.0,852.0,-1072166398.0,288.0,9.0,-179.0,-44.0,-9.0,29.0
675,22090.0,51207.0,51873.0,55919.0,47577.0,22026.0,3.230498790740967,,,,,,,,,,,,,,,,,,,,,,,,23850.0,2466.0,0.0,850.0,-1072166398.0,303.0,7.0,-181.0,-32.0,-36.0,20.0
676,22100.0,51675.0,52274.0,55545.0,46878.0,22036.0,3.230498790740967,,,,,,,,,,,,,,,,,,,,,,,,23860.0,2468.0,0.0,848.0,-1072166399.0,302.0,7.0,-183.0,-34.0,-53.0,19.0
677,22110.0,51717.0,51527.0,55472.0,47604.0,22046.0,3.225220203399658,,,,,,,,,,,,,,,,,,,,,,,,23890.0,2483.0,0.0,843.0,-1073215999.0,307.0,6.0,-182.0,7.0,-75.0,19.0
678,22120.0,51941.0,51244.0,55348.0,48066.0,22056.0,3.225220203399658,,,,,,,,,,,,,,,,,,,,,,,,23900.0,2486.0,0.0,841.0,-1073215999.0,307.0,6.0,-182.0,16.0,-74.0,14.0
679,22270.0,51298.0,50713.0,55506.0,47927.0,22066.0,3.225220203399658,,,,,,,,,,,,,,,,,,,,,,,,23910.0,2467.0,-15.0,839.0,-1072167423.0,278.0,-13.0,-181.0,46.0,-56.0,17.0
680,22290.0,51398.0,51417.0,55579.0,47275.0,22096.0,3.225220203399658,,,,,,,,,,,,,,,,,,,,,,,,23960.0,2486.0,-15.0,830.0,-1072691711.0,284.0,-14.0,-184.0,-112.0,-145.0,-3.0
681,22300.0,51422.0,50834.0,55500.0,48011.0,22106.0,3.225220203399658,,,,,,,,,,,,,,,,,,,,,,,,23970.0,2488.0,-15.0,828.0,-1073740287.0,284.0,-14.0,-185.0,-116.0,-175.0,8.0
682,22360.0,51907.0,50778.0,54921.0,47546.0,22116.0,3.225220203399658,,,,,,,,,,,,,,,,,,,,,,,,23980.0,2491.0,-14.0,826.0,-536868351.0,284.0,-13.0,-186.0,-112.0,-160.0,9.0
683,22390.0,51042.0,50749.0,55189.0,46964.0,22146.0,3.225220203399658,,,,,,,,,,,,,,,,,,,,,,,,24020.0,2502.0,-14.0,820.0,-534769151.0,286.0,-12.0,-181.0,-48.0,-38.0,9.0
684,22400.0,51212.0,50892.0,54901.0,46653.0,22276.0,3.230498790740967,,,,,,,,,,,,,,,,,,,,,,,,24030.0,2505.0,-14.0,818.0,-534769151.0,287.0,-11.0,-180.0,-27.0,-7.0,7.0
685,22410.0,50754.0,50721.0,55282.0,46702.0,22286.0,3.230498790740967,,,,,,,,,,,,,,,,,,,,,,,,24040.0,2502.0,-13.0,816.0,-534769151.0,281.0,-9.0,-180.0,-30.0,6.0,7.0
686,22420.0,51845.0,50143.0,54734.0,47640.0,22296.0,3.230498790740967,,,,,,,,,,,,,,,,,,,,,,,,24080.0,2516.0,-16.0,810.0,-534769151.0,288.0,-10.0,-172.0,11.0,-44.0,-6.0
687,22430.0,51517.0,50831.0,54812.0,46749.0,22306.0,3.230498790740967,,,,,,,,,,,,,,,,,,,,,,,,24090.0,2518.0,-17.0,807.0,-534769151.0,288.0,-10.0,-179.0,5.0,-51.0,2.0
688,22450.0,51639.0,51013.0,54847.0,46943.0,22316.0,3.230498790740967,,,,,,,,,,,,,,,,,,,,,,,,24110.0,2525.0,-12.0,803.0,-534769151.0,292.0,-2.0,-178.0,-52.0,-56.0,3.0
689,22460.0,51155.0,50997.0,55277.0,46821.0,22346.0,3.230498790740967,,,,,,,,,,,,,,,,,,,,,,,,24160.0,2538.0,-15.0,795.0,-533720576.0,294.0,-3.0,-181.0,-24.0,8.0,13.0
690,22470.0,51337.0,51349.0,55093.0,46589.0,22376.0,3.230498790740967,,,,,,,,,,,,,,,,,,,,,,,,24170.0,2543.0,-17.0,793.0,-533719552.0,300.0,-5.0,-181.0,0.0,36.0,13.0
691,22510.0,51400.0,51467.0,55188.0,46553.0,22396.0,3.2357773780822754,,,,,,,,,,,,,,,,,,,,,,,,24180.0,2544.0,-11.0,793.0,-533720576.0,297.0,4.0,-170.0,23.0,50.0,10.0
692,22520.0,51425.0,51031.0,55178.0,47054.0,22406.0,3.2357773780822754,,,,,,,,,,,,,,,,,,,,,,,,24220.0,2562.0,-15.0,786.0,-533720576.0,310.0,1.0,-177.0,59.0,48.0,-5.0
693,22530.0,51724.0,51270.0,55046.0,46944.0,22416.0,3.2357773780822754,,,,,,,,,,,,,,,,,,,,,,,,24230.0,2556.0,-17.0,784.0,-534770176.0,299.0,0.0,-180.0,54.0,36.0,-8.0
694,22540.0,51570.0,50866.0,55164.0,47375.0,22446.0,3.2357773780822754,,,,,,,,,,,,,,,,,,,,,,,,24240.0,2563.0,-12.0,782.0,-534770176.0,305.0,6.0,-182.0,56.0,35.0,-5.0
695,22550.0,51395.0,50984.0,55170.0,47193.0,22456.0,3.2357773780822754,,,,,,,,,,,,,,,,,,,,,,,,24270.0,2575.0,-17.0,776.0,-534770176.0,311.0,1.0,-192.0,12.0,-22.0,0.0
696,22581.0,51619.0,50837.0,55122.0,47355.0,22466.0,3.2357773780822754,,,,,,,,,,,,,,,,,,,,,,,,24280.0,2579.0,-15.0,774.0,-534770176.0,313.0,4.0,-195.0,8.0,-16.0,-17.0
697,22590.0,51689.0,50579.0,55070.0,47637.0,22476.0,3.2357773780822754,,,,,,,,,,,,,,,,,,,,,,,,24290.0,2581.0,-15.0,772.0,-534770176.0,313.0,4.0,-198.0,-2.0,11.0,-14.0
698,22600.0,50880.0,51153.0,55215.0,46263.0,22486.0,3.2357773780822754,,,,,,,,,,,,,,,,,,,,,,,,24350.0,2597.0,-10.0,757.0,-534771199.0,313.0,14.0,-226.0,21.0,97.0,8.0
699,22630.0,50678.0,50693.0,55244.0,46764.0,22506.0,3.2357773780822754,,,,,,,,,,,,,,,,,,,,,,,,24360.0,2600.0,-10.0,754.0,-534771199.0,313.0,14.0,-228.0,36.0,70.0,6.0
700,22640.0,51000.0,50767.0,55005.0,46792.0,22516.0,3.2357773780822754,,,,,,,,,,,,,,,,,,,,,,,,24370.0,2603.0,-9.0,752.0,-534772223.0,314.0,16.0,-228.0,43.0,73.0,14.0
701,22650.0,51190.0,50328.0,55020.0,47392.0,22526.0,3.230498790740967,,,,,,,,,,,,,,,,,,,,,,,,24410.0,2614.0,-9.0,745.0,-535821824.0,313.0,16.0,-219.0,21.0,83.0,9.0
702,22660.0,51402.0,50310.0,54825.0,47462.0,22536.0,3.230498790740967,,,,,,,,,,,,,,,,,,,,,,,,24420.0,2618.0,-9.0,743.0,-535821824.0,315.0,16.0,-219.0,10.0,70.0,-1.0
703,22670.0,51661.0,50141.0,54561.0,47672.0,22546.0,3.230498790740967,,,,,,,,,,,,,,,,,,,,,,,,24430.0,2621.0,-9.0,741.0,-535297536.0,315.0,16.0,-220.0,-3.0,60.0,-1.0
704,22690.0,51704.0,50214.0,54482.0,47803.0,22566.0,3.230498790740967,,,,,,,,,,,,,,,,,,,,,,,,24480.0,2637.0,-9.0,729.0,-535296512.0,314.0,17.0,-223.0,48.0,2.0,-17.0
705,22700.0,51586.0,50701.0,54686.0,47283.0,22576.0,3.230498790740967,,,,,,,,,,,,,,,,,,,,,,,,24490.0,2639.0,-9.0,727.0,-535296511.0,312.0,16.0,-224.0,54.0,-15.0,-22.0
706,22710.0,51276.0,50427.0,55040.0,47637.0,22586.0,3.230498790740967,,,,,,,,,,,,,,,,,,,,,,,,24500.0,2644.0,-10.0,725.0,-536345087.0,315.0,15.0,-227.0,61.0,-1.0,-24.0
707,22720.0,51337.0,50683.0,55008.0,47575.0,22596.0,3.230498790740967,,,,,,,,,,,,,,,,,,,,,,,,24540.0,2653.0,-3.0,716.0,-1073215999.0,308.0,24.0,-226.0,45.0,72.0,-28.0
708,22730.0,50952.0,50977.0,55326.0,47258.0,22606.0,3.230498790740967,,,,,,,,,,,,,,,,,,,,,,,,24550.0,2657.0,-5.0,714.0,-1073214975.0,310.0,21.0,-226.0,52.0,61.0,-23.0
709,22760.0,51465.0,50769.0,54864.0,47430.0,22616.0,3.2357773780822754,,,,,,,,,,,,,,,,,,,,,,,,24560.0,2663.0,-5.0,712.0,-1072166399.0,314.0,20.0,-222.0,47.0,60.0,-16.0
710,22770.0,51259.0,51447.0,55187.0,46776.0,22646.0,3.2357773780822754,,,,,,,,,,,,,,,,,,,,,,,,24620.0,2685.0,-3.0,699.0,-1071117822.0,315.0,19.0,-228.0,35.0,-84.0,-37.0
711,22780.0,50769.0,51869.0,55508.0,46281.0,22656.0,3.2357773780822754,,,,,,,,,,,,,,,,,,,,,,,,24630.0,2686.0,-5.0,696.0,-1071118846.0,311.0,16.0,-231.0,25.0,-84.0,-23.0
712,22790.0,51376.0,51254.0,55071.0,46968.0,22666.0,3.2357773780822754,,,,,,,,,,,,,,,,,,,,,,,,24640.0,2690.0,-4.0,694.0,-1071118846.0,312.0,17.0,-233.0,30.0,-67.0,-27.0
713,22800.0,51206.0,51272.0,55190.0,47052.0,22676.0,3.2357773780822754,,,,,,,,,,,,,,,,,,,,,,,,24680.0,2699.0,-3.0,685.0,-1070071294.0,306.0,15.0,-241.0,21.0,-26.0,-21.0
714,22820.0,51233.0,50365.0,54848.0,47910.0,22696.0,3.2357773780822754,,,,,,,,,,,,,,,,,,,,,,,,24690.0,2702.0,0.0,681.0,-1070071294.0,306.0,19.0,-250.0,14.0,-22.0,-21.0
715,22830.0,51382.0,50552.0,54663.0,47486.0,22706.0,3.230498790740967,,,,,,,,,,,,,,,,,,,,,,,,24751.0,2727.0,2.0,665.0,-1071118845.0,310.0,17.0,-251.0,-71.0,72.0,5.0
716,22840.0,51039.0,50432.0,54998.0,47508.0,22716.0,3.230498790740967,,,,,,,,,,,,,,,,,,,,,,,,24760.0,2727.0,2.0,665.0,-1071118845.0,310.0,17.0,-251.0,-74.0,69.0,1.0
717,22850.0,51853.0,50521.0,54475.0,47768.0,22726.0,3.230498790740967,,,,,,,,,,,,,,,,,,,,,,,,24770.0,2730.0,3.0,662.0,-1071118845.0,309.0,17.0,-252.0,-51.0,50.0,11.0
718,22860.0,51391.0,50864.0,54689.0,47144.0,22756.0,3.230498790740967,,,,,,,,,,,,,,,,,,,,,,,,24810.0,2745.0,4.0,650.0,-1072166397.0,312.0,17.0,-260.0,-23.0,5.0,0.0
719,22900.0,51095.0,50619.0,54871.0,47477.0,22766.0,3.230498790740967,,,,,,,,,,,,,,,,,,,,,,,,24820.0,2748.0,8.0,646.0,-1072166397.0,312.0,22.0,-268.0,-26.0,0.0,3.0
720,22910.0,51162.0,50692.0,54757.0,47256.0,22776.0,3.230498790740967,,,,,,,,,,,,,,,,,,,,,,,,24830.0,2754.0,8.0,643.0,-1072167421.0,316.0,22.0,-268.0,-36.0,1.0,12.0
721,22920.0,51052.0,50736.0,54875.0,47197.0,22786.0,3.230498790740967,,,,,,,,,,,,,,,,,,,,,,,,24890.0,2773.0,6.0,626.0,-1073214973.0,313.0,16.0,-279.0,31.0,83.0,0.0
722,22930.0,51401.0,50940.0,54572.0,46847.0,22816.0,3.230498790740967,,,,,,,,,,,,,,,,,,,,,,,,24900.0,2778.0,2.0,623.0,-1073214973.0,316.0,10.0,-279.0,49.0,53.0,7.0
723,22960.0,51181.0,50958.0,54683.0,46830.0,22826.0,3.230498790740967,,,,,,,,,,,,,,,,,,,,,,,,24910.0,2783.0,3.0,622.0,-1073213949.0,318.0,12.0,-268.0,62.0,56.0,21.0
724,22970.0,51096.0,50676.0,54694.0,46926.0,22836.0,3.230498790740967,,,,,,,,,,,,,,,,,,,,,,,,24940.0,2790.0,7.0,614.0,-1072165374.0,311.0,16.0,-265.0,23.0,-54.0,33.0
725,22980.0,50667.0,50794.0,55176.0,46891.0,22846.0,3.230498790740967,,,,,,,,,,,,,,,,,,,,,,,,24950.0,2793.0,7.0,611.0,-1072165374.0,311.0,15.0,-266.0,11.0,-86.0,37.0
726,22990.0,50523.0,51124.0,55244.0,46619.0,22876.0,3.230498790740967,,,,,,,,,,,,,,,,,,,,,,,,24960.0,2796.0,7.0,609.0,-1072165374.0,310.0,15.0,-266.0,-3.0,-57.0,29.0
727,23020.0,50893.0,50578.0,54977.0,47366.0,22896.0,3.2357773780822754,,,,,,,,,,,,,,,,,,,,,,,,25020.0,2815.0,13.0,590.0,-536345087.0,307.0,22.0,-275.0,-43.0,-32.0,51.0
728,23030.0,51021.0,51104.0,54912.0,46614.0,22906.0,3.2357773780822754,,,,,,,,,,,,,,,,,,,,,,,,25030.0,2818.0,12.0,588.0,-536345087.0,307.0,20.0,-274.0,-15.0,-31.0,49.0
729,23040.0,50873.0,50693.0,54948.0,46940.0,22916.0,3.2357773780822754,,,,,,,,,,,,,,,,,,,,,,,,25040.0,2824.0,12.0,585.0,-535296511.0,311.0,20.0,-274.0,0.0,-13.0,59.0
730,23050.0,51025.0,50896.0,54880.0,46691.0,22926.0,3.2357773780822754,,,,,,,,,,,,,,,,,,,,,,,,25100.0,2845.0,17.0,569.0,-1073741824.0,314.0,26.0,-273.0,44.0,3.0,36.0
731,23060.0,50928.0,50441.0,55099.0,47125.0,22946.0,3.2357773780822754,,,,,,,,,,,,,,,,,,,,,,,,25110.0,2846.0,16.0,566.0,-1072168960.0,311.0,25.0,-274.0,62.0,13.0,31.0
732,23090.0,50969.0,50528.0,54902.0,47105.0,22966.0,3.2357773780822754,,,,,,,,,,,,,,,,,,,,,,,,25120.0,2850.0,16.0,562.0,-1072168960.0,313.0,24.0,-282.0,26.0,-13.0,26.0
733,23100.0,50747.0,50575.0,55024.0,46944.0,22976.0,3.2357773780822754,,,,,,,,,,,,,,,,,,,,,,,,25150.0,2857.0,21.0,553.0,-1072168959.0,308.0,31.0,-280.0,9.0,-2.0,10.0
734,23110.0,50788.0,50466.0,54909.0,46925.0,22986.0,3.2357773780822754,,,,,,,,,,,,,,,,,,,,,,,,25160.0,2859.0,21.0,550.0,-1072168959.0,308.0,30.0,-283.0,-15.0,-50.0,12.0
735,23140.0,50778.0,50788.0,55174.0,46624.0,23006.0,3.2357773780822754,,,,,,,,,,,,,,,,,,,,,,,,25170.0,2865.0,17.0,550.0,-1072168959.0,312.0,21.0,-275.0,-6.0,-29.0,8.0
736,23150.0,51109.0,50866.0,54746.0,46450.0,23026.0,3.2357773780822754,,,,,,,,,,,,,,,,,,,,,,,,25220.0,2879.0,18.0,535.0,-1072693247.0,309.0,20.0,-277.0,44.0,20.0,-12.0
737,23160.0,50992.0,50578.0,54882.0,46727.0,23036.0,3.2357773780822754,,,,,,,,,,,,,,,,,,,,,,,,25230.0,2882.0,18.0,532.0,-1072693247.0,308.0,19.0,-278.0,79.0,40.0,-13.0
738,23170.0,51103.0,50715.0,54848.0,46580.0,23046.0,3.2357773780822754,,,,,,,,,,,,,,,,,,,,,,,,25240.0,2888.0,19.0,529.0,-1071644672.0,314.0,20.0,-279.0,113.0,40.0,-16.0
739,23210.0,51269.0,51357.0,54602.0,45606.0,23056.0,3.2357773780822754,,,,,,,,,,,,,,,,,,,,,,,,25270.0,2899.0,19.0,521.0,-1070071808.0,316.0,17.0,-281.0,47.0,8.0,-22.0
740,23220.0,50714.0,50185.0,55134.0,46870.0,23076.0,3.2357773780822754,,,,,,,,,,,,,,,,,,,,,,,,25280.0,2902.0,19.0,518.0,-1070071808.0,316.0,17.0,-283.0,40.0,34.0,-30.0
741,23230.0,50891.0,49839.0,55051.0,47790.0,23086.0,3.2357773780822754,,,,,,,,,,,,,,,,,,,,,,,,25290.0,2903.0,18.0,514.0,-1070071808.0,313.0,15.0,-293.0,-10.0,5.0,-32.0
742,23240.0,51078.0,50098.0,55126.0,47246.0,23096.0,3.2357773780822754,,,,,,,,,,,,,,,,,,,,,,,,25350.0,2924.0,21.0,497.0,-1070071295.0,316.0,13.0,-294.0,-6.0,37.0,-50.0
743,23270.0,51221.0,50534.0,55469.0,47237.0,23106.0,3.2357773780822754,,,,,,,,,,,,,,,,,,,,,,,,25360.0,2926.0,21.0,494.0,-1070070271.0,314.0,12.0,-294.0,6.0,100.0,-69.0
744,23280.0,52249.0,49698.0,54754.0,48227.0,23116.0,3.2357773780822754,,,,,,,,,,,,,,,,,,,,,,,,25370.0,2929.0,21.0,491.0,-1070070271.0,314.0,11.0,-295.0,10.0,86.0,-65.0
745,23290.0,52158.0,51145.0,54845.0,46691.0,23126.0,3.2357773780822754,,,,,,,,,,,,,,,,,,,,,,,,25410.0,2943.0,23.0,480.0,-1070069246.0,315.0,11.0,-290.0,43.0,-4.0,-90.0
746,23300.0,51186.0,49936.0,55873.0,48190.0,23136.0,3.2357773780822754,,,,,,,,,,,,,,,,,,,,,,,,25420.0,2946.0,23.0,476.0,-1070069245.0,313.0,9.0,-294.0,54.0,-62.0,-90.0
747,23320.0,50873.0,51170.0,56136.0,47060.0,23146.0,3.2357773780822754,,,,,,,,,,,,,,,,,,,,,,,,25430.0,2948.0,25.0,474.0,-1070069245.0,312.0,13.0,-295.0,57.0,-99.0,-94.0
748,23330.0,50977.0,51285.0,55985.0,46692.0,23156.0,3.2357773780822754,,,,,,,,,,,,,,,,,,,,,,,,25470.0,2963.0,25.0,462.0,-1069547004.0,315.0,9.0,-297.0,-17.0,-123.0,-109.0
749,23340.0,52673.0,52305.0,54721.0,45720.0,23166.0,3.2357773780822754,,,,,,,,,,,,,,,,,,,,,,,,25480.0,2967.0,26.0,459.0,-1070594555.0,317.0,9.0,-300.0,-47.0,-119.0,-106.0
750,23350.0,50848.0,51386.0,56172.0,46878.0,23176.0,3.2357773780822754,,,,,,,,,,,,,,,,,,,,,,,,25490.0,2969.0,26.0,456.0,-1070594555.0,314.0,8.0,-303.0,-43.0,-70.0,-103.0
751,23360.0,52619.0,51114.0,55054.0,47686.0,23186.0,3.2357773780822754,,,,,,,,,,,,,,,,,,,,,,,,25540.0,2985.0,27.0,442.0,-1071642105.0,316.0,6.0,-295.0,-1.0,-16.0,-105.0
752,23370.0,51278.0,49174.0,56148.0,49743.0,23206.0,3.2357773780822754,,,,,,,,,,,,,,,,,,,,,,,,25550.0,2987.0,26.0,439.0,-1070593529.0,314.0,2.0,-297.0,22.0,10.0,-96.0
753,23390.0,51970.0,50650.0,55542.0,47985.0,23216.0,3.2357773780822754,,,,,,,,,,,,,,,,,,,,,,,,25560.0,2991.0,26.0,436.0,-1070593528.0,317.0,1.0,-299.0,52.0,3.0,-104.0
754,23400.0,51087.0,50602.0,55778.0,47512.0,23226.0,3.2357773780822754,,,,,,,,,,,,,,,,,,,,,,,,25610.0,3007.0,26.0,420.0,-1070593526.0,319.0,-1.0,-308.0,15.0,22.0,-105.0
755,23410.0,50084.0,51142.0,56517.0,47010.0,23236.0,3.241055965423584,,,,,,,,,,,,,,,,,,,,,,,,25620.0,3011.0,26.0,417.0,-1069544950.0,322.0,-2.0,-307.0,14.0,-4.0,-106.0
756,23420.0,50663.0,50773.0,56070.0,47437.0,23256.0,3.241055965423584,,,,,,,,,,,,,,,,,,,,,,,,25630.0,3014.0,26.0,414.0,-1069544950.0,322.0,-3.0,-306.0,-26.0,-16.0,-99.0
757,23440.0,51449.0,50162.0,55256.0,47878.0,23276.0,3.2357773780822754,,,,,,,,,,,,,,,,,,,,,,,,25670.0,3028.0,29.0,403.0,-1070593524.0,326.0,-1.0,-294.0,-18.0,-33.0,-99.0
758,23460.0,51815.0,50700.0,54830.0,47168.0,23286.0,3.2357773780822754,,,,,,,,,,,,,,,,,,,,,,,,25680.0,3030.0,29.0,400.0,-1070593524.0,324.0,-2.0,-296.0,-2.0,-13.0,-94.0
759,23470.0,51139.0,50584.0,55441.0,47621.0,23296.0,3.230498790740967,,,,,,,,,,,,,,,,,,,,,,,,25690.0,3035.0,29.0,397.0,-1070593524.0,329.0,-3.0,-293.0,26.0,7.0,-90.0
760,23480.0,51269.0,51256.0,55482.0,47080.0,23306.0,3.230498790740967,,,,,,,,,,,,,,,,,,,,,,,,25700.0,3038.0,28.0,394.0,-1070593523.0,328.0,-4.0,-290.0,70.0,39.0,-85.0
761,23490.0,50808.0,50961.0,55582.0,46904.0,23326.0,3.230498790740967,,,,,,,,,,,,,,,,,,,,,,,,25710.0,3042.0,28.0,391.0,-1070593523.0,330.0,-6.0,-288.0,152.0,219.0,-108.0
762,23520.0,52566.0,51259.0,53618.0,46172.0,23336.0,3.225220203399658,,,,,,,,,,,,,,,,,,,,,,,,25720.0,3043.0,27.0,388.0,-1070593523.0,325.0,-8.0,-288.0,244.0,511.0,-115.0
763,23530.0,50536.0,50183.0,55558.0,47793.0,23346.0,3.225220203399658,,,,,,,,,,,,,,,,,,,,,,,,25730.0,3043.0,27.0,384.0,-1069546994.0,318.0,-9.0,-294.0,334.0,835.0,-114.0
764,23540.0,51939.0,50741.0,54467.0,47302.0,23356.0,3.225220203399658,,,,,,,,,,,,,,,,,,,,,,,,25740.0,3051.0,28.0,381.0,-1067972082.0,330.0,-7.0,-297.0,384.0,1158.0,-101.0
765,23550.0,52035.0,51292.0,54260.0,46640.0,23386.0,3.225220203399658,,,,,,,,,,,,,,,,,,,,,,,,25750.0,3052.0,27.0,378.0,-1066919409.0,324.0,-11.0,-301.0,417.0,1400.0,-85.0
766,23570.0,50260.0,50347.0,55802.0,47853.0,23396.0,3.225220203399658,,,,,,,,,,,,,,,,,,,,,,,,25760.0,3051.0,27.0,375.0,-1064817137.0,314.0,-12.0,-307.0,426.0,1605.0,-51.0
767,23580.0,51379.0,51199.0,54500.0,46460.0,23406.0,3.225220203399658,,,,,,,,,,,,,,,,,,,,,,,,25770.0,3053.0,27.0,371.0,-1063763441.0,308.0,-14.0,-319.0,388.0,1689.0,-39.0
768,23590.0,50068.0,50644.0,55583.0,47050.0,23416.0,3.225220203399658,,,,,,,,,,,,,,,,,,,,,,,,25780.0,3051.0,25.0,368.0,-1061659121.0,293.0,-20.0,-327.0,281.0,1628.0,-16.0
769,23600.0,50440.0,51251.0,55314.0,46393.0,23426.0,3.230498790740967,,,,,,,,,,,,,,,,,,,,,,,,25790.0,3061.0,26.0,365.0,-1060605424.0,303.0,-19.0,-336.0,216.0,1492.0,-12.0
770,23630.0,50253.0,51062.0,55494.0,46710.0,23456.0,3.2357773780822754,,,,,,,,,,,,,,,,,,,,,,,,25800.0,3061.0,26.0,361.0,-1060599280.0,290.0,-22.0,-347.0,92.0,1283.0,2.0
771,23640.0,51836.0,51300.0,54173.0,46214.0,23466.0,3.230498790740967,,,,,,,,,,,,,,,,,,,,,,,,25810.0,3059.0,26.0,358.0,-1059545584.0,271.0,-25.0,-357.0,3.0,1002.0,21.0
772,23650.0,50181.0,50736.0,55502.0,46909.0,23476.0,3.225220203399658,,,,,,,,,,,,,,,,,,,,,,,,25820.0,3062.0,27.0,353.0,-1059541488.0,262.0,-24.0,-373.0,-114.0,690.0,16.0
773,23660.0,51343.0,51221.0,54594.0,46415.0,23486.0,3.230498790740967,,,,,,,,,,,,,,,,,,,,,,,,25830.0,3069.0,26.0,349.0,-1059538416.0,261.0,-28.0,-385.0,-187.0,378.0,15.0
774,23680.0,50777.0,51202.0,54893.0,46381.0,23506.0,3.230498790740967,,,,,,,,,,,,,,,,,,,,,,,,25840.0,3071.0,27.0,345.0,-1060584944.0,249.0,-30.0,-396.0,-244.0,119.0,24.0
775,23700.0,50808.0,50811.0,54635.0,46438.0,23516.0,3.230498790740967,,,,,,,,,,,,,,,,,,,,,,,,25850.0,3072.0,26.0,341.0,-1061632496.0,235.0,-34.0,-408.0,-250.0,-53.0,31.0
776,23710.0,50647.0,50781.0,54853.0,46526.0,23526.0,3.230498790740967,,,,,,,,,,,,,,,,,,,,,,,,25860.0,3075.0,25.0,338.0,-1062681072.0,223.0,-37.0,-415.0,-234.0,-127.0,29.0
777,23720.0,51558.0,51028.0,54306.0,46225.0,23536.0,3.230498790740967,,,,,,,,,,,,,,,,,,,,,,,,25870.0,3078.0,27.0,334.0,-1063730672.0,213.0,-35.0,-427.0,-207.0,-159.0,25.0
778,23730.0,51366.0,51085.0,54537.0,46253.0,23586.0,3.2357773780822754,,,,,,,,,,,,,,,,,,,,,,,,25880.0,3082.0,24.0,330.0,-1063730672.0,208.0,-41.0,-437.0,-133.0,-81.0,28.0
779,23760.0,51523.0,51167.0,54383.0,46209.0,23596.0,3.2357773780822754,,,,,,,,,,,,,,,,,,,,,,,,25890.0,3085.0,24.0,325.0,-1064780272.0,198.0,-42.0,-449.0,-100.0,2.0,21.0
780,23770.0,49625.0,50472.0,55742.0,46990.0,23606.0,3.2357773780822754,,,,,,,,,,,,,,,,,,,,,,,,25900.0,3086.0,24.0,322.0,-1065828848.0,185.0,-44.0,-455.0,-45.0,145.0,37.0
781,23780.0,52059.0,50280.0,53844.0,47240.0,23616.0,3.2357773780822754,,,,,,,,,,,,,,,,,,,,,,,,25910.0,3088.0,23.0,317.0,-1065828848.0,173.0,-46.0,-464.0,7.0,283.0,35.0
782,23790.0,51739.0,50577.0,54818.0,47417.0,23626.0,3.2357773780822754,,,,,,,,,,,,,,,,,,,,,,,,25920.0,3090.0,21.0,312.0,-1065827825.0,161.0,-51.0,-472.0,23.0,394.0,49.0
783,23800.0,51035.0,50889.0,55438.0,47173.0,23636.0,3.2357773780822754,,,,,,,,,,,,,,,,,,,,,,,,25930.0,3089.0,22.0,308.0,-1065825777.0,143.0,-50.0,-478.0,26.0,456.0,61.0
784,23810.0,48965.0,52162.0,56995.0,45612.0,23646.0,3.2357773780822754,,,,,,,,,,,,,,,,,,,,,,,,25940.0,3091.0,22.0,303.0,-1065824753.0,132.0,-51.0,-486.0,-6.0,473.0,61.0
785,23830.0,50648.0,50684.0,56104.0,47391.0,23656.0,3.230498790740967,,,,,,,,,,,,,,,,,,,,,,,,25950.0,3092.0,21.0,299.0,-1065822705.0,119.0,-52.0,-485.0,-58.0,430.0,62.0
786,23840.0,50905.0,51721.0,55949.0,46218.0,23696.0,3.2357773780822754,,,,,,,,,,,,,,,,,,,,,,,,25960.0,3089.0,25.0,294.0,-1065820657.0,94.0,-44.0,-491.0,-115.0,376.0,59.0
787,23850.0,52390.0,50025.0,54884.0,48445.0,23706.0,3.2357773780822754,,,,,,,,,,,,,,,,,,,,,,,,25970.0,3092.0,24.0,289.0,-1066868210.0,86.0,-47.0,-498.0,-198.0,262.0,78.0
788,23860.0,51407.0,50658.0,55759.0,47831.0,23716.0,3.2357773780822754,,,,,,,,,,,,,,,,,,,,,,,,25980.0,3092.0,23.0,284.0,-1066867186.0,68.0,-49.0,-501.0,-251.0,120.0,82.0
789,23890.0,52162.0,50640.0,55005.0,47559.0,23726.0,3.2357773780822754,,,,,,,,,,,,,,,,,,,,,,,,25990.0,3093.0,24.0,280.0,-1067914738.0,56.0,-48.0,-499.0,-296.0,-49.0,92.0
790,23900.0,51873.0,51115.0,55398.0,47256.0,23746.0,3.2357773780822754,,,,,,,,,,,,,,,,,,,,,,,,26000.0,3094.0,23.0,275.0,-1068963314.0,40.0,-49.0,-500.0,-325.0,-172.0,83.0
791,23910.0,51170.0,54793.0,55968.0,42218.0,23766.0,3.2357773780822754,,,,,,,,,,,,,,,,,,,,,,,,26010.0,3098.0,23.0,270.0,-1070012914.0,37.0,-48.0,-501.0,-295.0,-300.0,85.0
792,23920.0,51253.0,51873.0,55716.0,46258.0,23776.0,3.2357773780822754,,,,,,,,,,,,,,,,,,,,,,,,26020.0,3099.0,23.0,265.0,-1072111091.0,21.0,-48.0,-503.0,-219.0,-388.0,98.0
793,23930.0,50949.0,51233.0,55855.0,46801.0,23786.0,3.2357773780822754,,,,,,,,,,,,,,,,,,,,,,,,26030.0,3099.0,29.0,260.0,-1073160691.0,6.0,-34.0,-503.0,-161.0,-459.0,85.0
794,23960.0,52345.0,49609.0,54641.0,48760.0,23796.0,3.2357773780822754,,,,,,,,,,,,,,,,,,,,,,,,26040.0,3101.0,30.0,254.0,-535243251.0,-5.0,-30.0,-508.0,-66.0,-489.0,75.0
795,23970.0,52101.0,49935.0,54999.0,48296.0,23826.0,3.230498790740967,,,,,,,,,,,,,,,,,,,,,,,,26050.0,3099.0,26.0,248.0,-535244276.0,-23.0,-39.0,-505.0,25.0,-472.0,74.0
796,23980.0,51431.0,50148.0,55575.0,48065.0,23836.0,3.230498790740967,,,,,,,,,,,,,,,,,,,,,,,,26060.0,3104.0,37.0,243.0,-534197748.0,-24.0,-12.0,-500.0,108.0,-418.0,66.0
797,23990.0,51915.0,49842.0,55279.0,48389.0,23846.0,3.225220203399658,,,,,,,,,,,,,,,,,,,,,,,,26070.0,3109.0,38.0,239.0,-534200821.0,-22.0,-6.0,-492.0,192.0,-373.0,78.0
798,24020.0,51379.0,50948.0,55359.0,46772.0,23856.0,3.225220203399658,,,,,,,,,,,,,,,,,,,,,,,,26080.0,3113.0,28.0,236.0,-536300020.0,-18.0,-28.0,-472.0,236.0,-274.0,93.0
799,24030.0,51443.0,50714.0,55262.0,47010.0,23886.0,3.225220203399658,,,,,,,,,,,,,,,,,,,,,,,,26090.0,3114.0,17.0,231.0,-1072123380.0,-26.0,-54.0,-464.0,240.0,-225.0,109.0
800,24040.0,50557.0,50849.0,55964.0,46902.0,23896.0,3.2199416160583496,,,,,,,,,,,,,,,,,,,,,,,,26100.0,3113.0,16.0,227.0,-1071075829.0,-41.0,-57.0,-456.0,211.0,-160.0,112.0
801,24050.0,51007.0,50587.0,55506.0,46948.0,23906.0,3.2199416160583496,,,,,,,,,,,,,,,,,,,,,,,,26111.0,3113.0,15.0,222.0,-1070027253.0,-54.0,-57.0,-446.0,147.0,-116.0,111.0
802,24080.0,51889.0,49857.0,54270.0,47394.0,23916.0,3.2199416160583496,,,,,,,,,,,,,,,,,,,,,,,,26120.0,3114.0,14.0,216.0,-1068979702.0,-64.0,-59.0,-447.0,32.0,-98.0,119.0
803,24090.0,51522.0,50303.0,54847.0,47128.0,23946.0,3.225220203399658,,,,,,,,,,,,,,,,,,,,,,,,26130.0,3112.0,13.0,212.0,-1068979702.0,-79.0,-60.0,-438.0,-80.0,-78.0,127.0
804,24100.0,50472.0,49573.0,55624.0,47913.0,23956.0,3.225220203399658,,,,,,,,,,,,,,,,,,,,,,,,26141.0,3110.0,12.0,203.0,-1068980727.0,-107.0,-64.0,-420.0,-225.0,-88.0,131.0
805,24110.0,51211.0,49168.0,55089.0,48245.0,23966.0,3.225220203399658,,,,,,,,,,,,,,,,,,,,,,,,26150.0,3110.0,12.0,203.0,-1068980727.0,-107.0,-64.0,-420.0,-335.0,-114.0,138.0
806,24160.0,51182.0,49942.0,55014.0,47048.0,23976.0,3.225220203399658,,,,,,,,,,,,,,,,,,,,,,,,26161.0,3108.0,11.0,195.0,-1072127480.0,-129.0,-62.0,-401.0,-410.0,-170.0,165.0
807,24170.0,51412.0,50240.0,54847.0,46711.0,23986.0,3.225220203399658,,,,,,,,,,,,,,,,,,,,,,,,26170.0,3108.0,11.0,195.0,-1072127480.0,-129.0,-62.0,-402.0,-466.0,-204.0,189.0
808,24180.0,49844.0,49868.0,55875.0,46890.0,23996.0,3.225220203399658,,,,,,,,,,,,,,,,,,,,,,,,26181.0,3104.0,9.0,187.0,-534209017.0,-159.0,-65.0,-379.0,-476.0,-260.0,193.0
809,24190.0,51435.0,49438.0,54610.0,47388.0,24016.0,3.225220203399658,,,,,,,,,,,,,,,,,,,,,,,,26190.0,3104.0,9.0,187.0,-534209017.0,-159.0,-65.0,-379.0,-409.0,-303.0,201.0
810,24210.0,50923.0,50429.0,54826.0,46226.0,24026.0,3.225220203399658,,,,,,,,,,,,,,,,,,,,,,,,26200.0,3103.0,8.0,183.0,-532112889.0,-169.0,-65.0,-368.0,-306.0,-355.0,187.0
811,24220.0,51268.0,50094.0,54574.0,46675.0,24036.0,3.225220203399658,,,,,,,,,,,,,,,,,,,,,,,,26210.0,3103.0,7.0,179.0,-531065338.0,-174.0,-66.0,-360.0,-195.0,-418.0,183.0
812,24230.0,50513.0,51118.0,55215.0,45629.0,24046.0,3.225220203399658,,,,,,,,,,,,,,,,,,,,,,,,26220.0,3102.0,6.0,175.0,-530018811.0,-180.0,-64.0,-347.0,-93.0,-498.0,185.0
813,24240.0,51310.0,49375.0,54630.0,47671.0,24066.0,3.230498790740967,,,,,,,,,,,,,,,,,,,,,,,,26230.0,3100.0,6.0,171.0,-528972283.0,-192.0,-62.0,-332.0,-2.0,-553.0,189.0
814,24270.0,51664.0,49586.0,54724.0,47819.0,24086.0,3.230498790740967,,,,,,,,,,,,,,,,,,,,,,,,26240.0,3096.0,3.0,168.0,-528973308.0,-214.0,-65.0,-322.0,66.0,-584.0,185.0
815,24280.0,51500.0,49518.0,54852.0,48135.0,24096.0,3.230498790740967,,,,,,,,,,,,,,,,,,,,,,,,26250.0,3094.0,3.0,165.0,-530023932.0,-218.0,-63.0,-311.0,62.0,-588.0,185.0
816,24290.0,51215.0,50209.0,55170.0,47491.0,24106.0,3.230498790740967,,,,,,,,,,,,,,,,,,,,,,,,26260.0,3093.0,2.0,160.0,-530025981.0,-225.0,-62.0,-312.0,40.0,-613.0,185.0
817,24300.0,51104.0,50124.0,55271.0,47713.0,24116.0,3.230498790740967,,,,,,,,,,,,,,,,,,,,,,,,26270.0,3092.0,1.0,157.0,-530029054.0,-226.0,-60.0,-300.0,8.0,-580.0,187.0
818,24330.0,51238.0,50374.0,55811.0,47913.0,24146.0,3.2357773780822754,,,,,,,,,,,,,,,,,,,,,,,,26280.0,3087.0,0.0,154.0,-530030078.0,-252.0,-63.0,-290.0,0.0,-547.0,205.0
819,24340.0,52012.0,51373.0,55291.0,46833.0,24156.0,3.2357773780822754,,,,,,,,,,,,,,,,,,,,,,,,26290.0,3085.0,0.0,151.0,-530033151.0,-255.0,-60.0,-278.0,-1.0,-547.0,220.0
820,24350.0,51533.0,51084.0,55894.0,47443.0,24166.0,3.2357773780822754,,,,,,,,,,,,,,,,,,,,,,,,26300.0,3084.0,-1.0,148.0,-530035200.0,-255.0,-59.0,-269.0,-15.0,-538.0,225.0
821,24360.0,51939.0,51022.0,55602.0,47629.0,24176.0,3.230498790740967,,,,,,,,,,,,,,,,,,,,,,,,26310.0,3081.0,-1.0,145.0,-530037759.0,-259.0,-56.0,-259.0,-51.0,-524.0,211.0
822,24370.0,51587.0,51112.0,56150.0,47633.0,24186.0,3.230498790740967,,,,,,,,,,,,,,,,,,,,,,,,26320.0,3079.0,-2.0,143.0,-530039807.0,-258.0,-55.0,-248.0,-67.0,-499.0,228.0
823,24410.0,51816.0,50172.0,55226.0,47620.0,24196.0,3.2357773780822754,,,,,,,,,,,,,,,,,,,,,,,,26330.0,3075.0,-3.0,140.0,-530040830.0,-276.0,-56.0,-237.0,-113.0,-474.0,207.0
824,24420.0,51083.0,50088.0,55746.0,47863.0,24216.0,3.2357773780822754,,,,,,,,,,,,,,,,,,,,,,,,26340.0,3074.0,-3.0,137.0,-528994301.0,-274.0,-54.0,-230.0,-54.0,-437.0,231.0
825,24430.0,50913.0,50385.0,55935.0,47534.0,24226.0,3.2357773780822754,,,,,,,,,,,,,,,,,,,,,,,,26350.0,3071.0,-4.0,135.0,-528996348.0,-272.0,-52.0,-220.0,-66.0,-432.0,227.0
826,24480.0,51713.0,50017.0,54944.0,47929.0,24236.0,3.2357773780822754,,,,,,,,,,,,,,,,,,,,,,,,26360.0,3069.0,-5.0,133.0,-528998396.0,-270.0,-51.0,-211.0,-63.0,-431.0,223.0
827,24490.0,51477.0,50338.0,55136.0,47682.0,24246.0,3.2357773780822754,,,,,,,,,,,,,,,,,,,,,,,,26370.0,3066.0,-5.0,131.0,-529000443.0,-268.0,-49.0,-202.0,-65.0,-427.0,195.0
828,24500.0,51725.0,50514.0,54962.0,47618.0,24256.0,3.2357773780822754,,,,,,,,,,,,,,,,,,,,,,,,26380.0,3063.0,-6.0,129.0,-527952890.0,-281.0,-52.0,-195.0,-46.0,-408.0,177.0
829,24510.0,51124.0,50457.0,55543.0,47673.0,24276.0,3.230498790740967,,,,,,,,,,,,,,,,,,,,,,,,26390.0,3059.0,-7.0,129.0,-527954938.0,-278.0,-48.0,-171.0,-5.0,-392.0,166.0
830,24540.0,50310.0,50930.0,55718.0,46932.0,24286.0,3.230498790740967,,,,,,,,,,,,,,,,,,,,,,,,26400.0,3057.0,-7.0,127.0,-527955961.0,-274.0,-45.0,-159.0,12.0,-434.0,144.0
831,24550.0,50935.0,51142.0,55282.0,46645.0,24296.0,3.230498790740967,,,,,,,,,,,,,,,,,,,,,,,,26410.0,3054.0,-7.0,126.0,-527958008.0,-269.0,-44.0,-149.0,37.0,-466.0,130.0
832,24560.0,51109.0,50838.0,55162.0,46871.0,24316.0,3.230498790740967,,,,,,,,,,,,,,,,,,,,,,,,26420.0,3051.0,-8.0,124.0,-528481272.0,-279.0,-42.0,-143.0,59.0,-434.0,120.0
833,24590.0,51347.0,51085.0,54882.0,46594.0,24346.0,3.225220203399658,,,,,,,,,,,,,,,,,,,,,,,,26430.0,3048.0,-8.0,123.0,-528479223.0,-273.0,-39.0,-138.0,90.0,-443.0,124.0
834,24610.0,50982.0,50688.0,55149.0,47330.0,24356.0,3.225220203399658,,,,,,,,,,,,,,,,,,,,,,,,26440.0,3045.0,-8.0,121.0,-529525751.0,-267.0,-37.0,-133.0,78.0,-466.0,111.0
835,24620.0,52313.0,49634.0,53891.0,48454.0,24366.0,3.2199416160583496,,,,,,,,,,,,,,,,,,,,,,,,26450.0,3043.0,-9.0,120.0,-529523703.0,-264.0,-34.0,-127.0,92.0,-414.0,85.0
836,24630.0,51550.0,50880.0,54872.0,47278.0,24386.0,3.2199416160583496,,,,,,,,,,,,,,,,,,,,,,,,26460.0,3039.0,-9.0,119.0,-529522678.0,-257.0,-31.0,-120.0,87.0,-420.0,69.0
837,24640.0,51448.0,50592.0,54971.0,47724.0,24406.0,3.2199416160583496,,,,,,,,,,,,,,,,,,,,,,,,26470.0,3038.0,-10.0,118.0,-530570230.0,-263.0,-31.0,-116.0,109.0,-317.0,76.0
838,24680.0,51504.0,51093.0,55238.0,47532.0,24416.0,3.2199416160583496,,,,,,,,,,,,,,,,,,,,,,,,26480.0,3035.0,-10.0,116.0,-530568182.0,-258.0,-28.0,-112.0,61.0,-294.0,60.0
839,24690.0,51399.0,50988.0,55584.0,48051.0,24426.0,3.2199416160583496,,,,,,,,,,,,,,,,,,,,,,,,26490.0,3032.0,-10.0,115.0,-530567157.0,-249.0,-26.0,-107.0,48.0,-216.0,56.0
840,24700.0,51468.0,50990.0,55512.0,48076.0,24436.0,3.225220203399658,,,,,,,,,,,,,,,,,,,,,,,,26500.0,3029.0,-10.0,114.0,-530566133.0,-242.0,-25.0,-102.0,47.0,-135.0,77.0
841,24740.0,50647.0,51589.0,56199.0,47145.0,24446.0,3.230498790740967,,,,,,,,,,,,,,,,,,,,,,,,26510.0,3027.0,-10.0,113.0,-530565109.0,-244.0,-23.0,-100.0,58.0,-81.0,72.0
842,24750.0,50618.0,51084.0,56223.0,47542.0,24456.0,3.230498790740967,,,,,,,,,,,,,,,,,,,,,,,,26520.0,3024.0,-11.0,113.0,-531613685.0,-239.0,-21.0,-94.0,85.0,-50.0,72.0
843,24760.0,50663.0,51205.0,56228.0,47517.0,24476.0,3.225220203399658,,,,,,,,,,,,,,,,,,,,,,,,26530.0,3021.0,-11.0,112.0,-531612661.0,-231.0,-19.0,-90.0,90.0,-30.0,76.0
844,24770.0,51239.0,51194.0,55902.0,47463.0,24486.0,3.225220203399658,,,,,,,,,,,,,,,,,,,,,,,,26540.0,3019.0,-10.0,111.0,-531612660.0,-225.0,-19.0,-87.0,106.0,-58.0,67.0
845,24800.0,51506.0,51107.0,55860.0,48003.0,24496.0,3.225220203399658,,,,,,,,,,,,,,,,,,,,,,,,26550.0,3016.0,-10.0,110.0,-532661236.0,-217.0,-18.0,-83.0,87.0,-56.0,63.0
846,24810.0,51418.0,50924.0,55824.0,48084.0,24526.0,3.225220203399658,,,,,,,,,,,,,,,,,,,,,,,,26560.0,3015.0,-11.0,110.0,-532661236.0,-219.0,-17.0,-76.0,55.0,-72.0,53.0
847,24820.0,51157.0,50678.0,56269.0,48618.0,24536.0,3.230498790740967,,,,,,,,,,,,,,,,,,,,,,,,26570.0,3012.0,-11.0,109.0,-532660212.0,-211.0,-16.0,-72.0,47.0,-72.0,37.0
848,24830.0,51265.0,50899.0,56282.0,48304.0,24546.0,3.230498790740967,,,,,,,,,,,,,,,,,,,,,,,,26580.0,3009.0,-11.0,108.0,-532660211.0,-204.0,-14.0,-70.0,-6.0,-68.0,39.0
849,24850.0,51008.0,50745.0,56408.0,48626.0,24556.0,3.230498790740967,,,,,,,,,,,,,,,,,,,,,,,,26590.0,3006.0,-11.0,108.0,-532660211.0,-197.0,-13.0,-68.0,-40.0,-63.0,19.0
850,24890.0,51492.0,51981.0,56286.0,47555.0,24576.0,3.230498790740967,,,,,,,,,,,,,,,,,,,,,,,,26600.0,3005.0,-11.0,107.0,-532660211.0,-194.0,-13.0,-67.0,-53.0,-87.0,9.0
851,24900.0,51778.0,52005.0,56269.0,47617.0,24606.0,3.230498790740967,,,,,,,,,,,,,,,,,,,,,,,,26610.0,3003.0,-11.0,107.0,-532659187.0,-191.0,-12.0,-64.0,-52.0,-83.0,-17.0
852,24910.0,51502.0,51995.0,56294.0,47023.0,24616.0,3.230498790740967,,,,,,,,,,,,,,,,,,,,,,,,26620.0,3000.0,-10.0,106.0,-532659187.0,-183.0,-12.0,-63.0,-53.0,-109.0,-10.0
853,24930.0,52035.0,51412.0,55799.0,47386.0,24626.0,3.225220203399658,,,,,,,,,,,,,,,,,,,,,,,,26630.0,2998.0,-11.0,106.0,-532658163.0,-174.0,-10.0,-61.0,-20.0,-128.0,-13.0
854,24940.0,51585.0,50773.0,56121.0,47945.0,24636.0,3.225220203399658,,,,,,,,,,,,,,,,,,,,,,,,26640.0,2995.0,-11.0,105.0,-532658163.0,-168.0,-8.0,-58.0,3.0,-170.0,-31.0
855,24950.0,51655.0,50217.0,55868.0,48195.0,24646.0,3.225220203399658,,,,,,,,,,,,,,,,,,,,,,,,26650.0,2995.0,-10.0,104.0,-532657139.0,-165.0,-10.0,-57.0,4.0,-145.0,-35.0
856,24960.0,51562.0,50823.0,55907.0,47608.0,24666.0,3.2199416160583496,,,,,,,,,,,,,,,,,,,,,,,,26660.0,2991.0,-10.0,104.0,-532657139.0,-155.0,-8.0,-54.0,7.0,-110.0,-42.0
857,24970.0,51658.0,49607.0,55851.0,48791.0,24676.0,3.2199416160583496,,,,,,,,,,,,,,,,,,,,,,,,26670.0,2990.0,-9.0,103.0,-532656115.0,-150.0,-8.0,-53.0,-1.0,-66.0,-62.0
858,24990.0,50973.0,49500.0,56300.0,48715.0,24686.0,3.2199416160583496,,,,,,,,,,,,,,,,,,,,,,,,26680.0,2988.0,-9.0,103.0,-532656116.0,-142.0,-7.0,-52.0,-44.0,-29.0,-75.0
859,25020.0,51613.0,50514.0,56111.0,47573.0,24696.0,3.2199416160583496,,,,,,,,,,,,,,,,,,,,,,,,26690.0,2986.0,-9.0,103.0,-532656116.0,-136.0,-6.0,-49.0,-56.0,6.0,-72.0
860,25030.0,51910.0,50388.0,56029.0,47849.0,24706.0,3.2199416160583496,,,,,,,,,,,,,,,,,,,,,,,,26700.0,2985.0,-9.0,102.0,-532655092.0,-131.0,-5.0,-50.0,-50.0,21.0,-79.0
861,25040.0,51458.0,50837.0,56487.0,47210.0,24716.0,3.2199416160583496,,,,,,,,,,,,,,,,,,,,,,,,26710.0,2982.0,-9.0,102.0,-531606516.0,-120.0,-3.0,-50.0,-27.0,48.0,-70.0
862,25080.0,51454.0,50941.0,56452.0,47099.0,24736.0,3.2199416160583496,,,,,,,,,,,,,,,,,,,,,,,,26720.0,2980.0,-9.0,101.0,-531606517.0,-113.0,-1.0,-47.0,-23.0,67.0,-77.0
863,25090.0,51428.0,51887.0,56537.0,45928.0,24746.0,3.2199416160583496,,,,,,,,,,,,,,,,,,,,,,,,26730.0,2979.0,-9.0,101.0,-531607541.0,-107.0,0.0,-44.0,48.0,95.0,-80.0
864,25100.0,51596.0,50302.0,56223.0,47643.0,24756.0,3.2199416160583496,,,,,,,,,,,,,,,,,,,,,,,,26740.0,2979.0,-8.0,100.0,-531607541.0,-104.0,0.0,-42.0,119.0,75.0,-86.0
865,25110.0,51535.0,50879.0,56280.0,47073.0,24766.0,3.2199416160583496,,,,,,,,,,,,,,,,,,,,,,,,26750.0,2978.0,-8.0,100.0,-531607541.0,-99.0,0.0,-42.0,184.0,96.0,-86.0
866,25120.0,51956.0,50201.0,55960.0,47892.0,24786.0,3.2199416160583496,,,,,,,,,,,,,,,,,,,,,,,,26760.0,2973.0,-6.0,100.0,-532656118.0,-82.0,0.0,-42.0,189.0,106.0,-95.0
867,25130.0,51872.0,49981.0,56209.0,48362.0,24806.0,3.2199416160583496,,,,,,,,,,,,,,,,,,,,,,,,26770.0,2972.0,-6.0,99.0,-533704694.0,-76.0,0.0,-41.0,188.0,99.0,-89.0
868,25150.0,51382.0,50586.0,56402.0,47713.0,24816.0,3.2199416160583496,,,,,,,,,,,,,,,,,,,,,,,,26780.0,2973.0,-7.0,103.0,-533705718.0,-73.0,2.0,-17.0,157.0,84.0,-72.0
869,25160.0,51783.0,49601.0,56190.0,48842.0,24826.0,3.2199416160583496,,,,,,,,,,,,,,,,,,,,,,,,26790.0,2972.0,-7.0,103.0,-534754295.0,-68.0,3.0,-16.0,81.0,59.0,-71.0
870,25170.0,51534.0,50187.0,56130.0,47917.0,24836.0,3.2199416160583496,,,,,,,,,,,,,,,,,,,,,,,,26800.0,2972.0,-6.0,103.0,-535803895.0,-63.0,4.0,-16.0,-7.0,82.0,-70.0
871,25180.0,51401.0,50304.0,56192.0,47820.0,24866.0,3.214663028717041,,,,,,,,,,,,,,,,,,,,,,,,26810.0,2970.0,-7.0,103.0,-535803895.0,-54.0,5.0,-14.0,-74.0,69.0,-58.0
872,25210.0,51850.0,50273.0,55787.0,48234.0,24886.0,3.214663028717041,,,,,,,,,,,,,,,,,,,,,,,,26820.0,2969.0,-7.0,103.0,-534755319.0,-48.0,6.0,-13.0,-113.0,43.0,-65.0
873,25220.0,51497.0,51337.0,56008.0,46863.0,24896.0,3.2093844413757324,,,,,,,,,,,,,,,,,,,,,,,,26830.0,2968.0,-7.0,102.0,-534755320.0,-43.0,7.0,-13.0,-124.0,48.0,-61.0
874,25230.0,51652.0,51129.0,55898.0,47144.0,24906.0,3.2093844413757324,,,,,,,,,,,,,,,,,,,,,,,,26840.0,2968.0,-7.0,102.0,-534755320.0,-38.0,7.0,-12.0,-90.0,69.0,-54.0
875,25240.0,52014.0,51801.0,55597.0,46438.0,24916.0,3.214663028717041,,,,,,,,,,,,,,,,,,,,,,,,26850.0,2968.0,-7.0,102.0,-533707768.0,-33.0,8.0,-12.0,-23.0,77.0,-50.0
876,25270.0,51892.0,50488.0,55600.0,48042.0,24946.0,3.2199416160583496,,,,,,,,,,,,,,,,,,,,,,,,26860.0,2965.0,-4.0,102.0,-533707768.0,-23.0,5.0,-13.0,65.0,100.0,-57.0
877,25280.0,51347.0,50752.0,56031.0,47899.0,24956.0,3.2199416160583496,,,,,,,,,,,,,,,,,,,,,,,,26870.0,2964.0,-4.0,99.0,-533707768.0,-18.0,5.0,-28.0,123.0,81.0,-62.0
878,25290.0,51195.0,50776.0,56134.0,47900.0,24966.0,3.2199416160583496,,,,,,,,,,,,,,,,,,,,,,,,26880.0,2964.0,-4.0,99.0,-534756344.0,-13.0,6.0,-29.0,168.0,99.0,-81.0
879,25300.0,51801.0,50358.0,55957.0,48679.0,25006.0,3.225220203399658,,,,,,,,,,,,,,,,,,,,,,,,26890.0,2964.0,0.0,98.0,-534756344.0,-10.0,1.0,-29.0,224.0,153.0,-99.0
880,25320.0,51703.0,50949.0,55988.0,48308.0,25016.0,3.225220203399658,,,,,,,,,,,,,,,,,,,,,,,,26900.0,2964.0,0.0,98.0,-535805945.0,-6.0,2.0,-29.0,204.0,202.0,-106.0
881,25350.0,51516.0,51603.0,56196.0,48004.0,25026.0,3.2199416160583496,,,,,,,,,,,,,,,,,,,,,,,,26910.0,2964.0,0.0,98.0,-536855545.0,-1.0,3.0,-31.0,155.0,229.0,-119.0
882,25360.0,50766.0,52526.0,56607.0,47185.0,25036.0,3.2199416160583496,,,,,,,,,,,,,,,,,,,,,,,,26920.0,2966.0,-1.0,100.0,-1072677882.0,0.0,3.0,-15.0,88.0,234.0,-124.0
883,25370.0,51260.0,52297.0,56249.0,47464.0,25046.0,3.2199416160583496,,,,,,,,,,,,,,,,,,,,,,,,26930.0,2966.0,0.0,100.0,-1072678906.0,4.0,2.0,-16.0,13.0,204.0,-128.0
884,25400.0,51384.0,52337.0,55696.0,47751.0,25066.0,3.2199416160583496,,,,,,,,,,,,,,,,,,,,,,,,26940.0,2966.0,0.0,100.0,-1072679931.0,7.0,2.0,-17.0,-62.0,174.0,-127.0
885,25410.0,51491.0,51871.0,55497.0,48168.0,25096.0,3.2199416160583496,,,,,,,,,,,,,,,,,,,,,,,,26950.0,2966.0,0.0,100.0,-1072680955.0,12.0,2.0,-19.0,-99.0,161.0,-136.0
886,25420.0,51913.0,51902.0,55151.0,48222.0,25106.0,3.2199416160583496,,,,,,,,,,,,,,,,,,,,,,,,26960.0,2966.0,0.0,100.0,-1072680955.0,15.0,2.0,-22.0,-85.0,170.0,-120.0
887,25430.0,52156.0,51951.0,54985.0,48467.0,25116.0,3.2199416160583496,,,,,,,,,,,,,,,,,,,,,,,,26970.0,2966.0,0.0,100.0,-1073730556.0,19.0,2.0,-25.0,-35.0,151.0,-121.0
888,25440.0,52234.0,51180.0,54650.0,49245.0,25146.0,3.2199416160583496,,,,,,,,,,,,,,,,,,,,,,,,26980.0,2966.0,0.0,100.0,-1073731580.0,22.0,2.0,-26.0,22.0,79.0,-130.0
889,25461.0,51564.0,51546.0,55268.0,49203.0,25156.0,3.2199416160583496,,,,,,,,,,,,,,,,,,,,,,,,26990.0,2966.0,0.0,99.0,-1073731581.0,25.0,2.0,-27.0,-10.0,-12.0,-136.0
890,25470.0,52053.0,51496.0,54809.0,49482.0,25166.0,3.2199416160583496,,,,,,,,,,,,,,,,,,,,,,,,27000.0,2966.0,0.0,98.0,-1073731581.0,27.0,2.0,-30.0,-22.0,-45.0,-143.0
891,25480.0,51425.0,51385.0,55343.0,49645.0,25176.0,3.2199416160583496,,,,,,,,,,,,,,,,,,,,,,,,27010.0,2967.0,0.0,98.0,-1073731582.0,28.0,2.0,-31.0,-78.0,9.0,-123.0
892,25490.0,51586.0,52234.0,55228.0,48886.0,25196.0,3.2199416160583496,,,,,,,,,,,,,,,,,,,,,,,,27020.0,2967.0,-1.0,98.0,-536860670.0,32.0,2.0,-33.0,-93.0,79.0,-103.0
893,25500.0,52018.0,51726.0,55038.0,49753.0,25216.0,3.2199416160583496,,,,,,,,,,,,,,,,,,,,,,,,27030.0,2969.0,-1.0,97.0,-536860671.0,32.0,3.0,-34.0,-65.0,135.0,-105.0
894,25530.0,51206.0,51723.0,55135.0,49401.0,25226.0,3.2199416160583496,,,,,,,,,,,,,,,,,,,,,,,,27040.0,2968.0,-1.0,97.0,-535812095.0,37.0,3.0,-36.0,-54.0,181.0,-105.0
895,25540.0,51367.0,51803.0,54843.0,49319.0,25236.0,3.2199416160583496,,,,,,,,,,,,,,,,,,,,,,,,27050.0,2968.0,-1.0,96.0,-535813119.0,39.0,3.0,-41.0,-31.0,266.0,-109.0
896,25550.0,51214.0,52466.0,55046.0,48584.0,25246.0,3.2199416160583496,,,,,,,,,,,,,,,,,,,,,,,,27060.0,2968.0,-1.0,95.0,-535814144.0,44.0,4.0,-40.0,-53.0,333.0,-98.0
897,25560.0,51676.0,52660.0,54627.0,48641.0,25256.0,3.2199416160583496,,,,,,,,,,,,,,,,,,,,,,,,27070.0,2968.0,-1.0,95.0,-535814656.0,46.0,5.0,-41.0,-75.0,322.0,-83.0
898,25570.0,51708.0,52344.0,54626.0,49216.0,25276.0,3.2199416160583496,,,,,,,,,,,,,,,,,,,,,,,,27080.0,2969.0,-1.0,95.0,-534767103.0,48.0,5.0,-44.0,-69.0,337.0,-89.0
899,25600.0,51848.0,53169.0,54572.0,48695.0,25286.0,3.2199416160583496,,,,,,,,,,,,,,,,,,,,,,,,27090.0,2969.0,-1.0,93.0,-534768127.0,50.0,6.0,-52.0,31.0,379.0,-82.0
900,25610.0,51228.0,52597.0,54925.0,49381.0,25296.0,3.2199416160583496,,,,,,,,,,,,,,,,,,,,,,,,27100.0,2969.0,-1.0,93.0,-534769151.0,54.0,6.0,-52.0,22.0,420.0,-64.0
901,25620.0,51889.0,52335.0,54464.0,49859.0,25306.0,3.2199416160583496,,,,,,,,,,,,,,,,,,,,,,,,27110.0,2969.0,-1.0,92.0,-534771199.0,56.0,6.0,-53.0,72.0,457.0,-62.0
902,25630.0,51649.0,52084.0,54641.0,50111.0,25336.0,3.214663028717041,,,,,,,,,,,,,,,,,,,,,,,,27120.0,2970.0,-1.0,91.0,-534772222.0,56.0,7.0,-56.0,44.0,409.0,-82.0
903,25670.0,51830.0,52196.0,53873.0,49807.0,25346.0,3.2093844413757324,,,,,,,,,,,,,,,,,,,,,,,,27130.0,2970.0,0.0,91.0,-535296510.0,57.0,7.0,-55.0,54.0,317.0,-98.0
904,25680.0,51257.0,52489.0,54065.0,49138.0,25356.0,3.2093844413757324,,,,,,,,,,,,,,,,,,,,,,,,27140.0,2971.0,0.0,91.0,-535295486.0,55.0,6.0,-55.0,53.0,133.0,-124.0
905,25690.0,51141.0,39209.0,44162.0,51184.0,25366.0,3.2093844413757324,,,,,,,,,,,,,,,,,,,,,,,,27150.0,2971.0,0.0,90.0,-535294461.0,57.0,6.0,-55.0,92.0,-12.0,-136.0
906,25700.0,51198.0,39799.0,43871.0,50553.0,25376.0,3.2093844413757324,,,,,,,,,,,,,,,,,,,,,,,,27160.0,2972.0,0.0,90.0,-535294461.0,56.0,8.0,-54.0,127.0,-65.0,-107.0
907,25710.0,49646.0,41854.0,43388.0,47632.0,25386.0,3.2093844413757324,,,,,,,,,,,,,,,,,,,,,,,,27170.0,2972.0,-1.0,89.0,-536343037.0,55.0,9.0,-52.0,175.0,-126.0,-98.0
908,25720.0,48290.0,45142.0,44835.0,44748.0,25406.0,3.2093844413757324,,,,,,,,,,,,,,,,,,,,,,,,27180.0,2972.0,0.0,87.0,-1073213948.0,54.0,8.0,-57.0,233.0,-170.0,-103.0
909,25730.0,46428.0,47539.0,46222.0,41768.0,25416.0,3.2093844413757324,,,,,,,,,,,,,,,,,,,,,,,,27190.0,2972.0,0.0,87.0,-1072166396.0,57.0,8.0,-55.0,279.0,-219.0,-123.0
910,25740.0,44392.0,49044.0,47827.0,39474.0,25426.0,3.2093844413757324,,,,,,,,,,,,,,,,,,,,,,,,27200.0,2973.0,0.0,86.0,-1071118843.0,56.0,7.0,-52.0,276.0,-225.0,-124.0
911,25750.0,43874.0,50103.0,48623.0,38212.0,25436.0,3.214663028717041,,,,,,,,,,,,,,,,,,,,,,,,27210.0,2973.0,0.0,86.0,-1070071291.0,55.0,7.0,-46.0,229.0,-151.0,-136.0
912,25760.0,42771.0,51728.0,50056.0,35828.0,25476.0,3.2093844413757324,,,,,,,,,,,,,,,,,,,,,,,,27220.0,2974.0,0.0,85.0,-1069547003.0,56.0,5.0,-41.0,202.0,-59.0,-124.0
913,25770.0,42282.0,52554.0,51186.0,35430.0,25486.0,3.2093844413757324,,,,,,,,,,,,,,,,,,,,,,,,27230.0,2974.0,0.0,85.0,-1068497402.0,56.0,4.0,-36.0,190.0,-30.0,-111.0
914,25780.0,42169.0,51704.0,51834.0,37141.0,25496.0,3.2041056156158447,,,,,,,,,,,,,,,,,,,,,,,,27240.0,2975.0,0.0,84.0,-1068497402.0,56.0,3.0,-32.0,72.0,17.0,-99.0
915,25790.0,43564.0,51266.0,51444.0,38899.0,25536.0,3.2093844413757324,,,,,,,,,,,,,,,,,,,,,,,,27250.0,2975.0,0.0,84.0,-1067448825.0,58.0,0.0,-28.0,-111.0,106.0,-103.0
916,25800.0,44053.0,50234.0,51935.0,41272.0,25546.0,3.2093844413757324,,,,,,,,,,,,,,,,,,,,,,,,27260.0,2976.0,0.0,84.0,-1067448825.0,57.0,0.0,-25.0,-190.0,214.0,-97.0
917,25810.0,45465.0,49406.0,51608.0,42960.0,25556.0,3.2093844413757324,,,,,,,,,,,,,,,,,,,,,,,,27270.0,2977.0,0.0,83.0,-1067974137.0,57.0,-1.0,-25.0,-255.0,301.0,-84.0
918,25820.0,46529.0,48080.0,51628.0,45735.0,25606.0,3.2093844413757324,,,,,,,,,,,,,,,,,,,,,,,,27280.0,2977.0,0.0,82.0,-1069021688.0,58.0,-4.0,-21.0,-295.0,276.0,-81.0
919,25830.0,48266.0,46345.0,50779.0,48364.0,25616.0,3.2041056156158447,,,,,,,,,,,,,,,,,,,,,,,,27290.0,2977.0,0.0,82.0,-1070069240.0,58.0,-4.0,-16.0,-268.0,204.0,-75.0
920,25840.0,49263.0,45645.0,50541.0,49560.0,25626.0,3.2041056156158447,,,,,,,,,,,,,,,,,,,,,,,,27300.0,2978.0,0.0,82.0,-1071116792.0,57.0,-6.0,-12.0,-225.0,114.0,-69.0
921,25850.0,50628.0,46145.0,50367.0,50181.0,25636.0,3.2041056156158447,,,,,,,,,,,,,,,,,,,,,,,,27310.0,2979.0,0.0,82.0,-1072165367.0,55.0,-6.0,-11.0,-129.0,80.0,-56.0
922,25860.0,50818.0,47209.0,50898.0,49880.0,25646.0,3.2041056156158447,,,,,,,,,,,,,,,,,,,,,,,,27320.0,2979.0,0.0,82.0,-1072164343.0,53.0,-7.0,-10.0,-48.0,111.0,-66.0
923,25870.0,51519.0,47334.0,51181.0,50770.0,25676.0,3.2093844413757324,,,,,,,,,,,,,,,,,,,,,,,,27330.0,2980.0,0.0,82.0,-1072164343.0,52.0,-9.0,-9.0,33.0,65.0,-63.0
924,25880.0,51868.0,48952.0,51837.0,50164.0,25686.0,3.2093844413757324,,,,,,,,,,,,,,,,,,,,,,,,27340.0,2980.0,0.0,82.0,-1073212919.0,52.0,-9.0,-7.0,109.0,41.0,-63.0
925,25890.0,51714.0,50489.0,52681.0,49615.0,25696.0,3.2093844413757324,,,,,,,,,,,,,,,,,,,,,,,,27350.0,2981.0,0.0,81.0,-1072163318.0,52.0,-11.0,-5.0,114.0,-3.0,-60.0
926,25900.0,51659.0,51670.0,53509.0,48820.0,25706.0,3.267448902130127,,,,,,,,,,,,,,,,,,,,,,,,27360.0,2981.0,0.0,81.0,-1072163318.0,51.0,-11.0,-7.0,86.0,-5.0,-52.0
927,25910.0,51182.0,53257.0,54605.0,47777.0,25716.0,3.267448902130127,,,,,,,,,,,,,,,,,,,,,,,,27370.0,2982.0,0.0,81.0,-1071114742.0,49.0,-11.0,-5.0,64.0,-39.0,-30.0
928,25920.0,51701.0,53970.0,55098.0,47761.0,25726.0,3.2991204261779785,,,,,,,,,,,,,,,,,,,,,,,,27380.0,2982.0,0.0,81.0,-1071114742.0,47.0,-12.0,-3.0,24.0,-45.0,-9.0
929,25930.0,51297.0,54857.0,56139.0,47273.0,25736.0,3.320234775543213,,,,,,,,,,,,,,,,,,,,,,,,27390.0,2983.0,0.0,81.0,-1071114742.0,45.0,-13.0,-1.0,-23.0,-5.0,-14.0
930,25940.0,51270.0,55137.0,56931.0,47971.0,25746.0,3.320234775543213,,,,,,,,,,,,,,,,,,,,,,,,27400.0,2983.0,0.0,80.0,-1071115766.0,43.0,-13.0,0.0,-16.0,76.0,-1.0
931,25950.0,51479.0,54927.0,57089.0,48646.0,25756.0,3.320234775543213,,,,,,,,,,,,,,,,,,,,,,,,27410.0,2984.0,0.0,80.0,-1071114742.0,41.0,-13.0,4.0,-54.0,153.0,-3.0
932,25960.0,50926.0,55001.0,57918.0,49133.0,25766.0,3.3149561882019043,,,,,,,,,,,,,,,,,,,,,,,,27420.0,2984.0,0.0,80.0,-1071114742.0,40.0,-16.0,8.0,-58.0,224.0,-9.0
933,25970.0,51529.0,54469.0,58361.0,50569.0,25776.0,3.3149561882019043,,,,,,,,,,,,,,,,,,,,,,,,27430.0,2985.0,0.0,80.0,-1071113718.0,37.0,-15.0,10.0,-62.0,275.0,-25.0
934,25980.0,52234.0,54016.0,58273.0,51494.0,25786.0,3.304399013519287,,,,,,,,,,,,,,,,,,,,,,,,27440.0,2985.0,0.0,80.0,-1071112694.0,36.0,-16.0,13.0,-127.0,222.0,-27.0
935,25990.0,53108.0,53025.0,58229.0,52972.0,25796.0,3.29384183883667,,,,,,,,,,,,,,,,,,,,,,,,27450.0,2986.0,0.0,81.0,-1072160246.0,33.0,-17.0,14.0,-109.0,123.0,-36.0
936,26000.0,53488.0,52664.0,58362.0,53883.0,25806.0,3.2885632514953613,,,,,,,,,,,,,,,,,,,,,,,,27460.0,2986.0,0.0,81.0,-1072160245.0,30.0,-16.0,12.0,-76.0,-11.0,-30.0
937,26010.0,54109.0,53257.0,58396.0,53809.0,25816.0,3.2832846641540527,,,,,,,,,,,,,,,,,,,,,,,,27470.0,2986.0,0.0,81.0,-1073208821.0,29.0,-17.0,13.0,-37.0,-184.0,-17.0
938,26020.0,55450.0,53437.0,57727.0,53872.0,25826.0,3.278006076812744,,,,,,,,,,,,,,,,,,,,,,,,27480.0,2987.0,0.0,81.0,-1073208821.0,26.0,-18.0,15.0,14.0,-259.0,-16.0
939,26030.0,55769.0,53286.0,58052.0,54735.0,25836.0,3.278006076812744,,,,,,,,,,,,,,,,,,,,,,,,27490.0,2987.0,0.0,82.0,-1073209845.0,23.0,-18.0,22.0,12.0,-283.0,-25.0
940,26040.0,56672.0,54406.0,57909.0,54444.0,25846.0,3.2621703147888184,,,,,,,,,,,,,,,,,,,,,,,,27500.0,2987.0,-1.0,82.0,-1073210869.0,21.0,-18.0,23.0,-17.0,-285.0,-13.0
941,26050.0,57019.0,55631.0,57959.0,53634.0,25856.0,3.251613140106201,,,,,,,,,,,,,,,,,,,,,,,,27510.0,2987.0,-1.0,83.0,-1073211893.0,19.0,-19.0,21.0,-64.0,-216.0,-21.0
942,26060.0,56609.0,55309.0,58884.0,54452.0,25866.0,3.241055965423584,,,,,,,,,,,,,,,,,,,,,,,,27520.0,2988.0,-1.0,83.0,-1073212917.0,16.0,-19.0,18.0,-68.0,-87.0,-22.0
943,26070.0,57423.0,55377.0,58491.0,54538.0,25876.0,3.230498790740967,,,,,,,,,,,,,,,,,,,,,,,,27530.0,2988.0,-1.0,84.0,-536342005.0,14.0,-19.0,20.0,-54.0,32.0,-18.0
944,26080.0,57608.0,56142.0,57973.0,53074.0,25886.0,3.225220203399658,,,,,,,,,,,,,,,,,,,,,,,,27540.0,2988.0,-1.0,84.0,-536342005.0,12.0,-18.0,21.0,12.0,151.0,-11.0
945,26090.0,58257.0,56693.0,57669.0,52521.0,25896.0,3.225220203399658,,,,,,,,,,,,,,,,,,,,,,,,27550.0,2988.0,-1.0,84.0,-536342005.0,11.0,-18.0,23.0,52.0,261.0,-8.0
946,26100.0,57586.0,56881.0,58420.0,52299.0,25906.0,3.214663028717041,,,,,,,,,,,,,,,,,,,,,,,,27560.0,2989.0,-1.0,84.0,-536340981.0,5.0,-20.0,23.0,54.0,288.0,1.0
947,26110.0,57335.0,56764.0,59045.0,52118.0,25916.0,3.2041056156158447,,,,,,,,,,,,,,,,,,,,,,,,27570.0,2989.0,-2.0,84.0,-1073210869.0,3.0,-20.0,23.0,20.0,266.0,0.0
948,26120.0,56710.0,56046.0,59163.0,52849.0,25926.0,3.198827028274536,,,,,,,,,,,,,,,,,,,,,,,,27580.0,2989.0,-2.0,83.0,-1073209845.0,0.0,-21.0,15.0,0.0,223.0,15.0
949,26130.0,56114.0,56235.0,59936.0,52774.0,25936.0,3.188269853591919,,,,,,,,,,,,,,,,,,,,,,,,27590.0,2989.0,-2.0,84.0,-1073208821.0,-1.0,-20.0,14.0,-11.0,160.0,35.0
950,26140.0,55434.0,55139.0,60510.0,53888.0,25946.0,3.1829912662506104,,,,,,,,,,,,,,,,,,,,,,,,27600.0,2989.0,-2.0,84.0,-1073207797.0,-4.0,-20.0,12.0,-41.0,15.0,49.0
951,26150.0,55086.0,54805.0,60820.0,54098.0,25956.0,3.1829912662506104,,,,,,,,,,,,,,,,,,,,,,,,27610.0,2989.0,-2.0,84.0,-1073207797.0,-6.0,-20.0,10.0,-62.0,-147.0,47.0
952,26161.0,55101.0,54243.0,60991.0,54284.0,25966.0,3.172434091567993,,,,,,,,,,,,,,,,,,,,,,,,27620.0,2989.0,-3.0,84.0,-536336885.0,-8.0,-20.0,12.0,-79.0,-276.0,53.0
953,26170.0,54854.0,53530.0,61192.0,54483.0,25976.0,3.172434091567993,,,,,,,,,,,,,,,,,,,,,,,,27630.0,2989.0,-3.0,85.0,-536337909.0,-9.0,-20.0,10.0,-121.0,-371.0,48.0
954,26180.0,55069.0,53442.0,61079.0,54316.0,25986.0,3.161876916885376,,,,,,,,,,,,,,,,,,,,,,,,27641.0,2989.0,-3.0,85.0,-535291382.0,-17.0,-20.0,5.0,-147.0,-412.0,53.0
955,26190.0,55688.0,54006.0,60537.0,53281.0,25996.0,3.1565983295440674,,,,,,,,,,,,,,,,,,,,,,,,27650.0,2989.0,-3.0,85.0,-535291382.0,-17.0,-20.0,5.0,-172.0,-405.0,59.0
956,26200.0,56264.0,54146.0,60036.0,53048.0,26006.0,3.151319742202759,,,,,,,,,,,,,,,,,,,,,,,,27660.0,2988.0,-3.0,85.0,-534244854.0,-19.0,-18.0,6.0,-146.0,-317.0,52.0
957,26210.0,57127.0,54374.0,59256.0,52610.0,26016.0,3.151319742202759,,,,,,,,,,,,,,,,,,,,,,,,27670.0,2988.0,-4.0,86.0,-534245878.0,-17.0,-19.0,7.0,-166.0,-243.0,68.0
958,26220.0,57386.0,53911.0,58948.0,52838.0,26026.0,3.1407625675201416,,,,,,,,,,,,,,,,,,,,,,,,27680.0,2988.0,-4.0,86.0,-533198326.0,-20.0,-19.0,4.0,-169.0,-130.0,73.0
959,26230.0,57748.0,53683.0,58559.0,52563.0,26036.0,3.135483980178833,,,,,,,,,,,,,,,,,,,,,,,,27690.0,2988.0,-4.0,86.0,-533199351.0,-23.0,-18.0,2.0,-153.0,-11.0,79.0
960,26240.0,57695.0,54425.0,58537.0,51573.0,26046.0,3.1302053928375244,,,,,,,,,,,,,,,,,,,,,,,,27700.0,2987.0,-4.0,86.0,-532150775.0,-22.0,-15.0,-5.0,-75.0,137.0,98.0
961,26250.0,57363.0,54092.0,58636.0,51490.0,26056.0,3.1196482181549072,,,,,,,,,,,,,,,,,,,,,,,,27710.0,2987.0,-4.0,86.0,-532150775.0,-22.0,-15.0,-5.0,-34.0,149.0,108.0
962,26260.0,57844.0,53160.0,58560.0,52801.0,26066.0,3.1143696308135986,,,,,,,,,,,,,,,,,,,,,,,,27720.0,2987.0,-5.0,85.0,-532149752.0,-23.0,-11.0,-10.0,-6.0,152.0,133.0
963,26270.0,57346.0,53988.0,58969.0,51596.0,26076.0,3.1143696308135986,,,,,,,,,,,,,,,,,,,,,,,,27730.0,2987.0,-5.0,85.0,-531101176.0,-22.0,-10.0,-22.0,22.0,191.0,141.0
964,26280.0,57309.0,54246.0,59104.0,50896.0,26086.0,3.10909104347229,,,,,,,,,,,,,,,,,,,,,,,,27740.0,2987.0,-5.0,85.0,-531100153.0,-22.0,-9.0,-41.0,43.0,176.0,153.0
965,26290.0,57482.0,53781.0,58989.0,50905.0,26096.0,3.10909104347229,,,,,,,,,,,,,,,,,,,,,,,,27750.0,2986.0,-5.0,84.0,-532147705.0,-23.0,-5.0,-66.0,67.0,115.0,163.0
966,26300.0,57264.0,53775.0,59062.0,50444.0,26106.0,3.1143696308135986,,,,,,,,,,,,,,,,,,,,,,,,27760.0,2986.0,-5.0,84.0,-532147706.0,-22.0,-3.0,-97.0,112.0,111.0,186.0
967,26310.0,56882.0,52589.0,59256.0,51538.0,26116.0,3.1143696308135986,,,,,,,,,,,,,,,,,,,,,,,,27770.0,2986.0,-5.0,82.0,-532146682.0,-17.0,-4.0,-132.0,149.0,45.0,199.0
968,26320.0,56874.0,52043.0,59320.0,51574.0,26126.0,3.1196482181549072,,,,,,,,,,,,,,,,,,,,,,,,27780.0,2986.0,-5.0,81.0,-533195259.0,-23.0,-4.0,-169.0,182.0,-16.0,206.0
969,26330.0,56117.0,52930.0,59584.0,50364.0,26136.0,3.1196482181549072,,,,,,,,,,,,,,,,,,,,,,,,,,,,,,,,,,
970,26340.0,56696.0,52341.0,59173.0,50274.0,26146.0,3.1196482181549072,,,,,,,,,,,,,,,,,,,,,,,,,,,,,,,,,,
971,26350.0,56589.0,52252.0,59198.0,50185.0,26156.0,3.1196482181549072,,,,,,,,,,,,,,,,,,,,,,,,,,,,,,,,,,
972,26360.0,56642.0,51639.0,58931.0,50369.0,26166.0,3.124926805496216,,,,,,,,,,,,,,,,,,,,,,,,,,,,,,,,,,
973,26370.0,56428.0,51676.0,58736.0,50142.0,26176.0,3.124926805496216,,,,,,,,,,,,,,,,,,,,,,,,,,,,,,,,,,
974,26380.0,55926.0,52376.0,59020.0,49322.0,26186.0,3.1302053928375244,,,,,,,,,,,,,,,,,,,,,,,,,,,,,,,,,,
975,26390.0,56053.0,51795.0,58348.0,49002.0,26196.0,3.1302053928375244,,,,,,,,,,,,,,,,,,,,,,,,,,,,,,,,,,
976,26400.0,56408.0,50961.0,57543.0,49503.0,26206.0,3.135483980178833,,,,,,,,,,,,,,,,,,,,,,,,,,,,,,,,,,
977,26410.0,56294.0,51082.0,57233.0,48932.0,26216.0,3.135483980178833,,,,,,,,,,,,,,,,,,,,,,,,,,,,,,,,,,
978,26420.0,55977.0,51197.0,57255.0,48564.0,26226.0,3.135483980178833,,,,,,,,,,,,,,,,,,,,,,,,,,,,,,,,,,
979,26430.0,56112.0,50879.0,56996.0,48523.0,26236.0,3.135483980178833,,,,,,,,,,,,,,,,,,,,,,,,,,,,,,,,,,
980,26440.0,56302.0,50199.0,56695.0,49192.0,26246.0,3.1407625675201416,,,,,,,,,,,,,,,,,,,,,,,,,,,,,,,,,,
981,26450.0,55649.0,51225.0,56897.0,47959.0,26256.0,3.1407625675201416,,,,,,,,,,,,,,,,,,,,,,,,,,,,,,,,,,
982,26460.0,56007.0,50012.0,56549.0,49370.0,26266.0,3.1407625675201416,,,,,,,,,,,,,,,,,,,,,,,,,,,,,,,,,,
983,26470.0,55593.0,51523.0,56810.0,47362.0,26276.0,3.1407625675201416,,,,,,,,,,,,,,,,,,,,,,,,,,,,,,,,,,
984,26480.0,55277.0,50812.0,56967.0,48230.0,26286.0,3.1407625675201416,,,,,,,,,,,,,,,,,,,,,,,,,,,,,,,,,,
985,26490.0,54758.0,51240.0,57343.0,47594.0,26296.0,3.14604115486145,,,,,,,,,,,,,,,,,,,,,,,,,,,,,,,,,,
986,26500.0,54423.0,51836.0,57707.0,46469.0,26306.0,3.14604115486145,,,,,,,,,,,,,,,,,,,,,,,,,,,,,,,,,,
987,26510.0,54197.0,51829.0,57704.0,46291.0,26316.0,3.14604115486145,,,,,,,,,,,,,,,,,,,,,,,,,,,,,,,,,,
988,26520.0,54730.0,52067.0,57355.0,45912.0,26326.0,3.151319742202759,,,,,,,,,,,,,,,,,,,,,,,,,,,,,,,,,,
989,26530.0,54672.0,51822.0,57243.0,45810.0,26336.0,3.151319742202759,,,,,,,,,,,,,,,,,,,,,,,,,,,,,,,,,,
990,26540.0,54869.0,51331.0,57009.0,46369.0,26346.0,3.1565983295440674,,,,,,,,,,,,,,,,,,,,,,,,,,,,,,,,,,
991,26550.0,54411.0,51169.0,57345.0,46438.0,26356.0,3.161876916885376,,,,,,,,,,,,,,,,,,,,,,,,,,,,,,,,,,
992,26560.0,54396.0,50868.0,57225.0,46726.0,26366.0,3.1671555042266846,,,,,,,,,,,,,,,,,,,,,,,,,,,,,,,,,,
993,26570.0,54436.0,50703.0,56966.0,46805.0,26376.0,3.1671555042266846,,,,,,,,,,,,,,,,,,,,,,,,,,,,,,,,,,
994,26580.0,53853.0,50798.0,57286.0,46401.0,26386.0,3.1671555042266846,,,,,,,,,,,,,,,,,,,,,,,,,,,,,,,,,,
995,26590.0,54090.0,50355.0,56960.0,47060.0,26396.0,3.172434091567993,,,,,,,,,,,,,,,,,,,,,,,,,,,,,,,,,,
996,26600.0,54232.0,50013.0,56793.0,47535.0,26406.0,3.1777126789093018,,,,,,,,,,,,,,,,,,,,,,,,,,,,,,,,,,
997,26610.0,53931.0,50011.0,56776.0,47694.0,26416.0,3.1829912662506104,,,,,,,,,,,,,,,,,,,,,,,,,,,,,,,,,,
998,26620.0,53913.0,50139.0,56842.0,47455.0,26426.0,3.188269853591919,,,,,,,,,,,,,,,,,,,,,,,,,,,,,,,,,,
999,26630.0,54545.0,49954.0,56249.0,47655.0,26436.0,3.188269853591919,,,,,,,,,,,,,,,,,,,,,,,,,,,,,,,,,,
1000,26640.0,54555.0,49735.0,56054.0,48020.0,26446.0,3.1935484409332275,,,,,,,,,,,,,,,,,,,,,,,,,,,,,,,,,,
1001,26650.0,54549.0,50073.0,56181.0,47840.0,26456.0,3.188269853591919,,,,,,,,,,,,,,,,,,,,,,,,,,,,,,,,,,
1002,26660.0,53949.0,50172.0,56428.0,47583.0,26466.0,3.1935484409332275,,,,,,,,,,,,,,,,,,,,,,,,,,,,,,,,,,
1003,26670.0,53626.0,50223.0,56529.0,47744.0,26476.0,3.1935484409332275,,,,,,,,,,,,,,,,,,,,,,,,,,,,,,,,,,
1004,26680.0,53318.0,50142.0,56666.0,48005.0,26486.0,3.1935484409332275,,,,,,,,,,,,,,,,,,,,,,,,,,,,,,,,,,
1005,26690.0,53168.0,50138.0,56781.0,48031.0,26496.0,3.1935484409332275,,,,,,,,,,,,,,,,,,,,,,,,,,,,,,,,,,
1006,26700.0,53203.0,50164.0,56656.0,48073.0,26506.0,3.198827028274536,,,,,,,,,,,,,,,,,,,,,,,,,,,,,,,,,,
1007,26710.0,53116.0,50703.0,56767.0,47411.0,26516.0,3.1935484409332275,,,,,,,,,,,,,,,,,,,,,,,,,,,,,,,,,,
1008,26720.0,53000.0,50871.0,56740.0,47275.0,26526.0,3.198827028274536,,,,,,,,,,,,,,,,,,,,,,,,,,,,,,,,,,
1009,26730.0,53783.0,51383.0,55947.0,46641.0,26536.0,3.198827028274536,,,,,,,,,,,,,,,,,,,,,,,,,,,,,,,,,,
1010,26740.0,54118.0,51218.0,55529.0,46885.0,26546.0,3.198827028274536,,,,,,,,,,,,,,,,,,,,,,,,,,,,,,,,,,
1011,26750.0,53942.0,51657.0,55678.0,46451.0,26556.0,3.198827028274536,,,,,,,,,,,,,,,,,,,,,,,,,,,,,,,,,,
1012,26760.0,54086.0,51643.0,55464.0,46586.0,26566.0,3.198827028274536,,,,,,,,,,,,,,,,,,,,,,,,,,,,,,,,,,
1013,26770.0,54158.0,51727.0,55415.0,46485.0,26576.0,3.2041056156158447,,,,,,,,,,,,,,,,,,,,,,,,,,,,,,,,,,
1014,26780.0,53795.0,51299.0,55730.0,46990.0,26586.0,3.2041056156158447,,,,,,,,,,,,,,,,,,,,,,,,,,,,,,,,,,
1015,26790.0,53103.0,49719.0,55440.0,47260.0,26596.0,3.2041056156158447,,,,,,,,,,,,,,,,,,,,,,,,,,,,,,,,,,
1016,26800.0,52479.0,49807.0,55942.0,47181.0,26606.0,3.2041056156158447,,,,,,,,,,,,,,,,,,,,,,,,,,,,,,,,,,
1017,26810.0,52396.0,48917.0,55832.0,47818.0,26616.0,3.2041056156158447,,,,,,,,,,,,,,,,,,,,,,,,,,,,,,,,,,
1018,26820.0,51864.0,48343.0,55833.0,48122.0,26626.0,3.2041056156158447,,,,,,,,,,,,,,,,,,,,,,,,,,,,,,,,,,
1019,26830.0,52121.0,48763.0,55621.0,47672.0,26636.0,3.2041056156158447,,,,,,,,,,,,,,,,,,,,,,,,,,,,,,,,,,
1020,26840.0,52219.0,49191.0,55387.0,47007.0,26646.0,3.198827028274536,,,,,,,,,,,,,,,,,,,,,,,,,,,,,,,,,,
1021,26850.0,52708.0,49388.0,54967.0,46768.0,26656.0,3.2041056156158447,,,,,,,,,,,,,,,,,,,,,,,,,,,,,,,,,,
1022,26860.0,52819.0,50291.0,54833.0,45824.0,26666.0,3.2041056156158447,,,,,,,,,,,,,,,,,,,,,,,,,,,,,,,,,,
1023,26870.0,53385.0,49986.0,54240.0,46229.0,26676.0,3.2041056156158447,,,,,,,,,,,,,,,,,,,,,,,,,,,,,,,,,,
1024,26880.0,53427.0,51096.0,54674.0,46108.0,26686.0,3.2041056156158447,,,,,,,,,,,,,,,,,,,,,,,,,,,,,,,,,,
1025,26890.0,53535.0,51518.0,54451.0,45815.0,26696.0,3.2041056156158447,,,,,,,,,,,,,,,,,,,,,,,,,,,,,,,,,,
1026,26900.0,53099.0,51657.0,55108.0,46177.0,26706.0,3.2041056156158447,,,,,,,,,,,,,,,,,,,,,,,,,,,,,,,,,,
1027,26910.0,52589.0,51931.0,55440.0,46158.0,26716.0,3.2041056156158447,,,,,,,,,,,,,,,,,,,,,,,,,,,,,,,,,,
1028,26920.0,52438.0,50887.0,54865.0,46631.0,26726.0,3.2041056156158447,,,,,,,,,,,,,,,,,,,,,,,,,,,,,,,,,,
1029,26930.0,51746.0,50435.0,55357.0,47328.0,26736.0,3.2041056156158447,,,,,,,,,,,,,,,,,,,,,,,,,,,,,,,,,,
1030,26940.0,51486.0,50197.0,55556.0,47649.0,26746.0,3.2041056156158447,,,,,,,,,,,,,,,,,,,,,,,,,,,,,,,,,,
1031,26950.0,51492.0,49572.0,55326.0,48435.0,26756.0,3.2041056156158447,,,,,,,,,,,,,,,,,,,,,,,,,,,,,,,,,,
1032,26960.0,51848.0,50049.0,55137.0,47955.0,26766.0,3.2041056156158447,,,,,,,,,,,,,,,,,,,,,,,,,,,,,,,,,,
1033,26970.0,52662.0,50591.0,54481.0,47508.0,26776.0,3.2041056156158447,,,,,,,,,,,,,,,,,,,,,,,,,,,,,,,,,,
1034,26980.0,52968.0,50540.0,54118.0,47824.0,26786.0,3.2041056156158447,,,,,,,,,,,,,,,,,,,,,,,,,,,,,,,,,,
1035,26990.0,53084.0,49061.0,53916.0,49563.0,26796.0,3.2041056156158447,,,,,,,,,,,,,,,,,,,,,,,,,,,,,,,,,,
1036,27000.0,52939.0,49671.0,54068.0,49302.0,26806.0,3.2093844413757324,,,,,,,,,,,,,,,,,,,,,,,,,,,,,,,,,,
1037,27010.0,51755.0,49622.0,55370.0,49446.0,26816.0,3.2199416160583496,,,,,,,,,,,,,,,,,,,,,,,,,,,,,,,,,,
1038,27020.0,51687.0,49757.0,55593.0,49244.0,26826.0,3.2199416160583496,,,,,,,,,,,,,,,,,,,,,,,,,,,,,,,,,,
1039,27030.0,52355.0,50730.0,55177.0,48554.0,26836.0,3.225220203399658,,,,,,,,,,,,,,,,,,,,,,,,,,,,,,,,,,
1040,27040.0,51740.0,50993.0,55682.0,48417.0,26846.0,3.225220203399658,,,,,,,,,,,,,,,,,,,,,,,,,,,,,,,,,,
1041,27050.0,51482.0,51781.0,56043.0,47914.0,26856.0,3.225220203399658,,,,,,,,,,,,,,,,,,,,,,,,,,,,,,,,,,
1042,27060.0,50894.0,51850.0,56511.0,47751.0,26866.0,3.225220203399658,,,,,,,,,,,,,,,,,,,,,,,,,,,,,,,,,,
1043,27070.0,51586.0,51218.0,56244.0,48619.0,26876.0,3.225220203399658,,,,,,,,,,,,,,,,,,,,,,,,,,,,,,,,,,
1044,27080.0,51126.0,51883.0,56459.0,48008.0,26886.0,3.225220203399658,,,,,,,,,,,,,,,,,,,,,,,,,,,,,,,,,,
1045,27090.0,51583.0,53253.0,56384.0,46602.0,26896.0,3.214663028717041,,,,,,,,,,,,,,,,,,,,,,,,,,,,,,,,,,
1046,27100.0,51151.0,53889.0,57014.0,46010.0,26906.0,3.214663028717041,,,,,,,,,,,,,,,,,,,,,,,,,,,,,,,,,,
1047,27110.0,51395.0,53814.0,56882.0,46186.0,26916.0,3.214663028717041,,,,,,,,,,,,,,,,,,,,,,,,,,,,,,,,,,
1048,27120.0,52061.0,52903.0,56477.0,47944.0,26926.0,3.214663028717041,,,,,,,,,,,,,,,,,,,,,,,,,,,,,,,,,,
1049,27130.0,52548.0,52940.0,56186.0,48469.0,26936.0,3.214663028717041,,,,,,,,,,,,,,,,,,,,,,,,,,,,,,,,,,
1050,27140.0,53410.0,52290.0,55249.0,49595.0,26946.0,3.2199416160583496,,,,,,,,,,,,,,,,,,,,,,,,,,,,,,,,,,
1051,27150.0,53708.0,52437.0,55003.0,49827.0,26956.0,3.2199416160583496,,,,,,,,,,,,,,,,,,,,,,,,,,,,,,,,,,
1052,27160.0,53905.0,52561.0,54991.0,49495.0,26966.0,3.2199416160583496,,,,,,,,,,,,,,,,,,,,,,,,,,,,,,,,,,
1053,27170.0,54848.0,52968.0,54033.0,48985.0,26976.0,3.2199416160583496,,,,,,,,,,,,,,,,,,,,,,,,,,,,,,,,,,
1054,27180.0,55496.0,52235.0,53525.0,50230.0,26986.0,3.2199416160583496,,,,,,,,,,,,,,,,,,,,,,,,,,,,,,,,,,
1055,27190.0,55989.0,52670.0,52716.0,50011.0,26996.0,3.214663028717041,,,,,,,,,,,,,,,,,,,,,,,,,,,,,,,,,,
1056,27200.0,56012.0,52310.0,52714.0,50605.0,27006.0,3.214663028717041,,,,,,,,,,,,,,,,,,,,,,,,,,,,,,,,,,
1057,27210.0,54850.0,53070.0,53673.0,49723.0,27016.0,3.214663028717041,,,,,,,,,,,,,,,,,,,,,,,,,,,,,,,,,,
1058,27220.0,54467.0,53177.0,53918.0,49339.0,27026.0,3.2093844413757324,,,,,,,,,,,,,,,,,,,,,,,,,,,,,,,,,,
1059,27230.0,54620.0,53139.0,53710.0,49284.0,27036.0,3.2093844413757324,,,,,,,,,,,,,,,,,,,,,,,,,,,,,,,,,,
1060,27240.0,53252.0,52366.0,54799.0,49775.0,27046.0,3.2093844413757324,,,,,,,,,,,,,,,,,,,,,,,,,,,,,,,,,,
1061,27250.0,51828.0,51941.0,55692.0,50049.0,27056.0,3.2093844413757324,,,,,,,,,,,,,,,,,,,,,,,,,,,,,,,,,,
1062,27260.0,50887.0,52215.0,56362.0,49613.0,27066.0,3.2041056156158447,,,,,,,,,,,,,,,,,,,,,,,,,,,,,,,,,,
1063,27270.0,50415.0,52205.0,56668.0,49481.0,27076.0,3.2093844413757324,,,,,,,,,,,,,,,,,,,,,,,,,,,,,,,,,,
1064,27280.0,50597.0,51331.0,56372.0,50307.0,27086.0,3.2041056156158447,,,,,,,,,,,,,,,,,,,,,,,,,,,,,,,,,,
1065,27290.0,51152.0,51211.0,55684.0,50024.0,27096.0,3.2041056156158447,,,,,,,,,,,,,,,,,,,,,,,,,,,,,,,,,,
1066,27300.0,51702.0,51041.0,55095.0,50098.0,27106.0,3.2041056156158447,,,,,,,,,,,,,,,,,,,,,,,,,,,,,,,,,,
1067,27310.0,52302.0,52232.0,54630.0,48591.0,27116.0,3.198827028274536,,,,,,,,,,,,,,,,,,,,,,,,,,,,,,,,,,
1068,27320.0,52306.0,52064.0,54339.0,48807.0,27126.0,3.1935484409332275,,,,,,,,,,,,,,,,,,,,,,,,,,,,,,,,,,
1069,27330.0,52735.0,52604.0,53900.0,48145.0,27136.0,3.188269853591919,,,,,,,,,,,,,,,,,,,,,,,,,,,,,,,,,,
1070,27340.0,53242.0,52325.0,53293.0,48450.0,27146.0,3.1829912662506104,,,,,,,,,,,,,,,,,,,,,,,,,,,,,,,,,,
1071,27350.0,52773.0,52035.0,53657.0,48672.0,27156.0,3.1829912662506104,,,,,,,,,,,,,,,,,,,,,,,,,,,,,,,,,,
1072,27360.0,52897.0,51771.0,53679.0,49062.0,27166.0,3.1829912662506104,,,,,,,,,,,,,,,,,,,,,,,,,,,,,,,,,,
1073,27370.0,53359.0,51706.0,53287.0,48915.0,27176.0,3.1829912662506104,,,,,,,,,,,,,,,,,,,,,,,,,,,,,,,,,,
1074,27380.0,52915.0,51329.0,53831.0,49025.0,27186.0,3.1829912662506104,,,,,,,,,,,,,,,,,,,,,,,,,,,,,,,,,,
1075,27390.0,52240.0,51823.0,54312.0,48448.0,27196.0,3.1777126789093018,,,,,,,,,,,,,,,,,,,,,,,,,,,,,,,,,,
1076,27400.0,51892.0,52444.0,54727.0,47531.0,27206.0,3.1777126789093018,,,,,,,,,,,,,,,,,,,,,,,,,,,,,,,,,,
1077,27410.0,50997.0,51861.0,55341.0,48013.0,27216.0,3.1777126789093018,,,,,,,,,,,,,,,,,,,,,,,,,,,,,,,,,,
1078,27420.0,50425.0,52783.0,55614.0,46816.0,27226.0,3.1777126789093018,,,,,,,,,,,,,,,,,,,,,,,,,,,,,,,,,,
1079,27430.0,50303.0,52592.0,55316.0,46944.0,27236.0,3.1829912662506104,,,,,,,,,,,,,,,,,,,,,,,,,,,,,,,,,,
1080,27440.0,50366.0,51063.0,55159.0,48609.0,27246.0,3.188269853591919,,,,,,,,,,,,,,,,,,,,,,,,,,,,,,,,,,
1081,27450.0,51458.0,50988.0,53910.0,48594.0,27256.0,3.188269853591919,,,,,,,,,,,,,,,,,,,,,,,,,,,,,,,,,,
1082,27460.0,51688.0,51138.0,53765.0,48455.0,27266.0,3.1935484409332275,,,,,,,,,,,,,,,,,,,,,,,,,,,,,,,,,,
1083,27470.0,53152.0,50210.0,52205.0,49138.0,27276.0,3.1935484409332275,,,,,,,,,,,,,,,,,,,,,,,,,,,,,,,,,,
1084,27480.0,53459.0,50541.0,51966.0,48801.0,27286.0,3.198827028274536,,,,,,,,,,,,,,,,,,,,,,,,,,,,,,,,,,
1085,27490.0,53017.0,49989.0,52015.0,49079.0,27296.0,3.198827028274536,,,,,,,,,,,,,,,,,,,,,,,,,,,,,,,,,,
1086,27500.0,52584.0,49120.0,52310.0,49633.0,27306.0,3.198827028274536,,,,,,,,,,,,,,,,,,,,,,,,,,,,,,,,,,
1087,27510.0,52190.0,50117.0,52644.0,48779.0,27316.0,3.2041056156158447,,,,,,,,,,,,,,,,,,,,,,,,,,,,,,,,,,
1088,27520.0,50904.0,51109.0,53853.0,47824.0,27326.0,3.2041056156158447,,,,,,,,,,,,,,,,,,,,,,,,,,,,,,,,,,
1089,27530.0,50677.0,51716.0,54113.0,47070.0,27336.0,3.2041056156158447,,,,,,,,,,,,,,,,,,,,,,,,,,,,,,,,,,
1090,27540.0,50782.0,52410.0,53865.0,45892.0,27346.0,3.2041056156158447,,,,,,,,,,,,,,,,,,,,,,,,,,,,,,,,,,
1091,27550.0,50335.0,53298.0,54203.0,44594.0,27356.0,3.2041056156158447,,,,,,,,,,,,,,,,,,,,,,,,,,,,,,,,,,
1092,27560.0,50013.0,53006.0,54507.0,44802.0,27366.0,3.2041056156158447,,,,,,,,,,,,,,,,,,,,,,,,,,,,,,,,,,
1093,27570.0,50258.0,52195.0,54237.0,45846.0,27376.0,3.2041056156158447,,,,,,,,,,,,,,,,,,,,,,,,,,,,,,,,,,
1094,27580.0,50059.0,52856.0,54780.0,45269.0,27386.0,3.2041056156158447,,,,,,,,,,,,,,,,,,,,,,,,,,,,,,,,,,
1095,27590.0,50485.0,52132.0,54472.0,45839.0,27396.0,3.2041056156158447,,,,,,,,,,,,,,,,,,,,,,,,,,,,,,,,,,
1096,27600.0,51438.0,50912.0,54020.0,47286.0,27406.0,3.2041056156158447,,,,,,,,,,,,,,,,,,,,,,,,,,,,,,,,,,
1097,27610.0,52638.0,50170.0,52940.0,48157.0,27416.0,3.2041056156158447,,,,,,,,,,,,,,,,,,,,,,,,,,,,,,,,,,
1098,27620.0,52781.0,49127.0,52901.0,49169.0,27426.0,3.2093844413757324,,,,,,,,,,,,,,,,,,,,,,,,,,,,,,,,,,
1099,27630.0,52839.0,48659.0,52708.0,49521.0,27436.0,3.2093844413757324,,,,,,,,,,,,,,,,,,,,,,,,,,,,,,,,,,
1100,27640.0,52766.0,48764.0,52932.0,49447.0,27446.0,3.214663028717041,,,,,,,,,,,,,,,,,,,,,,,,,,,,,,,,,,
1101,27650.0,52853.0,48623.0,53148.0,49688.0,27456.0,3.214663028717041,,,,,,,,,,,,,,,,,,,,,,,,,,,,,,,,,,
1102,27660.0,52019.0,49837.0,53854.0,48451.0,27466.0,3.2199416160583496,,,,,,,,,,,,,,,,,,,,,,,,,,,,,,,,,,
1103,27670.0,51755.0,49355.0,54178.0,48650.0,27476.0,3.214663028717041,,,,,,,,,,,,,,,,,,,,,,,,,,,,,,,,,,
1104,27680.0,50997.0,50158.0,54804.0,47627.0,27486.0,3.214663028717041,,,,,,,,,,,,,,,,,,,,,,,,,,,,,,,,,,
1105,27690.0,50521.0,50734.0,55324.0,46939.0,27496.0,3.2199416160583496,,,,,,,,,,,,,,,,,,,,,,,,,,,,,,,,,,
1106,27700.0,0.0,0.0,0.0,0.0,27506.0,3.2199416160583496,,,,,,,,,,,,,,,,,,,,,,,,,,,,,,,,,,
1107,27710.0,0.0,0.0,0.0,0.0,27516.0,3.2199416160583496,,,,,,,,,,,,,,,,,,,,,,,,,,,,,,,,,,
1108,27720.0,0.0,0.0,0.0,0.0,27526.0,3.2199416160583496,,,,,,,,,,,,,,,,,,,,,,,,,,,,,,,,,,
1109,27730.0,0.0,0.0,0.0,0.0,27536.0,3.2199416160583496,,,,,,,,,,,,,,,,,,,,,,,,,,,,,,,,,,
1110,27740.0,0.0,0.0,0.0,0.0,27546.0,3.2199416160583496,,,,,,,,,,,,,,,,,,,,,,,,,,,,,,,,,,
1111,27750.0,0.0,0.0,0.0,0.0,27556.0,3.2199416160583496,,,,,,,,,,,,,,,,,,,,,,,,,,,,,,,,,,
1112,27760.0,0.0,0.0,0.0,0.0,27566.0,3.2199416160583496,,,,,,,,,,,,,,,,,,,,,,,,,,,,,,,,,,
1113,27770.0,0.0,0.0,0.0,0.0,27576.0,3.2199416160583496,,,,,,,,,,,,,,,,,,,,,,,,,,,,,,,,,,
1114,27780.0,0.0,0.0,0.0,0.0,27586.0,3.225220203399658,,,,,,,,,,,,,,,,,,,,,,,,,,,,,,,,,,
1115,27790.0,0.0,0.0,0.0,0.0,27596.0,3.2199416160583496,,,,,,,,,,,,,,,,,,,,,,,,,,,,,,,,,,
1116,,,,,,27606.0,3.2199416160583496,,,,,,,,,,,,,,,,,,,,,,,,,,,,,,,,,,
1117,,,,,,27616.0,3.2199416160583496,,,,,,,,,,,,,,,,,,,,,,,,,,,,,,,,,,
1118,,,,,,27626.0,3.2199416160583496,,,,,,,,,,,,,,,,,,,,,,,,,,,,,,,,,,
1119,,,,,,27636.0,3.2199416160583496,,,,,,,,,,,,,,,,,,,,,,,,,,,,,,,,,,
1120,,,,,,27646.0,3.214663028717041,,,,,,,,,,,,,,,,,,,,,,,,,,,,,,,,,,
1121,,,,,,27656.0,3.214663028717041,,,,,,,,,,,,,,,,,,,,,,,,,,,,,,,,,,
1122,,,,,,27666.0,3.214663028717041,,,,,,,,,,,,,,,,,,,,,,,,,,,,,,,,,,
1123,,,,,,27676.0,3.2199416160583496,,,,,,,,,,,,,,,,,,,,,,,,,,,,,,,,,,
1124,,,,,,27686.0,3.2199416160583496,,,,,,,,,,,,,,,,,,,,,,,,,,,,,,,,,,
1125,,,,,,27696.0,3.2199416160583496,,,,,,,,,,,,,,,,,,,,,,,,,,,,,,,,,,
1126,,,,,,27706.0,3.2199416160583496,,,,,,,,,,,,,,,,,,,,,,,,,,,,,,,,,,
1127,,,,,,27716.0,3.515542507171631,,,,,,,,,,,,,,,,,,,,,,,,,,,,,,,,,,
1128,,,,,,27726.0,3.6158359050750732,,,,,,,,,,,,,,,,,,,,,,,,,,,,,,,,,,
1129,,,,,,27736.0,3.642228841781616,,,,,,,,,,,,,,,,,,,,,,,,,,,,,,,,,,
1130,,,,,,27746.0,3.647507429122925,,,,,,,,,,,,,,,,,,,,,,,,,,,,,,,,,,
1131,,,,,,27756.0,3.647507429122925,,,,,,,,,,,,,,,,,,,,,,,,,,,,,,,,,,
1132,,,,,,27766.0,3.6527860164642334,,,,,,,,,,,,,,,,,,,,,,,,,,,,,,,,,,
1133,,,,,,27776.0,3.6527860164642334,,,,,,,,,,,,,,,,,,,,,,,,,,,,,,,,,,
1134,,,,,,27786.0,3.6527860164642334,,,,,,,,,,,,,,,,,,,,,,,,,,,,,,,,,,
