,motor_timestamp,m1,m2,m3,m4,bat_timestamp,bat_volt,cmd_timestamp,cmd_thrust,cmd_act_thrust,cmd_roll,cmd_pitch,cmd_yawrate,stabilizer_timestamp,stabilizer_thrust,des_timestamp,des_x,des_y,des_z,des_vx,des_vy,des_vz,mocap_output_timestamp,mocap_x,mocap_y,mocap_z,mocap_qx,mocap_qy,mocap_qz,mocap_qw,stateZ_timestamp,stateZ_x,stateZ_y,stateZ_z,stateZ_quat,stateZ_vx,stateZ_vy,stateZ_vz,stateZ_rollrate,stateZ_pitchrate,stateZ_yawrate
0,19946.0,0.0,0.0,0.0,0.0,19946.0,4.017009258270264,,,,,,,,,2.000626564025879,0.0,0.0,0.026,-0.003,-0.011,-0.006,,,,,,,,,19944.0,0.0,0.0,0.0,-1073741824.0,0.0,0.0,0.0,0.0,-1.0,0.0
1,19956.0,0.0,0.0,0.0,0.0,19956.0,4.017009258270264,,,,,,,,,2.021174192428589,0.0,0.0,0.026,-0.002,-0.005,-0.006,,,,,,,,,19954.0,0.0,0.0,0.0,-536346112.0,0.0,0.0,0.0,-2.0,0.0,-1.0
2,19966.0,0.0,0.0,0.0,0.0,19966.0,4.017009258270264,,,,,,,,,2.042696714401245,0.0,0.0,0.026,0.005,-0.003,-0.006,,,,,,,,,19964.0,0.0,0.0,-259.0,-536870400.0,7.0,0.0,0.0,0.0,1.0,0.0
3,19976.0,0.0,0.0,0.0,0.0,19976.0,4.017009258270264,,,,,,,,,2.063112497329712,0.0,0.0,0.027,0.003,0.002,0.003,,,,,,,,,19974.0,0.0,0.0,-259.0,-536870400.0,8.0,0.0,0.0,0.0,1.0,-1.0
4,19986.0,0.0,0.0,0.0,0.0,19986.0,4.017009258270264,,,,,,,,,2.082493782043457,0.0,0.0,0.027,-0.001,0.0,0.004,,,,,,,,,19984.0,0.0,0.0,29.0,-1073741312.0,6.0,-5.0,0.0,0.0,3.0,1.0
5,19996.0,0.0,0.0,0.0,0.0,19996.0,4.017009258270264,,,,,,,,,2.1031227111816406,0.001,0.001,0.027,0.009,0.001,0.003,,,,,,,,,19994.0,0.0,0.0,29.0,-1073741312.0,6.0,-5.0,0.0,1.0,0.0,3.0
6,20006.0,0.0,0.0,0.0,0.0,20006.0,4.017009258270264,,,,,,,,,2.122859239578247,0.001,0.001,0.027,0.008,0.001,0.01,,,,,,,,,20004.0,0.0,0.0,28.0,-1073740288.0,10.0,-5.0,0.0,0.0,3.0,-1.0
7,20016.0,0.0,0.0,0.0,0.0,20016.0,4.017009258270264,,,,,,,,,2.1422338485717773,0.002,0.002,0.028,0.007,0.002,0.012,,,,,,,,,20014.0,0.0,0.0,29.0,-1073216000.0,2.0,-8.0,-1.0,-3.0,1.0,-6.0
8,20026.0,0.0,0.0,0.0,0.0,20026.0,4.017009258270264,,,,,,,,,2.161000967025757,0.0,0.0,0.028,-0.004,-0.026,0.024,,,,,,,,,20024.0,0.0,0.0,27.0,-1073217024.0,5.0,-8.0,-2.0,2.0,4.0,2.0
9,20036.0,0.0,0.0,0.0,0.0,20036.0,4.017009258270264,,,,,,,,,2.1805906295776367,0.0,0.0,0.028,-0.014,-0.033,0.047,,,,,,,,,20034.0,0.0,0.0,27.0,-1073217024.0,6.0,-9.0,-2.0,2.0,1.0,0.0
10,20046.0,0.0,0.0,0.0,0.0,20046.0,4.017009258270264,,,,,,,,,2.200850009918213,-0.003,-0.003,0.029,-0.033,-0.064,0.095,,,,,,,,,20044.0,0.0,0.0,27.0,-1073217024.0,7.0,-10.0,-2.0,1.0,1.0,1.0
11,20056.0,0.0,0.0,0.0,0.0,20056.0,4.017009258270264,,,,,,,,,2.2205824851989746,-0.004,-0.004,0.024,-0.047,-0.097,0.117,,,,,,,,,20054.0,0.0,0.0,27.0,-535296512.0,4.0,-3.0,-2.0,0.0,-1.0,0.0
12,20066.0,0.0,0.0,0.0,0.0,20066.0,4.017009258270264,,,,,,,,,2.239645481109619,-0.004,-0.004,0.027,-0.04,-0.094,0.188,,,,,,,,,20064.0,0.0,0.0,27.0,-535296512.0,4.0,-6.0,-2.0,2.0,6.0,2.0
13,20076.0,0.0,0.0,0.0,0.0,20076.0,4.017009258270264,,,,,,,,,2.2607569694519043,-0.005,-0.005,0.032,-0.051,-0.087,0.257,,,,,,,,,20074.0,0.0,0.0,27.0,-535295488.0,0.0,-6.0,-3.0,5.0,-2.0,3.0
14,20086.0,0.0,0.0,0.0,0.0,20086.0,4.017009258270264,,,,,,,,,2.2782723903656006,-0.007,-0.007,0.027,-0.059,-0.082,0.248,,,,,,,,,20084.0,0.0,0.0,27.0,-535295488.0,0.0,-5.0,-3.0,-1.0,3.0,-2.0
15,20096.0,0.0,0.0,0.0,0.0,20096.0,4.017009258270264,,,,,,,,,2.292133331298828,-0.008,-0.008,0.029,-0.065,-0.113,0.278,,,,,,,,,20094.0,0.0,0.0,27.0,-535296512.0,5.0,-6.0,-3.0,-1.0,0.0,1.0
16,20106.0,0.0,0.0,0.0,0.0,20106.0,4.017009258270264,,,,,,,,,2.305053949356079,-0.014,-0.014,0.036,-0.095,-0.099,0.342,,,,,,,,,20104.0,0.0,0.0,27.0,-534773248.0,11.0,-4.0,-4.0,-3.0,0.0,-2.0
17,20116.0,0.0,0.0,0.0,0.0,20116.0,4.017009258270264,,,,,,,,,2.318925380706787,-0.01,-0.01,0.039,-0.067,-0.089,0.367,,,,,,,,,20114.0,0.0,0.0,26.0,-534247936.0,4.0,-5.0,-8.0,4.0,1.0,1.0
18,20126.0,0.0,0.0,0.0,0.0,20126.0,4.017009258270264,,,,,,,,,2.3318231105804443,-0.009,-0.009,0.043,-0.054,-0.073,0.394,,,,,,,,,20124.0,1.0,0.0,26.0,-534248960.0,11.0,-5.0,-8.0,-2.0,2.0,-2.0
19,20136.0,0.0,0.0,0.0,0.0,20136.0,4.017009258270264,,,,,,,,,2.3446648120880127,-0.005,-0.005,0.051,-0.016,-0.073,0.44,,,,,,,,,20134.0,0.0,0.0,26.0,-535295488.0,0.0,-10.0,-8.0,1.0,-1.0,1.0
20,20146.0,0.0,0.0,0.0,0.0,20146.0,4.017009258270264,,,,,,,,,2.35859751701355,0.0,0.0,0.056,0.025,-0.034,0.459,,,,,,,,,20144.0,0.0,0.0,26.0,-535295488.0,0.0,-10.0,-8.0,0.0,-1.0,-4.0
21,20156.0,54754.0,55594.0,55262.0,54358.0,20156.0,4.017009258270264,,,,,,,,,2.3715622425079346,-0.002,-0.002,0.066,0.009,-0.027,0.503,,,,,,,,,20154.0,0.0,-1.0,26.0,-535294464.0,-3.0,-11.0,-6.0,-2.0,-1.0,3.0
22,20166.0,54857.0,55289.0,55413.0,55049.0,20166.0,4.022287845611572,,,,,,,,,2.3847098350524902,0.003,0.003,0.076,0.05,0.004,0.528,,,,,,,,,20164.0,0.0,0.0,26.0,-534246912.0,0.0,-6.0,-6.0,2.0,-6.0,-2.0
23,20176.0,54825.0,55421.0,55899.0,55115.0,20176.0,3.489149570465088,,,,,,,,,2.398749828338623,0.004,0.004,0.081,0.059,0.008,0.539,,,,,,,,,20174.0,0.0,0.0,26.0,-534246912.0,-2.0,-5.0,-6.0,1.0,4.0,4.0
24,20186.0,55179.0,55771.0,55505.0,55453.0,20186.0,3.29384183883667,,,,,,,,,2.411672592163086,0.002,0.002,0.088,0.046,0.038,0.557,,,,,,,,,20184.0,0.0,0.0,26.0,-534246912.0,-3.0,-4.0,-6.0,9.0,0.0,-6.0
25,20196.0,55848.0,55138.0,55932.0,55642.0,20196.0,3.135483980178833,,,,,,,,,2.4245998859405518,0.001,0.001,0.099,0.043,0.045,0.575,,,,,,,,,20194.0,0.0,0.0,26.0,-534247936.0,5.0,-3.0,-6.0,-7.0,13.0,56.0
26,20206.0,55568.0,54440.0,56632.0,55364.0,20206.0,3.029912233352661,,,,,,,,,2.4385480880737305,-0.003,-0.003,0.105,0.015,0.049,0.581,,,,,,,,,20204.0,0.0,0.0,27.0,-534247936.0,3.0,-2.0,2.0,-8.0,12.0,78.0
27,20216.0,54714.0,53854.0,57394.0,56630.0,20216.0,3.029912233352661,,,,,,,,,2.451474905014038,-0.001,-0.001,0.114,0.027,0.037,0.606,,,,,,,,,20214.0,0.0,0.0,27.0,-533199360.0,3.0,2.0,3.0,0.0,17.0,35.0
28,20226.0,54598.0,54394.0,57410.0,56810.0,20226.0,2.9612903594970703,,,,,,,,,2.4642868041992188,-0.002,-0.002,0.127,0.018,0.008,0.612,,,,,,,,,20224.0,0.0,0.0,27.0,-534247936.0,4.0,0.0,3.0,43.0,-15.0,-21.0
29,20236.0,56008.0,55674.0,55596.0,56510.0,20236.0,2.9560117721557617,,,,,,,,,2.4782261848449707,-0.002,-0.002,0.133,0.012,0.014,0.614,,,,,,,,,20234.0,0.0,0.0,27.0,-534246912.0,-1.0,0.0,4.0,26.0,-12.0,-31.0
30,20246.0,56926.0,57068.0,55534.0,55148.0,20246.0,2.9612903594970703,,,,,,,,,2.4911224842071533,-0.004,-0.004,0.139,-0.002,0.023,0.613,,,,,,,,,20244.0,0.0,0.0,27.0,-534246912.0,-1.0,-2.0,2.0,33.0,12.0,12.0
31,20256.0,56269.0,56207.0,57147.0,55537.0,20256.0,2.9824047088623047,,,,,,,,,2.5037434101104736,-0.004,-0.004,0.149,-0.003,0.028,0.593,,,,,,,,,20254.0,1.0,0.0,27.0,-534249472.0,9.0,1.0,3.0,83.0,32.0,53.0
32,20266.0,58142.0,57072.0,55986.0,54292.0,20266.0,3.0246336460113525,,,,,,,,,2.5175061225891113,-0.003,-0.003,0.155,-0.001,0.025,0.587,,,,,,,,,20264.0,1.0,0.0,27.0,-534248448.0,5.0,4.0,6.0,113.0,4.0,82.0
33,20276.0,59644.0,56100.0,55312.0,54724.0,20276.0,3.0246336460113525,,,,,,,,,2.530318260192871,-0.003,-0.003,0.161,-0.001,0.036,0.581,,,,,,,,,20274.0,1.0,0.0,27.0,-535297024.0,8.0,1.0,10.0,142.0,9.0,139.0
34,20286.0,59279.0,57359.0,56457.0,53185.0,20286.0,3.0774195194244385,,,,,,,,,2.543332815170288,-0.003,-0.003,0.172,-0.003,0.035,0.569,,,,,,,,,20284.0,1.0,0.0,27.0,-535297023.0,8.0,2.0,11.0,134.0,13.0,166.0
35,20296.0,60323.0,57563.0,55811.0,53051.0,20296.0,3.124926805496216,,,,,,,,,2.5571298599243164,-0.003,-0.003,0.178,-0.006,0.04,0.562,,,,,,,,,20294.0,2.0,0.0,28.0,-536345599.0,7.0,2.0,12.0,231.0,64.0,171.0
36,20306.0,59240.0,58446.0,57984.0,51294.0,20306.0,3.172434091567993,,,,,,,,,2.570281505584717,-0.005,-0.005,0.183,-0.011,0.044,0.552,,,,,,,,,20304.0,2.0,0.0,28.0,-1073216510.0,7.0,2.0,16.0,321.0,78.0,231.0
37,20316.0,62909.0,64207.0,55045.0,44643.0,20316.0,3.225220203399658,,,,,,,,,2.5831758975982666,-0.005,-0.005,0.196,-0.011,0.048,0.546,,,,,,,,,20314.0,0.0,-4.0,28.0,-1069021181.0,-4.0,-26.0,24.0,371.0,205.0,270.0
38,20326.0,60950.0,63996.0,57298.0,44068.0,20326.0,3.2832846641540527,,,,,,,,,2.597014904022217,-0.005,-0.005,0.201,-0.009,0.049,0.535,,,,,,,,,20324.0,0.0,-5.0,28.0,-1066923004.0,-8.0,-34.0,34.0,511.0,303.0,306.0
39,20336.0,61503.0,61473.0,56677.0,46087.0,20336.0,3.2832846641540527,,,,,,,,,2.610210418701172,-0.006,-0.006,0.207,-0.011,0.049,0.525,,,,,,,,,20334.0,0.0,-5.0,28.0,-1064823803.0,-14.0,-33.0,47.0,527.0,376.0,304.0
40,20346.0,60028.0,58714.0,57386.0,47748.0,20346.0,3.3360705375671387,,,,,,,,,2.6233160495758057,-0.006,-0.006,0.217,-0.011,0.056,0.503,,,,,,,,,20344.0,0.0,-5.0,28.0,-1062726650.0,-10.0,-35.0,71.0,373.0,199.0,299.0
41,20356.0,61859.0,55677.0,54947.0,49445.0,20356.0,3.3677420616149902,,,,,,,,,2.6368155479431152,-0.007,-0.007,0.222,-0.011,0.057,0.493,,,,,,,,,20354.0,-3.0,-9.0,29.0,-1058529273.0,-33.0,-64.0,95.0,159.0,18.0,306.0
42,20366.0,59223.0,55067.0,57133.0,48201.0,20366.0,3.394134998321533,,,,,,,,,2.6499500274658203,-0.007,-0.007,0.227,-0.011,0.057,0.481,,,,,,,,,20364.0,-4.0,-13.0,29.0,-1055382520.0,-42.0,-91.0,123.0,-124.0,-118.0,332.0
43,20376.0,58778.0,53196.0,59342.0,50644.0,20376.0,3.4258065223693848,,,,,,,,,2.6629726886749268,-0.007,-0.007,0.236,-0.01,0.051,0.455,,,,,,,,,20374.0,-4.0,-14.0,24.0,-1055382519.0,-47.0,-97.0,117.0,-324.0,-205.0,365.0
44,20386.0,56366.0,49536.0,60786.0,52424.0,20386.0,3.446920871734619,,,,,,,,,2.6766092777252197,-0.006,-0.006,0.243,-0.008,0.052,0.451,,,,,,,,,20384.0,-5.0,-16.0,25.0,-1055382518.0,-53.0,-110.0,149.0,-656.0,-253.0,373.0
45,20396.0,54595.0,46533.0,60591.0,53549.0,20396.0,3.446920871734619,,,,,,,,,2.6897575855255127,-0.006,-0.006,0.247,-0.008,0.051,0.437,,,,,,,,,20394.0,-4.0,-14.0,27.0,-1059578868.0,-40.0,-94.0,188.0,-885.0,-334.0,349.0
46,20406.0,53399.0,42523.0,60293.0,55313.0,20406.0,3.4680352210998535,,,,,,,,,2.7021074295043945,-0.006,-0.006,0.256,-0.005,0.045,0.409,,,,,,,,,20404.0,-3.0,-11.0,30.0,-1064823795.0,-35.0,-75.0,225.0,-1017.0,-440.0,348.0
47,20416.0,54184.0,43484.0,58360.0,52400.0,20416.0,3.4838709831237793,,,,,,,,,2.715543270111084,-0.006,-0.006,0.261,-0.005,0.043,0.401,,,,,,,,,20414.0,-5.0,-13.0,32.0,-1067969522.0,-51.0,-87.0,257.0,-1048.0,-466.0,357.0
48,20426.0,54222.0,45474.0,59766.0,51386.0,20426.0,3.5049853324890137,,,,,,,,,2.729400634765625,-0.004,-0.004,0.265,0.0,0.042,0.387,,,,,,,,,20424.0,-7.0,-13.0,27.0,-1072164848.0,-59.0,-82.0,248.0,-928.0,-417.0,355.0
49,20436.0,55816.0,47900.0,57028.0,47132.0,20436.0,3.5208210945129395,,,,,,,,,2.7420694828033447,-0.004,-0.004,0.272,0.001,0.039,0.361,,,,,,,,,20434.0,-8.0,-19.0,29.0,-536343535.0,-65.0,-113.0,278.0,-745.0,-348.0,351.0
50,20447.0,59844.0,42564.0,60826.0,41538.0,20446.0,3.526099681854248,,,,,,,,,2.755302667617798,-0.004,-0.004,0.276,0.002,0.038,0.349,,,,,,,,,20444.0,-13.0,-18.0,32.0,-532148206.0,-94.0,-102.0,308.0,-458.0,-277.0,339.0
51,20457.0,63036.0,42284.0,54118.0,41710.0,20456.0,3.526099681854248,,,,,,,,,2.768028736114502,-0.003,-0.003,0.279,0.005,0.048,0.336,,,,,,,,,20454.0,-14.0,-19.0,36.0,-529003501.0,-95.0,-99.0,342.0,-167.0,-311.0,324.0
52,20466.0,59988.0,47534.0,48718.0,42196.0,20466.0,3.541935443878174,,,,,,,,,2.780550003051758,-0.003,-0.003,0.283,0.007,0.032,0.323,,,,,,,,,20464.0,-10.0,-19.0,39.0,-528481259.0,-67.0,-89.0,367.0,97.0,-404.0,328.0
53,20476.0,59768.0,46600.0,47714.0,41246.0,20476.0,3.5577714443206787,,,,,,,,,2.793093204498291,-0.002,-0.002,0.289,0.011,0.016,0.297,,,,,,,,,20474.0,-9.0,-18.0,43.0,-527430634.0,-54.0,-73.0,394.0,288.0,-460.0,328.0
54,20486.0,60191.0,45979.0,46137.0,40169.0,20486.0,3.568328619003296,,,,,,,,,2.806633949279785,-0.002,-0.002,0.293,0.012,0.015,0.291,,,,,,,,,20484.0,-5.0,-20.0,47.0,-528475113.0,-20.0,-76.0,418.0,345.0,-442.0,330.0
55,20496.0,58688.0,44232.0,46484.0,40412.0,20496.0,3.5841643810272217,,,,,,,,,2.819809675216675,-0.002,-0.002,0.296,0.012,0.013,0.279,,,,,,,,,20494.0,-5.0,-20.0,51.0,-529521640.0,-16.0,-73.0,440.0,351.0,-373.0,326.0
56,20506.0,56905.0,41523.0,46969.0,41923.0,20506.0,3.6000001430511475,,,,,,,,,2.832805871963501,-0.002,-0.002,0.301,0.012,0.01,0.255,,,,,,,,,20504.0,0.0,-15.0,56.0,-528468967.0,25.0,-34.0,459.0,283.0,-247.0,302.0
57,20516.0,53201.0,40939.0,47395.0,39693.0,20516.0,3.6000001430511475,,,,,,,,,2.8465325832366943,-0.002,-0.002,0.304,0.012,0.008,0.246,,,,,,,,,20514.0,-2.0,-15.0,66.0,-529518566.0,9.0,-27.0,503.0,180.0,-140.0,269.0
58,20526.0,51344.0,40680.0,47928.0,39408.0,20526.0,3.605278730392456,,,,,,,,,2.8596813678741455,-0.002,-0.002,0.307,0.014,0.006,0.236,,,,,,,,,20524.0,3.0,-12.0,71.0,-528466917.0,48.0,-1.0,515.0,112.0,45.0,220.0
59,20536.0,51095.0,40605.0,46913.0,38663.0,20536.0,3.621114492416382,,,,,,,,,2.8724043369293213,-0.001,-0.001,0.311,0.015,0.004,0.213,,,,,,,,,20534.0,3.0,-11.0,76.0,-528466916.0,50.0,4.0,528.0,93.0,188.0,191.0
60,20546.0,48203.0,41439.0,48345.0,37377.0,20546.0,3.6263930797576904,,,,,,,,,2.8856136798858643,-0.001,-0.001,0.313,0.015,0.002,0.202,,,,,,,,,20544.0,4.0,-11.0,81.0,-529515491.0,59.0,8.0,539.0,73.0,387.0,137.0
61,20556.0,45347.0,41475.0,49461.0,36201.0,20556.0,3.6369502544403076,,,,,,,,,2.898132801055908,-0.001,-0.001,0.317,0.015,0.0,0.2,,,,,,,,,20554.0,2.0,-6.0,88.0,-527420387.0,46.0,38.0,557.0,61.0,578.0,104.0
62,20566.0,43076.0,42448.0,50676.0,34416.0,20566.0,3.642228841781616,,,,,,,,,2.910797357559204,0.002,0.002,0.319,0.025,0.007,0.189,,,,,,,,,20564.0,2.0,-6.0,93.0,-528471010.0,45.0,42.0,567.0,75.0,717.0,86.0
63,20576.0,43823.0,43353.0,48845.0,32855.0,20576.0,3.647507429122925,,,,,,,,,2.923363447189331,0.0,0.0,0.323,0.019,0.007,0.173,,,,,,,,,20574.0,1.0,-5.0,99.0,-528474082.0,43.0,45.0,575.0,142.0,797.0,61.0
64,20586.0,42486.0,43528.0,49404.0,31810.0,20586.0,3.647507429122925,,,,,,,,,2.9366157054901123,0.0,0.0,0.325,0.016,0.005,0.166,,,,,,,,,20584.0,-3.0,-4.0,105.0,-528479202.0,15.0,49.0,581.0,223.0,808.0,56.0
65,20596.0,44275.0,43751.0,46677.0,30917.0,20596.0,3.6527860164642334,,,,,,,,,2.9493935108184814,0.0,0.0,0.326,0.016,0.004,0.159,,,,,,,,,20594.0,-1.0,-7.0,114.0,-530578401.0,27.0,37.0,606.0,286.0,702.0,42.0
66,20606.0,44705.0,43065.0,44135.0,29759.0,20606.0,3.658064603805542,,,,,,,,,2.961745262145996,0.002,0.002,0.328,0.024,0.004,0.15,,,,,,,,,20604.0,-1.0,-11.0,121.0,-533198817.0,23.0,8.0,610.0,358.0,573.0,27.0
67,20616.0,44536.0,42006.0,43494.0,30272.0,20616.0,3.6633431911468506,,,,,,,,,2.9742329120635986,0.0,0.0,0.331,0.016,0.002,0.138,,,,,,,,,20614.0,-2.0,-12.0,127.0,-534245345.0,18.0,8.0,612.0,345.0,429.0,13.0
68,20626.0,45580.0,40132.0,41742.0,31578.0,20626.0,3.6739003658294678,,,,,,,,,2.987745523452759,0.0,0.0,0.332,0.015,0.001,0.13,,,,,,,,,20624.0,-2.0,-10.0,133.0,-535291873.0,12.0,14.0,614.0,316.0,231.0,6.0
69,20637.0,44527.0,36949.0,42107.0,34429.0,20636.0,3.6739003658294678,,,,,,,,,3.0002875328063965,0.006,0.006,0.334,0.033,-0.001,0.123,,,,,,,,,20634.0,-4.0,-9.0,139.0,-536338401.0,-2.0,23.0,613.0,245.0,26.0,-2.0
70,20646.0,45851.0,36687.0,41155.0,35319.0,20646.0,3.6791789531707764,,,,,,,,,3.01289439201355,0.007,0.007,0.336,0.033,-0.004,0.111,,,,,,,,,20644.0,-4.0,-8.0,143.0,-1072160737.0,-4.0,26.0,597.0,137.0,-161.0,-17.0
71,20656.0,46133.0,34493.0,40493.0,37257.0,20656.0,3.684457540512085,,,,,,,,,3.026092052459717,0.008,0.008,0.337,0.034,-0.006,0.107,,,,,,,,,20654.0,-4.0,-7.0,149.0,-1072160737.0,-3.0,28.0,593.0,69.0,-305.0,-25.0
72,20666.0,45539.0,33565.0,40777.0,37975.0,20666.0,3.684457540512085,,,,,,,,,3.038954734802246,0.008,0.008,0.338,0.034,-0.007,0.101,,,,,,,,,20664.0,-3.0,-7.0,155.0,-1071114209.0,-1.0,25.0,587.0,-43.0,-446.0,-28.0
73,20676.0,45148.0,32206.0,40894.0,39156.0,20676.0,3.6791789531707764,,,,,,,,,3.0512988567352295,0.009,0.009,0.339,0.033,-0.009,0.096,,,,,,,,,20674.0,-3.0,-5.0,161.0,-1072163809.0,-1.0,36.0,581.0,-111.0,-511.0,-34.0
74,20686.0,45484.0,32150.0,40402.0,38896.0,20686.0,3.684457540512085,,,,,,,,,3.0638134479522705,0.007,0.007,0.339,0.026,-0.007,0.079,,,,,,,,,20684.0,-3.0,-4.0,166.0,-1073214433.0,-4.0,36.0,575.0,-164.0,-522.0,-25.0
75,20696.0,44941.0,32417.0,40627.0,38547.0,20696.0,3.6791789531707764,,,,,,,,,3.077141761779785,0.007,0.007,0.34,0.024,-0.009,0.077,,,,,,,,,20694.0,-3.0,-4.0,172.0,-536345569.0,-3.0,35.0,569.0,-161.0,-494.0,-34.0
76,20706.0,44027.0,33263.0,41307.0,37623.0,20706.0,3.6791789531707764,,,,,,,,,3.0899434089660645,0.007,0.007,0.341,0.024,-0.009,0.072,,,,,,,,,20704.0,-3.0,-3.0,178.0,-535822306.0,-6.0,40.0,562.0,-121.0,-411.0,-39.0
77,20716.0,42914.0,33992.0,42440.0,36782.0,20716.0,3.6791789531707764,,,,,,,,,3.102616310119629,0.008,0.008,0.343,0.023,-0.011,0.069,,,,,,,,,20714.0,-5.0,-2.0,183.0,-534771682.0,-11.0,44.0,552.0,-97.0,-295.0,-36.0
78,20726.0,43184.0,35824.0,41898.0,35062.0,20726.0,3.684457540512085,,,,,,,,,3.115687131881714,0.008,0.008,0.343,0.022,-0.012,0.067,,,,,,,,,20724.0,-5.0,-1.0,189.0,-534770658.0,-11.0,45.0,544.0,-17.0,-176.0,-44.0
79,20736.0,42219.0,36997.0,42001.0,33207.0,20736.0,3.684457540512085,,,,,,,,,3.128671884536743,0.009,0.009,0.344,0.021,-0.013,0.067,,,,,,,,,20734.0,-5.0,0.0,196.0,-533721058.0,-11.0,48.0,546.0,64.0,-38.0,-52.0
80,20746.0,42273.0,38329.0,41867.0,31967.0,20746.0,3.684457540512085,,,,,,,,,3.1410446166992188,0.009,0.009,0.345,0.021,-0.014,0.066,,,,,,,,,20744.0,-5.0,0.0,201.0,-534769634.0,-9.0,49.0,535.0,160.0,73.0,-57.0
81,20756.0,42164.0,39860.0,41822.0,30658.0,20756.0,3.684457540512085,,,,,,,,,3.153400421142578,0.012,0.012,0.347,0.024,-0.016,0.07,,,,,,,,,20754.0,-6.0,0.0,207.0,-534769634.0,-11.0,49.0,525.0,246.0,172.0,-70.0
82,20766.0,42811.0,39809.0,41071.0,30877.0,20766.0,3.684457540512085,,,,,,,,,3.1666314601898193,0.011,0.011,0.348,0.021,-0.017,0.07,,,,,,,,,20764.0,-5.0,0.0,212.0,-535819235.0,-6.0,48.0,514.0,320.0,245.0,-73.0
83,20776.0,42154.0,40598.0,41814.0,30130.0,20776.0,3.684457540512085,,,,,,,,,3.1791954040527344,0.012,0.012,0.348,0.021,-0.018,0.067,,,,,,,,,20774.0,-6.0,2.0,217.0,-536868835.0,-11.0,56.0,503.0,370.0,256.0,-70.0
84,20786.0,42296.0,40282.0,41644.0,30570.0,20786.0,3.684457540512085,,,,,,,,,3.191650867462158,0.012,0.012,0.349,0.017,-0.02,0.056,,,,,,,,,20784.0,-7.0,3.0,222.0,-1072692195.0,-11.0,57.0,493.0,387.0,270.0,-74.0
85,20796.0,42737.0,40473.0,41305.0,30621.0,20796.0,3.684457540512085,,,,,,,,,3.2047150135040283,0.013,0.013,0.349,0.019,-0.021,0.054,,,,,,,,,20794.0,-7.0,3.0,227.0,-1071644644.0,-11.0,57.0,481.0,381.0,214.0,-73.0
86,20806.0,42712.0,39736.0,41512.0,31520.0,20806.0,3.6791789531707764,,,,,,,,,3.217470645904541,0.014,0.014,0.35,0.018,-0.022,0.051,,,,,,,,,20804.0,-7.0,3.0,232.0,-1069023204.0,-10.0,52.0,468.0,332.0,164.0,-71.0
87,20816.0,43471.0,39255.0,40807.0,32395.0,20816.0,3.6791789531707764,,,,,,,,,3.2303669452667236,0.013,0.013,0.35,0.015,-0.021,0.05,,,,,,,,,20814.0,-7.0,4.0,236.0,-1067973604.0,-10.0,51.0,455.0,295.0,90.0,-80.0
88,20826.0,43504.0,37498.0,40358.0,33836.0,20826.0,3.6791789531707764,,,,,,,,,3.243910312652588,0.014,0.014,0.35,0.012,-0.024,0.042,,,,,,,,,20824.0,-6.0,5.0,243.0,-1066925028.0,-8.0,52.0,451.0,218.0,0.0,-78.0
89,20836.0,42946.0,36428.0,40986.0,35356.0,20836.0,3.6791789531707764,,,,,,,,,3.2577738761901855,0.013,0.013,0.351,0.01,-0.025,0.042,,,,,,,,,20834.0,-6.0,5.0,247.0,-1065876453.0,-8.0,51.0,437.0,121.0,-85.0,-92.0
90,20846.0,44115.0,35713.0,39927.0,36557.0,20846.0,3.6791789531707764,,,,,,,,,3.2703497409820557,0.014,0.014,0.351,0.01,-0.024,0.041,,,,,,,,,20844.0,-6.0,6.0,251.0,-1064827877.0,-8.0,49.0,423.0,58.0,-135.0,-99.0
91,20856.0,44142.0,35274.0,40272.0,37260.0,20856.0,3.6791789531707764,,,,,,,,,3.283324956893921,0.015,0.015,0.352,0.008,-0.021,0.039,,,,,,,,,20854.0,-6.0,5.0,256.0,-1064828901.0,-5.0,45.0,409.0,-19.0,-206.0,-93.0
92,20866.0,43132.0,35320.0,41060.0,37304.0,20866.0,3.6739003658294678,,,,,,,,,3.2969045639038086,0.014,0.014,0.352,0.005,-0.021,0.039,,,,,,,,,20864.0,-6.0,6.0,261.0,-1065353190.0,-5.0,43.0,401.0,-93.0,-219.0,-102.0
93,20876.0,43121.0,35101.0,41475.0,37775.0,20876.0,3.6739003658294678,,,,,,,,,3.3099238872528076,0.015,0.015,0.353,0.004,-0.023,0.04,,,,,,,,,20874.0,-4.0,7.0,265.0,-1065352166.0,0.0,42.0,387.0,-140.0,-226.0,-89.0
94,20886.0,42472.0,35732.0,42432.0,37444.0,20886.0,3.6739003658294678,,,,,,,,,3.3227720260620117,0.015,0.015,0.353,0.001,-0.023,0.039,,,,,,,,,20884.0,-4.0,7.0,268.0,-1066399718.0,0.0,40.0,374.0,-176.0,-182.0,-83.0
95,20896.0,43148.0,35822.0,42170.0,37584.0,20896.0,3.668621778488159,,,,,,,,,3.336250066757202,0.016,0.016,0.353,0.001,-0.024,0.04,,,,,,,,,20894.0,-4.0,8.0,272.0,-1067447271.0,1.0,39.0,361.0,-150.0,-161.0,-77.0
96,20906.0,43802.0,37174.0,41846.0,36350.0,20906.0,3.668621778488159,,,,,,,,,3.3491322994232178,0.016,0.016,0.354,0.0,-0.025,0.042,,,,,,,,,20904.0,-4.0,8.0,276.0,-1067447271.0,2.0,38.0,349.0,-109.0,-98.0,-66.0
97,20916.0,43168.0,37582.0,42712.0,36482.0,20916.0,3.6633431911468506,,,,,,,,,3.362163543701172,0.016,0.016,0.355,-0.002,-0.025,0.049,,,,,,,,,20914.0,-3.0,12.0,279.0,-1068494823.0,5.0,48.0,336.0,-70.0,-24.0,-70.0
98,20926.0,43335.0,39001.0,42889.0,35371.0,20926.0,3.658064603805542,,,,,,,,,3.3759098052978516,0.017,0.017,0.356,-0.001,-0.025,0.054,,,,,,,,,20924.0,-3.0,8.0,283.0,-1068494823.0,7.0,32.0,323.0,-12.0,61.0,-66.0
99,20936.0,44351.0,40597.0,42235.0,34153.0,20936.0,3.658064603805542,,,,,,,,,3.3888461589813232,0.017,0.017,0.356,-0.002,-0.026,0.056,,,,,,,,,20934.0,-3.0,5.0,286.0,-1067446248.0,9.0,18.0,310.0,58.0,131.0,-66.0
100,20946.0,44996.0,41654.0,41998.0,33500.0,20946.0,3.658064603805542,,,,,,,,,3.4015538692474365,0.016,0.016,0.358,-0.006,-0.028,0.056,,,,,,,,,20944.0,-2.0,5.0,289.0,-1067446248.0,11.0,16.0,297.0,137.0,177.0,-65.0
101,20956.0,44015.0,41887.0,42845.0,33137.0,20956.0,3.658064603805542,,,,,,,,,3.4149398803710938,0.016,0.016,0.358,-0.008,-0.027,0.058,,,,,,,,,20954.0,-2.0,5.0,293.0,-1066398696.0,12.0,15.0,291.0,147.0,218.0,-62.0
102,20966.0,44328.0,41836.0,42902.0,33618.0,20966.0,3.6527860164642334,,,,,,,,,3.4276723861694336,0.016,0.016,0.359,-0.008,-0.029,0.061,,,,,,,,,20964.0,-2.0,5.0,296.0,-1066399720.0,12.0,13.0,279.0,147.0,228.0,-61.0
103,20976.0,44840.0,41476.0,42844.0,34300.0,20976.0,3.6527860164642334,,,,,,,,,3.440239906311035,0.016,0.016,0.36,-0.01,-0.029,0.063,,,,,,,,,20974.0,-2.0,5.0,299.0,-1065351144.0,12.0,11.0,266.0,128.0,203.0,-55.0
104,20986.0,44291.0,40723.0,43741.0,35429.0,20986.0,3.6527860164642334,,,,,,,,,3.4526970386505127,0.016,0.016,0.361,-0.012,-0.028,0.067,,,,,,,,,20984.0,-2.0,5.0,301.0,-1065352169.0,12.0,10.0,255.0,78.0,158.0,-52.0
105,20996.0,44942.0,39564.0,43320.0,36662.0,20996.0,3.6527860164642334,,,,,,,,,3.4661636352539062,0.017,0.017,0.362,-0.011,-0.021,0.072,,,,,,,,,20994.0,-2.0,5.0,304.0,-1064304617.0,12.0,8.0,246.0,7.0,120.0,-48.0
106,21006.0,44470.0,38966.0,44026.0,37686.0,21006.0,3.647507429122925,,,,,,,,,3.479231595993042,0.017,0.017,0.363,-0.011,-0.023,0.074,,,,,,,,,21004.0,-2.0,5.0,307.0,-1063780329.0,14.0,6.0,236.0,-58.0,52.0,-49.0
107,21016.0,45276.0,39276.0,43666.0,37682.0,21016.0,3.647507429122925,,,,,,,,,3.4916701316833496,0.017,0.017,0.364,-0.015,-0.022,0.074,,,,,,,,,21014.0,-1.0,6.0,309.0,-1063780329.0,14.0,4.0,224.0,-108.0,6.0,-44.0
108,21026.0,45342.0,38630.0,44010.0,38658.0,21026.0,3.642228841781616,,,,,,,,,3.504277467727661,0.016,0.016,0.364,-0.016,-0.021,0.071,,,,,,,,,21024.0,-1.0,6.0,311.0,-1064828905.0,15.0,4.0,213.0,-164.0,-34.0,-38.0
109,21036.0,45317.0,39209.0,44387.0,38519.0,21036.0,3.6369502544403076,,,,,,,,,3.5165293216705322,0.016,0.016,0.365,-0.017,-0.017,0.071,,,,,,,,,21034.0,-1.0,6.0,313.0,-1064828906.0,15.0,2.0,202.0,-186.0,-64.0,-38.0
110,21046.0,45106.0,39200.0,44260.0,38462.0,21046.0,3.6369502544403076,,,,,,,,,3.5291435718536377,0.016,0.016,0.366,-0.017,-0.018,0.071,,,,,,,,,21044.0,-1.0,6.0,317.0,-1065877482.0,15.0,0.0,200.0,-204.0,-89.0,-43.0
111,21056.0,46688.0,37770.0,43300.0,40054.0,21056.0,3.6369502544403076,,,,,,,,,3.5417706966400146,0.016,0.016,0.367,-0.02,-0.016,0.073,,,,,,,,,21054.0,2.0,9.0,319.0,-1067449322.0,25.0,7.0,189.0,-184.0,-82.0,-29.0
112,21066.0,46305.0,40089.0,44065.0,37985.0,21066.0,3.631671667098999,,,,,,,,,3.5548176765441895,0.016,0.016,0.367,-0.02,-0.015,0.072,,,,,,,,,21064.0,2.0,9.0,321.0,-1068497898.0,25.0,6.0,180.0,-152.0,-37.0,-29.0
113,21076.0,45463.0,40711.0,45249.0,37537.0,21076.0,3.631671667098999,,,,,,,,,3.567559003829956,0.016,0.016,0.368,-0.021,-0.015,0.072,,,,,,,,,21074.0,0.0,10.0,323.0,-1069546474.0,19.0,7.0,173.0,-82.0,17.0,-17.0
114,21086.0,46257.0,41325.0,44601.0,37057.0,21086.0,3.631671667098999,,,,,,,,,3.580343008041382,0.016,0.016,0.369,-0.021,-0.014,0.073,,,,,,,,,21084.0,0.0,10.0,325.0,-1069546474.0,16.0,5.0,166.0,-33.0,68.0,-17.0
115,21096.0,46933.0,42527.0,44233.0,36115.0,21096.0,3.631671667098999,,,,,,,,,3.5931754112243652,0.016,0.016,0.37,-0.022,-0.015,0.071,,,,,,,,,21094.0,0.0,10.0,326.0,-1069547498.0,16.0,4.0,159.0,41.0,104.0,-17.0
116,21106.0,46987.0,42415.0,44549.0,36481.0,21106.0,3.6263930797576904,,,,,,,,,3.6068615913391113,0.015,0.015,0.37,-0.025,-0.014,0.072,,,,,,,,,21104.0,2.0,10.0,328.0,-1069547498.0,24.0,4.0,150.0,84.0,132.0,-15.0
117,21116.0,47334.0,43166.0,44610.0,35922.0,21116.0,3.6263930797576904,,,,,,,,,3.620058536529541,0.015,0.015,0.371,-0.024,-0.012,0.072,,,,,,,,,21114.0,1.0,10.0,329.0,-1069023210.0,20.0,2.0,142.0,119.0,133.0,-3.0
118,21126.0,47192.0,42922.0,45010.0,36140.0,21126.0,3.6263930797576904,,,,,,,,,3.6327788829803467,0.015,0.015,0.373,-0.025,-0.009,0.074,,,,,,,,,21124.0,0.0,10.0,331.0,-1067973610.0,16.0,2.0,138.0,129.0,133.0,-3.0
119,21137.0,47551.0,42609.0,44917.0,36815.0,21136.0,3.6263930797576904,,,,,,,,,3.646411895751953,0.014,0.014,0.374,-0.027,-0.008,0.073,,,,,,,,,21134.0,0.0,10.0,332.0,-1067973610.0,15.0,1.0,130.0,116.0,110.0,0.0
120,21146.0,48079.0,42155.0,44735.0,37467.0,21146.0,3.621114492416382,,,,,,,,,3.6597113609313965,0.015,0.015,0.374,-0.025,-0.01,0.073,,,,,,,,,21144.0,6.0,10.0,334.0,-1066925034.0,33.0,-1.0,123.0,73.0,86.0,4.0
121,21156.0,47875.0,41499.0,45407.0,38191.0,21156.0,3.621114492416382,,,,,,,,,3.673431158065796,0.014,0.014,0.376,-0.026,-0.008,0.07,,,,,,,,,21154.0,7.0,10.0,335.0,-1066925034.0,33.0,-3.0,116.0,33.0,61.0,17.0
122,21166.0,47946.0,41358.0,45502.0,38590.0,21166.0,3.621114492416382,,,,,,,,,3.68760085105896,0.016,0.016,0.378,-0.023,0.0,0.074,,,,,,,,,21164.0,7.0,10.0,336.0,-1066924010.0,33.0,-4.0,111.0,-12.0,40.0,14.0
123,21176.0,47606.0,40310.0,46126.0,39630.0,21176.0,3.621114492416382,,,,,,,,,3.6999993324279785,0.016,0.016,0.378,-0.022,-0.001,0.073,,,,,,,,,21174.0,8.0,10.0,337.0,-1066924010.0,34.0,-6.0,107.0,-77.0,35.0,18.0
124,21186.0,47552.0,39876.0,46460.0,40240.0,21186.0,3.6158359050750732,,,,,,,,,3.712730884552002,0.015,0.015,0.38,-0.023,0.001,0.071,,,,,,,,,21184.0,8.0,10.0,338.0,-1066924010.0,34.0,-7.0,101.0,-102.0,16.0,22.0
125,21197.0,48023.0,40973.0,46307.0,39257.0,21196.0,3.6158359050750732,,,,,,,,,3.7264928817749023,0.015,0.015,0.382,-0.024,0.002,0.079,,,,,,,,,21194.0,9.0,10.0,339.0,-1066924010.0,33.0,-9.0,96.0,-156.0,37.0,29.0
126,21206.0,47699.0,40831.0,46825.0,39561.0,21206.0,3.6158359050750732,,,,,,,,,3.7398183345794678,0.015,0.015,0.383,-0.024,0.002,0.078,,,,,,,,,21204.0,7.0,11.0,340.0,-1067972586.0,27.0,-5.0,92.0,-134.0,36.0,27.0
127,21216.0,47792.0,41550.0,47520.0,39650.0,21216.0,3.6158359050750732,,,,,,,,,3.752835512161255,0.014,0.014,0.384,-0.024,0.0,0.077,,,,,,,,,21214.0,7.0,11.0,339.0,-1069020138.0,26.0,-7.0,79.0,-121.0,67.0,21.0
128,21226.0,47196.0,42082.0,48412.0,39062.0,21226.0,3.6105573177337646,,,,,,,,,3.7666497230529785,0.015,0.015,0.385,-0.021,0.0,0.077,,,,,,,,,21224.0,7.0,11.0,340.0,-1069020138.0,24.0,-9.0,77.0,-125.0,86.0,30.0
129,21236.0,48446.0,43348.0,47468.0,37910.0,21236.0,3.6105573177337646,,,,,,,,,3.779785394668579,0.015,0.015,0.386,-0.021,0.0,0.077,,,,,,,,,21234.0,7.0,11.0,341.0,-1069020138.0,24.0,-9.0,72.0,-95.0,98.0,39.0
130,21246.0,48230.0,42448.0,48012.0,38794.0,21246.0,3.605278730392456,,,,,,,,,3.792257785797119,0.014,0.014,0.388,-0.023,0.001,0.075,,,,,,,,,21244.0,8.0,11.0,342.0,-1070068714.0,23.0,-10.0,69.0,-49.0,103.0,45.0
131,21256.0,49015.0,42973.0,47357.0,38343.0,21256.0,3.605278730392456,,,,,,,,,3.8050971031188965,0.014,0.014,0.388,-0.023,0.001,0.075,,,,,,,,,21254.0,8.0,11.0,343.0,-1070067689.0,23.0,-11.0,69.0,5.0,81.0,40.0
132,21266.0,49326.0,43274.0,46998.0,37938.0,21266.0,3.605278730392456,,,,,,,,,3.818044424057007,0.014,0.014,0.39,-0.024,0.002,0.079,,,,,,,,,21264.0,8.0,11.0,343.0,-1070067689.0,22.0,-12.0,67.0,44.0,85.0,40.0
133,21276.0,49388.0,43282.0,46980.0,37946.0,21276.0,3.605278730392456,,,,,,,,,3.830542802810669,0.016,0.016,0.391,-0.018,0.003,0.077,,,,,,,,,21274.0,9.0,10.0,344.0,-1070067689.0,21.0,-13.0,67.0,44.0,79.0,39.0
134,21286.0,50314.0,42756.0,46200.0,38410.0,21286.0,3.605278730392456,,,,,,,,,3.8429665565490723,0.016,0.016,0.392,-0.019,0.004,0.075,,,,,,,,,21284.0,9.0,10.0,345.0,-1070066665.0,21.0,-14.0,66.0,55.0,62.0,41.0
135,21296.0,50045.0,42601.0,46527.0,38527.0,21296.0,3.605278730392456,,,,,,,,,3.8562636375427246,0.017,0.017,0.393,-0.016,0.006,0.073,,,,,,,,,21294.0,10.0,10.0,345.0,-1070066665.0,20.0,-15.0,65.0,54.0,35.0,43.0
136,21306.0,50024.0,41522.0,46296.0,39230.0,21306.0,3.605278730392456,,,,,,,,,3.8691234588623047,0.017,0.017,0.394,-0.017,0.007,0.072,,,,,,,,,21304.0,12.0,10.0,347.0,-1069018089.0,24.0,-16.0,70.0,32.0,9.0,41.0
137,21316.0,49570.0,42138.0,46846.0,38522.0,21316.0,3.605278730392456,,,,,,,,,3.8817975521087646,0.017,0.017,0.395,-0.016,0.007,0.068,,,,,,,,,21314.0,11.0,10.0,348.0,-1069018089.0,21.0,-17.0,70.0,-1.0,1.0,44.0
138,21326.0,49659.0,41687.0,47001.0,39029.0,21326.0,3.605278730392456,,,,,,,,,3.8948659896850586,0.016,0.016,0.396,-0.018,0.007,0.066,,,,,,,,,21324.0,12.0,10.0,348.0,-1069018088.0,21.0,-18.0,67.0,-24.0,12.0,52.0
139,21336.0,49545.0,41451.0,47331.0,39381.0,21336.0,3.605278730392456,,,,,,,,,3.907475233078003,0.015,0.015,0.395,-0.019,0.007,0.055,,,,,,,,,21334.0,12.0,9.0,349.0,-1069018088.0,19.0,-19.0,63.0,-50.0,7.0,47.0
140,21346.0,49439.0,41781.0,47833.0,39571.0,21346.0,3.605278730392456,,,,,,,,,3.920279026031494,0.015,0.015,0.395,-0.019,0.007,0.052,,,,,,,,,21344.0,12.0,9.0,349.0,-1069018088.0,17.0,-20.0,56.0,-73.0,23.0,39.0
141,21356.0,49647.0,41641.0,47807.0,39769.0,21356.0,3.605278730392456,,,,,,,,,3.932745933532715,0.014,0.014,0.396,-0.022,0.007,0.049,,,,,,,,,21354.0,13.0,9.0,349.0,-1070066664.0,19.0,-21.0,54.0,-106.0,23.0,43.0
142,21366.0,50090.0,41274.0,47568.0,40196.0,21366.0,3.6000001430511475,,,,,,,,,3.9460463523864746,0.015,0.015,0.396,-0.02,0.005,0.042,,,,,,,,,21364.0,14.0,9.0,350.0,-1070066664.0,18.0,-22.0,51.0,-103.0,31.0,35.0
143,21376.0,49286.0,43012.0,48324.0,38698.0,21376.0,3.605278730392456,,,,,,,,,3.9595460891723633,0.015,0.015,0.396,-0.021,0.005,0.041,,,,,,,,,21374.0,13.0,9.0,350.0,-1071115240.0,15.0,-21.0,50.0,-109.0,52.0,32.0
144,21386.0,49934.0,42322.0,47964.0,39304.0,21386.0,3.6000001430511475,,,,,,,,,3.9727749824523926,0.013,0.013,0.397,-0.024,0.003,0.04,,,,,,,,,21384.0,13.0,8.0,351.0,-1071115240.0,13.0,-24.0,48.0,-93.0,43.0,35.0
145,21396.0,50060.0,43332.0,48214.0,38698.0,21396.0,3.6000001430511475,,,,,,,,,3.9888651371002197,0.006,0.006,0.398,-0.038,0.001,0.041,,,,,,,,,21394.0,14.0,8.0,350.0,-1071114215.0,12.0,-24.0,42.0,-97.0,46.0,35.0
146,21406.0,50571.0,41955.0,47979.0,39919.0,21406.0,3.6000001430511475,,,,,,,,,4.00176215171814,0.006,0.006,0.399,-0.039,0.001,0.041,,,,,,,,,21404.0,13.0,7.0,351.0,-1072162791.0,10.0,-25.0,42.0,-112.0,27.0,47.0
147,21416.0,49337.0,41887.0,49185.0,40131.0,21416.0,3.6000001430511475,,,,,,,,,4.015629768371582,0.005,0.005,0.399,-0.04,0.001,0.042,,,,,,,,,21414.0,14.0,8.0,351.0,-1072162791.0,10.0,-24.0,41.0,-78.0,28.0,35.0
148,21426.0,49852.0,41740.0,48786.0,40270.0,21426.0,3.594721555709839,,,,,,,,,4.0290610790252686,0.006,0.006,0.4,-0.037,0.004,0.042,,,,,,,,,21424.0,14.0,7.0,352.0,-1072162791.0,8.0,-25.0,40.0,-84.0,20.0,33.0
149,21436.0,50680.0,42384.0,48078.0,39734.0,21436.0,3.594721555709839,,,,,,,,,4.04197883605957,0.006,0.006,0.402,-0.037,0.003,0.054,,,,,,,,,21434.0,15.0,9.0,352.0,-1073211367.0,8.0,-21.0,39.0,-68.0,17.0,33.0
150,21446.0,50459.0,42807.0,48405.0,39293.0,21446.0,3.594721555709839,,,,,,,,,4.055762052536011,0.006,0.006,0.403,-0.036,0.004,0.054,,,,,,,,,21444.0,14.0,9.0,352.0,-1073211367.0,5.0,-21.0,39.0,-55.0,0.0,32.0
151,21456.0,50669.0,42091.0,48291.0,39877.0,21456.0,3.594721555709839,,,,,,,,,4.069774866104126,0.005,0.005,0.404,-0.036,0.003,0.058,,,,,,,,,21454.0,15.0,8.0,353.0,-536340455.0,4.0,-23.0,40.0,-28.0,-19.0,35.0
152,21466.0,51077.0,42621.0,47939.0,39219.0,21466.0,3.594721555709839,,,,,,,,,4.085437297821045,0.005,0.005,0.405,-0.036,0.003,0.059,,,,,,,,,21464.0,15.0,8.0,353.0,-536340454.0,3.0,-23.0,41.0,-22.0,-15.0,42.0
153,21476.0,51516.0,42734.0,47402.0,39200.0,21476.0,3.594721555709839,,,,,,,,,4.09868597984314,0.004,0.004,0.406,-0.035,0.003,0.059,,,,,,,,,21474.0,15.0,7.0,353.0,-536340454.0,1.0,-23.0,39.0,9.0,-26.0,33.0
154,21486.0,51209.0,42683.0,47917.0,39307.0,21486.0,3.594721555709839,,,,,,,,,4.111664056777954,0.003,0.003,0.407,-0.036,0.004,0.059,,,,,,,,,21484.0,16.0,7.0,353.0,-536340454.0,1.0,-24.0,40.0,15.0,-45.0,35.0
155,21496.0,51403.0,43077.0,47783.0,38729.0,21496.0,3.594721555709839,,,,,,,,,4.141397714614868,0.002,0.002,0.409,-0.033,0.002,0.059,,,,,,,,,21494.0,16.0,6.0,354.0,-536340454.0,0.0,-25.0,42.0,14.0,-46.0,34.0
156,21506.0,51034.0,42510.0,47920.0,39236.0,21506.0,3.594721555709839,,,,,,,,,4.163520097732544,0.003,0.003,0.41,-0.028,0.005,0.054,,,,,,,,,21504.0,16.0,6.0,354.0,-536341478.0,0.0,-25.0,45.0,15.0,-36.0,29.0
157,21516.0,51039.0,42211.0,47839.0,39283.0,21516.0,3.594721555709839,,,,,,,,,4.18484091758728,0.003,0.003,0.411,-0.025,0.005,0.051,,,,,,,,,21514.0,16.0,5.0,355.0,-536341478.0,-2.0,-25.0,49.0,-4.0,-38.0,34.0
158,21526.0,50698.0,41704.0,47918.0,39360.0,21526.0,3.6000001430511475,,,,,,,,,4.2056519985198975,0.005,0.005,0.411,-0.019,0.003,0.042,,,,,,,,,21524.0,17.0,5.0,356.0,-536341478.0,-1.0,-25.0,54.0,-29.0,-42.0,34.0
159,21536.0,49846.0,41968.0,48706.0,39064.0,21536.0,3.6000001430511475,,,,,,,,,4.2293455600738525,0.002,0.002,0.413,-0.021,0.005,0.039,,,,,,,,,21534.0,17.0,5.0,356.0,-536341478.0,-2.0,-26.0,56.0,-41.0,-35.0,28.0
160,21546.0,49706.0,41806.0,48946.0,39114.0,21546.0,3.6000001430511475,,,,,,,,,4.263824224472046,0.001,0.001,0.414,-0.02,0.003,0.031,,,,,,,,,21544.0,17.0,4.0,357.0,-536341477.0,-3.0,-26.0,56.0,-54.0,-6.0,34.0
161,21556.0,50668.0,41804.0,47936.0,39128.0,21556.0,3.6000001430511475,,,,,,,,,4.2863335609436035,0.001,0.001,0.414,-0.017,0.005,0.028,,,,,,,,,21554.0,16.0,3.0,358.0,-535292901.0,-6.0,-28.0,56.0,-58.0,4.0,32.0
162,21566.0,50013.0,42425.0,48439.0,38443.0,21566.0,3.6000001430511475,,,,,,,,,4.306954622268677,-0.001,-0.001,0.414,-0.023,0.0,0.027,,,,,,,,,21564.0,16.0,3.0,358.0,-535292901.0,-8.0,-27.0,58.0,-60.0,0.0,23.0
163,21576.0,50012.0,42382.0,48276.0,38358.0,21576.0,3.6000001430511475,,,,,,,,,4.327906370162964,-0.002,-0.002,0.415,-0.021,0.0,0.029,,,,,,,,,21574.0,16.0,2.0,359.0,-535292901.0,-8.0,-29.0,61.0,-57.0,11.0,23.0
164,21586.0,49518.0,42164.0,48770.0,38316.0,21586.0,3.6000001430511475,,,,,,,,,4.348515748977661,0.0,0.0,0.416,-0.016,-0.001,0.034,,,,,,,,,21584.0,16.0,2.0,360.0,-535292901.0,-10.0,-29.0,63.0,-52.0,3.0,23.0
165,21596.0,50520.0,41812.0,47620.0,38568.0,21596.0,3.605278730392456,,,,,,,,,4.370998859405518,-0.001,-0.001,0.417,-0.015,-0.002,0.034,,,,,,,,,21594.0,16.0,1.0,360.0,-535292901.0,-11.0,-29.0,66.0,-55.0,-8.0,24.0
166,21606.0,49944.0,41782.0,48182.0,38420.0,21606.0,3.6000001430511475,,,,,,,,,4.390639066696167,-0.001,-0.001,0.418,-0.012,0.0,0.034,,,,,,,,,21604.0,16.0,1.0,361.0,-535292901.0,-12.0,-28.0,67.0,-60.0,-11.0,20.0
167,21616.0,49829.0,40915.0,47907.0,39005.0,21616.0,3.605278730392456,,,,,,,,,4.411182165145874,-0.001,-0.001,0.418,-0.01,0.0,0.035,,,,,,,,,21614.0,17.0,4.0,362.0,-534244325.0,-11.0,-21.0,72.0,-57.0,-26.0,16.0
168,21626.0,49841.0,41313.0,47753.0,38549.0,21626.0,3.605278730392456,,,,,,,,,4.432249307632446,-0.001,-0.001,0.418,-0.006,0.0,0.03,,,,,,,,,21624.0,17.0,2.0,363.0,-534244325.0,-11.0,-23.0,74.0,-40.0,-33.0,12.0
169,21636.0,49817.0,41325.0,47745.0,38569.0,21636.0,3.605278730392456,,,,,,,,,4.453868627548218,-0.001,-0.001,0.419,-0.005,0.0,0.03,,,,,,,,,21634.0,17.0,2.0,364.0,-534245349.0,-13.0,-23.0,73.0,-28.0,-36.0,7.0
170,21646.0,49936.0,41520.0,47670.0,38198.0,21646.0,3.605278730392456,,,,,,,,,4.474891662597656,0.0,0.0,0.419,-0.002,0.0,0.028,,,,,,,,,21644.0,17.0,2.0,364.0,-534245349.0,-15.0,-22.0,74.0,-27.0,-45.0,9.0
171,21656.0,50353.0,41961.0,47387.0,38031.0,21656.0,3.605278730392456,,,,,,,,,4.495303392410278,0.0,0.0,0.419,-0.001,-0.002,0.026,,,,,,,,,21654.0,16.0,2.0,364.0,-534245349.0,-16.0,-21.0,71.0,-25.0,-34.0,9.0
172,21666.0,50611.0,42337.0,47025.0,37663.0,21666.0,3.605278730392456,,,,,,,,,4.516577243804932,-0.001,-0.001,0.419,-0.001,-0.001,0.021,,,,,,,,,21664.0,16.0,3.0,365.0,-533196773.0,-17.0,-17.0,71.0,-2.0,-35.0,1.0
173,21676.0,50107.0,41885.0,47479.0,38129.0,21676.0,3.605278730392456,,,,,,,,,4.5375330448150635,-0.001,-0.001,0.419,0.0,-0.001,0.016,,,,,,,,,21674.0,16.0,2.0,366.0,-533196773.0,-17.0,-18.0,71.0,14.0,-36.0,-4.0
174,21686.0,50065.0,41949.0,47567.0,37923.0,21686.0,3.605278730392456,,,,,,,,,4.558911085128784,-0.001,-0.001,0.42,0.001,-0.001,0.016,,,,,,,,,21684.0,16.0,2.0,367.0,-533196773.0,-19.0,-17.0,72.0,14.0,-48.0,5.0
175,21696.0,50175.0,41855.0,47417.0,37841.0,21696.0,3.605278730392456,,,,,,,,,4.579480409622192,-0.001,-0.001,0.42,0.002,-0.001,0.013,,,,,,,,,21694.0,16.0,2.0,367.0,-533196773.0,-20.0,-16.0,73.0,23.0,-42.0,5.0
176,21706.0,50346.0,40982.0,47348.0,38812.0,21706.0,3.605278730392456,,,,,,,,,4.600794315338135,-0.002,-0.002,0.42,0.0,-0.008,0.01,,,,,,,,,21704.0,16.0,2.0,367.0,-534246373.0,-20.0,-15.0,72.0,27.0,-32.0,-2.0
177,21716.0,49540.0,41710.0,48190.0,37956.0,21716.0,3.605278730392456,,,,,,,,,4.62210488319397,-0.002,-0.002,0.42,0.001,-0.009,0.008,,,,,,,,,21714.0,16.0,2.0,368.0,-534246373.0,-21.0,-15.0,72.0,29.0,-35.0,4.0
178,21726.0,50040.0,41550.0,47618.0,38128.0,21726.0,3.605278730392456,,,,,,,,,4.643053770065308,-0.002,-0.002,0.421,0.001,-0.007,0.006,,,,,,,,,21724.0,16.0,2.0,369.0,-534246373.0,-21.0,-14.0,73.0,24.0,-36.0,1.0
179,21736.0,50009.0,41923.0,47549.0,37739.0,21736.0,3.605278730392456,,,,,,,,,4.6640849113464355,-0.001,-0.001,0.421,0.004,-0.005,0.002,,,,,,,,,21734.0,16.0,1.0,370.0,-534246373.0,-22.0,-14.0,73.0,8.0,-50.0,-1.0
180,21746.0,49854.0,40892.0,47892.0,38866.0,21746.0,3.605278730392456,,,,,,,,,4.684627056121826,-0.002,-0.002,0.42,0.002,-0.004,-0.001,,,,,,,,,21744.0,16.0,1.0,370.0,-534246373.0,-22.0,-15.0,71.0,-2.0,-43.0,-1.0
181,21756.0,49565.0,41931.0,47983.0,37877.0,21756.0,3.605278730392456,,,,,,,,,4.705467224121094,-0.001,-0.001,0.42,0.004,-0.003,-0.001,,,,,,,,,21754.0,15.0,1.0,370.0,-534246373.0,-25.0,-14.0,72.0,8.0,-53.0,-8.0
182,21766.0,49843.0,41959.0,47673.0,37785.0,21766.0,3.605278730392456,,,,,,,,,4.7263336181640625,-0.001,-0.001,0.419,0.004,-0.002,-0.003,,,,,,,,,21764.0,15.0,1.0,371.0,-534247397.0,-24.0,-12.0,72.0,-20.0,-50.0,-4.0
183,21776.0,49844.0,40074.0,47752.0,39566.0,21776.0,3.605278730392456,,,,,,,,,4.745997667312622,-0.001,-0.001,0.419,0.004,0.0,0.0,,,,,,,,,21774.0,15.0,1.0,372.0,-534247397.0,-25.0,-11.0,72.0,-34.0,-30.0,-9.0
184,21786.0,49762.0,41278.0,47708.0,38480.0,21786.0,3.605278730392456,,,,,,,,,4.766601324081421,-0.001,-0.001,0.419,0.004,0.0,0.001,,,,,,,,,21784.0,15.0,2.0,373.0,-534247397.0,-25.0,-9.0,74.0,-31.0,-62.0,-8.0
185,21796.0,49247.0,40933.0,47975.0,38749.0,21796.0,3.605278730392456,,,,,,,,,4.7868332862854,-0.001,-0.001,0.418,0.006,0.003,-0.002,,,,,,,,,21794.0,14.0,2.0,374.0,-533198821.0,-27.0,-8.0,73.0,-21.0,-45.0,-21.0
186,21806.0,49148.0,40464.0,48208.0,39096.0,21806.0,3.605278730392456,,,,,,,,,4.807032823562622,-0.001,-0.001,0.418,0.006,0.003,0.001,,,,,,,,,21804.0,15.0,1.0,374.0,-533198821.0,-25.0,-10.0,73.0,-33.0,-50.0,-18.0
187,21816.0,49505.0,41433.0,47909.0,38133.0,21816.0,3.605278730392456,,,,,,,,,4.827984094619751,0.0,0.0,0.42,0.009,0.006,0.012,,,,,,,,,21814.0,14.0,1.0,375.0,-533198821.0,-26.0,-9.0,71.0,-48.0,-35.0,-10.0
188,21826.0,49581.0,41305.0,47771.0,38427.0,21826.0,3.605278730392456,,,,,,,,,4.848566293716431,0.0,0.0,0.42,0.009,0.008,0.014,,,,,,,,,21824.0,14.0,0.0,376.0,-533199845.0,-26.0,-8.0,70.0,-9.0,-42.0,-21.0
189,21836.0,49674.0,40210.0,47366.0,39070.0,21836.0,3.605278730392456,,,,,,,,,4.8688600063323975,0.0,0.0,0.421,0.01,0.009,0.025,,,,,,,,,21834.0,16.0,4.0,378.0,-533199845.0,-23.0,0.0,74.0,-11.0,-22.0,-19.0
190,21846.0,49757.0,41387.0,47307.0,37925.0,21846.0,3.605278730392456,,,,,,,,,4.889342784881592,0.001,0.001,0.422,0.012,0.007,0.03,,,,,,,,,21844.0,16.0,3.0,378.0,-533199845.0,-22.0,-1.0,73.0,2.0,-11.0,-16.0
191,21856.0,48774.0,41370.0,48186.0,38022.0,21856.0,3.605278730392456,,,,,,,,,4.909738779067993,0.0,0.0,0.425,0.011,0.007,0.046,,,,,,,,,21854.0,15.0,4.0,379.0,-533199845.0,-25.0,0.0,73.0,40.0,-5.0,-24.0
192,21866.0,48746.0,40544.0,48328.0,38794.0,21866.0,3.605278730392456,,,,,,,,,4.929587125778198,0.001,0.001,0.426,0.011,0.006,0.048,,,,,,,,,21864.0,15.0,3.0,380.0,-533199845.0,-23.0,1.0,71.0,42.0,-2.0,-20.0
193,21876.0,49758.0,40578.0,46660.0,38268.0,21876.0,3.605278730392456,,,,,,,,,4.950604200363159,0.002,0.002,0.428,0.012,0.006,0.054,,,,,,,,,21874.0,15.0,3.0,382.0,-533199845.0,-24.0,2.0,79.0,54.0,8.0,-26.0
194,21886.0,49703.0,40839.0,46767.0,37923.0,21886.0,3.605278730392456,,,,,,,,,4.970435619354248,0.002,0.002,0.429,0.011,0.008,0.054,,,,,,,,,21884.0,15.0,4.0,383.0,-533199845.0,-24.0,2.0,78.0,76.0,-17.0,-21.0
195,21896.0,50014.0,40536.0,46344.0,38250.0,21896.0,3.605278730392456,,,,,,,,,4.990710735321045,0.002,0.002,0.43,0.012,0.008,0.053,,,,,,,,,21894.0,15.0,2.0,384.0,-534248421.0,-24.0,0.0,78.0,51.0,13.0,-26.0
196,21906.0,48902.0,40976.0,47402.0,37836.0,21906.0,3.605278730392456,,,,,,,,,5.0110719203948975,0.005565309314155217,0.008347761969793083,0.4,0.5026426614890197,0.7539092592324225,0.0,,,,,,,,,21904.0,14.0,2.0,384.0,-534248422.0,-24.0,0.0,77.0,85.0,27.0,-28.0
197,21916.0,49762.0,42110.0,46546.0,36674.0,21916.0,3.6105573177337646,,,,,,,,,5.053019762039185,0.02664571008749869,0.03994638910727636,0.4,0.5023759332655938,0.7523093532262529,0.0,,,,,,,,,21914.0,15.0,1.0,385.0,-534248422.0,-21.0,0.0,77.0,37.0,-31.0,-18.0
198,21926.0,48735.0,40639.0,47465.0,38093.0,21926.0,3.6105573177337646,,,,,,,,,5.082081079483032,0.04124016330109964,0.06177799583688387,0.4,0.501986496888529,0.749974936563345,0.0,,,,,,,,,21924.0,15.0,1.0,386.0,-534248422.0,-21.0,0.0,77.0,46.0,31.0,-29.0
199,21936.0,49327.0,40359.0,46837.0,38473.0,21936.0,3.6105573177337646,,,,,,,,,5.107818841934204,0.05415421698199924,0.0810449981661225,0.4,0.5015018417908657,0.7470722742491102,0.0,,,,,,,,,21934.0,15.0,1.0,387.0,-535296998.0,-22.0,1.0,76.0,-8.0,17.0,-34.0
200,21946.0,49608.0,40660.0,46606.0,38110.0,21946.0,3.6105573177337646,,,,,,,,,5.12073540687561,0.0606300435610789,0.09068350620337577,0.4,0.5012091830515939,0.7453208607738726,0.0,,,,,,,,,21944.0,14.0,1.0,388.0,-535296998.0,-23.0,1.0,75.0,-12.0,-41.0,-27.0
201,21956.0,48731.0,40805.0,47327.0,37997.0,21956.0,3.6105573177337646,,,,,,,,,5.133892774581909,0.0672224901386682,0.10047712503849128,0.4,0.5008771276376499,0.7433349163338567,0.0,,,,,,,,,21954.0,14.0,1.0,388.0,-534248422.0,-23.0,1.0,75.0,-12.0,-28.0,-31.0
202,21966.0,48733.0,40677.0,46979.0,37759.0,21966.0,3.6105573177337646,,,,,,,,,5.146913051605225,0.07374172686968354,0.11014167081642169,0.4,0.5005148335296794,0.7411696228388197,0.0,,,,,,,,,21964.0,14.0,1.0,390.0,-534248422.0,-24.0,2.0,79.0,-22.0,-4.0,-33.0
203,21976.0,48983.0,40299.0,46733.0,38221.0,21976.0,3.6105573177337646,,,,,,,,,5.158602714538574,0.07959053491428764,0.11879349897741971,0.4,0.5001610258755442,0.7390565617814694,0.0,,,,,,,,,21974.0,16.0,2.0,391.0,-534248422.0,-18.0,3.0,77.0,-19.0,-11.0,-35.0
204,21986.0,48365.0,40299.0,47369.0,38163.0,21986.0,3.6105573177337646,,,,,,,,,5.170258045196533,0.08541789073045854,0.1273943980087477,0.4,0.4997813942351715,0.7367909327891697,0.0,,,,,,,,,21984.0,16.0,2.0,392.0,-534249446.0,-19.0,4.0,77.0,-25.0,-8.0,-34.0
205,21996.0,48146.0,39864.0,47638.0,38564.0,21996.0,3.6105573177337646,,,,,,,,,5.182242393493652,0.09140496681299254,0.13620957696114636,0.4,0.4993630973601298,0.7342965430124276,0.0,,,,,,,,,21994.0,16.0,2.0,392.0,-534249447.0,-19.0,4.0,75.0,-47.0,-16.0,-26.0
206,22006.0,48942.0,40672.0,46796.0,37858.0,22006.0,3.6105573177337646,,,,,,,,,5.194852590560913,0.09769909892429829,0.14545171213439054,0.4,0.4988923859205969,0.7314920920099658,0.0,,,,,,,,,22004.0,17.0,3.0,393.0,-534249447.0,-16.0,6.0,73.0,-22.0,50.0,-32.0
207,22016.0,48118.0,41038.0,47666.0,37554.0,22016.0,3.6105573177337646,,,,,,,,,5.207164764404297,0.10383856404731862,0.15444020179781115,0.4,0.4984025813154415,0.728576693745973,0.0,,,,,,,,,22014.0,17.0,3.0,394.0,-534249447.0,-17.0,7.0,72.0,-10.0,71.0,-34.0
208,22026.0,48569.0,41225.0,47203.0,37479.0,22026.0,3.6105573177337646,,,,,,,,,5.218909502029419,0.10968929116153506,0.16298001314671215,0.4,0.4979075535383202,0.7256331159629626,0.0,,,,,,,,,22024.0,16.0,3.0,394.0,-534248423.0,-17.0,8.0,70.0,26.0,95.0,-38.0
209,22036.0,49269.0,41661.0,46609.0,37085.0,22036.0,3.605278730392456,,,,,,,,,5.230639457702637,0.11552669272183279,0.17147364367435122,0.4,0.4973860859890524,0.7225354832955806,0.0,,,,,,,,,22034.0,17.0,3.0,395.0,-534248423.0,-16.0,7.0,68.0,63.0,88.0,-34.0
210,22046.0,49287.0,41573.0,46731.0,37145.0,22046.0,3.605278730392456,,,,,,,,,5.243401527404785,0.12187058650960642,0.1806722460317352,0.4,0.49678804780008823,0.7189869999064694,0.0,,,,,,,,,22044.0,16.0,3.0,396.0,-534248423.0,-18.0,7.0,66.0,77.0,66.0,-28.0
211,22056.0,49003.0,41903.0,47671.0,37535.0,22056.0,3.605278730392456,,,,,,,,,5.255577325820923,0.12791575230348387,0.1894049973215106,0.4,0.4961877068185467,0.7154291466240735,0.0,,,,,,,,,22054.0,15.0,2.0,395.0,-534247399.0,-19.0,7.0,55.0,87.0,67.0,-30.0
212,22066.0,49767.0,42613.0,46883.0,37121.0,22066.0,3.605278730392456,,,,,,,,,5.267452239990234,0.1338043235502355,0.19787925379800458,0.4,0.49557422842369014,0.7117978802537918,0.0,,,,,,,,,22064.0,15.0,2.0,395.0,-535295975.0,-19.0,7.0,52.0,114.0,56.0,-41.0
213,22076.0,49432.0,42150.0,47292.0,37606.0,22076.0,3.6000001430511475,,,,,,,,,5.279144525527954,0.13959505606840342,0.2061801394083623,0.4,0.4949432294805873,0.7080675939509095,0.0,,,,,,,,,22074.0,16.0,3.0,396.0,-535295975.0,-18.0,9.0,50.0,105.0,49.0,-37.0
214,22086.0,49765.0,42407.0,46885.0,37479.0,22086.0,3.6000001430511475,,,,,,,,,5.290809869766235,0.14536493785371193,0.21441754325424078,0.4,0.4942870643657303,0.7041935731856774,0.0,,,,,,,,,22084.0,14.0,2.0,396.0,-536344552.0,-22.0,7.0,49.0,113.0,14.0,-43.0
215,22096.0,50607.0,42201.0,46569.0,38035.0,22096.0,3.6000001430511475,,,,,,,,,5.302978277206421,0.15137531695927053,0.2229610562512332,0.4,0.4935743064242268,0.6999912498255189,0.0,,,,,,,,,22094.0,15.0,1.0,396.0,-1073215464.0,-20.0,5.0,42.0,107.0,-7.0,-35.0
216,22106.0,50920.0,40748.0,46344.0,39492.0,22106.0,3.6000001430511475,,,,,,,,,5.31550669670105,0.15755426903425868,0.23170284662590176,0.4,0.4928103162506694,0.6954936018040768,0.0,,,,,,,,,22104.0,15.0,1.0,396.0,-1073215464.0,-21.0,5.0,41.0,71.0,-73.0,-33.0
217,22116.0,49897.0,41055.0,47493.0,39107.0,22116.0,3.594721555709839,,,,,,,,,5.327159881591797,0.16329280419888195,0.23978242957796786,0.4,0.492072285596992,0.6911553948582713,0.0,,,,,,,,,22114.0,14.0,0.0,397.0,-1072166888.0,-23.0,3.0,40.0,4.0,-107.0,-24.0
218,22126.0,50637.0,41709.0,46637.0,38593.0,22126.0,3.594721555709839,,,,,,,,,5.338890790939331,0.16906077164692648,0.2478639639166082,0.4,0.49130268793129156,0.6866385591662447,0.0,,,,,,,,,22124.0,13.0,1.0,397.0,-1072166888.0,-24.0,3.0,40.0,0.0,-52.0,-33.0
219,22136.0,49411.0,41351.0,47999.0,38867.0,22136.0,3.594721555709839,,,,,,,,,5.350632429122925,0.1748248169749011,0.25589895224227155,0.4,0.49050565845988187,0.6819681761374193,0.0,,,,,,,,,22134.0,6.0,0.0,398.0,-1072166888.0,-38.0,1.0,41.0,-26.0,-97.0,-23.0
220,22146.0,49434.0,41456.0,47828.0,38626.0,22146.0,3.594721555709839,,,,,,,,,5.362807035446167,0.18079135708650715,0.26417137499121046,0.4,0.48965104782908664,0.6769688069873323,0.0,,,,,,,,,22144.0,6.0,0.0,398.0,-1072166888.0,-39.0,1.0,41.0,-46.0,-101.0,-23.0
221,22156.0,48562.0,42048.0,48508.0,38170.0,22156.0,3.594721555709839,,,,,,,,,5.375033617019653,0.18677272191380503,0.272416883618418,0.4,0.4887639531198248,0.6717886312780523,0.0,,,,,,,,,22154.0,6.0,0.0,399.0,-1072167912.0,-39.0,1.0,41.0,-27.0,-53.0,-37.0
222,22166.0,50127.0,40979.0,47021.0,39101.0,22166.0,3.6000001430511475,,,,,,,,,5.387410402297974,0.19281633993526442,0.2806981839227761,0.4,0.48783658219497716,0.6663833060089167,0.0,,,,,,,,,22164.0,5.0,0.0,399.0,-1073216489.0,-40.0,1.0,42.0,-71.0,-94.0,-25.0
223,22176.0,49415.0,40749.0,47671.0,39341.0,22176.0,3.594721555709839,,,,,,,,,5.399334907531738,0.19862808345595281,0.28861266387999457,0.4,0.48691519483181994,0.661023023411442,0.0,,,,,,,,,22174.0,6.0,2.0,400.0,-1073216489.0,-37.0,4.0,42.0,-44.0,-87.0,-30.0
224,22186.0,48848.0,40552.0,47590.0,38854.0,22186.0,3.594721555709839,,,,,,,,,5.411266326904297,0.20443203690584194,0.2964668712613111,0.4,0.4859659161758557,0.6555110782654723,0.0,,,,,,,,,22184.0,6.0,1.0,402.0,-536346601.0,-37.0,3.0,52.0,-28.0,-67.0,-28.0
225,22196.0,49404.0,40530.0,46870.0,38780.0,22196.0,3.594721555709839,,,,,,,,,5.423462152481079,0.21035273241197594,0.3044262410088532,0.4,0.484967375244887,0.6497247020964294,0.0,,,,,,,,,22194.0,6.0,1.0,402.0,-536346601.0,-37.0,3.0,54.0,-6.0,-58.0,-30.0
226,22206.0,49625.0,40583.0,46597.0,38699.0,22206.0,3.6000001430511475,,,,,,,,,5.436540365219116,0.2166880656760311,0.3128819853035488,0.4,0.483864947967403,0.6433501456720174,0.0,,,,,,,,,22204.0,6.0,2.0,403.0,-536870889.0,-36.0,4.0,54.0,25.0,-78.0,-30.0
227,22216.0,49175.0,41335.0,47081.0,37925.0,22216.0,3.6000001430511475,,,,,,,,,5.4485673904418945,0.22250127923720198,0.32058354542505796,0.4,0.4828222900994995,0.637334542089027,0.0,,,,,,,,,22214.0,5.0,2.0,403.0,-536870889.0,-37.0,4.0,53.0,54.0,-58.0,-30.0
228,22226.0,49777.0,42575.0,46367.0,36657.0,22226.0,3.6000001430511475,,,,,,,,,5.460201740264893,0.22811260773363173,0.327963992701939,0.4,0.48178743781025146,0.6313768040766429,0.0,,,,,,,,,22224.0,5.0,1.0,404.0,-1073740777.0,-36.0,3.0,58.0,90.0,-84.0,-29.0
229,22236.0,49700.0,41442.0,45970.0,37496.0,22236.0,3.6000001430511475,,,,,,,,,5.471874237060547,0.23373008478396806,0.33529819158329177,0.4,0.4807233204522484,0.6252639149424397,0.0,,,,,,,,,22234.0,5.0,1.0,405.0,-1073740777.0,-36.0,3.0,59.0,68.0,-46.0,-38.0
230,22246.0,49813.0,40843.0,45933.0,37943.0,22246.0,3.6000001430511475,,,,,,,,,5.484408617019653,0.23974834275411647,0.3430935702469355,0.4,0.479551840022345,0.6185499026452083,0.0,,,,,,,,,22244.0,4.0,1.0,406.0,-1072692201.0,-35.0,3.0,59.0,48.0,-73.0,-26.0
231,22256.0,47947.0,42093.0,47573.0,36835.0,22256.0,3.605278730392456,,,,,,,,,5.4969258308410645,0.24574351900871427,0.3507933291089429,0.4,0.4783522810459445,0.6116919410931743,0.0,,,,,,,,,22254.0,3.0,2.0,406.0,-1072692202.0,-36.0,4.0,59.0,33.0,-23.0,-38.0
232,22266.0,49780.0,41370.0,45602.0,37576.0,22266.0,3.605278730392456,,,,,,,,,5.509241580963135,0.2516273698589029,0.3582844633359622,0.4,0.4771431506486345,0.6047966412901866,0.0,,,,,,,,,22264.0,3.0,2.0,407.0,-1072691178.0,-36.0,4.0,59.0,68.0,-31.0,-45.0
233,22276.0,47967.0,40085.0,47331.0,38641.0,22276.0,3.605278730392456,,,,,,,,,5.5212976932525635,0.25737258686320036,0.365534563384532,0.4,0.4759318363396142,0.5979063859129361,0.0,,,,,,,,,22274.0,3.0,1.0,408.0,-1072691178.0,-35.0,2.0,61.0,7.0,-82.0,-38.0
234,22286.0,49085.0,39849.0,46217.0,38837.0,22286.0,3.6105573177337646,,,,,,,,,5.537147760391235,0.264903250791176,0.37493828847050575,0.4,0.4742977899905617,0.5886392755078115,0.0,,,,,,,,,22284.0,3.0,2.0,408.0,-1072691178.0,-34.0,3.0,60.0,4.0,-70.0,-39.0
235,22296.0,49443.0,39779.0,45799.0,38983.0,22296.0,3.605278730392456,,,,,,,,,5.548975944519043,0.2705059651187111,0.38185914892725437,0.4,0.47304771617368224,0.5815712931376206,0.0,,,,,,,,,22294.0,2.0,2.0,409.0,-1072691178.0,-33.0,2.0,59.0,-24.0,-57.0,-41.0
236,22306.0,48277.0,39895.0,46939.0,38889.0,22306.0,3.605278730392456,,,,,,,,,5.560701370239258,0.27604525968836596,0.3886366214815598,0.4,0.47178271421752466,0.5744378949232845,0.0,,,,,,,,,22304.0,2.0,2.0,409.0,-1072691178.0,-33.0,2.0,59.0,-61.0,-53.0,-43.0
237,22316.0,48623.0,39391.0,46709.0,39441.0,22316.0,3.605278730392456,,,,,,,,,5.573368072509766,0.28201238529430667,0.39586331557037463,0.4,0.4703873915225312,0.5665917671225813,0.0,,,,,,,,,22314.0,3.0,3.0,410.0,-1072690154.0,-29.0,5.0,57.0,-81.0,-49.0,-39.0
238,22326.0,48000.0,39300.0,47432.0,39596.0,22326.0,3.605278730392456,,,,,,,,,5.5862438678741455,0.2880597022553884,0.40310649974051477,0.4,0.46893849972858137,0.5584690066765986,0.0,,,,,,,,,22324.0,3.0,3.0,410.0,-1073738731.0,-28.0,5.0,54.0,-86.0,-59.0,-37.0
239,22336.0,48389.0,39485.0,47097.0,39509.0,22336.0,3.605278730392456,,,,,,,,,5.598393678665161,0.29374876734327643,0.4098445459555967,0.4,0.4675431553597561,0.5506701295542584,0.0,,,,,,,,,22334.0,4.0,3.0,411.0,-1073738731.0,-25.0,5.0,52.0,-66.0,-47.0,-37.0
240,22346.0,48299.0,40115.0,47109.0,38949.0,22346.0,3.605278730392456,,,,,,,,,5.610471963882446,0.29938737381201336,0.41644823395794417,0.4,0.466129018333005,0.5427899283081004,0.0,,,,,,,,,22344.0,3.0,3.0,411.0,-536867819.0,-25.0,5.0,51.0,-49.0,-31.0,-41.0
241,22356.0,48911.0,40083.0,46529.0,38989.0,22356.0,3.605278730392456,,,,,,,,,5.623203277587891,0.30531216656488636,0.4233050728403791,0.4,0.46460936364246314,0.5343483444695245,0.0,,,,,,,,,22354.0,3.0,4.0,411.0,-536867819.0,-24.0,5.0,45.0,-19.0,3.0,-38.0
242,22366.0,49522.0,41464.0,46374.0,38052.0,22366.0,3.605278730392456,,,,,,,,,5.636120319366455,0.31130342388174864,0.43015120488186825,0.4,0.46303715676976775,0.5256438488781867,0.0,,,,,,,,,22364.0,5.0,3.0,411.0,-535818219.0,-19.0,3.0,42.0,19.0,40.0,-36.0
243,22376.0,49635.0,42501.0,46301.0,37011.0,22376.0,3.605278730392456,,,,,,,,,5.648151397705078,0.3168653126498753,0.43642586630645663,0.4,0.46154534962806254,0.5174117656351307,0.0,,,,,,,,,22374.0,3.0,4.0,412.0,-535819243.0,-21.0,5.0,42.0,39.0,66.0,-32.0
244,22386.0,48916.0,42866.0,46992.0,36722.0,22386.0,3.6000001430511475,,,,,,,,,5.6603310108184814,0.3224774232551098,0.44267637917622055,0.4,0.4600082603653778,0.5089575933702446,0.0,,,,,,,,,22384.0,4.0,4.0,412.0,-536867819.0,-19.0,5.0,41.0,43.0,82.0,-35.0
245,22396.0,49230.0,42700.0,46834.0,36852.0,22396.0,3.6000001430511475,,,,,,,,,5.6728434562683105,0.32822322644884605,0.4489897002096902,0.4,0.4584011140555749,0.5001482584260973,0.0,,,,,,,,,22394.0,2.0,3.0,413.0,-536867819.0,-21.0,5.0,39.0,57.0,75.0,-29.0
246,22406.0,48241.0,43075.0,47919.0,36693.0,22406.0,3.605278730392456,,,,,,,,,5.685038328170776,0.33380367962185375,0.45503598583179117,0.4,0.4568074941382974,0.4914435095894584,0.0,,,,,,,,,22404.0,2.0,3.0,413.0,-536867820.0,-19.0,5.0,36.0,58.0,57.0,-32.0
247,22416.0,48254.0,41620.0,48230.0,37980.0,22416.0,3.605278730392456,,,,,,,,,5.697688102722168,0.33957158711211133,0.4611948836774875,0.4,0.45512609053667347,0.4822921297234876,0.0,,,,,,,,,22414.0,2.0,3.0,413.0,-1073738732.0,-18.0,5.0,34.0,46.0,34.0,-15.0
248,22426.0,49311.0,40463.0,47233.0,39309.0,22426.0,3.6000001430511475,,,,,,,,,5.709643125534058,0.34500299886430336,0.46690843666355764,0.4,0.4535106054072731,0.47353131216900846,0.0,,,,,,,,,22424.0,1.0,3.0,414.0,-1073739756.0,-20.0,3.0,31.0,38.0,21.0,-18.0
249,22436.0,50109.0,41421.0,46323.0,38571.0,22436.0,3.6000001430511475,,,,,,,,,5.721630096435547,0.3504293807051282,0.47253145780386907,0.4,0.45186511197651186,0.4646397842904848,0.0,,,,,,,,,22434.0,1.0,4.0,414.0,-1072691180.0,-18.0,5.0,30.0,62.0,8.0,-33.0
250,22446.0,48336.0,41950.0,48192.0,38014.0,22446.0,3.6000001430511475,,,,,,,,,5.734498023986816,0.3562324311982503,0.4784483711287649,0.4,0.4500701620543565,0.4549775156474947,0.0,,,,,,,,,22444.0,1.0,4.0,414.0,-1072691180.0,-17.0,5.0,28.0,0.0,-15.0,-24.0
251,22456.0,49843.0,40027.0,46923.0,39983.0,22456.0,3.594721555709839,,,,,,,,,5.747103691101074,0.36189463293492835,0.4841233992743908,0.4,0.4482832666165769,0.4453968040056737,0.0,,,,,,,,,22454.0,1.0,4.0,414.0,-1072691180.0,-17.0,5.0,27.0,11.0,-34.0,-18.0
252,22466.0,48563.0,42377.0,48181.0,37655.0,22466.0,3.6000001430511475,,,,,,,,,5.759714126586914,0.3675362612223001,0.4896790267999159,0.4,0.44646755759605394,0.43570064435564587,0.0,,,,,,,,,22464.0,-1.0,2.0,414.0,-1072691180.0,-23.0,0.0,27.0,-37.0,-18.0,-15.0
253,22476.0,49549.0,42201.0,46949.0,37945.0,22476.0,3.594721555709839,,,,,,,,,5.772466659545898,0.37321799421247365,0.49517219981953964,0.4,0.4446028846306455,0.4257839686410443,0.0,,,,,,,,,22474.0,-2.0,2.0,415.0,-1072691180.0,-22.0,0.0,28.0,10.0,-13.0,-34.0
254,22486.0,49454.0,41906.0,47008.0,38152.0,22486.0,3.594721555709839,,,,,,,,,5.78490948677063,0.37873864886853226,0.50040940965579,0.4,0.4427559827466597,0.41600271508209324,0.0,,,,,,,,,22484.0,-2.0,2.0,415.0,-1072691180.0,-21.0,0.0,29.0,13.0,-36.0,-30.0
255,22496.0,49280.0,41540.0,46934.0,38262.0,22496.0,3.594721555709839,,,,,,,,,5.797540903091431,0.38431929720537383,0.5056008533592624,0.4,0.44085340860751465,0.40596919528934244,0.0,,,,,,,,,22494.0,-2.0,2.0,416.0,-1072691180.0,-21.0,0.0,32.0,16.0,-47.0,-29.0
256,22506.0,49641.0,40885.0,46613.0,38737.0,22506.0,3.594721555709839,,,,,,,,,5.809605598449707,0.38962696621605386,0.5104404542663799,0.4,0.4390102657878365,0.39629030034310986,0.0,,,,,,,,,22504.0,0.0,1.0,416.0,-1072690156.0,-16.0,-1.0,34.0,-16.0,-65.0,-20.0
257,22516.0,49182.0,40806.0,47034.0,38786.0,22516.0,3.594721555709839,,,,,,,,,5.821600914001465,0.3948819167896729,0.5151359118745237,0.4,0.4371527122510446,0.3865767580129013,0.0,,,,,,,,,22514.0,-1.0,1.0,417.0,-1072690157.0,-16.0,-1.0,34.0,-42.0,-100.0,-22.0
258,22526.0,49524.0,42544.0,46542.0,37146.0,22526.0,3.594721555709839,,,,,,,,,5.83444619178772,0.4004843426458165,0.5200342717847071,0.4,0.4351360054505761,0.3760776013175464,0.0,,,,,,,,,22524.0,-1.0,1.0,417.0,-1072690157.0,-15.0,-2.0,34.0,-22.0,-22.0,-30.0
259,22536.0,49184.0,40718.0,46928.0,38862.0,22536.0,3.594721555709839,,,,,,,,,5.847182035446167,0.4060132852638564,0.5247571338270958,0.4,0.4331084960706623,0.3655711436959556,0.0,,,,,,,,,22534.0,-1.0,1.0,417.0,-1072690157.0,-14.0,-2.0,34.0,-18.0,-33.0,-21.0
260,22546.0,48509.0,41639.0,47569.0,37939.0,22546.0,3.6000001430511475,,,,,,,,,5.859530687332153,0.41134931664477403,0.5292080836153532,0.4,0.4311161433348999,0.3552946662379448,0.0,,,,,,,,,22544.0,-1.0,2.0,418.0,-1072690157.0,-12.0,0.0,34.0,-40.0,-10.0,-23.0
261,22556.0,49617.0,42065.0,46397.0,37473.0,22556.0,3.6000001430511475,,,,,,,,,5.8713219165802,0.41642137038868,0.5333391978298583,0.4,0.42918950208787304,0.34540218976808235,0.0,,,,,,,,,22554.0,-1.0,2.0,418.0,-1073738733.0,-11.0,0.0,35.0,13.0,44.0,-26.0
262,22566.0,48508.0,41000.0,47614.0,38406.0,22566.0,3.6000001430511475,,,,,,,,,5.883974075317383,0.4218383289081737,0.5376416887546469,0.4,0.42709599108629354,0.3347031393692068,0.0,,,,,,,,,22564.0,-1.0,2.0,418.0,-1073738733.0,-10.0,0.0,35.0,5.0,-3.0,-17.0
263,22576.0,49549.0,42457.0,46317.0,37233.0,22576.0,3.6000001430511475,,,,,,,,,5.896260738372803,0.42707329113870723,0.5416898271941397,0.4,0.42503712393408344,0.32423216329942683,0.0,,,,,,,,,22574.0,0.0,2.0,419.0,-1073738733.0,-7.0,0.0,34.0,23.0,65.0,-32.0
264,22586.0,48960.0,41106.0,47470.0,38824.0,22586.0,3.6000001430511475,,,,,,,,,5.908259391784668,0.43216097942037507,0.5455184551633808,0.4,0.4230020701236572,0.31393202108123924,0.0,,,,,,,,,22584.0,0.0,2.0,418.0,-1072690157.0,-7.0,-1.0,28.0,30.0,25.0,-31.0
265,22596.0,48491.0,43051.0,47763.0,36859.0,22596.0,3.594721555709839,,,,,,,,,5.92052960395813,0.43733840983421857,0.5493054673133574,0.4,0.4208960949558511,0.3033249693256764,0.0,,,,,,,,,22594.0,-1.0,3.0,418.0,-1072690157.0,-6.0,0.0,30.0,-10.0,68.0,-28.0
266,22606.0,49998.0,41342.0,46142.0,38698.0,22606.0,3.594721555709839,,,,,,,,,5.932151556015015,0.4422183404623873,0.5527719896102055,0.4,0.41887831122308733,0.2932117680602906,0.0,,,,,,,,,22604.0,-1.0,2.0,418.0,-1072690157.0,-6.0,0.0,29.0,31.0,58.0,-34.0
267,22616.0,48808.0,41544.0,47356.0,38376.0,22616.0,3.594721555709839,,,,,,,,,5.945828437805176,0.44793089091008076,0.5567003755782198,0.4,0.41647515320680406,0.28123046632201815,0.0,,,,,,,,,22614.0,-1.0,2.0,419.0,-1072690158.0,-5.0,0.0,30.0,0.0,36.0,-32.0
268,22626.0,49088.0,41116.0,47286.0,38914.0,22626.0,3.594721555709839,,,,,,,,,5.957870244979858,0.4529331355456628,0.5600230331651117,0.4,0.41433382752192804,0.27061264755642755,0.0,,,,,,,,,22624.0,0.0,2.0,418.0,-1072690158.0,-3.0,0.0,28.0,-36.0,5.0,-26.0
269,22636.0,49374.0,41350.0,46938.0,38690.0,22636.0,3.594721555709839,,,,,,,,,5.970063209533691,0.45797175210608465,0.5632567381062228,0.4,0.41214145571367133,0.2597984206400479,0.0,,,,,,,,,22634.0,0.0,2.0,419.0,-1072691182.0,-2.0,0.0,28.0,-33.0,18.0,-26.0
270,22646.0,49368.0,41330.0,46862.0,38800.0,22646.0,3.594721555709839,,,,,,,,,5.9909467697143555,0.4665390610563271,0.5684876855674684,0.4,0.4083303367490932,0.24113601780245048,0.0,,,,,,,,,22644.0,0.0,2.0,419.0,-1073739758.0,-2.0,0.0,28.0,-34.0,18.0,-31.0
271,22656.0,49195.0,41649.0,47103.0,38533.0,22656.0,3.594721555709839,,,,,,,,,6.003796339035034,0.4717706678088835,0.5715119346108186,0.4,0.40595039191137083,0.22956977121400915,0.0,,,,,,,,,22654.0,0.0,1.0,419.0,-1073739758.0,-1.0,-2.0,26.0,-23.0,43.0,-32.0
272,22666.0,48999.0,41505.0,47347.0,38649.0,22666.0,3.594721555709839,,,,,,,,,6.016359806060791,0.47685606055500734,0.5743247832670785,0.4,0.40359785277179167,0.21820316034377166,0.0,,,,,,,,,22664.0,-1.0,3.0,419.0,-1073739758.0,-1.0,0.0,22.0,-29.0,33.0,-26.0
273,22676.0,49256.0,41578.0,47388.0,38906.0,22676.0,3.594721555709839,,,,,,,,,6.028569459915161,0.48176977023214573,0.5769212639866423,0.4,0.4012874678053405,0.207104520560776,0.0,,,,,,,,,22674.0,-1.0,2.0,419.0,-1073739758.0,-1.0,-1.0,21.0,-30.0,16.0,-28.0
274,22686.0,49444.0,41614.0,47352.0,38936.0,22686.0,3.594721555709839,,,,,,,,,6.040632486343384,0.4865966270083245,0.579353191334813,0.4,0.3989816350179482,0.19609127660600334,0.0,,,,,,,,,22684.0,-1.0,2.0,419.0,-1073739758.0,0.0,-1.0,19.0,-43.0,-22.0,-27.0
275,22696.0,49957.0,41491.0,47043.0,39109.0,22696.0,3.594721555709839,,,,,,,,,6.0532824993133545,0.491628326561079,0.5817604449244046,0.4,0.39653898224739753,0.18449377145061896,0.0,,,,,,,,,22694.0,-1.0,2.0,419.0,-536868846.0,0.0,-1.0,16.0,-48.0,-11.0,-21.0
276,22706.0,50211.0,41513.0,46801.0,39187.0,22706.0,3.594721555709839,,,,,,,,,6.066483020782471,0.49684587778789685,0.5841157073980485,0.4,0.39396332150395014,0.17234189912092726,0.0,,,,,,,,,22704.0,-1.0,2.0,419.0,-536868846.0,0.0,-1.0,15.0,-41.0,-22.0,-18.0
277,22716.0,50319.0,41851.0,46715.0,38659.0,22716.0,3.5894429683685303,,,,,,,,,6.078460931777954,0.5015506202773251,0.5861137582066089,0.4,0.39160275673213074,0.16127438607084968,0.0,,,,,,,,,22714.0,-1.0,2.0,420.0,-536868847.0,1.0,-1.0,16.0,-9.0,-20.0,-14.0
278,22726.0,50048.0,42070.0,47008.0,38590.0,22726.0,3.5894429683685303,,,,,,,,,6.091447353363037,0.5066193860056563,0.588129998148088,0.4,0.38901838238874564,0.1492338138219532,0.0,,,,,,,,,22724.0,-1.0,2.0,420.0,-536868847.0,1.0,-1.0,14.0,25.0,14.0,-19.0
279,22736.0,49859.0,42735.0,47227.0,38043.0,22736.0,3.5894429683685303,,,,,,,,,6.1045331954956055,0.5116928375026348,0.5900032438804735,0.4,0.3863880246314369,0.137060870334345,0.0,,,,,,,,,22734.0,-1.0,2.0,420.0,-536868847.0,2.0,-1.0,13.0,39.0,37.0,-18.0
280,22746.0,49459.0,43361.0,47547.0,37501.0,22746.0,3.5894429683685303,,,,,,,,,6.126948118209839,0.5203026623656486,0.5928410065592482,0.4,0.3818218557607034,0.11612537422124121,0.0,,,,,,,,,22744.0,-2.0,-1.0,420.0,-1073739759.0,0.0,-8.0,13.0,46.0,80.0,-27.0
281,22756.0,49263.0,43305.0,47963.0,37681.0,22756.0,3.5894429683685303,,,,,,,,,6.139267206192017,0.524990726214526,0.5942004724648879,0.4,0.3792800130680099,0.10457907368399431,0.0,,,,,,,,,22754.0,-2.0,-1.0,420.0,-1073739759.0,0.0,-8.0,10.0,24.0,108.0,-27.0
282,22766.0,49478.0,41518.0,47928.0,39456.0,22766.0,3.5894429683685303,,,,,,,,,6.151276588439941,0.5295306557950205,0.5953886911511677,0.4,0.37678019812322305,0.09329890373817736,0.0,,,,,,,,,22764.0,-2.0,-1.0,420.0,-1073740783.0,0.0,-9.0,9.0,-24.0,68.0,-16.0
283,22776.0,48953.0,43701.0,48453.0,37413.0,22776.0,3.5894429683685303,,,,,,,,,6.164072275161743,0.5343346514644833,0.5965054956143588,0.4,0.3740931074235989,0.0812568547378156,0.0,,,,,,,,,22774.0,-2.0,-1.0,420.0,-1073740783.0,1.0,-9.0,8.0,-17.0,18.0,-20.0
284,22786.0,49783.0,40905.0,47747.0,40177.0,22786.0,3.5894429683685303,,,,,,,,,6.176729679107666,0.5390527513283719,0.5974584987272615,0.4,0.37141126556805154,0.06932426362416892,0.0,,,,,,,,,22784.0,-2.0,0.0,420.0,-1073740783.0,0.0,-7.0,7.0,-72.0,56.0,-20.0
285,22796.0,48733.0,41635.0,48585.0,39683.0,22796.0,3.5894429683685303,,,,,,,,,6.188824653625488,0.5435293521755387,0.5982279337122172,0.4,0.36882664002352483,0.05790546663098935,0.0,,,,,,,,,22794.0,-2.0,-1.0,421.0,-1073740783.0,1.0,-7.0,7.0,-56.0,33.0,-24.0
286,22806.0,48729.0,41927.0,48577.0,39519.0,22806.0,3.5894429683685303,,,,,,,,,6.201068162918091,0.5480289572017937,0.5988660675522853,0.4,0.3661885796035812,0.04633282593906142,0.0,,,,,,,,,22804.0,-2.0,-1.0,421.0,-536869871.0,1.0,-7.0,6.0,-78.0,1.0,-33.0
287,22816.0,49039.0,41555.0,48473.0,39921.0,22816.0,3.5894429683685303,,,,,,,,,6.213718414306641,0.5526439747293532,0.5993764973980652,0.4,0.36344011929340075,0.03436424180111916,0.0,,,,,,,,,22814.0,-1.0,0.0,421.0,-535821295.0,4.0,-5.0,4.0,-86.0,10.0,-29.0
288,22826.0,49928.0,41740.0,47652.0,39888.0,22826.0,3.5841643810272217,,,,,,,,,6.226023197174072,0.557099465320656,0.5997276730193692,0.4,0.3607446868881028,0.022714152523697632,0.0,,,,,,,,,22824.0,-1.0,0.0,421.0,-535821295.0,4.0,-5.0,2.0,-80.0,-7.0,-32.0
289,22836.0,50227.0,41987.0,47337.0,39721.0,22836.0,3.5841643810272217,,,,,,,,,6.238478899002075,0.5615756870151921,0.5999371187213209,0.4,0.35799423436501526,0.010915654731047584,0.0,,,,,,,,,22834.0,-1.0,0.0,421.0,-535821296.0,5.0,-5.0,2.0,-67.0,-13.0,-27.0
290,22846.0,50076.0,42068.0,47854.0,39922.0,22846.0,3.5841643810272217,,,,,,,,,6.25006890296936,0.5657099146452593,0.5999999977508581,0.4,0.3554152470566692,-6.528432468454896e-05,0.0,,,,,,,,,22844.0,-2.0,0.0,420.0,-534772720.0,2.0,-4.0,-1.0,-52.0,-15.0,-34.0
291,22856.0,49962.0,42736.0,47914.0,39280.0,22856.0,3.5841643810272217,,,,,,,,,6.262378692626953,0.570068037088957,0.5999274091663832,0.4,0.3526554574687559,-0.011728115728981308,0.0,,,,,,,,,22854.0,-1.0,0.0,420.0,-534772720.0,4.0,-4.0,-1.0,-11.0,-5.0,-29.0
292,22866.0,50684.0,42850.0,47350.0,39120.0,22866.0,3.5841643810272217,,,,,,,,,6.275110483169556,0.5745396842725983,0.5997013138496045,0.4,0.3497788658315046,-0.02378778332593383,0.0,,,,,,,,,22864.0,-1.0,0.0,420.0,-534772720.0,4.0,-3.0,-1.0,16.0,3.0,-22.0
293,22876.0,50158.0,43358.0,47900.0,38632.0,22876.0,3.5841643810272217,,,,,,,,,6.287180423736572,0.5787449321037869,0.5993452271745301,0.4,0.34703113964186627,-0.0352149675941589,0.0,,,,,,,,,22874.0,-1.0,0.0,420.0,-534772720.0,4.0,-3.0,0.0,44.0,11.0,-21.0
294,22886.0,50913.0,43261.0,47145.0,38657.0,22886.0,3.5841643810272217,,,,,,,,,6.299467086791992,0.5829914986602865,0.5988411324558813,0.4,0.3442135778128813,-0.04683899646150656,0.0,,,,,,,,,22884.0,-1.0,0.0,419.0,-534772720.0,4.0,-2.0,-3.0,59.0,3.0,-17.0
295,22896.0,51612.0,42962.0,46622.0,39232.0,22896.0,3.5841643810272217,,,,,,,,,6.312258005142212,0.5873754315149754,0.5981646882150015,0.4,0.34125858895822375,-0.05892818280146726,0.0,,,,,,,,,22894.0,-1.0,0.0,419.0,-535821296.0,4.0,-2.0,-1.0,63.0,4.0,-16.0
296,22906.0,50343.0,43733.0,47805.0,38279.0,22906.0,3.5841643810272217,,,,,,,,,6.324027061462402,0.5913756271574703,0.5974057681107869,0.4,0.33852019796940586,-0.07003819317143704,0.0,,,,,,,,,22904.0,-1.0,0.0,419.0,-535821296.0,4.0,0.0,0.0,65.0,0.0,-21.0
297,22916.0,49935.0,42795.0,48249.0,39225.0,22916.0,3.5841643810272217,,,,,,,,,6.335655450820923,0.5952962523194382,0.5965275848288385,0.4,0.33579635611414455,-0.08100037773972572,0.0,,,,,,,,,22914.0,-1.0,0.0,419.0,-535821296.0,4.0,0.0,0.0,45.0,12.0,-20.0
298,22926.0,50488.0,42720.0,47612.0,39260.0,22926.0,3.578885793685913,,,,,,,,,6.34846568107605,0.5995785515216896,0.5954127058959674,0.4,0.33277493385080387,-0.09305658061318461,0.0,,,,,,,,,22924.0,-1.0,0.0,419.0,-535821296.0,4.0,0.0,1.0,17.0,4.0,-18.0
299,22936.0,50530.0,42184.0,48120.0,40114.0,22936.0,3.5841643810272217,,,,,,,,,6.360647678375244,0.6036148117981552,0.5942093703590755,0.4,0.3298816850087099,-0.10449920725172104,0.0,,,,,,,,,22934.0,-1.0,0.0,418.0,-535821296.0,4.0,0.0,-2.0,21.0,-28.0,-14.0
300,22946.0,50098.0,41662.0,48470.0,40534.0,22946.0,3.5841643810272217,,,,,,,,,6.373494863510132,0.6078331514331026,0.5927894732895842,0.4,0.32680951782396206,-0.11654006550209292,0.0,,,,,,,,,22944.0,-1.0,1.0,418.0,-535821296.0,6.0,3.0,-2.0,-8.0,-13.0,-15.0
301,22956.0,50089.0,42119.0,48505.0,40099.0,22956.0,3.578885793685913,,,,,,,,,6.385601043701172,0.6117719438423828,0.5913100771014157,0.4,0.32389505715444034,-0.1278586849514828,0.0,,,,,,,,,22954.0,-1.0,1.0,418.0,-535821296.0,6.0,3.0,0.0,-42.0,-2.0,-12.0
302,22966.0,50088.0,41600.0,48358.0,40446.0,22966.0,3.578885793685913,,,,,,,,,6.398474216461182,0.6159214435143768,0.5895868329927839,0.4,0.32077539457884535,-0.13986187789945007,0.0,,,,,,,,,22964.0,-1.0,1.0,418.0,-535821297.0,6.0,3.0,1.0,-32.0,-20.0,-9.0
303,22976.0,49990.0,41726.0,48068.0,39776.0,22976.0,3.578885793685913,,,,,,,,,6.410645008087158,0.6198074869079765,0.5878157144341283,0.4,0.3178066427205661,-0.15117655061646823,0.0,,,,,,,,,22974.0,-1.0,1.0,420.0,-535821297.0,6.0,3.0,10.0,-45.0,-6.0,-7.0
304,22986.0,49831.0,41319.0,47921.0,40153.0,22986.0,3.578885793685913,,,,,,,,,6.423649787902832,0.6239197549158447,0.5857712918516322,0.4,0.3146139265789579,-0.16322740098837535,0.0,,,,,,,,,22984.0,0.0,2.0,420.0,-535821297.0,9.0,6.0,12.0,-7.0,0.0,-13.0
305,22996.0,50157.0,41807.0,47705.0,39595.0,22996.0,3.578885793685913,,,,,,,,,6.435590744018555,0.6276589503513762,0.5837563278518538,0.4,0.311663878827064,-0.17425414941437659,0.0,,,,,,,,,22994.0,0.0,2.0,420.0,-535821297.0,10.0,6.0,13.0,-13.0,14.0,-8.0
306,23006.0,50289.0,42427.0,47465.0,38819.0,23006.0,3.5841643810272217,,,,,,,,,6.448269844055176,0.6315906088622999,0.5814729405209061,0.4,0.30851227024920364,-0.18591952518910368,0.0,,,,,,,,,23004.0,0.0,3.0,420.0,-534772721.0,9.0,8.0,14.0,34.0,25.0,-7.0
307,23016.0,49848.0,42436.0,47956.0,38796.0,23016.0,3.5841643810272217,,,,,,,,,6.46055006980896,0.6353603708128438,0.5791206627742225,0.4,0.305441141255268,-0.19717295416749075,0.0,,,,,,,,,23014.0,0.0,3.0,421.0,-535821297.0,10.0,9.0,22.0,46.0,32.0,-8.0
308,23026.0,50545.0,42107.0,46855.0,38525.0,23026.0,3.5841643810272217,,,,,,,,,6.473738670349121,0.639366851433101,0.5764408136863635,0.4,0.3021225925111861,-0.20920643977472192,0.0,,,,,,,,,23024.0,0.0,3.0,421.0,-535821297.0,10.0,9.0,25.0,53.0,52.0,-2.0
309,23036.0,50159.0,42389.0,46969.0,38187.0,23036.0,3.5841643810272217,,,,,,,,,6.485920190811157,0.6430284005026234,0.5738249241212411,0.4,0.29903901221688484,-0.22027007621509465,0.0,,,,,,,,,23034.0,0.0,3.0,422.0,-535821297.0,10.0,10.0,28.0,81.0,60.0,-5.0
310,23046.0,50126.0,42708.0,46848.0,37718.0,23046.0,3.5841643810272217,,,,,,,,,6.497848749160767,0.6465774107454738,0.5711330511409203,0.4,0.29600248823918246,-0.23105396425631355,0.0,,,,,,,,,23044.0,1.0,2.0,422.0,-535821297.0,12.0,7.0,30.0,106.0,50.0,-11.0
311,23056.0,49378.0,42188.0,47466.0,38140.0,23056.0,3.5841643810272217,,,,,,,,,6.51057767868042,0.6503244862841059,0.5681190432526168,0.4,0.2927438881628761,-0.24250410196478994,0.0,,,,,,,,,23054.0,1.0,2.0,422.0,-536870897.0,12.0,7.0,32.0,99.0,44.0,-16.0
312,23066.0,48944.0,42166.0,46978.0,37276.0,23066.0,3.5894429683685303,,,,,,,,,6.523538112640381,0.6540969698090459,0.5649008780819066,0.4,0.2894067851102279,-0.25409871934775796,0.0,,,,,,,,,23064.0,0.0,2.0,425.0,-1073741809.0,11.0,7.0,46.0,65.0,53.0,-6.0
313,23076.0,48384.0,41532.0,47350.0,37730.0,23076.0,3.5894429683685303,,,,,,,,,6.535975694656372,0.6576764808765606,0.5616716369071583,0.4,0.28618625958432303,-0.26516224844772285,0.0,,,,,,,,,23074.0,1.0,2.0,425.0,-1073217521.0,11.0,6.0,48.0,47.0,45.0,-12.0
314,23086.0,48117.0,41369.0,47371.0,37903.0,23086.0,3.594721555709839,,,,,,,,,6.548386096954346,0.6612081369504132,0.5583126978515764,0.4,0.2829553514879304,-0.2761370415819441,0.0,,,,,,,,,23084.0,1.0,2.0,426.0,-1072168945.0,11.0,6.0,48.0,28.0,41.0,-19.0
315,23096.0,49561.0,41295.0,45935.0,37809.0,23096.0,3.594721555709839,,,,,,,,,6.5603907108306885,0.6645860656299636,0.5549343784507157,0.4,0.2798137137046563,-0.2866891131350062,0.0,,,,,,,,,23094.0,1.0,2.0,426.0,-1072168945.0,11.0,6.0,48.0,-20.0,7.0,-10.0
316,23106.0,47991.0,40137.0,47357.0,39015.0,23106.0,3.6000001430511475,,,,,,,,,6.573180913925171,0.6681434411472021,0.5511960478239686,0.4,0.27644897354109765,-0.297859876731176,0.0,,,,,,,,,23104.0,2.0,2.0,428.0,-1072168945.0,12.0,6.0,54.0,3.0,56.0,-25.0
317,23116.0,48564.0,40076.0,46264.0,38644.0,23116.0,3.6000001430511475,,,,,,,,,6.585674285888672,0.6715766002628898,0.5474069988616729,0.4,0.2731450826566264,-0.30869712748651573,0.0,,,,,,,,,23114.0,2.0,2.0,428.0,-1072167921.0,12.0,6.0,54.0,-59.0,31.0,-26.0
318,23126.0,48544.0,40180.0,46244.0,38536.0,23126.0,3.605278730392456,,,,,,,,,6.597487211227417,0.6747847145322395,0.5437002042125277,0.4,0.2700056525524021,-0.31887419345235435,0.0,,,,,,,,,23124.0,2.0,3.0,429.0,-1073216497.0,11.0,8.0,54.0,-49.0,-16.0,-23.0
319,23136.0,47954.0,40142.0,46776.0,38512.0,23136.0,3.6000001430511475,,,,,,,,,6.609651565551758,0.6780494176914391,0.5397579353691756,0.4,0.26675728271581695,-0.3292805664328503,0.0,,,,,,,,,23134.0,2.0,3.0,429.0,-1073216497.0,12.0,8.0,54.0,-29.0,-3.0,-25.0
320,23146.0,47924.0,41604.0,46522.0,37170.0,23146.0,3.605278730392456,,,,,,,,,6.6222083568573,0.6813778953727011,0.5355562045714886,0.4,0.26338777339931957,-0.3399419305639174,0.0,,,,,,,,,23144.0,2.0,3.0,430.0,-536345585.0,12.0,8.0,53.0,-23.0,48.0,-35.0
321,23156.0,49311.0,41427.0,45511.0,37967.0,23156.0,3.605278730392456,,,,,,,,,6.635479211807251,0.6848495486407784,0.5309706234231371,0.4,0.2598088354837505,-0.35111752118366923,0.0,,,,,,,,,23154.0,2.0,3.0,429.0,-536345586.0,12.0,8.0,44.0,28.0,79.0,-53.0
322,23166.0,47272.0,42796.0,47698.0,36562.0,23166.0,3.605278730392456,,,,,,,,,6.647451162338257,0.6879405623437518,0.5267071332096961,0.4,0.25656468609594363,-0.36111559199895044,0.0,,,,,,,,,23164.0,3.0,6.0,430.0,-536345586.0,13.0,14.0,44.0,18.0,55.0,-35.0
323,23176.0,48390.0,40978.0,46518.0,38378.0,23176.0,3.6000001430511475,,,,,,,,,6.659691572189331,0.6910606426985653,0.5222247968784236,0.4,0.25323278203994815,-0.3712533416162342,0.0,,,,,,,,,23174.0,2.0,5.0,430.0,-1073216498.0,11.0,11.0,43.0,58.0,57.0,-36.0
324,23186.0,48239.0,40761.0,46623.0,38605.0,23186.0,3.6000001430511475,,,,,,,,,6.6724889278411865,0.6942789777071354,0.5174064134741436,0.4,0.249733261267591,-0.3817584041181338,0.0,,,,,,,,,23184.0,3.0,5.0,430.0,-1073215474.0,11.0,11.0,41.0,81.0,70.0,-43.0
325,23196.0,46877.0,39691.0,44713.0,36343.0,23196.0,3.6000001430511475,,,,,,,,,6.685279369354248,0.6974507221574484,0.5124569333545609,0.4,0.2462194979075091,-0.3921591436415033,0.0,,,,,,,,,23194.0,3.0,5.0,431.0,-1072166898.0,12.0,11.0,41.0,96.0,75.0,-41.0
326,23206.0,47413.0,40505.0,44097.0,35609.0,23206.0,3.6000001430511475,,,,,,,,,6.697916269302368,0.7005401558471925,0.5074368528962301,0.4,0.24273229749564879,-0.40233554791905213,0.0,,,,,,,,,23204.0,4.0,6.0,431.0,-1072166898.0,12.0,12.0,41.0,79.0,54.0,-37.0
327,23216.0,46414.0,41182.0,44978.0,34814.0,23216.0,3.6000001430511475,,,,,,,,,6.709871530532837,0.7034222923989495,0.5025697432525985,0.4,0.23941910747003098,-0.41186968037539085,0.0,,,,,,,,,23214.0,4.0,6.0,432.0,-1072166898.0,11.0,12.0,40.0,84.0,28.0,-38.0
328,23226.0,48013.0,40333.0,43227.0,35867.0,23226.0,3.6105573177337646,,,,,,,,,6.72246241569519,0.7064147476140485,0.4973212501394736,0.4,0.23591516323829606,-0.4218101685269054,0.0,,,,,,,,,23224.0,4.0,6.0,432.0,-1072166899.0,11.0,11.0,39.0,49.0,11.0,-49.0
329,23236.0,46017.0,39555.0,45297.0,36679.0,23236.0,3.6158359050750732,,,,,,,,,6.735212326049805,0.7093999452382715,0.49187960738530484,0.4,0.2323519188496926,-0.43176859310204374,0.0,,,,,,,,,23234.0,5.0,7.0,433.0,-1071118323.0,12.0,14.0,38.0,1.0,-9.0,-46.0
330,23246.0,46700.0,39482.0,44398.0,36884.0,23246.0,3.621114492416382,,,,,,,,,6.747298240661621,0.7121876497190694,0.48660476141566344,0.4,0.22896047231646033,-0.44110611201126126,0.0,,,,,,,,,23244.0,5.0,7.0,433.0,-1071118323.0,11.0,13.0,35.0,-34.0,-55.0,-57.0
331,23256.0,47101.0,38729.0,44113.0,37785.0,23256.0,3.6158359050750732,,,,,,,,,6.759464263916016,0.7149523535484258,0.48118159695818785,0.4,0.22553321211499835,-0.4504027587774795,0.0,,,,,,,,,23254.0,5.0,7.0,433.0,-1072166899.0,10.0,13.0,31.0,-104.0,-80.0,-56.0
332,23266.0,46148.0,38588.0,45294.0,37970.0,23266.0,3.6158359050750732,,,,,,,,,6.7721192836761475,0.7177838495964154,0.4754211377419661,0.4,0.22195421711331795,-0.4599613377121139,0.0,,,,,,,,,23264.0,6.0,8.0,434.0,-1072166899.0,13.0,13.0,27.0,-163.0,-115.0,-51.0
333,23276.0,45895.0,39293.0,45689.0,37391.0,23276.0,3.6158359050750732,,,,,,,,,6.7850072383880615,0.720620820595143,0.4694310873899639,0.4,0.21829492398594272,-0.46957628962899745,0.0,,,,,,,,,23274.0,6.0,8.0,434.0,-1073216499.0,12.0,13.0,23.0,-228.0,-139.0,-47.0
334,23286.0,46638.0,38616.0,44910.0,38368.0,23286.0,3.6158359050750732,,,,,,,,,6.7971577644348145,0.7232521927330672,0.46367099049731364,0.4,0.21483189656425386,-0.4785283377342017,0.0,,,,,,,,,23284.0,6.0,8.0,434.0,-535297012.0,12.0,13.0,21.0,-248.0,-164.0,-53.0
335,23296.0,46250.0,38712.0,45656.0,38138.0,23296.0,3.6158359050750732,,,,,,,,,6.809479236602783,0.7258775373526013,0.4577194727954753,0.4,0.21130736197495387,-0.48749239706369424,0.0,,,,,,,,,23294.0,8.0,11.0,435.0,-534773748.0,15.0,20.0,16.0,-330.0,-192.0,-39.0
336,23306.0,46940.0,39372.0,45074.0,37738.0,23306.0,3.6105573177337646,,,,,,,,,6.82231330871582,0.7285658414651425,0.45140370517008427,0.4,0.20762273617640617,-0.49670508480867126,0.0,,,,,,,,,23304.0,8.0,11.0,435.0,-533724148.0,16.0,21.0,10.0,-350.0,-208.0,-35.0
337,23316.0,47639.0,40431.0,44479.0,37147.0,23316.0,3.6105573177337646,,,,,,,,,6.835088729858398,0.7311948090595384,0.44500019151737935,0.4,0.20394154009419804,-0.5057473662748866,0.0,,,,,,,,,23314.0,8.0,12.0,435.0,-532675572.0,16.0,21.0,5.0,-318.0,-213.0,-44.0
338,23326.0,46824.0,39858.0,45690.0,37736.0,23326.0,3.6105573177337646,,,,,,,,,6.847368240356445,0.7336773232940063,0.43873712892104133,0.4,0.20039085082793104,-0.5143158228593845,0.0,,,,,,,,,23324.0,8.0,12.0,436.0,-531625972.0,16.0,24.0,7.0,-344.0,-225.0,-35.0
339,23336.0,47583.0,40555.0,44703.0,37087.0,23336.0,3.605278730392456,,,,,,,,,6.859581708908081,0.7361031637923069,0.4324041224078603,0.4,0.19684742482235534,-0.5227167236417922,0.0,,,,,,,,,23334.0,9.0,12.0,436.0,-529527796.0,18.0,25.0,1.0,-320.0,-249.0,-41.0
340,23346.0,47293.0,40597.0,45311.0,37231.0,23346.0,3.605278730392456,,,,,,,,,6.872391223907471,0.7386008152267004,0.42565264482264775,0.4,0.1931186202362668,-0.5313952865808709,0.0,,,,,,,,,23344.0,9.0,12.0,436.0,-528478197.0,18.0,26.0,-3.0,-361.0,-264.0,-31.0
341,23356.0,48006.0,41652.0,44742.0,36560.0,23356.0,3.605278730392456,,,,,,,,,6.88502049446106,0.74101648314319,0.41888818827758745,0.4,0.1894300361595406,-0.5398169478098231,0.0,,,,,,,,,23354.0,9.0,12.0,436.0,-527428597.0,18.0,28.0,-8.0,-314.0,-262.0,-39.0
342,23366.0,48039.0,40721.0,45127.0,37561.0,23366.0,3.6000001430511475,,,,,,,,,6.8972413539886475,0.7433096129078254,0.4122420255151335,0.4,0.18584937727081163,-0.5478368503458878,0.0,,,,,,,,,23364.0,9.0,13.0,436.0,-526378997.0,19.0,30.0,-13.0,-341.0,-290.0,-27.0
343,23376.0,48394.0,41522.0,45564.0,37532.0,23376.0,3.6000001430511475,,,,,,,,,6.909180402755737,0.7455075428856448,0.40565522478712934,0.4,0.18234070448506717,-0.5555470629411721,0.0,,,,,,,,,23374.0,9.0,13.0,433.0,-524280821.0,20.0,33.0,-29.0,-376.0,-317.0,-22.0
344,23386.0,48315.0,41239.0,45825.0,38193.0,23386.0,3.6000001430511475,,,,,,,,,6.921809673309326,0.7477868775681411,0.39858828004929225,0.4,0.17861802428443815,-0.5635668839822152,0.0,,,,,,,,,23384.0,13.0,20.0,433.0,-522182645.0,32.0,51.0,-35.0,-416.0,-339.0,-29.0
345,23396.0,48344.0,40984.0,46158.0,38706.0,23396.0,3.6000001430511475,,,,,,,,,6.934830188751221,0.7500875260932528,0.39119732288918985,0.4,0.174768245811695,-0.5716865246700237,0.0,,,,,,,,,23394.0,13.0,19.0,433.0,-521133045.0,33.0,52.0,-41.0,-421.0,-368.0,-23.0
346,23406.0,48215.0,40441.0,46859.0,39329.0,23406.0,3.594721555709839,,,,,,,,,6.946758270263672,0.7521510905192498,0.38433450884066184,0.4,0.17123119503893888,-0.5789906478762629,0.0,,,,,,,,,23404.0,13.0,19.0,432.0,-519033845.0,34.0,54.0,-46.0,-491.0,-371.0,-9.0
347,23416.0,48295.0,40735.0,47037.0,39417.0,23416.0,3.5894429683685303,,,,,,,,,6.96813702583313,0.7557438335333102,0.37181921055868045,0.4,0.16486778699687127,-0.5917552819391814,0.0,,,,,,,,,23414.0,14.0,19.0,433.0,-517984245.0,38.0,57.0,-46.0,-484.0,-385.0,-10.0
348,23426.0,48637.0,40705.0,46769.0,39553.0,23426.0,3.5894429683685303,,,,,,,,,6.980436086654663,0.7577489667326576,0.3644970585535404,0.4,0.16119340579252228,-0.5989057541500119,0.0,,,,,,,,,23424.0,14.0,20.0,432.0,-515886069.0,41.0,64.0,-50.0,-501.0,-383.0,-10.0
349,23436.0,49162.0,41416.0,46678.0,38960.0,23436.0,3.5841643810272217,,,,,,,,,6.993464708328247,0.7598236819422579,0.35664563993179255,0.4,0.15729057133963828,-0.6063243056760742,0.0,,,,,,,,,23434.0,15.0,21.0,432.0,-513786869.0,46.0,70.0,-54.0,-517.0,-361.0,7.0
350,23446.0,49464.0,41944.0,46764.0,38676.0,23446.0,3.5841643810272217,,,,,,,,,7.006066799163818,0.7617820321882859,0.34896028522499806,0.4,0.15350547666880654,-0.6133453810195474,0.0,,,,,,,,,23444.0,16.0,23.0,431.0,-511688693.0,49.0,77.0,-57.0,-486.0,-367.0,7.0
351,23456.0,49274.0,41440.0,47098.0,39296.0,23456.0,3.5841643810272217,,,,,,,,,7.018366575241089,0.7636473478864574,0.34137489246965896,0.4,0.1498019010680334,-0.6200497141849866,0.0,,,,,,,,,23454.0,16.0,23.0,430.0,-509590517.0,54.0,83.0,-58.0,-481.0,-354.0,7.0
352,23466.0,49202.0,41252.0,47214.0,39252.0,23466.0,3.578885793685913,,,,,,,,,7.030541181564331,0.765448766846159,0.33378637523441484,0.4,0.14612720376663182,-0.626539952593797,0.0,,,,,,,,,23464.0,17.0,25.0,431.0,-507491317.0,59.0,92.0,-54.0,-484.0,-333.0,16.0
353,23476.0,49355.0,42439.0,47095.0,38359.0,23476.0,3.578885793685913,,,,,,,,,7.043269634246826,0.767284241155194,0.32576913385157863,0.4,0.14227619791536772,-0.6331686158420348,0.0,,,,,,,,,23474.0,17.0,26.0,430.0,-506441717.0,63.0,99.0,-56.0,-446.0,-334.0,10.0
354,23486.0,49880.0,42794.0,46742.0,38232.0,23486.0,3.578885793685913,,,,,,,,,7.056206703186035,0.7690995091826011,0.31753509975481786,0.4,0.13835275146046766,-0.6397399204594924,0.0,,,,,,,,,23484.0,20.0,27.0,430.0,-504343541.0,73.0,106.0,-59.0,-428.0,-307.0,9.0
355,23496.0,49877.0,43631.0,47217.0,37395.0,23496.0,3.578885793685913,,,,,,,,,7.068296670913696,0.7707499832341054,0.30976431656836934,0.4,0.1346779384504846,-0.6457281454740976,0.0,,,,,,,,,23494.0,20.0,26.0,429.0,-503293941.0,77.0,111.0,-63.0,-399.0,-299.0,21.0
356,23506.0,50249.0,43377.0,47363.0,38043.0,23506.0,3.578885793685913,,,,,,,,,7.081313848495483,0.7724773108286502,0.3013176910650139,0.4,0.1307126125434591,-0.6520089567339548,0.0,,,,,,,,,23504.0,20.0,28.0,428.0,-501195765.0,81.0,120.0,-70.0,-372.0,-305.0,30.0
357,23516.0,49919.0,42131.0,47895.0,39535.0,23516.0,3.578885793685913,,,,,,,,,7.094210386276245,0.7741376719361784,0.29286983235525915,0.4,0.1267754126450293,-0.6580595213185727,0.0,,,,,,,,,23514.0,22.0,29.0,427.0,-500146165.0,88.0,129.0,-72.0,-371.0,-327.0,26.0
358,23526.0,50533.0,43263.0,47539.0,38673.0,23526.0,3.5736072063446045,,,,,,,,,7.106374025344849,0.7756570987277575,0.28483153318499593,0.4,0.1230543278133121,-0.6636078873877848,0.0,,,,,,,,,23524.0,23.0,30.0,427.0,-498046965.0,95.0,139.0,-75.0,-364.0,-320.0,25.0
359,23536.0,50064.0,42616.0,48350.0,39462.0,23536.0,3.5736072063446045,,,,,,,,,7.118513107299805,0.7771282892565107,0.27674311594233625,0.4,0.11933358950660392,-0.6689904797650832,0.0,,,,,,,,,23534.0,24.0,32.0,426.0,-496997365.0,101.0,148.0,-77.0,-356.0,-331.0,30.0
360,23546.0,51508.0,43344.0,47246.0,38882.0,23546.0,3.568328619003296,,,,,,,,,7.130716800689697,0.778561739905498,0.2685467395229172,0.4,0.11558604995693281,-0.6742448049809779,0.0,,,,,,,,,23544.0,26.0,32.0,426.0,-495947765.0,111.0,156.0,-72.0,-339.0,-272.0,38.0
361,23556.0,50358.0,42466.0,48444.0,39492.0,23556.0,3.568328619003296,,,,,,,,,7.1436076164245605,0.7800261844184386,0.25982032018601503,0.4,0.11162013111250291,-0.6796227376955634,0.0,,,,,,,,,23554.0,27.0,34.0,425.0,-494898165.0,119.0,167.0,-73.0,-368.0,-310.0,47.0
362,23566.0,50408.0,42462.0,48606.0,39464.0,23566.0,3.568328619003296,,,,,,,,,7.156299114227295,0.7814179954425515,0.2511622123626422,0.4,0.10770837847022283,-0.6847433025540469,0.0,,,,,,,,,23564.0,28.0,36.0,425.0,-492799988.0,126.0,178.0,-73.0,-398.0,-292.0,54.0
363,23576.0,51221.0,43189.0,47905.0,38921.0,23576.0,3.5630500316619873,,,,,,,,,7.168410062789917,0.7826998095901478,0.2428405550426101,0.4,0.10396917191739453,-0.6894672565168856,0.0,,,,,,,,,23574.0,30.0,37.0,424.0,-491750388.0,134.0,190.0,-73.0,-362.0,-289.0,51.0
364,23586.0,50553.0,41687.0,48647.0,40577.0,23586.0,3.568328619003296,,,,,,,,,7.180238723754883,0.7839079974176026,0.23465855381442885,0.4,0.10031130744171667,-0.6939269589129873,0.0,,,,,,,,,23584.0,30.0,39.0,423.0,-490700788.0,140.0,201.0,-72.0,-387.0,-244.0,45.0
365,23596.0,51054.0,42394.0,48698.0,40322.0,23596.0,3.568328619003296,,,,,,,,,7.192806005477905,0.785144186236555,0.22590887900415998,0.4,0.09641896773969558,-0.6984971392230633,0.0,,,,,,,,,23594.0,31.0,41.0,421.0,-488602612.0,148.0,213.0,-80.0,-375.0,-225.0,49.0
366,23606.0,50775.0,43437.0,49119.0,39469.0,23606.0,3.568328619003296,,,,,,,,,7.205789566040039,0.786369908373,0.2168102336931412,0.4,0.09239138715979486,-0.7030357343871777,0.0,,,,,,,,,23604.0,33.0,43.0,420.0,-487553012.0,157.0,226.0,-78.0,-330.0,-208.0,45.0
367,23616.0,50347.0,43311.0,49861.0,39397.0,23616.0,3.5630500316619873,,,,,,,,,7.218050956726074,0.7874794076564929,0.2081646430100888,0.4,0.08858217844384557,-0.7071500851289868,0.0,,,,,,,,,23614.0,34.0,46.0,419.0,-486504436.0,166.0,239.0,-76.0,-308.0,-177.0,59.0
368,23626.0,50967.0,42877.0,49247.0,39653.0,23626.0,3.5630500316619873,,,,,,,,,7.229950904846191,0.7885115092864845,0.19972663289547624,0.4,0.0848802284968122,-0.7109826305465902,0.0,,,,,,,,,23624.0,36.0,48.0,419.0,-485454835.0,175.0,252.0,-75.0,-302.0,-181.0,65.0
369,23636.0,51101.0,43767.0,49451.0,39073.0,23636.0,3.5630500316619873,,,,,,,,,7.242634534835815,0.7895630479779335,0.1906838050778291,0.4,0.08092926404972597,-0.7148925148927447,0.0,,,,,,,,,23634.0,38.0,51.0,417.0,-483356659.0,185.0,267.0,-79.0,-245.0,-135.0,62.0
370,23646.0,51073.0,43827.0,49667.0,39089.0,23646.0,3.5630500316619873,,,,,,,,,7.255079746246338,0.7905460805350885,0.18176386083663718,0.4,0.077047569886509,-0.718552388771801,0.0,,,,,,,,,23644.0,39.0,53.0,416.0,-483356659.0,193.0,281.0,-79.0,-185.0,-140.0,65.0
371,23656.0,51514.0,44254.0,49302.0,38906.0,23656.0,3.5630500316619873,,,,,,,,,7.26970362663269,0.791639427365401,0.17122573713964315,0.4,0.07248034049287559,-0.7226283166296401,0.0,,,,,,,,,23654.0,41.0,55.0,416.0,-482307059.0,203.0,293.0,-80.0,-159.0,-125.0,53.0
372,23666.0,51417.0,44757.0,49655.0,38547.0,23666.0,3.5630500316619873,,,,,,,,,7.28215217590332,0.7925174778117356,0.16220947966148763,0.4,0.06858765880148265,-0.7259057117201553,0.0,,,,,,,,,23664.0,44.0,60.0,415.0,-481258482.0,213.0,311.0,-81.0,-88.0,-98.0,57.0
373,23676.0,51536.0,43930.0,49642.0,39420.0,23676.0,3.5577714443206787,,,,,,,,,7.294849634170532,0.7933631360687166,0.15297206469916452,0.4,0.06461282175453241,-0.7290656348656296,0.0,,,,,,,,,23674.0,45.0,62.0,413.0,-481258482.0,222.0,323.0,-84.0,-57.0,-86.0,54.0
374,23686.0,52097.0,44977.0,49303.0,38803.0,23686.0,3.5577714443206787,,,,,,,,,7.307009220123291,0.7941256389885486,0.14408941549624646,0.4,0.06080250304098563,-0.7319177254196507,0.0,,,,,,,,,23684.0,47.0,65.0,412.0,-481257458.0,231.0,338.0,-82.0,-23.0,-42.0,42.0
375,23696.0,51939.0,44707.0,49607.0,39015.0,23696.0,3.5577714443206787,,,,,,,,,7.333214521408081,0.7956112714928296,0.12483463759769237,0.4,0.05257905471410711,-0.737482502693257,0.0,,,,,,,,,23694.0,48.0,68.0,411.0,-481257458.0,239.0,352.0,-79.0,3.0,-51.0,46.0
376,23706.0,51682.0,45366.0,49854.0,38442.0,23706.0,3.5577714443206787,,,,,,,,,7.346328973770142,0.7962737989525204,0.11514644445641632,0.4,0.048458135811024136,-0.739967504615015,0.0,,,,,,,,,23704.0,51.0,72.0,411.0,-481257458.0,249.0,367.0,-76.0,31.0,-30.0,41.0
377,23716.0,51935.0,43971.0,49395.0,39807.0,23716.0,3.5577714443206787,,,,,,,,,7.358883619308472,0.7968573932080909,0.1058424703047445,0.4,0.04451003721787711,-0.7421581580925002,0.0,,,,,,,,,23714.0,54.0,76.0,410.0,-481257458.0,261.0,384.0,-74.0,61.0,-37.0,33.0
378,23726.0,52011.0,43745.0,49281.0,39811.0,23726.0,3.5577714443206787,,,,,,,,,7.371391534805298,0.7973895071668287,0.09654692693403433,0.4,0.04057387946128559,-0.7441569674278018,0.0,,,,,,,,,23724.0,57.0,80.0,410.0,-481257458.0,271.0,400.0,-67.0,66.0,-45.0,37.0
379,23736.0,52419.0,44243.0,48967.0,39267.0,23736.0,3.5577714443206787,,,,,,,,,7.383752107620239,0.7978669707212244,0.08733744388499844,0.4,0.036681626675270584,-0.7459516261734905,0.0,,,,,,,,,23734.0,59.0,85.0,409.0,-481257457.0,281.0,416.0,-65.0,109.0,-38.0,38.0
380,23746.0,52976.0,43390.0,48330.0,40220.0,23746.0,3.5577714443206787,,,,,,,,,7.394972801208496,0.7982587317407333,0.07895894455697963,0.4,0.03314639130291104,-0.7474249541934529,0.0,,,,,,,,,23744.0,61.0,89.0,409.0,-482306033.0,289.0,430.0,-62.0,103.0,-43.0,28.0
381,23756.0,51665.0,44071.0,49597.0,39659.0,23756.0,3.5577714443206787,,,,,,,,,7.406865358352661,0.7986306379502612,0.0700616641913763,0.4,0.029397681356086218,-0.7488242817786814,0.0,,,,,,,,,23754.0,64.0,94.0,408.0,-482305009.0,301.0,448.0,-61.0,126.0,-22.0,21.0
382,23766.0,52346.0,43450.0,48932.0,40308.0,23766.0,3.5577714443206787,,,,,,,,,7.418248414993286,0.7989448441778184,0.061530877949313376,0.4,0.025808033255284538,-0.7500070164044313,0.0,,,,,,,,,23764.0,67.0,98.0,409.0,-482305009.0,310.0,461.0,-50.0,144.0,-23.0,19.0
383,23776.0,51690.0,43490.0,49126.0,39726.0,23776.0,3.5577714443206787,,,,,,,,,7.4303247928619385,0.7992335092779789,0.05246677233119482,0.4,0.021998307074607724,-0.7510940191991108,0.0,,,,,,,,,23774.0,68.0,103.0,408.0,-483353585.0,317.0,476.0,-47.0,181.0,-16.0,21.0
384,23786.0,51506.0,43432.0,49398.0,39640.0,23786.0,3.5577714443206787,,,,,,,,,7.443317174911499,0.799492686059001,0.04270171275945743,0.4,0.017898201622444078,-0.7520703147691548,0.0,,,,,,,,,23784.0,72.0,107.0,408.0,-484402161.0,328.0,488.0,-44.0,218.0,32.0,26.0
385,23796.0,51522.0,43686.0,49294.0,39362.0,23796.0,3.5630500316619873,,,,,,,,,7.456074953079224,0.7996953391642075,0.033101890005278724,0.4,0.013870969687925774,-0.7528339112670656,0.0,,,,,,,,,23794.0,75.0,112.0,407.0,-485450737.0,338.0,503.0,-39.0,247.0,66.0,21.0
386,23806.0,51260.0,43786.0,49420.0,39226.0,23806.0,3.5630500316619873,,,,,,,,,7.468263864517212,0.7998409574169327,0.023922139968792357,0.4,0.01002247505828314,-0.7533827200477272,0.0,,,,,,,,,23804.0,79.0,118.0,407.0,-485450737.0,350.0,520.0,-36.0,275.0,100.0,16.0
387,23816.0,51479.0,44573.0,49309.0,38739.0,23816.0,3.5630500316619873,,,,,,,,,7.48028564453125,0.7999386267190104,0.014862753413071018,0.4,0.006226173242132587,-0.7537508739181595,0.0,,,,,,,,,23814.0,81.0,124.0,406.0,-486500337.0,359.0,536.0,-38.0,313.0,128.0,4.0
388,23826.0,52157.0,44541.0,48605.0,38477.0,23826.0,3.5630500316619873,,,,,,,,,7.493521213531494,0.7999933716343008,0.0048848359490488635,0.4,0.0020461722510088853,-0.7539572486150872,0.0,,,,,,,,,23824.0,84.0,128.0,405.0,-488597489.0,366.0,546.0,-35.0,390.0,156.0,13.0
389,23836.0,51458.0,45140.0,49018.0,38020.0,23836.0,3.5630500316619873,,,,,,,,,7.5063862800598145,0.7999935595670223,-0.004815090038824217,0.4,-0.002016956436570076,-0.753957957098969,-0.0,,,,,,,,,23834.0,86.0,133.0,405.0,-489647089.0,374.0,557.0,-32.0,419.0,211.0,-2.0
390,23846.0,51578.0,45084.0,48808.0,38062.0,23846.0,3.5630500316619873,,,,,,,,,7.518689155578613,0.799944843830666,-0.014089995979637641,0.4,-0.005902410657450704,-0.7537743101699166,-0.0,,,,,,,,,23844.0,91.0,141.0,405.0,-490696689.0,386.0,576.0,-27.0,441.0,223.0,-7.0
391,23856.0,51189.0,45235.0,49203.0,37797.0,23856.0,3.5630500316619873,,,,,,,,,7.531483888626099,0.7998434755089431,-0.02373210034713313,0.4,-0.009942824316702696,-0.7533922111586646,-0.0,,,,,,,,,23854.0,93.0,145.0,404.0,-492794865.0,392.0,585.0,-25.0,497.0,223.0,-5.0
392,23866.0,51606.0,45540.0,48478.0,37456.0,23866.0,3.5630500316619873,,,,,,,,,7.544498920440674,0.7996873269961484,-0.033533912806931306,0.4,-0.014052144707253694,-0.752803717759257,-0.0,,,,,,,,,23864.0,96.0,150.0,404.0,-494893041.0,399.0,594.0,-21.0,515.0,259.0,-15.0
393,23876.0,51465.0,45227.0,48387.0,37685.0,23876.0,3.5630500316619873,,,,,,,,,7.55631422996521,0.7994992618078564,-0.04242449873824923,0.4,-0.017781862547906577,-0.7520950891398088,-0.0,,,,,,,,,23874.0,99.0,153.0,404.0,-496991217.0,406.0,601.0,-16.0,508.0,266.0,-24.0
394,23886.0,51374.0,45194.0,48202.0,37662.0,23886.0,3.5630500316619873,,,,,,,,,7.568130254745483,0.7992671190503019,-0.051306269679130476,0.4,-0.02151082608091579,-0.7512206063187109,-0.0,,,,,,,,,23884.0,101.0,159.0,403.0,-499089394.0,410.0,611.0,-12.0,525.0,251.0,-31.0
395,23896.0,50773.0,44893.0,48353.0,38173.0,23896.0,3.568328619003296,,,,,,,,,7.57978081703186,0.7989950932941992,-0.0600526009593281,0.4,-0.02518641216013141,-0.7501962072056896,-0.0,,,,,,,,,23894.0,105.0,168.0,403.0,-501186546.0,420.0,626.0,-10.0,477.0,269.0,-55.0
396,23906.0,50184.0,45166.0,48758.0,37892.0,23906.0,3.568328619003296,,,,,,,,,7.592121362686157,0.7986602641424331,-0.06930283970870323,0.4,-0.029078202000937532,-0.7489357807831274,-0.0,,,,,,,,,23904.0,109.0,172.0,403.0,-503284722.0,427.0,632.0,-7.0,499.0,252.0,-60.0
397,23916.0,50752.0,44388.0,48014.0,38574.0,23916.0,3.568328619003296,,,,,,,,,7.604095220565796,0.7982894865912751,-0.07826230678305106,0.4,-0.032852682097233056,-0.7475406471171621,-0.0,,,,,,,,,23914.0,112.0,177.0,403.0,-505382898.0,433.0,637.0,-3.0,495.0,251.0,-64.0
398,23926.0,50016.0,44686.0,48414.0,38284.0,23926.0,3.568328619003296,,,,,,,,,7.615627288818359,0.7978896748107076,-0.08687447713666112,0.4,-0.03648614292068057,-0.7460369915750523,-0.0,,,,,,,,,23924.0,115.0,181.0,403.0,-506432499.0,439.0,642.0,-1.0,501.0,256.0,-73.0
399,23936.0,51094.0,44868.0,47170.0,38184.0,23936.0,3.568328619003296,,,,,,,,,7.627056360244751,0.7974521028986438,-0.09539173431242053,0.4,-0.04008526263614246,-0.7443921869780993,-0.0,,,,,,,,,23934.0,120.0,191.0,403.0,-508530675.0,448.0,658.0,0.0,501.0,240.0,-72.0
400,23946.0,50008.0,44834.0,48358.0,38524.0,23946.0,3.568328619003296,,,,,,,,,7.63871693611145,0.7969632869449991,-0.10406122449380564,0.4,-0.04375515359344908,-0.7425558262967609,-0.0,,,,,,,,,23944.0,123.0,196.0,402.0,-510628851.0,452.0,662.0,-2.0,510.0,247.0,-83.0
401,23956.0,50437.0,44681.0,47637.0,38709.0,23956.0,3.568328619003296,,,,,,,,,7.650311231613159,0.7964348339545975,-0.11265928672590014,0.4,-0.04740185603108104,-0.7405718257085651,-0.0,,,,,,,,,23954.0,126.0,201.0,402.0,-512727028.0,455.0,664.0,0.0,530.0,253.0,-92.0
402,23966.0,49707.0,44825.0,48235.0,38517.0,23966.0,3.568328619003296,,,,,,,,,7.662687063217163,0.7958241241363334,-0.12181048573038095,0.4,-0.05129159109333887,-0.7382806429151639,-0.0,,,,,,,,,23964.0,129.0,207.0,402.0,-514825204.0,459.0,670.0,3.0,555.0,259.0,-89.0
403,23976.0,50630.0,44974.0,47054.0,38286.0,23976.0,3.568328619003296,,,,,,,,,7.67485499382019,0.7951767593843652,-0.1307792436523263,0.4,-0.05511296031582768,-0.7358538618040982,-0.0,,,,,,,,,23974.0,133.0,211.0,402.0,-516923380.0,466.0,671.0,7.0,575.0,238.0,-93.0
404,23986.0,49555.0,44405.0,47881.0,38859.0,23986.0,3.568328619003296,,,,,,,,,7.686551094055176,0.7945106864225083,-0.13937142883922798,0.4,-0.058783116292876365,-0.7333590103918086,-0.0,,,,,,,,,23984.0,140.0,223.0,402.0,-519021557.0,477.0,688.0,11.0,593.0,248.0,-100.0
405,23996.0,50074.0,45010.0,47068.0,38060.0,23996.0,3.568328619003296,,,,,,,,,7.698366403579712,0.793794258462262,-0.148020612254146,0.4,-0.062487455317983054,-0.7306778823748111,-0.0,,,,,,,,,23994.0,144.0,230.0,403.0,-521119733.0,481.0,691.0,14.0,612.0,262.0,-98.0
406,24006.0,49538.0,44926.0,47256.0,38160.0,24006.0,3.568328619003296,,,,,,,,,7.711243391036987,0.7929636355837977,-0.1574097525851601,0.4,-0.06652072303730648,-0.7275724241407454,-0.0,,,,,,,,,24004.0,147.0,233.0,403.0,-523217910.0,484.0,689.0,18.0,599.0,274.0,-108.0
407,24016.0,49510.0,44682.0,47028.0,38312.0,24016.0,3.568328619003296,,,,,,,,,7.724128246307373,0.7920805490400155,-0.16676337494405327,0.4,-0.07055209648355912,-0.7242743852213698,-0.0,,,,,,,,,24014.0,151.0,240.0,403.0,-526364662.0,487.0,691.0,21.0,618.0,287.0,-107.0
408,24026.0,48975.0,44523.0,47509.0,38325.0,24026.0,3.5736072063446045,,,,,,,,,7.736209869384766,0.7912053517116138,-0.1754942298320716,0.4,-0.0743279614402864,-0.7210094357556615,-0.0,,,,,,,,,24024.0,159.0,251.0,403.0,-528462839.0,499.0,703.0,22.0,604.0,324.0,-97.0
409,24036.0,49791.0,44967.0,46451.0,37735.0,24036.0,3.5736072063446045,,,,,,,,,7.748463869094849,0.7902710942891306,-0.18430832354483015,0.4,-0.07815332291961362,-0.7175281440043929,-0.0,,,,,,,,,24034.0,161.0,255.0,404.0,-530561015.0,499.0,700.0,26.0,603.0,326.0,-94.0
410,24046.0,48987.0,45633.0,46825.0,37167.0,24046.0,3.5736072063446045,,,,,,,,,7.761474370956421,0.7892278863357114,-0.19361867614137238,0.4,-0.08220976760972731,-0.7136457341959196,-0.0,,,,,,,,,24044.0,166.0,261.0,404.0,-532659191.0,503.0,699.0,29.0,614.0,330.0,-109.0
411,24056.0,47961.0,44501.0,47739.0,38087.0,24056.0,3.5736072063446045,,,,,,,,,7.774241924285889,0.7881528851780577,-0.2027048754961502,0.4,-0.08618512604938519,-0.7096503678193814,-0.0,,,,,,,,,24054.0,170.0,266.0,404.0,-535805944.0,506.0,696.0,32.0,593.0,346.0,-102.0
412,24066.0,48220.0,44962.0,47256.0,37518.0,24066.0,3.578885793685913,,,,,,,,,7.78583288192749,0.7871330243887384,-0.21090860970329275,0.4,-0.08978933837683441,-0.7058649709446674,-0.0,,,,,,,,,24064.0,174.0,272.0,405.0,-1072678904.0,507.0,693.0,34.0,623.0,330.0,-98.0
413,24076.0,49250.0,45668.0,46056.0,36894.0,24076.0,3.5736072063446045,,,,,,,,,7.797409296035767,0.786072772912702,-0.21905739028425464,0.4,-0.09338427507761128,-0.7019348532171857,-0.0,,,,,,,,,24074.0,181.0,284.0,406.0,-1070582777.0,515.0,704.0,38.0,615.0,313.0,-99.0
414,24086.0,48896.0,43858.0,46302.0,38184.0,24086.0,3.578885793685913,,,,,,,,,7.8090269565582275,0.7849669332700229,-0.22718859733058477,0.4,-0.09698705316649603,-0.6978413941477506,-0.0,,,,,,,,,24084.0,183.0,287.0,406.0,-1068486649.0,514.0,695.0,40.0,564.0,328.0,-84.0
415,24096.0,48569.0,45349.0,46193.0,36925.0,24096.0,3.578885793685913,,,,,,,,,7.821126699447632,0.7837707415586772,-0.23560571188963914,0.4,-0.10073383409974206,-0.6934199692595626,-0.0,,,,,,,,,24094.0,189.0,294.0,406.0,-1066390521.0,517.0,694.0,40.0,627.0,322.0,-97.0
416,24106.0,48046.0,44460.0,46508.0,37822.0,24106.0,3.578885793685913,,,,,,,,,7.834003925323486,0.7824479290248537,-0.24450380092331078,0.4,-0.10471496832940806,-0.6885383732628236,-0.0,,,,,,,,,24104.0,192.0,298.0,407.0,-1063245818.0,517.0,686.0,41.0,610.0,304.0,-102.0
417,24116.0,48181.0,44957.0,46301.0,37233.0,24116.0,3.578885793685913,,,,,,,,,7.845852851867676,0.7811854964291667,-0.2526348365740083,0.4,-0.10837214297154797,-0.6838872882125016,-0.0,,,,,,,,,24114.0,199.0,309.0,407.0,-1061149690.0,523.0,693.0,40.0,607.0,309.0,-94.0
418,24126.0,49394.0,43506.0,45218.0,38670.0,24126.0,3.578885793685913,,,,,,,,,7.858128786087036,0.7798319027439456,-0.2609997993443635,0.4,-0.11215477582777013,-0.6789086886172142,-0.0,,,,,,,,,24124.0,202.0,315.0,407.0,-1059054587.0,521.0,686.0,40.0,622.0,289.0,-85.0
419,24136.0,48807.0,45481.0,45717.0,36579.0,24136.0,3.578885793685913,,,,,,,,,7.871471643447876,0.7783080503449402,-0.27002126925294767,0.4,-0.11625858910023687,-0.6733141986047444,-0.0,,,,,,,,,24134.0,206.0,319.0,408.0,-1056958459.0,520.0,677.0,41.0,589.0,258.0,-75.0
420,24146.0,49222.0,45270.0,45156.0,36924.0,24146.0,3.578885793685913,,,,,,,,,7.883941888809204,0.7768344013384284,-0.2783841654163408,0.4,-0.12008663501559773,-0.6679144272772269,-0.0,,,,,,,,,24144.0,211.0,324.0,408.0,-1053813755.0,521.0,670.0,41.0,572.0,248.0,-81.0
421,24156.0,48706.0,44112.0,45540.0,38094.0,24156.0,3.578885793685913,,,,,,,,,7.895605087280273,0.7754129607078974,-0.28614400569539833,0.4,-0.1236602707409988,-0.6627156550316486,-0.0,,,,,,,,,24154.0,214.0,329.0,409.0,-1051717628.0,518.0,660.0,42.0,548.0,253.0,-83.0
422,24166.0,47823.0,43797.0,46499.0,38489.0,24166.0,3.578885793685913,,,,,,,,,7.9072265625,0.7739551866642587,-0.2938149521944289,0.4,-0.12721451732379901,-0.6573938866057011,-0.0,,,,,,,,,24164.0,221.0,339.0,408.0,-1049620476.0,523.0,663.0,39.0,509.0,241.0,-77.0
423,24176.0,47565.0,44053.0,46621.0,38145.0,24176.0,3.578885793685913,,,,,,,,,7.919432163238525,0.7723797128287468,-0.30180396492078554,0.4,-0.13094010327080463,-0.6516537016142038,-0.0,,,,,,,,,24174.0,224.0,344.0,409.0,-1048572924.0,520.0,653.0,41.0,473.0,240.0,-75.0
424,24186.0,47871.0,43655.0,46125.0,38421.0,24186.0,3.578885793685913,,,,,,,,,7.931985139846802,0.770712017459502,-0.3099462702804244,0.4,-0.1347636856879749,-0.645590254377831,-0.0,,,,,,,,,24184.0,227.0,348.0,409.0,-1046476797.0,516.0,641.0,43.0,458.0,226.0,-72.0
425,24196.0,48079.0,43581.0,45815.0,38349.0,24196.0,3.578885793685913,,,,,,,,,7.943672180175781,0.769116263775727,-0.31745761292883073,0.4,-0.1383159766189953,-0.639800644726632,-0.0,,,,,,,,,24194.0,231.0,353.0,410.0,-1044380669.0,514.0,631.0,45.0,432.0,218.0,-65.0
426,24206.0,47932.0,43362.0,45810.0,38480.0,24206.0,3.578885793685913,,,,,,,,,7.9558939933776855,0.7674031310851466,-0.3252393892816615,0.4,-0.14202283132280547,-0.6335985244360754,-0.0,,,,,,,,,24204.0,239.0,362.0,410.0,-1043333117.0,520.0,629.0,44.0,398.0,224.0,-59.0
427,24216.0,47718.0,43658.0,46020.0,38092.0,24216.0,3.5841643810272217,,,,,,,,,7.967408657073975,0.7657477160399234,-0.33250076092232195,0.4,-0.14550755046460542,-0.6276185005134239,-0.0,,,,,,,,,24214.0,244.0,366.0,411.0,-1040710653.0,519.0,617.0,44.0,402.0,230.0,-56.0
428,24226.0,48418.0,43556.0,45188.0,38238.0,24226.0,3.578885793685913,,,,,,,,,7.979020595550537,0.7640377254241261,-0.3397529712701799,0.4,-0.14901399454469005,-0.6214548871700344,-0.0,,,,,,,,,24224.0,247.0,371.0,411.0,-1038612478.0,515.0,605.0,43.0,410.0,200.0,-58.0
429,24236.0,47241.0,43363.0,46449.0,38279.0,24236.0,3.578885793685913,,,,,,,,,7.9911949634552,0.7622012389516665,-0.3472787373980544,0.4,-0.15268175376301651,-0.6148506690790861,-0.0,,,,,,,,,24234.0,250.0,374.0,411.0,-1037563902.0,511.0,590.0,42.0,406.0,216.0,-45.0
430,24246.0,47786.0,44090.0,45794.0,37754.0,24246.0,3.578885793685913,,,,,,,,,8.003794193267822,0.7602537037467259,-0.35498153282763795,0.4,-0.15646810113628434,-0.6078644708940675,-0.0,,,,,,,,,24244.0,253.0,378.0,412.0,-1035465726.0,506.0,578.0,41.0,390.0,209.0,-51.0
431,24256.0,47538.0,43774.0,46230.0,38166.0,24256.0,3.578885793685913,,,,,,,,,8.015451908111572,0.758409265045816,-0.36202949971559784,0.4,-0.15996277388945698,-0.6012645798566062,-0.0,,,,,,,,,24254.0,261.0,387.0,412.0,-1034416126.0,510.0,574.0,38.0,384.0,209.0,-47.0
432,24266.0,47495.0,44555.0,46223.0,37407.0,24266.0,3.5841643810272217,,,,,,,,,8.026894807815552,0.7565592406890738,-0.36887204474235386,0.4,-0.1633847053593844,-0.594660806088592,-0.0,,,,,,,,,24264.0,264.0,392.0,412.0,-1033366526.0,506.0,563.0,39.0,386.0,202.0,-44.0
433,24276.0,47269.0,44165.0,46347.0,37711.0,24276.0,3.578885793685913,,,,,,,,,8.038269519805908,0.7546814805622026,-0.3755982273815649,0.4,-0.16677787557410242,-0.5879745209032071,-0.0,,,,,,,,,24274.0,268.0,394.0,413.0,-1031268351.0,501.0,545.0,39.0,369.0,186.0,-38.0
434,24286.0,48478.0,44288.0,45160.0,37358.0,24286.0,3.578885793685913,,,,,,,,,8.050840616226196,0.75256137992592,-0.38294253914212906,0.4,-0.17051802016334977,-0.580445285982488,-0.0,,,,,,,,,24284.0,272.0,397.0,413.0,-1030219775.0,497.0,530.0,41.0,343.0,170.0,-28.0
435,24296.0,47524.0,43168.0,45908.0,38296.0,24296.0,3.578885793685913,,,,,,,,,8.06250524520874,0.7505521561860871,-0.38967183623876217,0.4,-0.17397896279585004,-0.5733293632649403,-0.0,,,,,,,,,24294.0,279.0,405.0,414.0,-1028121599.0,500.0,524.0,42.0,313.0,160.0,-28.0
436,24306.0,47542.0,43542.0,45496.0,38042.0,24306.0,3.5841643810272217,,,,,,,,,8.074793338775635,0.7483919370605867,-0.3966702243393107,0.4,-0.17761477834931955,-0.5656998931192558,-0.0,,,,,,,,,24304.0,282.0,407.0,414.0,-1027071999.0,495.0,506.0,39.0,304.0,155.0,-31.0
437,24316.0,48008.0,42938.0,45432.0,38646.0,24316.0,3.5841643810272217,,,,,,,,,8.086183547973633,0.7463497193377473,-0.4030728117875656,0.4,-0.18097547592885618,-0.5585074023242941,-0.0,,,,,,,,,24314.0,287.0,412.0,414.0,-1026023423.0,492.0,494.0,37.0,270.0,137.0,-27.0
438,24326.0,47617.0,43057.0,45865.0,38565.0,24326.0,3.5841643810272217,,,,,,,,,8.097832441329956,0.744221582911246,-0.4095353874151397,0.4,-0.1844029099621012,-0.5510332256910037,-0.0,,,,,,,,,24324.0,290.0,415.0,415.0,-1024973823.0,487.0,480.0,35.0,246.0,130.0,-22.0
439,24336.0,47783.0,43099.0,45721.0,38645.0,24336.0,3.5841643810272217,,,,,,,,,8.109374046325684,0.7420737272942919,-0.4158518991947852,0.4,-0.18778903474620645,-0.5435114335576745,-0.0,,,,,,,,,24334.0,298.0,421.0,415.0,-1023925247.0,491.0,470.0,32.0,217.0,135.0,-18.0
440,24346.0,47903.0,43147.0,45575.0,38759.0,24346.0,3.5841643810272217,,,,,,,,,8.121339082717896,0.7398058756136089,-0.42230778279178743,0.4,-0.19128895968781973,-0.5355930104410168,-0.0,,,,,,,,,24344.0,302.0,423.0,415.0,-1022876671.0,486.0,452.0,31.0,195.0,141.0,-23.0
441,24356.0,48772.0,43622.0,45014.0,38060.0,24356.0,3.5841643810272217,,,,,,,,,8.13295602798462,0.7375639945643453,-0.42848451830391,0.4,-0.19467672135857778,-0.5277890880878342,-0.0,,,,,,,,,24354.0,305.0,428.0,416.0,-1021827072.0,481.0,438.0,30.0,175.0,132.0,-10.0
442,24366.0,47256.0,42274.0,46482.0,39480.0,24366.0,3.578885793685913,,,,,,,,,8.14445948600769,0.7353052928891062,-0.4345109378094157,0.4,-0.19802116783545262,-0.5199505654608808,-0.0,,,,,,,,,24364.0,312.0,432.0,416.0,-1021827072.0,482.0,425.0,28.0,175.0,142.0,-16.0
443,24376.0,47887.0,42955.0,45833.0,38917.0,24376.0,3.578885793685913,,,,,,,,,8.15606164932251,0.7329883016077624,-0.4404970947464903,0.4,-0.20138383236553645,-0.5119347365362231,-0.0,,,,,,,,,24374.0,315.0,433.0,417.0,-1020777472.0,476.0,407.0,27.0,193.0,112.0,-14.0
444,24386.0,47957.0,43057.0,45887.0,38663.0,24386.0,3.578885793685913,,,,,,,,,8.167559146881104,0.7306537853002538,-0.4463368822760634,0.4,-0.2047056045560156,-0.5038838642529087,-0.0,,,,,,,,,24384.0,321.0,438.0,417.0,-1019728896.0,475.0,395.0,25.0,136.0,139.0,1.0
445,24396.0,47100.0,43334.0,46814.0,38416.0,24396.0,3.578885793685913,,,,,,,,,8.179063320159912,0.7282797495056368,-0.4520868079488345,0.4,-0.2080186130820947,-0.4957230422428211,-0.0,,,,,,,,,24394.0,326.0,442.0,417.0,-1019727872.0,472.0,381.0,23.0,192.0,130.0,0.0
446,24406.0,47724.0,43360.0,46400.0,38380.0,24406.0,3.578885793685913,,,,,,,,,8.19101333618164,0.7257734183342713,-0.4579595105816143,0.4,-0.21144850595556214,-0.4871362712904518,-0.0,,,,,,,,,24404.0,330.0,444.0,417.0,-1018679296.0,468.0,364.0,21.0,161.0,123.0,8.0
447,24416.0,48328.0,44192.0,45828.0,37668.0,24416.0,3.578885793685913,,,,,,,,,8.20359206199646,0.7230910258369716,-0.46402959780406805,0.4,-0.21504596954584593,-0.47797910256115905,-0.0,,,,,,,,,24414.0,332.0,447.0,418.0,-1017629696.0,459.0,347.0,17.0,180.0,120.0,9.0
448,24426.0,48319.0,43005.0,46207.0,38973.0,24426.0,3.578885793685913,,,,,,,,,8.215030670166016,0.7206125451457989,-0.46944888781548333,0.4,-0.21830570851707864,-0.46954818764199774,-0.0,,,,,,,,,24424.0,342.0,451.0,417.0,-1017629696.0,464.0,333.0,13.0,166.0,105.0,11.0
449,24436.0,48581.0,43769.0,45979.0,38407.0,24436.0,3.578885793685913,,,,,,,,,8.226546049118042,0.7180798321880749,-0.47480657404291665,0.4,-0.22157593486048413,-0.460962698348991,-0.0,,,,,,,,,24434.0,345.0,450.0,418.0,-1016580096.0,457.0,311.0,11.0,164.0,101.0,11.0
450,24446.0,49199.0,43255.0,45535.0,38895.0,24446.0,3.5736072063446045,,,,,,,,,8.238070964813232,0.7155073837543953,-0.4800691508689275,0.4,-0.22483725562448115,-0.4522734555349968,-0.0,,,,,,,,,24444.0,347.0,452.0,418.0,-1015531520.0,450.0,293.0,9.0,108.0,111.0,21.0
451,24456.0,48640.0,43494.0,46126.0,38780.0,24456.0,3.5736072063446045,,,,,,,,,8.269212245941162,0.7083691474288094,-0.4937823856787572,0.4,-0.23359016444290884,-0.42832517207160037,-0.0,,,,,,,,,24454.0,353.0,455.0,418.0,-1015530496.0,448.0,279.0,8.0,83.0,105.0,14.0
452,24466.0,48597.0,43525.0,46347.0,38723.0,24466.0,3.5736072063446045,,,,,,,,,8.28309941291809,0.7050983171345355,-0.49965512015141095,0.4,-0.2374648099081767,-0.41743198495175043,-0.0,,,,,,,,,24464.0,358.0,457.0,418.0,-1014481920.0,445.0,263.0,8.0,63.0,98.0,21.0
453,24476.0,48722.0,43476.0,46212.0,38666.0,24476.0,3.5736072063446045,,,,,,,,,8.295226812362671,0.7021980446422049,-0.5046592673770379,0.4,-0.2408336864020436,-0.40781507599656946,-0.0,,,,,,,,,24474.0,361.0,460.0,418.0,-1014481920.0,439.0,248.0,7.0,56.0,82.0,27.0
454,24486.0,48154.0,42640.0,46776.0,39682.0,24486.0,3.5736072063446045,,,,,,,,,8.30704140663147,0.6993333709777725,-0.5094216417425794,0.4,-0.24410222324200695,-0.398355119731145,-0.0,,,,,,,,,24484.0,367.0,461.0,419.0,-1014480896.0,438.0,230.0,5.0,52.0,61.0,15.0
455,24496.0,47973.0,42601.0,47113.0,39681.0,24496.0,3.5736072063446045,,,,,,,,,8.31852650642395,0.6965116481027797,-0.5139435758697473,0.4,-0.24726671231185657,-0.38907480519040316,-0.0,,,,,,,,,24494.0,371.0,461.0,419.0,-1014480895.0,433.0,212.0,4.0,7.0,72.0,18.0
456,24506.0,48251.0,43189.0,46771.0,39273.0,24506.0,3.5736072063446045,,,,,,,,,8.338857173919678,0.6914278604098579,-0.5216851458923571,0.4,-0.25283674601149286,-0.3724495209198833,-0.0,,,,,,,,,24504.0,373.0,463.0,419.0,-1014480895.0,424.0,197.0,5.0,-5.0,75.0,17.0
457,24516.0,48404.0,42892.0,46622.0,39482.0,24516.0,3.5736072063446045,,,,,,,,,8.351974725723267,0.6880878144315132,-0.5264996753820963,0.4,-0.25640874746614156,-0.36159301131600735,-0.0,,,,,,,,,24514.0,382.0,464.0,419.0,-1014480895.0,428.0,180.0,3.0,0.0,82.0,13.0
458,24526.0,48181.0,42717.0,47013.0,39693.0,24526.0,3.5736072063446045,,,,,,,,,8.363816022872925,0.685032585746784,-0.5307229597705202,0.4,-0.25961826419320033,-0.35170831164996585,-0.0,,,,,,,,,24524.0,384.0,467.0,419.0,-1014479871.0,419.0,166.0,0.0,-4.0,69.0,16.0
459,24536.0,47234.0,43380.0,48102.0,39172.0,24536.0,3.5736072063446045,,,,,,,,,8.375397443771362,0.682007727004851,-0.5347398931407609,0.4,-0.2627434426684269,-0.3419652027643667,-0.0,,,,,,,,,24534.0,387.0,467.0,419.0,-1014479871.0,414.0,148.0,-2.0,-25.0,71.0,22.0
460,24546.0,47848.0,43282.0,47668.0,39398.0,24546.0,3.5736072063446045,,,,,,,,,8.387035846710205,0.6789316052821556,-0.5386624912312773,0.4,-0.265869981529901,-0.3321011947056411,-0.0,,,,,,,,,24544.0,392.0,468.0,419.0,-1014479871.0,411.0,132.0,-4.0,-29.0,69.0,21.0
461,24556.0,47928.0,42200.0,48094.0,40706.0,24556.0,3.568328619003296,,,,,,,,,8.398519515991211,0.6758607956329565,-0.5424200124019166,0.4,-0.26894101856597985,-0.32229869620189605,-0.0,,,,,,,,,24554.0,394.0,469.0,418.0,-1014478847.0,402.0,117.0,-10.0,-13.0,57.0,28.0
462,24566.0,49364.0,44316.0,46692.0,38716.0,24566.0,3.568328619003296,,,,,,,,,8.40999150276184,0.6727579770540026,-0.5460609275722204,0.4,-0.27199495124797096,-0.31243915468563854,-0.0,,,,,,,,,24564.0,399.0,469.0,418.0,-1014478847.0,399.0,100.0,-12.0,-11.0,102.0,19.0
463,24576.0,48859.0,42987.0,47529.0,39929.0,24576.0,3.5630500316619873,,,,,,,,,8.422479152679443,0.6693407257142568,-0.5498951650936899,0.4,-0.2753031922563359,-0.30163296677919926,-0.0,,,,,,,,,24574.0,403.0,469.0,418.0,-1014478847.0,393.0,83.0,-13.0,-12.0,34.0,38.0
464,24586.0,48460.0,42918.0,47990.0,40048.0,24586.0,3.5630500316619873,,,,,,,,,8.434904336929321,0.665899669908399,-0.553575828421066,0.4,-0.2785780636311952,-0.2908071090655299,-0.0,,,,,,,,,24584.0,408.0,469.0,418.0,-1014478847.0,391.0,67.0,-14.0,-52.0,33.0,38.0
465,24596.0,48797.0,43171.0,48117.0,40299.0,24596.0,3.5630500316619873,,,,,,,,,8.446652173995972,0.6626088692937343,-0.5569317369950714,0.4,-0.28165879604312566,-0.28050616435609643,-0.0,,,,,,,,,24594.0,409.0,469.0,416.0,-1014478847.0,382.0,51.0,-25.0,-69.0,65.0,33.0
466,24606.0,49266.0,43790.0,47776.0,39872.0,24606.0,3.5630500316619873,,,,,,,,,8.458407163619995,0.6592799302015335,-0.5601682026574724,0.4,-0.2847260440167982,-0.27013776042524584,-0.0,,,,,,,,,24604.0,414.0,470.0,416.0,-1014477823.0,379.0,36.0,-25.0,-86.0,12.0,34.0
467,24616.0,48514.0,43110.0,48462.0,40690.0,24616.0,3.5630500316619873,,,,,,,,,8.470382690429688,0.6558515547732495,-0.5633396933435085,0.4,-0.28783486412689735,-0.259514234428051,-0.0,,,,,,,,,24614.0,419.0,470.0,415.0,-1015526399.0,376.0,21.0,-25.0,-53.0,67.0,21.0
468,24626.0,48418.0,43902.0,48598.0,39922.0,24626.0,3.5577714443206787,,,,,,,,,8.482927799224854,0.6522202982162713,-0.5665251924906922,0.4,-0.2910740660552517,-0.24832244138453172,-0.0,,,,,,,,,24624.0,421.0,468.0,415.0,-1015526399.0,368.0,2.0,-25.0,-60.0,22.0,22.0
469,24636.0,48272.0,43396.0,48700.0,40568.0,24636.0,3.5630500316619873,,,,,,,,,8.494583129882812,0.6488102747993734,-0.5693586046104887,0.4,-0.2940673215128394,-0.23786907915957914,-0.0,,,,,,,,,24634.0,425.0,469.0,415.0,-1015526398.0,363.0,-11.0,-24.0,-81.0,19.0,12.0
470,24646.0,49211.0,42889.0,47951.0,40909.0,24646.0,3.5630500316619873,,,,,,,,,8.50629210472107,0.6453495206600913,-0.5720820752785707,0.4,-0.2970584734684146,-0.22731622862752865,-0.0,,,,,,,,,24644.0,430.0,467.0,415.0,-1015526398.0,361.0,-29.0,-25.0,-99.0,6.0,19.0
471,24656.0,49345.0,43149.0,47993.0,40681.0,24656.0,3.5630500316619873,,,,,,,,,8.517969131469727,0.6418634225392389,-0.574674768467029,0.4,-0.30002545171614536,-0.21674315781541179,-0.0,,,,,,,,,24654.0,433.0,466.0,415.0,-1016574974.0,355.0,-44.0,-26.0,-108.0,-7.0,32.0
472,24666.0,49200.0,42852.0,48162.0,41074.0,24666.0,3.5577714443206787,,,,,,,,,8.52940583229065,0.6384155788504123,-0.5770941618106953,0.4,-0.30291571224936653,-0.20634243967922633,-0.0,,,,,,,,,24664.0,435.0,466.0,415.0,-1016574974.0,347.0,-59.0,-27.0,-121.0,0.0,25.0
473,24676.0,49326.0,43284.0,48160.0,40742.0,24676.0,3.5577714443206787,,,,,,,,,8.5423104763031,0.6344856165772158,-0.5796809422966851,0.4,-0.30615815893102394,-0.19455568589148295,-0.0,,,,,,,,,24674.0,440.0,463.0,415.0,-1016574974.0,343.0,-77.0,-24.0,-140.0,-5.0,24.0
474,24686.0,49250.0,43076.0,48356.0,40690.0,24686.0,3.5577714443206787,,,,,,,,,8.554990530014038,0.6305834189028547,-0.5820742256455289,0.4,-0.3093245704537921,-0.18292421528117447,-0.0,,,,,,,,,24684.0,442.0,463.0,415.0,-1017623550.0,336.0,-90.0,-26.0,-139.0,-22.0,27.0
475,24696.0,48726.0,43304.0,48978.0,40632.0,24696.0,3.5577714443206787,,,,,,,,,8.56700348854065,0.6268495883095878,-0.5842052808607895,0.4,-0.31230628893329726,-0.17186178358701126,-0.0,,,,,,,,,24694.0,447.0,461.0,415.0,-1017623550.0,334.0,-108.0,-25.0,-154.0,-4.0,33.0
476,24706.0,48652.0,43532.0,48948.0,40568.0,24706.0,3.5577714443206787,,,,,,,,,8.578831672668457,0.6231382948221317,-0.5861734856058246,0.4,-0.3152247615289997,-0.16093122796003173,-0.0,,,,,,,,,24704.0,448.0,459.0,414.0,-1018672126.0,325.0,-123.0,-24.0,-179.0,-2.0,21.0
477,24716.0,48712.0,43320.0,48912.0,40608.0,24716.0,3.5577714443206787,,,,,,,,,8.591189622879028,0.6192240173313771,-0.588091505199993,0.4,-0.31825534766769664,-0.1494731699992986,-0.0,,,,,,,,,24714.0,451.0,459.0,414.0,-1019720702.0,319.0,-135.0,-22.0,-163.0,-17.0,20.0
478,24726.0,49178.0,43430.0,48456.0,40308.0,24726.0,3.5577714443206787,,,,,,,,,8.61965012550354,0.6100677892806047,-0.5919686057597212,0.4,-0.32516154314868817,-0.12295260793658049,-0.0,,,,,,,,,24724.0,453.0,458.0,414.0,-1019720702.0,312.0,-149.0,-18.0,-148.0,-25.0,24.0
479,24736.0,48383.0,42693.0,49197.0,41003.0,24736.0,3.5577714443206787,,,,,,,,,8.633463621139526,0.6055532501112842,-0.593577742243537,0.4,-0.32847616714560063,-0.11002188609383515,-0.0,,,,,,,,,24734.0,458.0,455.0,414.0,-1020769278.0,309.0,-166.0,-18.0,-167.0,-35.0,26.0
480,24746.0,49038.0,43044.0,48532.0,40662.0,24746.0,3.5577714443206787,,,,,,,,,8.645143270492554,0.6017004923822431,-0.5947987810321769,0.4,-0.33125946737284007,-0.0990626218928321,-0.0,,,,,,,,,24744.0,461.0,452.0,414.0,-1020769278.0,305.0,-181.0,-16.0,-178.0,-23.0,21.0
481,24756.0,48965.0,43257.0,48639.0,40359.0,24756.0,3.5577714443206787,,,,,,,,,8.65692949295044,0.5977797313034386,-0.5959010743699206,0.4,-0.334050079336044,-0.08798173284425817,-0.0,,,,,,,,,24754.0,462.0,451.0,414.0,-1021817853.0,296.0,-194.0,-15.0,-152.0,-44.0,21.0
482,24766.0,48817.0,43063.0,48647.0,40573.0,24766.0,3.5577714443206787,,,,,,,,,8.668725967407227,0.5938227341466067,-0.5968734378986151,0.4,-0.3368247749907989,-0.07687188100053312,-0.0,,,,,,,,,24764.0,464.0,449.0,414.0,-1021817853.0,290.0,-208.0,-8.0,-156.0,-56.0,15.0
483,24776.0,48524.0,42504.0,48766.0,40754.0,24776.0,3.5577714443206787,,,,,,,,,8.681227922439575,0.5895934886404717,-0.5977607893352438,0.4,-0.33974520918764095,-0.06507922714492904,-0.0,,,,,,,,,24774.0,466.0,447.0,414.0,-1022867453.0,283.0,-222.0,-6.0,-174.0,-59.0,20.0
484,24786.0,48788.0,42548.0,48418.0,40594.0,24786.0,3.5577714443206787,,,,,,,,,8.693358421325684,0.5854551243825784,-0.5984807532424965,0.4,-0.3425588350026508,-0.053621573630641337,-0.0,,,,,,,,,24784.0,471.0,440.0,414.0,-1023916029.0,281.0,-244.0,-3.0,-210.0,-59.0,21.0
485,24796.0,48853.0,42275.0,48259.0,40733.0,24796.0,3.5577714443206787,,,,,,,,,8.705041408538818,0.5814372762944291,-0.5990426938366491,0.4,-0.3452498517719616,-0.04257479986244705,-0.0,,,,,,,,,24794.0,474.0,438.0,414.0,-1023916029.0,276.0,-256.0,-1.0,-212.0,-95.0,21.0
486,24806.0,48613.0,41369.0,48439.0,41523.0,24806.0,3.5630500316619873,,,,,,,,,8.717038631439209,0.5772787567790814,-0.5994853768000226,0.4,-0.34799388610983895,-0.03122137483836466,-0.0,,,,,,,,,24804.0,476.0,437.0,414.0,-1024965629.0,270.0,-266.0,1.0,-196.0,-123.0,22.0
487,24816.0,49177.0,42259.0,47749.0,40515.0,24816.0,3.5630500316619873,,,,,,,,,8.728848934173584,0.5731529872739415,-0.5997880761042574,0.4,-0.3506758542891278,-0.020037895122426014,-0.0,,,,,,,,,24814.0,478.0,435.0,414.0,-1026014205.0,264.0,-277.0,1.0,-219.0,-106.0,18.0
488,24826.0,48850.0,42430.0,48090.0,40358.0,24826.0,3.5630500316619873,,,,,,,,,8.741595268249512,0.568664822489056,-0.5999665354754325,0.4,-0.3535487123679058,-0.007963184187495385,-0.0,,,,,,,,,24824.0,481.0,426.0,414.0,-1026014205.0,261.0,-300.0,1.0,-211.0,-104.0,13.0
489,24836.0,48877.0,42153.0,48043.0,40583.0,24836.0,3.5630500316619873,,,,,,,,,8.753915071487427,0.5642921784799989,-0.5999927386143982,0.4,-0.3563038868581494,0.003709444886801436,-0.0,,,,,,,,,24834.0,482.0,426.0,414.0,-1027063805.0,253.0,-307.0,3.0,-203.0,-101.0,19.0
490,24846.0,49108.0,42260.0,47878.0,40298.0,24846.0,3.5630500316619873,,,,,,,,,8.765980958938599,0.5599768808220311,-0.5998790148525376,0.4,-0.35898158335144753,0.015140653551171404,-0.0,,,,,,,,,24844.0,483.0,423.0,414.0,-1028112381.0,247.0,-319.0,5.0,-176.0,-119.0,22.0
491,24856.0,49258.0,42574.0,47590.0,39610.0,24856.0,3.5630500316619873,,,,,,,,,8.77821683883667,0.5555679196912621,-0.5996228516651007,0.4,-0.3616759339188116,0.026729345605464354,-0.0,,,,,,,,,24854.0,485.0,419.0,415.0,-1029160957.0,241.0,-333.0,10.0,-165.0,-103.0,26.0
492,24866.0,49525.0,42673.0,47185.0,39465.0,24866.0,3.5630500316619873,,,,,,,,,8.790669918060303,0.5510469799634204,-0.599216582902293,0.4,-0.36439616138330927,0.03851724353234878,-0.0,,,,,,,,,24864.0,489.0,415.0,415.0,-1029161981.0,239.0,-345.0,12.0,-146.0,-96.0,22.0
493,24876.0,48940.0,42260.0,47748.0,39740.0,24876.0,3.568328619003296,,,,,,,,,8.80444884300232,0.5460054040805079,-0.5985960590106855,0.4,-0.36737999878667615,0.05154905564788755,-0.0,,,,,,,,,24874.0,491.0,408.0,415.0,-1029161981.0,235.0,-362.0,12.0,-130.0,-106.0,24.0
494,24886.0,48767.0,41873.0,47873.0,40047.0,24886.0,3.568328619003296,,,,,,,,,8.81649923324585,0.5415627235760342,-0.5979062659590377,0.4,-0.36996695691194437,0.06293352231326674,-0.0,,,,,,,,,24884.0,492.0,407.0,416.0,-1030210556.0,228.0,-369.0,13.0,-132.0,-114.0,25.0
495,24896.0,48065.0,42107.0,48551.0,39733.0,24896.0,3.568328619003296,,,,,,,,,8.828711748123169,0.5370285973424167,-0.5970673111424436,0.4,-0.37256707994892135,0.0744564189050758,-0.0,,,,,,,,,24894.0,494.0,403.0,416.0,-1031260156.0,225.0,-382.0,17.0,-144.0,-101.0,22.0
496,24906.0,48045.0,41875.0,48385.0,39751.0,24906.0,3.5736072063446045,,,,,,,,,8.842100143432617,0.5320215795994997,-0.5959860055915559,0.4,-0.3753923431889339,0.08706854651173951,-0.0,,,,,,,,,24904.0,497.0,399.0,416.0,-1031260156.0,221.0,-393.0,19.0,-155.0,-80.0,14.0
497,24916.0,47960.0,41796.0,48410.0,39722.0,24916.0,3.568328619003296,,,,,,,,,8.854790925979614,0.5272406939865169,-0.5948052976686009,0.4,-0.37804587286929026,0.0990008143676275,-0.0,,,,,,,,,24914.0,500.0,392.0,416.0,-1031261180.0,218.0,-409.0,20.0,-179.0,-76.0,16.0
498,24926.0,48478.0,41520.0,47474.0,40184.0,24926.0,3.568328619003296,,,,,,,,,8.867008447647095,0.5226064210100655,-0.5935256999056593,0.4,-0.3805777408166868,0.11046435585411041,-0.0,,,,,,,,,24924.0,502.0,392.0,417.0,-1032309756.0,215.0,-414.0,21.0,-219.0,-89.0,1.0
499,24936.0,47420.0,41016.0,48714.0,40418.0,24936.0,3.568328619003296,,,,,,,,,8.879211902618408,0.51794674048157,-0.5921079170490714,0.4,-0.38308430566518853,0.12188870720774875,-0.0,,,,,,,,,24934.0,505.0,386.0,417.0,-1033358332.0,212.0,-426.0,20.0,-186.0,-103.0,8.0
500,24946.0,47463.0,41129.0,48765.0,40255.0,24946.0,3.5736072063446045,,,,,,,,,8.891988277435303,0.5130356754708586,-0.5904743754890854,0.4,-0.38568441119904684,0.13381864220838335,-0.0,,,,,,,,,24944.0,505.0,383.0,417.0,-1034406908.0,206.0,-434.0,19.0,-224.0,-113.0,14.0
501,24956.0,47722.0,40918.0,48450.0,40518.0,24956.0,3.5736072063446045,,,,,,,,,8.903862953186035,0.5084415609464449,-0.5888196419978464,0.4,-0.38807873128156073,0.14487575261840951,-0.0,,,,,,,,,24954.0,508.0,383.0,417.0,-1035456508.0,204.0,-438.0,19.0,-201.0,-117.0,5.0
502,24966.0,48512.0,41734.0,47566.0,39876.0,24966.0,3.5736072063446045,,,,,,,,,8.916212558746338,0.503633683321635,-0.5869596516186313,0.4,-0.39054589408545015,0.1563408393139832,-0.0,,,,,,,,,24964.0,513.0,373.0,417.0,-1035456508.0,206.0,-457.0,19.0,-167.0,-122.0,0.0
503,24976.0,48267.0,41643.0,47819.0,39895.0,24976.0,3.568328619003296,,,,,,,,,8.928196907043457,0.4989390114024668,-0.585019518558184,0.4,-0.39291760683249805,0.1674308574405213,-0.0,,,,,,,,,24974.0,515.0,369.0,418.0,-1036506108.0,202.0,-465.0,19.0,-137.0,-99.0,0.0
504,24986.0,47723.0,41809.0,48465.0,39771.0,24986.0,3.568328619003296,,,,,,,,,8.94068694114685,0.4940161435399354,-0.5828563299261343,0.4,-0.3953656847078274,0.1789483767669046,-0.0,,,,,,,,,24984.0,515.0,365.0,417.0,-1036506108.0,196.0,-474.0,18.0,-121.0,-100.0,2.0
505,24996.0,47791.0,41341.0,48249.0,40223.0,24996.0,3.568328619003296,,,,,,,,,8.952924728393555,0.48916318599217007,-0.5805975635699194,0.4,-0.3977407060626105,0.19019055244654579,-0.0,,,,,,,,,24994.0,519.0,361.0,418.0,-1037555708.0,196.0,-481.0,18.0,-114.0,-77.0,-8.0
506,25006.0,47874.0,41916.0,48200.0,39566.0,25006.0,3.568328619003296,,,,,,,,,8.964905977249146,0.4843839399083482,-0.5782531240159919,0.4,-0.40004315951905844,0.20115350433124513,-0.0,,,,,,,,,25004.0,520.0,352.0,418.0,-1037555708.0,193.0,-498.0,17.0,-118.0,-65.0,0.0
507,25016.0,49253.0,41987.0,46837.0,39503.0,25016.0,3.568328619003296,,,,,,,,,8.97657823562622,0.47970154815936095,-0.5758430897600132,0.4,-0.40226443348135427,0.2117898986059429,-0.0,,,,,,,,,25014.0,522.0,349.0,418.0,-1038604284.0,189.0,-504.0,16.0,-81.0,-74.0,-5.0
508,25026.0,48289.0,41501.0,47943.0,39907.0,25026.0,3.568328619003296,,,,,,,,,8.988194704055786,0.47501592001973114,-0.5733215736614674,0.4,-0.4044536093604812,0.22233021928509655,-0.0,,,,,,,,,25024.0,524.0,344.0,418.0,-1038604284.0,188.0,-513.0,17.0,-86.0,-84.0,6.0
509,25036.0,47639.0,41375.0,48479.0,39995.0,25036.0,3.568328619003296,,,,,,,,,9.000317573547363,0.47009904919144874,-0.5705598718226851,0.4,-0.4067152412149173,0.23327947445244387,-0.0,,,,,,,,,25034.0,524.0,338.0,418.0,-1038605308.0,183.0,-523.0,18.0,-75.0,-90.0,2.0
510,25046.0,47963.0,40945.0,48099.0,40365.0,25046.0,3.568328619003296,,,,,,,,,9.016094446182251,0.46365936262477936,-0.5667675632067227,0.4,-0.40962320332950297,0.24744753464021849,-0.0,,,,,,,,,25044.0,527.0,334.0,419.0,-1039653884.0,181.0,-530.0,19.0,-83.0,-115.0,-8.0
511,25056.0,48876.0,41338.0,47100.0,39966.0,25056.0,3.568328619003296,,,,,,,,,9.027737855911255,0.4588775867940488,-0.5638258666977204,0.4,-0.411743495101424,0.25784156828281424,-0.0,,,,,,,,,25054.0,529.0,326.0,419.0,-1039653884.0,179.0,-543.0,19.0,-104.0,-94.0,-4.0
512,25066.0,48606.0,40656.0,47308.0,40622.0,25066.0,3.568328619003296,,,,,,,,,9.0405592918396,0.4535836109551998,-0.5604469295248198,0.4,-0.41405281002148814,0.2692232777688557,-0.0,,,,,,,,,25064.0,529.0,322.0,418.0,-1039654908.0,174.0,-550.0,14.0,-118.0,-101.0,-2.0
513,25076.0,47562.0,40882.0,48656.0,40524.0,25076.0,3.568328619003296,,,,,,,,,9.052797317504883,0.44850306262505396,-0.5570860247441797,0.4,-0.4162319820094723,0.2800219408218279,-0.0,,,,,,,,,25074.0,532.0,320.0,418.0,-1040703484.0,174.0,-553.0,14.0,-134.0,-86.0,-3.0
514,25086.0,48210.0,40840.0,48060.0,40530.0,25086.0,3.568328619003296,,,,,,,,,9.064730644226074,0.4435234698034523,-0.5536819202555094,0.4,-0.41833319984827455,0.2904879892632069,-0.0,,,,,,,,,25084.0,532.0,315.0,419.0,-1040703484.0,169.0,-560.0,13.0,-115.0,-94.0,-2.0
515,25096.0,48525.0,40611.0,47627.0,40921.0,25096.0,3.568328619003296,,,,,,,,,9.076303720474243,0.43867038466123376,-0.5502616473392659,0.4,-0.42034852208668494,0.30057571055342885,-0.0,,,,,,,,,25094.0,536.0,307.0,419.0,-1041753084.0,171.0,-572.0,13.0,-128.0,-96.0,-8.0
516,25106.0,48933.0,41209.0,47123.0,40423.0,25106.0,3.568328619003296,,,,,,,,,9.087951421737671,0.43376258682502605,-0.5467018133407487,0.4,-0.4223543975837545,0.3106642865815644,-0.0,,,,,,,,,25104.0,537.0,301.0,418.0,-1041753084.0,167.0,-582.0,6.0,-98.0,-99.0,-16.0
517,25116.0,47942.0,41624.0,48636.0,40162.0,25116.0,3.568328619003296,,,,,,,,,9.100128650665283,0.42860683453220116,-0.5428549236591558,0.4,-0.424427275281388,0.3211403116307616,-0.0,,,,,,,,,25114.0,538.0,297.0,418.0,-1042801660.0,165.0,-586.0,5.0,-103.0,-81.0,0.0
518,25126.0,47683.0,41345.0,48947.0,40453.0,25126.0,3.568328619003296,,,,,,,,,9.11319375038147,0.4230472706534274,-0.5385862193437022,0.4,-0.42662365868196994,0.33229648115120547,-0.0,,,,,,,,,25124.0,539.0,294.0,418.0,-1042802684.0,161.0,-589.0,5.0,-83.0,-72.0,-3.0
519,25136.0,48687.0,42033.0,47773.0,39979.0,25136.0,3.568328619003296,,,,,,,,,9.125296592712402,0.41787172971557507,-0.5345023534692686,0.4,-0.42863262832760046,0.34255113605056975,-0.0,,,,,,,,,25134.0,541.0,283.0,418.0,-1042802684.0,161.0,-605.0,4.0,-54.0,-73.0,-18.0
520,25147.0,48177.0,41373.0,48083.0,40335.0,25146.0,3.5630500316619873,,,,,,,,,9.13722014427185,0.4127492274144592,-0.5303580813751898,0.4,-0.43058759919866524,0.3525764084712563,-0.0,,,,,,,,,25144.0,543.0,279.0,418.0,-1042802684.0,159.0,-611.0,5.0,-64.0,-60.0,-14.0
521,25156.0,48562.0,41506.0,47732.0,40168.0,25156.0,3.5630500316619873,,,,,,,,,9.150348901748657,0.4070821683348667,-0.5256572246165121,0.4,-0.4327122148445635,0.3635233657211175,-0.0,,,,,,,,,25154.0,544.0,274.0,419.0,-1043851260.0,157.0,-616.0,10.0,-40.0,-81.0,-10.0
522,25166.0,48503.0,41269.0,47773.0,40335.0,25166.0,3.5630500316619873,,,,,,,,,9.16324257850647,0.40148961927331367,-0.52090127893819,0.4,-0.43477013006239373,0.3741780239368903,-0.0,,,,,,,,,25164.0,546.0,269.0,419.0,-1043852284.0,156.0,-622.0,9.0,-39.0,-80.0,-8.0
523,25176.0,48149.0,41107.0,48031.0,40661.0,25176.0,3.5630500316619873,,,,,,,,,9.175288677215576,0.39624088545485536,-0.5163343855453253,0.4,-0.4366669863628846,0.38404358716612563,-0.0,,,,,,,,,25174.0,547.0,265.0,419.0,-1043852284.0,154.0,-625.0,8.0,-62.0,-64.0,-18.0
524,25186.0,48092.0,41506.0,48150.0,40372.0,25186.0,3.5630500316619873,,,,,,,,,9.188019037246704,0.39066934119374386,-0.5113795126782884,0.4,-0.4386444018544971,0.39437386282106357,-0.0,,,,,,,,,25184.0,550.0,254.0,419.0,-1043852284.0,155.0,-640.0,6.0,-87.0,-59.0,-19.0
525,25196.0,48127.0,40949.0,48259.0,40901.0,25196.0,3.5630500316619873,,,,,,,,,9.200934410095215,0.38499128412815153,-0.5062189008363558,0.4,-0.44062187602049313,0.40475112131650287,-0.0,,,,,,,,,25194.0,550.0,249.0,419.0,-1044900860.0,151.0,-646.0,5.0,-74.0,-67.0,-12.0
526,25206.0,48225.0,41175.0,48111.0,40817.0,25206.0,3.5630500316619873,,,,,,,,,9.214080095291138,0.3791859410998927,-0.5008293427658465,0.4,-0.4426048158139959,0.4152039326790842,-0.0,,,,,,,,,25204.0,552.0,245.0,419.0,-1044901884.0,152.0,-648.0,5.0,-79.0,-54.0,-21.0
527,25216.0,48190.0,40750.0,48228.0,41176.0,25216.0,3.5630500316619873,,,,,,,,,9.226303577423096,0.37376463893624695,-0.4956952217209789,0.4,-0.44442155795447946,0.42482185404874434,-0.0,,,,,,,,,25214.0,554.0,242.0,419.0,-1044901884.0,151.0,-651.0,5.0,-62.0,-68.0,-13.0
528,25226.0,48210.0,42204.0,48150.0,39836.0,25226.0,3.5630500316619873,,,,,,,,,9.238643169403076,0.36826947936820575,-0.4903937101620005,0.4,-0.44622896757874264,0.4344294630062445,-0.0,,,,,,,,,25224.0,555.0,230.0,419.0,-1044901885.0,149.0,-667.0,4.0,-60.0,-41.0,-17.0
529,25236.0,48791.0,41531.0,47597.0,40477.0,25236.0,3.5630500316619873,,,,,,,,,9.251181364059448,0.3626632037675921,-0.48488610542756555,0.4,-0.4480379917789736,0.44408470050833077,-0.0,,,,,,,,,25234.0,558.0,225.0,419.0,-1045950461.0,150.0,-670.0,4.0,-24.0,-54.0,-17.0
530,25246.0,47956.0,41488.0,48498.0,40538.0,25246.0,3.568328619003296,,,,,,,,,9.264295816421509,0.35677518528986013,-0.47899659682888573,0.4,-0.44990040465796416,0.4540656971225407,-0.0,,,,,,,,,25244.0,558.0,219.0,419.0,-1045950461.0,147.0,-677.0,3.0,-21.0,-43.0,-12.0
531,25256.0,46504.0,40820.0,50322.0,40746.0,25256.0,3.568328619003296,,,,,,,,,9.277164459228516,0.3509739783793531,-0.47309101284183863,0.4,-0.4516982164238859,0.46373975890335994,-0.0,,,,,,,,,25254.0,560.0,214.0,419.0,-1045951485.0,148.0,-681.0,4.0,-13.0,-33.0,-15.0
532,25266.0,48230.0,41240.0,48206.0,40716.0,25266.0,3.5630500316619873,,,,,,,,,9.289130210876465,0.34555920128471634,-0.4674887453345639,0.4,-0.45334339702721393,0.47262631584976095,-0.0,,,,,,,,,25264.0,560.0,211.0,419.0,-1045951485.0,144.0,-683.0,6.0,5.0,-25.0,-14.0
533,25276.0,48393.0,41949.0,48059.0,39855.0,25276.0,3.5630500316619873,,,,,,,,,9.301837682723999,0.339787399451493,-0.4614235117223689,0.4,-0.4550624983223885,0.48194667850157935,-0.0,,,,,,,,,25274.0,563.0,198.0,419.0,-1045951485.0,145.0,-699.0,6.0,6.0,-6.0,-8.0
534,25286.0,48090.0,41832.0,48378.0,40288.0,25286.0,3.5630500316619873,,,,,,,,,9.314693450927734,0.3339262001988556,-0.45516777540283954,0.4,-0.45677214139086547,0.49125074778631944,-0.0,,,,,,,,,25284.0,565.0,195.0,419.0,-1045951485.0,145.0,-700.0,2.0,19.0,15.0,-16.0
535,25296.0,47264.0,41506.0,49526.0,40448.0,25296.0,3.5630500316619873,,,,,,,,,9.326892614364624,0.32834420745109116,-0.44912167932598124,0.4,-0.4583669084884007,0.4999611007466414,-0.0,,,,,,,,,25294.0,565.0,189.0,419.0,-1045951485.0,142.0,-706.0,1.0,28.0,8.0,-19.0
536,25306.0,48090.0,41436.0,48526.0,40692.0,25306.0,3.5630500316619873,,,,,,,,,9.339086532592773,0.3227453364961085,-0.4429727062756569,0.4,-0.45993407760550276,0.5085502928239041,-0.0,,,,,,,,,25304.0,566.0,183.0,419.0,-1045951485.0,140.0,-710.0,0.0,27.0,1.0,-13.0
537,25316.0,48663.0,42003.0,48187.0,40019.0,25316.0,3.5630500316619873,,,,,,,,,9.351981163024902,0.316804128762388,-0.4363572717702001,0.4,-0.4615619305010347,0.5175031161432918,-0.0,,,,,,,,,25314.0,569.0,171.0,419.0,-1045951485.0,143.0,-725.0,0.0,53.0,-9.0,-9.0
538,25326.0,48427.0,41957.0,48213.0,40275.0,25326.0,3.5630500316619873,,,,,,,,,9.364492893218994,0.3110194605701277,-0.42982874577779967,0.4,-0.4631124847941672,0.5260602281869284,-0.0,,,,,,,,,25324.0,570.0,166.0,420.0,-1044902909.0,141.0,-729.0,6.0,34.0,1.0,-13.0
539,25336.0,48066.0,40982.0,48118.0,41118.0,25336.0,3.5630500316619873,,,,,,,,,9.376172304153442,0.3056022536295674,-0.423638599353927,0.4,-0.46453406524786633,0.5339307835203889,-0.0,,,,,,,,,25334.0,574.0,163.0,420.0,-1045951485.0,144.0,-729.0,6.0,33.0,11.0,-22.0
540,25346.0,48596.0,41950.0,47750.0,39988.0,25346.0,3.5630500316619873,,,,,,,,,9.387976884841919,0.30011026812814534,-0.41728939156430017,0.4,-0.46594546113949126,0.541768816201541,-0.0,,,,,,,,,25344.0,574.0,155.0,420.0,-1044902909.0,140.0,-737.0,5.0,25.0,8.0,-12.0
541,25356.0,49038.0,42212.0,46768.0,40386.0,25356.0,3.5630500316619873,,,,,,,,,9.399497270584106,0.29473458138059666,-0.41100449644212905,0.4,-0.46729816386134937,0.549303218319919,-0.0,,,,,,,,,25354.0,575.0,150.0,420.0,-1044902909.0,139.0,-740.0,5.0,23.0,7.0,-18.0
542,25366.0,48005.0,41491.0,48121.0,40787.0,25366.0,3.5630500316619873,,,,,,,,,9.412498712539673,0.28864926474563285,-0.4038082260816723,0.4,-0.46879535785789145,0.557667886472304,-0.0,,,,,,,,,25364.0,577.0,138.0,420.0,-1044902909.0,139.0,-755.0,4.0,14.0,0.0,-31.0
543,25376.0,47561.0,41133.0,48813.0,40829.0,25376.0,3.5630500316619873,,,,,,,,,9.424852848052979,0.2828490654628652,-0.3968703371986194,0.4,-0.4701890256013177,0.5654782098761402,-0.0,,,,,,,,,25374.0,579.0,134.0,420.0,-1044902909.0,140.0,-756.0,5.0,25.0,-4.0,-18.0
544,25386.0,48054.0,41900.0,48200.0,40182.0,25386.0,3.5630500316619873,,,,,,,,,9.43691086769104,0.27717145347111904,-0.39000649093511613,0.4,-0.47152196911284067,0.5729699169011168,-0.0,,,,,,,,,25384.0,580.0,128.0,420.0,-1044902909.0,138.0,-761.0,4.0,8.0,11.0,-16.0
545,25396.0,48131.0,41595.0,48225.0,40461.0,25396.0,3.5630500316619873,,,,,,,,,9.448978900909424,0.2714731972157106,-0.38304728971998964,0.4,-0.4728289206021734,0.5803361297061618,-0.0,,,,,,,,,25394.0,581.0,123.0,420.0,-1044902909.0,137.0,-764.0,4.0,20.0,2.0,-16.0
546,25406.0,47747.0,41639.0,48535.0,40491.0,25406.0,3.5630500316619873,,,,,,,,,9.461812734603882,0.2653962291797944,-0.3755498618779976,0.4,-0.4741889778027651,0.5880233045755492,-0.0,,,,,,,,,25404.0,583.0,112.0,420.0,-1044902910.0,137.0,-777.0,3.0,12.0,8.0,-18.0
547,25416.0,47679.0,40979.0,48681.0,40869.0,25416.0,3.5630500316619873,,,,,,,,,9.474072694778442,0.25957487459959655,-0.3682964363841338,0.4,-0.47545942420299003,0.5952239361112907,-0.0,,,,,,,,,25414.0,585.0,107.0,421.0,-1044902910.0,138.0,-779.0,6.0,0.0,29.0,-15.0
548,25426.0,47641.0,41213.0,48587.0,40767.0,25426.0,3.5630500316619873,,,,,,,,,9.486018419265747,0.25388790899238806,-0.3611448264839932,0.4,-0.4766701707660404,0.6021041305011292,-0.0,,,,,,,,,25424.0,586.0,101.0,421.0,-1044902910.0,136.0,-784.0,6.0,9.0,33.0,-16.0
549,25436.0,46190.0,40936.0,50422.0,40536.0,25436.0,3.5630500316619873,,,,,,,,,9.4981107711792,0.24811657290071124,-0.35382255661532724,0.4,-0.4778684283942122,0.6089305833783899,-0.0,,,,,,,,,25434.0,588.0,96.0,421.0,-1044902910.0,136.0,-786.0,7.0,7.0,25.0,-7.0
550,25446.0,47325.0,41251.0,48809.0,40699.0,25446.0,3.5630500316619873,,,,,,,,,9.510579586029053,0.24215056653269795,-0.34618679190114404,0.4,-0.4790751023070193,0.6158223035295162,-0.0,,,,,,,,,25444.0,588.0,91.0,421.0,-1045950462.0,133.0,-789.0,7.0,-9.0,68.0,-16.0
551,25456.0,47274.0,40920.0,49130.0,40616.0,25456.0,3.5630500316619873,,,,,,,,,9.523252248764038,0.23607179724647961,-0.3383391172105471,0.4,-0.4802713739118614,0.6226717689634419,-0.0,,,,,,,,,25454.0,591.0,77.0,422.0,-1044901886.0,135.0,-805.0,8.0,0.0,58.0,-17.0
552,25466.0,47920.0,42314.0,48034.0,39672.0,25466.0,3.5630500316619873,,,,,,,,,9.53516674041748,0.23034304652381127,-0.33088265534441297,0.4,-0.48136830577071094,0.6289674602597755,-0.0,,,,,,,,,25464.0,591.0,74.0,422.0,-1045950462.0,131.0,-805.0,7.0,26.0,46.0,-22.0
553,25476.0,48001.0,41541.0,48223.0,40279.0,25476.0,3.5630500316619873,,,,,,,,,9.547272443771362,0.224509137600263,-0.32323056992652377,0.4,-0.4824552121727661,0.6352197783569379,-0.0,,,,,,,,,25474.0,594.0,67.0,422.0,-1044901886.0,132.0,-809.0,7.0,41.0,54.0,-22.0
554,25486.0,48141.0,42107.0,47913.0,39883.0,25486.0,3.5630500316619873,,,,,,,,,9.559242725372314,0.2187277173460237,-0.3155905289231775,0.4,-0.4835025143833859,0.641257617523671,-0.0,,,,,,,,,25484.0,594.0,61.0,422.0,-1044901886.0,130.0,-813.0,6.0,44.0,38.0,-16.0
555,25496.0,47935.0,40593.0,48387.0,41285.0,25496.0,3.5630500316619873,,,,,,,,,9.572134971618652,0.21248717594143218,-0.3072822241004923,0.4,-0.4845998878621807,0.6475981708161701,-0.0,,,,,,,,,25494.0,598.0,51.0,422.0,-1044901886.0,132.0,-823.0,5.0,43.0,35.0,-16.0
556,25506.0,48505.0,40683.0,47721.0,41291.0,25506.0,3.5630500316619873,,,,,,,,,9.585280179977417,0.20610983425838927,-0.29872787536524625,0.4,-0.48568605286747935,0.6538881172113704,-0.0,,,,,,,,,25504.0,598.0,45.0,422.0,-1044900862.0,130.0,-827.0,6.0,52.0,19.0,-6.0
557,25516.0,47734.0,41122.0,48618.0,40630.0,25516.0,3.5630500316619873,,,,,,,,,9.597221851348877,0.20030418372686676,-0.29088601671935416,0.4,-0.4866440530088356,0.6594475528320064,-0.0,,,,,,,,,25514.0,599.0,41.0,422.0,-1044900862.0,129.0,-827.0,6.0,36.0,19.0,-3.0
558,25526.0,48179.0,41635.0,47949.0,40341.0,25526.0,3.5630500316619873,,,,,,,,,9.610125064849854,0.1940183975621005,-0.28233915868242876,0.4,-0.48764839507059554,0.6652876811162013,-0.0,,,,,,,,,25524.0,600.0,34.0,422.0,-1044900862.0,127.0,-831.0,6.0,23.0,20.0,-10.0
559,25536.0,48465.0,40969.0,47801.0,41517.0,25536.0,3.5630500316619873,,,,,,,,,9.622865438461304,0.18779942483223852,-0.2738273232141095,0.4,-0.48860861434767877,0.6708824993930863,-0.0,,,,,,,,,25534.0,601.0,28.0,421.0,-1044900862.0,125.0,-835.0,0.0,40.0,21.0,-9.0
560,25546.0,48079.0,40957.0,48571.0,41145.0,25546.0,3.5630500316619873,,,,,,,,,9.635033369064331,0.18184863851845545,-0.26563237918664506,0.4,-0.4894964590667308,0.6760654124876397,-0.0,,,,,,,,,25544.0,604.0,19.0,421.0,-1044900862.0,127.0,-844.0,-1.0,19.0,11.0,0.0
561,25556.0,47669.0,40785.0,49111.0,41335.0,25556.0,3.5630500316619873,,,,,,,,,9.646891593933105,0.17603908562996864,-0.25758624834144134,0.4,-0.4903341778124396,0.6809643358760418,-0.0,,,,,,,,,25554.0,605.0,12.0,421.0,-1044900862.0,125.0,-848.0,-1.0,5.0,40.0,-6.0
562,25566.0,47932.0,41822.0,48726.0,40420.0,25566.0,3.5577714443206787,,,,,,,,,9.659570693969727,0.16981656913808563,-0.24891990380330722,0.4,-0.49119977402432086,0.6860350844036949,-0.0,,,,,,,,,25564.0,606.0,6.0,421.0,-1044900862.0,123.0,-851.0,-1.0,25.0,45.0,-1.0
563,25576.0,47625.0,41951.0,49011.0,40197.0,25576.0,3.5577714443206787,,,,,,,,,9.672130107879639,0.1636421644418924,-0.2402730616787186,0.4,-0.49202646550974155,0.6908862748472758,-0.0,,,,,,,,,25574.0,607.0,0.0,421.0,-1044900862.0,121.0,-854.0,0.0,34.0,62.0,-6.0
564,25586.0,48047.0,41393.0,48669.0,40675.0,25586.0,3.5577714443206787,,,,,,,,,9.684462785720825,0.15756930838262068,-0.23172407123584407,0.4,-0.49280841796878055,0.6954824352016631,-0.0,,,,,,,,,25584.0,610.0,-10.0,421.0,-1044900862.0,123.0,-865.0,0.0,45.0,60.0,5.0
565,25596.0,47799.0,41797.0,48827.0,40441.0,25596.0,3.5577714443206787,,,,,,,,,9.696120262145996,0.15182023046772164,-0.22359192762361318,0.4,-0.49352035544339345,0.699673409097173,-0.0,,,,,,,,,25594.0,611.0,-15.0,421.0,-1044899838.0,120.0,-867.0,-1.0,46.0,69.0,-2.0
566,25606.0,49012.0,41632.0,47546.0,40674.0,25606.0,3.5577714443206787,,,,,,,,,9.70778512954712,0.14605935478583848,-0.21540660099671138,0.4,-0.49420624190726,0.7037167501933065,-0.0,,,,,,,,,25604.0,613.0,-22.0,421.0,-1044899838.0,120.0,-872.0,-1.0,47.0,61.0,-11.0
567,25616.0,47768.0,42140.0,48934.0,39882.0,25616.0,3.5577714443206787,,,,,,,,,9.720443487167358,0.1397989617162124,-0.20647182662341468,0.4,-0.4949205083111659,0.7079333615079432,-0.0,,,,,,,,,25614.0,612.0,-28.0,421.0,-1044899838.0,116.0,-873.0,-2.0,75.0,60.0,-2.0
568,25626.0,48371.0,41391.0,48345.0,40901.0,25626.0,3.5577714443206787,,,,,,,,,9.733575820922852,0.13329481517689487,-0.19714731729222598,0.4,-0.4956284311450009,0.7121185329893818,-0.0,,,,,,,,,25624.0,614.0,-35.0,422.0,-1044899838.0,115.0,-879.0,0.0,49.0,64.0,-3.0
569,25636.0,47996.0,41450.0,48862.0,40652.0,25636.0,3.5630500316619873,,,,,,,,,9.74571681022644,0.12727357568893624,-0.18847888462015985,0.4,-0.49625289550162,0.7158152718101702,-0.0,,,,,,,,,25634.0,617.0,-46.0,422.0,-1043851262.0,117.0,-890.0,-1.0,80.0,34.0,-3.0
570,25646.0,48087.0,41853.0,48613.0,40407.0,25646.0,3.5577714443206787,,,,,,,,,9.757873296737671,0.12123723008459278,-0.17975543260178195,0.4,-0.49684922350278793,0.7193497923556539,-0.0,,,,,,,,,25644.0,618.0,-53.0,422.0,-1043850238.0,114.0,-894.0,-1.0,60.0,43.0,-1.0
571,25656.0,48331.0,40185.0,48731.0,41801.0,25656.0,3.5577714443206787,,,,,,,,,9.770255088806152,0.11508173951040664,-0.1708271938753995,0.4,-0.497426805997636,0.7227772523238706,-0.0,,,,,,,,,25654.0,620.0,-59.0,422.0,-1043850238.0,114.0,-897.0,-2.0,38.0,16.0,11.0
572,25666.0,48595.0,41101.0,48319.0,41033.0,25666.0,3.5577714443206787,,,,,,,,,9.783751726150513,0.10836409282557927,-0.16104803009395613,0.4,-0.49802209818230064,0.7263139713042943,-0.0,,,,,,,,,25664.0,622.0,-64.0,422.0,-1043850238.0,114.0,-898.0,-1.0,32.0,13.0,7.0
573,25676.0,48450.0,41030.0,48522.0,40918.0,25676.0,3.5577714443206787,,,,,,,,,9.79543137550354,0.10254450364164394,-0.1525478962472955,0.4,-0.4985083438850984,0.7292059676891262,-0.0,,,,,,,,,25674.0,623.0,-79.0,422.0,-1043850238.0,112.0,-915.0,0.0,31.0,34.0,4.0
574,25686.0,48236.0,41044.0,48586.0,41054.0,25686.0,3.5577714443206787,,,,,,,,,9.807021617889404,0.09676400307322318,-0.14408034133398617,0.4,-0.4989643283156726,0.7319205462799034,-0.0,,,,,,,,,25684.0,624.0,-85.0,422.0,-1043850238.0,110.0,-917.0,0.0,4.0,38.0,6.0
575,25696.0,47811.0,41331.0,49037.0,40729.0,25696.0,3.5577714443206787,,,,,,,,,9.818477153778076,0.09104564212939192,-0.13568116027682803,0.4,-0.4993890113566716,0.7344510127842834,-0.0,,,,,,,,,25694.0,625.0,-90.0,422.0,-1043850238.0,107.0,-917.0,0.0,-17.0,54.0,-5.0
576,25706.0,48451.0,41885.0,48445.0,40183.0,25706.0,3.5577714443206787,,,,,,,,,9.831902265548706,0.08433812925731664,-0.1258022331631925,0.4,-0.4998537830086088,0.7372228138385166,-0.0,,,,,,,,,25704.0,625.0,-98.0,422.0,-1043850238.0,105.0,-923.0,0.0,-30.0,64.0,4.0
577,25716.0,48989.0,42113.0,47673.0,39505.0,25716.0,3.5577714443206787,,,,,,,,,9.843422174453735,0.07857770021586702,-0.11729660851753478,0.4,-0.5002242452636202,0.7394340200784337,-0.0,,,,,,,,,25714.0,627.0,-112.0,423.0,-1043849214.0,104.0,-939.0,5.0,-18.0,61.0,6.0
578,25726.0,47932.0,41364.0,48558.0,40426.0,25726.0,3.5577714443206787,,,,,,,,,9.855780363082886,0.07239352791245042,-0.10814476659841459,0.4,-0.5005925276349928,0.7416338388591128,-0.0,,,,,,,,,25724.0,629.0,-118.0,423.0,-1043849214.0,104.0,-941.0,6.0,-18.0,57.0,3.0
579,25736.0,48066.0,40498.0,48442.0,41094.0,25736.0,3.5577714443206787,,,,,,,,,9.887090921401978,0.05670669871889114,-0.08484608889205005,0.4,-0.5013904517027462,0.7464055408040996,-0.0,,,,,,,,,25734.0,630.0,-127.0,423.0,-1043849214.0,101.0,-947.0,7.0,-26.0,76.0,-4.0
580,25746.0,48176.0,41606.0,48186.0,40132.0,25746.0,3.5577714443206787,,,,,,,,,9.901233673095703,0.04961351250991941,-0.07427701719086303,0.4,-0.5016872643115231,0.7481824626546852,-0.0,,,,,,,,,25744.0,630.0,-132.0,423.0,-1044897790.0,98.0,-948.0,6.0,-28.0,66.0,0.0
581,25756.0,49740.0,41970.0,46220.0,40298.0,25756.0,3.5577714443206787,,,,,,,,,9.913897514343262,0.0432587211053809,-0.06479314801927674,0.4,-0.5019194221655553,0.7495730501706146,-0.0,,,,,,,,,25754.0,631.0,-141.0,424.0,-1044897790.0,96.0,-953.0,6.0,-40.0,64.0,-10.0
582,25766.0,46994.0,41532.0,49334.0,40368.0,25766.0,3.5630500316619873,,,,,,,,,9.925569772720337,0.0373990770908215,-0.056037281617407564,0.4,-0.5021052594893267,0.7506866489110454,-0.0,,,,,,,,,25764.0,633.0,-154.0,424.0,-1044896766.0,95.0,-966.0,3.0,-29.0,79.0,-7.0
583,25776.0,48057.0,41937.0,48559.0,40043.0,25776.0,3.5577714443206787,,,,,,,,,9.937113285064697,0.03160208594304091,-0.04736612922651297,0.4,-0.5022624860909981,0.7516291246602818,-0.0,,,,,,,,,25774.0,636.0,-158.0,424.0,-1044896766.0,96.0,-965.0,2.0,-32.0,51.0,-5.0
584,25786.0,47507.0,41227.0,48959.0,40903.0,25786.0,3.5577714443206787,,,,,,,,,9.949258804321289,0.025500986269290822,-0.03823204091128467,0.4,-0.5023993873398854,0.7524500028760552,-0.0,,,,,,,,,25784.0,637.0,-166.0,424.0,-1044896766.0,94.0,-970.0,2.0,-46.0,61.0,-8.0
585,25796.0,49229.0,43139.0,46919.0,39233.0,25796.0,3.5577714443206787,,,,,,,,,9.961116552352905,0.01954300827201424,-0.029305764174964347,0.4,-0.5025048189562825,0.7530823374500862,-0.0,,,,,,,,,25794.0,639.0,-172.0,424.0,-1045945342.0,93.0,-970.0,3.0,-38.0,49.0,-8.0
586,25806.0,49083.0,41077.0,47671.0,40809.0,25806.0,3.5577714443206787,,,,,,,,,9.972988605499268,0.013576755966153384,-0.020362201026650276,0.4,-0.5025824338064734,0.7535479235306615,-0.0,,,,,,,,,25804.0,639.0,-187.0,424.0,-1045945342.0,90.0,-986.0,1.0,-59.0,76.0,0.0
587,25816.0,47389.0,40635.0,49499.0,41321.0,25816.0,3.5577714443206787,,,,,,,,,9.984608173370361,0.007736655314541233,-0.011604440282598437,0.4,-0.5026313186931408,0.753841204871843,-0.0,,,,,,,,,25814.0,640.0,-194.0,424.0,-1045944318.0,87.0,-988.0,0.0,-51.0,59.0,0.0
588,25826.0,47789.0,40963.0,48937.0,41155.0,25826.0,3.5630500316619873,,,,,,,,,9.996235609054565,0.0018921875060475277,-0.0028382733199139613,0.4,-0.5026534185629921,0.7539738008051001,-0.0,,,,,,,,,25824.0,641.0,-200.0,424.0,-1045944318.0,85.0,-988.0,-2.0,-82.0,50.0,0.0
589,25836.0,46796.0,40258.0,50058.0,41756.0,25836.0,3.5577714443206787,,,,,,,,,10.024362802505493,-0.012245601969529075,0.018366250930107113,0.4,-0.502595934025056,0.7536289142643624,-0.0,,,,,,,,,25834.0,643.0,-206.0,424.0,-1046992894.0,84.0,-989.0,-1.0,-78.0,77.0,-8.0
590,25846.0,47539.0,41577.0,49155.0,40597.0,25846.0,3.5577714443206787,,,,,,,,,10.038118124008179,-0.019158427210723677,0.02872939899598698,0.4,-0.5025106655370154,0.7531174066698406,-0.0,,,,,,,,,25844.0,644.0,-213.0,424.0,-1046992894.0,81.0,-991.0,0.0,-86.0,66.0,-1.0
591,25856.0,49014.0,42706.0,47712.0,39372.0,25856.0,3.5577714443206787,,,,,,,,,10.051077842712402,-0.025670116961030977,0.038485347544089665,0.4,-0.502395986945307,0.7524296109455919,-0.0,,,,,,,,,25854.0,645.0,-228.0,424.0,-1046992894.0,80.0,-1006.0,0.0,-69.0,44.0,-9.0
592,25866.0,48564.0,41358.0,47990.0,40892.0,25866.0,3.5577714443206787,,,,,,,,,10.06378173828125,-0.032051617573135426,0.04803882473981425,0.4,-0.5022512403573507,0.7515617036791596,-0.0,,,,,,,,,25864.0,646.0,-237.0,424.0,-1048040446.0,77.0,-1011.0,0.0,-54.0,54.0,-15.0
593,25876.0,48159.0,40635.0,48367.0,41739.0,25876.0,3.5577714443206787,,,,,,,,,10.076415538787842,-0.038395883085307225,0.05752745252358685,0.4,-0.5020755565938804,0.7505086316534891,-0.0,,,,,,,,,25874.0,648.0,-242.0,424.0,-1048040447.0,76.0,-1010.0,0.0,-82.0,68.0,-10.0
594,25886.0,47177.0,41877.0,49495.0,40619.0,25886.0,3.5577714443206787,,,,,,,,,10.088568687438965,-0.04449650324844216,0.06664143229814956,0.4,-0.5018767021486298,0.7493171159669183,-0.0,,,,,,,,,25884.0,648.0,-250.0,424.0,-1048040447.0,72.0,-1012.0,-3.0,-94.0,52.0,-7.0
595,25896.0,49625.0,42655.0,47045.0,39895.0,25896.0,3.5577714443206787,,,,,,,,,10.10197114944458,-0.051221229490197265,0.07667420037605488,0.4,-0.501623475565363,0.7478004911845423,-0.0,,,,,,,,,25894.0,651.0,-266.0,424.0,-1049089023.0,72.0,-1028.0,-3.0,-100.0,42.0,-12.0
596,25906.0,48432.0,41732.0,48260.0,40868.0,25906.0,3.5577714443206787,,,,,,,,,10.114017724990845,-0.05726254963177552,0.08567350609538209,0.4,-0.5013655108963633,0.7462562760934683,-0.0,,,,,,,,,25904.0,651.0,-271.0,424.0,-1049089023.0,68.0,-1026.0,-4.0,-106.0,38.0,-10.0
597,25916.0,48973.0,41771.0,47901.0,40763.0,25916.0,3.5577714443206787,,,,,,,,,10.126102447509766,-0.06331970377808345,0.09468158075965964,0.4,-0.5010778691570918,0.7445353462828145,-0.0,,,,,,,,,25914.0,653.0,-280.0,424.0,-1050137599.0,67.0,-1030.0,-5.0,-120.0,34.0,-10.0
598,25926.0,47842.0,41032.0,49108.0,41590.0,25926.0,3.5577714443206787,,,,,,,,,10.138129234313965,-0.06934419526498507,0.10362479476091603,0.4,-0.5007629245491612,0.7426521989982937,-0.0,,,,,,,,,25924.0,654.0,-286.0,424.0,-1050137599.0,65.0,-1029.0,-6.0,-97.0,36.0,-5.0
599,25936.0,47964.0,41742.0,48980.0,40950.0,25936.0,3.5577714443206787,,,,,,,,,10.151046514511108,-0.07581033534495289,0.11320376835536328,0.4,-0.5003928120082349,0.7404406995234771,-0.0,,,,,,,,,25934.0,654.0,-294.0,424.0,-1051185151.0,62.0,-1030.0,-7.0,-90.0,41.0,-6.0
600,25946.0,49372.0,43118.0,47708.0,39614.0,25946.0,3.5577714443206787,,,,,,,,,10.163920164108276,-0.08224966677872886,0.12272071364292218,0.4,-0.4999911546047117,0.7380425630275451,-0.0,,,,,,,,,25944.0,656.0,-310.0,424.0,-1051185151.0,61.0,-1045.0,-8.0,-110.0,43.0,-6.0
601,25956.0,48880.0,41866.0,48242.0,40852.0,25956.0,3.55249285697937,,,,,,,,,10.176176071166992,-0.08837501266906171,0.1317511828606744,0.4,-0.4995783740840264,0.7355800212771735,-0.0,,,,,,,,,25954.0,656.0,-315.0,423.0,-1051185151.0,57.0,-1042.0,-8.0,-103.0,24.0,0.0
602,25966.0,50059.0,41793.0,47307.0,41101.0,25966.0,3.55249285697937,,,,,,,,,10.18787956237793,-0.09421938168976372,0.1403454783938112,0.4,-0.49915654689202893,0.7330656106319248,-0.0,,,,,,,,,25964.0,658.0,-324.0,423.0,-1052233727.0,56.0,-1045.0,-12.0,-109.0,31.0,-2.0
603,25976.0,48414.0,41180.0,48942.0,41708.0,25976.0,3.55249285697937,,,,,,,,,10.200177192687988,-0.10035495067134688,0.14934333144398645,0.4,-0.4986842241207727,0.7302527285395088,-0.0,,,,,,,,,25974.0,659.0,-329.0,423.0,-1053282303.0,54.0,-1041.0,-11.0,-103.0,41.0,-2.0
604,25986.0,50347.0,43277.0,46975.0,39777.0,25986.0,3.55249285697937,,,,,,,,,10.213029384613037,-0.10676079431787189,0.15870879472668967,0.4,-0.4981587849826057,0.7271266449569955,-0.0,,,,,,,,,25984.0,661.0,-346.0,422.0,-1053282303.0,53.0,-1058.0,-12.0,-114.0,56.0,-7.0
605,25996.0,48712.0,42246.0,48802.0,40752.0,25996.0,3.55249285697937,,,,,,,,,10.224663496017456,-0.11255352513340665,0.16715100484678905,0.4,-0.4976551314532716,0.7241332675792036,-0.0,,,,,,,,,25994.0,662.0,-353.0,422.0,-1053282303.0,50.0,-1058.0,-13.0,-117.0,57.0,-2.0
606,26006.0,46377.0,42021.0,51167.0,40895.0,26006.0,3.55249285697937,,,,,,,,,10.236640453338623,-0.11851067616328526,0.1758046592202937,0.4,-0.49710885691557016,0.720890002750332,-0.0,,,,,,,,,26004.0,662.0,-360.0,422.0,-1054330879.0,45.0,-1054.0,-12.0,-148.0,52.0,1.0
607,26016.0,48143.0,41685.0,49467.0,41273.0,26016.0,3.55249285697937,,,,,,,,,10.248606443405151,-0.12445567024726345,0.18441062166640734,0.4,-0.49653496970294986,0.7174866365149933,-0.0,,,,,,,,,26014.0,661.0,-368.0,422.0,-1055378431.0,40.0,-1055.0,-13.0,-176.0,51.0,3.0
608,26026.0,48111.0,41203.0,49513.0,41701.0,26026.0,3.55249285697937,,,,,,,,,10.260605573654175,-0.13041006452363776,0.19299854738440192,0.4,-0.49593130884480224,0.7139109439158146,-0.0,,,,,,,,,26024.0,663.0,-375.0,422.0,-1055378431.0,40.0,-1054.0,-12.0,-210.0,39.0,11.0
609,26036.0,49743.0,42565.0,47869.0,40279.0,26036.0,3.55249285697937,,,,,,,,,10.27296781539917,-0.13653689161537905,0.20180044422573834,0.4,-0.49527989928202143,0.7100572986618009,-0.0,,,,,,,,,26034.0,664.0,-391.0,422.0,-1056427007.0,37.0,-1068.0,-11.0,-199.0,41.0,3.0
610,26046.0,48686.0,41408.0,48786.0,41384.0,26046.0,3.5472142696380615,,,,,,,,,10.28481674194336,-0.14240158868272654,0.21019118033223705,0.4,-0.49462749142206086,0.7062028243938462,-0.0,,,,,,,,,26044.0,665.0,-397.0,422.0,-1057475583.0,34.0,-1064.0,-9.0,-196.0,35.0,0.0
611,26056.0,47713.0,41815.0,49727.0,40905.0,26056.0,3.5472142696380615,,,,,,,,,10.296831369400024,-0.1483402397351632,0.21865166570292466,0.4,-0.4939379670367534,0.7021345853752088,-0.0,,,,,,,,,26054.0,665.0,-404.0,422.0,-1058524159.0,30.0,-1062.0,-7.0,-176.0,28.0,3.0
612,26066.0,48044.0,41842.0,49198.0,41104.0,26066.0,3.55249285697937,,,,,,,,,10.309468746185303,-0.15457757806342998,0.227496861392803,0.4,-0.49318232905980125,0.697682789348885,-0.0,,,,,,,,,26064.0,665.0,-410.0,422.0,-1059572735.0,26.0,-1057.0,-7.0,-172.0,37.0,-7.0
613,26076.0,50227.0,43123.0,47245.0,39701.0,26076.0,3.55249285697937,,,,,,,,,10.321628332138062,-0.16056990123958878,0.2359535071804575,0.4,-0.49242590649053164,0.6932331972388748,-0.0,,,,,,,,,26074.0,666.0,-425.0,422.0,-1059572735.0,23.0,-1069.0,-8.0,-151.0,20.0,-1.0
614,26086.0,49281.0,42257.0,48223.0,40483.0,26086.0,3.55249285697937,,,,,,,,,10.334418058395386,-0.1668626414153898,0.24478891431238578,0.4,-0.49159926886663635,0.6883783812117974,-0.0,,,,,,,,,26084.0,667.0,-433.0,421.0,-1060621311.0,21.0,-1069.0,-7.0,-126.0,7.0,2.0
615,26096.0,48644.0,41518.0,48850.0,41204.0,26096.0,3.55249285697937,,,,,,,,,10.346612691879272,-0.17285255760100518,0.2531543662532643,0.4,-0.49078152820084786,0.6835838421696305,-0.0,,,,,,,,,26094.0,667.0,-438.0,421.0,-1060621311.0,17.0,-1062.0,-6.0,-117.0,13.0,12.0
616,26106.0,48626.0,42732.0,48760.0,40022.0,26106.0,3.55249285697937,,,,,,,,,10.35927152633667,-0.17905974669188618,0.2617753462551054,0.4,-0.4899021813695612,0.6784370034026771,-0.0,,,,,,,,,26104.0,667.0,-447.0,421.0,-1061669887.0,13.0,-1062.0,-5.0,-121.0,9.0,0.0
617,26116.0,48910.0,43804.0,48610.0,38872.0,26116.0,3.5577714443206787,,,,,,,,,10.371250867843628,-0.18492332467033934,0.26987260751403075,0.4,-0.4890414930231893,0.6734083115184334,-0.0,,,,,,,,,26114.0,668.0,-462.0,421.0,-1061669887.0,11.0,-1073.0,-6.0,-131.0,10.0,7.0
618,26126.0,48255.0,41585.0,49227.0,41049.0,26126.0,3.55249285697937,,,,,,,,,10.384009599685669,-0.19115686508860896,0.2784293894798147,0.4,-0.4880943402527902,0.6678846587076173,-0.0,,,,,,,,,26124.0,668.0,-468.0,421.0,-1062717439.0,7.0,-1068.0,-5.0,-130.0,15.0,4.0
619,26136.0,49099.0,41803.0,48395.0,40699.0,26136.0,3.55249285697937,,,,,,,,,10.39607548713684,-0.19704060671419918,0.2864556970333686,0.4,-0.4871697617452229,0.6625029841439275,-0.0,,,,,,,,,26134.0,669.0,-477.0,421.0,-1062717439.0,5.0,-1068.0,-3.0,-141.0,13.0,9.0
620,26146.0,48846.0,40828.0,48554.0,41704.0,26146.0,3.55249285697937,,,,,,,,,10.408103227615356,-0.20289447573161806,0.29439108807363074,0.4,-0.48622023902923456,0.6569867379722094,-0.0,,,,,,,,,26144.0,670.0,-482.0,421.0,-1063767039.0,3.0,-1060.0,-2.0,-150.0,-13.0,0.0
621,26156.0,48531.0,41401.0,48843.0,41061.0,26156.0,3.55249285697937,,,,,,,,,10.42105221748352,-0.2091837518576477,0.30285905311441197,0.4,-0.48516694967010177,0.6508802505412693,-0.0,,,,,,,,,26154.0,670.0,-490.0,421.0,-1064815615.0,0.0,-1059.0,-1.0,-187.0,0.0,3.0
622,26166.0,49417.0,41903.0,47879.0,40425.0,26166.0,3.55249285697937,,,,,,,,,10.433834791183472,-0.21537862076629613,0.31113954883112677,0.4,-0.48409569708580075,0.644683203992977,-0.0,,,,,,,,,26164.0,671.0,-505.0,421.0,-1064815615.0,-1.0,-1069.0,0.0,-158.0,-13.0,2.0
623,26176.0,47307.0,40499.0,50049.0,41605.0,26176.0,3.55249285697937,,,,,,,,,10.445764780044556,-0.22114777219125445,0.3187953605221174,0.4,-0.4830677226380669,0.6387493947446471,-0.0,,,,,,,,,26174.0,671.0,-511.0,421.0,-1065864191.0,-5.0,-1063.0,2.0,-177.0,-25.0,16.0
624,26186.0,48116.0,40364.0,49010.0,41538.0,26186.0,3.55249285697937,,,,,,,,,10.457532167434692,-0.22682612078817216,0.32627664406536955,0.4,-0.48202716899185716,0.6327558204706452,-0.0,,,,,,,,,26184.0,671.0,-520.0,422.0,-1066912767.0,-8.0,-1061.0,6.0,-195.0,-20.0,12.0
625,26196.0,47609.0,40073.0,49461.0,41881.0,26196.0,3.55249285697937,,,,,,,,,10.47002649307251,-0.23284167384106136,0.33414196111505157,0.4,-0.48089349320938146,0.6262405751264428,-0.0,,,,,,,,,26194.0,673.0,-526.0,422.0,-1067961343.0,-9.0,-1054.0,6.0,-197.0,-23.0,5.0
626,26206.0,49404.0,43060.0,47830.0,38718.0,26206.0,3.5577714443206787,,,,,,,,,10.482936143875122,-0.23904211304127687,0.3421821852965037,0.4,-0.47969100265605324,0.6193466169339803,-0.0,,,,,,,,,26204.0,673.0,-542.0,422.0,-1067961343.0,-12.0,-1066.0,6.0,-195.0,5.0,18.0
627,26216.0,48089.0,40939.0,48949.0,40851.0,26216.0,3.5577714443206787,,,,,,,,,10.494838953018188,-0.24474504527351304,0.3495155979826626,0.4,-0.4785543295844701,0.6128458636622873,-0.0,,,,,,,,,26214.0,673.0,-546.0,422.0,-1069009919.0,-15.0,-1057.0,8.0,-178.0,15.0,11.0
628,26226.0,48651.0,42405.0,48301.0,39387.0,26226.0,3.5577714443206787,,,,,,,,,10.506395816802979,-0.25026913146499424,0.35656106745130006,0.4,-0.47742508171275383,0.6064028475237709,-0.0,,,,,,,,,26224.0,673.0,-557.0,422.0,-1070058495.0,-19.0,-1058.0,8.0,-149.0,17.0,4.0
629,26236.0,46266.0,40922.0,50658.0,40786.0,26236.0,3.5577714443206787,,,,,,,,,10.518256664276123,-0.25592479541711793,0.3637136481026238,0.4,-0.4762399560499926,0.5996573860977046,-0.0,,,,,,,,,26234.0,673.0,-562.0,423.0,-1071107070.0,-22.0,-1049.0,10.0,-133.0,31.0,6.0
630,26246.0,47662.0,42114.0,49270.0,39426.0,26246.0,3.5577714443206787,,,,,,,,,10.530693054199219,-0.2618396277423869,0.37112650266569774,0.4,-0.4749689181905446,0.5924415646296043,-0.0,,,,,,,,,26244.0,673.0,-570.0,423.0,-1071107070.0,-25.0,-1046.0,11.0,-117.0,61.0,10.0
631,26256.0,50103.0,43165.0,46679.0,38485.0,26256.0,3.5577714443206787,,,,,,,,,10.543619632720947,-0.267970646912303,0.378735445132909,0.4,-0.4736170445705056,0.5847879923766264,-0.0,,,,,,,,,26254.0,672.0,-586.0,423.0,-1071106046.0,-29.0,-1056.0,11.0,-101.0,42.0,5.0
632,26266.0,48905.0,41629.0,47895.0,40243.0,26266.0,3.5577714443206787,,,,,,,,,10.555775165557861,-0.2737198428699659,0.3857993943262194,0.4,-0.4723173028369469,0.577450131750859,-0.0,,,,,,,,,26264.0,672.0,-592.0,423.0,-1072154622.0,-33.0,-1049.0,12.0,-87.0,21.0,-6.0
633,26276.0,48687.0,41751.0,48097.0,40117.0,26276.0,3.5577714443206787,,,,,,,,,10.56747317314148,-0.27923757087970225,0.3925124832674719,0.4,-0.4710404663634558,0.570261220702689,-0.0,,,,,,,,,26274.0,673.0,-600.0,422.0,-1072154622.0,-34.0,-1044.0,8.0,-110.0,7.0,-7.0
634,26286.0,47841.0,40375.0,48883.0,41453.0,26286.0,3.5577714443206787,,,,,,,,,10.580218076705933,-0.2852319189174358,0.3997297575446648,0.4,-0.4696203985359446,0.5622887384014977,-0.0,,,,,,,,,26284.0,673.0,-605.0,422.0,-536332286.0,-37.0,-1035.0,9.0,-121.0,-16.0,-10.0
635,26296.0,50691.0,42089.0,46023.0,39837.0,26296.0,3.5577714443206787,,,,,,,,,10.592716932296753,-0.29109278051343795,0.40670812969007347,0.4,-0.46819849722082063,0.5543300805550095,-0.0,,,,,,,,,26294.0,674.0,-621.0,422.0,-536332287.0,-39.0,-1044.0,8.0,-154.0,-21.0,-14.0
636,26306.0,46963.0,40337.0,49747.0,41721.0,26306.0,3.5577714443206787,,,,,,,,,10.604188919067383,-0.2964563389706307,0.413024915524219,0.4,-0.4668679985694542,0.546904877508523,-0.0,,,,,,,,,26304.0,674.0,-629.0,423.0,-535284735.0,-42.0,-1040.0,6.0,-160.0,-55.0,-14.0
637,26316.0,47918.0,41044.0,48956.0,41246.0,26316.0,3.5577714443206787,,,,,,,,,10.615771055221558,-0.30185577003667574,0.41931527291487203,0.4,-0.4655001182027407,0.5392930852061476,-0.0,,,,,,,,,26314.0,674.0,-635.0,422.0,-534236159.0,-44.0,-1032.0,2.0,-194.0,-51.0,-18.0
638,26326.0,48366.0,40648.0,48416.0,41730.0,26326.0,3.55249285697937,,,,,,,,,10.62773847579956,-0.307418019712563,0.42572156098175595,0.4,-0.46406083970591044,0.5313081000863267,-0.0,,,,,,,,,26324.0,675.0,-642.0,422.0,-533187583.0,-46.0,-1026.0,2.0,-212.0,-35.0,-22.0
639,26336.0,47930.0,40254.0,48762.0,42162.0,26336.0,3.55249285697937,,,,,,,,,10.640342950820923,-0.31325756118069203,0.4323647388503943,0.4,-0.46251657611466734,0.5227681655362216,-0.0,,,,,,,,,26334.0,675.0,-646.0,422.0,-532139007.0,-48.0,-1016.0,2.0,-209.0,-65.0,-28.0
640,26346.0,49657.0,43021.0,47057.0,39513.0,26346.0,3.55249285697937,,,,,,,,,10.652943134307861,-0.31907547693679844,0.43889724024746146,0.4,-0.46094384400979854,0.5141000550598016,-0.0,,,,,,,,,26344.0,675.0,-663.0,422.0,-532140031.0,-50.0,-1025.0,1.0,-202.0,-58.0,-34.0
641,26356.0,49012.0,41716.0,47902.0,41234.0,26356.0,3.55249285697937,,,,,,,,,10.664946794509888,-0.3245993627174637,0.4450181574296655,0.4,-0.4594186958810517,0.5057224022241498,-0.0,,,,,,,,,26354.0,675.0,-671.0,421.0,-531091455.0,-54.0,-1020.0,-4.0,-177.0,-19.0,-36.0
642,26366.0,47974.0,41486.0,49108.0,41396.0,26366.0,3.55249285697937,,,,,,,,,10.676770448684692,-0.33002236319784295,0.4509483037027887,0.4,-0.45789086996699035,0.4973578789525046,-0.0,,,,,,,,,26364.0,675.0,-675.0,421.0,-530042879.0,-55.0,-1009.0,-5.0,-165.0,-14.0,-27.0
643,26376.0,47219.0,41373.0,49813.0,41623.0,26376.0,3.55249285697937,,,,,,,,,10.689192771911621,-0.33570032127653593,0.45707144999100124,0.4,-0.45625846417529525,0.48845159220518236,-0.0,,,,,,,,,26374.0,674.0,-684.0,421.0,-528994303.0,-59.0,-1005.0,-6.0,-141.0,-6.0,-32.0
644,26386.0,49522.0,43440.0,47572.0,39666.0,26386.0,3.55249285697937,,,,,,,,,10.701974153518677,-0.3415210469643336,0.4632553128403668,0.4,-0.4545498636735288,0.4791636624576068,-0.0,,,,,,,,,26384.0,674.0,-698.0,421.0,-528994303.0,-62.0,-1010.0,-7.0,-139.0,-10.0,-27.0
645,26396.0,48793.0,42641.0,48277.0,40245.0,26396.0,3.55249285697937,,,,,,,,,10.713754653930664,-0.34686646730093734,0.4688491334433502,0.4,-0.45294909547684276,0.4704935250115151,-0.0,,,,,,,,,26394.0,674.0,-704.0,421.0,-528994303.0,-64.0,-1002.0,-6.0,-122.0,8.0,-24.0
646,26406.0,47773.0,41209.0,49325.0,41589.0,26406.0,3.5472142696380615,,,,,,,,,10.725607633590698,-0.3522255947504602,0.47437366945056003,0.4,-0.451313433121938,0.4616659870789045,-0.0,,,,,,,,,26404.0,674.0,-712.0,422.0,-527945727.0,-66.0,-995.0,-4.0,-115.0,24.0,-22.0
647,26416.0,46699.0,40027.0,50491.0,42719.0,26416.0,3.55249285697937,,,,,,,,,10.73770022392273,-0.3576729238289981,0.4799014225117236,0.4,-0.4496189102289965,0.4525544631891719,-0.0,,,,,,,,,26414.0,674.0,-717.0,422.0,-526897152.0,-68.0,-985.0,-4.0,-129.0,43.0,-16.0
648,26426.0,49111.0,42591.0,47949.0,40389.0,26426.0,3.55249285697937,,,,,,,,,10.750407457351685,-0.3633748752932046,0.48559070978908697,0.4,-0.44781029113442106,0.4428672533370237,-0.0,,,,,,,,,26424.0,674.0,-727.0,422.0,-526897152.0,-70.0,-983.0,-5.0,-111.0,11.0,-28.0
649,26436.0,50584.0,43410.0,46560.0,39526.0,26436.0,3.55249285697937,,,,,,,,,10.762540102005005,-0.3687973875179477,0.4909072158051718,0.4,-0.4460568120317482,0.4335126592338291,-0.0,,,,,,,,,26434.0,672.0,-740.0,421.0,-526897152.0,-76.0,-986.0,-5.0,-99.0,8.0,-20.0
650,26446.0,49356.0,41914.0,48070.0,40948.0,26446.0,3.55249285697937,,,,,,,,,10.774458169937134,-0.374103133061466,0.49601860149262983,0.4,-0.44430910638383736,0.42422538612962735,-0.0,,,,,,,,,26444.0,672.0,-745.0,421.0,-525848576.0,-78.0,-975.0,-7.0,-81.0,-14.0,-9.0
651,26456.0,48696.0,40916.0,48694.0,41954.0,26456.0,3.55249285697937,,,,,,,,,10.786046981811523,-0.37924218482875544,0.500882099292618,0.4,-0.4425857913917763,0.41510342490098456,-0.0,,,,,,,,,26454.0,672.0,-753.0,421.0,-525848576.0,-80.0,-969.0,-6.0,-75.0,-41.0,-11.0
652,26466.0,50139.0,40645.0,47149.0,42275.0,26466.0,3.55249285697937,,,,,,,,,10.797659397125244,-0.38437153463887186,0.5056489526814466,0.4,-0.4408354290944082,0.40587458362798995,-0.0,,,,,,,,,26464.0,673.0,-758.0,421.0,-524800000.0,-81.0,-959.0,-5.0,-85.0,-46.0,-12.0
653,26476.0,50704.0,42820.0,46676.0,40092.0,26476.0,3.5472142696380615,,,,,,,,,10.810403108596802,-0.38997703242701987,0.5107562434146025,0.4,-0.4388875388140108,0.39564726419412893,-0.0,,,,,,,,,26474.0,672.0,-772.0,421.0,-524800000.0,-84.0,-963.0,-6.0,-79.0,-60.0,-8.0
654,26486.0,49054.0,40714.0,48156.0,42256.0,26486.0,3.5472142696380615,,,,,,,,,10.822951078414917,-0.39547200266199156,0.5156571123508925,0.4,-0.4369420736142438,0.3854778838444185,-0.0,,,,,,,,,26484.0,672.0,-780.0,421.0,-524801024.0,-85.0,-957.0,-5.0,-86.0,-65.0,-15.0
655,26496.0,49368.0,41284.0,47840.0,41672.0,26496.0,3.55249285697937,,,,,,,,,10.83472752571106,-0.4006067549078749,0.5201400426708688,0.4,-0.43509151838599347,0.37584654493753084,-0.0,,,,,,,,,26494.0,672.0,-785.0,421.0,-523752448.0,-87.0,-947.0,-4.0,-89.0,-63.0,-14.0
656,26506.0,49947.0,41441.0,47197.0,41523.0,26506.0,3.5472142696380615,,,,,,,,,10.846668243408203,-0.40579073641432206,0.5245691969210109,0.4,-0.4331908280038975,0.3659968280500558,-0.0,,,,,,,,,26504.0,671.0,-793.0,421.0,-523751936.0,-90.0,-941.0,-4.0,-94.0,-62.0,-17.0
657,26516.0,49429.0,41049.0,47767.0,41827.0,26516.0,3.5472142696380615,,,,,,,,,10.858809471130371,-0.4110383464730931,0.5289516220370027,0.4,-0.431233220395316,0.35589723478173263,-0.0,,,,,,,,,26514.0,672.0,-798.0,421.0,-522703360.0,-90.0,-930.0,-3.0,-80.0,-71.0,-18.0
658,26526.0,50064.0,42938.0,46814.0,39612.0,26526.0,3.55249285697937,,,,,,,,,10.871451377868652,-0.4164769324368872,0.5333839069843217,0.4,-0.42916821767653546,0.3452931508935564,-0.0,,,,,,,,,26524.0,670.0,-809.0,421.0,-522704384.0,-95.0,-930.0,-3.0,-74.0,-55.0,-15.0
659,26536.0,48433.0,41747.0,48411.0,40789.0,26536.0,3.5472142696380615,,,,,,,,,10.883020401000977,-0.421430942723817,0.5373221049585393,0.4,-0.42725473464639085,0.3355125775908893,-0.0,,,,,,,,,26534.0,670.0,-819.0,422.0,-522704384.0,-96.0,-927.0,3.0,-81.0,-10.0,-12.0
660,26546.0,48945.0,41083.0,48093.0,41223.0,26546.0,3.55249285697937,,,,,,,,,10.89478325843811,-0.4264451233824385,0.5412098473052656,0.4,-0.42528604649431756,0.3254954434487139,-0.0,,,,,,,,,26544.0,669.0,-823.0,422.0,-521655808.0,-98.0,-915.0,4.0,-71.0,4.0,2.0
661,26556.0,48737.0,42427.0,48121.0,40027.0,26556.0,3.5472142696380615,,,,,,,,,10.906494379043579,-0.43141410978156547,0.5449630197793109,0.4,-0.42330293932726304,0.3154517147263767,-0.0,,,,,,,,,26554.0,668.0,-831.0,422.0,-521655808.0,-101.0,-909.0,4.0,-90.0,27.0,-10.0
662,26566.0,49832.0,42530.0,47016.0,39902.0,26566.0,3.55249285697937,,,,,,,,,10.918660879135132,-0.43655156956861685,0.5487371223479272,0.4,-0.4212184480958343,0.3049451165155981,-0.0,,,,,,,,,26564.0,668.0,-842.0,422.0,-521655808.0,-103.0,-909.0,4.0,-99.0,43.0,-7.0
663,26576.0,48749.0,41709.0,48161.0,40941.0,26576.0,3.55249285697937,,,,,,,,,10.938280820846558,-0.44478247090583145,0.5545527479478762,0.4,-0.4178051556592466,0.28785287280795535,-0.0,,,,,,,,,26574.0,668.0,-847.0,422.0,-520607232.0,-104.0,-898.0,1.0,-119.0,70.0,-16.0
664,26586.0,47991.0,41913.0,48969.0,40739.0,26586.0,3.55249285697937,,,,,,,,,10.951792240142822,-0.4504115158354277,0.5583619293094961,0.4,-0.41541761664403387,0.27597980337752287,-0.0,,,,,,,,,26584.0,668.0,-853.0,422.0,-520606208.0,-105.0,-888.0,1.0,-124.0,70.0,-15.0
665,26596.0,45781.0,41233.0,51143.0,41495.0,26596.0,3.55249285697937,,,,,,,,,10.963662385940552,-0.4553300107320728,0.5615756114585154,0.4,-0.41329538841374924,0.2654832277067717,-0.0,,,,,,,,,26594.0,666.0,-858.0,422.0,-519557632.0,-109.0,-878.0,0.0,-141.0,73.0,-15.0
666,26606.0,47681.0,41809.0,49251.0,40899.0,26606.0,3.55249285697937,,,,,,,,,10.97523808479309,-0.46010210812098506,0.5645892435270519,0.4,-0.41120366132154373,0.25519011850630197,-0.0,,,,,,,,,26604.0,666.0,-864.0,422.0,-518509056.0,-110.0,-869.0,0.0,-177.0,82.0,-15.0
667,26616.0,47985.0,42785.0,48833.0,39921.0,26616.0,3.55249285697937,,,,,,,,,10.986848831176758,-0.46486420378765825,0.5674919916223522,0.4,-0.4090837498665737,0.2448116046972409,-0.0,,,,,,,,,26614.0,664.0,-876.0,422.0,-518508032.0,-114.0,-870.0,2.0,-192.0,81.0,-21.0
668,26626.0,47161.0,41137.0,49563.0,41515.0,26626.0,3.55249285697937,,,,,,,,,10.998849868774414,-0.46976037098971246,0.5703653409781726,0.4,-0.40686969799610284,0.23402947448102004,-0.0,,,,,,,,,26624.0,664.0,-880.0,422.0,-517459456.0,-116.0,-857.0,3.0,-203.0,90.0,-19.0
669,26636.0,48003.0,42267.0,48691.0,40323.0,26636.0,3.55249285697937,,,,,,,,,11.010439157485962,-0.474463205461582,0.5730169951020679,0.4,-0.4047096505912765,0.22356672879538217,-0.0,,,,,,,,,26634.0,664.0,-888.0,422.0,-516410879.0,-118.0,-851.0,4.0,-194.0,55.0,-21.0
670,26646.0,48030.0,40756.0,48564.0,41878.0,26646.0,3.55249285697937,,,,,,,,,11.022631883621216,-0.4793837481612112,0.5756755173506941,0.4,-0.402413970429887,0.2125080603375428,-0.0,,,,,,,,,26644.0,663.0,-892.0,423.0,-515362303.0,-119.0,-838.0,4.0,-171.0,30.0,-24.0
671,26656.0,48782.0,41736.0,47622.0,40696.0,26656.0,3.55249285697937,,,,,,,,,11.034405946731567,-0.4841086345440731,0.5781144989681217,0.4,-0.4001747009207205,0.20178173929797208,-0.0,,,,,,,,,26654.0,662.0,-905.0,423.0,-515362303.0,-123.0,-841.0,4.0,-149.0,-8.0,-19.0
672,26666.0,48909.0,40893.0,47573.0,41433.0,26666.0,3.55249285697937,,,,,,,,,11.046269416809082,-0.48884260204551205,0.5804439999272449,0.4,-0.3978962768217837,0.19092929706851416,-0.0,,,,,,,,,26664.0,661.0,-911.0,423.0,-514313727.0,-125.0,-830.0,8.0,-117.0,-40.0,-16.0
673,26676.0,49677.0,41111.0,46883.0,41033.0,26676.0,3.55249285697937,,,,,,,,,11.058622121810913,-0.49374292419870547,0.5827324681804646,0.4,-0.3955004007296682,0.17958425447639936,-0.0,,,,,,,,,26674.0,662.0,-916.0,424.0,-514313727.0,-126.0,-820.0,9.0,-82.0,-65.0,-6.0
674,26686.0,49090.0,41250.0,47388.0,40892.0,26686.0,3.55249285697937,,,,,,,,,11.070559024810791,-0.4984500427454095,0.5848105083416637,0.4,-0.3931625348859931,0.16857995461171807,-0.0,,,,,,,,,26684.0,660.0,-921.0,424.0,-513265151.0,-130.0,-807.0,10.0,-54.0,-99.0,-4.0
675,26697.0,49723.0,40463.0,47063.0,41307.0,26696.0,3.55249285697937,,,,,,,,,11.082992553710938,-0.5033231804545525,0.5868350854279156,0.4,-0.3907038901638499,0.15707753413592115,-0.0,,,,,,,,,26694.0,658.0,-931.0,424.0,-513266175.0,-134.0,-806.0,10.0,-41.0,-107.0,0.0
676,26706.0,50358.0,41246.0,46384.0,40648.0,26706.0,3.55249285697937,,,,,,,,,11.094867467880249,-0.5079487026497479,0.5886349615108984,0.4,-0.38833344361103295,0.14605605614298994,-0.0,,,,,,,,,26704.0,658.0,-936.0,424.0,-513266175.0,-135.0,-794.0,9.0,-25.0,-103.0,10.0
677,26716.0,48341.0,40789.0,48501.0,41205.0,26716.0,3.5577714443206787,,,,,,,,,11.106581687927246,-0.5124839263825609,0.5902820568796268,0.4,-0.3859738923515524,0.1351518465712867,-0.0,,,,,,,,,26714.0,655.0,-941.0,424.0,-512217599.0,-140.0,-783.0,7.0,-8.0,-103.0,10.0
678,26726.0,50438.0,41064.0,46586.0,40784.0,26726.0,3.55249285697937,,,,,,,,,11.119226932525635,-0.5173484336430846,0.5919164893742004,0.4,-0.38340334389843417,0.12334819105371703,-0.0,,,,,,,,,26724.0,657.0,-946.0,424.0,-512218623.0,-137.0,-772.0,7.0,8.0,-87.0,22.0
679,26736.0,49695.0,41805.0,47455.0,39917.0,26736.0,3.5577714443206787,,,,,,,,,11.132625341415405,-0.5224670354454232,0.5934851838037095,0.4,-0.3806532861899594,0.11080757835553934,-0.0,,,,,,,,,26734.0,654.0,-951.0,424.0,-512218623.0,-142.0,-761.0,6.0,7.0,-65.0,27.0
680,26746.0,50744.0,42470.0,46344.0,39150.0,26746.0,3.5577714443206787,,,,,,,,,11.14447546005249,-0.5269632982524295,0.5947324165436602,0.4,-0.3781985317229691,0.09968984030508174,-0.0,,,,,,,,,26744.0,653.0,-961.0,424.0,-512218623.0,-146.0,-758.0,8.0,-7.0,-40.0,30.0
681,26756.0,48584.0,39762.0,48636.0,41754.0,26756.0,3.55249285697937,,,,,,,,,11.156315326690674,-0.5314264956450402,0.5958468614890674,0.4,-0.3757249617640757,0.08855964272045136,-0.0,,,,,,,,,26754.0,653.0,-966.0,424.0,-512219648.0,-145.0,-748.0,7.0,-4.0,-1.0,33.0
682,26766.0,46930.0,40734.0,50420.0,40660.0,26766.0,3.55249285697937,,,,,,,,,11.168514013290405,-0.535994192038446,0.5968571234154637,0.4,-0.3731546810552525,0.07707165451224807,-0.0,,,,,,,,,26764.0,652.0,-970.0,425.0,-512219648.0,-147.0,-736.0,7.0,-45.0,40.0,39.0
683,26776.0,49413.0,41931.0,47977.0,39391.0,26776.0,3.5577714443206787,,,,,,,,,11.180588245391846,-0.5404842807014306,0.5977189665267619,0.4,-0.3705890352930248,0.06568302664630693,-0.0,,,,,,,,,26774.0,651.0,-976.0,425.0,-512218624.0,-149.0,-727.0,7.0,-44.0,81.0,37.0
684,26786.0,50165.0,42103.0,48185.0,38255.0,26786.0,3.55249285697937,,,,,,,,,11.194396734237671,-0.5455811486518001,0.5985359197550582,0.4,-0.3676287429033446,0.05264023646177941,-0.0,,,,,,,,,26784.0,649.0,-985.0,425.0,-512219136.0,-152.0,-722.0,7.0,-35.0,85.0,29.0
685,26796.0,47396.0,41484.0,50652.0,39220.0,26796.0,3.5577714443206787,,,,,,,,,11.205987453460693,-0.5498277245416205,0.5990825481782394,0.4,-0.36512252804414885,0.04167983958367397,-0.0,,,,,,,,,26794.0,649.0,-984.0,425.0,-512219136.0,-152.0,-720.0,7.0,-43.0,105.0,23.0
686,26806.0,49289.0,41839.0,48827.0,38797.0,26806.0,3.5577714443206787,,,,,,,,,11.217487096786499,-0.5540121144932211,0.5994992833063699,0.4,-0.36261686847584784,0.030796821498665042,-0.0,,,,,,,,,26804.0,647.0,-996.0,425.0,-511170560.0,-155.0,-703.0,7.0,-42.0,93.0,26.0
687,26816.0,49696.0,41662.0,48250.0,39028.0,26816.0,3.55249285697937,,,,,,,,,11.229877471923828,-0.5584882394922926,0.59980818484134,0.4,-0.35989594362067606,0.019063701835814056,-0.0,,,,,,,,,26814.0,647.0,-993.0,425.0,-511170560.0,-155.0,-698.0,7.0,-11.0,84.0,21.0
688,26826.0,49786.0,42332.0,47162.0,39420.0,26826.0,3.55249285697937,,,,,,,,,11.24212121963501,-0.5628781450645264,0.5999705926816571,0.4,-0.35718579075358653,0.007464880795962987,-0.0,,,,,,,,,26824.0,644.0,-1006.0,425.0,-511169536.0,-161.0,-683.0,7.0,-2.0,37.0,10.0
689,26836.0,50585.0,42637.0,47005.0,38893.0,26836.0,3.55249285697937,,,,,,,,,11.253855466842651,-0.5670541148269416,0.599992958031497,0.4,-0.3545685760605279,-0.003652971230536273,-0.0,,,,,,,,,26834.0,644.0,-1007.0,424.0,-511169536.0,-162.0,-686.0,3.0,41.0,-9.0,7.0
690,26846.0,52149.0,43099.0,45231.0,38617.0,26846.0,3.55249285697937,,,,,,,,,11.265295505523682,-0.5710957091436072,0.5998891705233302,0.4,-0.3519984256528448,-0.014491324184057141,-0.0,,,,,,,,,26844.0,643.0,-1013.0,424.0,-511169535.0,-164.0,-677.0,2.0,32.0,-42.0,13.0
691,26856.0,48507.0,40577.0,48991.0,41273.0,26856.0,3.55249285697937,,,,,,,,,11.27698016166687,-0.5751932617008513,0.5996551831533472,0.4,-0.3493545456377049,-0.02555832094027578,-0.0,,,,,,,,,26854.0,642.0,-1018.0,424.0,-511169535.0,-165.0,-666.0,1.0,39.0,-62.0,6.0
692,26866.0,52827.0,41779.0,44439.0,40283.0,26866.0,3.55249285697937,,,,,,,,,11.289272785186768,-0.5794705463347126,0.5992694730563352,0.4,-0.34655277851736516,-0.037195154991986744,-0.0,,,,,,,,,26864.0,641.0,-1022.0,424.0,-511169535.0,-166.0,-655.0,0.0,17.0,-89.0,-5.0
693,26876.0,51277.0,41847.0,45347.0,40113.0,26876.0,3.55249285697937,,,,,,,,,11.301854610443115,-0.5838126604351824,0.5987266081783158,0.4,-0.3436636882540852,-0.04909654880866855,-0.0,,,,,,,,,26874.0,637.0,-1031.0,426.0,-511170559.0,-173.0,-653.0,6.0,11.0,-93.0,-6.0
694,26886.0,51915.0,41557.0,45011.0,40085.0,26886.0,3.55249285697937,,,,,,,,,11.313273191452026,-0.5877217530476012,0.5981043784012804,0.4,-0.3410231115245751,-0.05988706314639067,-0.0,,,,,,,,,26884.0,636.0,-1034.0,426.0,-511170559.0,-175.0,-640.0,7.0,-39.0,-73.0,-4.0
695,26896.0,49824.0,39706.0,46482.0,42160.0,26896.0,3.55249285697937,,,,,,,,,11.324941158294678,-0.591684969842249,0.5973413523007102,0.4,-0.338306731854037,-0.07090049235821254,-0.0,,,,,,,,,26894.0,637.0,-1038.0,426.0,-511170559.0,-174.0,-629.0,10.0,-67.0,-29.0,-13.0
696,26906.0,50718.0,42694.0,45602.0,39118.0,26906.0,3.55249285697937,,,,,,,,,11.33637547492981,-0.5955379728636808,0.5964690184296214,0.4,-0.3356271063411711,-0.0816786061961172,-0.0,,,,,,,,,26904.0,636.0,-1043.0,426.0,-511170559.0,-175.0,-620.0,11.0,-55.0,-1.0,-30.0
697,26916.0,46802.0,41666.0,48918.0,40954.0,26916.0,3.55249285697937,,,,,,,,,11.348411321640015,-0.5995604617142382,0.5954177630100276,0.4,-0.33278780075941083,-0.09300546958553844,-0.0,,,,,,,,,26914.0,635.0,-1047.0,426.0,-510123007.0,-176.0,-610.0,9.0,-83.0,-3.0,-32.0
698,26926.0,49926.0,43720.0,46374.0,38288.0,26926.0,3.55249285697937,,,,,,,,,11.360049486160278,-0.6034174365114909,0.5942717130808902,0.4,-0.33002420945951005,-0.103937871397031,-0.0,,,,,,,,,26924.0,630.0,-1055.0,426.0,-510121984.0,-183.0,-607.0,9.0,-98.0,87.0,-36.0
699,26936.0,48065.0,43325.0,47451.0,39399.0,26936.0,3.55249285697937,,,,,,,,,11.372710943222046,-0.6075768850997758,0.5928805437666577,0.4,-0.32699758996662603,-0.11580618472960495,-0.0,,,,,,,,,26934.0,629.0,-1060.0,426.0,-510121984.0,-185.0,-597.0,10.0,-113.0,46.0,-34.0
700,26946.0,50080.0,41346.0,46100.0,40670.0,26946.0,3.55249285697937,,,,,,,,,11.384479999542236,-0.6114086914478902,0.5914528255396109,0.4,-0.3241657289950002,-0.12681177285272632,-0.0,,,,,,,,,26944.0,628.0,-1062.0,426.0,-509073408.0,-187.0,-584.0,9.0,-143.0,76.0,-39.0
701,26956.0,46041.0,42929.0,48807.0,40599.0,26956.0,3.55249285697937,,,,,,,,,11.39613938331604,-0.6151718239837439,0.5899108489221657,0.4,-0.3213427779784257,-0.137687460144763,-0.0,,,,,,,,,26954.0,625.0,-1067.0,426.0,-509073408.0,-191.0,-575.0,8.0,-135.0,88.0,-63.0
702,26966.0,48810.0,43982.0,46994.0,38618.0,26966.0,3.55249285697937,,,,,,,,,11.4083833694458,-0.6190880975700286,0.5881552467223469,0.4,-0.3183597224413588,-0.14907659634315915,-0.0,,,,,,,,,26964.0,623.0,-1075.0,426.0,-508024320.0,-195.0,-572.0,7.0,-136.0,18.0,-64.0
703,26976.0,50173.0,40383.0,45667.0,42273.0,26976.0,3.55249285697937,,,,,,,,,11.420957565307617,-0.6230718519497424,0.5862073832378106,0.4,-0.3152766073057097,-0.16073613085808922,-0.0,,,,,,,,,26974.0,623.0,-1078.0,426.0,-508023296.0,-194.0,-561.0,6.0,-193.0,12.0,-68.0
704,26986.0,48849.0,41849.0,46795.0,41027.0,26986.0,3.55249285697937,,,,,,,,,11.43248724937439,-0.6266905104700061,0.5842926839156614,0.4,-0.31243230018322243,-0.17139193378168374,-0.0,,,,,,,,,26984.0,621.0,-1081.0,426.0,-506974719.0,-197.0,-549.0,5.0,-150.0,2.0,-78.0
705,26996.0,49226.0,42572.0,46280.0,40370.0,26996.0,3.55249285697937,,,,,,,,,11.44412612915039,-0.6303100827678341,0.5822354514296384,0.4,-0.3095444255142811,-0.18211215813644183,-0.0,,,,,,,,,26994.0,619.0,-1085.0,426.0,-505926143.0,-200.0,-538.0,5.0,-165.0,-58.0,-82.0
706,27006.0,47283.0,40457.0,48055.0,42477.0,27006.0,3.55249285697937,,,,,,,,,11.455815553665161,-0.6339114456731725,0.5800439261590642,0.4,-0.3066273477565328,-0.19283972437207447,-0.0,,,,,,,,,27004.0,619.0,-1088.0,427.0,-505927167.0,-199.0,-526.0,7.0,-129.0,-33.0,-84.0
707,27016.0,50574.0,43432.0,44676.0,39586.0,27016.0,3.55249285697937,,,,,,,,,11.468510389328003,-0.6377838226306385,0.5775221547198549,0.4,-0.30344064040503577,-0.20444276515319298,-0.0,,,,,,,,,27014.0,615.0,-1096.0,427.0,-504878591.0,-205.0,-523.0,7.0,-112.0,-47.0,-85.0
708,27026.0,50042.0,40152.0,45126.0,42776.0,27026.0,3.55249285697937,,,,,,,,,11.481359481811523,-0.6416619323308952,0.5748200823971569,0.4,-0.300195552746994,-0.21613380400079793,-0.0,,,,,,,,,27024.0,614.0,-1098.0,427.0,-504878590.0,-206.0,-510.0,9.0,-112.0,-139.0,-77.0
709,27036.0,51041.0,41067.0,43879.0,41901.0,27036.0,3.55249285697937,,,,,,,,,11.493976354598999,-0.6454292595946962,0.5720210175654993,0.4,-0.29699007284732615,-0.2275587407106013,-0.0,,,,,,,,,27034.0,614.0,-1103.0,427.0,-503830014.0,-205.0,-501.0,10.0,-100.0,-104.0,-89.0
710,27046.0,50334.0,41690.0,44342.0,41058.0,27046.0,3.55249285697937,,,,,,,,,11.505637645721436,-0.6488751914473898,0.569306067009693,0.4,-0.29401076921388397,-0.23806756826007103,-0.0,,,,,,,,,27044.0,614.0,-1106.0,428.0,-503831038.0,-205.0,-488.0,15.0,-96.0,-124.0,-82.0
711,27056.0,50588.0,43284.0,43948.0,39540.0,27056.0,3.55249285697937,,,,,,,,,11.51741361618042,-0.6523196603788604,0.5664403592458309,0.4,-0.29098614958519964,-0.2486278558181455,-0.0,,,,,,,,,27054.0,611.0,-1114.0,428.0,-502782461.0,-208.0,-486.0,15.0,-85.0,-87.0,-82.0
712,27066.0,46969.0,40771.0,47571.0,42053.0,27066.0,3.55249285697937,,,,,,,,,11.52958059310913,-0.6558409863211102,0.5633492211881919,0.4,-0.28784437066966323,-0.2594815715409314,-0.0,,,,,,,,,27064.0,610.0,-1116.0,428.0,-502782461.0,-210.0,-473.0,15.0,-95.0,-21.0,-77.0
713,27076.0,49009.0,42117.0,45499.0,40615.0,27076.0,3.55249285697937,,,,,,,,,11.54180121421814,-0.6593392551481716,0.5601118927307356,0.4,-0.28467180639230927,-0.27032207848180556,-0.0,,,,,,,,,27074.0,609.0,-1119.0,428.0,-502783485.0,-210.0,-461.0,15.0,-125.0,-2.0,-73.0
714,27086.0,49622.0,42308.0,44830.0,40504.0,27086.0,3.55249285697937,,,,,,,,,11.553282022476196,-0.6625903345849645,0.5569501933861422,0.4,-0.2816760091824856,-0.2804482910798367,-0.0,,,,,,,,,27084.0,607.0,-1123.0,428.0,-501734909.0,-212.0,-450.0,16.0,-115.0,19.0,-70.0
715,27096.0,48633.0,42069.0,45601.0,40865.0,27096.0,3.5577714443206787,,,,,,,,,11.565404891967773,-0.6659858017262873,0.55348586066647,0.4,-0.2784967662238933,-0.29107740631799567,-0.0,,,,,,,,,27094.0,604.0,-1124.0,428.0,-500686332.0,-215.0,-436.0,15.0,-136.0,60.0,-82.0
716,27106.0,48899.0,42821.0,45233.0,40171.0,27106.0,3.5577714443206787,,,,,,,,,11.577016830444336,-0.6692019346981088,0.5500470828932037,0.4,-0.275436362452691,-0.30119523839549256,-0.0,,,,,,,,,27104.0,604.0,-1131.0,428.0,-500686332.0,-214.0,-431.0,14.0,-177.0,87.0,-82.0
717,27116.0,46170.0,41276.0,48166.0,41604.0,27116.0,3.5577714443206787,,,,,,,,,11.589739561080933,-0.6726848181726067,0.5461449225724359,0.4,-0.2720663752489488,-0.3122072318939974,-0.0,,,,,,,,,27114.0,601.0,-1134.0,428.0,-500685308.0,-217.0,-420.0,13.0,-202.0,101.0,-69.0
718,27126.0,48182.0,42180.0,46062.0,40776.0,27126.0,3.55249285697937,,,,,,,,,11.602051496505737,-0.6760143208133107,0.5422358361922403,0.4,-0.2687886441924609,-0.3227877169959652,-0.0,,,,,,,,,27124.0,600.0,-1136.0,429.0,-499636732.0,-218.0,-407.0,13.0,-176.0,89.0,-71.0
719,27136.0,49669.0,42539.0,45021.0,41035.0,27136.0,3.55249285697937,,,,,,,,,11.613982200622559,-0.6792021345926309,0.5383239557872487,0.4,-0.26559705844928655,-0.3329668958669837,-0.0,,,,,,,,,27134.0,598.0,-1141.0,427.0,-498588155.0,-219.0,-398.0,2.0,-184.0,86.0,-73.0
720,27146.0,49419.0,43217.0,45329.0,40415.0,27146.0,3.5577714443206787,,,,,,,,,11.625893592834473,-0.6823467139838874,0.5342977000044444,0.4,-0.26239575000240867,-0.34305493892328054,-0.0,,,,,,,,,27144.0,596.0,-1146.0,427.0,-497538555.0,-222.0,-391.0,0.0,-151.0,85.0,-66.0
721,27156.0,49334.0,43010.0,45400.0,40668.0,27156.0,3.55249285697937,,,,,,,,,11.637484788894653,-0.6853700713950326,0.5302647445981037,0.4,-0.2592663859505894,-0.35279803093575,-0.0,,,,,,,,,27154.0,594.0,-1148.0,427.0,-497538555.0,-223.0,-378.0,0.0,-117.0,72.0,-68.0
722,27166.0,47589.0,41893.0,47303.0,41751.0,27166.0,3.55249285697937,,,,,,,,,11.649526834487915,-0.6884725213093903,0.5259557847375155,0.4,-0.25600074031354897,-0.36284078648407087,-0.0,,,,,,,,,27164.0,592.0,-1151.0,427.0,-496489979.0,-227.0,-366.0,-1.0,-110.0,34.0,-57.0
723,27176.0,49742.0,42176.0,45248.0,41730.0,27176.0,3.55249285697937,,,,,,,,,11.661670684814453,-0.6915612844633539,0.5214884304027521,0.4,-0.2526926452657695,-0.3728842953935778,-0.0,,,,,,,,,27174.0,592.0,-1154.0,427.0,-496489978.0,-225.0,-354.0,-4.0,-91.0,32.0,-61.0
724,27186.0,50244.0,42942.0,45022.0,40836.0,27186.0,3.55249285697937,,,,,,,,,11.673264980316162,-0.6944727012784695,0.5171099029278988,0.4,-0.24952052308980543,-0.38239230039333616,-0.0,,,,,,,,,27184.0,588.0,-1155.0,427.0,-495441402.0,-230.0,-341.0,-6.0,-88.0,-2.0,-41.0
725,27196.0,50257.0,43507.0,45061.0,40363.0,27196.0,3.5472142696380615,,,,,,,,,11.685903787612915,-0.6976044124258691,0.5122119042895972,0.4,-0.24604755007236945,-0.39266432681535857,-0.0,,,,,,,,,27194.0,586.0,-1159.0,426.0,-495440378.0,-232.0,-331.0,-7.0,-71.0,10.0,-43.0
726,27206.0,50691.0,43085.0,44725.0,40719.0,27206.0,3.5472142696380615,,,,,,,,,11.698393106460571,-0.7006558681829247,0.5072449132697543,0.4,-0.24260041148501155,-0.4027175710790213,-0.0,,,,,,,,,27204.0,586.0,-1163.0,426.0,-495441402.0,-231.0,-322.0,-7.0,-71.0,21.0,-30.0
727,27216.0,47906.0,41312.0,47364.0,42286.0,27216.0,3.5472142696380615,,,,,,,,,11.711471796035767,-0.7038050708988837,0.5019096266770959,0.4,-0.23897459280625918,-0.4131388595681436,-0.0,,,,,,,,,27214.0,584.0,-1165.0,426.0,-495441402.0,-233.0,-309.0,-9.0,-66.0,43.0,-29.0
728,27226.0,49367.0,42725.0,46129.0,40839.0,27226.0,3.5472142696380615,,,,,,,,,11.72402548789978,-0.7067831593083582,0.49666097144658256,0.4,-0.23547913782563562,-0.42303689441074355,-0.0,,,,,,,,,27224.0,583.0,-1167.0,427.0,-494391802.0,-234.0,-296.0,-5.0,-78.0,61.0,-20.0
729,27236.0,50185.0,42667.0,45519.0,40837.0,27236.0,3.5472142696380615,,,,,,,,,11.735788106918335,-0.7095336826017637,0.49163087455678567,0.4,-0.23219065053122953,-0.4322157150355615,-0.0,,,,,,,,,27234.0,579.0,-1169.0,427.0,-494391802.0,-239.0,-285.0,-7.0,-99.0,53.0,-7.0
730,27246.0,50569.0,42395.0,45273.0,41067.0,27246.0,3.5472142696380615,,,,,,,,,11.748205184936523,-0.7123951884634234,0.48620438681013234,0.4,-0.22870543832697673,-0.4418027353639221,-0.0,,,,,,,,,27244.0,579.0,-1172.0,427.0,-494391802.0,-238.0,-274.0,-7.0,-120.0,49.0,-2.0
731,27256.0,49963.0,42481.0,45847.0,41049.0,27256.0,3.5472142696380615,,,,,,,,,11.760034799575806,-0.7150809823476122,0.48092450247506685,0.4,-0.22537216286700823,-0.4508361653698686,-0.0,,,,,,,,,27254.0,578.0,-1174.0,427.0,-493343226.0,-239.0,-261.0,-8.0,-118.0,62.0,-5.0
732,27266.0,49372.0,42472.0,46210.0,40554.0,27266.0,3.5472142696380615,,,,,,,,,11.77259087562561,-0.717888489906259,0.47520414020717167,0.4,-0.22182057249962714,-0.46031530692174255,-0.0,,,,,,,,,27264.0,576.0,-1176.0,428.0,-493343226.0,-242.0,-250.0,0.0,-137.0,64.0,1.0
733,27276.0,47705.0,40915.0,47901.0,42051.0,27276.0,3.5472142696380615,,,,,,,,,11.784198999404907,-0.7204442932138548,0.46981037506172174,0.4,-0.21852483149104804,-0.4689769033190334,-0.0,,,,,,,,,27274.0,574.0,-1179.0,428.0,-492294650.0,-243.0,-239.0,0.0,-119.0,70.0,6.0
734,27286.0,49251.0,42417.0,46331.0,40413.0,27286.0,3.5472142696380615,,,,,,,,,11.796132564544678,-0.72303179706134,0.4641611927771499,0.4,-0.2151245757820464,-0.47777728959226223,-0.0,,,,,,,,,27284.0,570.0,-1180.0,428.0,-492293626.0,-249.0,-225.0,1.0,-127.0,100.0,7.0
735,27296.0,49853.0,42201.0,45659.0,40551.0,27296.0,3.5472142696380615,,,,,,,,,11.808461904525757,-0.7256624193175054,0.458215040276247,0.4,-0.21159885051786295,-0.48675666962426634,-0.0,,,,,,,,,27294.0,569.0,-1182.0,428.0,-491245050.0,-250.0,-212.0,2.0,-107.0,81.0,6.0
736,27306.0,50022.0,42260.0,45824.0,40814.0,27306.0,3.5472142696380615,,,,,,,,,11.820352554321289,-0.7281581914779293,0.45237625060861986,0.4,-0.208186542935822,-0.49530589750917725,-0.0,,,,,,,,,27304.0,569.0,-1183.0,427.0,-491245050.0,-249.0,-200.0,-3.0,-92.0,80.0,6.0
737,27316.0,49966.0,43152.0,45936.0,39830.0,27316.0,3.55249285697937,,,,,,,,,11.832702159881592,-0.7307072664109672,0.44620518995386405,0.4,-0.20463022771719835,-0.504068013133271,-0.0,,,,,,,,,27314.0,566.0,-1186.0,427.0,-491245050.0,-252.0,-190.0,-3.0,-83.0,78.0,10.0
738,27326.0,47417.0,42087.0,48361.0,40859.0,27326.0,3.5472142696380615,,,,,,,,,11.844411849975586,-0.7330836242707779,0.4402546160444887,0.4,-0.20124680592979471,-0.5122640144338305,-0.0,,,,,,,,,27324.0,564.0,-1189.0,427.0,-490195450.0,-256.0,-179.0,-1.0,-91.0,98.0,10.0
739,27336.0,49572.0,42920.0,46254.0,39830.0,27336.0,3.5472142696380615,,,,,,,,,11.856067657470703,-0.7354096381219093,0.4342367539457279,0.4,-0.19786813413338253,-0.5203121519961829,-0.0,,,,,,,,,27334.0,561.0,-1190.0,427.0,-490195450.0,-259.0,-167.0,0.0,-77.0,63.0,14.0
740,27346.0,50760.0,42456.0,45000.0,40372.0,27346.0,3.5472142696380615,,,,,,,,,11.868275165557861,-0.7378034585729369,0.4278341952113661,0.4,-0.19431816593978482,-0.528621525485655,-0.0,,,,,,,,,27344.0,560.0,-1193.0,427.0,-490195450.0,-261.0,-157.0,1.0,-53.0,42.0,9.0
741,27356.0,49744.0,42464.0,46122.0,40094.0,27356.0,3.5472142696380615,,,,,,,,,11.880744934082031,-0.7402038906707831,0.42119015106112734,0.4,-0.19068013031042436,-0.5369809649092436,-0.0,,,,,,,,,27354.0,559.0,-1193.0,427.0,-489146874.0,-262.0,-141.0,1.0,-59.0,43.0,20.0
742,27366.0,48553.0,41011.0,47199.0,41665.0,27366.0,3.5472142696380615,,,,,,,,,11.893175601959229,-0.7425515708599604,0.41446400410845974,0.4,-0.1870418517744652,-0.5451829618629769,-0.0,,,,,,,,,27364.0,555.0,-1194.0,427.0,-489146874.0,-267.0,-128.0,1.0,-26.0,26.0,11.0
743,27376.0,50254.0,42498.0,45558.0,40014.0,27376.0,3.5472142696380615,,,,,,,,,11.904770612716675,-0.7447005980367621,0.4080988296810691,0.4,-0.18363786841148372,-0.5527137018787086,-0.0,,,,,,,,,27374.0,552.0,-1195.0,427.0,-489145850.0,-270.0,-116.0,2.0,-31.0,27.0,13.0
744,27386.0,49884.0,41724.0,46318.0,40274.0,27386.0,3.5472142696380615,,,,,,,,,11.916440963745117,-0.7468236766065235,0.40160481307444723,0.4,-0.18020192555706874,-0.5601748820710799,-0.0,,,,,,,,,27384.0,556.0,-1193.0,427.0,-489146875.0,-263.0,-99.0,3.0,-21.0,25.0,12.0
745,27396.0,49984.0,41946.0,45554.0,40584.0,27396.0,3.55249285697937,,,,,,,,,11.929412841796875,-0.7491364024493338,0.3942852584418974,0.4,-0.1763714296144931,-0.5683267154372781,-0.0,,,,,,,,,27394.0,554.0,-1195.0,427.0,-489146875.0,-266.0,-88.0,4.0,-14.0,33.0,0.0
746,27406.0,49781.0,41941.0,46073.0,40281.0,27406.0,3.55249285697937,,,,,,,,,11.941998720169067,-0.751332744978007,0.38708335308548714,0.4,-0.1726437154433164,-0.5760916585269358,-0.0,,,,,,,,,27404.0,550.0,-1195.0,427.0,-489145851.0,-273.0,-74.0,4.0,-6.0,43.0,5.0
747,27416.0,48584.0,42052.0,47214.0,40370.0,27416.0,3.55249285697937,,,,,,,,,11.954435110092163,-0.75345685006338,0.3798718754799208,0.4,-0.16894967147225776,-0.5836228365628224,-0.0,,,,,,,,,27414.0,545.0,-1197.0,427.0,-489145851.0,-279.0,-64.0,2.0,6.0,53.0,14.0
748,27426.0,50364.0,42526.0,45352.0,39958.0,27426.0,3.55249285697937,,,,,,,,,11.966737031936646,-0.7555127272815296,0.3726470885091228,0.4,-0.1652854193263666,-0.5909323554741035,-0.0,,,,,,,,,27424.0,542.0,-1198.0,427.0,-489145851.0,-283.0,-52.0,2.0,16.0,49.0,8.0
749,27436.0,50780.0,41128.0,45420.0,40428.0,27436.0,3.55249285697937,,,,,,,,,11.979419708251953,-0.7575849787341626,0.36510547596205983,0.4,-0.1614974197592056,-0.5983202478755737,-0.0,,,,,,,,,27434.0,546.0,-1197.0,428.0,-489145851.0,-276.0,-37.0,6.0,13.0,42.0,5.0
750,27446.0,50245.0,41939.0,45595.0,40005.0,27446.0,3.55249285697937,,,,,,,,,11.991352081298828,-0.7594907163235678,0.35792531872684547,0.4,-0.1579241496339047,-0.6051323552830116,-0.0,,,,,,,,,27444.0,545.0,-1198.0,428.0,-489145851.0,-277.0,-26.0,6.0,5.0,49.0,2.0
751,27456.0,50174.0,42100.0,45694.0,39936.0,27456.0,3.55249285697937,,,,,,,,,12.00378942489624,-0.7614316630025237,0.35035567129951967,0.4,-0.15419021566230026,-0.6120879103157844,-0.0,,,,,,,,,27454.0,539.0,-1199.0,428.0,-489145851.0,-285.0,-15.0,5.0,3.0,40.0,1.0
752,27466.0,50133.0,41825.0,46127.0,39983.0,27466.0,3.55249285697937,,,,,,,,,12.015291690826416,-0.7631852994282493,0.3432789204645778,0.4,-0.1507286244249107,-0.6183874880778478,-0.0,,,,,,,,,27464.0,537.0,-1199.0,428.0,-489145851.0,-288.0,-3.0,3.0,-7.0,40.0,17.0
753,27476.0,50046.0,42830.0,46468.0,38920.0,27476.0,3.55249285697937,,,,,,,,,12.027002811431885,-0.7649298234389849,0.33599999856271073,0.4,-0.1471960914228874,-0.6246687103365336,-0.0,,,,,,,,,27474.0,535.0,-1199.0,427.0,-489144827.0,-291.0,9.0,1.0,-3.0,43.0,17.0
754,27486.0,50130.0,42022.0,46178.0,39794.0,27486.0,3.55249285697937,,,,,,,,,12.039527177810669,-0.7667496578867942,0.3281351285086775,0.4,-0.14340943727908717,-0.6312363741229245,-0.0,,,,,,,,,27484.0,533.0,-1199.0,427.0,-489144827.0,-292.0,21.0,2.0,-13.0,45.0,4.0
755,27496.0,50639.0,41941.0,45603.0,39845.0,27496.0,3.55249285697937,,,,,,,,,12.05190896987915,-0.7685021025937184,0.3202798871177379,0.4,-0.1396571589767658,-0.6375755830311979,-0.0,,,,,,,,,27494.0,532.0,-1199.0,428.0,-489144827.0,-293.0,33.0,3.0,-12.0,31.0,6.0
756,27506.0,50084.0,41750.0,46100.0,40234.0,27506.0,3.5472142696380615,,,,,,,,,12.063575744628906,-0.7701107887842542,0.3128072826856826,0.4,-0.13611382681893164,-0.6434075067752599,-0.0,,,,,,,,,27504.0,529.0,-1199.0,428.0,-489144827.0,-298.0,44.0,1.0,-12.0,39.0,4.0
757,27516.0,50081.0,42365.0,46299.0,39467.0,27516.0,3.5472142696380615,,,,,,,,,12.075294971466064,-0.7716850456617355,0.30523339665166066,0.4,-0.1325472011418094,-0.6491264212703801,-0.0,,,,,,,,,27514.0,526.0,-1198.0,428.0,-489144827.0,-300.0,56.0,1.0,-48.0,70.0,15.0
758,27526.0,49424.0,41894.0,47144.0,40134.0,27526.0,3.5472142696380615,,,,,,,,,12.086879968643188,-0.7732001473397607,0.2976811896138234,0.4,-0.12901436250302406,-0.6546414671027645,-0.0,,,,,,,,,27524.0,521.0,-1198.0,427.0,-488096251.0,-309.0,68.0,-2.0,-38.0,40.0,6.0
759,27536.0,50703.0,42143.0,46129.0,39641.0,27536.0,3.55249285697937,,,,,,,,,12.099311113357544,-0.7747803419267534,0.28950725705155433,0.4,-0.12521589378856718,-0.660404978925871,-0.0,,,,,,,,,27534.0,518.0,-1197.0,427.0,-488095227.0,-312.0,81.0,-3.0,-30.0,42.0,16.0
760,27546.0,50002.0,42292.0,46598.0,39668.0,27546.0,3.5472142696380615,,,,,,,,,12.111857891082764,-0.7763273064082545,0.28118566227033487,0.4,-0.12137434694071754,-0.6660586874889165,-0.0,,,,,,,,,27544.0,515.0,-1197.0,427.0,-488095227.0,-316.0,92.0,-2.0,-20.0,54.0,13.0
761,27556.0,50714.0,42154.0,45518.0,40154.0,27556.0,3.5472142696380615,,,,,,,,,12.124171257019043,-0.7777985841395543,0.27295090412434153,0.4,-0.11759693030024766,-0.6714462459193488,-0.0,,,,,,,,,27554.0,514.0,-1196.0,427.0,-488095228.0,-317.0,105.0,-2.0,19.0,15.0,-4.0
762,27566.0,50516.0,42952.0,45582.0,39750.0,27566.0,3.5472142696380615,,,,,,,,,12.135743618011475,-0.7791388855286827,0.2651520987014556,0.4,-0.11404041404665065,-0.6763630711829323,-0.0,,,,,,,,,27564.0,511.0,-1196.0,426.0,-488095228.0,-322.0,115.0,-4.0,-5.0,14.0,0.0
763,27576.0,50645.0,42223.0,45535.0,40417.0,27576.0,3.5472142696380615,,,,,,,,,12.14771294593811,-0.780481826344607,0.2570267998128006,0.4,-0.1103555578190322,-0.6812980694399285,-0.0,,,,,,,,,27574.0,507.0,-1194.0,426.0,-488095228.0,-326.0,130.0,-5.0,15.0,0.0,0.0
764,27586.0,50805.0,42159.0,45357.0,40659.0,27586.0,3.5472142696380615,,,,,,,,,12.159526109695435,-0.7817639634162863,0.24895048978899603,0.4,-0.10671265721156126,-0.6860175582048111,-0.0,,,,,,,,,27584.0,504.0,-1194.0,426.0,-488095228.0,-330.0,139.0,-6.0,5.0,-18.0,-2.0
765,27596.0,50315.0,42733.0,46109.0,39919.0,27596.0,3.5472142696380615,,,,,,,,,12.171739101409912,-0.7830442144948804,0.24054317366683928,0.4,-0.10294028061583753,-0.6907378342106437,-0.0,,,,,,,,,27594.0,499.0,-1192.0,426.0,-488095228.0,-337.0,153.0,-7.0,-1.0,-21.0,10.0
766,27606.0,51354.0,42438.0,45074.0,39874.0,27606.0,3.5472142696380615,,,,,,,,,12.183200597763062,-0.7842037492377459,0.23260160894226078,0.4,-0.09939450986832897,-0.6950196957161582,-0.0,,,,,,,,,27604.0,498.0,-1190.0,427.0,-488095228.0,-337.0,165.0,-3.0,30.0,-10.0,6.0
767,27616.0,50947.0,42857.0,45231.0,39729.0,27616.0,3.5472142696380615,,,,,,,,,12.195508241653442,-0.7854036012487371,0.22402007591902284,0.4,-0.09558123728418447,-0.6994571086375561,-0.0,,,,,,,,,27614.0,495.0,-1190.0,427.0,-488095228.0,-341.0,176.0,-4.0,8.0,-13.0,-1.0
768,27626.0,50048.0,42154.0,46060.0,40434.0,27626.0,3.5472142696380615,,,,,,,,,12.207214832305908,-0.786501275364886,0.21580787336752394,0.4,-0.09194888139585332,-0.7035225792002052,-0.0,,,,,,,,,27624.0,493.0,-1188.0,427.0,-489143804.0,-343.0,187.0,-3.0,-7.0,11.0,-3.0
769,27636.0,50683.0,42261.0,45389.0,40427.0,27636.0,3.5472142696380615,,,,,,,,,12.219684600830078,-0.7876237045415762,0.20700897361105974,0.4,-0.08807425738610376,-0.7076856068390567,-0.0,,,,,,,,,27634.0,487.0,-1186.0,427.0,-489143804.0,-350.0,200.0,-3.0,12.0,29.0,-8.0
770,27646.0,50650.0,42508.0,45398.0,40028.0,27646.0,3.5472142696380615,,,,,,,,,12.23231315612793,-0.7887111491013051,0.1980462357421295,0.4,-0.08414478566118455,-0.711724540678317,-0.0,,,,,,,,,27644.0,487.0,-1185.0,427.0,-489143804.0,-351.0,210.0,-2.0,27.0,6.0,-4.0
771,27656.0,50645.0,42333.0,45281.0,39969.0,27656.0,3.5472142696380615,,,,,,,,,12.245225429534912,-0.7897716808834931,0.1888305864684798,0.4,-0.08012155716481525,-0.7156688837889887,-0.0,,,,,,,,,27654.0,482.0,-1184.0,427.0,-489143804.0,-356.0,221.0,1.0,19.0,-8.0,0.0
772,27666.0,50281.0,41795.0,45713.0,40415.0,27666.0,3.5472142696380615,,,,,,,,,12.257882595062256,-0.7907608072103288,0.17974874384165215,0.4,-0.07617269552675786,-0.7193524317140995,-0.0,,,,,,,,,27664.0,481.0,-1182.0,427.0,-489143804.0,-356.0,233.0,1.0,9.0,-5.0,6.0
773,27676.0,50963.0,42519.0,44879.0,39735.0,27676.0,3.5472142696380615,,,,,,,,,12.270659446716309,-0.7917085627653913,0.17053491113516261,0.4,-0.07218160812528862,-0.7228862383940261,-0.0,,,,,,,,,27674.0,479.0,-1181.0,427.0,-489143804.0,-357.0,243.0,2.0,41.0,-7.0,-3.0
774,27686.0,50804.0,42492.0,44732.0,40044.0,27686.0,3.5472142696380615,,,,,,,,,12.28238034248352,-0.792533119079143,0.16204384557235874,0.4,-0.0685162708524369,-0.7259641269657607,-0.0,,,,,,,,,27684.0,472.0,-1178.0,427.0,-489143804.0,-368.0,256.0,2.0,24.0,-34.0,-6.0
775,27696.0,50896.0,43024.0,44600.0,39304.0,27696.0,3.55249285697937,,,,,,,,,12.294305324554443,-0.7933279202917854,0.1533688663196282,0.4,-0.06478329966983304,-0.7289339788268334,-0.0,,,,,,,,,27694.0,470.0,-1176.0,427.0,-489143804.0,-369.0,267.0,5.0,59.0,-13.0,-1.0
776,27706.0,51620.0,42500.0,44218.0,39522.0,27706.0,3.55249285697937,,,,,,,,,12.306368350982666,-0.7940866081607367,0.14455843220303566,0.4,-0.061003415860027665,-0.7317716667168632,-0.0,,,,,,,,,27704.0,466.0,-1175.0,427.0,-489143804.0,-374.0,276.0,4.0,32.0,-29.0,8.0
777,27716.0,50850.0,42642.0,44588.0,39884.0,27716.0,3.55249285697937,,,,,,,,,12.319142580032349,-0.7948402935129332,0.13519238991128363,0.4,-0.05699686472805451,-0.7345933296233935,-0.0,,,,,,,,,27714.0,464.0,-1173.0,427.0,-490193404.0,-375.0,286.0,3.0,38.0,-44.0,-5.0
778,27726.0,50982.0,42292.0,44398.0,40484.0,27726.0,3.5472142696380615,,,,,,,,,12.331002473831177,-0.7954941957027799,0.12646549958408818,0.4,-0.05327379621501817,-0.7370435909494426,-0.0,,,,,,,,,27724.0,456.0,-1169.0,427.0,-490193404.0,-385.0,301.0,1.0,19.0,-50.0,-6.0
779,27736.0,50325.0,42309.0,45269.0,41009.0,27736.0,3.5472142696380615,,,,,,,,,12.342713594436646,-0.7960965500908291,0.11782051011888169,0.4,-0.049594527061080675,-0.7393024785413453,-0.0,,,,,,,,,27734.0,454.0,-1166.0,426.0,-490193404.0,-387.0,312.0,-6.0,26.0,-81.0,-11.0
780,27746.0,51316.0,42184.0,44456.0,40984.0,27746.0,3.5472142696380615,,,,,,,,,12.35422396659851,-0.7966465769810275,0.1092988353215059,0.4,-0.045975709080358036,-0.741366626374384,-0.0,,,,,,,,,27744.0,452.0,-1165.0,426.0,-490193404.0,-387.0,320.0,-6.0,13.0,-77.0,-6.0
781,27756.0,51005.0,42483.0,44307.0,41117.0,27756.0,3.5472142696380615,,,,,,,,,12.365817070007324,-0.7971584388707167,0.10069280100259374,0.4,-0.042328450452552964,-0.7432888288002746,-0.0,,,,,,,,,27754.0,450.0,-1163.0,426.0,-490194428.0,-389.0,330.0,-6.0,10.0,-83.0,-18.0
782,27766.0,51372.0,42138.0,44010.0,41356.0,27766.0,3.5472142696380615,,,,,,,,,12.37773871421814,-0.7976406951258186,0.09182060817770195,0.4,-0.03857549059195061,-0.7451009823604936,-0.0,,,,,,,,,27764.0,447.0,-1162.0,426.0,-490194428.0,-391.0,338.0,-5.0,1.0,-71.0,-16.0
783,27776.0,50529.0,42473.0,44679.0,41095.0,27776.0,3.5472142696380615,,,,,,,,,12.390665054321289,-0.7981130216771039,0.08217748946654271,0.4,-0.03450381122293281,-0.7468768858490586,-0.0,,,,,,,,,27774.0,440.0,-1154.0,427.0,-490194427.0,-400.0,357.0,-4.0,-4.0,-77.0,-21.0
784,27786.0,50574.0,43040.0,44528.0,40602.0,27786.0,3.5472142696380615,,,,,,,,,12.402653217315674,-0.7985040139869324,0.07321482148435726,0.4,-0.030725609059631228,-0.7483477755616831,-0.0,,,,,,,,,27784.0,438.0,-1154.0,427.0,-490194427.0,-400.0,363.0,-4.0,0.0,-52.0,-20.0
785,27796.0,49864.0,42832.0,45184.0,40764.0,27796.0,3.5472142696380615,,,,,,,,,12.414509296417236,-0.7988461400907574,0.06433455356171115,0.4,-0.026987319261051686,-0.7496354245046931,-0.0,,,,,,,,,27794.0,434.0,-1153.0,426.0,-490195451.0,-403.0,370.0,-3.0,19.0,-34.0,-23.0
786,27806.0,50683.0,42641.0,44375.0,40917.0,27806.0,3.5472142696380615,,,,,,,,,12.426446676254272,-0.7991458246508851,0.055378967952497436,0.4,-0.023221882300336318,-0.7507637907756466,-0.0,,,,,,,,,27804.0,433.0,-1148.0,426.0,-490195451.0,-403.0,384.0,-2.0,18.0,-8.0,-26.0
787,27816.0,50761.0,43727.0,44053.0,40083.0,27816.0,3.5472142696380615,,,,,,,,,12.439594268798828,-0.7994238654962815,0.04550112241519304,0.4,-0.01907320149980522,-0.7518110430462307,-0.0,,,,,,,,,27814.0,423.0,-1144.0,426.0,-490195451.0,-416.0,397.0,-2.0,17.0,-16.0,-32.0
788,27826.0,50568.0,43518.0,44400.0,40442.0,27826.0,3.5472142696380615,,,,,,,,,12.451487302780151,-0.7996283818264484,0.03655505951741601,0.4,-0.015319263670175153,-0.7525815947434027,-0.0,,,,,,,,,27824.0,423.0,-1141.0,426.0,-491244027.0,-412.0,407.0,-5.0,23.0,-1.0,-25.0
789,27836.0,49818.0,43222.0,44752.0,41160.0,27836.0,3.5472142696380615,,,,,,,,,12.463907957077026,-0.7997943048524232,0.027203430594790662,0.4,-0.011397876971186618,-0.7532068841158945,-0.0,,,,,,,,,27834.0,419.0,-1140.0,426.0,-491244027.0,-415.0,413.0,-6.0,41.0,7.0,-42.0
790,27846.0,50231.0,44171.0,44151.0,40487.0,27846.0,3.5472142696380615,,,,,,,,,12.47631311416626,-0.7999114012396664,0.017856854018727986,0.4,-0.007480689995019827,-0.7536482458995678,-0.0,,,,,,,,,27844.0,417.0,-1137.0,426.0,-491244027.0,-415.0,422.0,-6.0,34.0,26.0,-45.0
791,27856.0,48941.0,44553.0,45069.0,40709.0,27856.0,3.5472142696380615,,,,,,,,,12.48956823348999,-0.7999828156191602,0.007865141379670986,0.4,-0.003294613486908693,-0.7539174539678183,-0.0,,,,,,,,,27854.0,413.0,-1131.0,426.0,-491244027.0,-419.0,435.0,-9.0,44.0,12.0,-65.0
792,27866.0,49783.0,44447.0,44407.0,41255.0,27866.0,3.541935443878174,,,,,,,,,12.501881122589111,-0.7999994412032461,-0.0014183316966152855,0.4,0.0005941098067753065,-0.7539801302481534,0.0,,,,,,,,,27864.0,407.0,-1127.0,425.0,-491244027.0,-424.0,448.0,-15.0,54.0,20.0,-63.0
793,27876.0,49870.0,44976.0,43968.0,41014.0,27876.0,3.5472142696380615,,,,,,,,,12.513731002807617,-0.7999702270720713,-0.010352418487192271,0.4,0.004336572306068461,-0.7538699976561571,0.0,,,,,,,,,27874.0,404.0,-1124.0,425.0,-491244026.0,-426.0,457.0,-14.0,31.0,42.0,-70.0
794,27886.0,49478.0,44788.0,44054.0,41452.0,27886.0,3.5472142696380615,,,,,,,,,12.525691747665405,-0.7998957688347534,-0.019367756351692925,0.4,0.008113803948516242,-0.7535893202239511,0.0,,,,,,,,,27884.0,401.0,-1120.0,424.0,-492292602.0,-427.0,466.0,-13.0,58.0,29.0,-74.0
795,27896.0,49795.0,45363.0,43565.0,41045.0,27896.0,3.541935443878174,,,,,,,,,12.538187980651855,-0.7997697220897785,-0.028782009139548093,0.4,0.012059651134857814,-0.7531142345363905,0.0,,,,,,,,,27894.0,398.0,-1117.0,424.0,-492292602.0,-429.0,476.0,-12.0,50.0,31.0,-76.0
796,27906.0,49211.0,44691.0,43765.0,41581.0,27906.0,3.541935443878174,,,,,,,,,12.55060887336731,-0.7995955764175733,-0.03813247445960202,0.4,0.015980972402702024,-0.7524579812504428,0.0,,,,,,,,,27904.0,392.0,-1110.0,425.0,-492292602.0,-434.0,490.0,-7.0,32.0,17.0,-75.0
797,27916.0,49413.0,44165.0,43437.0,42385.0,27916.0,3.541935443878174,,,,,,,,,12.562578678131104,-0.7993816753708839,-0.04713459625014392,0.4,0.019758965326550488,-0.7516521087595885,0.0,,,,,,,,,27914.0,388.0,-1106.0,425.0,-492291577.0,-438.0,500.0,-8.0,36.0,-19.0,-76.0
798,27926.0,48586.0,44092.0,44424.0,42350.0,27926.0,3.541935443878174,,,,,,,,,12.574517726898193,-0.7991232826812701,-0.05610296607393995,0.4,0.023526137690443334,-0.7506789014856389,0.0,,,,,,,,,27924.0,384.0,-1104.0,425.0,-493340153.0,-441.0,506.0,-8.0,-1.0,-54.0,-70.0
799,27936.0,49008.0,43190.0,44256.0,42974.0,27936.0,3.541935443878174,,,,,,,,,12.58620834350586,-0.7988266917043405,-0.06487249563661542,0.4,0.02721363991510461,-0.7495622124558,0.0,,,,,,,,,27934.0,380.0,-1099.0,425.0,-493341177.0,-443.0,517.0,-8.0,-26.0,-52.0,-61.0
800,27946.0,48368.0,43248.0,45038.0,42750.0,27946.0,3.541935443878174,,,,,,,,,12.598662853240967,-0.7984633039205389,-0.07419959938291136,0.4,0.031140472311563524,-0.7481945931244687,0.0,,,,,,,,,27944.0,375.0,-1094.0,425.0,-493341177.0,-448.0,527.0,-7.0,-45.0,-64.0,-56.0
801,27956.0,48156.0,42432.0,45418.0,42614.0,27956.0,3.541935443878174,,,,,,,,,12.610820531845093,-0.7980614156118289,-0.08328689559326666,0.4,0.034971878166111525,-0.746682800731592,0.0,,,,,,,,,27954.0,369.0,-1089.0,426.0,-493341176.0,-454.0,538.0,0.0,-77.0,-59.0,-38.0
802,27966.0,49384.0,42490.0,44466.0,42184.0,27966.0,3.541935443878174,,,,,,,,,12.622210264205933,-0.7976426628982718,-0.09178259176265427,0.4,0.03855942408580486,-0.7451083788193763,0.0,,,,,,,,,27964.0,365.0,-1084.0,426.0,-492292600.0,-456.0,548.0,1.0,-59.0,-71.0,-28.0
803,27976.0,49556.0,42416.0,44546.0,41882.0,27976.0,3.541935443878174,,,,,,,,,12.633856296539307,-0.7971722479706922,-0.1004500095301899,0.4,0.04222565620535534,-0.7433407034186993,0.0,,,,,,,,,27974.0,365.0,-1082.0,426.0,-492293624.0,-452.0,554.0,2.0,-28.0,-69.0,-19.0
804,27986.0,50284.0,42756.0,43738.0,41402.0,27986.0,3.541935443878174,,,,,,,,,12.645325422286987,-0.7966672622162364,-0.1089647497745696,0.4,0.04583398848377229,-0.7414442820009196,0.0,,,,,,,,,27984.0,361.0,-1077.0,426.0,-492293624.0,-454.0,563.0,4.0,11.0,-77.0,-19.0
805,27996.0,50305.0,43097.0,44103.0,40951.0,27996.0,3.5472142696380615,,,,,,,,,12.65737009048462,-0.7960923986762393,-0.11788237793698814,0.4,0.04962082801850234,-0.7392869044811636,0.0,,,,,,,,,27994.0,352.0,-1070.0,426.0,-492293624.0,-465.0,578.0,1.0,47.0,-70.0,-11.0
806,28006.0,50925.0,43475.0,43823.0,39941.0,28006.0,3.5472142696380615,,,,,,,,,12.669138431549072,-0.7954866860206659,-0.12656935100847164,0.4,0.053318047132387414,-0.7370154397015787,0.0,,,,,,,,,28004.0,350.0,-1068.0,426.0,-492293624.0,-463.0,583.0,4.0,83.0,-62.0,1.0
807,28016.0,51754.0,44182.0,43088.0,38864.0,28016.0,3.5472142696380615,,,,,,,,,12.681732654571533,-0.7947902876998287,-0.13583524951410947,0.4,0.05727149628625637,-0.7344060339096892,0.0,,,,,,,,,28014.0,347.0,-1064.0,426.0,-493343224.0,-465.0,590.0,7.0,145.0,-56.0,6.0
808,28026.0,51412.0,43404.0,43594.0,39306.0,28026.0,3.5472142696380615,,,,,,,,,12.693684339523315,-0.7940833934247156,-0.14459698930550727,0.4,0.061019933922286156,-0.731759637054418,0.0,,,,,,,,,28024.0,343.0,-1058.0,426.0,-493343224.0,-466.0,601.0,8.0,191.0,-44.0,15.0
809,28036.0,51234.0,43528.0,43718.0,38568.0,28036.0,3.5472142696380615,,,,,,,,,12.705536365509033,-0.7933381722071959,-0.1532534657935793,0.4,0.06473371773650685,-0.7289723055501096,0.0,,,,,,,,,28034.0,337.0,-1051.0,427.0,-494391800.0,-472.0,616.0,15.0,232.0,-43.0,20.0
810,28046.0,52162.0,42684.0,42910.0,39104.0,28046.0,3.5472142696380615,,,,,,,,,12.71768856048584,-0.7925283973619169,-0.16209386604885956,0.4,0.06853782911719267,-0.7259464927060547,0.0,,,,,,,,,28044.0,332.0,-1045.0,427.0,-495440376.0,-475.0,625.0,17.0,210.0,-46.0,25.0
811,28056.0,51759.0,42731.0,43313.0,38917.0,28056.0,3.5472142696380615,,,,,,,,,12.729552984237671,-0.7916932221052646,-0.17068846847028699,0.4,0.07224800362919004,-0.7228290054199339,0.0,,,,,,,,,28054.0,329.0,-1042.0,427.0,-496488952.0,-475.0,630.0,17.0,193.0,-89.0,26.0
812,28066.0,52322.0,41814.0,42898.0,39634.0,28066.0,3.5472142696380615,,,,,,,,,12.7417311668396,-0.7907902047216163,-0.17947088136524794,0.4,0.07605211753190866,-0.7194619798283971,0.0,,,,,,,,,28064.0,327.0,-1038.0,428.0,-496489976.0,-473.0,637.0,18.0,181.0,-101.0,32.0
813,28076.0,52137.0,41561.0,43225.0,39685.0,28076.0,3.5472142696380615,,,,,,,,,12.753726482391357,-0.7898554840774112,-0.1880803388847412,0.4,0.07979475710329777,-0.7159807916357983,0.0,,,,,,,,,28074.0,323.0,-1033.0,428.0,-497538552.0,-474.0,643.0,18.0,141.0,-127.0,36.0
814,28086.0,51997.0,41113.0,43537.0,40393.0,28086.0,3.5472142696380615,,,,,,,,,12.765159606933594,-0.788922808471817,-0.19624654348695675,0.4,0.08335777242122586,-0.7125113235230819,0.0,,,,,,,,,28084.0,318.0,-1026.0,427.0,-498588152.0,-478.0,656.0,13.0,157.0,-114.0,33.0
815,28096.0,51404.0,41142.0,44018.0,40408.0,28096.0,3.55249285697937,,,,,,,,,12.77712345123291,-0.7879032487797932,-0.2047484187653357,0.4,0.08708157224105463,-0.7087233443577617,0.0,,,,,,,,,28094.0,314.0,-1019.0,427.0,-498588153.0,-478.0,666.0,13.0,144.0,-94.0,29.0
816,28106.0,51566.0,42306.0,43556.0,39348.0,28106.0,3.5472142696380615,,,,,,,,,12.788758993148804,-0.7868689606160927,-0.21297261863945038,0.4,0.09069846833415861,-0.7048856495655182,0.0,,,,,,,,,28104.0,311.0,-1015.0,428.0,-499636729.0,-478.0,670.0,14.0,121.0,-59.0,21.0
817,28116.0,51676.0,43262.0,43244.0,38474.0,28116.0,3.5472142696380615,,,,,,,,,12.800816297531128,-0.7857528116943852,-0.22144686840602282,0.4,0.09444135198289844,-0.7007498682759498,0.0,,,,,,,,,28114.0,309.0,-1011.0,428.0,-500686329.0,-475.0,674.0,14.0,119.0,-25.0,16.0
818,28126.0,49461.0,42711.0,45189.0,38955.0,28126.0,3.5472142696380615,,,,,,,,,12.812355518341064,-0.7846423894076184,-0.22950941133599087,0.4,0.09801833671885024,-0.6966411320113265,0.0,,,,,,,,,28124.0,298.0,-999.0,428.0,-500686329.0,-487.0,694.0,18.0,129.0,10.0,7.0
819,28136.0,49629.0,42877.0,45211.0,38475.0,28136.0,3.55249285697937,,,,,,,,,12.82390832901001,-0.7834893404267594,-0.23753310607322997,0.4,0.10159437242529203,-0.692380819722689,0.0,,,,,,,,,28134.0,296.0,-996.0,429.0,-500686329.0,-484.0,695.0,18.0,126.0,46.0,16.0
820,28146.0,49693.0,42969.0,45209.0,38345.0,28146.0,3.5472142696380615,,,,,,,,,12.835544109344482,-0.7822862823502099,-0.24556381810906266,0.4,0.10519067908029131,-0.6879424113725039,0.0,,,,,,,,,28144.0,293.0,-991.0,429.0,-501734905.0,-484.0,702.0,17.0,110.0,68.0,15.0
821,28156.0,49794.0,43132.0,45140.0,38242.0,28156.0,3.5472142696380615,,,,,,,,,12.84786868095398,-0.7809664101683619,-0.2540126244176443,0.4,0.10899373690843711,-0.6830808900258272,0.0,,,,,,,,,28154.0,290.0,-985.0,429.0,-501734905.0,-483.0,708.0,16.0,124.0,70.0,12.0
822,28166.0,50103.0,42657.0,44659.0,38649.0,28166.0,3.55249285697937,,,,,,,,,12.86008882522583,-0.7796114836780865,-0.2623296939029333,0.4,0.11275811865274665,-0.6780987914005042,0.0,,,,,,,,,28164.0,286.0,-981.0,430.0,-502783481.0,-483.0,711.0,18.0,120.0,66.0,12.0
823,28176.0,50036.0,42422.0,44420.0,39138.0,28176.0,3.55249285697937,,,,,,,,,12.87173342704773,-0.7782776052246178,-0.2701975172537597,0.4,0.11633902412530579,-0.6732025375168401,0.0,,,,,,,,,28174.0,279.0,-970.0,430.0,-502782457.0,-489.0,726.0,18.0,96.0,42.0,2.0
824,28186.0,50178.0,41610.0,44060.0,39972.0,28186.0,3.55249285697937,,,,,,,,,12.883199214935303,-0.7769235019641942,-0.2778880016575092,0.4,0.11985885729318912,-0.6682406207308753,0.0,,,,,,,,,28184.0,277.0,-968.0,430.0,-503831033.0,-486.0,726.0,20.0,63.0,13.0,6.0
825,28196.0,51404.0,41510.0,42716.0,40146.0,28196.0,3.55249285697937,,,,,,,,,12.89501667022705,-0.7754856715235455,-0.2857539743132014,0.4,0.12348013561414482,-0.6629813562620341,0.0,,,,,,,,,28194.0,274.0,-961.0,430.0,-503831033.0,-485.0,732.0,19.0,69.0,-27.0,8.0
826,28206.0,51339.0,41675.0,42543.0,40239.0,28206.0,3.55249285697937,,,,,,,,,12.907176733016968,-0.773961525318559,-0.29378219402091366,0.4,0.12719929209906936,-0.657417004900205,0.0,,,,,,,,,28204.0,271.0,-955.0,431.0,-503831034.0,-484.0,738.0,18.0,83.0,-77.0,-4.0
827,28216.0,50865.0,40671.0,43009.0,40879.0,28216.0,3.55249285697937,,,,,,,,,12.919094800949097,-0.7724238697292687,-0.3015840944215516,0.4,0.13083723071117842,-0.6518144264481193,0.0,,,,,,,,,28214.0,265.0,-945.0,432.0,-504879609.0,-488.0,752.0,22.0,71.0,-101.0,4.0
828,28226.0,51107.0,41175.0,42967.0,40171.0,28226.0,3.55249285697937,,,,,,,,,12.931601762771606,-0.7707636604065431,-0.3096987298174959,0.4,0.13464703358848715,-0.6457778224135384,0.0,,,,,,,,,28224.0,262.0,-941.0,432.0,-504880634.0,-488.0,753.0,21.0,97.0,-99.0,13.0
829,28236.0,51890.0,41470.0,42136.0,39844.0,28236.0,3.55249285697937,,,,,,,,,12.943801879882812,-0.7690983216802261,-0.3175405906681292,0.4,0.13835535752119607,-0.6397356166026459,0.0,,,,,,,,,28234.0,259.0,-936.0,432.0,-505929210.0,-486.0,756.0,21.0,106.0,-96.0,12.0
830,28246.0,51357.0,41841.0,42321.0,39609.0,28246.0,3.55249285697937,,,,,,,,,12.955810785293579,-0.7674149474840549,-0.32518666698447873,0.4,0.1419976225229854,-0.6336412564327605,0.0,,,,,,,,,28244.0,256.0,-931.0,432.0,-505930234.0,-486.0,759.0,22.0,147.0,-77.0,0.0
831,28256.0,51048.0,42872.0,42552.0,38588.0,28256.0,3.55249285697937,,,,,,,,,12.968660354614258,-0.7655653477979529,-0.33328593781052224,0.4,0.14588589995190948,-0.6269605028746136,0.0,,,,,,,,,28254.0,252.0,-926.0,432.0,-506978810.0,-486.0,762.0,22.0,165.0,-33.0,-2.0
832,28266.0,50583.0,43133.0,43279.0,38189.0,28266.0,3.55249285697937,,,,,,,,,12.981674194335938,-0.7636412402757635,-0.34140017118621396,0.4,0.14981419206336147,-0.6200277354045939,0.0,,,,,,,,,28264.0,247.0,-916.0,433.0,-506978810.0,-488.0,773.0,20.0,179.0,15.0,5.0
833,28276.0,49988.0,43164.0,44088.0,38072.0,28276.0,3.5577714443206787,,,,,,,,,12.993595361709595,-0.7618338751815682,-0.3487530417159392,0.4,0.15340387164390873,-0.6135314940166907,0.0,,,,,,,,,28274.0,244.0,-911.0,433.0,-508027386.0,-487.0,777.0,18.0,160.0,70.0,4.0
834,28286.0,49012.0,43168.0,45022.0,38258.0,28286.0,3.55249285697937,,,,,,,,,13.005988597869873,-0.7599096268949221,-0.35631408205623927,0.4,0.1571265723102635,-0.606632056266677,0.0,,,,,,,,,28284.0,241.0,-905.0,433.0,-509075962.0,-485.0,780.0,16.0,153.0,109.0,-1.0
835,28296.0,49412.0,43410.0,44242.0,38016.0,28296.0,3.5577714443206787,,,,,,,,,13.019217491149902,-0.7578047897556559,-0.3642895497760421,0.4,0.16108977070994193,-0.5991050947828569,0.0,,,,,,,,,28294.0,236.0,-900.0,434.0,-509075962.0,-487.0,782.0,19.0,119.0,139.0,-8.0
836,28306.0,48018.0,42980.0,45616.0,38494.0,28306.0,3.5577714443206787,,,,,,,,,13.032153367996216,-0.7556959443656184,-0.3719910278803206,0.4,0.16495442490818807,-0.5915847368286105,0.0,,,,,,,,,28304.0,230.0,-891.0,434.0,-510123514.0,-490.0,791.0,17.0,68.0,168.0,-6.0
837,28316.0,47978.0,42734.0,45614.0,38954.0,28316.0,3.55249285697937,,,,,,,,,13.04394268989563,-0.7537305287966176,-0.3789243338749939,0.4,0.16846705579246324,-0.5845947317595359,0.0,,,,,,,,,28314.0,226.0,-886.0,434.0,-510123514.0,-491.0,792.0,16.0,34.0,168.0,-17.0
838,28326.0,47557.0,42511.0,46027.0,39345.0,28326.0,3.55249285697937,,,,,,,,,13.055700778961182,-0.7517291269708728,-0.38575643809068233,0.4,0.17196117392111077,-0.577495447773038,0.0,,,,,,,,,28324.0,223.0,-879.0,435.0,-511171066.0,-489.0,796.0,13.0,-17.0,154.0,-13.0
839,28336.0,48410.0,41906.0,45258.0,39910.0,28336.0,3.55249285697937,,,,,,,,,13.068787574768066,-0.7494533185961756,-0.3932614997769357,0.4,0.17583909522432417,-0.5694457364778692,0.0,,,,,,,,,28334.0,219.0,-874.0,435.0,-511171066.0,-490.0,798.0,11.0,-30.0,128.0,-13.0
840,28346.0,48482.0,41146.0,45036.0,40840.0,28346.0,3.55249285697937,,,,,,,,,13.081332921981812,-0.7472240960165009,-0.4003562300130773,0.4,0.1795454149451789,-0.5615844653582126,0.0,,,,,,,,,28344.0,212.0,-863.0,435.0,-511170042.0,-496.0,810.0,11.0,-45.0,71.0,-13.0
841,28356.0,48720.0,41056.0,44816.0,40844.0,28356.0,3.55249285697937,,,,,,,,,13.093042373657227,-0.7451015133352961,-0.40688849760971607,0.4,0.18299472195122085,-0.5541210202282844,0.0,,,,,,,,,28354.0,208.0,-856.0,435.0,-510121466.0,-498.0,815.0,11.0,-39.0,21.0,-9.0
842,28366.0,49225.0,41203.0,44449.0,40707.0,28366.0,3.55249285697937,,,,,,,,,13.105016946792603,-0.7428891609767586,-0.4134775442524242,0.4,0.1865118812595378,-0.5463645229735264,0.0,,,,,,,,,28364.0,206.0,-852.0,435.0,-511170042.0,-495.0,813.0,9.0,-27.0,6.0,-4.0
843,28377.0,50901.0,41305.0,43161.0,40361.0,28377.0,3.55249285697937,,,,,,,,,13.117662906646729,-0.7405071133718649,-0.42033434938407577,0.4,0.1902147729458582,-0.5380388613404942,0.0,,,,,,,,,28374.0,201.0,-844.0,435.0,-510121466.0,-497.0,818.0,7.0,33.0,-31.0,1.0
844,28386.0,51225.0,41789.0,42641.0,39741.0,28386.0,3.55249285697937,,,,,,,,,13.130694389343262,-0.7380035381212728,-0.42728912121711893,0.4,0.1940179842630444,-0.529317259760993,0.0,,,,,,,,,28384.0,198.0,-840.0,436.0,-511170042.0,-496.0,818.0,10.0,112.0,-60.0,0.0
845,28397.0,51455.0,41851.0,42161.0,39917.0,28396.0,3.55249285697937,,,,,,,,,13.142653703689575,-0.7356624026449478,-0.43357090235871415,0.4,0.1974968455477369,-0.5211882671567839,0.0,,,,,,,,,28394.0,190.0,-828.0,436.0,-511170042.0,-504.0,831.0,10.0,150.0,-67.0,-6.0
846,28406.0,51817.0,42161.0,41865.0,39501.0,28406.0,3.55249285697937,,,,,,,,,13.155102014541626,-0.7331814232846382,-0.44000550419587137,0.4,0.20110610416404204,-0.512601891017153,0.0,,,,,,,,,28404.0,185.0,-821.0,436.0,-511170042.0,-505.0,834.0,10.0,194.0,-78.0,-7.0
847,28416.0,51253.0,42687.0,42459.0,38969.0,28416.0,3.55249285697937,,,,,,,,,13.16730809211731,-0.7307051685269379,-0.44621035762155137,0.4,0.20463318512415665,-0.5040607893382985,0.0,,,,,,,,,28414.0,184.0,-815.0,436.0,-512219642.0,-502.0,834.0,9.0,236.0,-56.0,-9.0
848,28426.0,51586.0,43830.0,42142.0,38146.0,28426.0,3.55249285697937,,,,,,,,,13.180107116699219,-0.7280624637882673,-0.4526038528916932,0.4,0.20831867373320906,-0.49497744249171494,0.0,,,,,,,,,28424.0,179.0,-810.0,436.0,-513268218.0,-504.0,835.0,5.0,275.0,-28.0,-18.0
849,28436.0,51099.0,43369.0,42771.0,38557.0,28436.0,3.5577714443206787,,,,,,,,,13.1922607421875,-0.7255094333063494,-0.4585666044009314,0.4,0.21180585255830242,-0.4862335732576336,0.0,,,,,,,,,28434.0,174.0,-799.0,436.0,-514316794.0,-506.0,847.0,4.0,272.0,-5.0,-11.0
850,28446.0,51471.0,43251.0,42483.0,38655.0,28446.0,3.55249285697937,,,,,,,,,13.204257249832153,-0.7229479167225612,-0.4643473815364872,0.4,0.21523583853354475,-0.47749150848667005,0.0,,,,,,,,,28444.0,172.0,-792.0,436.0,-515365370.0,-503.0,848.0,3.0,247.0,4.0,-8.0
851,28456.0,50426.0,42716.0,43538.0,39152.0,28456.0,3.55249285697937,,,,,,,,,13.217249155044556,-0.7201275373146059,-0.4704887477434837,0.4,0.21893662507163758,-0.46790174909334536,0.0,,,,,,,,,28454.0,167.0,-788.0,436.0,-516413946.0,-504.0,845.0,3.0,236.0,17.0,-6.0
852,28466.0,51512.0,42794.0,43170.0,39604.0,28466.0,3.55249285697937,,,,,,,,,13.230496883392334,-0.717202210806702,-0.4766219020737174,0.4,0.2226952594077965,-0.45799475516553884,0.0,,,,,,,,,28464.0,164.0,-782.0,434.0,-517462522.0,-503.0,846.0,-9.0,173.0,12.0,0.0
853,28476.0,50948.0,42578.0,43868.0,39918.0,28476.0,3.55249285697937,,,,,,,,,13.242709159851074,-0.7144615078108094,-0.48215871712071806,0.4,0.2261464545644853,-0.44874960159105937,0.0,,,,,,,,,28474.0,162.0,-777.0,434.0,-518511098.0,-500.0,845.0,-11.0,112.0,21.0,1.0
854,28486.0,50845.0,42515.0,43853.0,40131.0,28486.0,3.55249285697937,,,,,,,,,13.254695177078247,-0.7117306773456546,-0.48748254251398926,0.4,0.22952076273596136,-0.43957295666710405,0.0,,,,,,,,,28484.0,155.0,-766.0,434.0,-518511098.0,-507.0,853.0,-12.0,69.0,23.0,-6.0
855,28496.0,50422.0,42082.0,44262.0,40550.0,28496.0,3.5472142696380615,,,,,,,,,13.267322301864624,-0.7088101202281809,-0.49297148322875556,0.4,0.23306147147254364,-0.42979764638671414,0.0,,,,,,,,,28494.0,151.0,-759.0,434.0,-519559674.0,-506.0,855.0,-11.0,31.0,38.0,-7.0
856,28506.0,50568.0,42202.0,44060.0,40626.0,28506.0,3.5472142696380615,,,,,,,,,13.280898094177246,-0.7056203782612697,-0.4987343087457852,0.4,0.2368518202280977,-0.4191672783488222,0.0,,,,,,,,,28504.0,147.0,-754.0,434.0,-519559674.0,-507.0,853.0,-12.0,6.0,28.0,-14.0
857,28516.0,50298.0,41904.0,44412.0,41278.0,28516.0,3.5472142696380615,,,,,,,,,13.292999505996704,-0.7027337672488633,-0.5037489627168911,0.4,0.24021600430110612,-0.4095884745739757,0.0,,,,,,,,,28514.0,144.0,-748.0,433.0,-519559674.0,-506.0,852.0,-17.0,-26.0,31.0,-24.0
858,28526.0,49933.0,43037.0,44839.0,40083.0,28526.0,3.541935443878174,,,,,,,,,13.304994106292725,-0.6998325428061176,-0.50860440417771,0.4,0.24353679099155912,-0.4000007430003002,0.0,,,,,,,,,28524.0,137.0,-738.0,433.0,-519559674.0,-511.0,859.0,-17.0,-19.0,68.0,-17.0
859,28536.0,50152.0,42010.0,44542.0,41196.0,28536.0,3.541935443878174,,,,,,,,,13.31761622428894,-0.6967366166386393,-0.5135890718566071,0.4,0.2470163699857979,-0.3898133237751513,0.0,,,,,,,,,28534.0,132.0,-731.0,433.0,-519559673.0,-514.0,861.0,-16.0,-28.0,48.0,-24.0
860,28546.0,49774.0,42056.0,44984.0,41246.0,28546.0,3.541935443878174,,,,,,,,,13.330996990203857,-0.6934067634003966,-0.5187322234601689,0.4,0.2506881179966036,-0.3789065620708393,0.0,,,,,,,,,28544.0,127.0,-725.0,433.0,-519559673.0,-515.0,860.0,-17.0,-14.0,53.0,-25.0
861,28556.0,51448.0,42296.0,43244.0,40696.0,28556.0,3.541935443878174,,,,,,,,,13.34305453300476,-0.690364210505928,-0.5232411861522441,0.4,0.2539815966055515,-0.36898652055308334,0.0,,,,,,,,,28554.0,124.0,-719.0,434.0,-519558649.0,-515.0,859.0,-13.0,-13.0,63.0,-13.0
862,28566.0,51218.0,43050.0,43634.0,39850.0,28566.0,3.541935443878174,,,,,,,,,13.35504674911499,-0.687298839443956,-0.5276065716492168,0.4,0.2572427727179807,-0.3590361970717084,0.0,,,,,,,,,28564.0,120.0,-714.0,434.0,-519558649.0,-514.0,857.0,-13.0,32.0,59.0,-4.0
863,28576.0,50871.0,42249.0,44019.0,40601.0,28576.0,3.541935443878174,,,,,,,,,13.367999792098999,-0.6839440372139101,-0.5321870845388011,0.4,0.2607488245279047,-0.3481971165242142,0.0,,,,,,,,,28574.0,113.0,-702.0,433.0,-519558649.0,-521.0,867.0,-13.0,57.0,46.0,0.0
864,28586.0,50791.0,42821.0,44083.0,39981.0,28586.0,3.541935443878174,,,,,,,,,13.380505800247192,-0.6806620291190485,-0.53647574354353,0.4,0.2641174907398984,-0.33764455041553254,0.0,,,,,,,,,28584.0,108.0,-697.0,433.0,-520607225.0,-522.0,865.0,-12.0,83.0,35.0,1.0
865,28596.0,51153.0,42303.0,43811.0,40157.0,28596.0,3.541935443878174,,,,,,,,,13.392574548721313,-0.6774549224273306,-0.5404888386330755,0.4,0.26735291493056684,-0.32738184851913676,0.0,,,,,,,,,28594.0,106.0,-691.0,434.0,-520607225.0,-520.0,863.0,-9.0,60.0,21.0,13.0
866,28606.0,51350.0,42408.0,43914.0,39964.0,28606.0,3.541935443878174,,,,,,,,,13.405000448226929,-0.6741122084076769,-0.5444907966947159,0.4,0.2706680208244323,-0.3167367917846986,0.0,,,,,,,,,28604.0,102.0,-685.0,434.0,-521655801.0,-521.0,862.0,-11.0,77.0,16.0,25.0
867,28616.0,51533.0,42845.0,43829.0,39581.0,28616.0,3.5472142696380615,,,,,,,,,13.417671203613281,-0.6706613132348236,-0.5484349013432868,0.4,0.2740314608730547,-0.3058024649168137,0.0,,,,,,,,,28614.0,94.0,-675.0,434.0,-521655801.0,-528.0,870.0,-13.0,109.0,22.0,28.0
868,28626.0,52085.0,43001.0,43427.0,39251.0,28626.0,3.541935443878174,,,,,,,,,13.429755449295044,-0.6673305498566144,-0.5520669181762574,0.4,0.27722303434065043,-0.29530200335868534,0.0,,,,,,,,,28624.0,91.0,-669.0,434.0,-521655802.0,-527.0,868.0,-12.0,138.0,24.0,37.0
869,28636.0,52279.0,42783.0,43327.0,39319.0,28636.0,3.541935443878174,,,,,,,,,13.44190001487732,-0.6639444010056852,-0.5555888044627947,0.4,0.2804144369314813,-0.28468052565535745,0.0,,,,,,,,,28634.0,88.0,-664.0,434.0,-522704378.0,-526.0,864.0,-12.0,157.0,6.0,42.0
870,28646.0,52294.0,43162.0,43530.0,38878.0,28646.0,3.5472142696380615,,,,,,,,,13.454161167144775,-0.6604865283815029,-0.5590132303015627,0.4,0.2836199126327266,-0.27388983004991846,0.0,,,,,,,,,28644.0,82.0,-658.0,433.0,-523752954.0,-528.0,862.0,-13.0,161.0,27.0,54.0
871,28656.0,52814.0,42612.0,43360.0,39134.0,28656.0,3.5472142696380615,,,,,,,,,13.465638637542725,-0.6572141429418692,-0.5620985408351954,0.4,0.2866052579374814,-0.2637298617035117,0.0,,,,,,,,,28654.0,79.0,-653.0,433.0,-523752954.0,-528.0,860.0,-13.0,171.0,16.0,74.0
872,28666.0,51957.0,42295.0,44511.0,39333.0,28666.0,3.5472142696380615,,,,,,,,,13.478403329849243,-0.653534616664334,-0.5653925144759432,0.4,0.2899079027928868,-0.25236608999811566,0.0,,,,,,,,,28664.0,71.0,-641.0,433.0,-524800506.0,-536.0,870.0,-14.0,134.0,26.0,85.0
873,28676.0,51787.0,42679.0,44909.0,38813.0,28676.0,3.541935443878174,,,,,,,,,13.490687608718872,-0.6499538756577363,-0.568425162370738,0.4,0.29306864274122685,-0.24136865895997572,0.0,,,,,,,,,28674.0,66.0,-635.0,433.0,-524800507.0,-537.0,867.0,-15.0,105.0,35.0,90.0
874,28686.0,52832.0,41476.0,43974.0,40094.0,28686.0,3.541935443878174,,,,,,,,,13.502299785614014,-0.6465334412667818,-0.5711673607401752,0.4,0.29604040171835916,-0.23091999714001796,0.0,,,,,,,,,28684.0,63.0,-629.0,432.0,-525849083.0,-536.0,865.0,-17.0,56.0,10.0,87.0
875,28696.0,51672.0,41432.0,45146.0,39930.0,28696.0,3.541935443878174,,,,,,,,,13.513913631439209,-0.643078090627494,-0.5737883076242714,0.4,0.29899682512924974,-0.22042065304662356,0.0,,,,,,,,,28694.0,59.0,-623.0,432.0,-525849083.0,-537.0,863.0,-15.0,52.0,-3.0,89.0
876,28706.0,52173.0,41613.0,44663.0,39667.0,28706.0,3.541935443878174,,,,,,,,,13.526642560958862,-0.6392516545006539,-0.5765205035792481,0.4,0.3022188111675886,-0.20885938898542775,0.0,,,,,,,,,28704.0,52.0,-611.0,432.0,-525849084.0,-543.0,871.0,-14.0,11.0,-9.0,87.0
877,28716.0,52070.0,41180.0,45148.0,39690.0,28716.0,3.541935443878174,,,,,,,,,13.53827714920044,-0.63571841384679,-0.578888793249557,0.4,0.3051468894413687,-0.19824526041102356,0.0,,,,,,,,,28714.0,47.0,-607.0,432.0,-526897660.0,-544.0,866.0,-13.0,11.0,-50.0,108.0
878,28726.0,52542.0,41440.0,44782.0,39228.0,28726.0,3.541935443878174,,,,,,,,,13.550797939300537,-0.631878100776587,-0.5812992243030404,0.4,0.30827977659842015,-0.18677538229661625,0.0,,,,,,,,,28724.0,42.0,-601.0,432.0,-526898684.0,-546.0,864.0,-11.0,32.0,-38.0,113.0
879,28736.0,52545.0,41629.0,44895.0,38947.0,28736.0,3.541935443878174,,,,,,,,,13.562988996505737,-0.6281013439567785,-0.583507912146858,0.4,0.3113118289375046,-0.17556311046514791,0.0,,,,,,,,,28734.0,39.0,-594.0,432.0,-526898685.0,-544.0,862.0,-11.0,58.0,-36.0,116.0
880,28746.0,52793.0,41321.0,44691.0,39079.0,28746.0,3.541935443878174,,,,,,,,,13.575319528579712,-0.6242438914511295,-0.5856025647823773,0.4,0.31435998920947344,-0.16418065941050358,0.0,,,,,,,,,28744.0,35.0,-589.0,432.0,-526898685.0,-544.0,858.0,-10.0,47.0,-23.0,116.0
881,28756.0,53784.0,41530.0,43734.0,38588.0,28756.0,3.541935443878174,,,,,,,,,13.587358474731445,-0.6204415054867429,-0.5875120381484359,0.4,0.31731786462733225,-0.153029322720648,0.0,,,,,,,,,28754.0,28.0,-579.0,432.0,-526898686.0,-550.0,864.0,-7.0,105.0,-49.0,121.0
882,28766.0,53586.0,42394.0,43936.0,37576.0,28766.0,3.541935443878174,,,,,,,,,13.599656820297241,-0.6165205361230156,-0.5893238104559321,0.4,0.3203207238102634,-0.1416015667513161,0.0,,,,,,,,,28764.0,22.0,-574.0,432.0,-527947262.0,-554.0,859.0,-6.0,141.0,-9.0,118.0
883,28776.0,53730.0,41476.0,43632.0,38262.0,28776.0,3.5472142696380615,,,,,,,,,13.611347436904907,-0.6127591908061022,-0.5909155673292429,0.4,0.32315746576116483,-0.13070712297634746,0.0,,,,,,,,,28774.0,19.0,-567.0,432.0,-528995838.0,-552.0,858.0,-2.0,145.0,-24.0,113.0
884,28786.0,53520.0,41838.0,43990.0,37720.0,28786.0,3.5472142696380615,,,,,,,,,13.623783111572266,-0.6087218456575059,-0.5924687809867605,0.4,0.32615585514378354,-0.1190874543356881,0.0,,,,,,,,,28784.0,15.0,-561.0,432.0,-528996863.0,-552.0,854.0,-1.0,157.0,-28.0,117.0
885,28796.0,54012.0,41408.0,43692.0,37956.0,28796.0,3.5472142696380615,,,,,,,,,13.635709047317505,-0.6048150787014221,-0.5938224249340367,0.4,0.32901263801647296,-0.1079167222240198,0.0,,,,,,,,,28794.0,6.0,-550.0,432.0,-530045439.0,-560.0,861.0,-1.0,157.0,-43.0,126.0
886,28806.0,53760.0,41580.0,43938.0,37726.0,28806.0,3.5472142696380615,,,,,,,,,13.648662805557251,-0.6005331427917135,-0.595141616856675,0.4,0.3320946935332907,-0.0957558750653143,0.0,,,,,,,,,28804.0,2.0,-545.0,432.0,-530045440.0,-560.0,857.0,-1.0,153.0,-40.0,118.0
887,28816.0,54077.0,40839.0,43765.0,38395.0,28816.0,3.5472142696380615,,,,,,,,,13.661510229110718,-0.5962470621922389,-0.5962942206102869,0.4,0.33512972039202005,-0.08366978386677881,0.0,,,,,,,,,28814.0,-1.0,-540.0,432.0,-531094528.0,-559.0,851.0,-1.0,140.0,-63.0,118.0
888,28826.0,53221.0,40997.0,44533.0,38313.0,28826.0,3.5472142696380615,,,,,,,,,13.673454284667969,-0.592227501499658,-0.5972263742036455,0.4,0.33793175493803257,-0.07241389963014401,0.0,,,,,,,,,28824.0,-6.0,-534.0,432.0,-532143103.0,-561.0,849.0,-1.0,87.0,-54.0,107.0
889,28836.0,53623.0,40597.0,44207.0,38741.0,28836.0,3.5472142696380615,,,,,,,,,13.685540199279785,-0.5881262508457327,-0.5980326509439816,0.4,0.3407476958308622,-0.06100773505093267,0.0,,,,,,,,,28834.0,-13.0,-522.0,432.0,-532143103.0,-566.0,855.0,-3.0,80.0,-36.0,100.0
890,28846.0,53323.0,40949.0,44489.0,38459.0,28846.0,3.5472142696380615,,,,,,,,,13.698755264282227,-0.5836030257796353,-0.5987563750869465,0.4,0.34380422694581936,-0.04851991548085859,0.0,,,,,,,,,28844.0,-17.0,-517.0,432.0,-533192703.0,-565.0,849.0,-3.0,45.0,-41.0,90.0
891,28856.0,54399.0,40501.0,43493.0,39007.0,28856.0,3.5472142696380615,,,,,,,,,13.711182117462158,-0.5793128748899314,-0.5992862953150415,0.4,0.34665683052948826,-0.03676466163281856,0.0,,,,,,,,,28854.0,-21.0,-513.0,431.0,-533192702.0,-565.0,844.0,-5.0,55.0,-65.0,85.0
892,28866.0,53521.0,41139.0,44173.0,38499.0,28866.0,3.5472142696380615,,,,,,,,,13.723093509674072,-0.5751675236667925,-0.5996570634993846,0.4,0.34937127434508736,-0.02548855867473142,0.0,,,,,,,,,28864.0,-25.0,-509.0,431.0,-533192702.0,-564.0,836.0,-4.0,49.0,-79.0,66.0
893,28876.0,54301.0,40761.0,43435.0,38883.0,28876.0,3.5472142696380615,,,,,,,,,13.734721899032593,-0.5710895827330514,-0.5998894225949191,0.4,0.3520023496552052,-0.014474836722469119,0.0,,,,,,,,,28874.0,-28.0,-502.0,431.0,-534242302.0,-560.0,834.0,-5.0,41.0,-72.0,63.0
894,28886.0,53674.0,41548.0,44078.0,38240.0,28886.0,3.5472142696380615,,,,,,,,,13.746641874313354,-0.5668777455981299,-0.599994657626694,0.4,0.3546798955233711,-0.0031817542739741053,0.0,,,,,,,,,28884.0,-36.0,-492.0,431.0,-534242301.0,-567.0,837.0,-6.0,38.0,-56.0,54.0
895,28896.0,53791.0,41227.0,44061.0,38545.0,28896.0,3.5472142696380615,,,,,,,,,13.758593082427979,-0.5626229498356943,-0.5999650187988218,0.4,0.3573444836820694,0.008141632890220673,0.0,,,,,,,,,28894.0,-42.0,-485.0,431.0,-534242301.0,-570.0,835.0,-7.0,37.0,-40.0,55.0
896,28906.0,52973.0,41423.0,44635.0,38309.0,28906.0,3.5472142696380615,,,,,,,,,13.770698547363281,-0.5582808959141207,-0.599797046646192,0.4,0.36002292211522946,0.019609290235462755,0.0,,,,,,,,,28904.0,-46.0,-480.0,431.0,-534242301.0,-569.0,830.0,-4.0,32.0,-34.0,43.0
897,28916.0,52484.0,41556.0,45120.0,38204.0,28916.0,3.5472142696380615,,,,,,,,,13.782261371612549,-0.5541033171754485,-0.5995069997323544,0.4,0.36256185015902037,0.03055869718025924,0.0,,,,,,,,,28914.0,-51.0,-475.0,431.0,-534242301.0,-570.0,824.0,-5.0,0.0,-9.0,37.0
898,28926.0,52669.0,41133.0,45041.0,38701.0,28926.0,3.541935443878174,,,,,,,,,13.793867826461792,-0.5498805628290329,-0.5990885701810084,0.4,0.3650911131192574,0.04154292889126408,0.0,,,,,,,,,28924.0,-59.0,-463.0,431.0,-534242301.0,-575.0,831.0,-6.0,-6.0,11.0,36.0
899,28936.0,51922.0,41652.0,45828.0,38178.0,28936.0,3.541935443878174,,,,,,,,,13.806528806686401,-0.5452408009715901,-0.5984867942443737,0.4,0.36782803003115166,0.05351499421245934,0.0,,,,,,,,,28934.0,-64.0,-459.0,431.0,-534242301.0,-577.0,824.0,-7.0,-11.0,52.0,36.0
900,28946.0,53144.0,41832.0,44478.0,38062.0,28946.0,3.541935443878174,,,,,,,,,13.81840467453003,-0.5408573853077666,-0.597784635930395,0.4,0.37037407576596965,0.06473241159917158,0.0,,,,,,,,,28944.0,-68.0,-454.0,431.0,-535290876.0,-574.0,817.0,-6.0,-8.0,47.0,30.0
901,28956.0,52575.0,41985.0,45107.0,37893.0,28956.0,3.541935443878174,,,,,,,,,13.83026123046875,-0.536451056813304,-0.596950810465826,0.4,0.3728954096908453,0.07591720767027675,0.0,,,,,,,,,28954.0,-73.0,-447.0,431.0,-535290876.0,-574.0,816.0,-6.0,17.0,43.0,27.0
902,28966.0,53427.0,41909.0,44183.0,38141.0,28966.0,3.541935443878174,,,,,,,,,13.841892719268799,-0.5320994405238418,-0.5960040454655615,0.4,0.3753487739361521,0.08687332767821863,0.0,,,,,,,,,28964.0,-78.0,-443.0,431.0,-535290876.0,-575.0,809.0,-7.0,29.0,20.0,16.0
903,28976.0,53244.0,41908.0,44406.0,38238.0,28976.0,3.541935443878174,,,,,,,,,13.853378057479858,-0.5277746152710812,-0.5949442352344047,0.4,0.3777516406186361,0.09767358148796294,0.0,,,,,,,,,28974.0,-86.0,-432.0,431.0,-535290876.0,-581.0,815.0,-8.0,50.0,-18.0,19.0
904,28986.0,53194.0,42234.0,44550.0,37886.0,28986.0,3.541935443878174,,,,,,,,,13.865224838256836,-0.5232848947263999,-0.5937212341715195,0.4,0.3802095134233392,0.1087923772288692,0.0,,,,,,,,,28984.0,-89.0,-425.0,431.0,-535290876.0,-578.0,812.0,-9.0,70.0,-13.0,22.0
905,28996.0,53128.0,41666.0,44586.0,38488.0,28996.0,3.5472142696380615,,,,,,,,,13.877147912979126,-0.5187369867560376,-0.5923575021808517,0.4,0.38266194487247135,0.11995842914662916,0.0,,,,,,,,,28994.0,-93.0,-422.0,431.0,-536339452.0,-577.0,804.0,-9.0,71.0,-2.0,14.0
906,29006.0,53618.0,41674.0,44174.0,38530.0,29006.0,3.541935443878174,,,,,,,,,13.88923454284668,-0.5140969795148427,-0.5908393404102097,0.4,0.38512609726644537,0.1312501544993297,0.0,,,,,,,,,29004.0,-98.0,-417.0,431.0,-536339452.0,-576.0,798.0,-10.0,47.0,-25.0,8.0
907,29016.0,53622.0,41902.0,43858.0,38802.0,29016.0,3.541935443878174,,,,,,,,,13.90088677406311,-0.5095956631179481,-0.5892466991516996,0.4,0.3874806604918959,0.14210741501260205,0.0,,,,,,,,,29014.0,-107.0,-404.0,430.0,-536339452.0,-585.0,807.0,-12.0,64.0,-48.0,-8.0
908,29026.0,54747.0,41491.0,42923.0,39075.0,29026.0,3.541935443878174,,,,,,,,,13.913105249404907,-0.5048462695835555,-0.587440975008954,0.4,0.3899273343606104,0.15345952226401047,0.0,,,,,,,,,29024.0,-109.0,-400.0,430.0,-1073210364.0,-579.0,799.0,-12.0,71.0,-58.0,-2.0
909,29036.0,52990.0,41570.0,44648.0,39092.0,29036.0,3.541935443878174,,,,,,,,,13.925418615341187,-0.5000298903661825,-0.5854811239170533,0.4,0.39236975936060037,0.1648631846922509,0.0,,,,,,,,,29034.0,-114.0,-397.0,430.0,-1072162812.0,-580.0,791.0,-12.0,61.0,-83.0,-13.0
910,29047.0,53338.0,41394.0,44118.0,39602.0,29046.0,3.541935443878174,,,,,,,,,13.955868482589722,-0.4879914990551318,-0.5800337180768184,0.4,0.3983085051982046,0.19288820518126465,0.0,,,,,,,,,29044.0,-117.0,-391.0,430.0,-1072162812.0,-575.0,787.0,-14.0,61.0,-81.0,-28.0
911,29057.0,53214.0,42324.0,44288.0,38830.0,29056.0,3.5366568565368652,,,,,,,,,13.97036862373352,-0.4821957966858779,-0.5771406779250771,0.4,0.40108540722949726,0.20613689078437106,0.0,,,,,,,,,29054.0,-123.0,-386.0,430.0,-1071114236.0,-577.0,781.0,-15.0,33.0,-58.0,-29.0
912,29067.0,52194.0,41816.0,45302.0,39552.0,29066.0,3.5366568565368652,,,,,,,,,13.982280969619751,-0.4774044666052061,-0.5746205323860133,0.4,0.4033418245360716,0.21697011134983082,0.0,,,,,,,,,29064.0,-132.0,-373.0,430.0,-1072162812.0,-586.0,790.0,-17.0,34.0,-57.0,-43.0
913,29076.0,52417.0,42329.0,44955.0,39287.0,29076.0,3.5366568565368652,,,,,,,,,13.994690895080566,-0.4723845625099301,-0.5718581870572672,0.4,0.4056684595694475,0.2282040928656067,0.0,,,,,,,,,29074.0,-136.0,-369.0,429.0,-1071115260.0,-584.0,782.0,-18.0,27.0,-39.0,-50.0
914,29087.0,52031.0,41771.0,45155.0,40083.0,29086.0,3.5366568565368652,,,,,,,,,14.00698709487915,-0.4673823334565051,-0.5689839885280125,0.4,0.4079494473315564,0.23928039651142574,0.0,,,,,,,,,29084.0,-140.0,-364.0,429.0,-1071115261.0,-582.0,776.0,-18.0,2.0,-30.0,-61.0
915,29096.0,52345.0,42489.0,44773.0,39605.0,29096.0,3.5366568565368652,,,,,,,,,14.019546747207642,-0.4622441303268853,-0.5659079690204236,0.4,0.4102541669082067,0.25053501774591486,0.0,,,,,,,,,29094.0,-147.0,-359.0,429.0,-1071115261.0,-586.0,771.0,-19.0,4.0,-10.0,-74.0
916,29107.0,51104.0,42612.0,45906.0,39746.0,29106.0,3.5366568565368652,,,,,,,,,14.031426906585693,-0.45735741284087567,-0.5628686210200698,0.4,0.4124106880289353,0.26112336216171944,0.0,,,,,,,,,29104.0,-156.0,-350.0,429.0,-1071115261.0,-592.0,774.0,-21.0,-30.0,-6.0,-81.0
917,29116.0,51994.0,43356.0,45296.0,39606.0,29116.0,3.5366568565368652,,,,,,,,,14.04325270652771,-0.45246774604599305,-0.5597185907921164,0.4,0.4145345202676237,0.2716054632407036,0.0,,,,,,,,,29114.0,-163.0,-343.0,427.0,-1071115261.0,-596.0,770.0,-29.0,-19.0,-11.0,-87.0
918,29127.0,51961.0,42659.0,45099.0,40521.0,29126.0,3.5366568565368652,,,,,,,,,14.054818630218506,-0.4476613661428481,-0.5565182163167075,0.4,0.4165895437219847,0.2817992146670151,0.0,,,,,,,,,29124.0,-167.0,-339.0,427.0,-1071115262.0,-594.0,763.0,-28.0,-42.0,-10.0,-95.0
919,29137.0,51891.0,42599.0,45067.0,40635.0,29136.0,3.5313782691955566,,,,,,,,,14.06719183921814,-0.442493340316968,-0.5529643256658173,0.4,0.41876364499155694,0.2926385163468178,0.0,,,,,,,,,29134.0,-172.0,-335.0,426.0,-1071115262.0,-594.0,756.0,-27.0,-29.0,-43.0,-100.0
920,29147.0,51773.0,42235.0,45079.0,41181.0,29146.0,3.5313782691955566,,,,,,,,,14.07985806465149,-0.43717522865806385,-0.5491878125673022,0.4,0.42096301511525225,0.30366120809083863,0.0,,,,,,,,,29144.0,-179.0,-329.0,426.0,-1071115262.0,-596.0,753.0,-27.0,-27.0,-79.0,-108.0
921,29156.0,51576.0,42558.0,45284.0,41002.0,29156.0,3.5313782691955566,,,,,,,,,14.091665029525757,-0.43219294887523596,-0.5455421792737586,0.4,0.42298917514258927,0.31386691253821125,0.0,,,,,,,,,29154.0,-187.0,-320.0,425.0,-1071115263.0,-601.0,754.0,-30.0,-11.0,-71.0,-104.0
922,29167.0,52304.0,43094.0,44538.0,40584.0,29166.0,3.5313782691955566,,,,,,,,,14.10339641571045,-0.4272190034709807,-0.5418009385905536,0.4,0.4249793096418457,0.3239388620352485,0.0,,,,,,,,,29164.0,-194.0,-315.0,425.0,-1071116287.0,-604.0,750.0,-28.0,0.0,-88.0,-107.0
923,29176.0,51739.0,43915.0,45067.0,39719.0,29176.0,3.5313782691955566,,,,,,,,,14.115124940872192,-0.422223067866838,-0.5379429061990376,0.4,0.42694587723122984,0.333937980988319,0.0,,,,,,,,,29174.0,-198.0,-309.0,425.0,-1071116287.0,-603.0,747.0,-26.0,55.0,-86.0,-103.0
924,29186.0,53356.0,43574.0,43492.0,39974.0,29186.0,3.5313782691955566,,,,,,,,,14.127557039260864,-0.41690240743141915,-0.5337258795862365,0.4,0.42900509982199553,0.34445768657372805,0.0,,,,,,,,,29184.0,-201.0,-306.0,425.0,-1070067712.0,-598.0,737.0,-25.0,51.0,-57.0,-91.0
925,29196.0,52068.0,43918.0,44778.0,39692.0,29196.0,3.5313782691955566,,,,,,,,,14.140524864196777,-0.41132536723329816,-0.5291883451639781,0.4,0.4311251643184421,0.3553410893354595,0.0,,,,,,,,,29194.0,-214.0,-296.0,424.0,-1070067200.0,-611.0,740.0,-24.0,87.0,-25.0,-92.0
926,29206.0,52499.0,43841.0,43883.0,39889.0,29206.0,3.5313782691955566,,,,,,,,,14.152414083480835,-0.40618819651304455,-0.5249047135007896,0.4,0.4330437449898086,0.3652364152239468,0.0,,,,,,,,,29204.0,-218.0,-291.0,425.0,-1070068224.0,-608.0,734.0,-20.0,95.0,-43.0,-97.0
927,29216.0,51322.0,43660.0,44886.0,40124.0,29216.0,3.5313782691955566,,,,,,,,,14.165168762207031,-0.4006518783044724,-0.520179018080992,0.4,0.4350751150637976,0.37576135552152556,0.0,,,,,,,,,29214.0,-224.0,-285.0,424.0,-1069019647.0,-609.0,730.0,-18.0,128.0,-83.0,-101.0
928,29226.0,52231.0,43601.0,44021.0,40023.0,29226.0,3.5313782691955566,,,,,,,,,14.177759170532227,-0.3951616256453645,-0.5153831217395857,0.4,0.437052918492129,0.3860560810292619,0.0,,,,,,,,,29224.0,-230.0,-281.0,424.0,-1069019647.0,-610.0,724.0,-17.0,123.0,-67.0,-88.0
929,29236.0,51909.0,42767.0,44069.0,40959.0,29236.0,3.5313782691955566,,,,,,,,,14.19002389907837,-0.3897896100457624,-0.5105872254725115,0.4,0.43895326373573107,0.395991611936614,0.0,,,,,,,,,29234.0,-235.0,-276.0,424.0,-1067971071.0,-608.0,718.0,-15.0,119.0,-118.0,-95.0
930,29246.0,51819.0,43433.0,44307.0,40293.0,29246.0,3.5313782691955566,,,,,,,,,14.201547622680664,-0.3847210606789501,-0.5059705520823967,0.4,0.4407150445536434,0.4052411963983681,0.0,,,,,,,,,29244.0,-244.0,-268.0,423.0,-1067972094.0,-614.0,720.0,-15.0,97.0,-128.0,-91.0
931,29256.0,50607.0,42973.0,45425.0,40735.0,29256.0,3.5313782691955566,,,,,,,,,14.214139223098755,-0.37915977058582195,-0.5008047912851226,0.4,0.44261366674086844,0.41525069441500473,0.0,,,,,,,,,29254.0,-250.0,-263.0,423.0,-1066923518.0,-616.0,713.0,-14.0,70.0,-134.0,-87.0
932,29266.0,52236.0,43134.0,43734.0,40672.0,29266.0,3.5313782691955566,,,,,,,,,14.227459192276001,-0.37325096030129995,-0.49520376877548633,0.4,0.44459195911418264,0.4257259870256547,0.0,,,,,,,,,29264.0,-255.0,-259.0,423.0,-1066924542.0,-613.0,706.0,-14.0,68.0,-124.0,-81.0
933,29276.0,51655.0,43553.0,44317.0,40167.0,29276.0,3.5313782691955566,,,,,,,,,14.24038553237915,-0.3674917660066104,-0.489635601484275,0.4,0.4464820169875873,0.4357777042398085,0.0,,,,,,,,,29274.0,-258.0,-256.0,423.0,-1066924541.0,-608.0,698.0,-13.0,61.0,-126.0,-79.0
934,29286.0,51870.0,42892.0,44098.0,40948.0,29286.0,3.5313782691955566,,,,,,,,,14.252113103866577,-0.36224568681205416,-0.4844720017612735,0.4,0.44817131562397905,0.44479783046322885,0.0,,,,,,,,,29284.0,-268.0,-244.0,422.0,-1066925565.0,-615.0,704.0,-13.0,62.0,-150.0,-77.0
935,29296.0,51654.0,42260.0,44080.0,41578.0,29296.0,3.5366568565368652,,,,,,,,,14.264072179794312,-0.35687579597643204,-0.47909812363350657,0.4,0.44986890117705886,0.4538965202017606,0.0,,,,,,,,,29294.0,-273.0,-241.0,422.0,-1066401277.0,-614.0,696.0,-11.0,67.0,-172.0,-85.0
936,29306.0,51493.0,41959.0,43935.0,41809.0,29306.0,3.5313782691955566,,,,,,,,,14.276735305786133,-0.35116781346211207,-0.47328995955066,0.4,0.4516387369432871,0.46341908151105105,0.0,,,,,,,,,29304.0,-278.0,-237.0,422.0,-1066400253.0,-612.0,688.0,-6.0,52.0,-176.0,-87.0
937,29316.0,51788.0,41840.0,43428.0,41780.0,29316.0,3.5366568565368652,,,,,,,,,14.289207696914673,-0.345524073091404,-0.46745212117765944,0.4,0.45335396723634275,0.47268351602145897,0.0,,,,,,,,,29314.0,-283.0,-233.0,422.0,-1065351676.0,-608.0,680.0,-2.0,59.0,-190.0,-86.0
938,29326.0,51510.0,42672.0,43856.0,40730.0,29326.0,3.5366568565368652,,,,,,,,,14.300909280776978,-0.34020982252617804,-0.46187063783252635,0.4,0.4549378825727377,0.4812698698402252,0.0,,,,,,,,,29324.0,-293.0,-225.0,422.0,-1065350652.0,-617.0,681.0,-2.0,95.0,-199.0,-66.0
939,29336.0,51143.0,42289.0,44265.0,41127.0,29336.0,3.5366568565368652,,,,,,,,,14.313224077224731,-0.3345972267632813,-0.45588882998750546,0.4,0.45657824100836286,0.4901937660574198,0.0,,,,,,,,,29334.0,-296.0,-220.0,422.0,-1065349628.0,-610.0,675.0,-2.0,84.0,-165.0,-58.0
940,29346.0,52057.0,43347.0,43267.0,39953.0,29346.0,3.5366568565368652,,,,,,,,,14.326131343841553,-0.3286931110929715,-0.44950207940718356,0.4,0.4582681762914956,0.4994209603286677,0.0,,,,,,,,,29344.0,-299.0,-218.0,422.0,-1064300027.0,-604.0,665.0,0.0,79.0,-145.0,-54.0
941,29356.0,50914.0,42602.0,44306.0,40666.0,29356.0,3.5366568565368652,,,,,,,,,14.337800741195679,-0.3233366103871743,-0.44362601734329643,0.4,0.4597700987366343,0.5076501996994153,0.0,,,,,,,,,29354.0,-306.0,-213.0,422.0,-1064300027.0,-604.0,659.0,0.0,73.0,-96.0,-51.0
942,29366.0,49945.0,43127.0,45227.0,40009.0,29366.0,3.5366568565368652,,,,,,,,,14.349565505981445,-0.3179187387482603,-0.4376053694066172,0.4,0.46125927453023374,0.5158361828879254,0.0,,,,,,,,,29364.0,-310.0,-209.0,422.0,-1063250427.0,-600.0,651.0,2.0,75.0,-70.0,-45.0
943,29376.0,49887.0,43469.0,44859.0,39157.0,29376.0,3.5366568565368652,,,,,,,,,14.36191701889038,-0.3122119722612683,-0.43118155662606183,0.4,0.4627955982080979,0.5243090790657494,0.0,,,,,,,,,29374.0,-321.0,-201.0,423.0,-1063250427.0,-607.0,652.0,11.0,88.0,-38.0,-42.0
944,29386.0,50449.0,42873.0,44165.0,39717.0,29386.0,3.5366568565368652,,,,,,,,,14.374337196350098,-0.30645452038220217,-0.42461729259235115,0.4,0.46431235637196483,0.5327017085013823,0.0,,,,,,,,,29384.0,-323.0,-197.0,423.0,-1063250427.0,-599.0,644.0,13.0,124.0,-21.0,-48.0
945,29396.0,50952.0,43584.0,43678.0,38922.0,29396.0,3.5366568565368652,,,,,,,,,14.386374473571777,-0.300856752149932,-0.41815668142564894,0.4,0.46575537326783245,0.5407117984232762,0.0,,,,,,,,,29394.0,-331.0,-194.0,424.0,-1062201851.0,-600.0,635.0,13.0,119.0,-19.0,-38.0
946,29406.0,50833.0,42943.0,43631.0,39669.0,29406.0,3.541935443878174,,,,,,,,,14.399173974990845,-0.29488565073587775,-0.4111820498286512,0.4,0.46726053666108497,0.5490933437161302,0.0,,,,,,,,,29404.0,-335.0,-189.0,424.0,-1062201850.0,-595.0,629.0,14.0,131.0,-36.0,-47.0
947,29416.0,50276.0,42728.0,43614.0,39382.0,29416.0,3.541935443878174,,,,,,,,,14.411217212677002,-0.28924993229728807,-0.40452235348995363,0.4,0.46864917366322706,0.5568499917629541,0.0,,,,,,,,,29414.0,-346.0,-182.0,426.0,-1061153274.0,-604.0,628.0,24.0,123.0,-61.0,-45.0
948,29426.0,51141.0,42409.0,42645.0,39649.0,29426.0,3.541935443878174,,,,,,,,,14.42456340789795,-0.282985152369205,-0.39703398304413395,0.4,0.4701566976836415,0.565296776707831,0.0,,,,,,,,,29424.0,-351.0,-178.0,426.0,-1061153274.0,-601.0,619.0,25.0,118.0,-80.0,-41.0
949,29436.0,50771.0,41457.0,43069.0,40175.0,29436.0,3.5472142696380615,,,,,,,,,14.438159465789795,-0.27658262680235907,-0.3892906020072839,0.4,0.4716584492253726,0.5737381898590561,0.0,,,,,,,,,29434.0,-355.0,-174.0,426.0,-1060103674.0,-595.0,613.0,28.0,99.0,-115.0,-26.0
950,29446.0,50143.0,41395.0,43521.0,40229.0,29446.0,3.5472142696380615,,,,,,,,,14.45034146308899,-0.2708288390021078,-0.38225598453823795,0.4,0.4729747776210161,0.581159470701347,0.0,,,,,,,,,29444.0,-361.0,-170.0,426.0,-1060103674.0,-595.0,605.0,29.0,109.0,-153.0,-35.0
951,29456.0,50821.0,41325.0,42935.0,40155.0,29456.0,3.5472142696380615,,,,,,,,,14.46232271194458,-0.2651543899253663,-0.37524990621879734,0.4,0.47424238594239104,0.588325623098465,0.0,,,,,,,,,29454.0,-365.0,-166.0,428.0,-1059054074.0,-588.0,597.0,34.0,91.0,-153.0,-25.0
952,29466.0,49061.0,41391.0,44493.0,39791.0,29466.0,3.5472142696380615,,,,,,,,,14.474284172058105,-0.2594743234427723,-0.36817054704168733,0.4,0.4754810913625372,0.5953469082515944,0.0,,,,,,,,,29464.0,-375.0,-158.0,428.0,-1059054074.0,-596.0,597.0,32.0,69.0,-188.0,-16.0
953,29476.0,49621.0,40093.0,44035.0,40919.0,29476.0,3.5472142696380615,,,,,,,,,14.486923694610596,-0.25345635019164037,-0.36059952289130737,0.4,0.4767608302402119,0.6026200166459597,0.0,,,,,,,,,29474.0,-380.0,-154.0,428.0,-1058004474.0,-591.0,590.0,32.0,76.0,-172.0,-8.0
954,29486.0,49863.0,40703.0,43823.0,40167.0,29486.0,3.55249285697937,,,,,,,,,14.499881267547607,-0.2472703552344221,-0.3527435723985315,0.4,0.47804155721409763,0.6099183122907617,0.0,,,,,,,,,29484.0,-382.0,-151.0,429.0,-1058004474.0,-582.0,580.0,32.0,86.0,-162.0,1.0
955,29496.0,50655.0,41279.0,42861.0,39533.0,29496.0,3.55249285697937,,,,,,,,,14.511619567871094,-0.24165228546361572,-0.34554605243769465,0.4,0.47917441938584115,0.616390310869489,0.0,,,,,,,,,29494.0,-389.0,-147.0,429.0,-1058003450.0,-583.0,573.0,33.0,96.0,-139.0,0.0
956,29506.0,49953.0,41473.0,43627.0,39255.0,29506.0,3.55249285697937,,,,,,,,,14.523325681686401,-0.2360365292646998,-0.3382933911624098,0.4,0.48027821715882074,0.6227110003270757,0.0,,,,,,,,,29504.0,-397.0,-142.0,429.0,-1056954874.0,-584.0,569.0,31.0,69.0,-99.0,3.0
957,29516.0,49699.0,41639.0,43897.0,39313.0,29516.0,3.55249285697937,,,,,,,,,14.535787105560303,-0.23004440491516226,-0.33049236535108134,0.4,0.48142468259546056,0.6292914154408757,0.0,,,,,,,,,29514.0,-404.0,-137.0,430.0,-1056953850.0,-583.0,563.0,29.0,118.0,-80.0,-6.0
958,29526.0,49752.0,41722.0,43898.0,39180.0,29526.0,3.55249285697937,,,,,,,,,14.547448635101318,-0.224424131799231,-0.32311864178721145,0.4,0.48247082552172915,0.6353096952912642,0.0,,,,,,,,,29524.0,-409.0,-134.0,430.0,-1055905274.0,-579.0,553.0,27.0,115.0,-69.0,-2.0
959,29536.0,50460.0,41364.0,43180.0,39416.0,29536.0,3.55249285697937,,,,,,,,,14.560647964477539,-0.2180481955358431,-0.3146889170554029,0.4,0.483623668639744,0.6419569331242396,0.0,,,,,,,,,29534.0,-411.0,-131.0,430.0,-1055905274.0,-571.0,544.0,28.0,133.0,-60.0,-3.0
960,29546.0,50370.0,41896.0,43646.0,39244.0,29546.0,3.55249285697937,,,,,,,,,14.572428226470947,-0.2123450610666433,-0.3070922919339006,0.4,0.4846244797808275,0.647740426011789,0.0,,,,,,,,,29544.0,-418.0,-126.0,429.0,-1054855674.0,-570.0,539.0,19.0,128.0,-50.0,3.0
961,29556.0,49559.0,41527.0,44483.0,39543.0,29556.0,3.5472142696380615,,,,,,,,,14.5843985080719,-0.20653801835833466,-0.2993042066802162,0.4,0.48561423767252215,0.6534718029755355,0.0,,,,,,,,,29554.0,-424.0,-119.0,429.0,-1054855674.0,-568.0,537.0,18.0,118.0,-25.0,2.0
962,29566.0,49554.0,41872.0,44586.0,39208.0,29566.0,3.5472142696380615,,,,,,,,,14.596795320510864,-0.2005117452269506,-0.2911672496388913,0.4,0.4866103067873757,0.6592515316925079,0.0,,,,,,,,,29564.0,-432.0,-116.0,429.0,-1053807098.0,-568.0,527.0,16.0,113.0,-24.0,7.0
963,29576.0,49866.0,41890.0,44394.0,39218.0,29576.0,3.5472142696380615,,,,,,,,,14.61011004447937,-0.1940257222130198,-0.28234915149958223,0.4,0.4876472445576952,0.6652809841335391,0.0,,,,,,,,,29574.0,-436.0,-114.0,430.0,-1053807098.0,-562.0,517.0,15.0,104.0,-25.0,9.0
964,29586.0,49922.0,41414.0,44538.0,39610.0,29586.0,3.541935443878174,,,,,,,,,14.622079610824585,-0.18818336407760217,-0.27435438762520226,0.4,0.48855029334079014,0.6705423720018802,0.0,,,,,,,,,29584.0,-439.0,-111.0,429.0,-1052758522.0,-554.0,508.0,8.0,120.0,-53.0,20.0
965,29596.0,50573.0,41329.0,44237.0,39949.0,29596.0,3.5472142696380615,,,,,,,,,14.634218454360962,-0.18224751252508056,-0.2661831754534219,0.4,0.48943789139060584,0.675723225918355,0.0,,,,,,,,,29594.0,-450.0,-105.0,429.0,-1052758522.0,-562.0,504.0,6.0,90.0,-42.0,20.0
966,29606.0,50148.0,41680.0,44616.0,39884.0,29606.0,3.5472142696380615,,,,,,,,,14.647161960601807,-0.17590651307233413,-0.25740212341914726,0.4,0.49035296053010896,0.6810742719717932,0.0,,,,,,,,,29604.0,-453.0,-102.0,429.0,-1051708922.0,-554.0,494.0,3.0,112.0,-56.0,6.0
967,29616.0,49707.0,41165.0,45221.0,40331.0,29616.0,3.541935443878174,,,,,,,,,14.659822225570679,-0.16969301475227572,-0.24874733186841552,0.4,0.49121663079331673,0.6861339218101066,0.0,,,,,,,,,29614.0,-458.0,-98.0,429.0,-1051708922.0,-550.0,488.0,2.0,98.0,-72.0,14.0
968,29626.0,51131.0,41845.0,43833.0,39711.0,29626.0,3.541935443878174,,,,,,,,,14.671518325805664,-0.16394316531621855,-0.24069566247029542,0.4,0.4919869059965763,0.6906539458929608,0.0,,,,,,,,,29624.0,-463.0,-96.0,429.0,-1050660346.0,-546.0,477.0,1.0,113.0,-101.0,17.0
969,29636.0,51314.0,41350.0,43570.0,40294.0,29636.0,3.541935443878174,,,,,,,,,14.683401584625244,-0.158092242150431,-0.2324619116970789,0.4,0.49274229548903303,0.6950934979793101,0.0,,,,,,,,,29634.0,-465.0,-92.0,429.0,-1050659322.0,-537.0,469.0,0.0,132.0,-91.0,6.0
970,29646.0,50742.0,41656.0,44404.0,39862.0,29646.0,3.541935443878174,,,,,,,,,14.696198225021362,-0.15178175401962268,-0.2235373779998564,0.4,0.4935250276516782,0.6997009330443685,0.0,,,,,,,,,29644.0,-474.0,-87.0,429.0,-1050659322.0,-541.0,463.0,0.0,121.0,-100.0,14.0
971,29656.0,50947.0,41089.0,44315.0,40473.0,29656.0,3.541935443878174,,,,,,,,,14.70926833152771,-0.14532628379023796,-0.2143624733703906,0.4,0.4942915515674898,0.7042200483222201,0.0,,,,,,,,,29654.0,-476.0,-86.0,429.0,-1049610746.0,-530.0,451.0,-2.0,107.0,-110.0,20.0
972,29666.0,51564.0,41242.0,43958.0,40216.0,29666.0,3.541935443878174,,,,,,,,,14.721101760864258,-0.13947315661515058,-0.2060057421234381,0.4,0.49495679637764656,0.708147747593687,0.0,,,,,,,,,29664.0,-484.0,-82.0,429.0,-1048562170.0,-532.0,444.0,-4.0,95.0,-74.0,31.0
973,29676.0,51490.0,41136.0,44050.0,40600.0,29676.0,3.541935443878174,,,,,,,,,14.732627153396606,-0.13376497806734425,-0.19782274076881554,0.4,0.49557842166982297,0.7118226854291162,0.0,,,,,,,,,29674.0,-487.0,-80.0,429.0,-1048561146.0,-525.0,434.0,-7.0,121.0,-75.0,19.0
974,29686.0,51689.0,41995.0,43889.0,39831.0,29686.0,3.541935443878174,,,,,,,,,14.744136810302734,-0.12805759238063888,-0.1896095004454125,0.4,0.4961732629421295,0.715343599613435,0.0,,,,,,,,,29684.0,-495.0,-73.0,429.0,-1048561147.0,-527.0,432.0,-8.0,123.0,-62.0,16.0
975,29696.0,50949.0,42243.0,44739.0,39665.0,29696.0,3.541935443878174,,,,,,,,,14.755599737167358,-0.12236672230503157,-0.1813901813396911,0.4,0.4967398982518193,0.7187014883419356,0.0,,,,,,,,,29694.0,-500.0,-71.0,429.0,-1047512571.0,-522.0,421.0,-10.0,111.0,-42.0,13.0
976,29706.0,50802.0,41364.0,44912.0,40634.0,29706.0,3.541935443878174,,,,,,,,,14.768406629562378,-0.11600113486451698,-0.17216275611008464,0.4,0.4973424904956105,0.7222766634394145,0.0,,,,,,,,,29704.0,-502.0,-69.0,429.0,-1047511547.0,-512.0,411.0,-11.0,115.0,-26.0,12.0
977,29716.0,50645.0,41831.0,45213.0,40215.0,29716.0,3.541935443878174,,,,,,,,,14.77992296218872,-0.11027058647978338,-0.1638270400560955,0.4,0.49785686107105825,0.7253318490546167,0.0,,,,,,,,,29714.0,-506.0,-68.0,430.0,-1046462971.0,-507.0,398.0,-3.0,124.0,-10.0,10.0
978,29726.0,51229.0,41919.0,44313.0,39639.0,29726.0,3.5366568565368652,,,,,,,,,14.79141640663147,-0.1045456707100436,-0.1554736814892925,0.4,0.49834422005338036,0.7282295087686926,0.0,,,,,,,,,29724.0,-512.0,-64.0,430.0,-1046462971.0,-503.0,391.0,-4.0,118.0,-3.0,16.0
979,29736.0,49891.0,41671.0,45795.0,39943.0,29736.0,3.5366568565368652,,,,,,,,,14.80297565460205,-0.09878247958214947,-0.14703978998754724,0.4,0.49880815676547224,0.7309905422207101,0.0,,,,,,,,,29734.0,-519.0,-58.0,430.0,-1045414395.0,-504.0,387.0,-6.0,93.0,17.0,19.0
980,29746.0,50617.0,41341.0,44909.0,40401.0,29746.0,3.541935443878174,,,,,,,,,14.814442873001099,-0.09306002296400581,-0.13864238561252584,0.4,0.4992424014738004,0.7335771970325464,0.0,,,,,,,,,29744.0,-521.0,-59.0,430.0,-1045414395.0,-495.0,372.0,-6.0,99.0,35.0,11.0
981,29756.0,50405.0,41681.0,45301.0,39933.0,29756.0,3.5366568565368652,,,,,,,,,14.826005697250366,-0.08728496565395025,-0.13014582443447062,0.4,0.4996540244937707,0.7360311798258627,0.0,,,,,,,,,29754.0,-528.0,-54.0,430.0,-1044366843.0,-494.0,367.0,-6.0,95.0,40.0,19.0
982,29766.0,50414.0,41630.0,45134.0,40090.0,29766.0,3.541935443878174,,,,,,,,,14.838506698608398,-0.08103616173596977,-0.12092901775319649,0.4,0.5000693756344946,0.7385094386688172,0.0,,,,,,,,,29764.0,-532.0,-52.0,430.0,-1044366843.0,-489.0,356.0,-6.0,88.0,28.0,5.0
983,29776.0,51136.0,41744.0,44394.0,40034.0,29776.0,3.541935443878174,,,,,,,,,14.850966930389404,-0.07480276159319021,-0.11171257104408841,0.4,0.5004526713982507,0.7407982609983168,0.0,,,,,,,,,29774.0,-538.0,-48.0,430.0,-1044366843.0,-486.0,349.0,-6.0,79.0,27.0,10.0
984,29786.0,50800.0,41268.0,44808.0,40356.0,29786.0,3.5366568565368652,,,,,,,,,14.862728357315063,-0.06891473512652693,-0.10298784240028731,0.4,0.5007863292706515,0.7427921020502399,0.0,,,,,,,,,29784.0,-544.0,-47.0,430.0,-1043318267.0,-486.0,338.0,-5.0,51.0,-3.0,19.0
985,29796.0,50397.0,40987.0,45135.0,40641.0,29796.0,3.5366568565368652,,,,,,,,,14.874147653579712,-0.06319438287580251,-0.09449536698533717,0.4,0.5010841149015323,0.7445727034153892,0.0,,,,,,,,,29794.0,-547.0,-45.0,430.0,-1043318267.0,-478.0,327.0,-4.0,51.0,8.0,14.0
986,29806.0,50833.0,41245.0,44909.0,40709.0,29806.0,3.5366568565368652,,,,,,,,,14.886767864227295,-0.05686867533230369,-0.08508721355894601,0.4,0.5013832091226141,0.7463621949438523,0.0,,,,,,,,,29804.0,-550.0,-43.0,429.0,-1043318267.0,-472.0,317.0,-10.0,44.0,6.0,8.0
987,29816.0,50377.0,41261.0,45477.0,40661.0,29816.0,3.5366568565368652,,,,,,,,,14.898716926574707,-0.050876069629821774,-0.0761596281926257,0.4,0.5016373424985604,0.7478835232180384,0.0,,,,,,,,,29814.0,-554.0,-41.0,429.0,-1042269691.0,-465.0,307.0,-11.0,17.0,4.0,6.0
988,29826.0,50944.0,42374.0,44918.0,39784.0,29826.0,3.5366568565368652,,,,,,,,,14.91114854812622,-0.04463841542745406,-0.06685330831737737,0.4,0.5018717270419321,0.7492873116840063,0.0,,,,,,,,,29824.0,-561.0,-37.0,429.0,-1042269691.0,-466.0,301.0,-13.0,40.0,1.0,6.0
989,29836.0,50833.0,41805.0,45277.0,40209.0,29836.0,3.5366568565368652,,,,,,,,,14.922847986221313,-0.03876564505221845,-0.05808015864570447,0.4,0.5020643392877455,0.7504414061297485,0.0,,,,,,,,,29834.0,-565.0,-34.0,429.0,-1042269691.0,-462.0,293.0,-14.0,25.0,16.0,12.0
990,29846.0,50858.0,41938.0,45166.0,40506.0,29846.0,3.5366568565368652,,,,,,,,,14.934585094451904,-0.032871860839775106,-0.04926614868361102,0.4,0.5022303106948091,0.7514362291455531,0.0,,,,,,,,,29844.0,-567.0,-33.0,428.0,-1042269691.0,-454.0,281.0,-17.0,66.0,3.0,1.0
991,29856.0,51167.0,41835.0,45135.0,40355.0,29856.0,3.5366568565368652,,,,,,,,,14.947510004043579,-0.026379566886039957,-0.03954783230574927,0.4,0.5023814782054611,0.7523426045897461,0.0,,,,,,,,,29854.0,-574.0,-31.0,428.0,-1042269691.0,-453.0,271.0,-17.0,35.0,36.0,9.0
992,29866.0,50275.0,42647.0,46069.0,39593.0,29866.0,3.5366568565368652,,,,,,,,,14.960102796554565,-0.02005242144698322,-0.03006918177481851,0.4,0.5024968956185599,0.7530348119856499,0.0,,,,,,,,,29864.0,-579.0,-29.0,428.0,-1042269691.0,-451.0,262.0,-17.0,67.0,43.0,8.0
993,29876.0,50495.0,42765.0,45761.0,39575.0,29876.0,3.5313782691955566,,,,,,,,,14.97196364402771,-0.014091880746074726,-0.021134541511696994,0.4,0.502576835907483,0.753514341160896,0.0,,,,,,,,,29874.0,-582.0,-26.0,428.0,-1041221115.0,-444.0,254.0,-17.0,88.0,48.0,4.0
994,29886.0,51559.0,43379.0,44967.0,38863.0,29886.0,3.5366568565368652,,,,,,,,,14.983781099319458,-0.008152367572040796,-0.012227916401780859,0.4,0.5026287246849883,0.753825641590917,0.0,,,,,,,,,29884.0,-587.0,-27.0,428.0,-1041221115.0,-442.0,240.0,-18.0,87.0,40.0,19.0
995,29896.0,51074.0,43066.0,45218.0,39106.0,29896.0,3.5366568565368652,,,,,,,,,14.996065139770508,-0.0019778744634216627,-0.0029668026278296157,0.4,0.5026532883381626,0.7539730194584092,0.0,,,,,,,,,29894.0,-591.0,-25.0,428.0,-1041222139.0,-437.0,231.0,-15.0,105.0,45.0,16.0
996,29906.0,51020.0,42336.0,45450.0,39826.0,29906.0,3.5313782691955566,,,,,,,,,17.001878261566162,-0.0019778744634216627,-0.0029668026278296157,0.0,0.0,0.0,-0.008,,,,,,,,,29904.0,-597.0,-21.0,428.0,-1040173564.0,-438.0,225.0,-16.0,86.0,45.0,16.0
997,29916.0,51259.0,42883.0,45165.0,39373.0,29916.0,3.5313782691955566,,,,,,,,,,,,,,,,,,,,,,,,29914.0,-600.0,-22.0,428.0,-1040173564.0,-430.0,211.0,-16.0,109.0,43.0,11.0
998,29927.0,51602.0,42548.0,44958.0,39648.0,29927.0,3.5313782691955566,,,,,,,,,,,,,,,,,,,,,,,,29924.0,-605.0,-19.0,428.0,-1039124988.0,-429.0,203.0,-17.0,84.0,43.0,24.0
999,29936.0,51352.0,41810.0,45538.0,40640.0,29936.0,3.5313782691955566,,,,,,,,,,,,,,,,,,,,,,,,29934.0,-609.0,-18.0,426.0,-1039124988.0,-424.0,192.0,-22.0,61.0,36.0,20.0
1000,29946.0,51076.0,42122.0,45692.0,40262.0,29946.0,3.5313782691955566,,,,,,,,,,,,,,,,,,,,,,,,29944.0,-610.0,-16.0,426.0,-1039124988.0,-414.0,183.0,-19.0,48.0,35.0,17.0
1001,29956.0,50805.0,41751.0,46023.0,40561.0,29956.0,3.5313782691955566,,,,,,,,,,,,,,,,,,,,,,,,29954.0,-616.0,-15.0,426.0,-1039124988.0,-416.0,174.0,-19.0,34.0,32.0,22.0
1002,29966.0,50065.0,41973.0,46561.0,40397.0,29966.0,3.5313782691955566,,,,,,,,,,,,,,,,,,,,,,,,29964.0,-621.0,-14.0,426.0,-1038077436.0,-413.0,163.0,-17.0,0.0,44.0,7.0
1003,29976.0,49955.0,41527.0,46565.0,40773.0,29976.0,3.5313782691955566,,,,,,,,,,,,,,,,,,,,,,,,29974.0,-625.0,-13.0,426.0,-1038077436.0,-410.0,153.0,-15.0,-23.0,46.0,4.0
1004,29986.0,49904.0,42284.0,46690.0,40078.0,29986.0,3.5313782691955566,,,,,,,,,,,,,,,,,,,,,,,,29984.0,-628.0,-11.0,426.0,-1038077436.0,-403.0,143.0,-16.0,-35.0,43.0,7.0
1005,29996.0,49671.0,42375.0,47217.0,39985.0,29996.0,3.5313782691955566,,,,,,,,,,,,,,,,,,,,,,,,29994.0,-634.0,-10.0,426.0,-1039126012.0,-405.0,134.0,-18.0,-39.0,64.0,20.0
1006,30006.0,49673.0,42091.0,47259.0,40341.0,30006.0,3.5313782691955566,,,,,,,,,,,,,,,,,,,,,,,,30004.0,-639.0,-9.0,425.0,-1039126012.0,-403.0,125.0,-19.0,-67.0,72.0,15.0
1007,30016.0,49741.0,41853.0,47127.0,40803.0,30016.0,3.5313782691955566,,,,,,,,,,,,,,,,,,,,,,,,30014.0,-641.0,-9.0,426.0,-1039127036.0,-397.0,115.0,-12.0,-49.0,61.0,3.0
1008,30026.0,50747.0,42161.0,45837.0,40091.0,30026.0,3.5313782691955566,,,,,,,,,,,,,,,,,,,,,,,,30024.0,-645.0,-8.0,426.0,-1039127036.0,-393.0,104.0,-13.0,-41.0,44.0,12.0
1009,30036.0,50426.0,41628.0,46328.0,40574.0,30036.0,3.5313782691955566,,,,,,,,,,,,,,,,,,,,,,,,30034.0,-645.0,-7.0,426.0,-1039127036.0,-383.0,96.0,-13.0,-40.0,30.0,20.0
1010,30046.0,49829.0,41893.0,46895.0,40335.0,30046.0,3.5313782691955566,,,,,,,,,,,,,,,,,,,,,,,,30044.0,-655.0,-7.0,426.0,-1039127036.0,-391.0,85.0,-13.0,-18.0,42.0,12.0
1011,30056.0,50071.0,42081.0,46477.0,40235.0,30056.0,3.5313782691955566,,,,,,,,,,,,,,,,,,,,,,,,30054.0,-658.0,-7.0,426.0,-1039127036.0,-387.0,75.0,-12.0,-10.0,26.0,2.0
1012,30066.0,50118.0,42450.0,46280.0,40024.0,30066.0,3.5313782691955566,,,,,,,,,,,,,,,,,,,,,,,,30064.0,-660.0,-5.0,426.0,-1039127036.0,-381.0,67.0,-11.0,-2.0,14.0,-7.0
1013,30076.0,50590.0,42288.0,45816.0,40154.0,30076.0,3.5313782691955566,,,,,,,,,,,,,,,,,,,,,,,,30074.0,-661.0,-4.0,426.0,-1039127036.0,-373.0,59.0,-11.0,-8.0,4.0,-4.0
1014,30086.0,51296.0,41860.0,45186.0,40434.0,30086.0,3.5313782691955566,,,,,,,,,,,,,,,,,,,,,,,,30084.0,-668.0,-4.0,425.0,-1039127036.0,-375.0,49.0,-10.0,-14.0,-11.0,6.0
1015,30096.0,50089.0,41935.0,46331.0,40181.0,30096.0,3.5313782691955566,,,,,,,,,,,,,,,,,,,,,,,,30094.0,-671.0,-4.0,425.0,-1039127036.0,-371.0,39.0,-7.0,-9.0,-6.0,6.0
1016,30106.0,50654.0,42382.0,46008.0,39964.0,30106.0,3.5366568565368652,,,,,,,,,,,,,,,,,,,,,,,,30104.0,-674.0,-4.0,424.0,-1039127036.0,-367.0,30.0,-12.0,-29.0,-14.0,9.0
1017,30116.0,50758.0,42322.0,45682.0,40146.0,30116.0,3.5366568565368652,,,,,,,,,,,,,,,,,,,,,,,,30114.0,-677.0,-4.0,424.0,-1040175612.0,-363.0,20.0,-10.0,7.0,-29.0,-6.0
1018,30126.0,49858.0,41842.0,46574.0,40490.0,30126.0,3.5313782691955566,,,,,,,,,,,,,,,,,,,,,,,,30124.0,-681.0,-4.0,424.0,-1040175612.0,-360.0,11.0,-9.0,-21.0,-16.0,1.0
1019,30136.0,50193.0,41933.0,46115.0,40303.0,30136.0,3.5313782691955566,,,,,,,,,,,,,,,,,,,,,,,,30134.0,-688.0,-4.0,424.0,-1040175612.0,-365.0,3.0,-6.0,-40.0,3.0,-4.0
1020,30146.0,50291.0,41591.0,45963.0,40599.0,30146.0,3.5313782691955566,,,,,,,,,,,,,,,,,,,,,,,,30144.0,-692.0,-5.0,423.0,-1040175612.0,-361.0,-7.0,-8.0,-38.0,-18.0,-6.0
1021,30156.0,50221.0,41465.0,46113.0,40857.0,30156.0,3.5313782691955566,,,,,,,,,,,,,,,,,,,,,,,,30154.0,-695.0,-3.0,423.0,-1040175612.0,-357.0,-13.0,-7.0,-44.0,-23.0,-7.0
1022,30166.0,49642.0,41744.0,46624.0,40518.0,30166.0,3.5313782691955566,,,,,,,,,,,,,,,,,,,,,,,,30164.0,-698.0,-3.0,423.0,-1040175612.0,-354.0,-22.0,-6.0,-64.0,-17.0,-2.0
1023,30176.0,49827.0,42389.0,46203.0,39925.0,30176.0,3.5313782691955566,,,,,,,,,,,,,,,,,,,,,,,,30174.0,-706.0,-4.0,423.0,-1040175612.0,-359.0,-30.0,-3.0,-70.0,-3.0,-15.0
1024,30186.0,48091.0,41315.0,47937.0,40969.0,30186.0,3.5313782691955566,,,,,,,,,,,,,,,,,,,,,,,,30184.0,-709.0,-3.0,423.0,-1041224188.0,-356.0,-38.0,-3.0,-56.0,-24.0,-19.0
1025,30196.0,49792.0,42072.0,45974.0,39962.0,30196.0,3.5366568565368652,,,,,,,,,,,,,,,,,,,,,,,,30194.0,-711.0,-4.0,424.0,-1041224188.0,-350.0,-47.0,1.0,-74.0,2.0,-16.0
1026,30206.0,49019.0,41441.0,46741.0,40527.0,30206.0,3.5366568565368652,,,,,,,,,,,,,,,,,,,,,,,,30204.0,-712.0,-4.0,424.0,-1041224188.0,-343.0,-56.0,2.0,-67.0,-34.0,-10.0
1027,30216.0,49233.0,41185.0,46391.0,40779.0,30216.0,3.5366568565368652,,,,,,,,,,,,,,,,,,,,,,,,30214.0,-715.0,-4.0,424.0,-1041224188.0,-339.0,-63.0,3.0,-53.0,-23.0,-15.0
1028,30226.0,48968.0,41888.0,46608.0,40016.0,30226.0,3.5366568565368652,,,,,,,,,,,,,,,,,,,,,,,,30224.0,-722.0,-6.0,424.0,-1042272764.0,-343.0,-73.0,4.0,-76.0,-16.0,-15.0
1029,30236.0,47846.0,41858.0,48002.0,40282.0,30236.0,3.5366568565368652,,,,,,,,,,,,,,,,,,,,,,,,30234.0,-724.0,-8.0,423.0,-1042272764.0,-337.0,-83.0,0.0,-76.0,-25.0,-15.0
1030,30246.0,48930.0,41096.0,46856.0,41066.0,30246.0,3.5366568565368652,,,,,,,,,,,,,,,,,,,,,,,,30244.0,-726.0,-7.0,423.0,-1042272764.0,-332.0,-89.0,0.0,-43.0,-55.0,-16.0
1031,30256.0,50274.0,40960.0,45502.0,41044.0,30256.0,3.5366568565368652,,,,,,,,,,,,,,,,,,,,,,,,30254.0,-728.0,-9.0,423.0,-1042271740.0,-326.0,-99.0,1.0,-35.0,-59.0,-7.0
1032,30266.0,50042.0,41712.0,45638.0,40248.0,30266.0,3.5366568565368652,,,,,,,,,,,,,,,,,,,,,,,,30264.0,-735.0,-10.0,423.0,-1042271740.0,-330.0,-107.0,2.0,-33.0,-58.0,-10.0
1033,30276.0,49820.0,41746.0,46250.0,40672.0,30276.0,3.5366568565368652,,,,,,,,,,,,,,,,,,,,,,,,30274.0,-738.0,-11.0,422.0,-1042271740.0,-326.0,-114.0,-5.0,-19.0,-59.0,-13.0
1034,30286.0,50567.0,41563.0,45627.0,40791.0,30286.0,3.5366568565368652,,,,,,,,,,,,,,,,,,,,,,,,30284.0,-740.0,-13.0,422.0,-1043320316.0,-320.0,-124.0,-6.0,-26.0,-65.0,-4.0
1035,30296.0,49373.0,41825.0,46889.0,40405.0,30296.0,3.5366568565368652,,,,,,,,,,,,,,,,,,,,,,,,30294.0,-741.0,-12.0,422.0,-1043320316.0,-312.0,-129.0,-6.0,-21.0,-41.0,0.0
1036,30306.0,49720.0,42102.0,46450.0,40152.0,30306.0,3.5366568565368652,,,,,,,,,,,,,,,,,,,,,,,,30304.0,-743.0,-13.0,422.0,-1043319292.0,-308.0,-137.0,-5.0,-4.0,-70.0,-2.0
1037,30316.0,49846.0,41676.0,46576.0,40370.0,30316.0,3.5313782691955566,,,,,,,,,,,,,,,,,,,,,,,,30314.0,-750.0,-17.0,421.0,-1043319292.0,-312.0,-148.0,-11.0,-13.0,-60.0,12.0
1038,30326.0,49778.0,42120.0,46948.0,40426.0,30326.0,3.5366568565368652,,,,,,,,,,,,,,,,,,,,,,,,30324.0,-752.0,-16.0,421.0,-1043319292.0,-306.0,-152.0,-13.0,2.0,-59.0,4.0
1039,30336.0,50052.0,41728.0,46708.0,40880.0,30336.0,3.5366568565368652,,,,,,,,,,,,,,,,,,,,,,,,30334.0,-754.0,-18.0,420.0,-1043319292.0,-300.0,-161.0,-14.0,-49.0,-52.0,3.0
1040,30346.0,49438.0,41526.0,47402.0,41166.0,30346.0,3.5313782691955566,,,,,,,,,,,,,,,,,,,,,,,,30344.0,-755.0,-19.0,420.0,-1043318268.0,-293.0,-168.0,-15.0,-34.0,-49.0,3.0
1041,30356.0,49992.0,41606.0,46960.0,41114.0,30356.0,3.5313782691955566,,,,,,,,,,,,,,,,,,,,,,,,30354.0,-763.0,-21.0,420.0,-1043319292.0,-299.0,-176.0,-16.0,-35.0,-38.0,4.0
1042,30366.0,49425.0,43263.0,47605.0,39491.0,30366.0,3.5313782691955566,,,,,,,,,,,,,,,,,,,,,,,,30364.0,-766.0,-22.0,420.0,-1043318268.0,-295.0,-182.0,-16.0,-50.0,-13.0,5.0
1043,30376.0,49047.0,43075.0,48005.0,39853.0,30376.0,3.526099681854248,,,,,,,,,,,,,,,,,,,,,,,,30374.0,-768.0,-24.0,420.0,-1043318268.0,-290.0,-190.0,-18.0,-64.0,-7.0,0.0
1044,30386.0,48083.0,42831.0,49153.0,40109.0,30386.0,3.526099681854248,,,,,,,,,,,,,,,,,,,,,,,,30384.0,-768.0,-24.0,419.0,-1044366844.0,-281.0,-195.0,-20.0,-59.0,-34.0,9.0
1045,30396.0,49907.0,40635.0,47609.0,42237.0,30396.0,3.526099681854248,,,,,,,,,,,,,,,,,,,,,,,,30394.0,-772.0,-28.0,419.0,-1044366844.0,-280.0,-206.0,-21.0,-46.0,-53.0,14.0
1046,30406.0,50004.0,43490.0,47490.0,39524.0,30406.0,3.526099681854248,,,,,,,,,,,,,,,,,,,,,,,,30404.0,-774.0,-28.0,419.0,-1044366844.0,-274.0,-209.0,-22.0,-57.0,0.0,16.0
1047,30416.0,50533.0,42365.0,46961.0,40725.0,30416.0,3.526099681854248,,,,,,,,,,,,,,,,,,,,,,,,30414.0,-779.0,-30.0,419.0,-1044366844.0,-275.0,-216.0,-22.0,-4.0,-4.0,8.0
1048,30426.0,49647.0,41287.0,47987.0,41831.0,30426.0,3.526099681854248,,,,,,,,,,,,,,,,,,,,,,,,30424.0,-782.0,-31.0,419.0,-1044366844.0,-272.0,-222.0,-23.0,-32.0,-34.0,9.0
1049,30436.0,51624.0,42264.0,46294.0,40786.0,30436.0,3.526099681854248,,,,,,,,,,,,,,,,,,,,,,,,30434.0,-783.0,-33.0,418.0,-1044366844.0,-264.0,-228.0,-24.0,-26.0,-98.0,23.0
1050,30446.0,50766.0,43258.0,47124.0,39928.0,30446.0,3.526099681854248,,,,,,,,,,,,,,,,,,,,,,,,30444.0,-784.0,-36.0,418.0,-1044365820.0,-259.0,-237.0,-25.0,51.0,-60.0,15.0
1051,30456.0,50865.0,42793.0,47219.0,40303.0,30456.0,3.526099681854248,,,,,,,,,,,,,,,,,,,,,,,,30454.0,-788.0,-38.0,418.0,-1044365820.0,-257.0,-245.0,-25.0,50.0,-51.0,23.0
1052,30466.0,50197.0,42185.0,47917.0,40949.0,30466.0,3.526099681854248,,,,,,,,,,,,,,,,,,,,,,,,30464.0,-790.0,-39.0,418.0,-1044365820.0,-252.0,-250.0,-25.0,32.0,-42.0,22.0
1053,30476.0,51319.0,41299.0,46849.0,41705.0,30476.0,3.526099681854248,,,,,,,,,,,,,,,,,,,,,,,,30474.0,-793.0,-40.0,417.0,-1044365820.0,-248.0,-255.0,-24.0,-16.0,-93.0,26.0
1054,30486.0,51622.0,41244.0,46786.0,41548.0,30486.0,3.526099681854248,,,,,,,,,,,,,,,,,,,,,,,,30484.0,-798.0,-43.0,417.0,-1044365821.0,-248.0,-261.0,-23.0,-37.0,-130.0,42.0
1055,30496.0,51474.0,42474.0,46828.0,40424.0,30496.0,3.526099681854248,,,,,,,,,,,,,,,,,,,,,,,,30494.0,-799.0,-46.0,417.0,-1044364797.0,-242.0,-272.0,-22.0,-7.0,-113.0,32.0
1056,30506.0,51429.0,42081.0,46657.0,40921.0,30506.0,3.526099681854248,,,,,,,,,,,,,,,,,,,,,,,,30504.0,-800.0,-46.0,417.0,-1044364797.0,-234.0,-274.0,-20.0,9.0,-90.0,19.0
1057,30516.0,49940.0,42288.0,48484.0,40360.0,30516.0,3.526099681854248,,,,,,,,,,,,,,,,,,,,,,,,30514.0,-802.0,-48.0,416.0,-1044363773.0,-230.0,-280.0,-19.0,1.0,-45.0,23.0
1058,30526.0,49522.0,41972.0,48774.0,40940.0,30526.0,3.526099681854248,,,,,,,,,,,,,,,,,,,,,,,,30524.0,-806.0,-51.0,416.0,-1044363773.0,-229.0,-286.0,-20.0,-51.0,-5.0,25.0
1059,30536.0,51395.0,40879.0,46723.0,42515.0,30536.0,3.5208210945129395,,,,,,,,,,,,,,,,,,,,,,,,30534.0,-809.0,-54.0,416.0,-1045412349.0,-226.0,-295.0,-22.0,-117.0,-44.0,37.0
1060,30546.0,50341.0,42611.0,48281.0,40279.0,30546.0,3.526099681854248,,,,,,,,,,,,,,,,,,,,,,,,30544.0,-810.0,-56.0,415.0,-1045412349.0,-218.0,-300.0,-22.0,-71.0,-54.0,33.0
1061,30556.0,49841.0,43025.0,48213.0,40457.0,30556.0,3.5208210945129395,,,,,,,,,,,,,,,,,,,,,,,,30554.0,-812.0,-57.0,415.0,-1045412349.0,-213.0,-305.0,-21.0,-108.0,-82.0,39.0
1062,30566.0,51106.0,41562.0,47590.0,41258.0,30566.0,3.5208210945129395,,,,,,,,,,,,,,,,,,,,,,,,30564.0,-811.0,-60.0,415.0,-1046459901.0,-204.0,-311.0,-20.0,-107.0,-45.0,35.0
1063,30576.0,50414.0,42266.0,48292.0,40548.0,30576.0,3.5208210945129395,,,,,,,,,,,,,,,,,,,,,,,,30574.0,-816.0,-66.0,415.0,-1046459902.0,-205.0,-323.0,-19.0,-91.0,-28.0,32.0
1064,30586.0,50015.0,42459.0,48563.0,40487.0,30586.0,3.5208210945129395,,,,,,,,,,,,,,,,,,,,,,,,30584.0,-819.0,-66.0,414.0,-1046459902.0,-202.0,-325.0,-19.0,-63.0,-20.0,21.0
1065,30596.0,50596.0,42586.0,47818.0,40220.0,30596.0,3.5208210945129395,,,,,,,,,,,,,,,,,,,,,,,,30594.0,-820.0,-69.0,414.0,-1047508478.0,-195.0,-332.0,-15.0,-63.0,-1.0,24.0
1066,30606.0,50642.0,42342.0,47680.0,40324.0,30606.0,3.5208210945129395,,,,,,,,,,,,,,,,,,,,,,,,30604.0,-820.0,-70.0,414.0,-1047508478.0,-186.0,-336.0,-12.0,-47.0,25.0,24.0
1067,30616.0,50325.0,42387.0,47891.0,40317.0,30616.0,3.5208210945129395,,,,,,,,,,,,,,,,,,,,,,,,30614.0,-821.0,-73.0,414.0,-1047508478.0,-178.0,-341.0,-11.0,-53.0,20.0,15.0
1068,30626.0,50256.0,42268.0,47800.0,40140.0,30626.0,3.526099681854248,,,,,,,,,,,,,,,,,,,,,,,,30624.0,-825.0,-79.0,415.0,-1047508478.0,-178.0,-353.0,-6.0,-47.0,23.0,19.0
1069,30636.0,50285.0,41879.0,47811.0,40545.0,30636.0,3.526099681854248,,,,,,,,,,,,,,,,,,,,,,,,30634.0,-826.0,-81.0,414.0,-1048557054.0,-172.0,-357.0,-6.0,-45.0,33.0,19.0
1070,30646.0,50801.0,42191.0,47283.0,40189.0,30646.0,3.526099681854248,,,,,,,,,,,,,,,,,,,,,,,,30644.0,-829.0,-84.0,414.0,-1048558078.0,-170.0,-362.0,-5.0,-62.0,22.0,18.0
1071,30656.0,50130.0,41424.0,47844.0,40882.0,30656.0,3.526099681854248,,,,,,,,,,,,,,,,,,,,,,,,30654.0,-829.0,-85.0,414.0,-1048558078.0,-162.0,-363.0,-3.0,-69.0,14.0,14.0
1072,30666.0,49935.0,41385.0,48357.0,40875.0,30666.0,3.526099681854248,,,,,,,,,,,,,,,,,,,,,,,,30664.0,-831.0,-90.0,413.0,-1048558078.0,-158.0,-374.0,-6.0,-84.0,0.0,28.0
1073,30676.0,50855.0,41423.0,47391.0,40791.0,30676.0,3.526099681854248,,,,,,,,,,,,,,,,,,,,,,,,30674.0,-831.0,-92.0,413.0,-1049606654.0,-151.0,-376.0,-4.0,-92.0,-8.0,24.0
1074,30686.0,50408.0,41200.0,47882.0,40806.0,30686.0,3.526099681854248,,,,,,,,,,,,,,,,,,,,,,,,30684.0,-835.0,-96.0,413.0,-1049606654.0,-151.0,-382.0,-3.0,-79.0,-14.0,29.0
1075,30696.0,50445.0,41617.0,47637.0,40441.0,30696.0,3.526099681854248,,,,,,,,,,,,,,,,,,,,,,,,30694.0,-835.0,-96.0,413.0,-1050655230.0,-143.0,-382.0,-1.0,-103.0,-16.0,21.0
1076,30706.0,50085.0,40477.0,48047.0,41531.0,30706.0,3.526099681854248,,,,,,,,,,,,,,,,,,,,,,,,30704.0,-835.0,-98.0,414.0,-1050654206.0,-135.0,-386.0,0.0,-106.0,-13.0,27.0
1077,30716.0,50125.0,41053.0,48035.0,40619.0,30716.0,3.526099681854248,,,,,,,,,,,,,,,,,,,,,,,,30714.0,-839.0,-104.0,414.0,-1050655231.0,-136.0,-395.0,1.0,-96.0,-11.0,32.0
1078,30726.0,50378.0,40992.0,47700.0,40650.0,30726.0,3.526099681854248,,,,,,,,,,,,,,,,,,,,,,,,30724.0,-839.0,-106.0,414.0,-1051702783.0,-128.0,-397.0,3.0,-89.0,7.0,34.0
1079,30736.0,50146.0,40872.0,47954.0,40620.0,30736.0,3.5313782691955566,,,,,,,,,,,,,,,,,,,,,,,,30734.0,-839.0,-107.0,414.0,-1051702783.0,-121.0,-398.0,4.0,-65.0,1.0,36.0
1080,30746.0,50038.0,41506.0,47950.0,39950.0,30746.0,3.5313782691955566,,,,,,,,,,,,,,,,,,,,,,,,30744.0,-841.0,-112.0,414.0,-1051702783.0,-118.0,-405.0,5.0,-79.0,6.0,34.0
1081,30756.0,51241.0,40775.0,46511.0,40133.0,30756.0,3.5313782691955566,,,,,,,,,,,,,,,,,,,,,,,,30754.0,-843.0,-116.0,415.0,-1052752383.0,-115.0,-411.0,13.0,-73.0,14.0,40.0
1082,30766.0,50226.0,40884.0,47434.0,39904.0,30766.0,3.5313782691955566,,,,,,,,,,,,,,,,,,,,,,,,30764.0,-843.0,-120.0,415.0,-1052752383.0,-107.0,-416.0,15.0,-69.0,-15.0,41.0
1083,30776.0,50546.0,40880.0,47046.0,39788.0,30776.0,3.5313782691955566,,,,,,,,,,,,,,,,,,,,,,,,30774.0,-845.0,-122.0,415.0,-1052752383.0,-104.0,-417.0,17.0,-58.0,3.0,40.0
1084,30786.0,49115.0,41067.0,48451.0,39523.0,30786.0,3.5313782691955566,,,,,,,,,,,,,,,,,,,,,,,,30784.0,-846.0,-123.0,415.0,-1053800959.0,-99.0,-416.0,17.0,-79.0,7.0,40.0
1085,30796.0,50434.0,40604.0,46676.0,39698.0,30796.0,3.5313782691955566,,,,,,,,,,,,,,,,,,,,,,,,30794.0,-847.0,-127.0,417.0,-1053800960.0,-95.0,-420.0,24.0,-84.0,-2.0,33.0
1086,30806.0,49097.0,40591.0,47941.0,39623.0,30806.0,3.5366568565368652,,,,,,,,,,,,,,,,,,,,,,,,30804.0,-848.0,-131.0,417.0,-1053800960.0,-90.0,-427.0,25.0,-75.0,0.0,32.0
1087,30816.0,50080.0,39972.0,46986.0,40082.0,30816.0,3.5366568565368652,,,,,,,,,,,,,,,,,,,,,,,,30814.0,-848.0,-133.0,417.0,-1054849536.0,-84.0,-427.0,26.0,-89.0,-7.0,32.0
1088,30826.0,50085.0,41143.0,46657.0,38971.0,30826.0,3.5366568565368652,,,,,,,,,,,,,,,,,,,,,,,,30824.0,-850.0,-136.0,418.0,-1054849536.0,-81.0,-429.0,28.0,-98.0,-34.0,27.0
1089,30836.0,49634.0,41580.0,47020.0,38298.0,30836.0,3.5366568565368652,,,,,,,,,,,,,,,,,,,,,,,,30834.0,-850.0,-141.0,418.0,-1055897088.0,-74.0,-435.0,30.0,-86.0,-3.0,23.0
1090,30846.0,49566.0,40810.0,47046.0,39086.0,30846.0,3.5366568565368652,,,,,,,,,,,,,,,,,,,,,,,,30844.0,-852.0,-146.0,418.0,-1055897600.0,-71.0,-441.0,31.0,-74.0,4.0,22.0
1091,30856.0,49390.0,40696.0,47098.0,39128.0,30856.0,3.541935443878174,,,,,,,,,,,,,,,,,,,,,,,,30854.0,-852.0,-147.0,418.0,-1055897600.0,-65.0,-440.0,30.0,-67.0,3.0,19.0
1092,30866.0,48424.0,41368.0,48078.0,38318.0,30866.0,3.5366568565368652,,,,,,,,,,,,,,,,,,,,,,,,30864.0,-855.0,-151.0,419.0,-1056947200.0,-65.0,-444.0,30.0,-42.0,-4.0,20.0
1093,30876.0,50557.0,41711.0,46125.0,37843.0,30876.0,3.5366568565368652,,,,,,,,,,,,,,,,,,,,,,,,30874.0,-855.0,-156.0,419.0,-1056947200.0,-59.0,-449.0,30.0,-57.0,-22.0,27.0
1094,30886.0,49063.0,39409.0,47507.0,39565.0,30886.0,3.541935443878174,,,,,,,,,,,,,,,,,,,,,,,,30884.0,-856.0,-159.0,420.0,-1056947200.0,-55.0,-451.0,34.0,-49.0,2.0,38.0
1095,30896.0,50379.0,41125.0,46175.0,38081.0,30896.0,3.5366568565368652,,,,,,,,,,,,,,,,,,,,,,,,30894.0,-858.0,-162.0,421.0,-1056947199.0,-53.0,-452.0,32.0,-25.0,-22.0,34.0
1096,30906.0,49229.0,41013.0,47283.0,38107.0,30906.0,3.541935443878174,,,,,,,,,,,,,,,,,,,,,,,,30904.0,-858.0,-166.0,421.0,-1056947199.0,-47.0,-455.0,31.0,-3.0,17.0,31.0
1097,30916.0,50430.0,40862.0,46300.0,38332.0,30916.0,3.541935443878174,,,,,,,,,,,,,,,,,,,,,,,,30914.0,-858.0,-172.0,421.0,-1056947199.0,-42.0,-461.0,28.0,-16.0,28.0,35.0
1098,30926.0,49746.0,40592.0,46888.0,38506.0,30926.0,3.541935443878174,,,,,,,,,,,,,,,,,,,,,,,,30924.0,-858.0,-176.0,422.0,-1056947199.0,-37.0,-464.0,27.0,-38.0,7.0,32.0
1099,30936.0,51127.0,40003.0,45677.0,39345.0,30936.0,3.541935443878174,,,,,,,,,,,,,,,,,,,,,,,,30934.0,-858.0,-180.0,422.0,-1057995775.0,-32.0,-467.0,24.0,-33.0,-19.0,28.0
1100,30946.0,49708.0,38828.0,47248.0,40248.0,30946.0,3.5366568565368652,,,,,,,,,,,,,,,,,,,,,,,,30944.0,-859.0,-183.0,422.0,-1057995775.0,-28.0,-468.0,22.0,-94.0,-61.0,39.0
1101,30956.0,50195.0,40317.0,46729.0,38919.0,30956.0,3.5366568565368652,,,,,,,,,,,,,,,,,,,,,,,,30954.0,-860.0,-186.0,422.0,-1057995775.0,-24.0,-470.0,19.0,-92.0,-33.0,29.0
1102,30966.0,49442.0,38912.0,47784.0,40226.0,30966.0,3.5366568565368652,,,,,,,,,,,,,,,,,,,,,,,,30964.0,-862.0,-190.0,422.0,-1059043327.0,-23.0,-471.0,12.0,-145.0,-89.0,45.0
1103,30976.0,49883.0,40329.0,47371.0,39361.0,30976.0,3.5366568565368652,,,,,,,,,,,,,,,,,,,,,,,,30974.0,-861.0,-190.0,422.0,-1059043326.0,-17.0,-467.0,9.0,-153.0,-13.0,24.0
1104,30986.0,49698.0,39970.0,47850.0,39694.0,30986.0,3.5313782691955566,,,,,,,,,,,,,,,,,,,,,,,,30984.0,-862.0,-198.0,422.0,-1060091902.0,-14.0,-476.0,5.0,-121.0,-27.0,28.0
1105,30996.0,49488.0,40444.0,48266.0,39366.0,30996.0,3.5313782691955566,,,,,,,,,,,,,,,,,,,,,,,,30994.0,-862.0,-202.0,422.0,-1060091902.0,-8.0,-477.0,3.0,-150.0,-29.0,30.0
1106,31006.0,49486.0,41304.0,48306.0,38656.0,31006.0,3.5313782691955566,,,,,,,,,,,,,,,,,,,,,,,,31004.0,-863.0,-203.0,422.0,-1061140478.0,-5.0,-474.0,1.0,-145.0,-16.0,32.0
1107,31016.0,48480.0,40100.0,49482.0,39898.0,31016.0,3.5313782691955566,,,,,,,,,,,,,,,,,,,,,,,,31014.0,-863.0,-206.0,422.0,-1062189054.0,0.0,-475.0,0.0,-159.0,50.0,28.0
1108,31026.0,49329.0,41703.0,48747.0,38313.0,31026.0,3.5313782691955566,,,,,,,,,,,,,,,,,,,,,,,,31024.0,-863.0,-214.0,422.0,-1062189054.0,4.0,-483.0,0.0,-181.0,24.0,31.0
1109,31036.0,49170.0,40650.0,48888.0,39448.0,31036.0,3.526099681854248,,,,,,,,,,,,,,,,,,,,,,,,31034.0,-864.0,-215.0,422.0,-1063237630.0,6.0,-479.0,-1.0,-151.0,37.0,21.0
1110,31046.0,49319.0,41227.0,48691.0,39023.0,31046.0,3.526099681854248,,,,,,,,,,,,,,,,,,,,,,,,31044.0,-864.0,-218.0,422.0,-1064286206.0,10.0,-479.0,-3.0,-134.0,36.0,18.0
1111,31056.0,49360.0,40528.0,48948.0,39656.0,31056.0,3.526099681854248,,,,,,,,,,,,,,,,,,,,,,,,31054.0,-865.0,-223.0,422.0,-1064287230.0,13.0,-481.0,-4.0,-141.0,39.0,24.0
1112,31066.0,49481.0,41085.0,48847.0,39139.0,31066.0,3.526099681854248,,,,,,,,,,,,,,,,,,,,,,,,31064.0,-865.0,-229.0,422.0,-1065335805.0,17.0,-485.0,-5.0,-127.0,44.0,26.0
1113,31076.0,49380.0,40972.0,48910.0,39342.0,31076.0,3.526099681854248,,,,,,,,,,,,,,,,,,,,,,,,31074.0,-867.0,-231.0,422.0,-1065335805.0,19.0,-482.0,-5.0,-129.0,1.0,20.0
1114,31086.0,50628.0,40732.0,47816.0,39500.0,31086.0,3.526099681854248,,,,,,,,,,,,,,,,,,,,,,,,31084.0,-866.0,-234.0,422.0,-1066384381.0,25.0,-482.0,-6.0,-114.0,6.0,21.0
1115,31096.0,49561.0,41263.0,48667.0,39185.0,31096.0,3.526099681854248,,,,,,,,,,,,,,,,,,,,,,,,31094.0,-865.0,-238.0,422.0,-1066384381.0,29.0,-481.0,-6.0,-113.0,-25.0,14.0
1116,31106.0,50350.0,41024.0,47794.0,39604.0,31106.0,3.526099681854248,,,,,,,,,,,,,,,,,,,,,,,,31104.0,-865.0,-240.0,422.0,-1067432957.0,33.0,-477.0,-6.0,-105.0,-52.0,0.0
1117,31116.0,50508.0,40620.0,47616.0,40056.0,31116.0,3.526099681854248,,,,,,,,,,,,,,,,,,,,,,,,31114.0,-865.0,-245.0,422.0,-1067432957.0,38.0,-480.0,-5.0,-82.0,-66.0,-1.0
1118,31126.0,50047.0,41105.0,48055.0,39529.0,31126.0,3.526099681854248,,,,,,,,,,,,,,,,,,,,,,,,31124.0,-865.0,-248.0,422.0,-1068481533.0,43.0,-478.0,-6.0,-69.0,-101.0,-3.0
1119,31136.0,50657.0,41011.0,47395.0,39697.0,31136.0,3.526099681854248,,,,,,,,,,,,,,,,,,,,,,,,31134.0,-864.0,-251.0,421.0,-1068480509.0,47.0,-476.0,-10.0,-64.0,-67.0,-3.0
1120,31146.0,50042.0,41540.0,48306.0,39300.0,31146.0,3.526099681854248,,,,,,,,,,,,,,,,,,,,,,,,31144.0,-864.0,-252.0,421.0,-1068480509.0,52.0,-471.0,-11.0,-61.0,-85.0,2.0
1121,31156.0,50543.0,41315.0,47973.0,39545.0,31156.0,3.526099681854248,,,,,,,,,,,,,,,,,,,,,,,,31154.0,-863.0,-259.0,421.0,-1068480509.0,57.0,-477.0,-12.0,-47.0,-94.0,7.0
1122,31166.0,50212.0,41192.0,48188.0,39856.0,31166.0,3.526099681854248,,,,,,,,,,,,,,,,,,,,,,,,31164.0,-863.0,-262.0,421.0,-1069528061.0,62.0,-474.0,-12.0,-56.0,-70.0,-6.0
1123,31176.0,50347.0,41329.0,48145.0,39643.0,31176.0,3.526099681854248,,,,,,,,,,,,,,,,,,,,,,,,31174.0,-862.0,-265.0,420.0,-1069528061.0,66.0,-472.0,-12.0,-61.0,-53.0,4.0
1124,31186.0,50355.0,41369.0,48059.0,39657.0,31186.0,3.526099681854248,,,,,,,,,,,,,,,,,,,,,,,,31184.0,-862.0,-268.0,421.0,-1069528061.0,70.0,-469.0,-12.0,-68.0,-22.0,1.0
1125,31196.0,49283.0,41479.0,49207.0,39647.0,31196.0,3.526099681854248,,,,,,,,,,,,,,,,,,,,,,,,31194.0,-862.0,-270.0,420.0,-1070576637.0,74.0,-466.0,-12.0,-73.0,-5.0,0.0
1126,31206.0,49950.0,41758.0,48470.0,39478.0,31206.0,3.526099681854248,,,,,,,,,,,,,,,,,,,,,,,,31204.0,-861.0,-275.0,420.0,-1070576637.0,80.0,-468.0,-11.0,-84.0,7.0,-8.0
1127,31216.0,50428.0,41442.0,48034.0,39636.0,31216.0,3.526099681854248,,,,,,,,,,,,,,,,,,,,,,,,31214.0,-861.0,-279.0,420.0,-1070576637.0,84.0,-467.0,-11.0,-86.0,48.0,0.0
1128,31226.0,48897.0,41751.0,49495.0,39645.0,31226.0,3.526099681854248,,,,,,,,,,,,,,,,,,,,,,,,31224.0,-861.0,-280.0,420.0,-1071625213.0,87.0,-461.0,-13.0,-91.0,29.0,-10.0
1129,31236.0,50388.0,41672.0,47986.0,39746.0,31236.0,3.526099681854248,,,,,,,,,,,,,,,,,,,,,,,,31234.0,-859.0,-284.0,419.0,-1071625213.0,94.0,-460.0,-12.0,-95.0,33.0,-13.0
1130,31246.0,50426.0,41816.0,48078.0,39452.0,31246.0,3.526099681854248,,,,,,,,,,,,,,,,,,,,,,,,31244.0,-858.0,-290.0,419.0,-1072673789.0,99.0,-463.0,-12.0,-65.0,12.0,-7.0
1131,31256.0,50046.0,41678.0,48304.0,39760.0,31256.0,3.526099681854248,,,,,,,,,,,,,,,,,,,,,,,,31254.0,-857.0,-291.0,419.0,-1072674813.0,104.0,-457.0,-13.0,-81.0,9.0,-10.0
1132,31266.0,50724.0,41682.0,47630.0,39884.0,31266.0,3.526099681854248,,,,,,,,,,,,,,,,,,,,,,,,31264.0,-855.0,-295.0,419.0,-1072674813.0,111.0,-456.0,-18.0,-83.0,-10.0,-15.0
1133,31276.0,50785.0,41499.0,47759.0,40381.0,31276.0,3.526099681854248,,,,,,,,,,,,,,,,,,,,,,,,31274.0,-855.0,-298.0,418.0,-1073723390.0,114.0,-452.0,-20.0,-79.0,0.0,-21.0
1134,31286.0,50449.0,42213.0,48213.0,39781.0,31286.0,3.526099681854248,,,,,,,,,,,,,,,,,,,,,,,,31284.0,-855.0,-300.0,418.0,-536852478.0,117.0,-449.0,-20.0,-84.0,11.0,-17.0
1135,31296.0,51095.0,41859.0,47525.0,40241.0,31296.0,3.526099681854248,,,,,,,,,,,,,,,,,,,,,,,,31294.0,-855.0,-305.0,418.0,-536852478.0,119.0,-450.0,-19.0,-90.0,-6.0,-20.0
1136,31306.0,50387.0,42035.0,48341.0,39945.0,31306.0,3.5208210945129395,,,,,,,,,,,,,,,,,,,,,,,,31304.0,-854.0,-308.0,418.0,-535803902.0,124.0,-446.0,-19.0,-75.0,0.0,-16.0
1137,31316.0,50733.0,42489.0,48443.0,40127.0,31316.0,3.526099681854248,,,,,,,,,,,,,,,,,,,,,,,,31314.0,-853.0,-311.0,416.0,-535803902.0,129.0,-444.0,-28.0,-63.0,-40.0,-18.0
1138,31326.0,51056.0,42074.0,48138.0,40496.0,31326.0,3.5208210945129395,,,,,,,,,,,,,,,,,,,,,,,,31324.0,-853.0,-314.0,415.0,-535803902.0,131.0,-440.0,-28.0,-69.0,-29.0,-17.0
1139,31336.0,50967.0,41629.0,48261.0,40987.0,31336.0,3.5208210945129395,,,,,,,,,,,,,,,,,,,,,,,,31334.0,-853.0,-317.0,415.0,-534755326.0,134.0,-437.0,-28.0,-60.0,-44.0,-16.0
1140,31346.0,51653.0,42459.0,47753.0,40087.0,31346.0,3.5208210945129395,,,,,,,,,,,,,,,,,,,,,,,,31344.0,-851.0,-321.0,415.0,-534754302.0,139.0,-437.0,-29.0,-39.0,-68.0,-3.0
1141,31356.0,51346.0,42348.0,48000.0,40406.0,31356.0,3.5208210945129395,,,,,,,,,,,,,,,,,,,,,,,,31354.0,-850.0,-325.0,416.0,-534754302.0,144.0,-436.0,-22.0,-47.0,-80.0,-15.0
1142,31366.0,51387.0,42235.0,47645.0,40249.0,31366.0,3.5208210945129395,,,,,,,,,,,,,,,,,,,,,,,,31364.0,-848.0,-327.0,416.0,-534754302.0,149.0,-430.0,-21.0,-41.0,-83.0,-16.0
1143,31376.0,50780.0,42402.0,48084.0,40226.0,31376.0,3.515542507171631,,,,,,,,,,,,,,,,,,,,,,,,31374.0,-847.0,-331.0,415.0,-533705726.0,155.0,-429.0,-21.0,-47.0,-48.0,-26.0
1144,31386.0,51213.0,42619.0,47675.0,40021.0,31386.0,3.5208210945129395,,,,,,,,,,,,,,,,,,,,,,,,31384.0,-847.0,-334.0,415.0,-533705726.0,157.0,-425.0,-20.0,-53.0,-44.0,-25.0
1145,31396.0,50470.0,42340.0,48326.0,40360.0,31396.0,3.5208210945129395,,,,,,,,,,,,,,,,,,,,,,,,31394.0,-844.0,-338.0,415.0,-533704702.0,164.0,-424.0,-19.0,-60.0,-28.0,-25.0
1146,31406.0,50427.0,42737.0,48095.0,39897.0,31406.0,3.5208210945129395,,,,,,,,,,,,,,,,,,,,,,,,31404.0,-843.0,-340.0,416.0,-533704703.0,168.0,-420.0,-15.0,-46.0,8.0,-36.0
1147,31416.0,49835.0,43597.0,48741.0,38967.0,31416.0,3.5208210945129395,,,,,,,,,,,,,,,,,,,,,,,,31414.0,-842.0,-342.0,415.0,-532656127.0,172.0,-414.0,-14.0,-77.0,26.0,-25.0
1148,31426.0,50636.0,42570.0,47752.0,40186.0,31426.0,3.5208210945129395,,,,,,,,,,,,,,,,,,,,,,,,31424.0,-839.0,-346.0,415.0,-532656127.0,180.0,-413.0,-14.0,-86.0,39.0,-33.0
1149,31436.0,50636.0,42548.0,47738.0,40230.0,31436.0,3.5208210945129395,,,,,,,,,,,,,,,,,,,,,,,,31434.0,-839.0,-348.0,415.0,-532657151.0,181.0,-409.0,-14.0,-91.0,41.0,-35.0
1150,31446.0,49506.0,42834.0,48718.0,39814.0,31446.0,3.5208210945129395,,,,,,,,,,,,,,,,,,,,,,,,31444.0,-839.0,-351.0,416.0,-531608575.0,183.0,-405.0,-11.0,-91.0,64.0,-33.0
1151,31456.0,50209.0,42853.0,47909.0,40013.0,31456.0,3.5208210945129395,,,,,,,,,,,,,,,,,,,,,,,,31454.0,-837.0,-352.0,416.0,-531608575.0,190.0,-398.0,-10.0,-90.0,33.0,-42.0
1152,31466.0,50458.0,42610.0,47590.0,40218.0,31466.0,3.5208210945129395,,,,,,,,,,,,,,,,,,,,,,,,31464.0,-837.0,-355.0,416.0,-530559999.0,191.0,-394.0,-8.0,-90.0,27.0,-41.0
1153,31476.0,50291.0,42269.0,47745.0,40407.0,31476.0,3.5208210945129395,,,,,,,,,,,,,,,,,,,,,,,,31474.0,-834.0,-359.0,415.0,-530559999.0,198.0,-392.0,-6.0,-103.0,26.0,-36.0
1154,31486.0,49932.0,42890.0,47966.0,39800.0,31486.0,3.5208210945129395,,,,,,,,,,,,,,,,,,,,,,,,31484.0,-834.0,-362.0,415.0,-530561024.0,199.0,-390.0,-6.0,-104.0,5.0,-38.0
1155,31496.0,50384.0,42544.0,47542.0,40138.0,31496.0,3.5208210945129395,,,,,,,,,,,,,,,,,,,,,,,,31494.0,-833.0,-363.0,415.0,-529512448.0,202.0,-383.0,-6.0,-102.0,-4.0,-35.0
1156,31506.0,50064.0,42406.0,47766.0,40364.0,31506.0,3.5208210945129395,,,,,,,,,,,,,,,,,,,,,,,,31504.0,-832.0,-366.0,415.0,-529512448.0,205.0,-379.0,-5.0,-97.0,-22.0,-37.0
1157,31516.0,50906.0,42072.0,46946.0,40648.0,31516.0,3.5208210945129395,,,,,,,,,,,,,,,,,,,,,,,,31514.0,-830.0,-370.0,415.0,-528463360.0,211.0,-377.0,-5.0,-95.0,-31.0,-33.0
1158,31526.0,50521.0,42477.0,47277.0,40233.0,31526.0,3.5208210945129395,,,,,,,,,,,,,,,,,,,,,,,,31524.0,-827.0,-371.0,415.0,-528462336.0,216.0,-370.0,-4.0,-75.0,-42.0,-31.0
1159,31536.0,51143.0,42599.0,46739.0,40195.0,31536.0,3.5208210945129395,,,,,,,,,,,,,,,,,,,,,,,,31534.0,-826.0,-374.0,415.0,-527413760.0,219.0,-366.0,-4.0,-66.0,-69.0,-28.0
1160,31546.0,50743.0,42369.0,47049.0,40307.0,31546.0,3.5208210945129395,,,,,,,,,,,,,,,,,,,,,,,,31544.0,-826.0,-376.0,414.0,-527413760.0,221.0,-362.0,-2.0,-50.0,-51.0,-25.0
1161,31556.0,49896.0,43048.0,47794.0,39610.0,31556.0,3.5208210945129395,,,,,,,,,,,,,,,,,,,,,,,,31554.0,-825.0,-378.0,414.0,-527413759.0,224.0,-356.0,-1.0,-45.0,-47.0,-25.0
1162,31566.0,50574.0,42900.0,47072.0,39698.0,31566.0,3.5208210945129395,,,,,,,,,,,,,,,,,,,,,,,,31564.0,-822.0,-381.0,414.0,-527413759.0,229.0,-352.0,-1.0,-51.0,-45.0,-26.0
1163,31576.0,50424.0,42868.0,47214.0,39698.0,31576.0,3.5208210945129395,,,,,,,,,,,,,,,,,,,,,,,,31574.0,-820.0,-383.0,415.0,-526365183.0,235.0,-346.0,0.0,-64.0,-19.0,-24.0
1164,31586.0,50462.0,43286.0,47198.0,39190.0,31586.0,3.5208210945129395,,,,,,,,,,,,,,,,,,,,,,,,31584.0,-819.0,-383.0,415.0,-526365183.0,237.0,-338.0,0.0,-58.0,-32.0,-16.0
1165,31596.0,50545.0,42971.0,47113.0,39427.0,31596.0,3.5208210945129395,,,,,,,,,,,,,,,,,,,,,,,,31594.0,-818.0,-387.0,415.0,-526365183.0,240.0,-336.0,0.0,-75.0,-27.0,-13.0
1166,31606.0,50054.0,42704.0,47554.0,39728.0,31606.0,3.5208210945129395,,,,,,,,,,,,,,,,,,,,,,,,31604.0,-816.0,-391.0,415.0,-525316607.0,245.0,-334.0,2.0,-76.0,-10.0,-14.0
1167,31616.0,49549.0,42663.0,47999.0,39689.0,31616.0,3.5208210945129395,,,,,,,,,,,,,,,,,,,,,,,,31614.0,-813.0,-392.0,415.0,-525316607.0,250.0,-328.0,3.0,-97.0,-2.0,-10.0
1168,31626.0,49999.0,41993.0,47193.0,40095.0,31626.0,3.5208210945129395,,,,,,,,,,,,,,,,,,,,,,,,31624.0,-811.0,-394.0,416.0,-525316607.0,254.0,-322.0,8.0,-114.0,-8.0,-13.0
1169,31636.0,49352.0,42444.0,47818.0,39678.0,31636.0,3.526099681854248,,,,,,,,,,,,,,,,,,,,,,,,31634.0,-810.0,-395.0,416.0,-524268031.0,257.0,-315.0,8.0,-126.0,1.0,-16.0
1170,31646.0,49761.0,42075.0,47285.0,40115.0,31646.0,3.5208210945129395,,,,,,,,,,,,,,,,,,,,,,,,31644.0,-808.0,-395.0,416.0,-523219455.0,261.0,-307.0,9.0,-135.0,-16.0,-17.0
1171,31656.0,49596.0,42116.0,47510.0,39894.0,31656.0,3.5208210945129395,,,,,,,,,,,,,,,,,,,,,,,,31654.0,-805.0,-399.0,416.0,-523219455.0,267.0,-304.0,10.0,-143.0,5.0,-10.0
1172,31666.0,49121.0,42617.0,47815.0,39427.0,31666.0,3.526099681854248,,,,,,,,,,,,,,,,,,,,,,,,31664.0,-802.0,-402.0,416.0,-522170879.0,273.0,-301.0,11.0,-127.0,3.0,-16.0
1173,31676.0,49370.0,42482.0,47362.0,39598.0,31676.0,3.526099681854248,,,,,,,,,,,,,,,,,,,,,,,,31674.0,-800.0,-401.0,416.0,-522170879.0,277.0,-290.0,13.0,-130.0,6.0,-24.0
1174,31686.0,49254.0,42420.0,47428.0,39550.0,31686.0,3.526099681854248,,,,,,,,,,,,,,,,,,,,,,,,31684.0,-800.0,-403.0,416.0,-521122302.0,277.0,-283.0,13.0,-112.0,7.0,-20.0
1175,31696.0,49328.0,42612.0,47316.0,39312.0,31696.0,3.526099681854248,,,,,,,,,,,,,,,,,,,,,,,,31694.0,-796.0,-406.0,416.0,-521122302.0,285.0,-281.0,12.0,-108.0,24.0,-19.0
1176,31706.0,49969.0,42331.0,46669.0,39627.0,31706.0,3.5313782691955566,,,,,,,,,,,,,,,,,,,,,,,,31704.0,-794.0,-408.0,415.0,-520073726.0,288.0,-274.0,3.0,-76.0,15.0,-17.0
1177,31716.0,49841.0,43133.0,47199.0,39387.0,31716.0,3.5313782691955566,,,,,,,,,,,,,,,,,,,,,,,,31714.0,-790.0,-409.0,415.0,-520073726.0,295.0,-268.0,2.0,-73.0,30.0,-24.0
1178,31726.0,49418.0,43354.0,47652.0,39152.0,31726.0,3.526099681854248,,,,,,,,,,,,,,,,,,,,,,,,31724.0,-788.0,-410.0,415.0,-520073726.0,298.0,-259.0,3.0,-32.0,26.0,-21.0
1179,31736.0,50307.0,41899.0,46729.0,40561.0,31736.0,3.526099681854248,,,,,,,,,,,,,,,,,,,,,,,,31734.0,-784.0,-413.0,415.0,-520073726.0,305.0,-255.0,4.0,-28.0,5.0,-19.0
1180,31746.0,50551.0,42667.0,46411.0,39695.0,31746.0,3.526099681854248,,,,,,,,,,,,,,,,,,,,,,,,31744.0,-783.0,-413.0,415.0,-519025150.0,306.0,-248.0,6.0,-33.0,-17.0,-17.0
1181,31756.0,50396.0,41584.0,46380.0,40952.0,31756.0,3.526099681854248,,,,,,,,,,,,,,,,,,,,,,,,31754.0,-782.0,-414.0,415.0,-519025150.0,308.0,-240.0,6.0,-54.0,3.0,-28.0
1182,31766.0,49957.0,42177.0,46653.0,40349.0,31766.0,3.526099681854248,,,,,,,,,,,,,,,,,,,,,,,,31764.0,-779.0,-415.0,415.0,-519025150.0,313.0,-232.0,8.0,-25.0,6.0,-31.0
1183,31776.0,49883.0,43975.0,46677.0,38381.0,31776.0,3.526099681854248,,,,,,,,,,,,,,,,,,,,,,,,31774.0,-775.0,-417.0,415.0,-519025150.0,320.0,-227.0,9.0,-24.0,-33.0,-22.0
1184,31786.0,49513.0,42103.0,46961.0,40215.0,31786.0,3.526099681854248,,,,,,,,,,,,,,,,,,,,,,,,31784.0,-770.0,-419.0,415.0,-519025150.0,327.0,-221.0,9.0,-64.0,16.0,-24.0
1185,31796.0,49526.0,41754.0,46896.0,40616.0,31796.0,3.526099681854248,,,,,,,,,,,,,,,,,,,,,,,,31794.0,-770.0,-418.0,415.0,-517976573.0,328.0,-212.0,4.0,-107.0,-21.0,-25.0
1186,31806.0,50200.0,42734.0,46560.0,39778.0,31806.0,3.526099681854248,,,,,,,,,,,,,,,,,,,,,,,,31804.0,-768.0,-421.0,415.0,-517976573.0,328.0,-208.0,4.0,-97.0,-18.0,-17.0
1187,31816.0,50076.0,43344.0,46650.0,39178.0,31816.0,3.526099681854248,,,,,,,,,,,,,,,,,,,,,,,,31814.0,-766.0,-421.0,415.0,-517976573.0,331.0,-200.0,5.0,-64.0,-5.0,-17.0
1188,31826.0,49873.0,43223.0,46709.0,39363.0,31826.0,3.526099681854248,,,,,,,,,,,,,,,,,,,,,,,,31824.0,-759.0,-424.0,415.0,-516927997.0,344.0,-196.0,4.0,-48.0,27.0,-22.0
1189,31836.0,49696.0,42592.0,46960.0,39952.0,31836.0,3.5208210945129395,,,,,,,,,,,,,,,,,,,,,,,,31834.0,-756.0,-425.0,415.0,-516927997.0,348.0,-189.0,4.0,-70.0,18.0,-20.0
1190,31846.0,49400.0,42154.0,47220.0,39838.0,31846.0,3.526099681854248,,,,,,,,,,,,,,,,,,,,,,,,31844.0,-754.0,-426.0,416.0,-516927997.0,351.0,-184.0,9.0,-115.0,17.0,2.0
1191,31856.0,49399.0,42735.0,47201.0,39333.0,31856.0,3.526099681854248,,,,,,,,,,,,,,,,,,,,,,,,31854.0,-753.0,-426.0,416.0,-515880445.0,351.0,-174.0,9.0,-107.0,22.0,0.0
1192,31866.0,49701.0,43009.0,46987.0,38975.0,31866.0,3.526099681854248,,,,,,,,,,,,,,,,,,,,,,,,31864.0,-750.0,-426.0,416.0,-515880445.0,355.0,-166.0,8.0,-94.0,29.0,7.0
1193,31876.0,50264.0,43186.0,46558.0,38712.0,31876.0,3.526099681854248,,,,,,,,,,,,,,,,,,,,,,,,31874.0,-744.0,-428.0,416.0,-514831869.0,364.0,-161.0,9.0,-59.0,40.0,15.0
1194,31886.0,50249.0,44263.0,46735.0,37953.0,31886.0,3.526099681854248,,,,,,,,,,,,,,,,,,,,,,,,31884.0,-742.0,-427.0,415.0,-514831869.0,366.0,-151.0,4.0,-8.0,62.0,7.0
1195,31896.0,49302.0,44098.0,47520.0,38200.0,31896.0,3.526099681854248,,,,,,,,,,,,,,,,,,,,,,,,31894.0,-740.0,-428.0,415.0,-514831869.0,369.0,-145.0,5.0,12.0,100.0,-1.0
1196,31906.0,49777.0,42961.0,47039.0,39219.0,31906.0,3.526099681854248,,,,,,,,,,,,,,,,,,,,,,,,31904.0,-739.0,-429.0,415.0,-514832893.0,367.0,-138.0,4.0,-33.0,103.0,0.0
1197,31916.0,51457.0,43713.0,45567.0,38323.0,31916.0,3.526099681854248,,,,,,,,,,,,,,,,,,,,,,,,31914.0,-730.0,-430.0,415.0,-514832893.0,382.0,-132.0,3.0,-19.0,34.0,15.0
1198,31926.0,50069.0,43481.0,47057.0,38529.0,31926.0,3.526099681854248,,,,,,,,,,,,,,,,,,,,,,,,31924.0,-728.0,-431.0,416.0,-514832893.0,383.0,-125.0,4.0,10.0,67.0,17.0
1199,31936.0,50721.0,42401.0,46485.0,39441.0,31936.0,3.526099681854248,,,,,,,,,,,,,,,,,,,,,,,,31934.0,-727.0,-432.0,416.0,-514832893.0,383.0,-119.0,3.0,-44.0,26.0,24.0
1200,31946.0,51548.0,43452.0,45676.0,38464.0,31946.0,3.526099681854248,,,,,,,,,,,,,,,,,,,,,,,,31944.0,-725.0,-432.0,416.0,-514833917.0,384.0,-111.0,1.0,-20.0,-47.0,25.0
1201,31956.0,51187.0,43033.0,46133.0,38951.0,31956.0,3.526099681854248,,,,,,,,,,,,,,,,,,,,,,,,31954.0,-721.0,-431.0,416.0,-514833917.0,388.0,-103.0,0.0,-14.0,-46.0,23.0
1202,31966.0,51098.0,41564.0,46400.0,40450.0,31966.0,3.526099681854248,,,,,,,,,,,,,,,,,,,,,,,,31964.0,-715.0,-431.0,416.0,-513784318.0,397.0,-95.0,-2.0,-68.0,-73.0,26.0
1203,31976.0,51664.0,43696.0,46070.0,38734.0,31976.0,3.526099681854248,,,,,,,,,,,,,,,,,,,,,,,,31974.0,-712.0,-432.0,415.0,-513784318.0,400.0,-89.0,-8.0,-80.0,-9.0,19.0
1204,31986.0,51435.0,41647.0,46593.0,40569.0,31986.0,3.5208210945129395,,,,,,,,,,,,,,,,,,,,,,,,31984.0,-709.0,-432.0,415.0,-513784318.0,401.0,-81.0,-7.0,-63.0,-61.0,36.0
1205,31996.0,50804.0,44244.0,47146.0,38038.0,31996.0,3.5208210945129395,,,,,,,,,,,,,,,,,,,,,,,,31994.0,-708.0,-432.0,415.0,-513784318.0,401.0,-74.0,-7.0,-96.0,0.0,30.0
1206,32006.0,51892.0,42366.0,46218.0,39748.0,32006.0,3.5208210945129395,,,,,,,,,,,,,,,,,,,,,,,,32004.0,-702.0,-432.0,415.0,-512735742.0,410.0,-66.0,-7.0,-59.0,-21.0,38.0
1207,32016.0,50898.0,42142.0,47552.0,39640.0,32016.0,3.5208210945129395,,,,,,,,,,,,,,,,,,,,,,,,32014.0,-698.0,-431.0,416.0,-512735742.0,413.0,-58.0,3.0,-109.0,-29.0,63.0
1208,32026.0,51239.0,43167.0,46709.0,38101.0,32026.0,3.5208210945129395,,,,,,,,,,,,,,,,,,,,,,,,32024.0,-694.0,-431.0,416.0,-511687166.0,418.0,-50.0,2.0,-78.0,39.0,61.0
1209,32036.0,50020.0,43296.0,47948.0,38008.0,32036.0,3.5208210945129395,,,,,,,,,,,,,,,,,,,,,,,,32034.0,-693.0,-430.0,416.0,-511687166.0,416.0,-42.0,1.0,-79.0,63.0,56.0
1210,32046.0,50055.0,41843.0,48203.0,39303.0,32046.0,3.5208210945129395,,,,,,,,,,,,,,,,,,,,,,,,32044.0,-693.0,-429.0,416.0,-511687166.0,414.0,-34.0,0.0,-117.0,57.0,69.0
1211,32056.0,51177.0,43645.0,47297.0,37509.0,32056.0,3.5208210945129395,,,,,,,,,,,,,,,,,,,,,,,,32054.0,-684.0,-429.0,416.0,-510638591.0,428.0,-25.0,-1.0,-84.0,32.0,76.0
1212,32066.0,51320.0,41818.0,47204.0,38990.0,32066.0,3.5208210945129395,,,,,,,,,,,,,,,,,,,,,,,,32064.0,-680.0,-429.0,417.0,-510639615.0,431.0,-17.0,0.0,-115.0,16.0,79.0
1213,32076.0,50349.0,40905.0,48363.0,39819.0,32076.0,3.5208210945129395,,,,,,,,,,,,,,,,,,,,,,,,32074.0,-678.0,-428.0,417.0,-510639615.0,431.0,-9.0,0.0,-154.0,82.0,88.0
1214,32086.0,50462.0,41366.0,48462.0,39266.0,32086.0,3.5208210945129395,,,,,,,,,,,,,,,,,,,,,,,,32084.0,-676.0,-427.0,417.0,-509591040.0,431.0,-1.0,0.0,-135.0,70.0,94.0
1215,32096.0,49970.0,42050.0,49136.0,38436.0,32096.0,3.5208210945129395,,,,,,,,,,,,,,,,,,,,,,,,32094.0,-669.0,-426.0,417.0,-509591552.0,440.0,7.0,0.0,-176.0,98.0,100.0
1216,32106.0,49620.0,41314.0,49656.0,38990.0,32106.0,3.526099681854248,,,,,,,,,,,,,,,,,,,,,,,,32104.0,-668.0,-425.0,418.0,-508544000.0,439.0,16.0,2.0,-180.0,89.0,106.0
1217,32116.0,49812.0,41096.0,49428.0,38920.0,32116.0,3.5208210945129395,,,,,,,,,,,,,,,,,,,,,,,,32114.0,-664.0,-424.0,418.0,-507495423.0,442.0,24.0,2.0,-189.0,127.0,110.0
1218,32126.0,49271.0,41829.0,49983.0,38189.0,32126.0,3.5208210945129395,,,,,,,,,,,,,,,,,,,,,,,,32124.0,-662.0,-423.0,418.0,-506447871.0,442.0,33.0,3.0,-175.0,128.0,107.0
1219,32136.0,49479.0,41953.0,49851.0,37929.0,32136.0,3.5208210945129395,,,,,,,,,,,,,,,,,,,,,,,,32134.0,-659.0,-423.0,418.0,-506447871.0,442.0,40.0,3.0,-161.0,119.0,104.0
1220,32146.0,50392.0,41684.0,48882.0,38270.0,32146.0,3.5208210945129395,,,,,,,,,,,,,,,,,,,,,,,,32144.0,-651.0,-422.0,418.0,-505400318.0,452.0,49.0,3.0,-127.0,90.0,95.0
1221,32156.0,50151.0,41177.0,49073.0,38767.0,32156.0,3.526099681854248,,,,,,,,,,,,,,,,,,,,,,,,32154.0,-650.0,-421.0,418.0,-505400318.0,450.0,58.0,3.0,-100.0,89.0,89.0
1222,32166.0,50206.0,41970.0,48942.0,38050.0,32166.0,3.5208210945129395,,,,,,,,,,,,,,,,,,,,,,,,32164.0,-647.0,-419.0,418.0,-504351741.0,450.0,68.0,4.0,-78.0,83.0,87.0
1223,32176.0,51101.0,41841.0,48247.0,37863.0,32176.0,3.5208210945129395,,,,,,,,,,,,,,,,,,,,,,,,32174.0,-643.0,-419.0,418.0,-504352765.0,452.0,76.0,6.0,-53.0,39.0,90.0
1224,32186.0,50796.0,41166.0,48398.0,38516.0,32186.0,3.5208210945129395,,,,,,,,,,,,,,,,,,,,,,,,32184.0,-638.0,-418.0,418.0,-504352765.0,456.0,85.0,7.0,-37.0,7.0,84.0
1225,32196.0,51294.0,40664.0,47902.0,38900.0,32196.0,3.5208210945129395,,,,,,,,,,,,,,,,,,,,,,,,32194.0,-634.0,-416.0,418.0,-504352765.0,459.0,95.0,8.0,-28.0,-37.0,79.0
1226,32206.0,51350.0,40174.0,47700.0,39400.0,32206.0,3.526099681854248,,,,,,,,,,,,,,,,,,,,,,,,32204.0,-631.0,-413.0,418.0,-504352764.0,460.0,107.0,8.0,-33.0,-62.0,70.0
1227,32216.0,51782.0,40306.0,47184.0,39336.0,32216.0,3.5208210945129395,,,,,,,,,,,,,,,,,,,,,,,,32214.0,-627.0,-413.0,418.0,-504352764.0,461.0,114.0,8.0,-22.0,-112.0,62.0
1228,32226.0,51957.0,39855.0,46839.0,39913.0,32226.0,3.526099681854248,,,,,,,,,,,,,,,,,,,,,,,,32224.0,-622.0,-410.0,418.0,-503303164.0,466.0,125.0,8.0,-17.0,-137.0,48.0
1229,32236.0,51742.0,40156.0,46892.0,39654.0,32236.0,3.526099681854248,,,,,,,,,,,,,,,,,,,,,,,,32234.0,-620.0,-410.0,418.0,-503303164.0,464.0,132.0,9.0,-37.0,-121.0,39.0
1230,32246.0,51441.0,40503.0,46875.0,39541.0,32246.0,3.526099681854248,,,,,,,,,,,,,,,,,,,,,,,,32244.0,-615.0,-408.0,419.0,-503302140.0,468.0,142.0,8.0,-14.0,-133.0,20.0
1231,32256.0,50991.0,41249.0,47358.0,39582.0,32256.0,3.526099681854248,,,,,,,,,,,,,,,,,,,,,,,,32254.0,-611.0,-406.0,419.0,-503302140.0,470.0,150.0,8.0,-13.0,-91.0,-6.0
1232,32266.0,51290.0,41096.0,46694.0,39348.0,32266.0,3.526099681854248,,,,,,,,,,,,,,,,,,,,,,,,32264.0,-609.0,-405.0,419.0,-503302140.0,470.0,158.0,8.0,17.0,-79.0,-8.0
1233,32276.0,51079.0,41961.0,46585.0,38763.0,32276.0,3.526099681854248,,,,,,,,,,,,,,,,,,,,,,,,32274.0,-604.0,-403.0,419.0,-503301116.0,474.0,168.0,9.0,21.0,-44.0,-31.0
1234,32286.0,50413.0,42275.0,46977.0,38695.0,32286.0,3.526099681854248,,,,,,,,,,,,,,,,,,,,,,,,32284.0,-600.0,-400.0,419.0,-503301116.0,477.0,179.0,9.0,45.0,-17.0,-48.0
1235,32296.0,50860.0,42854.0,46220.0,38322.0,32296.0,3.526099681854248,,,,,,,,,,,,,,,,,,,,,,,,32294.0,-594.0,-398.0,419.0,-503301116.0,482.0,188.0,9.0,84.0,35.0,-56.0
1236,32306.0,50843.0,43557.0,45927.0,37789.0,32306.0,3.5208210945129395,,,,,,,,,,,,,,,,,,,,,,,,32304.0,-592.0,-397.0,419.0,-504349692.0,480.0,194.0,11.0,101.0,60.0,-67.0
1237,32316.0,49096.0,43678.0,47384.0,37826.0,32316.0,3.526099681854248,,,,,,,,,,,,,,,,,,,,,,,,32314.0,-585.0,-393.0,419.0,-504350717.0,488.0,206.0,11.0,126.0,89.0,-85.0
1238,32326.0,48652.0,44800.0,47610.0,36858.0,32326.0,3.526099681854248,,,,,,,,,,,,,,,,,,,,,,,,32324.0,-580.0,-391.0,419.0,-504350717.0,494.0,216.0,7.0,136.0,154.0,-94.0
1239,32336.0,49827.0,45477.0,46449.0,36495.0,32336.0,3.526099681854248,,,,,,,,,,,,,,,,,,,,,,,,32334.0,-577.0,-389.0,419.0,-505399293.0,494.0,222.0,7.0,118.0,133.0,-99.0
1240,32346.0,48930.0,43656.0,46976.0,38666.0,32346.0,3.5208210945129395,,,,,,,,,,,,,,,,,,,,,,,,32344.0,-575.0,-387.0,419.0,-505400318.0,491.0,231.0,8.0,119.0,175.0,-127.0
1241,32356.0,49926.0,45242.0,45980.0,36992.0,32356.0,3.5208210945129395,,,,,,,,,,,,,,,,,,,,,,,,32354.0,-573.0,-386.0,419.0,-506449918.0,490.0,236.0,9.0,112.0,123.0,-112.0
1242,32366.0,49354.0,44474.0,46472.0,37748.0,32366.0,3.5208210945129395,,,,,,,,,,,,,,,,,,,,,,,,32364.0,-562.0,-381.0,417.0,-506449918.0,504.0,251.0,-1.0,138.0,145.0,-114.0
1243,32376.0,49438.0,43324.0,46970.0,39348.0,32376.0,3.526099681854248,,,,,,,,,,,,,,,,,,,,,,,,32374.0,-561.0,-378.0,417.0,-507499519.0,498.0,259.0,-1.0,68.0,92.0,-97.0
1244,32386.0,48756.0,45342.0,47458.0,37476.0,32386.0,3.5208210945129395,,,,,,,,,,,,,,,,,,,,,,,,32384.0,-557.0,-375.0,417.0,-507499519.0,501.0,267.0,-1.0,39.0,139.0,-99.0
1245,32396.0,49596.0,43868.0,46576.0,39036.0,32396.0,3.5208210945129395,,,,,,,,,,,,,,,,,,,,,,,,32394.0,-553.0,-372.0,417.0,-507500544.0,500.0,275.0,-2.0,50.0,111.0,-100.0
1246,32406.0,49704.0,42832.0,46598.0,40054.0,32406.0,3.5208210945129395,,,,,,,,,,,,,,,,,,,,,,,,32404.0,-548.0,-367.0,417.0,-507500032.0,504.0,287.0,-4.0,26.0,48.0,-98.0
1247,32416.0,49543.0,41975.0,46991.0,40743.0,32416.0,3.5208210945129395,,,,,,,,,,,,,,,,,,,,,,,,32414.0,-545.0,-365.0,417.0,-507501056.0,503.0,293.0,-5.0,-17.0,-24.0,-72.0
1248,32426.0,49348.0,43036.0,47420.0,39624.0,32426.0,3.5208210945129395,,,,,,,,,,,,,,,,,,,,,,,,32424.0,-538.0,-361.0,417.0,-507500031.0,508.0,301.0,-6.0,-59.0,-56.0,-56.0
1249,32436.0,49648.0,44100.0,46960.0,38880.0,32436.0,3.515542507171631,,,,,,,,,,,,,,,,,,,,,,,,32434.0,-535.0,-359.0,417.0,-507500031.0,507.0,307.0,-7.0,-31.0,-5.0,-65.0
1250,32446.0,49958.0,43570.0,46584.0,39540.0,32446.0,3.5208210945129395,,,,,,,,,,,,,,,,,,,,,,,,32444.0,-533.0,-356.0,417.0,-507501055.0,504.0,313.0,-6.0,0.0,1.0,-72.0
1251,32456.0,49741.0,44027.0,46817.0,39055.0,32456.0,3.5208210945129395,,,,,,,,,,,,,,,,,,,,,,,,32454.0,-528.0,-352.0,415.0,-507501054.0,507.0,322.0,-14.0,13.0,0.0,-60.0
1252,32466.0,50630.0,43730.0,46354.0,39710.0,32466.0,3.5208210945129395,,,,,,,,,,,,,,,,,,,,,,,,32464.0,-522.0,-348.0,415.0,-507501054.0,511.0,331.0,-15.0,20.0,5.0,-55.0
1253,32476.0,50627.0,44397.0,46351.0,39089.0,32476.0,3.5208210945129395,,,,,,,,,,,,,,,,,,,,,,,,32474.0,-520.0,-345.0,415.0,-507501054.0,508.0,338.0,-15.0,45.0,3.0,-51.0
1254,32486.0,51048.0,44290.0,45982.0,39216.0,32486.0,3.515542507171631,,,,,,,,,,,,,,,,,,,,,,,,32484.0,-518.0,-343.0,415.0,-507501054.0,505.0,343.0,-16.0,71.0,-9.0,-52.0
1255,32496.0,51064.0,43574.0,46152.0,39962.0,32496.0,3.515542507171631,,,,,,,,,,,,,,,,,,,,,,,,32494.0,-507.0,-337.0,415.0,-507500030.0,518.0,357.0,-18.0,76.0,-24.0,-44.0
1256,32506.0,50148.0,44144.0,46866.0,39410.0,32506.0,3.515542507171631,,,,,,,,,,,,,,,,,,,,,,,,32504.0,-504.0,-335.0,415.0,-508548605.0,517.0,361.0,-15.0,43.0,-52.0,-50.0
1257,32516.0,51100.0,45750.0,45840.0,38010.0,32516.0,3.515542507171631,,,,,,,,,,,,,,,,,,,,,,,,32514.0,-499.0,-332.0,415.0,-508548605.0,518.0,367.0,-15.0,87.0,37.0,-51.0
1258,32526.0,50514.0,44126.0,46572.0,39600.0,32526.0,3.515542507171631,,,,,,,,,,,,,,,,,,,,,,,,32524.0,-499.0,-328.0,415.0,-508549629.0,512.0,374.0,-16.0,79.0,-11.0,-41.0
1259,32536.0,50439.0,45853.0,46699.0,37929.0,32536.0,3.515542507171631,,,,,,,,,,,,,,,,,,,,,,,,32534.0,-495.0,-324.0,415.0,-508549629.0,513.0,381.0,-16.0,68.0,50.0,-38.0
1260,32546.0,49518.0,43712.0,47854.0,39864.0,32546.0,3.5102639198303223,,,,,,,,,,,,,,,,,,,,,,,,32544.0,-488.0,-318.0,415.0,-509598205.0,517.0,392.0,-13.0,54.0,-22.0,-22.0
1261,32556.0,51613.0,45145.0,45411.0,38475.0,32556.0,3.515542507171631,,,,,,,,,,,,,,,,,,,,,,,,32554.0,-485.0,-317.0,415.0,-509598204.0,516.0,395.0,-12.0,74.0,29.0,-31.0
1262,32566.0,50015.0,43925.0,47143.0,39641.0,32566.0,3.515542507171631,,,,,,,,,,,,,,,,,,,,,,,,32564.0,-478.0,-312.0,415.0,-509598204.0,522.0,404.0,-12.0,32.0,-20.0,-26.0
1263,32576.0,51398.0,44898.0,45710.0,38718.0,32576.0,3.5102639198303223,,,,,,,,,,,,,,,,,,,,,,,,32574.0,-475.0,-309.0,415.0,-509598204.0,521.0,408.0,-13.0,49.0,38.0,-27.0
1264,32586.0,49054.0,44158.0,48162.0,39422.0,32586.0,3.5102639198303223,,,,,,,,,,,,,,,,,,,,,,,,32584.0,-469.0,-303.0,417.0,-509598204.0,524.0,419.0,-2.0,5.0,-37.0,-25.0
1265,32596.0,50627.0,44141.0,45859.0,39165.0,32596.0,3.515542507171631,,,,,,,,,,,,,,,,,,,,,,,,32594.0,-465.0,-298.0,417.0,-509598204.0,524.0,426.0,-2.0,21.0,29.0,-28.0
1266,32606.0,49499.0,43235.0,47283.0,39791.0,32606.0,3.515542507171631,,,,,,,,,,,,,,,,,,,,,,,,32604.0,-461.0,-295.0,417.0,-509598204.0,525.0,430.0,-3.0,-17.0,-9.0,-17.0
1267,32616.0,49349.0,45683.0,47253.0,37523.0,32616.0,3.515542507171631,,,,,,,,,,,,,,,,,,,,,,,,32614.0,-460.0,-292.0,417.0,-509598204.0,519.0,435.0,-2.0,-39.0,16.0,-16.0
1268,32626.0,50614.0,43700.0,46150.0,39336.0,32626.0,3.515542507171631,,,,,,,,,,,,,,,,,,,,,,,,32624.0,-457.0,-289.0,417.0,-509599228.0,517.0,440.0,-2.0,18.0,17.0,-10.0
1269,32636.0,49494.0,43608.0,47234.0,39576.0,32636.0,3.515542507171631,,,,,,,,,,,,,,,,,,,,,,,,32634.0,-445.0,-283.0,417.0,-509598204.0,534.0,450.0,-3.0,-39.0,-22.0,-12.0
1270,32646.0,50139.0,43599.0,46643.0,39463.0,32646.0,3.515542507171631,,,,,,,,,,,,,,,,,,,,,,,,32644.0,-443.0,-278.0,417.0,-509598204.0,528.0,457.0,-1.0,-57.0,-3.0,-6.0
1271,32656.0,49843.0,44141.0,46815.0,38901.0,32656.0,3.515542507171631,,,,,,,,,,,,,,,,,,,,,,,,32654.0,-440.0,-275.0,417.0,-509598203.0,527.0,461.0,0.0,-39.0,-1.0,-6.0
1272,32666.0,49784.0,44318.0,46808.0,38646.0,32666.0,3.515542507171631,,,,,,,,,,,,,,,,,,,,,,,,32664.0,-434.0,-271.0,417.0,-509598203.0,531.0,468.0,1.0,-13.0,-4.0,-9.0
1273,32676.0,50110.0,44258.0,46512.0,38588.0,32676.0,3.5208210945129395,,,,,,,,,,,,,,,,,,,,,,,,32674.0,-429.0,-264.0,416.0,-509598203.0,533.0,478.0,1.0,-3.0,-23.0,-5.0
1274,32686.0,51053.0,43799.0,45547.0,38973.0,32686.0,3.5208210945129395,,,,,,,,,,,,,,,,,,,,,,,,32684.0,-427.0,-260.0,417.0,-509598203.0,530.0,484.0,2.0,16.0,-26.0,1.0
1275,32696.0,50502.0,44670.0,46022.0,38110.0,32696.0,3.5208210945129395,,,,,,,,,,,,,,,,,,,,,,,,32694.0,-420.0,-254.0,417.0,-509598203.0,534.0,493.0,3.0,57.0,-22.0,0.0
1276,32706.0,51449.0,45063.0,44923.0,37753.0,32706.0,3.5208210945129395,,,,,,,,,,,,,,,,,,,,,,,,32704.0,-416.0,-251.0,417.0,-509598203.0,535.0,496.0,5.0,120.0,5.0,-4.0
1277,32716.0,49474.0,45498.0,46830.0,37130.0,32716.0,3.5208210945129395,,,,,,,,,,,,,,,,,,,,,,,,32714.0,-414.0,-247.0,417.0,-510646779.0,531.0,500.0,9.0,86.0,-20.0,-3.0
1278,32726.0,50163.0,43533.0,46099.0,38805.0,32726.0,3.5208210945129395,,,,,,,,,,,,,,,,,,,,,,,,32724.0,-407.0,-239.0,417.0,-510646779.0,535.0,515.0,10.0,82.0,-17.0,3.0
1279,32736.0,49254.0,44092.0,46812.0,38286.0,32736.0,3.5208210945129395,,,,,,,,,,,,,,,,,,,,,,,,32734.0,-405.0,-235.0,417.0,-510647803.0,532.0,519.0,10.0,58.0,-33.0,-2.0
1280,32746.0,49801.0,44557.0,46301.0,37701.0,32746.0,3.526099681854248,,,,,,,,,,,,,,,,,,,,,,,,32744.0,-403.0,-231.0,417.0,-511696379.0,529.0,523.0,12.0,26.0,-23.0,10.0
1281,32756.0,49523.0,43225.0,46391.0,39045.0,32756.0,3.5208210945129395,,,,,,,,,,,,,,,,,,,,,,,,32754.0,-399.0,-227.0,418.0,-511696379.0,529.0,527.0,13.0,11.0,-17.0,1.0
1282,32766.0,49203.0,44237.0,46583.0,37593.0,32766.0,3.5208210945129395,,,,,,,,,,,,,,,,,,,,,,,,32764.0,-393.0,-219.0,418.0,-511696379.0,532.0,538.0,18.0,-25.0,-18.0,12.0
1283,32776.0,49323.0,43421.0,46481.0,38287.0,32776.0,3.526099681854248,,,,,,,,,,,,,,,,,,,,,,,,32774.0,-390.0,-214.0,419.0,-511696379.0,530.0,544.0,18.0,-49.0,-17.0,17.0
1284,32786.0,48553.0,42751.0,47197.0,38931.0,32786.0,3.526099681854248,,,,,,,,,,,,,,,,,,,,,,,,32784.0,-388.0,-211.0,419.0,-511696379.0,527.0,544.0,17.0,-66.0,-26.0,18.0
1285,32796.0,49481.0,43381.0,46281.0,38409.0,32796.0,3.526099681854248,,,,,,,,,,,,,,,,,,,,,,,,32794.0,-382.0,-206.0,419.0,-510647803.0,530.0,551.0,15.0,-77.0,-34.0,15.0
1286,32806.0,49721.0,43169.0,46115.0,38627.0,32806.0,3.526099681854248,,,,,,,,,,,,,,,,,,,,,,,,32804.0,-378.0,-201.0,419.0,-510646779.0,530.0,556.0,14.0,-67.0,-38.0,15.0
1287,32816.0,50127.0,42133.0,45791.0,39601.0,32816.0,3.526099681854248,,,,,,,,,,,,,,,,,,,,,,,,32814.0,-372.0,-193.0,419.0,-510646779.0,533.0,568.0,12.0,-53.0,-51.0,17.0
1288,32826.0,49783.0,42209.0,46245.0,39535.0,32826.0,3.526099681854248,,,,,,,,,,,,,,,,,,,,,,,,32824.0,-369.0,-188.0,420.0,-510646779.0,532.0,573.0,11.0,-43.0,-58.0,23.0
1289,32836.0,49744.0,43304.0,46386.0,38438.0,32836.0,3.526099681854248,,,,,,,,,,,,,,,,,,,,,,,,32834.0,-365.0,-185.0,420.0,-510646779.0,531.0,575.0,10.0,-31.0,-65.0,31.0
1290,32846.0,50066.0,43772.0,46068.0,38026.0,32846.0,3.526099681854248,,,,,,,,,,,,,,,,,,,,,,,,32844.0,-363.0,-181.0,419.0,-510646779.0,528.0,577.0,4.0,-21.0,-47.0,24.0
1291,32856.0,50212.0,42654.0,46354.0,39352.0,32856.0,3.526099681854248,,,,,,,,,,,,,,,,,,,,,,,,32854.0,-354.0,-171.0,419.0,-509598203.0,537.0,592.0,3.0,-6.0,-25.0,33.0
1292,32866.0,49580.0,43582.0,46874.0,38464.0,32866.0,3.5208210945129395,,,,,,,,,,,,,,,,,,,,,,,,32864.0,-352.0,-168.0,419.0,-509598203.0,534.0,594.0,5.0,13.0,-43.0,30.0
1293,32876.0,49842.0,44710.0,46486.0,37250.0,32876.0,3.5208210945129395,,,,,,,,,,,,,,,,,,,,,,,,32874.0,-348.0,-164.0,419.0,-510646779.0,533.0,597.0,8.0,13.0,-18.0,28.0
1294,32886.0,50035.0,43857.0,46097.0,38035.0,32886.0,3.5208210945129395,,,,,,,,,,,,,,,,,,,,,,,,32884.0,-343.0,-160.0,419.0,-510646779.0,535.0,601.0,11.0,22.0,9.0,21.0
1295,32896.0,50080.0,43258.0,45860.0,38466.0,32896.0,3.5208210945129395,,,,,,,,,,,,,,,,,,,,,,,,32894.0,-339.0,-154.0,419.0,-510646779.0,536.0,606.0,13.0,20.0,3.0,16.0
1296,32906.0,48760.0,42860.0,47034.0,38890.0,32906.0,3.5208210945129395,,,,,,,,,,,,,,,,,,,,,,,,32904.0,-332.0,-144.0,419.0,-510646780.0,540.0,621.0,12.0,2.0,-12.0,8.0
1297,32916.0,48530.0,43516.0,47164.0,38266.0,32916.0,3.526099681854248,,,,,,,,,,,,,,,,,,,,,,,,32914.0,-329.0,-140.0,420.0,-510646780.0,539.0,623.0,11.0,-11.0,-5.0,12.0
1298,32926.0,48241.0,43643.0,47419.0,38301.0,32926.0,3.5208210945129395,,,,,,,,,,,,,,,,,,,,,,,,32924.0,-326.0,-135.0,420.0,-510646780.0,537.0,626.0,8.0,-29.0,-2.0,6.0
1299,32936.0,48132.0,43998.0,47518.0,38172.0,32936.0,3.5208210945129395,,,,,,,,,,,,,,,,,,,,,,,,32934.0,-321.0,-129.0,421.0,-510646779.0,538.0,633.0,12.0,-27.0,8.0,-5.0
1300,32946.0,48509.0,43035.0,47001.0,38903.0,32946.0,3.5208210945129395,,,,,,,,,,,,,,,,,,,,,,,,32944.0,-315.0,-121.0,421.0,-510646779.0,542.0,642.0,10.0,-5.0,-13.0,-4.0
1301,32956.0,49610.0,42384.0,45794.0,39752.0,32956.0,3.5208210945129395,,,,,,,,,,,,,,,,,,,,,,,,32954.0,-311.0,-114.0,421.0,-510646779.0,542.0,651.0,9.0,29.0,22.0,-19.0
1302,32966.0,49896.0,44336.0,45360.0,38048.0,32966.0,3.5208210945129395,,,,,,,,,,,,,,,,,,,,,,,,32964.0,-307.0,-109.0,421.0,-510646779.0,543.0,655.0,8.0,45.0,33.0,-28.0
1303,32976.0,49616.0,46392.0,45756.0,35896.0,32976.0,3.5208210945129395,,,,,,,,,,,,,,,,,,,,,,,,32974.0,-302.0,-105.0,421.0,-510646779.0,543.0,656.0,7.0,47.0,-1.0,-16.0
1304,32986.0,50526.0,45114.0,45152.0,37416.0,32986.0,3.5208210945129395,,,,,,,,,,,,,,,,,,,,,,,,32984.0,-296.0,-94.0,421.0,-510646779.0,547.0,671.0,2.0,71.0,-11.0,-12.0
1305,32996.0,49734.0,43982.0,45878.0,38550.0,32996.0,3.5208210945129395,,,,,,,,,,,,,,,,,,,,,,,,32994.0,-293.0,-90.0,421.0,-511695355.0,545.0,672.0,3.0,105.0,-8.0,-15.0
1306,33006.0,49799.0,43739.0,45713.0,38853.0,33006.0,3.5208210945129395,,,,,,,,,,,,,,,,,,,,,,,,33004.0,-287.0,-85.0,421.0,-511695355.0,549.0,677.0,3.0,147.0,-32.0,-20.0
1307,33016.0,50330.0,43796.0,45164.0,38750.0,33016.0,3.5208210945129395,,,,,,,,,,,,,,,,,,,,,,,,33014.0,-284.0,-79.0,421.0,-512743931.0,546.0,681.0,4.0,139.0,-21.0,-21.0
1308,33026.0,49234.0,44298.0,45864.0,38124.0,33026.0,3.526099681854248,,,,,,,,,,,,,,,,,,,,,,,,33024.0,-281.0,-75.0,422.0,-512743931.0,545.0,681.0,10.0,136.0,-32.0,-27.0
1309,33036.0,49181.0,43903.0,45869.0,38431.0,33036.0,3.5208210945129395,,,,,,,,,,,,,,,,,,,,,,,,33034.0,-274.0,-64.0,422.0,-512743931.0,549.0,697.0,10.0,112.0,-25.0,-20.0
1310,33046.0,49176.0,43434.0,45942.0,38680.0,33046.0,3.5208210945129395,,,,,,,,,,,,,,,,,,,,,,,,33044.0,-271.0,-60.0,422.0,-513792506.0,548.0,696.0,10.0,82.0,-31.0,-10.0
1311,33056.0,49113.0,43473.0,46123.0,38487.0,33056.0,3.5208210945129395,,,,,,,,,,,,,,,,,,,,,,,,33054.0,-267.0,-55.0,422.0,-513792506.0,547.0,698.0,9.0,65.0,-27.0,0.0
1312,33066.0,48213.0,43165.0,46871.0,39075.0,33066.0,3.5208210945129395,,,,,,,,,,,,,,,,,,,,,,,,33064.0,-264.0,-50.0,422.0,-514841082.0,545.0,699.0,4.0,43.0,-10.0,-14.0
1313,33076.0,49067.0,43043.0,46267.0,39423.0,33076.0,3.5208210945129395,,,,,,,,,,,,,,,,,,,,,,,,33074.0,-256.0,-41.0,422.0,-514841082.0,551.0,709.0,4.0,60.0,-21.0,-11.0
1314,33086.0,49136.0,43228.0,46154.0,39278.0,33086.0,3.5208210945129395,,,,,,,,,,,,,,,,,,,,,,,,33084.0,-252.0,-35.0,422.0,-514841082.0,552.0,713.0,4.0,42.0,-12.0,-14.0
1315,33096.0,49188.0,43670.0,45882.0,38972.0,33096.0,3.5208210945129395,,,,,,,,,,,,,,,,,,,,,,,,33094.0,-248.0,-29.0,422.0,-514841082.0,552.0,716.0,5.0,56.0,-11.0,-22.0
1316,33106.0,49882.0,45026.0,45106.0,37562.0,33106.0,3.5208210945129395,,,,,,,,,,,,,,,,,,,,,,,,33104.0,-245.0,-25.0,422.0,-515889658.0,549.0,716.0,7.0,61.0,-14.0,-17.0
1317,33116.0,50643.0,44345.0,44327.0,38045.0,33116.0,3.5208210945129395,,,,,,,,,,,,,,,,,,,,,,,,33114.0,-238.0,-19.0,422.0,-515889658.0,555.0,719.0,5.0,52.0,5.0,-10.0
1318,33126.0,49229.0,43397.0,45933.0,39005.0,33126.0,3.5208210945129395,,,,,,,,,,,,,,,,,,,,,,,,33124.0,-231.0,-9.0,422.0,-515889658.0,559.0,729.0,2.0,59.0,12.0,-8.0
1319,33136.0,48695.0,43841.0,46517.0,38715.0,33136.0,3.5208210945129395,,,,,,,,,,,,,,,,,,,,,,,,33134.0,-227.0,-2.0,422.0,-515889658.0,559.0,734.0,1.0,72.0,27.0,-7.0
1320,33146.0,49048.0,44272.0,46286.0,38250.0,33146.0,3.5208210945129395,,,,,,,,,,,,,,,,,,,,,,,,33144.0,-223.0,1.0,422.0,-516938234.0,559.0,732.0,0.0,93.0,42.0,-6.0
1321,33156.0,48850.0,44542.0,46528.0,38056.0,33156.0,3.5208210945129395,,,,,,,,,,,,,,,,,,,,,,,,33154.0,-219.0,8.0,423.0,-516938234.0,559.0,737.0,3.0,127.0,43.0,-3.0
1322,33166.0,49055.0,43883.0,46037.0,38677.0,33166.0,3.5208210945129395,,,,,,,,,,,,,,,,,,,,,,,,33164.0,-212.0,18.0,423.0,-516938234.0,562.0,746.0,4.0,120.0,46.0,-12.0
1323,33176.0,21251.0,10037.0,43085.0,41575.0,33176.0,3.5208210945129395,,,,,,,,,,,,,,,,,,,,,,,,33174.0,-208.0,22.0,423.0,-517987834.0,562.0,746.0,6.0,144.0,20.0,-5.0
1324,33187.0,20901.0,11513.0,42577.0,39333.0,33186.0,3.568328619003296,,,,,,,,,,,,,,,,,,,,,,,,33184.0,-204.0,28.0,423.0,-519036410.0,561.0,747.0,8.0,271.0,67.0,25.0
1325,33196.0,24927.0,16179.0,39061.0,34157.0,33196.0,3.642228841781616,,,,,,,,,,,,,,,,,,,,,,,,33194.0,-201.0,32.0,423.0,-520084986.0,559.0,744.0,7.0,587.0,167.0,33.0
1326,33206.0,29375.0,19653.0,34641.0,30347.0,33206.0,3.6739003658294678,,,,,,,,,,,,,,,,,,,,,,,,33204.0,-192.0,46.0,423.0,-522183162.0,568.0,762.0,3.0,1086.0,221.0,39.0
1327,33216.0,31553.0,24687.0,32207.0,25313.0,33216.0,3.6897361278533936,,,,,,,,,,,,,,,,,,,,,,,,33214.0,-188.0,49.0,423.0,-527427066.0,565.0,757.0,-1.0,1616.0,368.0,28.0
1328,33226.0,35535.0,31401.0,27935.0,18725.0,33226.0,3.6897361278533936,,,,,,,,,,,,,,,,,,,,,,,,33224.0,-186.0,50.0,423.0,-534769146.0,561.0,746.0,-8.0,2171.0,496.0,12.0
1329,33236.0,39293.0,35799.0,24241.0,14531.0,33236.0,3.695014715194702,,,,,,,,,,,,,,,,,,,,,,,,33234.0,-183.0,52.0,423.0,-1067447802.0,558.0,736.0,-18.0,2661.0,610.0,8.0
1330,33247.0,44247.0,37171.0,20603.0,12983.0,33246.0,3.7002933025360107,,,,,,,,,,,,,,,,,,,,,,,,33244.0,-181.0,54.0,423.0,-1055391226.0,550.0,726.0,-30.0,3077.0,684.0,1.0
1331,33256.0,42879.0,42445.0,21167.0,8513.0,33256.0,3.695014715194702,,,,,,,,,,,,,,,,,,,,,,,,33254.0,-172.0,70.0,423.0,-1044902394.0,557.0,740.0,-45.0,3316.0,761.0,10.0
1332,33267.0,43540.0,45246.0,20958.0,7644.0,33266.0,3.6791789531707764,,,,,,,,,,,,,,,,,,,,,,,,33264.0,-171.0,69.0,422.0,-1031267834.0,549.0,719.0,-64.0,3391.0,780.0,3.0
1333,33276.0,44196.0,44458.0,20866.0,7868.0,33276.0,3.6739003658294678,,,,,,,,,,,,,,,,,,,,,,,,33274.0,-169.0,71.0,422.0,-1018681849.0,542.0,702.0,-85.0,3344.0,805.0,8.0
1334,33286.0,45221.0,40205.0,23109.0,13345.0,33286.0,3.6739003658294678,,,,,,,,,,,,,,,,,,,,,,,,33284.0,-167.0,71.0,420.0,-1005047289.0,533.0,677.0,-113.0,3082.0,762.0,19.0
1335,33296.0,42161.0,41927.0,25155.0,12637.0,33296.0,3.668621778488159,,,,,,,,,,,,,,,,,,,,,,,,33294.0,-159.0,89.0,418.0,-994558457.0,536.0,686.0,-136.0,2712.0,682.0,24.0
1336,33306.0,38002.0,38934.0,30860.0,18568.0,33306.0,3.6633431911468506,,,,,,,,,,,,,,,,,,,,,,,,33304.0,-156.0,90.0,417.0,-985119225.0,528.0,661.0,-162.0,2210.0,599.0,20.0
1337,33316.0,37474.0,34682.0,31594.0,22614.0,33316.0,3.6633431911468506,,,,,,,,,,,,,,,,,,,,,,,,33314.0,-154.0,93.0,415.0,-976727545.0,519.0,638.0,-190.0,1614.0,511.0,7.0
1338,33326.0,34728.0,31228.0,36488.0,29256.0,33326.0,3.6633431911468506,,,,,,,,,,,,,,,,,,,,,,,,33324.0,-151.0,96.0,413.0,-971482617.0,511.0,614.0,-217.0,1008.0,407.0,-3.0
1339,33336.0,31974.0,28698.0,39176.0,31852.0,33336.0,3.6527860164642334,,,,,,,,,,,,,,,,,,,,,,,,33334.0,-146.0,101.0,411.0,-968335865.0,506.0,594.0,-246.0,408.0,274.0,-17.0
1340,33346.0,31552.0,24700.0,42186.0,39318.0,33346.0,3.6527860164642334,,,,,,,,,,,,,,,,,,,,,,,,33344.0,-140.0,110.0,408.0,-967286265.0,504.0,581.0,-275.0,-147.0,181.0,-27.0
1341,33356.0,29652.0,22946.0,44196.0,40962.0,33356.0,3.6369502544403076,,,,,,,,,,,,,,,,,,,,,,,,33354.0,-135.0,114.0,405.0,-968334841.0,498.0,556.0,-306.0,-587.0,64.0,-32.0
1342,33366.0,29004.0,21560.0,46466.0,43930.0,33366.0,3.6158359050750732,,,,,,,,,,,,,,,,,,,,,,,,33364.0,-128.0,121.0,402.0,-970431992.0,498.0,540.0,-336.0,-871.0,3.0,-29.0
1343,33376.0,30504.0,23310.0,46680.0,43774.0,33376.0,3.6000001430511475,,,,,,,,,,,,,,,,,,,,,,,,33374.0,-123.0,127.0,399.0,-974626296.0,492.0,523.0,-365.0,-990.0,-6.0,-23.0
1344,33386.0,31238.0,25036.0,47598.0,43700.0,33386.0,3.5841643810272217,,,,,,,,,,,,,,,,,,,,,,,,33384.0,-117.0,133.0,395.0,-977772024.0,490.0,505.0,-391.0,-934.0,-18.0,-22.0
1345,33396.0,34605.0,28501.0,45841.0,41753.0,33396.0,3.568328619003296,,,,,,,,,,,,,,,,,,,,,,,,33394.0,-112.0,137.0,391.0,-980917752.0,484.0,484.0,-417.0,-720.0,42.0,-17.0
1346,33406.0,39967.0,35033.0,43159.0,37777.0,33406.0,3.568328619003296,,,,,,,,,,,,,,,,,,,,,,,,33404.0,-108.0,140.0,387.0,-983014904.0,478.0,463.0,-441.0,-355.0,126.0,-10.0
1347,33416.0,41696.0,38486.0,41268.0,34486.0,33416.0,3.568328619003296,,,,,,,,,,,,,,,,,,,,,,,,33414.0,-107.0,143.0,383.0,-984062456.0,466.0,441.0,-457.0,97.0,209.0,-18.0
1348,33426.0,50509.0,42835.0,34811.0,33585.0,33426.0,3.568328619003296,,,,,,,,,,,,,,,,,,,,,,,,33424.0,-105.0,145.0,379.0,-983012856.0,455.0,418.0,-479.0,566.0,295.0,-7.0
1349,33436.0,48446.0,47534.0,37604.0,28156.0,33436.0,3.5577714443206787,,,,,,,,,,,,,,,,,,,,,,,,33434.0,-93.0,149.0,374.0,-980914679.0,462.0,399.0,-500.0,968.0,370.0,3.0
1350,33446.0,54818.0,53742.0,33928.0,25028.0,33446.0,3.5472142696380615,,,,,,,,,,,,,,,,,,,,,,,,33444.0,-91.0,149.0,368.0,-976719351.0,452.0,374.0,-521.0,1287.0,428.0,8.0
1351,33456.0,53288.0,51448.0,35776.0,27004.0,33456.0,3.5313782691955566,,,,,,,,,,,,,,,,,,,,,,,,33454.0,-88.0,150.0,363.0,-971474423.0,442.0,347.0,-540.0,1443.0,426.0,26.0
1352,33466.0,52955.0,50743.0,39563.0,29855.0,33466.0,3.5313782691955566,,,,,,,,,,,,,,,,,,,,,,,,33464.0,-85.0,149.0,358.0,-966229495.0,432.0,318.0,-559.0,1428.0,382.0,35.0
1353,33476.0,53071.0,50269.0,38931.0,30845.0,33476.0,3.5208210945129395,,,,,,,,,,,,,,,,,,,,,,,,33474.0,-80.0,158.0,352.0,-960985592.0,427.0,306.0,-577.0,1254.0,333.0,47.0
1354,33486.0,54902.0,52728.0,39812.0,31622.0,33486.0,3.515542507171631,,,,,,,,,,,,,,,,,,,,,,,,33484.0,-76.0,159.0,346.0,-956790264.0,418.0,279.0,-597.0,931.0,252.0,50.0
1355,33496.0,50451.0,46437.0,44453.0,37723.0,33496.0,3.5102639198303223,,,,,,,,,,,,,,,,,,,,,,,,33494.0,-74.0,159.0,338.0,-953643512.0,408.0,249.0,-630.0,514.0,153.0,50.0
1356,33506.0,51522.0,47338.0,47842.0,40386.0,33506.0,3.499706745147705,,,,,,,,,,,,,,,,,,,,,,,,33504.0,-71.0,162.0,331.0,-951545336.0,396.0,223.0,-648.0,42.0,54.0,51.0
1357,33516.0,49101.0,41057.0,49835.0,47095.0,33516.0,3.4785923957824707,,,,,,,,,,,,,,,,,,,,,,,,33514.0,-70.0,164.0,325.0,-951545336.0,383.0,196.0,-665.0,-417.0,-43.0,46.0
1358,33526.0,51008.0,41950.0,51290.0,48664.0,33526.0,3.4785923957824707,,,,,,,,,,,,,,,,,,,,,,,,33524.0,-62.0,167.0,318.0,-953642488.0,382.0,169.0,-681.0,-807.0,-114.0,47.0
1359,33536.0,47279.0,38573.0,54819.0,52241.0,33536.0,3.462756633758545,,,,,,,,,,,,,,,,,,,,,,,,33534.0,-58.0,170.0,311.0,-957837816.0,373.0,145.0,-693.0,-1099.0,-179.0,55.0
1360,33546.0,49994.0,40384.0,54726.0,52028.0,33546.0,3.446920871734619,,,,,,,,,,,,,,,,,,,,,,,,33544.0,-58.0,170.0,305.0,-962032121.0,357.0,114.0,-697.0,-1273.0,-176.0,61.0
1361,33556.0,48127.0,40581.0,56285.0,52139.0,33556.0,3.4416422843933105,,,,,,,,,,,,,,,,,,,,,,,,33554.0,-53.0,175.0,298.0,-966227449.0,351.0,95.0,-704.0,-1293.0,-150.0,58.0
1362,33566.0,53880.0,46396.0,52548.0,48740.0,33566.0,3.4310851097106934,,,,,,,,,,,,,,,,,,,,,,,,33564.0,-49.0,169.0,291.0,-971471353.0,342.0,56.0,-712.0,-1159.0,-121.0,55.0
1363,33576.0,51130.0,45434.0,55834.0,49166.0,33576.0,3.4258065223693848,,,,,,,,,,,,,,,,,,,,,,,,33574.0,-44.0,171.0,284.0,-975665657.0,335.0,32.0,-716.0,-1037.0,-87.0,73.0
1364,33586.0,57369.0,52865.0,51177.0,43285.0,33586.0,3.4258065223693848,,,,,,,,,,,,,,,,,,,,,,,,33584.0,-43.0,172.0,277.0,-978811385.0,322.0,9.0,-714.0,-768.0,18.0,67.0
1365,33596.0,55968.0,51632.0,52870.0,44226.0,33596.0,3.420527935028076,,,,,,,,,,,,,,,,,,,,,,,,33594.0,-42.0,173.0,270.0,-981957113.0,309.0,-12.0,-714.0,-526.0,74.0,82.0
1366,33606.0,63561.0,59983.0,44743.0,39361.0,33606.0,3.4152493476867676,,,,,,,,,,,,,,,,,,,,,,,,33604.0,-42.0,172.0,263.0,-984053242.0,294.0,-39.0,-713.0,-259.0,121.0,74.0
1367,33616.0,60610.0,56446.0,49634.0,40958.0,33616.0,3.420527935028076,,,,,,,,,,,,,,,,,,,,,,,,33614.0,-36.0,167.0,256.0,-984053242.0,289.0,-73.0,-710.0,-38.0,127.0,74.0
1368,33626.0,64803.0,60833.0,46339.0,36765.0,33626.0,3.4152493476867676,,,,,,,,,,,,,,,,,,,,,,,,33624.0,-36.0,164.0,250.0,-984052218.0,274.0,-99.0,-697.0,58.0,94.0,85.0
1369,33636.0,61388.0,55870.0,49526.0,41956.0,33636.0,3.420527935028076,,,,,,,,,,,,,,,,,,,,,,,,33634.0,-34.0,163.0,243.0,-984052218.0,262.0,-125.0,-692.0,69.0,33.0,75.0
1370,33646.0,65535.0,61990.0,43882.0,37744.0,33646.0,3.420527935028076,,,,,,,,,,,,,,,,,,,,,,,,33644.0,-32.0,163.0,237.0,-984052219.0,251.0,-147.0,-686.0,-54.0,-34.0,73.0
1371,33656.0,62128.0,53262.0,49906.0,45412.0,33656.0,3.420527935028076,,,,,,,,,,,,,,,,,,,,,,,,33654.0,-31.0,156.0,230.0,-984052219.0,238.0,-183.0,-680.0,-223.0,-173.0,76.0
1372,33666.0,64830.0,54382.0,48430.0,44670.0,33666.0,3.420527935028076,,,,,,,,,,,,,,,,,,,,,,,,33664.0,-27.0,155.0,223.0,-985101819.0,230.0,-206.0,-673.0,-465.0,-270.0,93.0
1373,33676.0,61194.0,49198.0,52204.0,49716.0,33676.0,3.4152493476867676,,,,,,,,,,,,,,,,,,,,,,,,33674.0,-26.0,156.0,217.0,-987199996.0,218.0,-225.0,-660.0,-710.0,-379.0,98.0
1374,33686.0,61080.0,48726.0,54214.0,48796.0,33686.0,3.4152493476867676,,,,,,,,,,,,,,,,,,,,,,,,33684.0,-22.0,154.0,211.0,-990346748.0,211.0,-248.0,-651.0,-966.0,-459.0,104.0
1375,33696.0,65535.0,56044.0,44662.0,46062.0,33696.0,3.409970760345459,,,,,,,,,,,,,,,,,,,,,,,,33694.0,-21.0,156.0,204.0,-994543101.0,200.0,-264.0,-640.0,-1173.0,-472.0,110.0
1376,33706.0,62729.0,48523.0,51963.0,50545.0,33706.0,3.409970760345459,,,,,,,,,,,,,,,,,,,,,,,,33704.0,-18.0,142.0,198.0,-998739453.0,191.0,-308.0,-631.0,-1293.0,-449.0,116.0
1377,33716.0,59898.0,49278.0,57402.0,49146.0,33716.0,3.409970760345459,,,,,,,,,,,,,,,,,,,,,,,,33714.0,-15.0,144.0,189.0,-1002934781.0,186.0,-322.0,-632.0,-1352.0,-431.0,112.0
1378,33726.0,60630.0,48374.0,56678.0,49990.0,33726.0,3.409970760345459,,,,,,,,,,,,,,,,,,,,,,,,33724.0,-14.0,143.0,183.0,-1008179710.0,175.0,-337.0,-618.0,-1444.0,-262.0,128.0
1379,33736.0,65535.0,62677.0,43879.0,41687.0,33736.0,3.4046921730041504,,,,,,,,,,,,,,,,,,,,,,,,33734.0,-12.0,144.0,177.0,-1014472190.0,168.0,-347.0,-603.0,-1376.0,-213.0,122.0
1380,33746.0,59895.0,52659.0,57071.0,46143.0,33746.0,3.4046921730041504,,,,,,,,,,,,,,,,,,,,,,,,33744.0,-10.0,124.0,170.0,-1018666494.0,160.0,-399.0,-590.0,-1285.0,-108.0,117.0
1381,33756.0,61424.0,53150.0,56012.0,44738.0,33756.0,3.4046921730041504,,,,,,,,,,,,,,,,,,,,,,,,33754.0,-8.0,123.0,165.0,-1022861822.0,153.0,-409.0,-573.0,-1269.0,1.0,114.0
1382,33766.0,59042.0,53698.0,58392.0,43688.0,33766.0,3.4046921730041504,,,,,,,,,,,,,,,,,,,,,,,,33764.0,-8.0,121.0,159.0,-1028104703.0,144.0,-419.0,-555.0,-1175.0,69.0,119.0
1383,33776.0,61164.0,52698.0,55160.0,45798.0,33776.0,3.4046921730041504,,,,,,,,,,,,,,,,,,,,,,,,33774.0,-7.0,121.0,154.0,-1033346559.0,136.0,-425.0,-536.0,-1061.0,61.0,126.0
1384,33786.0,64644.0,61786.0,44580.0,43098.0,33786.0,3.409970760345459,,,,,,,,,,,,,,,,,,,,,,,,33784.0,-4.0,120.0,149.0,-1037540863.0,131.0,-430.0,-517.0,-1002.0,19.0,120.0
1385,33796.0,63309.0,52143.0,52833.0,45823.0,33796.0,3.409970760345459,,,,,,,,,,,,,,,,,,,,,,,,33794.0,0.0,100.0,143.0,-1039638015.0,130.0,-474.0,-502.0,-968.0,25.0,135.0
1386,33806.0,61167.0,51641.0,54567.0,45557.0,33806.0,3.4152493476867676,,,,,,,,,,,,,,,,,,,,,,,,33804.0,0.0,100.0,138.0,-1043832319.0,120.0,-475.0,-485.0,-990.0,-12.0,143.0
1387,33816.0,60689.0,49581.0,54663.0,47123.0,33816.0,3.420527935028076,,,,,,,,,,,,,,,,,,,,,,,,33814.0,2.0,99.0,133.0,-1048026624.0,114.0,-474.0,-466.0,-1011.0,-90.0,138.0
1388,33826.0,59576.0,49042.0,55176.0,47226.0,33826.0,3.420527935028076,,,,,,,,,,,,,,,,,,,,,,,,33824.0,4.0,99.0,129.0,-1052222464.0,109.0,-471.0,-445.0,-1070.0,-141.0,113.0
1389,33836.0,65535.0,56965.0,49011.0,39205.0,33836.0,3.420527935028076,,,,,,,,,,,,,,,,,,,,,,,,33834.0,5.0,81.0,124.0,-1055368192.0,101.0,-508.0,-431.0,-1107.0,-235.0,119.0
1390,33846.0,60132.0,47430.0,53560.0,47626.0,33846.0,3.420527935028076,,,,,,,,,,,,,,,,,,,,,,,,33844.0,7.0,81.0,121.0,-1059563520.0,96.0,-502.0,-403.0,-1116.0,-233.0,113.0
1391,33856.0,59201.0,47371.0,53951.0,47133.0,33856.0,3.4258065223693848,,,,,,,,,,,,,,,,,,,,,,,,33854.0,9.0,79.0,117.0,-1064807423.0,91.0,-498.0,-383.0,-1159.0,-264.0,111.0
1392,33866.0,56903.0,46315.0,55629.0,47605.0,33866.0,3.4310851097106934,,,,,,,,,,,,,,,,,,,,,,,,33864.0,11.0,78.0,113.0,-1069002751.0,86.0,-491.0,-363.0,-1153.0,-265.0,106.0
1393,33876.0,65047.0,53443.0,47031.0,40559.0,33876.0,3.4310851097106934,,,,,,,,,,,,,,,,,,,,,,,,33874.0,11.0,62.0,109.0,-1072149503.0,79.0,-520.0,-349.0,-1094.0,-240.0,81.0
1394,33886.0,57790.0,45826.0,53572.0,47540.0,33886.0,3.4310851097106934,,,,,,,,,,,,,,,,,,,,,,,,33884.0,14.0,61.0,106.0,-532133887.0,78.0,-509.0,-329.0,-1118.0,-187.0,77.0
1395,33896.0,55491.0,46675.0,54945.0,45697.0,33896.0,3.4416422843933105,,,,,,,,,,,,,,,,,,,,,,,,33894.0,14.0,58.0,104.0,-527940606.0,71.0,-500.0,-304.0,-1118.0,-114.0,70.0
1396,33906.0,53597.0,46983.0,56003.0,44837.0,33906.0,3.4416422843933105,,,,,,,,,,,,,,,,,,,,,,,,33904.0,14.0,57.0,101.0,-523746302.0,63.0,-487.0,-284.0,-1078.0,-65.0,53.0
1397,33916.0,51726.0,46106.0,56890.0,45290.0,33916.0,3.446920871734619,,,,,,,,,,,,,,,,,,,,,,,,33914.0,15.0,55.0,99.0,-518503422.0,58.0,-474.0,-264.0,-1024.0,-44.0,34.0
1398,33926.0,59373.0,52629.0,48559.0,39051.0,33926.0,3.4521994590759277,,,,,,,,,,,,,,,,,,,,,,,,33924.0,16.0,42.0,95.0,-516406270.0,55.0,-494.0,-252.0,-924.0,31.0,0.0
1399,33936.0,53279.0,47169.0,53533.0,43431.0,33936.0,3.4574780464172363,,,,,,,,,,,,,,,,,,,,,,,,33934.0,16.0,38.0,94.0,-512211966.0,48.0,-482.0,-227.0,-842.0,37.0,-5.0
1400,33946.0,53316.0,47294.0,52532.0,42642.0,33946.0,3.4574780464172363,,,,,,,,,,,,,,,,,,,,,,,,33944.0,17.0,35.0,92.0,-508017662.0,43.0,-465.0,-206.0,-806.0,62.0,-24.0
1401,33956.0,53601.0,45873.0,51355.0,43599.0,33956.0,3.462756633758545,,,,,,,,,,,,,,,,,,,,,,,,33954.0,18.0,32.0,90.0,-504871934.0,40.0,-451.0,-188.0,-697.0,65.0,-38.0
1402,33966.0,57259.0,50213.0,47221.0,39303.0,33966.0,3.4680352210998535,,,,,,,,,,,,,,,,,,,,,,,,33964.0,19.0,23.0,88.0,-503823359.0,39.0,-463.0,-178.0,-587.0,-1.0,-42.0
1403,33976.0,52559.0,47849.0,48865.0,41459.0,33976.0,3.473313808441162,,,,,,,,,,,,,,,,,,,,,,,,33974.0,20.0,20.0,86.0,-501726207.0,33.0,-447.0,-161.0,-532.0,-43.0,-42.0
1404,33986.0,51317.0,45397.0,50727.0,42059.0,33986.0,3.4785923957824707,,,,,,,,,,,,,,,,,,,,,,,,33984.0,20.0,14.0,88.0,-499629055.0,28.0,-435.0,-132.0,-532.0,-81.0,-55.0
1405,33996.0,50361.0,46127.0,50749.0,40995.0,33996.0,3.4838709831237793,,,,,,,,,,,,,,,,,,,,,,,,33994.0,20.0,10.0,87.0,-497532928.0,24.0,-420.0,-117.0,-483.0,-47.0,-74.0
1406,34006.0,51282.0,45098.0,49024.0,41624.0,34006.0,3.4838709831237793,,,,,,,,,,,,,,,,,,,,,,,,34004.0,21.0,7.0,86.0,-495435776.0,21.0,-405.0,-102.0,-468.0,7.0,-83.0
1407,34016.0,53833.0,47953.0,45995.0,38831.0,34016.0,3.4944281578063965,,,,,,,,,,,,,,,,,,,,,,,,34014.0,21.0,0.0,84.0,-494386688.0,16.0,-411.0,-95.0,-448.0,-35.0,-95.0
1408,34026.0,50635.0,43955.0,48923.0,42599.0,34026.0,3.499706745147705,,,,,,,,,,,,,,,,,,,,,,,,34024.0,22.0,-2.0,82.0,-492289535.0,11.0,-391.0,-86.0,-399.0,-93.0,-92.0
1409,34036.0,49690.0,44994.0,49240.0,41220.0,34036.0,3.499706745147705,,,,,,,,,,,,,,,,,,,,,,,,34034.0,22.0,-5.0,82.0,-490192383.0,7.0,-375.0,-75.0,-350.0,-97.0,-96.0
1410,34046.0,48405.0,43793.0,50065.0,41941.0,34046.0,3.499706745147705,,,,,,,,,,,,,,,,,,,,,,,,34044.0,22.0,-9.0,81.0,-489144831.0,3.0,-360.0,-64.0,-371.0,-58.0,-90.0
1411,34056.0,51240.0,45256.0,46744.0,40472.0,34056.0,3.5049853324890137,,,,,,,,,,,,,,,,,,,,,,,,34054.0,22.0,-14.0,80.0,-488096254.0,-1.0,-362.0,-57.0,-426.0,-71.0,-103.0
1412,34066.0,48202.0,42012.0,49324.0,42878.0,34066.0,3.5049853324890137,,,,,,,,,,,,,,,,,,,,,,,,34064.0,22.0,-17.0,80.0,-487047678.0,-3.0,-343.0,-44.0,-435.0,-116.0,-82.0
1413,34076.0,48425.0,41665.0,48443.0,42863.0,34076.0,3.5102639198303223,,,,,,,,,,,,,,,,,,,,,,,,34074.0,22.0,-20.0,80.0,-484951549.0,-6.0,-322.0,-34.0,-381.0,-188.0,-88.0
1414,34086.0,47128.0,41040.0,49108.0,43312.0,34086.0,3.5102639198303223,,,,,,,,,,,,,,,,,,,,,,,,34084.0,22.0,-23.0,79.0,-482854397.0,-10.0,-303.0,-25.0,-331.0,-189.0,-102.0
1415,34096.0,46669.0,41299.0,49111.0,42761.0,34096.0,3.515542507171631,,,,,,,,,,,,,,,,,,,,,,,,34094.0,22.0,-25.0,79.0,-481806845.0,-12.0,-283.0,-18.0,-310.0,-154.0,-98.0
1416,34106.0,48233.0,43453.0,47087.0,40687.0,34106.0,3.515542507171631,,,,,,,,,,,,,,,,,,,,,,,,34104.0,22.0,-29.0,79.0,-480759292.0,-17.0,-278.0,-14.0,-264.0,-130.0,-108.0
1417,34116.0,48887.0,42181.0,46035.0,41981.0,34116.0,3.515542507171631,,,,,,,,,,,,,,,,,,,,,,,,34114.0,22.0,-31.0,78.0,-479710716.0,-19.0,-256.0,-9.0,-148.0,-161.0,-115.0
1418,34126.0,47822.0,42824.0,46760.0,41042.0,34126.0,3.515542507171631,,,,,,,,,,,,,,,,,,,,,,,,34124.0,21.0,-33.0,78.0,-479711740.0,-21.0,-237.0,-3.0,17.0,-170.0,-109.0
1419,34136.0,47437.0,42655.0,46967.0,40881.0,34136.0,3.5208210945129395,,,,,,,,,,,,,,,,,,,,,,,,34134.0,21.0,-35.0,78.0,-479711739.0,-23.0,-217.0,1.0,73.0,-113.0,-106.0
1420,34146.0,46885.0,44285.0,47517.0,38941.0,34146.0,3.5208210945129395,,,,,,,,,,,,,,,,,,,,,,,,34144.0,21.0,-37.0,78.0,-479712763.0,-28.0,-207.0,4.0,81.0,-60.0,-88.0
1421,34156.0,46161.0,42621.0,49489.0,41461.0,34156.0,3.5208210945129395,,,,,,,,,,,,,,,,,,,,,,,,34154.0,21.0,-39.0,75.0,-479712763.0,-31.0,-182.0,-10.0,112.0,-14.0,-66.0
1422,34166.0,48705.0,43225.0,46743.0,40787.0,34166.0,3.5208210945129395,,,,,,,,,,,,,,,,,,,,,,,,34164.0,21.0,-41.0,75.0,-479712763.0,-32.0,-164.0,-7.0,183.0,-46.0,-66.0
1423,34176.0,49814.0,43784.0,45598.0,40056.0,34176.0,3.515542507171631,,,,,,,,,,,,,,,,,,,,,,,,34174.0,21.0,-42.0,75.0,-480761338.0,-33.0,-146.0,-5.0,261.0,-107.0,-58.0
1424,34186.0,49358.0,43220.0,45926.0,40584.0,34186.0,3.515542507171631,,,,,,,,,,,,,,,,,,,,,,,,34184.0,20.0,-44.0,75.0,-481809914.0,-37.0,-129.0,-3.0,346.0,-147.0,-62.0
1425,34196.0,51633.0,44377.0,45005.0,39669.0,34196.0,3.515542507171631,,,,,,,,,,,,,,,,,,,,,,,,34194.0,20.0,-45.0,75.0,-482859514.0,-38.0,-111.0,-1.0,441.0,-188.0,-50.0
1426,34206.0,50695.0,43831.0,45325.0,40705.0,34206.0,3.515542507171631,,,,,,,,,,,,,,,,,,,,,,,,34204.0,20.0,-47.0,72.0,-484957690.0,-38.0,-93.0,-13.0,495.0,-205.0,-57.0
1427,34216.0,49874.0,43950.0,46216.0,40416.0,34216.0,3.5102639198303223,,,,,,,,,,,,,,,,,,,,,,,,34214.0,19.0,-48.0,72.0,-487055866.0,-39.0,-78.0,-12.0,457.0,-189.0,-43.0
1428,34226.0,49603.0,42927.0,46469.0,41277.0,34226.0,3.5102639198303223,,,,,,,,,,,,,,,,,,,,,,,,34224.0,19.0,-48.0,72.0,-488104442.0,-42.0,-61.0,-10.0,426.0,-165.0,-38.0
1429,34236.0,49003.0,41185.0,46955.0,42781.0,34236.0,3.5102639198303223,,,,,,,,,,,,,,,,,,,,,,,,34234.0,18.0,-49.0,72.0,-489154042.0,-43.0,-39.0,-6.0,371.0,-215.0,-22.0
1430,34246.0,49038.0,40332.0,47114.0,43784.0,34246.0,3.5102639198303223,,,,,,,,,,,,,,,,,,,,,,,,34244.0,18.0,-50.0,71.0,-490203642.0,-44.0,-23.0,-8.0,296.0,-213.0,-26.0
1431,34256.0,48057.0,40209.0,48043.0,43807.0,34256.0,3.5102639198303223,,,,,,,,,,,,,,,,,,,,,,,,34254.0,18.0,-50.0,71.0,-491252218.0,-45.0,-9.0,-7.0,268.0,-256.0,-25.0
1432,34266.0,48934.0,39762.0,47102.0,44054.0,34266.0,3.5102639198303223,,,,,,,,,,,,,,,,,,,,,,,,34264.0,17.0,-51.0,71.0,-492301818.0,-44.0,6.0,-4.0,229.0,-285.0,-13.0
1433,34276.0,47266.0,39032.0,48676.0,44666.0,34276.0,3.5102639198303223,,,,,,,,,,,,,,,,,,,,,,,,34274.0,17.0,-51.0,71.0,-492303866.0,-45.0,28.0,-2.0,210.0,-262.0,-9.0
1434,34286.0,47751.0,40069.0,47481.0,43147.0,34286.0,3.5102639198303223,,,,,,,,,,,,,,,,,,,,,,,,34284.0,16.0,-51.0,72.0,-493352442.0,-45.0,42.0,6.0,246.0,-233.0,-17.0
1435,34296.0,47581.0,40691.0,47423.0,42537.0,34296.0,3.5102639198303223,,,,,,,,,,,,,,,,,,,,,,,,34294.0,15.0,-50.0,72.0,-494402042.0,-43.0,56.0,8.0,308.0,-163.0,-28.0
1436,34306.0,46479.0,42107.0,48541.0,40829.0,34306.0,3.5102639198303223,,,,,,,,,,,,,,,,,,,,,,,,34304.0,15.0,-50.0,72.0,-495451642.0,-42.0,72.0,11.0,416.0,-68.0,-16.0
1437,34316.0,47537.0,43721.0,47209.0,39117.0,34316.0,3.515542507171631,,,,,,,,,,,,,,,,,,,,,,,,34314.0,15.0,-49.0,72.0,-496500218.0,-42.0,84.0,14.0,520.0,36.0,-22.0
1438,34326.0,47677.0,43097.0,47031.0,39703.0,34326.0,3.515542507171631,,,,,,,,,,,,,,,,,,,,,,,,34324.0,14.0,-50.0,72.0,-498597370.0,-45.0,106.0,15.0,663.0,50.0,-14.0
1439,34336.0,48531.0,42013.0,45337.0,40067.0,34336.0,3.5208210945129395,,,,,,,,,,,,,,,,,,,,,,,,34334.0,14.0,-48.0,74.0,-500693498.0,-43.0,118.0,25.0,730.0,9.0,-18.0
1440,34346.0,49398.0,42762.0,44244.0,39484.0,34346.0,3.5208210945129395,,,,,,,,,,,,,,,,,,,,,,,,34344.0,13.0,-47.0,74.0,-503840250.0,-44.0,131.0,25.0,766.0,-70.0,-37.0
1441,34356.0,49676.0,42008.0,43638.0,40310.0,34356.0,3.526099681854248,,,,,,,,,,,,,,,,,,,,,,,,34354.0,13.0,-46.0,75.0,-506985978.0,-41.0,140.0,27.0,779.0,-89.0,-45.0
1442,34366.0,49274.0,41078.0,44382.0,41110.0,34366.0,3.526099681854248,,,,,,,,,,,,,,,,,,,,,,,,34364.0,12.0,-46.0,74.0,-509607417.0,-43.0,163.0,25.0,794.0,-155.0,-34.0
1443,34376.0,49839.0,41369.0,43395.0,40737.0,34376.0,3.526099681854248,,,,,,,,,,,,,,,,,,,,,,,,34374.0,12.0,-44.0,75.0,-511703545.0,-39.0,173.0,28.0,758.0,-159.0,-39.0
1444,34386.0,47529.0,41721.0,45911.0,40103.0,34386.0,3.526099681854248,,,,,,,,,,,,,,,,,,,,,,,,34384.0,11.0,-42.0,76.0,-514849273.0,-41.0,180.0,27.0,683.0,-142.0,-27.0
1445,34396.0,47467.0,40839.0,46073.0,40797.0,34396.0,3.5313782691955566,,,,,,,,,,,,,,,,,,,,,,,,34394.0,11.0,-41.0,76.0,-516945401.0,-39.0,187.0,27.0,607.0,-81.0,-7.0
1446,34406.0,46771.0,42331.0,46935.0,39071.0,34406.0,3.5313782691955566,,,,,,,,,,,,,,,,,,,,,,,,34404.0,10.0,-39.0,76.0,-519042553.0,-37.0,193.0,27.0,559.0,7.0,4.0
1447,34416.0,46491.0,41177.0,47279.0,40213.0,34416.0,3.526099681854248,,,,,,,,,,,,,,,,,,,,,,,,34414.0,10.0,-39.0,76.0,-521139705.0,-36.0,211.0,25.0,580.0,77.0,6.0
1448,34426.0,47360.0,42090.0,46440.0,39206.0,34426.0,3.526099681854248,,,,,,,,,,,,,,,,,,,,,,,,34424.0,9.0,-37.0,76.0,-523236857.0,-34.0,216.0,26.0,599.0,40.0,9.0
1449,34436.0,45516.0,42204.0,48340.0,39132.0,34436.0,3.526099681854248,,,,,,,,,,,,,,,,,,,,,,,,34434.0,9.0,-35.0,77.0,-525334009.0,-34.0,220.0,24.0,544.0,89.0,9.0
1450,34446.0,45170.0,43292.0,48750.0,38064.0,34446.0,3.526099681854248,,,,,,,,,,,,,,,,,,,,,,,,34444.0,9.0,-32.0,77.0,-527432185.0,-33.0,222.0,22.0,510.0,197.0,7.0
1451,34456.0,46024.0,43104.0,48112.0,38388.0,34456.0,3.526099681854248,,,,,,,,,,,,,,,,,,,,,,,,34454.0,8.0,-32.0,77.0,-528481785.0,-32.0,235.0,19.0,534.0,232.0,17.0
1452,34466.0,48466.0,43544.0,45370.0,37948.0,34466.0,3.526099681854248,,,,,,,,,,,,,,,,,,,,,,,,34464.0,8.0,-29.0,77.0,-530054650.0,-31.0,236.0,20.0,635.0,186.0,5.0
1453,34476.0,49051.0,43795.0,44573.0,37789.0,34476.0,3.5208210945129395,,,,,,,,,,,,,,,,,,,,,,,,34474.0,8.0,-27.0,77.0,-532150778.0,-31.0,238.0,21.0,646.0,71.0,-1.0
1454,34486.0,48914.0,42630.0,44546.0,38818.0,34486.0,3.5208210945129395,,,,,,,,,,,,,,,,,,,,,,,,34484.0,7.0,-24.0,78.0,-535296506.0,-30.0,238.0,23.0,712.0,1.0,-12.0
1455,34496.0,49616.0,42030.0,43858.0,39068.0,34496.0,3.5208210945129395,,,,,,,,,,,,,,,,,,,,,,,,34494.0,7.0,-21.0,78.0,-1071118842.0,-31.0,236.0,25.0,651.0,-79.0,0.0
1456,34506.0,49188.0,41244.0,44974.0,40358.0,34506.0,3.526099681854248,,,,,,,,,,,,,,,,,,,,,,,,34504.0,6.0,-21.0,76.0,-1070070266.0,-29.0,246.0,16.0,632.0,-143.0,7.0
1457,34516.0,49616.0,41070.0,44592.0,40214.0,34516.0,3.526099681854248,,,,,,,,,,,,,,,,,,,,,,,,34514.0,6.0,-18.0,77.0,-1066925562.0,-28.0,244.0,17.0,551.0,-160.0,19.0
1458,34526.0,51854.0,42040.0,42246.0,39348.0,34526.0,3.526099681854248,,,,,,,,,,,,,,,,,,,,,,,,34524.0,6.0,-16.0,77.0,-1065351674.0,-28.0,240.0,17.0,544.0,-184.0,13.0
1459,34536.0,49464.0,41612.0,44868.0,39700.0,34536.0,3.526099681854248,,,,,,,,,,,,,,,,,,,,,,,,34534.0,5.0,-13.0,77.0,-1063254522.0,-26.0,238.0,14.0,547.0,-154.0,18.0
1460,34546.0,48694.0,42372.0,45776.0,39022.0,34546.0,3.526099681854248,,,,,,,,,,,,,,,,,,,,,,,,34544.0,5.0,-12.0,77.0,-1062204922.0,-26.0,242.0,12.0,535.0,-85.0,21.0
1461,34556.0,48772.0,42626.0,44740.0,37706.0,34556.0,3.526099681854248,,,,,,,,,,,,,,,,,,,,,,,,34554.0,4.0,-8.0,80.0,-1060107770.0,-24.0,240.0,26.0,496.0,-22.0,28.0
1462,34566.0,48620.0,42490.0,45060.0,37318.0,34566.0,3.526099681854248,,,,,,,,,,,,,,,,,,,,,,,,34564.0,4.0,-6.0,80.0,-1058010618.0,-23.0,233.0,29.0,392.0,19.0,44.0
1463,34576.0,48907.0,42021.0,44651.0,37721.0,34576.0,3.526099681854248,,,,,,,,,,,,,,,,,,,,,,,,34574.0,4.0,-3.0,80.0,-1055913466.0,-23.0,226.0,29.0,397.0,44.0,45.0
1464,34586.0,49290.0,42248.0,44518.0,37436.0,34586.0,3.526099681854248,,,,,,,,,,,,,,,,,,,,,,,,34584.0,4.0,-1.0,81.0,-1054864891.0,-21.0,219.0,26.0,338.0,46.0,52.0
1465,34596.0,49329.0,39425.0,44569.0,40373.0,34596.0,3.526099681854248,,,,,,,,,,,,,,,,,,,,,,,,34594.0,3.0,0.0,81.0,-1053816315.0,-20.0,222.0,23.0,324.0,-42.0,48.0
1466,34606.0,51207.0,40421.0,42563.0,39557.0,34606.0,3.526099681854248,,,,,,,,,,,,,,,,,,,,,,,,34604.0,3.0,2.0,81.0,-1052767739.0,-17.0,214.0,21.0,294.0,-138.0,37.0
1467,34616.0,49311.0,38925.0,44191.0,41185.0,34616.0,3.5313782691955566,,,,,,,,,,,,,,,,,,,,,,,,34614.0,2.0,5.0,82.0,-1051718139.0,-14.0,206.0,21.0,271.0,-213.0,9.0
1468,34626.0,49797.0,39611.0,43715.0,40557.0,34626.0,3.526099681854248,,,,,,,,,,,,,,,,,,,,,,,,34624.0,2.0,7.0,82.0,-1050668539.0,-13.0,199.0,20.0,208.0,-221.0,11.0
1469,34636.0,49560.0,41490.0,44434.0,39436.0,34636.0,3.526099681854248,,,,,,,,,,,,,,,,,,,,,,,,34634.0,2.0,8.0,82.0,-1049619963.0,-10.0,197.0,15.0,209.0,-134.0,-1.0
1470,34646.0,50134.0,42340.0,43912.0,38670.0,34646.0,3.526099681854248,,,,,,,,,,,,,,,,,,,,,,,,34644.0,2.0,11.0,81.0,-1048570363.0,-8.0,187.0,7.0,204.0,-25.0,-1.0
1471,34656.0,51438.0,43126.0,42466.0,38054.0,34656.0,3.526099681854248,,,,,,,,,,,,,,,,,,,,,,,,34654.0,2.0,13.0,81.0,-1047521787.0,-7.0,176.0,6.0,260.0,-18.0,-12.0
1472,34666.0,50625.0,42367.0,43359.0,38817.0,34666.0,3.526099681854248,,,,,,,,,,,,,,,,,,,,,,,,34664.0,1.0,15.0,81.0,-1046473211.0,-5.0,165.0,4.0,253.0,11.0,-12.0
1473,34676.0,49339.0,43759.0,44819.0,37511.0,34676.0,3.526099681854248,,,,,,,,,,,,,,,,,,,,,,,,34674.0,1.0,16.0,81.0,-1045424635.0,-3.0,162.0,1.0,187.0,96.0,-4.0
1474,34686.0,50455.0,44093.0,43861.0,37179.0,34686.0,3.526099681854248,,,,,,,,,,,,,,,,,,,,,,,,34684.0,1.0,18.0,81.0,-1045424635.0,0.0,151.0,0.0,187.0,125.0,0.0
1475,34696.0,50368.0,44604.0,44080.0,36708.0,34696.0,3.5208210945129395,,,,,,,,,,,,,,,,,,,,,,,,34694.0,1.0,20.0,81.0,-1044377083.0,2.0,141.0,-2.0,168.0,162.0,5.0
1476,34706.0,50185.0,45067.0,44383.0,36153.0,34706.0,3.5208210945129395,,,,,,,,,,,,,,,,,,,,,,,,34704.0,1.0,22.0,81.0,-1043329531.0,2.0,129.0,-2.0,111.0,214.0,13.0
1477,34716.0,49018.0,42582.0,45604.0,38688.0,34716.0,3.5208210945129395,,,,,,,,,,,,,,,,,,,,,,,,34714.0,1.0,23.0,81.0,-1043329531.0,3.0,122.0,-4.0,75.0,197.0,9.0
1478,34726.0,48376.0,42892.0,46160.0,38640.0,34726.0,3.515542507171631,,,,,,,,,,,,,,,,,,,,,,,,34724.0,1.0,24.0,81.0,-1042281979.0,7.0,114.0,-6.0,34.0,180.0,1.0
1479,34736.0,48526.0,43994.0,46096.0,37728.0,34736.0,3.5208210945129395,,,,,,,,,,,,,,,,,,,,,,,,34734.0,1.0,25.0,81.0,-1042281979.0,8.0,103.0,-9.0,-122.0,205.0,0.0
1480,34746.0,46531.0,43907.0,47327.0,39039.0,34746.0,3.515542507171631,,,,,,,,,,,,,,,,,,,,,,,,34744.0,1.0,25.0,81.0,-1042281979.0,8.0,100.0,-8.0,-175.0,226.0,-19.0
1481,34756.0,46007.0,43793.0,47495.0,39701.0,34756.0,3.515542507171631,,,,,,,,,,,,,,,,,,,,,,,,34754.0,1.0,28.0,81.0,-1042808315.0,10.0,81.0,-15.0,-237.0,213.0,-32.0
1482,34767.0,47128.0,42746.0,47376.0,39790.0,34766.0,3.5102639198303223,,,,,,,,,,,,,,,,,,,,,,,,34764.0,1.0,28.0,81.0,-1043332603.0,14.0,79.0,-15.0,-247.0,210.0,-35.0
1483,34776.0,46864.0,43710.0,46700.0,40850.0,34776.0,3.5102639198303223,,,,,,,,,,,,,,,,,,,,,,,,34774.0,1.0,29.0,79.0,-1044904443.0,16.0,60.0,-24.0,-275.0,179.0,-44.0
1484,34786.0,48529.0,43173.0,45181.0,41381.0,34786.0,3.5102639198303223,,,,,,,,,,,,,,,,,,,,,,,,34784.0,1.0,29.0,79.0,-1044904443.0,15.0,57.0,-23.0,-256.0,92.0,-34.0
1485,34796.0,51723.0,41381.0,43535.0,41601.0,34796.0,3.5102639198303223,,,,,,,,,,,,,,,,,,,,,,,,34794.0,1.0,30.0,79.0,-1045951995.0,16.0,47.0,-25.0,-202.0,-71.0,-14.0
1486,34806.0,53593.0,42445.0,42073.0,40497.0,34806.0,3.5102639198303223,,,,,,,,,,,,,,,,,,,,,,,,34804.0,1.0,31.0,79.0,-1045951995.0,15.0,38.0,-26.0,-127.0,-162.0,-1.0
1487,34816.0,52256.0,43350.0,43498.0,39228.0,34816.0,3.5102639198303223,,,,,,,,,,,,,,,,,,,,,,,,34814.0,1.0,31.0,79.0,-1047001594.0,18.0,28.0,-25.0,-53.0,-133.0,21.0
1488,34826.0,53767.0,45001.0,43227.0,36597.0,34826.0,3.5102639198303223,,,,,,,,,,,,,,,,,,,,,,,,34824.0,1.0,32.0,78.0,-1047002619.0,18.0,18.0,-26.0,27.0,-64.0,36.0
1489,34836.0,51153.0,45333.0,45075.0,37015.0,34836.0,3.5102639198303223,,,,,,,,,,,,,,,,,,,,,,,,34834.0,2.0,32.0,78.0,-1047002619.0,17.0,9.0,-27.0,45.0,58.0,42.0
1490,34846.0,53343.0,45523.0,44215.0,35819.0,34846.0,3.5102639198303223,,,,,,,,,,,,,,,,,,,,,,,,34844.0,2.0,32.0,78.0,-1047002619.0,19.0,1.0,-28.0,7.0,118.0,52.0
1491,34856.0,52089.0,44077.0,44985.0,38429.0,34856.0,3.5102639198303223,,,,,,,,,,,,,,,,,,,,,,,,34854.0,2.0,32.0,78.0,-1045954043.0,22.0,-11.0,-30.0,-40.0,148.0,61.0
1492,34866.0,51671.0,44537.0,47289.0,36579.0,34866.0,3.5102639198303223,,,,,,,,,,,,,,,,,,,,,,,,34864.0,2.0,32.0,76.0,-1045953019.0,22.0,-19.0,-36.0,-156.0,148.0,72.0
1493,34876.0,51129.0,42765.0,46379.0,39807.0,34876.0,3.5102639198303223,,,,,,,,,,,,,,,,,,,,,,,,34874.0,2.0,32.0,76.0,-1047001595.0,22.0,-27.0,-38.0,-212.0,104.0,73.0
1494,34886.0,52278.0,42368.0,47192.0,38562.0,34886.0,3.5102639198303223,,,,,,,,,,,,,,,,,,,,,,,,34884.0,2.0,32.0,75.0,-1047000572.0,21.0,-38.0,-39.0,-317.0,56.0,73.0
1495,34896.0,51124.0,40936.0,46560.0,41772.0,34896.0,3.5102639198303223,,,,,,,,,,,,,,,,,,,,,,,,34894.0,3.0,31.0,75.0,-1048049148.0,22.0,-44.0,-40.0,-411.0,-11.0,67.0
1496,34906.0,52327.0,41473.0,47171.0,40013.0,34906.0,3.5049853324890137,,,,,,,,,,,,,,,,,,,,,,,,34904.0,3.0,31.0,74.0,-1049097724.0,22.0,-57.0,-44.0,-455.0,-32.0,56.0
1497,34916.0,50955.0,41613.0,46895.0,41537.0,34916.0,3.5049853324890137,,,,,,,,,,,,,,,,,,,,,,,,34914.0,3.0,30.0,74.0,-1050146300.0,23.0,-65.0,-43.0,-480.0,-31.0,51.0
1498,34926.0,50615.0,42343.0,47147.0,40787.0,34926.0,3.5049853324890137,,,,,,,,,,,,,,,,,,,,,,,,34924.0,3.0,30.0,73.0,-1052243452.0,24.0,-71.0,-41.0,-492.0,-16.0,42.0
1499,34936.0,50894.0,42358.0,46608.0,40952.0,34936.0,3.5049853324890137,,,,,,,,,,,,,,,,,,,,,,,,34934.0,3.0,29.0,73.0,-1054340605.0,24.0,-77.0,-39.0,-522.0,-16.0,28.0
1500,34946.0,51747.0,43945.0,46123.0,39513.0,34946.0,3.5049853324890137,,,,,,,,,,,,,,,,,,,,,,,,34944.0,4.0,28.0,72.0,-1055389181.0,23.0,-90.0,-42.0,-456.0,-54.0,30.0
1501,34956.0,52682.0,43064.0,45132.0,40458.0,34956.0,3.5049853324890137,,,,,,,,,,,,,,,,,,,,,,,,34954.0,4.0,27.0,71.0,-1057487357.0,24.0,-97.0,-41.0,-356.0,-15.0,22.0
1502,34966.0,51578.0,47664.0,46312.0,35930.0,34966.0,3.5049853324890137,,,,,,,,,,,,,,,,,,,,,,,,34964.0,4.0,26.0,71.0,-1058535933.0,23.0,-102.0,-42.0,-340.0,111.0,22.0
1503,34976.0,51696.0,44302.0,45988.0,39434.0,34976.0,3.5049853324890137,,,,,,,,,,,,,,,,,,,,,,,,34974.0,4.0,25.0,70.0,-1060633085.0,24.0,-106.0,-40.0,-256.0,118.0,11.0
1504,34986.0,51443.0,45463.0,45891.0,38403.0,34986.0,3.5049853324890137,,,,,,,,,,,,,,,,,,,,,,,,34984.0,5.0,24.0,70.0,-1060632061.0,23.0,-112.0,-37.0,-276.0,131.0,-4.0
1505,34996.0,52670.0,47478.0,44136.0,36312.0,34996.0,3.5049853324890137,,,,,,,,,,,,,,,,,,,,,,,,34994.0,5.0,23.0,70.0,-1061680637.0,25.0,-125.0,-31.0,-241.0,168.0,-24.0
1506,35006.0,52675.0,46747.0,43769.0,36993.0,35006.0,3.5049853324890137,,,,,,,,,,,,,,,,,,,,,,,,35004.0,5.0,22.0,69.0,-1062728189.0,26.0,-129.0,-26.0,-168.0,206.0,-34.0
1507,35016.0,50626.0,44352.0,45602.0,39368.0,35016.0,3.5049853324890137,,,,,,,,,,,,,,,,,,,,,,,,35014.0,5.0,20.0,69.0,-1063776765.0,24.0,-132.0,-23.0,-201.0,146.0,-40.0
1508,35026.0,51071.0,45587.0,44997.0,38185.0,35026.0,3.5049853324890137,,,,,,,,,,,,,,,,,,,,,,,,35024.0,6.0,19.0,69.0,-1063775741.0,23.0,-133.0,-22.0,-293.0,145.0,-45.0
1509,35036.0,50422.0,43644.0,46454.0,40352.0,35036.0,3.5102639198303223,,,,,,,,,,,,,,,,,,,,,,,,35034.0,6.0,18.0,67.0,-1064824317.0,25.0,-143.0,-29.0,-382.0,81.0,-22.0
1510,35046.0,51164.0,43950.0,45634.0,40080.0,35046.0,3.5102639198303223,,,,,,,,,,,,,,,,,,,,,,,,35044.0,6.0,16.0,67.0,-1065871868.0,24.0,-146.0,-28.0,-445.0,90.0,-24.0
1511,35056.0,51632.0,41608.0,45618.0,41922.0,35056.0,3.5102639198303223,,,,,,,,,,,,,,,,,,,,,,,,35054.0,6.0,15.0,67.0,-1067969020.0,22.0,-147.0,-27.0,-484.0,-53.0,11.0
1512,35066.0,52846.0,43288.0,44576.0,40150.0,35066.0,3.5049853324890137,,,,,,,,,,,,,,,,,,,,,,,,35064.0,7.0,13.0,66.0,-1069017596.0,21.0,-149.0,-27.0,-454.0,-87.0,22.0
1513,35076.0,53422.0,38686.0,44162.0,44466.0,35076.0,3.5049853324890137,,,,,,,,,,,,,,,,,,,,,,,,35074.0,7.0,12.0,66.0,-1071114748.0,22.0,-150.0,-25.0,-412.0,-254.0,36.0
1514,35086.0,53195.0,40461.0,43839.0,42117.0,35086.0,3.5049853324890137,,,,,,,,,,,,,,,,,,,,,,,,35084.0,7.0,10.0,67.0,-1072164348.0,21.0,-158.0,-16.0,-449.0,-292.0,34.0
1515,35096.0,54956.0,40560.0,42070.0,41834.0,35096.0,3.5049853324890137,,,,,,,,,,,,,,,,,,,,,,,,35094.0,7.0,8.0,67.0,-535294461.0,21.0,-159.0,-14.0,-389.0,-307.0,42.0
1516,35106.0,53538.0,41230.0,43428.0,41100.0,35106.0,3.5049853324890137,,,,,,,,,,,,,,,,,,,,,,,,35104.0,7.0,7.0,67.0,-534246909.0,21.0,-158.0,-13.0,-338.0,-284.0,42.0
1517,35116.0,53214.0,41556.0,43556.0,40750.0,35116.0,3.5102639198303223,,,,,,,,,,,,,,,,,,,,,,,,35114.0,8.0,5.0,67.0,-533199357.0,19.0,-157.0,-10.0,-312.0,-203.0,32.0
1518,35126.0,53484.0,44868.0,43306.0,37646.0,35126.0,3.5102639198303223,,,,,,,,,,,,,,,,,,,,,,,,35124.0,8.0,3.0,66.0,-532151805.0,17.0,-163.0,-11.0,-213.0,-104.0,23.0
1519,35136.0,52656.0,45658.0,44036.0,36826.0,35136.0,3.515542507171631,,,,,,,,,,,,,,,,,,,,,,,,35134.0,8.0,2.0,66.0,-531627517.0,17.0,-159.0,-10.0,-89.0,36.0,18.0
1520,35146.0,51547.0,46431.0,44725.0,36253.0,35146.0,3.515542507171631,,,,,,,,,,,,,,,,,,,,,,,,35144.0,8.0,0.0,66.0,-530578941.0,16.0,-157.0,-8.0,-19.0,157.0,-4.0
1521,35156.0,50107.0,45689.0,46035.0,36813.0,35156.0,3.515542507171631,,,,,,,,,,,,,,,,,,,,,,,,35154.0,8.0,0.0,66.0,-530054653.0,14.0,-153.0,-5.0,-84.0,229.0,-4.0
1522,35166.0,0.0,0.0,0.0,0.0,35166.0,3.5102639198303223,,,,,,,,,,,,,,,,,,,,,,,,35164.0,8.0,-2.0,66.0,-530053629.0,16.0,-157.0,-5.0,-138.0,281.0,-9.0
1523,35176.0,0.0,0.0,0.0,0.0,35176.0,3.5102639198303223,,,,,,,,,,,,,,,,,,,,,,,,35174.0,9.0,-3.0,66.0,-529004029.0,17.0,-154.0,-5.0,-194.0,303.0,3.0
1524,35186.0,0.0,0.0,0.0,0.0,35186.0,3.774193525314331,,,,,,,,,,,,,,,,,,,,,,,,35184.0,9.0,-5.0,66.0,-529003005.0,15.0,-151.0,-5.0,-225.0,397.0,14.0
1525,35196.0,0.0,0.0,0.0,0.0,35196.0,3.8692080974578857,,,,,,,,,,,,,,,,,,,,,,,,35194.0,9.0,-6.0,66.0,-527953405.0,13.0,-147.0,-12.0,-250.0,513.0,27.0
1526,35206.0,0.0,0.0,0.0,0.0,35206.0,3.8692080974578857,,,,,,,,,,,,,,,,,,,,,,,,35204.0,9.0,-7.0,65.0,-526902781.0,14.0,-141.0,-24.0,-272.0,591.0,50.0
1527,35216.0,0.0,0.0,0.0,0.0,35216.0,3.8903229236602783,,,,,,,,,,,,,,,,,,,,,,,,35214.0,9.0,-9.0,67.0,-525852158.0,14.0,-144.0,-33.0,-258.0,614.0,70.0
1528,35226.0,0.0,0.0,0.0,0.0,35226.0,3.895601511001587,,,,,,,,,,,,,,,,,,,,,,,,35224.0,9.0,-11.0,66.0,-524801534.0,13.0,-138.0,-57.0,-257.0,589.0,106.0
1529,35236.0,0.0,0.0,0.0,0.0,35236.0,3.895601511001587,,,,,,,,,,,,,,,,,,,,,,,,35234.0,9.0,-12.0,66.0,-523750910.0,11.0,-131.0,-87.0,-325.0,593.0,114.0
1530,35246.0,0.0,0.0,0.0,0.0,35246.0,3.895601511001587,,,,,,,,,,,,,,,,,,,,,,,,35244.0,9.0,-13.0,65.0,-522700287.0,8.0,-131.0,-122.0,-396.0,601.0,135.0
1531,35256.0,0.0,0.0,0.0,0.0,35256.0,3.895601511001587,,,,,,,,,,,,,,,,,,,,,,,,35254.0,9.0,-15.0,65.0,-521649663.0,8.0,-133.0,-153.0,-400.0,635.0,146.0
