,motor_timestamp,m1,m2,m3,m4,bat_timestamp,bat_volt,cmd_timestamp,cmd_thrust,cmd_act_thrust,cmd_roll,cmd_pitch,cmd_yawrate,stabilizer_timestamp,des_x,des_y,des_z,des_timestamp,des_vx,des_vy,des_vz,cmd_ax,cmd_ay,cmd_az,mocap_output_timestamp,mocap_x,mocap_y,mocap_z,mocap_qx,mocap_qy,mocap_qz,mocap_qw,stateZ_timestamp,stateZ_x,stateZ_y,stateZ_z,stateZ_quat,stateZ_vx,stateZ_vy,stateZ_vz,stateZ_rollrate,stateZ_pitchrate,stateZ_yawrate
0,14228.0,0.0,0.0,0.0,0.0,14226.0,4.0328450202941895,,,,,,,,0.001,0.001,0.026,2.1041672229766846,0.005,-0.001,-0.006,0.0,0.0,0.0,,,,,,,,,14225.0,-17.0,-55.0,28.0,-530054143.0,-2.0,3.0,2.0,0.0,1.0,0.0
1,14238.0,0.0,0.0,0.0,0.0,14236.0,4.0328450202941895,,,,,,,,0.001,0.001,0.026,2.1307878494262695,0.011,0.001,-0.006,0.0,0.0,0.0,,,,,,,,,14235.0,0.0,0.0,0.0,-536346112.0,4.0,-3.0,0.0,-2.0,-4.0,-3.0
2,14248.0,0.0,0.0,0.0,0.0,14246.0,4.027566432952881,,,,,,,,0.001,0.001,0.026,2.1511731147766113,0.011,0.002,-0.005,0.0,0.0,0.0,,,,,,,,,14245.0,0.0,0.0,-667.0,-536870400.0,6.0,-4.0,0.0,1.0,2.0,-1.0
3,14258.0,0.0,0.0,0.0,0.0,14256.0,4.027566432952881,,,,,,,,0.001,0.001,0.026,2.166566848754883,0.008,-0.005,-0.004,0.0,0.0,0.0,,,,,,,,,14255.0,0.0,0.0,50.0,-536870400.0,8.0,-2.0,0.0,1.0,0.0,3.0
4,14268.0,0.0,0.0,0.0,0.0,14266.0,4.0328450202941895,,,,,,,,0.001,0.001,0.026,2.1786255836486816,0.003,-0.006,-0.004,0.0,0.0,0.0,,,,,,,,,14265.0,0.0,0.0,28.0,-1073217024.0,2.0,-8.0,0.0,0.0,-4.0,3.0
5,14278.0,0.0,0.0,0.0,0.0,14276.0,4.0328450202941895,,,,,,,,0.001,0.001,0.026,2.196863889694214,0.005,-0.001,-0.002,0.0,0.0,0.0,,,,,,,,,14275.0,0.0,0.0,28.0,-536870400.0,9.0,-8.0,0.0,0.0,-5.0,0.0
6,14288.0,0.0,0.0,0.0,0.0,14286.0,4.0328450202941895,,,,,,,,0.001,0.001,0.026,2.215916156768799,0.003,-0.003,0.002,0.0,0.0,0.0,,,,,,,,,14285.0,0.0,0.0,28.0,-1073741312.0,9.0,-11.0,0.0,-1.0,2.0,-2.0
7,14298.0,0.0,0.0,0.0,0.0,14296.0,4.0328450202941895,,,,,,,,0.001,0.001,0.027,2.233208656311035,0.002,-0.008,0.01,0.0,0.0,0.0,,,,,,,,,14295.0,0.0,0.0,28.0,-535821824.0,9.0,-6.0,0.0,2.0,-2.0,-2.0
8,14308.0,0.0,0.0,0.0,0.0,14306.0,4.0328450202941895,,,,,,,,0.001,0.001,0.028,2.258327007293701,0.0,-0.022,0.02,0.0,0.0,0.0,,,,,,,,,14305.0,0.0,0.0,28.0,-536870400.0,9.0,-11.0,0.0,-1.0,0.0,1.0
9,14318.0,0.0,0.0,0.0,0.0,14316.0,4.0328450202941895,,,,,,,,0.0,0.0,0.028,2.2809560298919678,-0.011,-0.029,0.026,0.0,0.0,0.0,,,,,,,,,14315.0,0.0,0.0,28.0,-536344064.0,-1.0,-14.0,0.0,2.0,1.0,0.0
10,14328.0,0.0,0.0,0.0,0.0,14326.0,4.0328450202941895,,,,,,,,-0.001,-0.001,0.028,2.3053300380706787,-0.019,-0.028,0.047,0.0,0.0,0.0,,,,,,,,,14325.0,0.0,0.0,28.0,-536345088.0,4.0,-13.0,0.0,5.0,1.0,-2.0
11,14338.0,0.0,0.0,0.0,0.0,14336.0,4.0328450202941895,,,,,,,,-0.004,-0.004,0.028,2.3250203132629395,-0.045,-0.039,0.08,0.0,0.0,0.0,,,,,,,,,14335.0,0.0,0.0,28.0,-535821824.0,10.0,-9.0,0.0,0.0,2.0,-1.0
12,14348.0,0.0,0.0,0.0,0.0,14346.0,4.0328450202941895,,,,,,,,-0.013,-0.013,0.029,2.346221446990967,-0.099,-0.048,0.121,0.0,0.0,0.0,,,,,,,,,14345.0,0.0,0.0,28.0,-535296512.0,2.0,-10.0,0.0,-1.0,0.0,0.0
13,14358.0,0.0,0.0,0.0,0.0,14356.0,4.0328450202941895,,,,,,,,-0.009,-0.009,0.023,2.3663291931152344,-0.079,-0.082,0.117,0.0,0.0,0.0,,,,,,,,,14355.0,0.0,0.0,28.0,-535295488.0,-3.0,-14.0,0.0,0.0,-2.0,3.0
14,14368.0,0.0,0.0,0.0,0.0,14366.0,4.0328450202941895,,,,,,,,-0.019,-0.019,0.025,2.3869235515594482,-0.138,-0.102,0.152,0.0,0.0,0.0,,,,,,,,,14365.0,0.0,0.0,28.0,-535821824.0,9.0,-16.0,0.0,0.0,-7.0,3.0
15,14378.0,0.0,0.0,0.0,0.0,14376.0,4.0328450202941895,,,,,,,,-0.022,-0.022,0.027,2.4072353839874268,-0.151,-0.047,0.19,0.0,0.0,0.0,,,,,,,,,14375.0,1.0,0.0,28.0,-534773248.0,11.0,-8.0,0.0,-3.0,4.0,-1.0
16,14388.0,0.0,0.0,0.0,0.0,14386.0,4.0328450202941895,,,,,,,,-0.029,-0.029,0.031,2.4314799308776855,-0.177,-0.022,0.217,0.0,0.0,0.0,,,,,,,,,14385.0,0.0,0.0,28.0,-535296512.0,6.0,-14.0,0.0,-2.0,0.0,0.0
17,14398.0,0.0,0.0,0.0,0.0,14396.0,4.027566432952881,,,,,,,,-0.036,-0.036,0.034,2.453411817550659,-0.19,0.014,0.238,0.0,0.0,0.0,,,,,,,,,14395.0,0.0,-1.0,28.0,-535296512.0,2.0,-18.0,0.0,0.0,-1.0,0.0
18,14408.0,0.0,0.0,0.0,0.0,14406.0,4.0328450202941895,,,,,,,,-0.035,-0.035,0.04,2.481093406677246,-0.164,0.03,0.263,0.0,0.0,0.0,,,,,,,,,14405.0,0.0,-1.0,27.0,-535296512.0,2.0,-20.0,-4.0,0.0,1.0,1.0
19,14418.0,0.0,0.0,0.0,0.0,14416.0,4.0328450202941895,,,,,,,,-0.037,-0.037,0.05,2.502520799636841,-0.148,0.048,0.303,0.0,0.0,0.0,,,,,,,,,14415.0,1.0,0.0,27.0,-533724672.0,11.0,-8.0,-4.0,0.0,2.0,-3.0
20,14428.0,0.0,0.0,0.0,0.0,14426.0,4.0328450202941895,,,,,,,,-0.036,-0.036,0.056,2.5223872661590576,-0.113,0.061,0.314,0.0,0.0,0.0,,,,,,,,,14425.0,0.0,0.0,27.0,-533198336.0,0.0,-12.0,-4.0,-2.0,1.0,0.0
21,14438.0,0.0,0.0,0.0,0.0,14436.0,4.0328450202941895,,,,,,,,-0.035,-0.035,0.066,2.5459482669830322,-0.082,0.077,0.341,0.0,0.0,0.0,,,,,,,,,14435.0,0.0,-1.0,27.0,-534247936.0,4.0,-16.0,-4.0,1.0,4.0,0.0
22,14448.0,44103.0,43832.0,44321.0,44594.0,14446.0,4.0328450202941895,,,,,,,,-0.035,-0.035,0.077,2.568889856338501,-0.05,0.07,0.344,0.0,0.0,0.0,,,,,,,,,14445.0,1.0,0.0,26.0,-532676096.0,13.0,-2.0,-6.0,0.0,0.0,0.0
23,14458.0,43864.0,44063.0,44643.0,44424.0,14456.0,4.0328450202941895,,,,,,,,-0.035,-0.035,0.085,2.5904383659362793,-0.03,0.034,0.345,0.0,0.0,0.0,,,,,,,,,14455.0,1.0,0.0,26.0,-532150784.0,5.0,-1.0,-6.0,2.0,-9.0,1.0
24,14468.0,53937.0,53597.0,54170.0,54497.0,14466.0,3.304399013519287,,,,,,,,-0.043,-0.043,0.092,2.613398790359497,-0.058,-0.01,0.341,0.0,0.0,0.0,,,,,,,,,14465.0,1.0,0.0,26.0,-533724672.0,12.0,-7.0,-6.0,-5.0,4.0,6.0
25,14478.0,56402.0,56010.0,56673.0,57047.0,14476.0,3.161876916885376,,,,,,,,-0.043,-0.043,0.105,2.6363489627838135,-0.039,-0.005,0.349,0.0,0.0,0.0,,,,,,,,,14475.0,1.0,0.0,26.0,-532151808.0,11.0,1.0,-6.0,8.0,1.0,-13.0
26,14488.0,57279.0,56625.0,55254.0,57121.0,14486.0,3.161876916885376,,,,,,,,-0.043,-0.043,0.108,2.6599316596984863,-0.036,-0.006,0.346,0.0,0.0,0.0,,,,,,,,,14485.0,1.0,0.0,26.0,-532151808.0,11.0,2.0,-5.0,-18.0,4.0,-17.0
27,14498.0,62707.0,60663.0,59504.0,61788.0,14496.0,2.92434024810791,,,,,,,,-0.038,-0.038,0.117,2.678773880004883,0.007,-0.018,0.327,0.0,0.0,0.0,,,,,,,,,14495.0,1.0,0.0,26.0,-533200384.0,8.0,-5.0,-4.0,-68.0,-7.0,83.0
28,14508.0,62100.0,62554.0,62235.0,60775.0,14506.0,2.8926687240600586,,,,,,,,-0.037,-0.037,0.124,2.69980788230896,0.02,-0.018,0.316,0.0,0.0,0.0,,,,,,,,,14505.0,1.0,-1.0,26.0,-533200384.0,7.0,-7.0,-4.0,-40.0,-3.0,64.0
29,14518.0,63793.0,62994.0,63340.0,63783.0,14516.0,2.8240468502044678,,,,,,,,-0.035,-0.035,0.133,2.720506429672241,0.04,-0.011,0.32,0.0,0.0,0.0,,,,,,,,,14515.0,1.0,-1.0,26.0,-533199872.0,3.0,-6.0,-4.0,-33.0,-12.0,-33.0
30,14528.0,62772.0,62709.0,63956.0,64590.0,14526.0,2.8240468502044678,,,,,,,,-0.038,-0.038,0.14,2.7414512634277344,0.033,-0.009,0.312,0.0,0.0,0.0,,,,,,,,,14525.0,1.0,-1.0,26.0,-533199360.0,2.0,-3.0,-3.0,3.0,15.0,-33.0
31,14538.0,63813.0,63262.0,63906.0,64190.0,14536.0,2.8134896755218506,,,,,,,,-0.036,-0.036,0.149,2.76198410987854,0.048,-0.005,0.32,0.0,0.0,0.0,,,,,,,,,14535.0,1.0,-1.0,26.0,-533199360.0,5.0,-1.0,-2.0,16.0,49.0,24.0
32,14548.0,63122.0,63891.0,64434.0,63914.0,14546.0,2.8134896755218506,,,,,,,,-0.034,-0.034,0.151,2.7802929878234863,0.058,-0.002,0.318,0.0,0.0,0.0,,,,,,,,,14545.0,1.0,-1.0,26.0,-533199872.0,4.0,-2.0,-2.0,7.0,9.0,-14.0
33,14558.0,63858.0,63065.0,62806.0,64136.0,14556.0,2.8293254375457764,,,,,,,,-0.032,-0.032,0.158,2.796640157699585,0.068,0.003,0.313,0.0,0.0,0.0,,,,,,,,,14555.0,1.0,-1.0,26.0,-533199360.0,3.0,-3.0,2.0,4.0,12.0,-20.0
34,14568.0,62212.0,62319.0,63466.0,63395.0,14566.0,2.8557183742523193,,,,,,,,-0.028,-0.028,0.166,2.8194615840911865,0.085,0.011,0.303,0.0,0.0,0.0,,,,,,,,,14565.0,1.0,-1.0,26.0,-533199360.0,3.0,1.0,7.0,-9.0,-27.0,-5.0
35,14578.0,61937.0,62861.0,62097.0,60776.0,14576.0,2.897947311401367,,,,,,,,-0.025,-0.025,0.172,2.839859962463379,0.094,0.013,0.301,0.0,0.0,0.0,,,,,,,,,14575.0,1.0,-2.0,27.0,-534247936.0,2.0,-8.0,10.0,-30.0,-15.0,24.0
36,14588.0,59450.0,61594.0,61091.0,59447.0,14586.0,2.9718475341796875,,,,,,,,-0.022,-0.022,0.177,2.864671468734741,0.104,0.018,0.287,0.0,0.0,0.0,,,,,,,,,14585.0,1.0,-2.0,27.0,-534247936.0,2.0,-8.0,12.0,31.0,83.0,-13.0
37,14598.0,58171.0,60228.0,59384.0,58384.0,14596.0,3.0404694080352783,,,,,,,,-0.019,-0.019,0.182,2.8863744735717773,0.111,0.021,0.283,0.0,0.0,0.0,,,,,,,,,14595.0,1.0,-4.0,27.0,-535296512.0,1.0,-22.0,15.0,54.0,174.0,-58.0
38,14608.0,57808.0,60332.0,59649.0,58216.0,14606.0,3.0404694080352783,,,,,,,,-0.014,-0.014,0.192,2.909590721130371,0.123,0.027,0.284,0.0,0.0,0.0,,,,,,,,,14605.0,1.0,-5.0,28.0,-536344064.0,0.0,-22.0,20.0,32.0,209.0,-68.0
39,14618.0,57144.0,58984.0,56902.0,56125.0,14616.0,3.1302053928375244,,,,,,,,-0.011,-0.011,0.197,2.9310531616210938,0.127,0.029,0.282,0.0,0.0,0.0,,,,,,,,,14615.0,1.0,-6.0,28.0,-1073213951.0,-3.0,-27.0,24.0,26.0,221.0,-53.0
40,14628.0,53683.0,55603.0,57904.0,58627.0,14626.0,3.172434091567993,,,,,,,,-0.006,-0.006,0.203,2.9514517784118652,0.133,0.033,0.286,0.0,0.0,0.0,,,,,,,,,14625.0,0.0,-6.0,28.0,-1072163327.0,-11.0,-29.0,26.0,-55.0,159.0,-126.0
41,14638.0,51655.0,56460.0,57273.0,56067.0,14636.0,3.230498790740967,,,,,,,,-0.004,-0.004,0.209,2.976081132888794,0.132,0.035,0.29,0.0,0.0,0.0,,,,,,,,,14635.0,0.0,-7.0,28.0,-1073211903.0,-14.0,-31.0,33.0,-397.0,71.0,-193.0
42,14648.0,49579.0,56004.0,57860.0,54678.0,14646.0,3.2621703147888184,,,,,,,,0.0,0.0,0.218,2.996046543121338,0.131,0.034,0.307,0.0,0.0,0.0,,,,,,,,,14645.0,-1.0,-7.0,28.0,-535291390.0,-19.0,-28.0,47.0,-397.0,234.0,-121.0
43,14658.0,49212.0,57261.0,56590.0,50016.0,14656.0,3.3149561882019043,,,,,,,,0.003,0.003,0.224,3.016124725341797,0.133,0.035,0.31,0.0,0.0,0.0,,,,,,,,,14655.0,-3.0,-8.0,29.0,-534240766.0,-38.0,-36.0,66.0,-383.0,387.0,-58.0
44,14668.0,49905.0,57799.0,56221.0,48182.0,14666.0,3.3149561882019043,,,,,,,,0.006,0.006,0.231,3.0362937450408936,0.13,0.033,0.317,0.0,0.0,0.0,,,,,,,,,14665.0,-4.0,-9.0,28.0,-533190141.0,-45.0,-39.0,80.0,-143.0,479.0,-17.0
45,14678.0,50440.0,55950.0,54458.0,47973.0,14676.0,3.3624634742736816,,,,,,,,0.01,0.01,0.238,3.055060863494873,0.13,0.035,0.317,0.0,0.0,0.0,,,,,,,,,14675.0,-5.0,-9.0,29.0,-532139517.0,-53.0,-35.0,103.0,12.0,450.0,49.0
46,14688.0,49302.0,57401.0,54364.0,42898.0,14686.0,3.3888564109802246,,,,,,,,0.013,0.013,0.244,3.077816963195801,0.127,0.033,0.316,0.0,0.0,0.0,,,,,,,,,14685.0,-13.0,-12.0,29.0,-534230525.0,-99.0,-48.0,121.0,176.0,386.0,75.0
47,14698.0,49168.0,55893.0,53451.0,43885.0,14696.0,3.4152493476867676,,,,,,,,0.017,0.017,0.25,3.0980541706085205,0.125,0.032,0.313,0.0,0.0,0.0,,,,,,,,,14695.0,-13.0,-12.0,31.0,-534229502.0,-104.0,-45.0,144.0,295.0,355.0,95.0
48,14708.0,50887.0,54493.0,50683.0,44358.0,14706.0,3.4416422843933105,,,,,,,,0.02,0.02,0.258,3.1177890300750732,0.114,0.031,0.297,0.0,0.0,0.0,,,,,,,,,14705.0,-9.0,-18.0,23.0,-1071101438.0,-79.0,-82.0,117.0,271.0,161.0,110.0
49,14718.0,50771.0,52454.0,51046.0,47908.0,14716.0,3.462756633758545,,,,,,,,0.024,0.024,0.264,3.1417782306671143,0.11,0.03,0.291,0.0,0.0,0.0,,,,,,,,,14715.0,-11.0,-18.0,24.0,-1070052862.0,-87.0,-75.0,139.0,161.0,-104.0,103.0
50,14728.0,49983.0,51826.0,51518.0,48366.0,14726.0,3.462756633758545,,,,,,,,0.028,0.028,0.272,3.166837215423584,0.1,0.026,0.278,0.0,0.0,0.0,,,,,,,,,14725.0,-19.0,-23.0,25.0,-1067951615.0,-138.0,-102.0,152.0,-77.0,-369.0,102.0
51,14738.0,48373.0,48899.0,52371.0,50535.0,14736.0,3.4680352210998535,,,,,,,,0.031,0.031,0.278,3.1898460388183594,0.094,0.025,0.273,0.0,0.0,0.0,,,,,,,,,14735.0,-20.0,-22.0,27.0,-1069002239.0,-141.0,-90.0,174.0,-407.0,-595.0,105.0
52,14748.0,46912.0,45710.0,52937.0,52355.0,14746.0,3.473313808441162,,,,,,,,0.033,0.033,0.282,3.209555149078369,0.087,0.022,0.258,0.0,0.0,0.0,,,,,,,,,14745.0,-21.0,-17.0,29.0,-536327680.0,-149.0,-59.0,195.0,-713.0,-784.0,109.0
53,14758.0,46575.0,44613.0,53253.0,52819.0,14756.0,3.473313808441162,,,,,,,,0.036,0.036,0.287,3.2306597232818604,0.079,0.021,0.248,0.0,0.0,0.0,,,,,,,,,14755.0,-22.0,-16.0,27.0,-532136960.0,-151.0,-47.0,190.0,-900.0,-937.0,124.0
54,14768.0,46977.0,44296.0,52574.0,52700.0,14766.0,3.489149570465088,,,,,,,,0.039,0.039,0.292,3.251538038253784,0.073,0.017,0.241,0.0,0.0,0.0,,,,,,,,,14765.0,-27.0,-14.0,29.0,-527944704.0,-174.0,-35.0,202.0,-947.0,-1031.0,118.0
55,14778.0,48390.0,44551.0,51116.0,52019.0,14776.0,3.4944281578063965,,,,,,,,0.041,0.041,0.297,3.273495674133301,0.065,0.016,0.233,0.0,0.0,0.0,,,,,,,,,14775.0,-29.0,-13.0,31.0,-523754495.0,-177.0,-22.0,217.0,-844.0,-1134.0,121.0
56,14788.0,49528.0,45539.0,49774.0,50980.0,14786.0,3.4944281578063965,,,,,,,,0.043,0.043,0.302,3.294095993041992,0.056,0.012,0.225,0.0,0.0,0.0,,,,,,,,,14785.0,-31.0,-12.0,33.0,-519564287.0,-181.0,-10.0,230.0,-539.0,-1199.0,122.0
57,14798.0,51772.0,45709.0,47331.0,50734.0,14796.0,3.499706745147705,,,,,,,,0.045,0.045,0.308,3.315765619277954,0.043,0.007,0.215,0.0,0.0,0.0,,,,,,,,,14795.0,-31.0,-11.0,32.0,-517472254.0,-173.0,0.0,228.0,-167.0,-1239.0,129.0
58,14808.0,52382.0,47593.0,46198.0,48633.0,14806.0,3.5049853324890137,,,,,,,,0.048,0.048,0.317,3.3686907291412354,0.026,0.002,0.207,0.0,0.0,0.0,,,,,,,,,14805.0,-36.0,-9.0,34.0,-516944894.0,-190.0,14.0,238.0,210.0,-1259.0,142.0
59,14818.0,53437.0,48358.0,44121.0,47538.0,14816.0,3.5049853324890137,,,,,,,,0.049,0.049,0.325,3.4027278423309326,0.01,-0.004,0.201,0.0,0.0,0.0,,,,,,,,,14815.0,-35.0,-8.0,37.0,-516938750.0,-178.0,26.0,251.0,589.0,-1222.0,140.0
60,14828.0,53532.0,50603.0,43734.0,44686.0,14826.0,3.499706745147705,,,,,,,,0.049,0.049,0.33,3.427550792694092,-0.006,-0.012,0.187,0.0,0.0,0.0,,,,,,,,,14825.0,-35.0,-8.0,40.0,-520079357.0,-164.0,30.0,263.0,899.0,-1087.0,134.0
61,14838.0,53541.0,51248.0,43222.0,43220.0,14836.0,3.5049853324890137,,,,,,,,0.052,0.052,0.337,3.4583115577697754,-0.018,-0.013,0.172,0.0,0.0,0.0,,,,,,,,,14835.0,-35.0,-8.0,43.0,-523220989.0,-151.0,35.0,274.0,1157.0,-868.0,133.0
62,14848.0,52095.0,51351.0,44709.0,41842.0,14846.0,3.5049853324890137,,,,,,,,0.052,0.052,0.34,3.4806292057037354,-0.026,-0.006,0.165,0.0,0.0,0.0,,,,,,,,,14845.0,-37.0,-6.0,50.0,-526363645.0,-148.0,48.0,303.0,1252.0,-629.0,135.0
63,14858.0,50865.0,50817.0,46369.0,42347.0,14856.0,3.5049853324890137,,,,,,,,0.052,0.052,0.344,3.5028321743011475,-0.034,-0.013,0.155,0.0,0.0,0.0,,,,,,,,,14855.0,-36.0,-3.0,53.0,-530553852.0,-128.0,61.0,309.0,1153.0,-361.0,138.0
64,14868.0,49508.0,50014.0,47758.0,42730.0,14866.0,3.515542507171631,,,,,,,,0.052,0.052,0.345,3.524912118911743,-0.04,-0.015,0.141,0.0,0.0,0.0,,,,,,,,,14865.0,-36.0,-3.0,56.0,-534746108.0,-113.0,61.0,314.0,931.0,-116.0,149.0
65,14878.0,47784.0,49595.0,49487.0,42765.0,14876.0,3.5208210945129395,,,,,,,,0.052,0.052,0.348,3.5461270809173584,-0.046,-0.02,0.137,0.0,0.0,0.0,,,,,,,,,14875.0,-36.0,-2.0,59.0,-1071617019.0,-100.0,65.0,318.0,680.0,70.0,170.0
66,14888.0,45354.0,48006.0,50944.0,43544.0,14886.0,3.526099681854248,,,,,,,,0.05,0.05,0.35,3.5665485858917236,-0.057,-0.029,0.13,0.0,0.0,0.0,,,,,,,,,14885.0,-35.0,0.0,66.0,-1070567419.0,-82.0,77.0,341.0,414.0,252.0,183.0
67,14898.0,43972.0,47169.0,51937.0,44102.0,14896.0,3.5313782691955566,,,,,,,,0.05,0.05,0.354,3.5872089862823486,-0.063,-0.035,0.122,0.0,0.0,0.0,,,,,,,,,14895.0,-35.0,1.0,70.0,-1068470266.0,-68.0,76.0,343.0,134.0,395.0,199.0
68,14908.0,42757.0,47014.0,52764.0,44132.0,14906.0,3.5313782691955566,,,,,,,,0.046,0.046,0.356,3.6085994243621826,-0.077,-0.039,0.12,0.0,0.0,0.0,,,,,,,,,14905.0,-35.0,1.0,73.0,-1067423737.0,-57.0,71.0,344.0,-112.0,521.0,196.0
69,14918.0,42525.0,46288.0,53022.0,44848.0,14916.0,3.5313782691955566,,,,,,,,0.045,0.045,0.358,3.6294867992401123,-0.08,-0.04,0.119,0.0,0.0,0.0,,,,,,,,,14915.0,-35.0,2.0,77.0,-1068474361.0,-50.0,70.0,344.0,-294.0,602.0,204.0
70,14928.0,43785.0,46493.0,52407.0,44578.0,14926.0,3.5313782691955566,,,,,,,,0.042,0.042,0.359,3.649121046066284,-0.089,-0.055,0.112,0.0,0.0,0.0,,,,,,,,,14925.0,-34.0,0.0,81.0,-1067426808.0,-35.0,48.0,347.0,-407.0,609.0,200.0
71,14938.0,44705.0,46420.0,51790.0,44653.0,14936.0,3.5313782691955566,,,,,,,,0.04,0.04,0.361,3.665618419647217,-0.095,-0.058,0.109,0.0,0.0,0.0,,,,,,,,,14935.0,-35.0,-2.0,85.0,-1068478455.0,-30.0,34.0,345.0,-412.0,587.0,186.0
72,14948.0,45916.0,46497.0,51037.0,44632.0,14946.0,3.5313782691955566,,,,,,,,0.039,0.039,0.362,3.6835780143737793,-0.097,-0.058,0.109,0.0,0.0,0.0,,,,,,,,,14945.0,-35.0,-2.0,88.0,-1069529078.0,-26.0,33.0,343.0,-346.0,448.0,183.0
73,14958.0,47276.0,48039.0,50077.0,42917.0,14956.0,3.5313782691955566,,,,,,,,0.037,0.037,0.365,3.696472406387329,-0.102,-0.061,0.112,0.0,0.0,0.0,,,,,,,,,14955.0,-43.0,-10.0,92.0,-1068484597.0,-58.0,-10.0,341.0,-221.0,297.0,173.0
74,14968.0,48427.0,47969.0,49048.0,43208.0,14966.0,3.5313782691955566,,,,,,,,0.036,0.036,0.366,3.7098565101623535,-0.104,-0.062,0.113,0.0,0.0,0.0,,,,,,,,,14965.0,-42.0,-10.0,95.0,-1069533173.0,-48.0,-9.0,339.0,-93.0,136.0,154.0
75,14978.0,49470.0,47403.0,47729.0,43674.0,14976.0,3.526099681854248,,,,,,,,0.045,0.045,0.367,3.7227189540863037,-0.082,-0.053,0.113,0.0,0.0,0.0,,,,,,,,,14975.0,-43.0,-9.0,101.0,-1070582772.0,-43.0,-5.0,352.0,14.0,-48.0,138.0
76,14988.0,50236.0,46920.0,46945.0,44373.0,14986.0,3.526099681854248,,,,,,,,0.043,0.043,0.369,3.7362802028656006,-0.085,-0.055,0.111,0.0,0.0,0.0,,,,,,,,,14985.0,-43.0,-9.0,105.0,-1070581748.0,-39.0,-5.0,349.0,97.0,-212.0,131.0
77,14998.0,50238.0,45964.0,46983.0,45653.0,14996.0,3.526099681854248,,,,,,,,0.042,0.042,0.37,3.7500298023223877,-0.086,-0.056,0.111,0.0,0.0,0.0,,,,,,,,,14995.0,-43.0,-9.0,108.0,-1069533171.0,-36.0,-6.0,346.0,141.0,-324.0,111.0
78,15008.0,51322.0,46126.0,45862.0,45837.0,15006.0,3.526099681854248,,,,,,,,0.041,0.041,0.372,3.7630910873413086,-0.087,-0.057,0.111,0.0,0.0,0.0,,,,,,,,,15005.0,-37.0,-9.0,112.0,-1069530099.0,0.0,-5.0,343.0,117.0,-402.0,95.0
79,15018.0,50907.0,46633.0,46795.0,45844.0,15016.0,3.5208210945129395,,,,,,,,0.04,0.04,0.375,3.7757699489593506,-0.086,-0.054,0.116,0.0,0.0,0.0,,,,,,,,,15015.0,-38.0,-12.0,114.0,-1067431922.0,0.0,-22.0,331.0,112.0,-424.0,82.0
80,15028.0,50680.0,46464.0,47161.0,46264.0,15026.0,3.5208210945129395,,,,,,,,0.039,0.039,0.376,3.789222478866577,-0.086,-0.054,0.115,0.0,0.0,0.0,,,,,,,,,15025.0,-38.0,-11.0,117.0,-1067429874.0,7.0,-18.0,327.0,34.0,-361.0,65.0
81,15038.0,49793.0,46735.0,48697.0,46406.0,15036.0,3.5102639198303223,,,,,,,,0.039,0.039,0.377,3.8020143508911133,-0.086,-0.055,0.114,0.0,0.0,0.0,,,,,,,,,15035.0,-37.0,-11.0,120.0,-1067428850.0,14.0,-18.0,323.0,-35.0,-236.0,57.0
82,15048.0,48814.0,47455.0,49899.0,45946.0,15046.0,3.5102639198303223,,,,,,,,0.039,0.039,0.379,3.8153669834136963,-0.083,-0.054,0.113,0.0,0.0,0.0,,,,,,,,,15045.0,-37.0,-11.0,124.0,-1068476402.0,20.0,-18.0,316.0,-114.0,-78.0,55.0
83,15058.0,48204.0,47981.0,50871.0,45666.0,15056.0,3.5049853324890137,,,,,,,,0.039,0.039,0.379,3.828969717025757,-0.081,-0.05,0.104,0.0,0.0,0.0,,,,,,,,,15055.0,-36.0,-9.0,127.0,-1068475378.0,28.0,-11.0,310.0,-189.0,106.0,57.0
84,15068.0,47485.0,48016.0,51384.0,45473.0,15066.0,3.499706745147705,,,,,,,,0.038,0.038,0.38,3.842240571975708,-0.081,-0.05,0.101,0.0,0.0,0.0,,,,,,,,,15065.0,-35.0,-9.0,133.0,-1069523953.0,40.0,-11.0,320.0,-228.0,286.0,65.0
85,15078.0,46601.0,48959.0,52146.0,44592.0,15076.0,3.499706745147705,,,,,,,,0.037,0.037,0.382,3.8552825450897217,-0.08,-0.05,0.099,0.0,0.0,0.0,,,,,,,,,15075.0,-38.0,-9.0,136.0,-1070574577.0,27.0,-11.0,317.0,-256.0,447.0,53.0
86,15088.0,46261.0,49323.0,52600.0,44231.0,15086.0,3.499706745147705,,,,,,,,0.038,0.038,0.383,3.868785858154297,-0.074,-0.048,0.089,0.0,0.0,0.0,,,,,,,,,15085.0,-38.0,-9.0,140.0,-1071625201.0,33.0,-9.0,312.0,-250.0,553.0,59.0
87,15098.0,47286.0,49318.0,52227.0,44390.0,15096.0,3.4944281578063965,,,,,,,,0.038,0.038,0.384,3.8900046348571777,-0.073,-0.047,0.088,0.0,0.0,0.0,,,,,,,,,15095.0,-37.0,-9.0,142.0,-1072675825.0,41.0,-8.0,309.0,-236.0,624.0,65.0
88,15108.0,47254.0,49210.0,52030.0,44128.0,15106.0,3.4944281578063965,,,,,,,,0.038,0.038,0.385,3.903136730194092,-0.072,-0.047,0.085,0.0,0.0,0.0,,,,,,,,,15105.0,-36.0,-8.0,149.0,-536855537.0,48.0,-5.0,320.0,-183.0,589.0,74.0
89,15118.0,48352.0,49101.0,51295.0,44363.0,15116.0,3.4944281578063965,,,,,,,,0.036,0.036,0.388,3.916882276535034,-0.071,-0.046,0.087,0.0,0.0,0.0,,,,,,,,,15115.0,-34.0,-7.0,151.0,-535809008.0,58.0,-2.0,318.0,-97.0,554.0,73.0
90,15128.0,49552.0,48656.0,50441.0,44891.0,15126.0,3.4944281578063965,,,,,,,,0.035,0.035,0.389,3.9309301376342773,-0.071,-0.046,0.086,0.0,0.0,0.0,,,,,,,,,15125.0,-33.0,-7.0,155.0,-535811056.0,63.0,0.0,315.0,-67.0,424.0,83.0
91,15138.0,49683.0,48250.0,50490.0,45767.0,15136.0,3.4944281578063965,,,,,,,,0.034,0.034,0.389,3.9438822269439697,-0.072,-0.043,0.085,0.0,0.0,0.0,,,,,,,,,15135.0,-32.0,-6.0,158.0,-534763504.0,68.0,3.0,313.0,34.0,303.0,71.0
92,15148.0,50354.0,48356.0,49983.0,45718.0,15146.0,3.489149570465088,,,,,,,,0.033,0.033,0.39,3.9565377235412598,-0.069,-0.042,0.078,0.0,0.0,0.0,,,,,,,,,15145.0,-31.0,-6.0,160.0,-535813104.0,72.0,5.0,307.0,61.0,155.0,73.0
93,15158.0,50688.0,47834.0,49728.0,46626.0,15156.0,3.489149570465088,,,,,,,,0.033,0.033,0.391,3.973590135574341,-0.069,-0.042,0.077,0.0,0.0,0.0,,,,,,,,,15155.0,-30.0,-6.0,163.0,-535814127.0,75.0,7.0,305.0,118.0,100.0,44.0
94,15168.0,51258.0,48329.0,49225.0,46516.0,15166.0,3.489149570465088,,,,,,,,0.033,0.033,0.393,3.986690044403076,-0.064,-0.041,0.074,0.0,0.0,0.0,,,,,,,,,15165.0,-28.0,-5.0,166.0,-535814127.0,85.0,11.0,303.0,127.0,24.0,35.0
95,15178.0,50891.0,48035.0,49619.0,47016.0,15176.0,3.4838709831237793,,,,,,,,0.033,0.033,0.394,4.000069618225098,-0.064,-0.04,0.078,0.0,0.0,0.0,,,,,,,,,15175.0,-26.0,-4.0,169.0,-535814127.0,89.0,13.0,302.0,140.0,-9.0,23.0
96,15188.0,51000.0,48458.0,49768.0,46782.0,15186.0,3.4785923957824707,,,,,,,,0.034,0.034,0.395,4.012804985046387,-0.061,-0.035,0.078,0.0,0.0,0.0,,,,,,,,,15185.0,-25.0,-4.0,172.0,-536861679.0,94.0,13.0,301.0,125.0,4.0,20.0
97,15198.0,51000.0,48904.0,50118.0,46737.0,15196.0,3.4785923957824707,,,,,,,,0.032,0.032,0.397,4.026071786880493,-0.061,-0.035,0.074,0.0,0.0,0.0,,,,,,,,,15195.0,-24.0,-4.0,174.0,-1073732591.0,96.0,14.0,290.0,105.0,61.0,15.0
98,15208.0,50366.0,49026.0,50924.0,46729.0,15206.0,3.4785923957824707,,,,,,,,0.034,0.034,0.397,4.039429664611816,-0.057,-0.032,0.072,0.0,0.0,0.0,,,,,,,,,15205.0,-22.0,-3.0,177.0,-1073732591.0,104.0,18.0,287.0,86.0,124.0,14.0
99,15218.0,50323.0,48941.0,51153.0,47186.0,15216.0,3.4785923957824707,,,,,,,,0.033,0.033,0.399,4.052163124084473,-0.057,-0.032,0.076,0.0,0.0,0.0,,,,,,,,,15215.0,-20.0,-2.0,179.0,-1072685039.0,108.0,19.0,284.0,51.0,233.0,11.0
100,15228.0,49428.0,49764.0,52037.0,46371.0,15226.0,3.473313808441162,,,,,,,,0.033,0.033,0.4,4.064601898193359,-0.056,-0.032,0.075,0.0,0.0,0.0,,,,,,,,,15225.0,-19.0,-2.0,182.0,-1072686063.0,111.0,21.0,283.0,9.0,301.0,9.0
101,15238.0,49378.0,49614.0,52133.0,46609.0,15236.0,3.4680352210998535,,,,,,,,0.029,0.029,0.401,4.076950788497925,-0.06,-0.033,0.073,0.0,0.0,0.0,,,,,,,,,15235.0,-18.0,-1.0,186.0,-1072687087.0,113.0,22.0,287.0,-1.0,387.0,0.0
102,15248.0,49162.0,50194.0,52338.0,46072.0,15246.0,3.4680352210998535,,,,,,,,0.029,0.029,0.4,4.090224504470825,-0.06,-0.033,0.063,0.0,0.0,0.0,,,,,,,,,15245.0,-16.0,-1.0,189.0,-1072688111.0,117.0,24.0,286.0,-36.0,462.0,-1.0
103,15258.0,49350.0,49855.0,52379.0,46638.0,15256.0,3.462756633758545,,,,,,,,0.028,0.028,0.401,4.10312032699585,-0.06,-0.033,0.061,0.0,0.0,0.0,,,,,,,,,15255.0,-14.0,0.0,192.0,-1073737711.0,123.0,27.0,284.0,-17.0,495.0,4.0
104,15268.0,49230.0,50208.0,52477.0,46120.0,15266.0,3.462756633758545,,,,,,,,0.027,0.027,0.402,4.1155853271484375,-0.06,-0.034,0.059,0.0,0.0,0.0,,,,,,,,,15265.0,-12.0,0.0,195.0,-1073739759.0,126.0,27.0,283.0,14.0,503.0,5.0
105,15278.0,49873.0,50515.0,51864.0,45691.0,15276.0,3.462756633758545,,,,,,,,0.026,0.026,0.403,4.12903094291687,-0.06,-0.034,0.057,0.0,0.0,0.0,,,,,,,,,15275.0,-11.0,1.0,197.0,-1073741807.0,127.0,29.0,282.0,35.0,483.0,-1.0
106,15288.0,50241.0,49889.0,51398.0,46142.0,15286.0,3.462756633758545,,,,,,,,0.025,0.025,0.404,4.1429243087768555,-0.06,-0.034,0.058,0.0,0.0,0.0,,,,,,,,,15285.0,-9.0,1.0,201.0,-1072166895.0,129.0,30.0,284.0,80.0,467.0,2.0
107,15298.0,50418.0,50035.0,50949.0,45991.0,15296.0,3.462756633758545,,,,,,,,0.033,0.033,0.405,4.155714750289917,-0.042,-0.016,0.057,0.0,0.0,0.0,,,,,,,,,15295.0,-6.0,2.0,203.0,-1072165871.0,133.0,33.0,286.0,150.0,401.0,-4.0
108,15308.0,50793.0,49920.0,50275.0,45798.0,15306.0,3.4680352210998535,,,,,,,,0.033,0.033,0.405,4.168959617614746,-0.041,-0.016,0.056,0.0,0.0,0.0,,,,,,,,,15305.0,-5.0,3.0,206.0,-1072164847.0,133.0,35.0,288.0,203.0,337.0,-17.0
109,15318.0,50486.0,49897.0,50335.0,45753.0,15316.0,3.4680352210998535,,,,,,,,0.032,0.032,0.407,4.182007551193237,-0.041,-0.015,0.06,0.0,0.0,0.0,,,,,,,,,15315.0,-4.0,4.0,209.0,-1071114223.0,132.0,35.0,290.0,228.0,261.0,-24.0
110,15328.0,50250.0,49383.0,49796.0,45471.0,15326.0,3.4680352210998535,,,,,,,,0.032,0.032,0.407,4.194559574127197,-0.041,-0.015,0.059,0.0,0.0,0.0,,,,,,,,,15325.0,-2.0,4.0,215.0,-1070065647.0,133.0,34.0,306.0,234.0,234.0,-23.0
111,15338.0,50249.0,48613.0,49539.0,45953.0,15336.0,3.473313808441162,,,,,,,,0.031,0.031,0.409,4.207010746002197,-0.041,-0.015,0.058,0.0,0.0,0.0,,,,,,,,,15335.0,0.0,4.0,218.0,-1069016047.0,131.0,34.0,307.0,232.0,208.0,-19.0
112,15348.0,50264.0,48286.0,49020.0,45868.0,15346.0,3.4838709831237793,,,,,,,,0.031,0.031,0.409,4.220607042312622,-0.04,-0.014,0.058,0.0,0.0,0.0,,,,,,,,,15345.0,1.0,5.0,221.0,-1069015023.0,134.0,35.0,309.0,154.0,171.0,-25.0
113,15358.0,49583.0,47798.0,49436.0,46037.0,15356.0,3.489149570465088,,,,,,,,0.028,0.028,0.41,4.233506917953491,-0.045,-0.027,0.058,0.0,0.0,0.0,,,,,,,,,15355.0,3.0,6.0,224.0,-1067966447.0,133.0,35.0,310.0,116.0,158.0,-18.0
114,15368.0,48942.0,47430.0,49608.0,45907.0,15366.0,3.489149570465088,,,,,,,,0.026,0.026,0.411,4.2468273639678955,-0.048,-0.03,0.055,0.0,0.0,0.0,,,,,,,,,15365.0,4.0,7.0,228.0,-1067965424.0,131.0,36.0,316.0,67.0,148.0,-20.0
115,15378.0,48801.0,47303.0,49435.0,45607.0,15376.0,3.499706745147705,,,,,,,,0.026,0.026,0.412,4.261999130249023,-0.048,-0.029,0.052,0.0,0.0,0.0,,,,,,,,,15375.0,6.0,7.0,231.0,-1066916848.0,130.0,33.0,317.0,18.0,129.0,-14.0
116,15388.0,48500.0,46984.0,49607.0,45739.0,15386.0,3.499706745147705,,,,,,,,0.025,0.025,0.411,4.274783372879028,-0.047,-0.03,0.042,0.0,0.0,0.0,,,,,,,,,15385.0,8.0,8.0,234.0,-1066915824.0,132.0,34.0,317.0,-17.0,160.0,-15.0
117,15398.0,48239.0,47189.0,49582.0,45231.0,15396.0,3.5049853324890137,,,,,,,,0.025,0.025,0.412,4.288382291793823,-0.047,-0.029,0.041,0.0,0.0,0.0,,,,,,,,,15395.0,10.0,9.0,238.0,-1067964400.0,130.0,35.0,317.0,-50.0,182.0,-18.0
118,15408.0,47670.0,46876.0,49784.0,45406.0,15406.0,3.5049853324890137,,,,,,,,0.025,0.025,0.412,4.301712512969971,-0.047,-0.03,0.04,0.0,0.0,0.0,,,,,,,,,15405.0,12.0,9.0,241.0,-1067963376.0,129.0,33.0,316.0,-50.0,199.0,-18.0
119,15418.0,47439.0,46565.0,49705.0,45426.0,15416.0,3.515542507171631,,,,,,,,0.025,0.025,0.413,4.314757347106934,-0.046,-0.03,0.039,0.0,0.0,0.0,,,,,,,,,15415.0,13.0,10.0,244.0,-1067963376.0,127.0,33.0,316.0,-51.0,217.0,-20.0
120,15428.0,47398.0,47161.0,49672.0,44619.0,15426.0,3.515542507171631,,,,,,,,0.024,0.024,0.414,4.329671621322632,-0.046,-0.031,0.038,0.0,0.0,0.0,,,,,,,,,15425.0,14.0,11.0,247.0,-1067962352.0,122.0,33.0,314.0,-36.0,235.0,-18.0
121,15438.0,48024.0,47189.0,49007.0,44447.0,15436.0,3.515542507171631,,,,,,,,0.025,0.025,0.414,4.342987775802612,-0.042,-0.031,0.035,0.0,0.0,0.0,,,,,,,,,15435.0,17.0,11.0,250.0,-1067961328.0,125.0,32.0,313.0,2.0,240.0,-12.0
122,15448.0,47631.0,47401.0,49286.0,44118.0,15446.0,3.515542507171631,,,,,,,,0.024,0.024,0.414,4.359736442565918,-0.044,-0.031,0.026,0.0,0.0,0.0,,,,,,,,,15445.0,18.0,12.0,254.0,-1067960304.0,121.0,33.0,311.0,41.0,240.0,-10.0
123,15458.0,48353.0,47956.0,48544.0,43397.0,15456.0,3.515542507171631,,,,,,,,0.023,0.023,0.414,4.372772693634033,-0.044,-0.031,0.024,0.0,0.0,0.0,,,,,,,,,15455.0,19.0,13.0,255.0,-1067959280.0,117.0,33.0,301.0,75.0,211.0,-10.0
124,15468.0,48808.0,46973.0,48257.0,44709.0,15466.0,3.515542507171631,,,,,,,,0.022,0.022,0.414,4.386263370513916,-0.044,-0.031,0.022,0.0,0.0,0.0,,,,,,,,,15465.0,20.0,13.0,258.0,-1067959280.0,114.0,31.0,297.0,131.0,180.0,-20.0
125,15478.0,48781.0,48000.0,48266.0,43785.0,15476.0,3.515542507171631,,,,,,,,0.022,0.022,0.414,4.399597883224487,-0.044,-0.031,0.021,0.0,0.0,0.0,,,,,,,,,15475.0,23.0,14.0,261.0,-1067958256.0,114.0,32.0,294.0,143.0,157.0,-23.0
126,15488.0,48537.0,47253.0,48453.0,44579.0,15486.0,3.515542507171631,,,,,,,,0.023,0.023,0.415,4.412356615066528,-0.039,-0.031,0.021,0.0,0.0,0.0,,,,,,,,,15485.0,24.0,14.0,264.0,-1066909680.0,110.0,30.0,291.0,185.0,134.0,-17.0
127,15498.0,48941.0,47574.0,47960.0,44147.0,15496.0,3.515542507171631,,,,,,,,0.023,0.023,0.415,4.429313898086548,-0.039,-0.032,0.021,0.0,0.0,0.0,,,,,,,,,15495.0,25.0,15.0,267.0,-1065860080.0,108.0,29.0,289.0,167.0,125.0,-22.0
128,15508.0,48412.0,47120.0,48632.0,44999.0,15506.0,3.515542507171631,,,,,,,,0.023,0.023,0.414,4.442156076431274,-0.037,-0.024,0.014,0.0,0.0,0.0,,,,,,,,,15505.0,27.0,15.0,269.0,-1065860080.0,104.0,28.0,282.0,155.0,124.0,-32.0
129,15518.0,48301.0,47659.0,48586.0,44355.0,15516.0,3.515542507171631,,,,,,,,0.023,0.023,0.414,4.458388328552246,-0.038,-0.024,0.014,0.0,0.0,0.0,,,,,,,,,15515.0,28.0,16.0,272.0,-1064810481.0,100.0,26.0,278.0,126.0,110.0,-43.0
130,15528.0,48401.0,47647.0,48602.0,44655.0,15526.0,3.515542507171631,,,,,,,,0.022,0.022,0.414,4.4710164070129395,-0.039,-0.021,0.013,0.0,0.0,0.0,,,,,,,,,15525.0,30.0,17.0,275.0,-1064810481.0,98.0,28.0,275.0,97.0,113.0,-43.0
131,15538.0,48153.0,47477.0,48721.0,44670.0,15536.0,3.5102639198303223,,,,,,,,0.021,0.021,0.416,4.48435640335083,-0.04,-0.02,0.023,0.0,0.0,0.0,,,,,,,,,15535.0,31.0,17.0,278.0,-1064810481.0,94.0,25.0,273.0,71.0,126.0,-44.0
132,15548.0,48052.0,47785.0,48709.0,44228.0,15546.0,3.515542507171631,,,,,,,,0.023,0.023,0.417,4.501155614852905,-0.035,-0.022,0.024,0.0,0.0,0.0,,,,,,,,,15545.0,33.0,17.0,279.0,-1063760881.0,92.0,23.0,263.0,48.0,110.0,-44.0
133,15558.0,48190.0,48132.0,48962.0,44301.0,15556.0,3.5102639198303223,,,,,,,,0.023,0.023,0.417,4.514055490493774,-0.036,-0.022,0.024,0.0,0.0,0.0,,,,,,,,,15555.0,33.0,18.0,282.0,-1063760881.0,87.0,22.0,258.0,38.0,99.0,-43.0
134,15568.0,48098.0,47479.0,49058.0,45137.0,15566.0,3.5102639198303223,,,,,,,,0.022,0.022,0.419,4.526556968688965,-0.036,-0.024,0.031,0.0,0.0,0.0,,,,,,,,,15565.0,35.0,19.0,284.0,-1063760881.0,84.0,23.0,252.0,53.0,98.0,-43.0
135,15578.0,48645.0,47218.0,48675.0,45629.0,15576.0,3.5102639198303223,,,,,,,,0.022,0.022,0.419,4.539865970611572,-0.037,-0.021,0.031,0.0,0.0,0.0,,,,,,,,,15575.0,36.0,20.0,287.0,-1063759858.0,79.0,21.0,248.0,64.0,104.0,-49.0
136,15588.0,48995.0,47867.0,48246.0,45057.0,15586.0,3.5049853324890137,,,,,,,,0.022,0.022,0.419,4.552855968475342,-0.037,-0.021,0.031,0.0,0.0,0.0,,,,,,,,,15585.0,37.0,20.0,289.0,-1063759858.0,75.0,19.0,244.0,58.0,105.0,-55.0
137,15598.0,48974.0,47996.0,48141.0,44948.0,15596.0,3.5049853324890137,,,,,,,,0.021,0.021,0.419,4.566374778747559,-0.039,-0.022,0.029,0.0,0.0,0.0,,,,,,,,,15595.0,39.0,20.0,292.0,-1063759858.0,73.0,17.0,241.0,48.0,85.0,-59.0
138,15608.0,48551.0,47913.0,48596.0,45038.0,15606.0,3.5049853324890137,,,,,,,,0.021,0.021,0.42,4.579642295837402,-0.038,-0.021,0.029,0.0,0.0,0.0,,,,,,,,,15605.0,39.0,21.0,294.0,-1062711282.0,68.0,15.0,237.0,43.0,86.0,-53.0
139,15618.0,48366.0,48124.0,48906.0,45044.0,15616.0,3.499706745147705,,,,,,,,0.019,0.019,0.42,4.593006610870361,-0.041,-0.021,0.03,0.0,0.0,0.0,,,,,,,,,15615.0,41.0,22.0,297.0,-1062710258.0,65.0,16.0,233.0,43.0,73.0,-60.0
140,15628.0,48588.0,48734.0,48767.0,44325.0,15626.0,3.499706745147705,,,,,,,,0.018,0.018,0.421,4.605464458465576,-0.043,-0.019,0.031,0.0,0.0,0.0,,,,,,,,,15625.0,42.0,23.0,299.0,-1062710259.0,60.0,16.0,227.0,35.0,61.0,-54.0
141,15638.0,48306.0,47982.0,48952.0,45253.0,15636.0,3.499706745147705,,,,,,,,0.019,0.019,0.421,4.618712663650513,-0.041,-0.018,0.029,0.0,0.0,0.0,,,,,,,,,15635.0,43.0,23.0,302.0,-1062710259.0,56.0,12.0,225.0,35.0,41.0,-54.0
142,15648.0,48645.0,48795.0,48536.0,44490.0,15646.0,3.499706745147705,,,,,,,,0.019,0.019,0.422,4.631738185882568,-0.041,-0.017,0.029,0.0,0.0,0.0,,,,,,,,,15645.0,43.0,23.0,304.0,-1062710259.0,51.0,10.0,221.0,68.0,60.0,-66.0
143,15658.0,48535.0,48233.0,48761.0,45309.0,15656.0,3.4944281578063965,,,,,,,,0.017,0.017,0.422,4.644293785095215,-0.047,-0.015,0.028,0.0,0.0,0.0,,,,,,,,,15655.0,45.0,24.0,306.0,-1062710259.0,50.0,10.0,218.0,83.0,27.0,-65.0
144,15668.0,48586.0,48975.0,48698.0,44540.0,15666.0,3.4944281578063965,,,,,,,,0.016,0.016,0.422,4.662282228469849,-0.047,-0.015,0.026,0.0,0.0,0.0,,,,,,,,,15665.0,45.0,24.0,308.0,-1062710259.0,43.0,7.0,215.0,43.0,12.0,-67.0
145,15678.0,48309.0,48154.0,48828.0,45411.0,15676.0,3.4944281578063965,,,,,,,,0.015,0.015,0.423,4.674859285354614,-0.049,-0.015,0.025,0.0,0.0,0.0,,,,,,,,,15675.0,46.0,26.0,311.0,-1061661684.0,39.0,8.0,217.0,94.0,19.0,-69.0
146,15688.0,48580.0,48893.0,48429.0,44469.0,15686.0,3.4944281578063965,,,,,,,,0.015,0.015,0.423,4.6881139278411865,-0.049,-0.015,0.024,0.0,0.0,0.0,,,,,,,,,15685.0,47.0,25.0,313.0,-1061661684.0,35.0,4.0,215.0,86.0,26.0,-67.0
147,15698.0,48434.0,49092.0,48610.0,44138.0,15696.0,3.4944281578063965,,,,,,,,0.014,0.014,0.424,4.701960563659668,-0.05,-0.014,0.03,0.0,0.0,0.0,,,,,,,,,15695.0,48.0,25.0,315.0,-1061661684.0,29.0,1.0,211.0,47.0,10.0,-64.0
148,15708.0,47965.0,48111.0,48957.0,45133.0,15706.0,3.4944281578063965,,,,,,,,0.014,0.014,0.425,4.716777801513672,-0.05,-0.012,0.03,0.0,0.0,0.0,,,,,,,,,15705.0,48.0,27.0,317.0,-1061661684.0,26.0,2.0,207.0,30.0,-10.0,-53.0
149,15718.0,48464.0,48107.0,48443.0,45227.0,15716.0,3.499706745147705,,,,,,,,0.014,0.014,0.426,4.734934329986572,-0.05,-0.01,0.028,0.0,0.0,0.0,,,,,,,,,15715.0,49.0,27.0,319.0,-1061661685.0,20.0,0.0,203.0,30.0,0.0,-57.0
150,15728.0,48244.0,47927.0,48503.0,45002.0,15726.0,3.499706745147705,,,,,,,,0.013,0.013,0.427,4.7576375007629395,-0.049,-0.007,0.025,0.0,0.0,0.0,,,,,,,,,15725.0,48.0,27.0,323.0,-1061661685.0,13.0,-1.0,206.0,8.0,-40.0,-45.0
151,15738.0,48474.0,47817.0,48357.0,45128.0,15736.0,3.499706745147705,,,,,,,,0.013,0.013,0.429,4.852537155151367,-0.047,-0.003,0.034,0.0,0.0,0.0,,,,,,,,,15735.0,49.0,27.0,325.0,-1061661685.0,10.0,-4.0,201.0,-20.0,-56.0,-35.0
152,15748.0,48017.0,48043.0,48765.0,45028.0,15746.0,3.499706745147705,,,,,,,,0.011,0.011,0.431,4.879514694213867,-0.046,0.001,0.032,0.0,0.0,0.0,,,,,,,,,15745.0,49.0,28.0,327.0,-1061661685.0,4.0,-6.0,197.0,-14.0,-66.0,-38.0
153,15758.0,48141.0,47507.0,48799.0,45565.0,15756.0,3.499706745147705,,,,,,,,0.009,0.009,0.429,4.900878190994263,-0.047,0.002,0.012,0.0,0.0,0.0,,,,,,,,,15755.0,49.0,28.0,329.0,-1061661685.0,-1.0,-9.0,194.0,-37.0,-69.0,-35.0
154,15768.0,48521.0,47862.0,48484.0,45003.0,15766.0,3.499706745147705,,,,,,,,0.009,0.009,0.429,4.921900272369385,-0.044,0.003,0.007,0.0,0.0,0.0,,,,,,,,,15765.0,49.0,28.0,330.0,-1061662709.0,-6.0,-12.0,187.0,-83.0,-93.0,-19.0
155,15778.0,48285.0,47847.0,48903.0,45266.0,15776.0,3.499706745147705,,,,,,,,0.005,0.005,0.428,4.943448066711426,-0.047,0.006,0.0,0.0,0.0,0.0,,,,,,,,,15775.0,52.0,32.0,332.0,-1062711285.0,-3.0,-4.0,184.0,-14.0,-103.0,-19.0
156,15788.0,48514.0,47395.0,48777.0,45684.0,15786.0,3.499706745147705,,,,,,,,0.004,0.004,0.43,4.966712713241577,-0.046,0.009,0.005,0.0,0.0,0.0,,,,,,,,,15785.0,52.0,32.0,334.0,-1062712309.0,-9.0,-6.0,180.0,-57.0,-100.0,-11.0
157,15798.0,48476.0,48028.0,48916.0,44936.0,15796.0,3.499706745147705,,,,,,,,0.003,0.003,0.431,4.988074541091919,-0.043,0.008,0.008,0.0,0.0,0.0,,,,,,,,,15795.0,52.0,31.0,335.0,-1062712309.0,-13.0,-10.0,176.0,-51.0,-111.0,0.0
158,15808.0,48362.0,47986.0,49086.0,45093.0,15806.0,3.499706745147705,,,,,,,,0.001495027542114258,0.0,0.4,5.010678768157959,0.14,0.0,0.0,0.7315485082626343,-0.0356,-0.04129999999999999,,,,,,,,,15805.0,52.0,31.0,337.0,-1062712309.0,-18.0,-13.0,172.0,-43.0,-70.0,-6.0
159,15818.0,47902.0,47781.0,49575.0,45375.0,15816.0,3.499706745147705,,,,,,,,0.004187378883361816,0.0,0.4,5.02990984916687,0.14,0.0,0.0,0.7120562136650086,-0.0356,-0.04529999999999999,,,,,,,,,15815.0,52.0,31.0,339.0,-1062713333.0,-23.0,-15.0,168.0,-54.0,-59.0,-1.0
160,15828.0,49027.0,47758.0,48775.0,45450.0,15826.0,3.499706745147705,,,,,,,,0.006174807548522949,0.0,0.4,5.044105768203735,0.14,0.0,0.0,0.708952442264557,-0.0356,-0.0493,,,,,,,,,15825.0,52.0,36.0,340.0,-1063761909.0,-26.0,-6.0,165.0,-69.0,-92.0,7.0
161,15838.0,48575.0,48042.0,49231.0,45186.0,15836.0,3.4944281578063965,,,,,,,,0.008565082550048828,0.0,0.4,5.061179161071777,0.14,0.0,0.0,0.7059695247650147,-0.0316,-0.03729999999999999,,,,,,,,,15835.0,52.0,35.0,342.0,-1063761909.0,-30.0,-10.0,160.0,-24.0,-85.0,8.0
162,15848.0,48882.0,47595.0,49238.0,45829.0,15846.0,3.4944281578063965,,,,,,,,0.010296630859375,0.0,0.4,5.07354736328125,0.14,0.0,0.0,0.7024889892578126,-0.0316,-0.033299999999999996,,,,,,,,,15845.0,52.0,34.0,344.0,-1063762933.0,-34.0,-13.0,155.0,-27.0,-83.0,15.0
163,15858.0,49451.0,48451.0,49236.0,45134.0,15856.0,3.489149570465088,,,,,,,,0.012065062522888184,0.0,0.4,5.08617901802063,0.14,0.0,0.0,0.6827195187568665,-0.0399,-0.025299999999999993,,,,,,,,,15855.0,52.0,35.0,344.0,-1063762933.0,-37.0,-14.0,144.0,2.0,-120.0,33.0
164,15868.0,49770.0,48494.0,49028.0,45045.0,15866.0,3.489149570465088,,,,,,,,0.01385155200958252,0.0,0.4,5.098939657211304,0.14,0.0,0.0,0.6838554656028748,-0.0359,-0.013299999999999992,,,,,,,,,15865.0,52.0,35.0,345.0,-1063762933.0,-40.0,-15.0,141.0,55.0,-101.0,37.0
165,15878.0,49959.0,48126.0,49217.0,45746.0,15876.0,3.489149570465088,,,,,,,,0.015581865310668946,0.0,0.4,5.11129903793335,0.14,0.0,0.0,0.6723745595932007,-0.0442,-0.009299999999999992,,,,,,,,,15875.0,52.0,33.0,347.0,-1063763957.0,-43.0,-22.0,138.0,53.0,-160.0,45.0
166,15888.0,49639.0,48319.0,49602.0,45543.0,15886.0,3.4785923957824707,,,,,,,,0.017337846755981445,0.0,0.4,5.123841762542725,0.14,0.0,0.0,0.6646013540267944,-0.0399,-0.0012999999999999921,,,,,,,,,15885.0,52.0,35.0,348.0,-1063763957.0,-46.0,-20.0,137.0,54.0,-156.0,40.0
167,15898.0,49526.0,48615.0,49726.0,45201.0,15896.0,3.4785923957824707,,,,,,,,0.018968992233276367,0.0,0.4,5.13549280166626,0.14,0.0,0.0,0.6696906976699829,-0.0442,0.010700000000000008,,,,,,,,,15895.0,51.0,33.0,349.0,-1063764981.0,-53.0,-27.0,132.0,26.0,-147.0,37.0
168,15908.0,49172.0,48064.0,50210.0,45900.0,15906.0,3.4785923957824707,,,,,,,,0.020717363357543945,0.0,0.4,5.1479811668396,0.14,0.0,0.0,0.6582152090072632,-0.0442,0.03470000000000001,,,,,,,,,15905.0,50.0,33.0,350.0,-1063764981.0,-57.0,-29.0,130.0,-1.0,-140.0,44.0
169,15918.0,49234.0,48389.0,50159.0,45585.0,15916.0,3.4785923957824707,,,,,,,,0.022605023384094237,0.0,0.4,5.16146445274353,0.14,0.0,0.0,0.6507815070152283,-0.0442,0.043000000000000003,,,,,,,,,15915.0,46.0,32.0,351.0,-1063766004.0,-69.0,-32.0,128.0,-66.0,-148.0,36.0
170,15928.0,49573.0,47882.0,49905.0,46115.0,15926.0,3.4785923957824707,,,,,,,,0.02435129165649414,0.0,0.4,5.173937797546387,0.14,0.0,0.0,0.6433053874969482,-0.0442,0.063,,,,,,,,,15925.0,47.0,32.0,353.0,-1063766004.0,-69.0,-34.0,125.0,-122.0,-149.0,38.0
171,15938.0,49392.0,47778.0,50318.0,46366.0,15936.0,3.4785923957824707,,,,,,,,0.026008305549621583,0.0,0.4,5.185773611068726,0.14,0.0,0.0,0.6358024916648866,-0.0445,0.083,,,,,,,,,15935.0,50.0,32.0,354.0,-1063767028.0,-63.0,-35.0,122.0,-150.0,-160.0,45.0
172,15948.0,49231.0,47490.0,50437.0,46422.0,15946.0,3.473313808441162,,,,,,,,0.027725133895874023,0.0,0.4,5.1980366706848145,0.14,0.0,0.0,0.6003175401687623,-0.040499999999999994,0.13130000000000003,,,,,,,,,15945.0,46.0,33.0,355.0,-1064815604.0,-76.0,-36.0,121.0,-160.0,-163.0,49.0
173,15958.0,49288.0,47758.0,50602.0,46236.0,15956.0,3.4785923957824707,,,,,,,,0.029387922286987306,0.0,0.4,5.209913730621338,0.14,0.0,0.0,0.5928163766860962,-0.0362,0.14730000000000001,,,,,,,,,15955.0,46.0,32.0,356.0,-1065865204.0,-77.0,-39.0,120.0,-166.0,-159.0,55.0
174,15968.0,49091.0,47410.0,50876.0,46461.0,15966.0,3.473313808441162,,,,,,,,0.031157755851745607,0.0,0.4,5.22255539894104,0.14,0.0,0.0,0.5813473267555237,-0.036500000000000005,0.1636,,,,,,,,,15965.0,45.0,32.0,358.0,-1065866228.0,-80.0,-40.0,119.0,-182.0,-168.0,61.0
175,15978.0,49674.0,47776.0,50314.0,46012.0,15976.0,3.473313808441162,,,,,,,,0.03346842288970947,0.0,0.4,5.239060163497925,0.14,0.0,0.0,0.5660405268669129,-0.0325,0.2162,,,,,,,,,15975.0,45.0,32.0,359.0,-1066914803.0,-83.0,-42.0,120.0,-167.0,-159.0,60.0
176,15988.0,49659.0,47921.0,50307.0,45746.0,15986.0,3.473313808441162,,,,,,,,0.035260586738586425,0.0,0.4,5.251861333847046,0.14,0.0,0.0,0.554578176021576,-0.0325,0.2322,,,,,,,,,15985.0,42.0,26.0,359.0,-1066915827.0,-89.0,-55.0,112.0,-142.0,-157.0,62.0
177,15998.0,50246.0,48674.0,49951.0,45334.0,15996.0,3.473313808441162,,,,,,,,0.03694036483764648,0.0,0.4,5.263859748840332,0.14,0.0,0.0,0.543082109451294,-0.0285,0.24850000000000003,,,,,,,,,15995.0,40.0,26.0,360.0,-1067964403.0,-94.0,-56.0,110.0,-106.0,-178.0,50.0
178,16008.0,49938.0,48426.0,50400.0,45776.0,16006.0,3.473313808441162,,,,,,,,0.03874394416809082,0.0,0.4,5.276742458343506,0.14,0.0,0.0,0.5316231832504272,-0.0285,0.2565,,,,,,,,,16005.0,40.0,25.0,361.0,-1067965427.0,-95.0,-58.0,109.0,-61.0,-190.0,42.0
179,16018.0,50032.0,48812.0,50391.0,45242.0,16016.0,3.4680352210998535,,,,,,,,0.040614013671875,0.0,0.4,5.29010009765625,0.14,0.0,0.0,0.5244842041015625,-0.0577,0.27709999999999996,,,,,,,,,16015.0,39.0,25.0,362.0,-1067966451.0,-97.0,-58.0,109.0,-52.0,-201.0,53.0
180,16028.0,50324.0,48214.0,50009.0,45961.0,16026.0,3.4680352210998535,,,,,,,,0.042400970458984374,0.0,0.4,5.302864074707031,0.14,0.0,0.0,0.5090202911376953,-0.053700000000000005,0.28109999999999996,,,,,,,,,16025.0,38.0,24.0,363.0,-1067966450.0,-100.0,-60.0,109.0,-27.0,-215.0,36.0
181,16038.0,50737.0,48259.0,49447.0,45688.0,16036.0,3.4680352210998535,,,,,,,,0.04408281803131103,0.0,0.4,5.314877271652222,0.14,0.0,0.0,0.49752484540939335,-0.053700000000000005,0.2691,,,,,,,,,16035.0,37.0,24.0,365.0,-1069016050.0,-102.0,-61.0,112.0,-28.0,-227.0,41.0
182,16048.0,50415.0,48255.0,49727.0,45659.0,16046.0,3.4680352210998535,,,,,,,,0.04593960285186768,0.0,0.4,5.328140020370483,0.14,0.0,0.0,0.4697818808555604,-0.054,0.2857,,,,,,,,,16045.0,36.0,23.0,366.0,-1069017074.0,-104.0,-62.0,113.0,-49.0,-253.0,36.0
183,16058.0,50230.0,47255.0,49895.0,46609.0,16056.0,3.4680352210998535,,,,,,,,0.04766417503356934,0.0,0.4,5.340458393096924,0.14,0.0,0.0,0.45829925251007086,-0.054,0.2977,,,,,,,,,16055.0,45.0,27.0,367.0,-1069019122.0,-82.0,-53.0,113.0,-67.0,-266.0,37.0
184,16068.0,50285.0,47481.0,49817.0,46271.0,16066.0,3.4680352210998535,,,,,,,,0.04929725646972656,0.0,0.4,5.352123260498047,0.14,0.0,0.0,0.442789176940918,-0.054,0.306,,,,,,,,,16065.0,43.0,26.0,368.0,-1069020146.0,-86.0,-55.0,112.0,-68.0,-257.0,34.0
185,16078.0,49975.0,47530.0,49976.0,46019.0,16076.0,3.4680352210998535,,,,,,,,0.050910477638244626,0.0,0.4,5.3636462688446045,0.14,0.0,0.0,0.40237314329147345,0.029,0.3306,,,,,,,,,16075.0,43.0,26.0,369.0,-1070068722.0,-85.0,-55.0,111.0,-82.0,-203.0,39.0
186,16088.0,49763.0,47871.0,50245.0,45574.0,16086.0,3.473313808441162,,,,,,,,0.05256575584411621,0.0,0.4,5.37546968460083,0.14,0.0,0.0,0.3865697267532349,0.029,0.3309,,,,,,,,,16085.0,42.0,25.0,370.0,-1070069746.0,-86.0,-56.0,111.0,-92.0,-150.0,38.0
187,16098.0,49768.0,48112.0,50133.0,45345.0,16096.0,3.473313808441162,,,,,,,,0.05432290554046631,0.0,0.4,5.388020753860474,0.14,0.0,0.0,0.35479687166213997,0.032999999999999995,0.3315,,,,,,,,,16095.0,41.0,25.0,372.0,-1070070769.0,-87.0,-57.0,111.0,-72.0,-102.0,33.0
188,16108.0,49718.0,47759.0,50226.0,45565.0,16106.0,3.473313808441162,,,,,,,,0.05604640960693359,0.0,0.4,5.400331497192383,0.14,0.0,0.0,0.35161392288208015,0.037,0.30720000000000003,,,,,,,,,16105.0,41.0,26.0,373.0,-1071119345.0,-85.0,-53.0,110.0,-79.0,-49.0,35.0
189,16118.0,49868.0,48147.0,50174.0,45338.0,16116.0,3.473313808441162,,,,,,,,0.05777008056640625,0.0,0.4,5.4126434326171875,0.14,0.0,0.0,0.33213102416992196,0.040999999999999995,0.3035,,,,,,,,,16115.0,40.0,26.0,375.0,-1071119345.0,-86.0,-54.0,116.0,-76.0,-3.0,30.0
190,16128.0,49109.0,48007.0,50476.0,45019.0,16126.0,3.4680352210998535,,,,,,,,0.05942849636077881,0.0,0.4,5.424489259719849,0.14,0.0,0.0,0.32062854890823367,0.0287,0.2958,,,,,,,,,16125.0,39.0,25.0,376.0,-1071119345.0,-86.0,-54.0,115.0,-61.0,11.0,21.0
191,16138.0,48821.0,48315.0,50772.0,44533.0,16136.0,3.473313808441162,,,,,,,,0.061159310340881345,0.0,0.4,5.436852216720581,0.14,0.0,0.0,0.27654779310226446,0.0327,0.3044,,,,,,,,,16135.0,39.0,25.0,377.0,-1072167921.0,-86.0,-55.0,114.0,-37.0,19.0,27.0
192,16148.0,49213.0,47967.0,50261.0,44757.0,16146.0,3.473313808441162,,,,,,,,0.06280807971954346,0.0,0.4,5.448629140853882,0.14,0.0,0.0,0.2773424239158631,0.0327,0.2967,,,,,,,,,16145.0,39.0,25.0,378.0,-1072167921.0,-82.0,-54.0,114.0,-39.0,21.0,28.0
193,16158.0,49248.0,47495.0,50226.0,45189.0,16156.0,3.4785923957824707,,,,,,,,0.06447310447692871,0.0,0.4,5.460522174835205,0.14,0.0,0.0,0.2575419313430787,0.0367,0.293,,,,,,,,,16155.0,39.0,24.0,379.0,-1072167921.0,-83.0,-54.0,113.0,-30.0,8.0,31.0
194,16168.0,49594.0,47406.0,50198.0,45480.0,16166.0,3.4785923957824707,,,,,,,,0.06611543178558349,0.0,0.4,5.472253084182739,0.14,0.0,0.0,0.2417346295356751,0.0367,0.289,,,,,,,,,16165.0,39.0,26.0,379.0,-1072167921.0,-81.0,-50.0,104.0,-36.0,-13.0,37.0
195,16178.0,49642.0,47654.0,50158.0,45307.0,16176.0,3.4785923957824707,,,,,,,,0.06775442123413086,0.0,0.4,5.483960151672363,0.14,0.0,0.0,0.23452632637023935,0.0324,0.27730000000000005,,,,,,,,,16175.0,38.0,25.0,380.0,-1072167921.0,-81.0,-50.0,101.0,-41.0,-54.0,29.0
196,16188.0,50136.0,47387.0,49704.0,45659.0,16186.0,3.4785923957824707,,,,,,,,0.06939097404479981,0.0,0.4,5.495649814605713,0.14,0.0,0.0,0.21471729221344002,0.0324,0.2696,,,,,,,,,16185.0,38.0,25.0,381.0,-1073217520.0,-79.0,-50.0,100.0,-44.0,-81.0,27.0
197,16198.0,49692.0,47120.0,50129.0,45954.0,16196.0,3.4785923957824707,,,,,,,,0.07113927841186524,0.0,0.4,5.5081377029418945,0.14,0.0,0.0,0.19524178352355961,0.0327,0.2499,,,,,,,,,16195.0,37.0,24.0,382.0,-1073217520.0,-80.0,-50.0,99.0,-59.0,-88.0,24.0
198,16208.0,50039.0,47164.0,49649.0,46075.0,16206.0,3.4785923957824707,,,,,,,,0.07295210361480713,0.0,0.4,5.5210864543914795,0.14,0.0,0.0,0.17948563108444218,0.0327,0.2382,,,,,,,,,16205.0,39.0,25.0,382.0,-1073741808.0,-73.0,-48.0,91.0,-52.0,-105.0,6.0
199,16218.0,49862.0,47405.0,50162.0,46048.0,16216.0,3.4785923957824707,,,,,,,,0.07475711822509766,0.0,0.4,5.533979415893555,0.14,0.0,0.0,0.16372713546752937,0.0327,0.2142,,,,,,,,,16215.0,38.0,25.0,383.0,-536869872.0,-74.0,-48.0,89.0,-43.0,-95.0,9.0
200,16228.0,49974.0,47516.0,50058.0,45955.0,16226.0,3.4785923957824707,,,,,,,,0.07670062065124511,0.0,0.4,5.547861576080322,0.14,0.0,0.0,0.13171018619537359,0.0327,0.1865,,,,,,,,,16225.0,38.0,24.0,384.0,-536869872.0,-73.0,-47.0,88.0,-41.0,-74.0,11.0
201,16238.0,50007.0,47942.0,50149.0,45727.0,16236.0,3.4785923957824707,,,,,,,,0.07848617553710938,0.0,0.4,5.560615539550781,0.14,0.0,0.0,0.11194585266113284,0.0327,0.17049999999999998,,,,,,,,,16235.0,38.0,24.0,385.0,-536869872.0,-72.0,-47.0,85.0,-3.0,-63.0,4.0
202,16248.0,49952.0,48296.0,50386.0,45536.0,16246.0,3.473313808441162,,,,,,,,0.08047760963439941,0.0,0.4,5.574840068817139,0.14,0.0,0.0,0.09594328289031989,0.0327,0.1548,,,,,,,,,16245.0,37.0,24.0,386.0,-536868848.0,-71.0,-46.0,83.0,11.0,-9.0,-2.0
203,16258.0,49377.0,48181.0,50507.0,45418.0,16256.0,3.4680352210998535,,,,,,,,0.08225752353668213,0.0,0.4,5.5875537395477295,0.14,0.0,0.0,0.047577257061004664,0.0367,0.10679999999999999,,,,,,,,,16255.0,36.0,23.0,388.0,-536868848.0,-71.0,-46.0,87.0,15.0,13.0,-14.0
204,16268.0,49834.0,48419.0,50220.0,45361.0,16266.0,3.473313808441162,,,,,,,,0.0840519905090332,0.0,0.4,5.600371360778809,0.14,0.0,0.0,0.056415597152709995,0.0201,0.0948,,,,,,,,,16265.0,35.0,23.0,389.0,-536868848.0,-71.0,-46.0,86.0,27.0,30.0,-15.0
205,16278.0,49538.0,48435.0,50529.0,45302.0,16276.0,3.4680352210998535,,,,,,,,0.08579575538635253,0.0,0.4,5.612826824188232,0.14,0.0,0.0,0.040338726615905776,0.0201,0.0828,,,,,,,,,16275.0,34.0,24.0,389.0,-536869872.0,-72.0,-43.0,85.0,4.0,59.0,-14.0
206,16288.0,49225.0,48419.0,50838.0,45267.0,16286.0,3.4680352210998535,,,,,,,,0.08747716903686524,0.0,0.4,5.6248369216918945,0.14,0.0,0.0,0.02454315071105958,0.0201,0.07079999999999999,,,,,,,,,16285.0,34.0,24.0,390.0,-536869872.0,-70.0,-42.0,83.0,-11.0,76.0,-10.0
207,16298.0,49440.0,48522.0,50712.0,45516.0,16296.0,3.4680352210998535,,,,,,,,0.08927584171295166,0.0,0.4,5.63768458366394,0.14,0.0,0.0,0.04998275251388552,0.0201,0.0428,,,,,,,,,16295.0,33.0,23.0,390.0,-536869872.0,-69.0,-42.0,78.0,2.0,79.0,-20.0
208,16308.0,49573.0,48547.0,50687.0,45382.0,16306.0,3.4680352210998535,,,,,,,,0.09107371330261231,0.0,0.4,5.650526523590088,0.14,0.0,0.0,0.03822211399078371,0.0161,0.0311,,,,,,,,,16305.0,33.0,23.0,391.0,-536869872.0,-69.0,-42.0,77.0,-3.0,67.0,-10.0
209,16318.0,49563.0,48551.0,50788.0,45646.0,16316.0,3.4680352210998535,,,,,,,,0.09276767730712891,0.0,0.4,5.662626266479492,0.14,0.0,0.0,-0.002469696807861233,0.0078,0.0311,,,,,,,,,16315.0,34.0,23.0,392.0,-536869873.0,-64.0,-41.0,75.0,-7.0,47.0,-19.0
210,16328.0,49970.0,47972.0,50369.0,46365.0,16326.0,3.462756633758545,,,,,,,,0.09447095394134522,0.0,0.4,5.674792528152466,0.14,0.0,0.0,-0.01825871381759635,0.0118,0.011099999999999999,,,,,,,,,16325.0,33.0,22.0,393.0,-536870897.0,-64.0,-41.0,74.0,-15.0,25.0,-23.0
211,16338.0,49886.0,47953.0,50409.0,46467.0,16336.0,3.462756633758545,,,,,,,,0.09635414123535156,0.0,0.4,5.688243865966797,0.14,0.0,0.0,-0.04659375762939448,0.0118,-0.016900000000000002,,,,,,,,,16335.0,33.0,22.0,394.0,-536870897.0,-64.0,-40.0,78.0,-6.0,12.0,-27.0
212,16348.0,49717.0,47703.0,50465.0,46438.0,16346.0,3.462756633758545,,,,,,,,0.09808165073394776,0.0,0.4,5.700583219528198,0.14,0.0,0.0,-0.06267550477981564,0.0158,-0.0329,,,,,,,,,16345.0,34.0,24.0,395.0,-535822321.0,-61.0,-35.0,78.0,-16.0,7.0,-22.0
213,16358.0,49842.0,47798.0,50345.0,46278.0,16356.0,3.462756633758545,,,,,,,,0.09977030754089355,0.0,0.4,5.712645053863525,0.14,0.0,0.0,-0.05386890773773188,0.0075,-0.052899999999999996,,,,,,,,,16355.0,33.0,24.0,396.0,-535822321.0,-61.0,-35.0,76.0,-2.0,-5.0,-15.0
214,16368.0,50020.0,48225.0,50208.0,45817.0,16366.0,3.462756633758545,,,,,,,,0.10153333187103271,0.0,0.4,5.725238084793091,0.14,0.0,0.0,-0.06164000043869015,0.0158,-0.07289999999999999,,,,,,,,,16365.0,32.0,23.0,397.0,-535822321.0,-61.0,-35.0,74.0,0.0,-20.0,-19.0
215,16378.0,50181.0,48165.0,50096.0,45917.0,16376.0,3.462756633758545,,,,,,,,0.10335857391357423,0.0,0.4,5.738275527954102,0.14,0.0,0.0,-0.10659242782592762,0.0115,-0.1052,,,,,,,,,16375.0,34.0,24.0,397.0,-535821297.0,-57.0,-32.0,72.0,39.0,-21.0,-22.0
216,16388.0,49795.0,48013.0,50164.0,46061.0,16386.0,3.462756633758545,,,,,,,,0.10539199829101563,0.0,0.4,5.752799987792969,0.14,0.0,0.0,-0.11858240051269521,0.0115,-0.1375,,,,,,,,,16385.0,33.0,24.0,399.0,-535821297.0,-57.0,-32.0,76.0,65.0,-4.0,-28.0
217,16398.0,50368.0,48390.0,49657.0,45567.0,16396.0,3.462756633758545,,,,,,,,0.10706223011016845,0.0,0.4,5.764730215072632,0.14,0.0,0.0,-0.13038133096694937,0.0115,-0.1455,,,,,,,,,16395.0,33.0,24.0,400.0,-535821297.0,-56.0,-32.0,75.0,74.0,9.0,-25.0
218,16408.0,50056.0,48660.0,49890.0,44998.0,16406.0,3.462756633758545,,,,,,,,0.10883079528808594,0.0,0.4,5.777362823486328,0.14,0.0,0.0,-0.15075076141357413,0.0072,-0.1618,,,,,,,,,16405.0,30.0,22.0,400.0,-536869873.0,-60.0,-33.0,74.0,92.0,35.0,-16.0
219,16418.0,49695.0,48688.0,50282.0,44917.0,16416.0,3.4680352210998535,,,,,,,,0.11062045574188233,0.0,0.4,5.790146112442017,0.14,0.0,0.0,-0.15881386327743524,0.0072,-0.1658,,,,,,,,,16415.0,29.0,22.0,401.0,-1073741809.0,-60.0,-33.0,73.0,87.0,40.0,-10.0
220,16428.0,49422.0,48321.0,50526.0,45382.0,16426.0,3.4680352210998535,,,,,,,,0.11235106945037841,0.0,0.4,5.802507638931274,0.14,0.0,0.0,-0.17489467916488644,0.0072,-0.17409999999999998,,,,,,,,,16425.0,29.0,22.0,400.0,-1073741809.0,-60.0,-33.0,63.0,81.0,36.0,-16.0
221,16438.0,49735.0,48579.0,50556.0,45636.0,16436.0,3.4680352210998535,,,,,,,,0.11404573440551757,0.0,0.4,5.81461238861084,0.14,0.0,0.0,-0.1829862796783447,0.0072,-0.18209999999999998,,,,,,,,,16435.0,28.0,21.0,401.0,-1072693233.0,-60.0,-33.0,61.0,54.0,32.0,-23.0
222,16448.0,49839.0,48785.0,50642.0,45550.0,16446.0,3.4680352210998535,,,,,,,,0.11581843852996826,0.0,0.4,5.827274560928345,0.14,0.0,0.0,-0.19135446844100948,-0.0011000000000000012,-0.1944,,,,,,,,,16445.0,27.0,21.0,401.0,-1072693233.0,-60.0,-34.0,60.0,32.0,8.0,-12.0
223,16458.0,49736.0,48124.0,50794.0,46270.0,16456.0,3.462756633758545,,,,,,,,0.1176347017288208,0.0,0.4,5.840247869491577,0.14,0.0,0.0,-0.20370958948135373,0.0072,-0.1944,,,,,,,,,16455.0,27.0,21.0,402.0,-1072693234.0,-60.0,-34.0,59.0,-20.0,17.0,-13.0
224,16468.0,49469.0,48327.0,50991.0,46182.0,16466.0,3.462756633758545,,,,,,,,0.11934078216552735,0.0,0.4,5.852434158325195,0.14,0.0,0.0,-0.21149776535034176,0.0072,-0.19469999999999998,,,,,,,,,16465.0,26.0,20.0,403.0,-1072168946.0,-60.0,-34.0,57.0,-42.0,-4.0,-18.0
225,16478.0,49558.0,48193.0,50837.0,46316.0,16476.0,3.462756633758545,,,,,,,,0.12104562759399413,0.0,0.4,5.864611625671387,0.14,0.0,0.0,-0.23218631172180176,0.0031999999999999997,-0.19469999999999998,,,,,,,,,16475.0,25.0,20.0,404.0,-1072693234.0,-60.0,-34.0,58.0,-71.0,-12.0,-24.0
226,16488.0,49656.0,48108.0,50742.0,46415.0,16486.0,3.462756633758545,,,,,,,,0.12275838375091552,0.0,0.4,5.876845598220825,0.14,0.0,0.0,-0.23657248487472524,0.0072,-0.1667,,,,,,,,,16485.0,25.0,20.0,404.0,-1072693234.0,-60.0,-35.0,58.0,-89.0,-32.0,-29.0
227,16498.0,49645.0,48168.0,50921.0,46458.0,16496.0,3.462756633758545,,,,,,,,0.12453218936920166,0.0,0.4,5.88951563835144,0.14,0.0,0.0,-0.2406403431892394,0.0112,-0.16699999999999998,,,,,,,,,16495.0,33.0,29.0,405.0,-536869874.0,-42.0,-16.0,57.0,-87.0,-34.0,-25.0
228,16508.0,49542.0,47329.0,50935.0,47433.0,16506.0,3.4574780464172363,,,,,,,,0.12613616466522218,0.0,0.4,5.900972604751587,0.14,0.0,0.0,-0.24875915060043324,0.0112,-0.17499999999999996,,,,,,,,,16505.0,33.0,28.0,405.0,-535821298.0,-41.0,-16.0,56.0,-73.0,-18.0,-32.0
229,16518.0,49862.0,47699.0,50678.0,47035.0,16516.0,3.4574780464172363,,,,,,,,0.12778376579284667,0.0,0.4,5.912741184234619,0.14,0.0,0.0,-0.2485648702621459,-0.0054,-0.17099999999999999,,,,,,,,,16515.0,32.0,28.0,407.0,-535821298.0,-41.0,-15.0,60.0,-59.0,-16.0,-25.0
230,16528.0,49996.0,48253.0,50419.0,46211.0,16526.0,3.4574780464172363,,,,,,,,0.12938523769378663,0.0,0.4,5.924180269241333,0.14,0.0,0.0,-0.2526844286918639,-0.0054,-0.1633,,,,,,,,,16525.0,32.0,28.0,407.0,-535821298.0,-41.0,-15.0,59.0,12.0,10.0,-24.0
231,16538.0,49705.0,48782.0,50661.0,45652.0,16536.0,3.4574780464172363,,,,,,,,0.1311466598510742,0.0,0.4,5.936761856079102,0.14,0.0,0.0,-0.2573560020446776,-0.0014000000000000002,-0.1513,,,,,,,,,16535.0,32.0,28.0,408.0,-535821298.0,-41.0,-15.0,59.0,101.0,34.0,-21.0
232,16548.0,50282.0,49119.0,50031.0,45321.0,16546.0,3.4574780464172363,,,,,,,,0.1328147554397583,0.0,0.4,5.948676824569702,0.14,0.0,0.0,-0.25315557336807243,-0.0054,-0.1513,,,,,,,,,16545.0,31.0,28.0,409.0,-535821298.0,-41.0,-15.0,58.0,151.0,104.0,-27.0
233,16558.0,49919.0,49349.0,50209.0,44941.0,16556.0,3.4574780464172363,,,,,,,,0.13447173595428466,0.0,0.4,5.960512399673462,0.14,0.0,0.0,-0.25725847921371453,-0.0054,-0.14759999999999998,,,,,,,,,16555.0,31.0,28.0,409.0,-536870898.0,-40.0,-14.0,58.0,177.0,127.0,-30.0
234,16568.0,49639.0,49471.0,50581.0,44944.0,16566.0,3.462756633758545,,,,,,,,0.13661227226257325,0.0,0.4,5.975801944732666,0.14,0.0,0.0,-0.25321631832122793,-0.0054,-0.1396,,,,,,,,,16565.0,28.0,21.0,410.0,-1072168947.0,-45.0,-27.0,58.0,193.0,140.0,-36.0
235,16578.0,49529.0,49491.0,50631.0,44971.0,16576.0,3.4574780464172363,,,,,,,,0.13845016479492187,0.0,0.4,5.988929748535156,0.14,0.0,0.0,-0.25786495056152337,-0.0014000000000000002,-0.1399,,,,,,,,,16575.0,28.0,21.0,410.0,-1071119347.0,-45.0,-27.0,57.0,185.0,140.0,-43.0
236,16588.0,50081.0,48758.0,50216.0,45676.0,16586.0,3.4574780464172363,,,,,,,,0.1402065134048462,0.0,0.4,6.001475095748901,0.14,0.0,0.0,-0.26758471511998383,0.0007096638461648816,-0.13959031253493492,,,,,,,,,16585.0,26.0,20.0,411.0,-1071119347.0,-48.0,-30.0,55.0,143.0,126.0,-26.0
237,16598.0,49699.0,48844.0,50616.0,45662.0,16596.0,3.4574780464172363,,,,,,,,0.19194908618927,0.0,0.4,6.371064901351929,0.14,0.0,0.0,-0.1341169028114824,0.024610553778731083,-0.04814078609211769,,,,,,,,,16595.0,26.0,20.0,412.0,-1070069747.0,-48.0,-29.0,52.0,92.0,74.0,-24.0
238,16608.0,49786.0,48342.0,50715.0,46464.0,16606.0,3.4574780464172363,,,,,,,,0.20111021041870117,0.0,0.4,6.436501502990723,0.14,0.0,0.0,-0.16258963510173113,-0.014696371649141872,-0.027932433718010685,,,,,,,,,16605.0,26.0,20.0,411.0,-1070069747.0,-46.0,-30.0,43.0,28.0,12.0,-17.0
239,16618.0,49983.0,47904.0,50721.0,47167.0,16616.0,3.462756633758545,,,,,,,,0.21014082431793213,0.0,0.4,6.5010058879852295,0.14,0.0,0.0,-0.15405401007901315,0.004494502446270068,-0.008228252594717489,,,,,,,,,16615.0,25.0,20.0,411.0,-1070069747.0,-47.0,-30.0,42.0,-47.0,-35.0,-26.0
240,16628.0,50060.0,47300.0,50790.0,47960.0,16626.0,3.4574780464172363,,,,,,,,0.22276804924011231,0.0,0.4,6.591200351715088,0.14,0.0,0.0,-0.14449732188471623,-0.04955803896117782,0.02665622789036526,,,,,,,,,16625.0,25.0,20.0,412.0,-1070069747.0,-47.0,-29.0,41.0,-109.0,-91.0,-33.0
241,16638.0,50111.0,47364.0,50736.0,47932.0,16636.0,3.4521994590759277,,,,,,,,0.23189743041992186,0.0,0.4,6.656410217285156,0.14,0.0,0.0,-0.2021917888890528,0.03253028654392032,-0.0051339274415180824,,,,,,,,,16635.0,25.0,20.0,412.0,-1071119347.0,-47.0,-30.0,40.0,-149.0,-123.0,-31.0
242,16648.0,49931.0,47674.0,51140.0,47767.0,16646.0,3.4521994590759277,,,,,,,,0.24076926231384277,0.0,0.4,6.719780445098877,0.14,0.0,0.0,-0.13679343438460217,0.0018982296743967164,0.01251104239241485,,,,,,,,,16645.0,24.0,20.0,413.0,-1071119347.0,-47.0,-31.0,40.0,-186.0,-117.0,-21.0
243,16658.0,49761.0,47909.0,51285.0,47464.0,16656.0,3.446920871734619,,,,,,,,0.24956348896026612,0.0,0.4,6.7825963497161865,0.14,0.0,0.0,-0.05669824249943431,-0.027388013112221905,-0.009562522963051379,,,,,,,,,16655.0,25.0,20.0,413.0,-1072168947.0,-46.0,-30.0,39.0,-177.0,-124.0,-20.0
244,16668.0,50069.0,48218.0,51036.0,47168.0,16666.0,3.446920871734619,,,,,,,,0.25857884883880616,0.0,0.4,6.846991777420044,0.14,0.0,0.0,-0.050430721144720685,-0.035775423874752785,-0.017314943959906515,,,,,,,,,16665.0,24.0,19.0,414.0,-1072693236.0,-46.0,-31.0,38.0,-161.0,-89.0,-16.0
245,16678.0,49772.0,48082.0,51362.0,47277.0,16676.0,3.446920871734619,,,,,,,,0.2673250436782837,0.0,0.4,6.909464597702026,0.14,0.0,0.0,-0.042138175932813264,0.017348935335918025,-0.020376257122434183,,,,,,,,,16675.0,25.0,19.0,414.0,-1073741812.0,-43.0,-31.0,37.0,-108.0,-70.0,-18.0
246,16688.0,50207.0,48692.0,51014.0,46650.0,16686.0,3.446920871734619,,,,,,,,0.27475675582885745,0.0,0.4,6.96254825592041,0.14,0.0,0.0,-0.013862822764913805,0.013356995483587946,-0.007695605875772671,,,,,,,,,16685.0,25.0,19.0,414.0,-536869876.0,-42.0,-31.0,35.0,-38.0,-24.0,-14.0
247,16698.0,50417.0,49401.0,51111.0,46206.0,16696.0,3.446920871734619,,,,,,,,0.2835089921951294,0.0,0.4,7.02506422996521,0.14,0.0,0.0,0.00578009891197861,0.022614929348719514,-0.08263498212442855,,,,,,,,,16695.0,24.0,18.0,414.0,-536869876.0,-44.0,-31.0,26.0,2.0,10.0,-2.0
248,16708.0,50448.0,49509.0,51210.0,46099.0,16706.0,3.446920871734619,,,,,,,,0.29284675598144533,0.0,0.4,7.091762542724609,0.14,0.0,0.0,0.016229152733098048,0.04104335386943216,-0.09360582774448112,,,,,,,,,16705.0,23.0,18.0,414.0,-536869876.0,-44.0,-31.0,24.0,57.0,45.0,-3.0
249,16718.0,50551.0,49807.0,51377.0,45896.0,16716.0,3.446920871734619,,,,,,,,0.3026425409317017,0.0,0.4,7.16173243522644,0.14,0.0,0.0,0.03427527602095061,0.007919788002534284,-0.14223260406538785,,,,,,,,,16715.0,23.0,18.0,414.0,-536870900.0,-44.0,-31.0,23.0,74.0,63.0,6.0
250,16728.0,50715.0,49831.0,51171.0,46035.0,16726.0,3.4416422843933105,,,,,,,,0.31145108699798585,0.0,0.4,7.224650621414185,0.14,0.0,0.0,-0.005891741414185909,0.0273403578606775,-0.13456809971705752,,,,,,,,,16725.0,22.0,17.0,414.0,-536870900.0,-44.0,-31.0,22.0,71.0,80.0,0.0
251,16738.0,50503.0,49759.0,51542.0,46122.0,16736.0,3.4416422843933105,,,,,,,,0.32071077823638916,0.0,0.4,7.290791273117065,0.14,0.0,0.0,0.017796011388764212,0.061570263484948075,-0.1353235146937024,,,,,,,,,16735.0,22.0,17.0,414.0,-1073217524.0,-44.0,-31.0,21.0,69.0,73.0,4.0
252,16748.0,50145.0,49366.0,51881.0,46567.0,16746.0,3.4416422843933105,,,,,,,,0.33162124156951905,0.0,0.4,7.368723154067993,0.14,0.0,0.0,0.004428561654790683,0.07028254115813051,-0.0861383357132155,,,,,,,,,16745.0,24.0,17.0,414.0,-1072168948.0,-39.0,-31.0,21.0,39.0,75.0,4.0
253,16758.0,50012.0,49069.0,51991.0,46924.0,16756.0,3.4416422843933105,,,,,,,,0.3402647638320923,0.0,0.4,7.430462598800659,0.14,0.0,0.0,0.039217096006825256,0.040449324494618445,-0.10354354660453424,,,,,,,,,16755.0,23.0,16.0,415.0,-1072168948.0,-39.0,-31.0,21.0,2.0,75.0,6.0
254,16768.0,49908.0,48987.0,52105.0,47004.0,16766.0,3.4416422843933105,,,,,,,,0.34939104080200195,0.0,0.4,7.495650291442871,0.14,0.0,0.0,0.005969990084043518,0.013889327539613194,-0.08799977904215872,,,,,,,,,16765.0,23.0,16.0,415.0,-1072167924.0,-39.0,-32.0,21.0,-62.0,72.0,-2.0
255,16778.0,50104.0,48538.0,52028.0,47362.0,16776.0,3.4416422843933105,,,,,,,,0.35845436573028566,0.0,0.4,7.5603883266448975,0.14,0.0,0.0,-0.026811068469937766,0.04328036664813852,-0.027785132263117518,,,,,,,,,16775.0,23.0,16.0,414.0,-1073216500.0,-39.0,-32.0,15.0,-84.0,57.0,9.0
256,16788.0,50095.0,48709.0,52303.0,47379.0,16786.0,3.4416422843933105,,,,,,,,0.3678298807144165,0.0,0.4,7.627356290817261,0.14,0.0,0.0,0.00847273252943318,0.02328376885282937,-0.08479461786756382,,,,,,,,,16785.0,23.0,19.0,414.0,-536345588.0,-37.0,-24.0,14.0,-132.0,50.0,17.0
257,16798.0,50267.0,48501.0,52401.0,47717.0,16796.0,3.4416422843933105,,,,,,,,0.37928741931915283,0.0,0.4,7.709195852279663,0.14,0.0,0.0,0.047027128008444205,0.03875590653596373,-0.08924136236745639,,,,,,,,,16795.0,23.0,19.0,414.0,-535297012.0,-38.0,-24.0,14.0,-141.0,30.0,31.0
258,16808.0,50294.0,48722.0,52481.0,47423.0,16806.0,3.436363697052002,,,,,,,,0.38870829582214356,0.0,0.4,7.776487827301025,0.14,0.0,0.0,0.019277714376857664,0.05956037273199265,-0.06118558097228188,,,,,,,,,16805.0,22.0,20.0,414.0,-535297011.0,-39.0,-21.0,13.0,-126.0,22.0,34.0
259,16818.0,50420.0,49001.0,52581.0,47293.0,16816.0,3.436363697052002,,,,,,,,0.39760202407836914,0.0,0.4,7.840014457702637,0.14,0.0,0.0,0.03930489867263736,0.03019070449972503,-0.11051403037797414,,,,,,,,,16815.0,22.0,19.0,415.0,-534248435.0,-39.0,-21.0,14.0,-88.0,29.0,36.0
260,16828.0,50514.0,48754.0,52144.0,46884.0,16826.0,3.4310851097106934,,,,,,,,0.4072568845748901,0.0,0.4,7.908977746963501,0.14,0.0,0.0,0.020965401164799915,0.018266884050180707,-0.08520789258794892,,,,,,,,,16825.0,21.0,19.0,416.0,-534247411.0,-40.0,-20.0,23.0,-58.0,29.0,46.0
261,16838.0,50154.0,48806.0,52514.0,46657.0,16836.0,3.436363697052002,,,,,,,,0.42051329612731936,0.0,0.4,8.003666400909424,0.14,0.0,0.0,-0.003534921364812305,0.018870614345645693,-0.09903234003816053,,,,,,,,,16835.0,23.0,18.0,417.0,-534247411.0,-35.0,-22.0,24.0,-11.0,38.0,52.0
262,16848.0,50154.0,49062.0,52489.0,46344.0,16846.0,3.436363697052002,,,,,,,,0.42783288955688475,0.0,0.4,8.055949211120605,0.14,0.0,0.0,0.008392626850190604,0.024136661838365738,-0.07606768891095861,,,,,,,,,16845.0,23.0,18.0,417.0,-534247411.0,-36.0,-22.0,24.0,7.0,38.0,50.0
263,16858.0,50272.0,48754.0,52183.0,46609.0,16856.0,3.4416422843933105,,,,,,,,0.43700753211975096,0.0,0.4,8.121482372283936,0.14,0.0,0.0,0.029619755918785674,-0.0028322322642496595,-0.0882697998741957,,,,,,,,,16855.0,22.0,18.0,417.0,-534247411.0,-36.0,-21.0,24.0,17.0,52.0,40.0
264,16868.0,50213.0,48569.0,52113.0,46328.0,16866.0,3.4416422843933105,,,,,,,,0.448318772315979,0.0,0.4,8.202276945114136,0.14,0.0,0.0,-0.005915170494940048,0.02935103329483294,-0.12122196181741884,,,,,,,,,16865.0,22.0,16.0,419.0,-534247410.0,-36.0,-24.0,31.0,12.0,45.0,52.0
265,16878.0,49695.0,48910.0,52518.0,46010.0,16876.0,3.4416422843933105,,,,,,,,0.4572345304489136,0.0,0.4,8.265960931777954,0.14,0.0,0.0,0.00232364610417281,-0.04190594890827887,-0.09357499110266332,,,,,,,,,16875.0,22.0,17.0,419.0,-534247410.0,-37.0,-21.0,31.0,4.0,25.0,48.0
266,16888.0,50089.0,48334.0,52194.0,46604.0,16886.0,3.4416422843933105,,,,,,,,0.4698018741607666,0.0,0.4,8.355727672576904,0.14,0.0,0.0,0.03114212520801592,0.024099253635279837,-0.12244222286461515,,,,,,,,,16885.0,22.0,16.0,419.0,-534247410.0,-37.0,-21.0,31.0,10.0,31.0,42.0
267,16898.0,50140.0,48383.0,52039.0,46314.0,16896.0,3.446920871734619,,,,,,,,0.4796133804321289,0.0,0.4,8.425809860229492,0.14,0.0,0.0,0.051544920232647194,-0.010370014821454315,-0.0988056592502371,,,,,,,,,16895.0,21.0,15.0,420.0,-534247410.0,-38.0,-22.0,31.0,-19.0,45.0,42.0
268,16908.0,49843.0,48404.0,52084.0,46222.0,16906.0,3.446920871734619,,,,,,,,0.4888713693618774,0.0,0.4,8.491938352584839,0.14,0.0,0.0,0.048633653226593444,0.0047387082868449735,-0.14361022766493292,,,,,,,,,16905.0,21.0,15.0,419.0,-534246386.0,-39.0,-22.0,29.0,-32.0,23.0,41.0
269,16918.0,49718.0,48458.0,52356.0,46142.0,16916.0,3.4521994590759277,,,,,,,,0.49778615951538085,0.0,0.4,8.555615425109863,0.14,0.0,0.0,0.002570620240062225,-0.0013056928325167329,-0.16848920288549785,,,,,,,,,16915.0,21.0,15.0,420.0,-534246386.0,-38.0,-21.0,29.0,-39.0,44.0,42.0
270,16928.0,50028.0,48309.0,52189.0,46510.0,16926.0,3.446920871734619,,,,,,,,0.507139310836792,0.0,0.4,8.622423648834229,0.14,0.0,0.0,0.04273480492807211,-0.008039130927824635,-0.1466132738898711,,,,,,,,,16925.0,19.0,14.0,420.0,-534246386.0,-41.0,-21.0,30.0,-28.0,17.0,31.0
271,16938.0,49578.0,48314.0,52574.0,46438.0,16936.0,3.446920871734619,,,,,,,,0.5178607177734375,0.0,0.4,8.699005126953125,0.14,0.0,0.0,-0.050518146649764076,0.018675508791439283,-0.13012155089207766,,,,,,,,,16935.0,20.0,14.0,420.0,-534246385.0,-40.0,-21.0,30.0,-31.0,22.0,34.0
272,16948.0,49937.0,48466.0,52253.0,46258.0,16946.0,3.446920871734619,,,,,,,,0.528041558265686,0.0,0.4,8.771725416183472,0.14,0.0,0.0,0.0020745880320183073,0.01065330749561738,-0.0942756736383199,,,,,,,,,16945.0,18.0,14.0,421.0,-534246385.0,-43.0,-19.0,31.0,-45.0,15.0,34.0
273,16958.0,49724.0,47809.0,52505.0,46782.0,16956.0,3.446920871734619,,,,,,,,0.5396016693115234,0.0,0.4,8.854297637939453,0.14,0.0,0.0,0.06870877079793815,-0.0308847144252183,-0.0628729870438498,,,,,,,,,16955.0,19.0,14.0,421.0,-533197809.0,-41.0,-18.0,29.0,-43.0,9.0,39.0
274,16968.0,50037.0,48053.0,52206.0,46310.0,16966.0,3.4521994590759277,,,,,,,,0.5485441303253173,0.0,0.4,8.918172359466553,0.14,0.0,0.0,-0.04465293521540886,0.02167976545354594,-0.03872069016691704,,,,,,,,,16965.0,19.0,14.0,422.0,-533197809.0,-41.0,-17.0,29.0,-47.0,-4.0,42.0
275,16978.0,49716.0,47811.0,52499.0,46578.0,16976.0,3.4521994590759277,,,,,,,,0.5577355623245239,0.0,0.4,8.983825445175171,0.14,0.0,0.0,0.03673406941205768,-0.020934006152130088,-0.046659870198341835,,,,,,,,,16975.0,17.0,14.0,422.0,-533197809.0,-45.0,-17.0,29.0,-48.0,-20.0,42.0
276,16988.0,50089.0,48055.0,52278.0,46536.0,16986.0,3.446920871734619,,,,,,,,0.5673998355865478,0.0,0.4,9.052855968475342,0.14,0.0,0.0,0.008054551324184684,-0.039261772726740966,-0.058929126177316604,,,,,,,,,16985.0,17.0,14.0,422.0,-533197809.0,-47.0,-15.0,28.0,-27.0,-39.0,34.0
277,16998.0,49858.0,48178.0,52629.0,46338.0,16996.0,3.446920871734619,,,,,,,,0.5778679990768433,0.0,0.4,9.127628564834595,0.14,0.0,0.0,-0.018303451073300905,-0.001185732041758142,-0.030866724114664734,,,,,,,,,16995.0,16.0,13.0,422.0,-533197809.0,-47.0,-15.0,26.0,-37.0,-13.0,47.0
278,17008.0,49993.0,48180.0,52482.0,46411.0,17006.0,3.446920871734619,,,,,,,,0.5868495464324951,0.0,0.4,9.191782474517822,0.14,0.0,0.0,-0.0029603826650083805,-0.07211631921043427,-0.027069760921223818,,,,,,,,,17005.0,16.0,12.0,422.0,-533197808.0,-48.0,-16.0,25.0,-25.0,-34.0,36.0
279,17018.0,49960.0,48418.0,52545.0,46174.0,17016.0,3.446920871734619,,,,,,,,0.5973010540008545,0.0,0.4,9.266436100006104,0.14,0.0,0.0,-0.004494719837826975,6.399010340674926e-05,-0.026740352162171632,,,,,,,,,17015.0,15.0,12.0,423.0,-533197808.0,-49.0,-15.0,25.0,-29.0,-18.0,43.0
280,17028.0,49872.0,48247.0,52611.0,46432.0,17026.0,3.446920871734619,,,,,,,,0.6067775058746337,0.0,0.4,9.33412504196167,0.14,0.0,0.0,-0.0008063945074456781,-0.08806699945960991,-0.019189212703944136,,,,,,,,,17025.0,15.0,12.0,423.0,-533197808.0,-49.0,-15.0,24.0,-10.0,-28.0,29.0
281,17038.0,49922.0,48290.0,52602.0,46401.0,17036.0,3.446920871734619,,,,,,,,0.6182247972488404,0.0,0.4,9.415891408920288,0.14,0.0,0.0,-0.0421556217370521,-0.018088522731978567,-0.05540824691131263,,,,,,,,,17035.0,14.0,12.0,424.0,-532149232.0,-50.0,-14.0,30.0,-2.0,-28.0,27.0
282,17048.0,50125.0,48322.0,52258.0,45947.0,17046.0,3.446920871734619,,,,,,,,0.6309299612045288,0.0,0.4,9.506642580032349,0.14,0.0,0.0,-0.009956153909136815,-0.03511597211229055,-0.03979687431638901,,,,,,,,,17045.0,14.0,12.0,425.0,-532150256.0,-51.0,-13.0,30.0,2.0,-38.0,30.0
283,17058.0,50353.0,48080.0,52083.0,46158.0,17056.0,3.446920871734619,,,,,,,,0.6395543575286865,0.0,0.4,9.56824541091919,0.14,0.0,0.0,-0.02682870887734835,-0.02970955584177907,0.024800653192249555,,,,,,,,,17055.0,14.0,12.0,425.0,-532150256.0,-50.0,-12.0,30.0,12.0,-64.0,36.0
284,17068.0,49986.0,47936.0,52361.0,46368.0,17066.0,3.4416422843933105,,,,,,,,0.6479538822174072,0.0,0.4,9.628242015838623,0.14,0.0,0.0,-0.021800070250363564,-0.06148414469838566,0.0652836732528641,,,,,,,,,17065.0,13.0,11.0,425.0,-532150256.0,-51.0,-11.0,29.0,21.0,-87.0,27.0
285,17078.0,49750.0,47805.0,52615.0,46520.0,17076.0,3.446920871734619,,,,,,,,0.6560528993606567,0.0,0.4,9.686092138290405,0.14,0.0,0.0,-0.021237573276616507,-0.016125573226640377,0.08577066277595513,,,,,,,,,17075.0,14.0,11.0,426.0,-533198832.0,-50.0,-10.0,28.0,9.0,-86.0,24.0
286,17088.0,49863.0,47878.0,52546.0,46360.0,17086.0,3.446920871734619,,,,,,,,0.6664043045043946,0.0,0.4,9.760030746459961,0.14,0.0,0.0,0.002153927975968882,-0.04963730069078148,0.1063194096281368,,,,,,,,,17085.0,13.0,11.0,426.0,-533199855.0,-50.0,-9.0,28.0,-5.0,-92.0,29.0
287,17098.0,49585.0,47583.0,52748.0,46765.0,17096.0,3.446920871734619,,,,,,,,0.6754195642471313,0.0,0.4,9.824425458908081,0.14,0.0,0.0,-0.008776151438843485,-0.07589925027682132,0.16365332942676147,,,,,,,,,17095.0,12.0,11.0,427.0,-533199855.0,-51.0,-8.0,26.0,1.0,-89.0,20.0
288,17108.0,49889.0,47868.0,52546.0,46485.0,17106.0,3.446920871734619,,,,,,,,0.690213394165039,0.0,0.4,9.930095672607422,0.14,0.0,0.0,0.05243241368432247,-0.07354657821131344,0.1711388601548105,,,,,,,,,17105.0,13.0,11.0,427.0,-533199855.0,-49.0,-7.0,25.0,-13.0,-73.0,25.0
289,17118.0,49754.0,47888.0,52690.0,46476.0,17116.0,3.446920871734619,,,,,,,,0.7065077590942382,0.0,0.4,10.046483993530273,0.14,0.0,0.0,-0.026371258447926114,-0.0636731334149464,0.16564283593053197,,,,,,,,,17115.0,12.0,11.0,427.0,-532152303.0,-49.0,-6.0,25.0,-10.0,-70.0,22.0
290,17128.0,49640.0,47546.0,52458.0,46073.0,17126.0,3.446920871734619,,,,,,,,0.7173085069656372,0.0,0.4,10.123632192611694,0.14,0.0,0.0,0.04206183627542345,-0.0431534897045315,0.14735180193118147,,,,,,,,,17125.0,12.0,11.0,429.0,-532152303.0,-50.0,-5.0,34.0,1.0,-42.0,34.0
291,17138.0,49954.0,47513.0,52204.0,46038.0,17136.0,3.4521994590759277,,,,,,,,0.7304547691345215,0.0,0.4,10.217534065246582,0.14,0.0,0.0,0.012033911605481583,-0.042948036568374745,0.0910360545182698,,,,,,,,,17135.0,13.0,11.0,429.0,-532676591.0,-47.0,-3.0,34.0,6.0,-24.0,37.0
292,17148.0,49522.0,47695.0,52594.0,45796.0,17146.0,3.446920871734619,,,,,,,,0.7415863656997681,0.0,0.4,10.297045469284058,0.14,0.0,0.0,-0.0392903121457574,-0.014742891600253319,0.10232753704443809,,,,,,,,,17145.0,12.0,11.0,430.0,-532676591.0,-47.0,-2.0,34.0,18.0,-23.0,38.0
293,17158.0,49490.0,47666.0,52596.0,45829.0,17156.0,3.4521994590759277,,,,,,,,0.7524099779129029,0.0,0.4,10.374356985092163,0.14,0.0,0.0,-0.07086011557424696,0.018608488443324456,0.11865036402890539,,,,,,,,,17155.0,12.0,12.0,430.0,-532676591.0,-47.0,0.0,35.0,24.0,-4.0,33.0
294,17168.0,49195.0,47619.0,52766.0,45922.0,17166.0,3.4521994590759277,,,,,,,,0.7650918769836426,0.0,0.4,10.46494197845459,0.14,0.0,0.0,-0.0563614307294165,0.01883087927370361,0.11286472727643115,,,,,,,,,17165.0,11.0,12.0,430.0,-533725167.0,-46.0,0.0,33.0,21.0,1.0,23.0
295,17178.0,49187.0,47893.0,52752.0,45753.0,17176.0,3.4521994590759277,,,,,,,,0.7759457635879516,0.0,0.4,10.54246973991394,0.14,0.0,0.0,-0.0029359868708406537,-0.038209369941330756,0.11041268063796394,,,,,,,,,17175.0,11.0,12.0,431.0,-533725167.0,-46.0,1.0,32.0,28.0,3.0,16.0
296,17188.0,49209.0,47960.0,52804.0,45613.0,17186.0,3.4521994590759277,,,,,,,,0.7883732509613037,0.0,0.4,10.631237506866455,0.14,0.0,0.0,-0.0722212016144331,0.011814017447437404,0.05815144375412906,,,,,,,,,17185.0,10.0,11.0,431.0,-533725166.0,-46.0,0.0,32.0,28.0,9.0,17.0
297,17198.0,49636.0,47548.0,52470.0,46068.0,17196.0,3.4521994590759277,,,,,,,,0.8018920183181762,0.0,0.4,10.727800130844116,0.14,0.0,0.0,-0.04844714801847689,0.015612504393804084,0.0630091088713094,,,,,,,,,17195.0,9.0,11.0,431.0,-533725166.0,-47.0,1.0,30.0,33.0,10.0,14.0
298,17208.0,49655.0,47924.0,52553.0,45639.0,17206.0,3.4521994590759277,,,,,,,,0.8122310066223144,0.0,0.4,10.801650047302246,0.14,0.0,0.0,-0.02234525249779031,-0.023794978510873914,0.07045603701970116,,,,,,,,,17205.0,9.0,11.0,429.0,-533725166.0,-47.0,2.0,12.0,43.0,7.0,24.0
299,17218.0,50234.0,48267.0,52652.0,46056.0,17216.0,3.4521994590759277,,,,,,,,0.8228388595581054,0.0,0.4,10.877420425415039,0.14,0.0,0.0,-0.03363142394256572,-0.014985565560579837,0.1142306934429076,,,,,,,,,17215.0,9.0,12.0,429.0,-533725166.0,-45.0,3.0,10.0,58.0,-3.0,20.0
300,17228.0,50475.0,47814.0,52456.0,46677.0,17226.0,3.4521994590759277,,,,,,,,0.8339489269256591,0.0,0.4,10.956778049468994,0.14,0.0,0.0,-0.02568795793137475,-0.021369851394495994,0.13644929623111857,,,,,,,,,17225.0,9.0,12.0,429.0,-533725166.0,-45.0,4.0,8.0,56.0,-34.0,15.0
301,17238.0,50281.0,47696.0,52681.0,46879.0,17236.0,3.4521994590759277,,,,,,,,0.8486493301391601,0.0,0.4,11.06178092956543,0.14,0.0,0.0,-0.06430570301712224,0.04505923016838079,0.11739150227559314,,,,,,,,,17235.0,9.0,11.0,429.0,-534773742.0,-44.0,3.0,7.0,58.0,-65.0,19.0
302,17248.0,50317.0,47805.0,53084.0,47310.0,17246.0,3.4416422843933105,,,,,,,,0.859150505065918,0.0,0.4,11.136789321899414,0.14,0.0,0.0,-0.06709387624242921,0.007813444287768962,0.069431561943885,,,,,,,,,17245.0,6.0,11.0,429.0,-534772718.0,-48.0,3.0,7.0,43.0,-71.0,6.0
303,17258.0,50386.0,48277.0,53414.0,47192.0,17256.0,3.436363697052002,,,,,,,,0.8675500297546387,0.0,0.4,11.196785926818848,0.14,0.0,0.0,-0.03928067656947774,-0.00887399192497237,0.06685826828716657,,,,,,,,,17255.0,6.0,11.0,428.0,-534772718.0,-47.0,5.0,1.0,35.0,-85.0,11.0
304,17268.0,50468.0,48543.0,53534.0,47085.0,17266.0,3.4310851097106934,,,,,,,,0.8780965995788574,0.0,0.4,11.27211856842041,0.14,0.0,0.0,-0.030229674176710578,-0.0009735631232983094,0.04162353831176269,,,,,,,,,17265.0,6.0,11.0,428.0,-534772718.0,-47.0,5.0,0.0,24.0,-81.0,11.0
305,17278.0,50316.0,48552.0,53872.0,47194.0,17276.0,3.4258065223693848,,,,,,,,0.891663932800293,0.0,0.4,11.369028091430664,0.14,0.0,0.0,-0.050129182234386574,0.024441958478041443,-0.013200223760492236,,,,,,,,,17275.0,5.0,11.0,428.0,-534772718.0,-47.0,6.0,0.0,25.0,-63.0,18.0
306,17288.0,50834.0,48564.0,53719.0,47277.0,17286.0,3.420527935028076,,,,,,,,0.9022807312011719,0.0,0.4,11.444862365722656,0.14,0.0,0.0,-0.05413723005612368,0.01449492549151727,-0.021511374228769142,,,,,,,,,17285.0,5.0,12.0,428.0,-534771694.0,-46.0,8.0,-1.0,30.0,-60.0,21.0
307,17298.0,50624.0,48666.0,53917.0,47247.0,17296.0,3.4152493476867676,,,,,,,,0.9131392908096313,0.0,0.4,11.522423505783081,0.14,0.0,0.0,-0.05209322828643174,0.02237892527913763,-0.008550242984222578,,,,,,,,,17295.0,4.0,12.0,430.0,-534771694.0,-47.0,8.0,6.0,30.0,-57.0,19.0
308,17308.0,51007.0,48522.0,53335.0,47003.0,17306.0,3.4152493476867676,,,,,,,,0.9299449157714844,0.0,0.4,11.642463684082031,0.14,0.0,0.0,-0.04042884399878084,0.04230358773290155,-0.017335472271009067,,,,,,,,,17305.0,4.0,12.0,430.0,-534771694.0,-46.0,9.0,5.0,48.0,-48.0,17.0
309,17318.0,50908.0,48159.0,53410.0,47490.0,17316.0,3.4152493476867676,,,,,,,,0.9415399074554444,0.0,0.4,11.725285053253174,0.14,0.0,0.0,0.008937156279102148,0.017804680484668517,-0.07233862209633557,,,,,,,,,17315.0,3.0,13.0,430.0,-535820270.0,-45.0,10.0,4.0,78.0,-72.0,11.0
310,17328.0,50659.0,48653.0,53607.0,47076.0,17326.0,3.4152493476867676,,,,,,,,0.9528718090057373,0.0,0.4,11.806227207183838,0.14,0.0,0.0,-0.07326918082008639,0.05859445025639032,-0.07505149999001937,,,,,,,,,17325.0,3.0,13.0,430.0,-535820270.0,-44.0,10.0,4.0,85.0,-86.0,4.0
311,17338.0,51086.0,48627.0,53105.0,46968.0,17336.0,3.4152493476867676,,,,,,,,0.9692919111251831,0.0,0.4,11.923513650894165,0.14,0.0,0.0,0.007686299884265419,-0.02022811494806106,-0.03636875191890354,,,,,,,,,17335.0,3.0,12.0,431.0,-535819246.0,-43.0,8.0,8.0,85.0,-62.0,5.0
312,17348.0,50856.0,48002.0,53221.0,47441.0,17346.0,3.420527935028076,,,,,,,,0.9867193126678466,0.0,0.4,12.04799509048462,0.14,0.0,0.0,-0.03062022235126949,0.014960614098164777,-0.022886996992264486,,,,,,,,,17345.0,2.0,12.0,431.0,-536867822.0,-43.0,8.0,8.0,109.0,-63.0,0.0
313,17358.0,50891.0,48187.0,53242.0,47159.0,17356.0,3.420527935028076,,,,,,,,0.9973036336898804,0.0,0.4,12.123597383499146,0.14,0.0,0.0,-0.05153741532112457,0.03054417773912968,-0.04204822200307845,,,,,,,,,17355.0,4.0,12.0,431.0,-536867822.0,-38.0,8.0,9.0,98.0,-65.0,8.0
314,17368.0,49658.0,46649.0,51497.0,44970.0,17366.0,3.420527935028076,,,,,,,,1.0063657236099244,0.0,0.4,12.188326597213745,0.14,0.0,0.0,0.014312355046726549,-0.01703660944584387,-0.06980086862380297,,,,,,,,,17365.0,3.0,12.0,431.0,-1073737710.0,-37.0,8.0,10.0,82.0,-45.0,1.0
315,17378.0,49035.0,46704.0,51943.0,44986.0,17376.0,3.420527935028076,,,,,,,,1.0173011541366577,0.0,0.4,12.26643681526184,0.14,0.0,0.0,-0.019614886506831842,-0.010182564678765941,-0.0459259155756353,,,,,,,,,17375.0,2.0,11.0,431.0,-1072689134.0,-38.0,6.0,9.0,57.0,-65.0,-5.0
316,17388.0,48694.0,46293.0,51367.0,44653.0,17386.0,3.4521994590759277,,,,,,,,1.0270275115966796,0.0,0.4,12.33591079711914,0.14,0.0,0.0,0.009126012751777202,-0.009405515811025993,-0.06153680338890588,,,,,,,,,17385.0,2.0,12.0,431.0,-1072689134.0,-36.0,7.0,7.0,26.0,-80.0,-12.0
317,17398.0,48572.0,45433.0,50770.0,44881.0,17396.0,3.4680352210998535,,,,,,,,1.036383399963379,0.0,0.4,12.402738571166992,0.14,0.0,0.0,-0.010724052321292619,-0.017706587612554853,-0.07800401232675291,,,,,,,,,17395.0,2.0,12.0,431.0,-1072689134.0,-35.0,7.0,6.0,11.0,-87.0,-10.0
318,17408.0,47878.0,45763.0,51313.0,44659.0,17406.0,3.4785923957824707,,,,,,,,1.0457571125030518,0.0,0.4,12.469693660736084,0.14,0.0,0.0,-0.007817403160060535,-0.01565678664513568,-0.11068294152112301,,,,,,,,,17405.0,3.0,13.0,431.0,-1072688110.0,-30.0,9.0,4.0,-26.0,-95.0,-21.0
319,17418.0,48450.0,45675.0,50723.0,44659.0,17416.0,3.4785923957824707,,,,,,,,1.0563204050064088,0.0,0.4,12.545145750045776,0.14,0.0,0.0,0.011274550620199024,-0.040697646206927854,-0.06882679885566922,,,,,,,,,17415.0,2.0,13.0,431.0,-1072688110.0,-30.0,9.0,4.0,-36.0,-101.0,-22.0
320,17428.0,48133.0,45354.0,51077.0,45021.0,17426.0,3.4838709831237793,,,,,,,,1.0656892442703247,0.0,0.4,12.61206603050232,0.14,0.0,0.0,-0.04203310090021266,0.03205388378095025,-0.049649200170829744,,,,,,,,,17425.0,1.0,13.0,431.0,-1072688110.0,-30.0,8.0,1.0,-54.0,-119.0,-20.0
321,17438.0,48210.0,45688.0,51048.0,44728.0,17436.0,3.4838709831237793,,,,,,,,1.076456780433655,0.0,0.4,12.688977003097534,0.14,0.0,0.0,0.054043386447968585,-0.04709880445073076,-0.05078474166388425,,,,,,,,,17435.0,1.0,14.0,431.0,-1073735662.0,-27.0,10.0,0.0,-50.0,-112.0,-15.0
322,17448.0,48298.0,45636.0,51052.0,44805.0,17446.0,3.4838709831237793,,,,,,,,1.0880532741546631,0.0,0.4,12.771809101104736,0.14,0.0,0.0,0.07471534207536606,-0.06907103946790157,-0.011478534412090013,,,,,,,,,17445.0,2.0,13.0,431.0,-1073735662.0,-25.0,9.0,-2.0,-40.0,-134.0,-10.0
323,17458.0,48117.0,45796.0,51166.0,44814.0,17456.0,3.4838709831237793,,,,,,,,1.1057660293579101,0.0,0.4,12.89832878112793,0.14,0.0,0.0,0.055323524127038975,-0.019161065355539315,-0.030621195934671164,,,,,,,,,17455.0,0.0,14.0,431.0,-536863726.0,-26.0,10.0,-5.0,-33.0,-123.0,-19.0
324,17468.0,48425.0,46466.0,51110.0,44343.0,17466.0,3.4785923957824707,,,,,,,,1.1198314380645753,0.0,0.4,12.998795986175537,0.14,0.0,0.0,0.04637075980559339,-0.05321881829208241,-0.025087354489233604,,,,,,,,,17465.0,0.0,14.0,431.0,-536863726.0,-24.0,10.0,-8.0,0.0,-125.0,-22.0
325,17478.0,48592.0,46494.0,51011.0,44533.0,17476.0,3.4785923957824707,,,,,,,,1.130775113105774,0.0,0.4,13.076965093612671,0.14,0.0,0.0,0.002979034477885139,-0.010448315212353582,-0.01916270176095125,,,,,,,,,17475.0,0.0,14.0,431.0,-536862702.0,-23.0,10.0,-11.0,32.0,-126.0,-24.0
326,17488.0,48499.0,45957.0,51173.0,45155.0,17486.0,3.4785923957824707,,,,,,,,1.1447472620010375,0.0,0.4,13.176766157150269,0.14,0.0,0.0,0.06214515054036967,-0.013672872044974792,-0.03494210010784293,,,,,,,,,17485.0,0.0,14.0,430.0,-1073733614.0,-21.0,10.0,-13.0,69.0,-137.0,-28.0
327,17498.0,49015.0,46639.0,50917.0,44711.0,17496.0,3.473313808441162,,,,,,,,1.1694433546066285,0.0,0.4,13.353166818618774,0.14,0.0,0.0,0.056716284357033735,-0.07312254847477184,-0.03324682518034727,,,,,,,,,17495.0,0.0,14.0,430.0,-1073732590.0,-19.0,10.0,-18.0,114.0,-115.0,-34.0
328,17508.0,49001.0,47583.0,51010.0,43927.0,17506.0,3.473313808441162,,,,,,,,1.1866101026535034,0.0,0.4,13.475786447525024,0.14,0.0,0.0,0.06887350116567936,0.015464169234953489,-0.023392021400718832,,,,,,,,,17505.0,0.0,15.0,430.0,-1072684014.0,-17.0,10.0,-23.0,105.0,-111.0,-33.0
329,17518.0,49078.0,46806.0,51277.0,45167.0,17516.0,3.4680352210998535,,,,,,,,1.1958423233032227,0.0,0.4,13.541730880737305,0.14,0.0,0.0,0.08183303244087387,-0.042783688563233474,0.0011834789821065783,,,,,,,,,17515.0,0.0,14.0,429.0,-1072684015.0,-11.0,9.0,-29.0,118.0,-120.0,-36.0
330,17528.0,49731.0,47660.0,51016.0,44568.0,17526.0,3.462756633758545,,,,,,,,1.2063393259048463,0.0,0.4,13.616709470748901,0.14,0.0,0.0,0.05996203914724514,-0.01931180288850545,-0.003759642743709435,,,,,,,,,17525.0,0.0,15.0,429.0,-1072682991.0,-8.0,9.0,-35.0,125.0,-86.0,-36.0
331,17538.0,49367.0,47849.0,51466.0,44654.0,17536.0,3.462756633758545,,,,,,,,1.2169936752319337,0.0,0.4,13.692811965942383,0.14,0.0,0.0,0.07252508097833674,-0.05117792355204556,-0.0022729812460564602,,,,,,,,,17535.0,0.0,14.0,429.0,-1071634415.0,-6.0,8.0,-39.0,93.0,-88.0,-33.0
332,17548.0,49416.0,48114.0,51731.0,44669.0,17546.0,3.4574780464172363,,,,,,,,1.2349068021774292,0.0,0.4,13.820762872695923,0.14,0.0,0.0,0.06531646247201729,-0.062311422620003394,0.04510401305643619,,,,,,,,,17545.0,0.0,15.0,428.0,-1071633391.0,-3.0,8.0,-43.0,76.0,-116.0,-33.0
333,17558.0,49384.0,47694.0,52188.0,45781.0,17556.0,3.4521994590759277,,,,,,,,1.2468706607818603,0.0,0.4,13.906219005584717,0.14,0.0,0.0,0.03797485808289565,-0.0123013457098674,0.05846399274684266,,,,,,,,,17555.0,0.0,15.0,427.0,-1070584815.0,-1.0,8.0,-53.0,34.0,-106.0,-32.0
334,17568.0,49175.0,47294.0,52506.0,46374.0,17566.0,3.4521994590759277,,,,,,,,1.2575895309448242,0.0,0.4,13.982782363891602,0.14,0.0,0.0,0.1076610228693133,-0.023845219722628007,0.002888624084764757,,,,,,,,,17565.0,0.0,15.0,426.0,-1070584815.0,1.0,7.0,-56.0,-13.0,-85.0,-32.0
335,17578.0,49093.0,47664.0,52915.0,46451.0,17576.0,3.4416422843933105,,,,,,,,1.2684755277633668,0.0,0.4,14.060539484024048,0.14,0.0,0.0,0.09605187545185631,-0.01136743831985065,0.022984085082104144,,,,,,,,,17575.0,0.0,15.0,426.0,-1070583791.0,4.0,7.0,-60.0,-52.0,-77.0,-38.0
336,17588.0,49158.0,48154.0,53192.0,46269.0,17586.0,3.436363697052002,,,,,,,,1.27919593334198,0.0,0.4,14.137113809585571,0.14,0.0,0.0,0.06365464866669737,0.015387443134965133,-0.009707883236920622,,,,,,,,,17585.0,0.0,15.0,425.0,-1071632367.0,7.0,6.0,-64.0,-75.0,-46.0,-32.0
337,17598.0,49708.0,48117.0,53028.0,46418.0,17596.0,3.436363697052002,,,,,,,,1.288373646736145,0.0,0.4,14.202668905258179,0.14,0.0,0.0,0.010058348909811034,0.03146669363043733,-0.013798498928967007,,,,,,,,,17595.0,0.0,15.0,425.0,-1071632368.0,10.0,6.0,-66.0,-80.0,-28.0,-14.0
338,17608.0,49917.0,48650.0,53011.0,46106.0,17606.0,3.4310851097106934,,,,,,,,1.2975778293609619,0.0,0.4,14.268413066864014,0.14,0.0,0.0,-0.07811431742422878,-0.0017841866602134892,-0.01703708884424948,,,,,,,,,17605.0,-1.0,19.0,424.0,-1071632368.0,9.0,13.0,-69.0,-96.0,-26.0,-17.0
339,17618.0,49118.0,48211.0,53822.0,46716.0,17616.0,3.4310851097106934,,,,,,,,1.307949161529541,0.0,0.4,14.342494010925293,0.14,0.0,0.0,-0.05402392131853291,0.063032299091637,-0.03833076106852573,,,,,,,,,17615.0,-1.0,19.0,423.0,-1072680944.0,12.0,13.0,-71.0,-81.0,-48.0,-7.0
340,17628.0,49764.0,47819.0,53575.0,47496.0,17626.0,3.4258065223693848,,,,,,,,1.3190781211853027,0.0,0.4,14.42198657989502,0.14,0.0,0.0,-0.005063759555733365,-0.017575120629016536,-0.02259252113215915,,,,,,,,,17625.0,-1.0,19.0,423.0,-1072680944.0,16.0,12.0,-72.0,-23.0,-53.0,-17.0
341,17638.0,50852.0,48985.0,53038.0,46796.0,17636.0,3.4152493476867676,,,,,,,,1.3429393482208252,0.0,0.4,14.592423915863037,0.14,0.0,0.0,-0.07939017249354348,0.050085275906816405,-0.0748253681945652,,,,,,,,,17635.0,-1.0,19.0,423.0,-1072679920.0,19.0,12.0,-69.0,-19.0,-37.0,-24.0
342,17648.0,50691.0,48902.0,53311.0,47067.0,17646.0,3.409970760345459,,,,,,,,1.3600671768188477,0.0,0.4,14.714765548706055,0.14,0.0,0.0,-0.04398118495241958,0.05180586412187209,-0.05102509884629036,,,,,,,,,17645.0,0.0,19.0,422.0,-1072679920.0,22.0,12.0,-71.0,14.0,-66.0,-25.0
343,17658.0,50759.0,48941.0,53315.0,47132.0,17656.0,3.409970760345459,,,,,,,,1.3730822277069092,0.0,0.4,14.807730197906494,0.14,0.0,0.0,-0.05597346997341832,0.09195420892769328,-0.02623508023693155,,,,,,,,,17655.0,0.0,20.0,421.0,-1072679920.0,26.0,12.0,-73.0,39.0,-86.0,-25.0
344,17668.0,50831.0,49218.0,53548.0,47142.0,17666.0,3.4046921730041504,,,,,,,,1.3818632698059081,0.0,0.4,14.870451927185059,0.14,0.0,0.0,-0.025783153885439065,0.0657050914402473,-0.03118600887086842,,,,,,,,,17665.0,0.0,20.0,421.0,-1072679920.0,29.0,12.0,-76.0,54.0,-102.0,-24.0
345,17678.0,51294.0,49379.0,53217.0,47322.0,17676.0,3.4046921730041504,,,,,,,,1.3910659170150756,0.0,0.4,14.936185121536255,0.14,0.0,0.0,-0.0623494993273833,0.05412460694371978,-0.018956498724168824,,,,,,,,,17675.0,0.0,20.0,420.0,-1072678896.0,33.0,12.0,-78.0,66.0,-104.0,-32.0
346,17688.0,51539.0,49294.0,53611.0,48089.0,17686.0,3.394134998321533,,,,,,,,1.402112865447998,0.0,0.4,15.015091896057129,0.14,0.0,0.0,-0.04166406641502359,0.08031422862120585,-0.036993707456099756,,,,,,,,,17685.0,3.0,10.0,418.0,-1071630320.0,43.0,-8.0,-84.0,82.0,-134.0,-29.0
347,17698.0,51907.0,50030.0,53363.0,47500.0,17696.0,3.394134998321533,,,,,,,,1.410930690765381,0.0,0.4,15.078076362609863,0.14,0.0,0.0,-0.04818431648928563,0.07173796096084295,-0.0736373808482007,,,,,,,,,17695.0,4.0,10.0,417.0,-1071629296.0,47.0,-8.0,-84.0,74.0,-142.0,-38.0
348,17708.0,51728.0,49603.0,53675.0,48194.0,17706.0,3.3888564109802246,,,,,,,,1.421902470588684,0.0,0.4,15.1564462184906,0.14,0.0,0.0,-0.08497422012836836,0.1219402647477926,-0.09241253023020057,,,,,,,,,17705.0,4.0,10.0,416.0,-1070580720.0,51.0,-9.0,-84.0,78.0,-130.0,-39.0
349,17718.0,51618.0,49896.0,53809.0,48065.0,17716.0,3.3888564109802246,,,,,,,,1.4327091264724732,0.0,0.4,15.233636617660522,0.14,0.0,0.0,-0.035202686444536904,0.10038287097954611,-0.04575079352603595,,,,,,,,,17715.0,5.0,10.0,415.0,-1070579697.0,55.0,-9.0,-84.0,60.0,-129.0,-50.0
350,17728.0,51845.0,49929.0,54007.0,48493.0,17726.0,3.3782992362976074,,,,,,,,1.443458571434021,0.0,0.4,15.310418367385864,0.14,0.0,0.0,-0.04667499027544084,0.10050549507534282,-0.05003231721453005,,,,,,,,,17725.0,4.0,10.0,416.0,-1070579697.0,56.0,-10.0,-78.0,15.0,-85.0,-46.0
351,17738.0,51759.0,50243.0,53945.0,48245.0,17736.0,3.3782992362976074,,,,,,,,1.4545063877105713,0.0,0.4,15.389331340789795,0.14,0.0,0.0,-0.06706651251916419,0.08072971309851085,-0.06213971886643854,,,,,,,,,17735.0,4.0,10.0,415.0,-1070579697.0,61.0,-11.0,-77.0,-6.0,-68.0,-55.0
352,17748.0,50947.0,49762.0,54780.0,49045.0,17746.0,3.373020648956299,,,,,,,,1.4654272651672364,0.0,0.4,15.467337608337402,0.14,0.0,0.0,-0.05340438486086023,0.09355435777602185,-0.06331751335394031,,,,,,,,,17745.0,4.0,11.0,414.0,-1070578673.0,64.0,-8.0,-75.0,-53.0,-42.0,-58.0
353,17758.0,51277.0,49782.0,54480.0,49238.0,17756.0,3.373020648956299,,,,,,,,1.4765725803375245,0.0,0.4,15.546947002410889,0.14,0.0,0.0,-0.018789001129745023,0.08004242802362972,-0.02622438252716286,,,,,,,,,17755.0,6.0,11.0,413.0,-1070578673.0,70.0,-8.0,-74.0,-75.0,-14.0,-66.0
354,17768.0,51020.0,50259.0,54975.0,49068.0,17766.0,3.3677420616149902,,,,,,,,1.4873473930358887,0.0,0.4,15.623909950256348,0.14,0.0,0.0,-0.06175489600802666,0.10778774283873191,-0.05660927449544495,,,,,,,,,17765.0,6.0,11.0,412.0,-1071627250.0,75.0,-9.0,-77.0,-91.0,2.0,-67.0
355,17778.0,51109.0,50731.0,54862.0,48418.0,17776.0,3.3677420616149902,,,,,,,,1.49887996673584,0.0,0.4,15.70628547668457,0.14,0.0,0.0,-0.015293083272704974,0.07815042121038172,-0.02385183701676219,,,,,,,,,17775.0,5.0,11.0,411.0,-1071627250.0,75.0,-9.0,-75.0,-115.0,22.0,-63.0
356,17788.0,51797.0,50514.0,54376.0,48753.0,17786.0,3.373020648956299,,,,,,,,1.5161679458618165,0.0,0.4,15.829771041870117,0.14,0.0,0.0,-0.006598769072057547,0.10579157085263777,-0.01184562448453974,,,,,,,,,17785.0,6.0,11.0,410.0,-1071627250.0,80.0,-10.0,-74.0,-98.0,44.0,-54.0
357,17798.0,51415.0,50775.0,54956.0,48608.0,17796.0,3.3677420616149902,,,,,,,,1.532050518989563,0.0,0.4,15.943217992782593,0.14,0.0,0.0,-0.016784799884516678,0.07682130948501205,-0.02357843828478856,,,,,,,,,17795.0,7.0,11.0,410.0,-1072676850.0,84.0,-10.0,-73.0,-57.0,50.0,-39.0
358,17808.0,51543.0,50647.0,54924.0,48735.0,17806.0,3.3677420616149902,,,,,,,,1.541452136039734,0.0,0.4,16.010372400283813,0.14,0.0,0.0,0.013188743821517513,0.054848843915141665,0.04717108722019603,,,,,,,,,17805.0,6.0,12.0,409.0,-1072676850.0,86.0,-9.0,-70.0,-48.0,67.0,-29.0
359,17818.0,51724.0,50689.0,54924.0,48723.0,17816.0,3.3624634742736816,,,,,,,,1.552237229347229,0.0,0.4,16.087408781051636,0.14,0.0,0.0,0.009105785445007957,0.027472310982560165,0.07032746202104789,,,,,,,,,17815.0,7.0,12.0,408.0,-1072676851.0,91.0,-9.0,-68.0,-31.0,46.0,-28.0
360,17828.0,51566.0,51117.0,54991.0,48413.0,17826.0,3.3624634742736816,,,,,,,,1.5657372379302978,0.0,0.4,16.183837413787842,0.14,0.0,0.0,0.01741672838615863,0.05201146228378189,0.09992007942696901,,,,,,,,,17825.0,7.0,11.0,408.0,-1072676851.0,92.0,-10.0,-65.0,-20.0,32.0,-30.0
361,17838.0,51713.0,50892.0,54882.0,48774.0,17836.0,3.3624634742736816,,,,,,,,1.5765446281433106,0.0,0.4,16.261033058166504,0.14,0.0,0.0,0.0191950922416859,0.026395574097540706,0.05599795934770313,,,,,,,,,17835.0,7.0,11.0,407.0,-1072676851.0,96.0,-9.0,-63.0,-7.0,18.0,-40.0
362,17848.0,52270.0,50726.0,54678.0,49367.0,17846.0,3.357184886932373,,,,,,,,1.5893941879272462,0.0,0.4,16.352815628051758,0.14,0.0,0.0,0.04521839518303667,0.010535032276840115,0.006221913158793058,,,,,,,,,17845.0,8.0,11.0,406.0,-1072677875.0,100.0,-9.0,-60.0,11.0,10.0,-47.0
363,17858.0,52032.0,51210.0,54679.0,48905.0,17856.0,3.3519062995910645,,,,,,,,1.5999186611175538,0.0,0.4,16.427990436553955,0.14,0.0,0.0,0.025675196603139397,0.03134792058983962,-0.023942447222617957,,,,,,,,,17855.0,9.0,11.0,406.0,-1072677875.0,104.0,-9.0,-54.0,18.0,0.0,-62.0
364,17868.0,52175.0,50700.0,54429.0,49419.0,17866.0,3.3519062995910645,,,,,,,,1.6095060968399049,0.0,0.4,16.496472120285034,0.14,0.0,0.0,-0.004088013782550871,0.006497145334336304,-0.00400076839439123,,,,,,,,,17865.0,11.0,11.0,406.0,-1072677875.0,109.0,-9.0,-50.0,20.0,-2.0,-69.0
365,17878.0,52119.0,50975.0,54764.0,49474.0,17876.0,3.3413491249084473,,,,,,,,1.620211682319641,0.0,0.4,16.572940587997437,0.14,0.0,0.0,0.06693812725528639,-0.0011731879326157789,0.011533324573466786,,,,,,,,,17875.0,11.0,11.0,405.0,-1072677876.0,112.0,-9.0,-47.0,15.0,3.0,-70.0
366,17888.0,52420.0,51303.0,54638.0,49258.0,17886.0,3.3360705375671387,,,,,,,,1.6306487703323365,0.0,0.4,16.647491216659546,0.14,0.0,0.0,0.08464085063325481,-0.0003934385453666169,-0.06919898044630024,,,,,,,,,17885.0,12.0,11.0,405.0,-1072677876.0,117.0,-9.0,-43.0,-2.0,7.0,-70.0
367,17898.0,52493.0,51306.0,54666.0,49541.0,17896.0,3.3360705375671387,,,,,,,,1.6393501377105713,0.0,0.4,16.709643840789795,0.14,0.0,0.0,0.010216954235713527,-0.020054199155726343,-0.07766986064963532,,,,,,,,,17895.0,14.0,11.0,404.0,-1072677876.0,121.0,-9.0,-39.0,14.0,16.0,-69.0
368,17908.0,52928.0,51023.0,54122.0,49817.0,17906.0,3.3255133628845215,,,,,,,,1.648970184326172,0.0,0.4,16.778358459472656,0.14,0.0,0.0,0.04121815271087986,0.009404468321059341,-0.066410752335198,,,,,,,,,17905.0,16.0,11.0,405.0,-1072677876.0,128.0,-9.0,-32.0,7.0,10.0,-75.0
369,17918.0,52282.0,51301.0,54615.0,49489.0,17916.0,3.3255133628845215,,,,,,,,1.6600424671173095,0.0,0.4,16.85744619369507,0.14,0.0,0.0,0.06948413259769866,-0.0015375280719741157,-0.017525473100070244,,,,,,,,,17915.0,17.0,11.0,404.0,-1072677877.0,133.0,-10.0,-27.0,19.0,23.0,-80.0
370,17928.0,51715.0,51814.0,55348.0,49220.0,17926.0,3.3149561882019043,,,,,,,,1.6696949243545531,0.0,0.4,16.926392316818237,0.14,0.0,0.0,0.04633846688678143,-0.028988336651231267,0.06216100862669194,,,,,,,,,17925.0,16.0,13.0,404.0,-1072677877.0,131.0,-6.0,-24.0,21.0,27.0,-79.0
371,17938.0,52169.0,51497.0,54943.0,49533.0,17936.0,3.3149561882019043,,,,,,,,1.6939494848251342,0.0,0.4,17.099639177322388,0.14,0.0,0.0,0.022691526488740826,-0.0188691190949131,0.054492885167736205,,,,,,,,,17935.0,18.0,13.0,404.0,-1072677877.0,135.0,-6.0,-21.0,23.0,33.0,-73.0
372,17948.0,52069.0,51598.0,54969.0,49373.0,17946.0,3.3149561882019043,,,,,,,,1.7097849941253662,0.0,0.4,17.21274995803833,0.14,0.0,0.0,0.05162185430299877,-0.0009770987382200075,0.04299579682164101,,,,,,,,,17945.0,19.0,13.0,404.0,-1072677878.0,139.0,-6.0,-18.0,20.0,53.0,-72.0
373,17958.0,51413.0,52112.0,54941.0,48174.0,17956.0,3.3149561882019043,,,,,,,,1.7205482578277589,0.0,0.4,17.28963041305542,0.14,0.0,0.0,-0.004896395737063453,-0.03461108848947701,0.03135200429015583,,,,,,,,,17955.0,15.0,12.0,404.0,-1072678902.0,131.0,-7.0,-14.0,33.0,72.0,-68.0
374,17968.0,51766.0,51525.0,54629.0,48782.0,17966.0,3.33079195022583,,,,,,,,1.7293451881408692,0.0,0.4,17.352465629577637,0.14,0.0,0.0,-0.0020854884377435566,-0.011889434213075685,-0.0049068444302893255,,,,,,,,,17965.0,16.0,13.0,404.0,-1072678902.0,133.0,-6.0,-11.0,39.0,92.0,-67.0
375,17978.0,51514.0,51857.0,55051.0,48753.0,17976.0,3.320234775543213,,,,,,,,1.7398433256149293,0.0,0.4,17.427452325820923,0.14,0.0,0.0,-0.011124030200012486,-0.0008931852393209607,-0.03347650831316784,,,,,,,,,17975.0,17.0,13.0,403.0,-1072678902.0,136.0,-5.0,-8.0,45.0,72.0,-65.0
376,17988.0,52391.0,51006.0,54340.0,49701.0,17986.0,3.320234775543213,,,,,,,,1.7491566228866577,0.0,0.4,17.49397587776184,0.14,0.0,0.0,0.02972326953888112,-0.014912145643127879,-0.03781827869791954,,,,,,,,,17985.0,21.0,14.0,403.0,-1072678903.0,146.0,-3.0,-8.0,53.0,62.0,-65.0
377,17998.0,52205.0,51227.0,54278.0,49127.0,17996.0,3.3255133628845215,,,,,,,,1.75959237575531,0.0,0.4,17.568516969680786,0.14,0.0,0.0,0.0394397417844122,-0.013801598399084037,0.06703085079493398,,,,,,,,,17995.0,22.0,14.0,403.0,-1071631351.0,150.0,-4.0,-3.0,64.0,38.0,-53.0
378,18008.0,52082.0,50935.0,54309.0,49300.0,18006.0,3.3255133628845215,,,,,,,,1.76945011138916,0.0,0.4,17.63892936706543,0.14,0.0,0.0,0.009442948326315138,-0.02483781602257125,0.1322999351908063,,,,,,,,,18005.0,24.0,14.0,403.0,-1071631351.0,154.0,-4.0,0.0,57.0,18.0,-51.0
379,18018.0,52244.0,50963.0,54089.0,49117.0,18016.0,3.3255133628845215,,,,,,,,1.7795392274856567,0.0,0.4,17.710994482040405,0.14,0.0,0.0,0.03459269643490668,-0.029496727492571345,0.17115338529016988,,,,,,,,,18015.0,25.0,14.0,403.0,-1071631351.0,157.0,-4.0,4.0,57.0,21.0,-43.0
380,18028.0,52288.0,50725.0,53960.0,49225.0,18026.0,3.3255133628845215,,,,,,,,1.7913669013977052,0.0,0.4,17.795477867126465,0.14,0.0,0.0,0.061788133704776226,-0.05208131845247898,0.11402016711692653,,,,,,,,,18025.0,27.0,14.0,403.0,-1071631351.0,161.0,-5.0,8.0,35.0,21.0,-42.0
381,18038.0,51089.0,50539.0,54521.0,48929.0,18036.0,3.3360705375671387,,,,,,,,1.804644274711609,0.0,0.4,17.890316247940063,0.14,0.0,0.0,0.03880611780714946,-0.03869494623363333,0.07489570728039396,,,,,,,,,18035.0,26.0,15.0,403.0,-1071631352.0,159.0,-3.0,13.0,12.0,44.0,-43.0
382,18048.0,51434.0,50536.0,53944.0,48641.0,18046.0,3.3413491249084473,,,,,,,,1.828789553642273,0.0,0.4,18.062782526016235,0.14,0.0,0.0,-0.018285998193931903,-0.059847492781141355,0.0550733060245161,,,,,,,,,18045.0,27.0,14.0,403.0,-1071632376.0,161.0,-5.0,18.0,-43.0,65.0,-45.0
383,18058.0,51018.0,49957.0,54088.0,48869.0,18056.0,3.346627712249756,,,,,,,,1.8456146383285523,0.0,0.4,18.1829617023468,0.14,0.0,0.0,0.06454960457222003,-0.10231981795638526,0.11596194462720177,,,,,,,,,18055.0,30.0,14.0,404.0,-1071632376.0,168.0,-5.0,22.0,-65.0,82.0,-31.0
384,18068.0,50837.0,50211.0,54432.0,48793.0,18066.0,3.3360705375671387,,,,,,,,1.860107159614563,0.0,0.4,18.286479711532593,0.14,0.0,0.0,0.038742837380564055,-0.09887614207609853,0.10529859073126602,,,,,,,,,18065.0,32.0,15.0,404.0,-1071632376.0,172.0,-4.0,26.0,-81.0,130.0,-28.0
385,18078.0,50322.0,50102.0,54590.0,48668.0,18076.0,3.3360705375671387,,,,,,,,1.8704953145980836,0.0,0.4,18.36068081855774,0.14,0.0,0.0,-0.03698793474918807,-0.12405012359191142,0.10531260507464246,,,,,,,,,18075.0,34.0,15.0,405.0,-1071632376.0,175.0,-4.0,34.0,-84.0,141.0,-29.0
386,18088.0,50390.0,50265.0,54411.0,48078.0,18086.0,3.3413491249084473,,,,,,,,1.881714563369751,0.0,0.4,18.440818309783936,0.14,0.0,0.0,0.0393777183841916,-0.07683115569221279,0.09900705554438893,,,,,,,,,18085.0,35.0,15.0,405.0,-1072681976.0,178.0,-4.0,36.0,-94.0,164.0,-18.0
387,18098.0,50459.0,50428.0,54145.0,47718.0,18096.0,3.346627712249756,,,,,,,,1.8959186267852783,0.0,0.4,18.54227590560913,0.14,0.0,0.0,-0.03430180191378424,-0.09091232667682154,0.13176064070178484,,,,,,,,,18095.0,37.0,15.0,406.0,-1072683000.0,180.0,-4.0,37.0,-69.0,200.0,-22.0
388,18108.0,50695.0,50074.0,53851.0,48010.0,18106.0,3.346627712249756,,,,,,,,1.9065254783630372,0.0,0.4,18.61803913116455,0.14,0.0,0.0,0.014589371384253792,-0.10109295321826074,0.13210319426044848,,,,,,,,,18105.0,38.0,16.0,406.0,-1072683000.0,183.0,-3.0,40.0,-40.0,217.0,-21.0
389,18118.0,50838.0,50171.0,53635.0,47831.0,18116.0,3.346627712249756,,,,,,,,1.9197559547424317,0.0,0.4,18.71254253387451,0.14,0.0,0.0,-0.01234973133636807,-0.07731771293938675,0.10900170507107276,,,,,,,,,18115.0,40.0,16.0,406.0,-1072684024.0,185.0,-3.0,41.0,-33.0,172.0,-22.0
390,18128.0,50887.0,49853.0,53534.0,47996.0,18126.0,3.346627712249756,,,,,,,,1.929536018371582,0.0,0.4,18.782400131225586,0.14,0.0,0.0,-0.022990883327099476,-0.0562326864749204,0.04900950513282254,,,,,,,,,18125.0,42.0,16.0,407.0,-1073733624.0,189.0,-3.0,43.0,0.0,121.0,-13.0
391,18138.0,50710.0,49981.0,53642.0,47788.0,18136.0,3.346627712249756,,,,,,,,1.9430759477615356,0.0,0.4,18.879113912582397,0.14,0.0,0.0,-0.034613583077939304,-0.07137331152136037,0.017090928620131507,,,,,,,,,18135.0,44.0,16.0,407.0,-1073733625.0,191.0,-3.0,45.0,14.0,93.0,-20.0
392,18148.0,51378.0,49220.0,52804.0,48337.0,18146.0,3.3519062995910645,,,,,,,,1.9566345024108887,0.0,0.4,18.975960731506348,0.14,0.0,0.0,-0.02177062522274777,-0.019930610078503223,-0.0344392647373013,,,,,,,,,18145.0,46.0,16.0,408.0,-1072685049.0,194.0,-3.0,47.0,38.0,95.0,-19.0
393,18158.0,50921.0,49414.0,52983.0,47846.0,18156.0,3.357184886932373,,,,,,,,1.9673249340057373,0.0,0.4,19.052320957183838,0.14,0.0,0.0,-0.04390092570676773,-0.055063422465421175,-0.026918287421299425,,,,,,,,,18155.0,47.0,17.0,408.0,-1072686073.0,193.0,-1.0,48.0,48.0,63.0,-11.0
394,18168.0,51262.0,49601.0,52692.0,47533.0,18166.0,3.357184886932373,,,,,,,,1.9778874254226684,0.0,0.4,19.127767324447632,0.14,0.0,0.0,-0.07268926507128036,-0.036342156547897755,0.009808904682440556,,,,,,,,,18165.0,50.0,16.0,408.0,-1072686073.0,196.0,-3.0,48.0,47.0,53.0,-10.0
395,18178.0,50770.0,49558.0,53130.0,47438.0,18176.0,3.357184886932373,,,,,,,,1.9899254512786866,0.0,0.4,19.21375322341919,0.14,0.0,0.0,-0.09493472404193011,0.006508407497899257,0.017912555557836995,,,,,,,,,18175.0,51.0,16.0,409.0,-1072686073.0,198.0,-3.0,48.0,52.0,47.0,-5.0
396,18188.0,50773.0,48882.0,53030.0,47967.0,18186.0,3.3624634742736816,,,,,,,,2.002612590789795,0.0,0.4,19.304375648498535,0.14,0.0,0.0,-0.034631816050914616,-0.0074080831008105094,-0.018238322467411194,,,,,,,,,18185.0,55.0,16.0,409.0,-1072686073.0,203.0,-2.0,48.0,54.0,51.0,1.0
397,18198.0,50627.0,49444.0,53054.0,47381.0,18196.0,3.3624634742736816,,,,,,,,2.0133493518829346,0.0,0.4,19.38106679916382,0.14,0.0,0.0,-0.10788455351549052,0.0007745764951751204,-0.030991691931564702,,,,,,,,,18195.0,56.0,16.0,410.0,-1072687097.0,203.0,-3.0,47.0,47.0,70.0,-8.0
398,18208.0,51080.0,49389.0,52600.0,47471.0,18206.0,3.3677420616149902,,,,,,,,2.0263660049438474,0.0,0.4,19.474042892456055,0.14,0.0,0.0,-0.07041968355318018,-0.02474623759447608,-0.04301245768076534,,,,,,,,,18205.0,58.0,16.0,409.0,-1072687097.0,204.0,-3.0,41.0,40.0,89.0,-9.0
399,18218.0,50425.0,49272.0,53053.0,47264.0,18216.0,3.373020648956299,,,,,,,,2.038821129798889,0.0,0.4,19.563008069992065,0.14,0.0,0.0,-0.05427792517678575,0.04417364541713701,0.0008949234486390623,,,,,,,,,18215.0,60.0,16.0,410.0,-1071638521.0,205.0,-4.0,41.0,16.0,103.0,0.0
400,18228.0,50555.0,49265.0,53141.0,47529.0,18226.0,3.3624634742736816,,,,,,,,2.0478492069244383,0.0,0.4,19.62749433517456,0.14,0.0,0.0,-0.04451287719055459,0.0330152976330191,-0.0030942778941440707,,,,,,,,,18225.0,62.0,16.0,410.0,-1071638521.0,207.0,-4.0,43.0,0.0,131.0,-5.0
401,18238.0,49906.0,48836.0,53748.0,47844.0,18236.0,3.3624634742736816,,,,,,,,2.059956793785095,0.0,0.4,19.713977098464966,0.14,0.0,0.0,-0.00626889417589596,-0.023761429249227924,-0.002631275524754173,,,,,,,,,18235.0,63.0,18.0,410.0,-1071639545.0,207.0,0.0,42.0,-11.0,141.0,8.0
402,18248.0,49861.0,49571.0,53986.0,47229.0,18246.0,3.357184886932373,,,,,,,,2.082326331138611,0.0,0.4,19.873759508132935,0.14,0.0,0.0,-0.06799307416891409,0.091140022207675,-0.01919131335450963,,,,,,,,,18245.0,65.0,18.0,411.0,-1072689145.0,208.0,0.0,40.0,-38.0,158.0,8.0
403,18258.0,50200.0,49350.0,53749.0,47563.0,18256.0,3.357184886932373,,,,,,,,2.098838791847229,0.0,0.4,19.991705656051636,0.14,0.0,0.0,-0.034633893508588226,0.004718860516643899,-0.027169562535894087,,,,,,,,,18255.0,67.0,19.0,411.0,-1072689145.0,209.0,0.0,37.0,-41.0,163.0,10.0
404,18268.0,49966.0,49381.0,53845.0,47165.0,18266.0,3.3624634742736816,,,,,,,,2.1096622705459596,0.0,0.4,20.069016218185425,0.14,0.0,0.0,0.014848553765290833,0.05498162456043031,0.0007035415032081715,,,,,,,,,18265.0,69.0,18.0,411.0,-1072690169.0,209.0,-1.0,37.0,-49.0,191.0,20.0
405,18278.0,50011.0,49509.0,53596.0,46866.0,18276.0,3.3677420616149902,,,,,,,,2.118241605758667,0.0,0.4,20.13029718399048,0.14,0.0,0.0,-0.030660015993515415,0.047242268648410184,0.008397941797330333,,,,,,,,,18275.0,70.0,18.0,411.0,-1072690169.0,208.0,0.0,37.0,-38.0,183.0,18.0
406,18288.0,50116.0,48922.0,53542.0,47456.0,18286.0,3.3677420616149902,,,,,,,,2.1291981983184813,0.0,0.4,20.208558559417725,0.14,0.0,0.0,-0.05055834126010272,0.07833363077245879,0.0808669685110317,,,,,,,,,18285.0,72.0,18.0,412.0,-1072691193.0,209.0,0.0,36.0,-21.0,196.0,17.0
407,18298.0,50366.0,48796.0,53401.0,47471.0,18296.0,3.3677420616149902,,,,,,,,2.1442884969711304,0.0,0.4,20.316346406936646,0.14,0.0,0.0,0.015677469694487457,0.026833203357475233,0.06958461058938425,,,,,,,,,18295.0,74.0,18.0,412.0,-1072692217.0,208.0,0.0,34.0,1.0,170.0,22.0
408,18308.0,50747.0,49501.0,53252.0,46860.0,18306.0,3.3624634742736816,,,,,,,,2.172655167579651,0.0,0.4,20.518965482711792,0.14,0.0,0.0,-0.0462689248482776,0.09946818803845142,0.05725803568412147,,,,,,,,,18305.0,76.0,19.0,413.0,-1072692216.0,208.0,0.0,34.0,26.0,170.0,24.0
409,18318.0,50947.0,50045.0,53000.0,46230.0,18316.0,3.3624634742736816,,,,,,,,2.1895035171508788,0.0,0.4,20.639310836791992,0.14,0.0,0.0,0.04021801910302262,0.048343887465736035,0.018019815553378393,,,,,,,,,18315.0,78.0,18.0,413.0,-1072168952.0,209.0,-1.0,34.0,11.0,148.0,26.0
410,18328.0,50857.0,49022.0,53080.0,47289.0,18326.0,3.3624634742736816,,,,,,,,2.202229743003845,0.0,0.4,20.730212450027466,0.14,0.0,0.0,-0.02566362554353381,0.06361293764519418,0.01785457746011332,,,,,,,,,18325.0,82.0,18.0,413.0,-1072168952.0,214.0,-1.0,34.0,42.0,113.0,21.0
411,18338.0,50144.0,49358.0,53713.0,46923.0,18336.0,3.3677420616149902,,,,,,,,2.2129803895950317,0.0,0.4,20.807002782821655,0.14,0.0,0.0,0.0014554080831598007,0.05435488071577714,0.03820880017361716,,,,,,,,,18335.0,83.0,19.0,414.0,-1072167928.0,209.0,0.0,33.0,72.0,101.0,20.0
412,18348.0,50847.0,49436.0,53214.0,47118.0,18346.0,3.3624634742736816,,,,,,,,2.2240400886535645,0.0,0.4,20.886000633239746,0.14,0.0,0.0,0.029318054390084818,0.0013509802698219045,0.01029975215658041,,,,,,,,,18345.0,84.0,19.0,413.0,-1072167928.0,207.0,-1.0,28.0,79.0,83.0,14.0
413,18358.0,50600.0,49792.0,53502.0,46632.0,18356.0,3.3624634742736816,,,,,,,,2.235902843475342,0.0,0.4,20.97073459625244,0.14,0.0,0.0,-0.04108776237982087,0.09064621647349536,-0.014542293802204398,,,,,,,,,18355.0,86.0,18.0,413.0,-1071118328.0,206.0,-2.0,28.0,67.0,66.0,17.0
414,18368.0,50792.0,49676.0,53464.0,46812.0,18366.0,3.3624634742736816,,,,,,,,2.2466808938980103,0.0,0.4,21.047720670700073,0.14,0.0,0.0,0.044700101160682064,0.015109553071652524,0.018282683810454614,,,,,,,,,18365.0,88.0,18.0,414.0,-1071118328.0,206.0,-2.0,25.0,46.0,79.0,23.0
415,18378.0,50951.0,49281.0,53435.0,47334.0,18376.0,3.3624634742736816,,,,,,,,2.257683916091919,0.0,0.4,21.12631368637085,0.14,0.0,0.0,0.03495618576344878,0.02687441819328515,0.03843549809080038,,,,,,,,,18375.0,91.0,20.0,414.0,-1071118328.0,207.0,0.0,22.0,37.0,73.0,27.0
416,18388.0,50920.0,49506.0,53615.0,47319.0,18386.0,3.357184886932373,,,,,,,,2.270448393821716,0.0,0.4,21.217488527297974,0.14,0.0,0.0,0.038721584033142575,0.01800622673356073,0.0424377407504366,,,,,,,,,18385.0,92.0,19.0,414.0,-1071118328.0,206.0,-1.0,22.0,17.0,58.0,22.0
417,18398.0,50454.0,49812.0,54266.0,47182.0,18396.0,3.3519062995910645,,,,,,,,2.281066927909851,0.0,0.4,21.29333519935608,0.14,0.0,0.0,-0.02099691667459392,0.03338557265838114,0.09356483689727213,,,,,,,,,18395.0,94.0,19.0,415.0,-1071117304.0,203.0,-1.0,19.0,2.0,57.0,19.0
418,18408.0,50642.0,50064.0,54340.0,47177.0,18406.0,3.346627712249756,,,,,,,,2.2916204071044923,0.0,0.4,21.368717193603516,0.14,0.0,0.0,0.023099975142757585,0.01698801816477476,0.09298260389310364,,,,,,,,,18405.0,95.0,19.0,415.0,-1071117304.0,200.0,-2.0,16.0,-25.0,66.0,21.0
419,18418.0,50875.0,49934.0,54197.0,47471.0,18416.0,3.346627712249756,,,,,,,,2.3042495346069334,0.0,0.4,21.458925247192383,0.14,0.0,0.0,-0.06190689816291462,0.044747647919126186,0.061853423544310004,,,,,,,,,18415.0,97.0,20.0,415.0,-1071117304.0,199.0,-2.0,13.0,-36.0,49.0,22.0
420,18428.0,50890.0,49746.0,54303.0,47751.0,18426.0,3.346627712249756,,,,,,,,2.3135760831832886,0.0,0.4,21.525543451309204,0.14,0.0,0.0,-0.014875031586051548,0.004849056584266955,0.014216585960811656,,,,,,,,,18425.0,98.0,20.0,415.0,-1071117304.0,198.0,-2.0,10.0,-50.0,52.0,22.0
421,18438.0,50574.0,49983.0,54618.0,47577.0,18436.0,3.346627712249756,,,,,,,,2.326433153152466,0.0,0.4,21.617379665374756,0.14,0.0,0.0,-0.006290401139574734,-0.0011481748154744116,0.0018469028441856494,,,,,,,,,18435.0,100.0,20.0,415.0,-1071116279.0,197.0,-2.0,8.0,-76.0,56.0,25.0
422,18448.0,50167.0,49915.0,54803.0,47637.0,18446.0,3.3519062995910645,,,,,,,,2.336606583595276,0.0,0.4,21.690047025680542,0.14,0.0,0.0,-0.011584497237867222,0.01661296952778647,0.016580218915166256,,,,,,,,,18445.0,102.0,20.0,415.0,-1072164855.0,196.0,-2.0,6.0,-61.0,49.0,12.0
423,18458.0,50509.0,50223.0,54605.0,47338.0,18456.0,3.3519062995910645,,,,,,,,2.3471568250656127,0.0,0.4,21.765405893325806,0.14,0.0,0.0,0.022050842843149288,0.004732935564078792,0.015212653341656335,,,,,,,,,18455.0,103.0,20.0,415.0,-1072164855.0,193.0,-2.0,4.0,-54.0,53.0,12.0
424,18468.0,50753.0,50023.0,54524.0,47788.0,18466.0,3.346627712249756,,,,,,,,2.3597329473495483,0.0,0.4,21.85523533821106,0.14,0.0,0.0,0.01914526324309126,-0.007565037580944232,-0.009142756422344078,,,,,,,,,18465.0,107.0,20.0,415.0,-1072164855.0,196.0,-3.0,4.0,-39.0,66.0,8.0
425,18478.0,50446.0,50429.0,54749.0,47438.0,18476.0,3.346627712249756,,,,,,,,2.3722544956207274,0.0,0.4,21.944674968719482,0.14,0.0,0.0,-0.02232376471779839,-0.009008404828509158,0.0047127709957237585,,,,,,,,,18475.0,109.0,20.0,415.0,-1072164855.0,195.0,-3.0,4.0,-26.0,81.0,1.0
426,18488.0,50609.0,51111.0,54867.0,46816.0,18486.0,3.3413491249084473,,,,,,,,2.381299228668213,0.0,0.4,22.00928020477295,0.14,0.0,0.0,0.011577951183881986,0.040376540669457776,0.013713414884128028,,,,,,,,,18485.0,111.0,20.0,415.0,-1072163831.0,193.0,-3.0,2.0,2.0,65.0,5.0
427,18498.0,50718.0,51269.0,54776.0,46784.0,18496.0,3.3413491249084473,,,,,,,,2.3891373586654665,0.0,0.4,22.065266847610474,0.14,0.0,0.0,0.015670100122758452,-0.007252333656670108,-0.0015962815773740147,,,,,,,,,18495.0,109.0,20.0,415.0,-1072163831.0,184.0,-3.0,0.0,18.0,70.0,-4.0
428,18508.0,51035.0,51039.0,54350.0,47075.0,18506.0,3.346627712249756,,,,,,,,2.3984677457809447,0.0,0.4,22.13191246986389,0.14,0.0,0.0,0.017422386980157935,-0.03676085895480415,0.0014518443845172868,,,,,,,,,18505.0,111.0,20.0,415.0,-1072163831.0,183.0,-4.0,0.0,29.0,45.0,-15.0
429,18518.0,51497.0,50621.0,54125.0,47582.0,18516.0,3.3413491249084473,,,,,,,,2.4116605377197264,0.0,0.4,22.226146697998047,0.14,0.0,0.0,-0.03318063494980894,0.016076260841160053,0.002933672744983795,,,,,,,,,18515.0,113.0,20.0,416.0,-1072162807.0,181.0,-4.0,1.0,52.0,8.0,-12.0
430,18528.0,51401.0,50640.0,54179.0,47696.0,18526.0,3.3413491249084473,,,,,,,,2.422477707862854,0.0,0.4,22.303412199020386,0.14,0.0,0.0,0.02264919729251687,-0.04557306760197036,0.013708121295476161,,,,,,,,,18525.0,113.0,19.0,416.0,-1072162807.0,175.0,-5.0,0.0,58.0,-49.0,-20.0
431,18538.0,51772.0,49923.0,53488.0,48212.0,18536.0,3.3519062995910645,,,,,,,,2.4326015377044676,0.0,0.4,22.375725269317627,0.14,0.0,0.0,0.03863144097297817,0.020295195372350205,0.030022953042566414,,,,,,,,,18535.0,116.0,20.0,416.0,-1072162807.0,176.0,-4.0,0.0,66.0,-72.0,-26.0
432,18548.0,51543.0,49979.0,53795.0,48317.0,18546.0,3.346627712249756,,,,,,,,2.44639901638031,0.0,0.4,22.474278688430786,0.14,0.0,0.0,0.06514845104917123,-0.045510635330579016,0.014684387464237503,,,,,,,,,18545.0,117.0,20.0,416.0,-1071115255.0,175.0,-5.0,2.0,48.0,-124.0,-23.0
433,18558.0,51784.0,50326.0,53485.0,48007.0,18556.0,3.346627712249756,,,,,,,,2.4575392246246337,0.0,0.4,22.55385160446167,0.14,0.0,0.0,0.02340906454550207,0.01573925202298744,-0.0058987692617602505,,,,,,,,,18555.0,121.0,18.0,416.0,-1071115256.0,177.0,-9.0,3.0,15.0,-134.0,-39.0
434,18568.0,51643.0,50019.0,53891.0,48713.0,18566.0,3.3360705375671387,,,,,,,,2.470933756828308,0.0,0.4,22.649526834487915,0.14,0.0,0.0,0.036923109924587576,-0.02629319430024998,-0.024144218251336724,,,,,,,,,18565.0,122.0,18.0,416.0,-1071116280.0,175.0,-9.0,3.0,11.0,-143.0,-36.0
435,18578.0,51724.0,50613.0,53994.0,48279.0,18576.0,3.33079195022583,,,,,,,,2.481590542793274,0.0,0.4,22.72564673423767,0.14,0.0,0.0,-0.01623713005148791,0.019200154831602215,-0.042521903840068376,,,,,,,,,18575.0,124.0,18.0,416.0,-1071116280.0,174.0,-10.0,2.0,-16.0,-137.0,-37.0
436,18588.0,50737.0,50910.0,54814.0,48029.0,18586.0,3.33079195022583,,,,,,,,2.4951086759567263,0.0,0.4,22.82220482826233,0.14,0.0,0.0,0.04208106304038428,0.016794267660467464,-0.0015366803468914725,,,,,,,,,18585.0,122.0,19.0,416.0,-1071117304.0,165.0,-8.0,1.0,-32.0,-144.0,-40.0
437,18598.0,51607.0,50398.0,54172.0,48709.0,18596.0,3.33079195022583,,,,,,,,2.50852370262146,0.0,0.4,22.918026447296143,0.14,0.0,0.0,0.035038182391122975,0.035172791326595676,0.0010808014265553112,,,,,,,,,18595.0,125.0,19.0,416.0,-1071117304.0,165.0,-8.0,0.0,-47.0,-124.0,-38.0
438,18608.0,51380.0,50376.0,54049.0,48413.0,18606.0,3.3413491249084473,,,,,,,,2.521100859642029,0.0,0.4,23.00786328315735,0.14,0.0,0.0,0.020287961917749106,0.04171951895397495,0.03786815875795391,,,,,,,,,18605.0,126.0,19.0,416.0,-1072166904.0,165.0,-8.0,0.0,-48.0,-83.0,-37.0
439,18618.0,50960.0,50817.0,54325.0,47927.0,18616.0,3.3413491249084473,,,,,,,,2.5318951988220215,0.0,0.4,23.084965705871582,0.14,0.0,0.0,-0.000677474354994576,0.02980004476671198,0.04608665439776338,,,,,,,,,18615.0,128.0,19.0,416.0,-1072166904.0,164.0,-9.0,1.0,-41.0,-70.0,-40.0
440,18628.0,50124.0,51527.0,55089.0,47255.0,18626.0,3.3360705375671387,,,,,,,,2.54137752532959,0.0,0.4,23.15269660949707,0.14,0.0,0.0,0.025523341549184533,0.024113644779888022,0.05262163863648439,,,,,,,,,18625.0,124.0,20.0,416.0,-1072166905.0,151.0,-6.0,2.0,-25.0,-37.0,-44.0
441,18638.0,51021.0,51166.0,54429.0,47569.0,18636.0,3.3360705375671387,,,,,,,,2.5517408800125123,0.0,0.4,23.226720571517944,0.14,0.0,0.0,0.02580653431115395,0.0021642567791057216,0.022666547859840236,,,,,,,,,18635.0,125.0,20.0,416.0,-1072166905.0,151.0,-6.0,3.0,8.0,-41.0,-37.0
442,18648.0,51055.0,51288.0,54284.0,47271.0,18646.0,3.3360705375671387,,,,,,,,2.5622344779968262,0.0,0.4,23.301674842834473,0.14,0.0,0.0,-0.007715751878038487,0.05810566220762994,-0.04186653421617059,,,,,,,,,18645.0,125.0,20.0,417.0,-1072166905.0,146.0,-6.0,7.0,7.0,-34.0,-31.0
443,18658.0,50991.0,51365.0,54104.0,47051.0,18656.0,3.3413491249084473,,,,,,,,2.5716746473312377,0.0,0.4,23.369104623794556,0.14,0.0,0.0,0.04455680193340836,0.0007670680478200696,-0.0844175656143289,,,,,,,,,18655.0,126.0,20.0,417.0,-1072166905.0,145.0,-7.0,9.0,26.0,-44.0,-34.0
444,18668.0,50695.0,51307.0,54278.0,47166.0,18666.0,3.3413491249084473,,,,,,,,2.58407075881958,0.0,0.4,23.457648277282715,0.14,0.0,0.0,-0.03246476893626094,0.07539690142306381,-0.07983302594770691,,,,,,,,,18665.0,127.0,20.0,417.0,-1072166905.0,144.0,-8.0,10.0,44.0,-48.0,-42.0
445,18678.0,51349.0,50608.0,53606.0,48075.0,18676.0,3.3413491249084473,,,,,,,,2.5943878507614135,0.0,0.4,23.531341791152954,0.14,0.0,0.0,0.010313263577140692,0.01812012240778077,-0.10673739511923053,,,,,,,,,18675.0,130.0,20.0,417.0,-1072166905.0,146.0,-8.0,11.0,34.0,-55.0,-52.0
446,18688.0,51272.0,50378.0,53593.0,48519.0,18686.0,3.3413491249084473,,,,,,,,2.6085193490982057,0.0,0.4,23.632281064987183,0.14,0.0,0.0,-0.011532888846855618,0.041735784928293676,-0.07005917735969369,,,,,,,,,18685.0,131.0,20.0,417.0,-1072167929.0,145.0,-8.0,10.0,16.0,-91.0,-63.0
447,18698.0,51377.0,50639.0,53674.0,48344.0,18696.0,3.3360705375671387,,,,,,,,2.6197554540634154,0.0,0.4,23.712538957595825,0.14,0.0,0.0,0.01844618604858885,-0.0002605029220035363,-0.042650763480484244,,,,,,,,,18695.0,132.0,20.0,417.0,-1071119354.0,145.0,-9.0,9.0,1.0,-119.0,-62.0
448,18708.0,50618.0,50919.0,54141.0,47983.0,18706.0,3.3413491249084473,,,,,,,,2.630806608200073,0.0,0.4,23.791475772857666,0.14,0.0,0.0,-0.03197814709087342,0.05007993777784019,-0.034292102540820935,,,,,,,,,18705.0,131.0,20.0,417.0,-1072167930.0,139.0,-8.0,8.0,-13.0,-111.0,-62.0
449,18718.0,51092.0,50777.0,53766.0,48234.0,18716.0,3.3413491249084473,,,,,,,,2.641289892196655,0.0,0.4,23.866356372833252,0.14,0.0,0.0,-0.008615804239992305,0.04747883787010008,-0.028334074644959628,,,,,,,,,18715.0,134.0,20.0,417.0,-1072168954.0,141.0,-9.0,7.0,1.0,-115.0,-61.0
450,18728.0,51075.0,50714.0,54039.0,48658.0,18726.0,3.3360705375671387,,,,,,,,2.6518479442596434,0.0,0.4,23.941771030426025,0.14,0.0,0.0,0.008314896955875324,-0.0010918696726842502,-0.02525232699102098,,,,,,,,,18725.0,136.0,20.0,417.0,-1072693242.0,142.0,-9.0,2.0,-5.0,-105.0,-63.0
451,18738.0,51147.0,50845.0,53972.0,48502.0,18736.0,3.3360705375671387,,,,,,,,2.6610309314727782,0.0,0.4,24.00736379623413,0.14,0.0,0.0,0.0028106159411669836,0.042000550796568246,-0.044680293711616414,,,,,,,,,18735.0,137.0,20.0,417.0,-1072692219.0,142.0,-9.0,3.0,-10.0,-108.0,-59.0
452,18748.0,51024.0,50928.0,53928.0,48528.0,18746.0,3.3360705375671387,,,,,,,,2.6709772539138794,0.0,0.4,24.07840895652771,0.14,0.0,0.0,0.0013789914625250295,0.05782503261044518,-0.034779632742971245,,,,,,,,,18745.0,138.0,20.0,417.0,-1072692219.0,140.0,-9.0,4.0,-14.0,-94.0,-67.0
453,18758.0,50882.0,50783.0,53779.0,48523.0,18756.0,3.3413491249084473,,,,,,,,2.6794665336608885,0.0,0.4,24.139046669006348,0.14,0.0,0.0,0.04739269333739986,0.04916612230511617,-0.03556690608801105,,,,,,,,,18755.0,139.0,20.0,417.0,-1072692219.0,141.0,-9.0,7.0,-13.0,-99.0,-74.0
454,18768.0,50968.0,50184.0,53160.0,48647.0,18766.0,3.357184886932373,,,,,,,,2.6904075384140014,0.0,0.4,24.217196702957153,0.14,0.0,0.0,0.07098135830776042,0.028470809261203572,-0.06524812020586879,,,,,,,,,18765.0,141.0,20.0,417.0,-1072691195.0,141.0,-9.0,8.0,-19.0,-94.0,-76.0
455,18778.0,49892.0,50530.0,53603.0,47817.0,18776.0,3.3624634742736816,,,,,,,,2.7008607149124146,0.0,0.4,24.29186224937439,0.14,0.0,0.0,-0.0009601321585167417,0.058024323148707355,-0.045157316077903076,,,,,,,,,18775.0,141.0,20.0,418.0,-1072691196.0,139.0,-8.0,18.0,-30.0,-66.0,-75.0
456,18788.0,50023.0,50099.0,53192.0,47866.0,18786.0,3.373020648956299,,,,,,,,2.711747579574585,0.0,0.4,24.369625568389893,0.14,0.0,0.0,0.024387860119963668,0.0422487655267274,-0.019108540832943888,,,,,,,,,18785.0,142.0,21.0,419.0,-1072691196.0,140.0,-8.0,20.0,-27.0,-44.0,-74.0
457,18798.0,50115.0,50180.0,53101.0,47708.0,18796.0,3.373020648956299,,,,,,,,2.7223611068725586,0.0,0.4,24.445436477661133,0.14,0.0,0.0,0.00593171000870892,0.02467806127063723,0.040047617394833424,,,,,,,,,18795.0,143.0,20.0,419.0,-1072691196.0,139.0,-10.0,21.0,-34.0,-55.0,-58.0
458,18808.0,49873.0,49808.0,52922.0,47820.0,18806.0,3.383577823638916,,,,,,,,2.731686987876892,0.0,0.4,24.512049913406372,0.14,0.0,0.0,0.061832216472775425,0.016820973507372577,0.0928296949367251,,,,,,,,,18805.0,144.0,20.0,419.0,-1072691196.0,139.0,-10.0,22.0,-6.0,-50.0,-60.0
459,18818.0,49909.0,49956.0,52758.0,47652.0,18816.0,3.3888564109802246,,,,,,,,2.744820432662964,0.0,0.4,24.605860233306885,0.14,0.0,0.0,-0.020218829504753955,-0.012963875094547214,0.07399872260144136,,,,,,,,,18815.0,145.0,19.0,419.0,-1072691197.0,139.0,-11.0,20.0,-34.0,-56.0,-66.0
460,18828.0,49992.0,49564.0,52502.0,47853.0,18826.0,3.394134998321533,,,,,,,,2.755782766342163,0.0,0.4,24.684162616729736,0.14,0.0,0.0,-0.050790121313094475,-0.040866115096583666,0.05003153424901541,,,,,,,,,18825.0,146.0,19.0,419.0,-1072690173.0,139.0,-11.0,22.0,-32.0,-54.0,-64.0
461,18838.0,49777.0,49808.0,52464.0,47425.0,18836.0,3.399413585662842,,,,,,,,2.767948431968689,0.0,0.4,24.77106022834778,0.14,0.0,0.0,-0.0008153246188951128,-0.002869640176995234,0.06686437137227053,,,,,,,,,18835.0,148.0,19.0,419.0,-1072690173.0,140.0,-11.0,23.0,-12.0,-64.0,-65.0
462,18848.0,49452.0,49729.0,52863.0,47599.0,18846.0,3.394134998321533,,,,,,,,2.7798436975479124,0.0,0.4,24.85602641105652,0.14,0.0,0.0,0.04584023442698441,-0.008585485586190066,0.10016300027632852,,,,,,,,,18845.0,148.0,20.0,419.0,-1073738749.0,138.0,-10.0,25.0,-15.0,-41.0,-57.0
463,18858.0,49804.0,49705.0,52353.0,47356.0,18856.0,3.394134998321533,,,,,,,,2.793933072090149,0.0,0.4,24.95666480064392,0.14,0.0,0.0,-0.002209477933119654,0.07935761491562159,0.1048485657285596,,,,,,,,,18855.0,149.0,20.0,421.0,-1073738749.0,138.0,-10.0,32.0,-13.0,-37.0,-49.0
464,18868.0,49673.0,49533.0,52214.0,47444.0,18866.0,3.399413585662842,,,,,,,,2.8052392387390137,0.0,0.4,25.037423133850098,0.14,0.0,0.0,0.0660565408830804,0.049229537957074236,0.0756825175365261,,,,,,,,,18865.0,152.0,20.0,421.0,-1073738750.0,142.0,-10.0,34.0,-10.0,-31.0,-58.0
465,18878.0,49388.0,49503.0,52236.0,47380.0,18876.0,3.4046921730041504,,,,,,,,2.8192236042022705,0.0,0.4,25.137311458587646,0.14,0.0,0.0,0.08252860651178107,-0.03078619459196583,0.10588279242347731,,,,,,,,,18875.0,153.0,20.0,421.0,-1073738750.0,143.0,-10.0,34.0,2.0,-25.0,-63.0
466,18888.0,49911.0,49079.0,51867.0,47768.0,18886.0,3.4046921730041504,,,,,,,,2.8299897050857545,0.0,0.4,25.21421217918396,0.14,0.0,0.0,-0.007409085906631203,0.04785946630477821,0.13556706976449284,,,,,,,,,18885.0,155.0,20.0,422.0,-1073737726.0,145.0,-9.0,34.0,12.0,-22.0,-54.0
467,18898.0,49715.0,49061.0,51849.0,47750.0,18896.0,3.409970760345459,,,,,,,,2.8410008716583253,0.0,0.4,25.292863368988037,0.14,0.0,0.0,0.10771081841412486,-0.03888233534230807,0.14259546901397968,,,,,,,,,18895.0,157.0,20.0,422.0,-1073737726.0,146.0,-9.0,32.0,27.0,-17.0,-57.0
468,18908.0,50004.0,50152.0,51497.0,46707.0,18906.0,3.409970760345459,,,,,,,,2.8518129348754884,0.0,0.4,25.370092391967773,0.14,0.0,0.0,0.02046930509164637,-0.03439218393766815,0.1140624538136521,,,,,,,,,18905.0,157.0,19.0,423.0,-1073737727.0,145.0,-12.0,32.0,20.0,11.0,-66.0
469,18918.0,49420.0,49296.0,52124.0,47575.0,18916.0,3.409970760345459,,,,,,,,2.8628897571563723,0.0,0.4,25.449212551116943,0.14,0.0,0.0,0.04000837253587277,-0.06841063811191579,0.13915578903943526,,,,,,,,,18915.0,159.0,19.0,423.0,-1072689151.0,146.0,-11.0,31.0,27.0,-24.0,-56.0
470,18928.0,49325.0,50021.0,52082.0,46939.0,18926.0,3.409970760345459,,,,,,,,2.875984215736389,0.0,0.4,25.542744398117065,0.14,0.0,0.0,0.020408972970635327,-0.08263865002831364,0.09125493369841386,,,,,,,,,18925.0,160.0,19.0,423.0,-1072689151.0,147.0,-11.0,31.0,14.0,-8.0,-68.0
471,18938.0,49865.0,49730.0,51615.0,47242.0,18936.0,3.409970760345459,,,,,,,,2.887306571006775,0.0,0.4,25.623618364334106,0.14,0.0,0.0,0.004739665755924591,-0.03159889454025087,0.01616265317982979,,,,,,,,,18935.0,161.0,19.0,424.0,-1072689151.0,148.0,-11.0,32.0,34.0,18.0,-62.0
472,18978.0,49755.0,50064.0,51987.0,47097.0,18946.0,3.4046921730041504,,,,,,,,2.8986058950424196,0.0,0.4,25.704327821731567,0.14,0.0,0.0,-0.00249875759046893,-0.07344227204137309,0.01997578448278503,,,,,,,,,18945.0,160.0,18.0,423.0,-1072689151.0,143.0,-12.0,28.0,41.0,-8.0,-58.0
473,18988.0,49632.0,50595.0,52161.0,46707.0,18986.0,3.4046921730041504,,,,,,,,2.911589503288269,0.0,0.4,25.797067880630493,0.14,0.0,0.0,-0.004843153063004634,-0.06629251325589496,-0.03530334182891437,,,,,,,,,18975.0,165.0,19.0,424.0,-1072688640.0,147.0,-11.0,29.0,55.0,-39.0,-42.0
474,18998.0,50000.0,50430.0,51875.0,46936.0,18996.0,3.4046921730041504,,,,,,,,2.9228658628463746,0.0,0.4,25.877613306045532,0.14,0.0,0.0,-0.017109048092230343,-0.03397801866314561,-0.05074427192174724,,,,,,,,,18985.0,165.0,18.0,424.0,-1071640064.0,145.0,-13.0,25.0,51.0,-6.0,-49.0
475,19008.0,50318.0,49890.0,51798.0,47725.0,19006.0,3.399413585662842,,,,,,,,2.933901295661926,0.0,0.4,25.956437826156616,0.14,0.0,0.0,0.005860302792888082,-0.06670247405229032,-0.10425009797584295,,,,,,,,,18995.0,166.0,17.0,424.0,-1071640064.0,145.0,-14.0,24.0,77.0,19.0,-48.0
476,19028.0,49945.0,50265.0,52182.0,47440.0,19046.0,3.394134998321533,,,,,,,,2.9446644258499144,0.0,0.4,26.03331732749939,0.14,0.0,0.0,-0.02874753941697637,-0.0179520459211019,-0.10634627767773708,,,,,,,,,19005.0,169.0,17.0,424.0,-1071640063.0,150.0,-15.0,22.0,65.0,13.0,-42.0
477,19048.0,49851.0,49671.0,52204.0,48147.0,19056.0,3.3888564109802246,,,,,,,,2.9555560636520384,0.0,0.4,26.111114740371704,0.14,0.0,0.0,-0.029080626761770704,0.0023160195187710937,-0.09711507165799738,,,,,,,,,19015.0,170.0,18.0,424.0,-1071640063.0,149.0,-14.0,22.0,2.0,-22.0,-40.0
478,19058.0,49048.0,49839.0,53053.0,48111.0,19066.0,3.383577823638916,,,,,,,,2.966707854270935,0.0,0.4,26.190770387649536,0.14,0.0,0.0,-0.014890562590301658,-0.02623463926942206,-0.0907961199505305,,,,,,,,,19045.0,175.0,17.0,425.0,-1071640063.0,153.0,-17.0,26.0,-50.0,23.0,-41.0
479,19068.0,50099.0,49906.0,52471.0,48120.0,19106.0,3.373020648956299,,,,,,,,2.9776266622543335,0.0,0.4,26.26876187324524,0.14,0.0,0.0,-0.00515102304827207,-0.003618601041717492,-0.09276664985652339,,,,,,,,,19055.0,174.0,18.0,426.0,-1071641087.0,148.0,-14.0,25.0,-93.0,21.0,-39.0
480,19108.0,49864.0,50655.0,53048.0,47605.0,19116.0,3.373020648956299,,,,,,,,2.988479881286621,0.0,0.4,26.346284866333008,0.14,0.0,0.0,0.001337394751493569,0.0657922290790286,-0.05378850040187899,,,,,,,,,19065.0,175.0,18.0,426.0,-1072689663.0,149.0,-15.0,24.0,-132.0,-9.0,-25.0
481,19118.0,50643.0,50085.0,52463.0,48244.0,19126.0,3.3624634742736816,,,,,,,,2.9994517278671267,0.0,0.4,26.424655199050903,0.14,0.0,0.0,0.03980857831600324,0.053356845194872785,-0.06901963320296645,,,,,,,,,19075.0,176.0,17.0,426.0,-1072689662.0,150.0,-16.0,22.0,-96.0,15.0,-28.0
482,19128.0,50643.0,50419.0,52834.0,48264.0,19176.0,3.3413491249084473,,,,,,,,3.0100581789016725,0.0,0.4,26.500415563583374,0.14,0.0,0.0,0.010072278829343797,0.05056248839485147,-0.0893282520946137,,,,,,,,,19095.0,180.0,20.0,426.0,-1073738238.0,152.0,-11.0,22.0,-56.0,50.0,-11.0
483,19168.0,51296.0,51715.0,52592.0,47148.0,19186.0,3.3360705375671387,,,,,,,,3.0206108236312867,0.0,0.4,26.575791597366333,0.14,0.0,0.0,-0.026174895222044192,0.03642190169413484,-0.13925733911260707,,,,,,,,,19105.0,180.0,18.0,427.0,-536867326.0,151.0,-13.0,23.0,-6.0,30.0,-12.0
484,19178.0,50035.0,52407.0,53616.0,46443.0,19196.0,3.3360705375671387,,,,,,,,3.03115008354187,0.0,0.4,26.651072025299072,0.14,0.0,0.0,-0.049385435441037295,0.03380977900825092,-0.1411868479151508,,,,,,,,,19115.0,182.0,18.0,427.0,-536867326.0,152.0,-13.0,22.0,16.0,52.0,-4.0
485,19188.0,50683.0,50925.0,53314.0,48337.0,19236.0,3.346627712249756,,,,,,,,3.0418403816223143,0.0,0.4,26.727431297302246,0.14,0.0,0.0,-0.03122769853214992,-0.003318583393437339,-0.1728449728664856,,,,,,,,,19125.0,183.0,18.0,427.0,-536867326.0,152.0,-13.0,20.0,59.0,44.0,-4.0
486,19198.0,50846.0,50852.0,53149.0,48420.0,19246.0,3.3519062995910645,,,,,,,,3.052727179527283,0.0,0.4,26.80519413948059,0.14,0.0,0.0,0.005224199228002376,0.03513356997771334,-0.15104786367046685,,,,,,,,,19135.0,186.0,18.0,427.0,-1073738238.0,155.0,-14.0,18.0,104.0,40.0,-6.0
487,19228.0,50877.0,49915.0,53137.0,49088.0,19256.0,3.3519062995910645,,,,,,,,3.0642658281326294,0.0,0.4,26.88761305809021,0.14,0.0,0.0,-0.06345509928374737,-0.0068336349077641155,-0.19689151490087298,,,,,,,,,19145.0,187.0,18.0,427.0,-1072689662.0,156.0,-13.0,17.0,84.0,14.0,-6.0
488,19238.0,50132.0,50072.0,53724.0,48980.0,19286.0,3.3413491249084473,,,,,,,,3.0767986249923704,0.0,0.4,26.97713303565979,0.14,0.0,0.0,-0.09592377484394132,0.016555376133027457,-0.20919483145923934,,,,,,,,,19165.0,191.0,18.0,430.0,-1072689662.0,158.0,-13.0,29.0,73.0,23.0,-5.0
489,19248.0,50349.0,50133.0,53453.0,48916.0,19296.0,3.33079195022583,,,,,,,,3.085591683387756,0.0,0.4,27.03994059562683,0.14,0.0,0.0,-0.051900503152197054,-0.024540405955242324,-0.13480393074078378,,,,,,,,,19175.0,185.0,16.0,430.0,-1071642110.0,144.0,-17.0,28.0,34.0,-4.0,-16.0
490,19258.0,50094.0,50300.0,53656.0,48791.0,19306.0,3.33079195022583,,,,,,,,3.0965766143798827,0.0,0.4,27.118404388427734,0.14,0.0,0.0,-0.06233117332352376,-0.009933458806897352,-0.12972835652658432,,,,,,,,,19185.0,187.0,16.0,431.0,-1071642110.0,145.0,-16.0,28.0,19.0,10.0,-3.0
491,19288.0,50739.0,51453.0,53507.0,48039.0,19356.0,3.33079195022583,,,,,,,,3.1099649047851563,0.0,0.4,27.214035034179688,0.14,0.0,0.0,-0.09250055800119718,0.011713499092423084,-0.13010326555860097,,,,,,,,,19195.0,188.0,16.0,431.0,-1071642110.0,145.0,-17.0,28.0,-15.0,-13.0,-5.0
492,19298.0,50249.0,50970.0,54288.0,48825.0,19366.0,3.3413491249084473,,,,,,,,3.1208309078216554,0.0,0.4,27.291649341583252,0.14,0.0,0.0,-0.08054988163307857,-0.022738314408756892,-0.13681722486723302,,,,,,,,,19235.0,195.0,16.0,431.0,-1072690686.0,150.0,-17.0,23.0,-101.0,-13.0,5.0
493,19308.0,51320.0,51345.0,53402.0,48311.0,19376.0,3.3360705375671387,,,,,,,,3.1316640329360963,0.0,0.4,27.3690288066864,0.14,0.0,0.0,-0.13088499898386108,-0.012176658756878565,-0.1706635021309637,,,,,,,,,19245.0,196.0,17.0,430.0,-1072690686.0,150.0,-16.0,20.0,-114.0,0.0,2.0
494,19348.0,51245.0,51166.0,53494.0,48453.0,19416.0,3.3360705375671387,,,,,,,,3.1423110723495484,0.0,0.4,27.44507908821106,0.14,0.0,0.0,-0.07278440984319662,-0.02814921905492641,-0.16727304473657156,,,,,,,,,19255.0,198.0,15.0,430.0,-1073739262.0,151.0,-18.0,19.0,-98.0,18.0,-1.0
495,19358.0,50775.0,51299.0,53728.0,48222.0,19426.0,3.3413491249084473,,,,,,,,3.151416721343994,0.0,0.4,27.510119438171387,0.14,0.0,0.0,-0.10401704484385048,-0.02652447855123052,-0.1484700845336473,,,,,,,,,19265.0,200.0,15.0,431.0,-536868350.0,152.0,-18.0,19.0,-79.0,38.0,-9.0
496,19368.0,50864.0,51329.0,53395.0,47897.0,19436.0,3.3255133628845215,,,,,,,,3.160475606918335,0.0,0.4,27.574825763702393,0.14,0.0,0.0,-0.03704075119708692,0.024233270078376987,-0.0668019600015004,,,,,,,,,19275.0,198.0,16.0,431.0,-535819774.0,146.0,-17.0,19.0,-60.0,37.0,-5.0
497,19378.0,51156.0,51103.0,53517.0,48301.0,19486.0,3.33079195022583,,,,,,,,3.1712239170074463,0.0,0.4,27.651599407196045,0.14,0.0,0.0,-0.05553062880649603,-0.04139753060774817,-0.05928035560713063,,,,,,,,,19285.0,200.0,16.0,430.0,-535819774.0,146.0,-16.0,15.0,-47.0,43.0,-8.0
498,19418.0,50859.0,51198.0,53986.0,48312.0,19496.0,3.33079195022583,,,,,,,,3.1816595363616944,0.0,0.4,27.726139545440674,0.14,0.0,0.0,-0.02765905934118564,-0.05552272433525866,-0.06109391854393742,,,,,,,,,19295.0,201.0,15.0,431.0,-535819774.0,147.0,-17.0,15.0,-24.0,21.0,9.0
499,19428.0,50558.0,51087.0,54128.0,48247.0,19506.0,3.346627712249756,,,,,,,,3.192552843093872,0.0,0.4,27.803948879241943,0.14,0.0,0.0,-0.04108923768377131,0.0017347471334003704,-0.021454049602908754,,,,,,,,,19305.0,203.0,15.0,431.0,-535819774.0,148.0,-17.0,17.0,-11.0,51.0,6.0
500,19438.0,50825.0,51715.0,54297.0,48158.0,19546.0,3.3782992362976074,,,,,,,,3.204469804763794,0.0,0.4,27.8890700340271,0.14,0.0,0.0,-0.04289038577246664,-0.033768021197063194,-0.009920318721583499,,,,,,,,,19325.0,206.0,14.0,431.0,-535820798.0,149.0,-18.0,20.0,12.0,23.0,7.0
501,19488.0,51276.0,51256.0,53533.0,47704.0,19556.0,3.383577823638916,,,,,,,,3.2154033327102662,0.0,0.4,27.967166662216187,0.14,0.0,0.0,-0.02183467854691487,-0.028630675773162747,-0.024503263095969174,,,,,,,,,19345.0,210.0,13.0,432.0,-535820798.0,151.0,-18.0,23.0,15.0,0.0,10.0
502,19498.0,51195.0,51040.0,53664.0,47883.0,19566.0,3.383577823638916,,,,,,,,3.228162670135498,0.0,0.4,28.05830478668213,0.14,0.0,0.0,-0.027022165258087504,-0.06503854090116132,-0.0029702491410574794,,,,,,,,,19355.0,211.0,13.0,432.0,-535820798.0,152.0,-17.0,22.0,31.0,9.0,6.0
503,19508.0,50475.0,50856.0,53829.0,47505.0,19576.0,3.383577823638916,,,,,,,,3.2395773839950563,0.0,0.4,28.139838457107544,0.14,0.0,0.0,-0.002203847518846459,-0.042369335991039606,0.014158862830587537,,,,,,,,,19365.0,213.0,13.0,433.0,-535820798.0,152.0,-17.0,20.0,27.0,-10.0,4.0
504,19538.0,50317.0,50064.0,53144.0,47611.0,19616.0,3.3782992362976074,,,,,,,,3.2520460271835328,0.0,0.4,28.22890019416809,0.14,0.0,0.0,-0.021096951654231824,-0.09118520851136218,0.02328121520175941,,,,,,,,,19375.0,214.0,13.0,432.0,-535820798.0,152.0,-17.0,17.0,31.0,0.0,13.0
505,19548.0,50225.0,50278.0,53212.0,47344.0,19626.0,3.3782992362976074,,,,,,,,3.263451895713806,0.0,0.4,28.310370683670044,0.14,0.0,0.0,0.0026095481599525887,-0.08361642030861854,0.09623143899306896,,,,,,,,,19385.0,213.0,13.0,433.0,-535820798.0,147.0,-17.0,16.0,36.0,10.0,5.0
506,19558.0,50602.0,49843.0,52737.0,47528.0,19636.0,3.3782992362976074,,,,,,,,3.2743845224380492,0.0,0.4,28.388460874557495,0.14,0.0,0.0,0.03487476104549333,-0.06754476114558126,0.1368363837662443,,,,,,,,,19405.0,213.0,13.0,433.0,-536869374.0,142.0,-16.0,15.0,1.0,33.0,22.0
507,19568.0,50382.0,49799.0,52922.0,47529.0,19696.0,3.3677420616149902,,,,,,,,3.285101456642151,0.0,0.4,28.465010404586792,0.14,0.0,0.0,-0.0040706307805731595,-0.04184731710588324,0.18801852631406213,,,,,,,,,19415.0,215.0,13.0,432.0,-536869375.0,144.0,-15.0,11.0,-8.0,42.0,24.0
508,19608.0,50492.0,50118.0,52948.0,47327.0,19706.0,3.3624634742736816,,,,,,,,3.296180582046509,0.0,0.4,28.54414701461792,0.14,0.0,0.0,-0.015153668416630772,-0.028392613241872203,0.21941206501138133,,,,,,,,,19425.0,217.0,13.0,433.0,-536869375.0,145.0,-15.0,11.0,-16.0,35.0,20.0
509,19618.0,50704.0,49653.0,52920.0,47884.0,19716.0,3.3624634742736816,,,,,,,,3.306369833946228,0.0,0.4,28.6169273853302,0.14,0.0,0.0,-0.008165473346541852,-0.05691365452891997,0.171910894043366,,,,,,,,,19435.0,218.0,13.0,433.0,-536870399.0,144.0,-14.0,11.0,-31.0,7.0,14.0
510,19628.0,50862.0,50228.0,52789.0,47262.0,19756.0,3.346627712249756,,,,,,,,3.316967372894287,0.0,0.4,28.69262409210205,0.14,0.0,0.0,-0.0028018501311604473,-0.016844733756817755,0.14086393532571329,,,,,,,,,19445.0,220.0,13.0,433.0,-535821823.0,145.0,-14.0,12.0,-44.0,11.0,13.0
511,19638.0,50457.0,49994.0,52947.0,47390.0,19766.0,3.3413491249084473,,,,,,,,3.3280823802948,0.0,0.4,28.772017002105713,0.14,0.0,0.0,0.016326290970136957,-0.024554621901876118,0.17830268315482733,,,,,,,,,19475.0,226.0,13.0,435.0,-535821823.0,149.0,-12.0,25.0,-44.0,-10.0,31.0
512,19648.0,50319.0,49818.0,53247.0,47774.0,19776.0,3.3360705375671387,,,,,,,,3.339172019958496,0.0,0.4,28.851228713989258,0.14,0.0,0.0,0.06768292304287701,-0.006760127931503422,0.16733049009048528,,,,,,,,,19485.0,225.0,14.0,435.0,-535821823.0,144.0,-10.0,26.0,-27.0,-9.0,33.0
513,19678.0,49978.0,50166.0,53638.0,47379.0,19816.0,3.320234775543213,,,,,,,,3.351140284538269,0.0,0.4,28.936716318130493,0.14,0.0,0.0,-0.02999387525153274,-0.049933828093589296,0.16796868115362784,,,,,,,,,19495.0,226.0,13.0,435.0,-535821823.0,142.0,-11.0,26.0,5.0,5.0,38.0
514,19698.0,49996.0,49713.0,53543.0,47841.0,19826.0,3.320234775543213,,,,,,,,3.362385101318359,0.0,0.4,29.01703643798828,0.14,0.0,0.0,-0.0012065834065377245,0.042988289970074735,0.17325792938045836,,,,,,,,,19505.0,227.0,13.0,436.0,-535821823.0,141.0,-11.0,27.0,24.0,8.0,40.0
515,19708.0,50705.0,50018.0,53211.0,47540.0,19836.0,3.3255133628845215,,,,,,,,3.37487904548645,0.0,0.4,29.106278896331787,0.14,0.0,0.0,0.09519774708488309,-0.08292269294917368,0.18178147534845657,,,,,,,,,19515.0,229.0,12.0,436.0,-535821823.0,142.0,-12.0,27.0,20.0,18.0,27.0
516,19718.0,50141.0,49982.0,53825.0,47917.0,19886.0,3.320234775543213,,,,,,,,3.387269616127014,0.0,0.4,29.194782972335815,0.14,0.0,0.0,-0.044396550647549674,0.03550722496215966,0.15896034886009325,,,,,,,,,19555.0,237.0,11.0,436.0,-535821824.0,147.0,-10.0,25.0,13.0,-13.0,36.0
517,19748.0,51355.0,51041.0,53407.0,47361.0,19896.0,3.320234775543213,,,,,,,,3.4060829973220823,0.0,0.4,29.329164266586304,0.14,0.0,0.0,0.012466250228762677,0.027489562523924288,0.17996119386990728,,,,,,,,,19565.0,238.0,11.0,436.0,-535821824.0,146.0,-10.0,25.0,16.0,-21.0,29.0
518,19758.0,52070.0,50208.0,52721.0,48258.0,19906.0,3.320234775543213,,,,,,,,3.421515393257141,0.0,0.4,29.439395666122437,0.14,0.0,0.0,0.02721286114043023,0.04020129329066401,0.17715977070992572,,,,,,,,,19575.0,240.0,11.0,437.0,-535821312.0,148.0,-10.0,26.0,17.0,-34.0,34.0
519,19768.0,50798.0,50748.0,53736.0,47546.0,19956.0,3.320234775543213,,,,,,,,3.4324103689193723,0.0,0.4,29.51721692085266,0.14,0.0,0.0,-0.01845665846461314,0.03950258229317502,0.17440462298178439,,,,,,,,,19585.0,241.0,11.0,436.0,-535821312.0,148.0,-10.0,23.0,8.0,-49.0,24.0
520,19778.0,51332.0,50540.0,53497.0,47980.0,19966.0,3.320234775543213,,,,,,,,3.444887189865112,0.0,0.4,29.606337070465088,0.14,0.0,0.0,0.04141314726469574,0.05902442757014402,0.179801326317774,,,,,,,,,19615.0,244.0,12.0,437.0,-535821312.0,145.0,-7.0,22.0,19.0,-33.0,29.0
521,19818.0,50787.0,50920.0,54371.0,48061.0,19976.0,3.320234775543213,,,,,,,,3.4549585819244384,0.0,0.4,29.67827558517456,0.14,0.0,0.0,0.010094868110426276,0.08419568225248796,0.16078031624418365,,,,,,,,,19625.0,242.0,10.0,437.0,-536869887.0,138.0,-10.0,22.0,27.0,-45.0,27.0
522,19828.0,51246.0,50889.0,54029.0,47951.0,20036.0,3.33079195022583,,,,,,,,3.46543532371521,0.0,0.4,29.753109455108643,0.14,0.0,0.0,0.005045807324308829,0.027077181768950274,0.14604784425865347,,,,,,,,,19635.0,246.0,10.0,439.0,-536869887.0,143.0,-10.0,27.0,27.0,-43.0,24.0
523,19838.0,50499.0,50621.0,54557.0,48022.0,20046.0,3.33079195022583,,,,,,,,3.4748633766174315,0.0,0.4,29.82045269012451,0.14,0.0,0.0,0.05274993563588508,0.049777803780730295,0.1715177860910444,,,,,,,,,19645.0,246.0,11.0,439.0,-536869887.0,142.0,-9.0,26.0,14.0,-33.0,16.0
524,19848.0,50997.0,50897.0,54458.0,47968.0,20056.0,3.33079195022583,,,,,,,,3.486696424484253,0.0,0.4,29.904974460601807,0.14,0.0,0.0,0.010516079314392255,0.06367775793837577,0.1481497178692024,,,,,,,,,19695.0,254.0,11.0,441.0,-535820287.0,146.0,-6.0,30.0,-58.0,53.0,15.0
525,19878.0,51678.0,50875.0,54048.0,48061.0,20066.0,3.3360705375671387,,,,,,,,3.497234616279602,0.0,0.4,29.980247259140015,0.14,0.0,0.0,0.10189922291265359,0.02287256201697843,0.1692734952542434,,,,,,,,,19705.0,256.0,11.0,441.0,-535821311.0,147.0,-7.0,30.0,-39.0,31.0,14.0
526,19888.0,51907.0,50716.0,53895.0,48103.0,20106.0,3.3519062995910645,,,,,,,,,,,,,,,,,,,,,,,,,,19715.0,258.0,11.0,440.0,-535821311.0,147.0,-6.0,23.0,-40.0,-2.0,25.0
527,19898.0,52090.0,50469.0,53539.0,48110.0,20116.0,3.3519062995910645,,,,,,,,,,,,,,,,,,,,,,,,,,19725.0,258.0,10.0,441.0,-535821311.0,145.0,-7.0,21.0,-17.0,28.0,11.0
528,19908.0,52002.0,50366.0,53603.0,48217.0,20126.0,3.3519062995910645,,,,,,,,,,,,,,,,,,,,,,,,,,19735.0,260.0,10.0,441.0,-535821311.0,146.0,-7.0,19.0,9.0,5.0,13.0
529,19948.0,50683.0,50453.0,54605.0,48187.0,20166.0,3.357184886932373,,,,,,,,,,,,,,,,,,,,,,,,,,19755.0,262.0,10.0,441.0,-535821311.0,146.0,-6.0,19.0,55.0,-34.0,14.0
530,19958.0,50789.0,50812.0,54592.0,47731.0,20176.0,3.357184886932373,,,,,,,,,,,,,,,,,,,,,,,,,,19765.0,264.0,10.0,443.0,-535821311.0,147.0,-5.0,27.0,37.0,-94.0,16.0
531,19968.0,51174.0,50656.0,54392.0,47818.0,20186.0,3.357184886932373,,,,,,,,,,,,,,,,,,,,,,,,,,19775.0,268.0,10.0,443.0,-535820287.0,152.0,-5.0,26.0,43.0,-63.0,13.0
532,19978.0,51236.0,50999.0,54448.0,47590.0,20226.0,3.3519062995910645,,,,,,,,,,,,,,,,,,,,,,,,,,19785.0,269.0,10.0,444.0,-535820286.0,152.0,-5.0,25.0,36.0,-64.0,3.0
533,20028.0,51542.0,50137.0,54017.0,48261.0,20236.0,3.3519062995910645,,,,,,,,,,,,,,,,,,,,,,,,,,19795.0,267.0,11.0,444.0,-535820286.0,146.0,-2.0,26.0,45.0,-48.0,1.0
534,20038.0,51584.0,50757.0,53868.0,47631.0,20246.0,3.3519062995910645,,,,,,,,,,,,,,,,,,,,,,,,,,19815.0,271.0,11.0,444.0,-536868862.0,148.0,-2.0,27.0,11.0,-2.0,2.0
535,20048.0,51388.0,50773.0,53957.0,47717.0,20256.0,3.3413491249084473,,,,,,,,,,,,,,,,,,,,,,,,,,19825.0,269.0,11.0,445.0,-536868862.0,143.0,-1.0,27.0,-16.0,50.0,15.0
536,20058.0,51641.0,50745.0,53736.0,47747.0,20326.0,3.3413491249084473,,,,,,,,,,,,,,,,,,,,,,,,,,19835.0,272.0,11.0,445.0,-536868862.0,146.0,-1.0,27.0,-17.0,54.0,17.0
537,20078.0,51673.0,50803.0,53565.0,47444.0,20336.0,3.3413491249084473,,,,,,,,,,,,,,,,,,,,,,,,,,19845.0,272.0,10.0,444.0,-535820286.0,143.0,-2.0,23.0,-16.0,38.0,22.0
538,20098.0,50902.0,50585.0,53733.0,47156.0,20346.0,3.33079195022583,,,,,,,,,,,,,,,,,,,,,,,,,,19885.0,280.0,11.0,445.0,-535820286.0,149.0,0.0,20.0,30.0,-38.0,32.0
539,20108.0,50860.0,50456.0,53512.0,46887.0,20386.0,3.33079195022583,,,,,,,,,,,,,,,,,,,,,,,,,,19895.0,281.0,10.0,447.0,-536868862.0,149.0,-2.0,27.0,44.0,-47.0,33.0
540,20118.0,50535.0,50333.0,53758.0,47039.0,20396.0,3.3255133628845215,,,,,,,,,,,,,,,,,,,,,,,,,,19905.0,284.0,11.0,447.0,-536868862.0,151.0,0.0,27.0,62.0,-67.0,25.0
541,20128.0,50276.0,50082.0,53958.0,47325.0,20406.0,3.33079195022583,,,,,,,,,,,,,,,,,,,,,,,,,,19915.0,285.0,11.0,447.0,-536868862.0,152.0,-1.0,27.0,75.0,-58.0,23.0
542,20158.0,51010.0,49187.0,53411.0,47868.0,20446.0,3.3519062995910645,,,,,,,,,,,,,,,,,,,,,,,,,,19925.0,287.0,10.0,448.0,-1073739773.0,152.0,-1.0,27.0,60.0,-29.0,22.0
543,20168.0,51121.0,49391.0,53149.0,47291.0,20456.0,3.357184886932373,,,,,,,,,,,,,,,,,,,,,,,,,,19945.0,285.0,12.0,448.0,-1073739773.0,144.0,0.0,29.0,26.0,20.0,8.0
544,20178.0,50927.0,49439.0,53253.0,47311.0,20466.0,3.3624634742736816,,,,,,,,,,,,,,,,,,,,,,,,,,19955.0,287.0,12.0,448.0,-1073739773.0,147.0,0.0,27.0,-11.0,44.0,16.0
545,20188.0,50989.0,49625.0,53231.0,47069.0,20476.0,3.3624634742736816,,,,,,,,,,,,,,,,,,,,,,,,,,19965.0,288.0,12.0,449.0,-1073739773.0,146.0,0.0,27.0,-36.0,47.0,26.0
546,20228.0,50721.0,49903.0,53725.0,47118.0,20526.0,3.357184886932373,,,,,,,,,,,,,,,,,,,,,,,,,,19975.0,291.0,12.0,448.0,-1073739773.0,149.0,0.0,22.0,-31.0,82.0,26.0
547,20238.0,50315.0,50337.0,53938.0,46149.0,20536.0,3.357184886932373,,,,,,,,,,,,,,,,,,,,,,,,,,20005.0,296.0,11.0,449.0,-1073740797.0,152.0,0.0,22.0,-14.0,28.0,28.0
548,20248.0,50554.0,50412.0,53746.0,46124.0,20546.0,3.357184886932373,,,,,,,,,,,,,,,,,,,,,,,,,,20035.0,298.0,12.0,449.0,-536869884.0,147.0,0.0,21.0,22.0,-6.0,11.0
549,20268.0,50673.0,49603.0,53896.0,47088.0,20556.0,3.357184886932373,,,,,,,,,,,,,,,,,,,,,,,,,,20045.0,300.0,11.0,450.0,-1073740796.0,150.0,0.0,21.0,29.0,7.0,1.0
550,20288.0,50624.0,49406.0,53887.0,47161.0,20596.0,3.3677420616149902,,,,,,,,,,,,,,,,,,,,,,,,,,20055.0,302.0,11.0,450.0,-1073740796.0,151.0,0.0,21.0,30.0,19.0,0.0
551,20318.0,51393.0,48959.0,53293.0,47913.0,20606.0,3.3677420616149902,,,,,,,,,,,,,,,,,,,,,,,,,,20065.0,304.0,11.0,450.0,-1073740796.0,151.0,0.0,22.0,35.0,14.0,-4.0
552,20328.0,51369.0,49716.0,53734.0,47456.0,20616.0,3.3677420616149902,,,,,,,,,,,,,,,,,,,,,,,,,,20105.0,309.0,11.0,453.0,-1072693244.0,151.0,0.0,32.0,29.0,49.0,-3.0
553,20338.0,51228.0,49614.0,53887.0,47538.0,20676.0,3.3677420616149902,,,,,,,,,,,,,,,,,,,,,,,,,,20115.0,311.0,11.0,453.0,-1072693244.0,152.0,-1.0,32.0,16.0,44.0,-2.0
554,20348.0,51123.0,50468.0,54295.0,46991.0,20686.0,3.3677420616149902,,,,,,,,,,,,,,,,,,,,,,,,,,20125.0,313.0,11.0,453.0,-1072693244.0,152.0,-1.0,32.0,-5.0,26.0,0.0
555,20388.0,50758.0,50413.0,54758.0,47121.0,20696.0,3.3624634742736816,,,,,,,,,,,,,,,,,,,,,,,,,,20135.0,314.0,10.0,453.0,-1072168956.0,151.0,-4.0,32.0,-20.0,11.0,8.0
556,20398.0,50767.0,50412.0,54876.0,47359.0,20706.0,3.3624634742736816,,,,,,,,,,,,,,,,,,,,,,,,,,20165.0,318.0,11.0,455.0,-1073741820.0,150.0,-2.0,38.0,-72.0,-39.0,27.0
557,20408.0,51290.0,50014.0,54387.0,47664.0,20746.0,3.3677420616149902,,,,,,,,,,,,,,,,,,,,,,,,,,20175.0,321.0,10.0,456.0,-1073741820.0,153.0,-4.0,39.0,-53.0,-51.0,23.0
558,20448.0,51190.0,49794.0,54075.0,47265.0,20756.0,3.373020648956299,,,,,,,,,,,,,,,,,,,,,,,,,,20185.0,323.0,10.0,456.0,-536870908.0,153.0,-3.0,39.0,-32.0,-46.0,20.0
559,20458.0,51206.0,49635.0,53951.0,47338.0,20766.0,3.3677420616149902,,,,,,,,,,,,,,,,,,,,,,,,,,20205.0,326.0,10.0,456.0,-536869884.0,155.0,-3.0,35.0,10.0,-20.0,16.0
560,20468.0,51046.0,49559.0,53923.0,47282.0,20776.0,3.3677420616149902,,,,,,,,,,,,,,,,,,,,,,,,,,20225.0,321.0,9.0,456.0,-536870908.0,139.0,-5.0,34.0,13.0,24.0,17.0
561,20478.0,51600.0,49452.0,53532.0,47387.0,20816.0,3.373020648956299,,,,,,,,,,,,,,,,,,,,,,,,,,20235.0,322.0,9.0,458.0,-536870908.0,139.0,-5.0,40.0,8.0,45.0,26.0
562,20528.0,51124.0,50397.0,54142.0,46739.0,20826.0,3.373020648956299,,,,,,,,,,,,,,,,,,,,,,,,,,20245.0,323.0,9.0,458.0,-536870908.0,138.0,-4.0,39.0,-22.0,45.0,26.0
563,20538.0,51392.0,49731.0,53918.0,47494.0,20836.0,3.373020648956299,,,,,,,,,,,,,,,,,,,,,,,,,,20255.0,324.0,9.0,459.0,-536346620.0,137.0,-4.0,38.0,-31.0,22.0,27.0
564,20548.0,51541.0,49383.0,53831.0,47796.0,20846.0,3.373020648956299,,,,,,,,,,,,,,,,,,,,,,,,,,20325.0,339.0,10.0,460.0,-535821307.0,148.0,-3.0,28.0,-54.0,-67.0,17.0
565,20588.0,51759.0,49488.0,53434.0,47210.0,20886.0,3.383577823638916,,,,,,,,,,,,,,,,,,,,,,,,,,20335.0,339.0,9.0,461.0,-535820283.0,145.0,-4.0,27.0,-13.0,-51.0,21.0
566,20598.0,50806.0,49824.0,54188.0,46659.0,20896.0,3.383577823638916,,,,,,,,,,,,,,,,,,,,,,,,,,20345.0,340.0,8.0,461.0,-535820283.0,144.0,-5.0,26.0,7.0,-14.0,19.0
567,20608.0,51304.0,49332.0,53775.0,47108.0,20906.0,3.3782992362976074,,,,,,,,,,,,,,,,,,,,,,,,,,20355.0,341.0,8.0,461.0,-535820283.0,144.0,-5.0,24.0,12.0,0.0,21.0
568,20618.0,51210.0,49430.0,53724.0,47073.0,20946.0,3.3782992362976074,,,,,,,,,,,,,,,,,,,,,,,,,,20375.0,346.0,8.0,461.0,-535820283.0,149.0,-4.0,20.0,-10.0,39.0,15.0
569,20678.0,51060.0,49379.0,53711.0,47055.0,20956.0,3.3782992362976074,,,,,,,,,,,,,,,,,,,,,,,,,,20385.0,347.0,8.0,461.0,-535820282.0,148.0,-3.0,19.0,-12.0,67.0,17.0
570,20688.0,51174.0,49278.0,53709.0,47040.0,20966.0,3.3782992362976074,,,,,,,,,,,,,,,,,,,,,,,,,,20395.0,350.0,8.0,461.0,-535821306.0,151.0,-3.0,19.0,-28.0,65.0,16.0
571,20698.0,51623.0,49284.0,53467.0,47236.0,21026.0,3.3888564109802246,,,,,,,,,,,,,,,,,,,,,,,,,,20405.0,351.0,8.0,461.0,-535821306.0,152.0,-2.0,17.0,-22.0,83.0,18.0
572,20718.0,51087.0,49629.0,54060.0,46981.0,21036.0,3.3888564109802246,,,,,,,,,,,,,,,,,,,,,,,,,,20415.0,353.0,8.0,462.0,-535821306.0,153.0,-3.0,14.0,-29.0,63.0,20.0
573,20748.0,51303.0,49186.0,53775.0,47394.0,21046.0,3.3888564109802246,,,,,,,,,,,,,,,,,,,,,,,,,,20425.0,355.0,7.0,462.0,-534772730.0,153.0,-2.0,12.0,-12.0,46.0,22.0
574,20758.0,51059.0,49243.0,53944.0,47248.0,21056.0,3.394134998321533,,,,,,,,,,,,,,,,,,,,,,,,,,20445.0,354.0,8.0,462.0,-534773754.0,146.0,0.0,12.0,3.0,-18.0,25.0
575,20768.0,50993.0,48944.0,54164.0,47724.0,21096.0,3.394134998321533,,,,,,,,,,,,,,,,,,,,,,,,,,20455.0,357.0,8.0,462.0,-534773754.0,149.0,0.0,11.0,8.0,-38.0,19.0
576,20818.0,51308.0,49895.0,53714.0,46397.0,21106.0,3.394134998321533,,,,,,,,,,,,,,,,,,,,,,,,,,20465.0,358.0,8.0,462.0,-534772730.0,149.0,0.0,11.0,-10.0,-50.0,17.0
577,20828.0,50773.0,49514.0,54111.0,46591.0,21116.0,3.394134998321533,,,,,,,,,,,,,,,,,,,,,,,,,,20475.0,360.0,7.0,462.0,-534772730.0,149.0,-1.0,9.0,4.0,-47.0,20.0
578,20838.0,50721.0,49058.0,54048.0,47106.0,21126.0,3.3888564109802246,,,,,,,,,,,,,,,,,,,,,,,,,,20505.0,366.0,7.0,462.0,-534772730.0,153.0,0.0,3.0,33.0,-44.0,5.0
579,20848.0,50861.0,49573.0,53928.0,46560.0,21186.0,3.3888564109802246,,,,,,,,,,,,,,,,,,,,,,,,,,20525.0,368.0,7.0,462.0,-535820282.0,151.0,0.0,5.0,18.0,-5.0,7.0
580,20878.0,50974.0,48984.0,53661.0,47323.0,21196.0,3.3888564109802246,,,,,,,,,,,,,,,,,,,,,,,,,,20535.0,370.0,7.0,462.0,-535820282.0,152.0,0.0,5.0,34.0,3.0,6.0
581,20888.0,50832.0,49082.0,53527.0,46965.0,21206.0,3.3888564109802246,,,,,,,,,,,,,,,,,,,,,,,,,,20545.0,371.0,7.0,462.0,-535820282.0,153.0,0.0,5.0,16.0,26.0,10.0
582,20898.0,50673.0,48998.0,53595.0,47073.0,21246.0,3.3888564109802246,,,,,,,,,,,,,,,,,,,,,,,,,,20555.0,373.0,7.0,462.0,-535820282.0,153.0,1.0,6.0,4.0,29.0,8.0
583,20908.0,50723.0,48626.0,53746.0,47479.0,21256.0,3.3888564109802246,,,,,,,,,,,,,,,,,,,,,,,,,,20575.0,371.0,9.0,462.0,-535821305.0,145.0,6.0,6.0,4.0,15.0,21.0
584,20928.0,50827.0,49674.0,53661.0,46409.0,21266.0,3.383577823638916,,,,,,,,,,,,,,,,,,,,,,,,,,20595.0,377.0,9.0,462.0,-535821305.0,151.0,5.0,7.0,-11.0,0.0,24.0
585,20948.0,51143.0,49828.0,53291.0,46163.0,21276.0,3.3888564109802246,,,,,,,,,,,,,,,,,,,,,,,,,,20605.0,378.0,9.0,462.0,-535821305.0,151.0,5.0,9.0,0.0,-22.0,30.0
586,20958.0,50701.0,49512.0,53649.0,46500.0,21306.0,3.383577823638916,,,,,,,,,,,,,,,,,,,,,,,,,,20615.0,380.0,9.0,462.0,-535821305.0,152.0,5.0,10.0,0.0,10.0,13.0
587,20968.0,51153.0,48744.0,53227.0,47119.0,21316.0,3.383577823638916,,,,,,,,,,,,,,,,,,,,,,,,,,20625.0,382.0,9.0,462.0,-535821305.0,153.0,6.0,12.0,5.0,-3.0,14.0
588,21028.0,50966.0,48283.0,52806.0,47066.0,21326.0,3.383577823638916,,,,,,,,,,,,,,,,,,,,,,,,,,20655.0,383.0,9.0,463.0,-535821305.0,148.0,7.0,10.0,17.0,29.0,0.0
589,21038.0,50597.0,48587.0,53059.0,46725.0,21336.0,3.3782992362976074,,,,,,,,,,,,,,,,,,,,,,,,,,20675.0,388.0,9.0,463.0,-535821305.0,151.0,7.0,10.0,43.0,-6.0,-1.0
590,21048.0,50481.0,48934.0,53276.0,46275.0,21376.0,3.3782992362976074,,,,,,,,,,,,,,,,,,,,,,,,,,20685.0,390.0,9.0,463.0,-535821305.0,152.0,7.0,10.0,15.0,-5.0,8.0
591,21098.0,49984.0,48736.0,53340.0,46222.0,21386.0,3.3782992362976074,,,,,,,,,,,,,,,,,,,,,,,,,,20695.0,391.0,9.0,463.0,-535821305.0,152.0,7.0,10.0,18.0,-13.0,9.0
592,21108.0,50532.0,48546.0,52831.0,46537.0,21396.0,3.373020648956299,,,,,,,,,,,,,,,,,,,,,,,,,,20705.0,392.0,9.0,463.0,-536869881.0,152.0,6.0,6.0,21.0,-9.0,5.0
593,21118.0,50087.0,48847.0,53212.0,46254.0,21406.0,3.3782992362976074,,,,,,,,,,,,,,,,,,,,,,,,,,20745.0,400.0,9.0,463.0,-536869881.0,155.0,7.0,3.0,-6.0,-29.0,8.0
594,21178.0,50975.0,48804.0,53234.0,47103.0,21456.0,3.3782992362976074,,,,,,,,,,,,,,,,,,,,,,,,,,20755.0,401.0,9.0,463.0,-536869881.0,156.0,7.0,0.0,-28.0,9.0,6.0
595,21188.0,50270.0,49031.0,53723.0,46546.0,21466.0,3.373020648956299,,,,,,,,,,,,,,,,,,,,,,,,,,20765.0,404.0,10.0,463.0,-535821305.0,158.0,9.0,0.0,-12.0,13.0,5.0
596,21198.0,50501.0,48704.0,53534.0,47020.0,21476.0,3.3677420616149902,,,,,,,,,,,,,,,,,,,,,,,,,,20775.0,405.0,10.0,463.0,-535821305.0,157.0,9.0,-1.0,-17.0,38.0,17.0
597,21248.0,50548.0,49044.0,53684.0,46691.0,21486.0,3.373020648956299,,,,,,,,,,,,,,,,,,,,,,,,,,20785.0,408.0,9.0,463.0,-535821305.0,160.0,8.0,-1.0,12.0,22.0,1.0
598,21258.0,50436.0,48899.0,53808.0,46848.0,21516.0,3.373020648956299,,,,,,,,,,,,,,,,,,,,,,,,,,20815.0,411.0,10.0,463.0,-535821305.0,158.0,9.0,2.0,22.0,59.0,3.0
599,21268.0,51270.0,48700.0,53384.0,47283.0,21526.0,3.373020648956299,,,,,,,,,,,,,,,,,,,,,,,,,,20825.0,412.0,10.0,463.0,-536869880.0,157.0,8.0,3.0,27.0,41.0,6.0
600,21308.0,50878.0,49127.0,53756.0,46973.0,21536.0,3.3677420616149902,,,,,,,,,,,,,,,,,,,,,,,,,,20835.0,413.0,9.0,463.0,-536870904.0,157.0,7.0,5.0,20.0,45.0,1.0
601,21318.0,50774.0,48821.0,53874.0,47355.0,21546.0,3.373020648956299,,,,,,,,,,,,,,,,,,,,,,,,,,20845.0,415.0,9.0,463.0,-536870904.0,157.0,7.0,5.0,19.0,25.0,0.0
602,21328.0,50322.0,48995.0,54236.0,47168.0,21596.0,3.373020648956299,,,,,,,,,,,,,,,,,,,,,,,,,,20865.0,419.0,9.0,463.0,-536870904.0,160.0,6.0,2.0,-1.0,-20.0,-16.0
603,21338.0,51104.0,49938.0,53809.0,46223.0,21606.0,3.3677420616149902,,,,,,,,,,,,,,,,,,,,,,,,,,20885.0,426.0,10.0,463.0,-536869881.0,167.0,9.0,0.0,-45.0,-8.0,-13.0
604,21378.0,51553.0,48643.0,53555.0,47618.0,21616.0,3.3677420616149902,,,,,,,,,,,,,,,,,,,,,,,,,,20895.0,425.0,11.0,463.0,-536869881.0,162.0,10.0,1.0,-32.0,-24.0,-20.0
605,21388.0,50771.0,48917.0,54198.0,47352.0,21666.0,3.3677420616149902,,,,,,,,,,,,,,,,,,,,,,,,,,20905.0,428.0,11.0,463.0,-535821305.0,164.0,10.0,3.0,-42.0,-3.0,-12.0
606,21398.0,50988.0,48920.0,54248.0,47569.0,21676.0,3.3677420616149902,,,,,,,,,,,,,,,,,,,,,,,,,,20945.0,430.0,11.0,463.0,-535822329.0,157.0,10.0,0.0,46.0,39.0,-9.0
607,21458.0,50971.0,49232.0,54638.0,47445.0,21686.0,3.3677420616149902,,,,,,,,,,,,,,,,,,,,,,,,,,20955.0,433.0,10.0,463.0,-536870905.0,159.0,9.0,1.0,72.0,0.0,-12.0
608,21468.0,51275.0,49360.0,54449.0,47583.0,21746.0,3.3782992362976074,,,,,,,,,,,,,,,,,,,,,,,,,,20965.0,435.0,10.0,464.0,-536870905.0,160.0,9.0,4.0,82.0,-9.0,-12.0
609,21478.0,50914.0,49728.0,55004.0,47073.0,21756.0,3.3782992362976074,,,,,,,,,,,,,,,,,,,,,,,,,,20975.0,438.0,11.0,464.0,-1073741817.0,162.0,10.0,4.0,55.0,-30.0,-17.0
610,21518.0,51283.0,49356.0,54673.0,47475.0,21766.0,3.3782992362976074,,,,,,,,,,,,,,,,,,,,,,,,,,20985.0,440.0,11.0,464.0,-1073741817.0,162.0,10.0,3.0,36.0,-4.0,-15.0
611,21528.0,50980.0,49516.0,54796.0,47078.0,21826.0,3.3677420616149902,,,,,,,,,,,,,,,,,,,,,,,,,,21005.0,443.0,12.0,465.0,-1072693241.0,162.0,11.0,9.0,-4.0,-7.0,-17.0
612,21538.0,51032.0,49498.0,54932.0,47195.0,21836.0,3.3677420616149902,,,,,,,,,,,,,,,,,,,,,,,,,,21025.0,446.0,12.0,465.0,-1073741817.0,163.0,11.0,9.0,-9.0,-6.0,-10.0
613,21598.0,51091.0,49281.0,54809.0,47447.0,21846.0,3.3624634742736816,,,,,,,,,,,,,,,,,,,,,,,,,,21035.0,444.0,10.0,465.0,-1072693241.0,156.0,6.0,11.0,-23.0,-32.0,-8.0
614,21608.0,51574.0,48726.0,54624.0,48202.0,21856.0,3.3624634742736816,,,,,,,,,,,,,,,,,,,,,,,,,,21045.0,446.0,10.0,465.0,-1073741817.0,156.0,5.0,10.0,-31.0,3.0,-8.0
615,21618.0,51093.0,49528.0,54930.0,47189.0,21896.0,3.357184886932373,,,,,,,,,,,,,,,,,,,,,,,,,,21055.0,446.0,11.0,466.0,-1073741817.0,154.0,8.0,9.0,-15.0,-24.0,-6.0
616,21658.0,51337.0,49534.0,54583.0,47193.0,21906.0,3.357184886932373,,,,,,,,,,,,,,,,,,,,,,,,,,21075.0,449.0,12.0,466.0,-1073741817.0,152.0,8.0,8.0,-19.0,-3.0,-13.0
617,21668.0,51241.0,49098.0,54681.0,47602.0,21916.0,3.357184886932373,,,,,,,,,,,,,,,,,,,,,,,,,,21095.0,454.0,12.0,466.0,-1073741818.0,157.0,8.0,5.0,-8.0,9.0,-14.0
618,21678.0,51050.0,49682.0,54803.0,46925.0,21926.0,3.357184886932373,,,,,,,,,,,,,,,,,,,,,,,,,,21105.0,455.0,12.0,466.0,-1073741818.0,156.0,8.0,5.0,-3.0,19.0,-14.0
619,21738.0,51198.0,48973.0,54194.0,47067.0,21936.0,3.357184886932373,,,,,,,,,,,,,,,,,,,,,,,,,,21115.0,457.0,12.0,466.0,-1073741818.0,156.0,8.0,4.0,16.0,-4.0,-22.0
620,21748.0,50852.0,49148.0,54281.0,46829.0,21956.0,3.357184886932373,,,,,,,,,,,,,,,,,,,,,,,,,,21125.0,458.0,12.0,466.0,-1073741818.0,156.0,8.0,2.0,8.0,17.0,-23.0
621,21758.0,50550.0,49355.0,54469.0,46581.0,21966.0,3.357184886932373,,,,,,,,,,,,,,,,,,,,,,,,,,21145.0,461.0,12.0,464.0,-1073741818.0,157.0,8.0,-9.0,11.0,4.0,-16.0
622,21768.0,50593.0,49156.0,54530.0,46658.0,21976.0,3.357184886932373,,,,,,,,,,,,,,,,,,,,,,,,,,21165.0,463.0,12.0,464.0,-1073741818.0,154.0,7.0,-11.0,-6.0,13.0,-6.0
623,21828.0,51779.0,49711.0,53531.0,47039.0,21986.0,3.357184886932373,,,,,,,,,,,,,,,,,,,,,,,,,,21175.0,467.0,12.0,464.0,-1073741818.0,158.0,7.0,-11.0,-17.0,11.0,-3.0
624,21838.0,51893.0,49407.0,53366.0,47412.0,22016.0,3.3624634742736816,,,,,,,,,,,,,,,,,,,,,,,,,,21185.0,469.0,12.0,464.0,-1073741818.0,159.0,7.0,-11.0,-15.0,-15.0,0.0
625,21848.0,52205.0,49417.0,53062.0,47692.0,22026.0,3.357184886932373,,,,,,,,,,,,,,,,,,,,,,,,,,21195.0,470.0,12.0,464.0,-1073741818.0,159.0,7.0,-13.0,-21.0,-14.0,-2.0
626,21858.0,52060.0,49629.0,53277.0,47305.0,22036.0,3.357184886932373,,,,,,,,,,,,,,,,,,,,,,,,,,21205.0,471.0,13.0,464.0,-536870906.0,157.0,8.0,-13.0,-19.0,-37.0,-7.0
627,21898.0,52050.0,50002.0,53300.0,47664.0,22086.0,3.3624634742736816,,,,,,,,,,,,,,,,,,,,,,,,,,21225.0,473.0,13.0,463.0,-536870906.0,156.0,8.0,-17.0,-41.0,-9.0,-14.0
628,21908.0,51740.0,49813.0,53565.0,47838.0,22096.0,3.3624634742736816,,,,,,,,,,,,,,,,,,,,,,,,,,21245.0,475.0,12.0,463.0,-535822330.0,153.0,7.0,-17.0,-40.0,28.0,3.0
629,21918.0,51572.0,49731.0,53796.0,47787.0,22106.0,3.3677420616149902,,,,,,,,,,,,,,,,,,,,,,,,,,21255.0,477.0,13.0,463.0,-535822330.0,153.0,7.0,-18.0,-32.0,41.0,4.0
630,21948.0,51573.0,49394.0,53790.0,48121.0,22146.0,3.3677420616149902,,,,,,,,,,,,,,,,,,,,,,,,,,21265.0,481.0,13.0,462.0,-535822330.0,159.0,8.0,-21.0,-13.0,50.0,10.0
631,21958.0,51179.0,49783.0,54136.0,47729.0,22156.0,3.3677420616149902,,,,,,,,,,,,,,,,,,,,,,,,,,21275.0,482.0,13.0,462.0,-535822330.0,158.0,8.0,-21.0,24.0,3.0,0.0
632,21968.0,50880.0,49994.0,54245.0,47539.0,22166.0,3.3624634742736816,,,,,,,,,,,,,,,,,,,,,,,,,,21305.0,487.0,14.0,461.0,-535298042.0,157.0,10.0,-24.0,31.0,5.0,11.0
633,21978.0,51481.0,49311.0,53716.0,48181.0,22256.0,3.3624634742736816,,,,,,,,,,,,,,,,,,,,,,,,,,21315.0,489.0,13.0,461.0,-536870906.0,160.0,8.0,-26.0,46.0,11.0,-2.0
634,22008.0,50984.0,49442.0,54144.0,47912.0,22266.0,3.3624634742736816,,,,,,,,,,,,,,,,,,,,,,,,,,21325.0,490.0,14.0,461.0,-536346618.0,158.0,9.0,-26.0,37.0,14.0,-2.0
635,22018.0,51215.0,49741.0,54100.0,47422.0,22276.0,3.3624634742736816,,,,,,,,,,,,,,,,,,,,,,,,,,21335.0,491.0,14.0,460.0,-536346618.0,157.0,9.0,-26.0,-9.0,32.0,13.0
636,22028.0,51601.0,49861.0,53910.0,47463.0,22326.0,3.3624634742736816,,,,,,,,,,,,,,,,,,,,,,,,,,21365.0,494.0,15.0,460.0,-536345594.0,153.0,11.0,-27.0,-5.0,19.0,12.0
637,22038.0,51749.0,49997.0,53780.0,47300.0,22346.0,3.3624634742736816,,,,,,,,,,,,,,,,,,,,,,,,,,21385.0,499.0,15.0,459.0,-536345594.0,157.0,11.0,-29.0,7.0,6.0,13.0
638,22088.0,50745.0,49204.0,54110.0,47619.0,22376.0,3.3624634742736816,,,,,,,,,,,,,,,,,,,,,,,,,,21395.0,501.0,15.0,459.0,-536345594.0,158.0,11.0,-31.0,13.0,-21.0,9.0
639,22098.0,51308.0,49125.0,53620.0,47752.0,22386.0,3.3624634742736816,,,,,,,,,,,,,,,,,,,,,,,,,,21405.0,504.0,16.0,459.0,-536346618.0,159.0,12.0,-33.0,-6.0,-9.0,10.0
640,22108.0,50410.0,49633.0,54274.0,46922.0,22396.0,3.3624634742736816,,,,,,,,,,,,,,,,,,,,,,,,,,21425.0,504.0,14.0,458.0,-536345594.0,153.0,9.0,-34.0,-13.0,9.0,9.0
641,22118.0,50778.0,48875.0,54081.0,47931.0,22446.0,3.346627712249756,,,,,,,,,,,,,,,,,,,,,,,,,,21455.0,508.0,16.0,455.0,-535297018.0,152.0,11.0,-47.0,-16.0,21.0,24.0
642,22138.0,51038.0,50018.0,54047.0,46583.0,22456.0,3.346627712249756,,,,,,,,,,,,,,,,,,,,,,,,,,21465.0,509.0,16.0,455.0,-535297017.0,151.0,12.0,-47.0,-23.0,25.0,12.0
643,22148.0,50732.0,49507.0,54069.0,47067.0,22466.0,3.346627712249756,,,,,,,,,,,,,,,,,,,,,,,,,,21475.0,513.0,16.0,454.0,-535297017.0,155.0,12.0,-45.0,-43.0,38.0,27.0
644,22158.0,50860.0,50123.0,54058.0,46315.0,22546.0,3.3360705375671387,,,,,,,,,,,,,,,,,,,,,,,,,,21485.0,514.0,16.0,453.0,-535297017.0,154.0,12.0,-47.0,-19.0,38.0,24.0
645,22168.0,51411.0,49381.0,53743.0,47357.0,22556.0,3.3360705375671387,,,,,,,,,,,,,,,,,,,,,,,,,,21495.0,518.0,16.0,453.0,-535297017.0,158.0,12.0,-48.0,-46.0,27.0,34.0
646,22188.0,51151.0,49392.0,53868.0,47216.0,22566.0,3.3360705375671387,,,,,,,,,,,,,,,,,,,,,,,,,,21515.0,521.0,16.0,452.0,-535297017.0,157.0,13.0,-49.0,-28.0,12.0,20.0
647,22248.0,50984.0,49055.0,54252.0,47462.0,22576.0,3.3360705375671387,,,,,,,,,,,,,,,,,,,,,,,,,,21525.0,515.0,16.0,452.0,-535295993.0,143.0,13.0,-45.0,4.0,3.0,21.0
648,22258.0,51376.0,48564.0,53949.0,48007.0,22626.0,3.3360705375671387,,,,,,,,,,,,,,,,,,,,,,,,,,21535.0,518.0,16.0,452.0,-535297017.0,145.0,13.0,-45.0,7.0,-28.0,22.0
649,22268.0,51163.0,48869.0,54128.0,47706.0,22636.0,3.3360705375671387,,,,,,,,,,,,,,,,,,,,,,,,,,21545.0,519.0,16.0,451.0,-535297017.0,144.0,13.0,-44.0,18.0,5.0,29.0
650,22278.0,50568.0,49095.0,54665.0,47433.0,22646.0,3.3360705375671387,,,,,,,,,,,,,,,,,,,,,,,,,,21565.0,521.0,16.0,450.0,-535297017.0,142.0,13.0,-49.0,27.0,-64.0,7.0
651,22368.0,50715.0,48848.0,54534.0,47671.0,22696.0,3.3360705375671387,,,,,,,,,,,,,,,,,,,,,,,,,,21585.0,526.0,16.0,449.0,-535297017.0,144.0,13.0,-47.0,7.0,-92.0,18.0
652,22378.0,50747.0,49106.0,54630.0,47382.0,22706.0,3.3413491249084473,,,,,,,,,,,,,,,,,,,,,,,,,,21595.0,526.0,17.0,448.0,-535297016.0,143.0,14.0,-48.0,-17.0,-71.0,8.0
653,22388.0,51342.0,48881.0,54471.0,47965.0,22716.0,3.3360705375671387,,,,,,,,,,,,,,,,,,,,,,,,,,21605.0,529.0,17.0,448.0,-535298040.0,144.0,15.0,-49.0,-3.0,-79.0,9.0
654,22398.0,51424.0,48756.0,54478.0,48061.0,22726.0,3.3360705375671387,,,,,,,,,,,,,,,,,,,,,,,,,,21615.0,530.0,17.0,448.0,-535822328.0,144.0,15.0,-45.0,-17.0,-67.0,14.0
655,22448.0,51884.0,49835.0,54639.0,47599.0,22796.0,3.346627712249756,,,,,,,,,,,,,,,,,,,,,,,,,,21625.0,532.0,17.0,448.0,-535822328.0,144.0,15.0,-44.0,5.0,-10.0,17.0
656,22458.0,51581.0,49958.0,54975.0,47529.0,22806.0,3.3519062995910645,,,,,,,,,,,,,,,,,,,,,,,,,,21645.0,534.0,18.0,447.0,-535822328.0,143.0,17.0,-41.0,31.0,-12.0,2.0
657,22468.0,51812.0,49903.0,54768.0,47699.0,22816.0,3.3519062995910645,,,,,,,,,,,,,,,,,,,,,,,,,,21655.0,533.0,17.0,446.0,-535822328.0,138.0,15.0,-41.0,54.0,-9.0,0.0
658,22478.0,51609.0,50147.0,55109.0,47371.0,22866.0,3.357184886932373,,,,,,,,,,,,,,,,,,,,,,,,,,21665.0,536.0,17.0,446.0,-535821304.0,141.0,15.0,-41.0,77.0,26.0,-2.0
659,22498.0,52069.0,50239.0,54665.0,47363.0,22876.0,3.357184886932373,,,,,,,,,,,,,,,,,,,,,,,,,,21675.0,538.0,17.0,445.0,-536870904.0,143.0,14.0,-40.0,68.0,32.0,-1.0
660,22518.0,51786.0,50068.0,54879.0,47628.0,22886.0,3.357184886932373,,,,,,,,,,,,,,,,,,,,,,,,,,21685.0,540.0,19.0,445.0,-536870904.0,144.0,18.0,-39.0,55.0,-3.0,-7.0
661,22548.0,52334.0,49614.0,54545.0,48215.0,22896.0,3.357184886932373,,,,,,,,,,,,,,,,,,,,,,,,,,21695.0,542.0,19.0,446.0,-536870904.0,145.0,18.0,-33.0,77.0,-2.0,-3.0
662,22558.0,52081.0,49989.0,54827.0,47706.0,22906.0,3.357184886932373,,,,,,,,,,,,,,,,,,,,,,,,,,21715.0,545.0,19.0,445.0,-1073740792.0,146.0,18.0,-34.0,65.0,-30.0,6.0
663,22568.0,52274.0,49779.0,54657.0,48110.0,22956.0,3.3519062995910645,,,,,,,,,,,,,,,,,,,,,,,,,,21725.0,546.0,19.0,445.0,-1072692216.0,146.0,17.0,-32.0,72.0,-48.0,0.0
664,22628.0,51555.0,50255.0,54837.0,47209.0,22966.0,3.3519062995910645,,,,,,,,,,,,,,,,,,,,,,,,,,21735.0,548.0,19.0,444.0,-1072692216.0,146.0,17.0,-31.0,35.0,-37.0,1.0
665,22638.0,51545.0,50024.0,54819.0,47459.0,22976.0,3.3519062995910645,,,,,,,,,,,,,,,,,,,,,,,,,,21745.0,547.0,18.0,445.0,-1072692216.0,143.0,15.0,-27.0,10.0,-42.0,-9.0
666,22648.0,51507.0,49720.0,54910.0,47921.0,22986.0,3.3519062995910645,,,,,,,,,,,,,,,,,,,,,,,,,,21755.0,549.0,19.0,444.0,-1072692216.0,143.0,16.0,-26.0,0.0,-18.0,-18.0
667,22698.0,51758.0,49334.0,54730.0,48182.0,23056.0,3.3519062995910645,,,,,,,,,,,,,,,,,,,,,,,,,,21765.0,550.0,19.0,444.0,-1072692216.0,143.0,15.0,-26.0,-17.0,-30.0,-3.0
668,22708.0,52083.0,49531.0,54315.0,47853.0,23066.0,3.3519062995910645,,,,,,,,,,,,,,,,,,,,,,,,,,21775.0,551.0,21.0,444.0,-1072692216.0,142.0,18.0,-27.0,5.0,2.0,-7.0
669,22718.0,51879.0,49756.0,54694.0,47705.0,23076.0,3.346627712249756,,,,,,,,,,,,,,,,,,,,,,,,,,21795.0,554.0,21.0,443.0,-1072692216.0,143.0,17.0,-28.0,25.0,-10.0,-13.0
670,22738.0,51886.0,49807.0,54526.0,47726.0,23086.0,3.3519062995910645,,,,,,,,,,,,,,,,,,,,,,,,,,21815.0,560.0,21.0,443.0,-1072691193.0,150.0,15.0,-29.0,108.0,-64.0,-44.0
671,22788.0,51948.0,49254.0,54227.0,47865.0,23126.0,3.3360705375671387,,,,,,,,,,,,,,,,,,,,,,,,,,21835.0,564.0,19.0,442.0,-1071642617.0,154.0,11.0,-28.0,152.0,-115.0,-56.0
672,22798.0,51605.0,49370.0,54440.0,47779.0,23136.0,3.3360705375671387,,,,,,,,,,,,,,,,,,,,,,,,,,21845.0,563.0,19.0,442.0,-1070594041.0,149.0,8.0,-27.0,124.0,-104.0,-72.0
673,22808.0,51774.0,49496.0,54022.0,47498.0,23146.0,3.33079195022583,,,,,,,,,,,,,,,,,,,,,,,,,,21855.0,564.0,19.0,442.0,-1070593017.0,148.0,8.0,-26.0,125.0,-114.0,-60.0
674,22868.0,51157.0,49090.0,53989.0,47698.0,23156.0,3.3255133628845215,,,,,,,,,,,,,,,,,,,,,,,,,,21865.0,566.0,19.0,441.0,-1069544442.0,149.0,8.0,-27.0,119.0,-109.0,-72.0
675,22878.0,51059.0,49550.0,54122.0,47380.0,23206.0,3.3255133628845215,,,,,,,,,,,,,,,,,,,,,,,,,,21875.0,567.0,19.0,440.0,-1069543418.0,151.0,6.0,-32.0,94.0,-95.0,-69.0
676,22888.0,51330.0,49529.0,53706.0,47511.0,23216.0,3.3255133628845215,,,,,,,,,,,,,,,,,,,,,,,,,,21885.0,568.0,19.0,440.0,-1068494842.0,150.0,5.0,-33.0,70.0,-83.0,-70.0
677,22958.0,51841.0,50107.0,53139.0,47072.0,23226.0,3.3255133628845215,,,,,,,,,,,,,,,,,,,,,,,,,,21895.0,571.0,19.0,440.0,-1068494842.0,153.0,4.0,-32.0,60.0,-97.0,-76.0
678,22968.0,50988.0,49887.0,53849.0,47494.0,23236.0,3.3255133628845215,,,,,,,,,,,,,,,,,,,,,,,,,,21905.0,573.0,19.0,439.0,-1068493819.0,156.0,2.0,-31.0,29.0,-54.0,-74.0
679,22978.0,51348.0,49852.0,53587.0,47467.0,23256.0,3.3255133628845215,,,,,,,,,,,,,,,,,,,,,,,,,,21915.0,574.0,19.0,439.0,-1068493819.0,157.0,0.0,-31.0,-3.0,-32.0,-60.0
680,23058.0,51221.0,49715.0,53458.0,47716.0,23286.0,3.3255133628845215,,,,,,,,,,,,,,,,,,,,,,,,,,21925.0,575.0,19.0,439.0,-1068493819.0,156.0,0.0,-31.0,-16.0,-27.0,-57.0
681,23068.0,50939.0,49511.0,53646.0,48067.0,23296.0,3.3255133628845215,,,,,,,,,,,,,,,,,,,,,,,,,,21955.0,581.0,20.0,437.0,-1068493820.0,162.0,-2.0,-31.0,-66.0,24.0,-50.0
682,23078.0,51097.0,49676.0,53707.0,48051.0,23306.0,3.3255133628845215,,,,,,,,,,,,,,,,,,,,,,,,,,21965.0,582.0,19.0,437.0,-1068493820.0,162.0,-5.0,-29.0,-72.0,64.0,-58.0
683,23128.0,51014.0,49939.0,54309.0,48383.0,23386.0,3.320234775543213,,,,,,,,,,,,,,,,,,,,,,,,,,21975.0,582.0,20.0,437.0,-1069543420.0,160.0,-3.0,-27.0,-86.0,61.0,-46.0
684,23138.0,51390.0,50212.0,53924.0,48054.0,23396.0,3.320234775543213,,,,,,,,,,,,,,,,,,,,,,,,,,21985.0,585.0,21.0,436.0,-1069543420.0,165.0,-4.0,-25.0,-77.0,62.0,-46.0
685,23148.0,51804.0,49972.0,53776.0,48400.0,23406.0,3.3149561882019043,,,,,,,,,,,,,,,,,,,,,,,,,,22015.0,590.0,21.0,434.0,-1070593021.0,169.0,-6.0,-30.0,-62.0,73.0,-13.0
686,23208.0,51353.0,50128.0,54039.0,48285.0,23416.0,3.3149561882019043,,,,,,,,,,,,,,,,,,,,,,,,,,22025.0,593.0,21.0,434.0,-1070593021.0,171.0,-6.0,-30.0,-41.0,47.0,-12.0
687,23218.0,51320.0,50210.0,53836.0,47822.0,23466.0,3.304399013519287,,,,,,,,,,,,,,,,,,,,,,,,,,22035.0,594.0,21.0,434.0,-1071641597.0,171.0,-6.0,-30.0,-20.0,41.0,-11.0
688,23228.0,51602.0,50157.0,53596.0,47864.0,23476.0,3.304399013519287,,,,,,,,,,,,,,,,,,,,,,,,,,22045.0,596.0,21.0,434.0,-1071641597.0,172.0,-9.0,-23.0,-9.0,32.0,-6.0
689,23268.0,51466.0,49796.0,53680.0,48120.0,23486.0,3.304399013519287,,,,,,,,,,,,,,,,,,,,,,,,,,22055.0,597.0,21.0,434.0,-1071642621.0,171.0,-9.0,-23.0,2.0,33.0,-17.0
690,23278.0,51760.0,50063.0,53492.0,48032.0,23496.0,3.2991204261779785,,,,,,,,,,,,,,,,,,,,,,,,,,22075.0,603.0,20.0,434.0,-1071642621.0,178.0,-10.0,-22.0,-14.0,24.0,-13.0
691,23288.0,51561.0,50243.0,53643.0,47869.0,23526.0,3.3096776008605957,,,,,,,,,,,,,,,,,,,,,,,,,,22085.0,605.0,21.0,434.0,-1071642621.0,180.0,-10.0,-17.0,-42.0,28.0,-12.0
692,23298.0,51344.0,50299.0,53829.0,47812.0,23536.0,3.3096776008605957,,,,,,,,,,,,,,,,,,,,,,,,,,22095.0,607.0,21.0,434.0,-1071642621.0,180.0,-10.0,-17.0,-47.0,60.0,-16.0
693,23308.0,51340.0,49706.0,53858.0,48291.0,23546.0,3.3096776008605957,,,,,,,,,,,,,,,,,,,,,,,,,,22105.0,607.0,20.0,434.0,-1071642621.0,178.0,-12.0,-16.0,-92.0,84.0,-8.0
694,23388.0,51484.0,50161.0,54123.0,48041.0,23556.0,3.3096776008605957,,,,,,,,,,,,,,,,,,,,,,,,,,22145.0,614.0,20.0,432.0,-1072693245.0,178.0,-12.0,-17.0,-6.0,105.0,-5.0
695,23398.0,51641.0,50062.0,54079.0,48452.0,23606.0,3.3149561882019043,,,,,,,,,,,,,,,,,,,,,,,,,,22155.0,616.0,21.0,432.0,-1072693245.0,179.0,-12.0,-18.0,-7.0,97.0,2.0
696,23408.0,51418.0,50565.0,54448.0,48056.0,23616.0,3.3096776008605957,,,,,,,,,,,,,,,,,,,,,,,,,,22165.0,620.0,21.0,432.0,-1072168957.0,182.0,-12.0,-18.0,-5.0,103.0,2.0
697,23418.0,51633.0,50640.0,54244.0,48071.0,23626.0,3.304399013519287,,,,,,,,,,,,,,,,,,,,,,,,,,22205.0,622.0,20.0,432.0,-1072166909.0,171.0,-13.0,-16.0,-27.0,45.0,3.0
698,23458.0,51506.0,50337.0,54604.0,48648.0,23696.0,3.3096776008605957,,,,,,,,,,,,,,,,,,,,,,,,,,22225.0,629.0,20.0,432.0,-1073215485.0,177.0,-12.0,-16.0,-39.0,29.0,2.0
699,23468.0,52073.0,50293.0,54181.0,49009.0,23706.0,3.304399013519287,,,,,,,,,,,,,,,,,,,,,,,,,,22255.0,633.0,20.0,431.0,-536344573.0,174.0,-13.0,-17.0,-64.0,50.0,21.0
700,23478.0,52908.0,50383.0,53483.0,48913.0,23716.0,3.304399013519287,,,,,,,,,,,,,,,,,,,,,,,,,,22265.0,631.0,21.0,431.0,-536344573.0,165.0,-10.0,-17.0,-55.0,33.0,17.0
701,23488.0,51583.0,51650.0,54740.0,47645.0,23776.0,3.304399013519287,,,,,,,,,,,,,,,,,,,,,,,,,,22275.0,633.0,21.0,431.0,-535294973.0,165.0,-9.0,-18.0,-34.0,29.0,16.0
702,23528.0,51707.0,49650.0,54388.0,49257.0,23786.0,3.304399013519287,,,,,,,,,,,,,,,,,,,,,,,,,,22295.0,638.0,21.0,431.0,-535294973.0,166.0,-9.0,-20.0,-22.0,42.0,7.0
703,23538.0,51697.0,50050.0,54517.0,48774.0,23796.0,3.3096776008605957,,,,,,,,,,,,,,,,,,,,,,,,,,22375.0,651.0,20.0,430.0,-535294973.0,160.0,-9.0,-18.0,-26.0,2.0,13.0
704,23548.0,51408.0,50069.0,54781.0,48665.0,23846.0,3.304399013519287,,,,,,,,,,,,,,,,,,,,,,,,,,22385.0,654.0,20.0,428.0,-535294973.0,163.0,-8.0,-29.0,-41.0,-25.0,20.0
705,23598.0,51591.0,50570.0,54430.0,48147.0,23856.0,3.3096776008605957,,,,,,,,,,,,,,,,,,,,,,,,,,22395.0,657.0,20.0,428.0,-535294973.0,164.0,-7.0,-30.0,-48.0,-40.0,29.0
706,23608.0,51524.0,50107.0,54403.0,48540.0,23866.0,3.304399013519287,,,,,,,,,,,,,,,,,,,,,,,,,,22405.0,659.0,20.0,428.0,-535294972.0,164.0,-6.0,-30.0,-65.0,-57.0,31.0
707,23618.0,52141.0,50434.0,53847.0,48382.0,23956.0,3.3096776008605957,,,,,,,,,,,,,,,,,,,,,,,,,,22425.0,661.0,20.0,426.0,-535295996.0,160.0,-6.0,-34.0,-27.0,-58.0,8.0
708,23658.0,51857.0,50855.0,54363.0,48110.0,23966.0,3.3149561882019043,,,,,,,,,,,,,,,,,,,,,,,,,,22445.0,661.0,20.0,426.0,-534247420.0,153.0,-5.0,-34.0,0.0,-11.0,9.0
709,23688.0,51895.0,50816.0,54133.0,47987.0,23976.0,3.3149561882019043,,,,,,,,,,,,,,,,,,,,,,,,,,22455.0,663.0,20.0,425.0,-534247420.0,153.0,-4.0,-35.0,13.0,-19.0,11.0
710,23698.0,51928.0,50148.0,54192.0,48697.0,24046.0,3.320234775543213,,,,,,,,,,,,,,,,,,,,,,,,,,22465.0,664.0,20.0,425.0,-534247420.0,152.0,-4.0,-36.0,39.0,-11.0,12.0
711,23708.0,52122.0,50505.0,54201.0,48491.0,24056.0,3.3096776008605957,,,,,,,,,,,,,,,,,,,,,,,,,,22475.0,666.0,20.0,425.0,-535295996.0,153.0,-4.0,-33.0,46.0,-19.0,20.0
712,23718.0,51933.0,50003.0,54309.0,49070.0,24066.0,3.304399013519287,,,,,,,,,,,,,,,,,,,,,,,,,,22545.0,678.0,19.0,423.0,-536345596.0,151.0,-3.0,-30.0,27.0,-34.0,0.0
713,23738.0,51777.0,50519.0,54334.0,48616.0,24126.0,3.2991204261779785,,,,,,,,,,,,,,,,,,,,,,,,,,22555.0,679.0,19.0,422.0,-536345596.0,151.0,-3.0,-31.0,22.0,-56.0,4.0
714,23758.0,52083.0,50725.0,54101.0,48438.0,24136.0,3.2991204261779785,,,,,,,,,,,,,,,,,,,,,,,,,,22565.0,682.0,21.0,422.0,-536345596.0,153.0,0.0,-31.0,33.0,-68.0,4.0
715,23768.0,51651.0,50706.0,54470.0,48485.0,24146.0,3.2991204261779785,,,,,,,,,,,,,,,,,,,,,,,,,,22575.0,684.0,21.0,421.0,-1073217532.0,153.0,0.0,-31.0,39.0,-71.0,1.0
716,23778.0,51967.0,50366.0,54269.0,48733.0,24166.0,3.29384183883667,,,,,,,,,,,,,,,,,,,,,,,,,,22595.0,691.0,19.0,421.0,-1073741820.0,161.0,-3.0,-28.0,49.0,-62.0,-2.0
717,23788.0,52065.0,50882.0,54100.0,48308.0,24196.0,3.2991204261779785,,,,,,,,,,,,,,,,,,,,,,,,,,22615.0,692.0,20.0,421.0,-1072692220.0,156.0,-2.0,-18.0,68.0,-27.0,-15.0
718,23798.0,51958.0,50389.0,54047.0,48589.0,24246.0,3.3096776008605957,,,,,,,,,,,,,,,,,,,,,,,,,,22625.0,694.0,19.0,421.0,-1072692220.0,159.0,-2.0,-16.0,42.0,10.0,-8.0
719,23848.0,52008.0,50249.0,53954.0,48731.0,24256.0,3.3096776008605957,,,,,,,,,,,,,,,,,,,,,,,,,,22635.0,695.0,20.0,421.0,-1072692220.0,157.0,-1.0,-16.0,50.0,39.0,-8.0
720,23858.0,51718.0,50317.0,54025.0,48523.0,24336.0,3.304399013519287,,,,,,,,,,,,,,,,,,,,,,,,,,22645.0,696.0,20.0,420.0,-1072693244.0,156.0,-2.0,-19.0,51.0,36.0,-14.0
721,23868.0,51510.0,50553.0,54306.0,48410.0,24376.0,3.2991204261779785,,,,,,,,,,,,,,,,,,,,,,,,,,22655.0,697.0,20.0,420.0,-1071644668.0,155.0,-3.0,-18.0,32.0,33.0,-11.0
722,23898.0,51607.0,50172.0,54045.0,48803.0,24386.0,3.2991204261779785,,,,,,,,,,,,,,,,,,,,,,,,,,22675.0,701.0,20.0,420.0,-1071644668.0,156.0,-3.0,-18.0,-6.0,8.0,-15.0
723,23958.0,51172.0,50702.0,53969.0,47709.0,24396.0,3.304399013519287,,,,,,,,,,,,,,,,,,,,,,,,,,22705.0,707.0,20.0,419.0,-1072693244.0,159.0,-4.0,-17.0,-40.0,-33.0,-8.0
724,23978.0,51271.0,50163.0,53922.0,48240.0,24456.0,3.304399013519287,,,,,,,,,,,,,,,,,,,,,,,,,,22715.0,709.0,20.0,419.0,-1072693244.0,161.0,-4.0,-17.0,-39.0,-34.0,-1.0
725,23998.0,51153.0,50031.0,54201.0,48487.0,24466.0,3.2991204261779785,,,,,,,,,,,,,,,,,,,,,,,,,,22725.0,711.0,20.0,418.0,-1072692220.0,161.0,-4.0,-17.0,-17.0,-37.0,-5.0
726,24028.0,50542.0,49875.0,54420.0,48389.0,24476.0,3.3096776008605957,,,,,,,,,,,,,,,,,,,,,,,,,,22765.0,716.0,21.0,417.0,-1072692220.0,158.0,-4.0,-18.0,-21.0,37.0,-1.0
727,24048.0,51507.0,50024.0,53809.0,48431.0,24516.0,3.2991204261779785,,,,,,,,,,,,,,,,,,,,,,,,,,22785.0,718.0,20.0,417.0,-1072693244.0,158.0,-6.0,-13.0,-13.0,25.0,-3.0
728,24058.0,51705.0,50847.0,53968.0,47913.0,24526.0,3.304399013519287,,,,,,,,,,,,,,,,,,,,,,,,,,22795.0,720.0,18.0,417.0,-1072693244.0,158.0,-8.0,-11.0,-7.0,-3.0,-12.0
729,24068.0,52168.0,50623.0,53797.0,48259.0,24536.0,3.29384183883667,,,,,,,,,,,,,,,,,,,,,,,,,,22805.0,723.0,19.0,417.0,-1072693244.0,160.0,-8.0,-9.0,-8.0,-2.0,-17.0
730,24138.0,50915.0,50575.0,55157.0,48476.0,24546.0,3.29384183883667,,,,,,,,,,,,,,,,,,,,,,,,,,22815.0,724.0,18.0,416.0,-1072693245.0,160.0,-8.0,-12.0,7.0,-17.0,-17.0
731,24148.0,50959.0,50822.0,55206.0,48224.0,24596.0,3.2991204261779785,,,,,,,,,,,,,,,,,,,,,,,,,,22825.0,725.0,18.0,416.0,-1072693245.0,159.0,-8.0,-10.0,-7.0,-1.0,-28.0
732,24228.0,51638.0,50827.0,54750.0,48127.0,24606.0,3.304399013519287,,,,,,,,,,,,,,,,,,,,,,,,,,22845.0,725.0,19.0,416.0,-1072693245.0,153.0,-8.0,-8.0,-4.0,-16.0,-33.0
733,24248.0,51781.0,50417.0,54413.0,48153.0,24616.0,3.304399013519287,,,,,,,,,,,,,,,,,,,,,,,,,,22865.0,730.0,19.0,417.0,-1072692221.0,156.0,-8.0,0.0,26.0,-17.0,-37.0
734,24258.0,51115.0,50043.0,54978.0,48486.0,24666.0,3.3096776008605957,,,,,,,,,,,,,,,,,,,,,,,,,,22875.0,730.0,19.0,417.0,-1072692221.0,154.0,-8.0,0.0,9.0,-7.0,-35.0
735,24368.0,51719.0,50726.0,55047.0,48342.0,24676.0,3.3096776008605957,,,,,,,,,,,,,,,,,,,,,,,,,,22885.0,731.0,19.0,417.0,-1072692221.0,153.0,-8.0,1.0,19.0,-8.0,-50.0
736,24378.0,51584.0,50725.0,55181.0,48266.0,24686.0,3.3096776008605957,,,,,,,,,,,,,,,,,,,,,,,,,,22895.0,735.0,18.0,417.0,-1072692222.0,157.0,-8.0,2.0,24.0,-22.0,-48.0
737,24388.0,51685.0,50792.0,55181.0,48023.0,24696.0,3.320234775543213,,,,,,,,,,,,,,,,,,,,,,,,,,22935.0,740.0,18.0,417.0,-1072692222.0,156.0,-9.0,0.0,27.0,-45.0,-52.0
738,24398.0,51829.0,50348.0,54981.0,48427.0,24726.0,3.3255133628845215,,,,,,,,,,,,,,,,,,,,,,,,,,22955.0,743.0,18.0,417.0,-1072692223.0,157.0,-10.0,5.0,43.0,-32.0,-53.0
739,24458.0,51630.0,50313.0,54998.0,48392.0,24736.0,3.3255133628845215,,,,,,,,,,,,,,,,,,,,,,,,,,22965.0,738.0,17.0,417.0,-1071643647.0,143.0,-13.0,7.0,47.0,-27.0,-67.0
740,24468.0,51393.0,50409.0,55320.0,48452.0,24746.0,3.33079195022583,,,,,,,,,,,,,,,,,,,,,,,,,,22975.0,740.0,17.0,418.0,-1071643647.0,145.0,-12.0,7.0,17.0,-28.0,-53.0
741,24478.0,51552.0,50109.0,54918.0,48490.0,24756.0,3.3255133628845215,,,,,,,,,,,,,,,,,,,,,,,,,,22985.0,745.0,17.0,418.0,-1071643647.0,152.0,-12.0,7.0,38.0,-32.0,-74.0
742,24498.0,51880.0,50798.0,54924.0,47909.0,24796.0,3.3149561882019043,,,,,,,,,,,,,,,,,,,,,,,,,,22995.0,746.0,17.0,418.0,-1071643648.0,152.0,-13.0,10.0,29.0,-19.0,-66.0
743,24518.0,52608.0,50630.0,54392.0,48449.0,24806.0,3.3149561882019043,,,,,,,,,,,,,,,,,,,,,,,,,,23015.0,748.0,17.0,419.0,-1071643648.0,150.0,-12.0,11.0,-1.0,14.0,-65.0
744,24528.0,52499.0,50981.0,54198.0,47731.0,24816.0,3.3096776008605957,,,,,,,,,,,,,,,,,,,,,,,,,,23035.0,750.0,17.0,419.0,-1071643136.0,149.0,-13.0,9.0,-30.0,0.0,-50.0
745,24538.0,52284.0,50935.0,54547.0,48187.0,24826.0,3.3149561882019043,,,,,,,,,,,,,,,,,,,,,,,,,,23055.0,753.0,17.0,419.0,-1071643135.0,150.0,-13.0,9.0,-4.0,-22.0,-53.0
746,24548.0,52466.0,50548.0,54334.0,48585.0,24846.0,3.3096776008605957,,,,,,,,,,,,,,,,,,,,,,,,,,23065.0,755.0,17.0,419.0,-1071643135.0,150.0,-15.0,9.0,-11.0,-4.0,-61.0
747,24598.0,51443.0,50391.0,55242.0,48695.0,24876.0,3.3096776008605957,,,,,,,,,,,,,,,,,,,,,,,,,,23075.0,759.0,17.0,418.0,-1071643135.0,155.0,-15.0,3.0,-46.0,-21.0,-47.0
748,24608.0,52273.0,50374.0,54287.0,48379.0,24886.0,3.304399013519287,,,,,,,,,,,,,,,,,,,,,,,,,,23085.0,760.0,16.0,418.0,-1071642111.0,156.0,-15.0,4.0,-32.0,-7.0,-41.0
749,24618.0,51833.0,50349.0,54726.0,48303.0,24896.0,3.304399013519287,,,,,,,,,,,,,,,,,,,,,,,,,,23095.0,761.0,16.0,418.0,-1072691711.0,154.0,-17.0,2.0,-65.0,-17.0,-34.0
750,24648.0,50859.0,50353.0,55181.0,47990.0,24906.0,3.304399013519287,,,,,,,,,,,,,,,,,,,,,,,,,,23115.0,764.0,15.0,418.0,-1072690686.0,155.0,-18.0,2.0,-48.0,-19.0,-32.0
751,24668.0,51214.0,51014.0,54970.0,47295.0,24946.0,3.3096776008605957,,,,,,,,,,,,,,,,,,,,,,,,,,23135.0,767.0,15.0,418.0,-1072690686.0,155.0,-17.0,2.0,-8.0,-32.0,-36.0
752,24678.0,51548.0,50363.0,54671.0,48012.0,24956.0,3.3096776008605957,,,,,,,,,,,,,,,,,,,,,,,,,,23145.0,768.0,15.0,418.0,-1072690686.0,155.0,-18.0,3.0,-21.0,-16.0,-29.0
753,24688.0,51468.0,50349.0,54748.0,48013.0,24966.0,3.304399013519287,,,,,,,,,,,,,,,,,,,,,,,,,,23155.0,763.0,14.0,418.0,-1072691710.0,142.0,-19.0,2.0,19.0,-17.0,-43.0
754,24728.0,51916.0,50380.0,53938.0,47641.0,25016.0,3.304399013519287,,,,,,,,,,,,,,,,,,,,,,,,,,23175.0,770.0,15.0,419.0,-1072690685.0,151.0,-18.0,7.0,-4.0,17.0,-36.0
755,24738.0,51666.0,49929.0,54208.0,48083.0,25026.0,3.2991204261779785,,,,,,,,,,,,,,,,,,,,,,,,,,23205.0,775.0,15.0,419.0,-1073740285.0,153.0,-17.0,10.0,-22.0,21.0,-29.0
756,24748.0,51612.0,49699.0,54081.0,48195.0,25036.0,3.2991204261779785,,,,,,,,,,,,,,,,,,,,,,,,,,23215.0,776.0,15.0,421.0,-1073740285.0,153.0,-17.0,19.0,-4.0,20.0,-23.0
757,24768.0,51458.0,50051.0,54435.0,47956.0,25106.0,3.29384183883667,,,,,,,,,,,,,,,,,,,,,,,,,,23225.0,777.0,14.0,421.0,-1073740285.0,151.0,-18.0,18.0,-27.0,24.0,-20.0
758,24778.0,50692.0,50454.0,55057.0,47591.0,25116.0,3.29384183883667,,,,,,,,,,,,,,,,,,,,,,,,,,23235.0,778.0,14.0,422.0,-1073740285.0,151.0,-18.0,18.0,-18.0,-15.0,-13.0
759,24798.0,51404.0,50319.0,54725.0,48194.0,25126.0,3.29384183883667,,,,,,,,,,,,,,,,,,,,,,,,,,23245.0,779.0,14.0,422.0,-1073740285.0,151.0,-18.0,17.0,-22.0,-20.0,-7.0
760,24808.0,51192.0,50150.0,54874.0,48356.0,25176.0,3.2885632514953613,,,,,,,,,,,,,,,,,,,,,,,,,,23285.0,790.0,14.0,422.0,-1073739260.0,162.0,-16.0,18.0,5.0,20.0,-20.0
761,24818.0,50940.0,50392.0,55215.0,48293.0,25186.0,3.2885632514953613,,,,,,,,,,,,,,,,,,,,,,,,,,23295.0,792.0,14.0,423.0,-1073739260.0,164.0,-16.0,17.0,5.0,21.0,-18.0
762,24828.0,51145.0,49975.0,54904.0,48319.0,25326.0,3.3413491249084473,,,,,,,,,,,,,,,,,,,,,,,,,,23305.0,794.0,14.0,423.0,-1073739260.0,165.0,-16.0,20.0,-28.0,48.0,-9.0
763,24878.0,51963.0,50677.0,54664.0,48087.0,25336.0,3.3413491249084473,,,,,,,,,,,,,,,,,,,,,,,,,,23315.0,794.0,14.0,423.0,-1073739260.0,161.0,-14.0,22.0,-65.0,90.0,-1.0
764,24888.0,51556.0,50398.0,55159.0,48512.0,25346.0,3.3413491249084473,,,,,,,,,,,,,,,,,,,,,,,,,,23325.0,795.0,14.0,424.0,-536869372.0,161.0,-14.0,23.0,-47.0,89.0,3.0
765,24898.0,51910.0,50594.0,54908.0,48290.0,25366.0,3.3413491249084473,,,,,,,,,,,,,,,,,,,,,,,,,,23345.0,799.0,15.0,423.0,-535820796.0,163.0,-12.0,15.0,-28.0,105.0,6.0
766,24938.0,51426.0,50374.0,55260.0,48396.0,25406.0,3.3360705375671387,,,,,,,,,,,,,,,,,,,,,,,,,,23355.0,800.0,14.0,423.0,-535821820.0,163.0,-13.0,13.0,-20.0,77.0,6.0
767,24948.0,51239.0,50677.0,55236.0,47946.0,25416.0,3.33079195022583,,,,,,,,,,,,,,,,,,,,,,,,,,23365.0,801.0,14.0,423.0,-535297532.0,162.0,-13.0,14.0,-8.0,63.0,15.0
768,24958.0,51470.0,50940.0,55003.0,47666.0,25426.0,3.33079195022583,,,,,,,,,,,,,,,,,,,,,,,,,,23375.0,803.0,14.0,423.0,-535297532.0,162.0,-13.0,13.0,21.0,38.0,1.0
769,24978.0,51250.0,50932.0,55279.0,47840.0,25436.0,3.3255133628845215,,,,,,,,,,,,,,,,,,,,,,,,,,23395.0,807.0,14.0,423.0,-535296508.0,163.0,-12.0,8.0,6.0,27.0,-1.0
770,25008.0,51256.0,51261.0,55244.0,47462.0,25506.0,3.304399013519287,,,,,,,,,,,,,,,,,,,,,,,,,,23405.0,809.0,14.0,423.0,-535296508.0,163.0,-11.0,7.0,-21.0,18.0,-8.0
771,25018.0,51203.0,50990.0,55366.0,47744.0,25516.0,3.304399013519287,,,,,,,,,,,,,,,,,,,,,,,,,,23415.0,807.0,14.0,423.0,-535296508.0,156.0,-10.0,5.0,-12.0,15.0,-4.0
772,25028.0,51722.0,50377.0,55150.0,48605.0,25526.0,3.2991204261779785,,,,,,,,,,,,,,,,,,,,,,,,,,23435.0,813.0,14.0,423.0,-535296508.0,161.0,-9.0,5.0,-4.0,25.0,-3.0
773,25038.0,52347.0,50634.0,54581.0,48353.0,25606.0,3.2885632514953613,,,,,,,,,,,,,,,,,,,,,,,,,,23445.0,815.0,15.0,423.0,-535296508.0,161.0,-8.0,5.0,26.0,12.0,-11.0
774,25098.0,51403.0,50800.0,55356.0,48158.0,25616.0,3.2832846641540527,,,,,,,,,,,,,,,,,,,,,,,,,,23465.0,818.0,15.0,423.0,-535296508.0,160.0,-7.0,4.0,42.0,-5.0,-22.0
775,25108.0,52190.0,50220.0,55058.0,49076.0,25696.0,3.304399013519287,,,,,,,,,,,,,,,,,,,,,,,,,,23475.0,815.0,13.0,423.0,-535296508.0,151.0,-10.0,1.0,41.0,8.0,-13.0
776,25118.0,51987.0,50909.0,55178.0,48354.0,25806.0,3.2991204261779785,,,,,,,,,,,,,,,,,,,,,,,,,,23485.0,818.0,14.0,423.0,-535296508.0,153.0,-9.0,2.0,55.0,-4.0,-13.0
777,25138.0,52492.0,50749.0,55010.0,48891.0,25816.0,3.2991204261779785,,,,,,,,,,,,,,,,,,,,,,,,,,23495.0,819.0,13.0,423.0,-536345084.0,152.0,-9.0,2.0,46.0,-11.0,-12.0
778,25178.0,52164.0,51177.0,55357.0,48697.0,25826.0,3.29384183883667,,,,,,,,,,,,,,,,,,,,,,,,,,23525.0,826.0,13.0,424.0,-1073215996.0,156.0,-9.0,9.0,-17.0,-20.0,-2.0
779,25188.0,52188.0,51095.0,55369.0,48822.0,25836.0,3.2885632514953613,,,,,,,,,,,,,,,,,,,,,,,,,,23535.0,828.0,13.0,424.0,-536345084.0,156.0,-9.0,10.0,-57.0,-16.0,8.0
780,25238.0,51330.0,52670.0,55631.0,46541.0,25876.0,3.29384183883667,,,,,,,,,,,,,,,,,,,,,,,,,,23545.0,829.0,14.0,424.0,-536345084.0,154.0,-7.0,10.0,-61.0,-22.0,18.0
781,25278.0,51569.0,50721.0,55092.0,48317.0,25886.0,3.29384183883667,,,,,,,,,,,,,,,,,,,,,,,,,,23555.0,830.0,14.0,424.0,-536345084.0,153.0,-7.0,10.0,-73.0,-27.0,19.0
782,25318.0,51491.0,49586.0,54094.0,48322.0,25896.0,3.2991204261779785,,,,,,,,,,,,,,,,,,,,,,,,,,23585.0,834.0,14.0,425.0,-535296508.0,152.0,-6.0,13.0,2.0,-49.0,4.0
783,25328.0,50076.0,49780.0,55003.0,47871.0,25906.0,3.2991204261779785,,,,,,,,,,,,,,,,,,,,,,,,,,23595.0,832.0,14.0,425.0,-535296508.0,144.0,-5.0,14.0,23.0,-11.0,-3.0
784,25338.0,50758.0,50114.0,54534.0,47549.0,25946.0,3.304399013519287,,,,,,,,,,,,,,,,,,,,,,,,,,23605.0,835.0,13.0,426.0,-535296508.0,147.0,-5.0,16.0,9.0,-37.0,0.0
785,25348.0,51186.0,50047.0,54197.0,47618.0,25956.0,3.304399013519287,,,,,,,,,,,,,,,,,,,,,,,,,,23615.0,838.0,13.0,426.0,-535297532.0,150.0,-5.0,16.0,26.0,-22.0,-10.0
786,25408.0,50813.0,49759.0,54733.0,48198.0,25966.0,3.29384183883667,,,,,,,,,,,,,,,,,,,,,,,,,,23625.0,840.0,13.0,426.0,-535297532.0,151.0,-5.0,17.0,36.0,-43.0,-15.0
787,25418.0,51124.0,50031.0,54683.0,48226.0,26026.0,3.2991204261779785,,,,,,,,,,,,,,,,,,,,,,,,,,23635.0,842.0,13.0,426.0,-535297532.0,152.0,-5.0,18.0,28.0,-17.0,-19.0
788,25428.0,51276.0,50047.0,54641.0,48153.0,26036.0,3.29384183883667,,,,,,,,,,,,,,,,,,,,,,,,,,23695.0,846.0,14.0,426.0,-1073215996.0,141.0,-2.0,13.0,29.0,40.0,0.0
789,25498.0,52027.0,50105.0,54482.0,48705.0,26046.0,3.2991204261779785,,,,,,,,,,,,,,,,,,,,,,,,,,23705.0,851.0,14.0,426.0,-1073215996.0,148.0,-2.0,13.0,39.0,-8.0,4.0
790,25508.0,51876.0,49814.0,54663.0,48859.0,26136.0,3.3149561882019043,,,,,,,,,,,,,,,,,,,,,,,,,,23715.0,852.0,14.0,426.0,-1073215996.0,147.0,-2.0,14.0,40.0,-8.0,0.0
791,25518.0,51737.0,51419.0,54715.0,47172.0,26156.0,3.2991204261779785,,,,,,,,,,,,,,,,,,,,,,,,,,23775.0,859.0,15.0,427.0,-1073741308.0,143.0,-1.0,14.0,0.0,7.0,-9.0
792,25528.0,52205.0,50462.0,54427.0,48612.0,26236.0,3.2885632514953613,,,,,,,,,,,,,,,,,,,,,,,,,,23785.0,860.0,15.0,427.0,-1073741308.0,142.0,-1.0,14.0,27.0,4.0,-12.0
793,25578.0,52260.0,51100.0,54781.0,48400.0,26246.0,3.2885632514953613,,,,,,,,,,,,,,,,,,,,,,,,,,23795.0,862.0,14.0,427.0,-1072692732.0,144.0,-1.0,16.0,22.0,25.0,-10.0
794,25608.0,52425.0,50693.0,54306.0,48766.0,26256.0,3.2832846641540527,,,,,,,,,,,,,,,,,,,,,,,,,,23815.0,867.0,15.0,427.0,-1072692731.0,147.0,-1.0,20.0,30.0,-10.0,-9.0
795,25678.0,51881.0,50756.0,54467.0,48551.0,26316.0,3.2991204261779785,,,,,,,,,,,,,,,,,,,,,,,,,,23835.0,870.0,15.0,428.0,-1072692731.0,148.0,-2.0,20.0,38.0,6.0,-14.0
796,25688.0,51544.0,49802.0,54588.0,49356.0,26326.0,3.29384183883667,,,,,,,,,,,,,,,,,,,,,,,,,,23845.0,870.0,15.0,428.0,-1072692731.0,146.0,-1.0,19.0,25.0,-6.0,-14.0
797,25788.0,52848.0,51070.0,53116.0,48304.0,26336.0,3.2885632514953613,,,,,,,,,,,,,,,,,,,,,,,,,,23855.0,872.0,16.0,428.0,-1072692731.0,145.0,0.0,21.0,6.0,-14.0,-11.0
798,25798.0,52234.0,50981.0,53519.0,48313.0,26386.0,3.2885632514953613,,,,,,,,,,,,,,,,,,,,,,,,,,23865.0,873.0,16.0,429.0,-1072692731.0,145.0,0.0,21.0,-4.0,-18.0,-16.0
799,25808.0,52953.0,50818.0,53036.0,48890.0,26396.0,3.29384183883667,,,,,,,,,,,,,,,,,,,,,,,,,,23875.0,875.0,16.0,429.0,-1072692731.0,147.0,-1.0,20.0,-10.0,4.0,-14.0
800,25818.0,52297.0,51050.0,53578.0,48616.0,26406.0,3.29384183883667,,,,,,,,,,,,,,,,,,,,,,,,,,23925.0,884.0,16.0,431.0,-1072692731.0,150.0,-2.0,33.0,-9.0,0.0,-22.0
801,25828.0,52443.0,50639.0,53467.0,49326.0,26416.0,3.29384183883667,,,,,,,,,,,,,,,,,,,,,,,,,,23945.0,887.0,15.0,432.0,-1072692731.0,150.0,-4.0,33.0,-7.0,17.0,-11.0
802,25868.0,51076.0,50573.0,54740.0,49195.0,26426.0,3.304399013519287,,,,,,,,,,,,,,,,,,,,,,,,,,23955.0,887.0,15.0,431.0,-1072692731.0,147.0,-4.0,29.0,-23.0,29.0,-15.0
803,25878.0,51104.0,51232.0,54699.0,48310.0,26466.0,3.2991204261779785,,,,,,,,,,,,,,,,,,,,,,,,,,23965.0,888.0,15.0,432.0,-1072168443.0,147.0,-4.0,28.0,-17.0,13.0,-16.0
804,25888.0,51587.0,51283.0,54226.0,48378.0,26476.0,3.2991204261779785,,,,,,,,,,,,,,,,,,,,,,,,,,23975.0,890.0,15.0,432.0,-1072168442.0,147.0,-4.0,28.0,-16.0,27.0,-9.0
805,25898.0,51534.0,51216.0,53919.0,48074.0,26486.0,3.29384183883667,,,,,,,,,,,,,,,,,,,,,,,,,,23985.0,891.0,15.0,432.0,-1072168442.0,147.0,-4.0,28.0,-30.0,32.0,-7.0
806,25948.0,51590.0,50971.0,53757.0,48220.0,26536.0,3.304399013519287,,,,,,,,,,,,,,,,,,,,,,,,,,24045.0,901.0,15.0,433.0,-1073215994.0,147.0,-5.0,19.0,12.0,-30.0,6.0
807,25958.0,51143.0,50121.0,54106.0,49111.0,26546.0,3.3149561882019043,,,,,,,,,,,,,,,,,,,,,,,,,,24055.0,902.0,15.0,433.0,-1073215994.0,147.0,-6.0,18.0,19.0,-28.0,-2.0
808,25968.0,51470.0,50535.0,54136.0,48938.0,26556.0,3.3096776008605957,,,,,,,,,,,,,,,,,,,,,,,,,,24065.0,904.0,15.0,433.0,-1073217018.0,148.0,-6.0,19.0,24.0,-33.0,6.0
809,26018.0,52192.0,51070.0,53412.0,48156.0,26596.0,3.3149561882019043,,,,,,,,,,,,,,,,,,,,,,,,,,24075.0,905.0,14.0,434.0,-1072168442.0,147.0,-6.0,19.0,39.0,-36.0,1.0
810,26028.0,51494.0,50665.0,53625.0,48051.0,26606.0,3.3096776008605957,,,,,,,,,,,,,,,,,,,,,,,,,,24085.0,909.0,14.0,434.0,-1072168442.0,152.0,-7.0,17.0,36.0,-39.0,7.0
811,26038.0,51283.0,51634.0,53900.0,47160.0,26616.0,3.3096776008605957,,,,,,,,,,,,,,,,,,,,,,,,,,24095.0,910.0,14.0,434.0,-1072692730.0,152.0,-7.0,17.0,21.0,-24.0,1.0
812,26148.0,51415.0,50208.0,53785.0,48614.0,26676.0,3.2991204261779785,,,,,,,,,,,,,,,,,,,,,,,,,,24115.0,913.0,14.0,434.0,-1072692730.0,151.0,-8.0,16.0,-12.0,33.0,6.0
813,26158.0,51677.0,50127.0,53724.0,48854.0,26686.0,3.2991204261779785,,,,,,,,,,,,,,,,,,,,,,,,,,24125.0,914.0,14.0,434.0,-1072168443.0,150.0,-8.0,15.0,-60.0,66.0,16.0
814,26168.0,51576.0,50755.0,53812.0,48214.0,26696.0,3.304399013519287,,,,,,,,,,,,,,,,,,,,,,,,,,24135.0,916.0,14.0,435.0,-1072168443.0,150.0,-8.0,13.0,-65.0,90.0,16.0
815,26198.0,52183.0,51022.0,53490.0,48605.0,26746.0,3.304399013519287,,,,,,,,,,,,,,,,,,,,,,,,,,24145.0,913.0,15.0,435.0,-1073215995.0,142.0,-5.0,12.0,-92.0,94.0,12.0
816,26238.0,51238.0,51109.0,54533.0,48700.0,26756.0,3.2991204261779785,,,,,,,,,,,,,,,,,,,,,,,,,,24155.0,916.0,15.0,435.0,-1073215995.0,143.0,-6.0,13.0,-90.0,97.0,20.0
817,26248.0,51219.0,51042.0,54539.0,48792.0,26766.0,3.2991204261779785,,,,,,,,,,,,,,,,,,,,,,,,,,24185.0,921.0,14.0,434.0,-536344059.0,145.0,-8.0,9.0,-30.0,-20.0,28.0
818,26258.0,51670.0,51424.0,54314.0,48638.0,26916.0,3.3096776008605957,,,,,,,,,,,,,,,,,,,,,,,,,,24235.0,928.0,13.0,435.0,-535296507.0,141.0,-7.0,11.0,-11.0,-11.0,21.0
819,26308.0,51439.0,50732.0,53990.0,48932.0,26936.0,3.3096776008605957,,,,,,,,,,,,,,,,,,,,,,,,,,24245.0,929.0,13.0,435.0,-535296507.0,140.0,-6.0,12.0,-37.0,-1.0,25.0
820,26318.0,50491.0,52555.0,54740.0,46878.0,27046.0,3.304399013519287,,,,,,,,,,,,,,,,,,,,,,,,,,24255.0,931.0,13.0,435.0,-535296507.0,141.0,-6.0,9.0,-24.0,15.0,32.0
821,26328.0,51680.0,51791.0,53683.0,47745.0,27056.0,3.304399013519287,,,,,,,,,,,,,,,,,,,,,,,,,,24265.0,932.0,14.0,435.0,-535296508.0,140.0,-5.0,8.0,-51.0,2.0,35.0
822,26338.0,52512.0,51061.0,53083.0,48657.0,27066.0,3.304399013519287,,,,,,,,,,,,,,,,,,,,,,,,,,24285.0,936.0,14.0,435.0,-535296508.0,142.0,-4.0,5.0,-54.0,-4.0,38.0
823,26388.0,51785.0,51077.0,53713.0,48844.0,27146.0,3.304399013519287,,,,,,,,,,,,,,,,,,,,,,,,,,24315.0,942.0,13.0,436.0,-534247932.0,145.0,-4.0,11.0,-29.0,4.0,21.0
824,26398.0,51358.0,50617.0,53980.0,49147.0,27156.0,3.304399013519287,,,,,,,,,,,,,,,,,,,,,,,,,,24365.0,944.0,15.0,436.0,-534246909.0,131.0,1.0,3.0,1.0,20.0,21.0
825,26408.0,51215.0,51041.0,54064.0,48776.0,27206.0,3.2991204261779785,,,,,,,,,,,,,,,,,,,,,,,,,,24375.0,945.0,15.0,436.0,-534246909.0,131.0,1.0,4.0,14.0,5.0,19.0
826,26418.0,51325.0,50988.0,53929.0,48844.0,27216.0,3.2885632514953613,,,,,,,,,,,,,,,,,,,,,,,,,,24385.0,948.0,14.0,435.0,-534246909.0,135.0,1.0,1.0,16.0,-9.0,26.0
827,26458.0,51410.0,50841.0,53366.0,48301.0,27226.0,3.2885632514953613,,,,,,,,,,,,,,,,,,,,,,,,,,24395.0,950.0,14.0,435.0,-534247933.0,135.0,2.0,1.0,13.0,-10.0,29.0
828,26468.0,51814.0,51324.0,53041.0,48020.0,27266.0,3.29384183883667,,,,,,,,,,,,,,,,,,,,,,,,,,24415.0,953.0,14.0,435.0,-534247933.0,134.0,2.0,0.0,18.0,-26.0,27.0
829,26478.0,51929.0,51083.0,52873.0,48304.0,27276.0,3.29384183883667,,,,,,,,,,,,,,,,,,,,,,,,,,24445.0,956.0,15.0,436.0,-534247933.0,131.0,4.0,5.0,11.0,5.0,20.0
830,26488.0,51850.0,50964.0,53055.0,48616.0,27286.0,3.2885632514953613,,,,,,,,,,,,,,,,,,,,,,,,,,24455.0,957.0,15.0,436.0,-534247933.0,131.0,4.0,5.0,-8.0,16.0,16.0
831,26528.0,50915.0,50622.0,53294.0,48355.0,27346.0,3.2885632514953613,,,,,,,,,,,,,,,,,,,,,,,,,,24465.0,957.0,15.0,436.0,-534247934.0,128.0,6.0,6.0,21.0,27.0,10.0
832,26538.0,50935.0,50776.0,53280.0,48147.0,27356.0,3.2832846641540527,,,,,,,,,,,,,,,,,,,,,,,,,,24475.0,959.0,15.0,436.0,-534247934.0,129.0,6.0,3.0,37.0,30.0,13.0
833,26548.0,50762.0,50345.0,53116.0,48380.0,27366.0,3.29384183883667,,,,,,,,,,,,,,,,,,,,,,,,,,24485.0,961.0,15.0,436.0,-535296510.0,130.0,6.0,2.0,39.0,-1.0,6.0
834,26558.0,51351.0,50766.0,52744.0,48070.0,27406.0,3.29384183883667,,,,,,,,,,,,,,,,,,,,,,,,,,24515.0,964.0,14.0,437.0,-535296510.0,127.0,4.0,4.0,98.0,-73.0,3.0
835,26598.0,51525.0,50378.0,52597.0,48542.0,27416.0,3.29384183883667,,,,,,,,,,,,,,,,,,,,,,,,,,24525.0,967.0,14.0,437.0,-536345086.0,130.0,5.0,6.0,122.0,-96.0,1.0
836,26608.0,51176.0,50699.0,53113.0,48310.0,27426.0,3.2832846641540527,,,,,,,,,,,,,,,,,,,,,,,,,,24535.0,968.0,14.0,437.0,-1073215998.0,129.0,6.0,7.0,117.0,-95.0,-12.0
837,26618.0,51280.0,50927.0,52971.0,48124.0,27436.0,3.2832846641540527,,,,,,,,,,,,,,,,,,,,,,,,,,24545.0,969.0,15.0,437.0,-1072168446.0,129.0,6.0,7.0,91.0,-108.0,-10.0
838,26678.0,51034.0,50779.0,53890.0,48997.0,27486.0,3.2885632514953613,,,,,,,,,,,,,,,,,,,,,,,,,,24565.0,971.0,16.0,436.0,-1072691710.0,127.0,7.0,3.0,40.0,-98.0,-14.0
839,26688.0,51932.0,50877.0,53154.0,48935.0,27496.0,3.2885632514953613,,,,,,,,,,,,,,,,,,,,,,,,,,24575.0,973.0,16.0,436.0,-1072691710.0,129.0,7.0,3.0,15.0,-61.0,-16.0
840,26698.0,52178.0,51182.0,52809.0,48439.0,27506.0,3.2885632514953613,,,,,,,,,,,,,,,,,,,,,,,,,,24585.0,974.0,16.0,437.0,-1072691709.0,129.0,6.0,2.0,24.0,-81.0,-11.0
841,26748.0,51267.0,50772.0,53279.0,48777.0,27516.0,3.2832846641540527,,,,,,,,,,,,,,,,,,,,,,,,,,24595.0,976.0,15.0,437.0,-1072691709.0,131.0,5.0,2.0,5.0,-66.0,-2.0
842,26758.0,51277.0,50762.0,53506.0,48960.0,27566.0,3.2832846641540527,,,,,,,,,,,,,,,,,,,,,,,,,,24605.0,977.0,15.0,437.0,-1072690685.0,131.0,4.0,6.0,10.0,-61.0,-1.0
843,26768.0,51461.0,50898.0,53405.0,48706.0,27576.0,3.2832846641540527,,,,,,,,,,,,,,,,,,,,,,,,,,24615.0,979.0,15.0,437.0,-1072690685.0,132.0,3.0,7.0,-5.0,-2.0,7.0
844,26918.0,51234.0,50130.0,53129.0,48468.0,27586.0,3.2832846641540527,,,,,,,,,,,,,,,,,,,,,,,,,,24635.0,981.0,16.0,438.0,-1072690685.0,131.0,4.0,6.0,-46.0,32.0,3.0
845,26928.0,50897.0,49930.0,53439.0,48535.0,27646.0,3.2885632514953613,,,,,,,,,,,,,,,,,,,,,,,,,,24665.0,984.0,17.0,438.0,-1072691710.0,130.0,5.0,10.0,-35.0,60.0,4.0
846,27018.0,52118.0,50415.0,53523.0,48562.0,27656.0,3.2832846641540527,,,,,,,,,,,,,,,,,,,,,,,,,,24675.0,984.0,16.0,438.0,-1072691710.0,130.0,3.0,9.0,-17.0,55.0,1.0
847,27038.0,51705.0,50805.0,53786.0,48237.0,27666.0,3.2885632514953613,,,,,,,,,,,,,,,,,,,,,,,,,,24685.0,985.0,16.0,437.0,-1072691710.0,129.0,3.0,3.0,-4.0,11.0,0.0
848,27048.0,51560.0,50716.0,53537.0,48098.0,27726.0,3.304399013519287,,,,,,,,,,,,,,,,,,,,,,,,,,24695.0,987.0,16.0,437.0,-1072691710.0,131.0,3.0,5.0,1.0,-19.0,-7.0
849,27058.0,51630.0,51085.0,53343.0,47546.0,27736.0,3.304399013519287,,,,,,,,,,,,,,,,,,,,,,,,,,24715.0,990.0,16.0,437.0,-1072691710.0,131.0,2.0,7.0,44.0,-49.0,3.0
850,27128.0,51845.0,50333.0,52776.0,48221.0,27796.0,3.304399013519287,,,,,,,,,,,,,,,,,,,,,,,,,,24735.0,991.0,14.0,438.0,-1072691710.0,129.0,-3.0,6.0,31.0,-56.0,9.0
851,27138.0,51862.0,50036.0,52800.0,48473.0,27806.0,3.304399013519287,,,,,,,,,,,,,,,,,,,,,,,,,,24745.0,992.0,15.0,438.0,-1072690686.0,128.0,0.0,6.0,3.0,-43.0,1.0
852,27148.0,52016.0,50346.0,52871.0,48486.0,27816.0,3.304399013519287,,,,,,,,,,,,,,,,,,,,,,,,,,24755.0,994.0,15.0,438.0,-1072690686.0,130.0,0.0,5.0,1.0,-12.0,0.0
853,27158.0,51759.0,50394.0,53105.0,48448.0,27876.0,3.2991204261779785,,,,,,,,,,,,,,,,,,,,,,,,,,24795.0,1001.0,15.0,438.0,-1072690686.0,136.0,-1.0,3.0,-40.0,62.0,-7.0
854,27188.0,51637.0,50769.0,53533.0,48131.0,27886.0,3.2991204261779785,,,,,,,,,,,,,,,,,,,,,,,,,,24805.0,1002.0,15.0,438.0,-1072691710.0,136.0,-3.0,3.0,-46.0,51.0,-9.0
855,27198.0,51971.0,50849.0,53255.0,47973.0,27896.0,3.2991204261779785,,,,,,,,,,,,,,,,,,,,,,,,,,24815.0,1003.0,16.0,438.0,-1072691709.0,135.0,-1.0,6.0,-35.0,33.0,-13.0
856,27208.0,51998.0,50571.0,53194.0,48268.0,27906.0,3.2991204261779785,,,,,,,,,,,,,,,,,,,,,,,,,,24825.0,1005.0,16.0,439.0,-1072691709.0,136.0,-1.0,5.0,-37.0,28.0,0.0
857,27218.0,51903.0,50785.0,53633.0,48341.0,27956.0,3.2991204261779785,,,,,,,,,,,,,,,,,,,,,,,,,,24875.0,1010.0,15.0,437.0,-1073740285.0,135.0,-2.0,-3.0,-7.0,3.0,4.0
858,27228.0,51570.0,51052.0,54099.0,48156.0,27966.0,3.29384183883667,,,,,,,,,,,,,,,,,,,,,,,,,,24885.0,1015.0,15.0,437.0,-1073740285.0,141.0,-2.0,-4.0,9.0,-10.0,5.0
859,27258.0,51831.0,51218.0,53920.0,48064.0,27976.0,3.29384183883667,,,,,,,,,,,,,,,,,,,,,,,,,,24895.0,1017.0,15.0,437.0,-1073740285.0,142.0,-3.0,-4.0,1.0,-7.0,10.0
860,27268.0,51832.0,50479.0,53740.0,48757.0,27986.0,3.29384183883667,,,,,,,,,,,,,,,,,,,,,,,,,,24905.0,1018.0,14.0,437.0,-1073740286.0,143.0,-3.0,-1.0,6.0,-18.0,9.0
861,27278.0,51614.0,50914.0,53929.0,48197.0,28026.0,3.2832846641540527,,,,,,,,,,,,,,,,,,,,,,,,,,24925.0,1017.0,15.0,437.0,-1073740286.0,135.0,-3.0,-1.0,5.0,-11.0,10.0
862,27288.0,51885.0,50922.0,53863.0,48267.0,28036.0,3.2885632514953613,,,,,,,,,,,,,,,,,,,,,,,,,,24945.0,1019.0,15.0,437.0,-1073740286.0,134.0,-3.0,-1.0,2.0,30.0,3.0
863,27308.0,52240.0,50805.0,53243.0,48167.0,28046.0,3.2885632514953613,,,,,,,,,,,,,,,,,,,,,,,,,,24955.0,1021.0,15.0,437.0,-1073740286.0,134.0,-3.0,-1.0,0.0,40.0,1.0
864,27338.0,52327.0,50620.0,53582.0,48743.0,28056.0,3.2832846641540527,,,,,,,,,,,,,,,,,,,,,,,,,,24965.0,1022.0,15.0,437.0,-1073741310.0,135.0,-3.0,0.0,-17.0,46.0,-5.0
865,27348.0,51967.0,50541.0,53918.0,48813.0,28146.0,3.2991204261779785,,,,,,,,,,,,,,,,,,,,,,,,,,25015.0,1027.0,16.0,438.0,-536345086.0,132.0,0.0,-2.0,-23.0,-29.0,5.0
866,27358.0,52102.0,50855.0,53986.0,48623.0,28166.0,3.2991204261779785,,,,,,,,,,,,,,,,,,,,,,,,,,25025.0,1030.0,16.0,438.0,-536346110.0,134.0,0.0,-4.0,1.0,-44.0,5.0
867,27368.0,52089.0,50878.0,53709.0,48175.0,28276.0,3.2991204261779785,,,,,,,,,,,,,,,,,,,,,,,,,,25035.0,1031.0,16.0,438.0,-536346110.0,134.0,0.0,-1.0,7.0,-46.0,2.0
868,27408.0,52335.0,51042.0,53447.0,47748.0,28286.0,3.2991204261779785,,,,,,,,,,,,,,,,,,,,,,,,,,25055.0,1033.0,16.0,438.0,-536870398.0,132.0,0.0,-1.0,10.0,-48.0,-5.0
869,27418.0,52307.0,51361.0,53563.0,47681.0,28296.0,3.2991204261779785,,,,,,,,,,,,,,,,,,,,,,,,,,25065.0,1034.0,16.0,438.0,-536870398.0,132.0,0.0,-1.0,10.0,-54.0,-3.0
870,27428.0,52036.0,50967.0,53964.0,48290.0,28346.0,3.3096776008605957,,,,,,,,,,,,,,,,,,,,,,,,,,25095.0,1030.0,15.0,437.0,-536870398.0,115.0,0.0,-7.0,-6.0,-30.0,2.0
871,27488.0,52125.0,51184.0,54139.0,48372.0,28356.0,3.304399013519287,,,,,,,,,,,,,,,,,,,,,,,,,,25105.0,1032.0,15.0,437.0,-536870398.0,117.0,0.0,-6.0,4.0,-46.0,2.0
872,27498.0,52299.0,50511.0,54061.0,48981.0,28366.0,3.304399013519287,,,,,,,,,,,,,,,,,,,,,,,,,,25115.0,1034.0,15.0,435.0,-536870398.0,118.0,0.0,-12.0,9.0,-51.0,5.0
873,27508.0,51954.0,51249.0,54349.0,48116.0,28416.0,3.2885632514953613,,,,,,,,,,,,,,,,,,,,,,,,,,25125.0,1034.0,15.0,435.0,-536869374.0,116.0,0.0,-10.0,34.0,-89.0,0.0
874,27568.0,52538.0,50657.0,54333.0,49238.0,28426.0,3.29384183883667,,,,,,,,,,,,,,,,,,,,,,,,,,25165.0,1041.0,16.0,434.0,-1073739262.0,123.0,0.0,-16.0,14.0,-72.0,-5.0
875,27578.0,52486.0,51649.0,54401.0,48516.0,28516.0,3.2832846641540527,,,,,,,,,,,,,,,,,,,,,,,,,,25175.0,1043.0,16.0,434.0,-1073739262.0,124.0,1.0,-16.0,20.0,-73.0,-9.0
876,27588.0,52375.0,51020.0,54496.0,49140.0,28526.0,3.2832846641540527,,,,,,,,,,,,,,,,,,,,,,,,,,25185.0,1044.0,16.0,434.0,-1073738238.0,125.0,1.0,-17.0,40.0,-11.0,-12.0
877,27638.0,52286.0,51469.0,54523.0,48408.0,28536.0,3.278006076812744,,,,,,,,,,,,,,,,,,,,,,,,,,25195.0,1045.0,16.0,433.0,-1072689661.0,126.0,0.0,-17.0,11.0,-12.0,-12.0
878,27648.0,52276.0,51218.0,54667.0,48636.0,28576.0,3.2885632514953613,,,,,,,,,,,,,,,,,,,,,,,,,,25235.0,1042.0,13.0,434.0,-1072690685.0,111.0,-6.0,-8.0,53.0,31.0,-12.0
879,27658.0,52321.0,51737.0,54529.0,48046.0,28596.0,3.2832846641540527,,,,,,,,,,,,,,,,,,,,,,,,,,25305.0,1054.0,14.0,434.0,-1072689661.0,123.0,-5.0,-1.0,-67.0,-11.0,0.0
880,27668.0,52273.0,50951.0,54393.0,48712.0,28606.0,3.2832846641540527,,,,,,,,,,,,,,,,,,,,,,,,,,25325.0,1053.0,16.0,434.0,-1073738237.0,118.0,-2.0,3.0,-60.0,-38.0,3.0
881,27718.0,51882.0,50082.0,54308.0,49173.0,28616.0,3.278006076812744,,,,,,,,,,,,,,,,,,,,,,,,,,25335.0,1054.0,15.0,433.0,-1073738237.0,118.0,-3.0,1.0,-65.0,-41.0,0.0
882,27728.0,52336.0,50178.0,53669.0,48878.0,28626.0,3.2832846641540527,,,,,,,,,,,,,,,,,,,,,,,,,,25345.0,1055.0,15.0,433.0,-536867325.0,119.0,-3.0,1.0,-39.0,-23.0,-1.0
883,27738.0,52237.0,51052.0,53769.0,47904.0,28676.0,3.278006076812744,,,,,,,,,,,,,,,,,,,,,,,,,,25405.0,1063.0,15.0,433.0,-1073738237.0,125.0,-3.0,-2.0,5.0,52.0,-2.0
884,27748.0,52224.0,50674.0,53891.0,48457.0,28686.0,3.2832846641540527,,,,,,,,,,,,,,,,,,,,,,,,,,25415.0,1065.0,15.0,432.0,-1073738237.0,127.0,-3.0,-5.0,2.0,41.0,-2.0
885,27798.0,51357.0,50525.0,54059.0,48212.0,28696.0,3.2885632514953613,,,,,,,,,,,,,,,,,,,,,,,,,,25425.0,1066.0,15.0,432.0,-1073738237.0,127.0,-3.0,-6.0,-5.0,30.0,2.0
886,27808.0,52078.0,50369.0,53387.0,48257.0,28746.0,3.29384183883667,,,,,,,,,,,,,,,,,,,,,,,,,,25435.0,1067.0,15.0,432.0,-1073739261.0,128.0,-3.0,-6.0,10.0,18.0,5.0
887,27818.0,51398.0,50346.0,54072.0,48453.0,28756.0,3.29384183883667,,,,,,,,,,,,,,,,,,,,,,,,,,25465.0,1071.0,15.0,433.0,-1073739261.0,131.0,-3.0,0.0,0.0,-22.0,5.0
888,27878.0,51583.0,50866.0,53811.0,47696.0,28766.0,3.29384183883667,,,,,,,,,,,,,,,,,,,,,,,,,,25485.0,1075.0,15.0,433.0,-1073738237.0,133.0,-3.0,-1.0,1.0,-33.0,-5.0
889,27888.0,51603.0,50576.0,53628.0,48100.0,28776.0,3.29384183883667,,,,,,,,,,,,,,,,,,,,,,,,,,25505.0,1078.0,15.0,434.0,-1073738237.0,136.0,-3.0,3.0,-3.0,8.0,3.0
890,27898.0,51802.0,50562.0,53442.0,48110.0,28796.0,3.2885632514953613,,,,,,,,,,,,,,,,,,,,,,,,,,25515.0,1079.0,13.0,434.0,-1073738237.0,136.0,-8.0,2.0,-14.0,4.0,-8.0
891,27958.0,51671.0,50487.0,53838.0,48539.0,28826.0,3.2885632514953613,,,,,,,,,,,,,,,,,,,,,,,,,,25525.0,1080.0,12.0,434.0,-1073738237.0,137.0,-8.0,1.0,30.0,25.0,-18.0
892,27968.0,51789.0,50999.0,53794.0,47926.0,28836.0,3.2885632514953613,,,,,,,,,,,,,,,,,,,,,,,,,,25535.0,1081.0,13.0,434.0,-1073738237.0,136.0,-7.0,0.0,29.0,25.0,-5.0
893,27978.0,51123.0,50595.0,54341.0,48463.0,28846.0,3.2885632514953613,,,,,,,,,,,,,,,,,,,,,,,,,,25555.0,1083.0,13.0,434.0,-1073738237.0,136.0,-7.0,0.0,63.0,33.0,-9.0
894,27998.0,51594.0,51165.0,54217.0,48063.0,28856.0,3.2885632514953613,,,,,,,,,,,,,,,,,,,,,,,,,,25595.0,1090.0,11.0,434.0,-1072690685.0,142.0,-10.0,4.0,32.0,-28.0,-25.0
895,28028.0,52406.0,50939.0,53428.0,48158.0,28906.0,3.2885632514953613,,,,,,,,,,,,,,,,,,,,,,,,,,25605.0,1092.0,11.0,434.0,-1072689661.0,144.0,-10.0,4.0,49.0,-54.0,-30.0
896,28038.0,52503.0,50663.0,53241.0,48460.0,28916.0,3.2885632514953613,,,,,,,,,,,,,,,,,,,,,,,,,,25695.0,1106.0,13.0,434.0,-1072688636.0,153.0,-9.0,2.0,-56.0,16.0,-18.0
897,28048.0,52106.0,50450.0,53788.0,48799.0,28926.0,3.2991204261779785,,,,,,,,,,,,,,,,,,,,,,,,,,25705.0,1107.0,13.0,434.0,-1072688636.0,154.0,-9.0,3.0,-40.0,65.0,-16.0
898,28138.0,51558.0,50305.0,53168.0,47966.0,28976.0,3.3096776008605957,,,,,,,,,,,,,,,,,,,,,,,,,,25735.0,1111.0,12.0,435.0,-1072690684.0,154.0,-11.0,8.0,-4.0,107.0,-22.0
899,28148.0,51036.0,50366.0,53599.0,47789.0,28986.0,3.304399013519287,,,,,,,,,,,,,,,,,,,,,,,,,,25765.0,1115.0,12.0,436.0,-1072690683.0,156.0,-12.0,13.0,38.0,12.0,-36.0
900,28158.0,50815.0,50174.0,53734.0,47987.0,28996.0,3.29384183883667,,,,,,,,,,,,,,,,,,,,,,,,,,25805.0,1123.0,11.0,434.0,-1071642107.0,160.0,-12.0,2.0,65.0,-77.0,-49.0
901,28168.0,51076.0,50143.0,53640.0,48166.0,29006.0,3.29384183883667,,,,,,,,,,,,,,,,,,,,,,,,,,25815.0,1124.0,11.0,434.0,-1071642106.0,160.0,-13.0,3.0,106.0,-84.0,-55.0
902,28188.0,50953.0,50727.0,53777.0,47564.0,29046.0,3.278006076812744,,,,,,,,,,,,,,,,,,,,,,,,,,25825.0,1126.0,10.0,434.0,-1071642106.0,160.0,-15.0,4.0,73.0,-39.0,-58.0
903,28268.0,51334.0,49585.0,53052.0,48275.0,29056.0,3.2727274894714355,,,,,,,,,,,,,,,,,,,,,,,,,,25855.0,1130.0,10.0,434.0,-1070592506.0,160.0,-16.0,4.0,-29.0,7.0,-42.0
904,28278.0,50951.0,49818.0,53478.0,47912.0,29066.0,3.2727274894714355,,,,,,,,,,,,,,,,,,,,,,,,,,25875.0,1133.0,11.0,434.0,-1071641081.0,163.0,-14.0,7.0,-59.0,70.0,-27.0
905,28288.0,51300.0,49275.0,53340.0,48705.0,29106.0,3.2727274894714355,,,,,,,,,,,,,,,,,,,,,,,,,,25885.0,1135.0,11.0,434.0,-1071642105.0,164.0,-16.0,7.0,-55.0,133.0,-31.0
906,28298.0,51818.0,50532.0,52694.0,47293.0,29116.0,3.2727274894714355,,,,,,,,,,,,,,,,,,,,,,,,,,25895.0,1137.0,10.0,435.0,-1071642105.0,166.0,-17.0,13.0,-33.0,122.0,-31.0
907,28308.0,50560.0,50138.0,53862.0,47722.0,29126.0,3.2727274894714355,,,,,,,,,,,,,,,,,,,,,,,,,,25905.0,1139.0,10.0,436.0,-1071642105.0,166.0,-18.0,12.0,-42.0,139.0,-32.0
908,28338.0,51737.0,50884.0,52788.0,47050.0,29186.0,3.2727274894714355,,,,,,,,,,,,,,,,,,,,,,,,,,25935.0,1140.0,10.0,435.0,-1072692729.0,159.0,-17.0,9.0,-4.0,71.0,-25.0
909,28348.0,50387.0,49798.0,54189.0,48401.0,29196.0,3.2727274894714355,,,,,,,,,,,,,,,,,,,,,,,,,,25945.0,1143.0,10.0,435.0,-1072168441.0,161.0,-17.0,10.0,-28.0,32.0,-21.0
910,28358.0,51531.0,49357.0,53158.0,48983.0,29206.0,3.2727274894714355,,,,,,,,,,,,,,,,,,,,,,,,,,25955.0,1144.0,10.0,435.0,-1072168440.0,160.0,-18.0,11.0,-12.0,-13.0,-28.0
911,28378.0,51252.0,49515.0,53601.0,48891.0,29216.0,3.2727274894714355,,,,,,,,,,,,,,,,,,,,,,,,,,25965.0,1148.0,9.0,435.0,-1072168440.0,164.0,-19.0,12.0,-51.0,-27.0,-19.0
912,28408.0,51803.0,50652.0,53507.0,48125.0,29236.0,3.2727274894714355,,,,,,,,,,,,,,,,,,,,,,,,,,25975.0,1150.0,8.0,436.0,-1072168440.0,165.0,-20.0,15.0,-45.0,-45.0,-16.0
913,28418.0,52095.0,50220.0,53217.0,48715.0,29256.0,3.278006076812744,,,,,,,,,,,,,,,,,,,,,,,,,,25985.0,1151.0,8.0,436.0,-1072692728.0,165.0,-21.0,15.0,-32.0,-66.0,-23.0
914,28428.0,52143.0,50755.0,53379.0,48335.0,29266.0,3.278006076812744,,,,,,,,,,,,,,,,,,,,,,,,,,26005.0,1155.0,8.0,436.0,-1072691704.0,165.0,-20.0,14.0,-25.0,-48.0,-19.0
915,28438.0,52305.0,50380.0,53412.0,48977.0,29276.0,3.278006076812744,,,,,,,,,,,,,,,,,,,,,,,,,,26015.0,1156.0,8.0,436.0,-1073740280.0,166.0,-20.0,16.0,-8.0,-32.0,-11.0
916,28518.0,51696.0,51232.0,54157.0,48440.0,29286.0,3.2832846641540527,,,,,,,,,,,,,,,,,,,,,,,,,,26025.0,1158.0,8.0,438.0,-1073740280.0,166.0,-21.0,25.0,31.0,-18.0,-4.0
917,28528.0,51897.0,51400.0,54165.0,48410.0,29306.0,3.29384183883667,,,,,,,,,,,,,,,,,,,,,,,,,,26035.0,1156.0,8.0,438.0,-1072691704.0,159.0,-20.0,25.0,34.0,5.0,-4.0
918,28538.0,51852.0,51084.0,54005.0,48681.0,29426.0,3.2991204261779785,,,,,,,,,,,,,,,,,,,,,,,,,,26045.0,1157.0,7.0,439.0,-1072691704.0,158.0,-20.0,25.0,64.0,19.0,-10.0
919,28588.0,52424.0,51573.0,53557.0,48051.0,29436.0,3.2991204261779785,,,,,,,,,,,,,,,,,,,,,,,,,,26065.0,1162.0,7.0,438.0,-1072691704.0,161.0,-21.0,18.0,26.0,52.0,-14.0
920,28598.0,52513.0,51450.0,53329.0,48162.0,29486.0,3.29384183883667,,,,,,,,,,,,,,,,,,,,,,,,,,26075.0,1163.0,5.0,438.0,-1072692728.0,160.0,-24.0,18.0,0.0,32.0,-16.0
921,28608.0,52441.0,51663.0,53600.0,48084.0,29546.0,3.2885632514953613,,,,,,,,,,,,,,,,,,,,,,,,,,26095.0,1166.0,5.0,439.0,-1072692728.0,160.0,-24.0,15.0,-69.0,24.0,-8.0
922,28618.0,52443.0,51705.0,53456.0,47925.0,29556.0,3.2885632514953613,,,,,,,,,,,,,,,,,,,,,,,,,,26115.0,1168.0,5.0,440.0,-1072168440.0,158.0,-24.0,21.0,-86.0,18.0,8.0
923,28678.0,51748.0,51320.0,54037.0,48312.0,29566.0,3.2885632514953613,,,,,,,,,,,,,,,,,,,,,,,,,,26125.0,1170.0,5.0,440.0,-1073217016.0,159.0,-23.0,20.0,-93.0,1.0,2.0
924,28688.0,52198.0,50641.0,53537.0,48883.0,29606.0,3.2727274894714355,,,,,,,,,,,,,,,,,,,,,,,,,,26135.0,1171.0,5.0,441.0,-536346104.0,158.0,-24.0,17.0,-92.0,-27.0,4.0
925,28698.0,51840.0,50551.0,53899.0,48933.0,29626.0,3.2727274894714355,,,,,,,,,,,,,,,,,,,,,,,,,,26145.0,1174.0,4.0,441.0,-536346104.0,160.0,-24.0,16.0,-77.0,-29.0,7.0
926,28758.0,51589.0,51086.0,53766.0,48158.0,29636.0,3.2727274894714355,,,,,,,,,,,,,,,,,,,,,,,,,,26155.0,1176.0,4.0,441.0,-535821816.0,161.0,-25.0,16.0,-48.0,-44.0,6.0
927,28768.0,51744.0,51090.0,53559.0,47840.0,29646.0,3.267448902130127,,,,,,,,,,,,,,,,,,,,,,,,,,26165.0,1178.0,4.0,441.0,-535821816.0,161.0,-24.0,15.0,-17.0,-46.0,6.0
928,28778.0,51819.0,51105.0,53546.0,47992.0,29686.0,3.2727274894714355,,,,,,,,,,,,,,,,,,,,,,,,,,26225.0,1185.0,1.0,440.0,-1073740280.0,156.0,-27.0,6.0,7.0,8.0,-9.0
929,28828.0,51983.0,50962.0,53320.0,48200.0,29696.0,3.278006076812744,,,,,,,,,,,,,,,,,,,,,,,,,,26235.0,1187.0,1.0,440.0,-1073740280.0,159.0,-25.0,5.0,-20.0,24.0,-12.0
930,28838.0,51843.0,50948.0,53392.0,48318.0,29706.0,3.2832846641540527,,,,,,,,,,,,,,,,,,,,,,,,,,26245.0,1189.0,0.0,440.0,-536869368.0,160.0,-26.0,5.0,-31.0,54.0,-9.0
931,28848.0,51761.0,50531.0,53521.0,48795.0,29716.0,3.2991204261779785,,,,,,,,,,,,,,,,,,,,,,,,,,26255.0,1191.0,0.0,440.0,-536869368.0,160.0,-26.0,4.0,-43.0,44.0,-15.0
932,28898.0,51936.0,50727.0,53232.0,48290.0,29726.0,3.2991204261779785,,,,,,,,,,,,,,,,,,,,,,,,,,26275.0,1195.0,1.0,440.0,-535821816.0,162.0,-24.0,3.0,-33.0,19.0,-5.0
933,28908.0,51905.0,50084.0,53138.0,48810.0,29746.0,3.3149561882019043,,,,,,,,,,,,,,,,,,,,,,,,,,26285.0,1198.0,0.0,440.0,-535821816.0,165.0,-25.0,5.0,-33.0,13.0,-4.0
934,28918.0,51815.0,50338.0,52947.0,48196.0,29756.0,3.320234775543213,,,,,,,,,,,,,,,,,,,,,,,,,,26305.0,1201.0,0.0,440.0,-535821816.0,165.0,-24.0,5.0,-3.0,-11.0,-16.0
935,28928.0,51658.0,50242.0,52980.0,48078.0,29766.0,3.320234775543213,,,,,,,,,,,,,,,,,,,,,,,,,,26315.0,1195.0,0.0,440.0,-535297527.0,149.0,-21.0,4.0,19.0,0.0,-20.0
936,28978.0,51520.0,50855.0,53101.0,47478.0,29776.0,3.3255133628845215,,,,,,,,,,,,,,,,,,,,,,,,,,26325.0,1198.0,0.0,442.0,-535297527.0,152.0,-21.0,11.0,32.0,-36.0,-18.0
937,28988.0,51904.0,50837.0,53487.0,48322.0,29786.0,3.3255133628845215,,,,,,,,,,,,,,,,,,,,,,,,,,26335.0,1200.0,0.0,442.0,-535297527.0,152.0,-21.0,12.0,68.0,-40.0,-19.0
938,28998.0,51961.0,51064.0,53449.0,48189.0,29806.0,3.33079195022583,,,,,,,,,,,,,,,,,,,,,,,,,,26345.0,1201.0,-1.0,442.0,-536346103.0,152.0,-24.0,12.0,76.0,-64.0,-20.0
939,29038.0,52601.0,50759.0,53661.0,49158.0,29826.0,3.33079195022583,,,,,,,,,,,,,,,,,,,,,,,,,,26355.0,1204.0,-1.0,442.0,-536870391.0,154.0,-23.0,11.0,68.0,-74.0,-32.0
940,29048.0,52000.0,51293.0,54406.0,48718.0,29836.0,3.3255133628845215,,,,,,,,,,,,,,,,,,,,,,,,,,26365.0,1205.0,-1.0,442.0,-1073741303.0,154.0,-23.0,11.0,40.0,-74.0,-24.0
941,29058.0,52537.0,51477.0,53990.0,48499.0,29846.0,3.3255133628845215,,,,,,,,,,,,,,,,,,,,,,,,,,26395.0,1210.0,-1.0,443.0,-1073740279.0,155.0,-23.0,9.0,-12.0,-31.0,-19.0
942,29068.0,52095.0,50985.0,54585.0,49206.0,29906.0,3.3149561882019043,,,,,,,,,,,,,,,,,,,,,,,,,,26405.0,1211.0,-2.0,443.0,-1073740279.0,153.0,-24.0,9.0,-34.0,-11.0,-20.0
943,29098.0,52878.0,51564.0,54001.0,48450.0,29916.0,3.3149561882019043,,,,,,,,,,,,,,,,,,,,,,,,,,26415.0,1212.0,-2.0,443.0,-1073740279.0,153.0,-23.0,9.0,-52.0,-1.0,-20.0
944,29108.0,53125.0,51287.0,53815.0,48699.0,29926.0,3.3096776008605957,,,,,,,,,,,,,,,,,,,,,,,,,,26465.0,1221.0,-4.0,444.0,-536869366.0,158.0,-24.0,18.0,55.0,-14.0,-14.0
945,29118.0,52368.0,51469.0,54648.0,48721.0,29966.0,3.2991204261779785,,,,,,,,,,,,,,,,,,,,,,,,,,26475.0,1223.0,-4.0,444.0,-1073740278.0,159.0,-25.0,18.0,64.0,-36.0,-23.0
946,29128.0,52804.0,51799.0,54288.0,48317.0,29976.0,3.29384183883667,,,,,,,,,,,,,,,,,,,,,,,,,,26485.0,1225.0,-5.0,445.0,-1073740278.0,159.0,-25.0,19.0,67.0,-23.0,-25.0
947,29138.0,52858.0,51123.0,54214.0,49047.0,29986.0,3.2885632514953613,,,,,,,,,,,,,,,,,,,,,,,,,,26505.0,1227.0,-5.0,446.0,-1072691702.0,157.0,-25.0,24.0,32.0,-15.0,-25.0
948,29198.0,53124.0,51554.0,54266.0,48341.0,29996.0,3.2885632514953613,,,,,,,,,,,,,,,,,,,,,,,,,,26515.0,1228.0,-6.0,446.0,-1072691702.0,157.0,-27.0,26.0,7.0,4.0,-26.0
949,29208.0,52074.0,51337.0,55219.0,48402.0,30046.0,3.2727274894714355,,,,,,,,,,,,,,,,,,,,,,,,,,26535.0,1231.0,-6.0,447.0,-1072691702.0,157.0,-26.0,28.0,-27.0,-2.0,-17.0
950,29218.0,52968.0,51004.0,54494.0,48733.0,30056.0,3.2727274894714355,,,,,,,,,,,,,,,,,,,,,,,,,,26545.0,1232.0,-6.0,447.0,-1072690678.0,157.0,-26.0,26.0,-41.0,-9.0,-22.0
951,29258.0,52632.0,51045.0,54841.0,48094.0,30066.0,3.267448902130127,,,,,,,,,,,,,,,,,,,,,,,,,,26555.0,1234.0,-9.0,447.0,-1072690678.0,158.0,-31.0,26.0,-47.0,-25.0,-16.0
952,29268.0,52932.0,50402.0,54540.0,48658.0,30126.0,3.278006076812744,,,,,,,,,,,,,,,,,,,,,,,,,,26575.0,1239.0,-9.0,448.0,-1073739254.0,163.0,-30.0,28.0,-26.0,-50.0,-14.0
953,29278.0,52741.0,50556.0,54525.0,48184.0,30136.0,3.278006076812744,,,,,,,,,,,,,,,,,,,,,,,,,,26595.0,1242.0,-8.0,447.0,-1073739253.0,163.0,-28.0,20.0,-1.0,-29.0,-11.0
954,29358.0,52378.0,49720.0,54304.0,47293.0,30146.0,3.278006076812744,,,,,,,,,,,,,,,,,,,,,,,,,,26605.0,1244.0,-9.0,447.0,-1073739253.0,165.0,-29.0,20.0,-6.0,-33.0,-4.0
955,29428.0,52253.0,49705.0,54830.0,47271.0,30206.0,3.278006076812744,,,,,,,,,,,,,,,,,,,,,,,,,,26615.0,1246.0,-9.0,448.0,-1073739253.0,165.0,-29.0,19.0,3.0,-20.0,-11.0
956,29438.0,52579.0,49590.0,54621.0,47247.0,30216.0,3.278006076812744,,,,,,,,,,,,,,,,,,,,,,,,,,26625.0,1246.0,-9.0,448.0,-1073739253.0,163.0,-28.0,22.0,-11.0,20.0,-7.0
957,29518.0,52622.0,49872.0,55157.0,47155.0,30226.0,3.278006076812744,,,,,,,,,,,,,,,,,,,,,,,,,,26635.0,1247.0,-9.0,449.0,-1073739253.0,163.0,-27.0,21.0,-10.0,35.0,-4.0
958,29538.0,52781.0,49756.0,55028.0,47381.0,30306.0,3.2832846641540527,,,,,,,,,,,,,,,,,,,,,,,,,,26665.0,1253.0,-11.0,447.0,-536868341.0,167.0,-30.0,8.0,-20.0,76.0,-6.0
959,29548.0,52865.0,50151.0,55083.0,47265.0,30396.0,3.278006076812744,,,,,,,,,,,,,,,,,,,,,,,,,,26675.0,1255.0,-10.0,447.0,-536868341.0,168.0,-27.0,6.0,-1.0,61.0,1.0
960,29558.0,52979.0,49934.0,55062.0,47449.0,30406.0,3.2727274894714355,,,,,,,,,,,,,,,,,,,,,,,,,,26685.0,1257.0,-11.0,447.0,-536869365.0,169.0,-28.0,4.0,0.0,70.0,-8.0
961,29568.0,53061.0,50267.0,55335.0,47464.0,30516.0,3.29384183883667,,,,,,,,,,,,,,,,,,,,,,,,,,26695.0,1259.0,-11.0,447.0,-536869365.0,169.0,-28.0,3.0,4.0,64.0,1.0
962,29618.0,53309.0,50284.0,55374.0,47800.0,30526.0,3.29384183883667,,,,,,,,,,,,,,,,,,,,,,,,,,26705.0,1258.0,-13.0,447.0,-536869365.0,165.0,-30.0,3.0,0.0,59.0,2.0
963,29628.0,52937.0,50346.0,55722.0,47837.0,30536.0,3.2885632514953613,,,,,,,,,,,,,,,,,,,,,,,,,,26715.0,1260.0,-13.0,448.0,-536869365.0,165.0,-30.0,7.0,0.0,41.0,0.0
964,29638.0,53332.0,50296.0,55624.0,48106.0,30546.0,3.2885632514953613,,,,,,,,,,,,,,,,,,,,,,,,,,26745.0,1265.0,-15.0,448.0,-536870389.0,166.0,-33.0,10.0,-38.0,6.0,-3.0
965,29648.0,53032.0,50787.0,55704.0,47447.0,30616.0,3.2832846641540527,,,,,,,,,,,,,,,,,,,,,,,,,,26755.0,1267.0,-16.0,448.0,-536870389.0,165.0,-34.0,9.0,-58.0,20.0,-6.0
966,29688.0,52903.0,49986.0,55562.0,47849.0,30626.0,3.2832846641540527,,,,,,,,,,,,,,,,,,,,,,,,,,26765.0,1268.0,-16.0,448.0,-535821813.0,165.0,-33.0,9.0,-74.0,13.0,4.0
967,29698.0,52967.0,50212.0,55294.0,47397.0,30636.0,3.278006076812744,,,,,,,,,,,,,,,,,,,,,,,,,,26775.0,1270.0,-17.0,448.0,-535821813.0,165.0,-33.0,9.0,-89.0,21.0,9.0
968,29708.0,52471.0,49220.0,55176.0,48047.0,30646.0,3.2727274894714355,,,,,,,,,,,,,,,,,,,,,,,,,,26815.0,1278.0,-18.0,449.0,-534773237.0,169.0,-33.0,11.0,-38.0,-16.0,10.0
969,29758.0,52172.0,49752.0,54818.0,46824.0,30666.0,3.2727274894714355,,,,,,,,,,,,,,,,,,,,,,,,,,26825.0,1280.0,-19.0,449.0,-534773237.0,169.0,-32.0,12.0,-30.0,-2.0,13.0
970,29768.0,52309.0,49678.0,54689.0,46936.0,30696.0,3.2727274894714355,,,,,,,,,,,,,,,,,,,,,,,,,,26865.0,1284.0,-19.0,450.0,-534773238.0,165.0,-28.0,17.0,59.0,24.0,12.0
971,29778.0,51882.0,49642.0,54916.0,46738.0,30706.0,3.2727274894714355,,,,,,,,,,,,,,,,,,,,,,,,,,26915.0,1292.0,-21.0,451.0,-535297526.0,164.0,-28.0,20.0,-47.0,-4.0,17.0
972,29828.0,52287.0,49781.0,54431.0,46532.0,30716.0,3.2727274894714355,,,,,,,,,,,,,,,,,,,,,,,,,,26925.0,1293.0,-23.0,452.0,-535297526.0,163.0,-30.0,22.0,-59.0,-11.0,30.0
973,29838.0,52338.0,50128.0,54483.0,46330.0,30726.0,3.2727274894714355,,,,,,,,,,,,,,,,,,,,,,,,,,26935.0,1295.0,-22.0,452.0,-534248950.0,164.0,-29.0,21.0,-83.0,-4.0,35.0
974,29848.0,52430.0,49737.0,54541.0,47013.0,30766.0,3.2727274894714355,,,,,,,,,,,,,,,,,,,,,,,,,,26955.0,1298.0,-25.0,453.0,-534773238.0,164.0,-31.0,20.0,-104.0,-11.0,46.0
975,29878.0,52536.0,49733.0,54592.0,47169.0,30776.0,3.278006076812744,,,,,,,,,,,,,,,,,,,,,,,,,,26985.0,1303.0,-23.0,452.0,-533200375.0,164.0,-25.0,12.0,-9.0,49.0,41.0
976,29898.0,52488.0,48875.0,54833.0,48347.0,30786.0,3.2727274894714355,,,,,,,,,,,,,,,,,,,,,,,,,,26995.0,1306.0,-26.0,452.0,-533200375.0,166.0,-29.0,13.0,1.0,42.0,44.0
977,29908.0,52200.0,49826.0,55016.0,47422.0,30796.0,3.2727274894714355,,,,,,,,,,,,,,,,,,,,,,,,,,27005.0,1307.0,-26.0,452.0,-533200375.0,165.0,-28.0,12.0,-21.0,19.0,49.0
978,29918.0,52379.0,50266.0,54824.0,47024.0,30826.0,3.2727274894714355,,,,,,,,,,,,,,,,,,,,,,,,,,27035.0,1311.0,-27.0,452.0,-533199352.0,163.0,-25.0,8.0,7.0,27.0,29.0
979,29928.0,52459.0,49861.0,54943.0,47596.0,30876.0,3.29384183883667,,,,,,,,,,,,,,,,,,,,,,,,,,27045.0,1315.0,-28.0,452.0,-533199352.0,167.0,-26.0,7.0,18.0,26.0,29.0
980,29968.0,52915.0,49900.0,54924.0,47946.0,30896.0,3.29384183883667,,,,,,,,,,,,,,,,,,,,,,,,,,27055.0,1316.0,-28.0,453.0,-533199352.0,166.0,-25.0,11.0,11.0,18.0,19.0
981,29978.0,52635.0,50169.0,55252.0,47869.0,30906.0,3.2991204261779785,,,,,,,,,,,,,,,,,,,,,,,,,,27065.0,1318.0,-28.0,453.0,-533199352.0,165.0,-24.0,10.0,23.0,23.0,14.0
982,29988.0,52838.0,50409.0,55343.0,47943.0,30946.0,3.304399013519287,,,,,,,,,,,,,,,,,,,,,,,,,,27075.0,1314.0,-30.0,453.0,-533199352.0,155.0,-26.0,10.0,26.0,13.0,16.0
983,29998.0,52878.0,50375.0,55272.0,48026.0,30956.0,3.304399013519287,,,,,,,,,,,,,,,,,,,,,,,,,,27105.0,1322.0,-31.0,454.0,-534247928.0,161.0,-24.0,14.0,21.0,-40.0,7.0
984,30048.0,52968.0,50950.0,55342.0,47836.0,30966.0,3.304399013519287,,,,,,,,,,,,,,,,,,,,,,,,,,27135.0,1327.0,-31.0,454.0,-534248952.0,160.0,-21.0,14.0,-4.0,-49.0,6.0
985,30058.0,53437.0,50417.0,54852.0,48425.0,30976.0,3.304399013519287,,,,,,,,,,,,,,,,,,,,,,,,,,27145.0,1328.0,-33.0,454.0,-534248952.0,158.0,-23.0,10.0,-12.0,-49.0,6.0
986,30068.0,53369.0,50447.0,54976.0,48555.0,31046.0,3.29384183883667,,,,,,,,,,,,,,,,,,,,,,,,,,27155.0,1328.0,-32.0,454.0,-534248952.0,156.0,-21.0,10.0,-8.0,-41.0,1.0
987,30118.0,53045.0,49995.0,54513.0,48350.0,31056.0,3.29384183883667,,,,,,,,,,,,,,,,,,,,,,,,,,27165.0,1331.0,-31.0,454.0,-534773240.0,159.0,-18.0,10.0,-5.0,-37.0,7.0
988,30128.0,52389.0,50253.0,55009.0,48331.0,31066.0,3.2885632514953613,,,,,,,,,,,,,,,,,,,,,,,,,,27205.0,1336.0,-35.0,454.0,-534773240.0,157.0,-22.0,9.0,19.0,1.0,16.0
989,30138.0,52822.0,49651.0,54721.0,48746.0,31116.0,3.278006076812744,,,,,,,,,,,,,,,,,,,,,,,,,,27215.0,1335.0,-33.0,454.0,-534773240.0,151.0,-17.0,9.0,25.0,19.0,15.0
990,30148.0,52569.0,50292.0,54845.0,48112.0,31126.0,3.278006076812744,,,,,,,,,,,,,,,,,,,,,,,,,,27225.0,1337.0,-35.0,453.0,-534773241.0,152.0,-20.0,4.0,20.0,14.0,20.0
991,30178.0,52909.0,49823.0,54339.0,48785.0,31136.0,3.2727274894714355,,,,,,,,,,,,,,,,,,,,,,,,,,27265.0,1345.0,-35.0,453.0,-534773241.0,157.0,-18.0,2.0,10.0,21.0,18.0
992,30208.0,51996.0,50642.0,54901.0,48049.0,31146.0,3.2727274894714355,,,,,,,,,,,,,,,,,,,,,,,,,,27275.0,1347.0,-36.0,453.0,-534248953.0,157.0,-17.0,2.0,0.0,8.0,17.0
993,30218.0,52140.0,50743.0,54750.0,47893.0,31206.0,3.304399013519287,,,,,,,,,,,,,,,,,,,,,,,,,,27285.0,1345.0,-35.0,453.0,-534248953.0,150.0,-15.0,3.0,9.0,-1.0,22.0
994,30268.0,52566.0,50777.0,54139.0,48204.0,31216.0,3.3149561882019043,,,,,,,,,,,,,,,,,,,,,,,,,,27295.0,1346.0,-36.0,453.0,-534248953.0,150.0,-16.0,4.0,11.0,3.0,21.0
995,30298.0,51976.0,49904.0,54188.0,48776.0,31226.0,3.3149561882019043,,,,,,,,,,,,,,,,,,,,,,,,,,27345.0,1354.0,-39.0,452.0,-534773241.0,150.0,-17.0,-1.0,-53.0,-28.0,19.0
996,30318.0,52115.0,50402.0,54100.0,48594.0,31236.0,3.3149561882019043,,,,,,,,,,,,,,,,,,,,,,,,,,27355.0,1356.0,-39.0,452.0,-534773241.0,150.0,-16.0,-1.0,-33.0,-20.0,22.0
997,30328.0,51949.0,50175.0,54200.0,48945.0,31306.0,3.3255133628845215,,,,,,,,,,,,,,,,,,,,,,,,,,27365.0,1358.0,-39.0,452.0,-534773242.0,151.0,-17.0,0.0,-41.0,-24.0,26.0
998,30518.0,51324.0,50335.0,53686.0,48167.0,31316.0,3.33079195022583,,,,,,,,,,,,,,,,,,,,,,,,,,27375.0,1359.0,-39.0,452.0,-534773242.0,151.0,-16.0,0.0,-22.0,-17.0,30.0
999,30528.0,51195.0,50329.0,53719.0,48376.0,31326.0,3.3255133628845215,,,,,,,,,,,,,,,,,,,,,,,,,,27395.0,1363.0,-41.0,452.0,-534772218.0,153.0,-17.0,3.0,6.0,-10.0,28.0
1000,30538.0,51306.0,49999.0,53777.0,49038.0,31336.0,3.33079195022583,,,,,,,,,,,,,,,,,,,,,,,,,,27405.0,1363.0,-42.0,452.0,-534772218.0,151.0,-18.0,2.0,0.0,-10.0,31.0
1001,30548.0,51367.0,50533.0,53758.0,48519.0,31386.0,3.33079195022583,,,,,,,,,,,,,,,,,,,,,,,,,,27415.0,1364.0,-42.0,452.0,-534772218.0,150.0,-17.0,2.0,38.0,13.0,16.0
1002,30618.0,51766.0,51222.0,53775.0,48310.0,31396.0,3.3360705375671387,,,,,,,,,,,,,,,,,,,,,,,,,,27425.0,1366.0,-41.0,452.0,-534772218.0,150.0,-15.0,2.0,21.0,31.0,14.0
1003,30628.0,51497.0,50382.0,54055.0,49236.0,31406.0,3.3360705375671387,,,,,,,,,,,,,,,,,,,,,,,,,,27435.0,1367.0,-43.0,452.0,-534773242.0,149.0,-18.0,2.0,0.0,28.0,15.0
1004,30638.0,51776.0,50770.0,53892.0,49095.0,31416.0,3.33079195022583,,,,,,,,,,,,,,,,,,,,,,,,,,27455.0,1371.0,-44.0,451.0,-534773242.0,152.0,-18.0,-3.0,10.0,49.0,16.0
1005,30698.0,52497.0,51483.0,53609.0,48726.0,31466.0,3.33079195022583,,,,,,,,,,,,,,,,,,,,,,,,,,27485.0,1374.0,-44.0,450.0,-534248954.0,148.0,-15.0,-12.0,-36.0,15.0,11.0
1006,30708.0,52657.0,51196.0,53478.0,49277.0,31476.0,3.33079195022583,,,,,,,,,,,,,,,,,,,,,,,,,,27495.0,1377.0,-44.0,450.0,-534248954.0,151.0,-14.0,-11.0,-27.0,17.0,21.0
1007,30718.0,52522.0,51894.0,53579.0,48450.0,31486.0,3.33079195022583,,,,,,,,,,,,,,,,,,,,,,,,,,27505.0,1378.0,-44.0,450.0,-534248955.0,151.0,-14.0,-10.0,-27.0,-16.0,19.0
1008,30728.0,52235.0,51524.0,53864.0,48684.0,31546.0,3.33079195022583,,,,,,,,,,,,,,,,,,,,,,,,,,27515.0,1378.0,-43.0,449.0,-534248955.0,148.0,-12.0,-10.0,-37.0,-9.0,18.0
1009,30768.0,51395.0,51166.0,54265.0,49072.0,31556.0,3.3255133628845215,,,,,,,,,,,,,,,,,,,,,,,,,,27525.0,1379.0,-44.0,449.0,-534248955.0,146.0,-12.0,-10.0,-32.0,-30.0,12.0
1010,30778.0,51098.0,51664.0,54273.0,48479.0,31566.0,3.3255133628845215,,,,,,,,,,,,,,,,,,,,,,,,,,27545.0,1381.0,-45.0,447.0,-533200379.0,145.0,-12.0,-23.0,-2.0,-28.0,14.0
1011,30788.0,51787.0,51683.0,53675.0,48686.0,31596.0,3.3255133628845215,,,,,,,,,,,,,,,,,,,,,,,,,,27565.0,1385.0,-45.0,446.0,-533724667.0,147.0,-10.0,-21.0,-5.0,-63.0,31.0
1012,30858.0,52032.0,51422.0,52743.0,48279.0,31636.0,3.320234775543213,,,,,,,,,,,,,,,,,,,,,,,,,,27575.0,1387.0,-45.0,445.0,-533724667.0,148.0,-9.0,-26.0,13.0,-18.0,10.0
1013,30878.0,51601.0,50558.0,53053.0,48977.0,31646.0,3.320234775543213,,,,,,,,,,,,,,,,,,,,,,,,,,27585.0,1389.0,-47.0,445.0,-534772219.0,150.0,-12.0,-25.0,8.0,-47.0,12.0
1014,30888.0,51424.0,50696.0,53205.0,48927.0,31666.0,3.3149561882019043,,,,,,,,,,,,,,,,,,,,,,,,,,27595.0,1390.0,-46.0,444.0,-534772219.0,148.0,-10.0,-23.0,28.0,-2.0,20.0
1015,30898.0,52400.0,50817.0,52203.0,48928.0,31706.0,3.3149561882019043,,,,,,,,,,,,,,,,,,,,,,,,,,27605.0,1391.0,-43.0,444.0,-534772219.0,147.0,-4.0,-22.0,9.0,8.0,19.0
1016,30928.0,51146.0,50983.0,53193.0,48538.0,31716.0,3.3149561882019043,,,,,,,,,,,,,,,,,,,,,,,,,,27615.0,1394.0,-44.0,444.0,-534772219.0,150.0,-5.0,-21.0,0.0,41.0,9.0
1017,30948.0,50831.0,51051.0,53320.0,48113.0,31726.0,3.3149561882019043,,,,,,,,,,,,,,,,,,,,,,,,,,27635.0,1396.0,-46.0,443.0,-534773243.0,149.0,-7.0,-26.0,10.0,40.0,15.0
1018,30958.0,50429.0,49892.0,53668.0,49360.0,31736.0,3.3149561882019043,,,,,,,,,,,,,,,,,,,,,,,,,,27645.0,1395.0,-47.0,442.0,-534248955.0,145.0,-7.0,-24.0,16.0,60.0,19.0
1019,30968.0,50839.0,51038.0,53316.0,48125.0,31746.0,3.3149561882019043,,,,,,,,,,,,,,,,,,,,,,,,,,27655.0,1396.0,-47.0,442.0,-534248955.0,144.0,-6.0,-22.0,9.0,12.0,18.0
1020,31048.0,51665.0,51342.0,53224.0,48273.0,31806.0,3.3149561882019043,,,,,,,,,,,,,,,,,,,,,,,,,,27665.0,1396.0,-48.0,442.0,-534248956.0,142.0,-7.0,-21.0,22.0,35.0,13.0
1021,31058.0,51979.0,50863.0,53073.0,48786.0,31816.0,3.3149561882019043,,,,,,,,,,,,,,,,,,,,,,,,,,27685.0,1399.0,-51.0,441.0,-534248956.0,140.0,-12.0,-19.0,0.0,-39.0,7.0
1022,31068.0,52235.0,50967.0,53038.0,48916.0,31826.0,3.3149561882019043,,,,,,,,,,,,,,,,,,,,,,,,,,27705.0,1404.0,-48.0,440.0,-534248956.0,145.0,-5.0,-18.0,-35.0,-25.0,-1.0
1023,31078.0,52202.0,51250.0,53303.0,48831.0,31836.0,3.3149561882019043,,,,,,,,,,,,,,,,,,,,,,,,,,27715.0,1406.0,-47.0,440.0,-534773244.0,147.0,-2.0,-17.0,-41.0,-37.0,11.0
1024,31108.0,52067.0,51510.0,53655.0,48833.0,31886.0,3.320234775543213,,,,,,,,,,,,,,,,,,,,,,,,,,27725.0,1408.0,-47.0,440.0,-534773244.0,146.0,-1.0,-17.0,-11.0,-52.0,8.0
1025,31118.0,52120.0,51376.0,53637.0,49136.0,31896.0,3.320234775543213,,,,,,,,,,,,,,,,,,,,,,,,,,27735.0,1409.0,-47.0,440.0,-534773244.0,146.0,-2.0,-17.0,-6.0,-48.0,9.0
1026,31128.0,51674.0,51342.0,54018.0,49286.0,31906.0,3.320234775543213,,,,,,,,,,,,,,,,,,,,,,,,,,27745.0,1411.0,-48.0,440.0,-534772220.0,147.0,-2.0,-15.0,30.0,-16.0,7.0
1027,31138.0,51485.0,51443.0,54176.0,49255.0,31916.0,3.320234775543213,,,,,,,,,,,,,,,,,,,,,,,,,,27775.0,1411.0,-48.0,439.0,-534773244.0,140.0,0.0,-11.0,38.0,21.0,-6.0
1028,31218.0,51345.0,51067.0,53148.0,48041.0,31956.0,3.3255133628845215,,,,,,,,,,,,,,,,,,,,,,,,,,27795.0,1414.0,-49.0,440.0,-534773244.0,139.0,-1.0,-5.0,5.0,-14.0,-7.0
1029,31228.0,51227.0,49981.0,53318.0,49163.0,31966.0,3.3255133628845215,,,,,,,,,,,,,,,,,,,,,,,,,,27805.0,1416.0,-49.0,440.0,-534773244.0,140.0,-1.0,-3.0,24.0,9.0,-2.0
1030,31238.0,51600.0,50331.0,52956.0,48805.0,31976.0,3.3255133628845215,,,,,,,,,,,,,,,,,,,,,,,,,,27815.0,1420.0,-48.0,439.0,-534773244.0,145.0,0.0,-1.0,-13.0,-37.0,-7.0
1031,31298.0,52007.0,51077.0,52191.0,47374.0,31986.0,3.33079195022583,,,,,,,,,,,,,,,,,,,,,,,,,,27825.0,1421.0,-48.0,439.0,-534773244.0,146.0,0.0,-1.0,-6.0,-28.0,-2.0
1032,31308.0,51842.0,50629.0,52248.0,47998.0,32046.0,3.33079195022583,,,,,,,,,,,,,,,,,,,,,,,,,,27835.0,1426.0,-48.0,439.0,-534772220.0,152.0,1.0,-1.0,5.0,-19.0,-4.0
1033,31318.0,50888.0,50517.0,52944.0,47982.0,32056.0,3.3255133628845215,,,,,,,,,,,,,,,,,,,,,,,,,,27865.0,1426.0,-47.0,440.0,-534772220.0,144.0,5.0,1.0,38.0,-22.0,0.0
1034,31328.0,50744.0,51034.0,53112.0,47715.0,32066.0,3.3255133628845215,,,,,,,,,,,,,,,,,,,,,,,,,,27875.0,1424.0,-49.0,440.0,-535820796.0,139.0,0.0,1.0,34.0,3.0,-1.0
1035,31358.0,50145.0,50152.0,53334.0,48454.0,32196.0,3.3255133628845215,,,,,,,,,,,,,,,,,,,,,,,,,,27885.0,1426.0,-49.0,440.0,-535820796.0,140.0,2.0,3.0,29.0,8.0,-10.0
1036,31378.0,50464.0,50618.0,53087.0,47817.0,32216.0,3.320234775543213,,,,,,,,,,,,,,,,,,,,,,,,,,27895.0,1427.0,-50.0,440.0,-535820796.0,140.0,0.0,3.0,-3.0,-4.0,-19.0
1037,31388.0,50336.0,50775.0,53074.0,47748.0,32226.0,3.3255133628845215,,,,,,,,,,,,,,,,,,,,,,,,,,27905.0,1429.0,-50.0,440.0,-535820796.0,140.0,0.0,2.0,22.0,3.0,-17.0
1038,31398.0,51249.0,49887.0,52334.0,48602.0,32326.0,3.3360705375671387,,,,,,,,,,,,,,,,,,,,,,,,,,27935.0,1439.0,-50.0,440.0,-535820795.0,151.0,0.0,-3.0,-8.0,-16.0,-20.0
1039,31408.0,50904.0,49883.0,52620.0,48664.0,32336.0,3.3360705375671387,,,,,,,,,,,,,,,,,,,,,,,,,,27955.0,1443.0,-49.0,440.0,-535820795.0,154.0,3.0,-2.0,-20.0,10.0,-14.0
1040,31458.0,51101.0,50976.0,52372.0,47797.0,32346.0,3.3360705375671387,,,,,,,,,,,,,,,,,,,,,,,,,,27965.0,1445.0,-49.0,440.0,-535820795.0,155.0,3.0,-2.0,-25.0,12.0,-4.0
1041,31468.0,51098.0,50111.0,52267.0,48841.0,32356.0,3.3360705375671387,,,,,,,,,,,,,,,,,,,,,,,,,,27975.0,1437.0,-49.0,440.0,-535820795.0,138.0,4.0,-3.0,-29.0,32.0,-7.0
1042,31478.0,50840.0,50663.0,52456.0,48309.0,32406.0,3.3413491249084473,,,,,,,,,,,,,,,,,,,,,,,,,,27985.0,1438.0,-49.0,440.0,-535820795.0,136.0,3.0,-4.0,-26.0,52.0,-7.0
1043,31488.0,50235.0,50748.0,52903.0,48154.0,32416.0,3.3413491249084473,,,,,,,,,,,,,,,,,,,,,,,,,,28035.0,1447.0,-50.0,440.0,-535821819.0,141.0,3.0,-2.0,34.0,-27.0,0.0
1044,31548.0,50724.0,50850.0,52797.0,48371.0,32426.0,3.3413491249084473,,,,,,,,,,,,,,,,,,,,,,,,,,28045.0,1448.0,-50.0,440.0,-535821819.0,141.0,4.0,-1.0,41.0,-60.0,0.0
1045,31558.0,50974.0,50861.0,52824.0,48519.0,32466.0,3.3360705375671387,,,,,,,,,,,,,,,,,,,,,,,,,,28055.0,1447.0,-49.0,440.0,-535821819.0,135.0,6.0,-2.0,32.0,-61.0,-4.0
1046,31568.0,51126.0,51024.0,52761.0,48394.0,32476.0,3.3360705375671387,,,,,,,,,,,,,,,,,,,,,,,,,,28065.0,1449.0,-49.0,442.0,-535820795.0,137.0,6.0,6.0,17.0,-50.0,-5.0
1047,31638.0,51429.0,51305.0,52869.0,48417.0,32486.0,3.3360705375671387,,,,,,,,,,,,,,,,,,,,,,,,,,28085.0,1451.0,-49.0,442.0,-535820795.0,136.0,6.0,5.0,-6.0,-33.0,-2.0
1048,31648.0,51691.0,50420.0,52767.0,49405.0,32496.0,3.3360705375671387,,,,,,,,,,,,,,,,,,,,,,,,,,28135.0,1455.0,-51.0,444.0,-535820795.0,132.0,3.0,14.0,10.0,0.0,-9.0
1049,31658.0,51513.0,50983.0,53288.0,49289.0,32546.0,3.33079195022583,,,,,,,,,,,,,,,,,,,,,,,,,,28155.0,1459.0,-50.0,444.0,-535820795.0,134.0,4.0,15.0,-2.0,-2.0,-15.0
1050,31718.0,51260.0,51667.0,53704.0,48413.0,32556.0,3.33079195022583,,,,,,,,,,,,,,,,,,,,,,,,,,28165.0,1460.0,-51.0,444.0,-535820795.0,134.0,3.0,16.0,-26.0,-5.0,-11.0
1051,31728.0,51088.0,51277.0,53881.0,48803.0,32566.0,3.3255133628845215,,,,,,,,,,,,,,,,,,,,,,,,,,28175.0,1462.0,-52.0,445.0,-535820795.0,136.0,2.0,15.0,-37.0,-4.0,-11.0
1052,31738.0,51452.0,51201.0,53669.0,48754.0,32636.0,3.33079195022583,,,,,,,,,,,,,,,,,,,,,,,,,,28225.0,1469.0,-51.0,446.0,-535819771.0,139.0,4.0,16.0,41.0,-37.0,1.0
1053,31808.0,52484.0,51088.0,52818.0,48767.0,32656.0,3.3255133628845215,,,,,,,,,,,,,,,,,,,,,,,,,,28255.0,1473.0,-52.0,448.0,-535819771.0,139.0,2.0,21.0,-1.0,5.0,-5.0
1054,31818.0,52105.0,50812.0,53147.0,49012.0,32846.0,3.3096776008605957,,,,,,,,,,,,,,,,,,,,,,,,,,28275.0,1476.0,-52.0,448.0,-535819771.0,140.0,3.0,20.0,-14.0,0.0,8.0
1055,31828.0,51951.0,51202.0,53296.0,48564.0,32856.0,3.3096776008605957,,,,,,,,,,,,,,,,,,,,,,,,,,28285.0,1477.0,-51.0,448.0,-535819771.0,141.0,5.0,14.0,-11.0,45.0,3.0
1056,31898.0,51116.0,51583.0,53964.0,47645.0,32866.0,3.3096776008605957,,,,,,,,,,,,,,,,,,,,,,,,,,28295.0,1479.0,-52.0,448.0,-535819771.0,143.0,2.0,13.0,-13.0,24.0,1.0
1057,31908.0,51833.0,51235.0,53228.0,48005.0,32886.0,3.3096776008605957,,,,,,,,,,,,,,,,,,,,,,,,,,28305.0,1483.0,-52.0,448.0,-535819771.0,148.0,2.0,12.0,-23.0,-1.0,7.0
1058,31918.0,52034.0,51052.0,53086.0,47975.0,32976.0,3.3149561882019043,,,,,,,,,,,,,,,,,,,,,,,,,,28335.0,1486.0,-53.0,448.0,-535819771.0,146.0,1.0,5.0,-53.0,15.0,1.0
1059,31938.0,51437.0,50627.0,53474.0,48225.0,32996.0,3.3096776008605957,,,,,,,,,,,,,,,,,,,,,,,,,,28345.0,1484.0,-53.0,448.0,-535820795.0,141.0,2.0,4.0,-1.0,-1.0,-2.0
1060,31958.0,51695.0,50608.0,53047.0,48117.0,33006.0,3.3149561882019043,,,,,,,,,,,,,,,,,,,,,,,,,,28355.0,1486.0,-52.0,448.0,-535820795.0,142.0,4.0,3.0,-22.0,35.0,-6.0
1061,31968.0,51299.0,50805.0,53233.0,47869.0,33066.0,3.320234775543213,,,,,,,,,,,,,,,,,,,,,,,,,,28365.0,1487.0,-52.0,448.0,-535820795.0,142.0,5.0,2.0,-63.0,35.0,1.0
1062,31978.0,51366.0,50694.0,53134.0,47967.0,33086.0,3.320234775543213,,,,,,,,,,,,,,,,,,,,,,,,,,28415.0,1496.0,-52.0,448.0,-534772219.0,146.0,6.0,-5.0,23.0,-16.0,-4.0
1063,32018.0,50867.0,50793.0,53422.0,47671.0,33096.0,3.3149561882019043,,,,,,,,,,,,,,,,,,,,,,,,,,28425.0,1497.0,-52.0,448.0,-534772219.0,146.0,6.0,-7.0,5.0,-16.0,1.0
1064,32038.0,51299.0,50868.0,53168.0,47753.0,33146.0,3.3096776008605957,,,,,,,,,,,,,,,,,,,,,,,,,,28435.0,1500.0,-51.0,448.0,-534772219.0,149.0,8.0,-8.0,77.0,-18.0,-11.0
1065,32048.0,51089.0,51031.0,53392.0,47587.0,33156.0,3.3096776008605957,,,,,,,,,,,,,,,,,,,,,,,,,,28455.0,1500.0,-52.0,446.0,-535820795.0,144.0,6.0,-17.0,72.0,-14.0,2.0
1066,32058.0,51241.0,50711.0,53410.0,48060.0,33166.0,3.3096776008605957,,,,,,,,,,,,,,,,,,,,,,,,,,28475.0,1502.0,-51.0,446.0,-535820795.0,142.0,9.0,-19.0,45.0,19.0,-5.0
1067,32068.0,51278.0,50841.0,53387.0,47883.0,33226.0,3.3096776008605957,,,,,,,,,,,,,,,,,,,,,,,,,,28485.0,1504.0,-51.0,446.0,-535820795.0,145.0,9.0,-20.0,29.0,15.0,-9.0
1068,32218.0,51001.0,50789.0,53942.0,48263.0,33236.0,3.3096776008605957,,,,,,,,,,,,,,,,,,,,,,,,,,28495.0,1508.0,-51.0,446.0,-535820794.0,149.0,8.0,-19.0,9.0,39.0,-10.0
1069,32258.0,51807.0,51101.0,52899.0,47543.0,33246.0,3.3096776008605957,,,,,,,,,,,,,,,,,,,,,,,,,,28505.0,1509.0,-51.0,446.0,-535820794.0,149.0,9.0,-16.0,4.0,24.0,-6.0
1070,32298.0,51728.0,50987.0,52619.0,47522.0,33306.0,3.3096776008605957,,,,,,,,,,,,,,,,,,,,,,,,,,28515.0,1510.0,-51.0,446.0,-535820794.0,148.0,9.0,-15.0,-9.0,26.0,-11.0
1071,32328.0,51215.0,50573.0,52830.0,47713.0,33316.0,3.3096776008605957,,,,,,,,,,,,,,,,,,,,,,,,,,28525.0,1512.0,-51.0,445.0,-535820794.0,149.0,9.0,-16.0,-12.0,30.0,-9.0
1072,32338.0,51071.0,50454.0,52975.0,47778.0,33326.0,3.3096776008605957,,,,,,,,,,,,,,,,,,,,,,,,,,28535.0,1513.0,-51.0,445.0,-535820794.0,149.0,9.0,-16.0,-17.0,20.0,-17.0
1073,32348.0,50932.0,50487.0,53117.0,47671.0,33336.0,3.304399013519287,,,,,,,,,,,,,,,,,,,,,,,,,,28555.0,1516.0,-51.0,445.0,-535820794.0,149.0,9.0,-17.0,-8.0,25.0,0.0
1074,32358.0,51265.0,50334.0,52847.0,47747.0,33386.0,3.304399013519287,,,,,,,,,,,,,,,,,,,,,,,,,,28595.0,1523.0,-51.0,445.0,-535820794.0,152.0,10.0,-13.0,10.0,1.0,-6.0
1075,32398.0,50737.0,50159.0,53318.0,47584.0,33396.0,3.304399013519287,,,,,,,,,,,,,,,,,,,,,,,,,,28605.0,1525.0,-51.0,444.0,-535820794.0,153.0,9.0,-13.0,32.0,-2.0,-2.0
1076,32408.0,50629.0,50283.0,53529.0,47481.0,33406.0,3.304399013519287,,,,,,,,,,,,,,,,,,,,,,,,,,28615.0,1527.0,-52.0,444.0,-535820794.0,154.0,9.0,-14.0,54.0,-1.0,0.0
1077,32428.0,50655.0,50507.0,53632.0,47115.0,33416.0,3.304399013519287,,,,,,,,,,,,,,,,,,,,,,,,,,28625.0,1528.0,-52.0,444.0,-535821818.0,154.0,9.0,-15.0,73.0,2.0,-12.0
1078,32468.0,51573.0,50449.0,53219.0,47479.0,33436.0,3.304399013519287,,,,,,,,,,,,,,,,,,,,,,,,,,28655.0,1531.0,-51.0,443.0,-536870394.0,150.0,9.0,-14.0,27.0,36.0,-9.0
1079,32478.0,51458.0,50416.0,53305.0,47527.0,33456.0,3.304399013519287,,,,,,,,,,,,,,,,,,,,,,,,,,28675.0,1535.0,-52.0,443.0,-536870394.0,153.0,9.0,-14.0,-16.0,56.0,-2.0
1080,32488.0,50690.0,50439.0,53874.0,47630.0,33466.0,3.3096776008605957,,,,,,,,,,,,,,,,,,,,,,,,,,28685.0,1537.0,-51.0,443.0,-536346106.0,153.0,9.0,-13.0,-53.0,33.0,4.0
1081,32508.0,51117.0,50615.0,53712.0,47595.0,33476.0,3.304399013519287,,,,,,,,,,,,,,,,,,,,,,,,,,28695.0,1539.0,-52.0,443.0,-536346106.0,154.0,7.0,-13.0,-25.0,24.0,2.0
1082,32528.0,50948.0,50725.0,53985.0,47696.0,33556.0,3.2991204261779785,,,,,,,,,,,,,,,,,,,,,,,,,,28705.0,1540.0,-52.0,442.0,-536346106.0,153.0,7.0,-13.0,-41.0,0.0,10.0
1083,32538.0,51130.0,50671.0,53799.0,47751.0,33566.0,3.2991204261779785,,,,,,,,,,,,,,,,,,,,,,,,,,28725.0,1544.0,-52.0,442.0,-535297530.0,154.0,8.0,-11.0,-46.0,-12.0,0.0
1084,32548.0,51512.0,50642.0,53432.0,47847.0,33576.0,3.29384183883667,,,,,,,,,,,,,,,,,,,,,,,,,,28765.0,1546.0,-54.0,443.0,-535297530.0,147.0,4.0,-4.0,-27.0,1.0,9.0
1085,32558.0,51229.0,50901.0,53696.0,47554.0,33626.0,3.2885632514953613,,,,,,,,,,,,,,,,,,,,,,,,,,28775.0,1548.0,-54.0,442.0,-535297530.0,148.0,4.0,-2.0,-3.0,22.0,3.0
1086,32628.0,51923.0,50206.0,53153.0,48262.0,33636.0,3.2885632514953613,,,,,,,,,,,,,,,,,,,,,,,,,,28785.0,1551.0,-53.0,442.0,-535297530.0,151.0,6.0,-2.0,-6.0,13.0,2.0
1087,32658.0,51578.0,50146.0,53723.0,48275.0,33646.0,3.2885632514953613,,,,,,,,,,,,,,,,,,,,,,,,,,28825.0,1558.0,-54.0,443.0,-535297530.0,152.0,4.0,-2.0,31.0,-14.0,-5.0
1088,32848.0,52173.0,50756.0,54372.0,48209.0,33656.0,3.2832846641540527,,,,,,,,,,,,,,,,,,,,,,,,,,28835.0,1555.0,-53.0,443.0,-535297530.0,143.0,6.0,-2.0,36.0,-20.0,-11.0
1089,32858.0,51544.0,50970.0,54900.0,47864.0,33706.0,3.2885632514953613,,,,,,,,,,,,,,,,,,,,,,,,,,28845.0,1556.0,-53.0,443.0,-535297530.0,143.0,6.0,-3.0,10.0,-35.0,-15.0
1090,32898.0,51887.0,50505.0,54578.0,48402.0,33716.0,3.2885632514953613,,,,,,,,,,,,,,,,,,,,,,,,,,28855.0,1559.0,-53.0,444.0,-535297530.0,146.0,6.0,3.0,-33.0,-58.0,-16.0
1091,32978.0,52559.0,49522.0,53854.0,49078.0,33726.0,3.2885632514953613,,,,,,,,,,,,,,,,,,,,,,,,,,28885.0,1562.0,-53.0,444.0,-535821818.0,143.0,6.0,2.0,-43.0,-40.0,-8.0
1092,32988.0,52321.0,49613.0,54019.0,48969.0,33736.0,3.2885632514953613,,,,,,,,,,,,,,,,,,,,,,,,,,28905.0,1567.0,-54.0,445.0,-535820794.0,147.0,5.0,5.0,-14.0,-41.0,3.0
1093,32998.0,52424.0,50238.0,54021.0,48424.0,33746.0,3.2885632514953613,,,,,,,,,,,,,,,,,,,,,,,,,,28915.0,1570.0,-53.0,445.0,-535820794.0,149.0,7.0,4.0,-24.0,-40.0,3.0
1094,33058.0,51711.0,50344.0,53963.0,48028.0,33796.0,3.2885632514953613,,,,,,,,,,,,,,,,,,,,,,,,,,28925.0,1570.0,-54.0,445.0,-535820794.0,147.0,5.0,4.0,-4.0,-20.0,11.0
1095,33068.0,51877.0,50847.0,53678.0,47609.0,33806.0,3.2885632514953613,,,,,,,,,,,,,,,,,,,,,,,,,,28955.0,1574.0,-53.0,446.0,-535820794.0,147.0,7.0,6.0,11.0,17.0,1.0
1096,33078.0,51407.0,51148.0,53977.0,47435.0,33816.0,3.2832846641540527,,,,,,,,,,,,,,,,,,,,,,,,,,28985.0,1578.0,-54.0,444.0,-535820794.0,148.0,6.0,-10.0,11.0,57.0,6.0
1097,33088.0,51119.0,50709.0,54242.0,47947.0,33856.0,3.2832846641540527,,,,,,,,,,,,,,,,,,,,,,,,,,28995.0,1582.0,-54.0,444.0,-535820794.0,152.0,6.0,-12.0,-7.0,36.0,5.0
1098,33108.0,51303.0,50683.0,54098.0,48136.0,33866.0,3.2832846641540527,,,,,,,,,,,,,,,,,,,,,,,,,,29005.0,1583.0,-54.0,444.0,-535821818.0,151.0,6.0,-14.0,-1.0,30.0,7.0
1099,33118.0,51259.0,50762.0,54080.0,48136.0,33876.0,3.2832846641540527,,,,,,,,,,,,,,,,,,,,,,,,,,29025.0,1586.0,-53.0,443.0,-535821818.0,151.0,8.0,-17.0,-5.0,20.0,3.0
1100,33128.0,50884.0,50422.0,54416.0,48548.0,33886.0,3.2832846641540527,,,,,,,,,,,,,,,,,,,,,,,,,,29045.0,1588.0,-54.0,443.0,-535821818.0,150.0,8.0,-20.0,-8.0,2.0,17.0
1101,33138.0,51372.0,50727.0,54103.0,48511.0,33956.0,3.278006076812744,,,,,,,,,,,,,,,,,,,,,,,,,,29055.0,1588.0,-54.0,443.0,-535821818.0,147.0,6.0,-21.0,-28.0,22.0,20.0
1102,33148.0,51561.0,50891.0,53917.0,48259.0,33966.0,3.2727274894714355,,,,,,,,,,,,,,,,,,,,,,,,,,29065.0,1591.0,-54.0,443.0,-535821818.0,150.0,7.0,-22.0,-29.0,33.0,21.0
1103,33158.0,52041.0,50838.0,53443.0,48360.0,33976.0,3.2727274894714355,,,,,,,,,,,,,,,,,,,,,,,,,,29105.0,1598.0,-57.0,441.0,-535297531.0,152.0,1.0,-27.0,-11.0,-15.0,38.0
1104,33198.0,52045.0,50685.0,53466.0,48437.0,34026.0,3.2727274894714355,,,,,,,,,,,,,,,,,,,,,,,,,,29115.0,1599.0,-53.0,439.0,-535297531.0,150.0,10.0,-36.0,9.0,-20.0,32.0
1105,33218.0,51529.0,50428.0,54168.0,48479.0,34036.0,3.2727274894714355,,,,,,,,,,,,,,,,,,,,,,,,,,29125.0,1601.0,-54.0,438.0,-535821819.0,151.0,8.0,-36.0,-12.0,-5.0,36.0
1106,33228.0,51618.0,49919.0,54112.0,48889.0,34046.0,3.2727274894714355,,,,,,,,,,,,,,,,,,,,,,,,,,29165.0,1602.0,-55.0,436.0,-535296507.0,142.0,6.0,-40.0,12.0,45.0,42.0
1107,33238.0,52218.0,49831.0,53512.0,48932.0,34056.0,3.2727274894714355,,,,,,,,,,,,,,,,,,,,,,,,,,29185.0,1606.0,-56.0,435.0,-535296508.0,143.0,6.0,-38.0,15.0,30.0,42.0
1108,33308.0,51520.0,50961.0,54414.0,47947.0,34096.0,3.278006076812744,,,,,,,,,,,,,,,,,,,,,,,,,,29195.0,1608.0,-56.0,435.0,-535296508.0,144.0,6.0,-37.0,-1.0,13.0,47.0
1109,33318.0,51043.0,50968.0,54871.0,47820.0,34106.0,3.278006076812744,,,,,,,,,,,,,,,,,,,,,,,,,,29205.0,1609.0,-56.0,435.0,-535296508.0,143.0,6.0,-35.0,-9.0,-8.0,52.0
1110,33328.0,51570.0,50733.0,54354.0,48059.0,34116.0,3.278006076812744,,,,,,,,,,,,,,,,,,,,,,,,,,29215.0,1613.0,-54.0,434.0,-535296508.0,147.0,10.0,-36.0,-11.0,6.0,57.0
1111,33378.0,51759.0,49942.0,54530.0,48772.0,34126.0,3.278006076812744,,,,,,,,,,,,,,,,,,,,,,,,,,29255.0,1613.0,-53.0,433.0,-534247933.0,134.0,12.0,-34.0,-13.0,-29.0,74.0
1112,33388.0,52027.0,50436.0,54378.0,48137.0,34186.0,3.267448902130127,,,,,,,,,,,,,,,,,,,,,,,,,,29265.0,1616.0,-54.0,433.0,-534247934.0,137.0,11.0,-31.0,-29.0,-30.0,76.0
1113,33408.0,52237.0,50444.0,54225.0,47946.0,34196.0,3.267448902130127,,,,,,,,,,,,,,,,,,,,,,,,,,29275.0,1617.0,-53.0,433.0,-534247934.0,136.0,12.0,-29.0,-14.0,-42.0,71.0
1114,33458.0,51668.0,50800.0,54191.0,47390.0,34206.0,3.267448902130127,,,,,,,,,,,,,,,,,,,,,,,,,,29285.0,1620.0,-55.0,432.0,-534247934.0,139.0,9.0,-26.0,-6.0,-49.0,75.0
1115,33468.0,51415.0,50784.0,54310.0,47112.0,34216.0,3.2727274894714355,,,,,,,,,,,,,,,,,,,,,,,,,,29295.0,1621.0,-55.0,432.0,-534248958.0,139.0,9.0,-23.0,-5.0,-18.0,78.0
1116,33478.0,50896.0,50579.0,54727.0,47761.0,34286.0,3.2727274894714355,,,,,,,,,,,,,,,,,,,,,,,,,,29355.0,1629.0,-53.0,431.0,-534773760.0,137.0,15.0,-21.0,-26.0,-35.0,101.0
1117,33488.0,52154.0,50553.0,53790.0,47701.0,34296.0,3.2727274894714355,,,,,,,,,,,,,,,,,,,,,,,,,,29365.0,1629.0,-54.0,431.0,-534773759.0,135.0,14.0,-21.0,-14.0,-63.0,100.0
1118,33508.0,51187.0,51129.0,54650.0,47210.0,34306.0,3.2727274894714355,,,,,,,,,,,,,,,,,,,,,,,,,,29425.0,1639.0,-54.0,430.0,-534772733.0,140.0,15.0,-17.0,17.0,-40.0,78.0
1119,33558.0,52139.0,51161.0,54155.0,47742.0,34346.0,3.267448902130127,,,,,,,,,,,,,,,,,,,,,,,,,,29435.0,1643.0,-52.0,430.0,-534771709.0,145.0,18.0,-17.0,-23.0,-27.0,85.0
1120,33568.0,51849.0,50701.0,54363.0,48316.0,34366.0,3.2568917274475098,,,,,,,,,,,,,,,,,,,,,,,,,,29445.0,1644.0,-52.0,430.0,-534771709.0,145.0,19.0,-17.0,-34.0,-34.0,83.0
1121,33578.0,52328.0,51247.0,54167.0,47757.0,34406.0,3.251613140106201,,,,,,,,,,,,,,,,,,,,,,,,,,29455.0,1645.0,-52.0,429.0,-534771709.0,145.0,19.0,-17.0,-31.0,-28.0,80.0
1122,33628.0,52179.0,51266.0,54831.0,47746.0,34416.0,3.2463345527648926,,,,,,,,,,,,,,,,,,,,,,,,,,29465.0,1646.0,-52.0,430.0,-534771708.0,145.0,20.0,-16.0,-47.0,24.0,77.0
1123,33638.0,52602.0,50922.0,54272.0,47955.0,34426.0,3.241055965423584,,,,,,,,,,,,,,,,,,,,,,,,,,29545.0,1659.0,-50.0,428.0,-533724154.0,150.0,25.0,-27.0,28.0,26.0,48.0
1124,33648.0,52157.0,50637.0,54704.0,48143.0,34466.0,3.2463345527648926,,,,,,,,,,,,,,,,,,,,,,,,,,29555.0,1660.0,-50.0,427.0,-533724154.0,149.0,25.0,-28.0,27.0,24.0,49.0
1125,33708.0,52423.0,49926.0,54714.0,48396.0,34476.0,3.241055965423584,,,,,,,,,,,,,,,,,,,,,,,,,,29565.0,1661.0,-50.0,427.0,-533724154.0,149.0,25.0,-29.0,29.0,14.0,41.0
1126,33718.0,52173.0,50393.0,55033.0,48131.0,34486.0,3.241055965423584,,,,,,,,,,,,,,,,,,,,,,,,,,29575.0,1662.0,-50.0,427.0,-534772730.0,149.0,26.0,-29.0,28.0,8.0,42.0
1127,33728.0,52480.0,50816.0,54703.0,47764.0,34496.0,3.2357773780822754,,,,,,,,,,,,,,,,,,,,,,,,,,29595.0,1663.0,-49.0,426.0,-534772729.0,145.0,27.0,-31.0,42.0,22.0,41.0
1128,33798.0,53070.0,50955.0,54171.0,47739.0,34566.0,3.2357773780822754,,,,,,,,,,,,,,,,,,,,,,,,,,29625.0,1671.0,-47.0,425.0,-534772729.0,152.0,32.0,-33.0,53.0,-6.0,22.0
1129,33808.0,52772.0,50953.0,54516.0,47830.0,34576.0,3.2357773780822754,,,,,,,,,,,,,,,,,,,,,,,,,,29635.0,1672.0,-47.0,424.0,-534772729.0,151.0,31.0,-35.0,33.0,19.0,21.0
1130,33818.0,53043.0,50903.0,54422.0,48050.0,34586.0,3.2357773780822754,,,,,,,,,,,,,,,,,,,,,,,,,,29645.0,1674.0,-47.0,424.0,-534772729.0,152.0,31.0,-35.0,32.0,11.0,23.0
1131,33858.0,52537.0,50627.0,54709.0,48386.0,34596.0,3.2357773780822754,,,,,,,,,,,,,,,,,,,,,,,,,,29655.0,1674.0,-47.0,424.0,-535821305.0,150.0,32.0,-34.0,25.0,26.0,21.0
1132,33868.0,51630.0,49879.0,55458.0,49210.0,34646.0,3.2357773780822754,,,,,,,,,,,,,,,,,,,,,,,,,,29685.0,1679.0,-45.0,423.0,-535822329.0,150.0,34.0,-28.0,11.0,-3.0,24.0
1133,33878.0,52297.0,50862.0,54877.0,48259.0,34656.0,3.2357773780822754,,,,,,,,,,,,,,,,,,,,,,,,,,29695.0,1680.0,-45.0,423.0,-535822329.0,151.0,35.0,-26.0,28.0,-14.0,14.0
1134,33948.0,52423.0,52209.0,54868.0,47499.0,34666.0,3.2357773780822754,,,,,,,,,,,,,,,,,,,,,,,,,,29705.0,1683.0,-45.0,423.0,-535821304.0,154.0,35.0,-26.0,23.0,-17.0,7.0
1135,33958.0,52267.0,51733.0,54985.0,48091.0,34716.0,3.241055965423584,,,,,,,,,,,,,,,,,,,,,,,,,,29715.0,1685.0,-45.0,422.0,-535821304.0,155.0,34.0,-28.0,20.0,-25.0,6.0
1136,33968.0,52827.0,51024.0,54638.0,49146.0,34726.0,3.2463345527648926,,,,,,,,,,,,,,,,,,,,,,,,,,29765.0,1691.0,-43.0,421.0,-536869880.0,151.0,34.0,-26.0,33.0,12.0,3.0
1137,33978.0,51961.0,51471.0,55345.0,48703.0,34736.0,3.241055965423584,,,,,,,,,,,,,,,,,,,,,,,,,,29775.0,1691.0,-43.0,420.0,-536869880.0,149.0,35.0,-25.0,32.0,22.0,2.0
1138,34028.0,52296.0,51473.0,55153.0,48510.0,34816.0,3.2357773780822754,,,,,,,,,,,,,,,,,,,,,,,,,,29785.0,1692.0,-43.0,420.0,-536870904.0,148.0,35.0,-26.0,31.0,25.0,8.0
1139,34038.0,52396.0,52287.0,54960.0,47632.0,34826.0,3.2357773780822754,,,,,,,,,,,,,,,,,,,,,,,,,,29825.0,1699.0,-41.0,419.0,-1073741816.0,151.0,36.0,-26.0,76.0,27.0,-7.0
1140,34048.0,52196.0,51953.0,55115.0,47915.0,34836.0,3.241055965423584,,,,,,,,,,,,,,,,,,,,,,,,,,29835.0,1700.0,-41.0,418.0,-1072693240.0,150.0,34.0,-26.0,74.0,-4.0,-8.0
1141,34078.0,52357.0,51701.0,54730.0,48161.0,34886.0,3.2568917274475098,,,,,,,,,,,,,,,,,,,,,,,,,,29845.0,1702.0,-39.0,418.0,-1072693240.0,151.0,36.0,-25.0,64.0,5.0,-13.0
1142,34088.0,52222.0,51297.0,54852.0,48520.0,34896.0,3.2621703147888184,,,,,,,,,,,,,,,,,,,,,,,,,,29865.0,1705.0,-39.0,418.0,-1072693240.0,150.0,35.0,-26.0,61.0,-15.0,-13.0
1143,34098.0,52358.0,51710.0,54512.0,47824.0,34906.0,3.2621703147888184,,,,,,,,,,,,,,,,,,,,,,,,,,29895.0,1710.0,-38.0,416.0,-1071644665.0,151.0,34.0,-33.0,19.0,-24.0,-11.0
1144,34108.0,51908.0,51071.0,54885.0,48528.0,34916.0,3.267448902130127,,,,,,,,,,,,,,,,,,,,,,,,,,29905.0,1712.0,-38.0,415.0,-1071643641.0,153.0,32.0,-34.0,-10.0,-42.0,-17.0
1145,34118.0,52358.0,51324.0,54557.0,48512.0,34986.0,3.2621703147888184,,,,,,,,,,,,,,,,,,,,,,,,,,29915.0,1714.0,-37.0,415.0,-1071643641.0,154.0,33.0,-34.0,-22.0,-33.0,-25.0
1146,34148.0,51623.0,51768.0,55306.0,48164.0,34996.0,3.2621703147888184,,,,,,,,,,,,,,,,,,,,,,,,,,29925.0,1715.0,-37.0,415.0,-1071643641.0,154.0,32.0,-34.0,3.0,0.0,-18.0
1147,34158.0,51977.0,51575.0,54990.0,48428.0,35006.0,3.2621703147888184,,,,,,,,,,,,,,,,,,,,,,,,,,29935.0,1718.0,-37.0,414.0,-1071643641.0,156.0,31.0,-37.0,-2.0,-10.0,-19.0
1148,34168.0,52565.0,51588.0,54362.0,48162.0,35016.0,3.2621703147888184,,,,,,,,,,,,,,,,,,,,,,,,,,29945.0,1719.0,-37.0,414.0,-1071643641.0,157.0,30.0,-37.0,2.0,1.0,-25.0
1149,34188.0,52408.0,51371.0,54505.0,48531.0,35056.0,3.2568917274475098,,,,,,,,,,,,,,,,,,,,,,,,,,29965.0,1719.0,-37.0,413.0,-1071643641.0,150.0,29.0,-35.0,5.0,-8.0,-15.0
1150,34198.0,52140.0,52020.0,54745.0,47723.0,35066.0,3.2568917274475098,,,,,,,,,,,,,,,,,,,,,,,,,,29975.0,1720.0,-36.0,413.0,-1071643641.0,150.0,28.0,-34.0,-4.0,6.0,-22.0
1151,34208.0,52297.0,51547.0,54719.0,48440.0,35076.0,3.2568917274475098,,,,,,,,,,,,,,,,,,,,,,,,,,29985.0,1722.0,-37.0,411.0,-1071643641.0,150.0,26.0,-38.0,-4.0,2.0,-26.0
1152,34218.0,52322.0,51341.0,54571.0,48444.0,35086.0,3.2568917274475098,,,,,,,,,,,,,,,,,,,,,,,,,,29995.0,1725.0,-36.0,411.0,-1071643641.0,153.0,27.0,-38.0,-3.0,-9.0,-27.0
1153,34278.0,52042.0,50894.0,54819.0,48757.0,35156.0,3.251613140106201,,,,,,,,,,,,,,,,,,,,,,,,,,30025.0,1731.0,-37.0,411.0,-1071643642.0,157.0,22.0,-31.0,-8.0,2.0,-37.0
1154,34288.0,52649.0,50987.0,54360.0,48501.0,35166.0,3.251613140106201,,,,,,,,,,,,,,,,,,,,,,,,,,30045.0,1734.0,-36.0,411.0,-1071643642.0,157.0,22.0,-30.0,3.0,-13.0,-35.0
1155,34298.0,51918.0,50963.0,54860.0,48275.0,35176.0,3.2463345527648926,,,,,,,,,,,,,,,,,,,,,,,,,,30055.0,1735.0,-35.0,410.0,-1071643642.0,157.0,22.0,-28.0,0.0,16.0,-35.0
1156,34308.0,51853.0,50826.0,54928.0,48449.0,35216.0,3.251613140106201,,,,,,,,,,,,,,,,,,,,,,,,,,30065.0,1737.0,-35.0,410.0,-1071643642.0,158.0,21.0,-26.0,25.0,-17.0,-39.0
1157,34348.0,52571.0,51665.0,54759.0,47946.0,35256.0,3.251613140106201,,,,,,,,,,,,,,,,,,,,,,,,,,30075.0,1732.0,-35.0,410.0,-1071643642.0,145.0,21.0,-22.0,15.0,-13.0,-51.0
1158,34358.0,52579.0,51916.0,54759.0,47722.0,35266.0,3.251613140106201,,,,,,,,,,,,,,,,,,,,,,,,,,30085.0,1735.0,-35.0,410.0,-1071643643.0,147.0,20.0,-20.0,2.0,-48.0,-51.0
1159,34368.0,52431.0,51924.0,55189.0,48191.0,35276.0,3.251613140106201,,,,,,,,,,,,,,,,,,,,,,,,,,30105.0,1738.0,-35.0,410.0,-1071643643.0,149.0,18.0,-16.0,-8.0,-35.0,-52.0
1160,34398.0,52738.0,52240.0,55105.0,48220.0,35286.0,3.251613140106201,,,,,,,,,,,,,,,,,,,,,,,,,,30125.0,1742.0,-34.0,410.0,-1071642619.0,152.0,18.0,-14.0,-24.0,-60.0,-56.0
1161,34408.0,52714.0,52179.0,55153.0,48497.0,35346.0,3.251613140106201,,,,,,,,,,,,,,,,,,,,,,,,,,30135.0,1744.0,-34.0,410.0,-1071642619.0,152.0,18.0,-13.0,-56.0,-25.0,-43.0
1162,34428.0,52889.0,52341.0,55259.0,48728.0,35356.0,3.2621703147888184,,,,,,,,,,,,,,,,,,,,,,,,,,30145.0,1745.0,-34.0,409.0,-1071642620.0,152.0,17.0,-12.0,-62.0,-53.0,-44.0
1163,34468.0,52499.0,52165.0,55618.0,48850.0,35366.0,3.2621703147888184,,,,,,,,,,,,,,,,,,,,,,,,,,30195.0,1753.0,-33.0,409.0,-1072690173.0,155.0,14.0,-7.0,-22.0,-17.0,-69.0
1164,34478.0,53019.0,51846.0,55432.0,49249.0,35376.0,3.2568917274475098,,,,,,,,,,,,,,,,,,,,,,,,,,30205.0,1753.0,-33.0,409.0,-1072690173.0,153.0,14.0,-6.0,-25.0,-8.0,-71.0
1165,34488.0,52743.0,51731.0,55629.0,49474.0,35386.0,3.2568917274475098,,,,,,,,,,,,,,,,,,,,,,,,,,30215.0,1756.0,-33.0,409.0,-1072690173.0,156.0,14.0,-5.0,-19.0,11.0,-67.0
1166,34528.0,52967.0,52137.0,55650.0,49058.0,35416.0,3.2463345527648926,,,,,,,,,,,,,,,,,,,,,,,,,,30225.0,1757.0,-33.0,409.0,-1072690173.0,157.0,13.0,-6.0,-1.0,30.0,-73.0
1167,34548.0,53200.0,52815.0,55625.0,48273.0,35426.0,3.2463345527648926,,,,,,,,,,,,,,,,,,,,,,,,,,30235.0,1758.0,-33.0,409.0,-1072690174.0,157.0,13.0,-6.0,-3.0,36.0,-66.0
1168,34568.0,53866.0,52961.0,55145.0,48296.0,35436.0,3.2463345527648926,,,,,,,,,,,,,,,,,,,,,,,,,,30315.0,1771.0,-31.0,409.0,-1072690176.0,162.0,14.0,1.0,-28.0,-19.0,-81.0
1169,34578.0,53672.0,51738.0,55345.0,49700.0,35446.0,3.241055965423584,,,,,,,,,,,,,,,,,,,,,,,,,,30375.0,1779.0,-29.0,409.0,-1072690686.0,162.0,15.0,5.0,54.0,58.0,-81.0
1170,34588.0,53587.0,52158.0,55356.0,49344.0,35486.0,3.241055965423584,,,,,,,,,,,,,,,,,,,,,,,,,,30405.0,1786.0,-28.0,409.0,-1071642110.0,168.0,14.0,8.0,-5.0,41.0,-67.0
1171,34638.0,52937.0,52001.0,56023.0,49380.0,35496.0,3.241055965423584,,,,,,,,,,,,,,,,,,,,,,,,,,30415.0,1787.0,-28.0,409.0,-1071643133.0,167.0,13.0,9.0,-15.0,22.0,-67.0
1172,34648.0,53302.0,51903.0,55737.0,49475.0,35506.0,3.241055965423584,,,,,,,,,,,,,,,,,,,,,,,,,,30445.0,1792.0,-27.0,409.0,-1072691709.0,167.0,13.0,10.0,0.0,4.0,-58.0
1173,34718.0,52898.0,51945.0,55845.0,48850.0,35516.0,3.2463345527648926,,,,,,,,,,,,,,,,,,,,,,,,,,30455.0,1792.0,-27.0,410.0,-1072691708.0,164.0,12.0,9.0,27.0,-42.0,-64.0
1174,34728.0,53091.0,52080.0,55461.0,48527.0,35566.0,3.251613140106201,,,,,,,,,,,,,,,,,,,,,,,,,,30485.0,1799.0,-28.0,409.0,-1071642108.0,171.0,9.0,5.0,-3.0,-8.0,-50.0
1175,34738.0,53033.0,52011.0,55793.0,48838.0,35576.0,3.2621703147888184,,,,,,,,,,,,,,,,,,,,,,,,,,30515.0,1804.0,-27.0,410.0,-1072690683.0,170.0,8.0,10.0,-30.0,57.0,-39.0
1176,34798.0,53107.0,51585.0,55310.0,49117.0,35586.0,3.267448902130127,,,,,,,,,,,,,,,,,,,,,,,,,,30525.0,1805.0,-27.0,410.0,-1072691707.0,171.0,9.0,8.0,-27.0,69.0,-46.0
1177,34808.0,53366.0,51563.0,55030.0,49055.0,35636.0,3.304399013519287,,,,,,,,,,,,,,,,,,,,,,,,,,30535.0,1807.0,-26.0,410.0,-1072691707.0,171.0,9.0,6.0,-13.0,47.0,-53.0
1178,34818.0,53272.0,51670.0,55305.0,48975.0,35646.0,3.3096776008605957,,,,,,,,,,,,,,,,,,,,,,,,,,30545.0,1809.0,-26.0,410.0,-1072691707.0,171.0,9.0,6.0,-14.0,77.0,-53.0
1179,34828.0,52434.0,51482.0,55858.0,49045.0,35656.0,3.3096776008605957,,,,,,,,,,,,,,,,,,,,,,,,,,30585.0,1817.0,-26.0,409.0,-1072692730.0,175.0,8.0,0.0,-38.0,34.0,-44.0
1180,34838.0,53044.0,52433.0,55073.0,47812.0,35666.0,3.3096776008605957,,,,,,,,,,,,,,,,,,,,,,,,,,30615.0,1822.0,-27.0,408.0,-1072692729.0,175.0,4.0,-1.0,-23.0,47.0,-35.0
1181,34858.0,52983.0,51431.0,55149.0,48775.0,35706.0,3.320234775543213,,,,,,,,,,,,,,,,,,,,,,,,,,30625.0,1825.0,-26.0,408.0,-1073741305.0,177.0,5.0,-1.0,-33.0,11.0,-31.0
1182,34888.0,52313.0,50912.0,55265.0,48455.0,35716.0,3.320234775543213,,,,,,,,,,,,,,,,,,,,,,,,,,30635.0,1827.0,-26.0,408.0,-1073741305.0,177.0,5.0,-3.0,-49.0,25.0,-37.0
1183,34898.0,52539.0,50989.0,54840.0,48246.0,35726.0,3.320234775543213,,,,,,,,,,,,,,,,,,,,,,,,,,30645.0,1827.0,-26.0,408.0,-1073217017.0,175.0,6.0,-9.0,-39.0,38.0,-38.0
1184,34908.0,51987.0,50808.0,55296.0,48358.0,35796.0,3.33079195022583,,,,,,,,,,,,,,,,,,,,,,,,,,30695.0,1834.0,-26.0,408.0,-1073215993.0,171.0,6.0,-8.0,31.0,-11.0,-19.0
1185,34988.0,52715.0,50836.0,54742.0,47946.0,35806.0,3.33079195022583,,,,,,,,,,,,,,,,,,,,,,,,,,30705.0,1839.0,-25.0,407.0,-1073217016.0,177.0,7.0,-7.0,73.0,5.0,-35.0
1186,35008.0,52887.0,51153.0,54721.0,47524.0,35816.0,3.33079195022583,,,,,,,,,,,,,,,,,,,,,,,,,,30715.0,1840.0,-25.0,407.0,-1072168440.0,175.0,6.0,-5.0,21.0,0.0,-30.0
1187,35018.0,52533.0,50223.0,55020.0,48695.0,35836.0,3.33079195022583,,,,,,,,,,,,,,,,,,,,,,,,,,30725.0,1842.0,-25.0,407.0,-1072168440.0,176.0,5.0,-3.0,7.0,-21.0,-17.0
1188,35058.0,52648.0,51344.0,54955.0,47337.0,35856.0,3.33079195022583,,,,,,,,,,,,,,,,,,,,,,,,,,30745.0,1846.0,-26.0,408.0,-1072168440.0,176.0,5.0,0.0,2.0,-16.0,-26.0
1189,35068.0,52782.0,50689.0,54851.0,47971.0,35866.0,3.33079195022583,,,,,,,,,,,,,,,,,,,,,,,,,,30765.0,1846.0,-25.0,408.0,-1072168440.0,170.0,4.0,1.0,-17.0,-4.0,-30.0
1190,35078.0,52030.0,51111.0,55418.0,47572.0,35876.0,3.3255133628845215,,,,,,,,,,,,,,,,,,,,,,,,,,30775.0,1848.0,-25.0,408.0,-1072168440.0,168.0,4.0,2.0,-33.0,26.0,-39.0
1191,35158.0,52205.0,51577.0,55539.0,47407.0,35886.0,3.33079195022583,,,,,,,,,,,,,,,,,,,,,,,,,,30785.0,1849.0,-25.0,408.0,-1072167416.0,168.0,4.0,4.0,-23.0,41.0,-47.0
1192,35168.0,52721.0,51618.0,55152.0,47349.0,35926.0,3.33079195022583,,,,,,,,,,,,,,,,,,,,,,,,,,30795.0,1853.0,-25.0,408.0,-1073215992.0,172.0,4.0,5.0,-24.0,32.0,-44.0
1193,35178.0,53023.0,51759.0,55364.0,47719.0,35966.0,3.3255133628845215,,,,,,,,,,,,,,,,,,,,,,,,,,30815.0,1856.0,-26.0,408.0,-1073215991.0,172.0,2.0,7.0,11.0,67.0,-38.0
1194,35258.0,52942.0,50809.0,55521.0,48460.0,35976.0,3.3255133628845215,,,,,,,,,,,,,,,,,,,,,,,,,,30875.0,1866.0,-26.0,409.0,-1072167414.0,169.0,1.0,8.0,12.0,-60.0,-21.0
1195,35268.0,52468.0,51003.0,55856.0,48146.0,35986.0,3.3255133628845215,,,,,,,,,,,,,,,,,,,,,,,,,,30885.0,1868.0,-26.0,409.0,-1072167414.0,170.0,0.0,7.0,50.0,-40.0,-25.0
1196,35278.0,53205.0,50622.0,55304.0,48520.0,35996.0,3.320234775543213,,,,,,,,,,,,,,,,,,,,,,,,,,30895.0,1870.0,-25.0,409.0,-1072168438.0,170.0,1.0,7.0,3.0,-38.0,-38.0
1197,35348.0,53391.0,51918.0,54806.0,47368.0,36046.0,3.320234775543213,,,,,,,,,,,,,,,,,,,,,,,,,,30905.0,1872.0,-25.0,409.0,-1072168438.0,170.0,1.0,7.0,10.0,-30.0,-31.0
1198,35358.0,53272.0,51708.0,54544.0,47275.0,36056.0,3.320234775543213,,,,,,,,,,,,,,,,,,,,,,,,,,30945.0,1875.0,-25.0,409.0,-1072168438.0,163.0,0.0,11.0,-37.0,5.0,-13.0
1199,35368.0,53075.0,51346.0,54680.0,47664.0,36066.0,3.320234775543213,,,,,,,,,,,,,,,,,,,,,,,,,,30955.0,1877.0,-25.0,410.0,-1072168438.0,163.0,0.0,11.0,-44.0,4.0,-19.0
1200,35418.0,52786.0,51437.0,55667.0,48198.0,36126.0,3.320234775543213,,,,,,,,,,,,,,,,,,,,,,,,,,30965.0,1880.0,-24.0,410.0,-1072168438.0,165.0,2.0,10.0,-73.0,42.0,-14.0
1201,35428.0,52290.0,51521.0,56083.0,48123.0,36136.0,3.3149561882019043,,,,,,,,,,,,,,,,,,,,,,,,,,30975.0,1883.0,-24.0,410.0,-1073217014.0,169.0,2.0,10.0,-52.0,22.0,-14.0
1202,35438.0,52977.0,50966.0,55552.0,48827.0,36146.0,3.3149561882019043,,,,,,,,,,,,,,,,,,,,,,,,,,30985.0,1884.0,-24.0,410.0,-1073217014.0,167.0,0.0,11.0,-77.0,-11.0,-11.0
1203,35488.0,53601.0,51534.0,55081.0,48357.0,36156.0,3.3149561882019043,,,,,,,,,,,,,,,,,,,,,,,,,,31015.0,1889.0,-24.0,410.0,-536346101.0,167.0,1.0,8.0,-8.0,-54.0,4.0
1204,35498.0,53312.0,52072.0,55399.0,47708.0,36206.0,3.3096776008605957,,,,,,,,,,,,,,,,,,,,,,,,,,31045.0,1891.0,-27.0,410.0,-1072168437.0,160.0,-4.0,2.0,52.0,-14.0,5.0
1205,35508.0,53437.0,52308.0,55287.0,47443.0,36216.0,3.3096776008605957,,,,,,,,,,,,,,,,,,,,,,,,,,31055.0,1892.0,-27.0,410.0,-1072168438.0,159.0,-3.0,0.0,18.0,-13.0,13.0
1206,35548.0,53092.0,51195.0,55247.0,48344.0,36226.0,3.3096776008605957,,,,,,,,,,,,,,,,,,,,,,,,,,31065.0,1895.0,-26.0,410.0,-1072692726.0,162.0,-2.0,-1.0,19.0,-36.0,16.0
1207,35568.0,53121.0,51425.0,55244.0,47950.0,36276.0,3.3149561882019043,,,,,,,,,,,,,,,,,,,,,,,,,,31075.0,1897.0,-26.0,410.0,-1072692726.0,163.0,-3.0,-1.0,14.0,-40.0,19.0
1208,35578.0,52844.0,50784.0,55118.0,48227.0,36286.0,3.3149561882019043,,,,,,,,,,,,,,,,,,,,,,,,,,31115.0,1903.0,-27.0,409.0,-1072691702.0,162.0,-4.0,-6.0,4.0,-37.0,10.0
1209,35588.0,52762.0,50569.0,54986.0,48300.0,36296.0,3.3096776008605957,,,,,,,,,,,,,,,,,,,,,,,,,,31125.0,1904.0,-27.0,410.0,-1072691702.0,162.0,-4.0,-2.0,-14.0,-10.0,0.0
1210,35638.0,52272.0,49816.0,54238.0,47802.0,36306.0,3.3149561882019043,,,,,,,,,,,,,,,,,,,,,,,,,,31135.0,1903.0,-26.0,410.0,-1072691702.0,155.0,-4.0,0.0,-35.0,5.0,-6.0
1211,35648.0,51717.0,50321.0,54592.0,47094.0,36346.0,3.3149561882019043,,,,,,,,,,,,,,,,,,,,,,,,,,31145.0,1904.0,-27.0,410.0,-1072691702.0,156.0,-5.0,0.0,-60.0,43.0,4.0
1212,35658.0,51886.0,50115.0,54506.0,47361.0,36356.0,3.3096776008605957,,,,,,,,,,,,,,,,,,,,,,,,,,31175.0,1910.0,-27.0,410.0,-1073741302.0,159.0,-5.0,0.0,-77.0,66.0,22.0
1213,35708.0,51576.0,49791.0,54392.0,47341.0,36366.0,3.3096776008605957,,,,,,,,,,,,,,,,,,,,,,,,,,31205.0,1916.0,-27.0,410.0,-535297526.0,160.0,-5.0,2.0,-30.0,15.0,11.0
1214,35718.0,51884.0,49905.0,54154.0,47067.0,36376.0,3.3096776008605957,,,,,,,,,,,,,,,,,,,,,,,,,,31215.0,1917.0,-27.0,409.0,-535297526.0,159.0,-5.0,0.0,-39.0,-28.0,8.0
1215,35728.0,51132.0,50573.0,54750.0,46323.0,36416.0,3.304399013519287,,,,,,,,,,,,,,,,,,,,,,,,,,31225.0,1918.0,-28.0,409.0,-535297526.0,158.0,-6.0,0.0,14.0,-45.0,14.0
1216,35798.0,51173.0,49808.0,54442.0,46241.0,36426.0,3.304399013519287,,,,,,,,,,,,,,,,,,,,,,,,,,31235.0,1920.0,-28.0,409.0,-535297526.0,158.0,-6.0,0.0,15.0,-33.0,17.0
1217,35808.0,51668.0,49354.0,53995.0,46837.0,36436.0,3.2991204261779785,,,,,,,,,,,,,,,,,,,,,,,,,,31255.0,1925.0,-28.0,409.0,-535821814.0,163.0,-6.0,0.0,4.0,-38.0,26.0
1218,35818.0,51455.0,50143.0,54129.0,46018.0,36446.0,3.2991204261779785,,,,,,,,,,,,,,,,,,,,,,,,,,31275.0,1928.0,-28.0,409.0,-536869367.0,162.0,-6.0,2.0,22.0,-33.0,13.0
1219,35868.0,51935.0,49727.0,53822.0,46516.0,36476.0,3.2991204261779785,,,,,,,,,,,,,,,,,,,,,,,,,,31305.0,1933.0,-29.0,409.0,-1073740279.0,163.0,-7.0,5.0,68.0,-8.0,10.0
1220,35878.0,52406.0,49996.0,53731.0,46324.0,36486.0,3.2991204261779785,,,,,,,,,,,,,,,,,,,,,,,,,,31315.0,1933.0,-29.0,409.0,-1073740279.0,160.0,-6.0,5.0,58.0,9.0,7.0
1221,35888.0,52372.0,49663.0,53592.0,46567.0,36496.0,3.2991204261779785,,,,,,,,,,,,,,,,,,,,,,,,,,31325.0,1935.0,-29.0,409.0,-1073740279.0,161.0,-7.0,5.0,16.0,31.0,-11.0
1222,35938.0,52030.0,50146.0,54190.0,46154.0,36506.0,3.2991204261779785,,,,,,,,,,,,,,,,,,,,,,,,,,31335.0,1937.0,-29.0,409.0,-1072691703.0,162.0,-7.0,4.0,-18.0,52.0,-8.0
1223,35958.0,51305.0,50393.0,55059.0,46001.0,36556.0,3.3096776008605957,,,,,,,,,,,,,,,,,,,,,,,,,,31395.0,1946.0,-30.0,410.0,-536345079.0,161.0,-8.0,5.0,-49.0,10.0,-11.0
1224,35968.0,52174.0,49877.0,54406.0,46424.0,36566.0,3.3096776008605957,,,,,,,,,,,,,,,,,,,,,,,,,,31405.0,1948.0,-31.0,410.0,-535296503.0,160.0,-9.0,5.0,8.0,-6.0,0.0
1225,35978.0,51865.0,50145.0,54729.0,46152.0,36576.0,3.3096776008605957,,,,,,,,,,,,,,,,,,,,,,,,,,31415.0,1949.0,-31.0,410.0,-535296503.0,159.0,-8.0,5.0,21.0,-48.0,-7.0
1226,35988.0,52001.0,49470.0,54783.0,46869.0,36626.0,3.3096776008605957,,,,,,,,,,,,,,,,,,,,,,,,,,31435.0,1954.0,-31.0,411.0,-536346102.0,163.0,-9.0,6.0,54.0,-79.0,-13.0
1227,36008.0,52104.0,49426.0,54907.0,46990.0,36636.0,3.3096776008605957,,,,,,,,,,,,,,,,,,,,,,,,,,31455.0,1957.0,-31.0,411.0,-1073741302.0,162.0,-8.0,6.0,44.0,-79.0,-23.0
1228,36028.0,52291.0,49964.0,55007.0,46541.0,36646.0,3.304399013519287,,,,,,,,,,,,,,,,,,,,,,,,,,31465.0,1958.0,-31.0,411.0,-1073740278.0,162.0,-8.0,6.0,53.0,-37.0,-31.0
1229,36048.0,52203.0,49740.0,55103.0,46887.0,36656.0,3.2991204261779785,,,,,,,,,,,,,,,,,,,,,,,,,,31475.0,1961.0,-31.0,411.0,-1073740278.0,165.0,-9.0,8.0,51.0,-1.0,-43.0
1230,36058.0,53006.0,48883.0,54325.0,47707.0,36706.0,3.2991204261779785,,,,,,,,,,,,,,,,,,,,,,,,,,31485.0,1963.0,-31.0,412.0,-1072691702.0,165.0,-9.0,6.0,41.0,8.0,-37.0
1231,36068.0,52216.0,48973.0,55163.0,47499.0,36716.0,3.2991204261779785,,,,,,,,,,,,,,,,,,,,,,,,,,31495.0,1960.0,-31.0,412.0,-1072692726.0,156.0,-9.0,5.0,-3.0,48.0,-33.0
1232,36078.0,52423.0,49620.0,54982.0,46832.0,36726.0,3.2991204261779785,,,,,,,,,,,,,,,,,,,,,,,,,,31515.0,1962.0,-32.0,412.0,-1072168438.0,153.0,-10.0,2.0,-56.0,98.0,-21.0
1233,36128.0,52164.0,50377.0,55591.0,46103.0,36736.0,3.2991204261779785,,,,,,,,,,,,,,,,,,,,,,,,,,31535.0,1967.0,-32.0,411.0,-1073215989.0,158.0,-10.0,-1.0,-30.0,94.0,-29.0
1234,36138.0,52459.0,50403.0,55551.0,46267.0,36786.0,3.304399013519287,,,,,,,,,,,,,,,,,,,,,,,,,,31545.0,1969.0,-32.0,411.0,-1073215989.0,158.0,-9.0,-2.0,-19.0,64.0,-23.0
1235,36148.0,52720.0,49798.0,55565.0,46954.0,36796.0,3.2991204261779785,,,,,,,,,,,,,,,,,,,,,,,,,,31555.0,1970.0,-32.0,411.0,-1073215989.0,156.0,-9.0,-4.0,-23.0,40.0,-14.0
1236,36208.0,53375.0,49713.0,55452.0,46718.0,36806.0,3.2991204261779785,,,,,,,,,,,,,,,,,,,,,,,,,,31565.0,1972.0,-32.0,412.0,-536345077.0,157.0,-10.0,0.0,-1.0,8.0,-8.0
1237,36218.0,53642.0,49495.0,55295.0,46769.0,36816.0,3.2991204261779785,,,,,,,,,,,,,,,,,,,,,,,,,,31575.0,1974.0,-33.0,412.0,-536345077.0,157.0,-10.0,-1.0,5.0,-14.0,-12.0
1238,36228.0,52831.0,49298.0,55959.0,46992.0,36846.0,3.29384183883667,,,,,,,,,,,,,,,,,,,,,,,,,,31585.0,1976.0,-33.0,412.0,-1073215989.0,157.0,-10.0,-3.0,19.0,-39.0,-3.0
1239,36278.0,53458.0,49532.0,55444.0,45954.0,36856.0,3.29384183883667,,,,,,,,,,,,,,,,,,,,,,,,,,31625.0,1981.0,-35.0,412.0,-1072167413.0,153.0,-15.0,-10.0,24.0,-57.0,2.0
1240,36288.0,53033.0,49563.0,55846.0,45834.0,36866.0,3.29384183883667,,,,,,,,,,,,,,,,,,,,,,,,,,31635.0,1983.0,-35.0,412.0,-1072168437.0,155.0,-15.0,-13.0,-36.0,-82.0,5.0
1241,36298.0,53548.0,49251.0,55652.0,46308.0,36876.0,3.29384183883667,,,,,,,,,,,,,,,,,,,,,,,,,,31645.0,1984.0,-36.0,412.0,-1072168437.0,154.0,-15.0,-14.0,-15.0,-43.0,2.0
1242,36308.0,53188.0,49511.0,55821.0,45855.0,36946.0,3.29384183883667,,,,,,,,,,,,,,,,,,,,,,,,,,31655.0,1985.0,-36.0,410.0,-1072692725.0,153.0,-16.0,-20.0,-24.0,-33.0,5.0
1243,36338.0,53077.0,48964.0,56106.0,46487.0,36956.0,3.29384183883667,,,,,,,,,,,,,,,,,,,,,,,,,,31665.0,1988.0,-36.0,410.0,-1073741301.0,156.0,-16.0,-21.0,-47.0,7.0,7.0
1244,36348.0,53006.0,49046.0,56187.0,46250.0,36966.0,3.2885632514953613,,,,,,,,,,,,,,,,,,,,,,,,,,31685.0,1990.0,-37.0,410.0,-536870389.0,154.0,-16.0,-21.0,-83.0,39.0,13.0
1245,36358.0,53442.0,48966.0,56056.0,46361.0,37016.0,3.29384183883667,,,,,,,,,,,,,,,,,,,,,,,,,,31715.0,1995.0,-37.0,409.0,-535297525.0,155.0,-17.0,-21.0,-87.0,65.0,18.0
1246,36368.0,53156.0,49170.0,56376.0,46459.0,37026.0,3.29384183883667,,,,,,,,,,,,,,,,,,,,,,,,,,31725.0,1997.0,-38.0,409.0,-535296502.0,155.0,-17.0,-21.0,-65.0,68.0,21.0
1247,36418.0,54197.0,49495.0,55783.0,46167.0,37036.0,3.2885632514953613,,,,,,,,,,,,,,,,,,,,,,,,,,31735.0,1998.0,-38.0,409.0,-534247926.0,153.0,-16.0,-21.0,-53.0,87.0,32.0
1248,36428.0,54188.0,49300.0,55849.0,46293.0,37046.0,3.2885632514953613,,,,,,,,,,,,,,,,,,,,,,,,,,31745.0,2000.0,-38.0,409.0,-534247926.0,155.0,-17.0,-18.0,-22.0,66.0,36.0
1249,36438.0,54163.0,49155.0,56002.0,46696.0,37096.0,3.29384183883667,,,,,,,,,,,,,,,,,,,,,,,,,,31765.0,2002.0,-39.0,409.0,-534247926.0,153.0,-17.0,-21.0,3.0,-10.0,27.0
1250,36478.0,54556.0,48908.0,55768.0,46498.0,37106.0,3.29384183883667,,,,,,,,,,,,,,,,,,,,,,,,,,31785.0,2006.0,-40.0,408.0,-534247926.0,153.0,-16.0,-22.0,29.0,-58.0,27.0
1251,36488.0,53994.0,49192.0,56202.0,46276.0,37116.0,3.29384183883667,,,,,,,,,,,,,,,,,,,,,,,,,,31805.0,2010.0,-41.0,408.0,-535296502.0,154.0,-17.0,-19.0,22.0,-83.0,37.0
1252,36498.0,54141.0,48917.0,55843.0,46353.0,37126.0,3.29384183883667,,,,,,,,,,,,,,,,,,,,,,,,,,31815.0,2012.0,-41.0,408.0,-535297527.0,154.0,-17.0,-19.0,15.0,-108.0,34.0
1253,36548.0,52575.0,48321.0,56823.0,46536.0,37136.0,3.29384183883667,,,,,,,,,,,,,,,,,,,,,,,,,,31825.0,2013.0,-41.0,408.0,-535821815.0,154.0,-15.0,-15.0,-5.0,-88.0,37.0
1254,36558.0,52709.0,48300.0,56761.0,46518.0,37176.0,3.29384183883667,,,,,,,,,,,,,,,,,,,,,,,,,,31835.0,2014.0,-42.0,408.0,-535821815.0,154.0,-18.0,-15.0,-27.0,-57.0,32.0
1255,36568.0,52628.0,48423.0,56865.0,46327.0,37196.0,3.29384183883667,,,,,,,,,,,,,,,,,,,,,,,,,,31845.0,2017.0,-42.0,408.0,-535820791.0,157.0,-17.0,-15.0,-55.0,4.0,30.0
1256,36578.0,52602.0,48571.0,56913.0,46134.0,37206.0,3.2885632514953613,,,,,,,,,,,,,,,,,,,,,,,,,,31865.0,2020.0,-42.0,408.0,-534772215.0,156.0,-16.0,-16.0,-77.0,57.0,35.0
1257,36628.0,53795.0,49484.0,56269.0,45391.0,37216.0,3.2885632514953613,,,,,,,,,,,,,,,,,,,,,,,,,,31895.0,2021.0,-43.0,407.0,-534248952.0,149.0,-15.0,-13.0,-24.0,70.0,45.0
1258,36638.0,53483.0,50019.0,56377.0,45052.0,37236.0,3.2885632514953613,,,,,,,,,,,,,,,,,,,,,,,,,,31905.0,2021.0,-44.0,407.0,-534247928.0,146.0,-15.0,-11.0,0.0,36.0,42.0
1259,36648.0,53731.0,49659.0,56374.0,45598.0,37296.0,3.2885632514953613,,,,,,,,,,,,,,,,,,,,,,,,,,31915.0,2023.0,-44.0,408.0,-534247928.0,147.0,-15.0,-6.0,14.0,18.0,46.0
1260,36658.0,53877.0,49369.0,56411.0,46128.0,37306.0,3.2885632514953613,,,,,,,,,,,,,,,,,,,,,,,,,,31925.0,2025.0,-45.0,407.0,-534247928.0,148.0,-16.0,-5.0,27.0,-29.0,49.0
1261,36688.0,53894.0,48906.0,56417.0,46633.0,37316.0,3.2885632514953613,,,,,,,,,,,,,,,,,,,,,,,,,,31955.0,2030.0,-45.0,407.0,-534248953.0,148.0,-13.0,-4.0,-2.0,-108.0,36.0
1262,36708.0,54070.0,48590.0,56331.0,47014.0,37326.0,3.2885632514953613,,,,,,,,,,,,,,,,,,,,,,,,,,31965.0,2031.0,-45.0,408.0,-534773241.0,148.0,-13.0,-1.0,-1.0,-74.0,27.0
1263,36718.0,54030.0,48029.0,56511.0,47784.0,37376.0,3.2885632514953613,,,,,,,,,,,,,,,,,,,,,,,,,,31975.0,2032.0,-47.0,408.0,-534773241.0,146.0,-15.0,0.0,-8.0,-38.0,23.0
1264,36728.0,53661.0,47967.0,56862.0,47816.0,37386.0,3.2885632514953613,,,,,,,,,,,,,,,,,,,,,,,,,,31985.0,2033.0,-47.0,408.0,-534772217.0,146.0,-14.0,1.0,-26.0,-21.0,24.0
1265,36748.0,53501.0,48901.0,56976.0,46777.0,37396.0,3.2885632514953613,,,,,,,,,,,,,,,,,,,,,,,,,,31995.0,2035.0,-47.0,408.0,-534772217.0,146.0,-15.0,1.0,-43.0,-17.0,26.0
1266,36788.0,53147.0,49930.0,57283.0,45217.0,37476.0,3.2885632514953613,,,,,,,,,,,,,,,,,,,,,,,,,,32045.0,2042.0,-48.0,407.0,-534772217.0,147.0,-11.0,-5.0,-11.0,20.0,15.0
1267,36798.0,54065.0,49577.0,56681.0,45928.0,37486.0,3.2885632514953613,,,,,,,,,,,,,,,,,,,,,,,,,,32055.0,2044.0,-49.0,407.0,-534773241.0,148.0,-12.0,-5.0,3.0,2.0,16.0
1268,36808.0,53853.0,49755.0,56915.0,45695.0,37496.0,3.2885632514953613,,,,,,,,,,,,,,,,,,,,,,,,,,32065.0,2046.0,-49.0,407.0,-534773241.0,149.0,-11.0,-6.0,2.0,0.0,19.0
1269,36848.0,53855.0,48912.0,56853.0,47025.0,37506.0,3.2885632514953613,,,,,,,,,,,,,,,,,,,,,,,,,,32075.0,2048.0,-49.0,407.0,-534773242.0,149.0,-11.0,-6.0,12.0,-1.0,26.0
1270,36858.0,54196.0,48937.0,56560.0,46940.0,37556.0,3.29384183883667,,,,,,,,,,,,,,,,,,,,,,,,,,32105.0,2049.0,-51.0,408.0,-534773242.0,144.0,-11.0,-3.0,8.0,7.0,20.0
1271,36868.0,53490.0,49111.0,57082.0,46832.0,37566.0,3.2885632514953613,,,,,,,,,,,,,,,,,,,,,,,,,,32125.0,2052.0,-52.0,408.0,-534773242.0,144.0,-13.0,-5.0,7.0,-13.0,8.0
1272,36898.0,53797.0,48995.0,56794.0,47166.0,37576.0,3.2885632514953613,,,,,,,,,,,,,,,,,,,,,,,,,,32145.0,2056.0,-53.0,407.0,-534773242.0,145.0,-12.0,-10.0,4.0,-53.0,10.0
1273,36928.0,53254.0,50242.0,57239.0,45963.0,37636.0,3.2832846641540527,,,,,,,,,,,,,,,,,,,,,,,,,,32155.0,2059.0,-52.0,406.0,-534772218.0,150.0,-10.0,-10.0,14.0,-38.0,-6.0
1274,36938.0,53497.0,49888.0,57122.0,46540.0,37646.0,3.2832846641540527,,,,,,,,,,,,,,,,,,,,,,,,,,32165.0,2061.0,-52.0,406.0,-534772218.0,150.0,-10.0,-9.0,-2.0,-38.0,0.0
1275,36948.0,53217.0,50040.0,57277.0,46468.0,37656.0,3.278006076812744,,,,,,,,,,,,,,,,,,,,,,,,,,32195.0,2059.0,-52.0,406.0,-534772218.0,138.0,-6.0,-9.0,-33.0,-44.0,10.0
1276,36958.0,53215.0,50147.0,57308.0,46294.0,37716.0,3.267448902130127,,,,,,,,,,,,,,,,,,,,,,,,,,32205.0,2060.0,-51.0,406.0,-534772218.0,138.0,-5.0,-9.0,-42.0,-22.0,13.0
1277,37018.0,53711.0,48745.0,56773.0,47815.0,37726.0,3.267448902130127,,,,,,,,,,,,,,,,,,,,,,,,,,32215.0,2061.0,-51.0,406.0,-533723642.0,138.0,-4.0,-10.0,-38.0,-20.0,17.0
1278,37028.0,53357.0,49478.0,56864.0,47085.0,37736.0,3.267448902130127,,,,,,,,,,,,,,,,,,,,,,,,,,32225.0,2062.0,-52.0,406.0,-533723642.0,137.0,-4.0,-6.0,-15.0,-16.0,17.0
1279,37038.0,53412.0,49424.0,57010.0,47207.0,37786.0,3.2727274894714355,,,,,,,,,,,,,,,,,,,,,,,,,,32245.0,2067.0,-53.0,406.0,-533723642.0,142.0,-5.0,-3.0,41.0,-48.0,13.0
1280,37108.0,53381.0,49724.0,56205.0,46811.0,37796.0,3.267448902130127,,,,,,,,,,,,,,,,,,,,,,,,,,32275.0,2072.0,-54.0,406.0,-534771194.0,144.0,-4.0,0.0,122.0,-59.0,4.0
1281,37118.0,53492.0,49585.0,55962.0,47020.0,37806.0,3.267448902130127,,,,,,,,,,,,,,,,,,,,,,,,,,32325.0,2077.0,-55.0,407.0,-536867322.0,144.0,-5.0,3.0,4.0,0.0,-2.0
1282,37128.0,53639.0,49652.0,55762.0,46981.0,37886.0,3.2621703147888184,,,,,,,,,,,,,,,,,,,,,,,,,,32335.0,2080.0,-55.0,407.0,-536867322.0,147.0,-5.0,3.0,-21.0,3.0,5.0
1283,37198.0,53494.0,50345.0,55559.0,46988.0,37906.0,3.2621703147888184,,,,,,,,,,,,,,,,,,,,,,,,,,32345.0,2082.0,-55.0,407.0,-536867322.0,148.0,-5.0,4.0,-27.0,22.0,11.0
1284,37208.0,53297.0,50183.0,55848.0,47508.0,37956.0,3.2621703147888184,,,,,,,,,,,,,,,,,,,,,,,,,,32355.0,2083.0,-55.0,407.0,-535818746.0,148.0,-4.0,3.0,-43.0,2.0,9.0
1285,37218.0,52976.0,50399.0,56037.0,47299.0,37966.0,3.2568917274475098,,,,,,,,,,,,,,,,,,,,,,,,,,32385.0,2089.0,-57.0,407.0,-535818747.0,153.0,-8.0,4.0,-41.0,33.0,28.0
1286,37298.0,52406.0,49915.0,55696.0,48124.0,37976.0,3.2568917274475098,,,,,,,,,,,,,,,,,,,,,,,,,,32405.0,2092.0,-57.0,407.0,-535819771.0,155.0,-8.0,0.0,-39.0,44.0,32.0
1287,37308.0,52354.0,50119.0,55690.0,47967.0,37986.0,3.2568917274475098,,,,,,,,,,,,,,,,,,,,,,,,,,32415.0,2088.0,-56.0,407.0,-535819771.0,145.0,-4.0,0.0,-32.0,36.0,32.0
1288,37318.0,52403.0,50098.0,55629.0,47918.0,38046.0,3.267448902130127,,,,,,,,,,,,,,,,,,,,,,,,,,32425.0,2091.0,-56.0,407.0,-534771195.0,149.0,-3.0,0.0,-14.0,48.0,45.0
1289,37368.0,53146.0,50179.0,54747.0,48192.0,38066.0,3.2621703147888184,,,,,,,,,,,,,,,,,,,,,,,,,,32435.0,2093.0,-57.0,407.0,-534771195.0,149.0,-4.0,0.0,-11.0,34.0,41.0
1290,37378.0,52762.0,50784.0,54889.0,47558.0,38096.0,3.2621703147888184,,,,,,,,,,,,,,,,,,,,,,,,,,32455.0,2097.0,-57.0,406.0,-534772220.0,151.0,-3.0,-5.0,14.0,27.0,50.0
1291,37388.0,52548.0,51009.0,55014.0,47314.0,38136.0,3.2621703147888184,,,,,,,,,,,,,,,,,,,,,,,,,,32465.0,2098.0,-57.0,406.0,-534772220.0,150.0,-4.0,-5.0,-8.0,21.0,41.0
1292,37398.0,52509.0,50502.0,54991.0,47932.0,38146.0,3.2568917274475098,,,,,,,,,,,,,,,,,,,,,,,,,,32475.0,2099.0,-57.0,406.0,-534772220.0,150.0,-4.0,-5.0,-3.0,-1.0,37.0
1293,37468.0,52073.0,50678.0,54848.0,47823.0,38156.0,3.2568917274475098,,,,,,,,,,,,,,,,,,,,,,,,,,32485.0,2100.0,-57.0,406.0,-534772220.0,150.0,-3.0,-6.0,-14.0,10.0,29.0
1294,37478.0,51924.0,50598.0,54911.0,47948.0,38216.0,3.2621703147888184,,,,,,,,,,,,,,,,,,,,,,,,,,32495.0,2102.0,-57.0,405.0,-534772220.0,150.0,-2.0,-10.0,-15.0,14.0,20.0
1295,37488.0,51923.0,50882.0,54901.0,47531.0,38226.0,3.2621703147888184,,,,,,,,,,,,,,,,,,,,,,,,,,32535.0,2108.0,-57.0,405.0,-534772220.0,152.0,0.0,-10.0,-4.0,44.0,14.0
1296,37498.0,51847.0,50529.0,54982.0,47900.0,38236.0,3.2621703147888184,,,,,,,,,,,,,,,,,,,,,,,,,,32545.0,2110.0,-58.0,405.0,-534773244.0,153.0,-1.0,-10.0,3.0,33.0,11.0
1297,37518.0,52077.0,50431.0,54600.0,47885.0,38306.0,3.2621703147888184,,,,,,,,,,,,,,,,,,,,,,,,,,32555.0,2111.0,-58.0,405.0,-534773245.0,153.0,-1.0,-11.0,17.0,18.0,15.0
1298,37558.0,52586.0,50873.0,54119.0,47287.0,38316.0,3.2621703147888184,,,,,,,,,,,,,,,,,,,,,,,,,,32565.0,2111.0,-58.0,405.0,-534773245.0,149.0,-1.0,-11.0,37.0,-1.0,5.0
1299,37568.0,51896.0,50919.0,54930.0,47299.0,38326.0,3.2621703147888184,,,,,,,,,,,,,,,,,,,,,,,,,,32575.0,2113.0,-58.0,405.0,-534773245.0,149.0,0.0,-11.0,24.0,3.0,4.0
1300,37578.0,51550.0,51447.0,55197.0,46669.0,38376.0,3.251613140106201,,,,,,,,,,,,,,,,,,,,,,,,,,32595.0,2115.0,-59.0,404.0,-534773245.0,149.0,0.0,-9.0,6.0,-8.0,2.0
1301,37628.0,52015.0,50338.0,55399.0,47946.0,38386.0,3.2463345527648926,,,,,,,,,,,,,,,,,,,,,,,,,,32615.0,2119.0,-59.0,404.0,-534773245.0,150.0,-1.0,-8.0,-32.0,-34.0,17.0
1302,37638.0,52219.0,50609.0,55245.0,47607.0,38396.0,3.2463345527648926,,,,,,,,,,,,,,,,,,,,,,,,,,32625.0,2121.0,-59.0,404.0,-534773245.0,151.0,0.0,-10.0,-27.0,-51.0,22.0
1303,37648.0,52348.0,50154.0,55146.0,48045.0,38406.0,3.251613140106201,,,,,,,,,,,,,,,,,,,,,,,,,,32635.0,2123.0,-59.0,404.0,-534772221.0,153.0,0.0,-10.0,-3.0,-59.0,24.0
1304,37658.0,52642.0,50170.0,55092.0,48136.0,38446.0,3.251613140106201,,,,,,,,,,,,,,,,,,,,,,,,,,32645.0,2124.0,-60.0,404.0,-534772221.0,151.0,0.0,-9.0,3.0,-55.0,20.0
1305,37708.0,53143.0,51000.0,54743.0,47595.0,38456.0,3.2463345527648926,,,,,,,,,,,,,,,,,,,,,,,,,,32655.0,2125.0,-60.0,404.0,-534772221.0,151.0,0.0,-9.0,24.0,-51.0,22.0
1306,37718.0,52635.0,51069.0,55316.0,47798.0,38466.0,3.2463345527648926,,,,,,,,,,,,,,,,,,,,,,,,,,32665.0,2126.0,-60.0,402.0,-534772221.0,150.0,0.0,-18.0,20.0,-55.0,37.0
1307,37728.0,52763.0,50911.0,55187.0,47899.0,38476.0,3.2463345527648926,,,,,,,,,,,,,,,,,,,,,,,,,,32695.0,2132.0,-60.0,401.0,-535819773.0,153.0,0.0,-18.0,-18.0,-27.0,34.0
1308,37788.0,52269.0,50078.0,55314.0,48813.0,38506.0,3.2463345527648926,,,,,,,,,,,,,,,,,,,,,,,,,,32835.0,2152.0,-63.0,397.0,-534772223.0,155.0,2.0,-18.0,72.0,5.0,35.0
1309,37798.0,52629.0,50430.0,55184.0,48679.0,38526.0,3.241055965423584,,,,,,,,,,,,,,,,,,,,,,,,,,32845.0,2154.0,-63.0,396.0,-534772223.0,155.0,3.0,-20.0,51.0,0.0,27.0
1310,37808.0,52575.0,50330.0,55263.0,48728.0,38536.0,3.241055965423584,,,,,,,,,,,,,,,,,,,,,,,,,,32855.0,2153.0,-64.0,396.0,-534772223.0,152.0,2.0,-18.0,40.0,22.0,34.0
1311,37878.0,53179.0,50867.0,54908.0,48717.0,38546.0,3.241055965423584,,,,,,,,,,,,,,,,,,,,,,,,,,32865.0,2155.0,-63.0,396.0,-534773247.0,152.0,4.0,-18.0,21.0,29.0,31.0
1312,37888.0,52306.0,50594.0,55675.0,49152.0,38556.0,3.2463345527648926,,,,,,,,,,,,,,,,,,,,,,,,,,32875.0,2157.0,-63.0,396.0,-534773248.0,153.0,4.0,-19.0,13.0,22.0,35.0
1313,37898.0,52742.0,50772.0,55316.0,48873.0,38606.0,3.2357773780822754,,,,,,,,,,,,,,,,,,,,,,,,,,32915.0,2165.0,-62.0,395.0,-535822336.0,157.0,7.0,-16.0,30.0,12.0,22.0
1314,37908.0,52758.0,51119.0,55329.0,48642.0,38616.0,3.2357773780822754,,,,,,,,,,,,,,,,,,,,,,,,,,32925.0,2166.0,-62.0,394.0,-535822336.0,156.0,8.0,-23.0,44.0,10.0,11.0
1315,37918.0,52922.0,51191.0,55165.0,48612.0,38626.0,3.230498790740967,,,,,,,,,,,,,,,,,,,,,,,,,,32935.0,2168.0,-62.0,393.0,-535298048.0,157.0,8.0,-22.0,33.0,-12.0,14.0
1316,37938.0,52541.0,51153.0,55629.0,48653.0,38636.0,3.230498790740967,,,,,,,,,,,,,,,,,,,,,,,,,,32945.0,2169.0,-62.0,393.0,-535298048.0,156.0,8.0,-20.0,15.0,-3.0,13.0
1317,37958.0,52718.0,51196.0,55204.0,48582.0,38686.0,3.241055965423584,,,,,,,,,,,,,,,,,,,,,,,,,,32965.0,2174.0,-62.0,393.0,-535822336.0,158.0,8.0,-21.0,4.0,-17.0,21.0
1318,37968.0,52555.0,51405.0,55460.0,48531.0,38696.0,3.2357773780822754,,,,,,,,,,,,,,,,,,,,,,,,,,32975.0,2176.0,-62.0,394.0,-535822336.0,161.0,8.0,-14.0,9.0,-24.0,24.0
1319,37978.0,52541.0,51167.0,55361.0,48838.0,38706.0,3.2357773780822754,,,,,,,,,,,,,,,,,,,,,,,,,,32985.0,2178.0,-63.0,393.0,-535822336.0,160.0,7.0,-13.0,9.0,-31.0,22.0
1320,38038.0,52955.0,51258.0,54576.0,48750.0,38716.0,3.230498790740967,,,,,,,,,,,,,,,,,,,,,,,,,,32995.0,2179.0,-63.0,393.0,-535821311.0,160.0,7.0,-11.0,-9.0,-30.0,17.0
1321,38048.0,52476.0,50943.0,54820.0,48819.0,38766.0,3.230498790740967,,,,,,,,,,,,,,,,,,,,,,,,,,33005.0,2180.0,-63.0,393.0,-535821311.0,160.0,7.0,-10.0,2.0,-38.0,20.0
1322,38058.0,52693.0,50809.0,54681.0,49184.0,38776.0,3.230498790740967,,,,,,,,,,,,,,,,,,,,,,,,,,33035.0,2183.0,-62.0,394.0,-535821311.0,156.0,9.0,-5.0,17.0,10.0,5.0
1323,38068.0,52903.0,50990.0,54471.0,49022.0,38786.0,3.230498790740967,,,,,,,,,,,,,,,,,,,,,,,,,,33045.0,2186.0,-62.0,393.0,-535821311.0,158.0,9.0,-5.0,24.0,21.0,-6.0
1324,38138.0,52505.0,51449.0,54403.0,48255.0,38846.0,3.241055965423584,,,,,,,,,,,,,,,,,,,,,,,,,,33055.0,2188.0,-62.0,393.0,-535821311.0,160.0,8.0,-4.0,45.0,51.0,-15.0
1325,38148.0,52362.0,51245.0,54708.0,48659.0,38856.0,3.241055965423584,,,,,,,,,,,,,,,,,,,,,,,,,,33065.0,2190.0,-62.0,393.0,-535821311.0,161.0,10.0,-3.0,56.0,38.0,-24.0
1326,38158.0,52343.0,51418.0,54737.0,48455.0,38866.0,3.241055965423584,,,,,,,,,,,,,,,,,,,,,,,,,,33075.0,2191.0,-62.0,393.0,-536870911.0,161.0,9.0,-3.0,51.0,53.0,-40.0
1327,38188.0,52526.0,51261.0,54618.0,48432.0,38896.0,3.2568917274475098,,,,,,,,,,,,,,,,,,,,,,,,,,33085.0,2193.0,-62.0,393.0,-536870912.0,161.0,9.0,-4.0,36.0,63.0,-43.0
1328,38208.0,51970.0,51679.0,54805.0,47822.0,38916.0,3.2568917274475098,,,,,,,,,,,,,,,,,,,,,,,,,,33095.0,2192.0,-62.0,393.0,-536346624.0,155.0,8.0,-4.0,14.0,70.0,-43.0
1329,38218.0,52665.0,51188.0,54209.0,48499.0,38926.0,3.251613140106201,,,,,,,,,,,,,,,,,,,,,,,,,,33145.0,2201.0,-62.0,394.0,-536345087.0,157.0,9.0,-3.0,-17.0,-3.0,-49.0
1330,38228.0,52245.0,51559.0,54523.0,48186.0,38936.0,3.2463345527648926,,,,,,,,,,,,,,,,,,,,,,,,,,33155.0,2203.0,-63.0,394.0,-536345087.0,157.0,5.0,0.0,0.0,-25.0,-52.0
1331,38238.0,52388.0,51736.0,54402.0,47936.0,38946.0,3.251613140106201,,,,,,,,,,,,,,,,,,,,,,,,,,33165.0,2204.0,-63.0,394.0,-536345087.0,156.0,5.0,-1.0,1.0,-46.0,-50.0
1332,38248.0,52066.0,51420.0,54768.0,48115.0,38976.0,3.2568917274475098,,,,,,,,,,,,,,,,,,,,,,,,,,33175.0,2206.0,-63.0,394.0,-536345087.0,156.0,6.0,-1.0,1.0,-32.0,-46.0
1333,38298.0,51853.0,50441.0,54759.0,48799.0,38996.0,3.251613140106201,,,,,,,,,,,,,,,,,,,,,,,,,,33215.0,2210.0,-62.0,394.0,-535297534.0,151.0,8.0,0.0,-20.0,-12.0,-8.0
1334,38308.0,51786.0,50664.0,54901.0,48625.0,39006.0,3.251613140106201,,,,,,,,,,,,,,,,,,,,,,,,,,33225.0,2211.0,-62.0,394.0,-535297534.0,150.0,7.0,0.0,-14.0,-37.0,3.0
1335,38318.0,52471.0,50163.0,54282.0,49165.0,39016.0,3.2463345527648926,,,,,,,,,,,,,,,,,,,,,,,,,,33235.0,2213.0,-62.0,394.0,-535297534.0,151.0,7.0,2.0,-22.0,-46.0,4.0
1336,38328.0,52245.0,50163.0,54477.0,49167.0,39036.0,3.2463345527648926,,,,,,,,,,,,,,,,,,,,,,,,,,33245.0,2216.0,-62.0,394.0,-535821822.0,154.0,8.0,2.0,-22.0,-58.0,7.0
1337,38378.0,52325.0,50814.0,54602.0,48741.0,39066.0,3.2463345527648926,,,,,,,,,,,,,,,,,,,,,,,,,,33265.0,2218.0,-63.0,394.0,-535821822.0,152.0,7.0,2.0,-34.0,-51.0,0.0
1338,38388.0,52741.0,50806.0,54320.0,48945.0,39076.0,3.2463345527648926,,,,,,,,,,,,,,,,,,,,,,,,,,33295.0,2221.0,-62.0,393.0,-535820799.0,149.0,7.0,-5.0,-1.0,26.0,2.0
1339,38398.0,52026.0,51370.0,54748.0,48172.0,39086.0,3.2463345527648926,,,,,,,,,,,,,,,,,,,,,,,,,,33305.0,2222.0,-62.0,393.0,-535821823.0,148.0,8.0,-5.0,-26.0,57.0,6.0
1340,38448.0,52729.0,51207.0,53901.0,48429.0,39146.0,3.251613140106201,,,,,,,,,,,,,,,,,,,,,,,,,,33315.0,2224.0,-62.0,393.0,-535821823.0,149.0,8.0,-4.0,-32.0,70.0,15.0
1341,38458.0,52110.0,50874.0,54546.0,48982.0,39156.0,3.251613140106201,,,,,,,,,,,,,,,,,,,,,,,,,,33325.0,2225.0,-63.0,393.0,-535297535.0,147.0,7.0,-2.0,-23.0,72.0,12.0
1342,38468.0,51700.0,51431.0,54922.0,48349.0,39166.0,3.251613140106201,,,,,,,,,,,,,,,,,,,,,,,,,,33335.0,2228.0,-63.0,393.0,-534248959.0,152.0,8.0,-2.0,-18.0,50.0,16.0
1343,38528.0,51669.0,51635.0,54894.0,48205.0,39226.0,3.241055965423584,,,,,,,,,,,,,,,,,,,,,,,,,,33355.0,2231.0,-62.0,393.0,-534247935.0,151.0,8.0,-2.0,-14.0,-17.0,30.0
1344,38538.0,52334.0,51484.0,54243.0,48435.0,39236.0,3.2463345527648926,,,,,,,,,,,,,,,,,,,,,,,,,,33385.0,2235.0,-61.0,393.0,-534248959.0,149.0,12.0,-1.0,43.0,-64.0,33.0
1345,38548.0,51300.0,51568.0,55191.0,48188.0,39246.0,3.241055965423584,,,,,,,,,,,,,,,,,,,,,,,,,,33395.0,2236.0,-61.0,393.0,-534248959.0,148.0,13.0,-1.0,55.0,-79.0,40.0
1346,38568.0,52076.0,51700.0,54767.0,48381.0,39316.0,3.2463345527648926,,,,,,,,,,,,,,,,,,,,,,,,,,33405.0,2237.0,-61.0,393.0,-535821823.0,148.0,13.0,0.0,76.0,-56.0,44.0
1347,38608.0,52664.0,52323.0,54781.0,48154.0,39326.0,3.2463345527648926,,,,,,,,,,,,,,,,,,,,,,,,,,33415.0,2239.0,-61.0,394.0,-535821824.0,148.0,13.0,6.0,70.0,-37.0,42.0
1348,38618.0,53015.0,52021.0,54697.0,48820.0,39336.0,3.241055965423584,,,,,,,,,,,,,,,,,,,,,,,,,,33455.0,2248.0,-60.0,395.0,-536869888.0,156.0,15.0,11.0,41.0,46.0,7.0
1349,38628.0,52511.0,51881.0,55306.0,49208.0,39346.0,3.2463345527648926,,,,,,,,,,,,,,,,,,,,,,,,,,33465.0,2248.0,-61.0,395.0,-536870912.0,153.0,12.0,12.0,15.0,57.0,19.0
1350,38688.0,52573.0,51772.0,54541.0,48710.0,39376.0,3.2357773780822754,,,,,,,,,,,,,,,,,,,,,,,,,,33475.0,2249.0,-60.0,395.0,-536870912.0,151.0,13.0,11.0,9.0,44.0,-2.0
1351,38698.0,52460.0,51750.0,54798.0,48830.0,39386.0,3.2357773780822754,,,,,,,,,,,,,,,,,,,,,,,,,,33485.0,2251.0,-60.0,395.0,-1073741824.0,153.0,13.0,10.0,-11.0,5.0,8.0
1352,38708.0,52135.0,52012.0,54977.0,48665.0,39396.0,3.241055965423584,,,,,,,,,,,,,,,,,,,,,,,,,,33545.0,2260.0,-59.0,394.0,-1073741824.0,153.0,14.0,1.0,36.0,-40.0,-17.0
1353,38718.0,52421.0,51567.0,54912.0,49218.0,39406.0,3.241055965423584,,,,,,,,,,,,,,,,,,,,,,,,,,33555.0,2262.0,-59.0,394.0,-1073741824.0,154.0,14.0,0.0,49.0,-36.0,-6.0
1354,38758.0,52584.0,51622.0,54675.0,48932.0,39456.0,3.2357773780822754,,,,,,,,,,,,,,,,,,,,,,,,,,33565.0,2264.0,-59.0,394.0,-1072693248.0,154.0,14.0,0.0,49.0,-22.0,-10.0
1355,38768.0,52590.0,51572.0,54846.0,49119.0,39466.0,3.2357773780822754,,,,,,,,,,,,,,,,,,,,,,,,,,33575.0,2265.0,-59.0,394.0,-1072692224.0,154.0,14.0,0.0,59.0,-17.0,-3.0
1356,38778.0,52393.0,51783.0,55073.0,48871.0,39476.0,3.2463345527648926,,,,,,,,,,,,,,,,,,,,,,,,,,33585.0,2264.0,-61.0,394.0,-1072693248.0,147.0,7.0,-2.0,71.0,0.0,-1.0
1357,38788.0,52654.0,52166.0,55084.0,48584.0,39486.0,3.251613140106201,,,,,,,,,,,,,,,,,,,,,,,,,,33595.0,2265.0,-60.0,394.0,-1072693248.0,147.0,9.0,-3.0,65.0,18.0,2.0
1358,38838.0,52977.0,50957.0,54132.0,49347.0,39556.0,3.251613140106201,,,,,,,,,,,,,,,,,,,,,,,,,,33625.0,2269.0,-61.0,394.0,-1071120384.0,147.0,6.0,-3.0,28.0,20.0,24.0
1359,38848.0,52402.0,51275.0,54548.0,49052.0,39566.0,3.251613140106201,,,,,,,,,,,,,,,,,,,,,,,,,,33635.0,2271.0,-60.0,395.0,-1071120384.0,147.0,7.0,2.0,6.0,-8.0,20.0
1360,38858.0,52370.0,51568.0,54480.0,48835.0,39576.0,3.241055965423584,,,,,,,,,,,,,,,,,,,,,,,,,,33645.0,2273.0,-60.0,395.0,-1071120384.0,148.0,6.0,3.0,-20.0,2.0,27.0
1361,38918.0,52719.0,50771.0,53611.0,48690.0,39626.0,3.251613140106201,,,,,,,,,,,,,,,,,,,,,,,,,,33655.0,2274.0,-60.0,395.0,-1071120384.0,148.0,6.0,3.0,-59.0,-39.0,34.0
1362,38928.0,52273.0,51208.0,54105.0,48332.0,39636.0,3.2463345527648926,,,,,,,,,,,,,,,,,,,,,,,,,,33675.0,2275.0,-57.0,396.0,-1072168959.0,143.0,10.0,8.0,-71.0,-33.0,41.0
1363,38938.0,52718.0,50868.0,53803.0,48933.0,39646.0,3.241055965423584,,,,,,,,,,,,,,,,,,,,,,,,,,33695.0,2278.0,-58.0,396.0,-1072693247.0,144.0,8.0,5.0,-71.0,-83.0,49.0
1364,38988.0,52020.0,51655.0,54141.0,47693.0,39656.0,3.2357773780822754,,,,,,,,,,,,,,,,,,,,,,,,,,33705.0,2280.0,-58.0,396.0,-1073740799.0,144.0,8.0,6.0,-66.0,-89.0,52.0
1365,38998.0,51648.0,51192.0,54503.0,48307.0,39706.0,3.2621703147888184,,,,,,,,,,,,,,,,,,,,,,,,,,33715.0,2281.0,-58.0,396.0,-1073740799.0,144.0,8.0,6.0,-61.0,-57.0,49.0
1366,39008.0,52115.0,51406.0,54124.0,48182.0,39716.0,3.2727274894714355,,,,,,,,,,,,,,,,,,,,,,,,,,33725.0,2282.0,-57.0,395.0,-1073740799.0,144.0,8.0,0.0,-8.0,-14.0,35.0
1367,39018.0,51606.0,51477.0,54793.0,48324.0,39726.0,3.2727274894714355,,,,,,,,,,,,,,,,,,,,,,,,,,33735.0,2284.0,-57.0,395.0,-536869886.0,145.0,10.0,0.0,-14.0,-20.0,35.0
1368,39058.0,51686.0,50519.0,54832.0,49203.0,39736.0,3.278006076812744,,,,,,,,,,,,,,,,,,,,,,,,,,33765.0,2288.0,-56.0,395.0,-1073740798.0,145.0,10.0,0.0,46.0,15.0,23.0
1369,39068.0,51942.0,50743.0,54732.0,48908.0,39766.0,3.2832846641540527,,,,,,,,,,,,,,,,,,,,,,,,,,33775.0,2289.0,-56.0,395.0,-1073740798.0,144.0,9.0,0.0,53.0,29.0,23.0
1370,39078.0,51728.0,50499.0,54933.0,49072.0,39786.0,3.2885632514953613,,,,,,,,,,,,,,,,,,,,,,,,,,33795.0,2293.0,-56.0,395.0,-1072692222.0,146.0,10.0,0.0,49.0,0.0,20.0
1371,39088.0,52084.0,50208.0,54831.0,49702.0,39796.0,3.2885632514953613,,,,,,,,,,,,,,,,,,,,,,,,,,33805.0,2293.0,-55.0,395.0,-1072692222.0,144.0,11.0,0.0,37.0,-16.0,16.0
1372,39148.0,52426.0,51156.0,54534.0,48645.0,39806.0,3.2885632514953613,,,,,,,,,,,,,,,,,,,,,,,,,,33815.0,2295.0,-56.0,395.0,-1072692222.0,146.0,8.0,-1.0,28.0,-43.0,15.0
1373,39158.0,52228.0,51205.0,54772.0,48506.0,39816.0,3.29384183883667,,,,,,,,,,,,,,,,,,,,,,,,,,33825.0,2296.0,-55.0,395.0,-1072692222.0,146.0,9.0,0.0,17.0,-44.0,4.0
1374,39168.0,52258.0,51154.0,54791.0,48611.0,39836.0,3.2885632514953613,,,,,,,,,,,,,,,,,,,,,,,,,,33835.0,2299.0,-55.0,395.0,-1072692222.0,149.0,9.0,0.0,-11.0,-65.0,0.0
1375,39218.0,52509.0,51403.0,55028.0,48548.0,39856.0,3.2832846641540527,,,,,,,,,,,,,,,,,,,,,,,,,,33845.0,2300.0,-55.0,395.0,-1072691198.0,149.0,9.0,0.0,-48.0,-61.0,2.0
1376,39228.0,52437.0,51388.0,55262.0,48682.0,39866.0,3.2832846641540527,,,,,,,,,,,,,,,,,,,,,,,,,,33865.0,2303.0,-52.0,395.0,-1073739774.0,148.0,16.0,1.0,-57.0,-65.0,-8.0
1377,39238.0,52558.0,51244.0,54965.0,48646.0,39876.0,3.278006076812744,,,,,,,,,,,,,,,,,,,,,,,,,,33875.0,2305.0,-52.0,395.0,-1073739774.0,150.0,15.0,0.0,-59.0,-19.0,-11.0
1378,39248.0,52540.0,51665.0,55229.0,48310.0,39916.0,3.2621703147888184,,,,,,,,,,,,,,,,,,,,,,,,,,33885.0,2306.0,-52.0,395.0,-1073739774.0,150.0,15.0,0.0,-16.0,4.0,-11.0
1379,39318.0,52482.0,50937.0,55170.0,48765.0,39926.0,3.2568917274475098,,,,,,,,,,,,,,,,,,,,,,,,,,33905.0,2306.0,-52.0,394.0,-1073739774.0,145.0,13.0,-5.0,53.0,20.0,-25.0
1380,39328.0,52315.0,51043.0,55239.0,48495.0,39936.0,3.251613140106201,,,,,,,,,,,,,,,,,,,,,,,,,,33925.0,2308.0,-53.0,394.0,-1072691198.0,145.0,10.0,-3.0,109.0,43.0,-35.0
1381,39338.0,52532.0,50425.0,55205.0,49405.0,39996.0,3.241055965423584,,,,,,,,,,,,,,,,,,,,,,,,,,33945.0,2310.0,-54.0,393.0,-1071642622.0,143.0,7.0,-5.0,99.0,40.0,-38.0
1382,39378.0,52544.0,51660.0,55551.0,48554.0,40006.0,3.241055965423584,,,,,,,,,,,,,,,,,,,,,,,,,,33955.0,2311.0,-54.0,393.0,-1071643646.0,143.0,8.0,-5.0,72.0,7.0,-34.0
1383,39388.0,52591.0,51320.0,55294.0,48560.0,40016.0,3.241055965423584,,,,,,,,,,,,,,,,,,,,,,,,,,33965.0,2314.0,-54.0,393.0,-1071643647.0,145.0,7.0,-6.0,-1.0,16.0,-41.0
1384,39398.0,52646.0,51267.0,55086.0,48408.0,40066.0,3.230498790740967,,,,,,,,,,,,,,,,,,,,,,,,,,33975.0,2315.0,-53.0,393.0,-1071643647.0,145.0,8.0,-6.0,-53.0,-13.0,-44.0
1385,39408.0,52375.0,51068.0,55317.0,48556.0,40076.0,3.230498790740967,,,,,,,,,,,,,,,,,,,,,,,,,,33985.0,2316.0,-52.0,393.0,-1071643647.0,146.0,8.0,-7.0,-98.0,5.0,-29.0
1386,39458.0,53398.0,51350.0,54714.0,48847.0,40086.0,3.225220203399658,,,,,,,,,,,,,,,,,,,,,,,,,,33995.0,2318.0,-52.0,393.0,-1072692223.0,146.0,8.0,-6.0,-126.0,0.0,-31.0
1387,39468.0,53120.0,51647.0,54762.0,48308.0,40146.0,3.2463345527648926,,,,,,,,,,,,,,,,,,,,,,,,,,34015.0,2317.0,-51.0,393.0,-1072692223.0,139.0,9.0,-5.0,-80.0,6.0,-36.0
1388,39478.0,53234.0,50893.0,54034.0,48486.0,40156.0,3.2463345527648926,,,,,,,,,,,,,,,,,,,,,,,,,,34025.0,2318.0,-51.0,393.0,-1073740799.0,139.0,9.0,-4.0,-53.0,-16.0,-16.0
1389,39488.0,52612.0,50887.0,54559.0,48265.0,40166.0,3.241055965423584,,,,,,,,,,,,,,,,,,,,,,,,,,34035.0,2319.0,-52.0,392.0,-1073740799.0,138.0,6.0,-3.0,-8.0,-11.0,-23.0
1390,39508.0,52516.0,51010.0,54645.0,48346.0,40226.0,3.251613140106201,,,,,,,,,,,,,,,,,,,,,,,,,,34045.0,2320.0,-52.0,392.0,-1073740799.0,138.0,7.0,-1.0,37.0,14.0,-20.0
1391,39558.0,52094.0,51065.0,55307.0,48276.0,40236.0,3.2568917274475098,,,,,,,,,,,,,,,,,,,,,,,,,,34055.0,2324.0,-51.0,392.0,-1073740800.0,142.0,8.0,-1.0,43.0,13.0,-26.0
1392,39568.0,52533.0,50511.0,54939.0,48806.0,40246.0,3.2621703147888184,,,,,,,,,,,,,,,,,,,,,,,,,,34065.0,2325.0,-51.0,392.0,-1073740800.0,141.0,8.0,-2.0,51.0,4.0,-32.0
1393,39578.0,52731.0,51431.0,55099.0,48198.0,40306.0,3.251613140106201,,,,,,,,,,,,,,,,,,,,,,,,,,34105.0,2330.0,-51.0,394.0,-1072691712.0,141.0,7.0,6.0,10.0,-15.0,-19.0
1394,39628.0,52275.0,51203.0,55111.0,48083.0,40316.0,3.251613140106201,,,,,,,,,,,,,,,,,,,,,,,,,,34115.0,2332.0,-51.0,393.0,-1072691712.0,143.0,7.0,2.0,-14.0,-23.0,-28.0
1395,39638.0,52406.0,51289.0,55122.0,48013.0,40326.0,3.2463345527648926,,,,,,,,,,,,,,,,,,,,,,,,,,34125.0,2333.0,-51.0,393.0,-1072691712.0,143.0,7.0,2.0,4.0,-33.0,-40.0
1396,39648.0,52391.0,51181.0,55422.0,48569.0,40336.0,3.2463345527648926,,,,,,,,,,,,,,,,,,,,,,,,,,34185.0,2341.0,-50.0,394.0,-1073740287.0,143.0,7.0,12.0,10.0,11.0,-15.0
1397,39708.0,52461.0,50090.0,54540.0,48905.0,40396.0,3.2463345527648926,,,,,,,,,,,,,,,,,,,,,,,,,,34195.0,2342.0,-50.0,394.0,-1073740287.0,144.0,7.0,12.0,-4.0,8.0,-17.0
1398,39718.0,51924.0,49800.0,54728.0,48634.0,40406.0,3.2463345527648926,,,,,,,,,,,,,,,,,,,,,,,,,,34205.0,2344.0,-50.0,394.0,-1073740287.0,144.0,7.0,8.0,52.0,10.0,-17.0
1399,39728.0,52722.0,50336.0,54029.0,48057.0,40416.0,3.2463345527648926,,,,,,,,,,,,,,,,,,,,,,,,,,34215.0,2344.0,-50.0,394.0,-1072691711.0,142.0,5.0,8.0,28.0,-34.0,-14.0
1400,39788.0,51718.0,50721.0,54580.0,47419.0,40426.0,3.2463345527648926,,,,,,,,,,,,,,,,,,,,,,,,,,34225.0,2346.0,-50.0,394.0,-1072691711.0,143.0,4.0,8.0,6.0,-16.0,-14.0
1401,39798.0,51192.0,50713.0,54811.0,47101.0,40476.0,3.2621703147888184,,,,,,,,,,,,,,,,,,,,,,,,,,34235.0,2347.0,-50.0,394.0,-1072691711.0,144.0,4.0,9.0,6.0,-24.0,-5.0
1402,39808.0,51875.0,50439.0,54282.0,47387.0,40486.0,3.2568917274475098,,,,,,,,,,,,,,,,,,,,,,,,,,34245.0,2349.0,-51.0,395.0,-1072690687.0,145.0,3.0,13.0,-7.0,-38.0,-3.0
1403,39848.0,51638.0,50090.0,54911.0,48266.0,40496.0,3.251613140106201,,,,,,,,,,,,,,,,,,,,,,,,,,34255.0,2350.0,-50.0,395.0,-1072690687.0,145.0,3.0,13.0,-31.0,-62.0,-6.0
1404,39858.0,51654.0,50061.0,54595.0,47960.0,40506.0,3.2463345527648926,,,,,,,,,,,,,,,,,,,,,,,,,,34285.0,2354.0,-50.0,395.0,-1073739263.0,146.0,4.0,11.0,-69.0,-12.0,6.0
1405,39868.0,51504.0,50204.0,54918.0,48059.0,40566.0,3.241055965423584,,,,,,,,,,,,,,,,,,,,,,,,,,34295.0,2357.0,-50.0,396.0,-1073738239.0,149.0,3.0,17.0,-64.0,-10.0,10.0
1406,39878.0,51943.0,50201.0,54758.0,48342.0,40576.0,3.241055965423584,,,,,,,,,,,,,,,,,,,,,,,,,,34305.0,2357.0,-51.0,396.0,-536867327.0,147.0,1.0,16.0,-78.0,0.0,12.0
1407,39898.0,51455.0,51254.0,55506.0,47760.0,40586.0,3.241055965423584,,,,,,,,,,,,,,,,,,,,,,,,,,34315.0,2359.0,-51.0,397.0,-536867327.0,148.0,1.0,16.0,-61.0,30.0,18.0
1408,39918.0,51714.0,51031.0,55269.0,48168.0,40596.0,3.241055965423584,,,,,,,,,,,,,,,,,,,,,,,,,,34325.0,2361.0,-50.0,397.0,-535819775.0,150.0,3.0,16.0,-39.0,26.0,17.0
1409,39928.0,51920.0,51355.0,55263.0,47952.0,40616.0,3.241055965423584,,,,,,,,,,,,,,,,,,,,,,,,,,34335.0,2363.0,-50.0,396.0,-535819775.0,151.0,3.0,8.0,-6.0,30.0,20.0
1410,39938.0,51863.0,51213.0,55386.0,48184.0,40636.0,3.241055965423584,,,,,,,,,,,,,,,,,,,,,,,,,,34345.0,2362.0,-50.0,396.0,-535819775.0,147.0,3.0,7.0,22.0,26.0,18.0
1411,39988.0,52988.0,50937.0,55170.0,49423.0,40656.0,3.241055965423584,,,,,,,,,,,,,,,,,,,,,,,,,,34355.0,2364.0,-50.0,396.0,-535819775.0,148.0,3.0,6.0,18.0,17.0,8.0
1412,39998.0,52935.0,51028.0,55052.0,49252.0,40666.0,3.241055965423584,,,,,,,,,,,,,,,,,,,,,,,,,,34365.0,2366.0,-50.0,396.0,-535819775.0,149.0,3.0,5.0,60.0,42.0,0.0
1413,40008.0,52675.0,51546.0,55214.0,48828.0,40676.0,3.241055965423584,,,,,,,,,,,,,,,,,,,,,,,,,,34375.0,2367.0,-51.0,396.0,-536868351.0,150.0,3.0,5.0,40.0,30.0,0.0
1414,40018.0,52555.0,51951.0,55281.0,48415.0,40736.0,3.241055965423584,,,,,,,,,,,,,,,,,,,,,,,,,,34395.0,2369.0,-51.0,396.0,-536869375.0,148.0,1.0,2.0,53.0,9.0,-13.0
1415,40028.0,52437.0,51679.0,55543.0,48834.0,40746.0,3.2357773780822754,,,,,,,,,,,,,,,,,,,,,,,,,,34405.0,2370.0,-51.0,396.0,-1073740287.0,147.0,1.0,0.0,44.0,10.0,-11.0
1416,40068.0,52768.0,51845.0,55468.0,49095.0,40756.0,3.2357773780822754,,,,,,,,,,,,,,,,,,,,,,,,,,34415.0,2372.0,-51.0,396.0,-1073740287.0,148.0,2.0,-3.0,12.0,-18.0,-18.0
1417,40078.0,51859.0,52435.0,56256.0,48360.0,40806.0,3.241055965423584,,,,,,,,,,,,,,,,,,,,,,,,,,34425.0,2373.0,-51.0,396.0,-1073740287.0,148.0,2.0,0.0,-7.0,-7.0,-19.0
1418,40088.0,52605.0,51532.0,55715.0,49606.0,40816.0,3.241055965423584,,,,,,,,,,,,,,,,,,,,,,,,,,34435.0,2374.0,-51.0,396.0,-1073740287.0,147.0,2.0,0.0,-40.0,-31.0,-17.0
1419,40138.0,51995.0,51051.0,55396.0,49289.0,40826.0,3.241055965423584,,,,,,,,,,,,,,,,,,,,,,,,,,34445.0,2376.0,-51.0,396.0,-1073739263.0,149.0,1.0,-2.0,-43.0,-30.0,-11.0
1420,40148.0,52506.0,50527.0,54864.0,49776.0,40836.0,3.230498790740967,,,,,,,,,,,,,,,,,,,,,,,,,,34465.0,2380.0,-51.0,396.0,-536868351.0,151.0,1.0,-2.0,-70.0,-5.0,-10.0
1421,40158.0,52716.0,50855.0,54608.0,49523.0,40846.0,3.241055965423584,,,,,,,,,,,,,,,,,,,,,,,,,,34475.0,2381.0,-51.0,396.0,-535819775.0,151.0,2.0,-4.0,-63.0,24.0,0.0
1422,40168.0,52515.0,51052.0,54869.0,49385.0,40886.0,3.2621703147888184,,,,,,,,,,,,,,,,,,,,,,,,,,34485.0,2382.0,-51.0,396.0,-535819775.0,150.0,1.0,-4.0,-52.0,-2.0,-7.0
1423,40188.0,52202.0,51440.0,54672.0,48777.0,40896.0,3.267448902130127,,,,,,,,,,,,,,,,,,,,,,,,,,34495.0,2383.0,-51.0,396.0,-535819775.0,150.0,2.0,-4.0,-30.0,15.0,0.0
1424,40208.0,51891.0,51475.0,54696.0,48796.0,40906.0,3.267448902130127,,,,,,,,,,,,,,,,,,,,,,,,,,34515.0,2386.0,-51.0,396.0,-535820799.0,152.0,2.0,-4.0,-25.0,54.0,1.0
1425,40228.0,51673.0,51609.0,54741.0,48636.0,40926.0,3.2727274894714355,,,,,,,,,,,,,,,,,,,,,,,,,,34565.0,2394.0,-52.0,393.0,-535820799.0,154.0,1.0,-10.0,47.0,-11.0,14.0
1426,40238.0,51941.0,51287.0,54502.0,49025.0,40956.0,3.2727274894714355,,,,,,,,,,,,,,,,,,,,,,,,,,34575.0,2395.0,-51.0,393.0,-535820799.0,153.0,3.0,-11.0,73.0,-21.0,12.0
1427,40248.0,51708.0,51286.0,54540.0,48783.0,40966.0,3.2727274894714355,,,,,,,,,,,,,,,,,,,,,,,,,,34585.0,2398.0,-52.0,393.0,-536869375.0,156.0,2.0,-11.0,51.0,-41.0,6.0
1428,40308.0,52741.0,51086.0,53984.0,49530.0,40976.0,3.267448902130127,,,,,,,,,,,,,,,,,,,,,,,,,,34595.0,2400.0,-52.0,393.0,-536869375.0,156.0,2.0,-11.0,24.0,-42.0,2.0
1429,40318.0,52604.0,52498.0,54038.0,48083.0,41036.0,3.278006076812744,,,,,,,,,,,,,,,,,,,,,,,,,,34625.0,2401.0,-52.0,393.0,-536869375.0,151.0,2.0,-12.0,-32.0,32.0,12.0
1430,40328.0,52231.0,51545.0,54633.0,49328.0,41046.0,3.2727274894714355,,,,,,,,,,,,,,,,,,,,,,,,,,34635.0,2402.0,-52.0,393.0,-536869375.0,150.0,2.0,-10.0,-42.0,21.0,11.0
1431,40398.0,51114.0,51423.0,55376.0,49322.0,41056.0,3.2727274894714355,,,,,,,,,,,,,,,,,,,,,,,,,,34645.0,2405.0,-51.0,392.0,-535820799.0,153.0,4.0,-10.0,-57.0,45.0,14.0
1432,40408.0,51303.0,52361.0,55151.0,48419.0,41106.0,3.267448902130127,,,,,,,,,,,,,,,,,,,,,,,,,,34655.0,2406.0,-51.0,392.0,-535820799.0,152.0,3.0,-10.0,-64.0,30.0,23.0
1433,40418.0,51434.0,51482.0,54994.0,49336.0,41116.0,3.267448902130127,,,,,,,,,,,,,,,,,,,,,,,,,,34665.0,2408.0,-52.0,392.0,-535820799.0,152.0,2.0,-10.0,-66.0,49.0,22.0
1434,40428.0,51377.0,50843.0,55129.0,49892.0,41126.0,3.2621703147888184,,,,,,,,,,,,,,,,,,,,,,,,,,34685.0,2410.0,-51.0,392.0,-535821823.0,152.0,3.0,-6.0,-26.0,39.0,27.0
1435,40478.0,52390.0,51436.0,53724.0,48810.0,41136.0,3.2568917274475098,,,,,,,,,,,,,,,,,,,,,,,,,,34705.0,2412.0,-53.0,392.0,-535821824.0,150.0,1.0,-4.0,1.0,8.0,20.0
1436,40488.0,52488.0,51483.0,53900.0,48845.0,41186.0,3.251613140106201,,,,,,,,,,,,,,,,,,,,,,,,,,34715.0,2414.0,-52.0,391.0,-535821824.0,151.0,2.0,-3.0,11.0,-14.0,19.0
1437,40498.0,51935.0,51589.0,54497.0,49087.0,41196.0,3.2568917274475098,,,,,,,,,,,,,,,,,,,,,,,,,,34725.0,2415.0,-52.0,391.0,-535821824.0,150.0,3.0,-2.0,20.0,-30.0,19.0
1438,40538.0,52412.0,52041.0,54580.0,49439.0,41206.0,3.2568917274475098,,,,,,,,,,,,,,,,,,,,,,,,,,34735.0,2416.0,-52.0,391.0,-535821824.0,150.0,3.0,-5.0,15.0,-21.0,18.0
1439,40568.0,51509.0,51233.0,55074.0,49922.0,41216.0,3.2568917274475098,,,,,,,,,,,,,,,,,,,,,,,,,,34745.0,2418.0,-52.0,391.0,-535820800.0,151.0,3.0,-4.0,0.0,-35.0,18.0
1440,40578.0,52106.0,51830.0,54554.0,49274.0,41276.0,3.2568917274475098,,,,,,,,,,,,,,,,,,,,,,,,,,34815.0,2427.0,-53.0,391.0,-535820288.0,148.0,3.0,8.0,25.0,-28.0,4.0
1441,40588.0,51069.0,51699.0,55559.0,49414.0,41286.0,3.2621703147888184,,,,,,,,,,,,,,,,,,,,,,,,,,34825.0,2429.0,-53.0,392.0,-535820288.0,150.0,3.0,13.0,53.0,-14.0,2.0
1442,40648.0,52037.0,51690.0,54442.0,49737.0,41296.0,3.2568917274475098,,,,,,,,,,,,,,,,,,,,,,,,,,34835.0,2430.0,-53.0,392.0,-535820288.0,149.0,3.0,14.0,37.0,-24.0,-7.0
1443,40658.0,51959.0,52478.0,54705.0,49126.0,41306.0,3.2568917274475098,,,,,,,,,,,,,,,,,,,,,,,,,,34845.0,2431.0,-53.0,392.0,-535820288.0,149.0,3.0,15.0,1.0,6.0,8.0
1444,40668.0,52140.0,52537.0,54514.0,48758.0,41356.0,3.2568917274475098,,,,,,,,,,,,,,,,,,,,,,,,,,34885.0,2438.0,-52.0,393.0,-535820288.0,153.0,5.0,21.0,-37.0,-2.0,20.0
1445,40678.0,53086.0,52381.0,53427.0,48666.0,41366.0,3.2621703147888184,,,,,,,,,,,,,,,,,,,,,,,,,,34895.0,2440.0,-52.0,393.0,-535820288.0,154.0,5.0,21.0,-48.0,7.0,15.0
1446,40688.0,52087.0,51625.0,54462.0,49746.0,41376.0,3.2568917274475098,,,,,,,,,,,,,,,,,,,,,,,,,,34905.0,2438.0,-52.0,394.0,-535821312.0,147.0,6.0,22.0,-21.0,0.0,12.0
1447,40718.0,52416.0,51468.0,54181.0,49874.0,41446.0,3.2568917274475098,,,,,,,,,,,,,,,,,,,,,,,,,,34915.0,2439.0,-52.0,393.0,-535821312.0,147.0,6.0,21.0,-6.0,-24.0,26.0
1448,40728.0,51925.0,51340.0,54649.0,49924.0,41456.0,3.2568917274475098,,,,,,,,,,,,,,,,,,,,,,,,,,34925.0,2441.0,-52.0,394.0,-535820287.0,148.0,7.0,21.0,29.0,-51.0,23.0
1449,40738.0,52068.0,51558.0,54464.0,49707.0,41466.0,3.251613140106201,,,,,,,,,,,,,,,,,,,,,,,,,,34955.0,2446.0,-53.0,395.0,-535820287.0,150.0,6.0,25.0,89.0,-42.0,20.0
1450,40748.0,51715.0,51976.0,54894.0,49505.0,41476.0,3.2463345527648926,,,,,,,,,,,,,,,,,,,,,,,,,,34985.0,2453.0,-52.0,396.0,-536867839.0,156.0,7.0,25.0,37.0,-40.0,25.0
1451,40808.0,52162.0,51672.0,54844.0,49888.0,41536.0,3.2357773780822754,,,,,,,,,,,,,,,,,,,,,,,,,,34995.0,2453.0,-53.0,396.0,-1073738751.0,154.0,6.0,24.0,9.0,-43.0,33.0
1452,40818.0,52453.0,52492.0,54566.0,49080.0,41546.0,3.2357773780822754,,,,,,,,,,,,,,,,,,,,,,,,,,35005.0,2454.0,-52.0,396.0,-1073738751.0,155.0,6.0,24.0,-10.0,-16.0,32.0
1453,40828.0,51828.0,52649.0,55110.0,48877.0,41556.0,3.230498790740967,,,,,,,,,,,,,,,,,,,,,,,,,,35015.0,2455.0,-52.0,396.0,-1073738751.0,154.0,6.0,22.0,1.0,4.0,22.0
1454,40878.0,52253.0,51730.0,54051.0,49075.0,41566.0,3.225220203399658,,,,,,,,,,,,,,,,,,,,,,,,,,35035.0,2458.0,-52.0,397.0,-1073738750.0,154.0,6.0,22.0,-10.0,23.0,34.0
1455,40888.0,52455.0,51333.0,53777.0,49394.0,41666.0,3.251613140106201,,,,,,,,,,,,,,,,,,,,,,,,,,35055.0,2461.0,-52.0,398.0,-536867838.0,157.0,6.0,27.0,0.0,42.0,22.0
1456,40898.0,51899.0,51591.0,54257.0,48945.0,41676.0,3.251613140106201,,,,,,,,,,,,,,,,,,,,,,,,,,35065.0,2463.0,-52.0,399.0,-536867838.0,158.0,6.0,28.0,-22.0,44.0,23.0
1457,40908.0,51892.0,51524.0,54217.0,48982.0,41686.0,3.2621703147888184,,,,,,,,,,,,,,,,,,,,,,,,,,35075.0,2465.0,-52.0,399.0,-536868862.0,159.0,6.0,29.0,-8.0,5.0,17.0
1458,40948.0,52519.0,50918.0,53694.0,49256.0,41776.0,3.267448902130127,,,,,,,,,,,,,,,,,,,,,,,,,,35085.0,2466.0,-52.0,399.0,-536868862.0,160.0,6.0,29.0,-33.0,3.0,15.0
1459,40958.0,52074.0,51227.0,54114.0,49057.0,41786.0,3.267448902130127,,,,,,,,,,,,,,,,,,,,,,,,,,35095.0,2467.0,-53.0,400.0,-536868862.0,158.0,4.0,29.0,-16.0,1.0,11.0
1460,40968.0,52506.0,51346.0,53659.0,48908.0,41796.0,3.2621703147888184,,,,,,,,,,,,,,,,,,,,,,,,,,35105.0,2469.0,-52.0,400.0,-536868862.0,161.0,5.0,28.0,-2.0,-10.0,12.0
1461,40978.0,52167.0,51518.0,54058.0,48914.0,41856.0,3.2568917274475098,,,,,,,,,,,,,,,,,,,,,,,,,,35115.0,2470.0,-53.0,400.0,-536868862.0,159.0,3.0,26.0,-18.0,-9.0,5.0
1462,40998.0,51613.0,51865.0,54579.0,48284.0,41866.0,3.2568917274475098,,,,,,,,,,,,,,,,,,,,,,,,,,35125.0,2471.0,-53.0,400.0,-536868862.0,158.0,3.0,24.0,-5.0,-10.0,-3.0
1463,41038.0,51932.0,51653.0,54163.0,48538.0,41876.0,3.2568917274475098,,,,,,,,,,,,,,,,,,,,,,,,,,35135.0,2473.0,-53.0,401.0,-536868862.0,160.0,3.0,25.0,11.0,30.0,-4.0
1464,41048.0,52249.0,51491.0,54062.0,48823.0,41956.0,3.241055965423584,,,,,,,,,,,,,,,,,,,,,,,,,,35145.0,2475.0,-53.0,401.0,-536868862.0,161.0,3.0,23.0,22.0,64.0,-4.0
1465,41058.0,52026.0,51829.0,54223.0,48492.0,41966.0,3.241055965423584,,,,,,,,,,,,,,,,,,,,,,,,,,35155.0,2476.0,-53.0,402.0,-536868862.0,161.0,3.0,22.0,17.0,99.0,5.0
1466,41108.0,52205.0,51212.0,54486.0,49501.0,41976.0,3.241055965423584,,,,,,,,,,,,,,,,,,,,,,,,,,35165.0,2478.0,-53.0,402.0,-536868862.0,163.0,3.0,21.0,15.0,105.0,9.0
1467,41118.0,52550.0,51232.0,54109.0,49324.0,42016.0,3.2463345527648926,,,,,,,,,,,,,,,,,,,,,,,,,,35175.0,2478.0,-54.0,400.0,-536869886.0,160.0,1.0,11.0,8.0,107.0,18.0
1468,41128.0,52711.0,51365.0,54114.0,49307.0,42026.0,3.2463345527648926,,,,,,,,,,,,,,,,,,,,,,,,,,35185.0,2480.0,-54.0,400.0,-536869886.0,160.0,1.0,11.0,22.0,110.0,14.0
1469,41188.0,52451.0,51764.0,54885.0,48806.0,42036.0,3.241055965423584,,,,,,,,,,,,,,,,,,,,,,,,,,35195.0,2482.0,-54.0,400.0,-1073741822.0,161.0,1.0,9.0,3.0,108.0,20.0
1470,41198.0,52440.0,51810.0,54741.0,48457.0,42046.0,3.241055965423584,,,,,,,,,,,,,,,,,,,,,,,,,,35235.0,2488.0,-54.0,400.0,-536345597.0,160.0,1.0,6.0,-48.0,-13.0,18.0
1471,41208.0,52913.0,51654.0,54496.0,48592.0,42056.0,3.2357773780822754,,,,,,,,,,,,,,,,,,,,,,,,,,35255.0,2492.0,-54.0,400.0,-536346621.0,161.0,1.0,8.0,-67.0,-27.0,26.0
1472,41228.0,52208.0,51292.0,54826.0,48980.0,42066.0,3.241055965423584,,,,,,,,,,,,,,,,,,,,,,,,,,35265.0,2492.0,-55.0,401.0,-535298045.0,159.0,0.0,11.0,-64.0,-10.0,24.0
1473,41278.0,52505.0,50944.0,54989.0,49373.0,42096.0,3.241055965423584,,,,,,,,,,,,,,,,,,,,,,,,,,35275.0,2494.0,-55.0,401.0,-535298045.0,159.0,1.0,10.0,-60.0,-26.0,29.0
1474,41288.0,52457.0,51262.0,55202.0,49159.0,42106.0,3.241055965423584,,,,,,,,,,,,,,,,,,,,,,,,,,35285.0,2496.0,-54.0,401.0,-535298045.0,160.0,1.0,9.0,-71.0,-33.0,24.0
1475,41298.0,52738.0,50944.0,55012.0,49493.0,42116.0,3.2357773780822754,,,,,,,,,,,,,,,,,,,,,,,,,,35295.0,2497.0,-55.0,401.0,-535298045.0,158.0,0.0,8.0,-55.0,-17.0,24.0
1476,41308.0,52301.0,51784.0,55416.0,48518.0,42126.0,3.2357773780822754,,,,,,,,,,,,,,,,,,,,,,,,,,35325.0,2502.0,-56.0,401.0,-534773757.0,159.0,0.0,8.0,41.0,-47.0,-1.0
1477,41358.0,52362.0,51778.0,55375.0,48679.0,42166.0,3.230498790740967,,,,,,,,,,,,,,,,,,,,,,,,,,35345.0,2505.0,-56.0,402.0,-535821309.0,158.0,0.0,12.0,97.0,-29.0,-10.0
1478,41368.0,52232.0,51335.0,55438.0,48838.0,42176.0,3.230498790740967,,,,,,,,,,,,,,,,,,,,,,,,,,35355.0,2507.0,-56.0,402.0,-535821309.0,159.0,0.0,12.0,100.0,-2.0,-16.0
1479,41378.0,52449.0,52068.0,55298.0,48275.0,42186.0,3.2357773780822754,,,,,,,,,,,,,,,,,,,,,,,,,,35365.0,2508.0,-57.0,402.0,-536869885.0,158.0,-1.0,13.0,90.0,8.0,-18.0
1480,41448.0,52308.0,51263.0,55906.0,49512.0,42246.0,3.241055965423584,,,,,,,,,,,,,,,,,,,,,,,,,,35375.0,2511.0,-56.0,402.0,-536869885.0,161.0,0.0,14.0,64.0,28.0,-17.0
1481,41458.0,52942.0,51603.0,55497.0,49446.0,,,,,,,,,,,,,,,,,,,,,,,,,,,,35415.0,2515.0,-56.0,401.0,-536870909.0,157.0,0.0,7.0,-76.0,39.0,0.0
1482,41468.0,53000.0,51740.0,55845.0,49597.0,,,,,,,,,,,,,,,,,,,,,,,,,,,,35425.0,2517.0,-56.0,401.0,-536346621.0,159.0,1.0,7.0,-76.0,29.0,-2.0
1483,41528.0,53576.0,51782.0,56055.0,50309.0,,,,,,,,,,,,,,,,,,,,,,,,,,,,35435.0,2518.0,-55.0,401.0,-535298045.0,158.0,2.0,5.0,-63.0,34.0,-8.0
1484,41538.0,53290.0,52385.0,56655.0,49931.0,,,,,,,,,,,,,,,,,,,,,,,,,,,,35445.0,2521.0,-55.0,401.0,-535298045.0,160.0,3.0,6.0,-59.0,19.0,-8.0
1485,41548.0,53577.0,52461.0,56620.0,49961.0,,,,,,,,,,,,,,,,,,,,,,,,,,,,35465.0,2525.0,-56.0,401.0,-535298045.0,161.0,0.0,6.0,-4.0,-19.0,-12.0
1486,41558.0,53167.0,52359.0,56653.0,49659.0,,,,,,,,,,,,,,,,,,,,,,,,,,,,35485.0,2528.0,-56.0,402.0,-535298045.0,161.0,1.0,7.0,48.0,-23.0,-16.0
1487,41668.0,52113.0,51051.0,56312.0,49182.0,,,,,,,,,,,,,,,,,,,,,,,,,,,,35495.0,2524.0,-58.0,402.0,-535298045.0,149.0,-1.0,7.0,58.0,-24.0,-6.0
1488,41678.0,52310.0,50790.0,55810.0,49111.0,,,,,,,,,,,,,,,,,,,,,,,,,,,,35505.0,2526.0,-58.0,402.0,-535298045.0,149.0,-1.0,6.0,64.0,-27.0,-6.0
1489,41688.0,52055.0,50871.0,55958.0,48837.0,,,,,,,,,,,,,,,,,,,,,,,,,,,,35515.0,2526.0,-58.0,402.0,-535298045.0,147.0,0.0,7.0,56.0,-35.0,-7.0
1490,41698.0,52043.0,50774.0,55650.0,48605.0,,,,,,,,,,,,,,,,,,,,,,,,,,,,35525.0,2527.0,-59.0,402.0,-536346621.0,146.0,-2.0,4.0,39.0,-42.0,-11.0
1491,41778.0,52283.0,50825.0,55841.0,48613.0,,,,,,,,,,,,,,,,,,,,,,,,,,,,35565.0,2535.0,-57.0,402.0,-536870909.0,150.0,0.0,9.0,-23.0,-39.0,5.0
1492,41788.0,52236.0,50899.0,55998.0,48785.0,,,,,,,,,,,,,,,,,,,,,,,,,,,,35575.0,2535.0,-57.0,402.0,-536870909.0,148.0,1.0,11.0,-20.0,-33.0,4.0
1493,41798.0,51952.0,51685.0,56352.0,48199.0,,,,,,,,,,,,,,,,,,,,,,,,,,,,35585.0,2537.0,-57.0,402.0,-536869885.0,149.0,1.0,12.0,-41.0,-50.0,-1.0
1494,41858.0,51958.0,50934.0,56081.0,48477.0,,,,,,,,,,,,,,,,,,,,,,,,,,,,35595.0,2538.0,-57.0,402.0,-536869885.0,147.0,0.0,11.0,-34.0,-46.0,9.0
1495,41868.0,52428.0,50800.0,55976.0,49047.0,,,,,,,,,,,,,,,,,,,,,,,,,,,,35615.0,2540.0,-57.0,403.0,-535821309.0,147.0,1.0,15.0,-12.0,-48.0,-2.0
1496,41878.0,52267.0,51080.0,56198.0,48727.0,,,,,,,,,,,,,,,,,,,,,,,,,,,,35635.0,2543.0,-58.0,403.0,-535821309.0,147.0,0.0,14.0,-25.0,-31.0,7.0
1497,41948.0,52920.0,51649.0,56839.0,49119.0,,,,,,,,,,,,,,,,,,,,,,,,,,,,35645.0,2545.0,-57.0,404.0,-535820285.0,149.0,1.0,14.0,-31.0,-17.0,6.0
1498,41958.0,52853.0,51234.0,56923.0,49485.0,,,,,,,,,,,,,,,,,,,,,,,,,,,,35655.0,2546.0,-57.0,403.0,-535820285.0,149.0,2.0,12.0,-45.0,0.0,4.0
1499,41968.0,52930.0,51687.0,56841.0,48965.0,,,,,,,,,,,,,,,,,,,,,,,,,,,,35665.0,2549.0,-57.0,403.0,-535820285.0,151.0,2.0,13.0,-63.0,15.0,1.0
1500,41978.0,53100.0,51597.0,56759.0,49052.0,,,,,,,,,,,,,,,,,,,,,,,,,,,,35685.0,2553.0,-57.0,404.0,-534771709.0,154.0,3.0,13.0,-102.0,-8.0,7.0
1501,42018.0,52540.0,51520.0,57272.0,49144.0,,,,,,,,,,,,,,,,,,,,,,,,,,,,35705.0,2555.0,-57.0,404.0,-534771709.0,153.0,3.0,14.0,-62.0,13.0,5.0
1502,42028.0,52687.0,51862.0,57386.0,48947.0,,,,,,,,,,,,,,,,,,,,,,,,,,,,35715.0,2555.0,-58.0,404.0,-534771709.0,151.0,3.0,15.0,-55.0,12.0,13.0
1503,42038.0,52617.0,51953.0,57391.0,48821.0,,,,,,,,,,,,,,,,,,,,,,,,,,,,35725.0,2556.0,-57.0,404.0,-533723133.0,151.0,4.0,16.0,-31.0,1.0,1.0
1504,42048.0,53159.0,51673.0,57144.0,49260.0,,,,,,,,,,,,,,,,,,,,,,,,,,,,35735.0,2557.0,-57.0,405.0,-533723133.0,150.0,5.0,15.0,-25.0,42.0,14.0
1505,42078.0,53126.0,51337.0,56971.0,49283.0,,,,,,,,,,,,,,,,,,,,,,,,,,,,35745.0,2561.0,-57.0,405.0,-533723133.0,154.0,5.0,16.0,-9.0,6.0,12.0
1506,42088.0,52982.0,51216.0,57094.0,49459.0,,,,,,,,,,,,,,,,,,,,,,,,,,,,35765.0,2565.0,-57.0,405.0,-533723133.0,157.0,7.0,18.0,16.0,-18.0,6.0
1507,42098.0,52453.0,51457.0,57524.0,49240.0,,,,,,,,,,,,,,,,,,,,,,,,,,,,35785.0,2565.0,-59.0,406.0,-533724157.0,151.0,4.0,19.0,10.0,24.0,25.0
1508,42108.0,52456.0,51455.0,57690.0,49330.0,,,,,,,,,,,,,,,,,,,,,,,,,,,,35795.0,2566.0,-59.0,407.0,-533724157.0,152.0,5.0,22.0,1.0,15.0,30.0
1509,42118.0,52818.0,51626.0,57430.0,49046.0,,,,,,,,,,,,,,,,,,,,,,,,,,,,35805.0,2568.0,-59.0,407.0,-533724157.0,152.0,6.0,22.0,31.0,31.0,31.0
1510,42158.0,53791.0,51721.0,56744.0,49425.0,,,,,,,,,,,,,,,,,,,,,,,,,,,,35815.0,2566.0,-59.0,407.0,-534772733.0,146.0,5.0,21.0,15.0,19.0,17.0
1511,42168.0,53242.0,52183.0,57093.0,48981.0,,,,,,,,,,,,,,,,,,,,,,,,,,,,35825.0,2568.0,-59.0,407.0,-534772732.0,147.0,6.0,20.0,37.0,12.0,16.0
1512,42178.0,53308.0,51571.0,56839.0,49283.0,,,,,,,,,,,,,,,,,,,,,,,,,,,,35865.0,2574.0,-59.0,409.0,-534772732.0,147.0,9.0,19.0,51.0,-8.0,21.0
1513,42188.0,53696.0,51799.0,56483.0,49099.0,,,,,,,,,,,,,,,,,,,,,,,,,,,,35875.0,2580.0,-60.0,408.0,-534772732.0,158.0,7.0,15.0,31.0,-5.0,26.0
1514,42248.0,52602.0,51804.0,56776.0,48593.0,,,,,,,,,,,,,,,,,,,,,,,,,,,,35885.0,2582.0,-59.0,408.0,-535821308.0,158.0,8.0,15.0,32.0,-7.0,22.0
1515,42258.0,52328.0,51687.0,56950.0,48628.0,,,,,,,,,,,,,,,,,,,,,,,,,,,,35895.0,2582.0,-60.0,409.0,-535821308.0,155.0,6.0,14.0,48.0,-26.0,16.0
1516,,,,,,,,,,,,,,,,,,,,,,,,,,,,,,,,,35915.0,2583.0,-60.0,409.0,-535821308.0,153.0,8.0,11.0,51.0,3.0,13.0
1517,,,,,,,,,,,,,,,,,,,,,,,,,,,,,,,,,35965.0,2590.0,-60.0,410.0,-536869883.0,152.0,8.0,6.0,-10.0,69.0,46.0
1518,,,,,,,,,,,,,,,,,,,,,,,,,,,,,,,,,35975.0,2591.0,-60.0,410.0,-536870907.0,151.0,8.0,4.0,-22.0,51.0,46.0
1519,,,,,,,,,,,,,,,,,,,,,,,,,,,,,,,,,35985.0,2592.0,-59.0,410.0,-535822331.0,150.0,8.0,2.0,-12.0,22.0,42.0
1520,,,,,,,,,,,,,,,,,,,,,,,,,,,,,,,,,35995.0,2593.0,-59.0,410.0,-535822331.0,149.0,9.0,0.0,-22.0,0.0,50.0
1521,,,,,,,,,,,,,,,,,,,,,,,,,,,,,,,,,36045.0,2601.0,-59.0,409.0,-535821306.0,150.0,10.0,-6.0,-35.0,-85.0,48.0
1522,,,,,,,,,,,,,,,,,,,,,,,,,,,,,,,,,36055.0,2604.0,-58.0,410.0,-535821306.0,154.0,11.0,-3.0,-16.0,-81.0,44.0
1523,,,,,,,,,,,,,,,,,,,,,,,,,,,,,,,,,36065.0,2606.0,-58.0,410.0,-535821306.0,155.0,11.0,-5.0,-56.0,-77.0,57.0
1524,,,,,,,,,,,,,,,,,,,,,,,,,,,,,,,,,36075.0,2605.0,-59.0,410.0,-535820281.0,151.0,10.0,-5.0,-43.0,-52.0,47.0
1525,,,,,,,,,,,,,,,,,,,,,,,,,,,,,,,,,36105.0,2610.0,-59.0,408.0,-534771705.0,152.0,10.0,-12.0,10.0,28.0,49.0
1526,,,,,,,,,,,,,,,,,,,,,,,,,,,,,,,,,36125.0,2612.0,-58.0,408.0,-534771705.0,150.0,12.0,-14.0,-3.0,84.0,52.0
1527,,,,,,,,,,,,,,,,,,,,,,,,,,,,,,,,,36135.0,2613.0,-58.0,408.0,-534772728.0,151.0,12.0,-16.0,7.0,93.0,55.0
1528,,,,,,,,,,,,,,,,,,,,,,,,,,,,,,,,,36145.0,2616.0,-58.0,407.0,-534772728.0,153.0,12.0,-20.0,31.0,63.0,64.0
1529,,,,,,,,,,,,,,,,,,,,,,,,,,,,,,,,,36155.0,2618.0,-58.0,407.0,-535821304.0,155.0,12.0,-21.0,0.0,66.0,69.0
1530,,,,,,,,,,,,,,,,,,,,,,,,,,,,,,,,,36165.0,2619.0,-58.0,407.0,-535821304.0,154.0,13.0,-22.0,0.0,42.0,67.0
1531,,,,,,,,,,,,,,,,,,,,,,,,,,,,,,,,,36185.0,2623.0,-58.0,407.0,-535822327.0,156.0,13.0,-19.0,13.0,-26.0,66.0
1532,,,,,,,,,,,,,,,,,,,,,,,,,,,,,,,,,36205.0,2624.0,-59.0,407.0,-535821303.0,151.0,13.0,-19.0,35.0,-63.0,78.0
1533,,,,,,,,,,,,,,,,,,,,,,,,,,,,,,,,,36215.0,2625.0,-58.0,407.0,-535821302.0,151.0,13.0,-18.0,13.0,-73.0,85.0
1534,,,,,,,,,,,,,,,,,,,,,,,,,,,,,,,,,36225.0,2627.0,-58.0,406.0,-535821302.0,151.0,13.0,-18.0,27.0,-60.0,82.0
1535,,,,,,,,,,,,,,,,,,,,,,,,,,,,,,,,,36235.0,2626.0,-59.0,407.0,-535821302.0,148.0,12.0,-14.0,12.0,-72.0,83.0
1536,,,,,,,,,,,,,,,,,,,,,,,,,,,,,,,,,36245.0,2628.0,-59.0,407.0,-535821301.0,148.0,13.0,-13.0,12.0,-63.0,95.0
1537,,,,,,,,,,,,,,,,,,,,,,,,,,,,,,,,,36275.0,2634.0,-59.0,406.0,-535820276.0,153.0,11.0,-13.0,53.0,-24.0,92.0
1538,,,,,,,,,,,,,,,,,,,,,,,,,,,,,,,,,36285.0,2636.0,-59.0,406.0,-536868852.0,155.0,11.0,-13.0,42.0,-23.0,94.0
1539,,,,,,,,,,,,,,,,,,,,,,,,,,,,,,,,,36295.0,2638.0,-59.0,406.0,-536867828.0,156.0,11.0,-14.0,16.0,25.0,95.0
1540,,,,,,,,,,,,,,,,,,,,,,,,,,,,,,,,,36305.0,2639.0,-59.0,405.0,-536868851.0,156.0,11.0,-14.0,10.0,29.0,90.0
1541,,,,,,,,,,,,,,,,,,,,,,,,,,,,,,,,,36345.0,2643.0,-58.0,404.0,-535820274.0,154.0,12.0,-17.0,-68.0,48.0,83.0
1542,,,,,,,,,,,,,,,,,,,,,,,,,,,,,,,,,36355.0,2644.0,-58.0,403.0,-535821298.0,153.0,13.0,-17.0,-58.0,35.0,90.0
1543,,,,,,,,,,,,,,,,,,,,,,,,,,,,,,,,,36365.0,2647.0,-58.0,402.0,-535821297.0,155.0,13.0,-22.0,-50.0,16.0,82.0
1544,,,,,,,,,,,,,,,,,,,,,,,,,,,,,,,,,36375.0,2648.0,-58.0,402.0,-535821297.0,156.0,12.0,-22.0,-41.0,-7.0,74.0
1545,,,,,,,,,,,,,,,,,,,,,,,,,,,,,,,,,36405.0,2654.0,-58.0,401.0,-535820272.0,158.0,14.0,-24.0,0.0,-39.0,59.0
1546,,,,,,,,,,,,,,,,,,,,,,,,,,,,,,,,,36415.0,2650.0,-58.0,400.0,-535821296.0,149.0,12.0,-23.0,15.0,-32.0,69.0
1547,,,,,,,,,,,,,,,,,,,,,,,,,,,,,,,,,36425.0,2652.0,-58.0,400.0,-535820272.0,149.0,13.0,-23.0,17.0,-45.0,70.0
1548,,,,,,,,,,,,,,,,,,,,,,,,,,,,,,,,,36435.0,2653.0,-59.0,400.0,-535820272.0,148.0,12.0,-23.0,32.0,-40.0,60.0
1549,,,,,,,,,,,,,,,,,,,,,,,,,,,,,,,,,36445.0,2654.0,-59.0,400.0,-535820271.0,148.0,12.0,-22.0,27.0,-53.0,65.0
1550,,,,,,,,,,,,,,,,,,,,,,,,,,,,,,,,,36465.0,2660.0,-59.0,399.0,-535820271.0,156.0,12.0,-20.0,8.0,-45.0,58.0
1551,,,,,,,,,,,,,,,,,,,,,,,,,,,,,,,,,36475.0,2662.0,-59.0,399.0,-535819247.0,158.0,12.0,-20.0,12.0,-31.0,75.0
1552,,,,,,,,,,,,,,,,,,,,,,,,,,,,,,,,,36485.0,2664.0,-59.0,399.0,-535819246.0,158.0,12.0,-19.0,12.0,-29.0,62.0
1553,,,,,,,,,,,,,,,,,,,,,,,,,,,,,,,,,36495.0,2665.0,-58.0,400.0,-535819246.0,158.0,14.0,-12.0,4.0,-2.0,54.0
1554,,,,,,,,,,,,,,,,,,,,,,,,,,,,,,,,,36505.0,2666.0,-58.0,400.0,-535819246.0,158.0,14.0,-11.0,-20.0,14.0,56.0
1555,,,,,,,,,,,,,,,,,,,,,,,,,,,,,,,,,36535.0,2669.0,-57.0,400.0,-535819245.0,156.0,16.0,-10.0,-97.0,64.0,54.0
1556,,,,,,,,,,,,,,,,,,,,,,,,,,,,,,,,,36555.0,2675.0,-57.0,400.0,-534771693.0,163.0,15.0,-11.0,-137.0,76.0,47.0
1557,,,,,,,,,,,,,,,,,,,,,,,,,,,,,,,,,36565.0,2676.0,-57.0,400.0,-534771693.0,164.0,16.0,-11.0,-136.0,93.0,40.0
1558,,,,,,,,,,,,,,,,,,,,,,,,,,,,,,,,,36575.0,2677.0,-56.0,399.0,-533724141.0,163.0,17.0,-11.0,-140.0,120.0,49.0
1559,,,,,,,,,,,,,,,,,,,,,,,,,,,,,,,,,36585.0,2679.0,-57.0,399.0,-533724141.0,163.0,16.0,-16.0,-120.0,118.0,39.0
1560,,,,,,,,,,,,,,,,,,,,,,,,,,,,,,,,,36595.0,2680.0,-57.0,398.0,-532675564.0,162.0,18.0,-17.0,-85.0,134.0,34.0
1561,,,,,,,,,,,,,,,,,,,,,,,,,,,,,,,,,36615.0,2684.0,-56.0,398.0,-532152300.0,163.0,20.0,-17.0,27.0,124.0,47.0
1562,,,,,,,,,,,,,,,,,,,,,,,,,,,,,,,,,36635.0,2687.0,-56.0,397.0,-532151276.0,164.0,21.0,-21.0,92.0,87.0,16.0
1563,,,,,,,,,,,,,,,,,,,,,,,,,,,,,,,,,36645.0,2690.0,-56.0,397.0,-533199852.0,166.0,21.0,-21.0,129.0,67.0,15.0
1564,,,,,,,,,,,,,,,,,,,,,,,,,,,,,,,,,36655.0,2692.0,-56.0,397.0,-533198828.0,166.0,22.0,-21.0,110.0,30.0,15.0
1565,,,,,,,,,,,,,,,,,,,,,,,,,,,,,,,,,36675.0,2692.0,-56.0,397.0,-534247404.0,157.0,22.0,-21.0,83.0,-73.0,4.0
1566,,,,,,,,,,,,,,,,,,,,,,,,,,,,,,,,,36705.0,2700.0,-54.0,396.0,-534248427.0,162.0,27.0,-23.0,-30.0,-97.0,11.0
1567,,,,,,,,,,,,,,,,,,,,,,,,,,,,,,,,,36715.0,2702.0,-54.0,395.0,-534249451.0,163.0,27.0,-29.0,-42.0,-102.0,13.0
1568,,,,,,,,,,,,,,,,,,,,,,,,,,,,,,,,,36725.0,2703.0,-54.0,394.0,-534773739.0,163.0,28.0,-30.0,-57.0,-86.0,14.0
1569,,,,,,,,,,,,,,,,,,,,,,,,,,,,,,,,,36735.0,2706.0,-53.0,394.0,-534773739.0,165.0,30.0,-28.0,-72.0,-62.0,16.0
1570,,,,,,,,,,,,,,,,,,,,,,,,,,,,,,,,,36775.0,2707.0,-51.0,392.0,-533200875.0,154.0,33.0,-30.0,32.0,104.0,17.0
1571,,,,,,,,,,,,,,,,,,,,,,,,,,,,,,,,,36785.0,2709.0,-51.0,392.0,-533200875.0,155.0,33.0,-30.0,53.0,113.0,28.0
1572,,,,,,,,,,,,,,,,,,,,,,,,,,,,,,,,,36795.0,2711.0,-51.0,392.0,-533199851.0,156.0,35.0,-30.0,65.0,112.0,22.0
1573,,,,,,,,,,,,,,,,,,,,,,,,,,,,,,,,,36805.0,2713.0,-51.0,391.0,-534248427.0,156.0,34.0,-31.0,103.0,100.0,23.0
1574,,,,,,,,,,,,,,,,,,,,,,,,,,,,,,,,,36815.0,2715.0,-50.0,391.0,-534247403.0,157.0,37.0,-31.0,77.0,46.0,16.0
1575,,,,,,,,,,,,,,,,,,,,,,,,,,,,,,,,,36835.0,2717.0,-49.0,390.0,-535295979.0,153.0,39.0,-30.0,83.0,-24.0,-3.0
1576,,,,,,,,,,,,,,,,,,,,,,,,,,,,,,,,,36845.0,2718.0,-48.0,390.0,-535295979.0,152.0,39.0,-28.0,85.0,-70.0,-4.0
1577,,,,,,,,,,,,,,,,,,,,,,,,,,,,,,,,,36855.0,2720.0,-48.0,390.0,-535297003.0,153.0,39.0,-26.0,51.0,-95.0,-5.0
1578,,,,,,,,,,,,,,,,,,,,,,,,,,,,,,,,,36865.0,2721.0,-47.0,389.0,-535297003.0,150.0,39.0,-26.0,17.0,-90.0,-13.0
1579,,,,,,,,,,,,,,,,,,,,,,,,,,,,,,,,,36945.0,2735.0,-44.0,385.0,-536346603.0,153.0,40.0,-33.0,62.0,73.0,-36.0
1580,,,,,,,,,,,,,,,,,,,,,,,,,,,,,,,,,36955.0,2736.0,-43.0,385.0,-1073216491.0,153.0,42.0,-32.0,66.0,55.0,-28.0
1581,,,,,,,,,,,,,,,,,,,,,,,,,,,,,,,,,36965.0,2739.0,-42.0,385.0,-1073216491.0,156.0,43.0,-33.0,54.0,63.0,-24.0
1582,,,,,,,,,,,,,,,,,,,,,,,,,,,,,,,,,36975.0,2740.0,-42.0,384.0,-1072167916.0,155.0,42.0,-30.0,31.0,53.0,-28.0
1583,,,,,,,,,,,,,,,,,,,,,,,,,,,,,,,,,37015.0,2745.0,-40.0,383.0,-1072167916.0,152.0,43.0,-27.0,52.0,-15.0,-38.0
1584,,,,,,,,,,,,,,,,,,,,,,,,,,,,,,,,,37025.0,2747.0,-39.0,384.0,-1072167916.0,152.0,43.0,-22.0,22.0,-13.0,-53.0
1585,,,,,,,,,,,,,,,,,,,,,,,,,,,,,,,,,37035.0,2749.0,-39.0,384.0,-1072167916.0,152.0,42.0,-21.0,19.0,-40.0,-48.0
1586,,,,,,,,,,,,,,,,,,,,,,,,,,,,,,,,,37045.0,2748.0,-38.0,383.0,-1072167916.0,146.0,42.0,-21.0,15.0,-42.0,-53.0
1587,,,,,,,,,,,,,,,,,,,,,,,,,,,,,,,,,37055.0,2750.0,-38.0,383.0,-1072167917.0,147.0,41.0,-21.0,24.0,-57.0,-46.0
1588,,,,,,,,,,,,,,,,,,,,,,,,,,,,,,,,,37075.0,2755.0,-36.0,385.0,-1072168941.0,150.0,42.0,-10.0,26.0,-83.0,-64.0
1589,,,,,,,,,,,,,,,,,,,,,,,,,,,,,,,,,37115.0,2759.0,-33.0,385.0,-1071643630.0,147.0,44.0,-3.0,53.0,-106.0,-83.0
1590,,,,,,,,,,,,,,,,,,,,,,,,,,,,,,,,,37125.0,2760.0,-33.0,385.0,-1071642606.0,148.0,42.0,-2.0,66.0,-64.0,-87.0
1591,,,,,,,,,,,,,,,,,,,,,,,,,,,,,,,,,37135.0,2761.0,-33.0,385.0,-1071642607.0,146.0,42.0,0.0,109.0,-48.0,-84.0
1592,,,,,,,,,,,,,,,,,,,,,,,,,,,,,,,,,37155.0,2765.0,-32.0,384.0,-1070594031.0,149.0,41.0,-6.0,108.0,-17.0,-99.0
1593,,,,,,,,,,,,,,,,,,,,,,,,,,,,,,,,,37195.0,2772.0,-29.0,383.0,-1069544433.0,153.0,40.0,-5.0,46.0,21.0,-107.0
1594,,,,,,,,,,,,,,,,,,,,,,,,,,,,,,,,,37205.0,2774.0,-29.0,383.0,-1069544433.0,156.0,38.0,-4.0,43.0,14.0,-116.0
1595,,,,,,,,,,,,,,,,,,,,,,,,,,,,,,,,,37215.0,2774.0,-28.0,383.0,-1069545458.0,154.0,38.0,-3.0,45.0,29.0,-118.0
1596,,,,,,,,,,,,,,,,,,,,,,,,,,,,,,,,,37225.0,2775.0,-28.0,383.0,-1068496882.0,153.0,36.0,-2.0,51.0,39.0,-112.0
1597,,,,,,,,,,,,,,,,,,,,,,,,,,,,,,,,,37255.0,2779.0,-26.0,383.0,-1068496883.0,152.0,34.0,0.0,-5.0,13.0,-123.0
1598,,,,,,,,,,,,,,,,,,,,,,,,,,,,,,,,,37275.0,2783.0,-24.0,383.0,-1068496884.0,156.0,34.0,2.0,-38.0,2.0,-143.0
1599,,,,,,,,,,,,,,,,,,,,,,,,,,,,,,,,,37295.0,2787.0,-23.0,384.0,-1069545461.0,159.0,33.0,9.0,-26.0,-5.0,-129.0
1600,,,,,,,,,,,,,,,,,,,,,,,,,,,,,,,,,37305.0,2788.0,-23.0,384.0,-1069545462.0,158.0,31.0,9.0,-42.0,-2.0,-130.0
1601,,,,,,,,,,,,,,,,,,,,,,,,,,,,,,,,,37315.0,2789.0,-23.0,385.0,-1069545462.0,159.0,30.0,11.0,-31.0,-19.0,-121.0
1602,,,,,,,,,,,,,,,,,,,,,,,,,,,,,,,,,37325.0,2791.0,-23.0,385.0,-1069545463.0,159.0,28.0,11.0,-26.0,-27.0,-133.0
1603,,,,,,,,,,,,,,,,,,,,,,,,,,,,,,,,,37335.0,2791.0,-21.0,384.0,-1069545463.0,157.0,30.0,6.0,-18.0,-22.0,-122.0
1604,,,,,,,,,,,,,,,,,,,,,,,,,,,,,,,,,37365.0,2798.0,-19.0,384.0,-1070593017.0,162.0,30.0,11.0,26.0,-21.0,-115.0
1605,,,,,,,,,,,,,,,,,,,,,,,,,,,,,,,,,37375.0,2800.0,-19.0,385.0,-1069544441.0,164.0,28.0,15.0,51.0,-24.0,-125.0
1606,,,,,,,,,,,,,,,,,,,,,,,,,,,,,,,,,37385.0,2801.0,-19.0,385.0,-1069544441.0,164.0,28.0,16.0,46.0,5.0,-127.0
1607,,,,,,,,,,,,,,,,,,,,,,,,,,,,,,,,,37395.0,2802.0,-18.0,385.0,-1069544442.0,164.0,27.0,16.0,41.0,31.0,-125.0
1608,,,,,,,,,,,,,,,,,,,,,,,,,,,,,,,,,37405.0,2800.0,-18.0,385.0,-1069545466.0,156.0,26.0,17.0,55.0,35.0,-121.0
1609,,,,,,,,,,,,,,,,,,,,,,,,,,,,,,,,,37425.0,2804.0,-18.0,385.0,-1069545467.0,159.0,22.0,17.0,14.0,69.0,-125.0
1610,,,,,,,,,,,,,,,,,,,,,,,,,,,,,,,,,37455.0,2808.0,-16.0,386.0,-1069546492.0,159.0,21.0,19.0,-30.0,55.0,-110.0
1611,,,,,,,,,,,,,,,,,,,,,,,,,,,,,,,,,37475.0,2812.0,-15.0,387.0,-1069546493.0,161.0,20.0,26.0,-30.0,40.0,-113.0
1612,,,,,,,,,,,,,,,,,,,,,,,,,,,,,,,,,37485.0,2813.0,-15.0,388.0,-1069546494.0,161.0,19.0,27.0,-54.0,11.0,-104.0
1613,,,,,,,,,,,,,,,,,,,,,,,,,,,,,,,,,37495.0,2813.0,-15.0,388.0,-1069546494.0,156.0,18.0,27.0,-31.0,11.0,-95.0
1614,,,,,,,,,,,,,,,,,,,,,,,,,,,,,,,,,37505.0,2815.0,-15.0,389.0,-1069546494.0,157.0,17.0,32.0,-27.0,-6.0,-91.0
1615,,,,,,,,,,,,,,,,,,,,,,,,,,,,,,,,,37545.0,2823.0,-13.0,390.0,-1070595072.0,162.0,16.0,30.0,-22.0,-42.0,-78.0
1616,,,,,,,,,,,,,,,,,,,,,,,,,,,,,,,,,37555.0,2825.0,-13.0,390.0,-1070594048.0,163.0,15.0,29.0,-6.0,-43.0,-66.0
1617,,,,,,,,,,,,,,,,,,,,,,,,,,,,,,,,,37565.0,2826.0,-13.0,391.0,-1070593536.0,163.0,13.0,29.0,27.0,-28.0,-59.0
1618,,,,,,,,,,,,,,,,,,,,,,,,,,,,,,,,,37575.0,2827.0,-13.0,391.0,-1070593536.0,162.0,12.0,30.0,13.0,26.0,-52.0
1619,,,,,,,,,,,,,,,,,,,,,,,,,,,,,,,,,37585.0,2827.0,-12.0,391.0,-1070593535.0,159.0,13.0,30.0,51.0,63.0,-42.0
1620,,,,,,,,,,,,,,,,,,,,,,,,,,,,,,,,,37605.0,2831.0,-11.0,391.0,-1069545983.0,162.0,11.0,23.0,11.0,54.0,-17.0
1621,,,,,,,,,,,,,,,,,,,,,,,,,,,,,,,,,37625.0,2835.0,-11.0,391.0,-1069545983.0,163.0,9.0,23.0,-20.0,10.0,-6.0
1622,,,,,,,,,,,,,,,,,,,,,,,,,,,,,,,,,37635.0,2836.0,-11.0,391.0,-1069545983.0,164.0,8.0,25.0,-45.0,44.0,-1.0
1623,,,,,,,,,,,,,,,,,,,,,,,,,,,,,,,,,37655.0,2839.0,-11.0,392.0,-1070594559.0,163.0,7.0,25.0,-66.0,11.0,3.0
1624,,,,,,,,,,,,,,,,,,,,,,,,,,,,,,,,,37675.0,2840.0,-10.0,392.0,-1070594559.0,157.0,7.0,25.0,-54.0,-65.0,0.0
1625,,,,,,,,,,,,,,,,,,,,,,,,,,,,,,,,,37695.0,2844.0,-9.0,393.0,-1071643135.0,161.0,6.0,23.0,-25.0,-35.0,-3.0
1626,,,,,,,,,,,,,,,,,,,,,,,,,,,,,,,,,37705.0,2846.0,-9.0,393.0,-1071643135.0,161.0,5.0,23.0,-1.0,14.0,-2.0
1627,,,,,,,,,,,,,,,,,,,,,,,,,,,,,,,,,37715.0,2849.0,-8.0,393.0,-1071643135.0,164.0,7.0,24.0,34.0,0.0,-15.0
1628,,,,,,,,,,,,,,,,,,,,,,,,,,,,,,,,,37725.0,2851.0,-8.0,394.0,-1071643135.0,165.0,6.0,25.0,17.0,7.0,-10.0
1629,,,,,,,,,,,,,,,,,,,,,,,,,,,,,,,,,37735.0,2853.0,-8.0,394.0,-1071643135.0,167.0,7.0,24.0,16.0,16.0,-10.0
1630,,,,,,,,,,,,,,,,,,,,,,,,,,,,,,,,,37745.0,2855.0,-8.0,394.0,-1071643135.0,167.0,6.0,24.0,7.0,11.0,-10.0
1631,,,,,,,,,,,,,,,,,,,,,,,,,,,,,,,,,37765.0,2852.0,-7.0,395.0,-1071643135.0,154.0,5.0,21.0,-13.0,-36.0,-17.0
1632,,,,,,,,,,,,,,,,,,,,,,,,,,,,,,,,,37785.0,2856.0,-7.0,396.0,-1071643135.0,157.0,4.0,25.0,-80.0,-57.0,-20.0
1633,,,,,,,,,,,,,,,,,,,,,,,,,,,,,,,,,37795.0,2857.0,-6.0,397.0,-1071643135.0,155.0,6.0,25.0,-88.0,-50.0,-25.0
1634,,,,,,,,,,,,,,,,,,,,,,,,,,,,,,,,,37805.0,2860.0,-6.0,397.0,-1072691711.0,158.0,6.0,25.0,-92.0,-46.0,-18.0
1635,,,,,,,,,,,,,,,,,,,,,,,,,,,,,,,,,37815.0,2860.0,-6.0,396.0,-1072691711.0,157.0,5.0,21.0,-78.0,-71.0,-30.0
1636,,,,,,,,,,,,,,,,,,,,,,,,,,,,,,,,,37825.0,2862.0,-6.0,396.0,-1072690686.0,158.0,5.0,22.0,-61.0,-81.0,-21.0
1637,,,,,,,,,,,,,,,,,,,,,,,,,,,,,,,,,37855.0,2867.0,-5.0,397.0,-1073739262.0,160.0,5.0,20.0,-23.0,-59.0,-18.0
1638,,,,,,,,,,,,,,,,,,,,,,,,,,,,,,,,,37875.0,2869.0,-5.0,397.0,-1073738238.0,159.0,5.0,18.0,3.0,-60.0,-26.0
1639,,,,,,,,,,,,,,,,,,,,,,,,,,,,,,,,,37885.0,2872.0,-5.0,397.0,-1073738238.0,161.0,5.0,18.0,-19.0,-48.0,-31.0
1640,,,,,,,,,,,,,,,,,,,,,,,,,,,,,,,,,37895.0,2873.0,-5.0,398.0,-1073738238.0,161.0,5.0,19.0,-29.0,-29.0,-29.0
1641,,,,,,,,,,,,,,,,,,,,,,,,,,,,,,,,,37905.0,2872.0,-4.0,397.0,-536867326.0,156.0,6.0,17.0,-59.0,0.0,-32.0
1642,,,,,,,,,,,,,,,,,,,,,,,,,,,,,,,,,37955.0,2880.0,-4.0,398.0,-535818749.0,161.0,6.0,21.0,-22.0,40.0,-31.0
1643,,,,,,,,,,,,,,,,,,,,,,,,,,,,,,,,,37965.0,2883.0,-4.0,398.0,-535818749.0,164.0,6.0,23.0,-1.0,42.0,-38.0
1644,,,,,,,,,,,,,,,,,,,,,,,,,,,,,,,,,37975.0,2885.0,-4.0,399.0,-535818749.0,165.0,6.0,24.0,3.0,25.0,-39.0
1645,,,,,,,,,,,,,,,,,,,,,,,,,,,,,,,,,37985.0,2886.0,-4.0,399.0,-535819773.0,165.0,6.0,25.0,3.0,55.0,-43.0
1646,,,,,,,,,,,,,,,,,,,,,,,,,,,,,,,,,38005.0,2890.0,-5.0,400.0,-535819773.0,168.0,6.0,29.0,-5.0,23.0,-37.0
1647,,,,,,,,,,,,,,,,,,,,,,,,,,,,,,,,,38025.0,2893.0,-4.0,401.0,-535819772.0,168.0,8.0,31.0,28.0,6.0,-40.0
1648,,,,,,,,,,,,,,,,,,,,,,,,,,,,,,,,,38045.0,2898.0,-4.0,400.0,-535819772.0,172.0,7.0,28.0,15.0,-10.0,-46.0
1649,,,,,,,,,,,,,,,,,,,,,,,,,,,,,,,,,38055.0,2900.0,-4.0,400.0,-535819772.0,173.0,8.0,28.0,17.0,-14.0,-47.0
1650,,,,,,,,,,,,,,,,,,,,,,,,,,,,,,,,,38065.0,2901.0,-4.0,401.0,-535819772.0,173.0,8.0,28.0,20.0,-3.0,-46.0
1651,,,,,,,,,,,,,,,,,,,,,,,,,,,,,,,,,38085.0,2903.0,-4.0,401.0,-535819771.0,170.0,7.0,30.0,36.0,26.0,-43.0
1652,,,,,,,,,,,,,,,,,,,,,,,,,,,,,,,,,38125.0,2908.0,-4.0,403.0,-1073739259.0,168.0,7.0,38.0,44.0,32.0,-44.0
1653,,,,,,,,,,,,,,,,,,,,,,,,,,,,,,,,,38135.0,2909.0,-4.0,404.0,-1073740282.0,167.0,6.0,38.0,30.0,23.0,-47.0
1654,,,,,,,,,,,,,,,,,,,,,,,,,,,,,,,,,38145.0,2912.0,-4.0,404.0,-1073740282.0,171.0,7.0,37.0,7.0,0.0,-41.0
1655,,,,,,,,,,,,,,,,,,,,,,,,,,,,,,,,,38155.0,2913.0,-4.0,404.0,-1073740282.0,170.0,7.0,37.0,13.0,-2.0,-36.0
1656,,,,,,,,,,,,,,,,,,,,,,,,,,,,,,,,,38175.0,2917.0,-3.0,406.0,-1073740282.0,172.0,8.0,44.0,11.0,-12.0,-29.0
1657,,,,,,,,,,,,,,,,,,,,,,,,,,,,,,,,,38215.0,2923.0,-3.0,407.0,-1072690681.0,172.0,8.0,38.0,28.0,36.0,-28.0
1658,,,,,,,,,,,,,,,,,,,,,,,,,,,,,,,,,38225.0,2925.0,-2.0,407.0,-1072691705.0,173.0,9.0,38.0,38.0,28.0,-32.0
1659,,,,,,,,,,,,,,,,,,,,,,,,,,,,,,,,,38235.0,2927.0,-2.0,408.0,-1072691705.0,174.0,8.0,39.0,50.0,63.0,-35.0
1660,,,,,,,,,,,,,,,,,,,,,,,,,,,,,,,,,38245.0,2929.0,-2.0,408.0,-1072691705.0,174.0,7.0,39.0,39.0,73.0,-16.0
1661,,,,,,,,,,,,,,,,,,,,,,,,,,,,,,,,,38275.0,2935.0,-2.0,411.0,-1072691705.0,176.0,7.0,47.0,-16.0,13.0,-18.0
1662,,,,,,,,,,,,,,,,,,,,,,,,,,,,,,,,,38295.0,2934.0,-1.0,411.0,-1072692729.0,168.0,8.0,44.0,-64.0,19.0,-3.0
1663,,,,,,,,,,,,,,,,,,,,,,,,,,,,,,,,,38305.0,2936.0,-1.0,412.0,-1072692729.0,168.0,8.0,44.0,-76.0,-5.0,2.0
1664,,,,,,,,,,,,,,,,,,,,,,,,,,,,,,,,,38315.0,2939.0,-1.0,412.0,-1073741305.0,170.0,7.0,44.0,-82.0,-33.0,-1.0
1665,,,,,,,,,,,,,,,,,,,,,,,,,,,,,,,,,38325.0,2942.0,-1.0,413.0,-1073741305.0,175.0,7.0,44.0,-55.0,-42.0,-2.0
1666,,,,,,,,,,,,,,,,,,,,,,,,,,,,,,,,,38345.0,2946.0,-1.0,414.0,-536869369.0,176.0,7.0,45.0,-32.0,-26.0,-4.0
1667,,,,,,,,,,,,,,,,,,,,,,,,,,,,,,,,,38365.0,2947.0,0.0,415.0,-536869369.0,170.0,8.0,45.0,-15.0,-16.0,-4.0
1668,,,,,,,,,,,,,,,,,,,,,,,,,,,,,,,,,38375.0,2948.0,0.0,415.0,-535820793.0,170.0,8.0,46.0,-18.0,-10.0,-5.0
1669,,,,,,,,,,,,,,,,,,,,,,,,,,,,,,,,,38385.0,2950.0,0.0,416.0,-535820793.0,170.0,8.0,51.0,3.0,-3.0,-9.0
1670,,,,,,,,,,,,,,,,,,,,,,,,,,,,,,,,,38395.0,2952.0,-1.0,417.0,-535820793.0,170.0,7.0,51.0,32.0,21.0,-18.0
1671,,,,,,,,,,,,,,,,,,,,,,,,,,,,,,,,,38405.0,2954.0,-1.0,417.0,-536869369.0,172.0,7.0,51.0,30.0,36.0,-18.0
1672,,,,,,,,,,,,,,,,,,,,,,,,,,,,,,,,,38425.0,2959.0,-1.0,418.0,-536869369.0,176.0,6.0,51.0,54.0,47.0,-17.0
1673,,,,,,,,,,,,,,,,,,,,,,,,,,,,,,,,,38445.0,2961.0,-1.0,419.0,-1073741304.0,173.0,6.0,48.0,67.0,29.0,-24.0
1674,,,,,,,,,,,,,,,,,,,,,,,,,,,,,,,,,38455.0,2963.0,-1.0,419.0,-1072692728.0,172.0,7.0,48.0,81.0,-4.0,-30.0
1675,,,,,,,,,,,,,,,,,,,,,,,,,,,,,,,,,38465.0,2965.0,-1.0,420.0,-1072692728.0,172.0,6.0,46.0,30.0,-4.0,-24.0
1676,,,,,,,,,,,,,,,,,,,,,,,,,,,,,,,,,38475.0,2967.0,0.0,421.0,-1072692728.0,173.0,7.0,51.0,22.0,2.0,-30.0
1677,,,,,,,,,,,,,,,,,,,,,,,,,,,,,,,,,38495.0,2971.0,0.0,422.0,-1072692728.0,176.0,6.0,51.0,-17.0,15.0,-29.0
1678,,,,,,,,,,,,,,,,,,,,,,,,,,,,,,,,,38535.0,2976.0,0.0,425.0,-1072168440.0,170.0,7.0,51.0,-7.0,27.0,-16.0
1679,,,,,,,,,,,,,,,,,,,,,,,,,,,,,,,,,38545.0,2978.0,0.0,425.0,-1072168439.0,172.0,6.0,52.0,-4.0,32.0,-18.0
1680,,,,,,,,,,,,,,,,,,,,,,,,,,,,,,,,,38555.0,2981.0,0.0,426.0,-1072168439.0,173.0,6.0,53.0,-15.0,67.0,-14.0
1681,,,,,,,,,,,,,,,,,,,,,,,,,,,,,,,,,38595.0,2988.0,0.0,424.0,-1072167415.0,173.0,5.0,32.0,6.0,61.0,-8.0
1682,,,,,,,,,,,,,,,,,,,,,,,,,,,,,,,,,38605.0,2989.0,0.0,423.0,-1072167415.0,172.0,6.0,23.0,16.0,18.0,0.0
1683,,,,,,,,,,,,,,,,,,,,,,,,,,,,,,,,,38615.0,2991.0,0.0,423.0,-1072166391.0,172.0,5.0,22.0,4.0,-10.0,1.0
1684,,,,,,,,,,,,,,,,,,,,,,,,,,,,,,,,,38625.0,2993.0,0.0,424.0,-1072167415.0,172.0,3.0,21.0,7.0,-27.0,-5.0
1685,,,,,,,,,,,,,,,,,,,,,,,,,,,,,,,,,38635.0,2995.0,0.0,424.0,-1072167415.0,172.0,3.0,21.0,-7.0,-1.0,-3.0
1686,,,,,,,,,,,,,,,,,,,,,,,,,,,,,,,,,38665.0,2999.0,0.0,426.0,-1072166391.0,169.0,3.0,32.0,-23.0,0.0,-15.0
1687,,,,,,,,,,,,,,,,,,,,,,,,,,,,,,,,,38685.0,3003.0,0.0,427.0,-1073215991.0,170.0,2.0,31.0,-22.0,32.0,-13.0
1688,,,,,,,,,,,,,,,,,,,,,,,,,,,,,,,,,38695.0,3005.0,0.0,428.0,-1073214967.0,170.0,2.0,31.0,-23.0,16.0,-6.0
1689,,,,,,,,,,,,,,,,,,,,,,,,,,,,,,,,,38705.0,3007.0,1.0,428.0,-1073214967.0,170.0,4.0,33.0,-4.0,8.0,-18.0
1690,,,,,,,,,,,,,,,,,,,,,,,,,,,,,,,,,38715.0,3009.0,1.0,428.0,-1073214967.0,170.0,4.0,34.0,-9.0,25.0,-9.0
1691,,,,,,,,,,,,,,,,,,,,,,,,,,,,,,,,,38735.0,3015.0,0.0,428.0,-1073215991.0,175.0,2.0,30.0,-28.0,0.0,-12.0
1692,,,,,,,,,,,,,,,,,,,,,,,,,,,,,,,,,38755.0,3019.0,1.0,429.0,-536345079.0,175.0,4.0,31.0,-35.0,-22.0,0.0
1693,,,,,,,,,,,,,,,,,,,,,,,,,,,,,,,,,38765.0,3021.0,0.0,429.0,-536345079.0,174.0,3.0,30.0,-36.0,22.0,1.0
1694,,,,,,,,,,,,,,,,,,,,,,,,,,,,,,,,,38775.0,3024.0,0.0,428.0,-536345079.0,176.0,3.0,24.0,-18.0,0.0,6.0
1695,,,,,,,,,,,,,,,,,,,,,,,,,,,,,,,,,38785.0,3025.0,0.0,428.0,-535296503.0,175.0,3.0,25.0,1.0,14.0,15.0
1696,,,,,,,,,,,,,,,,,,,,,,,,,,,,,,,,,38805.0,3027.0,1.0,429.0,-535295479.0,170.0,4.0,28.0,21.0,9.0,9.0
1697,,,,,,,,,,,,,,,,,,,,,,,,,,,,,,,,,38825.0,3032.0,1.0,430.0,-536344055.0,172.0,4.0,32.0,22.0,-33.0,0.0
1698,,,,,,,,,,,,,,,,,,,,,,,,,,,,,,,,,38835.0,3034.0,0.0,430.0,-536345079.0,173.0,3.0,33.0,29.0,-16.0,1.0
1699,,,,,,,,,,,,,,,,,,,,,,,,,,,,,,,,,38845.0,3035.0,1.0,431.0,-536345079.0,172.0,4.0,33.0,19.0,-33.0,-3.0
1700,,,,,,,,,,,,,,,,,,,,,,,,,,,,,,,,,38855.0,3034.0,0.0,431.0,-536345079.0,165.0,3.0,33.0,16.0,-13.0,-13.0
1701,,,,,,,,,,,,,,,,,,,,,,,,,,,,,,,,,38865.0,3035.0,0.0,432.0,-536345079.0,164.0,3.0,38.0,1.0,-18.0,-7.0
1702,,,,,,,,,,,,,,,,,,,,,,,,,,,,,,,,,38915.0,3047.0,0.0,434.0,-536345079.0,169.0,3.0,40.0,-5.0,-29.0,8.0
1703,,,,,,,,,,,,,,,,,,,,,,,,,,,,,,,,,38925.0,3048.0,0.0,435.0,-536345079.0,168.0,3.0,40.0,1.0,-57.0,5.0
1704,,,,,,,,,,,,,,,,,,,,,,,,,,,,,,,,,38935.0,3050.0,0.0,435.0,-536346103.0,169.0,3.0,40.0,9.0,-28.0,-4.0
1705,,,,,,,,,,,,,,,,,,,,,,,,,,,,,,,,,38995.0,3061.0,0.0,438.0,-536345079.0,169.0,3.0,39.0,24.0,32.0,-2.0
1706,,,,,,,,,,,,,,,,,,,,,,,,,,,,,,,,,39005.0,3064.0,1.0,438.0,-536345079.0,171.0,5.0,37.0,-3.0,38.0,5.0
1707,,,,,,,,,,,,,,,,,,,,,,,,,,,,,,,,,39015.0,3065.0,0.0,438.0,-1073215991.0,170.0,3.0,37.0,-11.0,11.0,9.0
1708,,,,,,,,,,,,,,,,,,,,,,,,,,,,,,,,,39065.0,3073.0,1.0,441.0,-535296503.0,168.0,5.0,34.0,-47.0,-34.0,23.0
1709,,,,,,,,,,,,,,,,,,,,,,,,,,,,,,,,,39075.0,3076.0,1.0,440.0,-535297527.0,170.0,5.0,26.0,-31.0,-32.0,27.0
1710,,,,,,,,,,,,,,,,,,,,,,,,,,,,,,,,,39085.0,3078.0,2.0,440.0,-535297527.0,170.0,5.0,25.0,-9.0,-24.0,17.0
1711,,,,,,,,,,,,,,,,,,,,,,,,,,,,,,,,,39095.0,3083.0,2.0,440.0,-535297527.0,178.0,6.0,24.0,-9.0,0.0,21.0
1712,,,,,,,,,,,,,,,,,,,,,,,,,,,,,,,,,39115.0,3083.0,2.0,441.0,-535297528.0,170.0,6.0,23.0,19.0,0.0,13.0
1713,,,,,,,,,,,,,,,,,,,,,,,,,,,,,,,,,39135.0,3087.0,1.0,441.0,-535297528.0,171.0,6.0,20.0,20.0,45.0,24.0
1714,,,,,,,,,,,,,,,,,,,,,,,,,,,,,,,,,39145.0,3088.0,1.0,441.0,-535296504.0,169.0,6.0,20.0,14.0,49.0,22.0
1715,,,,,,,,,,,,,,,,,,,,,,,,,,,,,,,,,39155.0,3089.0,1.0,442.0,-535296504.0,170.0,6.0,18.0,-11.0,57.0,28.0
1716,,,,,,,,,,,,,,,,,,,,,,,,,,,,,,,,,39165.0,3091.0,1.0,440.0,-535296504.0,170.0,6.0,10.0,-4.0,34.0,30.0
1717,,,,,,,,,,,,,,,,,,,,,,,,,,,,,,,,,39175.0,3092.0,2.0,441.0,-535296504.0,168.0,8.0,9.0,-24.0,35.0,28.0
1718,,,,,,,,,,,,,,,,,,,,,,,,,,,,,,,,,39195.0,3098.0,2.0,441.0,-535296504.0,172.0,8.0,8.0,-51.0,13.0,27.0
1719,,,,,,,,,,,,,,,,,,,,,,,,,,,,,,,,,39225.0,3101.0,4.0,442.0,-534247929.0,166.0,11.0,12.0,-39.0,18.0,38.0
1720,,,,,,,,,,,,,,,,,,,,,,,,,,,,,,,,,39235.0,3102.0,4.0,442.0,-534247929.0,165.0,12.0,11.0,-29.0,46.0,35.0
1721,,,,,,,,,,,,,,,,,,,,,,,,,,,,,,,,,39245.0,3103.0,3.0,442.0,-534246905.0,164.0,10.0,11.0,-7.0,3.0,41.0
1722,,,,,,,,,,,,,,,,,,,,,,,,,,,,,,,,,39255.0,3105.0,3.0,442.0,-534246905.0,164.0,11.0,9.0,24.0,1.0,41.0
1723,,,,,,,,,,,,,,,,,,,,,,,,,,,,,,,,,39285.0,3112.0,3.0,442.0,-534246905.0,166.0,11.0,7.0,36.0,13.0,28.0
1724,,,,,,,,,,,,,,,,,,,,,,,,,,,,,,,,,39315.0,3113.0,4.0,444.0,-534246906.0,158.0,14.0,12.0,-8.0,-14.0,42.0
1725,,,,,,,,,,,,,,,,,,,,,,,,,,,,,,,,,39325.0,3116.0,4.0,444.0,-534246906.0,160.0,14.0,11.0,-13.0,0.0,45.0
1726,,,,,,,,,,,,,,,,,,,,,,,,,,,,,,,,,39335.0,3119.0,4.0,443.0,-534246906.0,162.0,14.0,4.0,2.0,-38.0,35.0
1727,,,,,,,,,,,,,,,,,,,,,,,,,,,,,,,,,39345.0,3120.0,4.0,443.0,-534246906.0,161.0,15.0,3.0,-34.0,-36.0,34.0
1728,,,,,,,,,,,,,,,,,,,,,,,,,,,,,,,,,39365.0,3124.0,4.0,443.0,-534247930.0,161.0,15.0,4.0,-13.0,-70.0,29.0
1729,,,,,,,,,,,,,,,,,,,,,,,,,,,,,,,,,39385.0,3127.0,4.0,444.0,-534247931.0,160.0,16.0,8.0,16.0,-27.0,24.0
1730,,,,,,,,,,,,,,,,,,,,,,,,,,,,,,,,,39395.0,3128.0,4.0,444.0,-534247931.0,159.0,16.0,9.0,3.0,32.0,30.0
1731,,,,,,,,,,,,,,,,,,,,,,,,,,,,,,,,,39405.0,3128.0,3.0,444.0,-534247931.0,156.0,15.0,9.0,12.0,-10.0,26.0
1732,,,,,,,,,,,,,,,,,,,,,,,,,,,,,,,,,39435.0,3135.0,5.0,443.0,-534247931.0,159.0,18.0,2.0,42.0,20.0,26.0
1733,,,,,,,,,,,,,,,,,,,,,,,,,,,,,,,,,39455.0,3139.0,4.0,443.0,-535296507.0,161.0,17.0,0.0,68.0,-10.0,11.0
1734,,,,,,,,,,,,,,,,,,,,,,,,,,,,,,,,,39465.0,3141.0,4.0,445.0,-535296507.0,160.0,17.0,9.0,79.0,-33.0,6.0
1735,,,,,,,,,,,,,,,,,,,,,,,,,,,,,,,,,39475.0,3141.0,5.0,445.0,-535296507.0,158.0,18.0,8.0,68.0,-33.0,7.0
1736,,,,,,,,,,,,,,,,,,,,,,,,,,,,,,,,,39485.0,3143.0,5.0,445.0,-536345083.0,157.0,19.0,6.0,46.0,-37.0,14.0
1737,,,,,,,,,,,,,,,,,,,,,,,,,,,,,,,,,39545.0,3155.0,7.0,445.0,-536346107.0,161.0,20.0,5.0,-54.0,60.0,14.0
1738,,,,,,,,,,,,,,,,,,,,,,,,,,,,,,,,,39555.0,3157.0,7.0,444.0,-535297531.0,162.0,20.0,-2.0,-32.0,10.0,17.0
1739,,,,,,,,,,,,,,,,,,,,,,,,,,,,,,,,,39565.0,3158.0,8.0,444.0,-535297532.0,162.0,21.0,-3.0,-39.0,56.0,21.0
1740,,,,,,,,,,,,,,,,,,,,,,,,,,,,,,,,,39575.0,3156.0,8.0,444.0,-535296508.0,154.0,21.0,-2.0,-10.0,27.0,20.0
1741,,,,,,,,,,,,,,,,,,,,,,,,,,,,,,,,,39585.0,3157.0,8.0,444.0,-535296508.0,152.0,20.0,-2.0,19.0,11.0,13.0
1742,,,,,,,,,,,,,,,,,,,,,,,,,,,,,,,,,39605.0,3161.0,7.0,445.0,-535296508.0,154.0,20.0,0.0,13.0,17.0,18.0
1743,,,,,,,,,,,,,,,,,,,,,,,,,,,,,,,,,39625.0,3166.0,7.0,445.0,-536345084.0,157.0,19.0,-2.0,30.0,9.0,10.0
1744,,,,,,,,,,,,,,,,,,,,,,,,,,,,,,,,,39635.0,3169.0,7.0,443.0,-536345084.0,159.0,18.0,-7.0,20.0,0.0,13.0
1745,,,,,,,,,,,,,,,,,,,,,,,,,,,,,,,,,39645.0,3170.0,7.0,443.0,-536345084.0,159.0,18.0,-6.0,12.0,7.0,11.0
1746,,,,,,,,,,,,,,,,,,,,,,,,,,,,,,,,,39655.0,3168.0,7.0,443.0,-536345084.0,152.0,17.0,-5.0,9.0,-11.0,10.0
1747,,,,,,,,,,,,,,,,,,,,,,,,,,,,,,,,,39675.0,3169.0,7.0,443.0,-536345084.0,147.0,16.0,-7.0,1.0,-19.0,0.0
1748,,,,,,,,,,,,,,,,,,,,,,,,,,,,,,,,,39695.0,3175.0,9.0,444.0,-536345084.0,152.0,20.0,-2.0,-13.0,-16.0,13.0
1749,,,,,,,,,,,,,,,,,,,,,,,,,,,,,,,,,39705.0,3177.0,8.0,444.0,-536345084.0,153.0,18.0,-3.0,-4.0,-23.0,10.0
1750,,,,,,,,,,,,,,,,,,,,,,,,,,,,,,,,,39715.0,3178.0,8.0,444.0,-536345084.0,152.0,18.0,-3.0,-3.0,1.0,17.0
1751,,,,,,,,,,,,,,,,,,,,,,,,,,,,,,,,,39725.0,3181.0,8.0,443.0,-536345084.0,155.0,18.0,-8.0,-11.0,7.0,24.0
1752,,,,,,,,,,,,,,,,,,,,,,,,,,,,,,,,,39735.0,3183.0,8.0,443.0,-535297532.0,154.0,18.0,-9.0,7.0,-15.0,14.0
1753,,,,,,,,,,,,,,,,,,,,,,,,,,,,,,,,,39785.0,3189.0,9.0,442.0,-536345085.0,152.0,18.0,-9.0,33.0,15.0,15.0
1754,,,,,,,,,,,,,,,,,,,,,,,,,,,,,,,,,39795.0,3190.0,9.0,442.0,-536345085.0,151.0,17.0,-10.0,5.0,34.0,13.0
1755,,,,,,,,,,,,,,,,,,,,,,,,,,,,,,,,,39805.0,3192.0,9.0,442.0,-536345085.0,151.0,17.0,-11.0,-7.0,26.0,15.0
1756,,,,,,,,,,,,,,,,,,,,,,,,,,,,,,,,,39855.0,3197.0,10.0,439.0,-535296509.0,146.0,18.0,-27.0,-38.0,12.0,11.0
1757,,,,,,,,,,,,,,,,,,,,,,,,,,,,,,,,,39865.0,3200.0,9.0,439.0,-535296509.0,147.0,17.0,-29.0,-30.0,20.0,11.0
1758,,,,,,,,,,,,,,,,,,,,,,,,,,,,,,,,,39875.0,3203.0,10.0,439.0,-535296509.0,151.0,18.0,-30.0,-8.0,25.0,7.0
1759,,,,,,,,,,,,,,,,,,,,,,,,,,,,,,,,,39885.0,3205.0,10.0,438.0,-535296509.0,151.0,19.0,-30.0,-13.0,32.0,6.0
1760,,,,,,,,,,,,,,,,,,,,,,,,,,,,,,,,,39915.0,3208.0,9.0,437.0,-535295485.0,147.0,16.0,-37.0,3.0,50.0,-8.0
1761,,,,,,,,,,,,,,,,,,,,,,,,,,,,,,,,,39925.0,3210.0,9.0,437.0,-535295485.0,147.0,16.0,-37.0,-8.0,40.0,-13.0
1762,,,,,,,,,,,,,,,,,,,,,,,,,,,,,,,,,39935.0,3212.0,9.0,436.0,-535295485.0,147.0,16.0,-37.0,-11.0,47.0,-16.0
1763,,,,,,,,,,,,,,,,,,,,,,,,,,,,,,,,,39945.0,3213.0,9.0,436.0,-535295485.0,147.0,17.0,-35.0,-5.0,45.0,-14.0
1764,,,,,,,,,,,,,,,,,,,,,,,,,,,,,,,,,39965.0,3219.0,8.0,436.0,-535295485.0,152.0,15.0,-40.0,12.0,37.0,-11.0
1765,,,,,,,,,,,,,,,,,,,,,,,,,,,,,,,,,39985.0,3223.0,9.0,434.0,-535295485.0,151.0,16.0,-46.0,21.0,-26.0,-16.0
1766,,,,,,,,,,,,,,,,,,,,,,,,,,,,,,,,,39995.0,3225.0,9.0,434.0,-535295485.0,152.0,16.0,-47.0,24.0,-26.0,-19.0
1767,,,,,,,,,,,,,,,,,,,,,,,,,,,,,,,,,40005.0,3226.0,9.0,433.0,-535295484.0,151.0,16.0,-48.0,40.0,-40.0,-23.0
1768,,,,,,,,,,,,,,,,,,,,,,,,,,,,,,,,,40015.0,3225.0,8.0,433.0,-535295484.0,146.0,14.0,-47.0,34.0,-2.0,-23.0
1769,,,,,,,,,,,,,,,,,,,,,,,,,,,,,,,,,40055.0,3234.0,8.0,430.0,-536344060.0,149.0,14.0,-56.0,25.0,19.0,-21.0
1770,,,,,,,,,,,,,,,,,,,,,,,,,,,,,,,,,40065.0,3236.0,8.0,429.0,-1073214972.0,149.0,13.0,-57.0,16.0,23.0,-19.0
1771,,,,,,,,,,,,,,,,,,,,,,,,,,,,,,,,,40075.0,3237.0,9.0,430.0,-1073214972.0,148.0,15.0,-53.0,23.0,-20.0,-25.0
1772,,,,,,,,,,,,,,,,,,,,,,,,,,,,,,,,,40085.0,3238.0,9.0,429.0,-1073214972.0,146.0,14.0,-51.0,37.0,-19.0,-30.0
1773,,,,,,,,,,,,,,,,,,,,,,,,,,,,,,,,,40095.0,3240.0,9.0,429.0,-1073214972.0,147.0,14.0,-51.0,26.0,-13.0,-26.0
1774,,,,,,,,,,,,,,,,,,,,,,,,,,,,,,,,,40105.0,3240.0,9.0,428.0,-1073214972.0,144.0,15.0,-51.0,2.0,-31.0,-26.0
1775,,,,,,,,,,,,,,,,,,,,,,,,,,,,,,,,,40135.0,3246.0,10.0,427.0,-1073214971.0,145.0,14.0,-46.0,-20.0,-40.0,-26.0
1776,,,,,,,,,,,,,,,,,,,,,,,,,,,,,,,,,40145.0,3248.0,10.0,427.0,-1073214971.0,146.0,14.0,-45.0,-21.0,-25.0,-24.0
1777,,,,,,,,,,,,,,,,,,,,,,,,,,,,,,,,,40155.0,3250.0,10.0,426.0,-1073215995.0,147.0,14.0,-45.0,-14.0,-19.0,-26.0
1778,,,,,,,,,,,,,,,,,,,,,,,,,,,,,,,,,40165.0,3252.0,10.0,426.0,-536345083.0,146.0,14.0,-43.0,-7.0,-11.0,-31.0
1779,,,,,,,,,,,,,,,,,,,,,,,,,,,,,,,,,40175.0,3252.0,10.0,425.0,-536345083.0,144.0,13.0,-42.0,23.0,-37.0,-38.0
1780,,,,,,,,,,,,,,,,,,,,,,,,,,,,,,,,,40225.0,3259.0,8.0,424.0,-1072167418.0,142.0,9.0,-37.0,12.0,30.0,-56.0
1781,,,,,,,,,,,,,,,,,,,,,,,,,,,,,,,,,40235.0,3263.0,8.0,424.0,-1072167418.0,146.0,9.0,-36.0,-3.0,29.0,-51.0
1782,,,,,,,,,,,,,,,,,,,,,,,,,,,,,,,,,40245.0,3264.0,8.0,422.0,-1072166394.0,144.0,8.0,-42.0,-20.0,9.0,-48.0
1783,,,,,,,,,,,,,,,,,,,,,,,,,,,,,,,,,40255.0,3265.0,8.0,422.0,-1072166394.0,143.0,8.0,-42.0,-10.0,8.0,-49.0
1784,,,,,,,,,,,,,,,,,,,,,,,,,,,,,,,,,40305.0,3271.0,8.0,420.0,-1072167417.0,140.0,6.0,-45.0,66.0,-15.0,-36.0
1785,,,,,,,,,,,,,,,,,,,,,,,,,,,,,,,,,40315.0,3273.0,8.0,419.0,-1072167417.0,139.0,5.0,-46.0,26.0,-46.0,-39.0
1786,,,,,,,,,,,,,,,,,,,,,,,,,,,,,,,,,40325.0,3276.0,7.0,419.0,-1072167417.0,142.0,4.0,-47.0,58.0,-47.0,-32.0
1787,,,,,,,,,,,,,,,,,,,,,,,,,,,,,,,,,40335.0,3278.0,8.0,418.0,-1072167416.0,143.0,5.0,-48.0,41.0,-13.0,-41.0
1788,,,,,,,,,,,,,,,,,,,,,,,,,,,,,,,,,40345.0,3280.0,8.0,418.0,-1072167416.0,144.0,5.0,-47.0,41.0,-23.0,-36.0
1789,,,,,,,,,,,,,,,,,,,,,,,,,,,,,,,,,40375.0,3285.0,8.0,417.0,-1072167416.0,144.0,3.0,-43.0,-5.0,34.0,-29.0
1790,,,,,,,,,,,,,,,,,,,,,,,,,,,,,,,,,40395.0,3284.0,8.0,416.0,-1072167416.0,137.0,3.0,-43.0,-49.0,72.0,-25.0
1791,,,,,,,,,,,,,,,,,,,,,,,,,,,,,,,,,40405.0,3285.0,8.0,415.0,-1072166392.0,136.0,3.0,-43.0,-66.0,76.0,-32.0
1792,,,,,,,,,,,,,,,,,,,,,,,,,,,,,,,,,40415.0,3289.0,9.0,415.0,-1072166391.0,141.0,3.0,-41.0,-56.0,64.0,-29.0
1793,,,,,,,,,,,,,,,,,,,,,,,,,,,,,,,,,40425.0,3290.0,9.0,415.0,-1072166391.0,139.0,3.0,-41.0,-82.0,26.0,-20.0
1794,,,,,,,,,,,,,,,,,,,,,,,,,,,,,,,,,40445.0,3293.0,10.0,414.0,-536344055.0,139.0,4.0,-43.0,-52.0,-35.0,-14.0
1795,,,,,,,,,,,,,,,,,,,,,,,,,,,,,,,,,40485.0,3299.0,9.0,413.0,-536345079.0,138.0,3.0,-43.0,20.0,-67.0,-6.0
1796,,,,,,,,,,,,,,,,,,,,,,,,,,,,,,,,,40495.0,3299.0,8.0,413.0,-536345079.0,134.0,1.0,-44.0,54.0,-30.0,-12.0
1797,,,,,,,,,,,,,,,,,,,,,,,,,,,,,,,,,40505.0,3301.0,8.0,411.0,-1073215991.0,135.0,1.0,-49.0,31.0,-49.0,-10.0
1798,,,,,,,,,,,,,,,,,,,,,,,,,,,,,,,,,40515.0,3303.0,7.0,411.0,-1073215991.0,136.0,0.0,-49.0,76.0,-15.0,-17.0
1799,,,,,,,,,,,,,,,,,,,,,,,,,,,,,,,,,40565.0,3310.0,7.0,409.0,-1072168438.0,136.0,0.0,-44.0,-34.0,-10.0,-19.0
1800,,,,,,,,,,,,,,,,,,,,,,,,,,,,,,,,,40575.0,3311.0,7.0,409.0,-1073217014.0,136.0,0.0,-44.0,-41.0,29.0,-20.0
1801,,,,,,,,,,,,,,,,,,,,,,,,,,,,,,,,,40585.0,3311.0,8.0,408.0,-1073215990.0,133.0,0.0,-44.0,-59.0,7.0,-4.0
1802,,,,,,,,,,,,,,,,,,,,,,,,,,,,,,,,,40595.0,3315.0,7.0,408.0,-1073215990.0,137.0,0.0,-46.0,-78.0,59.0,-21.0
1803,,,,,,,,,,,,,,,,,,,,,,,,,,,,,,,,,40655.0,3322.0,6.0,405.0,-535295478.0,134.0,-1.0,-46.0,53.0,-1.0,-31.0
1804,,,,,,,,,,,,,,,,,,,,,,,,,,,,,,,,,40665.0,3324.0,7.0,405.0,-536344054.0,133.0,0.0,-46.0,55.0,-7.0,-16.0
1805,,,,,,,,,,,,,,,,,,,,,,,,,,,,,,,,,40675.0,3325.0,6.0,406.0,-536345078.0,134.0,-2.0,-40.0,65.0,-62.0,-13.0
1806,,,,,,,,,,,,,,,,,,,,,,,,,,,,,,,,,40725.0,3337.0,6.0,404.0,-1072168437.0,142.0,-2.0,-41.0,-17.0,-44.0,0.0
1807,,,,,,,,,,,,,,,,,,,,,,,,,,,,,,,,,40735.0,3338.0,6.0,404.0,-1073217013.0,141.0,-2.0,-40.0,5.0,-22.0,-2.0
1808,,,,,,,,,,,,,,,,,,,,,,,,,,,,,,,,,40745.0,3339.0,5.0,403.0,-1072168437.0,139.0,-4.0,-40.0,-17.0,20.0,-10.0
1809,,,,,,,,,,,,,,,,,,,,,,,,,,,,,,,,,40755.0,3340.0,5.0,403.0,-1073217013.0,138.0,-4.0,-41.0,-37.0,-10.0,-1.0
1810,,,,,,,,,,,,,,,,,,,,,,,,,,,,,,,,,40775.0,3344.0,6.0,401.0,-1073217013.0,142.0,-2.0,-45.0,35.0,38.0,-7.0
1811,,,,,,,,,,,,,,,,,,,,,,,,,,,,,,,,,40805.0,3349.0,5.0,400.0,-1072168437.0,143.0,-3.0,-45.0,36.0,27.0,10.0
1812,,,,,,,,,,,,,,,,,,,,,,,,,,,,,,,,,40815.0,3351.0,4.0,399.0,-1072167413.0,144.0,-5.0,-49.0,-9.0,24.0,7.0
1813,,,,,,,,,,,,,,,,,,,,,,,,,,,,,,,,,40825.0,3353.0,5.0,398.0,-1072167413.0,144.0,-4.0,-49.0,16.0,59.0,3.0
1814,,,,,,,,,,,,,,,,,,,,,,,,,,,,,,,,,40835.0,3354.0,5.0,398.0,-1072167413.0,144.0,-4.0,-49.0,20.0,15.0,20.0
1815,,,,,,,,,,,,,,,,,,,,,,,,,,,,,,,,,40885.0,3362.0,3.0,396.0,-1072167414.0,144.0,-8.0,-47.0,4.0,-6.0,13.0
1816,,,,,,,,,,,,,,,,,,,,,,,,,,,,,,,,,40895.0,3364.0,2.0,396.0,-1072167414.0,144.0,-10.0,-44.0,-4.0,-6.0,19.0
1817,,,,,,,,,,,,,,,,,,,,,,,,,,,,,,,,,40905.0,3364.0,3.0,395.0,-1072167414.0,142.0,-9.0,-43.0,-15.0,24.0,15.0
1818,,,,,,,,,,,,,,,,,,,,,,,,,,,,,,,,,40915.0,3366.0,3.0,395.0,-1072167414.0,142.0,-9.0,-41.0,5.0,-17.0,22.0
1819,,,,,,,,,,,,,,,,,,,,,,,,,,,,,,,,,40955.0,3374.0,2.0,392.0,-1072167414.0,147.0,-11.0,-43.0,9.0,-17.0,29.0
1820,,,,,,,,,,,,,,,,,,,,,,,,,,,,,,,,,40965.0,3375.0,2.0,392.0,-1072167414.0,146.0,-12.0,-42.0,18.0,-15.0,26.0
1821,,,,,,,,,,,,,,,,,,,,,,,,,,,,,,,,,40975.0,3377.0,1.0,391.0,-1072167414.0,146.0,-14.0,-41.0,4.0,-11.0,17.0
1822,,,,,,,,,,,,,,,,,,,,,,,,,,,,,,,,,40985.0,3379.0,1.0,390.0,-1072167414.0,146.0,-14.0,-44.0,12.0,-17.0,30.0
1823,,,,,,,,,,,,,,,,,,,,,,,,,,,,,,,,,41025.0,3383.0,0.0,389.0,-1072167415.0,142.0,-15.0,-43.0,-36.0,41.0,23.0
1824,,,,,,,,,,,,,,,,,,,,,,,,,,,,,,,,,41035.0,3385.0,0.0,388.0,-1072167415.0,142.0,-15.0,-44.0,-50.0,77.0,17.0
1825,,,,,,,,,,,,,,,,,,,,,,,,,,,,,,,,,41045.0,3386.0,0.0,387.0,-1072166391.0,142.0,-14.0,-44.0,-25.0,55.0,24.0
1826,,,,,,,,,,,,,,,,,,,,,,,,,,,,,,,,,41055.0,3389.0,0.0,387.0,-1072166391.0,144.0,-16.0,-44.0,-27.0,66.0,16.0
1827,,,,,,,,,,,,,,,,,,,,,,,,,,,,,,,,,41065.0,3390.0,0.0,386.0,-1072166391.0,143.0,-16.0,-44.0,-3.0,59.0,16.0
1828,,,,,,,,,,,,,,,,,,,,,,,,,,,,,,,,,41075.0,3387.0,-1.0,386.0,-1072166391.0,134.0,-19.0,-46.0,12.0,57.0,20.0
1829,,,,,,,,,,,,,,,,,,,,,,,,,,,,,,,,,41105.0,3395.0,-1.0,384.0,-1072165367.0,139.0,-18.0,-42.0,-20.0,-40.0,20.0
1830,,,,,,,,,,,,,,,,,,,,,,,,,,,,,,,,,41115.0,3397.0,-2.0,384.0,-1072166391.0,140.0,-20.0,-39.0,-32.0,-53.0,18.0
1831,,,,,,,,,,,,,,,,,,,,,,,,,,,,,,,,,41125.0,3398.0,-3.0,384.0,-1073214968.0,139.0,-21.0,-38.0,-49.0,-67.0,24.0
1832,,,,,,,,,,,,,,,,,,,,,,,,,,,,,,,,,41135.0,3400.0,-2.0,383.0,-1073214968.0,140.0,-20.0,-37.0,-65.0,-64.0,17.0
1833,,,,,,,,,,,,,,,,,,,,,,,,,,,,,,,,,41145.0,3402.0,-2.0,383.0,-536344056.0,139.0,-19.0,-36.0,-66.0,-66.0,23.0
1834,,,,,,,,,,,,,,,,,,,,,,,,,,,,,,,,,41165.0,3403.0,-4.0,383.0,-536345080.0,136.0,-22.0,-35.0,-58.0,-33.0,30.0
1835,,,,,,,,,,,,,,,,,,,,,,,,,,,,,,,,,41185.0,3407.0,-4.0,382.0,-535296504.0,137.0,-20.0,-34.0,-31.0,-10.0,46.0
1836,,,,,,,,,,,,,,,,,,,,,,,,,,,,,,,,,41195.0,3407.0,-3.0,382.0,-535296504.0,135.0,-19.0,-33.0,-28.0,30.0,49.0
1837,,,,,,,,,,,,,,,,,,,,,,,,,,,,,,,,,41205.0,3409.0,-4.0,381.0,-535296504.0,136.0,-20.0,-35.0,-6.0,8.0,54.0
1838,,,,,,,,,,,,,,,,,,,,,,,,,,,,,,,,,41215.0,3411.0,-4.0,380.0,-535296505.0,136.0,-20.0,-35.0,-6.0,18.0,52.0
1839,,,,,,,,,,,,,,,,,,,,,,,,,,,,,,,,,41255.0,3415.0,-6.0,377.0,-535295481.0,132.0,-20.0,-39.0,-53.0,37.0,52.0
1840,,,,,,,,,,,,,,,,,,,,,,,,,,,,,,,,,41275.0,3420.0,-5.0,377.0,-534246906.0,136.0,-18.0,-41.0,-70.0,22.0,50.0
1841,,,,,,,,,,,,,,,,,,,,,,,,,,,,,,,,,41285.0,3422.0,-6.0,376.0,-534246906.0,137.0,-18.0,-40.0,-75.0,2.0,51.0
1842,,,,,,,,,,,,,,,,,,,,,,,,,,,,,,,,,41295.0,3424.0,-6.0,375.0,-534246906.0,137.0,-17.0,-41.0,-70.0,-11.0,51.0
1843,,,,,,,,,,,,,,,,,,,,,,,,,,,,,,,,,41305.0,3424.0,-6.0,375.0,-534246906.0,134.0,-17.0,-41.0,-34.0,-39.0,54.0
1844,,,,,,,,,,,,,,,,,,,,,,,,,,,,,,,,,41335.0,3428.0,-8.0,374.0,-534246907.0,133.0,-18.0,-37.0,25.0,-35.0,53.0
1845,,,,,,,,,,,,,,,,,,,,,,,,,,,,,,,,,41355.0,3431.0,-8.0,373.0,-534247931.0,132.0,-16.0,-36.0,24.0,-17.0,34.0
1846,,,,,,,,,,,,,,,,,,,,,,,,,,,,,,,,,41365.0,3433.0,-8.0,373.0,-534247931.0,135.0,-16.0,-36.0,27.0,24.0,32.0
1847,,,,,,,,,,,,,,,,,,,,,,,,,,,,,,,,,41375.0,3435.0,-8.0,373.0,-534247932.0,135.0,-15.0,-35.0,-12.0,34.0,38.0
1848,,,,,,,,,,,,,,,,,,,,,,,,,,,,,,,,,41385.0,3437.0,-9.0,372.0,-534247932.0,135.0,-14.0,-36.0,-3.0,62.0,33.0
1849,,,,,,,,,,,,,,,,,,,,,,,,,,,,,,,,,41415.0,3441.0,-9.0,371.0,-534246908.0,135.0,-12.0,-37.0,-19.0,52.0,37.0
1850,,,,,,,,,,,,,,,,,,,,,,,,,,,,,,,,,41445.0,3445.0,-10.0,369.0,-534246908.0,133.0,-11.0,-39.0,-10.0,17.0,30.0
1851,,,,,,,,,,,,,,,,,,,,,,,,,,,,,,,,,41455.0,3447.0,-10.0,368.0,-534245885.0,133.0,-12.0,-40.0,-26.0,5.0,24.0
1852,,,,,,,,,,,,,,,,,,,,,,,,,,,,,,,,,41465.0,3448.0,-10.0,368.0,-533197309.0,132.0,-11.0,-40.0,-29.0,3.0,23.0
1853,,,,,,,,,,,,,,,,,,,,,,,,,,,,,,,,,41475.0,3450.0,-10.0,367.0,-533198333.0,134.0,-10.0,-45.0,-15.0,-12.0,32.0
1854,,,,,,,,,,,,,,,,,,,,,,,,,,,,,,,,,41495.0,3450.0,-11.0,366.0,-533197309.0,127.0,-10.0,-46.0,-9.0,-10.0,32.0
1855,,,,,,,,,,,,,,,,,,,,,,,,,,,,,,,,,41515.0,3453.0,-12.0,363.0,-533198333.0,126.0,-9.0,-57.0,-16.0,-3.0,31.0
1856,,,,,,,,,,,,,,,,,,,,,,,,,,,,,,,,,41535.0,3457.0,-11.0,361.0,-533198333.0,127.0,-6.0,-56.0,0.0,-46.0,35.0
1857,,,,,,,,,,,,,,,,,,,,,,,,,,,,,,,,,41545.0,3459.0,-12.0,361.0,-533198334.0,128.0,-7.0,-56.0,7.0,-41.0,35.0
1858,,,,,,,,,,,,,,,,,,,,,,,,,,,,,,,,,41555.0,3461.0,-12.0,363.0,-533198334.0,129.0,-6.0,-39.0,8.0,17.0,35.0
1859,,,,,,,,,,,,,,,,,,,,,,,,,,,,,,,,,41565.0,3461.0,-11.0,363.0,-533198334.0,127.0,-3.0,-37.0,26.0,10.0,31.0
1860,,,,,,,,,,,,,,,,,,,,,,,,,,,,,,,,,41665.0,3474.0,-11.0,361.0,-533197311.0,121.0,3.0,-14.0,-23.0,-35.0,35.0
1861,,,,,,,,,,,,,,,,,,,,,,,,,,,,,,,,,41675.0,3476.0,-11.0,361.0,-533198335.0,122.0,4.0,-13.0,-37.0,-20.0,32.0
1862,,,,,,,,,,,,,,,,,,,,,,,,,,,,,,,,,41685.0,3477.0,-11.0,361.0,-533198335.0,121.0,5.0,-13.0,-12.0,-61.0,29.0
1863,,,,,,,,,,,,,,,,,,,,,,,,,,,,,,,,,41715.0,3480.0,-11.0,361.0,-533198335.0,118.0,6.0,-8.0,49.0,-42.0,29.0
1864,,,,,,,,,,,,,,,,,,,,,,,,,,,,,,,,,41725.0,3481.0,-12.0,361.0,-533198336.0,117.0,7.0,-7.0,72.0,-22.0,41.0
1865,,,,,,,,,,,,,,,,,,,,,,,,,,,,,,,,,41755.0,3487.0,-11.0,361.0,-534247936.0,121.0,10.0,-3.0,50.0,-22.0,35.0
1866,,,,,,,,,,,,,,,,,,,,,,,,,,,,,,,,,41775.0,3490.0,-9.0,361.0,-534248448.0,121.0,15.0,-7.0,36.0,-6.0,38.0
1867,,,,,,,,,,,,,,,,,,,,,,,,,,,,,,,,,41785.0,3491.0,-9.0,361.0,-534248448.0,121.0,14.0,-7.0,36.0,10.0,29.0
1868,,,,,,,,,,,,,,,,,,,,,,,,,,,,,,,,,41795.0,3492.0,-9.0,360.0,-534248448.0,120.0,14.0,-8.0,32.0,4.0,28.0
1869,,,,,,,,,,,,,,,,,,,,,,,,,,,,,,,,,41805.0,3492.0,-9.0,360.0,-535297023.0,117.0,15.0,-9.0,43.0,4.0,23.0
1870,,,,,,,,,,,,,,,,,,,,,,,,,,,,,,,,,41815.0,3495.0,-9.0,360.0,-535297023.0,119.0,15.0,-8.0,57.0,4.0,23.0
1871,,,,,,,,,,,,,,,,,,,,,,,,,,,,,,,,,41845.0,3499.0,-8.0,363.0,-535297023.0,120.0,17.0,5.0,60.0,-16.0,24.0
1872,,,,,,,,,,,,,,,,,,,,,,,,,,,,,,,,,41855.0,3500.0,-8.0,363.0,-536345599.0,120.0,16.0,6.0,65.0,-32.0,12.0
1873,,,,,,,,,,,,,,,,,,,,,,,,,,,,,,,,,41865.0,3502.0,-8.0,361.0,-536345599.0,121.0,17.0,-4.0,63.0,-46.0,11.0
1874,,,,,,,,,,,,,,,,,,,,,,,,,,,,,,,,,41875.0,3503.0,-7.0,361.0,-536345599.0,120.0,18.0,-6.0,26.0,-29.0,19.0
1875,,,,,,,,,,,,,,,,,,,,,,,,,,,,,,,,,41885.0,3504.0,-7.0,361.0,-1073216511.0,120.0,17.0,-6.0,22.0,-27.0,20.0
1876,,,,,,,,,,,,,,,,,,,,,,,,,,,,,,,,,41895.0,3505.0,-7.0,361.0,-1073217535.0,120.0,17.0,-8.0,6.0,-11.0,20.0
1877,,,,,,,,,,,,,,,,,,,,,,,,,,,,,,,,,41915.0,3507.0,-7.0,360.0,-1073217535.0,119.0,16.0,-14.0,9.0,-10.0,33.0
1878,,,,,,,,,,,,,,,,,,,,,,,,,,,,,,,,,41945.0,3510.0,-6.0,360.0,-1073217534.0,116.0,18.0,-18.0,8.0,-12.0,34.0
1879,,,,,,,,,,,,,,,,,,,,,,,,,,,,,,,,,41955.0,3512.0,-6.0,359.0,-1073217534.0,119.0,18.0,-17.0,15.0,-25.0,34.0
1880,,,,,,,,,,,,,,,,,,,,,,,,,,,,,,,,,41965.0,3513.0,-5.0,359.0,-1073217534.0,118.0,19.0,-16.0,10.0,-29.0,31.0
1881,,,,,,,,,,,,,,,,,,,,,,,,,,,,,,,,,41975.0,3514.0,-5.0,359.0,-1073217534.0,118.0,18.0,-17.0,14.0,-19.0,33.0
1882,,,,,,,,,,,,,,,,,,,,,,,,,,,,,,,,,41995.0,3517.0,-4.0,357.0,-1073741822.0,118.0,19.0,-23.0,15.0,21.0,27.0
1883,,,,,,,,,,,,,,,,,,,,,,,,,,,,,,,,,42015.0,3519.0,-4.0,357.0,-1072168957.0,118.0,18.0,-23.0,19.0,45.0,39.0
1884,,,,,,,,,,,,,,,,,,,,,,,,,,,,,,,,,42025.0,3520.0,-4.0,357.0,-1072168957.0,118.0,17.0,-23.0,18.0,31.0,38.0
1885,,,,,,,,,,,,,,,,,,,,,,,,,,,,,,,,,42035.0,3520.0,-5.0,357.0,-1072167933.0,115.0,16.0,-21.0,31.0,33.0,37.0
1886,,,,,,,,,,,,,,,,,,,,,,,,,,,,,,,,,42045.0,3522.0,-5.0,356.0,-1072167933.0,117.0,15.0,-20.0,25.0,23.0,33.0
1887,,,,,,,,,,,,,,,,,,,,,,,,,,,,,,,,,42095.0,3529.0,-4.0,355.0,-1072168956.0,119.0,13.0,-17.0,-8.0,-30.0,24.0
1888,,,,,,,,,,,,,,,,,,,,,,,,,,,,,,,,,42105.0,3531.0,-4.0,355.0,-1072168956.0,119.0,13.0,-16.0,-21.0,-33.0,30.0
1889,,,,,,,,,,,,,,,,,,,,,,,,,,,,,,,,,42115.0,3532.0,-4.0,355.0,-1072168956.0,119.0,12.0,-14.0,-32.0,-45.0,31.0
1890,,,,,,,,,,,,,,,,,,,,,,,,,,,,,,,,,42125.0,3530.0,-2.0,355.0,-1072168956.0,112.0,16.0,-12.0,0.0,-63.0,28.0
1891,,,,,,,,,,,,,,,,,,,,,,,,,,,,,,,,,42145.0,3533.0,-2.0,353.0,-1072693244.0,114.0,15.0,-16.0,39.0,-49.0,7.0
1892,,,,,,,,,,,,,,,,,,,,,,,,,,,,,,,,,42165.0,3537.0,-3.0,353.0,-1072692220.0,117.0,12.0,-13.0,54.0,-77.0,-5.0
1893,,,,,,,,,,,,,,,,,,,,,,,,,,,,,,,,,42185.0,3540.0,-3.0,353.0,-1071643644.0,119.0,10.0,-9.0,68.0,-72.0,-5.0
1894,,,,,,,,,,,,,,,,,,,,,,,,,,,,,,,,,42195.0,3541.0,-3.0,353.0,-1071642620.0,119.0,10.0,-8.0,54.0,-72.0,-7.0
1895,,,,,,,,,,,,,,,,,,,,,,,,,,,,,,,,,42215.0,3543.0,-3.0,354.0,-1071642620.0,120.0,8.0,0.0,60.0,-50.0,-6.0
1896,,,,,,,,,,,,,,,,,,,,,,,,,,,,,,,,,42225.0,3544.0,-4.0,354.0,-1070594044.0,119.0,6.0,1.0,29.0,-6.0,-8.0
1897,,,,,,,,,,,,,,,,,,,,,,,,,,,,,,,,,42235.0,3545.0,-4.0,354.0,-1070594044.0,119.0,5.0,3.0,33.0,-11.0,-12.0
1898,,,,,,,,,,,,,,,,,,,,,,,,,,,,,,,,,42245.0,3546.0,-4.0,354.0,-1070594044.0,119.0,4.0,5.0,0.0,-6.0,-19.0
1899,,,,,,,,,,,,,,,,,,,,,,,,,,,,,,,,,42255.0,3547.0,-3.0,354.0,-1070594044.0,121.0,4.0,7.0,-18.0,-3.0,-16.0
