,motor_timestamp,m1,m2,m3,m4,bat_timestamp,bat_volt,cmd_timestamp,cmd_thrust,cmd_act_thrust,cmd_roll,cmd_pitch,cmd_yawrate,stabilizer_timestamp,des_x,des_y,des_z,des_timestamp,des_vx,des_vy,des_vz,cmd_ax,cmd_ay,cmd_az,mocap_output_timestamp,mocap_x,mocap_y,mocap_z,mocap_qx,mocap_qy,mocap_qz,mocap_qw,stateZ_timestamp,stateZ_x,stateZ_y,stateZ_z,stateZ_quat,stateZ_vx,stateZ_vy,stateZ_vz,stateZ_rollrate,stateZ_pitchrate,stateZ_yawrate
0,11214.0,0.0,0.0,0.0,0.0,11213.0,3.621114492416382,,,,,,,,0.0,0.0,0.027,2.1792526245117188,0.0,-0.009,-0.001,0.0,0.0,0.0,,,,,,,,,11211.0,41.0,22.0,27.0,-535297023.0,2.0,6.0,0.0,-2.0,0.0,0.0
1,11224.0,0.0,0.0,0.0,0.0,11223.0,3.621114492416382,,,,,,,,0.0,0.0,0.028,2.2049262523651123,0.005,-0.002,0.0,0.0,0.0,0.0,,,,,,,,,11221.0,41.0,22.0,27.0,-535297023.0,2.0,6.0,0.0,-3.0,-2.0,-1.0
2,11234.0,0.0,0.0,0.0,0.0,11233.0,3.621114492416382,,,,,,,,0.0,0.0,0.028,2.2253830432891846,0.001,-0.003,0.0,0.0,0.0,0.0,,,,,,,,,11231.0,41.0,22.0,27.0,-535297023.0,2.0,6.0,0.0,1.0,0.0,-1.0
3,11244.0,0.0,0.0,0.0,0.0,11243.0,3.621114492416382,,,,,,,,0.0,0.0,0.027,2.238621950149536,0.001,-0.004,-0.003,0.0,0.0,0.0,,,,,,,,,11241.0,42.0,22.0,27.0,-535298047.0,11.0,7.0,-1.0,3.0,-4.0,-3.0
4,11254.0,0.0,0.0,0.0,0.0,11253.0,3.621114492416382,,,,,,,,0.0,0.0,0.027,2.2508809566497803,0.001,-0.004,-0.003,0.0,0.0,0.0,,,,,,,,,11251.0,42.0,22.0,27.0,-535298047.0,9.0,6.0,-1.0,-1.0,1.0,4.0
5,11264.0,0.0,0.0,0.0,0.0,11263.0,3.621114492416382,,,,,,,,0.0,0.0,0.027,2.263301134109497,0.0,-0.001,-0.003,0.0,0.0,0.0,,,,,,,,,11261.0,42.0,22.0,27.0,-535298047.0,9.0,6.0,-1.0,-2.0,-2.0,1.0
6,11274.0,0.0,0.0,0.0,0.0,11273.0,3.621114492416382,,,,,,,,0.0,0.0,0.027,2.275942325592041,-0.002,-0.006,-0.001,0.0,0.0,0.0,,,,,,,,,11271.0,42.0,22.0,26.0,-535298047.0,9.0,6.0,-4.0,0.0,-1.0,-1.0
7,11284.0,0.0,0.0,0.0,0.0,11283.0,3.621114492416382,,,,,,,,0.0,0.0,0.027,2.2904539108276367,-0.003,-0.006,-0.002,0.0,0.0,0.0,,,,,,,,,11281.0,42.0,22.0,26.0,-535298047.0,8.0,6.0,-4.0,0.0,-1.0,0.0
8,11294.0,0.0,0.0,0.0,0.0,11293.0,3.621114492416382,,,,,,,,0.0,0.0,0.027,2.304516553878784,-0.004,-0.024,-0.003,0.0,0.0,0.0,,,,,,,,,11291.0,43.0,22.0,26.0,-535298047.0,11.0,7.0,-4.0,0.0,-3.0,3.0
9,11304.0,0.0,0.0,0.0,0.0,11303.0,3.621114492416382,,,,,,,,0.0,0.0,0.026,2.326362371444702,-0.002,-0.038,-0.007,0.0,0.0,0.0,,,,,,,,,11301.0,42.0,22.0,26.0,-535298047.0,8.0,6.0,-4.0,-1.0,0.0,0.0
10,11314.0,0.0,0.0,0.0,0.0,11313.0,3.621114492416382,,,,,,,,0.0,0.0,0.026,2.3524556159973145,-0.007,-0.038,0.008,0.0,0.0,0.0,,,,,,,,,11311.0,0.0,0.0,0.0,-1073741824.0,0.0,0.0,0.0,-1.0,0.0,-1.0
11,11324.0,0.0,0.0,0.0,0.0,11323.0,3.6158359050750732,,,,,,,,-0.002,-0.002,0.027,2.5429317951202393,-0.023,-0.04,0.04,0.0,0.0,0.0,,,,,,,,,11321.0,0.0,0.0,28.0,-536346112.0,-1.0,0.0,0.0,-2.0,4.0,-5.0
12,11334.0,0.0,0.0,0.0,0.0,11333.0,3.621114492416382,,,,,,,,-0.012,-0.012,0.023,2.565035343170166,-0.106,0.03,0.083,0.0,0.0,0.0,,,,,,,,,11331.0,0.0,0.0,28.0,-536870400.0,0.0,0.0,0.0,0.0,2.0,2.0
13,11344.0,0.0,0.0,0.0,0.0,11343.0,3.621114492416382,,,,,,,,-0.018,-0.018,0.02,2.5874364376068115,-0.149,0.037,0.106,0.0,0.0,0.0,,,,,,,,,11341.0,0.0,0.0,28.0,-536346112.0,-1.0,0.0,0.0,0.0,-2.0,0.0
14,11354.0,0.0,0.0,0.0,0.0,11353.0,3.621114492416382,,,,,,,,-0.028,-0.028,0.023,2.6096115112304688,-0.212,0.077,0.146,0.0,0.0,0.0,,,,,,,,,11351.0,0.0,0.0,28.0,-536870400.0,3.0,0.0,0.0,-2.0,0.0,0.0
15,11364.0,0.0,0.0,0.0,0.0,11363.0,3.621114492416382,,,,,,,,-0.039,-0.039,0.027,2.631897211074829,-0.264,0.1,0.191,0.0,0.0,0.0,,,,,,,,,11361.0,0.0,0.0,28.0,-536870400.0,3.0,2.0,0.0,0.0,1.0,-1.0
16,11374.0,0.0,0.0,0.0,0.0,11373.0,3.621114492416382,,,,,,,,-0.049,-0.049,0.034,2.654585599899292,-0.286,0.096,0.233,0.0,0.0,0.0,,,,,,,,,11371.0,0.0,0.0,28.0,-1073217024.0,0.0,0.0,0.0,-3.0,-4.0,-4.0
17,11384.0,0.0,0.0,0.0,0.0,11383.0,3.621114492416382,,,,,,,,-0.058,-0.058,0.049,2.677706241607666,-0.283,0.096,0.308,0.0,0.0,0.0,,,,,,,,,11381.0,0.0,0.0,28.0,-536345088.0,-1.0,0.0,0.0,-2.0,1.0,-2.0
18,11394.0,0.0,0.0,0.0,0.0,11393.0,3.621114492416382,,,,,,,,-0.063,-0.063,0.067,2.701141834259033,-0.226,0.088,0.36,0.0,0.0,0.0,,,,,,,,,11391.0,0.0,0.0,28.0,-1073217024.0,-1.0,0.0,0.0,0.0,0.0,1.0
19,11404.0,0.0,0.0,0.0,0.0,11403.0,3.621114492416382,,,,,,,,-0.065,-0.065,0.078,2.724395751953125,-0.178,0.07,0.372,0.0,0.0,0.0,,,,,,,,,11401.0,0.0,0.0,28.0,-1073216000.0,-1.0,0.0,0.0,-1.0,1.0,1.0
20,11414.0,0.0,0.0,0.0,0.0,11413.0,3.621114492416382,,,,,,,,-0.067,-0.067,0.092,2.746656894683838,-0.136,0.071,0.377,0.0,0.0,0.0,,,,,,,,,11411.0,0.0,0.0,28.0,-1073216000.0,-1.0,-1.0,0.0,2.0,0.0,1.0
21,11424.0,0.0,0.0,0.0,0.0,11423.0,3.621114492416382,,,,,,,,-0.063,-0.063,0.109,2.7697272300720215,-0.057,0.048,0.371,0.0,0.0,0.0,,,,,,,,,11421.0,0.0,0.0,28.0,-1073216000.0,-1.0,-1.0,1.0,-1.0,-3.0,0.0
22,11434.0,0.0,0.0,0.0,0.0,11433.0,3.621114492416382,,,,,,,,-0.062,-0.062,0.117,2.7924842834472656,-0.014,0.036,0.341,0.0,0.0,0.0,,,,,,,,,11431.0,0.0,0.0,28.0,-1072168448.0,0.0,-7.0,1.0,1.0,-1.0,1.0
23,11444.0,0.0,0.0,0.0,0.0,11443.0,3.6158359050750732,,,,,,,,-0.064,-0.064,0.127,2.814601421356201,0.006,0.031,0.321,0.0,0.0,0.0,,,,,,,,,11441.0,0.0,0.0,28.0,-1072168448.0,1.0,-8.0,1.0,0.0,4.0,0.0
24,11454.0,0.0,0.0,0.0,0.0,11453.0,3.621114492416382,,,,,,,,-0.058,-0.058,0.139,2.83735728263855,0.061,0.01,0.291,0.0,0.0,0.0,,,,,,,,,11451.0,0.0,0.0,28.0,-1072168448.0,0.0,-8.0,0.0,0.0,0.0,0.0
25,11464.0,0.0,0.0,0.0,0.0,11463.0,3.621114492416382,,,,,,,,-0.053,-0.053,0.149,2.8599913120269775,0.098,-0.005,0.281,0.0,0.0,0.0,,,,,,,,,11461.0,0.0,0.0,28.0,-1073217024.0,0.0,-4.0,0.0,0.0,-1.0,0.0
26,11474.0,0.0,0.0,0.0,0.0,11473.0,3.621114492416382,,,,,,,,-0.05,-0.05,0.154,2.8833889961242676,0.115,-0.012,0.272,0.0,0.0,0.0,,,,,,,,,11471.0,0.0,0.0,28.0,-1073741312.0,3.0,-4.0,0.0,0.0,2.0,-2.0
27,11484.0,0.0,0.0,0.0,0.0,11483.0,3.621114492416382,,,,,,,,-0.045,-0.045,0.161,2.904609441757202,0.14,-0.02,0.27,0.0,0.0,0.0,,,,,,,,,11481.0,0.0,0.0,28.0,-1072168448.0,0.0,-6.0,0.0,-1.0,3.0,-5.0
28,11494.0,0.0,0.0,0.0,0.0,11493.0,3.6158359050750732,,,,,,,,-0.042,-0.042,0.166,2.925046920776367,0.152,-0.026,0.263,0.0,0.0,0.0,,,,,,,,,11491.0,0.0,0.0,28.0,-1072168448.0,0.0,-6.0,0.0,-4.0,3.0,1.0
29,11504.0,0.0,0.0,0.0,0.0,11503.0,3.621114492416382,,,,,,,,-0.038,-0.038,0.171,2.9457428455352783,0.165,-0.031,0.257,0.0,0.0,0.0,,,,,,,,,11501.0,0.0,0.0,27.0,-1072168448.0,0.0,-6.0,-2.0,0.0,0.0,0.0
30,11514.0,0.0,0.0,0.0,0.0,11513.0,3.621114492416382,,,,,,,,-0.033,-0.033,0.176,2.965965986251831,0.18,-0.037,0.255,0.0,0.0,0.0,,,,,,,,,11511.0,0.0,0.0,27.0,-1072168448.0,0.0,-6.0,-1.0,2.0,3.0,1.0
31,11524.0,0.0,0.0,0.0,0.0,11523.0,3.621114492416382,,,,,,,,-0.025,-0.025,0.184,2.98663592338562,0.196,-0.042,0.259,0.0,0.0,0.0,,,,,,,,,11521.0,0.0,-1.0,27.0,-1072168448.0,0.0,-9.0,-1.0,-2.0,0.0,0.0
32,11534.0,49285.0,49294.0,49080.0,49063.0,11533.0,3.621114492416382,,,,,,,,-0.021,-0.021,0.19,3.0081679821014404,0.198,-0.045,0.261,0.0,0.0,0.0,,,,,,,,,11531.0,0.0,-1.0,27.0,-1072168448.0,0.0,-8.0,-1.0,3.0,1.0,1.0
33,11544.0,49353.0,49433.0,48997.0,48965.0,11543.0,3.621114492416382,,,,,,,,-0.017,-0.017,0.196,3.02932071685791,0.199,-0.047,0.271,0.0,0.0,0.0,,,,,,,,,11541.0,0.0,-1.0,28.0,-1072168448.0,0.0,-9.0,0.0,-4.0,3.0,1.0
34,11554.0,55107.0,54863.0,54636.0,54696.0,11553.0,3.251613140106201,,,,,,,,-0.011,-0.011,0.201,3.0493662357330322,0.205,-0.05,0.273,0.0,0.0,0.0,,,,,,,,,11551.0,0.0,0.0,28.0,-536870400.0,5.0,-2.0,0.0,4.0,3.0,0.0
35,11564.0,59914.0,59845.0,59397.0,60128.0,11563.0,2.9824047088623047,,,,,,,,-0.005,-0.005,0.21,3.070213556289673,0.2,-0.052,0.277,0.0,0.0,0.0,,,,,,,,,11561.0,0.0,0.0,28.0,-536870400.0,5.0,-2.0,1.0,-9.0,-1.0,-3.0
36,11574.0,63187.0,63824.0,63732.0,63127.0,11573.0,2.8134896755218506,,,,,,,,0.0,0.0,0.216,3.0915493965148926,0.199,-0.054,0.279,0.0,0.0,0.0,,,,,,,,,11571.0,0.0,0.0,28.0,-536346624.0,1.0,-3.0,0.0,5.0,-2.0,77.0
37,11584.0,63711.0,64405.0,63724.0,62163.0,11583.0,2.8134896755218506,,,,,,,,0.007,0.007,0.223,3.11289644241333,0.194,-0.056,0.279,0.0,0.0,0.0,,,,,,,,,11581.0,0.0,0.0,27.0,-1073217024.0,1.0,-4.0,-3.0,-9.0,-18.0,61.0
38,11594.0,65535.0,64857.0,64512.0,64532.0,11593.0,2.6973607540130615,,,,,,,,0.013,0.013,0.231,3.1605820655822754,0.178,-0.055,0.284,0.0,0.0,0.0,,,,,,,,,11591.0,0.0,-1.0,27.0,-1073217024.0,1.0,-4.0,-3.0,-4.0,8.0,-48.0
39,11604.0,65535.0,65189.0,63261.0,64336.0,11603.0,2.66568922996521,,,,,,,,0.018,0.018,0.237,3.184379816055298,0.175,-0.055,0.29,0.0,0.0,0.0,,,,,,,,,11601.0,0.0,0.0,27.0,-536346112.0,0.0,-1.0,-3.0,-2.0,39.0,-21.0
40,11614.0,64211.0,65535.0,65356.0,64299.0,11613.0,2.676246404647827,,,,,,,,0.025,0.025,0.248,3.2066895961761475,0.161,-0.054,0.31,0.0,0.0,0.0,,,,,,,,,11611.0,0.0,0.0,27.0,-536346112.0,0.0,-1.0,-2.0,-8.0,9.0,0.0
41,11624.0,65354.0,65535.0,64877.0,64670.0,11623.0,2.7079179286956787,,,,,,,,0.028,0.028,0.254,3.2281031608581543,0.147,-0.052,0.314,0.0,0.0,0.0,,,,,,,,,11621.0,0.0,-1.0,27.0,-1073216000.0,-2.0,-6.0,-1.0,32.0,42.0,0.0
42,11634.0,65471.0,65535.0,64779.0,64848.0,11633.0,2.755425214767456,,,,,,,,0.03,0.03,0.26,3.2488276958465576,0.133,-0.05,0.316,0.0,0.0,0.0,,,,,,,,,11631.0,0.0,-1.0,27.0,-1073216000.0,-3.0,-6.0,-2.0,-26.0,11.0,-8.0
43,11644.0,64878.0,65535.0,64847.0,64029.0,11643.0,2.755425214767456,,,,,,,,0.034,0.034,0.267,3.2698609828948975,0.121,-0.047,0.319,0.0,0.0,0.0,,,,,,,,,11641.0,0.0,-3.0,27.0,-1071118848.0,-3.0,-19.0,-1.0,48.0,52.0,9.0
44,11654.0,64782.0,64875.0,64075.0,63449.0,11653.0,2.797653913497925,,,,,,,,0.036,0.036,0.273,3.290365219116211,0.107,-0.045,0.319,0.0,0.0,0.0,,,,,,,,,11651.0,0.0,-3.0,27.0,-1070070272.0,-4.0,-24.0,-3.0,-21.0,30.0,23.0
45,11664.0,63634.0,65180.0,64002.0,60538.0,11663.0,2.8398826122283936,,,,,,,,0.039,0.039,0.279,3.3119969367980957,0.094,-0.043,0.319,0.0,0.0,0.0,,,,,,,,,11661.0,0.0,-4.0,26.0,-1070069760.0,-6.0,-29.0,-4.0,-21.0,84.0,77.0
46,11674.0,61290.0,62917.0,63687.0,59954.0,11673.0,2.8662755489349365,,,,,,,,0.04,0.04,0.286,3.3325021266937256,0.079,-0.04,0.323,0.0,0.0,0.0,,,,,,,,,11671.0,0.0,-4.0,26.0,-1070069760.0,-9.0,-30.0,-7.0,7.0,148.0,107.0
47,11684.0,60703.0,61923.0,62513.0,59513.0,11683.0,2.9085044860839844,,,,,,,,0.044,0.044,0.296,3.354865074157715,0.06,-0.034,0.329,0.0,0.0,0.0,,,,,,,,,11681.0,0.0,-5.0,26.0,-1069021183.0,-2.0,-38.0,-7.0,-171.0,200.0,102.0
48,11694.0,62181.0,62779.0,60978.0,58805.0,11693.0,2.950733184814453,,,,,,,,0.045,0.045,0.301,3.3775229454040527,0.045,-0.031,0.319,0.0,0.0,0.0,,,,,,,,,11691.0,0.0,-6.0,26.0,-1070068735.0,-3.0,-42.0,-5.0,-69.0,137.0,66.0
49,11704.0,56724.0,62402.0,63905.0,57312.0,11703.0,2.950733184814453,,,,,,,,0.046,0.046,0.307,3.397343397140503,0.032,-0.028,0.32,0.0,0.0,0.0,,,,,,,,,11701.0,0.0,-6.0,26.0,-1070067711.0,-7.0,-41.0,0.0,-114.0,265.0,64.0
50,11714.0,53694.0,61364.0,64701.0,57268.0,11713.0,2.992961883544922,,,,,,,,0.047,0.047,0.314,3.417783737182617,0.018,-0.027,0.323,0.0,0.0,0.0,,,,,,,,,11711.0,0.0,-6.0,26.0,-1071115262.0,-7.0,-38.0,8.0,-312.0,575.0,77.0
51,11724.0,54511.0,59898.0,63388.0,56787.0,11723.0,3.019355058670044,,,,,,,,0.047,0.047,0.32,3.4389729499816895,0.004,-0.024,0.327,0.0,0.0,0.0,,,,,,,,,11721.0,-2.0,-6.0,26.0,-1073209342.0,-21.0,-35.0,20.0,-476.0,588.0,113.0
52,11734.0,50688.0,56389.0,65234.0,56200.0,11733.0,3.056305170059204,,,,,,,,0.047,0.047,0.327,3.4598848819732666,-0.008,-0.017,0.334,0.0,0.0,0.0,,,,,,,,,11731.0,-1.0,-8.0,26.0,-1072160766.0,-12.0,-47.0,19.0,-625.0,479.0,182.0
53,11744.0,49374.0,54768.0,64844.0,55026.0,11743.0,3.082698106765747,,,,,,,,0.048,0.048,0.334,3.4808545112609863,-0.017,-0.014,0.338,0.0,0.0,0.0,,,,,,,,,11741.0,-2.0,-7.0,27.0,-535287806.0,-23.0,-40.0,40.0,-889.0,592.0,232.0
54,11754.0,50644.0,54709.0,64967.0,52327.0,11753.0,3.1143696308135986,,,,,,,,0.05,0.05,0.341,3.5025737285614014,-0.023,-0.016,0.344,0.0,0.0,0.0,,,,,,,,,11751.0,-2.0,-8.0,27.0,-532140029.0,-26.0,-39.0,57.0,-860.0,551.0,306.0
55,11764.0,51913.0,54397.0,64380.0,50290.0,11763.0,3.1143696308135986,,,,,,,,0.051,0.051,0.348,3.5232503414154053,-0.03,-0.023,0.353,0.0,0.0,0.0,,,,,,,,,11761.0,-4.0,-1.0,23.0,-523747324.0,-46.0,14.0,46.0,-719.0,615.0,330.0
56,11774.0,52187.0,55607.0,64017.0,46393.0,11773.0,3.14604115486145,,,,,,,,0.051,0.051,0.356,3.545241117477417,-0.038,-0.017,0.36,0.0,0.0,0.0,,,,,,,,,11771.0,-9.0,-1.0,23.0,-520596475.0,-85.0,21.0,63.0,-448.0,558.0,351.0
57,11784.0,52432.0,57879.0,63636.0,40158.0,11783.0,3.161876916885376,,,,,,,,0.05,0.05,0.366,3.5659799575805664,-0.053,-0.013,0.364,0.0,0.0,0.0,,,,,,,,,11781.0,-12.0,0.0,23.0,-517447674.0,-106.0,30.0,83.0,-18.0,605.0,364.0
58,11794.0,52808.0,59890.0,63076.0,33635.0,11793.0,3.1777126789093018,,,,,,,,0.052,0.052,0.374,3.5905656814575195,-0.051,-0.003,0.364,0.0,0.0,0.0,,,,,,,,,11791.0,-14.0,0.0,24.0,-516397048.0,-117.0,38.0,104.0,337.0,716.0,342.0
59,11804.0,55283.0,60734.0,61715.0,29853.0,11803.0,3.1935484409332275,,,,,,,,0.052,0.052,0.379,3.6128265857696533,-0.057,0.0,0.358,0.0,0.0,0.0,,,,,,,,,11801.0,-12.0,-2.0,20.0,-519541751.0,-106.0,18.0,97.0,721.0,731.0,327.0
60,11814.0,58366.0,59504.0,59717.0,35143.0,11813.0,3.2041056156158447,,,,,,,,0.051,0.051,0.386,3.6345834732055664,-0.064,0.002,0.36,0.0,0.0,0.0,,,,,,,,,11811.0,-18.0,0.0,20.0,-520584182.0,-149.0,37.0,106.0,977.0,397.0,299.0
61,11824.0,58627.0,59230.0,58561.0,37417.0,11823.0,3.2041056156158447,,,,,,,,0.058,0.058,0.398,3.6564905643463135,-0.051,0.013,0.361,0.0,0.0,0.0,,,,,,,,,11821.0,-24.0,2.0,21.0,-521628660.0,-189.0,59.0,113.0,1043.0,-58.0,248.0
62,11834.0,58776.0,56747.0,57679.0,43481.0,11833.0,3.2041056156158447,,,,,,,,0.058,0.058,0.401,3.6785056591033936,-0.052,0.015,0.361,0.0,0.0,0.0,,,,,,,,,11831.0,-26.0,4.0,22.0,-524773363.0,-204.0,73.0,128.0,1006.0,-453.0,225.0
63,11844.0,58190.0,52793.0,56985.0,49662.0,11843.0,3.2041056156158447,,,,,,,,0.056,0.056,0.411,3.6961288452148438,-0.057,0.017,0.348,0.0,0.0,0.0,,,,,,,,,11841.0,-28.0,5.0,23.0,-528968690.0,-212.0,77.0,146.0,730.0,-886.0,172.0
64,11854.0,57926.0,48688.0,56579.0,53749.0,11853.0,3.2093844413757324,,,,,,,,0.056,0.056,0.418,3.7179758548736572,-0.058,0.018,0.344,0.0,0.0,0.0,,,,,,,,,11851.0,-34.0,7.0,22.0,-531066865.0,-248.0,92.0,145.0,428.0,-1283.0,162.0
65,11864.0,57704.0,45886.0,56533.0,55860.0,11863.0,3.214663028717041,,,,,,,,0.054,0.054,0.424,3.7400944232940674,-0.062,0.017,0.335,0.0,0.0,0.0,,,,,,,,,11861.0,-36.0,9.0,24.0,-533168113.0,-258.0,94.0,159.0,182.0,-1555.0,147.0
66,11874.0,57293.0,43526.0,56520.0,57071.0,11873.0,3.214663028717041,,,,,,,,0.055,0.055,0.431,3.761019706726074,-0.06,0.015,0.327,0.0,0.0,0.0,,,,,,,,,11871.0,-38.0,10.0,25.0,-534221808.0,-264.0,97.0,175.0,-8.0,-1759.0,141.0
67,11884.0,57206.0,42236.0,56181.0,57509.0,11883.0,3.214663028717041,,,,,,,,0.054,0.054,0.439,3.7816193103790283,-0.062,0.014,0.326,0.0,0.0,0.0,,,,,,,,,11881.0,-39.0,11.0,27.0,-534228975.0,-264.0,100.0,191.0,-86.0,-1801.0,134.0
68,11894.0,57031.0,41797.0,55663.0,57270.0,11893.0,3.214663028717041,,,,,,,,0.054,0.054,0.445,3.802582025527954,-0.062,0.008,0.316,0.0,0.0,0.0,,,,,,,,,11891.0,-45.0,12.0,29.0,-533185519.0,-291.0,101.0,203.0,-147.0,-1750.0,134.0
69,11904.0,56858.0,44043.0,55613.0,55511.0,11903.0,3.2199416160583496,,,,,,,,0.05,0.05,0.45,3.8246421813964844,-0.07,0.008,0.301,0.0,0.0,0.0,,,,,,,,,11901.0,-47.0,13.0,32.0,-533192686.0,-289.0,101.0,218.0,-76.0,-1664.0,141.0
70,11914.0,57509.0,45958.0,54783.0,53505.0,11913.0,3.225220203399658,,,,,,,,0.048,0.048,0.459,3.8440425395965576,-0.073,0.008,0.283,0.0,0.0,0.0,,,,,,,,,11911.0,-49.0,13.0,34.0,-532150254.0,-286.0,96.0,233.0,100.0,-1511.0,150.0
71,11924.0,57466.0,47172.0,54365.0,51510.0,11923.0,3.230498790740967,,,,,,,,0.046,0.046,0.465,3.864577293395996,-0.073,0.007,0.274,0.0,0.0,0.0,,,,,,,,,11921.0,-51.0,14.0,37.0,-533721070.0,-281.0,94.0,247.0,281.0,-1364.0,159.0
72,11934.0,57760.0,50005.0,53868.0,48055.0,11933.0,3.2357773780822754,,,,,,,,0.045,0.045,0.471,3.885230302810669,-0.073,0.005,0.262,0.0,0.0,0.0,,,,,,,,,11931.0,-58.0,15.0,46.0,-533715949.0,-299.0,98.0,295.0,468.0,-1174.0,157.0
73,11944.0,56744.0,51115.0,53711.0,44039.0,11943.0,3.2357773780822754,,,,,,,,0.044,0.044,0.477,3.9055542945861816,-0.073,0.004,0.256,0.0,0.0,0.0,,,,,,,,,11941.0,-58.0,16.0,49.0,-534759405.0,-283.0,96.0,308.0,650.0,-966.0,167.0
74,11954.0,56700.0,52198.0,53524.0,41547.0,11953.0,3.2463345527648926,,,,,,,,0.041,0.041,0.484,3.925898551940918,-0.074,0.0,0.237,0.0,0.0,0.0,,,,,,,,,11951.0,-59.0,16.0,53.0,-1072673772.0,-266.0,92.0,319.0,774.0,-752.0,166.0
75,11964.0,56188.0,52639.0,54236.0,39917.0,11963.0,3.251613140106201,,,,,,,,0.039,0.039,0.486,3.9475555419921875,-0.075,0.0,0.23,0.0,0.0,0.0,,,,,,,,,11961.0,-59.0,16.0,56.0,-1070572523.0,-248.0,86.0,329.0,797.0,-543.0,184.0
76,11974.0,55066.0,52657.0,55024.0,38941.0,11973.0,3.2621703147888184,,,,,,,,0.037,0.037,0.491,3.968163013458252,-0.076,0.0,0.218,0.0,0.0,0.0,,,,,,,,,11971.0,-60.0,16.0,60.0,-1067423723.0,-232.0,83.0,336.0,735.0,-365.0,176.0
77,11984.0,53422.0,51364.0,55958.0,39509.0,11983.0,3.2621703147888184,,,,,,,,0.036,0.036,0.494,3.9888854026794434,-0.076,-0.002,0.203,0.0,0.0,0.0,,,,,,,,,11981.0,-63.0,18.0,67.0,-1064275946.0,-226.0,88.0,360.0,593.0,-234.0,179.0
78,11994.0,51544.0,50027.0,57051.0,41293.0,11993.0,3.267448902130127,,,,,,,,0.034,0.034,0.498,4.010147571563721,-0.074,-0.003,0.192,0.0,0.0,0.0,,,,,,,,,11991.0,-63.0,18.0,71.0,-1061128170.0,-205.0,81.0,366.0,404.0,-160.0,163.0
79,12004.0,50919.0,48286.0,57373.0,43295.0,12003.0,3.267448902130127,,,,,,,,0.037,0.037,0.502,4.031507730484009,-0.064,-0.011,0.183,0.0,0.0,0.0,,,,,,,,,12001.0,-65.0,18.0,74.0,-1059031017.0,-199.0,74.0,369.0,136.0,-119.0,168.0
80,12014.0,50354.0,46351.0,57549.0,44837.0,12013.0,3.278006076812744,,,,,,,,0.036,0.036,0.506,4.052317380905151,-0.062,-0.011,0.175,0.0,0.0,0.0,,,,,,,,,12011.0,-65.0,19.0,78.0,-1057980393.0,-178.0,70.0,372.0,-69.0,-98.0,170.0
81,12024.0,49675.0,44890.0,57815.0,46189.0,12023.0,3.2832846641540527,,,,,,,,0.034,0.034,0.51,4.073431730270386,-0.062,-0.01,0.168,0.0,0.0,0.0,,,,,,,,,12021.0,-66.0,20.0,84.0,-1057980392.0,-165.0,68.0,383.0,-213.0,-123.0,158.0
82,12034.0,49632.0,43518.0,57581.0,46942.0,12033.0,3.2885632514953613,,,,,,,,0.032,0.032,0.515,4.0943992137908936,-0.059,-0.008,0.156,0.0,0.0,0.0,,,,,,,,,12031.0,-66.0,23.0,88.0,-1059027943.0,-145.0,75.0,381.0,-301.0,-185.0,158.0
83,12044.0,50644.0,43687.0,56947.0,47080.0,12043.0,3.2885632514953613,,,,,,,,0.029,0.029,0.519,4.137555837631226,-0.059,-0.016,0.143,0.0,0.0,0.0,,,,,,,,,12041.0,-67.0,23.0,92.0,-1060075495.0,-136.0,71.0,377.0,-311.0,-234.0,144.0
84,12054.0,51149.0,43479.0,56638.0,47549.0,12053.0,3.2885632514953613,,,,,,,,0.024,0.024,0.521,4.193660497665405,-0.061,-0.018,0.123,0.0,0.0,0.0,,,,,,,,,12051.0,-62.0,22.0,96.0,-1060072422.0,-94.0,56.0,377.0,-259.0,-249.0,145.0
85,12064.0,52955.0,44728.0,55068.0,46932.0,12063.0,3.2885632514953613,,,,,,,,0.021,0.021,0.525,4.209299564361572,-0.059,-0.016,0.104,0.0,0.0,0.0,,,,,,,,,12061.0,-62.0,22.0,100.0,-1061119974.0,-78.0,54.0,372.0,-149.0,-249.0,118.0
86,12074.0,52853.0,46376.0,54863.0,45833.0,12073.0,3.2832846641540527,,,,,,,,0.02,0.02,0.528,4.229902982711792,-0.056,-0.015,0.097,0.0,0.0,0.0,,,,,,,,,12071.0,-64.0,23.0,105.0,-1062168549.0,-74.0,53.0,377.0,-19.0,-188.0,102.0
87,12084.0,53107.0,48268.0,54366.0,44753.0,12083.0,3.2832846641540527,,,,,,,,0.021,0.021,0.532,4.251845121383667,-0.05,-0.014,0.102,0.0,0.0,0.0,,,,,,,,,12081.0,-63.0,23.0,109.0,-1063216101.0,-57.0,48.0,371.0,131.0,-98.0,75.0
88,12094.0,53009.0,49924.0,54364.0,43869.0,12093.0,3.278006076812744,,,,,,,,0.02,0.02,0.534,4.273885011672974,-0.048,-0.014,0.098,0.0,0.0,0.0,,,,,,,,,12091.0,-62.0,23.0,112.0,-1062166500.0,-42.0,42.0,367.0,233.0,11.0,61.0
89,12104.0,52779.0,50898.0,54301.0,43619.0,12103.0,3.278006076812744,,,,,,,,0.02,0.02,0.537,4.295003890991211,-0.042,-0.011,0.091,0.0,0.0,0.0,,,,,,,,,12101.0,-62.0,23.0,116.0,-1061116900.0,-28.0,38.0,361.0,302.0,119.0,38.0
90,12114.0,52592.0,52145.0,54831.0,43739.0,12113.0,3.2727274894714355,,,,,,,,0.018,0.018,0.539,4.316831350326538,-0.041,-0.012,0.088,0.0,0.0,0.0,,,,,,,,,12111.0,-62.0,24.0,117.0,-1060068324.0,-14.0,36.0,341.0,270.0,234.0,23.0
91,12124.0,52162.0,52267.0,55230.0,44295.0,12123.0,3.2727274894714355,,,,,,,,0.018,0.018,0.541,4.339350461959839,-0.037,-0.011,0.086,0.0,0.0,0.0,,,,,,,,,12121.0,-61.0,23.0,120.0,-1059020772.0,0.0,30.0,333.0,242.0,320.0,21.0
92,12134.0,51472.0,52861.0,56012.0,44280.0,12133.0,3.267448902130127,,,,,,,,0.018,0.018,0.543,4.364051103591919,-0.033,-0.007,0.08,0.0,0.0,0.0,,,,,,,,,12131.0,-64.0,25.0,124.0,-1059022820.0,-6.0,35.0,327.0,166.0,397.0,11.0
93,12144.0,50274.0,52548.0,57121.0,45316.0,12143.0,3.2621703147888184,,,,,,,,0.016,0.016,0.545,4.3858747482299805,-0.032,-0.006,0.072,0.0,0.0,0.0,,,,,,,,,12141.0,-64.0,25.0,127.0,-1057975268.0,6.0,31.0,321.0,88.0,440.0,10.0
94,12154.0,50558.0,52373.0,57535.0,46067.0,12153.0,3.251613140106201,,,,,,,,0.014,0.014,0.546,4.408227205276489,-0.032,-0.001,0.067,0.0,0.0,0.0,,,,,,,,,12151.0,-64.0,25.0,130.0,-1056927716.0,15.0,24.0,314.0,-9.0,453.0,21.0
95,12164.0,50091.0,51416.0,58177.0,47351.0,12163.0,3.251613140106201,,,,,,,,0.013,0.013,0.547,4.43015718460083,-0.031,0.0,0.06,0.0,0.0,0.0,,,,,,,,,12161.0,-60.0,25.0,133.0,-1056928740.0,39.0,21.0,305.0,-117.0,463.0,26.0
96,12174.0,50854.0,50988.0,58191.0,48130.0,12173.0,3.2463345527648926,,,,,,,,0.013,0.013,0.548,4.452364683151245,-0.029,0.001,0.053,0.0,0.0,0.0,,,,,,,,,12171.0,-59.0,25.0,136.0,-1056930788.0,50.0,15.0,298.0,-201.0,439.0,36.0
97,12184.0,50910.0,50835.0,58413.0,48512.0,12183.0,3.2463345527648926,,,,,,,,0.013,0.013,0.551,4.473816871643066,-0.027,0.003,0.059,0.0,0.0,0.0,,,,,,,,,12181.0,-58.0,25.0,139.0,-1056931812.0,61.0,10.0,291.0,-232.0,424.0,36.0
98,12194.0,50901.0,51118.0,58745.0,48586.0,12193.0,3.241055965423584,,,,,,,,0.011,0.011,0.551,4.4951207637786865,-0.027,0.007,0.043,0.0,0.0,0.0,,,,,,,,,12191.0,-57.0,25.0,142.0,-1057981412.0,72.0,7.0,285.0,-250.0,403.0,32.0
99,12204.0,51278.0,50618.0,58554.0,49083.0,12203.0,3.241055965423584,,,,,,,,0.012,0.012,0.552,4.517175674438477,-0.023,0.006,0.041,0.0,0.0,0.0,,,,,,,,,12201.0,-56.0,25.0,146.0,-1059032036.0,83.0,1.0,287.0,-278.0,434.0,34.0
100,12214.0,51415.0,50786.0,58846.0,49221.0,12213.0,3.2357773780822754,,,,,,,,0.012,0.012,0.553,4.538865566253662,-0.021,0.005,0.036,0.0,0.0,0.0,,,,,,,,,12211.0,-53.0,24.0,149.0,-1059033059.0,98.0,-5.0,281.0,-275.0,426.0,39.0
101,12224.0,51631.0,51539.0,58822.0,48718.0,12223.0,3.2357773780822754,,,,,,,,0.011,0.011,0.554,4.560023784637451,-0.02,0.005,0.035,0.0,0.0,0.0,,,,,,,,,12221.0,-52.0,24.0,151.0,-1060082659.0,108.0,-7.0,276.0,-259.0,430.0,31.0
102,12234.0,51940.0,51868.0,59046.0,48476.0,12233.0,3.230498790740967,,,,,,,,0.008,0.008,0.555,4.584777593612671,-0.025,0.005,0.03,0.0,0.0,0.0,,,,,,,,,12231.0,-50.0,24.0,154.0,-1061133283.0,115.0,-12.0,272.0,-253.0,476.0,48.0
103,12244.0,51785.0,52017.0,59281.0,48465.0,12243.0,3.230498790740967,,,,,,,,0.012,0.012,0.556,4.6055076122283936,-0.016,0.005,0.026,0.0,0.0,0.0,,,,,,,,,12241.0,-48.0,23.0,158.0,-1062182883.0,126.0,-15.0,274.0,-212.0,510.0,42.0
104,12254.0,51571.0,52842.0,59230.0,47742.0,12253.0,3.230498790740967,,,,,,,,0.011,0.011,0.556,4.6269142627716064,-0.016,0.004,0.021,0.0,0.0,0.0,,,,,,,,,12251.0,-45.0,23.0,161.0,-1063233507.0,140.0,-20.0,270.0,-172.0,517.0,27.0
105,12264.0,51940.0,53348.0,59207.0,47695.0,12263.0,3.225220203399658,,,,,,,,0.009,0.009,0.557,4.648319959640503,-0.019,0.004,0.02,0.0,0.0,0.0,,,,,,,,,12261.0,-44.0,22.0,163.0,-1063235555.0,145.0,-23.0,266.0,-156.0,562.0,23.0
106,12274.0,51761.0,53829.0,59425.0,47201.0,12273.0,3.225220203399658,,,,,,,,0.007,0.007,0.557,4.6693339347839355,-0.02,0.004,0.019,0.0,0.0,0.0,,,,,,,,,12271.0,-42.0,22.0,166.0,-1064286179.0,152.0,-26.0,263.0,-138.0,599.0,33.0
107,12284.0,52019.0,53769.0,59286.0,47575.0,12283.0,3.225220203399658,,,,,,,,0.007,0.007,0.559,4.688913106918335,-0.02,0.004,0.03,0.0,0.0,0.0,,,,,,,,,12281.0,-41.0,21.0,169.0,-1064288227.0,157.0,-28.0,261.0,-136.0,598.0,19.0
108,12294.0,51844.0,53463.0,59330.0,48522.0,12293.0,3.225220203399658,,,,,,,,0.006,0.006,0.56,4.7101263999938965,-0.02,0.004,0.028,0.0,0.0,0.0,,,,,,,,,12291.0,-38.0,21.0,171.0,-1065338850.0,165.0,-31.0,257.0,-145.0,590.0,2.0
109,12304.0,52083.0,53220.0,59180.0,49104.0,12303.0,3.225220203399658,,,,,,,,0.003,0.003,0.561,4.7327680587768555,-0.023,0.005,0.034,0.0,0.0,0.0,,,,,,,,,12301.0,-34.0,21.0,173.0,-1065339874.0,178.0,-33.0,255.0,-183.0,557.0,5.0
110,12314.0,52024.0,53254.0,59415.0,49359.0,12313.0,3.2199416160583496,,,,,,,,0.003,0.003,0.562,4.754378318786621,-0.023,0.005,0.036,0.0,0.0,0.0,,,,,,,,,12311.0,-33.0,20.0,176.0,-1065342946.0,180.0,-37.0,255.0,-203.0,540.0,3.0
111,12324.0,51293.0,53255.0,59728.0,49649.0,12323.0,3.2199416160583496,,,,,,,,0.008,0.008,0.564,4.778500080108643,-0.012,0.005,0.038,0.0,0.0,0.0,,,,,,,,,12321.0,-31.0,20.0,178.0,-1066393570.0,184.0,-37.0,255.0,-238.0,508.0,-11.0
112,12334.0,51613.0,53434.0,59494.0,49722.0,12333.0,3.2199416160583496,,,,,,,,0.007,0.007,0.564,4.801048278808594,-0.011,0.005,0.036,0.0,0.0,0.0,,,,,,,,,12331.0,-29.0,20.0,182.0,-1067443171.0,187.0,-39.0,260.0,-249.0,486.0,-17.0
113,12344.0,51253.0,53214.0,59582.0,49985.0,12343.0,3.2199416160583496,,,,,,,,0.007,0.007,0.565,4.8226072788238525,-0.01,0.006,0.035,0.0,0.0,0.0,,,,,,,,,12341.0,-25.0,19.0,184.0,-1068493795.0,196.0,-42.0,259.0,-257.0,497.0,-20.0
114,12354.0,51412.0,53194.0,59567.0,50002.0,12353.0,3.2199416160583496,,,,,,,,0.007,0.007,0.566,4.843484163284302,-0.009,0.005,0.036,0.0,0.0,0.0,,,,,,,,,12351.0,-23.0,18.0,187.0,-1068495843.0,198.0,-43.0,259.0,-238.0,488.0,-22.0
115,12364.0,52055.0,53361.0,59273.0,49665.0,12363.0,3.2199416160583496,,,,,,,,0.005,0.005,0.567,4.864190340042114,-0.011,0.007,0.034,0.0,0.0,0.0,,,,,,,,,12361.0,-21.0,18.0,190.0,-1069546467.0,198.0,-45.0,261.0,-216.0,486.0,-11.0
116,12374.0,52696.0,53621.0,59003.0,49522.0,12373.0,3.214663028717041,,,,,,,,0.005,0.005,0.566,4.885340452194214,-0.008,0.001,0.025,0.0,0.0,0.0,,,,,,,,,12371.0,-19.0,17.0,192.0,-1070071779.0,199.0,-46.0,264.0,-151.0,453.0,-19.0
117,12384.0,52269.0,53448.0,58968.0,49378.0,12383.0,3.2199416160583496,,,,,,,,0.005,0.005,0.567,4.906399250030518,-0.008,0.0,0.023,0.0,0.0,0.0,,,,,,,,,12381.0,-17.0,17.0,196.0,-1071118307.0,199.0,-47.0,271.0,-112.0,433.0,-19.0
118,12394.0,52258.0,54078.0,58963.0,49094.0,12393.0,3.214663028717041,,,,,,,,0.005,0.005,0.566,4.92681884765625,-0.007,0.0,0.012,0.0,0.0,0.0,,,,,,,,,12391.0,-13.0,16.0,199.0,-1071117283.0,205.0,-50.0,272.0,-99.0,440.0,-33.0
119,12404.0,52380.0,54126.0,58613.0,49138.0,12403.0,3.2199416160583496,,,,,,,,0.005,0.005,0.566,4.947584390640259,-0.006,-0.002,0.01,0.0,0.0,0.0,,,,,,,,,12401.0,-11.0,16.0,201.0,-1071115235.0,205.0,-50.0,273.0,-71.0,444.0,-39.0
120,12414.0,53267.0,53177.0,58408.0,49687.0,12413.0,3.2199416160583496,,,,,,,,0.003,0.003,0.566,4.96897292137146,-0.008,-0.001,0.009,0.0,0.0,0.0,,,,,,,,,12411.0,-9.0,15.0,204.0,-1072161763.0,203.0,-51.0,274.0,-62.0,429.0,-42.0
121,12424.0,53589.0,53417.0,58160.0,49315.0,12423.0,3.2199416160583496,,,,,,,,0.003,0.003,0.566,4.991440773010254,-0.007,-0.002,0.008,0.0,0.0,0.0,,,,,,,,,12421.0,-5.0,14.0,210.0,-1072158691.0,200.0,-52.0,277.0,-70.0,433.0,-40.0
122,12434.0,53060.0,53742.0,58515.0,49108.0,12433.0,3.2199416160583496,,,,,,,,0.0018201017379760743,0.0,0.5,5.013000726699829,0.14,0.0,0.0,0.5876460305213929,0.0056,-0.051799999999999985,,,,,,,,,12431.0,-1.0,13.0,213.0,-1072157668.0,203.0,-53.0,277.0,-69.0,418.0,-39.0
123,12444.0,52919.0,53586.0,58581.0,49445.0,12443.0,3.2199416160583496,,,,,,,,0.004975981712341308,0.0,0.5,5.035542726516724,0.14,0.0,0.0,0.6011927945137024,0.0093,-0.04809999999999999,,,,,,,,,12441.0,0.0,12.0,216.0,-1072155620.0,199.0,-54.0,279.0,-81.0,411.0,-53.0
124,12454.0,53355.0,53396.0,58290.0,49638.0,12453.0,3.2199416160583496,,,,,,,,0.007994508743286133,0.0,0.5,5.057103633880615,0.14,0.0,0.0,0.5980983526229859,0.0173,-0.03179999999999999,,,,,,,,,12451.0,2.0,12.0,219.0,-1073203172.0,195.0,-54.0,282.0,-110.0,410.0,-55.0
125,12464.0,53204.0,53416.0,58545.0,49734.0,12463.0,3.214663028717041,,,,,,,,0.01116520881652832,0.0,0.5,5.079751491546631,0.14,0.0,0.0,0.5950495626449586,0.013,-0.05209999999999999,,,,,,,,,12461.0,3.0,12.0,220.0,-1073202148.0,191.0,-53.0,278.0,-120.0,383.0,-49.0
126,12474.0,53286.0,53266.0,58482.0,49900.0,12473.0,3.2199416160583496,,,,,,,,0.014300761222839355,0.0,0.5,5.1021482944488525,0.14,0.0,0.0,0.5836902283668519,0.0087,-0.036099999999999986,,,,,,,,,12471.0,7.0,10.0,223.0,-536330212.0,194.0,-56.0,279.0,-111.0,339.0,-45.0
127,12484.0,53710.0,53396.0,58263.0,49594.0,12483.0,3.2199416160583496,,,,,,,,0.01751495361328125,0.0,0.5,5.1251068115234375,0.14,0.0,0.0,0.5806544860839844,0.0087,-0.016099999999999986,,,,,,,,,12481.0,10.0,10.0,226.0,-535279589.0,190.0,-56.0,281.0,-107.0,295.0,-28.0
128,12494.0,54162.0,53179.0,58116.0,49967.0,12493.0,3.214663028717041,,,,,,,,0.02068795680999756,0.0,0.5,5.147771120071411,0.14,0.0,0.0,0.5610063870429993,0.0167,0.027900000000000015,,,,,,,,,12491.0,11.0,9.0,229.0,-535278565.0,184.0,-55.0,283.0,-89.0,273.0,-28.0
129,12504.0,54017.0,53151.0,58222.0,50012.0,12503.0,3.214663028717041,,,,,,,,0.0238702392578125,0.0,0.5,5.170501708984375,0.14,0.0,0.0,0.5579610717773438,0.025,0.06420000000000002,,,,,,,,,12501.0,13.0,9.0,231.0,-535277541.0,178.0,-55.0,284.0,-85.0,243.0,-26.0
130,12514.0,53732.0,53150.0,58363.0,50015.0,12513.0,3.214663028717041,,,,,,,,0.026153602600097657,0.0,0.5,5.186811447143555,0.14,0.0,0.0,0.5589460807800294,0.025,0.08820000000000001,,,,,,,,,12511.0,15.0,8.0,235.0,-535277541.0,175.0,-55.0,288.0,-87.0,230.0,-30.0
131,12524.0,53538.0,53043.0,58482.0,50160.0,12523.0,3.214663028717041,,,,,,,,0.027977943420410156,0.0,0.5,5.19984245300293,0.14,0.0,0.0,0.551493383026123,0.025,0.10450000000000001,,,,,,,,,12521.0,18.0,8.0,237.0,-534227941.0,173.0,-55.0,290.0,-85.0,199.0,-21.0
132,12534.0,53970.0,52815.0,58231.0,50268.0,12533.0,3.214663028717041,,,,,,,,0.029820942878723146,0.0,0.5,5.2130067348480225,0.14,0.0,0.0,0.548046282863617,0.029,0.1245,,,,,,,,,12531.0,18.0,8.0,237.0,-534227941.0,175.0,-55.0,290.0,-105.0,190.0,-15.0
133,12544.0,53335.0,53177.0,58609.0,49818.0,12543.0,3.214663028717041,,,,,,,,0.03174314975738526,0.0,0.5,5.226736783981323,0.14,0.0,0.0,0.5572229449272156,0.0124,0.14880000000000002,,,,,,,,,12541.0,20.0,7.0,240.0,-534226917.0,169.0,-55.0,293.0,-96.0,179.0,-20.0
134,12554.0,53541.0,53132.0,58483.0,49593.0,12553.0,3.214663028717041,,,,,,,,0.03357690334320068,0.0,0.5,5.239835023880005,0.14,0.0,0.0,0.5414730710029603,0.0167,0.1568,,,,,,,,,12551.0,21.0,7.0,245.0,-534226917.0,160.0,-53.0,306.0,-111.0,193.0,-9.0
135,12564.0,53142.0,52982.0,58478.0,49430.0,12563.0,3.214663028717041,,,,,,,,0.03537030220031738,0.0,0.5,5.252645015716553,0.14,0.0,0.0,0.5380110906600952,0.0167,0.16910000000000003,,,,,,,,,12561.0,25.0,6.0,248.0,-533177317.0,161.0,-54.0,310.0,-100.0,184.0,-15.0
136,12574.0,53448.0,52819.0,58295.0,49513.0,12573.0,3.214663028717041,,,,,,,,0.03731019973754883,0.0,0.5,5.266501426696777,0.14,0.0,0.0,0.5265930599212647,0.0207,0.2057,,,,,,,,,12571.0,26.0,6.0,251.0,-533176293.0,153.0,-52.0,312.0,-106.0,189.0,-8.0
137,12584.0,53313.0,52645.0,58303.0,49397.0,12583.0,3.2199416160583496,,,,,,,,0.03918414115905762,0.0,0.5,5.279886722564697,0.14,0.0,0.0,0.5188552423477173,0.0167,0.21769999999999998,,,,,,,,,12581.0,28.0,5.0,254.0,-532127717.0,147.0,-52.0,314.0,-96.0,171.0,-2.0
138,12594.0,53387.0,52488.0,58261.0,49547.0,12593.0,3.2199416160583496,,,,,,,,0.041033883094787595,0.0,0.5,5.2930991649627686,0.14,0.0,0.0,0.5320101649284363,0.0124,0.22999999999999998,,,,,,,,,12591.0,29.0,5.0,257.0,-532126693.0,139.0,-50.0,315.0,-84.0,161.0,6.0
139,12604.0,53316.0,52672.0,58286.0,49419.0,12603.0,3.2199416160583496,,,,,,,,0.04290996074676514,0.0,0.5,5.306499719619751,0.14,0.0,0.0,0.5205729882240295,0.0167,0.2423,,,,,,,,,12601.0,30.0,4.0,260.0,-532125669.0,133.0,-50.0,316.0,-50.0,130.0,-6.0
140,12614.0,53573.0,53280.0,58147.0,48581.0,12613.0,3.2199416160583496,,,,,,,,0.04478593826293945,0.0,0.5,5.319899559020996,0.14,0.0,0.0,0.5131357814788818,0.0167,0.2506,,,,,,,,,12611.0,33.0,4.0,263.0,-532125669.0,129.0,-50.0,318.0,-54.0,104.0,5.0
141,12624.0,53623.0,53211.0,58217.0,48537.0,12623.0,3.2199416160583496,,,,,,,,0.04664392471313476,0.0,0.5,5.3331708908081055,0.14,0.0,0.0,0.5139931774139405,0.021,0.2546,,,,,,,,,12621.0,34.0,4.0,267.0,-531077093.0,121.0,-47.0,319.0,-38.0,52.0,11.0
142,12634.0,53592.0,52786.0,58253.0,49118.0,12633.0,3.2199416160583496,,,,,,,,0.048536124229431155,0.0,0.5,5.346686601638794,0.14,0.0,0.0,0.4985608372688294,0.0253,0.27119999999999994,,,,,,,,,12631.0,35.0,4.0,270.0,-531076069.0,114.0,-45.0,319.0,-27.0,60.0,6.0
143,12644.0,53493.0,52837.0,58386.0,49078.0,12643.0,3.2199416160583496,,,,,,,,0.05038413047790527,0.0,0.5,5.359886646270752,0.14,0.0,0.0,0.4908152391433716,0.0253,0.27949999999999997,,,,,,,,,12641.0,36.0,3.0,273.0,-531076069.0,107.0,-45.0,319.0,-25.0,32.0,2.0
144,12654.0,53529.0,52666.0,58364.0,49360.0,12653.0,3.2199416160583496,,,,,,,,0.05218527317047119,0.0,0.5,5.372751951217651,0.14,0.0,0.0,0.4833555819511414,0.0253,0.2875,,,,,,,,,12651.0,38.0,3.0,276.0,-531076069.0,101.0,-43.0,319.0,-35.0,44.0,11.0
145,12664.0,53111.0,52726.0,58744.0,49220.0,12663.0,3.2199416160583496,,,,,,,,0.054033446311950686,0.0,0.5,5.385953187942505,0.14,0.0,0.0,0.4636100338935853,0.0339,0.2678,,,,,,,,,12661.0,39.0,2.0,279.0,-531076069.0,94.0,-43.0,319.0,-25.0,17.0,13.0
146,12674.0,53543.0,52623.0,58477.0,49367.0,12673.0,3.2199416160583496,,,,,,,,0.05590565204620361,0.0,0.5,5.3993260860443115,0.14,0.0,0.0,0.4561716956138611,0.0339,0.2678,,,,,,,,,12671.0,40.0,2.0,282.0,-531076069.0,87.0,-41.0,320.0,-42.0,-3.0,15.0
147,12684.0,53655.0,52415.0,58436.0,49537.0,12683.0,3.2199416160583496,,,,,,,,0.057718510627746585,0.0,0.5,5.412275075912476,0.14,0.0,0.0,0.444715553188324,0.0339,0.26809999999999995,,,,,,,,,12681.0,40.0,1.0,286.0,-531076069.0,79.0,-40.0,323.0,-44.0,-24.0,12.0
148,12694.0,53340.0,52418.0,58607.0,49437.0,12693.0,3.2199416160583496,,,,,,,,0.05950343132019043,0.0,0.5,5.425024509429932,0.14,0.0,0.0,0.4203510293960572,0.0339,0.2644,,,,,,,,,12691.0,42.0,1.0,289.0,-530027493.0,72.0,-37.0,325.0,-47.0,-52.0,14.0
149,12704.0,53404.0,52467.0,58565.0,49306.0,12703.0,3.2199416160583496,,,,,,,,0.06135781288146973,0.0,0.5,5.438270092010498,0.14,0.0,0.0,0.38860734386444096,0.034199999999999994,0.22469999999999998,,,,,,,,,12701.0,43.0,1.0,293.0,-530027493.0,67.0,-36.0,327.0,-39.0,-50.0,15.0
150,12714.0,53704.0,52141.0,58363.0,49652.0,12713.0,3.2199416160583496,,,,,,,,0.06321483135223388,0.0,0.5,5.4515345096588135,0.14,0.0,0.0,0.3768644494056702,0.034199999999999994,0.22499999999999998,,,,,,,,,12711.0,44.0,1.0,296.0,-530027493.0,60.0,-34.0,329.0,-49.0,-55.0,15.0
151,12724.0,53297.0,52415.0,58667.0,49408.0,12723.0,3.2199416160583496,,,,,,,,0.06503236293792725,0.0,0.5,5.464516878128052,0.14,0.0,0.0,0.36540970888137825,0.0302,0.22499999999999998,,,,,,,,,12721.0,44.0,0.0,299.0,-530027493.0,52.0,-34.0,329.0,-40.0,-70.0,21.0
152,12734.0,53702.0,53071.0,58679.0,48961.0,12733.0,3.2199416160583496,,,,,,,,0.06689635753631591,0.0,0.5,5.477831125259399,0.14,0.0,0.0,0.39546890726089484,0.0265,0.22159999999999996,,,,,,,,,12731.0,45.0,0.0,301.0,-530028517.0,45.0,-31.0,319.0,-25.0,-56.0,19.0
153,12744.0,53566.0,52801.0,58785.0,49372.0,12743.0,3.2199416160583496,,,,,,,,0.06881602764129639,0.0,0.5,5.4915430545806885,0.14,0.0,0.0,0.38004480829238896,0.0265,0.2176,,,,,,,,,12741.0,45.0,0.0,304.0,-530028517.0,39.0,-30.0,319.0,-10.0,-48.0,17.0
154,12754.0,53814.0,52746.0,58867.0,49508.0,12753.0,3.214663028717041,,,,,,,,0.07061556816101074,0.0,0.5,5.504396915435791,0.14,0.0,0.0,0.3682846704483033,0.0225,0.20989999999999998,,,,,,,,,12751.0,46.0,0.0,307.0,-528979941.0,32.0,-28.0,320.0,16.0,-69.0,20.0
155,12764.0,54247.0,53207.0,58536.0,49024.0,12763.0,3.214663028717041,,,,,,,,0.07248897552490234,0.0,0.5,5.517778396606445,0.14,0.0,0.0,0.3445466926574708,0.0185,0.19419999999999998,,,,,,,,,12761.0,46.0,0.0,310.0,-528979941.0,25.0,-27.0,321.0,26.0,-98.0,21.0
156,12774.0,54129.0,52899.0,58626.0,49349.0,12773.0,3.214663028717041,,,,,,,,0.07430433750152587,0.0,0.5,5.530745267868042,0.14,0.0,0.0,0.32449130125045783,0.0311,0.1862,,,,,,,,,12771.0,47.0,0.0,314.0,-530028517.0,18.0,-27.0,323.0,51.0,-120.0,20.0
157,12784.0,54145.0,52911.0,58626.0,49293.0,12783.0,3.214663028717041,,,,,,,,0.07611859798431396,0.0,0.5,5.543704271316528,0.14,0.0,0.0,0.3087355793952942,0.0311,0.1745,,,,,,,,,12781.0,47.0,-1.0,317.0,-530029541.0,11.0,-25.0,324.0,57.0,-147.0,15.0
158,12794.0,53841.0,52654.0,58769.0,49591.0,12793.0,3.214663028717041,,,,,,,,0.07803963661193848,0.0,0.5,5.5574259757995605,0.14,0.0,0.0,0.3013118909835816,0.0271,0.1868,,,,,,,,,12791.0,47.0,-1.0,320.0,-530029541.0,4.0,-24.0,327.0,65.0,-180.0,12.0
159,12804.0,53989.0,52907.0,58561.0,49374.0,12803.0,3.214663028717041,,,,,,,,0.07997299194335937,0.0,0.5,5.571235656738281,0.14,0.0,0.0,0.2815918975830079,0.0188,0.17509999999999998,,,,,,,,,12801.0,47.0,-1.0,323.0,-530030565.0,-2.0,-22.0,330.0,41.0,-197.0,0.0
160,12814.0,54275.0,52636.0,58506.0,49814.0,12813.0,3.2093844413757324,,,,,,,,0.08209787368774414,0.0,0.5,5.586413383483887,0.14,0.0,0.0,0.2536293621063233,0.0148,0.1514,,,,,,,,,12811.0,47.0,0.0,327.0,-530031588.0,-8.0,-17.0,334.0,17.0,-200.0,-1.0
161,12824.0,53826.0,52525.0,58640.0,49609.0,12823.0,3.214663028717041,,,,,,,,0.0840497875213623,0.0,0.5,5.600355625152588,0.14,0.0,0.0,0.23791493625640878,0.0148,0.1271,,,,,,,,,12821.0,48.0,0.0,331.0,-530032612.0,-11.0,-15.0,336.0,12.0,-218.0,-2.0
162,12834.0,54012.0,52276.0,58516.0,49791.0,12833.0,3.214663028717041,,,,,,,,0.08586975574493408,0.0,0.5,5.613355398178101,0.14,0.0,0.0,0.2261609267234803,0.0108,0.1234,,,,,,,,,12831.0,48.0,0.0,334.0,-530032612.0,-17.0,-14.0,338.0,0.0,-214.0,4.0
163,12844.0,54303.0,51929.0,58292.0,50099.0,12843.0,3.214663028717041,,,,,,,,0.0877701997756958,0.0,0.5,5.626929998397827,0.14,0.0,0.0,0.23593105993270883,0.0154,0.10339999999999999,,,,,,,,,12841.0,50.0,-3.0,337.0,-531082213.0,-18.0,-20.0,341.0,11.0,-216.0,7.0
164,12854.0,54071.0,52624.0,58489.0,49165.0,12853.0,3.214663028717041,,,,,,,,0.08958319187164307,0.0,0.5,5.639879941940308,0.14,0.0,0.0,0.224174957561493,0.0194,0.09969999999999998,,,,,,,,,12851.0,50.0,-2.0,341.0,-530034660.0,-23.0,-16.0,344.0,12.0,-212.0,16.0
165,12864.0,53531.0,52185.0,58608.0,49364.0,12863.0,3.214663028717041,,,,,,,,0.09140312671661377,0.0,0.5,5.652879476547241,0.14,0.0,0.0,0.20442093801498418,0.0197,0.0837,,,,,,,,,12861.0,51.0,-6.0,345.0,-531084261.0,-26.0,-23.0,349.0,44.0,-216.0,-2.0
166,12874.0,53485.0,52395.0,58426.0,48818.0,12873.0,3.214663028717041,,,,,,,,0.09343317985534667,0.0,0.5,5.667379856109619,0.14,0.0,0.0,0.17642995395660407,0.0157,0.06799999999999999,,,,,,,,,12871.0,51.0,-6.0,348.0,-531085285.0,-30.0,-23.0,353.0,22.0,-172.0,0.0
167,12884.0,53552.0,52394.0,58132.0,48517.0,12883.0,3.214663028717041,,,,,,,,0.09521616458892822,0.0,0.5,5.680115461349487,0.14,0.0,0.0,0.17296484937667855,0.0074,0.08029999999999998,,,,,,,,,12881.0,51.0,-6.0,352.0,-531085285.0,-35.0,-21.0,357.0,16.0,-148.0,-4.0
168,12894.0,53304.0,51979.0,57957.0,48475.0,12893.0,3.2199416160583496,,,,,,,,0.09721827983856202,0.0,0.5,5.694416284561157,0.14,0.0,0.0,0.15726548395156867,0.0034000000000000002,0.06829999999999999,,,,,,,,,12891.0,51.0,-6.0,356.0,-531086308.0,-38.0,-17.0,360.0,7.0,-146.0,-11.0
169,12904.0,52601.0,51640.0,58338.0,48470.0,12903.0,3.2199416160583496,,,,,,,,0.09907536506652832,0.0,0.5,5.707681179046631,0.14,0.0,0.0,0.12922260951995854,-0.0006000000000000001,0.048599999999999983,,,,,,,,,12901.0,51.0,-6.0,359.0,-531087333.0,-44.0,-16.0,361.0,-13.0,-141.0,-3.0
170,12914.0,52911.0,51459.0,57931.0,48435.0,12913.0,3.2199416160583496,,,,,,,,0.10090564727783204,0.0,0.5,5.720754623413086,0.14,0.0,0.0,0.12977169418334966,-0.0006000000000000001,0.04459999999999999,,,,,,,,,12911.0,50.0,-6.0,363.0,-531087333.0,-48.0,-14.0,363.0,-19.0,-134.0,0.0
171,12924.0,52725.0,51217.0,57822.0,48161.0,12923.0,3.225220203399658,,,,,,,,0.1027262830734253,0.0,0.5,5.733759164810181,0.14,0.0,0.0,0.11401788492202766,-0.0006000000000000001,0.03659999999999999,,,,,,,,,12921.0,50.0,-6.0,366.0,-531088357.0,-53.0,-13.0,364.0,-4.0,-151.0,4.0
172,12934.0,52380.0,51221.0,57894.0,47962.0,12933.0,3.225220203399658,,,,,,,,0.10468660831451417,0.0,0.5,5.747761487960815,0.14,0.0,0.0,0.0777059824943543,-0.0046,0.012599999999999988,,,,,,,,,12931.0,52.0,-3.0,370.0,-530039780.0,-49.0,-4.0,364.0,3.0,-164.0,-3.0
173,12944.0,52507.0,50323.0,57450.0,48619.0,12943.0,3.230498790740967,,,,,,,,0.10662126541137695,0.0,0.5,5.761580467224121,0.14,0.0,0.0,0.06198637962341312,-0.0086,0.004599999999999988,,,,,,,,,12941.0,52.0,-3.0,374.0,-530040804.0,-51.0,-3.0,364.0,10.0,-169.0,-8.0
174,12954.0,52534.0,50802.0,57375.0,48204.0,12953.0,3.2357773780822754,,,,,,,,0.10843826293945312,0.0,0.5,5.774559020996094,0.14,0.0,0.0,0.07513147888183598,-0.00030000000000000003,0.01289999999999999,,,,,,,,,12951.0,52.0,-3.0,376.0,-530041828.0,-53.0,-1.0,356.0,27.0,-182.0,-14.0
175,12964.0,52581.0,50787.0,57101.0,48008.0,12963.0,3.2357773780822754,,,,,,,,0.11029591560363769,0.0,0.5,5.787827968597412,0.14,0.0,0.0,0.038488774681091326,-0.0043,-0.007100000000000011,,,,,,,,,12961.0,52.0,-3.0,379.0,-530041829.0,-57.0,0.0,358.0,60.0,-192.0,-22.0
176,12974.0,52635.0,50822.0,56922.0,47588.0,12973.0,3.2357773780822754,,,,,,,,0.11234032154083252,0.0,0.5,5.802430868148804,0.14,0.0,0.0,0.02680209646224976,-0.0043,-0.015100000000000011,,,,,,,,,12971.0,51.0,-3.0,383.0,-531091429.0,-60.0,1.0,360.0,74.0,-175.0,-23.0
177,12984.0,52817.0,50570.0,56552.0,47701.0,12983.0,3.2357773780822754,,,,,,,,0.1142071533203125,0.0,0.5,5.815765380859375,0.14,0.0,0.0,0.00676214599609385,-0.0043,-0.035400000000000015,,,,,,,,,12981.0,51.0,-3.0,386.0,-531092453.0,-64.0,2.0,360.0,107.0,-175.0,-24.0
178,12994.0,52637.0,50674.0,56476.0,47463.0,12993.0,3.2357773780822754,,,,,,,,0.11605395793914795,0.0,0.5,5.828956842422485,0.14,0.0,0.0,-0.00898381261825553,-0.0083,-0.043400000000000015,,,,,,,,,12991.0,50.0,-3.0,391.0,-531092453.0,-67.0,4.0,362.0,128.0,-201.0,-32.0
179,13004.0,52836.0,50235.0,55992.0,47332.0,13003.0,3.241055965423584,,,,,,,,0.11788777828216553,0.0,0.5,5.842055559158325,0.14,0.0,0.0,-0.025033666515350272,-0.0083,-0.04740000000000001,,,,,,,,,13001.0,58.0,-4.0,394.0,-532143077.0,-49.0,2.0,362.0,147.0,-196.0,-29.0
180,13014.0,52772.0,50149.0,55842.0,47286.0,13013.0,3.241055965423584,,,,,,,,0.11970978260040283,0.0,0.5,5.855069875717163,0.14,0.0,0.0,-0.03248706521987909,-0.0083,-0.05540000000000001,,,,,,,,,13011.0,58.0,0.0,398.0,-532144101.0,-51.0,13.0,361.0,152.0,-218.0,-38.0
181,13024.0,52490.0,50208.0,55763.0,47196.0,13023.0,3.241055965423584,,,,,,,,0.1216188383102417,0.0,0.5,5.868705987930298,0.14,0.0,0.0,-0.05281434850692744,-0.0083,-0.059400000000000015,,,,,,,,,13021.0,58.0,0.0,401.0,-532144101.0,-52.0,15.0,361.0,153.0,-209.0,-50.0
182,13034.0,52308.0,50302.0,55709.0,47083.0,13033.0,3.241055965423584,,,,,,,,0.1234387731552124,0.0,0.5,5.8817055225372314,0.14,0.0,0.0,-0.06456836805343624,-0.0083,-0.0714,,,,,,,,,13031.0,57.0,0.0,405.0,-533193701.0,-54.0,15.0,358.0,160.0,-156.0,-59.0
183,13044.0,52148.0,50502.0,55761.0,46847.0,13043.0,3.2463345527648926,,,,,,,,0.12525914192199708,0.0,0.5,5.894708156585693,0.14,0.0,0.0,-0.08062225742340086,-0.0083,-0.0834,,,,,,,,,13041.0,57.0,0.0,408.0,-533194725.0,-56.0,15.0,350.0,149.0,-88.0,-61.0
184,13054.0,51573.0,50883.0,56081.0,46305.0,13053.0,3.2463345527648926,,,,,,,,0.12747110843658446,0.0,0.5,5.910507917404175,0.14,0.0,0.0,-0.11745866746902456,-0.0083,-0.10370000000000001,,,,,,,,,13051.0,56.0,0.0,411.0,-534243302.0,-57.0,17.0,348.0,158.0,-51.0,-70.0
185,13064.0,51219.0,50501.0,56170.0,46652.0,13063.0,3.2463345527648926,,,,,,,,0.1292809295654297,0.0,0.5,5.923435211181641,0.14,0.0,0.0,-0.11691572113037099,-0.008,-0.10800000000000001,,,,,,,,,13061.0,56.0,0.0,415.0,-534244326.0,-58.0,18.0,346.0,169.0,-11.0,-69.0
186,13074.0,51193.0,50886.0,56015.0,46134.0,13073.0,3.2463345527648926,,,,,,,,0.1311882495880127,0.0,0.5,5.937058925628662,0.14,0.0,0.0,-0.1375435251235961,-0.016300000000000002,-0.1363,,,,,,,,,13071.0,56.0,0.0,418.0,-535292902.0,-58.0,18.0,344.0,151.0,35.0,-74.0
187,13084.0,50707.0,50284.0,56464.0,46885.0,13083.0,3.2463345527648926,,,,,,,,0.13301486015319824,0.0,0.5,5.950106143951416,0.14,0.0,0.0,-0.14929554195404046,-0.016300000000000002,-0.1366,,,,,,,,,13081.0,55.0,0.0,421.0,-535292902.0,-60.0,18.0,338.0,121.0,22.0,-74.0
188,13094.0,51158.0,50048.0,55855.0,46853.0,13093.0,3.251613140106201,,,,,,,,0.13492712020874023,0.0,0.5,5.9637651443481445,0.14,0.0,0.0,-0.14902186393737787,-0.016300000000000002,-0.1406,,,,,,,,,13091.0,54.0,0.0,424.0,-536341479.0,-62.0,17.0,335.0,99.0,41.0,-71.0
189,13104.0,51826.0,50188.0,55439.0,46789.0,13103.0,3.2463345527648926,,,,,,,,0.1367894458770752,0.0,0.5,5.977067470550537,0.14,0.0,0.0,-0.1819631662368774,-0.0206,-0.15290000000000004,,,,,,,,,13101.0,53.0,0.0,427.0,-1073212391.0,-63.0,17.0,331.0,59.0,31.0,-67.0
190,13114.0,51565.0,49587.0,55487.0,47179.0,13113.0,3.251613140106201,,,,,,,,0.14140600681304932,0.0,0.5,6.010042905807495,0.14,0.0,0.0,0.07507140272160567,-0.0017788389764694821,1.8833770745272282,,,,,,,,,13111.0,55.0,0.0,431.0,-1072163815.0,-60.0,15.0,327.0,45.0,-21.0,-61.0
191,13124.0,52017.0,49767.0,54942.0,46966.0,13123.0,3.251613140106201,,,,,,,,0.16322309494018555,0.0,0.5,6.165879249572754,0.14,0.0,0.0,0.046083768699825806,0.005267106879510206,1.7672064109137988,,,,,,,,,13121.0,54.0,1.0,435.0,-1072163815.0,-62.0,16.0,331.0,73.0,-69.0,-69.0
192,13134.0,50703.0,48720.0,55748.0,47601.0,13133.0,3.251613140106201,,,,,,,,0.16931545734405518,0.0,0.5,6.209396123886108,0.14,0.0,0.0,-0.0009793741348768424,-0.0015906487518945055,1.5445290199650596,,,,,,,,,13131.0,54.0,0.0,439.0,-1072163816.0,-62.0,14.0,326.0,58.0,-96.0,-71.0
193,13144.0,52499.0,49521.0,54232.0,46755.0,13143.0,3.251613140106201,,,,,,,,0.17378812313079833,0.0,0.5,6.24134373664856,0.14,0.0,0.0,-0.01735936912596503,0.029850328262631107,1.5901805600560355,,,,,,,,,13141.0,54.0,0.0,442.0,-1072163816.0,-62.0,12.0,321.0,33.0,-150.0,-47.0
194,13154.0,51881.0,48991.0,54708.0,47328.0,13153.0,3.251613140106201,,,,,,,,0.1779878854751587,0.0,0.5,6.271342039108276,0.14,0.0,0.0,-0.03426875470293427,0.002811972107105743,1.4636384299783511,,,,,,,,,13151.0,54.0,-1.0,445.0,-1071116264.0,-62.0,8.0,316.0,19.0,-156.0,-57.0
195,13164.0,51706.0,49233.0,54657.0,47291.0,13163.0,3.251613140106201,,,,,,,,0.18231772422790526,0.0,0.5,6.302269458770752,0.14,0.0,0.0,-0.09381612195808878,-0.029162188239591137,1.0146722287453933,,,,,,,,,13161.0,54.0,0.0,448.0,-1071116264.0,-60.0,10.0,311.0,59.0,-180.0,-85.0
196,13174.0,51625.0,49021.0,54906.0,47789.0,13173.0,3.251613140106201,,,,,,,,0.18656104564666748,0.0,0.5,6.332578897476196,0.14,0.0,0.0,-0.11464198811756209,0.003939522483182508,1.392107895916368,,,,,,,,,13171.0,50.0,-1.0,450.0,-1071117288.0,-70.0,8.0,301.0,65.0,-163.0,-79.0
197,13184.0,51639.0,49915.0,54913.0,46804.0,13183.0,3.251613140106201,,,,,,,,0.19085797309875488,0.0,0.5,6.363271236419678,0.14,0.0,0.0,-0.10481754676553227,-0.0011458729176153659,1.0786439899696472,,,,,,,,,13181.0,49.0,0.0,453.0,-1071117289.0,-72.0,8.0,295.0,45.0,-112.0,-76.0
198,13194.0,51338.0,49866.0,55250.0,46751.0,13193.0,3.251613140106201,,,,,,,,0.19395927906036378,0.0,0.5,6.385423421859741,0.14,0.0,0.0,-0.11381806695842103,-0.00351295812731058,0.8555185293808432,,,,,,,,,13191.0,48.0,0.0,459.0,-1071118313.0,-73.0,8.0,283.0,22.0,-86.0,-59.0
199,13204.0,50842.0,50022.0,55638.0,46677.0,13203.0,3.251613140106201,,,,,,,,0.19768045902252196,0.0,0.5,6.4120032787323,0.14,0.0,0.0,-0.12381377482374707,-0.03219826835175592,0.5586551126797303,,,,,,,,,13201.0,47.0,0.0,459.0,-1071118313.0,-73.0,7.0,283.0,69.0,-76.0,-67.0
200,13214.0,51210.0,49875.0,55363.0,47012.0,13213.0,3.2463345527648926,,,,,,,,0.20436649322509765,0.0,0.5,6.459760665893555,0.14,0.0,0.0,-0.1406494156233617,-0.04424042781741099,0.3494427980565149,,,,,,,,,13211.0,46.0,0.0,465.0,-1070070762.0,-73.0,7.0,274.0,86.0,-55.0,-66.0
201,13224.0,51180.0,49996.0,55258.0,46722.0,13223.0,3.251613140106201,,,,,,,,0.2088261079788208,0.0,0.5,6.491615056991577,0.14,0.0,0.0,-0.178995655274764,-0.022555408244910057,0.4933313378095505,,,,,,,,,13221.0,46.0,0.0,468.0,-1070070762.0,-73.0,6.0,268.0,94.0,-50.0,-68.0
202,13234.0,51772.0,49968.0,54968.0,46951.0,13233.0,3.2463345527648926,,,,,,,,0.21390122413635254,0.0,0.5,6.527865886688232,0.14,0.0,0.0,-0.16563673593271946,-0.025631775374213545,0.21345699739766566,,,,,,,,,13231.0,45.0,0.0,471.0,-1070070762.0,-73.0,5.0,262.0,113.0,-50.0,-64.0
203,13244.0,51299.0,50167.0,55145.0,46695.0,13243.0,3.251613140106201,,,,,,,,0.2173408555984497,0.0,0.5,6.552434682846069,0.14,0.0,0.0,-0.1684486447248341,-0.0385149026733007,0.1782836680427451,,,,,,,,,13241.0,44.0,0.0,473.0,-1069023210.0,-73.0,5.0,257.0,109.0,-59.0,-66.0
204,13254.0,51785.0,50461.0,54919.0,46546.0,13253.0,3.2463345527648926,,,,,,,,0.22081947326660156,0.0,0.5,6.577281951904297,0.14,0.0,0.0,-0.14858903677026986,-0.004130164046098907,-0.3055148681901869,,,,,,,,,13251.0,44.0,0.0,477.0,-1069023211.0,-73.0,4.0,256.0,101.0,-80.0,-61.0
205,13264.0,50929.0,49410.0,55431.0,47489.0,13263.0,3.2463345527648926,,,,,,,,0.2241388416290283,0.0,0.5,6.600991725921631,0.14,0.0,0.0,-0.16712643331727586,-0.03828469662843018,-0.11849491318710825,,,,,,,,,13261.0,43.0,0.0,479.0,-1068498923.0,-73.0,1.0,251.0,35.0,-78.0,-69.0
206,13274.0,51690.0,49965.0,54813.0,46905.0,13273.0,3.2463345527648926,,,,,,,,0.22861801624298095,0.0,0.5,6.632985830307007,0.14,0.0,0.0,-0.14623897639553693,-0.047601866949143805,-0.3720491565913271,,,,,,,,,13271.0,42.0,0.0,482.0,-1068498923.0,-73.0,0.0,244.0,35.0,-100.0,-61.0
207,13284.0,51967.0,49848.0,54679.0,47099.0,13283.0,3.2463345527648926,,,,,,,,0.23292545795440675,0.0,0.5,6.663753271102905,0.14,0.0,0.0,-0.1451419217018412,-0.038786461521847525,-0.14990924803085726,,,,,,,,,13281.0,41.0,0.0,484.0,-1068497899.0,-74.0,0.0,237.0,-32.0,-108.0,-51.0
208,13294.0,50928.0,49620.0,54806.0,48544.0,13293.0,3.2463345527648926,,,,,,,,0.2372441816329956,0.0,0.5,6.69460129737854,0.14,0.0,0.0,-0.1304845541532111,-0.008438696532273336,-0.11262477015128347,,,,,,,,,13291.0,41.0,0.0,484.0,-1068497899.0,-73.0,0.0,236.0,-50.0,-100.0,-51.0
209,13304.0,51070.0,49562.0,54882.0,48588.0,13303.0,3.2463345527648926,,,,,,,,0.24172402381896974,0.0,0.5,6.726600170135498,0.14,0.0,0.0,-0.11944422024152408,-0.01964997809820379,0.4079216013630287,,,,,,,,,13301.0,39.0,0.0,486.0,-1069546476.0,-75.0,0.0,230.0,-75.0,-102.0,-56.0
210,13314.0,51086.0,49921.0,54876.0,48281.0,13313.0,3.2463345527648926,,,,,,,,0.24678689002990722,0.0,0.5,6.762763500213623,0.14,0.0,0.0,0.0018126898914041804,-0.038187202893298404,-0.5645521462334653,,,,,,,,,13311.0,39.0,1.0,488.0,-1069546476.0,-75.0,0.0,225.0,-90.0,-91.0,-49.0
211,13324.0,50938.0,49922.0,55130.0,48302.0,13323.0,3.2463345527648926,,,,,,,,0.25624107837677,0.0,0.5,6.830293416976929,0.14,0.0,0.0,-0.017396095198937332,-0.06135647215361817,-0.6103722531621916,,,,,,,,,13321.0,37.0,1.0,491.0,-1069545452.0,-76.0,0.0,218.0,-82.0,-74.0,-49.0
212,13334.0,50964.0,50400.0,55098.0,47949.0,13333.0,3.2463345527648926,,,,,,,,0.26382609844207766,0.0,0.5,6.884472131729126,0.14,0.0,0.0,-0.04601156834302387,-0.08908982101312786,-0.4550134533981751,,,,,,,,,13331.0,37.0,1.0,493.0,-1069545452.0,-75.0,-1.0,212.0,-59.0,-60.0,-55.0
213,13344.0,50877.0,51041.0,55411.0,47815.0,13343.0,3.241055965423584,,,,,,,,0.2705338287353516,0.0,0.5,6.932384490966797,0.14,0.0,0.0,-0.038426771914160225,0.00719868752508578,-0.023421505918149066,,,,,,,,,13341.0,36.0,1.0,494.0,-1070594028.0,-76.0,-2.0,203.0,-21.0,-43.0,-55.0
214,13354.0,51596.0,51600.0,54952.0,47214.0,13353.0,3.241055965423584,,,,,,,,0.27855380535125734,0.0,0.5,6.989670038223267,0.14,0.0,0.0,-0.011514348148215833,-0.021344674628176914,0.22429751177305235,,,,,,,,,13351.0,35.0,1.0,496.0,-1070594029.0,-75.0,-3.0,197.0,1.0,-17.0,-51.0
215,13364.0,51640.0,51367.0,54961.0,47495.0,13363.0,3.241055965423584,,,,,,,,0.28580507278442385,0.0,0.5,7.041464805603027,0.14,0.0,0.0,0.022075136374197692,-0.02292936378999488,-0.4209113503360218,,,,,,,,,13361.0,34.0,1.0,498.0,-1070593005.0,-74.0,-3.0,192.0,37.0,-17.0,-49.0
216,13374.0,51738.0,51597.0,55180.0,47381.0,13373.0,3.2357773780822754,,,,,,,,0.2941210508346558,0.0,0.5,7.10086464881897,0.14,0.0,0.0,-0.008413095120822176,-0.07889881295435805,-0.4786534037415162,,,,,,,,,13371.0,33.0,1.0,500.0,-1070593005.0,-74.0,-4.0,187.0,59.0,-17.0,-48.0
217,13384.0,52124.0,51321.0,54838.0,47819.0,13383.0,3.2357773780822754,,,,,,,,0.2987931203842163,0.0,0.5,7.134236574172974,0.14,0.0,0.0,-0.04456467283865483,-0.02891696914929375,0.12960672928289618,,,,,,,,,13381.0,37.0,-1.0,502.0,-1069544429.0,-64.0,-11.0,183.0,64.0,-13.0,-48.0
218,13394.0,52223.0,51238.0,54652.0,47998.0,13393.0,3.2357773780822754,,,,,,,,0.3068362283706665,0.0,0.5,7.191687345504761,0.14,0.0,0.0,-0.03581573486011634,0.008711770517932382,0.7778369118358484,,,,,,,,,13391.0,36.0,0.0,504.0,-1069544429.0,-63.0,-10.0,179.0,51.0,-33.0,-53.0
219,13404.0,51838.0,50958.0,54901.0,48471.0,13403.0,3.2357773780822754,,,,,,,,0.31165399551391604,0.0,0.5,7.226099967956543,0.14,0.0,0.0,0.007108421769642627,-0.03177177511723118,0.09106191072141279,,,,,,,,,13401.0,36.0,-1.0,506.0,-1069544429.0,-62.0,-11.0,175.0,21.0,-65.0,-57.0
220,13414.0,51393.0,51035.0,55327.0,48419.0,13413.0,3.2357773780822754,,,,,,,,0.31588159561157225,0.0,0.5,7.2562971115112305,0.14,0.0,0.0,-0.0028922966471562435,-0.051722872365749586,-0.07236116646441992,,,,,,,,,13411.0,35.0,0.0,508.0,-1069544430.0,-62.0,-12.0,171.0,-27.0,-51.0,-52.0
221,13424.0,51846.0,51348.0,54869.0,48335.0,13423.0,3.2357773780822754,,,,,,,,0.32011744022369387,0.0,0.5,7.286553144454956,0.14,0.0,0.0,-0.04022571500345632,-0.06278371855477716,0.24946724091010708,,,,,,,,,13421.0,34.0,0.0,510.0,-1069543406.0,-62.0,-10.0,168.0,-11.0,-37.0,-61.0
222,13434.0,51081.0,50670.0,55711.0,48608.0,13433.0,3.2357773780822754,,,,,,,,0.32446837425231934,0.0,0.5,7.317631244659424,0.14,0.0,0.0,-0.04410527193986361,-0.03877891163462964,0.21218235498260718,,,,,,,,,13431.0,33.0,0.0,511.0,-1069543406.0,-61.0,-11.0,164.0,-80.0,-23.0,-34.0
223,13444.0,51533.0,50394.0,55648.0,48586.0,13443.0,3.2357773780822754,,,,,,,,0.33360456466674804,0.0,0.5,7.382889747619629,0.14,0.0,0.0,-0.05802901274654885,0.01895699595058448,0.578851546758159,,,,,,,,,13441.0,33.0,0.0,513.0,-1069543406.0,-60.0,-12.0,160.0,-121.0,-22.0,-31.0
224,13454.0,50908.0,50685.0,56027.0,48492.0,13453.0,3.2357773780822754,,,,,,,,0.34058589935302735,0.0,0.5,7.432756423950195,0.14,0.0,0.0,-0.008070365164769598,-0.030889053945482636,-0.110856463871988,,,,,,,,,13451.0,32.0,2.0,515.0,-1070591982.0,-59.0,-8.0,156.0,-83.0,-12.0,-41.0
225,13464.0,51136.0,50296.0,56162.0,48551.0,13463.0,3.2357773780822754,,,,,,,,0.3492827272415161,0.0,0.5,7.4948766231536865,0.14,0.0,0.0,-0.04771578966686192,-0.02608513810718891,0.2661912613176085,,,,,,,,,13461.0,31.0,2.0,516.0,-1070591982.0,-58.0,-9.0,152.0,-156.0,19.0,-11.0
226,13474.0,51164.0,50601.0,56414.0,48182.0,13473.0,3.2357773780822754,,,,,,,,0.35686697959899905,0.0,0.5,7.5490498542785645,0.14,0.0,0.0,-0.03781234123278079,-0.01757303114794769,-0.1813877433837483,,,,,,,,,13471.0,31.0,2.0,517.0,-1071640559.0,-57.0,-10.0,146.0,-93.0,4.0,-23.0
227,13484.0,51947.0,50854.0,55817.0,47914.0,13483.0,3.2357773780822754,,,,,,,,0.36327640533447264,0.0,0.5,7.594831466674805,0.14,0.0,0.0,-0.07790401070569358,-0.004245947018192315,0.24109017321481474,,,,,,,,,13481.0,29.0,0.0,519.0,-1071640559.0,-59.0,-16.0,143.0,-80.0,23.0,-8.0
228,13494.0,51958.0,51198.0,56111.0,47661.0,13493.0,3.230498790740967,,,,,,,,0.3688279342651367,0.0,0.5,7.634485244750977,0.14,0.0,0.0,-0.0714058277689077,-0.031093730674443744,0.22787254183592687,,,,,,,,,13491.0,27.0,-1.0,520.0,-1071640559.0,-60.0,-19.0,138.0,-64.0,49.0,-6.0
229,13504.0,51379.0,51067.0,56600.0,47929.0,13503.0,3.230498790740967,,,,,,,,0.3753280830383301,0.0,0.5,7.680914878845215,0.14,0.0,0.0,-0.05745683855715493,-0.048915282660528296,-0.11863927899699434,,,,,,,,,13501.0,27.0,-2.0,521.0,-1071640559.0,-59.0,-19.0,134.0,-1.0,45.0,-16.0
230,13514.0,52455.0,52268.0,55707.0,46658.0,13513.0,3.230498790740967,,,,,,,,0.3835674571990967,0.0,0.5,7.739767551422119,0.14,0.0,0.0,-0.10054792020732005,-0.02211646028136259,-0.09163043725989084,,,,,,,,,13511.0,24.0,-1.0,521.0,-1071641583.0,-61.0,-18.0,123.0,0.0,27.0,-15.0
231,13524.0,51852.0,51997.0,56315.0,47601.0,13523.0,3.230498790740967,,,,,,,,0.3880765390396118,0.0,0.5,7.77197527885437,0.14,0.0,0.0,-0.1140035157872873,-0.028073938301088164,0.06515198112274945,,,,,,,,,13521.0,24.0,-2.0,523.0,-1071641583.0,-60.0,-20.0,121.0,9.0,33.0,-23.0
232,13534.0,52257.0,51325.0,56217.0,48192.0,13533.0,3.230498790740967,,,,,,,,0.39503387451171873,0.0,0.5,7.8216705322265625,0.14,0.0,0.0,0.02610687582915716,0.0025614129235354477,-0.6260901499513256,,,,,,,,,13531.0,23.0,-2.0,524.0,-1071641583.0,-59.0,-20.0,117.0,-28.0,2.0,-10.0
233,13544.0,51951.0,51443.0,56903.0,47885.0,13543.0,3.225220203399658,,,,,,,,0.3990594673156738,0.0,0.5,7.850424766540527,0.14,0.0,0.0,-0.05944374703420273,0.0026664589741045176,-0.6436300604695955,,,,,,,,,13541.0,23.0,-2.0,525.0,-1071641583.0,-58.0,-21.0,114.0,-75.0,-14.0,2.0
234,13554.0,52350.0,51307.0,56333.0,48467.0,13553.0,3.225220203399658,,,,,,,,0.4043177318572998,0.0,0.5,7.887983798980713,0.14,0.0,0.0,-0.08975345471212788,0.008127521406364089,-0.6653786282792424,,,,,,,,,13551.0,21.0,0.0,525.0,-1072690159.0,-59.0,-16.0,104.0,-64.0,-32.0,-25.0
235,13564.0,52185.0,51151.0,56514.0,49394.0,13563.0,3.225220203399658,,,,,,,,0.41309950828552244,0.0,0.5,7.950710773468018,0.14,0.0,0.0,-0.0735196492211683,-0.002194054009991382,-0.5324545882707508,,,,,,,,,13561.0,21.0,0.0,526.0,-1072690159.0,-58.0,-16.0,102.0,-55.0,-76.0,-28.0
236,13574.0,53001.0,50951.0,56110.0,49320.0,13573.0,3.225220203399658,,,,,,,,0.4226063680648804,0.0,0.5,8.018616914749146,0.14,0.0,0.0,-0.03250015741111993,0.03267824023087341,-0.6371096043484226,,,,,,,,,13571.0,20.0,0.0,527.0,-1072690159.0,-57.0,-14.0,100.0,-136.0,-77.0,-8.0
237,13584.0,52238.0,50371.0,57094.0,49831.0,13583.0,3.2199416160583496,,,,,,,,0.4297363042831421,0.0,0.5,8.069545030593872,0.14,0.0,0.0,-0.045919694510945706,0.012983308583074508,-0.5038797404141668,,,,,,,,,13581.0,20.0,0.0,528.0,-1073738735.0,-56.0,-15.0,97.0,-124.0,-93.0,-2.0
238,13594.0,52054.0,50082.0,57427.0,50049.0,13593.0,3.2199416160583496,,,,,,,,0.4372010612487793,0.0,0.5,8.122864723205566,0.14,0.0,0.0,-0.058802966064614916,0.015558476417886472,-0.42548739711685535,,,,,,,,,13591.0,19.0,0.0,529.0,-536866799.0,-55.0,-15.0,93.0,-119.0,-87.0,5.0
239,13604.0,52820.0,50053.0,56544.0,49386.0,13603.0,3.2199416160583496,,,,,,,,0.4414169120788574,0.0,0.5,8.15297794342041,0.14,0.0,0.0,-0.0657892483782035,0.04994358184657198,-0.05587915708894009,,,,,,,,,13601.0,21.0,0.0,532.0,-535818223.0,-50.0,-14.0,102.0,-79.0,-94.0,3.0
240,13614.0,52969.0,50325.0,56424.0,49100.0,13613.0,3.2199416160583496,,,,,,,,0.44795200824737547,0.0,0.5,8.199657201766968,0.14,0.0,0.0,-0.04660378244812404,0.06922447895333696,0.07768565621113233,,,,,,,,,13611.0,20.0,0.0,533.0,-535818223.0,-49.0,-14.0,100.0,-45.0,-84.0,4.0
241,13624.0,52597.0,50864.0,56787.0,48462.0,13623.0,3.2199416160583496,,,,,,,,0.45592288494110106,0.0,0.5,8.256592035293579,0.14,0.0,0.0,-0.049534007624536115,0.036770492907569265,0.13848080700286047,,,,,,,,,13621.0,20.0,0.0,534.0,-535817199.0,-48.0,-14.0,98.0,-15.0,-42.0,4.0
242,13634.0,53335.0,51332.0,56293.0,47891.0,13633.0,3.2199416160583496,,,,,,,,0.46052255630493166,0.0,0.5,8.289446830749512,0.14,0.0,0.0,-0.07229205172925426,0.012391297240932204,0.6510570592196814,,,,,,,,,13631.0,19.0,0.0,535.0,-535817199.0,-47.0,-13.0,95.0,-6.0,-15.0,10.0
243,13644.0,53002.0,51365.0,56628.0,47847.0,13643.0,3.2199416160583496,,,,,,,,0.46473403453826906,0.0,0.5,8.319528818130493,0.14,0.0,0.0,-0.013517526774473824,0.08516101401157426,-0.1265091015505302,,,,,,,,,13641.0,20.0,0.0,536.0,-534768623.0,-43.0,-13.0,94.0,18.0,5.0,10.0
244,13654.0,52948.0,51704.0,56529.0,47622.0,13653.0,3.2199416160583496,,,,,,,,0.46966655731201173,0.0,0.5,8.354761123657227,0.14,0.0,0.0,-0.04446993162312361,0.07992824712067766,-0.07406398966573491,,,,,,,,,13651.0,20.0,0.0,537.0,-535817199.0,-42.0,-11.0,91.0,31.0,23.0,2.0
245,13664.0,52700.0,51661.0,56708.0,47750.0,13663.0,3.2199416160583496,,,,,,,,0.4787035131454468,0.0,0.5,8.419310808181763,0.14,0.0,0.0,-0.07908607288958722,0.06706604675075731,-0.09769430593539674,,,,,,,,,13661.0,18.0,0.0,538.0,-535817199.0,-42.0,-12.0,89.0,36.0,43.0,1.0
246,13674.0,52172.0,51504.0,56920.0,47748.0,13673.0,3.225220203399658,,,,,,,,0.48663600444793703,0.0,0.5,8.475971460342407,0.14,0.0,0.0,-0.04494983018866783,0.061816748310599155,-0.7090855273715402,,,,,,,,,13671.0,18.0,0.0,539.0,-535817199.0,-41.0,-12.0,88.0,34.0,81.0,2.0
247,13684.0,52422.0,51581.0,56658.0,47706.0,13683.0,3.225220203399658,,,,,,,,0.49078643321990967,0.0,0.5,8.505617380142212,0.14,0.0,0.0,-0.07495638479299355,0.054929992770200234,-0.4514819747365024,,,,,,,,,13681.0,17.0,-1.0,540.0,-535817199.0,-40.0,-11.0,89.0,31.0,83.0,-7.0
248,13694.0,52374.0,51674.0,56877.0,47298.0,13693.0,3.225220203399658,,,,,,,,0.4981378030776977,0.0,0.5,8.558127164840698,0.14,0.0,0.0,-0.0904370948277681,0.08545114973200485,-0.2750244610000987,,,,,,,,,13691.0,18.0,0.0,541.0,-535817199.0,-37.0,-11.0,86.0,3.0,98.0,13.0
249,13704.0,52078.0,51507.0,56945.0,47478.0,13703.0,3.230498790740967,,,,,,,,0.5035355901718139,0.0,0.5,8.596682786941528,0.14,0.0,0.0,-0.013457006079868774,0.05658685987497496,-0.7556293465265878,,,,,,,,,13701.0,18.0,0.0,542.0,-535818223.0,-35.0,-10.0,82.0,-27.0,90.0,6.0
250,13714.0,51636.0,50941.0,57507.0,48204.0,13713.0,3.225220203399658,,,,,,,,0.511425256729126,0.0,0.5,8.653037548065186,0.14,0.0,0.0,-0.0841851866137902,0.0351361756151539,-0.7217054923926014,,,,,,,,,13711.0,18.0,0.0,543.0,-535818223.0,-33.0,-7.0,80.0,-42.0,73.0,12.0
251,13724.0,51672.0,50737.0,57601.0,48351.0,13723.0,3.225220203399658,,,,,,,,0.5191164541244507,0.0,0.5,8.707974672317505,0.14,0.0,0.0,-0.08394040288003993,0.028971148173359784,-0.6868991718915698,,,,,,,,,13721.0,18.0,0.0,543.0,-535818223.0,-32.0,-6.0,78.0,-76.0,55.0,12.0
252,13734.0,52575.0,50784.0,56955.0,48328.0,13733.0,3.225220203399658,,,,,,,,0.5240409660339356,0.0,0.5,8.743149757385254,0.14,0.0,0.0,-0.05253647411830827,0.048082422659456746,-0.6940826393787773,,,,,,,,,13731.0,15.0,0.0,544.0,-535819247.0,-35.0,-7.0,75.0,-70.0,43.0,5.0
253,13744.0,52408.0,51093.0,57094.0,48120.0,13743.0,3.225220203399658,,,,,,,,0.5321325397491455,0.0,0.5,8.800946712493896,0.14,0.0,0.0,-0.014185795535160795,0.00530276983030045,-0.6509016072600549,,,,,,,,,13741.0,16.0,0.0,545.0,-534770671.0,-32.0,-6.0,72.0,-82.0,41.0,8.0
254,13754.0,53013.0,50707.0,56673.0,48627.0,13753.0,3.225220203399658,,,,,,,,0.5370511436462402,0.0,0.5,8.836079597473145,0.14,0.0,0.0,-0.060670862387443424,0.0027333947921625713,-0.628398970928977,,,,,,,,,13751.0,16.0,0.0,546.0,-534770671.0,-31.0,-5.0,69.0,-76.0,28.0,3.0
255,13764.0,52623.0,51148.0,56930.0,48340.0,13763.0,3.225220203399658,,,,,,,,0.5459823894500733,0.0,0.5,8.899874210357666,0.14,0.0,0.0,-0.03640398035663596,-0.03478238231128238,-0.613943532962244,,,,,,,,,13761.0,14.0,2.0,546.0,-534770671.0,-32.0,-1.0,67.0,-73.0,18.0,1.0
256,13774.0,52823.0,51184.0,57024.0,48750.0,13773.0,3.2199416160583496,,,,,,,,0.5539082717895508,0.0,0.5,8.956487655639648,0.14,0.0,0.0,-0.09195326585611968,0.0018449169388266547,-0.6363355270684021,,,,,,,,,13771.0,14.0,2.0,546.0,-534770671.0,-32.0,-1.0,62.0,-65.0,16.0,-1.0
257,13784.0,52290.0,50793.0,57490.0,48723.0,13783.0,3.225220203399658,,,,,,,,0.5586325788497924,0.0,0.5,8.990232706069946,0.14,0.0,0.0,-0.10497502930143596,-0.03650539096320673,-0.4286438495906104,,,,,,,,,13781.0,13.0,2.0,547.0,-533722095.0,-31.0,0.0,60.0,-41.0,8.0,19.0
258,13794.0,53290.0,51089.0,56974.0,48644.0,13793.0,3.2199416160583496,,,,,,,,0.5635906028747558,0.0,0.5,9.025647163391113,0.14,0.0,0.0,-0.02418759438635919,-0.03860499410510433,-0.5828840108554321,,,,,,,,,13791.0,15.0,3.0,548.0,-533722095.0,-28.0,2.0,56.0,35.0,-6.0,3.0
259,13804.0,53461.0,51692.0,56849.0,48159.0,13803.0,3.2199416160583496,,,,,,,,0.5715397500991821,0.0,0.5,9.08242678642273,0.14,0.0,0.0,-0.058386898126457185,-0.04569259961740084,-0.5845762463825377,,,,,,,,,13801.0,13.0,2.0,548.0,-533722095.0,-29.0,1.0,53.0,40.0,0.0,8.0
260,13814.0,53109.0,51736.0,57145.0,48173.0,13813.0,3.2199416160583496,,,,,,,,0.5793323516845703,0.0,0.5,9.13808822631836,0.14,0.0,0.0,-0.08700130103310083,-0.06899738360451882,-0.61491881782805,,,,,,,,,13811.0,13.0,2.0,550.0,-533722095.0,-29.0,1.0,61.0,105.0,-8.0,6.0
261,13824.0,53004.0,51825.0,56971.0,47450.0,13823.0,3.2199416160583496,,,,,,,,0.5839729452133179,0.0,0.5,9.17123532295227,0.14,0.0,0.0,-0.05608450121221638,-0.05508003180575564,-0.5599097133705584,,,,,,,,,13821.0,13.0,3.0,551.0,-533722095.0,-27.0,3.0,59.0,110.0,0.0,8.0
262,13834.0,53661.0,52082.0,56568.0,47435.0,13833.0,3.214663028717041,,,,,,,,0.5884983825683594,0.0,0.5,9.203559875488281,0.14,0.0,0.0,-0.051366655607789656,-0.10141980761345937,-0.5134792886706876,,,,,,,,,13831.0,12.0,4.0,552.0,-534770671.0,-27.0,7.0,58.0,133.0,18.0,0.0
263,13844.0,53533.0,52193.0,56500.0,47307.0,13843.0,3.2199416160583496,,,,,,,,0.5972856664657593,0.0,0.5,9.266326189041138,0.14,0.0,0.0,-0.10118317707006778,-0.05740009191590894,-0.5512217076038439,,,,,,,,,13841.0,11.0,4.0,552.0,-534770671.0,-28.0,7.0,55.0,129.0,35.0,2.0
264,13854.0,53135.0,52058.0,56890.0,47550.0,13853.0,3.2199416160583496,,,,,,,,0.602205171585083,0.0,0.5,9.301465511322021,0.14,0.0,0.0,-0.0884466850901678,-0.06339629906196925,-0.5243491297441718,,,,,,,,,13851.0,11.0,4.0,551.0,-535819247.0,-27.0,7.0,43.0,113.0,49.0,1.0
265,13864.0,53074.0,52404.0,57105.0,47882.0,13863.0,3.2199416160583496,,,,,,,,0.6104009532928467,0.0,0.5,9.36000680923462,0.14,0.0,0.0,-0.010589331672329557,-0.0638380230525408,-0.5010234538968881,,,,,,,,,13861.0,12.0,2.0,552.0,-535819247.0,-24.0,5.0,42.0,103.0,49.0,-11.0
266,13874.0,52861.0,52730.0,57146.0,47709.0,13873.0,3.2199416160583496,,,,,,,,0.6180907821655274,0.0,0.5,9.414934158325195,0.14,0.0,0.0,-0.1029828025273802,-0.021435506950858167,-0.5396104694902046,,,,,,,,,13871.0,12.0,3.0,552.0,-536868847.0,-23.0,6.0,41.0,83.0,49.0,-23.0
267,13884.0,52818.0,52011.0,57423.0,48715.0,13883.0,3.214663028717041,,,,,,,,0.6258012056350708,0.0,0.5,9.470008611679077,0.14,0.0,0.0,-0.07320048506840322,-0.039509847713790965,-0.034721148883051,,,,,,,,,13881.0,12.0,3.0,552.0,-1073739759.0,-22.0,5.0,39.0,53.0,67.0,-3.0
268,13894.0,52413.0,51797.0,57837.0,48981.0,13893.0,3.214663028717041,,,,,,,,0.6336319255828857,0.0,0.5,9.525942325592041,0.14,0.0,0.0,-0.05420808447085204,0.0034880922536458356,-0.1977406104138435,,,,,,,,,13891.0,12.0,3.0,553.0,-1073739759.0,-21.0,5.0,36.0,24.0,72.0,-10.0
269,13904.0,52345.0,51743.0,57754.0,48963.0,13903.0,3.214663028717041,,,,,,,,0.6404161262512207,0.0,0.5,9.574400901794434,0.14,0.0,0.0,-0.04772809784696051,-0.006735335132439264,-0.5468595880181208,,,,,,,,,13901.0,12.0,3.0,554.0,-1073739759.0,-21.0,5.0,37.0,2.0,70.0,-15.0
270,13914.0,52871.0,52042.0,57471.0,48652.0,13913.0,3.214663028717041,,,,,,,,0.6450052499771118,0.0,0.5,9.60718035697937,0.14,0.0,0.0,-0.05806133560263704,-0.046840341858978035,-0.44369209438526447,,,,,,,,,13911.0,11.0,3.0,554.0,-1073739759.0,-20.0,5.0,35.0,-29.0,59.0,-8.0
271,13924.0,52366.0,51714.0,57881.0,49123.0,13923.0,3.214663028717041,,,,,,,,0.6492346525192261,0.0,0.5,9.637390375137329,0.14,0.0,0.0,-0.15996178672120848,0.02534375570333011,-0.4115755110699837,,,,,,,,,13921.0,8.0,3.0,555.0,-1073740783.0,-25.0,6.0,32.0,-22.0,35.0,-11.0
272,13934.0,52323.0,52376.0,57922.0,48470.0,13933.0,3.214663028717041,,,,,,,,0.6578790426254273,0.0,0.5,9.699136018753052,0.14,0.0,0.0,-0.09893857055429536,0.00045679698963137515,0.37867540391416554,,,,,,,,,13931.0,8.0,3.0,555.0,-1073740783.0,-25.0,5.0,30.0,-23.0,28.0,-13.0
273,13944.0,52972.0,51958.0,57665.0,48782.0,13943.0,3.214663028717041,,,,,,,,0.6623035764694214,0.0,0.5,9.730739831924438,0.14,0.0,0.0,-0.07188236830814917,0.03498261568254667,-0.00970143574728688,,,,,,,,,13941.0,8.0,3.0,555.0,-1073740783.0,-25.0,5.0,29.0,-23.0,28.0,-8.0
274,13954.0,52300.0,52353.0,57960.0,48634.0,13953.0,3.214663028717041,,,,,,,,0.6666833162307739,0.0,0.5,9.762023687362671,0.14,0.0,0.0,-0.029414755796123522,-0.008721162095414568,-0.2602874566032565,,,,,,,,,13951.0,7.0,3.0,556.0,-1073740783.0,-24.0,5.0,27.0,-29.0,11.0,-17.0
275,13964.0,51981.0,51797.0,58179.0,49371.0,13963.0,3.214663028717041,,,,,,,,0.6710425615310669,0.0,0.5,9.793161153793335,0.14,0.0,0.0,-0.1280670797670534,-0.003219321651227855,-0.2618397856534962,,,,,,,,,13961.0,12.0,3.0,556.0,-1073740783.0,-16.0,5.0,26.0,-6.0,-8.0,-14.0
276,13974.0,53248.0,51775.0,57455.0,49645.0,13973.0,3.2093844413757324,,,,,,,,0.6754551124572754,0.0,0.5,9.824679374694824,0.14,0.0,0.0,-0.03978277357433298,0.11686656552031764,-0.24313799221731003,,,,,,,,,13971.0,11.0,3.0,556.0,-1073740783.0,-16.0,5.0,24.0,0.0,-15.0,-15.0
277,13984.0,53675.0,51735.0,57401.0,49592.0,13983.0,3.2093844413757324,,,,,,,,0.6788087606430053,0.0,0.5,9.848634004592896,0.14,0.0,0.0,-0.05722222191153804,0.07977543168024226,-0.27593756890641785,,,,,,,,,13981.0,11.0,3.0,556.0,-1073740783.0,-16.0,4.0,21.0,5.0,-10.0,-10.0
278,13994.0,52838.0,52952.0,58076.0,48176.0,13993.0,3.2093844413757324,,,,,,,,0.6832239151000976,0.0,0.5,9.880170822143555,0.14,0.0,0.0,-0.04476779055254204,0.017457255242625723,-0.195535841087759,,,,,,,,,13991.0,9.0,3.0,556.0,-1073740783.0,-19.0,4.0,20.0,11.0,-22.0,-14.0
279,14004.0,53083.0,52497.0,57941.0,48642.0,14003.0,3.2093844413757324,,,,,,,,0.6875764179229736,0.0,0.5,9.91126012802124,0.14,0.0,0.0,-0.0413857710567405,0.029157664435922784,-0.17146845030693925,,,,,,,,,14001.0,9.0,3.0,557.0,-1073740783.0,-19.0,4.0,20.0,38.0,-21.0,-17.0
280,14014.0,53288.0,52335.0,57819.0,49212.0,14013.0,3.2041056156158447,,,,,,,,0.6919374656677246,0.0,0.5,9.942410469055176,0.14,0.0,0.0,0.018140588338144956,0.08415761595289888,-0.12763827262104854,,,,,,,,,14011.0,7.0,3.0,557.0,-1073740783.0,-20.0,4.0,20.0,56.0,-6.0,-24.0
281,14024.0,53156.0,52200.0,57516.0,48575.0,14023.0,3.2093844413757324,,,,,,,,0.6952733564376831,0.0,0.5,9.966238260269165,0.14,0.0,0.0,-0.0052228769023813055,0.07684538848650418,-0.059329742196228,,,,,,,,,14021.0,7.0,3.0,557.0,-1073740783.0,-20.0,4.0,19.0,64.0,-10.0,-15.0
282,14034.0,52945.0,52249.0,57782.0,48733.0,14033.0,3.2041056156158447,,,,,,,,0.6996332693099976,0.0,0.5,9.997380495071411,0.14,0.0,0.0,-0.015765071950454828,0.06655158424606784,-0.010518334823531816,,,,,,,,,14031.0,7.0,3.0,559.0,-1072692208.0,-20.0,4.0,29.0,72.0,-8.0,-25.0
283,14044.0,53645.0,51887.0,57201.0,49133.0,14043.0,3.2041056156158447,,,,,,,,0.7029288721084594,0.0,0.5,10.020920515060425,0.14,0.0,0.0,0.011327658563123498,0.04866585501128506,0.08690919686052467,,,,,,,,,14041.0,7.0,3.0,559.0,-1072692208.0,-20.0,4.0,30.0,50.0,14.0,-24.0
284,14054.0,52536.0,52647.0,57904.0,48045.0,14053.0,3.2093844413757324,,,,,,,,0.7071298027038574,0.0,0.5,10.05092716217041,0.14,0.0,0.0,-0.004799932097126508,0.027169613694639282,0.10751212810399835,,,,,,,,,14051.0,6.0,3.0,560.0,-1072692208.0,-20.0,4.0,29.0,29.0,10.0,-16.0
285,14064.0,52777.0,52228.0,57716.0,48594.0,14063.0,3.2093844413757324,,,,,,,,0.7116338443756104,0.0,0.5,10.083098888397217,0.14,0.0,0.0,0.05143820088241466,0.045811865161239765,0.10787960664692342,,,,,,,,,14061.0,6.0,3.0,560.0,-1072692208.0,-20.0,4.0,28.0,23.0,15.0,-23.0
286,14074.0,51185.0,51827.0,58604.0,48744.0,14073.0,3.2093844413757324,,,,,,,,0.7159669208526611,0.0,0.5,10.114049434661865,0.14,0.0,0.0,0.050465922499486955,0.12002401055787097,0.051304295949389456,,,,,,,,,14071.0,3.0,5.0,561.0,-1072692208.0,-23.0,5.0,34.0,-33.0,-8.0,-21.0
287,14084.0,52344.0,51181.0,57819.0,49319.0,14083.0,3.2093844413757324,,,,,,,,0.7203145170211792,0.0,0.5,10.145103693008423,0.14,0.0,0.0,0.03422036774680828,0.08399923816717493,-0.05748443515514445,,,,,,,,,14081.0,3.0,5.0,561.0,-1072692208.0,-23.0,5.0,34.0,-25.0,6.0,-23.0
288,14094.0,52353.0,51442.0,57771.0,49025.0,14093.0,3.2093844413757324,,,,,,,,0.7246752977371216,0.0,0.5,10.176252126693726,0.14,0.0,0.0,-0.06709924943997501,0.0045688686169781684,-0.04908157281861669,,,,,,,,,14091.0,3.0,5.0,562.0,-1072692208.0,-23.0,5.0,35.0,-43.0,-52.0,-20.0
289,14104.0,52582.0,51728.0,57595.0,48783.0,14103.0,3.2093844413757324,,,,,,,,0.727815055847168,0.0,0.5,10.198678970336914,0.14,0.0,0.0,-0.0025472777753174076,0.0320602872897856,-0.09748866822927127,,,,,,,,,14101.0,3.0,5.0,562.0,-1072692208.0,-23.0,5.0,36.0,-53.0,-30.0,-24.0
290,14114.0,52946.0,51125.0,57074.0,48984.0,14113.0,3.214663028717041,,,,,,,,0.7322855186462403,0.0,0.5,10.230610847473145,0.14,0.0,0.0,-0.007295577954580574,0.030524985235455836,-0.0812321597429495,,,,,,,,,14111.0,3.0,5.0,563.0,-1072692208.0,-23.0,4.0,39.0,-19.0,-53.0,-24.0
291,14124.0,54230.0,49135.0,55970.0,50964.0,14123.0,3.214663028717041,,,,,,,,0.7355575561523438,0.0,0.5,10.253982543945312,0.14,0.0,0.0,0.0799104562558196,0.02127292873973982,-0.03679396618021791,,,,,,,,,14121.0,8.0,6.0,564.0,-1072692208.0,-12.0,6.0,38.0,1.0,-102.0,-15.0
292,14134.0,52727.0,50974.0,57113.0,49125.0,14133.0,3.214663028717041,,,,,,,,0.7386928081512452,0.0,0.5,10.276377201080322,0.14,0.0,0.0,0.022051595074817198,0.028579571137079863,0.03241057163347705,,,,,,,,,14131.0,8.0,6.0,564.0,-1072691184.0,-12.0,5.0,38.0,21.0,-74.0,-31.0
293,14144.0,52967.0,51692.0,56866.0,48369.0,14143.0,3.214663028717041,,,,,,,,0.7429963779449463,0.0,0.5,10.307116985321045,0.14,0.0,0.0,0.029897134211776703,0.0013166002136332565,0.08965384235814611,,,,,,,,,14141.0,8.0,6.0,564.0,-1072691184.0,-12.0,5.0,39.0,38.0,-67.0,-24.0
294,14154.0,53189.0,52035.0,56747.0,48218.0,14153.0,3.214663028717041,,,,,,,,0.7473475122451783,0.0,0.5,10.338196516036987,0.14,0.0,0.0,0.006475952278408855,0.10568527277943408,0.09763684464490652,,,,,,,,,14151.0,7.0,6.0,564.0,-1072691184.0,-11.0,5.0,36.0,74.0,-41.0,-36.0
295,14164.0,53007.0,51915.0,56828.0,48379.0,14163.0,3.214663028717041,,,,,,,,0.751012282371521,0.0,0.5,10.364373445510864,0.14,0.0,0.0,0.05774983580944636,0.08815232552786664,0.13486229923430315,,,,,,,,,14161.0,7.0,6.0,565.0,-1072690161.0,-11.0,5.0,35.0,96.0,-11.0,-42.0
296,14174.0,52325.0,51853.0,57274.0,48419.0,14173.0,3.214663028717041,,,,,,,,0.7580666494369507,0.0,0.5,10.414761781692505,0.14,0.0,0.0,-0.03169426556676529,0.06248790421642972,0.19525983873106156,,,,,,,,,14171.0,7.0,7.0,565.0,-1072690161.0,-10.0,6.0,35.0,100.0,38.0,-41.0
297,14184.0,52323.0,51940.0,57257.0,48342.0,14183.0,3.214663028717041,,,,,,,,0.7637623071670532,0.0,0.5,10.455445051193237,0.14,0.0,0.0,0.04422061159909312,0.05135413446468204,0.1328568528148093,,,,,,,,,14181.0,7.0,7.0,565.0,-1072690161.0,-9.0,6.0,37.0,100.0,66.0,-50.0
298,14194.0,52359.0,51924.0,57293.0,48264.0,14193.0,3.214663028717041,,,,,,,,0.771202564239502,0.0,0.5,10.508589744567871,0.14,0.0,0.0,0.030367123915538634,0.058172906752850057,0.11308859536103277,,,,,,,,,14191.0,7.0,7.0,566.0,-1071642609.0,-9.0,5.0,36.0,84.0,78.0,-41.0
299,14204.0,51635.0,52143.0,57786.0,48090.0,14203.0,3.214663028717041,,,,,,,,0.7808860635757446,0.0,0.5,10.577757596969604,0.14,0.0,0.0,0.04499923772440035,0.05753644775208977,0.09340518347154081,,,,,,,,,14201.0,5.0,8.0,566.0,-1071642609.0,-12.0,7.0,35.0,62.0,96.0,-36.0
300,14214.0,52189.0,51958.0,57421.0,48142.0,14213.0,3.214663028717041,,,,,,,,0.7869745874404908,0.0,0.5,10.621247053146362,0.14,0.0,0.0,0.039696429433552144,0.0798271058719036,0.07800424603153289,,,,,,,,,14211.0,5.0,8.0,567.0,-1071642609.0,-11.0,7.0,34.0,58.0,78.0,-35.0
301,14224.0,52558.0,52438.0,57054.0,47623.0,14223.0,3.214663028717041,,,,,,,,0.7954793882369995,0.0,0.5,10.681995630264282,0.14,0.0,0.0,0.014170433675655502,0.04676595746497889,0.05026782463037627,,,,,,,,,14221.0,4.0,8.0,567.0,-1071643633.0,-11.0,6.0,35.0,20.0,67.0,-29.0
302,14234.0,53547.0,52176.0,56244.0,47968.0,14233.0,3.214663028717041,,,,,,,,0.8064152526855469,0.0,0.5,10.760108947753906,0.14,0.0,0.0,0.008497989799351388,0.022706265653516442,0.059284893710739084,,,,,,,,,14231.0,5.0,6.0,567.0,-1070595057.0,-8.0,2.0,35.0,60.0,35.0,-35.0
303,14244.0,53212.0,52245.0,56827.0,48517.0,14243.0,3.214663028717041,,,,,,,,0.8126386594772339,0.0,0.5,10.804561853408813,0.14,0.0,0.0,0.014856908167813447,0.01285697367579992,-0.021339012351933917,,,,,,,,,14241.0,5.0,7.0,566.0,-1070595058.0,-8.0,1.0,25.0,60.0,-4.0,-39.0
304,14254.0,52518.0,51720.0,57413.0,49076.0,14253.0,3.214663028717041,,,,,,,,0.8224521017074585,0.0,0.5,10.87465786933899,0.14,0.0,0.0,0.16880620944277064,0.015490015993562272,0.03044242801356134,,,,,,,,,14251.0,5.0,7.0,566.0,-1070595058.0,-8.0,1.0,24.0,31.0,-29.0,-32.0
305,14264.0,52778.0,51650.0,57252.0,49177.0,14263.0,3.214663028717041,,,,,,,,0.829529767036438,0.0,0.5,10.925212621688843,0.14,0.0,0.0,0.07577172050792161,0.01804511974361093,0.07278854089073583,,,,,,,,,14261.0,5.0,7.0,567.0,-1070595058.0,-8.0,0.0,23.0,17.0,-25.0,-36.0
306,14274.0,53029.0,51770.0,57204.0,49366.0,14273.0,3.2093844413757324,,,,,,,,0.8365727519989014,0.0,0.5,10.97551965713501,0.14,0.0,0.0,0.05168449440326312,-0.03251766631487277,0.08146400442013046,,,,,,,,,14271.0,5.0,7.0,567.0,-1070595058.0,-7.0,0.0,22.0,3.0,-36.0,-39.0
307,14284.0,53123.0,52064.0,57416.0,49489.0,14283.0,3.2093844413757324,,,,,,,,0.8436229467391968,0.0,0.5,11.025878190994263,0.14,0.0,0.0,0.1148995354066388,-0.04994513201562115,0.08923592293504612,,,,,,,,,14281.0,5.0,7.0,566.0,-1070595058.0,-7.0,0.0,12.0,-16.0,-15.0,-39.0
308,14294.0,53008.0,51955.0,57558.0,49599.0,14293.0,3.2093844413757324,,,,,,,,0.8506594228744507,0.0,0.5,11.076138734817505,0.14,0.0,0.0,0.08260311791091879,-0.02886486146040842,0.08591849725499756,,,,,,,,,14291.0,5.0,7.0,566.0,-1070595058.0,-6.0,-1.0,11.0,-38.0,8.0,-32.0
309,14304.0,52811.0,52144.0,57701.0,49496.0,14303.0,3.2093844413757324,,,,,,,,0.8568895387649537,0.0,0.5,11.120639562606812,0.14,0.0,0.0,0.11286222999512754,-0.05336146725156624,0.05364491270910321,,,,,,,,,14301.0,5.0,7.0,566.0,-1070595058.0,-6.0,-2.0,10.0,-51.0,20.0,-36.0
310,14314.0,51463.0,51896.0,58808.0,49873.0,14313.0,3.2041056156158447,,,,,,,,0.8673388767242431,0.0,0.5,11.195277690887451,0.14,0.0,0.0,0.09496848936891551,-0.0639212541104933,0.03791317305645059,,,,,,,,,14311.0,3.0,8.0,566.0,-1070595059.0,-9.0,0.0,9.0,-60.0,26.0,-40.0
311,14324.0,52351.0,51752.0,58240.0,49953.0,14323.0,3.2041056156158447,,,,,,,,0.8746040630340576,0.0,0.5,11.247171878814697,0.14,0.0,0.0,0.13069988978538896,-0.08077113491409253,0.06277023196453513,,,,,,,,,14321.0,3.0,8.0,566.0,-1070595059.0,-8.0,-1.0,9.0,-60.0,17.0,-34.0
312,14334.0,53905.0,52173.0,57053.0,49576.0,14333.0,3.2041056156158447,,,,,,,,0.8816048574447631,0.0,0.5,11.29717755317688,0.14,0.0,0.0,0.11241707461580498,-0.054976934101622466,0.12825102883224204,,,,,,,,,14331.0,3.0,8.0,566.0,-1070595059.0,-8.0,-2.0,9.0,-60.0,34.0,-28.0
313,14344.0,52963.0,51931.0,57856.0,49804.0,14343.0,3.2041056156158447,,,,,,,,0.8873947429656982,0.0,0.5,11.338533878326416,0.14,0.0,0.0,0.0895851951184671,-0.07941555497475482,0.128930382503043,,,,,,,,,14341.0,3.0,8.0,566.0,-1071643635.0,-7.0,-2.0,8.0,-12.0,15.0,-23.0
314,14354.0,53231.0,53026.0,57692.0,48569.0,14353.0,3.2041056156158447,,,,,,,,0.8937739276885986,0.0,0.5,11.38409948348999,0.14,0.0,0.0,0.17344247015745826,-0.08856770081336027,0.12152919393246009,,,,,,,,,14351.0,1.0,9.0,566.0,-1071643635.0,-11.0,-1.0,8.0,-28.0,29.0,-13.0
315,14364.0,52841.0,52488.0,55580.0,45039.0,14363.0,3.2041056156158447,,,,,,,,0.9049024868011475,0.0,0.5,11.463589191436768,0.14,0.0,0.0,0.07610132144041556,-0.08602554606443345,0.10817752524692636,,,,,,,,,14361.0,1.0,9.0,567.0,-1071643635.0,-10.0,-3.0,7.0,31.0,2.0,-13.0
316,14374.0,51966.0,51136.0,56223.0,47048.0,14373.0,3.2041056156158447,,,,,,,,0.9132931661605835,0.0,0.5,11.52352261543274,0.14,0.0,0.0,0.15520376627526744,-0.06199289272466275,0.07572084588490924,,,,,,,,,14371.0,1.0,9.0,566.0,-1071643635.0,-10.0,-2.0,4.0,45.0,7.0,-16.0
317,14384.0,51895.0,51455.0,56087.0,46555.0,14383.0,3.2093844413757324,,,,,,,,0.9236486101150513,0.0,0.5,11.597490072250366,0.14,0.0,0.0,0.15533525444667565,-0.0794526125936985,0.055507485121314204,,,,,,,,,14381.0,1.0,9.0,566.0,-1071643635.0,-10.0,-4.0,3.0,36.0,-7.0,-19.0
318,14394.0,51651.0,50895.0,55758.0,46747.0,14393.0,3.225220203399658,,,,,,,,0.9344938182830811,0.0,0.5,11.67495584487915,0.14,0.0,0.0,0.11898663460574999,-0.13011257093061152,0.0971483916028788,,,,,,,,,14391.0,1.0,9.0,566.0,-1071643635.0,-9.0,-5.0,3.0,0.0,-21.0,-25.0
319,14404.0,51328.0,51086.0,55951.0,46487.0,14403.0,3.225220203399658,,,,,,,,0.9420026016235351,0.0,0.5,11.72859001159668,0.14,0.0,0.0,0.12493528739745062,-0.09811040453845687,0.11418483636680854,,,,,,,,,14401.0,2.0,10.0,566.0,-1071643635.0,-8.0,-3.0,3.0,16.0,-64.0,-32.0
320,14414.0,51635.0,49881.0,55480.0,47463.0,14413.0,3.230498790740967,,,,,,,,0.9524206972122192,0.0,0.5,11.80300498008728,0.14,0.0,0.0,0.1119767634630902,-0.11661696351259654,0.12319018908532264,,,,,,,,,14411.0,1.0,10.0,567.0,-1071643635.0,-8.0,-4.0,8.0,-38.0,-62.0,-23.0
321,14424.0,50924.0,49960.0,55910.0,47471.0,14423.0,3.2357773780822754,,,,,,,,0.9604136037826538,0.0,0.5,11.860097169876099,0.14,0.0,0.0,0.10475723332098874,-0.1324203581139469,0.12400814589922149,,,,,,,,,14421.0,1.0,10.0,567.0,-1071643636.0,-7.0,-5.0,8.0,-14.0,-99.0,-32.0
322,14434.0,50638.0,49879.0,56222.0,47651.0,14433.0,3.2357773780822754,,,,,,,,0.9664148426055909,0.0,0.5,11.902963161468506,0.14,0.0,0.0,0.1501263776766106,-0.07514080785076029,0.0645256282819684,,,,,,,,,14431.0,2.0,11.0,567.0,-1071642612.0,-5.0,-3.0,4.0,-36.0,-112.0,-36.0
323,14444.0,51585.0,50413.0,55499.0,47265.0,14443.0,3.2357773780822754,,,,,,,,0.9723104381561279,0.0,0.5,11.945074558258057,0.14,0.0,0.0,0.10788129750788576,-0.06610808026726028,0.06960914250881522,,,,,,,,,14441.0,3.0,10.0,567.0,-1071642612.0,-4.0,-4.0,0.0,-57.0,-109.0,-30.0
324,14454.0,50729.0,50453.0,56323.0,47314.0,14453.0,3.2357773780822754,,,,,,,,0.9792613983154297,0.0,0.5,11.99472427368164,0.14,0.0,0.0,0.06536334200849296,-0.07321014671762825,0.0661287802467374,,,,,,,,,14451.0,2.0,11.0,567.0,-1071642612.0,-4.0,-3.0,-1.0,-36.0,-111.0,-39.0
325,14464.0,51540.0,50032.0,55910.0,47731.0,14463.0,3.2357773780822754,,,,,,,,0.9863867616653442,0.0,0.5,12.04561972618103,0.14,0.0,0.0,0.03174398079026728,-0.02283549969374557,0.09500726177772556,,,,,,,,,14461.0,2.0,11.0,567.0,-1071641588.0,-4.0,-4.0,-6.0,-46.0,-99.0,-21.0
326,14474.0,51544.0,50806.0,55883.0,47168.0,14473.0,3.2357773780822754,,,,,,,,0.9942371082305909,0.0,0.5,12.101693630218506,0.14,0.0,0.0,0.039391305177563264,0.020739516089839923,0.30193787482379797,,,,,,,,,14471.0,5.0,11.0,567.0,-1071641588.0,1.0,-5.0,-9.0,-28.0,-111.0,-26.0
327,14484.0,51900.0,50264.0,55905.0,48031.0,14483.0,3.230498790740967,,,,,,,,1.0043619394302368,0.0,0.5,12.17401385307312,0.14,0.0,0.0,0.055518837260294523,0.014210347009017136,0.06868369232470428,,,,,,,,,14481.0,4.0,11.0,567.0,-1072689140.0,1.0,-5.0,-12.0,-24.0,-95.0,-25.0
328,14494.0,51235.0,51119.0,56416.0,47342.0,14493.0,3.230498790740967,,,,,,,,1.011650457382202,0.0,0.5,12.226074695587158,0.14,0.0,0.0,0.04640340990473039,0.05084006192157107,0.787748012521698,,,,,,,,,14491.0,4.0,11.0,567.0,-1072689140.0,1.0,-4.0,-16.0,-23.0,-77.0,-28.0
329,14504.0,52219.0,51401.0,56042.0,47245.0,14503.0,3.225220203399658,,,,,,,,1.0190063667297364,0.0,0.5,12.278616905212402,0.14,0.0,0.0,0.09257019190678424,0.02465266810481644,-0.06162025672883331,,,,,,,,,14501.0,4.0,10.0,566.0,-1072689140.0,2.0,-7.0,-21.0,-14.0,-62.0,-17.0
330,14514.0,51885.0,50946.0,56444.0,47845.0,14513.0,3.225220203399658,,,,,,,,1.0290753889083861,0.0,0.5,12.350538492202759,0.14,0.0,0.0,-0.005790243424835793,0.07424112681908028,0.6296818891156324,,,,,,,,,14511.0,4.0,10.0,566.0,-1072688116.0,3.0,-7.0,-24.0,1.0,-50.0,-15.0
331,14524.0,51346.0,51806.0,56900.0,47115.0,14523.0,3.225220203399658,,,,,,,,1.0380370092391968,0.0,0.5,12.414550065994263,0.14,0.0,0.0,0.008163120873655453,0.041384577971555744,0.05930041050837609,,,,,,,,,14521.0,3.0,10.0,566.0,-1072688116.0,2.0,-7.0,-27.0,1.0,-27.0,-17.0
332,14534.0,51558.0,51906.0,57087.0,47257.0,14533.0,3.2199416160583496,,,,,,,,1.0477471780776977,0.0,0.5,12.483908414840698,0.14,0.0,0.0,-0.040525919309021614,0.04170411257160345,-0.10819049436324946,,,,,,,,,14531.0,3.0,10.0,565.0,-1072688117.0,4.0,-7.0,-31.0,-22.0,1.0,-9.0
333,14544.0,51449.0,51829.0,57292.0,47681.0,14543.0,3.2199416160583496,,,,,,,,1.056960906982422,0.0,0.5,12.549720764160156,0.14,0.0,0.0,-0.06725021120459128,0.03885219481600943,0.5116218582174952,,,,,,,,,14541.0,3.0,10.0,565.0,-1072688117.0,5.0,-8.0,-36.0,-10.0,-2.0,-15.0
334,14554.0,51755.0,51818.0,57153.0,47743.0,14553.0,3.2199416160583496,,,,,,,,1.0640762901306153,0.0,0.5,12.600544929504395,0.14,0.0,0.0,0.02344008259621882,0.0044399514606951905,-0.104682703931811,,,,,,,,,14551.0,1.0,12.0,564.0,-1072688117.0,2.0,-4.0,-40.0,-66.0,3.0,-7.0
335,14564.0,51635.0,51986.0,57533.0,47740.0,14563.0,3.214663028717041,,,,,,,,1.0710840272903441,0.0,0.5,12.65060019493103,0.14,0.0,0.0,-0.022582519752800612,0.021008662958010425,-0.11291827282178346,,,,,,,,,14561.0,1.0,12.0,564.0,-1072688117.0,3.0,-4.0,-42.0,-59.0,9.0,-11.0
336,14574.0,52058.0,51816.0,57362.0,48149.0,14573.0,3.214663028717041,,,,,,,,1.0782608270645142,0.0,0.5,12.701863050460815,0.14,0.0,0.0,-0.06546517902773864,0.05783815279149415,0.33091834423843025,,,,,,,,,14571.0,2.0,11.0,564.0,-1072688117.0,7.0,-5.0,-44.0,-54.0,-33.0,-3.0
337,14584.0,52323.0,52046.0,57428.0,48161.0,14583.0,3.214663028717041,,,,,,,,1.0853884935379028,0.0,0.5,12.752774953842163,0.14,0.0,0.0,0.018270459695340326,-0.002566499313210329,-0.06377817818686182,,,,,,,,,14581.0,2.0,11.0,563.0,-1073736693.0,8.0,-5.0,-47.0,-52.0,-38.0,-2.0
338,14594.0,52757.0,51399.0,57395.0,49060.0,14593.0,3.2093844413757324,,,,,,,,1.0923597145080566,0.0,0.5,12.802569389343262,0.14,0.0,0.0,-0.05334942827682243,0.043586602461052115,-0.06388031225677437,,,,,,,,,14591.0,2.0,12.0,562.0,-1073736693.0,9.0,-4.0,-54.0,-47.0,-94.0,8.0
339,14604.0,52864.0,51902.0,57518.0,48598.0,14603.0,3.2093844413757324,,,,,,,,1.099552502632141,0.0,0.5,12.853946447372437,0.14,0.0,0.0,-0.0044636735263788325,0.0031960546571949463,-0.06340489297079621,,,,,,,,,14601.0,2.0,11.0,561.0,-1073736693.0,11.0,-6.0,-56.0,-47.0,-129.0,19.0
340,14614.0,53104.0,51874.0,57672.0,48947.0,14613.0,3.2041056156158447,,,,,,,,1.1052944898605346,0.0,0.5,12.894960641860962,0.14,0.0,0.0,-0.042188211492463816,-0.0034944783611880795,-0.0798200463903882,,,,,,,,,14611.0,3.0,11.0,561.0,-536864757.0,13.0,-5.0,-59.0,-43.0,-127.0,23.0
341,14624.0,53070.0,52490.0,57834.0,48446.0,14623.0,3.2041056156158447,,,,,,,,1.1174797821044922,0.0,0.5,12.981998443603516,0.14,0.0,0.0,-0.02414741595148513,0.022188811180527526,-0.07951080988672388,,,,,,,,,14621.0,1.0,12.0,560.0,-536864757.0,10.0,-4.0,-62.0,-39.0,-122.0,24.0
342,14634.0,53320.0,51880.0,57792.0,49387.0,14633.0,3.198827028274536,,,,,,,,1.1247759771347046,0.0,0.5,13.034114122390747,0.14,0.0,0.0,0.08839579559172628,-0.04108775420537837,-0.04686085503922044,,,,,,,,,14631.0,1.0,11.0,560.0,-535816181.0,11.0,-5.0,-63.0,-3.0,-131.0,17.0
343,14644.0,52271.0,52087.0,58657.0,49268.0,14643.0,3.198827028274536,,,,,,,,1.1313577699661255,0.0,0.5,13.081126928329468,0.14,0.0,0.0,-0.0423314470524599,-0.04354173295607747,-0.04241371204484956,,,,,,,,,14641.0,1.0,11.0,559.0,-535815156.0,13.0,-5.0,-65.0,-5.0,-119.0,11.0
344,14654.0,53650.0,52921.0,57835.0,48419.0,14653.0,3.198827028274536,,,,,,,,1.1385635757446289,0.0,0.5,13.132596969604492,0.14,0.0,0.0,0.063099441326237,-0.003254148294953794,-0.09467326035564305,,,,,,,,,14651.0,1.0,11.0,558.0,-535815156.0,15.0,-5.0,-67.0,-11.0,-95.0,17.0
345,14664.0,53143.0,53278.0,58424.0,48406.0,14663.0,3.1935484409332275,,,,,,,,1.1491322755813598,0.0,0.5,13.208087682723999,0.14,0.0,0.0,0.1080186741993676,-0.09281224374167334,-0.07044306248842958,,,,,,,,,14661.0,0.0,10.0,558.0,-535814132.0,15.0,-6.0,-68.0,28.0,-61.0,9.0
346,14674.0,52715.0,52538.0,58885.0,49221.0,14673.0,3.1935484409332275,,,,,,,,1.157261734008789,0.0,0.5,13.266155242919922,0.14,0.0,0.0,-0.044449363944469716,-0.05148664071505112,0.29041769018944663,,,,,,,,,14671.0,1.0,10.0,557.0,-535814132.0,17.0,-6.0,-71.0,3.0,-31.0,29.0
347,14684.0,53550.0,53646.0,58371.0,48194.0,14683.0,3.1935484409332275,,,,,,,,1.1644423055648803,0.0,0.5,13.317445039749146,0.14,0.0,0.0,-0.009369592209015487,0.02561513524126643,-0.01707926569964613,,,,,,,,,14681.0,0.0,9.0,556.0,-535814132.0,19.0,-7.0,-72.0,-10.0,3.0,13.0
348,14694.0,52442.0,52744.0,59305.0,49391.0,14693.0,3.1935484409332275,,,,,,,,1.1736302995681762,0.0,0.5,13.383073568344116,0.14,0.0,0.0,0.08647944671009875,-0.06653960371659551,-0.0661637694378836,,,,,,,,,14691.0,1.0,9.0,555.0,-535814132.0,21.0,-7.0,-74.0,-3.0,-19.0,21.0
349,14704.0,53584.0,53071.0,58635.0,49279.0,14703.0,3.1935484409332275,,,,,,,,1.1807778263092041,0.0,0.5,13.43412733078003,0.14,0.0,0.0,-0.028511189681275997,-0.03638296400424456,-0.08974088420966453,,,,,,,,,14701.0,1.0,9.0,555.0,-535814132.0,23.0,-7.0,-76.0,-12.0,3.0,13.0
350,14714.0,53349.0,52911.0,58724.0,49108.0,14713.0,3.1935484409332275,,,,,,,,1.1862502813339233,0.0,0.5,13.47321629524231,0.14,0.0,0.0,-0.047377642715473865,0.003653992328999332,-0.0675555930375964,,,,,,,,,14711.0,1.0,9.0,555.0,-535814132.0,25.0,-7.0,-71.0,-39.0,-28.0,32.0
351,14724.0,53526.0,52913.0,58819.0,49459.0,14723.0,3.188269853591919,,,,,,,,1.1913437223434449,0.0,0.5,13.509598016738892,0.14,0.0,0.0,0.05319548601424341,-0.0467605644253914,-0.17048786833498042,,,,,,,,,14721.0,2.0,7.0,554.0,-535814132.0,28.0,-9.0,-71.0,-6.0,-60.0,17.0
352,14734.0,53013.0,53174.0,59245.0,49242.0,14733.0,3.188269853591919,,,,,,,,1.1981117343902588,0.0,0.5,13.55794095993042,0.14,0.0,0.0,-0.08190656792836576,-0.034632657351932154,-0.13035387115118802,,,,,,,,,14731.0,2.0,7.0,554.0,-535814132.0,30.0,-9.0,-71.0,-13.0,-81.0,18.0
353,14744.0,53934.0,52665.0,58576.0,50086.0,14743.0,3.188269853591919,,,,,,,,1.2033587837219237,0.0,0.5,13.595419883728027,0.14,0.0,0.0,-0.04100290427948051,-0.06155385215738966,-0.1309361050396145,,,,,,,,,14741.0,2.0,7.0,553.0,-535813108.0,33.0,-9.0,-71.0,-41.0,-67.0,11.0
354,14754.0,53886.0,52497.0,58521.0,50080.0,14753.0,3.188269853591919,,,,,,,,1.213863697052002,0.0,0.5,13.670454978942871,0.14,0.0,0.0,0.010282669405384446,0.02600621765930715,-0.12663009531824798,,,,,,,,,14751.0,5.0,7.0,552.0,-535813108.0,39.0,-9.0,-70.0,-51.0,-114.0,14.0
355,14764.0,53493.0,53087.0,58871.0,49349.0,14763.0,3.188269853591919,,,,,,,,1.2211580562591553,0.0,0.5,13.722557544708252,0.14,0.0,0.0,-0.04659847884486175,0.032162944377216944,-0.12275841541754318,,,,,,,,,14761.0,6.0,6.0,552.0,-535812084.0,44.0,-9.0,-63.0,-48.0,-114.0,15.0
356,14774.0,53319.0,53070.0,59029.0,49365.0,14773.0,3.188269853591919,,,,,,,,1.226899175643921,0.0,0.5,13.76356554031372,0.14,0.0,0.0,-0.06952148820378151,-0.06093244051341048,-0.09061221374294526,,,,,,,,,14771.0,6.0,6.0,551.0,-535812084.0,47.0,-9.0,-60.0,-50.0,-126.0,14.0
357,14784.0,53753.0,52392.0,58813.0,50199.0,14783.0,3.188269853591919,,,,,,,,1.2380000305175782,0.0,0.5,13.842857360839844,0.14,0.0,0.0,-0.012506304026162577,0.06905045414729907,-0.08679790354265293,,,,,,,,,14781.0,7.0,6.0,550.0,-534762483.0,50.0,-9.0,-60.0,-53.0,-93.0,16.0
358,14794.0,53941.0,52900.0,58678.0,49687.0,14793.0,3.188269853591919,,,,,,,,1.2455191278457642,0.0,0.5,13.896565198898315,0.14,0.0,0.0,-0.08374561019987034,0.00773382192379407,-0.08293131754312455,,,,,,,,,14791.0,7.0,6.0,550.0,-534762483.0,53.0,-8.0,-60.0,-48.0,-82.0,10.0
359,14804.0,53942.0,53498.0,58791.0,49071.0,14803.0,3.188269853591919,,,,,,,,1.2530056142807007,0.0,0.5,13.950040102005005,0.14,0.0,0.0,-0.02086907030070892,-0.008671772602366502,-0.09416830127009312,,,,,,,,,14801.0,8.0,6.0,549.0,-534762483.0,55.0,-8.0,-61.0,-6.0,-61.0,16.0
360,14814.0,52895.0,54447.0,59547.0,47919.0,14813.0,3.188269853591919,,,,,,,,1.2614549064636231,0.0,0.5,14.010392189025879,0.14,0.0,0.0,0.028068602286147708,0.02189618108736961,-0.1466514497493545,,,,,,,,,14811.0,2.0,5.0,548.0,-534762483.0,46.0,-7.0,-59.0,9.0,-28.0,18.0
361,14824.0,53482.0,53767.0,59173.0,48862.0,14823.0,3.188269853591919,,,,,,,,1.2754530906677246,0.0,0.5,14.110379219055176,0.14,0.0,0.0,-0.05886034165410777,0.0313573312942803,0.03227693597825443,,,,,,,,,14821.0,2.0,5.0,548.0,-534762483.0,50.0,-7.0,-58.0,30.0,-15.0,12.0
362,14834.0,54254.0,53204.0,58781.0,49645.0,14833.0,3.1829912662506104,,,,,,,,1.2849978017807007,0.0,0.5,14.178555727005005,0.14,0.0,0.0,-0.04677051324607341,0.026591563897150332,-0.07949848913399471,,,,,,,,,14831.0,3.0,5.0,547.0,-534762483.0,53.0,-6.0,-56.0,25.0,-31.0,12.0
363,14844.0,54281.0,53614.0,58729.0,49346.0,14843.0,3.1829912662506104,,,,,,,,1.2926679372787475,0.0,0.5,14.233342409133911,0.14,0.0,0.0,-0.014892510023138168,0.03938102781706649,-0.1631687612493682,,,,,,,,,14841.0,3.0,5.0,547.0,-534762483.0,56.0,-5.0,-55.0,47.0,-30.0,1.0
364,14854.0,54111.0,53702.0,58865.0,49246.0,14853.0,3.1829912662506104,,,,,,,,1.2985211086273194,0.0,0.5,14.275150775909424,0.14,0.0,0.0,0.039801487940794814,0.0672810837687881,-0.1713021430386341,,,,,,,,,14851.0,4.0,5.0,546.0,-535811059.0,59.0,-5.0,-52.0,39.0,-42.0,-2.0
365,14864.0,54071.0,53694.0,58857.0,49340.0,14863.0,3.1829912662506104,,,,,,,,1.3052719640731811,0.0,0.5,14.323371171951294,0.14,0.0,0.0,-0.11971207120727849,0.006973334238049179,-0.2204558496388067,,,,,,,,,14861.0,6.0,3.0,546.0,-535810035.0,64.0,-8.0,-50.0,27.0,-64.0,-12.0
366,14874.0,54282.0,52789.0,58677.0,50279.0,14873.0,3.1829912662506104,,,,,,,,1.310632266998291,0.0,0.5,14.361659049987793,0.14,0.0,0.0,-0.08277737573759349,0.045943672009735634,0.1737389550848718,,,,,,,,,14871.0,7.0,3.0,545.0,-535810035.0,68.0,-8.0,-47.0,2.0,-54.0,0.0
367,14884.0,53925.0,53196.0,59046.0,50029.0,14883.0,3.1829912662506104,,,,,,,,1.3179456186294556,0.0,0.5,14.413897275924683,0.14,0.0,0.0,0.013129894230300103,0.0702944271954372,-0.20566301208666182,,,,,,,,,14881.0,7.0,3.0,545.0,-535810035.0,70.0,-7.0,-45.0,-24.0,-63.0,-7.0
368,14894.0,54024.0,53029.0,59028.0,50115.0,14893.0,3.1829912662506104,,,,,,,,1.3295370721817017,0.0,0.5,14.49669337272644,0.14,0.0,0.0,-0.09279290662212762,0.04647661942173559,-0.15766612541685454,,,,,,,,,14891.0,7.0,3.0,544.0,-535810035.0,70.0,-7.0,-50.0,-41.0,-66.0,2.0
369,14904.0,54071.0,52459.0,59095.0,50513.0,14903.0,3.1829912662506104,,,,,,,,1.3404713344573975,0.0,0.5,14.574795246124268,0.14,0.0,0.0,-0.001999826806295369,0.06678529235068911,-0.07298438304093757,,,,,,,,,14901.0,8.0,4.0,543.0,-535810035.0,75.0,-5.0,-47.0,-73.0,-77.0,7.0
370,14914.0,54409.0,51916.0,58808.0,51010.0,14913.0,3.1829912662506104,,,,,,,,1.351202254295349,0.0,0.5,14.651444673538208,0.14,0.0,0.0,-0.024080517244265884,0.0841791089170122,-0.097560697743722,,,,,,,,,14911.0,9.0,4.0,543.0,-534760435.0,78.0,-5.0,-44.0,-49.0,-86.0,4.0
371,14924.0,53781.0,52911.0,59248.0,50017.0,14923.0,3.1829912662506104,,,,,,,,1.3568483781814575,0.0,0.5,14.691774129867554,0.14,0.0,0.0,-0.08244832344366747,0.05164170972753212,-0.061315720088815695,,,,,,,,,14921.0,10.0,4.0,542.0,-534760435.0,82.0,-4.0,-41.0,-42.0,-85.0,4.0
372,14934.0,54861.0,53016.0,58364.0,49803.0,14933.0,3.1829912662506104,,,,,,,,1.3674998903274536,0.0,0.5,14.767856359481812,0.14,0.0,0.0,-0.05386779338010221,0.0274040928603121,-0.015550642602924825,,,,,,,,,14931.0,11.0,4.0,543.0,-534760435.0,86.0,-4.0,-35.0,-2.0,-47.0,1.0
373,14944.0,54183.0,53186.0,58763.0,49668.0,14943.0,3.1829912662506104,,,,,,,,1.3767750692367553,0.0,0.5,14.834107637405396,0.14,0.0,0.0,-0.054944235948509446,0.02075391918176067,-0.13654139624001083,,,,,,,,,14941.0,12.0,4.0,542.0,-534760435.0,89.0,-3.0,-34.0,10.0,-13.0,0.0
374,14954.0,53725.0,54547.0,59009.0,48029.0,14953.0,3.1829912662506104,,,,,,,,1.38405921459198,0.0,0.5,14.886137247085571,0.14,0.0,0.0,0.034232170501838695,0.03631739715243662,-0.1568182115216743,,,,,,,,,14951.0,7.0,2.0,542.0,-534760435.0,83.0,-5.0,-32.0,38.0,-14.0,-8.0
375,14964.0,53630.0,54135.0,58829.0,48809.0,14963.0,3.1829912662506104,,,,,,,,1.391022424697876,0.0,0.5,14.935874462127686,0.14,0.0,0.0,0.011686313547447704,-0.01377963583691976,-0.1652934215109898,,,,,,,,,14961.0,8.0,2.0,542.0,-534760435.0,87.0,-4.0,-29.0,41.0,13.0,-16.0
376,14974.0,53459.0,53638.0,58994.0,49417.0,14973.0,3.1829912662506104,,,,,,,,1.3983213901519775,0.0,0.5,14.988009929656982,0.14,0.0,0.0,-0.015042646780606007,-0.02124747055411779,-0.1253169937152787,,,,,,,,,14971.0,9.0,2.0,541.0,-534760435.0,90.0,-5.0,-28.0,42.0,39.0,-10.0
377,14984.0,53681.0,53051.0,58912.0,49926.0,14983.0,3.1829912662506104,,,,,,,,1.4043494653701782,0.0,0.5,15.031067609786987,0.14,0.0,0.0,0.06913005475177329,0.01670835254851989,-0.10148518773766924,,,,,,,,,14981.0,10.0,1.0,541.0,-534760435.0,95.0,-5.0,-24.0,15.0,28.0,-10.0
378,14994.0,53915.0,52890.0,58768.0,49929.0,14993.0,3.1829912662506104,,,,,,,,1.411648097038269,0.0,0.5,15.083200693130493,0.14,0.0,0.0,0.09486724035058823,0.004286516109282341,-0.024932141671172303,,,,,,,,,14991.0,11.0,1.0,540.0,-535809011.0,99.0,-4.0,-22.0,-1.0,9.0,-6.0
379,15004.0,53757.0,52558.0,58894.0,50177.0,15003.0,3.1829912662506104,,,,,,,,1.4225656700134277,0.0,0.5,15.16118335723877,0.14,0.0,0.0,-0.06267282117013102,-0.06208118116287563,0.003664325423184067,,,,,,,,,15001.0,12.0,1.0,540.0,-535809011.0,102.0,-4.0,-20.0,-22.0,-25.0,-5.0
380,15014.0,53998.0,52779.0,58855.0,50003.0,15013.0,3.1829912662506104,,,,,,,,1.432497639656067,0.0,0.5,15.232125997543335,0.14,0.0,0.0,-0.046077780983925926,-0.015472643561202856,0.08922370558861381,,,,,,,,,15011.0,12.0,2.0,539.0,-534760435.0,103.0,-2.0,-23.0,-14.0,-41.0,-2.0
381,15024.0,54433.0,52724.0,58435.0,50051.0,15023.0,3.1829912662506104,,,,,,,,1.439781618118286,0.0,0.5,15.284154415130615,0.14,0.0,0.0,0.002030089453645903,0.0008298521499077527,0.07000088215209566,,,,,,,,,15021.0,13.0,2.0,539.0,-534760435.0,107.0,-1.0,-20.0,-4.0,-45.0,-3.0
382,15034.0,54129.0,52772.0,58494.0,50246.0,15033.0,3.1829912662506104,,,,,,,,1.449367184638977,0.0,0.5,15.352622747421265,0.14,0.0,0.0,0.044519919615374104,0.0056307864833991935,0.08284643624905641,,,,,,,,,15031.0,14.0,2.0,539.0,-534760435.0,110.0,-1.0,-17.0,0.0,-77.0,-14.0
383,15044.0,53746.0,52881.0,58636.0,50340.0,15043.0,3.1829912662506104,,,,,,,,1.4560159015655518,0.0,0.5,15.400113582611084,0.14,0.0,0.0,-0.035475326964932,-0.06746600611768563,0.015230362647049134,,,,,,,,,15041.0,15.0,2.0,538.0,-534760435.0,114.0,0.0,-15.0,-8.0,-69.0,-22.0
384,15054.0,53943.0,53154.0,58480.0,49994.0,15053.0,3.1829912662506104,,,,,,,,1.4631198024749756,0.0,0.5,15.450855731964111,0.14,0.0,0.0,0.06473221547811198,-0.010027228243310761,-0.06063417489278322,,,,,,,,,15051.0,15.0,2.0,538.0,-534759412.0,114.0,0.0,-14.0,0.0,-30.0,-22.0
385,15064.0,54030.0,53206.0,58448.0,49705.0,15063.0,3.1829912662506104,,,,,,,,1.4703271436691283,0.0,0.5,15.502336740493774,0.14,0.0,0.0,-0.08579956074649843,-0.01750708812439591,0.012343977907512738,,,,,,,,,15061.0,16.0,2.0,538.0,-534759412.0,118.0,0.0,-12.0,-4.0,-19.0,-15.0
386,15074.0,53569.0,53210.0,58677.0,49714.0,15073.0,3.1829912662506104,,,,,,,,1.4783001565933227,0.0,0.5,15.559286832809448,0.14,0.0,0.0,-0.0033984872711413277,0.012646246666142667,0.008711965255383092,,,,,,,,,15071.0,18.0,2.0,538.0,-534759412.0,123.0,1.0,-9.0,5.0,-3.0,-20.0
387,15084.0,54092.0,52780.0,58116.0,50333.0,15083.0,3.1829912662506104,,,,,,,,1.4855866050720214,0.0,0.5,15.611332893371582,0.14,0.0,0.0,0.11908939244236984,-0.016399148790636874,0.061070288481072765,,,,,,,,,15081.0,19.0,2.0,538.0,-534759412.0,127.0,1.0,-6.0,21.0,-12.0,-28.0
388,15094.0,54032.0,53617.0,58057.0,49476.0,15093.0,3.1829912662506104,,,,,,,,1.4946639823913574,0.0,0.5,15.67617130279541,0.14,0.0,0.0,-0.03154945687305242,-0.025383584392842953,0.053818792581894925,,,,,,,,,15091.0,20.0,2.0,538.0,-534759412.0,131.0,2.0,-4.0,40.0,21.0,-28.0
389,15104.0,53263.0,53944.0,58575.0,49362.0,15103.0,3.1829912662506104,,,,,,,,1.5025835227966309,0.0,0.5,15.732739448547363,0.14,0.0,0.0,-0.019763700591689,-0.02805743581838896,0.11135987451907958,,,,,,,,,15101.0,18.0,1.0,537.0,-535807988.0,128.0,0.0,-6.0,40.0,14.0,-37.0
390,15114.0,53550.0,53626.0,58292.0,49678.0,15113.0,3.1829912662506104,,,,,,,,1.509581446647644,0.0,0.5,15.782724618911743,0.14,0.0,0.0,0.13016612924100915,0.035778498068175006,0.15256619995836473,,,,,,,,,15111.0,20.0,1.0,537.0,-535807988.0,134.0,0.0,-4.0,40.0,34.0,-38.0
391,15124.0,53453.0,53800.0,58341.0,49332.0,15123.0,3.1829912662506104,,,,,,,,1.5167410564422608,0.0,0.5,15.833864688873291,0.14,0.0,0.0,-0.04444857416827929,-0.04775666837037217,0.12597266825699371,,,,,,,,,15121.0,22.0,1.0,537.0,-535807988.0,137.0,1.0,-1.0,30.0,67.0,-29.0
392,15134.0,53016.0,53573.0,58543.0,49752.0,15133.0,3.1829912662506104,,,,,,,,1.5266368436813353,0.0,0.5,15.90454888343811,0.14,0.0,0.0,0.05236680248894292,0.009796461780912315,0.10267826567305427,,,,,,,,,15131.0,23.0,1.0,537.0,-535809012.0,140.0,1.0,1.0,21.0,46.0,-43.0
393,15144.0,53709.0,53166.0,57935.0,50060.0,15143.0,3.1829912662506104,,,,,,,,1.5338339710235596,0.0,0.5,15.955956935882568,0.14,0.0,0.0,0.04159595900609328,-0.09449815842126635,0.08709280286260324,,,,,,,,,15141.0,24.0,1.0,538.0,-535809012.0,144.0,1.0,6.0,12.0,87.0,-42.0
394,15154.0,53088.0,53592.0,58450.0,49349.0,15153.0,3.1829912662506104,,,,,,,,1.542320647239685,0.0,0.5,16.016576051712036,0.14,0.0,0.0,0.023698002235495515,-0.06027420920199855,0.11623923134960634,,,,,,,,,15151.0,25.0,1.0,538.0,-535809013.0,145.0,1.0,6.0,-7.0,71.0,-29.0
395,15164.0,53396.0,53640.0,58112.0,49369.0,15163.0,3.1829912662506104,,,,,,,,1.5478210735321045,0.0,0.5,16.055864810943604,0.14,0.0,0.0,0.026595873819209023,8.96979876136666e-05,0.11290122732195762,,,,,,,,,15161.0,26.0,1.0,538.0,-535809013.0,149.0,2.0,8.0,8.0,76.0,-37.0
396,15174.0,53240.0,52916.0,58061.0,49894.0,15173.0,3.188269853591919,,,,,,,,1.5538176059722901,0.0,0.5,16.098697185516357,0.14,0.0,0.0,0.09834894265313886,-0.020182579014973345,0.1457975258413704,,,,,,,,,15171.0,28.0,1.0,538.0,-535810037.0,153.0,2.0,9.0,3.0,62.0,-32.0
397,15184.0,53414.0,53464.0,57947.0,49300.0,15183.0,3.188269853591919,,,,,,,,1.560875778198242,0.0,0.5,16.149112701416016,0.14,0.0,0.0,0.033734227678278314,-0.08473190950789185,0.1222825023878027,,,,,,,,,15181.0,28.0,1.0,538.0,-535810037.0,155.0,2.0,11.0,13.0,41.0,-33.0
398,15194.0,53573.0,53444.0,57705.0,49355.0,15193.0,3.188269853591919,,,,,,,,1.5712520170211792,0.0,0.5,16.223228693008423,0.14,0.0,0.0,0.06532189257388887,0.038586664445352296,0.13633165459701502,,,,,,,,,15191.0,30.0,1.0,538.0,-535810037.0,158.0,2.0,10.0,7.0,37.0,-34.0
399,15204.0,53063.0,52985.0,57898.0,49976.0,15203.0,3.188269853591919,,,,,,,,1.5780764722824097,0.0,0.5,16.271974802017212,0.14,0.0,0.0,0.018199442823084003,-0.023672532948214812,0.0929733260120944,,,,,,,,,15201.0,31.0,1.0,538.0,-535810037.0,160.0,2.0,12.0,23.0,19.0,-42.0
400,15214.0,53461.0,53287.0,57434.0,49609.0,15213.0,3.188269853591919,,,,,,,,1.5849601411819458,0.0,0.5,16.321143865585327,0.14,0.0,0.0,0.030321845176486027,-0.019046785475089055,0.07757830874123073,,,,,,,,,15211.0,32.0,1.0,538.0,-535810037.0,163.0,2.0,15.0,35.0,35.0,-51.0
401,15224.0,52987.0,53008.0,57794.0,49830.0,15223.0,3.188269853591919,,,,,,,,1.592127628326416,0.0,0.5,16.372340202331543,0.14,0.0,0.0,0.021462774259890332,0.027251126338543947,0.09819469028678895,,,,,,,,,15221.0,34.0,1.0,538.0,-535811062.0,167.0,2.0,18.0,22.0,27.0,-38.0
402,15234.0,53279.0,52623.0,57549.0,49985.0,15233.0,3.188269853591919,,,,,,,,1.6017148971557618,0.0,0.5,16.440820693969727,0.14,0.0,0.0,0.0074451643490911126,0.020748856579025855,0.08650104276229165,,,,,,,,,15231.0,38.0,1.0,539.0,-536859638.0,173.0,2.0,23.0,27.0,54.0,-45.0
403,15244.0,52731.0,52879.0,57904.0,49694.0,15243.0,3.188269853591919,,,,,,,,1.6088845872879027,0.0,0.5,16.492032766342163,0.14,0.0,0.0,-0.04029572832944683,0.046963909054808566,0.08329437765092784,,,,,,,,,15241.0,39.0,1.0,539.0,-536859638.0,176.0,2.0,23.0,0.0,83.0,-37.0
404,15254.0,52076.0,53321.0,58157.0,49053.0,15253.0,3.1935484409332275,,,,,,,,1.6182203149795533,0.0,0.5,16.558716535568237,0.14,0.0,0.0,0.09628719503928951,0.06468192624314628,0.027023954411843576,,,,,,,,,15251.0,39.0,0.0,540.0,-536859638.0,176.0,2.0,24.0,19.0,85.0,-44.0
405,15264.0,52663.0,53193.0,57885.0,49371.0,15263.0,3.188269853591919,,,,,,,,1.623770875930786,0.0,0.5,16.598363399505615,0.14,0.0,0.0,-0.008381883766727232,-0.055979763882873575,0.08078064225197679,,,,,,,,,15261.0,41.0,1.0,540.0,-536859638.0,179.0,4.0,25.0,8.0,82.0,-43.0
406,15274.0,52851.0,52286.0,57512.0,49767.0,15273.0,3.1935484409332275,,,,,,,,1.6308012104034424,0.0,0.5,16.648580074310303,0.14,0.0,0.0,0.009993500984963512,-0.04926486549789428,0.09772772002134644,,,,,,,,,15271.0,43.0,1.0,541.0,-536860662.0,181.0,4.0,31.0,-2.0,115.0,-30.0
407,15284.0,52031.0,52640.0,58171.0,49115.0,15283.0,3.1935484409332275,,,,,,,,1.6376120471954345,0.0,0.5,16.69722890853882,0.14,0.0,0.0,0.04551283137909843,0.10422177639475504,0.10961845113078716,,,,,,,,,15281.0,44.0,1.0,542.0,-536860662.0,184.0,4.0,31.0,10.0,106.0,-25.0
408,15294.0,52945.0,52917.0,57524.0,48648.0,15293.0,3.1935484409332275,,,,,,,,1.6443463134765626,0.0,0.5,16.745330810546875,0.14,0.0,0.0,0.0013450901728572129,0.0188984554024718,0.09846349280760691,,,,,,,,,15291.0,45.0,1.0,542.0,-536860663.0,184.0,4.0,32.0,-9.0,90.0,-27.0
409,15304.0,52786.0,52827.0,57328.0,48996.0,15303.0,3.1935484409332275,,,,,,,,1.6513333559036254,0.0,0.5,16.795238256454468,0.14,0.0,0.0,-0.031637793953291415,0.03713755773431154,0.0913097263262479,,,,,,,,,15301.0,48.0,2.0,542.0,-536861687.0,190.0,5.0,33.0,26.0,125.0,-42.0
410,15314.0,52476.0,52544.0,57380.0,49304.0,15313.0,3.1935484409332275,,,,,,,,1.6585541152954102,0.0,0.5,16.84681510925293,0.14,0.0,0.0,0.11728374480568662,0.010323533327950506,0.12851488883024587,,,,,,,,,15311.0,50.0,2.0,543.0,-536861687.0,192.0,5.0,35.0,29.0,100.0,-38.0
411,15324.0,51804.0,52732.0,57964.0,48855.0,15323.0,3.1935484409332275,,,,,,,,1.6681496620178222,0.0,0.5,16.91535472869873,0.14,0.0,0.0,0.07035727642189847,0.017530296429223182,0.14243047378030482,,,,,,,,,15321.0,52.0,2.0,544.0,-536861687.0,194.0,5.0,38.0,34.0,134.0,-36.0
412,15334.0,52296.0,52425.0,57637.0,49161.0,15333.0,3.1935484409332275,,,,,,,,1.6761887645721436,0.0,0.5,16.972776889801025,0.14,0.0,0.0,-0.10457034109935824,0.010571484409320426,0.09836069581665896,,,,,,,,,15331.0,55.0,2.0,544.0,-536862711.0,198.0,5.0,37.0,25.0,128.0,-30.0
413,15344.0,52608.0,52314.0,57313.0,49097.0,15343.0,3.198827028274536,,,,,,,,1.6829365825653075,0.0,0.5,17.020975589752197,0.14,0.0,0.0,0.04855169764184888,-0.021523797824283233,0.09568548860550763,,,,,,,,,15341.0,56.0,2.0,544.0,-1073733623.0,199.0,5.0,38.0,29.0,95.0,-34.0
414,15354.0,52851.0,52864.0,57326.0,48711.0,15353.0,3.1935484409332275,,,,,,,,1.6898965549468994,0.0,0.5,17.07068967819214,0.14,0.0,0.0,0.037109016992819654,-0.001223167690326953,0.06465400591068082,,,,,,,,,15351.0,57.0,1.0,545.0,-1073734647.0,199.0,4.0,37.0,17.0,118.0,-30.0
415,15364.0,52618.0,53366.0,57649.0,48078.0,15363.0,3.1935484409332275,,,,,,,,1.6965807533264161,0.0,0.5,17.118433952331543,0.14,0.0,0.0,-0.02836228178584398,0.0032582962476205533,0.020692313677557195,,,,,,,,,15361.0,59.0,1.0,545.0,-1073734647.0,201.0,4.0,34.0,-8.0,123.0,-23.0
416,15374.0,52421.0,52551.0,57752.0,48858.0,15373.0,3.198827028274536,,,,,,,,1.7050175952911377,0.0,0.5,17.178697109222412,0.14,0.0,0.0,0.002345622623189308,0.014307533259354615,-0.01067953186169035,,,,,,,,,15371.0,61.0,1.0,545.0,-1073735671.0,203.0,3.0,33.0,17.0,114.0,-16.0
417,15384.0,53257.0,52368.0,57438.0,49158.0,15383.0,3.1935484409332275,,,,,,,,1.7154746770858764,0.0,0.5,17.253390550613403,0.14,0.0,0.0,-0.030883926041127215,0.03386115551960061,-0.006467963222792861,,,,,,,,,15381.0,66.0,1.0,545.0,-1073735671.0,209.0,4.0,31.0,-8.0,123.0,-15.0
418,15394.0,53379.0,52693.0,57356.0,48852.0,15393.0,3.1935484409332275,,,,,,,,1.7233274602890014,0.0,0.5,17.309481859207153,0.14,0.0,0.0,-0.05597954548774521,0.018007452354983494,-0.02652643202078586,,,,,,,,,15391.0,68.0,1.0,546.0,-1073735672.0,211.0,4.0,29.0,15.0,97.0,-16.0
419,15404.0,53761.0,52879.0,57021.0,48786.0,15403.0,3.1935484409332275,,,,,,,,1.7328884935379028,0.0,0.5,17.377774953842163,0.14,0.0,0.0,0.024137399451774167,0.014314990068664124,-0.017823494240454707,,,,,,,,,15401.0,69.0,1.0,546.0,-1073736696.0,211.0,3.0,27.0,44.0,79.0,-18.0
420,15414.0,52288.0,52596.0,58140.0,49151.0,15413.0,3.1935484409332275,,,,,,,,1.7431879615783692,0.0,0.5,17.451342582702637,0.14,0.0,0.0,-0.07707362596431089,0.03876215818999879,0.014849651966972743,,,,,,,,,15411.0,71.0,2.0,546.0,-1073736696.0,211.0,4.0,27.0,32.0,79.0,-13.0
421,15424.0,52533.0,52609.0,58030.0,49023.0,15423.0,3.1935484409332275,,,,,,,,1.751791663169861,0.0,0.5,17.512797594070435,0.14,0.0,0.0,-0.028851608706608602,-0.012291096146570635,-0.03288788087262162,,,,,,,,,15421.0,74.0,2.0,546.0,-1072688120.0,214.0,4.0,27.0,5.0,95.0,-18.0
422,15434.0,52280.0,53318.0,58162.0,48206.0,15433.0,3.1935484409332275,,,,,,,,1.7627920150756835,0.0,0.5,17.591371536254883,0.14,0.0,0.0,0.002501529442891864,-0.011265140440306024,-0.036681941367691095,,,,,,,,,15431.0,76.0,2.0,547.0,-1072689144.0,215.0,4.0,27.0,-8.0,113.0,-15.0
423,15444.0,52520.0,53152.0,57822.0,48127.0,15443.0,3.1935484409332275,,,,,,,,1.7720950984954833,0.0,0.5,17.657822132110596,0.14,0.0,0.0,0.05204402408907784,-0.06858766733950486,-0.02090925928827403,,,,,,,,,15441.0,79.0,2.0,547.0,-1072689144.0,218.0,4.0,28.0,-16.0,146.0,-16.0
424,15454.0,52120.0,53317.0,58155.0,47821.0,15453.0,3.1935484409332275,,,,,,,,1.7793668270111085,0.0,0.5,17.709763050079346,0.14,0.0,0.0,-0.04774907757587087,-0.033431600615044854,-0.0086855046713179,,,,,,,,,15451.0,80.0,2.0,548.0,-1072690168.0,218.0,4.0,35.0,-33.0,145.0,-6.0
425,15464.0,52282.0,52763.0,58187.0,48303.0,15463.0,3.1935484409332275,,,,,,,,1.7967372179031371,0.0,0.5,17.833837270736694,0.14,0.0,0.0,-0.05229795485942757,-0.01613111098393481,0.01994208224041394,,,,,,,,,15461.0,81.0,2.0,549.0,-1072690168.0,217.0,4.0,36.0,-17.0,163.0,-2.0
426,15474.0,52438.0,52576.0,58215.0,48479.0,15473.0,3.1935484409332275,,,,,,,,1.8094387102127074,0.0,0.5,17.924562215805054,0.14,0.0,0.0,0.03362226115879742,-0.0220059610372523,8.771649296335227e-05,,,,,,,,,15471.0,84.0,2.0,549.0,-1072691192.0,219.0,3.0,35.0,-7.0,111.0,0.0
427,15484.0,52693.0,51613.0,58541.0,49545.0,15483.0,3.1935484409332275,,,,,,,,1.8201772737503052,0.0,0.5,18.00126624107361,0.14,0.0,0.0,-0.021373298785493787,-0.007905985637020715,0.001463109912890559,,,,,,,,,15481.0,86.0,2.0,550.0,-1072691192.0,219.0,3.0,33.0,-54.0,88.0,19.0
428,15494.0,53359.0,53092.0,58383.0,47601.0,15493.0,3.1935484409332275,,,,,,,,1.829986844062805,0.0,0.5,18.07133460044861,0.14,0.0,0.0,0.02401762095530231,-0.05986090490291374,-0.01851625819178082,,,,,,,,,15491.0,86.0,2.0,549.0,-1073740792.0,215.0,2.0,29.0,-36.0,40.0,23.0
429,15504.0,53915.0,51845.0,57805.0,49399.0,15503.0,3.1935484409332275,,,,,,,,1.8394906330108642,0.0,0.5,18.13921880722046,0.14,0.0,0.0,-0.0655953366508421,-0.006758959832856612,-0.09526790926804196,,,,,,,,,15501.0,89.0,3.0,550.0,-1073740792.0,215.0,3.0,28.0,-11.0,32.0,11.0
430,15514.0,53286.0,51786.0,58458.0,49697.0,15513.0,3.188269853591919,,,,,,,,1.8481594896316529,0.0,0.5,18.201139211654663,0.14,0.0,0.0,0.050189652704164756,-0.0061598239975657176,-0.08714235803522286,,,,,,,,,15511.0,92.0,2.0,550.0,-1073740792.0,219.0,2.0,27.0,-14.0,1.0,13.0
431,15524.0,53902.0,52473.0,58026.0,49012.0,15523.0,3.188269853591919,,,,,,,,1.8550913906097413,0.0,0.5,18.25065279006958,0.14,0.0,0.0,0.01804375929330662,0.013676080289617587,-0.046347353888986476,,,,,,,,,15521.0,95.0,2.0,550.0,-1073740792.0,220.0,2.0,26.0,-22.0,24.0,3.0
432,15534.0,54071.0,52533.0,57938.0,48963.0,15533.0,3.188269853591919,,,,,,,,1.8703038215637207,0.0,0.5,18.359313011169434,0.14,0.0,0.0,0.05860934057485562,0.02413683021693629,-0.05420578014511612,,,,,,,,,15531.0,99.0,2.0,551.0,-536869880.0,219.0,3.0,24.0,-15.0,17.0,9.0
433,15544.0,53559.0,53175.0,58883.0,48888.0,15543.0,3.188269853591919,,,,,,,,1.8831783485412599,0.0,0.5,18.451273918151855,0.14,0.0,0.0,-0.016124978662824144,0.054003744701245235,-0.06619662452474451,,,,,,,,,15541.0,98.0,2.0,551.0,-536869880.0,218.0,3.0,24.0,-7.0,53.0,11.0
434,15554.0,53958.0,52954.0,58573.0,49254.0,15553.0,3.188269853591919,,,,,,,,1.8925491571426392,0.0,0.5,18.518208265304565,0.14,0.0,0.0,0.0462529362807532,0.03728384634871673,-0.08622518792742362,,,,,,,,,15551.0,103.0,2.0,552.0,-536869880.0,219.0,3.0,22.0,-8.0,39.0,11.0
435,15564.0,53502.0,53247.0,59115.0,49058.0,15563.0,3.1829912662506104,,,,,,,,1.9019412612915039,0.0,0.5,18.585294723510742,0.14,0.0,0.0,-0.01736720953272514,-0.015181288203417687,-0.008390488708192478,,,,,,,,,15561.0,102.0,2.0,552.0,-536870904.0,217.0,3.0,22.0,-1.0,72.0,13.0
436,15574.0,53858.0,53413.0,59193.0,49890.0,15573.0,3.1829912662506104,,,,,,,,1.9085855388641357,0.0,0.5,18.63275384902954,0.14,0.0,0.0,0.01597636817290063,0.11938765685865657,-0.053051562362350424,,,,,,,,,15571.0,106.0,2.0,552.0,-536346616.0,218.0,3.0,19.0,7.0,91.0,9.0
437,15584.0,53856.0,54055.0,59456.0,49226.0,15583.0,3.1777126789093018,,,,,,,,1.915605525970459,0.0,0.5,18.682896614074707,0.14,0.0,0.0,-0.0393222344305097,0.024608142338047808,-0.09692985998456827,,,,,,,,,15581.0,103.0,3.0,552.0,-536346616.0,211.0,3.0,19.0,-9.0,107.0,19.0
438,15594.0,54013.0,54236.0,59483.0,49292.0,15593.0,3.172434091567993,,,,,,,,1.9244897747039795,0.0,0.5,18.746355533599854,0.14,0.0,0.0,-0.016785452587552985,0.0955260471864129,-0.08108418287451435,,,,,,,,,15591.0,109.0,3.0,552.0,-536345591.0,214.0,3.0,18.0,-19.0,97.0,20.0
439,15604.0,54099.0,53992.0,59807.0,50199.0,15603.0,3.172434091567993,,,,,,,,1.931483826637268,0.0,0.5,18.796313047409058,0.14,0.0,0.0,-0.03724277577456733,0.027844935775210602,-0.08060243947285883,,,,,,,,,15601.0,109.0,3.0,552.0,-536345591.0,215.0,4.0,18.0,-19.0,88.0,15.0
440,15614.0,54374.0,54414.0,59832.0,49813.0,15613.0,3.1671555042266846,,,,,,,,1.942388482093811,0.0,0.5,18.87420344352722,0.14,0.0,0.0,-0.010186211784866428,0.04712297059782154,-0.10492430067482239,,,,,,,,,15611.0,114.0,3.0,552.0,-536345591.0,216.0,4.0,18.0,-42.0,78.0,23.0
441,15624.0,54497.0,53823.0,59787.0,50623.0,15623.0,3.1671555042266846,,,,,,,,1.950432858467102,0.0,0.5,18.931663274765015,0.14,0.0,0.0,0.00025221462520338744,0.09170725109516667,-0.10913227863269093,,,,,,,,,15621.0,114.0,3.0,552.0,-536345591.0,216.0,4.0,15.0,-59.0,80.0,28.0
442,15634.0,54212.0,54514.0,60400.0,50564.0,15633.0,3.161876916885376,,,,,,,,1.9598616790771484,0.0,0.5,18.999011993408203,0.14,0.0,0.0,-0.0069136501526973065,0.03329387228833545,-0.12112529390104498,,,,,,,,,15631.0,114.0,4.0,552.0,-535295991.0,210.0,6.0,17.0,-67.0,64.0,18.0
443,15644.0,53866.0,54388.0,60627.0,50583.0,15643.0,3.161876916885376,,,,,,,,1.9690465021133423,0.0,0.5,19.06461787223816,0.14,0.0,0.0,0.037494623939605766,0.036940322857223255,-0.09721703754481226,,,,,,,,,15641.0,114.0,4.0,552.0,-535295991.0,207.0,5.0,19.0,-73.0,66.0,15.0
444,15654.0,54393.0,54786.0,60479.0,50182.0,15653.0,3.1565983295440674,,,,,,,,1.979188756942749,0.0,0.5,19.137062549591064,0.14,0.0,0.0,0.0018807176670304771,0.05265429787892647,-0.08990373432841636,,,,,,,,,15651.0,117.0,4.0,552.0,-535295991.0,208.0,6.0,21.0,-68.0,92.0,19.0
445,15664.0,54492.0,54538.0,60460.0,50645.0,15663.0,3.1565983295440674,,,,,,,,1.990850839614868,0.0,0.5,19.2203631401062,0.14,0.0,0.0,-0.035296047123252766,0.03877710339419973,-0.11852059350129274,,,,,,,,,15661.0,119.0,4.0,554.0,-535294967.0,206.0,7.0,29.0,-59.0,77.0,19.0
446,15674.0,54786.0,54432.0,60273.0,50573.0,15673.0,3.1565983295440674,,,,,,,,1.9998648643493653,0.0,0.5,19.284749031066895,0.14,0.0,0.0,-0.04978049438634411,0.02623110681768892,-0.08629683341769478,,,,,,,,,15671.0,121.0,5.0,554.0,-534246391.0,205.0,7.0,33.0,-40.0,56.0,22.0
447,15684.0,54945.0,54127.0,60084.0,50830.0,15683.0,3.1565983295440674,,,,,,,,2.010507230758667,0.0,0.5,19.36076593399048,0.14,0.0,0.0,0.02916104575368236,-0.002073827070658884,-0.09847646948941247,,,,,,,,,15681.0,125.0,5.0,554.0,-534246391.0,208.0,8.0,36.0,-24.0,25.0,20.0
448,15694.0,55178.0,54352.0,60089.0,51002.0,15693.0,3.1565983295440674,,,,,,,,2.020879430770874,0.0,0.5,19.434853076934814,0.14,0.0,0.0,-0.07565927793592166,0.039222039771154016,-0.11906682855321371,,,,,,,,,15691.0,128.0,5.0,555.0,-534246391.0,208.0,8.0,40.0,14.0,-11.0,7.0
449,15704.0,55106.0,54834.0,60035.0,50430.0,15703.0,3.1565983295440674,,,,,,,,2.0303173637390137,0.0,0.5,19.502266883850098,0.14,0.0,0.0,0.007591672488367639,0.012975310184919394,-0.08710795905194324,,,,,,,,,15701.0,130.0,4.0,555.0,-534246391.0,208.0,7.0,42.0,2.0,-33.0,11.0
450,15714.0,54838.0,54578.0,60104.0,50788.0,15713.0,3.1565983295440674,,,,,,,,2.04119818687439,0.0,0.5,19.579987049102783,0.14,0.0,0.0,-0.044129708398013716,-0.022098567967425375,-0.010244850576826892,,,,,,,,,15711.0,132.0,4.0,555.0,-534246391.0,207.0,8.0,46.0,12.0,-27.0,-4.0
451,15724.0,55349.0,54490.0,59959.0,51324.0,15723.0,3.1565983295440674,,,,,,,,2.050362815856934,0.0,0.5,19.645448684692383,0.14,0.0,0.0,-0.0010461519900549527,-0.0035000624919788795,-0.0421336466302531,,,,,,,,,15721.0,133.0,4.0,556.0,-534246391.0,205.0,8.0,49.0,16.0,-19.0,-13.0
452,15734.0,54928.0,54180.0,60347.0,51759.0,15733.0,3.151319742202759,,,,,,,,2.059055004119873,0.0,0.5,19.70753574371338,0.14,0.0,0.0,-0.040905811681145245,-0.04480797257604088,-0.03009568568560006,,,,,,,,,15731.0,136.0,4.0,556.0,-534246391.0,204.0,8.0,52.0,19.0,-26.0,-13.0
453,15744.0,55095.0,54834.0,60312.0,51178.0,15743.0,3.1565983295440674,,,,,,,,2.065855693817139,0.0,0.5,19.756112098693848,0.14,0.0,0.0,-0.052067139991715014,-0.02520828081674232,-0.07848674964610858,,,,,,,,,15741.0,134.0,4.0,557.0,-534246391.0,197.0,8.0,55.0,7.0,-10.0,-13.0
454,15754.0,54694.0,55218.0,60668.0,50808.0,15753.0,3.151319742202759,,,,,,,,2.0756782150268553,0.0,0.5,19.82627296447754,0.14,0.0,0.0,-0.02652926703835467,-0.01784990417567775,-0.0013507865913524597,,,,,,,,,15751.0,136.0,5.0,557.0,-534246391.0,196.0,10.0,55.0,9.0,8.0,-12.0
455,15764.0,54533.0,55158.0,60678.0,50739.0,15763.0,3.151319742202759,,,,,,,,2.082044448852539,0.0,0.5,19.871746063232422,0.14,0.0,0.0,-0.005263023207658064,-0.08663068671281282,0.018869617940818983,,,,,,,,,15761.0,138.0,5.0,557.0,-534246391.0,196.0,11.0,59.0,2.0,37.0,-15.0
456,15774.0,54533.0,54893.0,60633.0,50980.0,15773.0,3.151319742202759,,,,,,,,2.0930599212646483,0.0,0.5,19.950428009033203,0.14,0.0,0.0,-0.07151885452849921,-0.04176826883585944,-0.041395868072893194,,,,,,,,,15771.0,140.0,5.0,558.0,-534246391.0,194.0,11.0,64.0,6.0,40.0,-15.0
457,15784.0,54427.0,54780.0,60628.0,51144.0,15783.0,3.151319742202759,,,,,,,,2.1037886047363283,0.0,0.5,20.027061462402344,0.14,0.0,0.0,-0.05558151650558134,-0.0465323535067615,0.01132528524048837,,,,,,,,,15781.0,144.0,5.0,558.0,-534246391.0,197.0,11.0,66.0,4.0,21.0,-20.0
458,15794.0,54967.0,54959.0,60436.0,51299.0,15793.0,3.151319742202759,,,,,,,,2.1167081594467163,0.0,0.5,20.119343996047974,0.14,0.0,0.0,0.040314774234777424,-0.15877224763465328,0.7279246673665938,,,,,,,,,15791.0,146.0,5.0,559.0,-534246391.0,197.0,12.0,65.0,-2.0,32.0,-24.0
459,15804.0,54982.0,54840.0,60227.0,51026.0,15803.0,3.1565983295440674,,,,,,,,2.128999261856079,0.0,0.5,20.20713758468628,0.14,0.0,0.0,-0.0035792007878582026,-0.06319730163670224,0.10980154024033517,,,,,,,,,15801.0,148.0,5.0,559.0,-534246391.0,196.0,12.0,68.0,8.0,17.0,-19.0
460,15814.0,54967.0,55294.0,60312.0,50470.0,15813.0,3.151319742202759,,,,,,,,2.140340876579285,0.0,0.5,20.288149118423462,0.14,0.0,0.0,0.06108833505444897,-0.07992615814076219,0.13379845476969976,,,,,,,,,15811.0,147.0,3.0,560.0,-535293943.0,189.0,8.0,72.0,16.0,-6.0,-20.0
461,15824.0,54863.0,55088.0,60164.0,50593.0,15823.0,3.1565983295440674,,,,,,,,2.149189977645874,0.0,0.5,20.351356983184814,0.14,0.0,0.0,-0.07625931067449682,-0.04014750869207269,0.08328747646286772,,,,,,,,,15821.0,150.0,3.0,561.0,-535293943.0,189.0,8.0,78.0,23.0,-9.0,-25.0
462,15834.0,55015.0,54724.0,60056.0,50938.0,15833.0,3.1565983295440674,,,,,,,,2.158234977722168,0.0,0.5,20.415964126586914,0.14,0.0,0.0,0.020654696005189564,-0.013815089975807583,0.04359173293915397,,,,,,,,,15831.0,152.0,4.0,561.0,-535293943.0,188.0,10.0,81.0,16.0,-54.0,-12.0
463,15844.0,54717.0,54667.0,60112.0,50955.0,15843.0,3.1565983295440674,,,,,,,,2.1680278253555296,0.0,0.5,20.485913038253784,0.14,0.0,0.0,0.08372078640834221,-0.03735285924952897,0.03612611314895453,,,,,,,,,15841.0,153.0,4.0,562.0,-535294967.0,187.0,10.0,85.0,13.0,-64.0,-29.0
464,15854.0,54478.0,54452.0,60146.0,51136.0,15853.0,3.1565983295440674,,,,,,,,2.178561944961548,0.0,0.5,20.561156749725342,0.14,0.0,0.0,0.06750988457804395,-0.012864471625782276,0.012207297691343655,,,,,,,,,15851.0,154.0,3.0,563.0,-535294967.0,183.0,10.0,90.0,25.0,-78.0,-33.0
465,15864.0,54498.0,54577.0,60197.0,51003.0,15863.0,3.1565983295440674,,,,,,,,2.1857557344436644,0.0,0.5,20.61254096031189,0.14,0.0,0.0,0.012096649869130874,-0.04845924260655996,0.04889273914054293,,,,,,,,,15861.0,155.0,4.0,564.0,-535294967.0,181.0,11.0,94.0,29.0,-74.0,-22.0
466,15874.0,54524.0,54560.0,60009.0,50733.0,15873.0,3.1565983295440674,,,,,,,,2.1956596326828004,0.0,0.5,20.68328309059143,0.14,0.0,0.0,0.00920709823426071,0.1074872977606068,0.032873925033044316,,,,,,,,,15871.0,157.0,4.0,566.0,-535294968.0,181.0,12.0,103.0,8.0,-48.0,-29.0
467,15884.0,54529.0,54625.0,59984.0,50843.0,15883.0,3.1565983295440674,,,,,,,,2.2048347425460815,0.0,0.5,20.748819589614868,0.14,0.0,0.0,-0.034433594220305466,0.013797036212169538,0.0787185850240153,,,,,,,,,15881.0,159.0,4.0,567.0,-535294968.0,181.0,12.0,105.0,20.0,-71.0,-37.0
468,15894.0,55270.0,54251.0,59449.0,51074.0,15893.0,3.1565983295440674,,,,,,,,2.2150116109848024,0.0,0.5,20.8215115070343,0.14,0.0,0.0,0.01722847939144374,0.03346553881652011,0.014822634668966828,,,,,,,,,15891.0,161.0,5.0,568.0,-535295992.0,180.0,12.0,108.0,4.0,-66.0,-18.0
469,15904.0,53941.0,54365.0,60215.0,50912.0,15903.0,3.1565983295440674,,,,,,,,2.2257917308807373,0.0,0.5,20.898512363433838,0.14,0.0,0.0,0.008040496757925106,-0.08568070344697079,0.4466558544266057,,,,,,,,,15901.0,162.0,4.0,569.0,-535295992.0,177.0,10.0,111.0,26.0,-55.0,-42.0
470,15914.0,53907.0,54631.0,60173.0,50579.0,15913.0,3.1565983295440674,,,,,,,,2.235108666419983,0.0,0.5,20.965061902999878,0.14,0.0,0.0,-0.026228144077983805,0.029733119594872594,0.07596093902947487,,,,,,,,,15911.0,163.0,4.0,570.0,-535295992.0,177.0,10.0,115.0,32.0,-85.0,-41.0
471,15924.0,54582.0,54318.0,59695.0,51008.0,15923.0,3.161876916885376,,,,,,,,2.24179039478302,0.0,0.5,21.01278853416443,0.14,0.0,0.0,0.011715292467044391,-0.03128895880203948,0.13349116215719548,,,,,,,,,15921.0,166.0,4.0,570.0,-535295992.0,178.0,10.0,111.0,23.0,-74.0,-37.0
472,15934.0,55188.0,54115.0,59246.0,51125.0,15933.0,3.161876916885376,,,,,,,,2.249131484031677,0.0,0.5,21.06522488594055,0.14,0.0,0.0,-0.017637716491270203,0.0012564608890602597,0.126416912083279,,,,,,,,,15931.0,168.0,4.0,571.0,-535297016.0,178.0,10.0,114.0,25.0,-91.0,-32.0
473,15944.0,55092.0,54435.0,59422.0,50897.0,15943.0,3.1565983295440674,,,,,,,,2.259313158988953,0.0,0.5,21.137951135635376,0.14,0.0,0.0,0.033093946997991265,-0.026847199313009648,0.30128192848765956,,,,,,,,,15941.0,170.0,4.0,572.0,-536345592.0,177.0,10.0,116.0,37.0,-94.0,-32.0
474,15954.0,54976.0,54814.0,59429.0,50410.0,15953.0,3.1565983295440674,,,,,,,,2.266224465370178,0.0,0.5,21.187317609786987,0.14,0.0,0.0,-0.0256136439146783,-0.04447783849827692,0.03929364265303015,,,,,,,,,15951.0,171.0,3.0,573.0,-536345593.0,175.0,8.0,118.0,66.0,-102.0,-33.0
475,15964.0,54794.0,54807.0,59365.0,50286.0,15963.0,3.1565983295440674,,,,,,,,2.2735846138000486,0.0,0.5,21.239890098571777,0.14,0.0,0.0,0.019881047410949187,-0.062767440243825,0.09706465971996892,,,,,,,,,15961.0,173.0,3.0,574.0,-536346617.0,175.0,9.0,121.0,81.0,-101.0,-40.0
476,15974.0,54225.0,54746.0,59448.0,50164.0,15973.0,3.161876916885376,,,,,,,,2.283216075897217,0.0,0.5,21.30868625640869,0.14,0.0,0.0,-0.014058058250118818,-0.08656335002626785,0.08537581502793934,,,,,,,,,15971.0,174.0,4.0,576.0,-1073217529.0,174.0,10.0,125.0,94.0,-71.0,-50.0
477,15984.0,53665.0,54446.0,59752.0,50383.0,15983.0,3.161876916885376,,,,,,,,2.2889559268951416,0.0,0.5,21.349685192108154,0.14,0.0,0.0,-0.0045973690543101116,-0.03404216370256063,0.058486569357455664,,,,,,,,,15981.0,177.0,4.0,577.0,-1073741817.0,177.0,11.0,129.0,90.0,-48.0,-53.0
478,15994.0,53873.0,54436.0,59500.0,50330.0,15993.0,3.161876916885376,,,,,,,,2.2948799610137938,0.0,0.5,21.3919997215271,0.14,0.0,0.0,-0.05187499030077192,-0.056258528447987226,0.030519242302254668,,,,,,,,,15991.0,179.0,4.0,578.0,-1072692217.0,177.0,11.0,133.0,67.0,-37.0,-54.0
479,16004.0,54328.0,54036.0,59092.0,50537.0,16003.0,3.1671555042266846,,,,,,,,2.3041792058944703,0.0,0.5,21.458422899246216,0.14,0.0,0.0,-0.08157547027080468,-0.07099994876543393,-0.0009827332290957003,,,,,,,,,16001.0,181.0,5.0,579.0,-1072692217.0,177.0,11.0,132.0,27.0,-17.0,-43.0
480,16014.0,53809.0,54041.0,59438.0,50513.0,16013.0,3.1671555042266846,,,,,,,,2.3136332607269288,0.0,0.5,21.525951862335205,0.14,0.0,0.0,-0.02285236294673277,-0.047137208232695564,0.2888944488098897,,,,,,,,,16011.0,182.0,5.0,580.0,-1072692217.0,178.0,10.0,134.0,10.0,10.0,-48.0
481,16024.0,53526.0,54635.0,59622.0,49772.0,16023.0,3.1671555042266846,,,,,,,,2.3220615577697754,0.0,0.5,21.586153984069824,0.14,0.0,0.0,-0.1434087194069228,-0.0344920404728984,-0.00928324597718344,,,,,,,,,16021.0,170.0,5.0,582.0,-1072693242.0,152.0,10.0,135.0,-34.0,21.0,-43.0
482,16034.0,53262.0,54443.0,59714.0,49847.0,16033.0,3.1671555042266846,,,,,,,,2.3290991020202636,0.0,0.5,21.636422157287598,0.14,0.0,0.0,-0.02354981042952093,-0.03283530247771619,0.007854463265148937,,,,,,,,,16031.0,171.0,5.0,583.0,-1072168954.0,152.0,10.0,135.0,-34.0,23.0,-35.0
483,16044.0,52905.0,53722.0,59860.0,50675.0,16043.0,3.1671555042266846,,,,,,,,2.3362738990783694,0.0,0.5,21.687670707702637,0.14,0.0,0.0,-0.09166574682984459,-0.06401240620485976,0.036246012382923354,,,,,,,,,16041.0,171.0,9.0,584.0,-1072168954.0,148.0,16.0,137.0,-40.0,17.0,-44.0
484,16054.0,53284.0,53567.0,59541.0,50463.0,16053.0,3.1671555042266846,,,,,,,,2.3453966045379637,0.0,0.5,21.752832889556885,0.14,0.0,0.0,0.00685556095399281,-0.022797571713170164,0.024823410309464222,,,,,,,,,16051.0,172.0,9.0,586.0,-1072168954.0,148.0,16.0,143.0,-50.0,-19.0,-31.0
485,16064.0,53594.0,53300.0,59098.0,50368.0,16063.0,3.172434091567993,,,,,,,,2.35494411945343,0.0,0.5,21.82102942466736,0.14,0.0,0.0,-0.08647278673204621,-0.04270797330405691,-0.011381257722739235,,,,,,,,,16061.0,174.0,9.0,588.0,-1072168954.0,149.0,16.0,146.0,-56.0,-54.0,-23.0
486,16074.0,53791.0,53772.0,59085.0,49809.0,16073.0,3.1671555042266846,,,,,,,,2.36478600025177,0.0,0.5,21.89132857322693,0.14,0.0,0.0,-0.061045434744881215,-0.022142738560108996,-0.05166539876158893,,,,,,,,,16071.0,175.0,10.0,589.0,-1073217530.0,149.0,16.0,150.0,-8.0,-87.0,-17.0
487,16084.0,54366.0,53640.0,58643.0,49875.0,16083.0,3.1671555042266846,,,,,,,,2.3744233369827272,0.0,0.5,21.960166692733765,0.14,0.0,0.0,-0.005245321857379074,-0.03717662942381014,-0.05499997378329624,,,,,,,,,16081.0,179.0,9.0,591.0,-1073741818.0,152.0,15.0,153.0,15.0,-132.0,-12.0
488,16094.0,54555.0,53361.0,58313.0,49999.0,16093.0,3.172434091567993,,,,,,,,2.3844071102142332,0.0,0.5,22.031479358673096,0.14,0.0,0.0,-0.07908924601847184,0.0034360771370234044,-0.0712813141504487,,,,,,,,,16091.0,181.0,9.0,592.0,-1073740794.0,153.0,14.0,156.0,46.0,-165.0,-15.0
489,16104.0,54139.0,53889.0,58488.0,49441.0,16103.0,3.172434091567993,,,,,,,,2.3924681091308595,0.0,0.5,22.08905792236328,0.14,0.0,0.0,-0.016473390089529933,-0.0067529492772005996,-0.054689609179725096,,,,,,,,,16101.0,182.0,9.0,594.0,-1073740794.0,151.0,13.0,158.0,105.0,-166.0,-17.0
490,16114.0,54240.0,53296.0,58411.0,50069.0,16113.0,3.172434091567993,,,,,,,,2.4115511560440064,0.0,0.5,22.22536540031433,0.14,0.0,0.0,0.03301374337824687,0.027024969428798996,-0.030246269546809756,,,,,,,,,16111.0,184.0,8.0,596.0,-1072691195.0,153.0,12.0,160.0,116.0,-139.0,-20.0
491,16124.0,53719.0,53621.0,58707.0,49831.0,16123.0,3.172434091567993,,,,,,,,2.424814443588257,0.0,0.5,22.32010316848755,0.14,0.0,0.0,-0.06091915935224878,0.0013001050193559472,-0.062857445274064,,,,,,,,,16121.0,186.0,8.0,597.0,-1072691195.0,154.0,11.0,161.0,94.0,-150.0,-29.0
492,16134.0,54361.0,53989.0,58263.0,49364.0,16133.0,3.172434091567993,,,,,,,,2.434283218383789,0.0,0.5,22.387737274169922,0.14,0.0,0.0,0.03208272809296818,0.025750232023480365,-0.05044592917881552,,,,,,,,,16131.0,186.0,8.0,599.0,-1071641595.0,153.0,10.0,161.0,73.0,-106.0,-25.0
493,16144.0,53581.0,53589.0,58819.0,49859.0,16143.0,3.172434091567993,,,,,,,,2.4446614599227905,0.0,0.5,22.461867570877075,0.14,0.0,0.0,-0.07820319041264867,-0.006797372424763145,-0.06256677687510326,,,,,,,,,16141.0,191.0,8.0,600.0,-1071641595.0,159.0,9.0,161.0,83.0,-69.0,-40.0
494,16154.0,53350.0,54225.0,58962.0,49074.0,16153.0,3.172434091567993,,,,,,,,2.457347297668457,0.0,0.5,22.552480697631836,0.14,0.0,0.0,0.023317417925948894,0.01132916624518927,-0.08671671786514068,,,,,,,,,16151.0,192.0,8.0,602.0,-1071640571.0,160.0,9.0,161.0,39.0,-37.0,-28.0
495,16164.0,53232.0,54173.0,59000.0,49121.0,16163.0,3.172434091567993,,,,,,,,2.468194909095764,0.0,0.5,22.629963636398315,0.14,0.0,0.0,0.0005875876713329392,0.04455536623994844,-0.0071648556899326366,,,,,,,,,16161.0,194.0,7.0,604.0,-1071640571.0,160.0,7.0,162.0,18.0,0.0,-29.0
496,16174.0,52547.0,53517.0,59402.0,49914.0,16173.0,3.172434091567993,,,,,,,,2.4749464321136476,0.0,0.5,22.678188800811768,0.14,0.0,0.0,-0.016701777502043914,-0.05178606363092461,-0.1474530346240961,,,,,,,,,16171.0,195.0,7.0,605.0,-1071640571.0,161.0,6.0,163.0,-3.0,23.0,-36.0
497,16184.0,52548.0,53926.0,59374.0,49580.0,16183.0,3.172434091567993,,,,,,,,2.482314357757568,0.0,0.5,22.73081684112549,0.14,0.0,0.0,-0.016315196758028748,0.03163306019939135,0.1464872541835458,,,,,,,,,16181.0,195.0,8.0,606.0,-1071640571.0,160.0,7.0,161.0,-68.0,78.0,-36.0
498,16194.0,52481.0,53837.0,59459.0,49515.0,16193.0,3.172434091567993,,,,,,,,2.493707842826843,0.0,0.5,22.812198877334595,0.14,0.0,0.0,-0.00024417763705461955,-0.03799903612064285,-0.07075530827056475,,,,,,,,,16191.0,197.0,8.0,608.0,-1071640571.0,161.0,7.0,163.0,-86.0,96.0,-34.0
499,16204.0,52378.0,53739.0,59524.0,49559.0,16203.0,3.172434091567993,,,,,,,,2.503921461105347,0.0,0.5,22.88515329360962,0.14,0.0,0.0,-0.06521606294179921,-0.015834467147724123,0.5499106723766225,,,,,,,,,16201.0,195.0,10.0,610.0,-1071641595.0,156.0,9.0,164.0,-107.0,77.0,-21.0
500,16214.0,52726.0,53371.0,59172.0,49769.0,16213.0,3.172434091567993,,,,,,,,2.513163194656372,0.0,0.5,22.951165676116943,0.14,0.0,0.0,-0.06734129148492535,-0.0100614769434154,-0.06660418145978397,,,,,,,,,16211.0,195.0,10.0,611.0,-1071641596.0,155.0,8.0,166.0,-127.0,83.0,-22.0
501,16224.0,52553.0,53150.0,59169.0,49580.0,16223.0,3.172434091567993,,,,,,,,2.520279679298401,0.0,0.5,23.001997709274292,0.14,0.0,0.0,-0.02728387783495491,0.06298238637306419,0.5054486827634292,,,,,,,,,16221.0,197.0,10.0,614.0,-1072691196.0,155.0,8.0,173.0,-122.0,43.0,-5.0
502,16234.0,52892.0,53001.0,58752.0,49466.0,16233.0,3.1777126789093018,,,,,,,,2.5294733476638793,0.0,0.5,23.06766676902771,0.14,0.0,0.0,0.0356972676741831,-0.04593483836701973,-0.029979738772800246,,,,,,,,,16231.0,199.0,8.0,616.0,-1072691196.0,157.0,4.0,174.0,-61.0,0.0,-6.0
503,16244.0,53270.0,52953.0,58477.0,49351.0,16243.0,3.1777126789093018,,,,,,,,2.5401302003860473,0.0,0.5,23.143787145614624,0.14,0.0,0.0,0.05080165244708413,0.010995227922488289,0.23535807328754288,,,,,,,,,16241.0,201.0,8.0,618.0,-1072691196.0,158.0,4.0,176.0,-50.0,-35.0,-3.0
504,16254.0,53592.0,52377.0,58224.0,49987.0,16253.0,3.1777126789093018,,,,,,,,2.5463145542144776,0.0,0.5,23.187961101531982,0.14,0.0,0.0,0.18341709900242642,-0.06388468918091868,0.11614047232861502,,,,,,,,,16251.0,203.0,10.0,619.0,-1073739772.0,159.0,7.0,178.0,-30.0,-55.0,2.0
505,16264.0,53523.0,52552.0,58200.0,49560.0,16263.0,3.1777126789093018,,,,,,,,2.551382293701172,0.0,0.5,23.224159240722656,0.14,0.0,0.0,0.028447047258914365,-0.09475496766681614,1.0659649772980142,,,,,,,,,16261.0,207.0,8.0,623.0,-1073738748.0,163.0,4.0,178.0,-14.0,-93.0,6.0
506,16274.0,53877.0,52433.0,57772.0,49536.0,16273.0,3.1829912662506104,,,,,,,,2.56344922542572,0.0,0.5,23.310351610183716,0.14,0.0,0.0,0.10943259269511749,-0.035629363533974015,0.022353650810782,,,,,,,,,16271.0,209.0,8.0,623.0,-1073738748.0,165.0,4.0,178.0,21.0,-120.0,4.0
507,16284.0,53818.0,52663.0,57910.0,49531.0,16283.0,3.1777126789093018,,,,,,,,2.57202335357666,0.0,0.5,23.37159538269043,0.14,0.0,0.0,0.2610167469453597,-0.13389538183601593,0.10415809820097088,,,,,,,,,16281.0,210.0,10.0,625.0,-1073738748.0,165.0,6.0,177.0,41.0,-111.0,-2.0
508,16294.0,53651.0,52654.0,57825.0,49321.0,16293.0,3.1829912662506104,,,,,,,,2.5794859409332274,0.0,0.5,23.424899578094482,0.14,0.0,0.0,0.15722608084406237,-0.04424642461487276,0.10118296946237137,,,,,,,,,16291.0,212.0,9.0,627.0,-1073737724.0,167.0,4.0,178.0,96.0,-106.0,-8.0
509,16304.0,53782.0,52576.0,57773.0,49757.0,16303.0,3.1829912662506104,,,,,,,,2.586977233886719,0.0,0.5,23.478408813476562,0.14,0.0,0.0,0.18182679249166023,-0.08987527897108268,0.06556349306948661,,,,,,,,,16301.0,214.0,8.0,629.0,-1073737724.0,168.0,3.0,174.0,91.0,-77.0,-22.0
510,16314.0,53017.0,53361.0,58360.0,48913.0,16313.0,3.1829912662506104,,,,,,,,2.594391956329346,0.0,0.5,23.531371116638184,0.14,0.0,0.0,0.14718655668590064,-0.08744519625733699,0.025226239284155128,,,,,,,,,16311.0,217.0,9.0,631.0,-1072688124.0,170.0,3.0,173.0,64.0,-18.0,-16.0
511,16324.0,53120.0,53160.0,58157.0,49336.0,16323.0,3.1829912662506104,,,,,,,,2.602866449356079,0.0,0.5,23.59190320968628,0.14,0.0,0.0,0.12470410981648701,-0.06375980629432132,-0.02246212674735837,,,,,,,,,16321.0,219.0,9.0,633.0,-1072688124.0,171.0,4.0,171.0,61.0,3.0,-39.0
512,16334.0,52713.0,53435.0,58532.0,48912.0,16333.0,3.1829912662506104,,,,,,,,2.6095425033569337,0.0,0.5,23.639589309692383,0.14,0.0,0.0,0.08828712532847545,-0.04203518665479588,-0.011301380410200679,,,,,,,,,16331.0,220.0,9.0,634.0,-1072688124.0,172.0,4.0,171.0,6.0,43.0,-32.0
513,16344.0,52164.0,52622.0,58969.0,50139.0,16343.0,3.1777126789093018,,,,,,,,2.617203392982483,0.0,0.5,23.694309949874878,0.14,0.0,0.0,0.06692864533521883,-0.05518748556758063,-0.0477116459768272,,,,,,,,,16341.0,219.0,13.0,636.0,-1072689148.0,168.0,10.0,171.0,-5.0,44.0,-39.0
514,16354.0,51522.0,52309.0,59077.0,50123.0,16353.0,3.1829912662506104,,,,,,,,2.6214019870758056,0.0,0.5,23.724299907684326,0.14,0.0,0.0,0.0596605871296401,-0.005458025289692369,-0.0188724360146022,,,,,,,,,16351.0,220.0,12.0,639.0,-1072689148.0,169.0,8.0,177.0,-36.0,56.0,-36.0
515,16364.0,52283.0,52502.0,58660.0,49963.0,16363.0,3.1829912662506104,,,,,,,,2.626647400856018,0.0,0.5,23.761767148971558,0.14,0.0,0.0,0.06151294475840974,0.011849474109191663,-0.053189291183274534,,,,,,,,,16361.0,222.0,12.0,641.0,-1072689148.0,170.0,7.0,174.0,-52.0,58.0,-37.0
516,16374.0,51496.0,52377.0,59177.0,50215.0,16373.0,3.1829912662506104,,,,,,,,2.6353202295303344,0.0,0.5,23.823715925216675,0.14,0.0,0.0,0.022319182452003414,-0.018828795477542078,-0.04742195802064941,,,,,,,,,16371.0,221.0,14.0,643.0,-1072689149.0,165.0,10.0,174.0,-117.0,56.0,-32.0
517,16384.0,52026.0,53545.0,58848.0,48826.0,16383.0,3.1829912662506104,,,,,,,,2.6433479833602904,0.0,0.5,23.881057024002075,0.14,0.0,0.0,0.034984535577963674,-0.01717062055544026,0.04217180261478681,,,,,,,,,16381.0,223.0,13.0,644.0,-1073738749.0,167.0,7.0,174.0,-102.0,72.0,-26.0
518,16394.0,52485.0,53148.0,58536.0,49227.0,16393.0,3.1777126789093018,,,,,,,,2.6502838230133055,0.0,0.5,23.930598735809326,0.14,0.0,0.0,0.007065856856140435,-0.011550788673568891,-0.03420480524333058,,,,,,,,,16391.0,225.0,13.0,647.0,-536867837.0,169.0,8.0,181.0,-101.0,89.0,-25.0
519,16404.0,52127.0,52476.0,58618.0,49833.0,16403.0,3.1829912662506104,,,,,,,,2.6575374603271484,0.0,0.5,23.982410430908203,0.14,0.0,0.0,-0.023387356056591008,0.003772035195571976,0.15261239580368802,,,,,,,,,16401.0,226.0,14.0,649.0,-536867837.0,169.0,8.0,181.0,-63.0,40.0,-25.0
520,16414.0,51696.0,53218.0,58399.0,49820.0,16413.0,3.1829912662506104,,,,,,,,2.6618541145324706,0.0,0.5,24.013243675231934,0.14,0.0,0.0,-0.03337962015411635,0.005182830138094006,0.03349878664402617,,,,,,,,,16411.0,228.0,14.0,649.0,-536867837.0,172.0,9.0,181.0,-38.0,35.0,-39.0
521,16424.0,52827.0,52596.0,58128.0,49764.0,16423.0,3.1829912662506104,,,,,,,,2.670335917472839,0.0,0.5,24.073827981948853,0.14,0.0,0.0,-0.006146610929615711,0.003285186738749983,-0.027430085985038488,,,,,,,,,16421.0,232.0,14.0,653.0,-535819261.0,175.0,9.0,180.0,-37.0,7.0,-31.0
522,16434.0,52968.0,53197.0,57366.0,49890.0,16433.0,3.1829912662506104,,,,,,,,2.6853214406967165,0.0,0.5,24.180867433547974,0.14,0.0,0.0,-0.0044225760293977135,-0.0052988079256635345,-0.049519471325433884,,,,,,,,,16431.0,232.0,14.0,653.0,-535819261.0,175.0,9.0,181.0,15.0,-53.0,-46.0
523,16444.0,53395.0,52947.0,57657.0,49581.0,16443.0,3.1829912662506104,,,,,,,,2.6910745763778685,0.0,0.5,24.22196125984192,0.14,0.0,0.0,-0.00026025163508873234,-0.016443018223735905,0.00978256521211307,,,,,,,,,16441.0,236.0,14.0,657.0,-535819261.0,177.0,10.0,177.0,39.0,-39.0,-42.0
524,16454.0,53109.0,53461.0,57258.0,49911.0,16453.0,3.1829912662506104,,,,,,,,2.6984735107421876,0.0,0.5,24.274810791015625,0.14,0.0,0.0,0.011892127907640916,0.021422963337832692,-0.09903382342240441,,,,,,,,,16451.0,235.0,13.0,657.0,-535819261.0,174.0,7.0,177.0,94.0,-39.0,-49.0
525,16464.0,53467.0,53463.0,57675.0,49254.0,16463.0,3.1777126789093018,,,,,,,,2.706267681121826,0.0,0.5,24.330483436584473,0.14,0.0,0.0,-0.013241831766065557,-0.00027064316214785026,-0.13599852298564308,,,,,,,,,16461.0,238.0,13.0,660.0,-1073738750.0,176.0,8.0,173.0,86.0,-44.0,-40.0
526,16474.0,53160.0,53677.0,57278.0,49951.0,16473.0,3.1777126789093018,,,,,,,,2.711709394454956,0.0,0.5,24.3693528175354,0.14,0.0,0.0,0.00725839777979442,0.030668964327897705,-0.13604571891832862,,,,,,,,,16471.0,238.0,14.0,660.0,-1073738750.0,175.0,8.0,173.0,104.0,-66.0,-49.0
527,16484.0,52800.0,52918.0,58183.0,49990.0,16483.0,3.1777126789093018,,,,,,,,2.7182321739196778,0.0,0.5,24.41594409942627,0.14,0.0,0.0,0.0255665588181662,-0.0019208297976607705,-0.14429417684684154,,,,,,,,,16481.0,241.0,13.0,664.0,-1072689150.0,177.0,7.0,172.0,102.0,-49.0,-51.0
528,16494.0,53577.0,53857.0,56972.0,49820.0,16493.0,3.1777126789093018,,,,,,,,2.7226809072494507,0.0,0.5,24.447720766067505,0.14,0.0,0.0,-0.03133840136059481,0.03462646884482165,-0.11270551211070412,,,,,,,,,16491.0,241.0,13.0,664.0,-1072689150.0,177.0,7.0,172.0,81.0,-50.0,-47.0
529,16504.0,53129.0,52937.0,57920.0,50004.0,16503.0,3.1777126789093018,,,,,,,,2.7294075965881346,0.0,0.5,24.495768547058105,0.14,0.0,0.0,-0.006934333583053753,0.07030880407221128,-0.04814968573130862,,,,,,,,,16501.0,245.0,14.0,667.0,-1072689150.0,179.0,7.0,172.0,22.0,-28.0,-42.0
530,16514.0,51715.0,53711.0,58261.0,50152.0,16513.0,3.1777126789093018,,,,,,,,2.7445127153396607,0.0,0.5,24.603662252426147,0.14,0.0,0.0,0.05288304736508285,0.03401737423056453,-0.03601803029823536,,,,,,,,,16511.0,245.0,14.0,667.0,-1072689150.0,179.0,7.0,172.0,54.0,-3.0,-54.0
531,16524.0,53223.0,53844.0,57990.0,49484.0,16523.0,3.1777126789093018,,,,,,,,2.7544623756408693,0.0,0.5,24.674731254577637,0.14,0.0,0.0,-0.021788901512822836,0.055354101161004254,-0.06846025262386846,,,,,,,,,16521.0,240.0,13.0,669.0,-1072690175.0,167.0,6.0,161.0,-2.0,36.0,-51.0
532,16534.0,52010.0,54377.0,58255.0,49795.0,16533.0,3.1777126789093018,,,,,,,,2.7592284059524537,0.0,0.5,24.70877432823181,0.14,0.0,0.0,-0.023289184092838436,0.08963947498470386,-0.09264117573862407,,,,,,,,,16531.0,241.0,14.0,669.0,-1072690175.0,168.0,7.0,161.0,-6.0,60.0,-46.0
533,16544.0,52524.0,53839.0,58830.0,49749.0,16543.0,3.172434091567993,,,,,,,,2.765854892730713,0.0,0.5,24.75610637664795,0.14,0.0,0.0,0.022430236427155154,0.076307182884375,-0.08047645043108709,,,,,,,,,16541.0,246.0,14.0,672.0,-1072690175.0,172.0,6.0,156.0,-8.0,76.0,-42.0
534,16554.0,52488.0,53853.0,58409.0,50455.0,16553.0,3.172434091567993,,,,,,,,2.7739068126678466,0.0,0.5,24.81362009048462,0.14,0.0,0.0,-0.07351105157932095,0.0664051295601801,-0.08455234985922289,,,,,,,,,16551.0,247.0,14.0,672.0,-1072690175.0,175.0,6.0,156.0,-2.0,40.0,-37.0
535,16564.0,52948.0,54203.0,58855.0,49801.0,16563.0,3.172434091567993,,,,,,,,2.781287956237793,0.0,0.5,24.866342544555664,0.14,0.0,0.0,0.02511532658110081,0.10663421433884629,-0.05354172038435934,,,,,,,,,16561.0,250.0,15.0,674.0,-1072690175.0,176.0,7.0,148.0,-22.0,58.0,-27.0
536,16574.0,52466.0,54067.0,58981.0,50305.0,16573.0,3.172434091567993,,,,,,,,2.786597490310669,0.0,0.5,24.90426778793335,0.14,0.0,0.0,-0.06877168676045568,0.08300847468972833,-0.14597513622538116,,,,,,,,,16571.0,250.0,15.0,674.0,-1072690175.0,176.0,6.0,148.0,-2.0,33.0,-14.0
537,16584.0,53115.0,53784.0,59043.0,50423.0,16583.0,3.1671555042266846,,,,,,,,2.793620147705078,0.0,0.5,24.954429626464844,0.14,0.0,0.0,-0.07845430772459198,0.12379718906735694,-0.19896789172270424,,,,,,,,,16581.0,252.0,15.0,676.0,-1072690176.0,176.0,5.0,147.0,-3.0,32.0,2.0
538,16594.0,53294.0,54107.0,59175.0,50112.0,16593.0,3.1671555042266846,,,,,,,,2.8011393785476684,0.0,0.5,25.008138418197632,0.14,0.0,0.0,0.03743170469913945,0.09150838302777779,-0.2070787749610421,,,,,,,,,16591.0,251.0,14.0,677.0,-1072691200.0,173.0,5.0,145.0,7.0,19.0,0.0
539,16604.0,53700.0,53297.0,58933.0,51095.0,16603.0,3.1671555042266846,,,,,,,,2.8075198316574097,0.0,0.5,25.053713083267212,0.14,0.0,0.0,-0.04150378847121499,0.07129006610607398,-0.17064654808198831,,,,,,,,,16601.0,253.0,15.0,679.0,-1072691200.0,173.0,4.0,144.0,4.0,12.0,0.0
540,16614.0,53820.0,53483.0,59138.0,51259.0,16613.0,3.161876916885376,,,,,,,,2.815350217819214,0.0,0.5,25.109644412994385,0.14,0.0,0.0,-0.09314206290619972,0.0975646565322007,-0.17959001892635307,,,,,,,,,16611.0,252.0,15.0,679.0,-1072691200.0,171.0,4.0,139.0,-20.0,-8.0,2.0
541,16624.0,53050.0,53515.0,59733.0,51173.0,16623.0,3.161876916885376,,,,,,,,2.8208871603012087,0.0,0.5,25.14919400215149,0.14,0.0,0.0,0.06010088672943376,0.15329065339064016,-0.1432350390041428,,,,,,,,,16621.0,254.0,14.0,681.0,-1072691200.0,171.0,3.0,138.0,-16.0,-14.0,4.0
542,16634.0,53731.0,54038.0,59291.0,50613.0,16633.0,3.161876916885376,,,,,,,,2.8274383115768433,0.0,0.5,25.195987939834595,0.14,0.0,0.0,-0.04477919907676979,0.07715303472179483,-0.16092242618902475,,,,,,,,,16631.0,257.0,15.0,682.0,-1072691200.0,173.0,3.0,138.0,14.0,-19.0,-1.0
543,16644.0,54061.0,54061.0,59231.0,50743.0,16643.0,3.1565983295440674,,,,,,,,2.834725193977356,0.0,0.5,25.248037099838257,0.14,0.0,0.0,-0.020648542899535646,0.09890629222782216,-0.15806787935003186,,,,,,,,,16641.0,259.0,15.0,684.0,-1072691200.0,175.0,3.0,138.0,-17.0,4.0,4.0
544,16654.0,54332.0,54435.0,59231.0,50443.0,16653.0,3.1565983295440674,,,,,,,,2.8397750425338746,0.0,0.5,25.284107446670532,0.14,0.0,0.0,-0.057491755472413544,0.09845281749139433,-0.14628438574022162,,,,,,,,,16651.0,264.0,14.0,684.0,-1072691200.0,181.0,1.0,133.0,-12.0,23.0,5.0
545,16664.0,53274.0,53681.0,60030.0,51095.0,16663.0,3.1565983295440674,,,,,,,,2.848701515197754,0.0,0.5,25.347867965698242,0.14,0.0,0.0,-0.06226927797446185,0.13614690609587773,-0.17124692378945383,,,,,,,,,16661.0,266.0,14.0,685.0,-1072691200.0,181.0,1.0,135.0,-1.0,0.0,19.0
546,16674.0,54065.0,53612.0,59739.0,51248.0,16673.0,3.151319742202759,,,,,,,,2.854092559814453,0.0,0.5,25.386375427246094,0.14,0.0,0.0,-0.027240774901347544,0.09343590249392851,-0.19943675504847747,,,,,,,,,16671.0,266.0,18.0,687.0,-1072691200.0,180.0,8.0,135.0,-11.0,47.0,11.0
547,16684.0,53024.0,54205.0,60369.0,50714.0,16683.0,3.151319742202759,,,,,,,,2.861859426498413,0.0,0.5,25.441853046417236,0.14,0.0,0.0,-0.04790869131881081,0.1197218021293057,-0.15561333831816349,,,,,,,,,16681.0,268.0,18.0,688.0,-1072691199.0,180.0,7.0,134.0,-26.0,44.0,12.0
548,16694.0,53082.0,54095.0,60211.0,50566.0,16693.0,3.1565983295440674,,,,,,,,2.8697984266281127,0.0,0.5,25.498560190200806,0.14,0.0,0.0,-0.08480038537149312,0.11119990180873777,-0.10780751248520559,,,,,,,,,16691.0,270.0,17.0,689.0,-1072691199.0,181.0,4.0,135.0,-34.0,89.0,18.0
549,16704.0,52764.0,53646.0,60492.0,50808.0,16703.0,3.1565983295440674,,,,,,,,2.8769057321548464,0.0,0.5,25.5493266582489,0.14,0.0,0.0,-0.026506529868942055,0.060492987336000476,-0.09118823253923303,,,,,,,,,16701.0,272.0,17.0,691.0,-1072691199.0,182.0,4.0,136.0,-51.0,93.0,23.0
550,16714.0,52966.0,53515.0,60593.0,50568.0,16713.0,3.1565983295440674,,,,,,,,2.8843525981903078,0.0,0.5,25.602518558502197,0.14,0.0,0.0,-0.09276761725995816,0.10262552140992855,-0.12436877230264543,,,,,,,,,16711.0,270.0,17.0,692.0,-1072692223.0,176.0,5.0,139.0,-52.0,80.0,37.0
551,16724.0,53394.0,53474.0,60210.0,50655.0,16723.0,3.1565983295440674,,,,,,,,2.89191508769989,0.0,0.5,25.6565363407135,0.14,0.0,0.0,-0.0739130544109928,0.05677259372789162,-0.13237784405259667,,,,,,,,,16721.0,273.0,18.0,694.0,-1073740799.0,179.0,5.0,142.0,-14.0,93.0,16.0
552,16734.0,54070.0,54126.0,59750.0,49785.0,16733.0,3.1565983295440674,,,,,,,,2.90006477355957,0.0,0.5,25.71474838256836,0.14,0.0,0.0,-0.029212296074204544,0.04244917993586259,-0.035638378911103885,,,,,,,,,16731.0,274.0,17.0,695.0,-1073740799.0,177.0,4.0,144.0,-32.0,70.0,29.0
553,16744.0,53838.0,53914.0,59835.0,49678.0,16743.0,3.1565983295440674,,,,,,,,2.9056482458114625,0.0,0.5,25.75463032722473,0.14,0.0,0.0,-0.12691929395775867,0.04362437783578783,-0.09184722537293588,,,,,,,,,16741.0,277.0,17.0,697.0,-1073741823.0,180.0,4.0,150.0,-39.0,49.0,33.0
554,16754.0,54006.0,53739.0,59604.0,50005.0,16753.0,3.1565983295440674,,,,,,,,2.910250587463379,0.0,0.5,25.787504196166992,0.14,0.0,0.0,-0.09353923739631068,0.06672009008655548,-0.1121554948032486,,,,,,,,,16751.0,280.0,17.0,699.0,-536870911.0,181.0,4.0,151.0,-37.0,44.0,21.0
555,16764.0,54401.0,53323.0,59341.0,50731.0,16763.0,3.1565983295440674,,,,,,,,2.916737117767334,0.0,0.5,25.833836555480957,0.14,0.0,0.0,-0.07359738787038417,0.029682003898815444,-0.1841336048915192,,,,,,,,,16761.0,285.0,18.0,700.0,-536870911.0,188.0,5.0,152.0,-19.0,13.0,24.0
556,16774.0,53650.0,53493.0,59712.0,50279.0,16773.0,3.161876916885376,,,,,,,,2.9241827487945558,0.0,0.5,25.887019634246826,0.14,0.0,0.0,-0.1057318062861602,0.02270046287650185,-0.23357866243059,,,,,,,,,16771.0,287.0,18.0,702.0,-536870911.0,188.0,5.0,153.0,-17.0,11.0,18.0
557,16784.0,53776.0,54046.0,59732.0,49772.0,16783.0,3.161876916885376,,,,,,,,2.9315303802490233,0.0,0.5,25.939502716064453,0.14,0.0,0.0,-0.053605135405301436,0.028081624730678895,-0.18542180933846275,,,,,,,,,16781.0,289.0,18.0,703.0,-536870911.0,188.0,5.0,149.0,19.0,35.0,18.0
558,16794.0,54040.0,54240.0,59454.0,49654.0,16793.0,3.161876916885376,,,,,,,,2.9350013542175293,0.0,0.5,25.964295387268066,0.14,0.0,0.0,-0.08147484629796747,0.02368122504561776,-0.21049352399887766,,,,,,,,,16791.0,291.0,18.0,704.0,-536346623.0,188.0,5.0,150.0,44.0,55.0,11.0
559,16804.0,53724.0,54210.0,59555.0,49744.0,16803.0,3.161876916885376,,,,,,,,2.940088052749634,0.0,0.5,26.00062894821167,0.14,0.0,0.0,-0.05371133038181973,0.022650287724877736,-0.18307701516841846,,,,,,,,,16801.0,293.0,18.0,706.0,-536346622.0,188.0,5.0,152.0,42.0,76.0,9.0
560,16814.0,52729.0,55313.0,60140.0,48314.0,16813.0,3.161876916885376,,,,,,,,2.946719179153442,0.0,0.5,26.047994136810303,0.14,0.0,0.0,-0.05215153953608001,0.014299965474866934,-0.11944785985862794,,,,,,,,,16811.0,277.0,13.0,707.0,-1073216510.0,159.0,-2.0,154.0,49.0,53.0,10.0
561,16824.0,53042.0,55127.0,60185.0,49230.0,16823.0,3.161876916885376,,,,,,,,2.951378831863403,0.0,0.5,26.08127737045288,0.14,0.0,0.0,-0.09823518879281422,0.010061006136281666,-0.051216497414728224,,,,,,,,,16821.0,278.0,13.0,706.0,-1073216510.0,158.0,-2.0,140.0,37.0,76.0,2.0
562,16834.0,53713.0,54766.0,59863.0,49683.0,16833.0,3.161876916885376,,,,,,,,2.960198259353638,0.0,0.5,26.144273281097412,0.14,0.0,0.0,0.00034034419727682445,0.041628811605662126,-0.009860399007182608,,,,,,,,,16831.0,279.0,13.0,707.0,-1073215486.0,156.0,-2.0,141.0,17.0,49.0,13.0
563,16844.0,53776.0,54733.0,60163.0,49690.0,16843.0,3.1565983295440674,,,,,,,,2.9685231161117556,0.0,0.5,26.203736543655396,0.14,0.0,0.0,-0.0056781082556196655,-0.04814812307781458,-0.010783853596564086,,,,,,,,,16841.0,280.0,13.0,709.0,-1073215486.0,156.0,-3.0,140.0,-14.0,16.0,21.0
564,16854.0,53733.0,54324.0,60292.0,50011.0,16853.0,3.1565983295440674,,,,,,,,2.9758424091339113,0.0,0.5,26.256017208099365,0.14,0.0,0.0,-0.03621738898616726,0.002854031902621721,0.09558981234565955,,,,,,,,,16851.0,282.0,13.0,710.0,-1072166910.0,156.0,-3.0,140.0,-9.0,-13.0,28.0
565,16864.0,53621.0,53715.0,60319.0,50453.0,16863.0,3.1565983295440674,,,,,,,,2.9834906482696533,0.0,0.5,26.31064748764038,0.14,0.0,0.0,-0.02776791537739224,-0.0172871193439053,0.0017697428521294967,,,,,,,,,16861.0,288.0,14.0,712.0,-1073215486.0,162.0,-1.0,145.0,-28.0,-52.0,31.0
566,16874.0,54228.0,53085.0,59996.0,50943.0,16873.0,3.1565983295440674,,,,,,,,2.9900706720352175,0.0,0.5,26.35764765739441,0.14,0.0,0.0,-0.0254397391908975,-0.052610917407371526,-0.0020316434650631265,,,,,,,,,16871.0,290.0,14.0,714.0,-1073215486.0,162.0,-1.0,146.0,-51.0,-84.0,33.0
567,16884.0,54379.0,53348.0,59800.0,50780.0,16883.0,3.1565983295440674,,,,,,,,2.9939964628219604,0.0,0.5,26.38568902015686,0.14,0.0,0.0,-0.02827113932498954,-0.00227023152795946,0.13931563349949982,,,,,,,,,16881.0,293.0,14.0,715.0,-1073215486.0,163.0,-1.0,148.0,-58.0,-100.0,20.0
568,16894.0,54806.0,53832.0,59455.0,50662.0,16893.0,3.151319742202759,,,,,,,,3.001983094215393,0.0,0.5,26.442736387252808,0.14,0.0,0.0,-0.050372352217391184,-0.03830734904732625,0.09856818475820006,,,,,,,,,16891.0,294.0,13.0,717.0,-1073216510.0,162.0,-2.0,150.0,-40.0,-105.0,12.0
569,16904.0,54145.0,53431.0,59754.0,50777.0,16903.0,3.1565983295440674,,,,,,,,3.0072274732589723,0.0,0.5,26.480196237564087,0.14,0.0,0.0,-0.025123287300683986,-0.053876784947803256,0.010423403542660026,,,,,,,,,16901.0,296.0,12.0,718.0,-536345598.0,163.0,-3.0,152.0,-12.0,-94.0,22.0
570,16914.0,53917.0,53188.0,59619.0,50356.0,16913.0,3.151319742202759,,,,,,,,3.01346333026886,0.0,0.5,26.524738073349,0.14,0.0,0.0,0.01684517194045568,-0.00915148079615822,0.06060168168887081,,,,,,,,,16911.0,298.0,12.0,723.0,-536345598.0,164.0,-3.0,173.0,5.0,-97.0,13.0
571,16924.0,54745.0,53713.0,58996.0,49513.0,16923.0,3.151319742202759,,,,,,,,3.019766745567322,0.0,0.5,26.569762468338013,0.14,0.0,0.0,0.00773956441155082,-0.05459150717709506,0.043090538085861496,,,,,,,,,16921.0,300.0,13.0,725.0,-536346622.0,163.0,-2.0,177.0,19.0,-82.0,22.0
572,16934.0,54570.0,53637.0,58918.0,49279.0,16933.0,3.1565983295440674,,,,,,,,3.0235338544845582,0.0,0.5,26.596670389175415,0.14,0.0,0.0,-0.031755774624518986,-0.06034303377572648,-0.013090488525069333,,,,,,,,,16931.0,301.0,13.0,727.0,-536870910.0,163.0,-1.0,180.0,31.0,-67.0,23.0
573,16944.0,54267.0,53314.0,58835.0,49490.0,16943.0,3.161876916885376,,,,,,,,3.0276479005813597,0.0,0.5,26.626056432724,0.14,0.0,0.0,-0.027926176693090454,-0.03300667183705134,-0.00035177776174677433,,,,,,,,,16941.0,300.0,10.0,729.0,-1073741822.0,159.0,-6.0,183.0,52.0,-41.0,14.0
574,16954.0,54316.0,53757.0,58870.0,49134.0,16953.0,3.161876916885376,,,,,,,,3.0368851947784425,0.0,0.5,26.692037105560303,0.14,0.0,0.0,0.0242862771336344,-0.0013618284052544847,0.007950536302288924,,,,,,,,,16951.0,302.0,10.0,729.0,-1073741821.0,159.0,-6.0,179.0,98.0,-24.0,14.0
575,16964.0,54480.0,53777.0,58500.0,48884.0,16963.0,3.1671555042266846,,,,,,,,3.044103116989136,0.0,0.5,26.74359369277954,0.14,0.0,0.0,0.042977664328411276,-0.0909479545081531,0.03175877219171497,,,,,,,,,16961.0,300.0,11.0,731.0,-1073741821.0,154.0,-5.0,181.0,76.0,-25.0,11.0
576,16974.0,53465.0,54197.0,59140.0,48467.0,16973.0,3.1671555042266846,,,,,,,,3.0510090827941894,0.0,0.5,26.792922019958496,0.14,0.0,0.0,0.002578004468395278,-0.026312191207078835,0.08112080928152388,,,,,,,,,16971.0,302.0,11.0,733.0,-1072692221.0,154.0,-4.0,182.0,66.0,13.0,4.0
577,16984.0,53197.0,53598.0,59166.0,49430.0,16983.0,3.1671555042266846,,,,,,,,3.058176336288452,0.0,0.5,26.844116687774658,0.14,0.0,0.0,-0.04266598277256753,-0.07387891167751404,0.03845151613886166,,,,,,,,,16981.0,304.0,11.0,735.0,-1072692221.0,155.0,-5.0,183.0,43.0,1.0,-3.0
578,16994.0,53154.0,53681.0,59121.0,49048.0,16993.0,3.1671555042266846,,,,,,,,3.064114055633545,0.0,0.5,26.886528968811035,0.14,0.0,0.0,-0.051770383317130936,-0.062419245031257564,0.062221165578749904,,,,,,,,,16991.0,311.0,12.0,737.0,-1072692221.0,164.0,-4.0,188.0,-9.0,0.0,5.0
579,17004.0,53425.0,53015.0,59053.0,49468.0,17003.0,3.1671555042266846,,,,,,,,3.0688059186935424,0.0,0.5,26.920042276382446,0.14,0.0,0.0,-0.027430041954588428,-0.037355612274069624,0.03718186972119142,,,,,,,,,17001.0,313.0,12.0,739.0,-1072692221.0,164.0,-4.0,190.0,-19.0,-30.0,16.0
580,17014.0,53918.0,52179.0,58764.0,50400.0,17013.0,3.1671555042266846,,,,,,,,3.075962724685669,0.0,0.5,26.97116231918335,0.14,0.0,0.0,0.04302306703463092,-0.09375356927687296,0.02707294071589139,,,,,,,,,17011.0,315.0,13.0,741.0,-1072692221.0,165.0,-3.0,191.0,-43.0,-27.0,10.0
581,17024.0,53953.0,52502.0,58741.0,50132.0,17023.0,3.1671555042266846,,,,,,,,3.0838563299179076,0.0,0.5,27.02754521369934,0.14,0.0,0.0,-0.039047345089218366,-0.08625628167878995,0.06468416167616908,,,,,,,,,17021.0,317.0,13.0,743.0,-1072692221.0,166.0,-4.0,190.0,-39.0,-25.0,6.0
582,17034.0,53876.0,52831.0,58804.0,49866.0,17033.0,3.1671555042266846,,,,,,,,3.088423089981079,0.0,0.5,27.06016492843628,0.14,0.0,0.0,0.008695607953107162,-0.08088301480494604,0.046441585678945074,,,,,,,,,17031.0,320.0,13.0,745.0,-1072692221.0,168.0,-3.0,189.0,-28.0,-42.0,8.0
583,17044.0,53997.0,52583.0,58818.0,50049.0,17043.0,3.1671555042266846,,,,,,,,3.0968468809127807,0.0,0.5,27.12033486366272,0.14,0.0,0.0,0.08488144111613054,-0.08745581925278906,0.058239558121625734,,,,,,,,,17041.0,322.0,13.0,747.0,-1072692221.0,169.0,-3.0,188.0,-2.0,-73.0,15.0
584,17054.0,54329.0,52801.0,58618.0,49734.0,17053.0,3.1671555042266846,,,,,,,,3.1032496976852415,0.0,0.5,27.166069269180298,0.14,0.0,0.0,0.007308943816784279,-0.13318629801241386,0.04289776706093207,,,,,,,,,17051.0,323.0,12.0,749.0,-1072692221.0,168.0,-5.0,188.0,27.0,-80.0,10.0
585,17064.0,55311.0,53016.0,57775.0,49505.0,17063.0,3.1671555042266846,,,,,,,,3.108356823921204,0.0,0.5,27.20254874229431,0.14,0.0,0.0,0.007173615681717028,-0.06229101698094831,0.05029228574286648,,,,,,,,,17061.0,325.0,12.0,750.0,-1072691197.0,169.0,-5.0,189.0,62.0,-65.0,6.0
586,17074.0,55269.0,53489.0,57898.0,49209.0,17073.0,3.161876916885376,,,,,,,,3.1135125160217285,0.0,0.5,27.239375114440918,0.14,0.0,0.0,0.014889532677317303,-0.06160088009593479,0.05548803930813939,,,,,,,,,17071.0,326.0,11.0,752.0,-1072691197.0,169.0,-7.0,190.0,72.0,-62.0,10.0
587,17084.0,54447.0,54020.0,58421.0,48504.0,17083.0,3.161876916885376,,,,,,,,3.11706353187561,0.0,0.5,27.264739513397217,0.14,0.0,0.0,-0.011189067092749961,-0.10705371278069248,0.13466237570623107,,,,,,,,,17081.0,329.0,11.0,757.0,-1071642621.0,170.0,-8.0,195.0,94.0,-65.0,10.0
588,17094.0,54310.0,53485.0,58499.0,49136.0,17093.0,3.161876916885376,,,,,,,,3.124964880943298,0.0,0.5,27.32117772102356,0.14,0.0,0.0,-0.055982705734426805,-0.08406467180966606,0.09878403179525641,,,,,,,,,17091.0,328.0,10.0,759.0,-1071642621.0,166.0,-9.0,194.0,111.0,-31.0,7.0
589,17104.0,54693.0,53384.0,58118.0,49367.0,17103.0,3.161876916885376,,,,,,,,3.1303054904937744,0.0,0.5,27.35932493209839,0.14,0.0,0.0,-0.039698699275361606,-0.07204547632238698,0.07410761877622996,,,,,,,,,17101.0,330.0,10.0,761.0,-1071641597.0,166.0,-9.0,194.0,102.0,-27.0,6.0
590,17114.0,54275.0,53378.0,58453.0,49308.0,17113.0,3.161876916885376,,,,,,,,3.1389133644104006,0.0,0.5,27.420809745788574,0.14,0.0,0.0,-0.055082808147567754,-0.024966825235545533,0.10295994302526168,,,,,,,,,17111.0,328.0,10.0,763.0,-1070593021.0,163.0,-10.0,197.0,96.0,-18.0,9.0
591,17124.0,53518.0,54081.0,59017.0,48223.0,17123.0,3.161876916885376,,,,,,,,3.1456846141815187,0.0,0.5,27.469175815582275,0.14,0.0,0.0,-0.033519351046018005,-0.07635123061711854,0.09873275869031062,,,,,,,,,17121.0,333.0,10.0,765.0,-1070593021.0,169.0,-11.0,201.0,37.0,-40.0,5.0
592,17134.0,54347.0,52662.0,58358.0,49678.0,17133.0,3.161876916885376,,,,,,,,3.150166392326355,0.0,0.5,27.50118851661682,0.14,0.0,0.0,-0.022753553421459773,-0.0893313843615321,0.07452433314699647,,,,,,,,,17131.0,335.0,10.0,767.0,-1070593021.0,169.0,-11.0,201.0,2.0,-39.0,17.0
593,17144.0,54252.0,52277.0,58497.0,49982.0,17143.0,3.161876916885376,,,,,,,,3.1553804302215576,0.0,0.5,27.538431644439697,0.14,0.0,0.0,-0.03439601952632633,-0.05894807230223153,0.08363379501314583,,,,,,,,,17141.0,338.0,16.0,769.0,-1070593021.0,172.0,-2.0,201.0,-20.0,-16.0,32.0
594,17154.0,53833.0,52212.0,58869.0,49946.0,17153.0,3.161876916885376,,,,,,,,3.1643318367004394,0.0,0.5,27.602370262145996,0.14,0.0,0.0,-0.0013376251022256653,-0.06867832318810825,0.12213236218608081,,,,,,,,,17151.0,342.0,15.0,771.0,-1070593021.0,176.0,-4.0,201.0,-79.0,-23.0,35.0
595,17164.0,53982.0,52467.0,58720.0,49702.0,17163.0,3.161876916885376,,,,,,,,3.172614436149597,0.0,0.5,27.661531686782837,0.14,0.0,0.0,-0.011720671760073539,-0.07127637920101183,0.14062360058896495,,,,,,,,,17161.0,344.0,14.0,773.0,-1070593020.0,177.0,-8.0,201.0,-58.0,-24.0,24.0
596,17174.0,54671.0,52277.0,58522.0,50183.0,17173.0,3.161876916885376,,,,,,,,3.1789783334732054,0.0,0.5,27.706988096237183,0.14,0.0,0.0,-0.0905420533828104,-0.11577554732918754,0.08413476553141663,,,,,,,,,17171.0,348.0,14.0,773.0,-1071640572.0,181.0,-8.0,191.0,-89.0,-5.0,38.0
597,17184.0,54480.0,52510.0,58773.0,49591.0,17183.0,3.161876916885376,,,,,,,,3.1879343795776367,0.0,0.5,27.770959854125977,0.14,0.0,0.0,-0.10257783750617966,-0.09569673241989955,0.06863145089599065,,,,,,,,,17181.0,350.0,14.0,775.0,-1071640572.0,183.0,-8.0,193.0,-67.0,12.0,53.0
598,17194.0,54090.0,53088.0,59095.0,48709.0,17193.0,3.161876916885376,,,,,,,,3.1963658475875856,0.0,0.5,27.83118462562561,0.14,0.0,0.0,-0.06662293733160009,-0.07245156501880022,0.10259553398855026,,,,,,,,,17191.0,351.0,14.0,777.0,-1071640572.0,184.0,-8.0,195.0,-65.0,8.0,62.0
599,17204.0,54325.0,53254.0,58929.0,48301.0,17203.0,3.161876916885376,,,,,,,,3.206117672920227,0.0,0.5,27.900840520858765,0.14,0.0,0.0,-0.060843633197032974,-0.0649613378807949,0.05029374912868967,,,,,,,,,17201.0,353.0,14.0,779.0,-1071640572.0,185.0,-9.0,196.0,-25.0,48.0,66.0
600,17214.0,54096.0,53053.0,59263.0,48442.0,17213.0,3.161876916885376,,,,,,,,3.2139580392837526,0.0,0.5,27.95684313774109,0.14,0.0,0.0,-0.08003619571518229,-0.09257591305086947,0.027322669301854674,,,,,,,,,17211.0,345.0,9.0,778.0,-1071641596.0,172.0,-17.0,193.0,2.0,67.0,79.0
601,17224.0,53978.0,52957.0,59249.0,48267.0,17223.0,3.161876916885376,,,,,,,,3.2223518228530885,0.0,0.5,28.016798734664917,0.14,0.0,0.0,-0.050661526769123104,-0.11752274501099697,0.12432978114399162,,,,,,,,,17221.0,348.0,9.0,782.0,-1071641595.0,172.0,-17.0,191.0,28.0,99.0,82.0
602,17234.0,54356.0,53106.0,59013.0,48133.0,17233.0,3.161876916885376,,,,,,,,3.22875030040741,0.0,0.5,28.062502145767212,0.14,0.0,0.0,0.0018164006901285968,-0.0538359193331767,0.16913723622102417,,,,,,,,,17231.0,348.0,8.0,782.0,-1071641595.0,173.0,-20.0,191.0,-1.0,95.0,81.0
603,17244.0,54046.0,53090.0,59219.0,48184.0,17243.0,3.161876916885376,,,,,,,,3.2356668806076048,0.0,0.5,28.11190629005432,0.14,0.0,0.0,-0.010184903137131787,-0.11735555662944394,0.1913611613119084,,,,,,,,,17241.0,351.0,8.0,784.0,-1071642619.0,175.0,-20.0,191.0,-15.0,82.0,72.0
604,17254.0,54026.0,52582.0,59226.0,48505.0,17253.0,3.161876916885376,,,,,,,,3.243016481399536,0.0,0.5,28.164403438568115,0.14,0.0,0.0,-0.008928594282601723,-0.11956125540101291,0.19173938330284024,,,,,,,,,17251.0,353.0,8.0,787.0,-1071642619.0,177.0,-20.0,194.0,-31.0,77.0,77.0
605,17264.0,53916.0,52156.0,59174.0,48675.0,17263.0,3.1671555042266846,,,,,,,,3.2486311626434325,0.0,0.5,28.204508304595947,0.14,0.0,0.0,-0.008413391693170276,-0.12073705784445644,0.2075800409361186,,,,,,,,,17261.0,357.0,9.0,789.0,-1071642618.0,180.0,-18.0,195.0,-63.0,58.0,82.0
606,17274.0,53926.0,51939.0,59080.0,48516.0,17273.0,3.1671555042266846,,,,,,,,3.2526718759536744,0.0,0.5,28.233370542526245,0.14,0.0,0.0,-0.025054027656806862,-0.02267472633769394,0.11044449493703645,,,,,,,,,17271.0,361.0,8.0,790.0,-1071642618.0,183.0,-20.0,195.0,-72.0,35.0,86.0
607,17284.0,53711.0,52062.0,59255.0,48355.0,17283.0,3.1671555042266846,,,,,,,,3.259851379394531,0.0,0.5,28.284652709960938,0.14,0.0,0.0,-0.011947767631012804,-0.09832635070578472,0.1537145528400039,,,,,,,,,17281.0,363.0,8.0,792.0,-1072691194.0,185.0,-19.0,195.0,-90.0,17.0,84.0
608,17294.0,53889.0,51307.0,59223.0,49138.0,17293.0,3.1671555042266846,,,,,,,,3.267509298324585,0.0,0.5,28.339352130889893,0.14,0.0,0.0,0.0018465813902828903,-0.033721500356836125,0.18006250952872271,,,,,,,,,17291.0,365.0,8.0,794.0,-1072692217.0,186.0,-20.0,193.0,-102.0,18.0,90.0
609,17304.0,54225.0,52074.0,59028.0,48616.0,17303.0,3.172434091567993,,,,,,,,3.2726850175857543,0.0,0.5,28.37632155418396,0.14,0.0,0.0,-0.002639651369346998,-0.090911079006011,0.08253504296169822,,,,,,,,,17301.0,367.0,8.0,794.0,-1072692217.0,186.0,-20.0,183.0,-102.0,23.0,81.0
610,17314.0,53940.0,52330.0,59317.0,48198.0,17313.0,3.172434091567993,,,,,,,,3.2805751848220823,0.0,0.5,28.432679891586304,0.14,0.0,0.0,-0.013491166376974513,-0.10362640664333159,0.133300602084498,,,,,,,,,17311.0,359.0,7.0,796.0,-1073740793.0,172.0,-21.0,182.0,-89.0,33.0,80.0
611,17324.0,53836.0,52657.0,59695.0,47926.0,17323.0,3.1671555042266846,,,,,,,,3.285535979270935,0.0,0.5,28.468114137649536,0.14,0.0,0.0,-0.09767947317538855,0.06758549608878041,0.3251868279796888,,,,,,,,,17321.0,361.0,7.0,798.0,-1073740793.0,172.0,-22.0,180.0,-74.0,52.0,90.0
612,17334.0,53742.0,52690.0,59892.0,47893.0,17333.0,3.1671555042266846,,,,,,,,3.2932589864730835,0.0,0.5,28.52327847480774,0.14,0.0,0.0,-0.011242743302236843,-0.07746767604950339,0.22416539656114232,,,,,,,,,17331.0,360.0,8.0,800.0,-536870904.0,168.0,-19.0,177.0,-59.0,63.0,97.0
613,17344.0,54116.0,53080.0,59872.0,47913.0,17343.0,3.1671555042266846,,,,,,,,3.2986354446411132,0.0,0.5,28.561681747436523,0.14,0.0,0.0,-0.028711213562408876,0.00019897862431747366,0.11939908533533483,,,,,,,,,17341.0,362.0,6.0,800.0,-536870904.0,169.0,-21.0,166.0,-34.0,47.0,88.0
614,17354.0,54581.0,52345.0,59598.0,48338.0,17353.0,3.1671555042266846,,,,,,,,3.3067691421508787,0.0,0.5,28.619779586791992,0.14,0.0,0.0,-0.09859967571592479,-0.00424874869640546,0.2586647488620031,,,,,,,,,17351.0,367.0,7.0,802.0,-535822328.0,174.0,-21.0,164.0,-45.0,54.0,99.0
615,17364.0,54384.0,52698.0,59943.0,48162.0,17363.0,3.161876916885376,,,,,,,,3.315008215904236,0.0,0.5,28.678630113601685,0.14,0.0,0.0,-0.03803140258256791,-0.040005836898876414,0.1670030419614985,,,,,,,,,17361.0,368.0,7.0,803.0,-535298039.0,173.0,-20.0,163.0,-44.0,51.0,96.0
616,17374.0,54849.0,52366.0,59832.0,48415.0,17373.0,3.161876916885376,,,,,,,,3.3183317232131957,0.0,0.5,28.702369451522827,0.14,0.0,0.0,-0.03537476987955613,-0.014200841251164883,0.09745569934084486,,,,,,,,,17371.0,370.0,7.0,805.0,-535298039.0,173.0,-19.0,160.0,-42.0,34.0,109.0
617,17384.0,54720.0,52519.0,59962.0,48369.0,17383.0,3.161876916885376,,,,,,,,3.3267524433135987,0.0,0.5,28.76251745223999,0.14,0.0,0.0,-0.04792309454121413,0.021036281071305743,0.08326187256484019,,,,,,,,,17381.0,373.0,6.0,807.0,-535298039.0,175.0,-20.0,157.0,-34.0,15.0,102.0
618,17394.0,54397.0,52489.0,60213.0,48346.0,17393.0,3.161876916885376,,,,,,,,3.334829864501953,0.0,0.5,28.820213317871094,0.14,0.0,0.0,-0.022795354431671626,-0.004673609656319529,0.23436462632280097,,,,,,,,,17391.0,375.0,6.0,808.0,-535298038.0,175.0,-19.0,157.0,-26.0,16.0,99.0
619,17404.0,54511.0,52550.0,60041.0,48062.0,17403.0,3.161876916885376,,,,,,,,3.3425826120376585,0.0,0.5,28.875590085983276,0.14,0.0,0.0,-0.015063858315044691,0.06145241669309932,0.03940078148795756,,,,,,,,,17401.0,379.0,5.0,810.0,-535298038.0,179.0,-20.0,156.0,-47.0,22.0,99.0
620,17414.0,54814.0,52362.0,59876.0,48192.0,17413.0,3.161876916885376,,,,,,,,3.349411473274231,0.0,0.5,28.924367666244507,0.14,0.0,0.0,-0.004043158757567335,0.07277495299251052,0.24477121145210212,,,,,,,,,17411.0,381.0,5.0,811.0,-535298037.0,179.0,-19.0,157.0,-64.0,36.0,93.0
621,17424.0,54239.0,52316.0,60336.0,48075.0,17423.0,3.161876916885376,,,,,,,,3.353255887031555,0.0,0.5,28.95182776451111,0.14,0.0,0.0,0.028388747680934242,0.031103386539266576,0.4074980943983011,,,,,,,,,17421.0,379.0,4.0,815.0,-534248437.0,172.0,-20.0,169.0,-57.0,52.0,110.0
622,17434.0,53648.0,52135.0,60500.0,47768.0,17433.0,3.161876916885376,,,,,,,,3.3619110584259033,0.0,0.5,29.01365041732788,0.14,0.0,0.0,0.03506900942455906,0.11138320098724769,0.2301773437746082,,,,,,,,,17431.0,380.0,4.0,817.0,-534248437.0,172.0,-19.0,168.0,-83.0,65.0,102.0
623,17454.0,53958.0,51945.0,60403.0,48001.0,17453.0,3.161876916885376,,,,,,,,3.3680064249038697,0.0,0.5,29.057188749313354,0.14,0.0,0.0,0.029915654937678435,0.07998792182305652,0.26060832116208665,,,,,,,,,17441.0,379.0,4.0,818.0,-534248436.0,167.0,-18.0,167.0,-90.0,70.0,95.0
624,17464.0,54154.0,51961.0,60318.0,47666.0,17463.0,3.161876916885376,,,,,,,,3.376064853668213,0.0,0.5,29.11474895477295,0.14,0.0,0.0,0.016681605139575808,0.046238962082522345,0.20322562717966264,,,,,,,,,17451.0,381.0,4.0,820.0,-534247412.0,167.0,-18.0,165.0,-103.0,64.0,94.0
625,17474.0,54630.0,51973.0,60108.0,47925.0,17473.0,3.161876916885376,,,,,,,,3.3816845083236693,0.0,0.5,29.154889345169067,0.14,0.0,0.0,0.015608839303081759,0.07592095800707235,0.27689551710162874,,,,,,,,,17461.0,382.0,4.0,822.0,-533198836.0,166.0,-17.0,163.0,-80.0,33.0,99.0
626,17484.0,54678.0,51461.0,60001.0,48255.0,17483.0,3.161876916885376,,,,,,,,3.3892981672286986,0.0,0.5,29.209272623062134,0.14,0.0,0.0,-0.042126255297707964,0.09617514019973646,0.0731770967318699,,,,,,,,,17471.0,386.0,5.0,823.0,-533198835.0,169.0,-15.0,157.0,-43.0,21.0,94.0
627,17494.0,54916.0,51583.0,59908.0,48129.0,17493.0,3.161876916885376,,,,,,,,3.3975839376449586,0.0,0.5,29.26845669746399,0.14,0.0,0.0,-0.04103848301072421,0.04066912042428501,0.15587765855384283,,,,,,,,,17481.0,389.0,5.0,824.0,-533198835.0,170.0,-14.0,157.0,-43.0,4.0,92.0
628,17504.0,54980.0,51717.0,59911.0,47906.0,17503.0,3.161876916885376,,,,,,,,3.404784669876099,0.0,0.5,29.31989049911499,0.14,0.0,0.0,-0.05285292669141336,0.11119049474186382,0.11659285064113156,,,,,,,,,17491.0,391.0,4.0,826.0,-533198835.0,170.0,-14.0,156.0,-28.0,-20.0,93.0
629,17514.0,54754.0,51967.0,60192.0,47940.0,17513.0,3.161876916885376,,,,,,,,3.4131576585769654,0.0,0.5,29.379697561264038,0.14,0.0,0.0,-0.04457677274030829,0.07997847462804793,0.12706037171151507,,,,,,,,,17501.0,392.0,4.0,827.0,-532150258.0,169.0,-13.0,155.0,0.0,-28.0,95.0
630,17524.0,54760.0,51577.0,60278.0,48271.0,17533.0,3.161876916885376,,,,,,,,3.4206750202178955,0.0,0.5,29.433393001556396,0.14,0.0,0.0,-0.040802412429140275,0.020470967090139257,0.11938895553777762,,,,,,,,,17511.0,393.0,2.0,828.0,-532150258.0,168.0,-15.0,149.0,-3.0,-32.0,82.0
631,17534.0,54834.0,52250.0,60171.0,47491.0,17543.0,3.161876916885376,,,,,,,,3.4262936735153198,0.0,0.5,29.47352623939514,0.14,0.0,0.0,-0.04738253273899671,0.05679657531374873,0.055007136675559565,,,,,,,,,17521.0,395.0,2.0,829.0,-532150258.0,168.0,-13.0,148.0,25.0,-42.0,79.0
632,17544.0,54817.0,52530.0,60243.0,47216.0,17553.0,3.1565983295440674,,,,,,,,3.432877769470215,0.0,0.5,29.52055549621582,0.14,0.0,0.0,-0.061104228352589655,0.03410335795978474,-0.07398665082595812,,,,,,,,,17531.0,399.0,1.0,830.0,-532150257.0,170.0,-13.0,147.0,9.0,-16.0,80.0
633,17554.0,54950.0,52281.0,60246.0,47455.0,17583.0,3.161876916885376,,,,,,,,3.43991427898407,0.0,0.5,29.57081627845764,0.14,0.0,0.0,-0.08773496911773944,0.03262177510480153,-0.24124308832250918,,,,,,,,,17541.0,399.0,2.0,832.0,-532151281.0,168.0,-11.0,145.0,33.0,-13.0,73.0
634,17594.0,54534.0,51606.0,60522.0,47852.0,17593.0,3.161876916885376,,,,,,,,3.4476522064208983,0.0,0.5,29.626087188720703,0.14,0.0,0.0,-0.11957271417563341,-0.010463315563628672,-0.33042199498462743,,,,,,,,,17551.0,401.0,1.0,835.0,-533199857.0,168.0,-12.0,149.0,44.0,14.0,72.0
635,17604.0,54193.0,51502.0,60943.0,48153.0,17603.0,3.161876916885376,,,,,,,,3.4544315004348753,0.0,0.5,29.674510717391968,0.14,0.0,0.0,-0.103451976111624,0.030233877604538502,-0.35483413887327053,,,,,,,,,17561.0,403.0,1.0,836.0,-533199856.0,167.0,-11.0,149.0,47.0,6.0,63.0
636,17614.0,53980.0,51869.0,61102.0,47724.0,17613.0,3.161876916885376,,,,,,,,3.459494700431824,0.0,0.5,29.710676431655884,0.14,0.0,0.0,-0.08059322133981284,0.022532040335984792,-0.2751938000895109,,,,,,,,,17591.0,406.0,3.0,840.0,-533198832.0,163.0,-5.0,148.0,-5.0,10.0,66.0
637,17624.0,54705.0,52122.0,60916.0,47758.0,17623.0,3.1565983295440674,,,,,,,,3.467798194885254,0.0,0.5,29.769987106323242,0.14,0.0,0.0,-0.04930647351082285,0.019017202771002877,-0.15839711062239914,,,,,,,,,17601.0,407.0,2.0,841.0,-533198831.0,162.0,-4.0,141.0,-34.0,16.0,79.0
638,17634.0,54562.0,51802.0,61117.0,48052.0,17633.0,3.1565983295440674,,,,,,,,3.475502777099609,0.0,0.5,29.82501983642578,0.14,0.0,0.0,-0.05614495752659746,-0.008143664862703279,-0.477077646619275,,,,,,,,,17611.0,403.0,3.0,842.0,-533198831.0,153.0,-2.0,140.0,-51.0,15.0,71.0
639,17644.0,55142.0,52022.0,60856.0,47919.0,17643.0,3.1565983295440674,,,,,,,,3.4831721115112306,0.0,0.5,29.87980079650879,0.14,0.0,0.0,-0.08301987258086346,-0.002989829969683056,-0.6705049315669651,,,,,,,,,17621.0,405.0,4.0,843.0,-533198831.0,153.0,-1.0,137.0,-21.0,-4.0,73.0
640,17654.0,54989.0,51988.0,61055.0,48123.0,17653.0,3.1565983295440674,,,,,,,,3.4902204704284667,0.0,0.5,29.93014621734619,0.14,0.0,0.0,-0.07216154287218478,0.003504031868465769,-0.4224440417458215,,,,,,,,,17631.0,412.0,4.0,845.0,-533198831.0,161.0,0.0,135.0,-12.0,4.0,77.0
641,17664.0,54767.0,51467.0,61190.0,48684.0,17663.0,3.1565983295440674,,,,,,,,3.4975572872161864,0.0,0.5,29.98255205154419,0.14,0.0,0.0,-0.05086235751760813,-0.005755757164153558,-0.3946192866928975,,,,,,,,,17641.0,414.0,4.0,846.0,-533198830.0,160.0,0.0,132.0,-7.0,-12.0,80.0
642,17674.0,55053.0,51747.0,61261.0,48411.0,17673.0,3.151319742202759,,,,,,,,3.4975572872161864,0.0,0.0,32.00324249267578,0.0,0.0,1.319,0.0,0.0,0.0,,,,,,,,,17651.0,416.0,2.0,847.0,-533198830.0,161.0,-1.0,131.0,16.0,-17.0,76.0
643,17684.0,55571.0,52108.0,61060.0,48115.0,17683.0,3.151319742202759,,,,,,,,,,,,,,,,,,,,,,,,,,17661.0,420.0,2.0,848.0,-533198830.0,164.0,0.0,131.0,-4.0,3.0,71.0
644,17694.0,55293.0,52079.0,61279.0,48193.0,17693.0,3.151319742202759,,,,,,,,,,,,,,,,,,,,,,,,,,17671.0,421.0,3.0,850.0,-533198830.0,162.0,2.0,131.0,-7.0,-19.0,74.0
645,17704.0,55606.0,52147.0,61153.0,48095.0,17703.0,3.151319742202759,,,,,,,,,,,,,,,,,,,,,,,,,,17681.0,422.0,2.0,851.0,-532150253.0,160.0,2.0,130.0,-29.0,14.0,78.0
646,17714.0,54847.0,52440.0,61640.0,47749.0,17713.0,3.151319742202759,,,,,,,,,,,,,,,,,,,,,,,,,,17691.0,423.0,2.0,852.0,-532150253.0,160.0,2.0,128.0,-4.0,12.0,80.0
647,17724.0,55480.0,52289.0,61327.0,47870.0,17723.0,3.151319742202759,,,,,,,,,,,,,,,,,,,,,,,,,,17701.0,425.0,2.0,853.0,-532150253.0,159.0,3.0,127.0,-13.0,51.0,78.0
648,17754.0,55155.0,51513.0,61352.0,48503.0,17743.0,3.151319742202759,,,,,,,,,,,,,,,,,,,,,,,,,,17711.0,421.0,2.0,855.0,-532150252.0,151.0,3.0,126.0,14.0,31.0,68.0
649,17764.0,55490.0,51584.0,61110.0,48538.0,17753.0,3.151319742202759,,,,,,,,,,,,,,,,,,,,,,,,,,17721.0,423.0,2.0,856.0,-532150252.0,150.0,4.0,125.0,1.0,34.0,73.0
650,17774.0,55915.0,51581.0,60853.0,48723.0,17763.0,3.151319742202759,,,,,,,,,,,,,,,,,,,,,,,,,,17751.0,441.0,2.0,861.0,-533198827.0,169.0,8.0,132.0,-16.0,-31.0,56.0
651,17814.0,55207.0,52250.0,61537.0,48568.0,17773.0,3.151319742202759,,,,,,,,,,,,,,,,,,,,,,,,,,17761.0,443.0,2.0,862.0,-533198827.0,169.0,7.0,132.0,6.0,-35.0,45.0
652,17824.0,55205.0,52562.0,61511.0,48204.0,17813.0,3.151319742202759,,,,,,,,,,,,,,,,,,,,,,,,,,17771.0,445.0,2.0,863.0,-532150251.0,168.0,8.0,130.0,-4.0,-10.0,41.0
653,17834.0,55411.0,52164.0,61617.0,48709.0,17823.0,3.151319742202759,,,,,,,,,,,,,,,,,,,,,,,,,,17781.0,447.0,2.0,864.0,-532150251.0,168.0,9.0,130.0,0.0,-16.0,45.0
654,17844.0,55379.0,52090.0,61511.0,48732.0,17833.0,3.14604115486145,,,,,,,,,,,,,,,,,,,,,,,,,,17801.0,453.0,1.0,867.0,-533199851.0,171.0,9.0,128.0,16.0,-2.0,28.0
655,17854.0,54951.0,52831.0,61671.0,48075.0,17843.0,3.14604115486145,,,,,,,,,,,,,,,,,,,,,,,,,,17811.0,454.0,1.0,866.0,-533199850.0,170.0,10.0,116.0,23.0,45.0,17.0
656,17864.0,55130.0,52416.0,61664.0,48316.0,17853.0,3.14604115486145,,,,,,,,,,,,,,,,,,,,,,,,,,17821.0,452.0,-1.0,867.0,-533198826.0,164.0,7.0,117.0,27.0,40.0,16.0
657,17874.0,54602.0,52625.0,61954.0,48113.0,17863.0,3.14604115486145,,,,,,,,,,,,,,,,,,,,,,,,,,17831.0,452.0,0.0,868.0,-533198826.0,162.0,9.0,117.0,5.0,60.0,17.0
658,17894.0,54804.0,52266.0,61787.0,48224.0,17873.0,3.14604115486145,,,,,,,,,,,,,,,,,,,,,,,,,,17841.0,454.0,0.0,870.0,-533198826.0,161.0,10.0,118.0,11.0,41.0,10.0
659,17904.0,55427.0,52122.0,61207.0,48246.0,17893.0,3.14604115486145,,,,,,,,,,,,,,,,,,,,,,,,,,17851.0,455.0,-1.0,871.0,-533198826.0,159.0,9.0,118.0,23.0,36.0,-3.0
660,17914.0,54851.0,52024.0,61597.0,48241.0,17903.0,3.14604115486145,,,,,,,,,,,,,,,,,,,,,,,,,,17861.0,456.0,-1.0,872.0,-533198826.0,159.0,10.0,118.0,-5.0,58.0,4.0
661,17924.0,55163.0,51656.0,61203.0,48509.0,17913.0,3.14604115486145,,,,,,,,,,,,,,,,,,,,,,,,,,17871.0,461.0,0.0,873.0,-533198826.0,163.0,11.0,118.0,-8.0,47.0,12.0
662,17934.0,54947.0,51788.0,61334.0,48155.0,17923.0,3.151319742202759,,,,,,,,,,,,,,,,,,,,,,,,,,17891.0,470.0,0.0,876.0,-533197802.0,169.0,12.0,118.0,12.0,24.0,3.0
663,17944.0,54879.0,51782.0,61354.0,48126.0,17933.0,3.151319742202759,,,,,,,,,,,,,,,,,,,,,,,,,,17901.0,473.0,0.0,880.0,-533197802.0,167.0,14.0,126.0,21.0,6.0,-10.0
664,17954.0,55028.0,51855.0,61189.0,48218.0,17943.0,3.151319742202759,,,,,,,,,,,,,,,,,,,,,,,,,,17911.0,476.0,0.0,881.0,-533197802.0,169.0,15.0,127.0,-10.0,-4.0,2.0
665,17974.0,54542.0,52316.0,61139.0,48177.0,17953.0,3.151319742202759,,,,,,,,,,,,,,,,,,,,,,,,,,17921.0,478.0,0.0,882.0,-533197802.0,168.0,17.0,126.0,13.0,-7.0,-10.0
666,17984.0,54301.0,52523.0,61302.0,48444.0,17983.0,3.151319742202759,,,,,,,,,,,,,,,,,,,,,,,,,,17931.0,480.0,1.0,883.0,-533197802.0,168.0,18.0,125.0,20.0,-6.0,1.0
667,17994.0,54578.0,52316.0,61180.0,48782.0,17993.0,3.1565983295440674,,,,,,,,,,,,,,,,,,,,,,,,,,17941.0,482.0,1.0,885.0,-533197802.0,167.0,18.0,127.0,35.0,22.0,0.0
668,18004.0,54307.0,52157.0,61462.0,48651.0,18003.0,3.1565983295440674,,,,,,,,,,,,,,,,,,,,,,,,,,17951.0,481.0,0.0,885.0,-533197802.0,166.0,17.0,127.0,31.0,-4.0,-10.0
669,18044.0,54796.0,52103.0,61328.0,49346.0,18013.0,3.151319742202759,,,,,,,,,,,,,,,,,,,,,,,,,,17981.0,486.0,0.0,887.0,-534246378.0,163.0,19.0,111.0,31.0,37.0,-31.0
670,18054.0,55404.0,52490.0,61069.0,49320.0,18043.0,3.151319742202759,,,,,,,,,,,,,,,,,,,,,,,,,,17991.0,487.0,1.0,888.0,-534246378.0,163.0,20.0,111.0,30.0,13.0,-30.0
671,18064.0,55133.0,52391.0,61198.0,49581.0,18053.0,3.14604115486145,,,,,,,,,,,,,,,,,,,,,,,,,,18001.0,472.0,-3.0,889.0,-534246379.0,138.0,14.0,111.0,11.0,23.0,-18.0
672,18074.0,55165.0,52399.0,61004.0,49036.0,18063.0,3.14604115486145,,,,,,,,,,,,,,,,,,,,,,,,,,18011.0,473.0,-3.0,890.0,-534246379.0,137.0,14.0,111.0,25.0,0.0,-23.0
673,18084.0,55108.0,52268.0,60876.0,49025.0,18073.0,3.14604115486145,,,,,,,,,,,,,,,,,,,,,,,,,,18041.0,492.0,3.0,891.0,-534246379.0,155.0,23.0,99.0,38.0,-54.0,-28.0
674,18094.0,55060.0,52037.0,60784.0,49498.0,18083.0,3.14604115486145,,,,,,,,,,,,,,,,,,,,,,,,,,18051.0,494.0,3.0,892.0,-534246379.0,154.0,24.0,98.0,43.0,-67.0,-36.0
675,18104.0,54577.0,52529.0,60916.0,49210.0,18093.0,3.14604115486145,,,,,,,,,,,,,,,,,,,,,,,,,,18061.0,495.0,3.0,893.0,-535294955.0,153.0,24.0,98.0,32.0,-70.0,-37.0
676,18134.0,54309.0,53759.0,60965.0,48721.0,18103.0,3.14604115486145,,,,,,,,,,,,,,,,,,,,,,,,,,18071.0,507.0,2.0,896.0,-535295979.0,166.0,22.0,109.0,27.0,-74.0,-33.0
677,18144.0,54218.0,53781.0,60619.0,47755.0,18133.0,3.14604115486145,,,,,,,,,,,,,,,,,,,,,,,,,,18081.0,506.0,1.0,897.0,-535295979.0,163.0,21.0,108.0,36.0,-75.0,-36.0
678,18154.0,54408.0,53904.0,60657.0,47860.0,18143.0,3.14604115486145,,,,,,,,,,,,,,,,,,,,,,,,,,18091.0,508.0,1.0,898.0,-535297004.0,162.0,21.0,108.0,38.0,-57.0,-43.0
679,18164.0,54677.0,53765.0,60441.0,48106.0,18153.0,3.1407625675201416,,,,,,,,,,,,,,,,,,,,,,,,,,18101.0,512.0,0.0,899.0,-535297004.0,165.0,20.0,109.0,47.0,-55.0,-57.0
680,18174.0,54816.0,53276.0,60147.0,48517.0,18163.0,3.14604115486145,,,,,,,,,,,,,,,,,,,,,,,,,,18121.0,514.0,1.0,900.0,-535297004.0,162.0,21.0,102.0,57.0,27.0,-65.0
681,18184.0,54541.0,53346.0,60235.0,48655.0,18173.0,3.14604115486145,,,,,,,,,,,,,,,,,,,,,,,,,,18131.0,515.0,1.0,901.0,-536345580.0,162.0,21.0,101.0,98.0,31.0,-70.0
682,18224.0,54602.0,52598.0,59478.0,49993.0,18183.0,3.14604115486145,,,,,,,,,,,,,,,,,,,,,,,,,,18141.0,515.0,1.0,902.0,-536345581.0,159.0,21.0,101.0,89.0,63.0,-64.0
683,18234.0,54438.0,52558.0,59230.0,49676.0,18193.0,3.14604115486145,,,,,,,,,,,,,,,,,,,,,,,,,,18151.0,516.0,1.0,903.0,-1073216493.0,159.0,21.0,101.0,104.0,47.0,-66.0
684,18244.0,54359.0,52302.0,59066.0,49865.0,18233.0,3.151319742202759,,,,,,,,,,,,,,,,,,,,,,,,,,18161.0,516.0,1.0,903.0,-1072167917.0,155.0,20.0,95.0,111.0,50.0,-66.0
685,18254.0,54107.0,52471.0,59212.0,49787.0,18243.0,3.151319742202759,,,,,,,,,,,,,,,,,,,,,,,,,,18171.0,517.0,1.0,904.0,-1072166893.0,155.0,20.0,95.0,112.0,-9.0,-68.0
686,18294.0,53683.0,53488.0,59231.0,48524.0,18253.0,3.151319742202759,,,,,,,,,,,,,,,,,,,,,,,,,,18181.0,517.0,1.0,905.0,-1072166893.0,151.0,19.0,95.0,83.0,-51.0,-73.0
687,18304.0,52422.0,53718.0,60117.0,48214.0,18293.0,3.151319742202759,,,,,,,,,,,,,,,,,,,,,,,,,,18191.0,518.0,2.0,906.0,-1071118318.0,151.0,19.0,95.0,67.0,-54.0,-84.0
688,18314.0,52886.0,53265.0,59718.0,48568.0,18303.0,3.151319742202759,,,,,,,,,,,,,,,,,,,,,,,,,,18211.0,521.0,2.0,909.0,-1071119342.0,151.0,18.0,105.0,49.0,-132.0,-95.0
689,18324.0,52767.0,53773.0,59660.0,48130.0,18313.0,3.1565983295440674,,,,,,,,,,,,,,,,,,,,,,,,,,18231.0,527.0,2.0,911.0,-1070071791.0,153.0,17.0,104.0,36.0,-135.0,-97.0
690,18334.0,52371.0,53004.0,59341.0,47977.0,18323.0,3.1565983295440674,,,,,,,,,,,,,,,,,,,,,,,,,,18241.0,528.0,2.0,914.0,-1070596079.0,153.0,16.0,110.0,50.0,-137.0,-99.0
691,18344.0,52688.0,52446.0,59280.0,48485.0,18333.0,3.1565983295440674,,,,,,,,,,,,,,,,,,,,,,,,,,18251.0,533.0,3.0,915.0,-1070595056.0,157.0,16.0,109.0,35.0,-111.0,-99.0
692,18354.0,52410.0,52367.0,59325.0,48517.0,18343.0,3.1565983295440674,,,,,,,,,,,,,,,,,,,,,,,,,,18261.0,534.0,4.0,916.0,-1070595056.0,158.0,16.0,108.0,15.0,-77.0,-97.0
693,18364.0,52505.0,51637.0,59172.0,49246.0,18353.0,3.161876916885376,,,,,,,,,,,,,,,,,,,,,,,,,,18281.0,537.0,3.0,918.0,-1070594033.0,158.0,12.0,106.0,22.0,4.0,-102.0
694,18374.0,52666.0,51650.0,58987.0,49074.0,18363.0,3.161876916885376,,,,,,,,,,,,,,,,,,,,,,,,,,18291.0,540.0,3.0,920.0,-1070594033.0,160.0,11.0,110.0,-6.0,49.0,-103.0
695,18384.0,52396.0,51241.0,59264.0,49526.0,18373.0,3.161876916885376,,,,,,,,,,,,,,,,,,,,,,,,,,18301.0,543.0,3.0,921.0,-1070594034.0,162.0,10.0,109.0,32.0,50.0,-89.0
696,18414.0,52564.0,51760.0,59230.0,48752.0,18383.0,3.161876916885376,,,,,,,,,,,,,,,,,,,,,,,,,,18311.0,544.0,3.0,922.0,-1070594034.0,163.0,9.0,108.0,50.0,70.0,-96.0
697,18424.0,53085.0,52122.0,59077.0,48412.0,18393.0,3.1671555042266846,,,,,,,,,,,,,,,,,,,,,,,,,,18321.0,546.0,3.0,923.0,-1070594034.0,164.0,9.0,108.0,38.0,88.0,-99.0
698,18434.0,52949.0,51901.0,59420.0,48903.0,18413.0,3.1671555042266846,,,,,,,,,,,,,,,,,,,,,,,,,,18331.0,550.0,2.0,926.0,-1069545459.0,167.0,6.0,115.0,24.0,73.0,-91.0
699,18474.0,53923.0,52559.0,59027.0,48792.0,18423.0,3.1671555042266846,,,,,,,,,,,,,,,,,,,,,,,,,,18341.0,550.0,3.0,927.0,-1069546483.0,166.0,6.0,113.0,6.0,73.0,-85.0
700,18484.0,53581.0,51252.0,59441.0,50230.0,18433.0,3.161876916885376,,,,,,,,,,,,,,,,,,,,,,,,,,18351.0,552.0,3.0,928.0,-1069546483.0,166.0,5.0,111.0,-25.0,55.0,-88.0
701,18494.0,53620.0,52086.0,59689.0,49499.0,18443.0,3.161876916885376,,,,,,,,,,,,,,,,,,,,,,,,,,18361.0,552.0,3.0,929.0,-1069546484.0,165.0,5.0,108.0,-46.0,0.0,-85.0
702,18504.0,53166.0,52162.0,59805.0,49396.0,18473.0,3.1565983295440674,,,,,,,,,,,,,,,,,,,,,,,,,,18371.0,554.0,3.0,931.0,-1069546484.0,165.0,4.0,112.0,-88.0,-3.0,-80.0
703,18514.0,53018.0,52737.0,59735.0,48677.0,18483.0,3.1565983295440674,,,,,,,,,,,,,,,,,,,,,,,,,,18381.0,553.0,2.0,932.0,-1070596084.0,161.0,1.0,109.0,-59.0,-26.0,-78.0
704,18524.0,53106.0,52827.0,59768.0,48560.0,18493.0,3.151319742202759,,,,,,,,,,,,,,,,,,,,,,,,,,18391.0,555.0,2.0,933.0,-1070595060.0,162.0,0.0,108.0,-82.0,-13.0,-65.0
705,18534.0,53544.0,53006.0,59653.0,48203.0,18503.0,3.151319742202759,,,,,,,,,,,,,,,,,,,,,,,,,,18411.0,557.0,3.0,935.0,-1070595061.0,161.0,0.0,104.0,-40.0,-29.0,-70.0
706,18544.0,52293.0,51991.0,60193.0,48500.0,18513.0,3.151319742202759,,,,,,,,,,,,,,,,,,,,,,,,,,18421.0,559.0,3.0,935.0,-1071643637.0,161.0,0.0,94.0,-42.0,-27.0,-65.0
707,18554.0,52940.0,52802.0,60212.0,47682.0,18523.0,3.151319742202759,,,,,,,,,,,,,,,,,,,,,,,,,,18431.0,560.0,3.0,936.0,-1071643637.0,161.0,-1.0,91.0,-38.0,-26.0,-63.0
708,18564.0,53031.0,52531.0,59903.0,48222.0,18533.0,3.151319742202759,,,,,,,,,,,,,,,,,,,,,,,,,,18441.0,563.0,0.0,937.0,-1071643638.0,163.0,-7.0,90.0,-27.0,-34.0,-56.0
709,18594.0,53493.0,52870.0,60000.0,47953.0,18543.0,3.151319742202759,,,,,,,,,,,,,,,,,,,,,,,,,,18451.0,563.0,1.0,937.0,-1071643638.0,161.0,-5.0,87.0,-11.0,-19.0,-46.0
710,18604.0,52935.0,52071.0,60094.0,48133.0,18553.0,3.151319742202759,,,,,,,,,,,,,,,,,,,,,,,,,,18471.0,578.0,2.0,937.0,-1071642614.0,178.0,-4.0,70.0,-32.0,-20.0,-58.0
711,18614.0,53481.0,52009.0,59743.0,48402.0,18563.0,3.1565983295440674,,,,,,,,,,,,,,,,,,,,,,,,,,18481.0,579.0,1.0,938.0,-1071642614.0,178.0,-6.0,67.0,-51.0,-4.0,-50.0
712,18624.0,53588.0,52245.0,59773.0,48615.0,18603.0,3.1565983295440674,,,,,,,,,,,,,,,,,,,,,,,,,,18491.0,583.0,1.0,938.0,-1071642615.0,180.0,-6.0,64.0,-13.0,-12.0,-56.0
713,18634.0,53880.0,51880.0,59279.0,49098.0,18613.0,3.1565983295440674,,,,,,,,,,,,,,,,,,,,,,,,,,18501.0,584.0,1.0,940.0,-1071642615.0,181.0,-6.0,68.0,-36.0,15.0,-55.0
714,18644.0,54054.0,51919.0,59434.0,48209.0,18623.0,3.151319742202759,,,,,,,,,,,,,,,,,,,,,,,,,,18511.0,587.0,2.0,941.0,-1072691191.0,182.0,-5.0,67.0,-41.0,29.0,-59.0
715,18654.0,54585.0,52133.0,59134.0,47991.0,18633.0,3.151319742202759,,,,,,,,,,,,,,,,,,,,,,,,,,18521.0,589.0,2.0,942.0,-1072691191.0,183.0,-6.0,65.0,-45.0,55.0,-51.0
716,18694.0,54289.0,52861.0,58899.0,47492.0,18643.0,3.151319742202759,,,,,,,,,,,,,,,,,,,,,,,,,,18531.0,591.0,1.0,942.0,-1072691191.0,183.0,-7.0,62.0,-37.0,87.0,-45.0
717,18704.0,54270.0,52324.0,58968.0,48170.0,18653.0,3.151319742202759,,,,,,,,,,,,,,,,,,,,,,,,,,18541.0,588.0,2.0,941.0,-1072692216.0,178.0,-7.0,52.0,-14.0,140.0,-36.0
718,18714.0,54507.0,52362.0,58857.0,48144.0,18663.0,3.151319742202759,,,,,,,,,,,,,,,,,,,,,,,,,,18551.0,590.0,2.0,942.0,-1072692216.0,178.0,-7.0,50.0,-45.0,125.0,-25.0
719,18744.0,54156.0,51413.0,58784.0,49091.0,18693.0,3.151319742202759,,,,,,,,,,,,,,,,,,,,,,,,,,18561.0,592.0,2.0,942.0,-1072693240.0,178.0,-7.0,47.0,-17.0,127.0,-38.0
720,18754.0,53449.0,51127.0,59115.0,48801.0,18703.0,3.151319742202759,,,,,,,,,,,,,,,,,,,,,,,,,,18571.0,593.0,1.0,943.0,-1072168952.0,178.0,-7.0,45.0,7.0,139.0,-42.0
721,18764.0,53407.0,51465.0,59135.0,48703.0,18713.0,3.151319742202759,,,,,,,,,,,,,,,,,,,,,,,,,,18581.0,589.0,7.0,943.0,-1073216504.0,170.0,0.0,43.0,-10.0,122.0,-33.0
722,18804.0,52735.0,51639.0,59552.0,47687.0,18723.0,3.151319742202759,,,,,,,,,,,,,,,,,,,,,,,,,,18601.0,597.0,6.0,943.0,-1073215480.0,175.0,-1.0,35.0,-11.0,60.0,-20.0
723,18814.0,52783.0,51148.0,59829.0,48621.0,18743.0,3.151319742202759,,,,,,,,,,,,,,,,,,,,,,,,,,18611.0,598.0,4.0,943.0,-1073215481.0,173.0,-4.0,32.0,-16.0,29.0,-27.0
724,18824.0,53508.0,52668.0,59273.0,47207.0,18753.0,3.1565983295440674,,,,,,,,,,,,,,,,,,,,,,,,,,18621.0,603.0,8.0,943.0,-1073215481.0,178.0,0.0,30.0,-20.0,14.0,-31.0
725,18854.0,52947.0,51624.0,59867.0,48262.0,18763.0,3.1565983295440674,,,,,,,,,,,,,,,,,,,,,,,,,,18631.0,605.0,8.0,945.0,-1073215481.0,177.0,0.0,35.0,20.0,-30.0,-40.0
726,18864.0,54152.0,51713.0,58942.0,48153.0,18773.0,3.161876916885376,,,,,,,,,,,,,,,,,,,,,,,,,,18641.0,608.0,8.0,946.0,-1073215481.0,176.0,0.0,32.0,34.0,-31.0,-45.0
727,18874.0,53047.0,51832.0,59811.0,47965.0,18803.0,3.161876916885376,,,,,,,,,,,,,,,,,,,,,,,,,,18651.0,610.0,8.0,946.0,-1073215481.0,176.0,0.0,29.0,37.0,-18.0,-45.0
728,18884.0,54314.0,51379.0,59121.0,48752.0,18813.0,3.161876916885376,,,,,,,,,,,,,,,,,,,,,,,,,,18661.0,612.0,8.0,946.0,-1072166905.0,175.0,0.0,26.0,86.0,-28.0,-51.0
729,18914.0,53159.0,52321.0,60157.0,48424.0,18823.0,3.161876916885376,,,,,,,,,,,,,,,,,,,,,,,,,,18671.0,603.0,-4.0,948.0,-1072166906.0,160.0,-16.0,32.0,111.0,-22.0,-67.0
730,18924.0,53821.0,52370.0,59795.0,48453.0,18833.0,3.1565983295440674,,,,,,,,,,,,,,,,,,,,,,,,,,18691.0,603.0,-4.0,949.0,-1071118330.0,155.0,-17.0,29.0,125.0,-5.0,-77.0
731,18934.0,55111.0,52130.0,59218.0,49247.0,18853.0,3.1565983295440674,,,,,,,,,,,,,,,,,,,,,,,,,,18701.0,605.0,-4.0,949.0,-1071118330.0,155.0,-18.0,27.0,104.0,-27.0,-67.0
732,18944.0,54535.0,51731.0,59670.0,49541.0,18863.0,3.1565983295440674,,,,,,,,,,,,,,,,,,,,,,,,,,18711.0,606.0,-5.0,949.0,-1070069755.0,154.0,-18.0,26.0,51.0,-75.0,-66.0
733,18954.0,53753.0,51849.0,60405.0,49606.0,18873.0,3.1565983295440674,,,,,,,,,,,,,,,,,,,,,,,,,,18721.0,608.0,-5.0,952.0,-1070069755.0,154.0,-19.0,35.0,27.0,-87.0,-68.0
734,18964.0,54156.0,52520.0,60184.0,48965.0,18883.0,3.151319742202759,,,,,,,,,,,,,,,,,,,,,,,,,,18731.0,607.0,0.0,952.0,-1070070779.0,151.0,-13.0,35.0,-9.0,-97.0,-74.0
735,18974.0,54132.0,52953.0,60137.0,48259.0,18903.0,3.1565983295440674,,,,,,,,,,,,,,,,,,,,,,,,,,18751.0,610.0,0.0,953.0,-1071120380.0,150.0,-14.0,34.0,-95.0,-113.0,-53.0
736,18984.0,54536.0,52830.0,60110.0,48738.0,18913.0,3.151319742202759,,,,,,,,,,,,,,,,,,,,,,,,,,18761.0,612.0,0.0,953.0,-1071120380.0,150.0,-15.0,31.0,-77.0,-79.0,-61.0
737,18994.0,54065.0,52375.0,60562.0,49185.0,18923.0,3.151319742202759,,,,,,,,,,,,,,,,,,,,,,,,,,18771.0,612.0,2.0,953.0,-1071644668.0,149.0,-11.0,29.0,-85.0,-41.0,-64.0
738,19004.0,54115.0,52836.0,60517.0,48846.0,18933.0,3.14604115486145,,,,,,,,,,,,,,,,,,,,,,,,,,18781.0,614.0,1.0,953.0,-1072693244.0,148.0,-13.0,27.0,-104.0,-46.0,-44.0
739,19034.0,54482.0,53304.0,60821.0,48922.0,18943.0,3.14604115486145,,,,,,,,,,,,,,,,,,,,,,,,,,18801.0,617.0,0.0,952.0,-1072693244.0,150.0,-14.0,15.0,-74.0,9.0,-15.0
740,19044.0,54452.0,53403.0,60851.0,48687.0,18953.0,3.1407625675201416,,,,,,,,,,,,,,,,,,,,,,,,,,18811.0,619.0,0.0,952.0,-1072693244.0,152.0,-14.0,14.0,-34.0,59.0,-16.0
741,19054.0,54345.0,53380.0,60969.0,48676.0,18963.0,3.1407625675201416,,,,,,,,,,,,,,,,,,,,,,,,,,18821.0,624.0,2.0,952.0,-1072693244.0,156.0,-11.0,11.0,0.0,33.0,-21.0
742,19064.0,54259.0,53636.0,61044.0,48460.0,18973.0,3.1407625675201416,,,,,,,,,,,,,,,,,,,,,,,,,,18831.0,625.0,1.0,952.0,-1073741820.0,157.0,-13.0,9.0,-37.0,77.0,-14.0
743,19074.0,54303.0,53063.0,61141.0,49445.0,18983.0,3.1407625675201416,,,,,,,,,,,,,,,,,,,,,,,,,,18861.0,632.0,2.0,954.0,-1073217533.0,160.0,-11.0,13.0,4.0,13.0,-12.0
744,19084.0,54322.0,53240.0,61178.0,49146.0,18993.0,3.1407625675201416,,,,,,,,,,,,,,,,,,,,,,,,,,18871.0,634.0,2.0,954.0,-1073217533.0,160.0,-12.0,11.0,-32.0,33.0,-2.0
745,19094.0,54632.0,53247.0,60986.0,49119.0,19003.0,3.1407625675201416,,,,,,,,,,,,,,,,,,,,,,,,,,18881.0,627.0,-3.0,954.0,-1073216509.0,148.0,-19.0,9.0,-4.0,-6.0,-7.0
746,19104.0,54560.0,53134.0,61032.0,49342.0,19033.0,3.1407625675201416,,,,,,,,,,,,,,,,,,,,,,,,,,18891.0,628.0,-4.0,952.0,-1073216509.0,147.0,-20.0,-2.0,-31.0,-5.0,-9.0
747,19114.0,54288.0,52143.0,60726.0,49743.0,19043.0,3.135483980178833,,,,,,,,,,,,,,,,,,,,,,,,,,18911.0,631.0,-3.0,952.0,-536345597.0,147.0,-18.0,-6.0,-24.0,-17.0,-21.0
748,19124.0,54318.0,52781.0,60702.0,49075.0,19053.0,3.135483980178833,,,,,,,,,,,,,,,,,,,,,,,,,,18921.0,633.0,-3.0,952.0,-536345597.0,146.0,-18.0,-8.0,-20.0,-38.0,-12.0
749,19134.0,54297.0,52877.0,60617.0,49027.0,19063.0,3.135483980178833,,,,,,,,,,,,,,,,,,,,,,,,,,18931.0,634.0,-3.0,951.0,-536345597.0,146.0,-18.0,-16.0,-41.0,6.0,-7.0
750,19144.0,54278.0,52871.0,60637.0,48994.0,19073.0,3.1302053928375244,,,,,,,,,,,,,,,,,,,,,,,,,,18941.0,636.0,-3.0,951.0,-536345597.0,146.0,-18.0,-19.0,-40.0,4.0,-9.0
751,19154.0,54032.0,52029.0,60171.0,48982.0,19083.0,3.1302053928375244,,,,,,,,,,,,,,,,,,,,,,,,,,18951.0,637.0,-3.0,951.0,-536345597.0,146.0,-18.0,-20.0,-19.0,-16.0,-9.0
752,19164.0,53691.0,52101.0,60345.0,48728.0,19093.0,3.1302053928375244,,,,,,,,,,,,,,,,,,,,,,,,,,18961.0,635.0,-7.0,950.0,-536345597.0,141.0,-22.0,-22.0,-32.0,-2.0,-3.0
753,19174.0,54247.0,51808.0,59750.0,48811.0,19103.0,3.1302053928375244,,,,,,,,,,,,,,,,,,,,,,,,,,18971.0,637.0,-7.0,949.0,-535298045.0,142.0,-22.0,-31.0,-36.0,-1.0,-8.0
754,19184.0,53772.0,51596.0,59786.0,49033.0,19113.0,3.135483980178833,,,,,,,,,,,,,,,,,,,,,,,,,,18981.0,639.0,-7.0,948.0,-535298045.0,142.0,-22.0,-33.0,-40.0,11.0,6.0
755,19194.0,53986.0,51614.0,59640.0,49120.0,19123.0,3.135483980178833,,,,,,,,,,,,,,,,,,,,,,,,,,18991.0,643.0,-6.0,948.0,-535298045.0,146.0,-20.0,-35.0,-69.0,27.0,20.0
756,19204.0,53490.0,51907.0,59961.0,48814.0,19133.0,3.135483980178833,,,,,,,,,,,,,,,,,,,,,,,,,,19001.0,647.0,-5.0,948.0,-535298045.0,149.0,-18.0,-37.0,-83.0,19.0,14.0
757,19214.0,53875.0,52045.0,59723.0,48663.0,19143.0,3.135483980178833,,,,,,,,,,,,,,,,,,,,,,,,,,19011.0,648.0,-4.0,947.0,-535298045.0,149.0,-17.0,-39.0,-80.0,15.0,11.0
758,19224.0,53757.0,52440.0,59685.0,48196.0,19153.0,3.135483980178833,,,,,,,,,,,,,,,,,,,,,,,,,,19021.0,650.0,-4.0,944.0,-534248445.0,149.0,-16.0,-55.0,-109.0,37.0,22.0
759,19234.0,53780.0,52161.0,59717.0,48354.0,19163.0,3.135483980178833,,,,,,,,,,,,,,,,,,,,,,,,,,19031.0,651.0,-5.0,944.0,-534248445.0,147.0,-16.0,-57.0,-69.0,50.0,19.0
760,19244.0,53578.0,52845.0,59325.0,47049.0,19173.0,3.1407625675201416,,,,,,,,,,,,,,,,,,,,,,,,,,19041.0,652.0,-5.0,943.0,-534248445.0,147.0,-15.0,-58.0,-43.0,58.0,23.0
761,19254.0,53199.0,52593.0,59460.0,47281.0,19183.0,3.14604115486145,,,,,,,,,,,,,,,,,,,,,,,,,,19051.0,654.0,-4.0,943.0,-534248445.0,147.0,-14.0,-59.0,-16.0,65.0,29.0
762,19264.0,53576.0,52647.0,59182.0,47326.0,19193.0,3.14604115486145,,,,,,,,,,,,,,,,,,,,,,,,,,19061.0,655.0,-4.0,942.0,-533199869.0,147.0,-13.0,-60.0,-13.0,73.0,30.0
763,19274.0,53624.0,51911.0,59143.0,48291.0,19203.0,3.14604115486145,,,,,,,,,,,,,,,,,,,,,,,,,,19071.0,654.0,-5.0,941.0,-533198845.0,143.0,-13.0,-61.0,21.0,83.0,8.0
764,19284.0,53065.0,52336.0,59622.0,48025.0,19213.0,3.14604115486145,,,,,,,,,,,,,,,,,,,,,,,,,,19081.0,656.0,-5.0,941.0,-533198845.0,143.0,-12.0,-61.0,0.0,75.0,22.0
765,19294.0,53757.0,52420.0,59114.0,48043.0,19223.0,3.14604115486145,,,,,,,,,,,,,,,,,,,,,,,,,,19091.0,655.0,-5.0,940.0,-533198844.0,140.0,-11.0,-60.0,-7.0,67.0,23.0
766,19304.0,52611.0,51561.0,60029.0,48957.0,19233.0,3.14604115486145,,,,,,,,,,,,,,,,,,,,,,,,,,19101.0,657.0,-5.0,942.0,-533197820.0,139.0,-10.0,-45.0,10.0,39.0,17.0
767,19314.0,54299.0,51923.0,58722.0,48831.0,19243.0,3.151319742202759,,,,,,,,,,,,,,,,,,,,,,,,,,19111.0,658.0,-5.0,942.0,-533197820.0,139.0,-9.0,-46.0,-16.0,14.0,15.0
768,19324.0,53928.0,52832.0,59404.0,48403.0,19253.0,3.151319742202759,,,,,,,,,,,,,,,,,,,,,,,,,,19121.0,660.0,-5.0,941.0,-533197820.0,138.0,-9.0,-46.0,-15.0,-12.0,9.0
769,19334.0,53538.0,52160.0,59632.0,49230.0,19263.0,3.151319742202759,,,,,,,,,,,,,,,,,,,,,,,,,,19131.0,661.0,-15.0,941.0,-534246396.0,138.0,-22.0,-46.0,-7.0,-25.0,-2.0
770,19344.0,53895.0,51632.0,59570.0,49934.0,19273.0,3.151319742202759,,,,,,,,,,,,,,,,,,,,,,,,,,19141.0,664.0,-13.0,940.0,-534246396.0,139.0,-19.0,-45.0,-1.0,-29.0,-4.0
771,19354.0,53945.0,52209.0,59688.0,49706.0,19283.0,3.151319742202759,,,,,,,,,,,,,,,,,,,,,,,,,,19151.0,665.0,-16.0,945.0,-534246396.0,138.0,-21.0,-20.0,-3.0,-45.0,-8.0
772,19364.0,53197.0,52722.0,60227.0,49124.0,19293.0,3.151319742202759,,,,,,,,,,,,,,,,,,,,,,,,,,19161.0,665.0,-16.0,945.0,-534246396.0,135.0,-20.0,-19.0,4.0,-34.0,-3.0
773,19374.0,55139.0,53342.0,59289.0,48925.0,19303.0,3.151319742202759,,,,,,,,,,,,,,,,,,,,,,,,,,19171.0,667.0,-16.0,944.0,-534247420.0,134.0,-19.0,-17.0,-26.0,-59.0,-1.0
774,19384.0,54752.0,52905.0,59524.0,49560.0,19313.0,3.151319742202759,,,,,,,,,,,,,,,,,,,,,,,,,,19181.0,675.0,-9.0,944.0,-533198844.0,144.0,-9.0,-17.0,4.0,-66.0,-24.0
775,19394.0,54173.0,53274.0,59948.0,49139.0,19323.0,3.151319742202759,,,,,,,,,,,,,,,,,,,,,,,,,,19191.0,677.0,-9.0,943.0,-533198844.0,144.0,-8.0,-21.0,-36.0,-71.0,-26.0
776,19404.0,54447.0,54047.0,59908.0,48550.0,19333.0,3.151319742202759,,,,,,,,,,,,,,,,,,,,,,,,,,19201.0,679.0,-9.0,943.0,-533199868.0,145.0,-7.0,-21.0,-5.0,-72.0,-34.0
777,19414.0,54064.0,54078.0,60320.0,48989.0,19343.0,3.14604115486145,,,,,,,,,,,,,,,,,,,,,,,,,,19211.0,681.0,-9.0,943.0,-533199869.0,144.0,-7.0,-21.0,-26.0,-63.0,-23.0
778,19424.0,54153.0,53650.0,60332.0,49528.0,19353.0,3.1407625675201416,,,,,,,,,,,,,,,,,,,,,,,,,,19221.0,682.0,-11.0,943.0,-533199869.0,144.0,-9.0,-21.0,6.0,-25.0,-29.0
779,19434.0,54619.0,53184.0,60158.0,50239.0,19363.0,3.1407625675201416,,,,,,,,,,,,,,,,,,,,,,,,,,19231.0,684.0,-11.0,945.0,-533199869.0,144.0,-8.0,-9.0,34.0,-1.0,-21.0
780,19444.0,54646.0,53189.0,60177.0,50149.0,19373.0,3.135483980178833,,,,,,,,,,,,,,,,,,,,,,,,,,19241.0,685.0,-11.0,945.0,-533199869.0,144.0,-7.0,-9.0,79.0,-8.0,-30.0
781,19454.0,54525.0,52540.0,60095.0,50676.0,19383.0,3.135483980178833,,,,,,,,,,,,,,,,,,,,,,,,,,19251.0,689.0,-10.0,945.0,-533199869.0,146.0,-5.0,-11.0,106.0,35.0,-44.0
782,19464.0,53948.0,53209.0,60416.0,50026.0,19393.0,3.135483980178833,,,,,,,,,,,,,,,,,,,,,,,,,,19261.0,690.0,-10.0,944.0,-534248445.0,146.0,-4.0,-12.0,107.0,35.0,-43.0
783,19474.0,54206.0,52514.0,60221.0,50820.0,19403.0,3.1302053928375244,,,,,,,,,,,,,,,,,,,,,,,,,,19271.0,691.0,-10.0,944.0,-534248445.0,146.0,-3.0,-13.0,118.0,42.0,-51.0
784,19484.0,54484.0,53296.0,60103.0,49933.0,19413.0,3.1302053928375244,,,,,,,,,,,,,,,,,,,,,,,,,,19281.0,693.0,-10.0,943.0,-535297021.0,146.0,-3.0,-20.0,96.0,17.0,-45.0
785,19494.0,54673.0,53212.0,60257.0,50141.0,19423.0,3.1302053928375244,,,,,,,,,,,,,,,,,,,,,,,,,,19291.0,684.0,-8.0,943.0,-535295998.0,130.0,0.0,-21.0,69.0,10.0,-41.0
786,19504.0,54871.0,53540.0,60062.0,49809.0,19433.0,3.124926805496216,,,,,,,,,,,,,,,,,,,,,,,,,,19301.0,685.0,-9.0,942.0,-535295998.0,130.0,0.0,-24.0,83.0,-25.0,-44.0
787,19514.0,54776.0,53757.0,60192.0,49483.0,19443.0,3.124926805496216,,,,,,,,,,,,,,,,,,,,,,,,,,19311.0,687.0,-9.0,942.0,-535295998.0,130.0,0.0,-25.0,75.0,-35.0,-52.0
788,19524.0,54248.0,53782.0,60456.0,49594.0,19453.0,3.124926805496216,,,,,,,,,,,,,,,,,,,,,,,,,,19321.0,688.0,-9.0,939.0,-536345598.0,129.0,0.0,-41.0,-2.0,-61.0,-40.0
789,19534.0,54764.0,54003.0,60050.0,49280.0,19463.0,3.124926805496216,,,,,,,,,,,,,,,,,,,,,,,,,,19331.0,689.0,-9.0,939.0,-536345598.0,129.0,0.0,-41.0,11.0,-99.0,-47.0
790,19544.0,54270.0,53625.0,60228.0,49666.0,19473.0,3.124926805496216,,,,,,,,,,,,,,,,,,,,,,,,,,19341.0,691.0,-9.0,938.0,-536345598.0,129.0,0.0,-42.0,1.0,-92.0,-47.0
791,19554.0,54321.0,54068.0,60048.0,49392.0,19483.0,3.124926805496216,,,,,,,,,,,,,,,,,,,,,,,,,,19351.0,692.0,-9.0,938.0,-536345599.0,128.0,0.0,-45.0,17.0,-74.0,-47.0
792,19564.0,54516.0,53935.0,59880.0,49601.0,19493.0,3.124926805496216,,,,,,,,,,,,,,,,,,,,,,,,,,19361.0,693.0,-9.0,936.0,-536346623.0,128.0,0.0,-54.0,45.0,-84.0,-61.0
793,19574.0,53829.0,53610.0,60066.0,49952.0,19503.0,3.124926805496216,,,,,,,,,,,,,,,,,,,,,,,,,,19371.0,694.0,-9.0,935.0,-536346623.0,128.0,0.0,-55.0,13.0,-55.0,-34.0
794,19584.0,54480.0,54302.0,59580.0,49348.0,19513.0,3.124926805496216,,,,,,,,,,,,,,,,,,,,,,,,,,19381.0,696.0,-9.0,935.0,-1073741823.0,128.0,0.0,-56.0,57.0,-25.0,-44.0
795,19594.0,54105.0,53237.0,59666.0,50255.0,19523.0,3.124926805496216,,,,,,,,,,,,,,,,,,,,,,,,,,19391.0,703.0,-23.0,934.0,-1072692223.0,137.0,-19.0,-56.0,64.0,-9.0,-47.0
796,19604.0,54643.0,53270.0,59264.0,50091.0,19533.0,3.124926805496216,,,,,,,,,,,,,,,,,,,,,,,,,,19401.0,703.0,-23.0,934.0,-1072692223.0,135.0,-19.0,-57.0,46.0,3.0,-47.0
797,19614.0,54062.0,53432.0,59565.0,49954.0,19543.0,3.124926805496216,,,,,,,,,,,,,,,,,,,,,,,,,,19411.0,704.0,-23.0,932.0,-1072692224.0,135.0,-19.0,-66.0,38.0,4.0,-47.0
798,19624.0,53751.0,53255.0,59684.0,49773.0,19553.0,3.124926805496216,,,,,,,,,,,,,,,,,,,,,,,,,,19421.0,707.0,-23.0,930.0,-1072692224.0,136.0,-19.0,-66.0,10.0,22.0,-49.0
799,19634.0,53209.0,52287.0,60120.0,50563.0,19563.0,3.124926805496216,,,,,,,,,,,,,,,,,,,,,,,,,,19431.0,709.0,-23.0,930.0,-1072692736.0,136.0,-20.0,-66.0,-13.0,17.0,-42.0
800,19644.0,53623.0,52876.0,59722.0,49651.0,19573.0,3.1302053928375244,,,,,,,,,,,,,,,,,,,,,,,,,,19441.0,715.0,-22.0,929.0,-1072691712.0,143.0,-18.0,-66.0,-49.0,-5.0,-34.0
801,19654.0,53695.0,52860.0,59771.0,49643.0,19583.0,3.124926805496216,,,,,,,,,,,,,,,,,,,,,,,,,,19451.0,717.0,-22.0,930.0,-1072691712.0,145.0,-18.0,-58.0,-56.0,-1.0,-34.0
802,19664.0,53641.0,52595.0,59944.0,49763.0,19593.0,3.1302053928375244,,,,,,,,,,,,,,,,,,,,,,,,,,19461.0,721.0,-22.0,929.0,-1072691712.0,148.0,-17.0,-58.0,-86.0,-13.0,-42.0
803,19674.0,53874.0,52394.0,59960.0,49884.0,19603.0,3.1302053928375244,,,,,,,,,,,,,,,,,,,,,,,,,,19471.0,722.0,-22.0,929.0,-1073740287.0,147.0,-18.0,-59.0,-113.0,4.0,-43.0
804,19684.0,53525.0,52731.0,59988.0,49767.0,19613.0,3.1302053928375244,,,,,,,,,,,,,,,,,,,,,,,,,,19481.0,723.0,-22.0,928.0,-536869375.0,147.0,-18.0,-57.0,-91.0,1.0,-35.0
805,19694.0,53425.0,52935.0,60075.0,49527.0,19623.0,3.1302053928375244,,,,,,,,,,,,,,,,,,,,,,,,,,19491.0,725.0,-22.0,926.0,-536869375.0,147.0,-18.0,-65.0,-106.0,21.0,-14.0
806,19704.0,53325.0,53011.0,60221.0,49368.0,19633.0,3.1302053928375244,,,,,,,,,,,,,,,,,,,,,,,,,,19501.0,721.0,-21.0,925.0,-535820799.0,140.0,-16.0,-66.0,-65.0,9.0,-16.0
807,19714.0,53317.0,53398.0,59872.0,47853.0,19643.0,3.135483980178833,,,,,,,,,,,,,,,,,,,,,,,,,,19511.0,722.0,-22.0,924.0,-535821823.0,140.0,-17.0,-65.0,-42.0,44.0,-11.0
808,19724.0,53586.0,53156.0,59763.0,47973.0,19653.0,3.135483980178833,,,,,,,,,,,,,,,,,,,,,,,,,,19521.0,722.0,-22.0,924.0,-535821823.0,140.0,-17.0,-65.0,-19.0,26.0,-5.0
809,19734.0,53799.0,53094.0,59460.0,47999.0,19663.0,3.135483980178833,,,,,,,,,,,,,,,,,,,,,,,,,,19531.0,721.0,-20.0,924.0,-535821823.0,136.0,-13.0,-62.0,-7.0,20.0,-9.0
810,19744.0,52560.0,52650.0,60368.0,48416.0,19673.0,3.135483980178833,,,,,,,,,,,,,,,,,,,,,,,,,,19541.0,722.0,-20.0,923.0,-535821823.0,137.0,-13.0,-60.0,-1.0,38.0,-12.0
811,19754.0,53376.0,52785.0,60137.0,48601.0,19683.0,3.135483980178833,,,,,,,,,,,,,,,,,,,,,,,,,,19551.0,724.0,-20.0,923.0,-535821823.0,137.0,-13.0,-59.0,3.0,15.0,-23.0
812,19764.0,54257.0,52509.0,59521.0,49042.0,19693.0,3.135483980178833,,,,,,,,,,,,,,,,,,,,,,,,,,19561.0,723.0,-22.0,922.0,-535297535.0,133.0,-15.0,-59.0,21.0,17.0,-19.0
813,19774.0,54294.0,52894.0,59500.0,49086.0,19703.0,3.135483980178833,,,,,,,,,,,,,,,,,,,,,,,,,,19571.0,724.0,-22.0,922.0,-535297535.0,132.0,-13.0,-59.0,5.0,30.0,-33.0
814,19784.0,54183.0,52175.0,59568.0,49866.0,19713.0,3.135483980178833,,,,,,,,,,,,,,,,,,,,,,,,,,19581.0,725.0,-22.0,922.0,-535297535.0,133.0,-13.0,-55.0,12.0,4.0,-34.0
815,19794.0,53759.0,52075.0,59853.0,49884.0,19723.0,3.135483980178833,,,,,,,,,,,,,,,,,,,,,,,,,,19591.0,726.0,-23.0,921.0,-535297535.0,132.0,-14.0,-54.0,9.0,-20.0,-25.0
816,19804.0,54302.0,52009.0,59713.0,50582.0,19733.0,3.1407625675201416,,,,,,,,,,,,,,,,,,,,,,,,,,19601.0,728.0,-23.0,920.0,-535297534.0,132.0,-14.0,-52.0,24.0,-23.0,-32.0
817,19814.0,55186.0,52676.0,59153.0,49928.0,19743.0,3.1407625675201416,,,,,,,,,,,,,,,,,,,,,,,,,,19611.0,731.0,-26.0,920.0,-535297534.0,134.0,-18.0,-51.0,2.0,-7.0,-32.0
818,19824.0,54626.0,53065.0,59677.0,49356.0,19753.0,3.1407625675201416,,,,,,,,,,,,,,,,,,,,,,,,,,19621.0,732.0,-24.0,920.0,-535297534.0,134.0,-14.0,-45.0,-37.0,-21.0,-18.0
819,19834.0,54483.0,52944.0,60002.0,49577.0,19763.0,3.1407625675201416,,,,,,,,,,,,,,,,,,,,,,,,,,19631.0,732.0,-24.0,920.0,-535297534.0,132.0,-14.0,-43.0,-50.0,-20.0,-12.0
820,19844.0,54268.0,52878.0,60132.0,49543.0,19773.0,3.135483980178833,,,,,,,,,,,,,,,,,,,,,,,,,,19641.0,738.0,-24.0,919.0,-535821822.0,140.0,-13.0,-43.0,-98.0,-32.0,-21.0
821,19854.0,54015.0,52697.0,60391.0,49723.0,19783.0,3.135483980178833,,,,,,,,,,,,,,,,,,,,,,,,,,19651.0,739.0,-21.0,919.0,-535821822.0,140.0,-8.0,-44.0,-85.0,-26.0,-10.0
822,19864.0,53779.0,53343.0,60503.0,49118.0,19793.0,3.135483980178833,,,,,,,,,,,,,,,,,,,,,,,,,,19661.0,740.0,-22.0,918.0,-534773246.0,139.0,-10.0,-49.0,-73.0,0.0,-8.0
823,19874.0,53923.0,54253.0,60617.0,48282.0,19803.0,3.135483980178833,,,,,,,,,,,,,,,,,,,,,,,,,,19671.0,742.0,-24.0,917.0,-534773246.0,139.0,-11.0,-48.0,-52.0,9.0,4.0
824,19884.0,54038.0,53845.0,60365.0,48440.0,19813.0,3.135483980178833,,,,,,,,,,,,,,,,,,,,,,,,,,19681.0,745.0,-24.0,917.0,-534773246.0,143.0,-11.0,-46.0,-42.0,10.0,-12.0
825,19894.0,53486.0,53476.0,60755.0,48752.0,19823.0,3.135483980178833,,,,,,,,,,,,,,,,,,,,,,,,,,19691.0,747.0,-24.0,916.0,-534773246.0,143.0,-10.0,-46.0,-28.0,29.0,-8.0
826,19904.0,53755.0,54124.0,60615.0,47893.0,19833.0,3.1302053928375244,,,,,,,,,,,,,,,,,,,,,,,,,,19701.0,748.0,-24.0,916.0,-534773246.0,143.0,-9.0,-46.0,-20.0,53.0,-8.0
827,19914.0,53649.0,53956.0,60788.0,48016.0,19843.0,3.1302053928375244,,,,,,,,,,,,,,,,,,,,,,,,,,19711.0,750.0,-24.0,919.0,-533724670.0,143.0,-9.0,-26.0,-11.0,72.0,7.0
828,19924.0,53427.0,53065.0,60639.0,48962.0,19853.0,3.1302053928375244,,,,,,,,,,,,,,,,,,,,,,,,,,19721.0,751.0,-24.0,918.0,-533200382.0,143.0,-8.0,-26.0,-7.0,87.0,8.0
829,19934.0,53169.0,52383.0,60758.0,49772.0,19863.0,3.1302053928375244,,,,,,,,,,,,,,,,,,,,,,,,,,19731.0,737.0,-23.0,918.0,-533199358.0,119.0,-5.0,-28.0,-2.0,84.0,3.0
830,19944.0,53931.0,52339.0,60375.0,49670.0,19873.0,3.124926805496216,,,,,,,,,,,,,,,,,,,,,,,,,,19741.0,738.0,-22.0,918.0,-533199358.0,117.0,-3.0,-29.0,1.0,50.0,12.0
831,19954.0,54597.0,52711.0,59981.0,49319.0,19883.0,3.1302053928375244,,,,,,,,,,,,,,,,,,,,,,,,,,19751.0,739.0,-22.0,916.0,-533199358.0,117.0,-3.0,-38.0,5.0,40.0,11.0
832,19964.0,54998.0,52844.0,59835.0,49141.0,19893.0,3.1302053928375244,,,,,,,,,,,,,,,,,,,,,,,,,,19761.0,740.0,-22.0,916.0,-533198334.0,117.0,-2.0,-39.0,-1.0,-23.0,4.0
833,19974.0,54409.0,52825.0,60077.0,48950.0,19903.0,3.1302053928375244,,,,,,,,,,,,,,,,,,,,,,,,,,19771.0,741.0,-22.0,915.0,-533198334.0,116.0,-1.0,-39.0,36.0,-69.0,2.0
834,19984.0,53694.0,53265.0,60527.0,48462.0,19913.0,3.1302053928375244,,,,,,,,,,,,,,,,,,,,,,,,,,19781.0,742.0,-22.0,915.0,-533199358.0,116.0,0.0,-39.0,53.0,-99.0,3.0
835,19994.0,53630.0,52146.0,60537.0,49800.0,19923.0,3.1302053928375244,,,,,,,,,,,,,,,,,,,,,,,,,,19791.0,745.0,-20.0,913.0,-533199358.0,117.0,3.0,-48.0,-12.0,-112.0,1.0
836,20004.0,54542.0,53156.0,59894.0,48707.0,19933.0,3.1302053928375244,,,,,,,,,,,,,,,,,,,,,,,,,,19801.0,746.0,-20.0,912.0,-534247934.0,117.0,3.0,-49.0,39.0,-141.0,-1.0
837,20014.0,54435.0,53393.0,60115.0,48636.0,19943.0,3.1302053928375244,,,,,,,,,,,,,,,,,,,,,,,,,,19811.0,747.0,-20.0,912.0,-534248958.0,117.0,4.0,-52.0,-9.0,-115.0,0.0
838,20024.0,54538.0,53219.0,60083.0,48869.0,19953.0,3.1302053928375244,,,,,,,,,,,,,,,,,,,,,,,,,,19821.0,749.0,-18.0,911.0,-534773246.0,119.0,7.0,-52.0,-2.0,-122.0,7.0
839,20034.0,54437.0,53597.0,60087.0,48581.0,19963.0,3.1302053928375244,,,,,,,,,,,,,,,,,,,,,,,,,,19831.0,751.0,-18.0,911.0,-534772222.0,119.0,8.0,-50.0,7.0,-68.0,12.0
840,20044.0,54440.0,53179.0,60124.0,49022.0,19973.0,3.1302053928375244,,,,,,,,,,,,,,,,,,,,,,,,,,19841.0,752.0,-18.0,910.0,-534772222.0,119.0,9.0,-51.0,24.0,-32.0,9.0
841,20054.0,54208.0,52605.0,60679.0,49892.0,19983.0,3.1302053928375244,,,,,,,,,,,,,,,,,,,,,,,,,,19851.0,753.0,-18.0,910.0,-534772222.0,119.0,9.0,-51.0,33.0,-46.0,6.0
842,20064.0,54190.0,52530.0,60807.0,49935.0,19993.0,3.1302053928375244,,,,,,,,,,,,,,,,,,,,,,,,,,19861.0,754.0,-17.0,909.0,-534772222.0,120.0,11.0,-51.0,34.0,12.0,4.0
843,20074.0,54677.0,52847.0,60728.0,49795.0,20003.0,3.1302053928375244,,,,,,,,,,,,,,,,,,,,,,,,,,19871.0,755.0,-17.0,909.0,-534772222.0,119.0,13.0,-53.0,37.0,41.0,11.0
844,20084.0,54730.0,53151.0,60745.0,49346.0,20013.0,3.1302053928375244,,,,,,,,,,,,,,,,,,,,,,,,,,19881.0,756.0,-17.0,909.0,-534772222.0,120.0,13.0,-51.0,66.0,60.0,7.0
845,20094.0,54513.0,52936.0,60939.0,49572.0,20023.0,3.1302053928375244,,,,,,,,,,,,,,,,,,,,,,,,,,19891.0,757.0,-17.0,908.0,-534772222.0,120.0,13.0,-50.0,73.0,89.0,9.0
846,20104.0,54078.0,53109.0,61127.0,49593.0,20033.0,3.1302053928375244,,,,,,,,,,,,,,,,,,,,,,,,,,19901.0,761.0,-17.0,908.0,-534772222.0,124.0,13.0,-50.0,57.0,108.0,15.0
847,20114.0,54796.0,53183.0,60853.0,49657.0,20043.0,3.1302053928375244,,,,,,,,,,,,,,,,,,,,,,,,,,19911.0,765.0,-17.0,907.0,-535820798.0,128.0,14.0,-52.0,58.0,88.0,24.0
848,20144.0,54112.0,52995.0,61165.0,49956.0,20053.0,3.1302053928375244,,,,,,,,,,,,,,,,,,,,,,,,,,19921.0,764.0,-17.0,908.0,-535821822.0,125.0,14.0,-42.0,43.0,63.0,8.0
849,20154.0,54659.0,53238.0,60919.0,50012.0,20063.0,3.1302053928375244,,,,,,,,,,,,,,,,,,,,,,,,,,19931.0,766.0,-17.0,908.0,-535297534.0,126.0,13.0,-42.0,48.0,35.0,2.0
850,20164.0,55013.0,53113.0,60664.0,50135.0,20073.0,3.124926805496216,,,,,,,,,,,,,,,,,,,,,,,,,,19941.0,766.0,-16.0,908.0,-535297534.0,125.0,15.0,-42.0,18.0,0.0,11.0
851,20214.0,55610.0,53644.0,60439.0,49818.0,20083.0,3.124926805496216,,,,,,,,,,,,,,,,,,,,,,,,,,19951.0,768.0,-16.0,907.0,-535297534.0,125.0,15.0,-44.0,-13.0,-14.0,12.0
852,20224.0,55784.0,53552.0,60230.0,50139.0,20093.0,3.124926805496216,,,,,,,,,,,,,,,,,,,,,,,,,,19961.0,769.0,-16.0,908.0,-535297534.0,125.0,15.0,-40.0,-31.0,-28.0,21.0
853,20234.0,54912.0,53302.0,60625.0,50007.0,20103.0,3.124926805496216,,,,,,,,,,,,,,,,,,,,,,,,,,19971.0,770.0,-15.0,907.0,-535297535.0,125.0,15.0,-40.0,-28.0,-34.0,13.0
854,20264.0,54268.0,53720.0,60904.0,49425.0,20113.0,3.1196482181549072,,,,,,,,,,,,,,,,,,,,,,,,,,19981.0,770.0,-15.0,907.0,-535297535.0,123.0,16.0,-40.0,-26.0,-28.0,15.0
855,20274.0,53837.0,53278.0,61071.0,49635.0,20133.0,3.1196482181549072,,,,,,,,,,,,,,,,,,,,,,,,,,19991.0,772.0,-15.0,907.0,-535821823.0,123.0,17.0,-40.0,7.0,-18.0,12.0
856,20284.0,54125.0,53728.0,60855.0,49032.0,20143.0,3.1196482181549072,,,,,,,,,,,,,,,,,,,,,,,,,,20001.0,771.0,-13.0,906.0,-535821823.0,121.0,19.0,-39.0,45.0,-10.0,2.0
857,20314.0,53986.0,53190.0,60626.0,49229.0,20153.0,3.1143696308135986,,,,,,,,,,,,,,,,,,,,,,,,,,20011.0,772.0,-13.0,905.0,-535821823.0,121.0,19.0,-45.0,23.0,-11.0,14.0
858,20324.0,53974.0,52660.0,60628.0,49836.0,20163.0,3.1143696308135986,,,,,,,,,,,,,,,,,,,,,,,,,,20021.0,774.0,-13.0,904.0,-535821823.0,121.0,20.0,-45.0,47.0,-10.0,10.0
859,20334.0,53980.0,52833.0,60629.0,49604.0,20203.0,3.1143696308135986,,,,,,,,,,,,,,,,,,,,,,,,,,20031.0,771.0,-12.0,904.0,-535821823.0,115.0,20.0,-46.0,48.0,-6.0,6.0
860,20364.0,54037.0,52849.0,60835.0,49929.0,20213.0,3.1143696308135986,,,,,,,,,,,,,,,,,,,,,,,,,,20041.0,773.0,-12.0,903.0,-536870399.0,116.0,20.0,-46.0,55.0,-17.0,14.0
861,20374.0,54678.0,52958.0,60420.0,49887.0,20223.0,3.1143696308135986,,,,,,,,,,,,,,,,,,,,,,,,,,20051.0,774.0,-12.0,901.0,-536870399.0,115.0,21.0,-58.0,28.0,-30.0,15.0
862,20384.0,54413.0,52737.0,60743.0,50355.0,20233.0,3.1143696308135986,,,,,,,,,,,,,,,,,,,,,,,,,,20061.0,776.0,-12.0,900.0,-536870399.0,118.0,21.0,-60.0,41.0,-57.0,17.0
863,20414.0,54234.0,53720.0,60843.0,49088.0,20263.0,3.1196482181549072,,,,,,,,,,,,,,,,,,,,,,,,,,20071.0,778.0,-12.0,900.0,-536870399.0,118.0,21.0,-62.0,24.0,-69.0,21.0
864,20424.0,54216.0,53250.0,60917.0,49615.0,20273.0,3.1196482181549072,,,,,,,,,,,,,,,,,,,,,,,,,,20081.0,779.0,-11.0,899.0,-1073740287.0,118.0,21.0,-61.0,15.0,-67.0,27.0
865,20434.0,54247.0,53795.0,60900.0,49082.0,20283.0,3.1196482181549072,,,,,,,,,,,,,,,,,,,,,,,,,,20091.0,780.0,-11.0,898.0,-1073740287.0,118.0,21.0,-62.0,-12.0,-46.0,27.0
866,20454.0,54290.0,53674.0,60980.0,49508.0,20293.0,3.1196482181549072,,,,,,,,,,,,,,,,,,,,,,,,,,20101.0,781.0,-11.0,898.0,-1073740287.0,118.0,21.0,-62.0,-10.0,-31.0,12.0
867,20464.0,54157.0,53510.0,61110.0,49797.0,20313.0,3.124926805496216,,,,,,,,,,,,,,,,,,,,,,,,,,20111.0,782.0,-11.0,897.0,-1073740287.0,119.0,21.0,-62.0,-29.0,-9.0,23.0
868,20474.0,54523.0,53646.0,61021.0,49901.0,20323.0,3.124926805496216,,,,,,,,,,,,,,,,,,,,,,,,,,20121.0,773.0,-9.0,897.0,-536869375.0,102.0,22.0,-62.0,-26.0,3.0,32.0
869,20484.0,54554.0,53619.0,60988.0,49976.0,20333.0,3.124926805496216,,,,,,,,,,,,,,,,,,,,,,,,,,20131.0,774.0,-9.0,896.0,-536869375.0,102.0,22.0,-62.0,-27.0,11.0,22.0
870,20534.0,54735.0,53440.0,60864.0,50250.0,20363.0,3.124926805496216,,,,,,,,,,,,,,,,,,,,,,,,,,20141.0,776.0,-9.0,896.0,-536869376.0,105.0,22.0,-60.0,-15.0,-4.0,11.0
871,20544.0,54133.0,53985.0,61241.0,49640.0,20373.0,3.124926805496216,,,,,,,,,,,,,,,,,,,,,,,,,,20151.0,778.0,-9.0,895.0,-536869376.0,105.0,23.0,-60.0,-7.0,-13.0,13.0
872,20554.0,54286.0,54018.0,61149.0,49616.0,20383.0,3.1196482181549072,,,,,,,,,,,,,,,,,,,,,,,,,,20161.0,779.0,-7.0,895.0,-536869376.0,106.0,24.0,-59.0,18.0,-47.0,7.0
873,20564.0,54591.0,54192.0,60910.0,49632.0,20393.0,3.1196482181549072,,,,,,,,,,,,,,,,,,,,,,,,,,20171.0,780.0,-7.0,894.0,-536869376.0,106.0,25.0,-58.0,40.0,-73.0,4.0
874,20584.0,53950.0,54300.0,60969.0,49081.0,20403.0,3.1196482181549072,,,,,,,,,,,,,,,,,,,,,,,,,,20211.0,787.0,-5.0,889.0,-1072689664.0,111.0,25.0,-66.0,96.0,-97.0,22.0
875,20594.0,54254.0,54118.0,60770.0,49222.0,20413.0,3.1196482181549072,,,,,,,,,,,,,,,,,,,,,,,,,,20221.0,788.0,-3.0,890.0,-1072690176.0,111.0,28.0,-57.0,110.0,-77.0,12.0
876,20604.0,54495.0,53819.0,60560.0,49496.0,20423.0,3.1196482181549072,,,,,,,,,,,,,,,,,,,,,,,,,,20231.0,790.0,-4.0,889.0,-1072690176.0,114.0,27.0,-56.0,67.0,-76.0,7.0
877,20634.0,54033.0,53259.0,60419.0,50103.0,20433.0,3.1196482181549072,,,,,,,,,,,,,,,,,,,,,,,,,,20241.0,791.0,-3.0,889.0,-1071640576.0,114.0,27.0,-57.0,40.0,-46.0,0.0
878,20644.0,53750.0,53222.0,60560.0,50201.0,20443.0,3.1196482181549072,,,,,,,,,,,,,,,,,,,,,,,,,,20261.0,791.0,-4.0,889.0,-1071640576.0,112.0,24.0,-52.0,-4.0,45.0,2.0
879,20654.0,54208.0,53504.0,60368.0,50101.0,20453.0,3.1196482181549072,,,,,,,,,,,,,,,,,,,,,,,,,,20271.0,792.0,-3.0,888.0,-1071641600.0,113.0,24.0,-50.0,-4.0,59.0,7.0
880,20674.0,54094.0,53290.0,60558.0,50541.0,20463.0,3.1196482181549072,,,,,,,,,,,,,,,,,,,,,,,,,,20281.0,792.0,-3.0,888.0,-1071641600.0,112.0,23.0,-48.0,-18.0,69.0,5.0
881,20684.0,54056.0,53522.0,60627.0,50353.0,20473.0,3.1143696308135986,,,,,,,,,,,,,,,,,,,,,,,,,,20291.0,793.0,-3.0,887.0,-1071641600.0,113.0,23.0,-48.0,4.0,75.0,4.0
882,20694.0,54608.0,53382.0,60348.0,50902.0,20483.0,3.1143696308135986,,,,,,,,,,,,,,,,,,,,,,,,,,20301.0,796.0,-3.0,887.0,-1071641600.0,117.0,22.0,-47.0,0.0,89.0,13.0
883,20714.0,55024.0,54538.0,60123.0,50070.0,20533.0,3.1143696308135986,,,,,,,,,,,,,,,,,,,,,,,,,,20311.0,796.0,-3.0,887.0,-1071641600.0,117.0,22.0,-44.0,-12.0,71.0,4.0
884,20724.0,55009.0,54497.0,60171.0,50190.0,20543.0,3.1143696308135986,,,,,,,,,,,,,,,,,,,,,,,,,,20321.0,797.0,-3.0,887.0,-1071642624.0,117.0,21.0,-43.0,-22.0,69.0,5.0
885,20734.0,54964.0,55040.0,60328.0,49790.0,20553.0,3.1143696308135986,,,,,,,,,,,,,,,,,,,,,,,,,,20331.0,798.0,-3.0,887.0,-1071642624.0,118.0,21.0,-43.0,-37.0,24.0,6.0
886,20794.0,54902.0,53704.0,59701.0,51045.0,20563.0,3.1143696308135986,,,,,,,,,,,,,,,,,,,,,,,,,,20341.0,800.0,-2.0,886.0,-1072691200.0,118.0,21.0,-43.0,-42.0,2.0,4.0
887,20804.0,54673.0,54210.0,59894.0,50491.0,20583.0,3.1143696308135986,,,,,,,,,,,,,,,,,,,,,,,,,,20361.0,798.0,0.0,884.0,-1072691200.0,112.0,24.0,-52.0,-47.0,-74.0,7.0
888,20814.0,54318.0,54181.0,60245.0,50711.0,20593.0,3.1143696308135986,,,,,,,,,,,,,,,,,,,,,,,,,,20371.0,800.0,2.0,883.0,-1072691200.0,114.0,27.0,-52.0,-45.0,-48.0,7.0
889,20824.0,54164.0,54149.0,60154.0,50825.0,20603.0,3.1143696308135986,,,,,,,,,,,,,,,,,,,,,,,,,,20381.0,801.0,2.0,883.0,-1072691200.0,115.0,26.0,-53.0,-23.0,-48.0,0.0
890,20854.0,54001.0,54833.0,60405.0,50056.0,20613.0,3.1143696308135986,,,,,,,,,,,,,,,,,,,,,,,,,,20391.0,804.0,2.0,882.0,-1072691200.0,119.0,26.0,-53.0,-19.0,-42.0,7.0
891,20864.0,54689.0,54351.0,59850.0,50505.0,20633.0,3.1196482181549072,,,,,,,,,,,,,,,,,,,,,,,,,,20411.0,806.0,2.0,881.0,-1073738752.0,119.0,25.0,-50.0,14.0,0.0,6.0
892,20874.0,54797.0,54838.0,59680.0,49826.0,20643.0,3.1196482181549072,,,,,,,,,,,,,,,,,,,,,,,,,,20421.0,807.0,2.0,881.0,-1073738752.0,120.0,25.0,-51.0,38.0,48.0,10.0
893,20884.0,54916.0,54266.0,59535.0,50478.0,20653.0,3.1143696308135986,,,,,,,,,,,,,,,,,,,,,,,,,,20431.0,808.0,3.0,880.0,-1072690176.0,121.0,25.0,-52.0,47.0,46.0,11.0
894,20924.0,55582.0,54479.0,58881.0,50591.0,20663.0,3.1196482181549072,,,,,,,,,,,,,,,,,,,,,,,,,,20441.0,809.0,2.0,879.0,-1072691199.0,120.0,23.0,-57.0,53.0,53.0,6.0
895,20934.0,55009.0,54500.0,59278.0,50566.0,20673.0,3.1143696308135986,,,,,,,,,,,,,,,,,,,,,,,,,,20451.0,810.0,2.0,878.0,-1072691199.0,121.0,22.0,-57.0,40.0,52.0,2.0
896,20944.0,54858.0,54108.0,59318.0,51014.0,20683.0,3.1143696308135986,,,,,,,,,,,,,,,,,,,,,,,,,,20461.0,812.0,2.0,878.0,-1072691199.0,123.0,22.0,-59.0,25.0,54.0,-5.0
897,20954.0,54340.0,54597.0,59588.0,50353.0,20693.0,3.10909104347229,,,,,,,,,,,,,,,,,,,,,,,,,,20471.0,813.0,2.0,877.0,-1072691199.0,124.0,21.0,-59.0,5.0,30.0,2.0
898,21014.0,54571.0,54496.0,58780.0,49422.0,20703.0,3.10909104347229,,,,,,,,,,,,,,,,,,,,,,,,,,20481.0,814.0,7.0,876.0,-1072691199.0,123.0,29.0,-59.0,-18.0,28.0,0.0
899,21024.0,54539.0,54448.0,58728.0,49570.0,20713.0,3.10909104347229,,,,,,,,,,,,,,,,,,,,,,,,,,20511.0,819.0,6.0,875.0,-1072691199.0,126.0,26.0,-57.0,-39.0,-7.0,1.0
900,21034.0,54521.0,54323.0,58724.0,49725.0,20723.0,3.10909104347229,,,,,,,,,,,,,,,,,,,,,,,,,,20531.0,821.0,7.0,873.0,-1072691199.0,126.0,25.0,-59.0,-15.0,1.0,-4.0
901,21064.0,54546.0,53231.0,58793.0,51062.0,20733.0,3.1038124561309814,,,,,,,,,,,,,,,,,,,,,,,,,,20541.0,822.0,6.0,872.0,-1072691199.0,126.0,24.0,-59.0,6.0,6.0,-6.0
902,21074.0,53732.0,53760.0,58879.0,51185.0,20743.0,3.1038124561309814,,,,,,,,,,,,,,,,,,,,,,,,,,20551.0,822.0,7.0,872.0,-1073739776.0,125.0,25.0,-59.0,28.0,33.0,-3.0
903,21084.0,54019.0,54360.0,58796.0,50540.0,20753.0,3.1038124561309814,,,,,,,,,,,,,,,,,,,,,,,,,,20561.0,823.0,7.0,871.0,-1072692224.0,125.0,24.0,-60.0,43.0,37.0,-15.0
904,21144.0,52855.0,53776.0,59641.0,50037.0,20803.0,3.10909104347229,,,,,,,,,,,,,,,,,,,,,,,,,,20581.0,820.0,7.0,872.0,-1072692224.0,115.0,22.0,-47.0,62.0,44.0,-28.0
905,21154.0,53926.0,54610.0,59018.0,48716.0,20813.0,3.1038124561309814,,,,,,,,,,,,,,,,,,,,,,,,,,20591.0,823.0,8.0,872.0,-1072692224.0,119.0,23.0,-46.0,59.0,34.0,-28.0
906,21164.0,53368.0,53663.0,59147.0,50289.0,20823.0,3.1038124561309814,,,,,,,,,,,,,,,,,,,,,,,,,,20601.0,824.0,8.0,871.0,-1072692224.0,120.0,24.0,-44.0,41.0,1.0,-21.0
907,21194.0,53766.0,53426.0,58707.0,50668.0,20863.0,3.1038124561309814,,,,,,,,,,,,,,,,,,,,,,,,,,20611.0,827.0,8.0,872.0,-1071643648.0,122.0,23.0,-40.0,39.0,-46.0,-34.0
908,21204.0,54069.0,53614.0,58549.0,50344.0,20873.0,3.1038124561309814,,,,,,,,,,,,,,,,,,,,,,,,,,20631.0,829.0,8.0,871.0,-1071643136.0,122.0,21.0,-39.0,4.0,-84.0,-42.0
909,21214.0,53995.0,53330.0,58576.0,50618.0,20883.0,3.1038124561309814,,,,,,,,,,,,,,,,,,,,,,,,,,20641.0,830.0,9.0,870.0,-1071643136.0,122.0,21.0,-38.0,-2.0,-69.0,-49.0
910,21244.0,54285.0,53764.0,58665.0,50211.0,20933.0,3.1038124561309814,,,,,,,,,,,,,,,,,,,,,,,,,,20651.0,831.0,10.0,869.0,-1071643136.0,122.0,23.0,-45.0,-16.0,-66.0,-50.0
911,21254.0,53307.0,53635.0,59365.0,50886.0,20943.0,3.1038124561309814,,,,,,,,,,,,,,,,,,,,,,,,,,20661.0,834.0,11.0,868.0,-1071642111.0,125.0,22.0,-44.0,7.0,-58.0,-43.0
912,21264.0,53872.0,54282.0,58554.0,50082.0,20953.0,3.1038124561309814,,,,,,,,,,,,,,,,,,,,,,,,,,20671.0,835.0,11.0,868.0,-1071642111.0,125.0,22.0,-43.0,33.0,-71.0,-52.0
913,21284.0,53081.0,54572.0,59212.0,49651.0,20963.0,3.1038124561309814,,,,,,,,,,,,,,,,,,,,,,,,,,20681.0,836.0,11.0,867.0,-1071642111.0,126.0,21.0,-43.0,52.0,-65.0,-49.0
914,21294.0,52377.0,54486.0,59813.0,49805.0,21003.0,3.10909104347229,,,,,,,,,,,,,,,,,,,,,,,,,,20691.0,837.0,8.0,867.0,-1071642111.0,126.0,16.0,-44.0,71.0,-62.0,-53.0
915,21304.0,52552.0,54893.0,59683.0,48965.0,21013.0,3.1143696308135986,,,,,,,,,,,,,,,,,,,,,,,,,,20701.0,840.0,8.0,865.0,-1071641087.0,130.0,15.0,-52.0,82.0,-63.0,-63.0
916,21334.0,53512.0,54706.0,58328.0,49627.0,21023.0,3.1143696308135986,,,,,,,,,,,,,,,,,,,,,,,,,,20711.0,841.0,11.0,865.0,-1071641086.0,130.0,18.0,-52.0,73.0,-49.0,-65.0
917,21344.0,54231.0,53730.0,57514.0,51112.0,21033.0,3.1143696308135986,,,,,,,,,,,,,,,,,,,,,,,,,,20721.0,842.0,11.0,864.0,-1070592510.0,131.0,17.0,-52.0,78.0,-41.0,-62.0
918,21354.0,54618.0,54032.0,57330.0,50902.0,21043.0,3.1143696308135986,,,,,,,,,,,,,,,,,,,,,,,,,,20731.0,846.0,7.0,864.0,-1070592510.0,135.0,10.0,-51.0,84.0,-31.0,-66.0
919,21384.0,53460.0,53984.0,58148.0,50891.0,21063.0,3.1143696308135986,,,,,,,,,,,,,,,,,,,,,,,,,,20741.0,847.0,9.0,865.0,-1070591486.0,135.0,12.0,-39.0,64.0,-31.0,-71.0
920,21394.0,53918.0,53973.0,58188.0,51396.0,21073.0,3.1143696308135986,,,,,,,,,,,,,,,,,,,,,,,,,,20771.0,851.0,8.0,864.0,-1069542909.0,138.0,7.0,-34.0,14.0,-8.0,-77.0
921,21404.0,53393.0,53770.0,58757.0,51321.0,21083.0,3.10909104347229,,,,,,,,,,,,,,,,,,,,,,,,,,20791.0,853.0,8.0,862.0,-1069542908.0,139.0,5.0,-40.0,0.0,-18.0,-77.0
922,21434.0,53007.0,54122.0,59632.0,50692.0,21093.0,3.1143696308135986,,,,,,,,,,,,,,,,,,,,,,,,,,20801.0,855.0,8.0,861.0,-1069542908.0,140.0,3.0,-39.0,-25.0,-35.0,-66.0
923,21444.0,52895.0,54471.0,59773.0,50224.0,21143.0,3.1143696308135986,,,,,,,,,,,,,,,,,,,,,,,,,,20811.0,856.0,8.0,861.0,-1069542908.0,142.0,2.0,-38.0,-28.0,-36.0,-64.0
924,21454.0,53451.0,54705.0,59431.0,49878.0,21153.0,3.1143696308135986,,,,,,,,,,,,,,,,,,,,,,,,,,20821.0,849.0,7.0,859.0,-1069542908.0,129.0,0.0,-45.0,-23.0,-21.0,-72.0
925,21514.0,53612.0,53937.0,59149.0,51397.0,21163.0,3.1143696308135986,,,,,,,,,,,,,,,,,,,,,,,,,,20841.0,853.0,8.0,858.0,-1069542907.0,134.0,-1.0,-41.0,-7.0,11.0,-75.0
926,21524.0,53277.0,54665.0,59386.0,50694.0,21193.0,3.1143696308135986,,,,,,,,,,,,,,,,,,,,,,,,,,20861.0,857.0,8.0,857.0,-1069542907.0,138.0,-3.0,-34.0,-3.0,28.0,-51.0
927,21534.0,53440.0,54494.0,59363.0,50601.0,21203.0,3.1143696308135986,,,,,,,,,,,,,,,,,,,,,,,,,,20871.0,859.0,8.0,857.0,-1069542906.0,139.0,-4.0,-31.0,1.0,10.0,-48.0
928,21564.0,53628.0,54972.0,59202.0,49721.0,21213.0,3.1143696308135986,,,,,,,,,,,,,,,,,,,,,,,,,,20881.0,860.0,7.0,856.0,-1069542906.0,140.0,-5.0,-30.0,13.0,-4.0,-48.0
929,21574.0,53455.0,55064.0,59531.0,49813.0,21223.0,3.1143696308135986,,,,,,,,,,,,,,,,,,,,,,,,,,20901.0,868.0,7.0,856.0,-1069542906.0,151.0,-8.0,-28.0,20.0,-39.0,-56.0
930,21584.0,53466.0,54528.0,59627.0,50373.0,21233.0,3.1143696308135986,,,,,,,,,,,,,,,,,,,,,,,,,,20931.0,874.0,7.0,854.0,-1069541881.0,156.0,-11.0,-30.0,2.0,-35.0,-57.0
931,21614.0,53501.0,54020.0,59460.0,50762.0,21243.0,3.1143696308135986,,,,,,,,,,,,,,,,,,,,,,,,,,20941.0,876.0,7.0,853.0,-1069541881.0,159.0,-12.0,-28.0,0.0,-19.0,-65.0
932,21624.0,54373.0,53960.0,59074.0,50873.0,21253.0,3.10909104347229,,,,,,,,,,,,,,,,,,,,,,,,,,20951.0,878.0,6.0,853.0,-1069541881.0,161.0,-13.0,-24.0,-27.0,15.0,-62.0
933,21634.0,54360.0,53910.0,59152.0,50832.0,21263.0,3.10909104347229,,,,,,,,,,,,,,,,,,,,,,,,,,20961.0,880.0,6.0,853.0,-1069541880.0,162.0,-14.0,-22.0,-16.0,62.0,-70.0
934,21684.0,53063.0,54757.0,59693.0,49353.0,21283.0,3.10909104347229,,,,,,,,,,,,,,,,,,,,,,,,,,20981.0,875.0,12.0,852.0,-1070591480.0,151.0,-7.0,-14.0,-64.0,105.0,-51.0
935,21694.0,54575.0,55473.0,59090.0,49204.0,21293.0,3.10909104347229,,,,,,,,,,,,,,,,,,,,,,,,,,21011.0,875.0,10.0,851.0,-1070592503.0,145.0,-13.0,-11.0,-6.0,57.0,-34.0
936,21704.0,54200.0,54769.0,59661.0,50083.0,21303.0,3.10909104347229,,,,,,,,,,,,,,,,,,,,,,,,,,21021.0,876.0,10.0,851.0,-1070593527.0,146.0,-14.0,-11.0,22.0,33.0,-41.0
937,21744.0,53050.0,53473.0,60949.0,51897.0,21313.0,3.1143696308135986,,,,,,,,,,,,,,,,,,,,,,,,,,21031.0,878.0,10.0,851.0,-1070593527.0,147.0,-15.0,-9.0,17.0,14.0,-40.0
938,21754.0,53886.0,54546.0,60388.0,50691.0,21333.0,3.1143696308135986,,,,,,,,,,,,,,,,,,,,,,,,,,21061.0,898.0,9.0,850.0,-1070592503.0,174.0,-17.0,-12.0,-34.0,-35.0,-30.0
939,21764.0,53749.0,54515.0,60535.0,50833.0,21343.0,3.1143696308135986,,,,,,,,,,,,,,,,,,,,,,,,,,21071.0,898.0,9.0,850.0,-1070592503.0,174.0,-17.0,-12.0,-45.0,2.0,-32.0
940,21774.0,54406.0,54486.0,59934.0,50930.0,21353.0,3.1143696308135986,,,,,,,,,,,,,,,,,,,,,,,,,,21081.0,900.0,9.0,851.0,-1070592503.0,175.0,-18.0,-4.0,-41.0,-4.0,-34.0
941,21814.0,54892.0,54637.0,59642.0,50713.0,21363.0,3.1143696308135986,,,,,,,,,,,,,,,,,,,,,,,,,,21091.0,895.0,11.0,851.0,-1070592502.0,166.0,-15.0,-2.0,-43.0,69.0,-35.0
942,21824.0,54957.0,55592.0,59786.0,49669.0,21383.0,3.1143696308135986,,,,,,,,,,,,,,,,,,,,,,,,,,21101.0,897.0,10.0,851.0,-1071641078.0,167.0,-17.0,-1.0,-44.0,104.0,-26.0
943,21834.0,55142.0,54279.0,59776.0,51090.0,21393.0,3.10909104347229,,,,,,,,,,,,,,,,,,,,,,,,,,21131.0,900.0,12.0,850.0,-1071642102.0,165.0,-15.0,-1.0,-33.0,112.0,-23.0
944,21844.0,54868.0,55437.0,59960.0,49687.0,21403.0,3.10909104347229,,,,,,,,,,,,,,,,,,,,,,,,,,21141.0,900.0,11.0,850.0,-1071642102.0,163.0,-16.0,-1.0,-78.0,128.0,-1.0
945,21884.0,53819.0,54095.0,60377.0,50822.0,21413.0,3.10909104347229,,,,,,,,,,,,,,,,,,,,,,,,,,21151.0,904.0,12.0,850.0,-1072691702.0,168.0,-16.0,0.0,-50.0,77.0,0.0
946,21894.0,53644.0,54977.0,60463.0,49831.0,21433.0,3.10909104347229,,,,,,,,,,,,,,,,,,,,,,,,,,21161.0,906.0,11.0,850.0,-1072691702.0,168.0,-17.0,0.0,0.0,92.0,-21.0
947,21904.0,53279.0,54901.0,60688.0,50074.0,21443.0,3.10909104347229,,,,,,,,,,,,,,,,,,,,,,,,,,21181.0,915.0,12.0,849.0,-1072691702.0,178.0,-15.0,-1.0,-8.0,-3.0,-17.0
948,21914.0,53552.0,53975.0,60553.0,50967.0,21453.0,3.10909104347229,,,,,,,,,,,,,,,,,,,,,,,,,,21191.0,913.0,10.0,849.0,-1072692726.0,173.0,-18.0,0.0,-8.0,1.0,-16.0
949,21924.0,52855.0,55477.0,60951.0,49185.0,21463.0,3.10909104347229,,,,,,,,,,,,,,,,,,,,,,,,,,21201.0,915.0,10.0,849.0,-1072692726.0,173.0,-18.0,1.0,-14.0,-5.0,-13.0
950,21944.0,53592.0,54227.0,60718.0,51023.0,21503.0,3.1038124561309814,,,,,,,,,,,,,,,,,,,,,,,,,,21211.0,916.0,9.0,848.0,-1072692726.0,172.0,-19.0,-6.0,-38.0,-19.0,-14.0
951,21954.0,53996.0,53843.0,60514.0,51436.0,21513.0,3.1038124561309814,,,,,,,,,,,,,,,,,,,,,,,,,,21221.0,918.0,8.0,848.0,-1072692726.0,172.0,-22.0,-5.0,-46.0,-18.0,-3.0
952,21984.0,55773.0,54786.0,59436.0,50476.0,21523.0,3.1038124561309814,,,,,,,,,,,,,,,,,,,,,,,,,,21241.0,925.0,10.0,848.0,-1073740278.0,178.0,-17.0,-5.0,-57.0,-23.0,-9.0
953,21994.0,55044.0,54765.0,60035.0,50448.0,21533.0,3.1038124561309814,,,,,,,,,,,,,,,,,,,,,,,,,,21251.0,927.0,10.0,849.0,-536869366.0,178.0,-17.0,3.0,-3.0,2.0,-24.0
954,22004.0,55163.0,54965.0,59886.0,50339.0,21563.0,3.10909104347229,,,,,,,,,,,,,,,,,,,,,,,,,,21261.0,929.0,10.0,849.0,-536869366.0,179.0,-17.0,3.0,-31.0,37.0,-28.0
955,22014.0,55265.0,55048.0,59948.0,50453.0,21573.0,3.1038124561309814,,,,,,,,,,,,,,,,,,,,,,,,,,21271.0,930.0,10.0,849.0,-536869365.0,179.0,-17.0,3.0,-72.0,49.0,-13.0
956,22034.0,54513.0,55641.0,60798.0,50389.0,21583.0,3.1038124561309814,,,,,,,,,,,,,,,,,,,,,,,,,,21281.0,917.0,15.0,849.0,-535821813.0,154.0,-8.0,2.0,-38.0,93.0,-24.0
957,22044.0,54309.0,55057.0,60729.0,50853.0,21593.0,3.1038124561309814,,,,,,,,,,,,,,,,,,,,,,,,,,21291.0,918.0,15.0,849.0,-535297525.0,154.0,-8.0,0.0,-39.0,95.0,-13.0
958,22054.0,54021.0,55714.0,61115.0,50244.0,21603.0,3.1038124561309814,,,,,,,,,,,,,,,,,,,,,,,,,,21301.0,918.0,13.0,850.0,-535296501.0,151.0,-11.0,4.0,13.0,77.0,-13.0
959,22064.0,53685.0,55066.0,61334.0,51002.0,21613.0,3.1038124561309814,,,,,,,,,,,,,,,,,,,,,,,,,,21311.0,920.0,13.0,850.0,-535296501.0,152.0,-11.0,4.0,15.0,62.0,-16.0
960,22084.0,53326.0,54810.0,61326.0,50753.0,21623.0,3.1038124561309814,,,,,,,,,,,,,,,,,,,,,,,,,,21331.0,929.0,14.0,850.0,-535296501.0,161.0,-8.0,6.0,63.0,-15.0,-37.0
961,22094.0,54249.0,54682.0,60709.0,51023.0,21633.0,3.1038124561309814,,,,,,,,,,,,,,,,,,,,,,,,,,21341.0,931.0,14.0,850.0,-535296501.0,161.0,-8.0,2.0,61.0,-68.0,-42.0
962,22104.0,54274.0,55000.0,60774.0,50505.0,21683.0,3.10909104347229,,,,,,,,,,,,,,,,,,,,,,,,,,21351.0,932.0,14.0,850.0,-536345077.0,161.0,-8.0,2.0,38.0,-129.0,-34.0
963,22114.0,54255.0,54375.0,60726.0,51136.0,21693.0,3.10909104347229,,,,,,,,,,,,,,,,,,,,,,,,,,21361.0,938.0,12.0,850.0,-536345077.0,166.0,-10.0,2.0,10.0,-94.0,-31.0
964,22144.0,55389.0,54230.0,59643.0,51161.0,21703.0,3.1038124561309814,,,,,,,,,,,,,,,,,,,,,,,,,,21381.0,940.0,14.0,848.0,-1073741300.0,164.0,-6.0,-4.0,-13.0,-100.0,-45.0
965,22154.0,56266.0,55272.0,58891.0,49996.0,21713.0,3.1038124561309814,,,,,,,,,,,,,,,,,,,,,,,,,,21391.0,941.0,14.0,848.0,-1073740276.0,163.0,-7.0,-2.0,-36.0,-50.0,-35.0
966,22164.0,55444.0,55312.0,59579.0,49922.0,21753.0,3.098533868789673,,,,,,,,,,,,,,,,,,,,,,,,,,21401.0,943.0,13.0,848.0,-536869364.0,164.0,-7.0,-2.0,-62.0,-38.0,-24.0
967,22194.0,54547.0,55141.0,59987.0,50124.0,21763.0,3.098533868789673,,,,,,,,,,,,,,,,,,,,,,,,,,21411.0,944.0,13.0,848.0,-536869364.0,164.0,-7.0,-3.0,-40.0,-28.0,-6.0
968,22204.0,54288.0,54425.0,59981.0,50680.0,21773.0,3.098533868789673,,,,,,,,,,,,,,,,,,,,,,,,,,21431.0,946.0,14.0,847.0,-535820788.0,161.0,-5.0,-11.0,1.0,56.0,-8.0
969,22214.0,53891.0,54420.0,60271.0,50515.0,21793.0,3.098533868789673,,,,,,,,,,,,,,,,,,,,,,,,,,21441.0,943.0,12.0,847.0,-535820788.0,155.0,-8.0,-10.0,0.0,77.0,-8.0
970,22224.0,52382.0,55992.0,61137.0,48505.0,21813.0,3.098533868789673,,,,,,,,,,,,,,,,,,,,,,,,,,21451.0,944.0,13.0,846.0,-535821812.0,154.0,-7.0,-10.0,-3.0,54.0,0.0
971,22234.0,53178.0,53962.0,60725.0,50656.0,21823.0,3.098533868789673,,,,,,,,,,,,,,,,,,,,,,,,,,21461.0,948.0,13.0,846.0,-535821812.0,159.0,-7.0,-11.0,11.0,45.0,-14.0
972,22244.0,54207.0,54928.0,59711.0,49356.0,21833.0,3.098533868789673,,,,,,,,,,,,,,,,,,,,,,,,,,21471.0,953.0,13.0,847.0,-535821812.0,163.0,-7.0,-8.0,0.0,52.0,-19.0
973,22254.0,54156.0,54839.0,59755.0,49564.0,21843.0,3.098533868789673,,,,,,,,,,,,,,,,,,,,,,,,,,21511.0,959.0,12.0,846.0,-536346100.0,163.0,-6.0,-10.0,14.0,11.0,-15.0
974,22274.0,55896.0,53894.0,58258.0,50874.0,21883.0,3.098533868789673,,,,,,,,,,,,,,,,,,,,,,,,,,21521.0,961.0,12.0,846.0,-536346099.0,163.0,-6.0,-10.0,19.0,4.0,-23.0
975,22324.0,53344.0,53731.0,60114.0,51161.0,21893.0,3.098533868789673,,,,,,,,,,,,,,,,,,,,,,,,,,21531.0,963.0,13.0,846.0,-536346099.0,163.0,-6.0,-8.0,-54.0,23.0,-1.0
976,22334.0,54008.0,52061.0,59664.0,52841.0,21903.0,3.098533868789673,,,,,,,,,,,,,,,,,,,,,,,,,,21541.0,964.0,12.0,846.0,-536346099.0,163.0,-6.0,-6.0,10.0,40.0,-23.0
977,22344.0,52773.0,54789.0,60745.0,49947.0,21913.0,3.098533868789673,,,,,,,,,,,,,,,,,,,,,,,,,,21561.0,965.0,11.0,845.0,-535296499.0,158.0,-8.0,-9.0,-36.0,44.0,0.0
978,22374.0,54011.0,54708.0,59669.0,50162.0,21933.0,3.098533868789673,,,,,,,,,,,,,,,,,,,,,,,,,,21571.0,966.0,11.0,845.0,-535296499.0,158.0,-8.0,-9.0,-33.0,48.0,-3.0
979,22384.0,54366.0,54710.0,59461.0,50228.0,21943.0,3.098533868789673,,,,,,,,,,,,,,,,,,,,,,,,,,21581.0,968.0,11.0,845.0,-535296499.0,158.0,-8.0,-10.0,-22.0,17.0,-2.0
980,22394.0,53957.0,54940.0,59915.0,50285.0,21953.0,3.098533868789673,,,,,,,,,,,,,,,,,,,,,,,,,,21591.0,965.0,15.0,845.0,-535296499.0,150.0,0.0,-11.0,-41.0,29.0,-1.0
981,22424.0,55100.0,55281.0,58852.0,50342.0,21963.0,3.098533868789673,,,,,,,,,,,,,,,,,,,,,,,,,,21611.0,974.0,14.0,846.0,-535296499.0,160.0,0.0,-5.0,-34.0,-2.0,5.0
982,22434.0,54104.0,54829.0,59700.0,50697.0,21983.0,3.0932552814483643,,,,,,,,,,,,,,,,,,,,,,,,,,21621.0,976.0,14.0,846.0,-535296499.0,159.0,0.0,-6.0,-21.0,-53.0,6.0
983,22444.0,54662.0,55037.0,59157.0,50620.0,21993.0,3.0932552814483643,,,,,,,,,,,,,,,,,,,,,,,,,,21631.0,978.0,14.0,846.0,-534247923.0,160.0,0.0,-6.0,5.0,-89.0,11.0
984,22464.0,55030.0,53648.0,58788.0,52382.0,22003.0,3.0932552814483643,,,,,,,,,,,,,,,,,,,,,,,,,,21641.0,980.0,13.0,847.0,-534247923.0,161.0,-2.0,0.0,26.0,-70.0,18.0
985,22474.0,53287.0,53839.0,60130.0,52084.0,22013.0,3.0879766941070557,,,,,,,,,,,,,,,,,,,,,,,,,,21671.0,987.0,12.0,847.0,-535297523.0,163.0,-2.0,0.0,67.0,0.0,6.0
986,22484.0,54569.0,54102.0,59563.0,51855.0,22033.0,3.0879766941070557,,,,,,,,,,,,,,,,,,,,,,,,,,21691.0,986.0,13.0,846.0,-536345075.0,157.0,0.0,-6.0,52.0,33.0,5.0
987,22494.0,53795.0,52597.0,60185.0,53402.0,22043.0,3.0932552814483643,,,,,,,,,,,,,,,,,,,,,,,,,,21701.0,988.0,13.0,845.0,-536345076.0,157.0,0.0,-6.0,-2.0,55.0,24.0
988,22544.0,53804.0,56186.0,59797.0,49759.0,22053.0,3.0879766941070557,,,,,,,,,,,,,,,,,,,,,,,,,,21711.0,988.0,12.0,845.0,-1073215988.0,155.0,-1.0,-5.0,10.0,54.0,21.0
989,22554.0,54589.0,56067.0,59403.0,50084.0,22063.0,3.0879766941070557,,,,,,,,,,,,,,,,,,,,,,,,,,21751.0,986.0,17.0,842.0,-535295476.0,139.0,5.0,-15.0,-85.0,22.0,18.0
990,22564.0,54297.0,56298.0,59654.0,49773.0,22093.0,3.0879766941070557,,,,,,,,,,,,,,,,,,,,,,,,,,21761.0,987.0,17.0,842.0,-535295476.0,139.0,5.0,-14.0,-97.0,11.0,25.0
991,22604.0,54905.0,54667.0,59383.0,52065.0,22103.0,3.0879766941070557,,,,,,,,,,,,,,,,,,,,,,,,,,21771.0,986.0,16.0,842.0,-535295476.0,135.0,5.0,-14.0,-84.0,-15.0,32.0
992,22614.0,54245.0,55161.0,59886.0,51634.0,22113.0,3.0879766941070557,,,,,,,,,,,,,,,,,,,,,,,,,,21781.0,996.0,16.0,842.0,-534246900.0,148.0,5.0,-12.0,-46.0,-73.0,40.0
993,22624.0,55049.0,55374.0,59297.0,51453.0,22123.0,3.0932552814483643,,,,,,,,,,,,,,,,,,,,,,,,,,21821.0,1003.0,18.0,842.0,-534247925.0,145.0,10.0,-14.0,41.0,-31.0,56.0
994,22654.0,54612.0,54809.0,59668.0,52032.0,22143.0,3.0932552814483643,,,,,,,,,,,,,,,,,,,,,,,,,,21831.0,1006.0,17.0,841.0,-535297525.0,147.0,8.0,-15.0,60.0,10.0,50.0
995,22664.0,54414.0,55178.0,59747.0,51640.0,22153.0,3.0932552814483643,,,,,,,,,,,,,,,,,,,,,,,,,,21841.0,1007.0,17.0,841.0,-535297525.0,148.0,9.0,-14.0,88.0,-14.0,57.0
996,22674.0,54881.0,55084.0,59575.0,51733.0,22163.0,3.0932552814483643,,,,,,,,,,,,,,,,,,,,,,,,,,21851.0,1009.0,17.0,841.0,-535297525.0,148.0,10.0,-13.0,92.0,24.0,44.0
997,22724.0,54321.0,55790.0,59809.0,50822.0,22173.0,3.0932552814483643,,,,,,,,,,,,,,,,,,,,,,,,,,21881.0,1008.0,16.0,842.0,-536345078.0,141.0,8.0,-4.0,-48.0,23.0,44.0
998,22734.0,54837.0,55728.0,59017.0,51448.0,22183.0,3.0932552814483643,,,,,,,,,,,,,,,,,,,,,,,,,,21891.0,1009.0,16.0,842.0,-536345078.0,141.0,8.0,-2.0,-55.0,8.0,41.0
999,22744.0,53422.0,55850.0,59807.0,51542.0,22193.0,3.0932552814483643,,,,,,,,,,,,,,,,,,,,,,,,,,21901.0,1011.0,16.0,842.0,-535296502.0,141.0,8.0,-4.0,2.0,-16.0,25.0
1000,22774.0,54366.0,55330.0,58755.0,51654.0,22203.0,3.0932552814483643,,,,,,,,,,,,,,,,,,,,,,,,,,21911.0,1012.0,17.0,842.0,-535296502.0,140.0,8.0,-4.0,-58.0,-34.0,35.0
1001,22784.0,52947.0,55128.0,59925.0,51637.0,22213.0,3.0932552814483643,,,,,,,,,,,,,,,,,,,,,,,,,,21941.0,1005.0,20.0,841.0,-535296502.0,123.0,14.0,-8.0,1.0,-65.0,19.0
1002,22794.0,54075.0,54877.0,58995.0,51974.0,22233.0,3.0932552814483643,,,,,,,,,,,,,,,,,,,,,,,,,,21951.0,1007.0,20.0,841.0,-535296503.0,122.0,15.0,-8.0,28.0,-88.0,24.0
1003,22814.0,54033.0,54188.0,58686.0,52434.0,22243.0,3.098533868789673,,,,,,,,,,,,,,,,,,,,,,,,,,21961.0,1028.0,18.0,841.0,-535821815.0,155.0,11.0,-9.0,40.0,-105.0,27.0
1004,22824.0,54311.0,54865.0,58332.0,51424.0,22253.0,3.098533868789673,,,,,,,,,,,,,,,,,,,,,,,,,,21971.0,1031.0,18.0,841.0,-535820791.0,156.0,11.0,-11.0,66.0,-125.0,36.0
1005,22834.0,53655.0,54485.0,58850.0,51859.0,22313.0,3.1038124561309814,,,,,,,,,,,,,,,,,,,,,,,,,,21991.0,1034.0,18.0,841.0,-535820791.0,156.0,11.0,-7.0,106.0,-68.0,37.0
1006,22844.0,53661.0,55021.0,58815.0,51250.0,22323.0,3.1038124561309814,,,,,,,,,,,,,,,,,,,,,,,,,,22001.0,1031.0,17.0,841.0,-535819767.0,149.0,9.0,-7.0,93.0,-38.0,23.0
1007,22854.0,53486.0,54561.0,58905.0,51819.0,22333.0,3.098533868789673,,,,,,,,,,,,,,,,,,,,,,,,,,22011.0,1032.0,17.0,841.0,-536868343.0,150.0,9.0,-7.0,97.0,-13.0,25.0
1008,22864.0,53040.0,54584.0,59270.0,51595.0,22343.0,3.0932552814483643,,,,,,,,,,,,,,,,,,,,,,,,,,22021.0,1038.0,15.0,841.0,-1073739255.0,157.0,6.0,-7.0,75.0,40.0,15.0
1009,22874.0,52994.0,55056.0,59476.0,51194.0,22373.0,3.098533868789673,,,,,,,,,,,,,,,,,,,,,,,,,,22041.0,1039.0,16.0,837.0,-1072690680.0,155.0,8.0,-21.0,37.0,87.0,12.0
1010,22894.0,53630.0,55315.0,59149.0,50935.0,22383.0,3.098533868789673,,,,,,,,,,,,,,,,,,,,,,,,,,22051.0,1039.0,15.0,837.0,-1072690680.0,154.0,6.0,-21.0,-3.0,92.0,17.0
1011,22904.0,53386.0,55486.0,59347.0,50626.0,22393.0,3.0932552814483643,,,,,,,,,,,,,,,,,,,,,,,,,,22061.0,1041.0,15.0,837.0,-1072691704.0,154.0,6.0,-21.0,-44.0,102.0,20.0
1012,22914.0,52639.0,55778.0,59845.0,50206.0,22423.0,3.0932552814483643,,,,,,,,,,,,,,,,,,,,,,,,,,22091.0,1042.0,19.0,839.0,-1073741304.0,149.0,11.0,-9.0,-74.0,55.0,10.0
1013,22934.0,53219.0,55443.0,59128.0,50347.0,22433.0,3.0932552814483643,,,,,,,,,,,,,,,,,,,,,,,,,,22101.0,1040.0,19.0,839.0,-536346104.0,143.0,10.0,-9.0,-50.0,33.0,18.0
1014,22944.0,53768.0,54180.0,58641.0,51752.0,22443.0,3.0932552814483643,,,,,,,,,,,,,,,,,,,,,,,,,,22111.0,1041.0,18.0,839.0,-536346104.0,142.0,9.0,-7.0,-53.0,-15.0,19.0
1015,22954.0,53588.0,54454.0,58904.0,51079.0,22453.0,3.0932552814483643,,,,,,,,,,,,,,,,,,,,,,,,,,22121.0,1049.0,18.0,839.0,-535297528.0,153.0,9.0,-6.0,-29.0,-51.0,29.0
1016,22984.0,54652.0,53130.0,57770.0,51950.0,22473.0,3.0932552814483643,,,,,,,,,,,,,,,,,,,,,,,,,,22141.0,1053.0,18.0,839.0,-535821816.0,154.0,9.0,-5.0,87.0,-81.0,5.0
1017,23004.0,54283.0,53492.0,57946.0,51579.0,22483.0,3.0879766941070557,,,,,,,,,,,,,,,,,,,,,,,,,,22151.0,1055.0,17.0,839.0,-536870392.0,155.0,6.0,-3.0,70.0,-71.0,12.0
1018,23014.0,53768.0,53813.0,58519.0,51118.0,22493.0,3.0879766941070557,,,,,,,,,,,,,,,,,,,,,,,,,,22161.0,1056.0,15.0,839.0,-1073740280.0,155.0,4.0,-3.0,85.0,-58.0,15.0
1019,23024.0,53971.0,54598.0,58317.0,50076.0,22543.0,3.0879766941070557,,,,,,,,,,,,,,,,,,,,,,,,,,22171.0,1059.0,15.0,839.0,-1073740280.0,157.0,3.0,-3.0,78.0,-45.0,3.0
1020,23064.0,53030.0,55061.0,58616.0,49668.0,22553.0,3.082698106765747,,,,,,,,,,,,,,,,,,,,,,,,,,22191.0,1062.0,16.0,839.0,-1072691704.0,157.0,5.0,0.0,8.0,21.0,-4.0
1021,23074.0,53367.0,55224.0,58452.0,49601.0,22563.0,3.082698106765747,,,,,,,,,,,,,,,,,,,,,,,,,,22201.0,1063.0,16.0,840.0,-1072691704.0,157.0,5.0,7.0,-25.0,46.0,-5.0
1022,23084.0,52824.0,55385.0,59097.0,49362.0,22603.0,3.082698106765747,,,,,,,,,,,,,,,,,,,,,,,,,,22211.0,1065.0,16.0,840.0,-1072691704.0,158.0,5.0,8.0,-67.0,58.0,-5.0
1023,23104.0,53878.0,53860.0,58184.0,51652.0,22613.0,3.082698106765747,,,,,,,,,,,,,,,,,,,,,,,,,,22221.0,1058.0,17.0,840.0,-1072691704.0,144.0,6.0,10.0,-97.0,51.0,-5.0
1024,23114.0,54691.0,53551.0,57529.0,52140.0,22623.0,3.082698106765747,,,,,,,,,,,,,,,,,,,,,,,,,,22231.0,1059.0,18.0,840.0,-1072692728.0,144.0,6.0,12.0,-122.0,47.0,8.0
1025,23124.0,54335.0,54082.0,58073.0,51809.0,22633.0,3.082698106765747,,,,,,,,,,,,,,,,,,,,,,,,,,22241.0,1061.0,18.0,841.0,-1073741304.0,144.0,6.0,17.0,-88.0,26.0,7.0
1026,23174.0,53880.0,55262.0,58926.0,50533.0,22653.0,3.082698106765747,,,,,,,,,,,,,,,,,,,,,,,,,,22251.0,1059.0,17.0,841.0,-536346104.0,139.0,4.0,16.0,-60.0,18.0,0.0
1027,23184.0,54011.0,56096.0,58941.0,49727.0,22663.0,3.082698106765747,,,,,,,,,,,,,,,,,,,,,,,,,,22261.0,1060.0,17.0,841.0,-536346104.0,139.0,4.0,15.0,-8.0,-15.0,-10.0
1028,23194.0,53979.0,56054.0,59236.0,50131.0,22673.0,3.0774195194244385,,,,,,,,,,,,,,,,,,,,,,,,,,22311.0,1078.0,16.0,840.0,-1073740280.0,156.0,3.0,7.0,35.0,-57.0,-13.0
1029,23204.0,53958.0,55978.0,59131.0,50486.0,22683.0,3.0774195194244385,,,,,,,,,,,,,,,,,,,,,,,,,,22331.0,1086.0,20.0,840.0,-1073739256.0,164.0,9.0,12.0,-25.0,10.0,-25.0
1030,23234.0,53501.0,55987.0,58980.0,50901.0,22723.0,3.082698106765747,,,,,,,,,,,,,,,,,,,,,,,,,,22341.0,1085.0,19.0,841.0,-536868344.0,162.0,8.0,15.0,-101.0,49.0,-9.0
1031,23244.0,54957.0,56002.0,57854.0,50867.0,22733.0,3.082698106765747,,,,,,,,,,,,,,,,,,,,,,,,,,22361.0,1088.0,20.0,841.0,-535820792.0,162.0,9.0,13.0,-35.0,92.0,-17.0
1032,23254.0,54017.0,55279.0,58805.0,51618.0,22743.0,3.082698106765747,,,,,,,,,,,,,,,,,,,,,,,,,,22371.0,1089.0,19.0,841.0,-535820792.0,161.0,7.0,13.0,0.0,58.0,-28.0
1033,23284.0,54743.0,54012.0,58306.0,52710.0,22773.0,3.082698106765747,,,,,,,,,,,,,,,,,,,,,,,,,,22381.0,1090.0,19.0,841.0,-535820792.0,161.0,8.0,11.0,6.0,34.0,-20.0
1034,23294.0,54489.0,54974.0,58638.0,51634.0,22783.0,3.082698106765747,,,,,,,,,,,,,,,,,,,,,,,,,,22391.0,1092.0,19.0,841.0,-535820792.0,161.0,8.0,10.0,54.0,14.0,-25.0
1035,23304.0,54665.0,55102.0,58767.0,51558.0,22793.0,3.082698106765747,,,,,,,,,,,,,,,,,,,,,,,,,,22401.0,1094.0,19.0,841.0,-535820792.0,161.0,8.0,8.0,69.0,31.0,-40.0
1036,23344.0,53321.0,54867.0,59941.0,51422.0,22813.0,3.082698106765747,,,,,,,,,,,,,,,,,,,,,,,,,,22411.0,1089.0,11.0,842.0,-536870391.0,152.0,-3.0,7.0,105.0,-46.0,-48.0
1037,23354.0,52449.0,56478.0,60595.0,49311.0,22823.0,3.0879766941070557,,,,,,,,,,,,,,,,,,,,,,,,,,22421.0,1091.0,11.0,842.0,-1073741303.0,152.0,-3.0,6.0,98.0,-50.0,-47.0
1038,23364.0,53528.0,55692.0,60172.0,51449.0,22833.0,3.0879766941070557,,,,,,,,,,,,,,,,,,,,,,,,,,22431.0,1092.0,11.0,842.0,-1072692727.0,152.0,-3.0,6.0,73.0,-53.0,-42.0
1039,23434.0,55582.0,55722.0,59278.0,52041.0,22843.0,3.0879766941070557,,,,,,,,,,,,,,,,,,,,,,,,,,22441.0,1094.0,11.0,842.0,-1072691703.0,152.0,-4.0,6.0,74.0,-68.0,-47.0
1040,23454.0,55289.0,55313.0,59085.0,51766.0,22853.0,3.0932552814483643,,,,,,,,,,,,,,,,,,,,,,,,,,22451.0,1088.0,16.0,842.0,-1072692727.0,141.0,2.0,6.0,32.0,-52.0,-53.0
1041,23464.0,55091.0,55323.0,59136.0,51755.0,22863.0,3.0932552814483643,,,,,,,,,,,,,,,,,,,,,,,,,,22471.0,1098.0,14.0,842.0,-1072691702.0,152.0,0.0,5.0,-53.0,-44.0,-56.0
1042,23474.0,54745.0,55296.0,59359.0,51583.0,22873.0,3.0879766941070557,,,,,,,,,,,,,,,,,,,,,,,,,,22481.0,1099.0,14.0,842.0,-1072691702.0,152.0,0.0,5.0,-127.0,-21.0,-24.0
1043,23524.0,53526.0,54788.0,59024.0,50559.0,22893.0,3.0879766941070557,,,,,,,,,,,,,,,,,,,,,,,,,,22491.0,1107.0,17.0,842.0,-1072690678.0,163.0,4.0,3.0,-91.0,-31.0,-21.0
1044,23534.0,53582.0,54950.0,58708.0,49924.0,22903.0,3.0879766941070557,,,,,,,,,,,,,,,,,,,,,,,,,,22501.0,1107.0,14.0,841.0,-1072690678.0,161.0,-1.0,0.0,-86.0,17.0,-29.0
1045,23574.0,53064.0,54602.0,58836.0,50185.0,22913.0,3.0879766941070557,,,,,,,,,,,,,,,,,,,,,,,,,,22521.0,1109.0,13.0,841.0,-536868342.0,160.0,-2.0,0.0,-40.0,15.0,-33.0
1046,23584.0,53047.0,53872.0,58543.0,50597.0,22933.0,3.0879766941070557,,,,,,,,,,,,,,,,,,,,,,,,,,22541.0,1113.0,14.0,841.0,-535819766.0,161.0,-1.0,-3.0,27.0,33.0,-36.0
1047,23594.0,53251.0,54037.0,58399.0,50480.0,22943.0,3.0879766941070557,,,,,,,,,,,,,,,,,,,,,,,,,,22551.0,1116.0,14.0,843.0,-536869365.0,162.0,0.0,4.0,60.0,19.0,-44.0
1048,23614.0,52876.0,54177.0,58736.0,50172.0,22953.0,3.0879766941070557,,,,,,,,,,,,,,,,,,,,,,,,,,22561.0,1113.0,12.0,843.0,-536869365.0,154.0,-4.0,4.0,79.0,18.0,-37.0
1049,23624.0,53175.0,53988.0,58660.0,50641.0,22963.0,3.0932552814483643,,,,,,,,,,,,,,,,,,,,,,,,,,22571.0,1114.0,12.0,843.0,-1073740277.0,153.0,-3.0,2.0,92.0,-13.0,-37.0
1050,23634.0,53086.0,54136.0,58839.0,50389.0,23003.0,3.0932552814483643,,,,,,,,,,,,,,,,,,,,,,,,,,22581.0,1116.0,11.0,843.0,-1073740277.0,156.0,-5.0,1.0,64.0,-31.0,-35.0
1051,23644.0,53821.0,54169.0,58247.0,50506.0,23013.0,3.0932552814483643,,,,,,,,,,,,,,,,,,,,,,,,,,22591.0,1118.0,11.0,842.0,-1072691701.0,156.0,-5.0,-2.0,51.0,-38.0,-47.0
1052,23664.0,53630.0,54611.0,58656.0,50140.0,23023.0,3.0932552814483643,,,,,,,,,,,,,,,,,,,,,,,,,,22601.0,1119.0,11.0,842.0,-1072691701.0,156.0,-5.0,-4.0,9.0,-101.0,-31.0
1053,23674.0,53187.0,54703.0,59016.0,50131.0,23033.0,3.0932552814483643,,,,,,,,,,,,,,,,,,,,,,,,,,22611.0,1116.0,14.0,842.0,-1072690676.0,148.0,0.0,-6.0,-15.0,-76.0,-31.0
1054,23684.0,53584.0,54927.0,58842.0,50263.0,23053.0,3.0932552814483643,,,,,,,,,,,,,,,,,,,,,,,,,,22621.0,1119.0,13.0,842.0,-1072690676.0,151.0,-2.0,-7.0,-7.0,-73.0,-34.0
1055,23704.0,53119.0,55018.0,59136.0,49767.0,23063.0,3.0932552814483643,,,,,,,,,,,,,,,,,,,,,,,,,,22631.0,1122.0,13.0,842.0,-1072690676.0,154.0,-2.0,-8.0,11.0,-91.0,-35.0
1056,23714.0,52985.0,54863.0,59264.0,49934.0,23073.0,3.0932552814483643,,,,,,,,,,,,,,,,,,,,,,,,,,22651.0,1125.0,13.0,842.0,-1072689652.0,155.0,-3.0,-5.0,-7.0,-30.0,-18.0
1057,23724.0,53322.0,54630.0,59089.0,50257.0,23083.0,3.0932552814483643,,,,,,,,,,,,,,,,,,,,,,,,,,22661.0,1127.0,13.0,842.0,-1072689652.0,156.0,-3.0,-4.0,-29.0,1.0,-24.0
1058,23754.0,53466.0,54271.0,59473.0,51289.0,23093.0,3.0932552814483643,,,,,,,,,,,,,,,,,,,,,,,,,,22671.0,1130.0,13.0,842.0,-1072689652.0,160.0,-3.0,-3.0,-19.0,32.0,-12.0
1059,23764.0,53692.0,53766.0,59311.0,51986.0,23103.0,3.0932552814483643,,,,,,,,,,,,,,,,,,,,,,,,,,22681.0,1129.0,13.0,842.0,-1072689652.0,159.0,-4.0,-2.0,-57.0,33.0,-5.0
1060,23774.0,53956.0,54349.0,59354.0,51626.0,23113.0,3.0932552814483643,,,,,,,,,,,,,,,,,,,,,,,,,,22701.0,1134.0,12.0,842.0,-1073738228.0,163.0,-6.0,0.0,-26.0,37.0,-2.0
1061,23834.0,53740.0,55605.0,59593.0,50591.0,23123.0,3.0879766941070557,,,,,,,,,,,,,,,,,,,,,,,,,,22721.0,1136.0,12.0,841.0,-1073739252.0,162.0,-5.0,-2.0,-16.0,27.0,0.0
1062,23844.0,53888.0,56141.0,59818.0,50394.0,23143.0,3.0879766941070557,,,,,,,,,,,,,,,,,,,,,,,,,,22731.0,1137.0,12.0,841.0,-1073739252.0,162.0,-5.0,-2.0,23.0,48.0,-30.0
1063,23904.0,55010.0,55345.0,59549.0,52040.0,23183.0,3.082698106765747,,,,,,,,,,,,,,,,,,,,,,,,,,22741.0,1139.0,12.0,841.0,-1073739252.0,163.0,-5.0,-1.0,4.0,22.0,-34.0
1064,23914.0,55223.0,55185.0,59438.0,52215.0,23193.0,3.082698106765747,,,,,,,,,,,,,,,,,,,,,,,,,,22751.0,1141.0,12.0,841.0,-1073739251.0,163.0,-5.0,0.0,-43.0,14.0,-28.0
1065,23924.0,54817.0,54724.0,59586.0,52577.0,23203.0,3.082698106765747,,,,,,,,,,,,,,,,,,,,,,,,,,22761.0,1134.0,13.0,842.0,-1073740275.0,149.0,-4.0,10.0,11.0,24.0,-49.0
1066,23984.0,54152.0,55844.0,60133.0,51077.0,23233.0,3.0774195194244385,,,,,,,,,,,,,,,,,,,,,,,,,,22771.0,1134.0,12.0,842.0,-1073740275.0,149.0,-5.0,11.0,-52.0,-3.0,-23.0
1067,23994.0,55215.0,56461.0,59385.0,50140.0,23243.0,3.0774195194244385,,,,,,,,,,,,,,,,,,,,,,,,,,22781.0,1136.0,12.0,842.0,-1073740275.0,149.0,-5.0,12.0,-23.0,1.0,-24.0
1068,24004.0,54010.0,55726.0,60262.0,51110.0,23253.0,3.0774195194244385,,,,,,,,,,,,,,,,,,,,,,,,,,22791.0,1137.0,11.0,842.0,-1073740275.0,148.0,-7.0,13.0,-6.0,-14.0,-30.0
1069,24014.0,54437.0,56263.0,59997.0,50666.0,23283.0,3.082698106765747,,,,,,,,,,,,,,,,,,,,,,,,,,22801.0,1140.0,10.0,844.0,-1073740275.0,151.0,-9.0,20.0,9.0,-71.0,-28.0
1070,24024.0,54987.0,56191.0,59602.0,50673.0,23293.0,3.082698106765747,,,,,,,,,,,,,,,,,,,,,,,,,,22811.0,1146.0,9.0,844.0,-1073739251.0,160.0,-9.0,22.0,13.0,-64.0,-31.0
1071,24034.0,54905.0,55649.0,59610.0,51133.0,23303.0,3.0774195194244385,,,,,,,,,,,,,,,,,,,,,,,,,,22821.0,1148.0,10.0,844.0,-1073739251.0,161.0,-8.0,23.0,4.0,-64.0,-24.0
1072,24044.0,55209.0,55399.0,59408.0,51284.0,23313.0,3.0774195194244385,,,,,,,,,,,,,,,,,,,,,,,,,,22831.0,1150.0,10.0,844.0,-1073739251.0,162.0,-8.0,23.0,-39.0,-29.0,-20.0
1073,24104.0,54119.0,54734.0,59841.0,51316.0,23333.0,3.082698106765747,,,,,,,,,,,,,,,,,,,,,,,,,,22841.0,1152.0,10.0,845.0,-1073739251.0,163.0,-8.0,23.0,11.0,-20.0,-30.0
1074,24114.0,54107.0,54893.0,59658.0,50762.0,23343.0,3.082698106765747,,,,,,,,,,,,,,,,,,,,,,,,,,22851.0,1154.0,11.0,843.0,-536868338.0,164.0,-7.0,16.0,-44.0,12.0,-20.0
1075,24124.0,53824.0,55135.0,59647.0,50587.0,23353.0,3.082698106765747,,,,,,,,,,,,,,,,,,,,,,,,,,22861.0,1156.0,10.0,844.0,-536868338.0,164.0,-8.0,17.0,-17.0,50.0,-25.0
1076,24174.0,53404.0,53783.0,59179.0,51003.0,23363.0,3.0774195194244385,,,,,,,,,,,,,,,,,,,,,,,,,,22871.0,1157.0,10.0,844.0,-536868338.0,165.0,-8.0,18.0,-20.0,59.0,-21.0
1077,24184.0,54129.0,53995.0,58980.0,51236.0,23443.0,3.0668623447418213,,,,,,,,,,,,,,,,,,,,,,,,,,22891.0,1156.0,8.0,844.0,-536868338.0,158.0,-10.0,15.0,-16.0,91.0,-16.0
1078,24194.0,54225.0,54090.0,58976.0,51026.0,23453.0,3.0668623447418213,,,,,,,,,,,,,,,,,,,,,,,,,,22901.0,1157.0,8.0,844.0,-536869362.0,158.0,-10.0,15.0,-8.0,94.0,-11.0
1079,24224.0,54856.0,54517.0,58886.0,50784.0,23463.0,3.0668623447418213,,,,,,,,,,,,,,,,,,,,,,,,,,22911.0,1159.0,8.0,844.0,-536869362.0,159.0,-10.0,15.0,-22.0,79.0,-13.0
1080,24234.0,54848.0,54634.0,58895.0,51300.0,23513.0,3.082698106765747,,,,,,,,,,,,,,,,,,,,,,,,,,22921.0,1160.0,8.0,844.0,-535820786.0,159.0,-10.0,16.0,-36.0,39.0,-10.0
1081,24244.0,54616.0,54589.0,59013.0,51441.0,23523.0,3.082698106765747,,,,,,,,,,,,,,,,,,,,,,,,,,22931.0,1159.0,4.0,844.0,-536870386.0,154.0,-16.0,17.0,-42.0,32.0,-16.0
1082,24274.0,53640.0,55121.0,59672.0,50510.0,23533.0,3.0879766941070557,,,,,,,,,,,,,,,,,,,,,,,,,,22941.0,1161.0,4.0,844.0,-535821810.0,156.0,-15.0,18.0,-33.0,-19.0,-12.0
1083,24284.0,53563.0,55051.0,59634.0,50726.0,23543.0,3.0879766941070557,,,,,,,,,,,,,,,,,,,,,,,,,,22951.0,1163.0,4.0,845.0,-535821810.0,156.0,-15.0,20.0,-52.0,-46.0,-1.0
1084,24294.0,53631.0,54789.0,59624.0,51112.0,23573.0,3.0932552814483643,,,,,,,,,,,,,,,,,,,,,,,,,,22961.0,1165.0,4.0,845.0,-535821810.0,156.0,-15.0,22.0,-23.0,-67.0,9.0
1085,24324.0,53175.0,54949.0,60281.0,50841.0,23583.0,3.0932552814483643,,,,,,,,,,,,,,,,,,,,,,,,,,23001.0,1179.0,6.0,847.0,-535820786.0,169.0,-10.0,29.0,3.0,-37.0,-4.0
1086,24334.0,53746.0,54769.0,59898.0,51327.0,23593.0,3.0932552814483643,,,,,,,,,,,,,,,,,,,,,,,,,,23011.0,1182.0,6.0,847.0,-535819762.0,172.0,-10.0,28.0,31.0,-27.0,2.0
1087,24344.0,53839.0,54135.0,60043.0,51710.0,23613.0,3.0932552814483643,,,,,,,,,,,,,,,,,,,,,,,,,,23021.0,1183.0,5.0,848.0,-535819762.0,172.0,-9.0,29.0,25.0,6.0,3.0
1088,24364.0,54082.0,54011.0,59789.0,51800.0,23623.0,3.0932552814483643,,,,,,,,,,,,,,,,,,,,,,,,,,23031.0,1183.0,3.0,848.0,-535819762.0,170.0,-13.0,29.0,38.0,40.0,-3.0
1089,24374.0,54651.0,53839.0,59198.0,52423.0,23633.0,3.0932552814483643,,,,,,,,,,,,,,,,,,,,,,,,,,23061.0,1186.0,2.0,851.0,-535820786.0,167.0,-13.0,34.0,43.0,101.0,-8.0
1090,24384.0,54145.0,53921.0,59633.0,52258.0,23643.0,3.0932552814483643,,,,,,,,,,,,,,,,,,,,,,,,,,23071.0,1188.0,2.0,851.0,-536869362.0,167.0,-13.0,32.0,50.0,71.0,-4.0
1091,24394.0,54228.0,54446.0,59478.0,51651.0,23663.0,3.0932552814483643,,,,,,,,,,,,,,,,,,,,,,,,,,23081.0,1185.0,3.0,851.0,-536870386.0,160.0,-10.0,29.0,28.0,52.0,3.0
1092,24424.0,54234.0,56298.0,59542.0,50484.0,23673.0,3.0932552814483643,,,,,,,,,,,,,,,,,,,,,,,,,,23091.0,1187.0,2.0,852.0,-536870386.0,160.0,-12.0,25.0,32.0,32.0,-2.0
1093,24434.0,54167.0,56169.0,59642.0,50655.0,23683.0,3.0879766941070557,,,,,,,,,,,,,,,,,,,,,,,,,,23101.0,1190.0,3.0,852.0,-1073217010.0,164.0,-11.0,23.0,9.0,0.0,-14.0
1094,24444.0,54508.0,56122.0,59363.0,50978.0,23703.0,3.0879766941070557,,,,,,,,,,,,,,,,,,,,,,,,,,23111.0,1196.0,2.0,851.0,-1073741298.0,171.0,-13.0,18.0,-8.0,-44.0,-17.0
1095,24494.0,54406.0,55757.0,59759.0,52078.0,23713.0,3.0879766941070557,,,,,,,,,,,,,,,,,,,,,,,,,,23121.0,1198.0,2.0,852.0,-1073741298.0,171.0,-12.0,15.0,-22.0,-53.0,-9.0
1096,24504.0,53814.0,56210.0,60015.0,51642.0,23723.0,3.0879766941070557,,,,,,,,,,,,,,,,,,,,,,,,,,23131.0,1200.0,2.0,852.0,-1073741298.0,171.0,-12.0,13.0,-25.0,-61.0,-15.0
1097,24514.0,54518.0,55230.0,59665.0,52899.0,23733.0,3.0879766941070557,,,,,,,,,,,,,,,,,,,,,,,,,,23181.0,1206.0,-1.0,851.0,-536869362.0,167.0,-17.0,3.0,27.0,58.0,1.0
1098,24574.0,55178.0,56054.0,59018.0,51202.0,23753.0,3.0879766941070557,,,,,,,,,,,,,,,,,,,,,,,,,,23191.0,1207.0,-1.0,850.0,-1073740274.0,168.0,-17.0,-5.0,35.0,72.0,0.0
1099,24584.0,54647.0,55857.0,59256.0,51537.0,23763.0,3.0879766941070557,,,,,,,,,,,,,,,,,,,,,,,,,,23201.0,1209.0,-1.0,850.0,-1073740274.0,168.0,-17.0,-7.0,37.0,105.0,-7.0
1100,24594.0,54848.0,56470.0,58946.0,50891.0,23773.0,3.082698106765747,,,,,,,,,,,,,,,,,,,,,,,,,,23211.0,1201.0,-1.0,850.0,-1073217010.0,153.0,-17.0,-8.0,11.0,111.0,-12.0
1101,24624.0,54284.0,55927.0,59191.0,51904.0,23783.0,3.082698106765747,,,,,,,,,,,,,,,,,,,,,,,,,,23221.0,1201.0,0.0,850.0,-1073215985.0,151.0,-15.0,-9.0,10.0,94.0,-23.0
1102,24634.0,53928.0,55966.0,59628.0,51546.0,23823.0,3.0774195194244385,,,,,,,,,,,,,,,,,,,,,,,,,,23231.0,1203.0,-1.0,850.0,-1073215985.0,151.0,-15.0,-11.0,-6.0,68.0,-26.0
1103,24644.0,53527.0,55729.0,60079.0,51556.0,23833.0,3.0774195194244385,,,,,,,,,,,,,,,,,,,,,,,,,,23241.0,1208.0,-6.0,852.0,-1072167409.0,157.0,-24.0,0.0,-20.0,45.0,-24.0
1104,24694.0,54092.0,55447.0,59627.0,51852.0,23843.0,3.07214093208313,,,,,,,,,,,,,,,,,,,,,,,,,,23251.0,1209.0,-5.0,852.0,-1073215985.0,155.0,-22.0,0.0,-28.0,-9.0,-16.0
1105,24704.0,54172.0,55652.0,59648.0,51578.0,23853.0,3.07214093208313,,,,,,,,,,,,,,,,,,,,,,,,,,23261.0,1214.0,-4.0,852.0,-1073215985.0,161.0,-20.0,-2.0,-44.0,-49.0,-5.0
1106,24714.0,54408.0,55856.0,59481.0,51303.0,23903.0,3.07214093208313,,,,,,,,,,,,,,,,,,,,,,,,,,23291.0,1220.0,-5.0,851.0,-536345073.0,161.0,-20.0,-7.0,-70.0,-77.0,-1.0
1107,24734.0,55099.0,55847.0,58779.0,51618.0,23913.0,3.0668623447418213,,,,,,,,,,,,,,,,,,,,,,,,,,23301.0,1222.0,-5.0,851.0,-536346097.0,161.0,-20.0,-9.0,-64.0,-75.0,3.0
1108,24744.0,55461.0,56841.0,58774.0,51065.0,23923.0,3.0615837574005127,,,,,,,,,,,,,,,,,,,,,,,,,,23311.0,1226.0,-3.0,851.0,-535821809.0,165.0,-17.0,-9.0,-71.0,-51.0,13.0
1109,24754.0,55528.0,56789.0,58541.0,51396.0,23933.0,3.0615837574005127,,,,,,,,,,,,,,,,,,,,,,,,,,23331.0,1229.0,-4.0,851.0,-535821809.0,165.0,-18.0,-11.0,-44.0,44.0,6.0
1110,24764.0,55247.0,56745.0,58790.0,51440.0,23963.0,3.0668623447418213,,,,,,,,,,,,,,,,,,,,,,,,,,23341.0,1232.0,-5.0,850.0,-534773233.0,165.0,-17.0,-15.0,-14.0,72.0,11.0
1111,24784.0,55548.0,56446.0,58968.0,51047.0,23993.0,3.0668623447418213,,,,,,,,,,,,,,,,,,,,,,,,,,23351.0,1225.0,-3.0,850.0,-534248945.0,153.0,-15.0,-14.0,9.0,84.0,14.0
1112,24794.0,54884.0,56294.0,59675.0,51094.0,24003.0,3.0668623447418213,,,,,,,,,,,,,,,,,,,,,,,,,,23361.0,1228.0,-4.0,847.0,-534247921.0,153.0,-14.0,-28.0,-7.0,104.0,10.0
1113,24804.0,54682.0,55979.0,59859.0,51443.0,24013.0,3.0668623447418213,,,,,,,,,,,,,,,,,,,,,,,,,,23451.0,1235.0,-6.0,845.0,-533199346.0,144.0,-11.0,-22.0,-39.0,-118.0,28.0
1114,24834.0,53942.0,55902.0,60759.0,51721.0,24023.0,3.0668623447418213,,,,,,,,,,,,,,,,,,,,,,,,,,23461.0,1239.0,-6.0,845.0,-533200370.0,146.0,-10.0,-20.0,13.0,-88.0,13.0
1115,24844.0,53685.0,55686.0,60953.0,51879.0,24033.0,3.0668623447418213,,,,,,,,,,,,,,,,,,,,,,,,,,23471.0,1240.0,-6.0,845.0,-533724658.0,146.0,-10.0,-18.0,33.0,-72.0,19.0
1116,24854.0,54238.0,55395.0,60668.0,52074.0,24043.0,3.0668623447418213,,,,,,,,,,,,,,,,,,,,,,,,,,23511.0,1248.0,-6.0,847.0,-533723634.0,149.0,-6.0,8.0,36.0,31.0,12.0
1117,24864.0,54803.0,55688.0,60477.0,51884.0,24053.0,3.0668623447418213,,,,,,,,,,,,,,,,,,,,,,,,,,23521.0,1250.0,-7.0,848.0,-533723634.0,151.0,-6.0,8.0,42.0,57.0,13.0
1118,24894.0,54855.0,56326.0,59810.0,50982.0,24103.0,3.0668623447418213,,,,,,,,,,,,,,,,,,,,,,,,,,23531.0,1252.0,-7.0,848.0,-534772210.0,151.0,-5.0,9.0,57.0,43.0,13.0
1119,24904.0,55181.0,56093.0,59582.0,51125.0,24113.0,3.07214093208313,,,,,,,,,,,,,,,,,,,,,,,,,,23541.0,1251.0,-6.0,848.0,-534773234.0,148.0,-3.0,13.0,44.0,60.0,18.0
1120,24914.0,54675.0,56251.0,60157.0,51236.0,24123.0,3.07214093208313,,,,,,,,,,,,,,,,,,,,,,,,,,23561.0,1253.0,-6.0,849.0,-534773235.0,147.0,-3.0,13.0,28.0,14.0,7.0
1121,24924.0,54566.0,56561.0,60225.0,50772.0,24133.0,3.07214093208313,,,,,,,,,,,,,,,,,,,,,,,,,,23571.0,1255.0,-6.0,849.0,-534248947.0,147.0,-2.0,13.0,11.0,-23.0,11.0
1122,24954.0,54813.0,56222.0,60078.0,51137.0,24173.0,3.0774195194244385,,,,,,,,,,,,,,,,,,,,,,,,,,23581.0,1256.0,-6.0,851.0,-534773235.0,147.0,-2.0,23.0,9.0,-25.0,6.0
1123,24964.0,54200.0,55780.0,60409.0,51275.0,24183.0,3.082698106765747,,,,,,,,,,,,,,,,,,,,,,,,,,23591.0,1258.0,-6.0,851.0,-534773235.0,147.0,-1.0,24.0,-9.0,-34.0,5.0
1124,24974.0,54376.0,55480.0,60269.0,51572.0,24193.0,3.082698106765747,,,,,,,,,,,,,,,,,,,,,,,,,,23601.0,1252.0,-2.0,851.0,-534248947.0,135.0,5.0,22.0,-9.0,-24.0,0.0
1125,25014.0,53969.0,55582.0,60463.0,51460.0,24213.0,3.0774195194244385,,,,,,,,,,,,,,,,,,,,,,,,,,23611.0,1257.0,-3.0,851.0,-534773235.0,142.0,4.0,21.0,-13.0,-44.0,1.0
1126,25024.0,54500.0,55685.0,60043.0,51296.0,24223.0,3.0774195194244385,,,,,,,,,,,,,,,,,,,,,,,,,,23621.0,1261.0,-3.0,851.0,-534773235.0,146.0,4.0,15.0,-8.0,-40.0,11.0
1127,25034.0,54321.0,55918.0,60187.0,50923.0,24233.0,3.0774195194244385,,,,,,,,,,,,,,,,,,,,,,,,,,23631.0,1262.0,-3.0,851.0,-534772211.0,146.0,5.0,14.0,0.0,-47.0,17.0
1128,25074.0,54455.0,55653.0,59981.0,51235.0,24243.0,3.07214093208313,,,,,,,,,,,,,,,,,,,,,,,,,,23641.0,1263.0,-4.0,851.0,-534772211.0,145.0,5.0,13.0,16.0,-30.0,17.0
1129,25084.0,54307.0,55342.0,60183.0,51610.0,24273.0,3.07214093208313,,,,,,,,,,,,,,,,,,,,,,,,,,23661.0,1267.0,-4.0,851.0,-534772211.0,147.0,4.0,5.0,33.0,-1.0,22.0
1130,25094.0,54588.0,55810.0,59930.0,51154.0,24283.0,3.07214093208313,,,,,,,,,,,,,,,,,,,,,,,,,,23671.0,1269.0,-4.0,851.0,-534772211.0,148.0,4.0,3.0,55.0,27.0,14.0
1131,25124.0,54689.0,55464.0,59899.0,51810.0,24293.0,3.07214093208313,,,,,,,,,,,,,,,,,,,,,,,,,,23681.0,1271.0,-4.0,851.0,-534772211.0,148.0,5.0,1.0,58.0,28.0,5.0
1132,25134.0,55028.0,55473.0,59851.0,51682.0,24323.0,3.07214093208313,,,,,,,,,,,,,,,,,,,,,,,,,,23691.0,1272.0,-4.0,851.0,-535820787.0,149.0,5.0,0.0,30.0,58.0,14.0
1133,25144.0,54528.0,55448.0,60238.0,51830.0,24333.0,3.07214093208313,,,,,,,,,,,,,,,,,,,,,,,,,,23701.0,1268.0,-6.0,851.0,-535821811.0,141.0,3.0,-1.0,18.0,57.0,18.0
1134,25174.0,54444.0,55127.0,60259.0,52249.0,24343.0,3.07214093208313,,,,,,,,,,,,,,,,,,,,,,,,,,23711.0,1269.0,-5.0,851.0,-535821811.0,139.0,5.0,-1.0,10.0,60.0,23.0
1135,25184.0,54604.0,55898.0,60101.0,51495.0,24373.0,3.07214093208313,,,,,,,,,,,,,,,,,,,,,,,,,,23721.0,1270.0,-5.0,851.0,-535821811.0,139.0,5.0,-3.0,9.0,49.0,23.0
1136,25194.0,55626.0,56595.0,59210.0,50795.0,24383.0,3.0668623447418213,,,,,,,,,,,,,,,,,,,,,,,,,,23731.0,1269.0,-7.0,851.0,-535297523.0,134.0,2.0,-5.0,-13.0,32.0,21.0
1137,25244.0,54711.0,55845.0,59878.0,51139.0,24393.0,3.0668623447418213,,,,,,,,,,,,,,,,,,,,,,,,,,23751.0,1271.0,-7.0,849.0,-535296500.0,134.0,3.0,-20.0,-59.0,7.0,30.0
1138,25254.0,55407.0,56326.0,59338.0,50589.0,24413.0,3.07214093208313,,,,,,,,,,,,,,,,,,,,,,,,,,23761.0,1285.0,-5.0,849.0,-535297524.0,154.0,7.0,-22.0,-73.0,-23.0,21.0
1139,25264.0,54080.0,55441.0,60278.0,51282.0,24423.0,3.0668623447418213,,,,,,,,,,,,,,,,,,,,,,,,,,23771.0,1285.0,-4.0,848.0,-535297524.0,151.0,7.0,-24.0,-81.0,-42.0,23.0
1140,25284.0,54484.0,55411.0,59802.0,51028.0,24433.0,3.0668623447418213,,,,,,,,,,,,,,,,,,,,,,,,,,23781.0,1287.0,-8.0,848.0,-534773236.0,152.0,2.0,-26.0,-73.0,-39.0,28.0
1141,25294.0,52783.0,54869.0,61140.0,51410.0,24443.0,3.0668623447418213,,,,,,,,,,,,,,,,,,,,,,,,,,23811.0,1297.0,-5.0,848.0,-534772212.0,161.0,7.0,-26.0,-8.0,26.0,10.0
1142,25304.0,54360.0,55526.0,60347.0,50760.0,24493.0,3.0615837574005127,,,,,,,,,,,,,,,,,,,,,,,,,,23821.0,1299.0,-5.0,848.0,-534773236.0,161.0,8.0,-26.0,-4.0,81.0,23.0
1143,25314.0,53834.0,54608.0,60772.0,51722.0,24503.0,3.0615837574005127,,,,,,,,,,,,,,,,,,,,,,,,,,23831.0,1300.0,-5.0,847.0,-534773236.0,161.0,8.0,-27.0,25.0,104.0,5.0
1144,25354.0,54377.0,55228.0,60622.0,50722.0,24513.0,3.0615837574005127,,,,,,,,,,,,,,,,,,,,,,,,,,23841.0,1299.0,-6.0,846.0,-534248948.0,156.0,7.0,-34.0,42.0,119.0,0.0
1145,25364.0,54165.0,55359.0,60826.0,50478.0,24523.0,3.056305170059204,,,,,,,,,,,,,,,,,,,,,,,,,,23901.0,1314.0,-8.0,843.0,-535295476.0,165.0,7.0,-48.0,27.0,-62.0,8.0
1146,25374.0,54763.0,55282.0,60525.0,50330.0,24573.0,3.0615837574005127,,,,,,,,,,,,,,,,,,,,,,,,,,23921.0,1318.0,-8.0,844.0,-535296500.0,164.0,7.0,-39.0,22.0,-80.0,-3.0
1147,25404.0,55391.0,56445.0,60526.0,49289.0,24583.0,3.0615837574005127,,,,,,,,,,,,,,,,,,,,,,,,,,23931.0,1320.0,-9.0,844.0,-535296500.0,164.0,6.0,-39.0,18.0,-67.0,0.0
1148,25414.0,55076.0,55449.0,60778.0,50581.0,24593.0,3.0615837574005127,,,,,,,,,,,,,,,,,,,,,,,,,,23951.0,1323.0,-9.0,843.0,-535296500.0,164.0,6.0,-38.0,13.0,-9.0,7.0
1149,25434.0,55109.0,55017.0,60702.0,50979.0,24603.0,3.0615837574005127,,,,,,,,,,,,,,,,,,,,,,,,,,23991.0,1321.0,-11.0,840.0,-1073215988.0,149.0,2.0,-43.0,54.0,76.0,32.0
1150,25444.0,55205.0,54676.0,60921.0,51588.0,24623.0,3.0615837574005127,,,,,,,,,,,,,,,,,,,,,,,,,,24001.0,1322.0,-11.0,839.0,-1073215988.0,149.0,2.0,-43.0,63.0,77.0,18.0
1151,25454.0,54725.0,54857.0,61249.0,51456.0,24633.0,3.0615837574005127,,,,,,,,,,,,,,,,,,,,,,,,,,24011.0,1320.0,-10.0,838.0,-1072166389.0,143.0,4.0,-46.0,46.0,57.0,15.0
1152,25464.0,54433.0,54175.0,61455.0,52253.0,24643.0,3.0615837574005127,,,,,,,,,,,,,,,,,,,,,,,,,,24021.0,1322.0,-10.0,838.0,-1072166389.0,142.0,4.0,-47.0,-7.0,35.0,24.0
1153,25484.0,54901.0,55161.0,61169.0,50940.0,24693.0,3.0668623447418213,,,,,,,,,,,,,,,,,,,,,,,,,,24031.0,1325.0,-8.0,837.0,-1072166389.0,145.0,7.0,-46.0,-30.0,-5.0,22.0
1154,25494.0,55071.0,54498.0,61058.0,51883.0,24703.0,3.0615837574005127,,,,,,,,,,,,,,,,,,,,,,,,,,24041.0,1324.0,-9.0,837.0,-1072166389.0,141.0,5.0,-43.0,-62.0,-39.0,30.0
1155,25504.0,55967.0,55283.0,60424.0,50983.0,24713.0,3.0615837574005127,,,,,,,,,,,,,,,,,,,,,,,,,,24051.0,1330.0,-7.0,837.0,-1072166389.0,147.0,7.0,-42.0,-86.0,-63.0,29.0
1156,25564.0,55188.0,55755.0,61492.0,50761.0,24723.0,3.0615837574005127,,,,,,,,,,,,,,,,,,,,,,,,,,24061.0,1335.0,-8.0,836.0,-1073214965.0,151.0,5.0,-42.0,-53.0,-93.0,20.0
1157,25574.0,55372.0,55500.0,61393.0,51073.0,24743.0,3.056305170059204,,,,,,,,,,,,,,,,,,,,,,,,,,24071.0,1337.0,-10.0,836.0,-1073215989.0,152.0,3.0,-41.0,-112.0,-80.0,30.0
1158,25584.0,54949.0,55285.0,61741.0,51068.0,24753.0,3.056305170059204,,,,,,,,,,,,,,,,,,,,,,,,,,24101.0,1344.0,-8.0,835.0,-535296501.0,152.0,5.0,-29.0,-18.0,16.0,18.0
1159,25614.0,56403.0,55622.0,61094.0,51279.0,24763.0,3.056305170059204,,,,,,,,,,,,,,,,,,,,,,,,,,24111.0,1346.0,-8.0,835.0,-535296501.0,152.0,5.0,-25.0,-44.0,15.0,30.0
1160,25624.0,55992.0,55386.0,61486.0,51802.0,24793.0,3.056305170059204,,,,,,,,,,,,,,,,,,,,,,,,,,24121.0,1345.0,-11.0,834.0,-535296502.0,149.0,2.0,-23.0,22.0,45.0,11.0
1161,25634.0,56419.0,55170.0,61143.0,52075.0,24803.0,3.056305170059204,,,,,,,,,,,,,,,,,,,,,,,,,,24131.0,1347.0,-11.0,834.0,-535296502.0,149.0,2.0,-21.0,-12.0,54.0,18.0
1162,25664.0,56072.0,55368.0,61510.0,51907.0,24813.0,3.056305170059204,,,,,,,,,,,,,,,,,,,,,,,,,,24161.0,1346.0,-10.0,835.0,-535295478.0,140.0,4.0,-10.0,1.0,12.0,17.0
1163,25674.0,56135.0,55527.0,61477.0,51712.0,24833.0,3.056305170059204,,,,,,,,,,,,,,,,,,,,,,,,,,24171.0,1347.0,-10.0,835.0,-535295478.0,139.0,4.0,-10.0,-16.0,-14.0,12.0
1164,25684.0,56347.0,55647.0,61528.0,51524.0,24843.0,3.056305170059204,,,,,,,,,,,,,,,,,,,,,,,,,,24181.0,1349.0,-10.0,832.0,-535295478.0,138.0,4.0,-22.0,-9.0,-45.0,13.0
1165,25714.0,55755.0,55155.0,61615.0,51650.0,24853.0,3.056305170059204,,,,,,,,,,,,,,,,,,,,,,,,,,24191.0,1355.0,-10.0,832.0,-535296502.0,145.0,4.0,-22.0,-26.0,-74.0,21.0
1166,25724.0,54987.0,55356.0,62102.0,51390.0,24863.0,3.0510265827178955,,,,,,,,,,,,,,,,,,,,,,,,,,24201.0,1359.0,-10.0,832.0,-535296502.0,153.0,4.0,-22.0,-3.0,-93.0,13.0
1167,25734.0,55231.0,55617.0,62053.0,51236.0,24893.0,3.0510265827178955,,,,,,,,,,,,,,,,,,,,,,,,,,24221.0,1363.0,-10.0,831.0,-535297526.0,153.0,5.0,-28.0,-4.0,-62.0,11.0
1168,25784.0,56282.0,55188.0,61752.0,50777.0,24903.0,3.056305170059204,,,,,,,,,,,,,,,,,,,,,,,,,,24231.0,1367.0,-10.0,831.0,-535821814.0,154.0,5.0,-31.0,16.0,-59.0,1.0
1169,25794.0,56251.0,55486.0,61660.0,49980.0,24913.0,3.056305170059204,,,,,,,,,,,,,,,,,,,,,,,,,,24241.0,1367.0,-10.0,831.0,-535821814.0,154.0,5.0,-31.0,7.0,-39.0,-6.0
1170,25804.0,56109.0,55060.0,61809.0,50277.0,24923.0,3.056305170059204,,,,,,,,,,,,,,,,,,,,,,,,,,24251.0,1367.0,-18.0,830.0,-535821814.0,149.0,-7.0,-31.0,21.0,-9.0,-2.0
1171,25824.0,55517.0,53425.0,62066.0,51486.0,24953.0,3.0510265827178955,,,,,,,,,,,,,,,,,,,,,,,,,,24271.0,1371.0,-15.0,831.0,-535821814.0,152.0,-2.0,-27.0,-3.0,65.0,0.0
1172,25834.0,55303.0,54095.0,62021.0,51145.0,24963.0,3.056305170059204,,,,,,,,,,,,,,,,,,,,,,,,,,24281.0,1371.0,-15.0,831.0,-535821814.0,151.0,-2.0,-27.0,-15.0,69.0,-8.0
1173,25844.0,55491.0,54053.0,61729.0,51437.0,24973.0,3.056305170059204,,,,,,,,,,,,,,,,,,,,,,,,,,24291.0,1374.0,-15.0,830.0,-535297526.0,151.0,-1.0,-29.0,-38.0,81.0,-8.0
1174,25854.0,55475.0,54211.0,61674.0,51304.0,24993.0,3.056305170059204,,,,,,,,,,,,,,,,,,,,,,,,,,24301.0,1374.0,-15.0,830.0,-535297526.0,151.0,-1.0,-29.0,-58.0,64.0,0.0
1175,25904.0,55972.0,55244.0,61228.0,50079.0,25013.0,3.056305170059204,,,,,,,,,,,,,,,,,,,,,,,,,,24311.0,1367.0,-15.0,828.0,-535296502.0,136.0,0.0,-36.0,-76.0,47.0,2.0
1176,25914.0,55371.0,55229.0,61451.0,50324.0,25023.0,3.056305170059204,,,,,,,,,,,,,,,,,,,,,,,,,,24321.0,1366.0,-14.0,828.0,-535296502.0,135.0,1.0,-36.0,-80.0,39.0,9.0
1177,25924.0,55725.0,55552.0,60986.0,50155.0,25033.0,3.056305170059204,,,,,,,,,,,,,,,,,,,,,,,,,,24331.0,1368.0,-14.0,828.0,-534246902.0,133.0,1.0,-40.0,-83.0,9.0,11.0
1178,25934.0,56027.0,55398.0,60545.0,50639.0,25073.0,3.056305170059204,,,,,,,,,,,,,,,,,,,,,,,,,,24341.0,1369.0,-14.0,828.0,-534246902.0,134.0,2.0,-40.0,-85.0,-11.0,20.0
1179,25944.0,55966.0,55698.0,60541.0,50496.0,25083.0,3.056305170059204,,,,,,,,,,,,,,,,,,,,,,,,,,24351.0,1374.0,-16.0,827.0,-534247926.0,137.0,0.0,-38.0,-85.0,-49.0,14.0
1180,25954.0,56268.0,55167.0,60351.0,51000.0,25093.0,3.056305170059204,,,,,,,,,,,,,,,,,,,,,,,,,,24371.0,1383.0,-15.0,827.0,-533199350.0,145.0,2.0,-38.0,-47.0,-94.0,1.0
1181,25964.0,55552.0,55226.0,60830.0,51063.0,25103.0,3.056305170059204,,,,,,,,,,,,,,,,,,,,,,,,,,24381.0,1384.0,-15.0,827.0,-533199350.0,147.0,2.0,-38.0,-57.0,-101.0,3.0
1182,25984.0,56053.0,54381.0,60675.0,51824.0,25123.0,3.056305170059204,,,,,,,,,,,,,,,,,,,,,,,,,,24391.0,1385.0,-14.0,826.0,-533200374.0,146.0,5.0,-36.0,-7.0,-78.0,0.0
1183,25994.0,55824.0,54197.0,60779.0,51882.0,25133.0,3.056305170059204,,,,,,,,,,,,,,,,,,,,,,,,,,24401.0,1386.0,-14.0,824.0,-533724662.0,146.0,6.0,-48.0,33.0,-36.0,-9.0
1184,26004.0,54932.0,54892.0,61476.0,50991.0,25143.0,3.056305170059204,,,,,,,,,,,,,,,,,,,,,,,,,,24421.0,1389.0,-16.0,823.0,-533724662.0,146.0,4.0,-51.0,78.0,38.0,-17.0
1185,26024.0,55637.0,54883.0,61113.0,50599.0,25163.0,3.0510265827178955,,,,,,,,,,,,,,,,,,,,,,,,,,24431.0,1391.0,-15.0,822.0,-533724662.0,148.0,6.0,-52.0,83.0,57.0,-10.0
1186,26034.0,55486.0,54879.0,61321.0,50905.0,25173.0,3.0510265827178955,,,,,,,,,,,,,,,,,,,,,,,,,,24441.0,1393.0,-15.0,822.0,-533724662.0,148.0,7.0,-54.0,104.0,57.0,-22.0
1187,26044.0,55492.0,55384.0,61363.0,50289.0,25183.0,3.0510265827178955,,,,,,,,,,,,,,,,,,,,,,,,,,24451.0,1394.0,-15.0,821.0,-534248950.0,148.0,8.0,-56.0,98.0,58.0,-18.0
1188,26054.0,55653.0,55580.0,61255.0,49907.0,25193.0,3.0510265827178955,,,,,,,,,,,,,,,,,,,,,,,,,,24471.0,1397.0,-15.0,820.0,-534248950.0,148.0,9.0,-58.0,65.0,39.0,-23.0
1189,26084.0,56026.0,55595.0,60973.0,49914.0,25243.0,3.0510265827178955,,,,,,,,,,,,,,,,,,,,,,,,,,24491.0,1385.0,-16.0,818.0,-535296502.0,123.0,7.0,-62.0,1.0,9.0,-21.0
1190,26094.0,55681.0,55518.0,61346.0,49932.0,25253.0,3.056305170059204,,,,,,,,,,,,,,,,,,,,,,,,,,24501.0,1386.0,-16.0,817.0,-535296502.0,123.0,7.0,-62.0,-6.0,-23.0,-18.0
1191,26104.0,56258.0,54280.0,60907.0,51450.0,25263.0,3.0510265827178955,,,,,,,,,,,,,,,,,,,,,,,,,,24511.0,1398.0,-8.0,817.0,-535296502.0,140.0,20.0,-61.0,-2.0,-48.0,-19.0
1192,26134.0,55868.0,54863.0,61420.0,51390.0,25273.0,3.0510265827178955,,,,,,,,,,,,,,,,,,,,,,,,,,24521.0,1399.0,-11.0,816.0,-535296502.0,139.0,15.0,-59.0,-13.0,-63.0,-20.0
1193,26144.0,56210.0,54856.0,61094.0,51605.0,25293.0,3.056305170059204,,,,,,,,,,,,,,,,,,,,,,,,,,24541.0,1405.0,-11.0,816.0,-535297525.0,144.0,16.0,-50.0,22.0,-76.0,-9.0
1194,26154.0,55908.0,54879.0,61546.0,51566.0,25303.0,3.0615837574005127,,,,,,,,,,,,,,,,,,,,,,,,,,24561.0,1407.0,-14.0,815.0,-535821813.0,141.0,11.0,-49.0,68.0,-44.0,-17.0
1195,26184.0,55661.0,54800.0,61577.0,51095.0,25313.0,3.0615837574005127,,,,,,,,,,,,,,,,,,,,,,,,,,24571.0,1410.0,-14.0,813.0,-535820789.0,145.0,11.0,-55.0,76.0,-28.0,-9.0
1196,26194.0,55827.0,54409.0,61457.0,51114.0,25353.0,3.0615837574005127,,,,,,,,,,,,,,,,,,,,,,,,,,24581.0,1408.0,-13.0,813.0,-536870389.0,140.0,13.0,-53.0,86.0,8.0,-17.0
1197,26204.0,55422.0,55327.0,61811.0,49954.0,25363.0,3.0615837574005127,,,,,,,,,,,,,,,,,,,,,,,,,,24591.0,1412.0,-13.0,812.0,-536869365.0,143.0,12.0,-51.0,83.0,19.0,-18.0
1198,26254.0,54310.0,53018.0,62859.0,50413.0,25373.0,3.0615837574005127,,,,,,,,,,,,,,,,,,,,,,,,,,24621.0,1415.0,-12.0,811.0,-1072692725.0,143.0,12.0,-49.0,35.0,49.0,-24.0
1199,26264.0,54306.0,53543.0,63059.0,49668.0,25383.0,3.056305170059204,,,,,,,,,,,,,,,,,,,,,,,,,,24631.0,1417.0,-12.0,811.0,-1072692725.0,143.0,12.0,-49.0,17.0,36.0,-16.0
1200,26274.0,54904.0,53587.0,62934.0,49316.0,25393.0,3.056305170059204,,,,,,,,,,,,,,,,,,,,,,,,,,24641.0,1418.0,-12.0,810.0,-1072692725.0,143.0,12.0,-48.0,6.0,15.0,-9.0
1201,26314.0,55000.0,54234.0,62687.0,48447.0,25403.0,3.056305170059204,,,,,,,,,,,,,,,,,,,,,,,,,,24651.0,1410.0,-13.0,810.0,-1072168437.0,128.0,11.0,-45.0,-12.0,20.0,0.0
1202,26324.0,54408.0,52796.0,62942.0,50040.0,25413.0,3.056305170059204,,,,,,,,,,,,,,,,,,,,,,,,,,24671.0,1413.0,-12.0,810.0,-1072167413.0,127.0,10.0,-47.0,-45.0,25.0,-14.0
1203,26334.0,54852.0,52709.0,62991.0,50225.0,25423.0,3.0510265827178955,,,,,,,,,,,,,,,,,,,,,,,,,,24691.0,1421.0,-9.0,809.0,-1072168437.0,136.0,15.0,-49.0,-27.0,-9.0,-4.0
1204,26344.0,55598.0,53426.0,62612.0,49805.0,25433.0,3.056305170059204,,,,,,,,,,,,,,,,,,,,,,,,,,24701.0,1424.0,-7.0,809.0,-1073217013.0,138.0,18.0,-45.0,-15.0,-19.0,-6.0
1205,26364.0,56848.0,54382.0,61534.0,50674.0,25443.0,3.0510265827178955,,,,,,,,,,,,,,,,,,,,,,,,,,24711.0,1427.0,-7.0,809.0,-1073217013.0,141.0,17.0,-45.0,32.0,-45.0,-2.0
1206,26374.0,56853.0,54233.0,61395.0,51173.0,25453.0,3.0510265827178955,,,,,,,,,,,,,,,,,,,,,,,,,,24721.0,1429.0,-5.0,808.0,-1073217013.0,141.0,20.0,-45.0,56.0,-22.0,-10.0
1207,26384.0,56637.0,54226.0,61539.0,51031.0,25463.0,3.0510265827178955,,,,,,,,,,,,,,,,,,,,,,,,,,24741.0,1432.0,-7.0,806.0,-1072692725.0,142.0,17.0,-52.0,114.0,-15.0,-16.0
1208,26414.0,56424.0,54044.0,62108.0,50850.0,25483.0,3.045747995376587,,,,,,,,,,,,,,,,,,,,,,,,,,24751.0,1435.0,-8.0,806.0,-1072692725.0,144.0,15.0,-53.0,144.0,-15.0,-27.0
1209,26424.0,55642.0,54115.0,62688.0,50950.0,25493.0,3.045747995376587,,,,,,,,,,,,,,,,,,,,,,,,,,24761.0,1436.0,-8.0,805.0,-1071644148.0,144.0,13.0,-53.0,146.0,-18.0,-22.0
1210,26434.0,55219.0,54370.0,62968.0,51246.0,25503.0,3.045747995376587,,,,,,,,,,,,,,,,,,,,,,,,,,24771.0,1437.0,-8.0,805.0,-1071644148.0,143.0,13.0,-53.0,114.0,17.0,-5.0
1211,26464.0,56108.0,55001.0,62201.0,51067.0,25513.0,3.045747995376587,,,,,,,,,,,,,,,,,,,,,,,,,,24791.0,1439.0,-7.0,804.0,-1070595572.0,142.0,12.0,-51.0,49.0,7.0,9.0
1212,26474.0,56130.0,55232.0,62134.0,50921.0,25563.0,3.0510265827178955,,,,,,,,,,,,,,,,,,,,,,,,,,24801.0,1439.0,-7.0,804.0,-1070595572.0,140.0,11.0,-51.0,3.0,22.0,11.0
1213,26484.0,56698.0,54961.0,61710.0,51299.0,25573.0,3.0510265827178955,,,,,,,,,,,,,,,,,,,,,,,,,,24811.0,1441.0,-7.0,803.0,-1070595572.0,140.0,10.0,-51.0,-30.0,38.0,13.0
1214,26504.0,56630.0,54539.0,61661.0,51921.0,25583.0,3.0510265827178955,,,,,,,,,,,,,,,,,,,,,,,,,,24821.0,1442.0,-7.0,803.0,-1070071284.0,140.0,10.0,-51.0,-85.0,58.0,16.0
1215,26524.0,56878.0,54807.0,61719.0,51963.0,25593.0,3.0404694080352783,,,,,,,,,,,,,,,,,,,,,,,,,,24841.0,1440.0,-4.0,800.0,-1070070260.0,133.0,12.0,-59.0,-121.0,36.0,19.0
1216,26534.0,56301.0,55100.0,62077.0,51628.0,25613.0,3.0404694080352783,,,,,,,,,,,,,,,,,,,,,,,,,,24851.0,1447.0,-4.0,799.0,-1071118837.0,141.0,12.0,-59.0,-109.0,12.0,21.0
1217,26594.0,55719.0,55381.0,62342.0,51363.0,25623.0,3.0351908206939697,,,,,,,,,,,,,,,,,,,,,,,,,,24861.0,1448.0,-5.0,798.0,-1071118837.0,141.0,8.0,-59.0,-82.0,0.0,19.0
1218,26604.0,55907.0,55360.0,62208.0,51175.0,25633.0,3.0351908206939697,,,,,,,,,,,,,,,,,,,,,,,,,,24871.0,1450.0,-5.0,798.0,-1072167413.0,141.0,8.0,-55.0,-34.0,-7.0,23.0
1219,26614.0,55491.0,55551.0,62388.0,50846.0,25663.0,3.0351908206939697,,,,,,,,,,,,,,,,,,,,,,,,,,24881.0,1451.0,-5.0,798.0,-1072167413.0,140.0,8.0,-53.0,3.0,-11.0,23.0
1220,26644.0,56347.0,54139.0,61658.0,52447.0,25673.0,3.0351908206939697,,,,,,,,,,,,,,,,,,,,,,,,,,24901.0,1458.0,-6.0,796.0,-1072167413.0,144.0,5.0,-50.0,21.0,26.0,28.0
1221,26654.0,56360.0,55125.0,61547.0,51386.0,25683.0,3.029912233352661,,,,,,,,,,,,,,,,,,,,,,,,,,24911.0,1459.0,-6.0,794.0,-1072167413.0,144.0,5.0,-56.0,28.0,33.0,24.0
1222,26664.0,56176.0,54585.0,61615.0,51968.0,25693.0,3.029912233352661,,,,,,,,,,,,,,,,,,,,,,,,,,24921.0,1456.0,-7.0,794.0,-1072167413.0,136.0,2.0,-55.0,13.0,28.0,26.0
1223,26724.0,56090.0,54642.0,60905.0,51283.0,25713.0,3.0351908206939697,,,,,,,,,,,,,,,,,,,,,,,,,,24941.0,1458.0,-7.0,793.0,-1071118837.0,134.0,1.0,-56.0,0.0,14.0,22.0
1224,26734.0,55526.0,54672.0,61256.0,51237.0,25723.0,3.0351908206939697,,,,,,,,,,,,,,,,,,,,,,,,,,24951.0,1458.0,-9.0,792.0,-1071118837.0,132.0,-1.0,-56.0,-24.0,0.0,31.0
1225,26794.0,55701.0,55113.0,61168.0,51567.0,25733.0,3.0351908206939697,,,,,,,,,,,,,,,,,,,,,,,,,,24961.0,1461.0,-9.0,793.0,-1071118838.0,134.0,-1.0,-48.0,-64.0,-3.0,31.0
1226,26804.0,56696.0,55371.0,60314.0,51255.0,25783.0,3.0351908206939697,,,,,,,,,,,,,,,,,,,,,,,,,,24971.0,1463.0,-10.0,792.0,-1072167414.0,135.0,-3.0,-47.0,-93.0,1.0,34.0
1227,26814.0,55141.0,54407.0,61278.0,52096.0,25793.0,3.0404694080352783,,,,,,,,,,,,,,,,,,,,,,,,,,24981.0,1465.0,-9.0,792.0,-1072167414.0,135.0,-2.0,-46.0,-109.0,-6.0,31.0
1228,26844.0,55600.0,55071.0,60724.0,51698.0,25803.0,3.0404694080352783,,,,,,,,,,,,,,,,,,,,,,,,,,25011.0,1475.0,-8.0,790.0,-536345078.0,143.0,0.0,-45.0,-95.0,-5.0,15.0
1229,26854.0,55830.0,55325.0,60754.0,52023.0,25833.0,3.0404694080352783,,,,,,,,,,,,,,,,,,,,,,,,,,25021.0,1475.0,-8.0,790.0,-536345078.0,144.0,-1.0,-45.0,-69.0,3.0,25.0
1230,26864.0,54721.0,55739.0,61544.0,51511.0,25843.0,3.0404694080352783,,,,,,,,,,,,,,,,,,,,,,,,,,25031.0,1476.0,-10.0,789.0,-535296502.0,142.0,-4.0,-44.0,-41.0,3.0,25.0
1231,26874.0,55796.0,55996.0,60853.0,51478.0,25853.0,3.0404694080352783,,,,,,,,,,,,,,,,,,,,,,,,,,25041.0,1476.0,-9.0,789.0,-535296502.0,141.0,-2.0,-41.0,-16.0,19.0,17.0
1232,26934.0,55555.0,55833.0,61220.0,52375.0,25863.0,3.0404694080352783,,,,,,,,,,,,,,,,,,,,,,,,,,25061.0,1480.0,-8.0,788.0,-535296502.0,142.0,0.0,-40.0,25.0,22.0,14.0
1233,26944.0,55595.0,55534.0,61070.0,52453.0,25883.0,3.045747995376587,,,,,,,,,,,,,,,,,,,,,,,,,,25071.0,1481.0,-9.0,788.0,-535296502.0,141.0,-2.0,-41.0,32.0,31.0,14.0
1234,26954.0,55973.0,54992.0,60800.0,53095.0,25903.0,3.0404694080352783,,,,,,,,,,,,,,,,,,,,,,,,,,25081.0,1482.0,-9.0,787.0,-535296502.0,141.0,-2.0,-43.0,6.0,33.0,22.0
1235,26994.0,55349.0,55844.0,60772.0,52521.0,25913.0,3.0404694080352783,,,,,,,,,,,,,,,,,,,,,,,,,,25091.0,1484.0,-9.0,787.0,-535296503.0,140.0,-1.0,-43.0,-17.0,16.0,13.0
1236,27004.0,55729.0,56582.0,60444.0,51711.0,25923.0,3.0404694080352783,,,,,,,,,,,,,,,,,,,,,,,,,,25101.0,1485.0,-9.0,787.0,-535296503.0,140.0,-1.0,-43.0,-36.0,0.0,12.0
1237,27014.0,55650.0,56979.0,60430.0,51254.0,25933.0,3.0404694080352783,,,,,,,,,,,,,,,,,,,,,,,,,,25121.0,1489.0,-11.0,786.0,-535296503.0,141.0,-4.0,-46.0,-37.0,-25.0,3.0
1238,27024.0,54839.0,56666.0,61031.0,51524.0,25943.0,3.0404694080352783,,,,,,,,,,,,,,,,,,,,,,,,,,25131.0,1492.0,-13.0,785.0,-535296503.0,143.0,-6.0,-49.0,-46.0,-29.0,19.0
1239,27034.0,54016.0,56002.0,61307.0,52115.0,25953.0,3.0404694080352783,,,,,,,,,,,,,,,,,,,,,,,,,,25141.0,1493.0,-13.0,784.0,-535296503.0,143.0,-6.0,-50.0,-34.0,-33.0,15.0
1240,27054.0,54804.0,56700.0,60714.0,51142.0,25963.0,3.0404694080352783,,,,,,,,,,,,,,,,,,,,,,,,,,25151.0,1497.0,-13.0,784.0,-535296503.0,146.0,-5.0,-53.0,-19.0,-34.0,4.0
1241,27064.0,54835.0,57002.0,60652.0,50623.0,25983.0,3.0404694080352783,,,,,,,,,,,,,,,,,,,,,,,,,,25171.0,1500.0,-13.0,785.0,-535296503.0,145.0,-4.0,-43.0,-3.0,-13.0,0.0
1242,27074.0,54887.0,56503.0,60839.0,51762.0,25993.0,3.0404694080352783,,,,,,,,,,,,,,,,,,,,,,,,,,25181.0,1504.0,-13.0,785.0,-534248951.0,150.0,-3.0,-44.0,37.0,-23.0,1.0
1243,27164.0,55393.0,55797.0,61136.0,53500.0,26003.0,3.0404694080352783,,,,,,,,,,,,,,,,,,,,,,,,,,25191.0,1506.0,-13.0,784.0,-534248951.0,150.0,-3.0,-44.0,24.0,-10.0,1.0
1244,27184.0,55317.0,57393.0,61162.0,51960.0,26013.0,3.0404694080352783,,,,,,,,,,,,,,,,,,,,,,,,,,25201.0,1506.0,-14.0,784.0,-535297527.0,148.0,-5.0,-44.0,55.0,-10.0,-5.0
1245,27264.0,55640.0,56805.0,60934.0,52124.0,26043.0,3.0404694080352783,,,,,,,,,,,,,,,,,,,,,,,,,,25221.0,1510.0,-17.0,783.0,-535297527.0,149.0,-9.0,-42.0,49.0,2.0,19.0
1246,27274.0,55391.0,56333.0,61006.0,52715.0,26053.0,3.0404694080352783,,,,,,,,,,,,,,,,,,,,,,,,,,25241.0,1513.0,-17.0,782.0,-536346103.0,149.0,-9.0,-42.0,106.0,-22.0,14.0
1247,27284.0,55293.0,56111.0,60797.0,52349.0,26063.0,3.0404694080352783,,,,,,,,,,,,,,,,,,,,,,,,,,25251.0,1510.0,-19.0,782.0,-1073217015.0,142.0,-10.0,-41.0,22.0,9.0,16.0
1248,27334.0,55343.0,57316.0,60159.0,50875.0,26073.0,3.0404694080352783,,,,,,,,,,,,,,,,,,,,,,,,,,25261.0,1512.0,-19.0,783.0,-1073217015.0,142.0,-11.0,-30.0,13.0,1.0,20.0
1249,27344.0,55887.0,56503.0,59688.0,51889.0,26083.0,3.0404694080352783,,,,,,,,,,,,,,,,,,,,,,,,,,25271.0,1513.0,-19.0,783.0,-1072168439.0,142.0,-11.0,-29.0,-17.0,17.0,12.0
1250,27354.0,54530.0,57126.0,60267.0,51731.0,26093.0,3.0404694080352783,,,,,,,,,,,,,,,,,,,,,,,,,,25291.0,1510.0,-17.0,782.0,-1073215991.0,131.0,-8.0,-28.0,-130.0,8.0,36.0
1251,27364.0,54353.0,57096.0,60469.0,51578.0,26103.0,3.0404694080352783,,,,,,,,,,,,,,,,,,,,,,,,,,25301.0,1511.0,-17.0,779.0,-536345079.0,131.0,-8.0,-40.0,-182.0,25.0,50.0
1252,27404.0,54903.0,55693.0,60351.0,53060.0,26113.0,3.0404694080352783,,,,,,,,,,,,,,,,,,,,,,,,,,25311.0,1512.0,-17.0,779.0,-535296503.0,131.0,-8.0,-40.0,-161.0,46.0,59.0
1253,27414.0,54572.0,56059.0,60805.0,52615.0,26133.0,3.0351908206939697,,,,,,,,,,,,,,,,,,,,,,,,,,25321.0,1529.0,-11.0,779.0,-534248952.0,155.0,1.0,-39.0,-158.0,43.0,61.0
1254,27424.0,55123.0,56278.0,60388.0,52349.0,26143.0,3.0351908206939697,,,,,,,,,,,,,,,,,,,,,,,,,,25351.0,1533.0,-14.0,777.0,-533199352.0,154.0,0.0,-41.0,-76.0,66.0,76.0
1255,27434.0,54131.0,55613.0,61130.0,53016.0,26153.0,3.029912233352661,,,,,,,,,,,,,,,,,,,,,,,,,,25361.0,1535.0,-12.0,776.0,-533199353.0,155.0,2.0,-40.0,-30.0,86.0,79.0
1256,27474.0,55089.0,57220.0,60697.0,50971.0,26163.0,3.029912233352661,,,,,,,,,,,,,,,,,,,,,,,,,,25371.0,1537.0,-12.0,776.0,-532150777.0,155.0,3.0,-40.0,4.0,101.0,87.0
1257,27484.0,55828.0,57316.0,60135.0,50859.0,26183.0,3.029912233352661,,,,,,,,,,,,,,,,,,,,,,,,,,25381.0,1538.0,-12.0,775.0,-532149753.0,155.0,4.0,-40.0,35.0,110.0,79.0
1258,27494.0,54856.0,56771.0,60878.0,51484.0,26193.0,3.0351908206939697,,,,,,,,,,,,,,,,,,,,,,,,,,25391.0,1540.0,-12.0,774.0,-532149754.0,154.0,5.0,-45.0,52.0,112.0,78.0
1259,27504.0,55991.0,56035.0,59964.0,52154.0,26203.0,3.0351908206939697,,,,,,,,,,,,,,,,,,,,,,,,,,25401.0,1537.0,-24.0,773.0,-533197306.0,147.0,-13.0,-45.0,66.0,90.0,84.0
1260,27544.0,56054.0,56093.0,59953.0,51383.0,26253.0,3.045747995376587,,,,,,,,,,,,,,,,,,,,,,,,,,25411.0,1539.0,-25.0,773.0,-533197306.0,147.0,-12.0,-46.0,69.0,79.0,76.0
1261,27554.0,56221.0,56203.0,59700.0,51412.0,26263.0,3.045747995376587,,,,,,,,,,,,,,,,,,,,,,,,,,25421.0,1539.0,-25.0,773.0,-534245882.0,143.0,-12.0,-48.0,67.0,19.0,72.0
1262,27564.0,55373.0,55014.0,60434.0,52668.0,26273.0,3.045747995376587,,,,,,,,,,,,,,,,,,,,,,,,,,25441.0,1542.0,-25.0,773.0,-534244859.0,142.0,-10.0,-44.0,-38.0,-49.0,68.0
1263,27594.0,55350.0,54775.0,60797.0,52163.0,26283.0,3.0510265827178955,,,,,,,,,,,,,,,,,,,,,,,,,,25451.0,1544.0,-25.0,772.0,-534245883.0,142.0,-9.0,-45.0,-105.0,-52.0,74.0
1264,27604.0,54161.0,55011.0,61672.0,51714.0,26313.0,3.045747995376587,,,,,,,,,,,,,,,,,,,,,,,,,,25461.0,1548.0,-24.0,772.0,-533197308.0,145.0,-8.0,-45.0,-73.0,-72.0,49.0
1265,27614.0,55159.0,55673.0,61014.0,50887.0,26323.0,3.0510265827178955,,,,,,,,,,,,,,,,,,,,,,,,,,25491.0,1552.0,-30.0,772.0,-533198332.0,142.0,-15.0,-37.0,-59.0,-86.0,51.0
1266,27664.0,55820.0,56181.0,60931.0,49515.0,26333.0,3.0510265827178955,,,,,,,,,,,,,,,,,,,,,,,,,,25501.0,1556.0,-29.0,772.0,-532149756.0,145.0,-12.0,-38.0,-8.0,-67.0,50.0
1267,27704.0,56248.0,55283.0,60241.0,50820.0,26363.0,3.0351908206939697,,,,,,,,,,,,,,,,,,,,,,,,,,25511.0,1556.0,-30.0,771.0,-532149757.0,142.0,-12.0,-38.0,0.0,-61.0,61.0
1268,27794.0,55648.0,56362.0,61219.0,50639.0,26373.0,3.0351908206939697,,,,,,,,,,,,,,,,,,,,,,,,,,25521.0,1557.0,-32.0,770.0,-532149757.0,141.0,-13.0,-44.0,37.0,-38.0,74.0
1269,27804.0,56066.0,56346.0,60859.0,50415.0,26383.0,3.0351908206939697,,,,,,,,,,,,,,,,,,,,,,,,,,25541.0,1560.0,-30.0,769.0,-533199357.0,141.0,-9.0,-43.0,39.0,1.0,58.0
1270,27814.0,55602.0,56521.0,61011.0,50100.0,26413.0,3.0351908206939697,,,,,,,,,,,,,,,,,,,,,,,,,,25561.0,1563.0,-30.0,765.0,-533199358.0,140.0,-7.0,-56.0,6.0,23.0,47.0
1271,27844.0,54645.0,55526.0,61259.0,50755.0,26423.0,3.0351908206939697,,,,,,,,,,,,,,,,,,,,,,,,,,25571.0,1564.0,-31.0,765.0,-533199358.0,140.0,-6.0,-56.0,-18.0,51.0,48.0
1272,27854.0,55902.0,55684.0,60373.0,50460.0,26443.0,3.029912233352661,,,,,,,,,,,,,,,,,,,,,,,,,,25581.0,1557.0,-28.0,764.0,-533198334.0,125.0,-1.0,-54.0,-23.0,8.0,55.0
1273,27864.0,55686.0,54945.0,60599.0,51155.0,26463.0,3.0246336460113525,,,,,,,,,,,,,,,,,,,,,,,,,,25591.0,1558.0,-28.0,764.0,-533198334.0,125.0,0.0,-52.0,-14.0,-2.0,57.0
1274,27874.0,56817.0,55007.0,59492.0,50913.0,26473.0,3.0246336460113525,,,,,,,,,,,,,,,,,,,,,,,,,,25601.0,1560.0,-28.0,763.0,-533198335.0,124.0,0.0,-55.0,13.0,-25.0,52.0
1275,27884.0,57163.0,55116.0,59433.0,51078.0,26483.0,3.0246336460113525,,,,,,,,,,,,,,,,,,,,,,,,,,25611.0,1558.0,-32.0,762.0,-533198335.0,120.0,-5.0,-55.0,30.0,-63.0,45.0
1276,27924.0,55692.0,55397.0,60793.0,50929.0,26503.0,3.0246336460113525,,,,,,,,,,,,,,,,,,,,,,,,,,25621.0,1561.0,-34.0,761.0,-533198335.0,122.0,-6.0,-54.0,48.0,-121.0,39.0
1277,27934.0,55389.0,55309.0,61067.0,50894.0,26513.0,3.0246336460113525,,,,,,,,,,,,,,,,,,,,,,,,,,25631.0,1562.0,-34.0,761.0,-533198335.0,121.0,-5.0,-54.0,57.0,-150.0,28.0
1278,27944.0,55751.0,55077.0,61099.0,51189.0,26523.0,3.0246336460113525,,,,,,,,,,,,,,,,,,,,,,,,,,25641.0,1563.0,-32.0,760.0,-533199359.0,119.0,-3.0,-55.0,43.0,-176.0,34.0
1279,27974.0,54651.0,55881.0,61781.0,50077.0,26533.0,3.0246336460113525,,,,,,,,,,,,,,,,,,,,,,,,,,25661.0,1567.0,-34.0,759.0,-533724671.0,122.0,-3.0,-53.0,39.0,-176.0,30.0
1280,27984.0,54785.0,55906.0,61650.0,49714.0,26593.0,3.0246336460113525,,,,,,,,,,,,,,,,,,,,,,,,,,25671.0,1572.0,-34.0,758.0,-534772224.0,129.0,-3.0,-52.0,34.0,-158.0,36.0
1281,27994.0,54840.0,55125.0,61745.0,50483.0,26603.0,3.0246336460113525,,,,,,,,,,,,,,,,,,,,,,,,,,25681.0,1574.0,-34.0,758.0,-534771200.0,130.0,-2.0,-50.0,17.0,-129.0,38.0
1282,28004.0,55230.0,55463.0,60982.0,50878.0,26613.0,3.0246336460113525,,,,,,,,,,,,,,,,,,,,,,,,,,25691.0,1575.0,-34.0,758.0,-534771200.0,130.0,-2.0,-46.0,18.0,-89.0,34.0
1283,28024.0,56839.0,54782.0,60059.0,50584.0,26643.0,3.0246336460113525,,,,,,,,,,,,,,,,,,,,,,,,,,25701.0,1584.0,-29.0,757.0,-534770176.0,144.0,6.0,-44.0,15.0,-66.0,33.0
1284,28034.0,55664.0,55207.0,60447.0,50861.0,26653.0,3.0246336460113525,,,,,,,,,,,,,,,,,,,,,,,,,,25711.0,1586.0,-29.0,757.0,-534770688.0,146.0,7.0,-42.0,2.0,21.0,36.0
1285,28044.0,56040.0,55546.0,59876.0,50467.0,26663.0,3.0246336460113525,,,,,,,,,,,,,,,,,,,,,,,,,,25721.0,1587.0,-29.0,757.0,-534770688.0,146.0,8.0,-40.0,-14.0,89.0,29.0
1286,28094.0,55426.0,55086.0,60413.0,50849.0,26673.0,3.0246336460113525,,,,,,,,,,,,,,,,,,,,,,,,,,25731.0,1591.0,-29.0,755.0,-534770688.0,148.0,8.0,-45.0,-32.0,114.0,31.0
1287,28104.0,55544.0,55685.0,60348.0,50220.0,26713.0,3.029912233352661,,,,,,,,,,,,,,,,,,,,,,,,,,25751.0,1593.0,-30.0,754.0,-534771711.0,148.0,8.0,-43.0,-7.0,133.0,26.0
1288,28134.0,54828.0,54995.0,61037.0,51078.0,26723.0,3.029912233352661,,,,,,,,,,,,,,,,,,,,,,,,,,25781.0,1595.0,-35.0,752.0,-534772735.0,147.0,1.0,-41.0,36.0,59.0,46.0
1289,28144.0,55190.0,55713.0,61014.0,50634.0,26733.0,3.029912233352661,,,,,,,,,,,,,,,,,,,,,,,,,,25791.0,1595.0,-34.0,752.0,-534773759.0,145.0,3.0,-39.0,63.0,41.0,33.0
1290,28154.0,55019.0,55405.0,61144.0,51118.0,26743.0,3.029912233352661,,,,,,,,,,,,,,,,,,,,,,,,,,25801.0,1597.0,-34.0,751.0,-534773759.0,146.0,3.0,-38.0,38.0,50.0,41.0
1291,28214.0,56699.0,55605.0,60589.0,51536.0,26783.0,3.0351908206939697,,,,,,,,,,,,,,,,,,,,,,,,,,25811.0,1602.0,-34.0,751.0,-534773759.0,152.0,3.0,-35.0,-6.0,42.0,50.0
1292,28224.0,56201.0,55786.0,60904.0,51331.0,26793.0,3.029912233352661,,,,,,,,,,,,,,,,,,,,,,,,,,25831.0,1605.0,-35.0,752.0,-534773758.0,153.0,3.0,-26.0,-58.0,3.0,26.0
1293,28234.0,55936.0,55594.0,60951.0,51115.0,26803.0,3.029912233352661,,,,,,,,,,,,,,,,,,,,,,,,,,25841.0,1606.0,-35.0,751.0,-534773758.0,151.0,3.0,-25.0,-89.0,-9.0,29.0
1294,28274.0,56034.0,55457.0,60955.0,51067.0,26813.0,3.029912233352661,,,,,,,,,,,,,,,,,,,,,,,,,,25851.0,1609.0,-35.0,751.0,-534773758.0,153.0,3.0,-24.0,-47.0,-26.0,22.0
1295,28284.0,56093.0,55529.0,60872.0,51009.0,26823.0,3.0246336460113525,,,,,,,,,,,,,,,,,,,,,,,,,,25901.0,1613.0,-35.0,749.0,-534249470.0,149.0,6.0,-20.0,49.0,39.0,16.0
1296,28294.0,55840.0,55401.0,60830.0,50983.0,26853.0,3.029912233352661,,,,,,,,,,,,,,,,,,,,,,,,,,25911.0,1615.0,-35.0,749.0,-534249470.0,149.0,7.0,-19.0,84.0,33.0,5.0
1297,28344.0,55035.0,54752.0,61459.0,51713.0,26863.0,3.029912233352661,,,,,,,,,,,,,,,,,,,,,,,,,,25921.0,1616.0,-35.0,749.0,-534249470.0,149.0,7.0,-17.0,86.0,0.0,-7.0
1298,28354.0,55239.0,54844.0,61287.0,51599.0,26873.0,3.0246336460113525,,,,,,,,,,,,,,,,,,,,,,,,,,25931.0,1617.0,-42.0,749.0,-534249470.0,146.0,-3.0,-16.0,105.0,-2.0,-14.0
1299,28364.0,56083.0,55662.0,60437.0,50462.0,26883.0,3.0246336460113525,,,,,,,,,,,,,,,,,,,,,,,,,,25941.0,1620.0,-42.0,749.0,-535298046.0,150.0,-3.0,-17.0,90.0,-14.0,-16.0
1300,28404.0,54835.0,54808.0,61404.0,51329.0,26923.0,3.019355058670044,,,,,,,,,,,,,,,,,,,,,,,,,,25951.0,1623.0,-41.0,748.0,-535298046.0,152.0,-1.0,-16.0,47.0,-81.0,-14.0
1301,28414.0,54985.0,54610.0,61429.0,51837.0,26933.0,3.019355058670044,,,,,,,,,,,,,,,,,,,,,,,,,,25961.0,1625.0,-41.0,748.0,-535298046.0,153.0,0.0,-17.0,58.0,-63.0,-19.0
1302,28424.0,54873.0,54885.0,61604.0,51510.0,26943.0,3.019355058670044,,,,,,,,,,,,,,,,,,,,,,,,,,25991.0,1630.0,-40.0,748.0,-536869886.0,153.0,0.0,-14.0,-35.0,-42.0,-2.0
1303,28474.0,55397.0,55201.0,61851.0,51796.0,26953.0,3.019355058670044,,,,,,,,,,,,,,,,,,,,,,,,,,26001.0,1633.0,-40.0,748.0,-536869886.0,155.0,1.0,-14.0,-43.0,-2.0,1.0
1304,28484.0,54952.0,55125.0,61916.0,51641.0,26963.0,3.019355058670044,,,,,,,,,,,,,,,,,,,,,,,,,,26011.0,1633.0,-41.0,748.0,-535821310.0,154.0,0.0,-12.0,-56.0,-1.0,9.0
1305,28494.0,55315.0,55198.0,61739.0,51744.0,27003.0,3.019355058670044,,,,,,,,,,,,,,,,,,,,,,,,,,26041.0,1636.0,-40.0,747.0,-535821310.0,152.0,1.0,-17.0,-28.0,33.0,9.0
1306,28564.0,56679.0,55355.0,60767.0,51995.0,27013.0,3.019355058670044,,,,,,,,,,,,,,,,,,,,,,,,,,26051.0,1636.0,-42.0,747.0,-535821310.0,149.0,-1.0,-15.0,22.0,43.0,8.0
1307,28574.0,55848.0,55386.0,60847.0,51505.0,27023.0,3.019355058670044,,,,,,,,,,,,,,,,,,,,,,,,,,26061.0,1637.0,-42.0,746.0,-535822334.0,149.0,-1.0,-14.0,23.0,43.0,7.0
1308,28584.0,56219.0,55656.0,60459.0,51262.0,27043.0,3.0246336460113525,,,,,,,,,,,,,,,,,,,,,,,,,,26091.0,1643.0,-42.0,746.0,-535822334.0,152.0,0.0,-16.0,42.0,-30.0,8.0
1309,28624.0,55914.0,55537.0,60455.0,50697.0,27053.0,3.0246336460113525,,,,,,,,,,,,,,,,,,,,,,,,,,26101.0,1647.0,-42.0,746.0,-535822334.0,157.0,0.0,-16.0,13.0,-35.0,11.0
1310,28634.0,56169.0,55497.0,60244.0,50881.0,27063.0,3.0246336460113525,,,,,,,,,,,,,,,,,,,,,,,,,,26111.0,1648.0,-43.0,745.0,-536870910.0,156.0,-1.0,-16.0,20.0,-23.0,10.0
1311,28644.0,54992.0,55605.0,61264.0,50632.0,27073.0,3.0246336460113525,,,,,,,,,,,,,,,,,,,,,,,,,,26131.0,1652.0,-43.0,744.0,-536869886.0,157.0,0.0,-22.0,13.0,-11.0,0.0
1312,28704.0,54340.0,55803.0,62342.0,51187.0,27103.0,3.0246336460113525,,,,,,,,,,,,,,,,,,,,,,,,,,26141.0,1655.0,-42.0,743.0,-536869886.0,159.0,1.0,-22.0,-27.0,-5.0,0.0
1313,28714.0,55142.0,55559.0,61819.0,51509.0,27163.0,3.0140764713287354,,,,,,,,,,,,,,,,,,,,,,,,,,26151.0,1656.0,-42.0,743.0,-536869886.0,159.0,1.0,-20.0,-30.0,-10.0,4.0
1314,28724.0,56080.0,55056.0,61382.0,52442.0,27173.0,3.0140764713287354,,,,,,,,,,,,,,,,,,,,,,,,,,26161.0,1657.0,-41.0,743.0,-536869886.0,157.0,2.0,-16.0,-18.0,0.0,5.0
1315,28754.0,57079.0,56243.0,61066.0,51812.0,27183.0,3.0140764713287354,,,,,,,,,,,,,,,,,,,,,,,,,,26181.0,1658.0,-43.0,743.0,-535821310.0,155.0,0.0,-11.0,-7.0,28.0,14.0
1316,28774.0,57135.0,56168.0,61446.0,52036.0,27193.0,3.0140764713287354,,,,,,,,,,,,,,,,,,,,,,,,,,26191.0,1660.0,-43.0,743.0,-535821310.0,155.0,0.0,-10.0,-17.0,37.0,18.0
1317,28784.0,56474.0,56100.0,61984.0,52031.0,27223.0,3.0087978839874268,,,,,,,,,,,,,,,,,,,,,,,,,,26201.0,1661.0,-43.0,742.0,-535822333.0,155.0,0.0,-17.0,14.0,48.0,17.0
1318,28794.0,55849.0,56580.0,62207.0,51151.0,27253.0,3.0087978839874268,,,,,,,,,,,,,,,,,,,,,,,,,,26211.0,1663.0,-43.0,742.0,-535822333.0,155.0,0.0,-18.0,12.0,50.0,13.0
1319,28844.0,55770.0,55353.0,62412.0,52972.0,27263.0,3.0087978839874268,,,,,,,,,,,,,,,,,,,,,,,,,,26221.0,1667.0,-42.0,741.0,-535822333.0,160.0,2.0,-18.0,-16.0,38.0,30.0
1320,28854.0,56707.0,55695.0,61669.0,52719.0,27273.0,3.0087978839874268,,,,,,,,,,,,,,,,,,,,,,,,,,26251.0,1673.0,-42.0,743.0,-535298045.0,162.0,1.0,-5.0,-104.0,86.0,61.0
1321,28864.0,57155.0,56353.0,61219.0,52181.0,27283.0,3.0140764713287354,,,,,,,,,,,,,,,,,,,,,,,,,,26261.0,1675.0,-42.0,743.0,-535297021.0,162.0,3.0,-7.0,-151.0,140.0,72.0
1322,28924.0,57695.0,57053.0,60176.0,52662.0,27333.0,3.019355058670044,,,,,,,,,,,,,,,,,,,,,,,,,,26271.0,1677.0,-42.0,743.0,-534248444.0,163.0,3.0,-9.0,-150.0,153.0,82.0
1323,28934.0,57270.0,56675.0,60966.0,52327.0,27343.0,3.019355058670044,,,,,,,,,,,,,,,,,,,,,,,,,,26281.0,1677.0,-42.0,742.0,-534247420.0,160.0,3.0,-9.0,-146.0,136.0,93.0
1324,28944.0,56721.0,57081.0,60742.0,52614.0,27353.0,3.019355058670044,,,,,,,,,,,,,,,,,,,,,,,,,,26301.0,1679.0,-42.0,743.0,-533197820.0,157.0,4.0,-1.0,-114.0,139.0,75.0
1325,28954.0,56717.0,56713.0,60584.0,53102.0,27363.0,3.019355058670044,,,,,,,,,,,,,,,,,,,,,,,,,,26311.0,1680.0,-42.0,743.0,-532149243.0,156.0,4.0,-3.0,-80.0,125.0,62.0
1326,28984.0,55957.0,57001.0,61058.0,52264.0,27413.0,3.019355058670044,,,,,,,,,,,,,,,,,,,,,,,,,,26321.0,1682.0,-42.0,743.0,-532148219.0,154.0,5.0,-5.0,-39.0,111.0,71.0
1327,28994.0,55658.0,56835.0,61357.0,52236.0,27423.0,3.019355058670044,,,,,,,,,,,,,,,,,,,,,,,,,,26331.0,1684.0,-42.0,742.0,-532148219.0,155.0,7.0,-13.0,-11.0,52.0,74.0
1328,29004.0,56473.0,56237.0,60756.0,52497.0,27433.0,3.019355058670044,,,,,,,,,,,,,,,,,,,,,,,,,,26341.0,1688.0,-42.0,742.0,-532148219.0,159.0,8.0,-13.0,17.0,6.0,56.0
1329,29054.0,56765.0,56452.0,60401.0,52399.0,27443.0,3.019355058670044,,,,,,,,,,,,,,,,,,,,,,,,,,26361.0,1691.0,-43.0,741.0,-532148218.0,155.0,9.0,-17.0,82.0,-79.0,28.0
1330,29064.0,56736.0,56814.0,60003.0,51951.0,27483.0,3.019355058670044,,,,,,,,,,,,,,,,,,,,,,,,,,26371.0,1693.0,-43.0,741.0,-532148218.0,155.0,9.0,-18.0,122.0,-122.0,7.0
1331,29074.0,55892.0,57160.0,60883.0,51596.0,27493.0,3.019355058670044,,,,,,,,,,,,,,,,,,,,,,,,,,26381.0,1695.0,-44.0,742.0,-532148218.0,155.0,9.0,-16.0,113.0,-128.0,21.0
1332,29094.0,55009.0,55499.0,61665.0,51636.0,27503.0,3.0140764713287354,,,,,,,,,,,,,,,,,,,,,,,,,,26391.0,1697.0,-43.0,741.0,-533197818.0,154.0,11.0,-17.0,95.0,-116.0,29.0
1333,29104.0,55047.0,55338.0,61910.0,51273.0,27513.0,3.0140764713287354,,,,,,,,,,,,,,,,,,,,,,,,,,26411.0,1700.0,-43.0,741.0,-533198842.0,153.0,13.0,-18.0,14.0,-87.0,36.0
1334,29114.0,54821.0,55734.0,62048.0,50913.0,27543.0,3.019355058670044,,,,,,,,,,,,,,,,,,,,,,,,,,26421.0,1698.0,-44.0,740.0,-533198842.0,147.0,11.0,-22.0,0.0,-19.0,29.0
1335,29164.0,55861.0,55811.0,60714.0,52236.0,27553.0,3.019355058670044,,,,,,,,,,,,,,,,,,,,,,,,,,26431.0,1699.0,-43.0,740.0,-533198841.0,145.0,14.0,-23.0,0.0,9.0,12.0
1336,29174.0,56061.0,56333.0,60282.0,52038.0,27563.0,3.019355058670044,,,,,,,,,,,,,,,,,,,,,,,,,,26441.0,1702.0,-43.0,740.0,-533198841.0,147.0,14.0,-23.0,6.0,24.0,4.0
1337,29184.0,56351.0,56552.0,60268.0,52271.0,27583.0,3.019355058670044,,,,,,,,,,,,,,,,,,,,,,,,,,26451.0,1703.0,-43.0,740.0,-533198841.0,146.0,15.0,-23.0,31.0,23.0,-6.0
1338,29204.0,57880.0,56888.0,59227.0,51821.0,27593.0,3.019355058670044,,,,,,,,,,,,,,,,,,,,,,,,,,26461.0,1706.0,-42.0,740.0,-534247417.0,145.0,16.0,-18.0,36.0,14.0,9.0
1339,29214.0,57540.0,56763.0,59517.0,51937.0,27603.0,3.019355058670044,,,,,,,,,,,,,,,,,,,,,,,,,,26471.0,1704.0,-45.0,740.0,-534247417.0,138.0,12.0,-18.0,57.0,-3.0,0.0
1340,29224.0,57011.0,57659.0,59704.0,50968.0,27613.0,3.019355058670044,,,,,,,,,,,,,,,,,,,,,,,,,,26481.0,1705.0,-45.0,740.0,-534247417.0,138.0,12.0,-18.0,76.0,-49.0,-6.0
1341,29234.0,57031.0,57157.0,59474.0,51896.0,27653.0,3.0246336460113525,,,,,,,,,,,,,,,,,,,,,,,,,,26491.0,1706.0,-45.0,740.0,-534247417.0,137.0,13.0,-18.0,100.0,-91.0,-8.0
1342,29294.0,54594.0,56548.0,61501.0,52801.0,27663.0,3.019355058670044,,,,,,,,,,,,,,,,,,,,,,,,,,26511.0,1709.0,-45.0,738.0,-535297017.0,136.0,14.0,-26.0,69.0,-167.0,-24.0
1343,29304.0,54891.0,56703.0,61297.0,52603.0,27713.0,3.019355058670044,,,,,,,,,,,,,,,,,,,,,,,,,,26521.0,1714.0,-42.0,737.0,-535298042.0,141.0,18.0,-24.0,76.0,-147.0,-18.0
1344,29314.0,55743.0,57716.0,60948.0,51575.0,27733.0,3.019355058670044,,,,,,,,,,,,,,,,,,,,,,,,,,26531.0,1715.0,-42.0,737.0,-535822330.0,141.0,18.0,-24.0,54.0,-146.0,-18.0
1345,29334.0,55740.0,57077.0,61180.0,51890.0,27793.0,3.0140764713287354,,,,,,,,,,,,,,,,,,,,,,,,,,26541.0,1718.0,-43.0,737.0,-536869882.0,143.0,16.0,-24.0,51.0,-123.0,-20.0
1346,29364.0,55856.0,56764.0,61111.0,51258.0,27803.0,3.0087978839874268,,,,,,,,,,,,,,,,,,,,,,,,,,26581.0,1719.0,-42.0,736.0,-1073740794.0,136.0,18.0,-18.0,7.0,36.0,-29.0
1347,29374.0,56182.0,56290.0,60771.0,51363.0,27813.0,3.0140764713287354,,,,,,,,,,,,,,,,,,,,,,,,,,26591.0,1720.0,-41.0,735.0,-1073740794.0,137.0,17.0,-19.0,-3.0,59.0,-23.0
1348,29384.0,56081.0,55811.0,60900.0,51794.0,27823.0,3.0140764713287354,,,,,,,,,,,,,,,,,,,,,,,,,,26601.0,1722.0,-41.0,735.0,-1073740794.0,137.0,17.0,-16.0,-11.0,59.0,-23.0
1349,29454.0,54624.0,55089.0,62310.0,51290.0,27863.0,3.0140764713287354,,,,,,,,,,,,,,,,,,,,,,,,,,26611.0,1724.0,-42.0,735.0,-1073740794.0,140.0,17.0,-16.0,0.0,38.0,-19.0
1350,29464.0,54775.0,55104.0,62396.0,51052.0,27873.0,3.019355058670044,,,,,,,,,,,,,,,,,,,,,,,,,,26621.0,1725.0,-41.0,735.0,-1073740794.0,141.0,17.0,-15.0,0.0,33.0,-11.0
1351,29474.0,55902.0,55021.0,61746.0,50983.0,27883.0,3.019355058670044,,,,,,,,,,,,,,,,,,,,,,,,,,26631.0,1726.0,-41.0,735.0,-1073740794.0,141.0,17.0,-13.0,38.0,-23.0,-19.0
1352,29504.0,57059.0,55436.0,60792.0,51594.0,27923.0,3.0140764713287354,,,,,,,,,,,,,,,,,,,,,,,,,,26651.0,1730.0,-44.0,735.0,-1073740794.0,143.0,12.0,-11.0,43.0,-85.0,-24.0
1353,29544.0,56457.0,55984.0,61485.0,51238.0,27933.0,3.019355058670044,,,,,,,,,,,,,,,,,,,,,,,,,,26661.0,1734.0,-44.0,735.0,-1072692219.0,147.0,11.0,-10.0,30.0,-79.0,-30.0
1354,29554.0,56636.0,56309.0,61745.0,51196.0,27943.0,3.0140764713287354,,,,,,,,,,,,,,,,,,,,,,,,,,26671.0,1736.0,-44.0,735.0,-1072692219.0,149.0,10.0,-8.0,29.0,-101.0,-39.0
1355,29564.0,56668.0,55963.0,61678.0,51452.0,27953.0,3.0140764713287354,,,,,,,,,,,,,,,,,,,,,,,,,,26701.0,1740.0,-43.0,735.0,-1072691195.0,149.0,12.0,-2.0,27.0,-55.0,-41.0
1356,29634.0,57628.0,55889.0,61196.0,52643.0,27973.0,3.0140764713287354,,,,,,,,,,,,,,,,,,,,,,,,,,26711.0,1741.0,-43.0,735.0,-1072690171.0,150.0,11.0,-3.0,33.0,-21.0,-42.0
1357,29644.0,57464.0,56313.0,61535.0,52499.0,27983.0,3.0140764713287354,,,,,,,,,,,,,,,,,,,,,,,,,,26721.0,1743.0,-43.0,737.0,-1072690171.0,150.0,11.0,6.0,31.0,-6.0,-40.0
1358,29654.0,58449.0,56137.0,60718.0,52667.0,27993.0,3.0140764713287354,,,,,,,,,,,,,,,,,,,,,,,,,,26731.0,1744.0,-42.0,737.0,-1072690172.0,151.0,11.0,7.0,10.0,-13.0,-46.0
1359,29694.0,57128.0,56778.0,61976.0,52206.0,28023.0,3.0140764713287354,,,,,,,,,,,,,,,,,,,,,,,,,,26741.0,1734.0,-41.0,737.0,-1072691196.0,131.0,13.0,7.0,23.0,27.0,-48.0
1360,29704.0,56819.0,56927.0,62431.0,52100.0,28033.0,3.0140764713287354,,,,,,,,,,,,,,,,,,,,,,,,,,26751.0,1735.0,-41.0,737.0,-1072691196.0,132.0,13.0,6.0,7.0,42.0,-48.0
1361,29714.0,57257.0,56487.0,62109.0,52529.0,28043.0,3.019355058670044,,,,,,,,,,,,,,,,,,,,,,,,,,26791.0,1741.0,-40.0,736.0,-1071642621.0,136.0,12.0,-3.0,24.0,3.0,-64.0
1362,29754.0,56649.0,56894.0,62397.0,51637.0,28083.0,3.019355058670044,,,,,,,,,,,,,,,,,,,,,,,,,,26801.0,1746.0,-40.0,737.0,-1071642621.0,141.0,11.0,4.0,5.0,-32.0,-53.0
1363,29764.0,56411.0,56470.0,62721.0,52290.0,28093.0,3.019355058670044,,,,,,,,,,,,,,,,,,,,,,,,,,26811.0,1747.0,-40.0,737.0,-1071642621.0,142.0,11.0,5.0,43.0,-80.0,-67.0
1364,29774.0,56114.0,55413.0,62538.0,52912.0,28103.0,3.019355058670044,,,,,,,,,,,,,,,,,,,,,,,,,,26821.0,1748.0,-39.0,737.0,-1071642621.0,142.0,10.0,4.0,24.0,-74.0,-73.0
1365,29824.0,57290.0,55727.0,61148.0,52214.0,28113.0,3.019355058670044,,,,,,,,,,,,,,,,,,,,,,,,,,26851.0,1747.0,-45.0,735.0,-1071641598.0,134.0,-1.0,-6.0,12.0,-39.0,-89.0
1366,29834.0,57393.0,56092.0,61083.0,51799.0,28133.0,3.019355058670044,,,,,,,,,,,,,,,,,,,,,,,,,,26861.0,1748.0,-45.0,735.0,-1071641598.0,135.0,-2.0,-5.0,14.0,-14.0,-83.0
1367,29844.0,57452.0,56409.0,60986.0,51536.0,28143.0,3.019355058670044,,,,,,,,,,,,,,,,,,,,,,,,,,26871.0,1750.0,-45.0,735.0,-1071641599.0,136.0,-2.0,-4.0,1.0,-3.0,-82.0
1368,29904.0,56185.0,56584.0,62465.0,52094.0,28153.0,3.019355058670044,,,,,,,,,,,,,,,,,,,,,,,,,,26881.0,1752.0,-45.0,735.0,-1071641599.0,138.0,-3.0,-2.0,-1.0,0.0,-91.0
1369,29924.0,55057.0,54218.0,63236.0,54651.0,28163.0,3.0140764713287354,,,,,,,,,,,,,,,,,,,,,,,,,,26901.0,1755.0,-45.0,733.0,-1071641600.0,140.0,-4.0,-10.0,-24.0,39.0,-76.0
1370,29954.0,57602.0,56260.0,61594.0,52774.0,28213.0,3.0087978839874268,,,,,,,,,,,,,,,,,,,,,,,,,,26921.0,1753.0,-44.0,733.0,-1071641088.0,134.0,-3.0,-11.0,-32.0,27.0,-80.0
1371,29964.0,57671.0,56355.0,61593.0,52373.0,28223.0,3.0087978839874268,,,,,,,,,,,,,,,,,,,,,,,,,,26931.0,1754.0,-43.0,734.0,-1071641087.0,134.0,-2.0,-4.0,-35.0,0.0,-79.0
1372,29974.0,57597.0,56438.0,61576.0,52158.0,28233.0,3.0087978839874268,,,,,,,,,,,,,,,,,,,,,,,,,,26941.0,1755.0,-43.0,734.0,-1071641087.0,134.0,-3.0,-5.0,-32.0,-3.0,-66.0
1373,30024.0,56646.0,56610.0,62000.0,51692.0,28243.0,3.0087978839874268,,,,,,,,,,,,,,,,,,,,,,,,,,26951.0,1759.0,-44.0,734.0,-1071641087.0,139.0,-5.0,-6.0,-33.0,-21.0,-63.0
1374,30034.0,56996.0,56455.0,61899.0,52025.0,28263.0,3.0087978839874268,,,,,,,,,,,,,,,,,,,,,,,,,,26961.0,1761.0,-44.0,733.0,-1071641087.0,140.0,-5.0,-6.0,-32.0,-40.0,-71.0
1375,30044.0,57842.0,54967.0,61107.0,53305.0,28273.0,3.0087978839874268,,,,,,,,,,,,,,,,,,,,,,,,,,26991.0,1771.0,-45.0,734.0,-1072689662.0,154.0,-8.0,-1.0,23.0,-5.0,-97.0
1376,30084.0,56754.0,55425.0,62022.0,52703.0,28283.0,3.0087978839874268,,,,,,,,,,,,,,,,,,,,,,,,,,27001.0,1772.0,-46.0,734.0,-1071641085.0,153.0,-10.0,-1.0,-6.0,32.0,-93.0
1377,30094.0,56327.0,55526.0,62416.0,52444.0,28293.0,3.0140764713287354,,,,,,,,,,,,,,,,,,,,,,,,,,27011.0,1773.0,-46.0,734.0,-1071641085.0,154.0,-10.0,0.0,-12.0,50.0,-89.0
1378,30104.0,56606.0,55614.0,62286.0,52251.0,28333.0,3.0140764713287354,,,,,,,,,,,,,,,,,,,,,,,,,,27021.0,1775.0,-46.0,734.0,-1072689661.0,156.0,-10.0,0.0,-31.0,88.0,-81.0
1379,30114.0,56574.0,56094.0,62212.0,51329.0,28343.0,3.0140764713287354,,,,,,,,,,,,,,,,,,,,,,,,,,27051.0,1777.0,-45.0,734.0,-1072690684.0,152.0,-10.0,4.0,-37.0,114.0,-70.0
1380,30164.0,57391.0,55472.0,61335.0,51815.0,28353.0,3.0140764713287354,,,,,,,,,,,,,,,,,,,,,,,,,,27061.0,1778.0,-45.0,731.0,-1072690684.0,153.0,-10.0,-5.0,-62.0,124.0,-63.0
1381,30174.0,56303.0,56061.0,62214.0,51108.0,28363.0,3.0087978839874268,,,,,,,,,,,,,,,,,,,,,,,,,,27071.0,1780.0,-45.0,731.0,-1072691707.0,154.0,-9.0,-3.0,-31.0,90.0,-72.0
1382,30184.0,56687.0,55906.0,61961.0,51278.0,28383.0,3.0140764713287354,,,,,,,,,,,,,,,,,,,,,,,,,,27081.0,1781.0,-46.0,731.0,-1072691707.0,152.0,-11.0,-3.0,-33.0,63.0,-67.0
1383,30244.0,56615.0,55187.0,62006.0,51826.0,28403.0,3.019355058670044,,,,,,,,,,,,,,,,,,,,,,,,,,27161.0,1798.0,-46.0,729.0,-1073740281.0,163.0,-10.0,-15.0,52.0,22.0,-43.0
1384,30254.0,56773.0,55271.0,61894.0,51609.0,28413.0,3.0140764713287354,,,,,,,,,,,,,,,,,,,,,,,,,,27171.0,1800.0,-46.0,729.0,-1073740281.0,163.0,-10.0,-17.0,3.0,14.0,-35.0
1385,30264.0,57749.0,55077.0,61048.0,51773.0,28423.0,3.0140764713287354,,,,,,,,,,,,,,,,,,,,,,,,,,27181.0,1791.0,-50.0,728.0,-1072692729.0,144.0,-18.0,-18.0,70.0,55.0,-54.0
1386,30284.0,57422.0,55027.0,61236.0,51804.0,28473.0,3.003519296646118,,,,,,,,,,,,,,,,,,,,,,,,,,27191.0,1792.0,-50.0,728.0,-1072692729.0,144.0,-18.0,-19.0,45.0,95.0,-50.0
1387,30304.0,57130.0,55290.0,61650.0,51811.0,28483.0,3.0087978839874268,,,,,,,,,,,,,,,,,,,,,,,,,,27211.0,1795.0,-50.0,728.0,-1072168441.0,143.0,-17.0,-18.0,-14.0,73.0,-33.0
1388,30314.0,57215.0,55811.0,61615.0,51141.0,28493.0,3.0087978839874268,,,,,,,,,,,,,,,,,,,,,,,,,,27261.0,1808.0,-51.0,729.0,-1073215992.0,149.0,-18.0,-4.0,-65.0,-62.0,-11.0
1389,30324.0,56568.0,55123.0,62109.0,51964.0,28503.0,3.003519296646118,,,,,,,,,,,,,,,,,,,,,,,,,,27271.0,1809.0,-51.0,729.0,-536346104.0,149.0,-18.0,-3.0,-34.0,-80.0,-23.0
1390,30334.0,56482.0,56350.0,62523.0,50799.0,28533.0,3.003519296646118,,,,,,,,,,,,,,,,,,,,,,,,,,27281.0,1813.0,-46.0,730.0,-536346104.0,152.0,-9.0,3.0,-70.0,-30.0,-12.0
1391,30354.0,57006.0,56189.0,62161.0,51262.0,28553.0,3.003519296646118,,,,,,,,,,,,,,,,,,,,,,,,,,27291.0,1814.0,-47.0,730.0,-535821816.0,151.0,-10.0,4.0,10.0,-65.0,-13.0
1392,30364.0,56186.0,55884.0,62832.0,51560.0,28563.0,3.003519296646118,,,,,,,,,,,,,,,,,,,,,,,,,,27311.0,1816.0,-48.0,730.0,-535821816.0,150.0,-11.0,7.0,33.0,-7.0,-14.0
1393,30374.0,57119.0,55971.0,62323.0,51617.0,28573.0,3.003519296646118,,,,,,,,,,,,,,,,,,,,,,,,,,27341.0,1818.0,-48.0,730.0,-1073217016.0,145.0,-11.0,8.0,94.0,2.0,-38.0
1394,30404.0,57418.0,55489.0,62407.0,52289.0,28583.0,3.003519296646118,,,,,,,,,,,,,,,,,,,,,,,,,,27351.0,1817.0,-49.0,730.0,-1073217016.0,144.0,-13.0,8.0,65.0,7.0,-29.0
1395,30414.0,57283.0,55443.0,62397.0,52429.0,28623.0,3.0087978839874268,,,,,,,,,,,,,,,,,,,,,,,,,,27361.0,1819.0,-49.0,729.0,-1072168439.0,144.0,-13.0,4.0,13.0,-9.0,-27.0
1396,30424.0,57480.0,55948.0,62272.0,52093.0,28633.0,3.0087978839874268,,,,,,,,,,,,,,,,,,,,,,,,,,27371.0,1824.0,-46.0,729.0,-1072692727.0,151.0,-7.0,3.0,-3.0,-13.0,-15.0
1397,30484.0,57541.0,56338.0,62069.0,52122.0,28643.0,3.0087978839874268,,,,,,,,,,,,,,,,,,,,,,,,,,27391.0,1826.0,-47.0,729.0,-1072692727.0,150.0,-9.0,4.0,-30.0,-20.0,-14.0
1398,30494.0,56613.0,56798.0,62686.0,51668.0,28653.0,3.0140764713287354,,,,,,,,,,,,,,,,,,,,,,,,,,27411.0,1833.0,-47.0,729.0,-1072692727.0,157.0,-8.0,2.0,-87.0,5.0,-7.0
1399,30504.0,58196.0,55394.0,61272.0,53023.0,28703.0,3.0087978839874268,,,,,,,,,,,,,,,,,,,,,,,,,,27421.0,1835.0,-47.0,729.0,-1073741303.0,157.0,-9.0,3.0,-53.0,9.0,-10.0
1400,30534.0,57166.0,55861.0,61439.0,53470.0,28713.0,3.0087978839874268,,,,,,,,,,,,,,,,,,,,,,,,,,27431.0,1836.0,-47.0,729.0,-1073741303.0,157.0,-9.0,3.0,-58.0,31.0,-2.0
1401,30544.0,57943.0,55797.0,60651.0,53600.0,28723.0,3.003519296646118,,,,,,,,,,,,,,,,,,,,,,,,,,27441.0,1838.0,-48.0,729.0,-536870391.0,157.0,-10.0,4.0,-48.0,31.0,2.0
1402,30554.0,57353.0,56659.0,61049.0,52584.0,28733.0,3.003519296646118,,,,,,,,,,,,,,,,,,,,,,,,,,27461.0,1841.0,-48.0,729.0,-536346103.0,157.0,-9.0,1.0,30.0,61.0,0.0
1403,30584.0,57492.0,57825.0,60686.0,51340.0,28773.0,2.9982404708862305,,,,,,,,,,,,,,,,,,,,,,,,,,27481.0,1844.0,-48.0,729.0,-536346103.0,157.0,-9.0,0.0,13.0,19.0,9.0
1404,30594.0,56712.0,57036.0,60905.0,52141.0,28783.0,2.9982404708862305,,,,,,,,,,,,,,,,,,,,,,,,,,27491.0,1845.0,-48.0,730.0,-536345079.0,157.0,-9.0,8.0,75.0,0.0,0.0
1405,30604.0,56305.0,57109.0,61058.0,52179.0,28793.0,2.9982404708862305,,,,,,,,,,,,,,,,,,,,,,,,,,27501.0,1847.0,-48.0,730.0,-536345079.0,156.0,-9.0,9.0,28.0,-4.0,0.0
1406,30654.0,56751.0,55992.0,60681.0,53556.0,28843.0,2.9876832962036133,,,,,,,,,,,,,,,,,,,,,,,,,,27511.0,1834.0,-49.0,730.0,-1073215991.0,128.0,-10.0,10.0,82.0,-23.0,9.0
1407,30664.0,56704.0,56183.0,60460.0,53636.0,28853.0,2.9876832962036133,,,,,,,,,,,,,,,,,,,,,,,,,,27531.0,1839.0,-50.0,731.0,-1072167415.0,133.0,-12.0,14.0,61.0,-46.0,12.0
1408,30674.0,57117.0,56514.0,60046.0,53326.0,28863.0,2.9876832962036133,,,,,,,,,,,,,,,,,,,,,,,,,,27541.0,1837.0,-50.0,730.0,-1072167415.0,127.0,-12.0,11.0,23.0,-74.0,12.0
1409,30694.0,56952.0,56490.0,59814.0,53665.0,28873.0,2.9876832962036133,,,,,,,,,,,,,,,,,,,,,,,,,,27551.0,1843.0,-50.0,730.0,-1072167415.0,136.0,-12.0,10.0,29.0,-95.0,4.0
1410,30704.0,56406.0,57028.0,60123.0,53147.0,28913.0,2.9824047088623047,,,,,,,,,,,,,,,,,,,,,,,,,,27561.0,1846.0,-50.0,730.0,-1072168439.0,137.0,-12.0,10.0,-12.0,-148.0,17.0
1411,30714.0,56170.0,57644.0,60311.0,52322.0,28923.0,2.9824047088623047,,,,,,,,,,,,,,,,,,,,,,,,,,27571.0,1848.0,-50.0,731.0,-1072692727.0,138.0,-12.0,10.0,-49.0,-134.0,15.0
1412,30734.0,55654.0,58116.0,60947.0,51974.0,28933.0,2.9824047088623047,,,,,,,,,,,,,,,,,,,,,,,,,,27591.0,1851.0,-49.0,731.0,-1072691703.0,139.0,-9.0,12.0,-93.0,-63.0,28.0
1413,30744.0,56075.0,57735.0,60600.0,52456.0,28943.0,2.9824047088623047,,,,,,,,,,,,,,,,,,,,,,,,,,27601.0,1851.0,-50.0,731.0,-1072691703.0,138.0,-11.0,13.0,-104.0,-5.0,35.0
1414,30754.0,55320.0,58229.0,60977.0,51974.0,28983.0,2.9876832962036133,,,,,,,,,,,,,,,,,,,,,,,,,,27611.0,1852.0,-49.0,731.0,-1073739256.0,137.0,-9.0,13.0,-93.0,32.0,33.0
1415,30804.0,55867.0,57212.0,60731.0,53312.0,28993.0,2.9876832962036133,,,,,,,,,,,,,,,,,,,,,,,,,,27621.0,1854.0,-49.0,731.0,-536868344.0,139.0,-10.0,11.0,-54.0,50.0,41.0
1416,30814.0,56518.0,57274.0,60323.0,53041.0,29033.0,2.9876832962036133,,,,,,,,,,,,,,,,,,,,,,,,,,27631.0,1856.0,-49.0,731.0,-535820792.0,139.0,-10.0,12.0,-32.0,75.0,40.0
1417,30824.0,57215.0,56505.0,60043.0,53937.0,29043.0,2.9876832962036133,,,,,,,,,,,,,,,,,,,,,,,,,,27661.0,1858.0,-50.0,732.0,-535820792.0,136.0,-11.0,17.0,8.0,27.0,52.0
1418,30864.0,56345.0,56836.0,60805.0,53230.0,29053.0,2.9876832962036133,,,,,,,,,,,,,,,,,,,,,,,,,,27671.0,1860.0,-51.0,732.0,-535820793.0,138.0,-12.0,16.0,-5.0,19.0,44.0
1419,30874.0,56153.0,56692.0,60871.0,53477.0,29063.0,2.992961883544922,,,,,,,,,,,,,,,,,,,,,,,,,,27691.0,1862.0,-51.0,732.0,-535821817.0,137.0,-10.0,14.0,-2.0,-31.0,28.0
1420,30884.0,55806.0,56871.0,61211.0,53145.0,29073.0,2.9876832962036133,,,,,,,,,,,,,,,,,,,,,,,,,,27701.0,1865.0,-52.0,733.0,-535820793.0,140.0,-12.0,15.0,-4.0,-69.0,40.0
1421,30894.0,56504.0,57567.0,60926.0,52471.0,29103.0,3.003519296646118,,,,,,,,,,,,,,,,,,,,,,,,,,27711.0,1868.0,-52.0,731.0,-535820793.0,143.0,-12.0,7.0,5.0,-69.0,28.0
1422,30934.0,56838.0,56771.0,61171.0,52700.0,29113.0,3.003519296646118,,,,,,,,,,,,,,,,,,,,,,,,,,27721.0,1870.0,-52.0,732.0,-535820793.0,144.0,-11.0,6.0,-26.0,-68.0,21.0
1423,30944.0,57106.0,57090.0,61024.0,52600.0,29123.0,3.003519296646118,,,,,,,,,,,,,,,,,,,,,,,,,,27751.0,1876.0,-52.0,732.0,-535819770.0,148.0,-11.0,0.0,-23.0,-23.0,21.0
1424,30954.0,57008.0,57673.0,61017.0,51883.0,29163.0,2.9982404708862305,,,,,,,,,,,,,,,,,,,,,,,,,,27781.0,1881.0,-51.0,732.0,-535819770.0,151.0,-8.0,-2.0,-39.0,24.0,24.0
1425,30984.0,57211.0,55891.0,61215.0,53661.0,29173.0,2.9982404708862305,,,,,,,,,,,,,,,,,,,,,,,,,,27791.0,1882.0,-53.0,733.0,-535819770.0,152.0,-10.0,7.0,-15.0,57.0,25.0
1426,30994.0,56624.0,56690.0,61680.0,52792.0,29183.0,2.992961883544922,,,,,,,,,,,,,,,,,,,,,,,,,,27801.0,1884.0,-53.0,733.0,-535819770.0,152.0,-10.0,7.0,0.0,71.0,26.0
1427,31024.0,57273.0,56417.0,61605.0,52057.0,29193.0,2.992961883544922,,,,,,,,,,,,,,,,,,,,,,,,,,27811.0,1883.0,-53.0,733.0,-535820794.0,148.0,-9.0,5.0,-8.0,61.0,25.0
1428,31034.0,57255.0,56859.0,61585.0,51540.0,29213.0,2.9876832962036133,,,,,,,,,,,,,,,,,,,,,,,,,,27821.0,1885.0,-53.0,734.0,-535820794.0,149.0,-8.0,7.0,-1.0,60.0,25.0
1429,31044.0,57084.0,56709.0,61584.0,51878.0,29223.0,2.9876832962036133,,,,,,,,,,,,,,,,,,,,,,,,,,27861.0,1892.0,-52.0,736.0,-535820795.0,152.0,-5.0,20.0,23.0,-46.0,33.0
1430,31054.0,56106.0,57461.0,62405.0,50628.0,29233.0,2.9876832962036133,,,,,,,,,,,,,,,,,,,,,,,,,,27871.0,1894.0,-53.0,736.0,-535820795.0,154.0,-7.0,19.0,49.0,-67.0,22.0
1431,31094.0,58735.0,55402.0,61161.0,51635.0,29283.0,2.9876832962036133,,,,,,,,,,,,,,,,,,,,,,,,,,27881.0,1896.0,-53.0,735.0,-535820795.0,154.0,-6.0,12.0,8.0,-74.0,32.0
1432,31104.0,58950.0,55402.0,61331.0,51444.0,29293.0,2.9876832962036133,,,,,,,,,,,,,,,,,,,,,,,,,,27891.0,1896.0,-52.0,735.0,-535820795.0,152.0,-3.0,12.0,19.0,-79.0,27.0
1433,31114.0,59017.0,54194.0,61207.0,52750.0,29303.0,2.9876832962036133,,,,,,,,,,,,,,,,,,,,,,,,,,27921.0,1900.0,-52.0,734.0,-535819771.0,153.0,-2.0,4.0,-22.0,-15.0,25.0
1434,31124.0,58909.0,54441.0,61298.0,52503.0,29313.0,2.9876832962036133,,,,,,,,,,,,,,,,,,,,,,,,,,27931.0,1902.0,-51.0,734.0,-535819771.0,153.0,-2.0,5.0,-30.0,15.0,30.0
1435,31164.0,56033.0,54292.0,63288.0,51106.0,29363.0,2.9876832962036133,,,,,,,,,,,,,,,,,,,,,,,,,,27941.0,1904.0,-51.0,734.0,-535819771.0,154.0,-2.0,4.0,-36.0,48.0,34.0
1436,31174.0,56899.0,55373.0,62735.0,49826.0,29373.0,2.992961883544922,,,,,,,,,,,,,,,,,,,,,,,,,,27951.0,1901.0,-52.0,734.0,-535819771.0,147.0,-3.0,4.0,-44.0,80.0,37.0
1437,31184.0,56778.0,55363.0,62920.0,49580.0,29383.0,2.992961883544922,,,,,,,,,,,,,,,,,,,,,,,,,,27971.0,1904.0,-52.0,735.0,-535820796.0,147.0,-2.0,8.0,-41.0,96.0,35.0
1438,31234.0,58034.0,56066.0,61534.0,51702.0,29403.0,2.992961883544922,,,,,,,,,,,,,,,,,,,,,,,,,,27981.0,1906.0,-52.0,735.0,-535820796.0,149.0,-1.0,8.0,-18.0,102.0,31.0
1439,31244.0,57825.0,55344.0,61786.0,52423.0,29443.0,2.9982404708862305,,,,,,,,,,,,,,,,,,,,,,,,,,27991.0,1906.0,-52.0,735.0,-535821820.0,147.0,-2.0,7.0,-69.0,59.0,44.0
1440,31254.0,57774.0,55042.0,62106.0,52829.0,29453.0,2.9982404708862305,,,,,,,,,,,,,,,,,,,,,,,,,,28001.0,1912.0,-52.0,735.0,-534773244.0,155.0,-1.0,7.0,-53.0,62.0,38.0
1441,31304.0,57622.0,56056.0,62493.0,51423.0,29463.0,2.9982404708862305,,,,,,,,,,,,,,,,,,,,,,,,,,28021.0,1915.0,-52.0,736.0,-534248956.0,154.0,0.0,14.0,31.0,-51.0,32.0
1442,31314.0,57707.0,56300.0,62613.0,51330.0,29473.0,2.9982404708862305,,,,,,,,,,,,,,,,,,,,,,,,,,28031.0,1916.0,-52.0,737.0,-534773245.0,154.0,0.0,12.0,45.0,-81.0,29.0
1443,31324.0,56653.0,56556.0,63232.0,50529.0,29543.0,2.992961883544922,,,,,,,,,,,,,,,,,,,,,,,,,,28041.0,1919.0,-53.0,737.0,-534772221.0,154.0,0.0,12.0,52.0,-70.0,12.0
1444,31374.0,57239.0,56151.0,62411.0,51376.0,29553.0,2.9876832962036133,,,,,,,,,,,,,,,,,,,,,,,,,,28051.0,1921.0,-53.0,736.0,-534772221.0,154.0,0.0,11.0,34.0,-65.0,21.0
1445,31384.0,57611.0,55506.0,62364.0,52207.0,29573.0,2.9876832962036133,,,,,,,,,,,,,,,,,,,,,,,,,,28061.0,1924.0,-53.0,736.0,-535820797.0,158.0,0.0,12.0,31.0,-58.0,12.0
1446,31394.0,58145.0,55416.0,61919.0,52355.0,29613.0,2.9876832962036133,,,,,,,,,,,,,,,,,,,,,,,,,,28081.0,1927.0,-53.0,737.0,-535820797.0,159.0,0.0,10.0,16.0,-7.0,14.0
1447,31424.0,58092.0,54955.0,61867.0,53127.0,29623.0,2.9824047088623047,,,,,,,,,,,,,,,,,,,,,,,,,,28091.0,1924.0,-54.0,737.0,-535820797.0,150.0,0.0,9.0,5.0,8.0,23.0
1448,31434.0,58244.0,55306.0,61919.0,52763.0,29633.0,2.9824047088623047,,,,,,,,,,,,,,,,,,,,,,,,,,28101.0,1926.0,-52.0,737.0,-535820797.0,151.0,4.0,7.0,-9.0,18.0,23.0
1449,31444.0,57920.0,55546.0,62024.0,52200.0,29643.0,2.9824047088623047,,,,,,,,,,,,,,,,,,,,,,,,,,28111.0,1927.0,-52.0,737.0,-535820797.0,151.0,4.0,5.0,-38.0,37.0,28.0
1450,31574.0,57367.0,54608.0,62403.0,53123.0,29653.0,2.9824047088623047,,,,,,,,,,,,,,,,,,,,,,,,,,28131.0,1927.0,-53.0,737.0,-535820797.0,147.0,2.0,4.0,-26.0,24.0,18.0
1451,31664.0,57157.0,57135.0,62931.0,51022.0,29683.0,2.977126121520996,,,,,,,,,,,,,,,,,,,,,,,,,,28141.0,1927.0,-54.0,735.0,-535820797.0,147.0,1.0,-4.0,-87.0,21.0,32.0
1452,31674.0,57337.0,57239.0,62771.0,50922.0,29693.0,2.977126121520996,,,,,,,,,,,,,,,,,,,,,,,,,,28151.0,1928.0,-55.0,735.0,-534773245.0,145.0,0.0,-6.0,-33.0,13.0,15.0
1453,31684.0,56934.0,56250.0,63095.0,52062.0,29703.0,2.9718475341796875,,,,,,,,,,,,,,,,,,,,,,,,,,28161.0,1930.0,-53.0,735.0,-534773246.0,146.0,2.0,-8.0,-30.0,7.0,22.0
1454,31724.0,57269.0,55852.0,62865.0,52717.0,29713.0,2.9718475341796875,,,,,,,,,,,,,,,,,,,,,,,,,,28171.0,1934.0,-54.0,735.0,-534773246.0,151.0,1.0,-9.0,-37.0,-31.0,22.0
1455,31734.0,57747.0,55836.0,62602.0,52459.0,29753.0,2.977126121520996,,,,,,,,,,,,,,,,,,,,,,,,,,28201.0,1944.0,-55.0,734.0,-534772222.0,161.0,1.0,-15.0,27.0,-76.0,28.0
1456,31744.0,58243.0,55368.0,62320.0,52899.0,29763.0,2.9718475341796875,,,,,,,,,,,,,,,,,,,,,,,,,,28211.0,1943.0,-55.0,734.0,-534772222.0,157.0,2.0,-15.0,34.0,-57.0,23.0
1457,31754.0,58162.0,55148.0,62253.0,53161.0,29773.0,2.9718475341796875,,,,,,,,,,,,,,,,,,,,,,,,,,28221.0,1946.0,-55.0,735.0,-534771198.0,160.0,2.0,-8.0,30.0,-28.0,20.0
1458,31804.0,54832.0,57240.0,63987.0,49826.0,29783.0,2.9718475341796875,,,,,,,,,,,,,,,,,,,,,,,,,,28231.0,1948.0,-55.0,734.0,-534771198.0,160.0,2.0,-7.0,-4.0,19.0,16.0
1459,31814.0,54957.0,57061.0,63913.0,50102.0,29823.0,2.9824047088623047,,,,,,,,,,,,,,,,,,,,,,,,,,28241.0,1947.0,-55.0,734.0,-534771198.0,157.0,3.0,-6.0,-6.0,53.0,21.0
1460,31824.0,54880.0,56412.0,63786.0,50771.0,29833.0,2.9824047088623047,,,,,,,,,,,,,,,,,,,,,,,,,,28271.0,1951.0,-54.0,734.0,-534772222.0,156.0,7.0,-7.0,-29.0,113.0,30.0
1461,31884.0,58302.0,55827.0,61798.0,52488.0,29843.0,2.9824047088623047,,,,,,,,,,,,,,,,,,,,,,,,,,28281.0,1955.0,-53.0,734.0,-534772223.0,161.0,9.0,-7.0,-36.0,84.0,30.0
1462,31904.0,57894.0,55556.0,62128.0,52957.0,29853.0,2.977126121520996,,,,,,,,,,,,,,,,,,,,,,,,,,28291.0,1956.0,-54.0,734.0,-534773247.0,159.0,8.0,-7.0,-34.0,49.0,25.0
1463,31964.0,55395.0,56818.0,64287.0,52020.0,29903.0,2.977126121520996,,,,,,,,,,,,,,,,,,,,,,,,,,28301.0,1960.0,-54.0,734.0,-534773247.0,164.0,9.0,-6.0,-26.0,9.0,17.0
1464,31974.0,55375.0,56579.0,64305.0,52339.0,29913.0,2.977126121520996,,,,,,,,,,,,,,,,,,,,,,,,,,28331.0,1965.0,-54.0,734.0,-533200383.0,165.0,10.0,-10.0,-21.0,13.0,7.0
1465,31984.0,55522.0,56468.0,64302.0,52250.0,29923.0,2.977126121520996,,,,,,,,,,,,,,,,,,,,,,,,,,28341.0,1967.0,-54.0,734.0,-533200383.0,165.0,10.0,-9.0,-2.0,14.0,12.0
1466,31994.0,56112.0,56555.0,63963.0,52258.0,29953.0,2.9718475341796875,,,,,,,,,,,,,,,,,,,,,,,,,,28351.0,1966.0,-54.0,735.0,-533200383.0,161.0,11.0,2.0,18.0,29.0,4.0
1467,32024.0,57175.0,56722.0,63514.0,52551.0,29963.0,2.9718475341796875,,,,,,,,,,,,,,,,,,,,,,,,,,28361.0,1968.0,-54.0,735.0,-533200383.0,161.0,12.0,2.0,16.0,23.0,11.0
1468,32034.0,58816.0,56866.0,62419.0,52748.0,29973.0,2.9718475341796875,,,,,,,,,,,,,,,,,,,,,,,,,,28371.0,1970.0,-55.0,735.0,-533200383.0,161.0,10.0,2.0,16.0,32.0,10.0
1469,32044.0,57633.0,56632.0,63265.0,53084.0,29983.0,2.9718475341796875,,,,,,,,,,,,,,,,,,,,,,,,,,28401.0,1975.0,-55.0,733.0,-534247935.0,162.0,12.0,-8.0,34.0,30.0,10.0
1470,32074.0,57850.0,57655.0,62920.0,53818.0,30023.0,2.9718475341796875,,,,,,,,,,,,,,,,,,,,,,,,,,28411.0,1976.0,-54.0,733.0,-534247935.0,159.0,14.0,-9.0,16.0,44.0,5.0
1471,32084.0,56901.0,57237.0,63995.0,53241.0,30033.0,2.9718475341796875,,,,,,,,,,,,,,,,,,,,,,,,,,28421.0,1977.0,-54.0,733.0,-534247935.0,159.0,15.0,-11.0,3.0,41.0,9.0
1472,32094.0,56855.0,57857.0,63647.0,53699.0,30043.0,2.977126121520996,,,,,,,,,,,,,,,,,,,,,,,,,,28431.0,1976.0,-53.0,733.0,-534247935.0,155.0,16.0,-12.0,-16.0,37.0,9.0
1473,32154.0,55705.0,56621.0,63583.0,54246.0,30053.0,2.9718475341796875,,,,,,,,,,,,,,,,,,,,,,,,,,28451.0,1984.0,-53.0,732.0,-534247935.0,161.0,17.0,-17.0,-37.0,14.0,13.0
1474,32164.0,56531.0,57061.0,63338.0,52677.0,30093.0,2.9718475341796875,,,,,,,,,,,,,,,,,,,,,,,,,,28471.0,1988.0,-53.0,731.0,-533199360.0,162.0,18.0,-19.0,-24.0,-20.0,19.0
1475,32174.0,56387.0,56746.0,62935.0,53847.0,30103.0,2.9718475341796875,,,,,,,,,,,,,,,,,,,,,,,,,,28481.0,1990.0,-52.0,731.0,-533199360.0,162.0,19.0,-22.0,1.0,-5.0,19.0
1476,32234.0,56397.0,57693.0,62758.0,52618.0,30113.0,2.977126121520996,,,,,,,,,,,,,,,,,,,,,,,,,,28491.0,1988.0,-53.0,730.0,-533199360.0,156.0,19.0,-22.0,2.0,29.0,10.0
1477,32244.0,56473.0,57181.0,63095.0,52103.0,30133.0,2.977126121520996,,,,,,,,,,,,,,,,,,,,,,,,,,28501.0,1990.0,-52.0,730.0,-533198336.0,156.0,19.0,-22.0,-10.0,41.0,15.0
1478,32294.0,56147.0,57356.0,62099.0,53257.0,30163.0,2.977126121520996,,,,,,,,,,,,,,,,,,,,,,,,,,28511.0,1991.0,-52.0,730.0,-533198336.0,156.0,20.0,-23.0,-15.0,52.0,26.0
1479,32304.0,56448.0,57109.0,62050.0,53465.0,30173.0,2.977126121520996,,,,,,,,,,,,,,,,,,,,,,,,,,28551.0,1999.0,-55.0,729.0,-534246912.0,156.0,17.0,-22.0,30.0,-45.0,0.0
1480,32314.0,56947.0,57385.0,61992.0,53612.0,30183.0,2.977126121520996,,,,,,,,,,,,,,,,,,,,,,,,,,28561.0,2001.0,-55.0,729.0,-534247424.0,156.0,18.0,-23.0,54.0,-67.0,-6.0
1481,32344.0,55694.0,56763.0,62899.0,54367.0,30193.0,2.977126121520996,,,,,,,,,,,,,,,,,,,,,,,,,,28571.0,1999.0,-55.0,731.0,-534246912.0,150.0,18.0,-8.0,120.0,-86.0,-26.0
1482,32354.0,56331.0,56645.0,62412.0,54093.0,30243.0,2.977126121520996,,,,,,,,,,,,,,,,,,,,,,,,,,28581.0,2005.0,-54.0,731.0,-534247936.0,156.0,19.0,-7.0,92.0,-71.0,-31.0
1483,32364.0,56518.0,57689.0,62412.0,53242.0,30253.0,2.977126121520996,,,,,,,,,,,,,,,,,,,,,,,,,,28601.0,2008.0,-54.0,731.0,-535296512.0,156.0,19.0,-6.0,43.0,-81.0,-32.0
1484,32414.0,57116.0,58394.0,61882.0,53444.0,30263.0,2.977126121520996,,,,,,,,,,,,,,,,,,,,,,,,,,28621.0,2009.0,-53.0,732.0,-535297535.0,153.0,21.0,-1.0,19.0,-21.0,-13.0
1485,32424.0,57680.0,58380.0,61561.0,53730.0,30273.0,2.977126121520996,,,,,,,,,,,,,,,,,,,,,,,,,,28631.0,2011.0,-53.0,732.0,-535297535.0,153.0,21.0,-3.0,13.0,1.0,-6.0
1486,32434.0,56387.0,58008.0,62372.0,54393.0,30303.0,2.977126121520996,,,,,,,,,,,,,,,,,,,,,,,,,,28641.0,2014.0,-53.0,732.0,-535297535.0,155.0,21.0,-4.0,20.0,25.0,-1.0
1487,32484.0,55282.0,57948.0,62633.0,54588.0,30313.0,2.977126121520996,,,,,,,,,,,,,,,,,,,,,,,,,,28651.0,2015.0,-53.0,729.0,-535297535.0,155.0,21.0,-20.0,56.0,48.0,-11.0
1488,32494.0,55885.0,58347.0,62538.0,53741.0,30323.0,2.977126121520996,,,,,,,,,,,,,,,,,,,,,,,,,,28661.0,2017.0,-53.0,729.0,-536346111.0,155.0,21.0,-21.0,-17.0,86.0,5.0
1489,32504.0,55114.0,57051.0,63053.0,55146.0,30333.0,2.9718475341796875,,,,,,,,,,,,,,,,,,,,,,,,,,28691.0,2005.0,-49.0,728.0,-535295487.0,126.0,26.0,-24.0,-78.0,99.0,-1.0
1490,32524.0,56080.0,57815.0,62607.0,53904.0,30353.0,2.9718475341796875,,,,,,,,,,,,,,,,,,,,,,,,,,28701.0,2007.0,-47.0,728.0,-535295487.0,128.0,29.0,-27.0,-108.0,70.0,9.0
1491,32534.0,55978.0,57683.0,62910.0,54302.0,30363.0,2.9718475341796875,,,,,,,,,,,,,,,,,,,,,,,,,,28711.0,2009.0,-47.0,727.0,-535294463.0,128.0,30.0,-28.0,-88.0,26.0,14.0
1492,32544.0,56596.0,57887.0,62438.0,53987.0,30373.0,2.9718475341796875,,,,,,,,,,,,,,,,,,,,,,,,,,28721.0,2014.0,-46.0,727.0,-534245887.0,133.0,30.0,-31.0,-35.0,-3.0,-2.0
1493,32554.0,56560.0,57670.0,62581.0,53973.0,30403.0,2.966568946838379,,,,,,,,,,,,,,,,,,,,,,,,,,28731.0,2015.0,-46.0,727.0,-534245887.0,133.0,31.0,-34.0,15.0,-69.0,7.0
1494,32564.0,56340.0,57756.0,62849.0,53647.0,30413.0,2.966568946838379,,,,,,,,,,,,,,,,,,,,,,,,,,28771.0,2025.0,-45.0,722.0,-535296511.0,135.0,31.0,-51.0,113.0,-114.0,19.0
1495,32574.0,56896.0,58520.0,62700.0,53042.0,30423.0,2.966568946838379,,,,,,,,,,,,,,,,,,,,,,,,,,28781.0,2025.0,-45.0,724.0,-535296511.0,135.0,31.0,-43.0,144.0,-84.0,17.0
1496,32584.0,56193.0,57882.0,63109.0,53706.0,30433.0,2.966568946838379,,,,,,,,,,,,,,,,,,,,,,,,,,28791.0,2023.0,-46.0,724.0,-536346112.0,129.0,30.0,-43.0,107.0,-61.0,22.0
1497,32654.0,56603.0,56701.0,63991.0,53806.0,30493.0,2.9612903594970703,,,,,,,,,,,,,,,,,,,,,,,,,,28801.0,2024.0,-45.0,723.0,-1073217024.0,129.0,31.0,-44.0,75.0,33.0,18.0
1498,32664.0,56916.0,57222.0,63948.0,53147.0,30503.0,2.9612903594970703,,,,,,,,,,,,,,,,,,,,,,,,,,28811.0,2025.0,-44.0,723.0,-1072168448.0,128.0,32.0,-46.0,24.0,33.0,13.0
1499,32674.0,56433.0,57158.0,64191.0,53310.0,30513.0,2.9612903594970703,,,,,,,,,,,,,,,,,,,,,,,,,,28841.0,2029.0,-44.0,722.0,-1072167424.0,127.0,29.0,-40.0,-12.0,0.0,1.0
1500,32714.0,56912.0,57922.0,63861.0,53138.0,30533.0,2.9612903594970703,,,,,,,,,,,,,,,,,,,,,,,,,,28851.0,2031.0,-44.0,721.0,-1072167424.0,127.0,29.0,-40.0,19.0,-51.0,-11.0
1501,32724.0,57167.0,58258.0,63961.0,52798.0,30543.0,2.9612903594970703,,,,,,,,,,,,,,,,,,,,,,,,,,28861.0,2033.0,-44.0,721.0,-1072168448.0,128.0,28.0,-40.0,23.0,-124.0,-18.0
1502,32734.0,57136.0,57854.0,63990.0,53303.0,30553.0,2.9612903594970703,,,,,,,,,,,,,,,,,,,,,,,,,,28871.0,2034.0,-43.0,719.0,-1072692736.0,128.0,29.0,-44.0,38.0,-156.0,-21.0
1503,32764.0,57334.0,57448.0,63465.0,54348.0,30563.0,2.9612903594970703,,,,,,,,,,,,,,,,,,,,,,,,,,28881.0,2037.0,-43.0,719.0,-1072691712.0,130.0,28.0,-43.0,95.0,-200.0,-29.0
1504,32774.0,57463.0,57165.0,63337.0,54773.0,30593.0,2.966568946838379,,,,,,,,,,,,,,,,,,,,,,,,,,28901.0,2040.0,-44.0,718.0,-1071642111.0,131.0,25.0,-39.0,142.0,-144.0,-40.0
1505,32784.0,57703.0,57936.0,63076.0,53907.0,30603.0,2.966568946838379,,,,,,,,,,,,,,,,,,,,,,,,,,28921.0,2041.0,-44.0,717.0,-1071641087.0,132.0,24.0,-42.0,117.0,-123.0,-41.0
1506,32824.0,57180.0,58606.0,63181.0,52967.0,30613.0,2.966568946838379,,,,,,,,,,,,,,,,,,,,,,,,,,28931.0,2044.0,-44.0,716.0,-1070591487.0,134.0,22.0,-37.0,93.0,-94.0,-39.0
1507,32834.0,56573.0,58163.0,63520.0,53401.0,30653.0,2.966568946838379,,,,,,,,,,,,,,,,,,,,,,,,,,28941.0,2046.0,-42.0,716.0,-1070591487.0,138.0,25.0,-37.0,75.0,-60.0,-41.0
1508,32844.0,57406.0,57781.0,63058.0,54112.0,30663.0,2.966568946838379,,,,,,,,,,,,,,,,,,,,,,,,,,28951.0,2047.0,-42.0,716.0,-1070591487.0,139.0,24.0,-35.0,45.0,-26.0,-46.0
1509,32864.0,57460.0,58048.0,62995.0,53756.0,30673.0,2.966568946838379,,,,,,,,,,,,,,,,,,,,,,,,,,28971.0,2046.0,-45.0,715.0,-1069542911.0,134.0,17.0,-34.0,-13.0,11.0,-41.0
1510,32874.0,56026.0,57799.0,63646.0,53799.0,30683.0,2.966568946838379,,,,,,,,,,,,,,,,,,,,,,,,,,28991.0,2051.0,-44.0,715.0,-1069542910.0,141.0,15.0,-32.0,-48.0,76.0,-31.0
1511,32884.0,56573.0,57583.0,63192.0,54041.0,30693.0,2.966568946838379,,,,,,,,,,,,,,,,,,,,,,,,,,29001.0,2054.0,-44.0,715.0,-1069542910.0,144.0,15.0,-27.0,-59.0,54.0,-17.0
1512,32894.0,56483.0,57951.0,63232.0,53502.0,30703.0,2.966568946838379,,,,,,,,,,,,,,,,,,,,,,,,,,29011.0,2055.0,-44.0,715.0,-1070591486.0,144.0,12.0,-27.0,-52.0,50.0,-21.0
1513,32934.0,56735.0,58121.0,63186.0,53345.0,30713.0,2.966568946838379,,,,,,,,,,,,,,,,,,,,,,,,,,29021.0,2057.0,-44.0,715.0,-1070591486.0,146.0,11.0,-27.0,-23.0,29.0,-21.0
1514,32944.0,56755.0,58107.0,63147.0,53440.0,30733.0,2.966568946838379,,,,,,,,,,,,,,,,,,,,,,,,,,29051.0,2061.0,-44.0,713.0,-1070591486.0,149.0,9.0,-28.0,28.0,-8.0,-30.0
1515,32954.0,56652.0,58442.0,63217.0,53108.0,30743.0,2.966568946838379,,,,,,,,,,,,,,,,,,,,,,,,,,29061.0,2053.0,-45.0,712.0,-1070592510.0,135.0,6.0,-26.0,16.0,7.0,-34.0
1516,32984.0,56893.0,58196.0,63108.0,53431.0,30753.0,2.966568946838379,,,,,,,,,,,,,,,,,,,,,,,,,,29071.0,2055.0,-45.0,712.0,-1070592510.0,135.0,6.0,-25.0,0.0,25.0,-28.0
1517,32994.0,56752.0,57392.0,63190.0,54416.0,30763.0,2.966568946838379,,,,,,,,,,,,,,,,,,,,,,,,,,29091.0,2056.0,-46.0,712.0,-1070592509.0,135.0,1.0,-22.0,-76.0,45.0,12.0
1518,33004.0,57067.0,57663.0,62934.0,54161.0,30783.0,2.966568946838379,,,,,,,,,,,,,,,,,,,,,,,,,,29101.0,2053.0,-42.0,711.0,-1070592509.0,129.0,6.0,-22.0,-108.0,90.0,22.0
1519,33034.0,56725.0,58236.0,63064.0,53548.0,30803.0,2.966568946838379,,,,,,,,,,,,,,,,,,,,,,,,,,29111.0,2057.0,-43.0,711.0,-1070592509.0,134.0,5.0,-23.0,-137.0,98.0,17.0
1520,33044.0,56869.0,58105.0,62905.0,53657.0,30813.0,2.966568946838379,,,,,,,,,,,,,,,,,,,,,,,,,,29121.0,2062.0,-43.0,711.0,-1071641086.0,141.0,4.0,-25.0,-145.0,110.0,9.0
1521,33054.0,57099.0,58093.0,62592.0,53347.0,30823.0,2.9612903594970703,,,,,,,,,,,,,,,,,,,,,,,,,,29131.0,2063.0,-43.0,712.0,-1071642110.0,141.0,3.0,-19.0,-134.0,98.0,2.0
1522,33064.0,56667.0,58086.0,62867.0,53412.0,30863.0,2.9612903594970703,,,,,,,,,,,,,,,,,,,,,,,,,,29161.0,2068.0,-44.0,711.0,-1073740286.0,143.0,1.0,-23.0,-14.0,-3.0,-22.0
1523,33074.0,55914.0,58128.0,63360.0,53385.0,30873.0,2.9612903594970703,,,,,,,,,,,,,,,,,,,,,,,,,,29171.0,2070.0,-45.0,710.0,-1073740285.0,144.0,0.0,-27.0,17.0,-18.0,-37.0
1524,33084.0,56728.0,58599.0,62817.0,52803.0,30883.0,2.9612903594970703,,,,,,,,,,,,,,,,,,,,,,,,,,29181.0,2071.0,-45.0,710.0,-1073740285.0,145.0,0.0,-28.0,51.0,-41.0,-34.0
1525,33094.0,56447.0,57965.0,62970.0,53619.0,30893.0,2.9612903594970703,,,,,,,,,,,,,,,,,,,,,,,,,,29191.0,2072.0,-45.0,710.0,-1073739261.0,145.0,0.0,-28.0,76.0,-21.0,-25.0
1526,33104.0,56754.0,58103.0,62720.0,53385.0,30933.0,2.9612903594970703,,,,,,,,,,,,,,,,,,,,,,,,,,29211.0,2072.0,-49.0,710.0,-1072690685.0,141.0,-8.0,-23.0,116.0,-53.0,-26.0
1527,33114.0,56690.0,58600.0,62695.0,52835.0,30943.0,2.9560117721557617,,,,,,,,,,,,,,,,,,,,,,,,,,29221.0,2075.0,-50.0,709.0,-1072690685.0,143.0,-9.0,-24.0,118.0,-66.0,-35.0
1528,33124.0,56306.0,57810.0,62988.0,53744.0,30953.0,2.9560117721557617,,,,,,,,,,,,,,,,,,,,,,,,,,29231.0,2077.0,-50.0,709.0,-1071642109.0,145.0,-10.0,-24.0,74.0,-39.0,-40.0
1529,33134.0,56973.0,57787.0,62582.0,53874.0,30973.0,2.9560117721557617,,,,,,,,,,,,,,,,,,,,,,,,,,29241.0,2078.0,-50.0,709.0,-1071642109.0,145.0,-10.0,-24.0,21.0,-55.0,-53.0
1530,33154.0,57584.0,57857.0,62102.0,53954.0,30983.0,2.9560117721557617,,,,,,,,,,,,,,,,,,,,,,,,,,29251.0,2087.0,-50.0,709.0,-1071641085.0,157.0,-10.0,-25.0,-33.0,-11.0,-48.0
1531,33164.0,57375.0,58496.0,62511.0,53448.0,30993.0,2.9560117721557617,,,,,,,,,,,,,,,,,,,,,,,,,,29271.0,2090.0,-49.0,708.0,-1071641084.0,159.0,-9.0,-28.0,-130.0,24.0,-45.0
1532,33174.0,57024.0,57652.0,62697.0,54185.0,31003.0,2.9560117721557617,,,,,,,,,,,,,,,,,,,,,,,,,,29291.0,2093.0,-49.0,708.0,-1072689660.0,160.0,-10.0,-28.0,-146.0,85.0,-34.0
1533,33184.0,57457.0,58025.0,62488.0,54111.0,31023.0,2.9560117721557617,,,,,,,,,,,,,,,,,,,,,,,,,,29301.0,2094.0,-49.0,706.0,-1072689660.0,160.0,-11.0,-36.0,-110.0,84.0,-34.0
1534,33224.0,56998.0,58733.0,63522.0,53570.0,31033.0,2.9560117721557617,,,,,,,,,,,,,,,,,,,,,,,,,,29311.0,2095.0,-50.0,705.0,-1073739260.0,160.0,-11.0,-35.0,-102.0,132.0,-26.0
1535,33234.0,57288.0,58016.0,63503.0,54739.0,31043.0,2.9560117721557617,,,,,,,,,,,,,,,,,,,,,,,,,,29321.0,2096.0,-49.0,705.0,-536868348.0,159.0,-11.0,-34.0,-73.0,129.0,-17.0
1536,33244.0,57255.0,58982.0,63799.0,53855.0,31053.0,2.9560117721557617,,,,,,,,,,,,,,,,,,,,,,,,,,29361.0,2105.0,-50.0,705.0,-535821819.0,164.0,-11.0,-23.0,0.0,88.0,4.0
1537,33274.0,57135.0,58870.0,64065.0,53837.0,31093.0,2.9560117721557617,,,,,,,,,,,,,,,,,,,,,,,,,,29371.0,2106.0,-50.0,705.0,-535297531.0,164.0,-11.0,-22.0,-5.0,76.0,8.0
1538,33284.0,57218.0,59658.0,64218.0,53056.0,31103.0,2.9560117721557617,,,,,,,,,,,,,,,,,,,,,,,,,,29381.0,2107.0,-50.0,705.0,-535297531.0,162.0,-9.0,-21.0,-23.0,58.0,5.0
1539,33294.0,57859.0,58731.0,63825.0,54125.0,31113.0,2.9560117721557617,,,,,,,,,,,,,,,,,,,,,,,,,,29391.0,2110.0,-51.0,705.0,-535296507.0,165.0,-10.0,-19.0,-59.0,49.0,17.0
1540,33324.0,57898.0,58886.0,63605.0,53472.0,31123.0,2.9560117721557617,,,,,,,,,,,,,,,,,,,,,,,,,,29431.0,2100.0,-44.0,705.0,-534246908.0,137.0,1.0,-16.0,-106.0,94.0,35.0
1541,33334.0,57409.0,57868.0,63976.0,54591.0,31153.0,2.9560117721557617,,,,,,,,,,,,,,,,,,,,,,,,,,29451.0,2103.0,-45.0,705.0,-533197308.0,135.0,1.0,-19.0,-96.0,81.0,40.0
1542,33344.0,57916.0,57682.0,63761.0,54605.0,31163.0,2.9612903594970703,,,,,,,,,,,,,,,,,,,,,,,,,,29461.0,2105.0,-45.0,705.0,-533197308.0,136.0,2.0,-21.0,-47.0,31.0,39.0
1543,33354.0,57402.0,58016.0,63937.0,53851.0,31173.0,2.9612903594970703,,,,,,,,,,,,,,,,,,,,,,,,,,29471.0,2110.0,-45.0,703.0,-532148732.0,142.0,3.0,-27.0,-37.0,-1.0,52.0
1544,33364.0,57607.0,57981.0,63810.0,53661.0,31183.0,2.9612903594970703,,,,,,,,,,,,,,,,,,,,,,,,,,29481.0,2113.0,-45.0,703.0,-532148732.0,143.0,4.0,-28.0,9.0,-52.0,42.0
1545,33374.0,58273.0,58580.0,63237.0,53027.0,31193.0,2.9612903594970703,,,,,,,,,,,,,,,,,,,,,,,,,,29541.0,2124.0,-49.0,700.0,-533198333.0,143.0,2.0,-34.0,24.0,-47.0,23.0
1546,33384.0,56892.0,58040.0,64278.0,53564.0,31233.0,2.9612903594970703,,,,,,,,,,,,,,,,,,,,,,,,,,29551.0,2125.0,-50.0,700.0,-533199357.0,141.0,2.0,-36.0,9.0,-5.0,33.0
1547,33414.0,57034.0,57982.0,64262.0,53648.0,31243.0,2.9612903594970703,,,,,,,,,,,,,,,,,,,,,,,,,,29561.0,2126.0,-50.0,700.0,-533199357.0,141.0,3.0,-33.0,14.0,-1.0,25.0
1548,33424.0,57677.0,58725.0,63929.0,52754.0,31253.0,2.9560117721557617,,,,,,,,,,,,,,,,,,,,,,,,,,29571.0,2128.0,-50.0,700.0,-533199357.0,141.0,3.0,-34.0,5.0,6.0,34.0
1549,33434.0,57290.0,58347.0,64235.0,53280.0,31263.0,2.9560117721557617,,,,,,,,,,,,,,,,,,,,,,,,,,29591.0,2125.0,-48.0,699.0,-533198334.0,131.0,7.0,-34.0,-22.0,25.0,31.0
1550,33524.0,58283.0,58273.0,64008.0,53778.0,31303.0,2.9560117721557617,,,,,,,,,,,,,,,,,,,,,,,,,,29631.0,2141.0,-49.0,697.0,-533199358.0,144.0,8.0,-41.0,27.0,-28.0,30.0
1551,33534.0,58142.0,58375.0,63848.0,53353.0,31313.0,2.950733184814453,,,,,,,,,,,,,,,,,,,,,,,,,,29641.0,2141.0,-50.0,695.0,-533199358.0,144.0,9.0,-49.0,52.0,-51.0,35.0
1552,33564.0,56825.0,58609.0,64498.0,52048.0,31323.0,2.950733184814453,,,,,,,,,,,,,,,,,,,,,,,,,,29651.0,2144.0,-49.0,695.0,-533199359.0,143.0,10.0,-48.0,60.0,-55.0,30.0
1553,33574.0,56629.0,58152.0,64579.0,52683.0,31373.0,2.9560117721557617,,,,,,,,,,,,,,,,,,,,,,,,,,29681.0,2149.0,-50.0,693.0,-534248959.0,145.0,9.0,-45.0,37.0,-38.0,19.0
1554,33584.0,57165.0,57938.0,64413.0,53188.0,31383.0,2.950733184814453,,,,,,,,,,,,,,,,,,,,,,,,,,29691.0,2152.0,-51.0,693.0,-534248959.0,146.0,10.0,-47.0,38.0,35.0,24.0
1555,33594.0,57955.0,57431.0,63844.0,53776.0,31393.0,2.950733184814453,,,,,,,,,,,,,,,,,,,,,,,,,,29701.0,2153.0,-50.0,692.0,-534248959.0,146.0,10.0,-46.0,4.0,29.0,24.0
1556,33624.0,59484.0,57417.0,62347.0,54027.0,31423.0,2.950733184814453,,,,,,,,,,,,,,,,,,,,,,,,,,29711.0,2153.0,-50.0,692.0,-534248959.0,146.0,10.0,-46.0,12.0,50.0,25.0
1557,33634.0,59577.0,57185.0,62481.0,54422.0,31433.0,2.9454545974731445,,,,,,,,,,,,,,,,,,,,,,,,,,29721.0,2155.0,-50.0,692.0,-534247935.0,146.0,11.0,-45.0,29.0,2.0,26.0
1558,33674.0,58109.0,58107.0,63146.0,53033.0,31443.0,2.950733184814453,,,,,,,,,,,,,,,,,,,,,,,,,,29751.0,2148.0,-50.0,690.0,-534247935.0,127.0,12.0,-43.0,20.0,-18.0,37.0
1559,33684.0,58182.0,57710.0,62853.0,53061.0,31453.0,2.950733184814453,,,,,,,,,,,,,,,,,,,,,,,,,,29761.0,2149.0,-50.0,690.0,-535296511.0,127.0,12.0,-42.0,8.0,-34.0,30.0
1560,33694.0,57988.0,57897.0,62996.0,52652.0,31543.0,2.9560117721557617,,,,,,,,,,,,,,,,,,,,,,,,,,29771.0,2152.0,-48.0,692.0,-535296512.0,129.0,15.0,-27.0,4.0,-51.0,28.0
1561,33714.0,57122.0,57960.0,63540.0,52082.0,31563.0,2.950733184814453,,,,,,,,,,,,,,,,,,,,,,,,,,29781.0,2155.0,-48.0,691.0,-535296512.0,132.0,16.0,-26.0,-3.0,-65.0,34.0
1562,33724.0,57100.0,58477.0,63526.0,51490.0,31573.0,2.950733184814453,,,,,,,,,,,,,,,,,,,,,,,,,,29801.0,2158.0,-48.0,691.0,-535297536.0,133.0,16.0,-24.0,29.0,-83.0,4.0
1563,33734.0,56523.0,57287.0,63899.0,52848.0,31583.0,2.950733184814453,,,,,,,,,,,,,,,,,,,,,,,,,,29821.0,2162.0,-49.0,690.0,-535821824.0,134.0,15.0,-25.0,54.0,-70.0,4.0
1564,33764.0,58143.0,56768.0,62957.0,53225.0,31663.0,2.9454545974731445,,,,,,,,,,,,,,,,,,,,,,,,,,29831.0,2166.0,-50.0,689.0,-535821312.0,138.0,13.0,-24.0,76.0,-78.0,9.0
1565,33774.0,57908.0,56795.0,62900.0,53497.0,31673.0,2.9454545974731445,,,,,,,,,,,,,,,,,,,,,,,,,,29841.0,2167.0,-50.0,689.0,-535821312.0,139.0,13.0,-24.0,76.0,-50.0,8.0
1566,33784.0,58272.0,56781.0,62769.0,53833.0,31683.0,2.9454545974731445,,,,,,,,,,,,,,,,,,,,,,,,,,29851.0,2168.0,-49.0,689.0,-536869888.0,138.0,14.0,-25.0,62.0,-10.0,8.0
1567,33794.0,58706.0,56344.0,62522.0,54013.0,31693.0,2.9454545974731445,,,,,,,,,,,,,,,,,,,,,,,,,,29861.0,2170.0,-49.0,689.0,-536869888.0,138.0,14.0,-25.0,63.0,-13.0,4.0
1568,33804.0,58852.0,57180.0,62491.0,52750.0,31733.0,2.940176010131836,,,,,,,,,,,,,,,,,,,,,,,,,,29891.0,2170.0,-51.0,688.0,-1073740800.0,133.0,11.0,-23.0,-13.0,23.0,0.0
1569,33814.0,58722.0,56947.0,62708.0,52944.0,31743.0,2.940176010131836,,,,,,,,,,,,,,,,,,,,,,,,,,29901.0,2171.0,-51.0,685.0,-1072692224.0,133.0,10.0,-37.0,-36.0,27.0,-1.0
1570,33824.0,58538.0,58161.0,62682.0,51147.0,31753.0,2.940176010131836,,,,,,,,,,,,,,,,,,,,,,,,,,29911.0,2172.0,-51.0,685.0,-1073740800.0,133.0,10.0,-37.0,-45.0,56.0,-5.0
1571,33844.0,57167.0,57601.0,63825.0,51722.0,31763.0,2.940176010131836,,,,,,,,,,,,,,,,,,,,,,,,,,29921.0,2179.0,-41.0,684.0,-536869888.0,142.0,27.0,-38.0,-56.0,-5.0,0.0
1572,33854.0,57043.0,57578.0,63922.0,51763.0,31803.0,2.9560117721557617,,,,,,,,,,,,,,,,,,,,,,,,,,29931.0,2183.0,-41.0,684.0,-536869888.0,147.0,26.0,-37.0,-30.0,-13.0,-8.0
1573,33864.0,56637.0,57124.0,64042.0,51820.0,31813.0,2.9560117721557617,,,,,,,,,,,,,,,,,,,,,,,,,,29951.0,2186.0,-41.0,682.0,-535821312.0,148.0,26.0,-38.0,8.0,2.0,-1.0
1574,33884.0,57075.0,55703.0,63923.0,53254.0,31823.0,2.9612903594970703,,,,,,,,,,,,,,,,,,,,,,,,,,29961.0,2188.0,-42.0,682.0,-535821312.0,149.0,24.0,-37.0,32.0,2.0,10.0
1575,33944.0,58691.0,56325.0,63106.0,52884.0,31833.0,2.950733184814453,,,,,,,,,,,,,,,,,,,,,,,,,,29971.0,2190.0,-42.0,682.0,-536869888.0,151.0,24.0,-35.0,32.0,20.0,9.0
1576,33954.0,59063.0,56924.0,62946.0,52217.0,31883.0,2.9454545974731445,,,,,,,,,,,,,,,,,,,,,,,,,,29981.0,2191.0,-41.0,681.0,-536869888.0,151.0,24.0,-32.0,85.0,39.0,10.0
1577,33964.0,58976.0,57028.0,63202.0,52094.0,31893.0,2.9454545974731445,,,,,,,,,,,,,,,,,,,,,,,,,,30011.0,2193.0,-43.0,681.0,-1072692224.0,146.0,21.0,-25.0,70.0,66.0,-7.0
1578,34014.0,57800.0,57611.0,63830.0,52106.0,31903.0,2.9454545974731445,,,,,,,,,,,,,,,,,,,,,,,,,,30021.0,2196.0,-43.0,681.0,-1072692224.0,149.0,20.0,-23.0,42.0,12.0,2.0
1579,34024.0,58341.0,56816.0,63552.0,52853.0,31913.0,2.9454545974731445,,,,,,,,,,,,,,,,,,,,,,,,,,30031.0,2195.0,-43.0,680.0,-1072693248.0,145.0,19.0,-27.0,22.0,45.0,8.0
1580,34034.0,58557.0,56585.0,63545.0,53231.0,31933.0,2.9454545974731445,,,,,,,,,,,,,,,,,,,,,,,,,,30041.0,2201.0,-43.0,679.0,-1072693248.0,154.0,19.0,-28.0,-18.0,-23.0,15.0
1581,34054.0,58608.0,56758.0,63499.0,53374.0,31973.0,2.9454545974731445,,,,,,,,,,,,,,,,,,,,,,,,,,30051.0,2203.0,-43.0,679.0,-1072693248.0,154.0,19.0,-27.0,-24.0,-13.0,14.0
1582,34064.0,59052.0,56986.0,63178.0,53646.0,31983.0,2.9454545974731445,,,,,,,,,,,,,,,,,,,,,,,,,,30091.0,2208.0,-41.0,679.0,-1072692224.0,153.0,19.0,-21.0,-35.0,-14.0,24.0
1583,34074.0,59220.0,57608.0,62707.0,53432.0,31993.0,2.9454545974731445,,,,,,,,,,,,,,,,,,,,,,,,,,30101.0,2210.0,-41.0,678.0,-1072692224.0,153.0,18.0,-21.0,-35.0,19.0,34.0
1584,34104.0,58177.0,56976.0,63274.0,53240.0,32023.0,2.940176010131836,,,,,,,,,,,,,,,,,,,,,,,,,,30111.0,2211.0,-40.0,678.0,-1072692223.0,153.0,19.0,-21.0,-65.0,22.0,50.0
1585,34114.0,58666.0,57680.0,63200.0,52044.0,32033.0,2.9348974227905273,,,,,,,,,,,,,,,,,,,,,,,,,,30121.0,2212.0,-41.0,678.0,-1073741823.0,152.0,17.0,-21.0,-11.0,65.0,35.0
1586,34124.0,57947.0,56679.0,63289.0,52646.0,32043.0,2.9348974227905273,,,,,,,,,,,,,,,,,,,,,,,,,,30161.0,2231.0,-41.0,678.0,-1073217535.0,174.0,15.0,-13.0,43.0,58.0,31.0
1587,34154.0,57009.0,57458.0,63288.0,52109.0,32073.0,2.9296188354492188,,,,,,,,,,,,,,,,,,,,,,,,,,30171.0,2231.0,-42.0,677.0,-1073217535.0,173.0,14.0,-13.0,8.0,15.0,29.0
1588,34164.0,56658.0,57796.0,63695.0,52201.0,32083.0,2.9296188354492188,,,,,,,,,,,,,,,,,,,,,,,,,,30181.0,2235.0,-42.0,677.0,-1072168959.0,175.0,13.0,-14.0,-10.0,65.0,37.0
1589,34174.0,57893.0,57764.0,62830.0,52261.0,32093.0,2.92434024810791,,,,,,,,,,,,,,,,,,,,,,,,,,30191.0,2236.0,-42.0,677.0,-1072168958.0,175.0,13.0,-14.0,-23.0,54.0,41.0
1590,34214.0,58814.0,57694.0,62251.0,52856.0,32133.0,2.9296188354492188,,,,,,,,,,,,,,,,,,,,,,,,,,30201.0,2238.0,-42.0,677.0,-1073216510.0,175.0,13.0,-14.0,-33.0,56.0,40.0
1591,34224.0,58662.0,57900.0,62270.0,52816.0,32153.0,2.9348974227905273,,,,,,,,,,,,,,,,,,,,,,,,,,30231.0,2230.0,-40.0,677.0,-536344574.0,150.0,14.0,-12.0,-39.0,84.0,29.0
1592,34234.0,58228.0,57719.0,62881.0,53290.0,32163.0,2.9348974227905273,,,,,,,,,,,,,,,,,,,,,,,,,,30241.0,2234.0,-40.0,677.0,-536344574.0,155.0,14.0,-13.0,-23.0,42.0,28.0
1593,34244.0,58444.0,57642.0,62948.0,53095.0,32173.0,2.9348974227905273,,,,,,,,,,,,,,,,,,,,,,,,,,30251.0,2236.0,-40.0,677.0,-536343550.0,154.0,14.0,-11.0,-24.0,0.0,37.0
1594,34254.0,58063.0,57301.0,63549.0,53648.0,32183.0,2.9348974227905273,,,,,,,,,,,,,,,,,,,,,,,,,,30261.0,2242.0,-42.0,677.0,-536344574.0,161.0,11.0,-9.0,-4.0,-41.0,32.0
1595,34264.0,57749.0,57590.0,64093.0,53472.0,32213.0,2.9348974227905273,,,,,,,,,,,,,,,,,,,,,,,,,,30271.0,2244.0,-42.0,677.0,-535295997.0,161.0,11.0,-8.0,17.0,-73.0,20.0
1596,34304.0,58304.0,57587.0,63764.0,53776.0,32223.0,2.9348974227905273,,,,,,,,,,,,,,,,,,,,,,,,,,30311.0,2253.0,-42.0,675.0,-536345597.0,164.0,10.0,-11.0,20.0,-35.0,23.0
1597,34314.0,57526.0,57954.0,64589.0,53292.0,32233.0,2.9348974227905273,,,,,,,,,,,,,,,,,,,,,,,,,,30321.0,2255.0,-42.0,675.0,-536345597.0,164.0,10.0,-10.0,17.0,-31.0,18.0
1598,34354.0,59285.0,57384.0,62956.0,53644.0,32243.0,2.9348974227905273,,,,,,,,,,,,,,,,,,,,,,,,,,30331.0,2253.0,-40.0,674.0,-536345597.0,158.0,13.0,-14.0,-10.0,9.0,33.0
1599,34364.0,58721.0,57582.0,63426.0,53455.0,32253.0,2.9348974227905273,,,,,,,,,,,,,,,,,,,,,,,,,,30351.0,2255.0,-41.0,674.0,-536345597.0,155.0,12.0,-15.0,-13.0,74.0,18.0
1600,34374.0,58417.0,57595.0,63562.0,53525.0,32293.0,2.940176010131836,,,,,,,,,,,,,,,,,,,,,,,,,,30361.0,2255.0,-40.0,674.0,-536345597.0,153.0,13.0,-16.0,-35.0,57.0,21.0
1601,34404.0,58532.0,57913.0,63345.0,52990.0,32303.0,2.940176010131836,,,,,,,,,,,,,,,,,,,,,,,,,,30371.0,2257.0,-40.0,674.0,-536345597.0,153.0,14.0,-17.0,-48.0,38.0,24.0
1602,34414.0,58281.0,57729.0,63454.0,53227.0,32313.0,2.9348974227905273,,,,,,,,,,,,,,,,,,,,,,,,,,30381.0,2265.0,-39.0,673.0,-535297021.0,164.0,14.0,-21.0,-29.0,27.0,21.0
1603,34424.0,58348.0,57843.0,63853.0,53587.0,32323.0,2.9348974227905273,,,,,,,,,,,,,,,,,,,,,,,,,,30391.0,2268.0,-39.0,672.0,-535297020.0,167.0,15.0,-22.0,-7.0,10.0,16.0
1604,34454.0,57964.0,58256.0,64188.0,53243.0,32343.0,2.9348974227905273,,,,,,,,,,,,,,,,,,,,,,,,,,30401.0,2272.0,-40.0,672.0,-535297020.0,167.0,13.0,-22.0,-23.0,-24.0,27.0
1605,34464.0,58887.0,58339.0,63428.0,53092.0,32353.0,2.9348974227905273,,,,,,,,,,,,,,,,,,,,,,,,,,30411.0,2276.0,-39.0,672.0,-535297020.0,170.0,14.0,-20.0,-26.0,-16.0,22.0
1606,34474.0,59111.0,57464.0,63419.0,54522.0,32363.0,2.9296188354492188,,,,,,,,,,,,,,,,,,,,,,,,,,30421.0,2277.0,-39.0,671.0,-535297020.0,169.0,14.0,-24.0,7.0,-12.0,9.0
1607,34494.0,59608.0,57847.0,63109.0,54331.0,32383.0,2.9296188354492188,,,,,,,,,,,,,,,,,,,,,,,,,,30431.0,2279.0,-39.0,671.0,-535297020.0,169.0,14.0,-24.0,18.0,17.0,4.0
1608,34504.0,59920.0,58388.0,62659.0,53754.0,32403.0,2.9296188354492188,,,,,,,,,,,,,,,,,,,,,,,,,,30451.0,2272.0,-38.0,670.0,-535295996.0,150.0,16.0,-27.0,50.0,54.0,-18.0
1609,34514.0,58788.0,58073.0,63483.0,53768.0,32413.0,2.9296188354492188,,,,,,,,,,,,,,,,,,,,,,,,,,30481.0,2279.0,-39.0,671.0,-536344572.0,153.0,14.0,-19.0,20.0,41.0,-20.0
1610,34544.0,58827.0,58227.0,63220.0,53381.0,32423.0,2.92434024810791,,,,,,,,,,,,,,,,,,,,,,,,,,30491.0,2277.0,-39.0,671.0,-536343548.0,146.0,14.0,-19.0,20.0,8.0,-26.0
1611,34554.0,58586.0,58110.0,63293.0,53378.0,32433.0,2.92434024810791,,,,,,,,,,,,,,,,,,,,,,,,,,30501.0,2285.0,-39.0,672.0,-536344573.0,157.0,14.0,-12.0,11.0,-4.0,-28.0
1612,34564.0,58222.0,57903.0,63683.0,53751.0,32483.0,2.92434024810791,,,,,,,,,,,,,,,,,,,,,,,,,,30511.0,2287.0,-39.0,671.0,-536344573.0,156.0,14.0,-11.0,20.0,-54.0,-27.0
1613,34594.0,57834.0,57229.0,63554.0,53373.0,32493.0,2.92434024810791,,,,,,,,,,,,,,,,,,,,,,,,,,30531.0,2290.0,-39.0,671.0,-536344573.0,159.0,14.0,-10.0,23.0,-82.0,-41.0
1614,34604.0,57312.0,56922.0,63707.0,53207.0,32503.0,2.92434024810791,,,,,,,,,,,,,,,,,,,,,,,,,,30541.0,2295.0,-39.0,671.0,-1073215485.0,164.0,13.0,-10.0,32.0,-83.0,-42.0
1615,34614.0,58503.0,57632.0,62673.0,52378.0,32533.0,2.92434024810791,,,,,,,,,,,,,,,,,,,,,,,,,,30551.0,2296.0,-39.0,671.0,-1073216509.0,164.0,13.0,-8.0,45.0,-49.0,-44.0
1616,34624.0,57663.0,57023.0,63053.0,52864.0,32543.0,2.92434024810791,,,,,,,,,,,,,,,,,,,,,,,,,,30561.0,2295.0,-37.0,671.0,-1073216509.0,158.0,17.0,-6.0,57.0,-21.0,-43.0
1617,34634.0,57795.0,57231.0,62762.0,52276.0,32553.0,2.92434024810791,,,,,,,,,,,,,,,,,,,,,,,,,,30571.0,2297.0,-36.0,671.0,-1073216509.0,158.0,17.0,-4.0,79.0,19.0,-49.0
1618,34644.0,56967.0,56062.0,63041.0,53040.0,32563.0,2.92434024810791,,,,,,,,,,,,,,,,,,,,,,,,,,30581.0,2297.0,-38.0,671.0,-1072167933.0,154.0,13.0,-2.0,89.0,27.0,-46.0
1619,34654.0,57564.0,57011.0,62376.0,51849.0,32573.0,2.92434024810791,,,,,,,,,,,,,,,,,,,,,,,,,,30591.0,2298.0,-38.0,672.0,-1072167934.0,154.0,13.0,0.0,91.0,21.0,-56.0
1620,34694.0,58330.0,56781.0,61562.0,52086.0,32583.0,2.92434024810791,,,,,,,,,,,,,,,,,,,,,,,,,,30601.0,2300.0,-38.0,672.0,-1072167934.0,154.0,13.0,0.0,66.0,-8.0,-61.0
1621,34704.0,57606.0,57646.0,62259.0,51485.0,32593.0,2.92434024810791,,,,,,,,,,,,,,,,,,,,,,,,,,30611.0,2296.0,-40.0,672.0,-1071119358.0,144.0,8.0,1.0,35.0,0.0,-65.0
1622,34714.0,58583.0,57166.0,61434.0,52076.0,32653.0,2.92434024810791,,,,,,,,,,,,,,,,,,,,,,,,,,30641.0,2301.0,-38.0,670.0,-1071119359.0,144.0,10.0,-1.0,-64.0,-57.0,-51.0
1623,34734.0,57516.0,57502.0,61910.0,51207.0,32663.0,2.92434024810791,,,,,,,,,,,,,,,,,,,,,,,,,,30651.0,2302.0,-36.0,670.0,-1071119359.0,143.0,12.0,0.0,-21.0,-113.0,-54.0
1624,34744.0,57158.0,56672.0,62312.0,52115.0,32673.0,2.92434024810791,,,,,,,,,,,,,,,,,,,,,,,,,,30661.0,2304.0,-36.0,670.0,-1072167935.0,144.0,12.0,1.0,0.0,-105.0,-61.0
1625,34754.0,57052.0,56464.0,62409.0,52519.0,32683.0,2.9190616607666016,,,,,,,,,,,,,,,,,,,,,,,,,,30671.0,2307.0,-38.0,670.0,-1072168959.0,147.0,8.0,1.0,11.0,-108.0,-61.0
1626,34764.0,57454.0,57150.0,62047.0,51938.0,32713.0,2.9190616607666016,,,,,,,,,,,,,,,,,,,,,,,,,,30691.0,2312.0,-37.0,670.0,-1071643648.0,150.0,9.0,3.0,6.0,-78.0,-69.0
1627,34794.0,57389.0,57092.0,62143.0,51746.0,32723.0,2.9190616607666016,,,,,,,,,,,,,,,,,,,,,,,,,,30701.0,2314.0,-37.0,670.0,-1071643136.0,150.0,8.0,5.0,27.0,-65.0,-75.0
1628,34804.0,57109.0,57241.0,62412.0,51536.0,32733.0,2.9190616607666016,,,,,,,,,,,,,,,,,,,,,,,,,,30711.0,2314.0,-38.0,670.0,-1071643136.0,149.0,6.0,6.0,40.0,-15.0,-71.0
1629,34844.0,57491.0,56109.0,62579.0,53631.0,32753.0,2.913783073425293,,,,,,,,,,,,,,,,,,,,,,,,,,30721.0,2316.0,-37.0,669.0,-1071643135.0,149.0,6.0,1.0,49.0,22.0,-77.0
1630,34854.0,57815.0,56650.0,62288.0,53155.0,32773.0,2.913783073425293,,,,,,,,,,,,,,,,,,,,,,,,,,30731.0,2318.0,-38.0,669.0,-1071643135.0,152.0,4.0,1.0,43.0,71.0,-70.0
1631,34864.0,58595.0,56969.0,61773.0,53216.0,32783.0,2.913783073425293,,,,,,,,,,,,,,,,,,,,,,,,,,30741.0,2319.0,-37.0,669.0,-1071643135.0,150.0,5.0,1.0,30.0,63.0,-69.0
1632,34894.0,58564.0,56974.0,61984.0,53352.0,32823.0,2.9190616607666016,,,,,,,,,,,,,,,,,,,,,,,,,,30751.0,2320.0,-37.0,669.0,-1071643135.0,151.0,4.0,1.0,18.0,60.0,-73.0
1633,34904.0,58879.0,57681.0,62050.0,53065.0,32833.0,2.9190616607666016,,,,,,,,,,,,,,,,,,,,,,,,,,30761.0,2319.0,-38.0,670.0,-1071643134.0,145.0,3.0,6.0,21.0,83.0,-63.0
1634,34914.0,58565.0,58235.0,62550.0,52693.0,32843.0,2.913783073425293,,,,,,,,,,,,,,,,,,,,,,,,,,30801.0,2325.0,-36.0,668.0,-1071119869.0,146.0,2.0,0.0,-54.0,-26.0,-58.0
1635,34954.0,57628.0,58255.0,63591.0,52890.0,32873.0,2.9190616607666016,,,,,,,,,,,,,,,,,,,,,,,,,,30811.0,2324.0,-39.0,668.0,-1071119869.0,142.0,-3.0,0.0,-34.0,-67.0,-56.0
1636,34964.0,57512.0,58115.0,63742.0,53051.0,32883.0,2.9190616607666016,,,,,,,,,,,,,,,,,,,,,,,,,,30821.0,2327.0,-39.0,668.0,-1071119869.0,144.0,-3.0,0.0,-32.0,-78.0,-46.0
1637,34974.0,57701.0,57272.0,63739.0,54334.0,32893.0,2.9190616607666016,,,,,,,,,,,,,,,,,,,,,,,,,,30831.0,2332.0,-39.0,668.0,-1071644157.0,150.0,-3.0,0.0,-34.0,-95.0,-41.0
1638,35004.0,57354.0,56884.0,64037.0,54400.0,32903.0,2.9190616607666016,,,,,,,,,,,,,,,,,,,,,,,,,,30841.0,2332.0,-38.0,668.0,-1071643133.0,148.0,-2.0,0.0,-17.0,-92.0,-42.0
1639,35014.0,57690.0,57243.0,63938.0,54194.0,32933.0,2.9190616607666016,,,,,,,,,,,,,,,,,,,,,,,,,,30871.0,2336.0,-38.0,669.0,-1072691708.0,149.0,-3.0,3.0,-30.0,-12.0,-40.0
1640,35024.0,58674.0,57714.0,63236.0,53727.0,32943.0,2.9190616607666016,,,,,,,,,,,,,,,,,,,,,,,,,,30881.0,2338.0,-38.0,669.0,-1072690684.0,149.0,-3.0,3.0,-54.0,32.0,-32.0
1641,35064.0,58020.0,57967.0,63710.0,53212.0,32953.0,2.9190616607666016,,,,,,,,,,,,,,,,,,,,,,,,,,30891.0,2339.0,-38.0,668.0,-1072690684.0,149.0,-3.0,-1.0,-37.0,63.0,-36.0
1642,35074.0,58164.0,57962.0,63578.0,52954.0,32983.0,2.9190616607666016,,,,,,,,,,,,,,,,,,,,,,,,,,30911.0,2341.0,-38.0,668.0,-1072691708.0,149.0,-4.0,-3.0,-32.0,54.0,-8.0
1643,35084.0,58020.0,57904.0,63750.0,52910.0,32993.0,2.9190616607666016,,,,,,,,,,,,,,,,,,,,,,,,,,30931.0,2342.0,-38.0,668.0,-1072691708.0,145.0,-4.0,-2.0,3.0,23.0,-9.0
1644,35094.0,58188.0,57510.0,63314.0,53176.0,33003.0,2.9190616607666016,,,,,,,,,,,,,,,,,,,,,,,,,,30941.0,2343.0,-38.0,668.0,-1072691708.0,145.0,-4.0,-1.0,15.0,24.0,-13.0
1645,35104.0,58338.0,57007.0,63435.0,53867.0,33043.0,2.913783073425293,,,,,,,,,,,,,,,,,,,,,,,,,,30951.0,2345.0,-38.0,668.0,-1072691707.0,145.0,-4.0,0.0,19.0,-13.0,-16.0
1646,35114.0,59352.0,56926.0,62856.0,54427.0,33053.0,2.9190616607666016,,,,,,,,,,,,,,,,,,,,,,,,,,30961.0,2351.0,-35.0,668.0,-1072691707.0,154.0,0.0,1.0,1.0,-48.0,-4.0
1647,35134.0,58674.0,57091.0,63422.0,54201.0,33063.0,2.9190616607666016,,,,,,,,,,,,,,,,,,,,,,,,,,30981.0,2354.0,-36.0,668.0,-1072691707.0,154.0,-1.0,4.0,-26.0,-54.0,-1.0
1648,35144.0,58244.0,57194.0,63725.0,53929.0,33073.0,2.9190616607666016,,,,,,,,,,,,,,,,,,,,,,,,,,30991.0,2351.0,-36.0,668.0,-1072691707.0,146.0,-1.0,4.0,-22.0,-37.0,-1.0
1649,35154.0,57974.0,57798.0,63852.0,52996.0,33083.0,2.9190616607666016,,,,,,,,,,,,,,,,,,,,,,,,,,31001.0,2359.0,-36.0,668.0,-1072691707.0,158.0,-1.0,3.0,-45.0,-20.0,11.0
1650,35184.0,58213.0,58629.0,63821.0,52144.0,33093.0,2.9190616607666016,,,,,,,,,,,,,,,,,,,,,,,,,,31011.0,2360.0,-36.0,668.0,-1073739259.0,159.0,-2.0,3.0,-23.0,-6.0,14.0
1651,35194.0,57600.0,58689.0,64132.0,52241.0,33103.0,2.9190616607666016,,,,,,,,,,,,,,,,,,,,,,,,,,31031.0,2362.0,-35.0,668.0,-1073740284.0,157.0,0.0,8.0,-15.0,83.0,19.0
1652,35204.0,58434.0,58620.0,63481.0,52321.0,33113.0,2.9190616607666016,,,,,,,,,,,,,,,,,,,,,,,,,,31041.0,2364.0,-35.0,669.0,-1073740284.0,157.0,0.0,8.0,1.0,89.0,21.0
1653,35224.0,58603.0,57534.0,63380.0,53763.0,33123.0,2.9190616607666016,,,,,,,,,,,,,,,,,,,,,,,,,,31051.0,2362.0,-35.0,669.0,-1073740284.0,151.0,0.0,9.0,-8.0,123.0,24.0
1654,35234.0,57881.0,57800.0,63938.0,53419.0,33133.0,2.9190616607666016,,,,,,,,,,,,,,,,,,,,,,,,,,31061.0,2363.0,-35.0,668.0,-1073741308.0,150.0,0.0,8.0,11.0,136.0,38.0
1655,35244.0,58925.0,57695.0,63399.0,54058.0,33163.0,2.913783073425293,,,,,,,,,,,,,,,,,,,,,,,,,,31091.0,2365.0,-36.0,669.0,-1073215996.0,147.0,-1.0,12.0,32.0,56.0,65.0
1656,35254.0,59580.0,56756.0,62775.0,55159.0,33173.0,2.9190616607666016,,,,,,,,,,,,,,,,,,,,,,,,,,31101.0,2368.0,-36.0,669.0,-1073215996.0,148.0,-2.0,12.0,10.0,-19.0,77.0
1657,35284.0,58844.0,58029.0,63012.0,53906.0,33183.0,2.913783073425293,,,,,,,,,,,,,,,,,,,,,,,,,,31111.0,2371.0,-36.0,668.0,-1073215997.0,152.0,-2.0,8.0,43.0,-84.0,64.0
1658,35294.0,58519.0,57369.0,63302.0,54347.0,33223.0,2.913783073425293,,,,,,,,,,,,,,,,,,,,,,,,,,31121.0,2373.0,-36.0,668.0,-1072167421.0,152.0,-2.0,9.0,7.0,-115.0,65.0
1659,35304.0,58145.0,58258.0,63513.0,53283.0,33233.0,2.9085044860839844,,,,,,,,,,,,,,,,,,,,,,,,,,31161.0,2376.0,-32.0,671.0,-536870398.0,146.0,3.0,25.0,-88.0,53.0,79.0
1660,35314.0,58126.0,58929.0,63424.0,52477.0,33243.0,2.903225898742676,,,,,,,,,,,,,,,,,,,,,,,,,,31171.0,2378.0,-33.0,671.0,-536870398.0,148.0,2.0,25.0,-63.0,70.0,80.0
1661,35324.0,58611.0,58168.0,62915.0,53336.0,33253.0,2.903225898742676,,,,,,,,,,,,,,,,,,,,,,,,,,31181.0,2379.0,-32.0,671.0,-535821823.0,147.0,3.0,24.0,-43.0,94.0,91.0
1662,35334.0,57911.0,58631.0,63754.0,53604.0,33273.0,2.903225898742676,,,,,,,,,,,,,,,,,,,,,,,,,,31191.0,2382.0,-32.0,670.0,-535296511.0,147.0,3.0,14.0,-19.0,136.0,82.0
1663,35344.0,58861.0,58221.0,62957.0,54208.0,33283.0,2.897947311401367,,,,,,,,,,,,,,,,,,,,,,,,,,31211.0,2381.0,-34.0,670.0,-535295488.0,139.0,0.0,12.0,46.0,119.0,77.0
1664,35354.0,57593.0,58338.0,63609.0,54320.0,33293.0,2.897947311401367,,,,,,,,,,,,,,,,,,,,,,,,,,31231.0,2389.0,-34.0,668.0,-536344576.0,146.0,1.0,0.0,61.0,34.0,65.0
1665,35364.0,58805.0,58991.0,62525.0,54114.0,33323.0,2.897947311401367,,,,,,,,,,,,,,,,,,,,,,,,,,31241.0,2390.0,-34.0,668.0,-536344576.0,150.0,1.0,0.0,38.0,-2.0,56.0
1666,35374.0,59015.0,58138.0,61934.0,54803.0,33333.0,2.897947311401367,,,,,,,,,,,,,,,,,,,,,,,,,,31251.0,2393.0,-34.0,668.0,-536344575.0,149.0,1.0,0.0,0.0,-40.0,62.0
1667,35394.0,59247.0,57760.0,61620.0,54969.0,33343.0,2.897947311401367,,,,,,,,,,,,,,,,,,,,,,,,,,31261.0,2395.0,-33.0,668.0,-536344575.0,151.0,2.0,0.0,-40.0,-61.0,65.0
1668,35404.0,59579.0,57482.0,61245.0,55160.0,33353.0,2.903225898742676,,,,,,,,,,,,,,,,,,,,,,,,,,31281.0,2398.0,-33.0,668.0,-536345599.0,151.0,3.0,1.0,-67.0,-57.0,61.0
1669,35414.0,59445.0,58166.0,61334.0,54886.0,33363.0,2.903225898742676,,,,,,,,,,,,,,,,,,,,,,,,,,31301.0,2401.0,-32.0,668.0,-535297022.0,149.0,5.0,0.0,-59.0,21.0,81.0
1670,35424.0,60034.0,58167.0,60748.0,54767.0,33373.0,2.903225898742676,,,,,,,,,,,,,,,,,,,,,,,,,,31311.0,2402.0,-32.0,668.0,-535297022.0,149.0,5.0,-1.0,-23.0,73.0,81.0
1671,35434.0,57933.0,58944.0,62428.0,53907.0,33383.0,2.903225898742676,,,,,,,,,,,,,,,,,,,,,,,,,,31321.0,2400.0,-32.0,669.0,-535297022.0,143.0,5.0,5.0,6.0,110.0,76.0
1672,35444.0,57965.0,58561.0,62380.0,54387.0,33413.0,2.903225898742676,,,,,,,,,,,,,,,,,,,,,,,,,,31331.0,2402.0,-32.0,669.0,-535295997.0,142.0,5.0,6.0,36.0,139.0,68.0
1673,35494.0,56896.0,57996.0,64388.0,53497.0,33423.0,2.903225898742676,,,,,,,,,,,,,,,,,,,,,,,,,,31341.0,2403.0,-32.0,669.0,-535295997.0,142.0,6.0,6.0,40.0,135.0,52.0
1674,35504.0,57436.0,58170.0,64109.0,52884.0,33433.0,2.903225898742676,,,,,,,,,,,,,,,,,,,,,,,,,,31361.0,2399.0,-33.0,668.0,-535294973.0,128.0,4.0,1.0,33.0,91.0,46.0
1675,35544.0,58483.0,56919.0,63768.0,53668.0,33523.0,2.8926687240600586,,,,,,,,,,,,,,,,,,,,,,,,,,31371.0,2400.0,-33.0,668.0,-535293949.0,126.0,5.0,2.0,31.0,39.0,30.0
1676,35554.0,59481.0,57703.0,63029.0,52698.0,33533.0,2.897947311401367,,,,,,,,,,,,,,,,,,,,,,,,,,31381.0,2407.0,-34.0,668.0,-535293949.0,136.0,4.0,3.0,17.0,-39.0,31.0
1677,35564.0,58599.0,56888.0,63702.0,53635.0,33543.0,2.897947311401367,,,,,,,,,,,,,,,,,,,,,,,,,,31391.0,2409.0,-33.0,668.0,-535293948.0,136.0,4.0,3.0,3.0,-102.0,31.0
1678,35604.0,58562.0,57514.0,64353.0,53561.0,33563.0,2.903225898742676,,,,,,,,,,,,,,,,,,,,,,,,,,31401.0,2411.0,-33.0,668.0,-535293948.0,135.0,4.0,3.0,-1.0,-166.0,28.0
1679,35614.0,58369.0,58042.0,64597.0,52786.0,33573.0,2.903225898742676,,,,,,,,,,,,,,,,,,,,,,,,,,31421.0,2417.0,-33.0,668.0,-535295996.0,140.0,5.0,0.0,-2.0,-193.0,7.0
1680,35624.0,58360.0,57745.0,64688.0,52923.0,33583.0,2.897947311401367,,,,,,,,,,,,,,,,,,,,,,,,,,31431.0,2418.0,-33.0,668.0,-535295996.0,138.0,5.0,1.0,-34.0,-158.0,15.0
1681,35634.0,57227.0,57735.0,64978.0,51888.0,33613.0,2.897947311401367,,,,,,,,,,,,,,,,,,,,,,,,,,31441.0,2421.0,-33.0,668.0,-535297020.0,141.0,5.0,4.0,0.0,-103.0,20.0
1682,35654.0,58851.0,58112.0,63728.0,51732.0,33623.0,2.897947311401367,,,,,,,,,,,,,,,,,,,,,,,,,,31451.0,2421.0,-34.0,669.0,-535297020.0,139.0,4.0,12.0,9.0,-45.0,22.0
1683,35664.0,58389.0,57272.0,63964.0,52984.0,33633.0,2.8926687240600586,,,,,,,,,,,,,,,,,,,,,,,,,,31551.0,2423.0,-35.0,669.0,-1072166908.0,116.0,1.0,7.0,-28.0,-97.0,0.0
1684,35674.0,59247.0,56758.0,62927.0,53662.0,33643.0,2.8926687240600586,,,,,,,,,,,,,,,,,,,,,,,,,,31561.0,2422.0,-35.0,670.0,-1072166908.0,112.0,0.0,5.0,-96.0,-133.0,7.0
1685,35704.0,59378.0,57292.0,62519.0,52907.0,33673.0,2.8926687240600586,,,,,,,,,,,,,,,,,,,,,,,,,,31571.0,2424.0,-34.0,670.0,-1072166908.0,113.0,2.0,3.0,-118.0,-158.0,17.0
1686,35714.0,59243.0,57210.0,62838.0,53762.0,33683.0,2.897947311401367,,,,,,,,,,,,,,,,,,,,,,,,,,31581.0,2425.0,-34.0,668.0,-1072167932.0,112.0,1.0,-2.0,-94.0,-180.0,14.0
1687,35724.0,59599.0,57722.0,62640.0,53582.0,33693.0,2.897947311401367,,,,,,,,,,,,,,,,,,,,,,,,,,31591.0,2426.0,-37.0,668.0,-1073216508.0,110.0,-4.0,-1.0,-91.0,-170.0,17.0
1688,35734.0,59442.0,57404.0,62815.0,53878.0,33713.0,2.903225898742676,,,,,,,,,,,,,,,,,,,,,,,,,,31601.0,2427.0,-36.0,668.0,-536346620.0,110.0,-2.0,-3.0,-74.0,-149.0,18.0
1689,35744.0,58626.0,57800.0,63358.0,53606.0,33723.0,2.903225898742676,,,,,,,,,,,,,,,,,,,,,,,,,,31621.0,2429.0,-37.0,669.0,-535821307.0,110.0,-3.0,-1.0,-25.0,-48.0,8.0
1690,35754.0,58064.0,58405.0,64034.0,53187.0,33733.0,2.903225898742676,,,,,,,,,,,,,,,,,,,,,,,,,,31651.0,2436.0,-36.0,669.0,-535821307.0,118.0,0.0,-5.0,16.0,86.0,0.0
1691,35764.0,57324.0,58290.0,64529.0,53073.0,33743.0,2.9085044860839844,,,,,,,,,,,,,,,,,,,,,,,,,,31661.0,2438.0,-36.0,669.0,-535821307.0,120.0,0.0,-5.0,27.0,95.0,-11.0
1692,35784.0,58168.0,57732.0,64053.0,53327.0,33763.0,2.903225898742676,,,,,,,,,,,,,,,,,,,,,,,,,,31671.0,2439.0,-36.0,668.0,-535821307.0,120.0,0.0,-5.0,17.0,101.0,-5.0
1693,35794.0,58043.0,57662.0,64132.0,53490.0,33773.0,2.903225898742676,,,,,,,,,,,,,,,,,,,,,,,,,,31681.0,2442.0,-36.0,668.0,-535821307.0,122.0,-1.0,-5.0,36.0,76.0,-6.0
1694,35804.0,57838.0,58111.0,64349.0,52982.0,33783.0,2.903225898742676,,,,,,,,,,,,,,,,,,,,,,,,,,31691.0,2443.0,-36.0,668.0,-535822331.0,122.0,0.0,-5.0,12.0,70.0,0.0
1695,35814.0,59644.0,56733.0,63027.0,54402.0,33793.0,2.903225898742676,,,,,,,,,,,,,,,,,,,,,,,,,,31731.0,2444.0,-36.0,669.0,-535298043.0,116.0,0.0,-2.0,-42.0,-87.0,-1.0
1696,35824.0,58675.0,57165.0,63797.0,53846.0,33803.0,2.903225898742676,,,,,,,,,,,,,,,,,,,,,,,,,,31741.0,2446.0,-36.0,669.0,-535822332.0,116.0,0.0,-1.0,-50.0,-115.0,8.0
1697,35834.0,59874.0,56664.0,62886.0,54366.0,33813.0,2.903225898742676,,,,,,,,,,,,,,,,,,,,,,,,,,31751.0,2447.0,-36.0,669.0,-535822332.0,116.0,0.0,0.0,-14.0,-133.0,-4.0
1698,35844.0,59498.0,57354.0,63392.0,53529.0,33823.0,2.903225898742676,,,,,,,,,,,,,,,,,,,,,,,,,,31761.0,2448.0,-36.0,669.0,-535821307.0,117.0,0.0,0.0,-6.0,-114.0,20.0
1699,35874.0,59490.0,57624.0,63818.0,53526.0,33843.0,2.903225898742676,,,,,,,,,,,,,,,,,,,,,,,,,,31781.0,2450.0,-36.0,669.0,-535820283.0,117.0,1.0,2.0,-32.0,-6.0,17.0
1700,35884.0,59518.0,57366.0,63887.0,53699.0,33853.0,2.903225898742676,,,,,,,,,,,,,,,,,,,,,,,,,,31801.0,2415.0,-31.0,670.0,-534249467.0,50.0,11.0,2.0,-65.0,107.0,12.0
1701,35894.0,59227.0,57599.0,64292.0,53132.0,33863.0,2.903225898742676,,,,,,,,,,,,,,,,,,,,,,,,,,31811.0,2414.0,-30.0,670.0,-534249467.0,49.0,12.0,1.0,-64.0,135.0,9.0
1702,35914.0,58934.0,57463.0,64773.0,53110.0,33873.0,2.903225898742676,,,,,,,,,,,,,,,,,,,,,,,,,,31821.0,2421.0,-30.0,670.0,-534248443.0,60.0,13.0,1.0,-58.0,79.0,-4.0
1703,35924.0,58536.0,57565.0,65141.0,52783.0,33943.0,2.903225898742676,,,,,,,,,,,,,,,,,,,,,,,,,,31831.0,2422.0,-30.0,670.0,-534248443.0,60.0,14.0,0.0,-34.0,8.0,-5.0
1704,35934.0,58286.0,57799.0,65085.0,52091.0,33953.0,2.903225898742676,,,,,,,,,,,,,,,,,,,,,,,,,,31841.0,2425.0,-30.0,670.0,-533199867.0,64.0,14.0,-2.0,-59.0,-98.0,-4.0
1705,35944.0,58604.0,57771.0,64011.0,52984.0,33963.0,2.903225898742676,,,,,,,,,,,,,,,,,,,,,,,,,,31891.0,2432.0,-28.0,670.0,-534770683.0,70.0,19.0,-1.0,129.0,-300.0,-31.0
1706,35954.0,58223.0,57582.0,64300.0,53186.0,34013.0,2.897947311401367,,,,,,,,,,,,,,,,,,,,,,,,,,31901.0,2432.0,-29.0,670.0,-534769659.0,71.0,19.0,-3.0,133.0,-245.0,-34.0
1707,35964.0,59136.0,58397.0,63756.0,52407.0,34023.0,2.897947311401367,,,,,,,,,,,,,,,,,,,,,,,,,,31911.0,2433.0,-29.0,670.0,-535817212.0,72.0,19.0,-4.0,89.0,-138.0,-34.0
1708,35974.0,59537.0,57578.0,63594.0,53651.0,34033.0,2.897947311401367,,,,,,,,,,,,,,,,,,,,,,,,,,31921.0,2433.0,-27.0,667.0,-535816188.0,73.0,22.0,-17.0,79.0,-71.0,-24.0
1709,35984.0,59710.0,58053.0,63536.0,53568.0,34043.0,2.8926687240600586,,,,,,,,,,,,,,,,,,,,,,,,,,31971.0,2438.0,-25.0,666.0,-535817212.0,82.0,24.0,-19.0,-81.0,149.0,-10.0
1710,35994.0,59889.0,57609.0,63337.0,54116.0,34053.0,2.8926687240600586,,,,,,,,,,,,,,,,,,,,,,,,,,31981.0,2436.0,-26.0,666.0,-535818236.0,80.0,23.0,-18.0,-94.0,117.0,4.0
1711,36004.0,59814.0,58020.0,63425.0,53602.0,34063.0,2.88739013671875,,,,,,,,,,,,,,,,,,,,,,,,,,31991.0,2439.0,-25.0,665.0,-535818236.0,83.0,24.0,-20.0,-62.0,91.0,0.0
1712,36034.0,59581.0,57461.0,63856.0,54166.0,34073.0,2.88739013671875,,,,,,,,,,,,,,,,,,,,,,,,,,32001.0,2440.0,-25.0,665.0,-534770684.0,84.0,24.0,-22.0,-54.0,53.0,8.0
1713,36044.0,59083.0,57624.0,64285.0,53993.0,34083.0,2.88739013671875,,,,,,,,,,,,,,,,,,,,,,,,,,32021.0,2442.0,-26.0,664.0,-534770684.0,87.0,23.0,-25.0,84.0,-39.0,-4.0
1714,36054.0,58702.0,58072.0,64619.0,53387.0,34103.0,2.8926687240600586,,,,,,,,,,,,,,,,,,,,,,,,,,32031.0,2443.0,-25.0,664.0,-535818236.0,89.0,24.0,-25.0,77.0,-87.0,-11.0
1715,36094.0,58302.0,58070.0,65455.0,53168.0,34113.0,2.8926687240600586,,,,,,,,,,,,,,,,,,,,,,,,,,32041.0,2445.0,-25.0,664.0,-535818236.0,92.0,23.0,-25.0,98.0,-111.0,-19.0
1716,36104.0,58475.0,58159.0,65354.0,52986.0,34123.0,2.897947311401367,,,,,,,,,,,,,,,,,,,,,,,,,,32051.0,2447.0,-25.0,661.0,-535817212.0,94.0,24.0,-38.0,88.0,-108.0,-31.0
1717,36114.0,58656.0,58217.0,65038.0,52723.0,34153.0,2.903225898742676,,,,,,,,,,,,,,,,,,,,,,,,,,32061.0,2448.0,-24.0,661.0,-536865788.0,95.0,24.0,-37.0,82.0,-68.0,-37.0
1718,36144.0,58958.0,57095.0,65015.0,53748.0,34163.0,2.897947311401367,,,,,,,,,,,,,,,,,,,,,,,,,,32071.0,2449.0,-24.0,661.0,-536865788.0,99.0,24.0,-37.0,81.0,-30.0,-41.0
1719,36154.0,60066.0,58015.0,64255.0,53223.0,34173.0,2.897947311401367,,,,,,,,,,,,,,,,,,,,,,,,,,32081.0,2451.0,-23.0,660.0,-1073736701.0,101.0,25.0,-33.0,26.0,-27.0,-36.0
1720,36184.0,59895.0,58203.0,64440.0,52947.0,34183.0,2.897947311401367,,,,,,,,,,,,,,,,,,,,,,,,,,32091.0,2451.0,-24.0,660.0,-1073736701.0,101.0,25.0,-33.0,50.0,18.0,-48.0
1721,36194.0,59598.0,58179.0,64430.0,52916.0,34213.0,2.897947311401367,,,,,,,,,,,,,,,,,,,,,,,,,,32101.0,2454.0,-23.0,661.0,-1073736701.0,104.0,24.0,-24.0,-11.0,54.0,-35.0
1722,36204.0,59239.0,58539.0,64859.0,52830.0,34223.0,2.897947311401367,,,,,,,,,,,,,,,,,,,,,,,,,,32151.0,2458.0,-22.0,660.0,-536866813.0,110.0,25.0,-18.0,-23.0,48.0,-39.0
1723,36214.0,59460.0,58390.0,64642.0,53157.0,34233.0,2.8926687240600586,,,,,,,,,,,,,,,,,,,,,,,,,,32161.0,2460.0,-21.0,660.0,-536866814.0,112.0,25.0,-12.0,20.0,46.0,-48.0
1724,36234.0,59353.0,57681.0,65009.0,53843.0,34243.0,2.8926687240600586,,,,,,,,,,,,,,,,,,,,,,,,,,32171.0,2459.0,-23.0,660.0,-536866814.0,110.0,22.0,-12.0,-20.0,5.0,-33.0
1725,36244.0,59277.0,57981.0,65070.0,53689.0,34253.0,2.8926687240600586,,,,,,,,,,,,,,,,,,,,,,,,,,32181.0,2465.0,-22.0,659.0,-536866814.0,118.0,22.0,-14.0,51.0,3.0,-52.0
1726,36254.0,59200.0,57553.0,65142.0,54089.0,34263.0,2.88739013671875,,,,,,,,,,,,,,,,,,,,,,,,,,32231.0,2471.0,-21.0,660.0,-1072690175.0,124.0,22.0,-6.0,41.0,64.0,-36.0
1727,36264.0,58606.0,57138.0,65535.0,54524.0,34273.0,2.88739013671875,,,,,,,,,,,,,,,,,,,,,,,,,,32241.0,2473.0,-21.0,660.0,-1072690175.0,125.0,23.0,-1.0,51.0,67.0,-28.0
1728,36274.0,59258.0,57682.0,65462.0,54427.0,34293.0,2.88739013671875,,,,,,,,,,,,,,,,,,,,,,,,,,32251.0,2473.0,-21.0,660.0,-1072690175.0,125.0,23.0,-1.0,47.0,78.0,-26.0
1729,36284.0,59889.0,57886.0,65112.0,53997.0,34303.0,2.88739013671875,,,,,,,,,,,,,,,,,,,,,,,,,,32271.0,2474.0,-20.0,660.0,-1072691199.0,125.0,22.0,-1.0,100.0,75.0,-47.0
1730,36314.0,59308.0,58318.0,65449.0,53015.0,34313.0,2.8821115493774414,,,,,,,,,,,,,,,,,,,,,,,,,,32291.0,2478.0,-20.0,660.0,-1071642623.0,128.0,21.0,0.0,35.0,4.0,-54.0
1731,36324.0,58945.0,58208.0,65535.0,52904.0,34323.0,2.8821115493774414,,,,,,,,,,,,,,,,,,,,,,,,,,32301.0,2480.0,-20.0,660.0,-1071642624.0,130.0,20.0,0.0,29.0,-19.0,-45.0
1732,36334.0,59209.0,58133.0,65474.0,52981.0,34333.0,2.8821115493774414,,,,,,,,,,,,,,,,,,,,,,,,,,32311.0,2482.0,-20.0,658.0,-1071642624.0,131.0,19.0,-5.0,45.0,-17.0,-50.0
1733,36374.0,59752.0,58094.0,65027.0,53008.0,34353.0,2.8821115493774414,,,,,,,,,,,,,,,,,,,,,,,,,,32321.0,2483.0,-20.0,658.0,-1071642112.0,132.0,18.0,-5.0,31.0,-24.0,-47.0
1734,36384.0,59256.0,57503.0,65511.0,53777.0,34363.0,2.8821115493774414,,,,,,,,,,,,,,,,,,,,,,,,,,32341.0,2487.0,-19.0,658.0,-1070593536.0,136.0,18.0,-3.0,-75.0,5.0,-44.0
1735,36394.0,60265.0,56823.0,65004.0,54892.0,34373.0,2.8821115493774414,,,,,,,,,,,,,,,,,,,,,,,,,,32351.0,2488.0,-18.0,659.0,-1070593535.0,136.0,17.0,1.0,-71.0,6.0,-38.0
1736,36404.0,60169.0,58004.0,65040.0,53905.0,34403.0,2.8821115493774414,,,,,,,,,,,,,,,,,,,,,,,,,,32361.0,2488.0,-18.0,659.0,-1071642111.0,134.0,17.0,0.0,3.0,38.0,-40.0
1737,36414.0,60042.0,58114.0,65375.0,54044.0,34413.0,2.8821115493774414,,,,,,,,,,,,,,,,,,,,,,,,,,32371.0,2490.0,-18.0,659.0,-1071642111.0,134.0,16.0,0.0,-34.0,48.0,-30.0
1738,36424.0,59739.0,57898.0,65535.0,53989.0,34423.0,2.8821115493774414,,,,,,,,,,,,,,,,,,,,,,,,,,32411.0,2495.0,-20.0,658.0,-1070594559.0,136.0,9.0,-7.0,46.0,1.0,-50.0
1739,36434.0,59152.0,57724.0,65535.0,53507.0,34453.0,2.876832962036133,,,,,,,,,,,,,,,,,,,,,,,,,,32421.0,2497.0,-20.0,658.0,-1070594558.0,138.0,8.0,-7.0,37.0,4.0,-53.0
1740,36464.0,57582.0,57646.0,65535.0,52532.0,34463.0,2.876832962036133,,,,,,,,,,,,,,,,,,,,,,,,,,32431.0,2499.0,-20.0,658.0,-1070594558.0,140.0,8.0,-6.0,69.0,-22.0,-62.0
1741,36474.0,56868.0,56952.0,65535.0,52733.0,34473.0,2.876832962036133,,,,,,,,,,,,,,,,,,,,,,,,,,32441.0,2501.0,-20.0,658.0,-1070594558.0,141.0,7.0,-7.0,37.0,-13.0,-69.0
1742,36484.0,57542.0,57596.0,65535.0,52279.0,34483.0,2.871554374694824,,,,,,,,,,,,,,,,,,,,,,,,,,32471.0,2501.0,-21.0,657.0,-1069545981.0,134.0,2.0,-6.0,-20.0,16.0,-74.0
1743,36514.0,58343.0,56917.0,65535.0,53308.0,34493.0,2.871554374694824,,,,,,,,,,,,,,,,,,,,,,,,,,32491.0,2503.0,-20.0,659.0,-1070594557.0,134.0,2.0,2.0,-89.0,42.0,-49.0
1744,36524.0,58813.0,56989.0,65535.0,53733.0,34503.0,2.871554374694824,,,,,,,,,,,,,,,,,,,,,,,,,,32501.0,2505.0,-19.0,659.0,-1070594556.0,134.0,1.0,3.0,-98.0,44.0,-47.0
1745,36534.0,59419.0,57619.0,65535.0,53875.0,34513.0,2.871554374694824,,,,,,,,,,,,,,,,,,,,,,,,,,32511.0,2506.0,-19.0,659.0,-1070594556.0,135.0,1.0,3.0,-84.0,26.0,-40.0
1746,36554.0,60463.0,57643.0,65535.0,54553.0,34523.0,2.871554374694824,,,,,,,,,,,,,,,,,,,,,,,,,,32531.0,2512.0,-19.0,658.0,-1071643132.0,142.0,0.0,-1.0,-55.0,20.0,-40.0
1747,36564.0,60344.0,57163.0,65535.0,54846.0,34543.0,2.871554374694824,,,,,,,,,,,,,,,,,,,,,,,,,,32541.0,2513.0,-19.0,658.0,-1071643132.0,142.0,0.0,0.0,-47.0,38.0,-32.0
1748,36574.0,60067.0,58177.0,65535.0,54012.0,34553.0,2.876832962036133,,,,,,,,,,,,,,,,,,,,,,,,,,32551.0,2516.0,-19.0,658.0,-1071643132.0,144.0,0.0,0.0,-23.0,25.0,-22.0
1749,36594.0,58723.0,57314.0,65535.0,53961.0,34563.0,2.871554374694824,,,,,,,,,,,,,,,,,,,,,,,,,,32561.0,2517.0,-19.0,658.0,-1071643132.0,144.0,-1.0,1.0,-14.0,15.0,-22.0
1750,36604.0,59441.0,58259.0,65535.0,53295.0,34593.0,2.876832962036133,,,,,,,,,,,,,,,,,,,,,,,,,,32571.0,2517.0,-19.0,656.0,-1071643132.0,140.0,-1.0,-2.0,-16.0,42.0,-14.0
1751,36614.0,58761.0,58557.0,65535.0,52479.0,34603.0,2.8821115493774414,,,,,,,,,,,,,,,,,,,,,,,,,,32581.0,2518.0,-19.0,656.0,-1072692731.0,140.0,-1.0,0.0,11.0,35.0,-21.0
1752,36624.0,58348.0,58209.0,65535.0,52564.0,34613.0,2.8821115493774414,,,,,,,,,,,,,,,,,,,,,,,,,,32591.0,2517.0,-19.0,656.0,-1072692731.0,137.0,-1.0,2.0,0.0,35.0,-11.0
1753,36634.0,57971.0,57529.0,65535.0,53098.0,34623.0,2.88739013671875,,,,,,,,,,,,,,,,,,,,,,,,,,32631.0,2529.0,-18.0,655.0,-1072168443.0,147.0,-2.0,0.0,-50.0,15.0,20.0
1754,36644.0,58125.0,58462.0,65535.0,52493.0,34633.0,2.88739013671875,,,,,,,,,,,,,,,,,,,,,,,,,,32651.0,2532.0,-18.0,655.0,-1072168444.0,147.0,-2.0,-1.0,-74.0,14.0,28.0
1755,36674.0,59609.0,57892.0,65535.0,54086.0,34643.0,2.88739013671875,,,,,,,,,,,,,,,,,,,,,,,,,,32661.0,2534.0,-17.0,654.0,-1072168444.0,149.0,-1.0,-3.0,-79.0,47.0,37.0
1756,36684.0,59555.0,57733.0,65535.0,54460.0,34653.0,2.8926687240600586,,,,,,,,,,,,,,,,,,,,,,,,,,32671.0,2535.0,-17.0,654.0,-1073217020.0,148.0,-1.0,-3.0,-65.0,45.0,27.0
1757,36694.0,59770.0,57437.0,65535.0,54928.0,34693.0,2.903225898742676,,,,,,,,,,,,,,,,,,,,,,,,,,32681.0,2537.0,-17.0,654.0,-1073215996.0,148.0,-1.0,-3.0,-45.0,66.0,25.0
1758,36704.0,59547.0,57800.0,65535.0,54355.0,34703.0,2.897947311401367,,,,,,,,,,,,,,,,,,,,,,,,,,32711.0,2537.0,-17.0,654.0,-536344060.0,139.0,0.0,-4.0,4.0,73.0,15.0
1759,36714.0,59603.0,57493.0,65535.0,54655.0,34713.0,2.897947311401367,,,,,,,,,,,,,,,,,,,,,,,,,,32721.0,2541.0,-17.0,654.0,-536344060.0,143.0,0.0,-4.0,-1.0,52.0,21.0
1760,36724.0,59585.0,58060.0,65535.0,54092.0,34733.0,2.897947311401367,,,,,,,,,,,,,,,,,,,,,,,,,,32731.0,2543.0,-17.0,654.0,-536344060.0,145.0,0.0,-5.0,6.0,18.0,20.0
1761,36734.0,60510.0,58929.0,65535.0,54032.0,34743.0,2.897947311401367,,,,,,,,,,,,,,,,,,,,,,,,,,32741.0,2544.0,-17.0,655.0,-536344060.0,144.0,0.0,0.0,10.0,-6.0,13.0
1762,36764.0,59105.0,58114.0,65535.0,54105.0,34753.0,2.897947311401367,,,,,,,,,,,,,,,,,,,,,,,,,,32761.0,2548.0,-17.0,655.0,-536344060.0,143.0,0.0,2.0,2.0,-28.0,2.0
1763,36774.0,59117.0,58960.0,65535.0,53210.0,34783.0,2.897947311401367,,,,,,,,,,,,,,,,,,,,,,,,,,32771.0,2550.0,-17.0,655.0,-536344060.0,142.0,0.0,3.0,9.0,-31.0,-7.0
1764,36784.0,58739.0,58212.0,65535.0,53738.0,34793.0,2.897947311401367,,,,,,,,,,,,,,,,,,,,,,,,,,32781.0,2552.0,-17.0,655.0,-536344060.0,142.0,0.0,5.0,-4.0,-24.0,-8.0
1765,36814.0,58119.0,57138.0,65535.0,54252.0,34803.0,2.897947311401367,,,,,,,,,,,,,,,,,,,,,,,,,,32791.0,2552.0,-18.0,655.0,-536344060.0,138.0,-1.0,5.0,8.0,-60.0,-15.0
1766,36824.0,58868.0,58352.0,65535.0,53594.0,34813.0,2.897947311401367,,,,,,,,,,,,,,,,,,,,,,,,,,32801.0,2553.0,-18.0,655.0,-536344060.0,139.0,-1.0,5.0,13.0,-43.0,-14.0
1767,36834.0,59054.0,58036.0,65535.0,54594.0,34843.0,2.8926687240600586,,,,,,,,,,,,,,,,,,,,,,,,,,32821.0,2554.0,-16.0,656.0,-536345084.0,133.0,1.0,6.0,11.0,-48.0,-11.0
1768,36844.0,59019.0,57960.0,65535.0,54452.0,34853.0,2.8926687240600586,,,,,,,,,,,,,,,,,,,,,,,,,,32831.0,2554.0,-17.0,656.0,-536345084.0,132.0,0.0,9.0,3.0,-17.0,-14.0
1769,36854.0,58993.0,58300.0,65535.0,54465.0,34863.0,2.88739013671875,,,,,,,,,,,,,,,,,,,,,,,,,,32841.0,2558.0,-17.0,656.0,-536345084.0,135.0,0.0,10.0,20.0,-28.0,-22.0
1770,36864.0,59323.0,58709.0,65535.0,54323.0,34873.0,2.88739013671875,,,,,,,,,,,,,,,,,,,,,,,,,,32851.0,2560.0,-16.0,656.0,-1073215996.0,137.0,1.0,10.0,8.0,-15.0,-19.0
1771,36874.0,59812.0,58694.0,65535.0,54654.0,34893.0,2.88739013671875,,,,,,,,,,,,,,,,,,,,,,,,,,32871.0,2564.0,-15.0,657.0,-536345084.0,139.0,4.0,16.0,9.0,-8.0,-30.0
1772,36884.0,60508.0,59605.0,65535.0,54815.0,34903.0,2.88739013671875,,,,,,,,,,,,,,,,,,,,,,,,,,32881.0,2566.0,-15.0,657.0,-1073215996.0,139.0,2.0,18.0,-1.0,-13.0,-33.0
1773,36894.0,60050.0,59320.0,65535.0,54836.0,34913.0,2.8821115493774414,,,,,,,,,,,,,,,,,,,,,,,,,,32891.0,2567.0,-15.0,657.0,-1073215996.0,141.0,2.0,18.0,18.0,-28.0,-30.0
1774,36904.0,59917.0,59858.0,65535.0,54117.0,34943.0,2.876832962036133,,,,,,,,,,,,,,,,,,,,,,,,,,32931.0,2572.0,-15.0,657.0,-1073215995.0,138.0,3.0,15.0,19.0,8.0,-9.0
1775,36944.0,58597.0,59004.0,65535.0,54116.0,34953.0,2.876832962036133,,,,,,,,,,,,,,,,,,,,,,,,,,32941.0,2572.0,-16.0,657.0,-1073215995.0,136.0,1.0,15.0,50.0,-9.0,-13.0
1776,36954.0,58485.0,58815.0,65535.0,54754.0,34963.0,2.876832962036133,,,,,,,,,,,,,,,,,,,,,,,,,,32951.0,2573.0,-14.0,657.0,-1073215995.0,136.0,4.0,14.0,51.0,-12.0,-15.0
1777,36964.0,59127.0,59287.0,65535.0,54974.0,34973.0,2.871554374694824,,,,,,,,,,,,,,,,,,,,,,,,,,32961.0,2574.0,-14.0,657.0,-1072167419.0,135.0,5.0,13.0,61.0,-15.0,-22.0
1778,36974.0,58462.0,58117.0,65535.0,55778.0,35003.0,2.876832962036133,,,,,,,,,,,,,,,,,,,,,,,,,,32971.0,2577.0,-14.0,657.0,-1072168443.0,137.0,4.0,13.0,59.0,-63.0,-17.0
1779,37004.0,59776.0,58768.0,65535.0,55723.0,35013.0,2.871554374694824,,,,,,,,,,,,,,,,,,,,,,,,,,32981.0,2578.0,-14.0,657.0,-1072168443.0,137.0,3.0,13.0,36.0,-34.0,-12.0
1780,37014.0,59792.0,58784.0,65535.0,55525.0,35023.0,2.871554374694824,,,,,,,,,,,,,,,,,,,,,,,,,,32991.0,2580.0,-14.0,657.0,-1072168443.0,138.0,3.0,13.0,44.0,-47.0,-19.0
1781,37024.0,60741.0,59854.0,65535.0,55108.0,35033.0,2.871554374694824,,,,,,,,,,,,,,,,,,,,,,,,,,33001.0,2581.0,-14.0,657.0,-1072168443.0,138.0,2.0,13.0,21.0,-45.0,-13.0
1782,37054.0,59858.0,60230.0,65535.0,54669.0,35053.0,2.871554374694824,,,,,,,,,,,,,,,,,,,,,,,,,,33011.0,2584.0,-15.0,658.0,-1072692731.0,141.0,1.0,13.0,7.0,-56.0,-15.0
1783,37064.0,59518.0,59690.0,65535.0,55086.0,35063.0,2.871554374694824,,,,,,,,,,,,,,,,,,,,,,,,,,33021.0,2586.0,-14.0,658.0,-1072692731.0,141.0,2.0,14.0,-5.0,-42.0,-14.0
1784,37074.0,60054.0,59351.0,65535.0,55548.0,35073.0,2.871554374694824,,,,,,,,,,,,,,,,,,,,,,,,,,33041.0,2590.0,-14.0,659.0,-1072691707.0,144.0,2.0,22.0,14.0,-28.0,-16.0
1785,37114.0,58417.0,57870.0,65535.0,54878.0,35083.0,2.871554374694824,,,,,,,,,,,,,,,,,,,,,,,,,,33051.0,2592.0,-14.0,660.0,-1072691707.0,145.0,1.0,22.0,5.0,-8.0,-21.0
1786,37124.0,57804.0,57902.0,65535.0,54846.0,35093.0,2.876832962036133,,,,,,,,,,,,,,,,,,,,,,,,,,33061.0,2594.0,-14.0,660.0,-1071643130.0,146.0,0.0,22.0,20.0,-1.0,-21.0
1787,37134.0,57848.0,57532.0,65535.0,55376.0,35103.0,2.871554374694824,,,,,,,,,,,,,,,,,,,,,,,,,,33071.0,2595.0,-15.0,660.0,-1071643130.0,146.0,0.0,22.0,22.0,11.0,-23.0
1788,37164.0,58666.0,57340.0,65535.0,54821.0,35113.0,2.871554374694824,,,,,,,,,,,,,,,,,,,,,,,,,,33081.0,2597.0,-15.0,660.0,-1071643130.0,146.0,-1.0,22.0,28.0,18.0,-13.0
1789,37174.0,59987.0,58471.0,65535.0,54617.0,35123.0,2.871554374694824,,,,,,,,,,,,,,,,,,,,,,,,,,33091.0,2598.0,-15.0,660.0,-1071643130.0,147.0,-1.0,22.0,48.0,16.0,-20.0
1790,37184.0,59380.0,58838.0,65535.0,54102.0,35133.0,2.871554374694824,,,,,,,,,,,,,,,,,,,,,,,,,,33101.0,2596.0,-13.0,661.0,-1071643130.0,140.0,0.0,23.0,42.0,13.0,-20.0
1791,37194.0,60093.0,59285.0,65535.0,54340.0,35143.0,2.871554374694824,,,,,,,,,,,,,,,,,,,,,,,,,,33111.0,2597.0,-13.0,661.0,-1071643130.0,141.0,0.0,24.0,37.0,0.0,-15.0
1792,37254.0,57439.0,57397.0,65535.0,54575.0,35153.0,2.871554374694824,,,,,,,,,,,,,,,,,,,,,,,,,,33121.0,2600.0,-13.0,661.0,-1071643130.0,142.0,0.0,24.0,65.0,-19.0,-20.0
1793,37264.0,58696.0,58514.0,65535.0,54430.0,35163.0,2.871554374694824,,,,,,,,,,,,,,,,,,,,,,,,,,33131.0,2601.0,-13.0,661.0,-1071643130.0,142.0,0.0,21.0,41.0,-19.0,-27.0
1794,37304.0,59297.0,58080.0,65535.0,54720.0,35183.0,2.871554374694824,,,,,,,,,,,,,,,,,,,,,,,,,,33171.0,2609.0,-12.0,662.0,-1070594554.0,147.0,-1.0,16.0,30.0,-101.0,-15.0
1795,37314.0,59171.0,57952.0,65535.0,54393.0,35193.0,2.871554374694824,,,,,,,,,,,,,,,,,,,,,,,,,,33181.0,2611.0,-12.0,662.0,-1070593530.0,148.0,-2.0,16.0,37.0,-58.0,-21.0
1796,37324.0,58428.0,57991.0,65535.0,53476.0,35203.0,2.871554374694824,,,,,,,,,,,,,,,,,,,,,,,,,,33191.0,2612.0,-12.0,662.0,-1070593529.0,148.0,-3.0,16.0,39.0,-62.0,-4.0
1797,37364.0,59419.0,59636.0,65535.0,53035.0,35233.0,2.871554374694824,,,,,,,,,,,,,,,,,,,,,,,,,,33201.0,2613.0,-14.0,662.0,-1070593529.0,148.0,-7.0,15.0,41.0,-32.0,0.0
1798,37374.0,58672.0,58711.0,65535.0,53341.0,35243.0,2.8662755489349365,,,,,,,,,,,,,,,,,,,,,,,,,,33221.0,2617.0,-14.0,660.0,-1069544953.0,151.0,-9.0,0.0,23.0,21.0,11.0
1799,37384.0,59031.0,58767.0,65535.0,53508.0,35253.0,2.8662755489349365,,,,,,,,,,,,,,,,,,,,,,,,,,33231.0,2619.0,-14.0,660.0,-1069544953.0,151.0,-10.0,0.0,6.0,53.0,2.0
1800,37404.0,59678.0,57858.0,65535.0,54766.0,35283.0,2.8662755489349365,,,,,,,,,,,,,,,,,,,,,,,,,,33241.0,2620.0,-14.0,660.0,-1069544954.0,152.0,-11.0,-2.0,-41.0,63.0,10.0
1801,37414.0,59138.0,57021.0,65535.0,55196.0,35293.0,2.8662755489349365,,,,,,,,,,,,,,,,,,,,,,,,,,33251.0,2620.0,-13.0,660.0,-1069544954.0,150.0,-10.0,-4.0,-47.0,59.0,17.0
1802,37424.0,58360.0,56808.0,65535.0,54992.0,35303.0,2.8662755489349365,,,,,,,,,,,,,,,,,,,,,,,,,,33271.0,2620.0,-12.0,660.0,-1070594554.0,146.0,-9.0,-3.0,-63.0,81.0,23.0
1803,37464.0,59443.0,58006.0,65535.0,53929.0,35313.0,2.8662755489349365,,,,,,,,,,,,,,,,,,,,,,,,,,33281.0,2621.0,-14.0,660.0,-1070594554.0,144.0,-13.0,-3.0,-43.0,55.0,32.0
1804,37474.0,59336.0,58140.0,65535.0,53297.0,35323.0,2.8662755489349365,,,,,,,,,,,,,,,,,,,,,,,,,,33291.0,2624.0,-14.0,660.0,-1070594554.0,147.0,-13.0,-3.0,-35.0,54.0,33.0
1805,37514.0,60296.0,59549.0,65535.0,52751.0,35333.0,2.860996961593628,,,,,,,,,,,,,,,,,,,,,,,,,,33301.0,2626.0,-14.0,662.0,-1070594554.0,149.0,-14.0,5.0,-28.0,26.0,40.0
1806,37524.0,59748.0,59352.0,65535.0,52464.0,35343.0,2.860996961593628,,,,,,,,,,,,,,,,,,,,,,,,,,33311.0,2627.0,-16.0,662.0,-1070595578.0,148.0,-19.0,5.0,-24.0,4.0,36.0
1807,37534.0,58966.0,59038.0,65535.0,53277.0,35353.0,2.860996961593628,,,,,,,,,,,,,,,,,,,,,,,,,,33331.0,2633.0,-15.0,662.0,-1071643130.0,153.0,-17.0,6.0,-23.0,4.0,32.0
1808,37554.0,60194.0,57633.0,65535.0,55866.0,35363.0,2.8557183742523193,,,,,,,,,,,,,,,,,,,,,,,,,,33341.0,2635.0,-15.0,662.0,-1071643130.0,154.0,-18.0,5.0,-63.0,-6.0,43.0
1809,37564.0,59316.0,58340.0,65535.0,54299.0,35373.0,2.8557183742523193,,,,,,,,,,,,,,,,,,,,,,,,,,33351.0,2638.0,-15.0,662.0,-1071643131.0,156.0,-18.0,8.0,-83.0,-27.0,61.0
1810,37574.0,59796.0,58194.0,65535.0,55002.0,35393.0,2.860996961593628,,,,,,,,,,,,,,,,,,,,,,,,,,33361.0,2638.0,-16.0,662.0,-1071643131.0,155.0,-19.0,10.0,-70.0,-15.0,64.0
1811,37584.0,61356.0,59642.0,65535.0,54920.0,35403.0,2.860996961593628,,,,,,,,,,,,,,,,,,,,,,,,,,33371.0,2640.0,-16.0,662.0,-1071643131.0,155.0,-20.0,11.0,-53.0,21.0,58.0
1812,37594.0,61071.0,59222.0,65535.0,55064.0,35413.0,2.860996961593628,,,,,,,,,,,,,,,,,,,,,,,,,,33381.0,2640.0,-15.0,662.0,-1072691707.0,152.0,-19.0,11.0,-31.0,6.0,44.0
1813,37604.0,60102.0,58750.0,65535.0,54945.0,35423.0,2.860996961593628,,,,,,,,,,,,,,,,,,,,,,,,,,33391.0,2641.0,-15.0,662.0,-1072691707.0,152.0,-19.0,8.0,-30.0,32.0,53.0
1814,37614.0,60318.0,59260.0,65535.0,54595.0,35433.0,2.860996961593628,,,,,,,,,,,,,,,,,,,,,,,,,,33411.0,2643.0,-18.0,662.0,-1072692732.0,151.0,-23.0,9.0,-60.0,45.0,47.0
1815,37634.0,60302.0,59110.0,65535.0,54762.0,35443.0,2.860996961593628,,,,,,,,,,,,,,,,,,,,,,,,,,33421.0,2645.0,-17.0,662.0,-1072692732.0,151.0,-22.0,8.0,-103.0,42.0,62.0
1816,37644.0,60817.0,61276.0,65535.0,52279.0,35483.0,2.860996961593628,,,,,,,,,,,,,,,,,,,,,,,,,,33431.0,2646.0,-17.0,662.0,-1073217020.0,151.0,-22.0,7.0,-46.0,29.0,53.0
1817,37654.0,59776.0,58984.0,65535.0,54415.0,35493.0,2.860996961593628,,,,,,,,,,,,,,,,,,,,,,,,,,33441.0,2648.0,-18.0,662.0,-1073217020.0,152.0,-23.0,8.0,-80.0,1.0,59.0
1818,37684.0,58967.0,58384.0,65535.0,54678.0,35503.0,2.860996961593628,,,,,,,,,,,,,,,,,,,,,,,,,,33451.0,2650.0,-18.0,662.0,-1073217021.0,153.0,-22.0,8.0,-56.0,-5.0,55.0
1819,37694.0,61045.0,58556.0,65535.0,56334.0,35513.0,2.8662755489349365,,,,,,,,,,,,,,,,,,,,,,,,,,33511.0,2663.0,-19.0,663.0,-536870398.0,158.0,-22.0,7.0,35.0,-95.0,39.0
1820,37704.0,60401.0,58887.0,65535.0,55672.0,35543.0,2.8662755489349365,,,,,,,,,,,,,,,,,,,,,,,,,,33521.0,2664.0,-19.0,662.0,-1073740286.0,158.0,-22.0,7.0,8.0,-21.0,35.0
1821,37724.0,61711.0,58799.0,65535.0,56690.0,35553.0,2.8662755489349365,,,,,,,,,,,,,,,,,,,,,,,,,,33531.0,2666.0,-20.0,662.0,-1073740286.0,159.0,-22.0,9.0,4.0,-27.0,30.0
1822,37734.0,61172.0,59579.0,65535.0,55617.0,35563.0,2.8662755489349365,,,,,,,,,,,,,,,,,,,,,,,,,,33541.0,2658.0,-17.0,662.0,-1073740286.0,143.0,-17.0,9.0,-18.0,48.0,32.0
1823,37744.0,60427.0,59360.0,65535.0,55120.0,35573.0,2.8662755489349365,,,,,,,,,,,,,,,,,,,,,,,,,,33561.0,2657.0,-19.0,664.0,-1073741310.0,136.0,-20.0,19.0,-54.0,63.0,50.0
1824,37784.0,60346.0,59557.0,65535.0,54494.0,35583.0,2.8662755489349365,,,,,,,,,,,,,,,,,,,,,,,,,,33571.0,2658.0,-19.0,665.0,-536346111.0,136.0,-20.0,19.0,-60.0,93.0,55.0
1825,37794.0,60611.0,59152.0,65535.0,55000.0,35603.0,2.860996961593628,,,,,,,,,,,,,,,,,,,,,,,,,,33581.0,2663.0,-22.0,665.0,-536346111.0,141.0,-24.0,18.0,-56.0,41.0,47.0
1826,37804.0,58934.0,59058.0,65535.0,53703.0,35613.0,2.860996961593628,,,,,,,,,,,,,,,,,,,,,,,,,,33591.0,2664.0,-22.0,665.0,-536346111.0,142.0,-24.0,19.0,-21.0,-19.0,35.0
1827,37814.0,60067.0,59277.0,65535.0,54275.0,35623.0,2.860996961593628,,,,,,,,,,,,,,,,,,,,,,,,,,33621.0,2673.0,-22.0,666.0,-535820799.0,147.0,-21.0,22.0,79.0,-210.0,9.0
1828,37824.0,59999.0,58373.0,65535.0,54884.0,35653.0,2.860996961593628,,,,,,,,,,,,,,,,,,,,,,,,,,33631.0,2675.0,-22.0,666.0,-536868351.0,147.0,-21.0,24.0,78.0,-213.0,1.0
1829,37834.0,60113.0,58091.0,65535.0,55193.0,35663.0,2.860996961593628,,,,,,,,,,,,,,,,,,,,,,,,,,33641.0,2679.0,-24.0,667.0,-1073738239.0,152.0,-23.0,31.0,91.0,-193.0,-9.0
1830,37874.0,60612.0,58352.0,65535.0,55279.0,35673.0,2.860996961593628,,,,,,,,,,,,,,,,,,,,,,,,,,33651.0,2678.0,-24.0,667.0,-1073738239.0,150.0,-24.0,31.0,74.0,-142.0,-12.0
1831,37884.0,60115.0,58792.0,65535.0,54329.0,35703.0,2.8662755489349365,,,,,,,,,,,,,,,,,,,,,,,,,,33671.0,2682.0,-24.0,668.0,-1072688639.0,154.0,-23.0,34.0,40.0,-45.0,-2.0
1832,37894.0,59547.0,57838.0,65535.0,54714.0,35713.0,2.8662755489349365,,,,,,,,,,,,,,,,,,,,,,,,,,33681.0,2684.0,-24.0,668.0,-1072688639.0,155.0,-23.0,37.0,19.0,22.0,0.0
1833,37904.0,60067.0,59043.0,65535.0,53894.0,35723.0,2.860996961593628,,,,,,,,,,,,,,,,,,,,,,,,,,33691.0,2685.0,-24.0,668.0,-1072688639.0,156.0,-23.0,39.0,15.0,14.0,-1.0
1834,37914.0,59325.0,58449.0,65535.0,54070.0,35733.0,2.860996961593628,,,,,,,,,,,,,,,,,,,,,,,,,,33701.0,2685.0,-24.0,669.0,-1072688639.0,154.0,-22.0,39.0,7.0,89.0,7.0
1835,37924.0,59424.0,58408.0,65535.0,54096.0,35743.0,2.860996961593628,,,,,,,,,,,,,,,,,,,,,,,,,,33711.0,2686.0,-24.0,669.0,-1072688639.0,155.0,-22.0,39.0,-19.0,81.0,10.0
1836,37964.0,60191.0,58640.0,65535.0,54507.0,35753.0,2.8557183742523193,,,,,,,,,,,,,,,,,,,,,,,,,,33721.0,2684.0,-23.0,670.0,-1072689663.0,149.0,-21.0,39.0,-6.0,125.0,4.0
1837,37974.0,59728.0,58369.0,65535.0,54375.0,35793.0,2.8557183742523193,,,,,,,,,,,,,,,,,,,,,,,,,,33731.0,2685.0,-23.0,670.0,-1072689663.0,150.0,-21.0,40.0,-42.0,130.0,9.0
1838,37984.0,59027.0,58369.0,65535.0,53965.0,35803.0,2.8557183742523193,,,,,,,,,,,,,,,,,,,,,,,,,,33741.0,2691.0,-22.0,671.0,-1072689663.0,158.0,-19.0,39.0,-52.0,84.0,19.0
1839,38024.0,60134.0,58856.0,65535.0,54412.0,35813.0,2.8557183742523193,,,,,,,,,,,,,,,,,,,,,,,,,,33761.0,2697.0,-24.0,671.0,-1073739263.0,164.0,-22.0,36.0,-60.0,32.0,12.0
1840,38034.0,60152.0,59259.0,65535.0,54053.0,35823.0,2.8557183742523193,,,,,,,,,,,,,,,,,,,,,,,,,,33771.0,2699.0,-24.0,670.0,-1073739263.0,165.0,-22.0,30.0,-30.0,-5.0,0.0
1841,38044.0,60174.0,58759.0,65535.0,54800.0,35833.0,2.8557183742523193,,,,,,,,,,,,,,,,,,,,,,,,,,33781.0,2702.0,-25.0,671.0,-1073739263.0,169.0,-23.0,31.0,-6.0,-33.0,3.0
1842,38054.0,60494.0,58679.0,65535.0,54983.0,35843.0,2.8557183742523193,,,,,,,,,,,,,,,,,,,,,,,,,,33791.0,2704.0,-25.0,671.0,-536868351.0,170.0,-23.0,32.0,13.0,-44.0,8.0
1843,38064.0,59909.0,58690.0,65535.0,54565.0,35873.0,2.8504397869110107,,,,,,,,,,,,,,,,,,,,,,,,,,33801.0,2706.0,-25.0,671.0,-536868351.0,170.0,-23.0,33.0,14.0,-59.0,19.0
1844,38074.0,59757.0,58475.0,65535.0,54554.0,35883.0,2.8504397869110107,,,,,,,,,,,,,,,,,,,,,,,,,,33811.0,2708.0,-26.0,672.0,-1073739264.0,171.0,-23.0,32.0,24.0,-14.0,18.0
1845,38084.0,60336.0,58561.0,65535.0,54890.0,35893.0,2.8504397869110107,,,,,,,,,,,,,,,,,,,,,,,,,,33821.0,2710.0,-26.0,673.0,-1073738240.0,172.0,-23.0,38.0,56.0,24.0,14.0
1846,38114.0,59523.0,58187.0,65535.0,54643.0,35913.0,2.8504397869110107,,,,,,,,,,,,,,,,,,,,,,,,,,33841.0,2698.0,-29.0,674.0,-1072690688.0,148.0,-28.0,36.0,-5.0,90.0,22.0
1847,38124.0,60255.0,58385.0,65535.0,55100.0,35923.0,2.8504397869110107,,,,,,,,,,,,,,,,,,,,,,,,,,33851.0,2694.0,-30.0,675.0,-1072691712.0,139.0,-29.0,35.0,-24.0,132.0,17.0
1848,38134.0,59041.0,58548.0,65535.0,54032.0,35933.0,2.8504397869110107,,,,,,,,,,,,,,,,,,,,,,,,,,33861.0,2698.0,-30.0,676.0,-1072691712.0,144.0,-29.0,43.0,-58.0,90.0,23.0
1849,38164.0,59451.0,58089.0,65535.0,54576.0,35943.0,2.8557183742523193,,,,,,,,,,,,,,,,,,,,,,,,,,33941.0,2714.0,-34.0,678.0,-535820287.0,152.0,-31.0,31.0,-5.0,-77.0,34.0
1850,38174.0,57779.0,57853.0,65535.0,53633.0,35953.0,2.8557183742523193,,,,,,,,,,,,,,,,,,,,,,,,,,33951.0,2716.0,-34.0,678.0,-535820287.0,152.0,-30.0,27.0,-2.0,-40.0,30.0
1851,38184.0,59624.0,58282.0,65535.0,54625.0,35963.0,2.8504397869110107,,,,,,,,,,,,,,,,,,,,,,,,,,33961.0,2717.0,-34.0,678.0,-535819263.0,153.0,-30.0,24.0,-11.0,-19.0,39.0
1852,38194.0,59934.0,58241.0,65535.0,54923.0,35973.0,2.8504397869110107,,,,,,,,,,,,,,,,,,,,,,,,,,33981.0,2718.0,-34.0,679.0,-535819263.0,151.0,-27.0,23.0,-34.0,67.0,37.0
1853,38224.0,60839.0,58884.0,65535.0,54952.0,35983.0,2.845161199569702,,,,,,,,,,,,,,,,,,,,,,,,,,34021.0,2727.0,-35.0,681.0,-534771710.0,158.0,-26.0,26.0,-28.0,48.0,25.0
1854,38234.0,60974.0,59260.0,65535.0,54643.0,35993.0,2.845161199569702,,,,,,,,,,,,,,,,,,,,,,,,,,34031.0,2728.0,-35.0,680.0,-534771710.0,158.0,-25.0,22.0,-19.0,30.0,22.0
1855,38244.0,60009.0,59073.0,65535.0,53945.0,36003.0,2.845161199569702,,,,,,,,,,,,,,,,,,,,,,,,,,34041.0,2732.0,-35.0,680.0,-534771710.0,162.0,-24.0,24.0,-8.0,-1.0,18.0
1856,38274.0,58863.0,58093.0,65535.0,53908.0,36033.0,2.845161199569702,,,,,,,,,,,,,,,,,,,,,,,,,,34051.0,2734.0,-35.0,681.0,-534772734.0,162.0,-23.0,23.0,31.0,-32.0,13.0
1857,38284.0,57682.0,58564.0,65535.0,52332.0,36043.0,2.845161199569702,,,,,,,,,,,,,,,,,,,,,,,,,,34061.0,2734.0,-36.0,681.0,-534771710.0,161.0,-23.0,23.0,48.0,-60.0,-1.0
1858,38294.0,58619.0,57830.0,65535.0,54052.0,36053.0,2.845161199569702,,,,,,,,,,,,,,,,,,,,,,,,,,34071.0,2735.0,-37.0,681.0,-534771710.0,161.0,-24.0,23.0,53.0,-48.0,-15.0
1859,38304.0,58277.0,59217.0,65535.0,52091.0,36093.0,2.845161199569702,,,,,,,,,,,,,,,,,,,,,,,,,,34081.0,2736.0,-38.0,682.0,-534771710.0,160.0,-26.0,26.0,58.0,-53.0,-23.0
1860,38314.0,59403.0,58342.0,65535.0,53818.0,36103.0,2.845161199569702,,,,,,,,,,,,,,,,,,,,,,,,,,34101.0,2741.0,-39.0,682.0,-535820286.0,163.0,-25.0,31.0,21.0,-1.0,2.0
1861,38324.0,57761.0,57844.0,65535.0,53251.0,36113.0,2.8504397869110107,,,,,,,,,,,,,,,,,,,,,,,,,,34111.0,2743.0,-39.0,683.0,-535820286.0,164.0,-24.0,29.0,-15.0,14.0,20.0
1862,38334.0,58563.0,57945.0,65535.0,53592.0,36133.0,2.8504397869110107,,,,,,,,,,,,,,,,,,,,,,,,,,34121.0,2744.0,-38.0,685.0,-535820286.0,164.0,-22.0,38.0,-21.0,100.0,10.0
1863,38364.0,59186.0,58778.0,65535.0,53107.0,36143.0,2.8504397869110107,,,,,,,,,,,,,,,,,,,,,,,,,,34131.0,2744.0,-41.0,685.0,-535820286.0,162.0,-26.0,38.0,-22.0,96.0,4.0
1864,38374.0,59441.0,58869.0,65535.0,53471.0,36153.0,2.845161199569702,,,,,,,,,,,,,,,,,,,,,,,,,,34161.0,2752.0,-39.0,686.0,-534772734.0,169.0,-21.0,36.0,-83.0,108.0,-10.0
1865,38384.0,58635.0,57958.0,65535.0,53692.0,36163.0,2.845161199569702,,,,,,,,,,,,,,,,,,,,,,,,,,34171.0,2754.0,-39.0,686.0,-534772734.0,170.0,-21.0,35.0,-66.0,90.0,-18.0
1866,38404.0,59574.0,57872.0,65535.0,54724.0,36193.0,2.845161199569702,,,,,,,,,,,,,,,,,,,,,,,,,,34181.0,2756.0,-40.0,686.0,-534773758.0,170.0,-21.0,34.0,-61.0,73.0,-6.0
1867,38414.0,60474.0,59137.0,65535.0,54147.0,36203.0,2.8398826122283936,,,,,,,,,,,,,,,,,,,,,,,,,,34191.0,2758.0,-40.0,687.0,-534249470.0,170.0,-20.0,34.0,0.0,37.0,-6.0
1868,38424.0,58562.0,58831.0,65535.0,53024.0,36213.0,2.8398826122283936,,,,,,,,,,,,,,,,,,,,,,,,,,34211.0,2758.0,-45.0,686.0,-534248446.0,164.0,-28.0,25.0,34.0,-3.0,-17.0
1869,38464.0,60288.0,58366.0,65535.0,54796.0,36233.0,2.8398826122283936,,,,,,,,,,,,,,,,,,,,,,,,,,34221.0,2760.0,-46.0,686.0,-534249470.0,166.0,-27.0,25.0,25.0,-19.0,-20.0
1870,38474.0,60384.0,57996.0,65535.0,54032.0,36243.0,2.8398826122283936,,,,,,,,,,,,,,,,,,,,,,,,,,34231.0,2764.0,-46.0,686.0,-534249470.0,169.0,-26.0,23.0,12.0,1.0,-19.0
1871,38484.0,60152.0,58154.0,65535.0,53412.0,36253.0,2.8398826122283936,,,,,,,,,,,,,,,,,,,,,,,,,,34241.0,2767.0,-45.0,687.0,-534249471.0,171.0,-24.0,22.0,-1.0,-41.0,-9.0
1872,38504.0,60222.0,57865.0,65535.0,54278.0,36263.0,2.834604024887085,,,,,,,,,,,,,,,,,,,,,,,,,,34251.0,2768.0,-46.0,686.0,-534249471.0,169.0,-25.0,15.0,-2.0,-23.0,-8.0
1873,38514.0,60422.0,58052.0,65535.0,54311.0,36273.0,2.834604024887085,,,,,,,,,,,,,,,,,,,,,,,,,,34261.0,2769.0,-46.0,686.0,-534249471.0,169.0,-24.0,13.0,-12.0,6.0,2.0
1874,38524.0,59805.0,57894.0,65535.0,53737.0,36283.0,2.834604024887085,,,,,,,,,,,,,,,,,,,,,,,,,,34271.0,2771.0,-46.0,686.0,-534249471.0,169.0,-23.0,12.0,-30.0,37.0,-3.0
1875,38554.0,58510.0,57803.0,65535.0,52908.0,36293.0,2.834604024887085,,,,,,,,,,,,,,,,,,,,,,,,,,34281.0,2773.0,-46.0,686.0,-534249471.0,170.0,-22.0,12.0,-41.0,29.0,-1.0
1876,38564.0,58934.0,57482.0,65535.0,53392.0,36313.0,2.8398826122283936,,,,,,,,,,,,,,,,,,,,,,,,,,34301.0,2776.0,-46.0,685.0,-534248447.0,169.0,-20.0,7.0,-65.0,55.0,1.0
1877,38574.0,58920.0,58073.0,65535.0,52727.0,36323.0,2.8398826122283936,,,,,,,,,,,,,,,,,,,,,,,,,,34311.0,2775.0,-45.0,685.0,-533199871.0,163.0,-17.0,9.0,-59.0,81.0,4.0
1878,38614.0,60339.0,58335.0,65535.0,53083.0,36333.0,2.8398826122283936,,,,,,,,,,,,,,,,,,,,,,,,,,34321.0,2777.0,-46.0,685.0,-533199871.0,164.0,-19.0,9.0,-48.0,57.0,13.0
1879,38624.0,58757.0,57273.0,65535.0,53366.0,36373.0,2.8398826122283936,,,,,,,,,,,,,,,,,,,,,,,,,,34351.0,2785.0,-48.0,687.0,-533198847.0,166.0,-17.0,15.0,38.0,-20.0,0.0
1880,38634.0,60181.0,57888.0,65535.0,53182.0,36383.0,2.8398826122283936,,,,,,,,,,,,,,,,,,,,,,,,,,34361.0,2788.0,-48.0,687.0,-533199871.0,167.0,-17.0,16.0,53.0,-35.0,-7.0
1881,38664.0,60773.0,58151.0,65535.0,53068.0,36393.0,2.834604024887085,,,,,,,,,,,,,,,,,,,,,,,,,,34371.0,2791.0,-49.0,687.0,-534248447.0,169.0,-16.0,17.0,32.0,-52.0,-8.0
1882,38674.0,59692.0,58181.0,65535.0,52743.0,36403.0,2.834604024887085,,,,,,,,,,,,,,,,,,,,,,,,,,34391.0,2794.0,-48.0,688.0,-534248447.0,167.0,-13.0,18.0,-12.0,-26.0,-5.0
1883,38684.0,60129.0,58025.0,65535.0,53286.0,36413.0,2.8293254375457764,,,,,,,,,,,,,,,,,,,,,,,,,,34401.0,2795.0,-47.0,688.0,-534248447.0,167.0,-12.0,19.0,1.0,1.0,-10.0
1884,38724.0,60206.0,57864.0,65535.0,53962.0,36423.0,2.8293254375457764,,,,,,,,,,,,,,,,,,,,,,,,,,34411.0,2797.0,-48.0,688.0,-534248447.0,166.0,-11.0,19.0,19.0,15.0,-15.0
1885,38734.0,59831.0,58790.0,65535.0,52570.0,36433.0,2.8293254375457764,,,,,,,,,,,,,,,,,,,,,,,,,,34431.0,2799.0,-49.0,686.0,-534248447.0,163.0,-12.0,7.0,-8.0,24.0,-13.0
1886,38744.0,60920.0,57640.0,65535.0,54485.0,36463.0,2.845161199569702,,,,,,,,,,,,,,,,,,,,,,,,,,34451.0,2802.0,-49.0,686.0,-534248447.0,163.0,-10.0,9.0,11.0,7.0,-14.0
1887,38774.0,60541.0,58546.0,65535.0,53116.0,36473.0,2.845161199569702,,,,,,,,,,,,,,,,,,,,,,,,,,34461.0,2805.0,-48.0,685.0,-534248447.0,165.0,-9.0,1.0,-1.0,36.0,-10.0
1888,38784.0,61056.0,57699.0,65535.0,54600.0,36483.0,2.8504397869110107,,,,,,,,,,,,,,,,,,,,,,,,,,34471.0,2803.0,-49.0,685.0,-534247423.0,158.0,-8.0,1.0,39.0,-6.0,-19.0
1889,38794.0,60695.0,58921.0,65535.0,53448.0,36513.0,2.8504397869110107,,,,,,,,,,,,,,,,,,,,,,,,,,34481.0,2809.0,-52.0,685.0,-534248447.0,165.0,-13.0,3.0,32.0,-31.0,-15.0
1890,38804.0,60692.0,58280.0,65535.0,54735.0,36523.0,2.845161199569702,,,,,,,,,,,,,,,,,,,,,,,,,,34491.0,2813.0,-51.0,685.0,-534248447.0,168.0,-11.0,4.0,62.0,-76.0,-27.0
1891,38814.0,60975.0,58046.0,65535.0,55312.0,36533.0,2.8398826122283936,,,,,,,,,,,,,,,,,,,,,,,,,,34501.0,2816.0,-50.0,685.0,-534248447.0,170.0,-9.0,6.0,63.0,-50.0,-22.0
1892,38824.0,60884.0,58187.0,65535.0,55204.0,36553.0,2.834604024887085,,,,,,,,,,,,,,,,,,,,,,,,,,34511.0,2816.0,-50.0,685.0,-534248447.0,170.0,-9.0,9.0,79.0,-73.0,-29.0
1893,38834.0,60610.0,58460.0,65535.0,54952.0,36563.0,2.834604024887085,,,,,,,,,,,,,,,,,,,,,,,,,,34541.0,2820.0,-50.0,686.0,-535298048.0,169.0,-7.0,14.0,19.0,3.0,-19.0
1894,38844.0,60378.0,58020.0,65535.0,55245.0,36573.0,2.8293254375457764,,,,,,,,,,,,,,,,,,,,,,,,,,34551.0,2822.0,-50.0,685.0,-535298048.0,168.0,-7.0,11.0,3.0,10.0,-16.0
1895,38864.0,60424.0,58211.0,65535.0,54711.0,36583.0,2.8293254375457764,,,,,,,,,,,,,,,,,,,,,,,,,,34561.0,2821.0,-50.0,686.0,-535298048.0,164.0,-6.0,14.0,-9.0,25.0,-27.0
1896,38874.0,61195.0,57907.0,65535.0,55151.0,36593.0,2.8293254375457764,,,,,,,,,,,,,,,,,,,,,,,,,,34571.0,2822.0,-51.0,686.0,-535298048.0,162.0,-7.0,15.0,-11.0,27.0,-15.0
1897,38884.0,60457.0,57887.0,65535.0,54422.0,36603.0,2.8293254375457764,,,,,,,,,,,,,,,,,,,,,,,,,,34591.0,2832.0,-51.0,688.0,-535298048.0,174.0,-6.0,27.0,-54.0,42.0,-3.0
1898,38924.0,62525.0,57618.0,65535.0,55188.0,36613.0,2.8293254375457764,,,,,,,,,,,,,,,,,,,,,,,,,,34601.0,2834.0,-51.0,688.0,-535298048.0,174.0,-6.0,30.0,-45.0,39.0,9.0
1899,38934.0,60823.0,57717.0,65535.0,54027.0,36623.0,2.8398826122283936,,,,,,,,,,,,,,,,,,,,,,,,,,34611.0,2835.0,-49.0,688.0,-535297024.0,172.0,-3.0,32.0,-31.0,34.0,11.0
1900,38944.0,60912.0,58501.0,65535.0,53105.0,36633.0,2.8398826122283936,,,,,,,,,,,,,,,,,,,,,,,,,,34621.0,2836.0,-49.0,689.0,-534248448.0,172.0,-3.0,33.0,16.0,37.0,-2.0
1901,38974.0,60056.0,57783.0,65535.0,53836.0,36643.0,2.8398826122283936,,,,,,,,,,,,,,,,,,,,,,,,,,34631.0,2839.0,-49.0,691.0,-534248448.0,174.0,-2.0,45.0,0.0,17.0,1.0
1902,38984.0,59901.0,58691.0,65535.0,52556.0,36663.0,2.8398826122283936,,,,,,,,,,,,,,,,,,,,,,,,,,34641.0,2841.0,-49.0,692.0,-535297024.0,174.0,-2.0,45.0,12.0,73.0,0.0
1903,38994.0,60197.0,57756.0,65535.0,53714.0,36673.0,2.8398826122283936,,,,,,,,,,,,,,,,,,,,,,,,,,34651.0,2843.0,-49.0,692.0,-535297024.0,173.0,-2.0,44.0,0.0,20.0,-3.0
1904,39024.0,59833.0,56749.0,65535.0,54741.0,36683.0,2.8398826122283936,,,,,,,,,,,,,,,,,,,,,,,,,,34691.0,2843.0,-51.0,692.0,-535296000.0,160.0,-3.0,33.0,10.0,31.0,0.0
1905,39034.0,59904.0,57050.0,65535.0,54517.0,36693.0,2.8293254375457764,,,,,,,,,,,,,,,,,,,,,,,,,,34701.0,2847.0,-52.0,692.0,-535296000.0,164.0,-3.0,32.0,13.0,5.0,-12.0
1906,39044.0,60006.0,56779.0,65535.0,54583.0,36703.0,2.8240468502044678,,,,,,,,,,,,,,,,,,,,,,,,,,34711.0,2850.0,-52.0,692.0,-535296000.0,166.0,-3.0,32.0,-5.0,-7.0,-18.0
1907,39054.0,59838.0,57215.0,65535.0,53846.0,36713.0,2.818768262863159,,,,,,,,,,,,,,,,,,,,,,,,,,34721.0,2851.0,-53.0,694.0,-535296000.0,165.0,-4.0,41.0,-21.0,-48.0,-12.0
1908,39064.0,60075.0,57421.0,65535.0,53671.0,36723.0,2.8240468502044678,,,,,,,,,,,,,,,,,,,,,,,,,,34731.0,2854.0,-53.0,695.0,-535296000.0,166.0,-3.0,41.0,-34.0,-23.0,-19.0
1909,39074.0,60878.0,57373.0,65535.0,53941.0,36763.0,2.8240468502044678,,,,,,,,,,,,,,,,,,,,,,,,,,34741.0,2857.0,-52.0,695.0,-535295488.0,168.0,-2.0,40.0,-17.0,-32.0,-11.0
1910,39114.0,60008.0,57632.0,65535.0,53146.0,36773.0,2.8240468502044678,,,,,,,,,,,,,,,,,,,,,,,,,,34751.0,2858.0,-53.0,695.0,-535295488.0,166.0,-3.0,38.0,44.0,-6.0,-24.0
1911,39124.0,60862.0,57540.0,65535.0,53298.0,36783.0,2.8293254375457764,,,,,,,,,,,,,,,,,,,,,,,,,,34761.0,2859.0,-53.0,696.0,-535295488.0,165.0,-3.0,37.0,3.0,4.0,-10.0
1912,39134.0,60089.0,57813.0,65535.0,52961.0,36823.0,2.8293254375457764,,,,,,,,,,,,,,,,,,,,,,,,,,34781.0,2861.0,-53.0,697.0,-535295488.0,161.0,-3.0,34.0,27.0,12.0,-33.0
1913,39174.0,59862.0,58008.0,65535.0,53360.0,36833.0,2.8293254375457764,,,,,,,,,,,,,,,,,,,,,,,,,,34791.0,2862.0,-53.0,697.0,-535295488.0,161.0,-2.0,32.0,-36.0,23.0,-15.0
1914,39184.0,59672.0,58990.0,65535.0,53801.0,36843.0,2.8293254375457764,,,,,,,,,,,,,,,,,,,,,,,,,,34801.0,2864.0,-53.0,697.0,-535295488.0,160.0,-2.0,31.0,13.0,36.0,-14.0
1915,39194.0,59043.0,58383.0,65535.0,54561.0,36853.0,2.8293254375457764,,,,,,,,,,,,,,,,,,,,,,,,,,34811.0,2856.0,-51.0,697.0,-535295487.0,143.0,1.0,28.0,19.0,39.0,-15.0
1916,39224.0,59822.0,58384.0,65535.0,54667.0,36863.0,2.8293254375457764,,,,,,,,,,,,,,,,,,,,,,,,,,34821.0,2860.0,-52.0,698.0,-535295487.0,147.0,0.0,25.0,-6.0,18.0,-5.0
1917,39234.0,59683.0,58724.0,65535.0,54126.0,36873.0,2.8240468502044678,,,,,,,,,,,,,,,,,,,,,,,,,,34841.0,2867.0,-52.0,698.0,-535295487.0,153.0,0.0,19.0,14.0,-41.0,-11.0
1918,39244.0,60461.0,58161.0,65535.0,54795.0,36883.0,2.818768262863159,,,,,,,,,,,,,,,,,,,,,,,,,,34851.0,2869.0,-52.0,698.0,-535295487.0,153.0,0.0,16.0,-13.0,-97.0,-22.0
1919,39274.0,59388.0,57881.0,65535.0,55582.0,36893.0,2.8134896755218506,,,,,,,,,,,,,,,,,,,,,,,,,,34861.0,2873.0,-52.0,698.0,-535295487.0,156.0,0.0,15.0,13.0,-106.0,-24.0
1920,39284.0,59577.0,57689.0,65535.0,55499.0,36903.0,2.8134896755218506,,,,,,,,,,,,,,,,,,,,,,,,,,34871.0,2874.0,-52.0,698.0,-535295487.0,156.0,1.0,12.0,6.0,-103.0,-23.0
1921,39294.0,59754.0,58280.0,65535.0,54958.0,36913.0,2.8134896755218506,,,,,,,,,,,,,,,,,,,,,,,,,,34891.0,2878.0,-53.0,696.0,-535296511.0,156.0,0.0,-1.0,10.0,-85.0,-17.0
1922,39324.0,59785.0,58718.0,65535.0,54589.0,36953.0,2.818768262863159,,,,,,,,,,,,,,,,,,,,,,,,,,34901.0,2880.0,-53.0,696.0,-535297535.0,155.0,1.0,-2.0,17.0,-58.0,-15.0
1923,39334.0,59290.0,58559.0,65535.0,54888.0,36963.0,2.818768262863159,,,,,,,,,,,,,,,,,,,,,,,,,,34911.0,2876.0,-51.0,696.0,-535297535.0,146.0,3.0,-3.0,40.0,-41.0,-14.0
1924,39344.0,59809.0,58637.0,65535.0,54856.0,36973.0,2.818768262863159,,,,,,,,,,,,,,,,,,,,,,,,,,34921.0,2876.0,-52.0,696.0,-535297535.0,145.0,2.0,-4.0,29.0,0.0,-14.0
1925,39354.0,60361.0,58830.0,65535.0,54371.0,36983.0,2.818768262863159,,,,,,,,,,,,,,,,,,,,,,,,,,34931.0,2878.0,-52.0,696.0,-535297535.0,145.0,2.0,-4.0,27.0,38.0,-8.0
1926,39384.0,59710.0,59342.0,65535.0,54653.0,37003.0,2.818768262863159,,,,,,,,,,,,,,,,,,,,,,,,,,34951.0,2881.0,-52.0,696.0,-536346111.0,145.0,2.0,-6.0,-29.0,84.0,-5.0
1927,39394.0,59835.0,59423.0,65535.0,54683.0,37013.0,2.8134896755218506,,,,,,,,,,,,,,,,,,,,,,,,,,34961.0,2886.0,-52.0,696.0,-536345087.0,150.0,2.0,-7.0,-74.0,73.0,0.0
1928,39404.0,56831.0,57055.0,65535.0,49423.0,37023.0,2.8134896755218506,,,,,,,,,,,,,,,,,,,,,,,,,,34971.0,2887.0,-52.0,696.0,-535296511.0,150.0,2.0,-7.0,-50.0,40.0,-8.0
1929,39414.0,56476.0,56422.0,65535.0,50803.0,37053.0,2.808211088180542,,,,,,,,,,,,,,,,,,,,,,,,,,34981.0,2889.0,-52.0,696.0,-535296511.0,150.0,3.0,-9.0,-110.0,27.0,9.0
1930,39424.0,56673.0,55994.0,65535.0,51926.0,37063.0,2.808211088180542,,,,,,,,,,,,,,,,,,,,,,,,,,35001.0,2890.0,-52.0,696.0,-535296511.0,147.0,3.0,-10.0,-53.0,10.0,13.0
1931,39434.0,57395.0,56364.0,65535.0,51693.0,37073.0,2.8134896755218506,,,,,,,,,,,,,,,,,,,,,,,,,,35011.0,2892.0,-52.0,695.0,-534247935.0,146.0,3.0,-10.0,-26.0,22.0,7.0
1932,39444.0,57696.0,56414.0,65535.0,52092.0,37083.0,2.8134896755218506,,,,,,,,,,,,,,,,,,,,,,,,,,35021.0,2893.0,-52.0,695.0,-534247935.0,146.0,4.0,-12.0,-21.0,13.0,8.0
1933,39454.0,57767.0,56015.0,65535.0,53071.0,37113.0,2.818768262863159,,,,,,,,,,,,,,,,,,,,,,,,,,35031.0,2893.0,-53.0,695.0,-534246911.0,143.0,3.0,-11.0,-35.0,2.0,12.0
1934,39464.0,58083.0,55896.0,65535.0,53560.0,37123.0,2.8240468502044678,,,,,,,,,,,,,,,,,,,,,,,,,,35061.0,2890.0,-52.0,695.0,-534246911.0,131.0,7.0,-10.0,20.0,14.0,11.0
1935,39474.0,58870.0,55233.0,65535.0,54480.0,37133.0,2.8240468502044678,,,,,,,,,,,,,,,,,,,,,,,,,,35071.0,2893.0,-54.0,695.0,-534246911.0,132.0,3.0,-7.0,0.0,5.0,15.0
1936,39484.0,60298.0,55125.0,65535.0,54390.0,37183.0,2.818768262863159,,,,,,,,,,,,,,,,,,,,,,,,,,35081.0,2894.0,-54.0,695.0,-534246911.0,132.0,3.0,-7.0,-13.0,-11.0,23.0
1937,39494.0,60253.0,55192.0,65535.0,54856.0,37193.0,2.8134896755218506,,,,,,,,,,,,,,,,,,,,,,,,,,35101.0,2905.0,-52.0,695.0,-534247935.0,144.0,8.0,-6.0,-23.0,-42.0,23.0
1938,39504.0,60928.0,55834.0,65535.0,54467.0,37233.0,2.808211088180542,,,,,,,,,,,,,,,,,,,,,,,,,,35111.0,2907.0,-51.0,694.0,-534247935.0,144.0,9.0,-15.0,-35.0,-78.0,23.0
1939,39514.0,60516.0,56432.0,65535.0,54558.0,37243.0,2.808211088180542,,,,,,,,,,,,,,,,,,,,,,,,,,35121.0,2908.0,-52.0,693.0,-534247935.0,143.0,8.0,-16.0,-33.0,-74.0,18.0
1940,39524.0,61188.0,56642.0,65535.0,54417.0,37253.0,2.8134896755218506,,,,,,,,,,,,,,,,,,,,,,,,,,35131.0,2910.0,-51.0,693.0,-534247935.0,145.0,11.0,-15.0,-40.0,-19.0,17.0
1941,39534.0,61285.0,57257.0,65535.0,54267.0,37263.0,2.818768262863159,,,,,,,,,,,,,,,,,,,,,,,,,,35141.0,2912.0,-51.0,693.0,-533200383.0,145.0,11.0,-14.0,-33.0,-19.0,17.0
1942,39544.0,61472.0,58176.0,65535.0,53553.0,37273.0,2.818768262863159,,,,,,,,,,,,,,,,,,,,,,,,,,35151.0,2915.0,-51.0,693.0,-533200383.0,145.0,13.0,-12.0,-36.0,52.0,25.0
1943,39554.0,61440.0,58883.0,65535.0,53225.0,37303.0,2.818768262863159,,,,,,,,,,,,,,,,,,,,,,,,,,35161.0,2916.0,-51.0,693.0,-533199359.0,144.0,13.0,-14.0,6.0,44.0,24.0
1944,39564.0,61725.0,59045.0,65535.0,54285.0,37313.0,2.8134896755218506,,,,,,,,,,,,,,,,,,,,,,,,,,35181.0,2919.0,-50.0,693.0,-533199360.0,144.0,15.0,-15.0,59.0,76.0,20.0
1945,39574.0,61770.0,59371.0,65535.0,54526.0,37323.0,2.818768262863159,,,,,,,,,,,,,,,,,,,,,,,,,,35191.0,2913.0,-54.0,693.0,-534246912.0,131.0,10.0,-14.0,74.0,91.0,6.0
1946,39584.0,61631.0,60247.0,65535.0,54377.0,37363.0,2.8134896755218506,,,,,,,,,,,,,,,,,,,,,,,,,,35201.0,2914.0,-54.0,693.0,-534246912.0,130.0,11.0,-15.0,70.0,92.0,6.0
1947,39594.0,61850.0,60451.0,65535.0,54552.0,37373.0,2.8134896755218506,,,,,,,,,,,,,,,,,,,,,,,,,,35211.0,2915.0,-53.0,693.0,-534246912.0,130.0,12.0,-16.0,50.0,43.0,0.0
1948,39604.0,61916.0,60661.0,65535.0,55520.0,37383.0,2.8134896755218506,,,,,,,,,,,,,,,,,,,,,,,,,,35231.0,2922.0,-52.0,692.0,-534246912.0,135.0,14.0,-18.0,5.0,-6.0,6.0
1949,39614.0,62013.0,60877.0,65535.0,55981.0,37393.0,2.818768262863159,,,,,,,,,,,,,,,,,,,,,,,,,,35241.0,2924.0,-52.0,691.0,-534246912.0,135.0,14.0,-21.0,-15.0,-77.0,0.0
1950,39624.0,62009.0,61100.0,65535.0,57491.0,37413.0,2.818768262863159,,,,,,,,,,,,,,,,,,,,,,,,,,35251.0,2924.0,-52.0,691.0,-534246912.0,136.0,14.0,-21.0,-17.0,-116.0,-4.0
1951,39634.0,62436.0,61307.0,65535.0,57873.0,37423.0,2.8134896755218506,,,,,,,,,,,,,,,,,,,,,,,,,,35261.0,2927.0,-51.0,691.0,-534247936.0,135.0,17.0,-22.0,-2.0,-108.0,-13.0
1952,39644.0,62671.0,61931.0,65535.0,58881.0,37433.0,2.8134896755218506,,,,,,,,,,,,,,,,,,,,,,,,,,35281.0,2929.0,-51.0,692.0,-534247936.0,137.0,17.0,-17.0,-12.0,-79.0,-8.0
1953,39654.0,63263.0,62740.0,65535.0,59958.0,37443.0,2.818768262863159,,,,,,,,,,,,,,,,,,,,,,,,,,35291.0,2931.0,-51.0,692.0,-534248960.0,137.0,17.0,-17.0,12.0,-58.0,-3.0
1954,39664.0,63760.0,64075.0,65535.0,61434.0,37453.0,2.818768262863159,,,,,,,,,,,,,,,,,,,,,,,,,,35301.0,2930.0,-53.0,691.0,-534248960.0,133.0,13.0,-15.0,40.0,-5.0,-9.0
1955,39674.0,64393.0,65535.0,65313.0,62530.0,37463.0,2.818768262863159,,,,,,,,,,,,,,,,,,,,,,,,,,35311.0,2931.0,-53.0,691.0,-534248960.0,133.0,13.0,-13.0,24.0,38.0,-12.0
1956,39684.0,63607.0,65535.0,63338.0,63004.0,37473.0,2.818768262863159,,,,,,,,,,,,,,,,,,,,,,,,,,35321.0,2932.0,-53.0,690.0,-535297536.0,132.0,13.0,-21.0,16.0,21.0,-11.0
1957,39694.0,62600.0,65535.0,60356.0,61848.0,37483.0,2.8134896755218506,,,,,,,,,,,,,,,,,,,,,,,,,,35331.0,2933.0,-53.0,690.0,-535297535.0,131.0,15.0,-21.0,24.0,42.0,-22.0
1958,39704.0,63682.0,65535.0,59388.0,64931.0,37493.0,2.818768262863159,,,,,,,,,,,,,,,,,,,,,,,,,,35341.0,2933.0,-52.0,689.0,-535296511.0,129.0,17.0,-21.0,4.0,9.0,-24.0
1959,39714.0,64950.0,65159.0,58401.0,65159.0,37513.0,2.8134896755218506,,,,,,,,,,,,,,,,,,,,,,,,,,35351.0,2935.0,-52.0,689.0,-535296511.0,130.0,17.0,-21.0,20.0,-35.0,-36.0
1960,39724.0,65535.0,64143.0,56758.0,64143.0,37523.0,2.8134896755218506,,,,,,,,,,,,,,,,,,,,,,,,,,35361.0,2939.0,-52.0,689.0,-535297535.0,134.0,17.0,-19.0,30.0,-47.0,-46.0
1961,39734.0,65535.0,62742.0,55244.0,62742.0,37533.0,2.818768262863159,,,,,,,,,,,,,,,,,,,,,,,,,,35371.0,2940.0,-51.0,690.0,-535297535.0,134.0,17.0,-10.0,45.0,-83.0,-41.0
1962,39744.0,65535.0,61366.0,53312.0,61366.0,37553.0,2.8134896755218506,,,,,,,,,,,,,,,,,,,,,,,,,,35381.0,2941.0,-51.0,690.0,-535297535.0,133.0,17.0,-10.0,71.0,-125.0,-48.0
1963,39754.0,65535.0,60086.0,51531.0,60086.0,37563.0,2.818768262863159,,,,,,,,,,,,,,,,,,,,,,,,,,35391.0,2943.0,-51.0,690.0,-535821823.0,133.0,18.0,-11.0,73.0,-120.0,-40.0
1964,39764.0,65535.0,59131.0,49965.0,59131.0,37573.0,2.808211088180542,,,,,,,,,,,,,,,,,,,,,,,,,,35401.0,2950.0,-51.0,690.0,-535820799.0,143.0,17.0,-11.0,78.0,-152.0,-40.0
1965,39774.0,65535.0,58090.0,48879.0,58090.0,37583.0,2.808211088180542,,,,,,,,,,,,,,,,,,,,,,,,,,35411.0,2951.0,-51.0,689.0,-536869374.0,143.0,17.0,-16.0,108.0,-112.0,-55.0
1966,39784.0,65535.0,56577.0,47101.0,56577.0,37593.0,2.808211088180542,,,,,,,,,,,,,,,,,,,,,,,,,,35421.0,2953.0,-51.0,688.0,-1073739262.0,144.0,17.0,-14.0,96.0,-83.0,-47.0
1967,39794.0,65535.0,55405.0,45738.0,55405.0,37603.0,2.808211088180542,,,,,,,,,,,,,,,,,,,,,,,,,,35431.0,2954.0,-51.0,688.0,-1073739262.0,144.0,17.0,-14.0,75.0,-73.0,-51.0
1968,39804.0,65535.0,54055.0,44152.0,54055.0,37613.0,2.8029325008392334,,,,,,,,,,,,,,,,,,,,,,,,,,35441.0,2951.0,-53.0,688.0,-1072690686.0,137.0,14.0,-14.0,44.0,9.0,-45.0
1969,39814.0,65535.0,52619.0,42494.0,52619.0,37633.0,2.797653913497925,,,,,,,,,,,,,,,,,,,,,,,,,,35451.0,2953.0,-53.0,687.0,-1072689662.0,139.0,13.0,-17.0,24.0,48.0,-39.0
1970,39824.0,65535.0,50705.0,40304.0,50705.0,37643.0,2.797653913497925,,,,,,,,,,,,,,,,,,,,,,,,,,35461.0,2955.0,-52.0,687.0,-1072689662.0,140.0,13.0,-18.0,-18.0,73.0,-25.0
1971,39834.0,65535.0,48542.0,37820.0,48542.0,37653.0,2.792375326156616,,,,,,,,,,,,,,,,,,,,,,,,,,35481.0,2958.0,-52.0,687.0,-1072690685.0,142.0,13.0,-19.0,-75.0,121.0,-7.0
1972,39844.0,65535.0,45584.0,34372.0,45584.0,37683.0,2.792375326156616,,,,,,,,,,,,,,,,,,,,,,,,,,35491.0,2959.0,-51.0,687.0,-1072690685.0,142.0,13.0,-16.0,-83.0,89.0,6.0
1973,39854.0,65535.0,43649.0,32140.0,43649.0,37693.0,2.792375326156616,,,,,,,,,,,,,,,,,,,,,,,,,,35501.0,2959.0,-52.0,687.0,-1072691709.0,141.0,11.0,-15.0,-110.0,93.0,13.0
1974,39864.0,65535.0,43649.0,32140.0,43649.0,37703.0,2.792375326156616,,,,,,,,,,,,,,,,,,,,,,,,,,35511.0,2960.0,-51.0,687.0,-1073740285.0,139.0,13.0,-17.0,-89.0,96.0,14.0
1975,39874.0,65535.0,43809.0,32385.0,43809.0,37723.0,2.7870967388153076,,,,,,,,,,,,,,,,,,,,,,,,,,35521.0,2961.0,-51.0,686.0,-536870397.0,139.0,13.0,-18.0,-77.0,60.0,15.0
1976,39884.0,65535.0,43928.0,32566.0,43928.0,37733.0,2.7870967388153076,,,,,,,,,,,,,,,,,,,,,,,,,,35551.0,2970.0,-51.0,686.0,-535297534.0,148.0,13.0,-22.0,0.0,-7.0,27.0
1977,39894.0,58929.0,62626.0,55713.0,62626.0,37743.0,2.7870967388153076,,,,,,,,,,,,,,,,,,,,,,,,,,35561.0,2971.0,-51.0,685.0,-535297534.0,147.0,11.0,-22.0,0.0,-16.0,40.0
1978,39904.0,64433.0,57561.0,48741.0,57561.0,37783.0,2.7870967388153076,,,,,,,,,,,,,,,,,,,,,,,,,,35571.0,2973.0,-51.0,685.0,-535297534.0,147.0,12.0,-23.0,12.0,-29.0,42.0
1979,39914.0,65535.0,42590.0,30525.0,42590.0,37793.0,2.7870967388153076,,,,,,,,,,,,,,,,,,,,,,,,,,35601.0,2977.0,-51.0,683.0,-535297534.0,147.0,12.0,-34.0,-60.0,60.0,34.0
1980,39924.0,65535.0,42590.0,30525.0,42590.0,37803.0,2.792375326156616,,,,,,,,,,,,,,,,,,,,,,,,,,35611.0,2979.0,-51.0,683.0,-535297534.0,147.0,12.0,-34.0,-65.0,89.0,38.0
1981,39934.0,65535.0,42457.0,30321.0,42457.0,37813.0,2.792375326156616,,,,,,,,,,,,,,,,,,,,,,,,,,35621.0,2977.0,-50.0,686.0,-535296510.0,142.0,15.0,-13.0,-66.0,91.0,37.0
1982,39944.0,65535.0,43486.0,31892.0,43486.0,37823.0,2.792375326156616,,,,,,,,,,,,,,,,,,,,,,,,,,35651.0,2981.0,-50.0,686.0,-534246911.0,139.0,15.0,-16.0,-31.0,81.0,35.0
1983,39954.0,65535.0,64489.0,59215.0,8402.0,37833.0,2.797653913497925,,,,,,,,,,,,,,,,,,,,,,,,,,35661.0,2986.0,-50.0,685.0,-534246911.0,145.0,15.0,-16.0,32.0,20.0,27.0
1984,39964.0,61713.0,65535.0,61713.0,0.0,37843.0,2.797653913497925,,,,,,,,,,,,,,,,,,,,,,,,,,35671.0,2987.0,-46.0,686.0,-534246911.0,145.0,22.0,-11.0,18.0,1.0,12.0
1985,39974.0,61434.0,65535.0,61434.0,0.0,37873.0,2.8029325008392334,,,,,,,,,,,,,,,,,,,,,,,,,,35681.0,2989.0,-49.0,686.0,-534246911.0,145.0,17.0,-9.0,32.0,-41.0,7.0
1986,39984.0,65535.0,42138.0,29835.0,42138.0,37883.0,2.8029325008392334,,,,,,,,,,,,,,,,,,,,,,,,,,35691.0,2990.0,-50.0,686.0,-534246911.0,143.0,16.0,-10.0,30.0,-30.0,14.0
1987,39994.0,65535.0,41522.0,28895.0,41522.0,37893.0,2.8029325008392334,,,,,,,,,,,,,,,,,,,,,,,,,,35701.0,2993.0,-49.0,686.0,-534246911.0,147.0,17.0,-11.0,41.0,-79.0,14.0
1988,40004.0,28746.0,41425.0,65535.0,41425.0,37903.0,2.8029325008392334,,,,,,,,,,,,,,,,,,,,,,,,,,35711.0,2995.0,-49.0,684.0,-534246911.0,146.0,18.0,-22.0,61.0,-69.0,7.0
1989,40014.0,30993.0,42897.0,65535.0,42897.0,37913.0,2.8029325008392334,,,,,,,,,,,,,,,,,,,,,,,,,,35721.0,2996.0,-49.0,684.0,-535296511.0,146.0,18.0,-23.0,62.0,-67.0,2.0
1990,40024.0,61481.0,0.0,61481.0,65535.0,37923.0,2.8029325008392334,,,,,,,,,,,,,,,,,,,,,,,,,,35731.0,2998.0,-49.0,683.0,-535296511.0,145.0,19.0,-23.0,44.0,-76.0,4.0
1991,40034.0,0.0,0.0,0.0,0.0,37933.0,2.8029325008392334,,,,,,,,,,,,,,,,,,,,,,,,,,35741.0,2999.0,-49.0,683.0,-535296511.0,145.0,19.0,-23.0,33.0,-13.0,1.0
1992,40044.0,0.0,0.0,0.0,0.0,37943.0,2.8029325008392334,,,,,,,,,,,,,,,,,,,,,,,,,,35751.0,2985.0,-44.0,683.0,-535296511.0,118.0,26.0,-21.0,-1.0,0.0,4.0
1993,40054.0,0.0,0.0,0.0,0.0,37963.0,2.8029325008392334,,,,,,,,,,,,,,,,,,,,,,,,,,35761.0,2986.0,-44.0,683.0,-535296511.0,118.0,27.0,-21.0,-19.0,26.0,3.0
1994,40064.0,0.0,0.0,0.0,0.0,37973.0,2.8029325008392334,,,,,,,,,,,,,,,,,,,,,,,,,,35791.0,2991.0,-42.0,683.0,-535295487.0,118.0,29.0,-19.0,-20.0,-26.0,8.0
1995,40074.0,0.0,0.0,0.0,0.0,38023.0,2.797653913497925,,,,,,,,,,,,,,,,,,,,,,,,,,35801.0,2997.0,-43.0,682.0,-535296511.0,126.0,28.0,-21.0,-6.0,-21.0,11.0
1996,40084.0,0.0,0.0,0.0,0.0,38033.0,2.8029325008392334,,,,,,,,,,,,,,,,,,,,,,,,,,35811.0,2998.0,-42.0,682.0,-535296511.0,126.0,29.0,-21.0,-7.0,-51.0,9.0
1997,40094.0,0.0,0.0,0.0,0.0,38043.0,2.797653913497925,,,,,,,,,,,,,,,,,,,,,,,,,,35821.0,3000.0,-42.0,682.0,-535296512.0,126.0,29.0,-20.0,15.0,-76.0,13.0
1998,40104.0,0.0,0.0,0.0,0.0,38053.0,2.792375326156616,,,,,,,,,,,,,,,,,,,,,,,,,,35831.0,3001.0,-43.0,681.0,-535296512.0,126.0,26.0,-19.0,20.0,-112.0,13.0
1999,40114.0,0.0,0.0,0.0,0.0,38063.0,2.792375326156616,,,,,,,,,,,,,,,,,,,,,,,,,,35841.0,3003.0,-43.0,681.0,-535297536.0,127.0,26.0,-22.0,53.0,-109.0,21.0
2000,40124.0,0.0,0.0,0.0,0.0,38073.0,2.792375326156616,,,,,,,,,,,,,,,,,,,,,,,,,,35851.0,3004.0,-43.0,681.0,-535297536.0,127.0,27.0,-23.0,67.0,-91.0,25.0
2001,40134.0,0.0,0.0,0.0,0.0,38083.0,2.7870967388153076,,,,,,,,,,,,,,,,,,,,,,,,,,35861.0,3007.0,-41.0,680.0,-535821824.0,129.0,30.0,-24.0,60.0,-67.0,25.0
2002,40144.0,0.0,0.0,0.0,0.0,38113.0,2.792375326156616,,,,,,,,,,,,,,,,,,,,,,,,,,35871.0,3008.0,-43.0,680.0,-535820800.0,128.0,26.0,-26.0,46.0,-57.0,20.0
2003,40154.0,0.0,0.0,0.0,0.0,38123.0,2.792375326156616,,,,,,,,,,,,,,,,,,,,,,,,,,35881.0,3010.0,-41.0,680.0,-536869376.0,129.0,29.0,-25.0,45.0,-44.0,29.0
2004,40164.0,0.0,0.0,0.0,0.0,38133.0,2.7870967388153076,,,,,,,,,,,,,,,,,,,,,,,,,,35891.0,3011.0,-41.0,680.0,-536869888.0,130.0,29.0,-26.0,25.0,5.0,36.0
2005,40174.0,0.0,0.0,0.0,0.0,38143.0,2.792375326156616,,,,,,,,,,,,,,,,,,,,,,,,,,35901.0,3012.0,-41.0,680.0,-536869888.0,130.0,28.0,-28.0,-2.0,57.0,35.0
2006,40184.0,0.0,0.0,0.0,0.0,38173.0,2.792375326156616,,,,,,,,,,,,,,,,,,,,,,,,,,35921.0,3014.0,-42.0,679.0,-536869888.0,128.0,26.0,-28.0,-20.0,61.0,39.0
2007,40194.0,0.0,0.0,0.0,0.0,38183.0,2.792375326156616,,,,,,,,,,,,,,,,,,,,,,,,,,35931.0,3015.0,-42.0,680.0,-536869887.0,129.0,26.0,-19.0,-39.0,79.0,45.0
2008,40204.0,0.0,0.0,0.0,0.0,38193.0,2.797653913497925,,,,,,,,,,,,,,,,,,,,,,,,,,35941.0,3016.0,-40.0,680.0,-536346623.0,128.0,29.0,-19.0,-34.0,72.0,36.0
2009,40214.0,0.0,0.0,0.0,0.0,38223.0,2.792375326156616,,,,,,,,,,,,,,,,,,,,,,,,,,35951.0,3020.0,-39.0,680.0,-535298047.0,131.0,29.0,-17.0,-6.0,52.0,28.0
2010,40224.0,0.0,0.0,0.0,0.0,38233.0,2.792375326156616,,,,,,,,,,,,,,,,,,,,,,,,,,35961.0,3021.0,-39.0,679.0,-535298047.0,131.0,30.0,-17.0,34.0,62.0,24.0
2011,40234.0,0.0,0.0,0.0,0.0,38243.0,2.792375326156616,,,,,,,,,,,,,,,,,,,,,,,,,,35971.0,3026.0,-42.0,678.0,-536346623.0,137.0,24.0,-24.0,43.0,21.0,25.0
2012,40244.0,0.0,0.0,0.0,0.0,38253.0,2.7870967388153076,,,,,,,,,,,,,,,,,,,,,,,,,,35981.0,3028.0,-41.0,678.0,-536346623.0,139.0,25.0,-23.0,68.0,-4.0,6.0
2013,40254.0,0.0,0.0,0.0,0.0,38273.0,2.792375326156616,,,,,,,,,,,,,,,,,,,,,,,,,,35991.0,3030.0,-41.0,678.0,-1073217535.0,139.0,24.0,-23.0,73.0,-23.0,3.0
2014,40264.0,0.0,0.0,0.0,0.0,38283.0,2.797653913497925,,,,,,,,,,,,,,,,,,,,,,,,,,36001.0,3031.0,-39.0,677.0,-1073217535.0,138.0,27.0,-22.0,37.0,-63.0,6.0
2015,40274.0,0.0,0.0,0.0,0.0,38293.0,2.797653913497925,,,,,,,,,,,,,,,,,,,,,,,,,,36011.0,3034.0,-40.0,677.0,-1072693247.0,140.0,24.0,-25.0,39.0,-68.0,-1.0
2016,40284.0,0.0,0.0,0.0,0.0,38303.0,2.797653913497925,,,,,,,,,,,,,,,,,,,,,,,,,,36031.0,3037.0,-40.0,676.0,-1072692223.0,140.0,24.0,-27.0,16.0,-44.0,19.0
2017,40294.0,0.0,0.0,0.0,0.0,38313.0,2.8029325008392334,,,,,,,,,,,,,,,,,,,,,,,,,,36041.0,3035.0,-39.0,676.0,-1072692223.0,135.0,25.0,-27.0,5.0,-12.0,21.0
2018,40304.0,0.0,0.0,0.0,0.0,38323.0,2.8029325008392334,,,,,,,,,,,,,,,,,,,,,,,,,,36051.0,3035.0,-39.0,675.0,-1072692223.0,135.0,25.0,-32.0,-20.0,29.0,20.0
2019,40314.0,0.0,0.0,0.0,0.0,38333.0,2.8029325008392334,,,,,,,,,,,,,,,,,,,,,,,,,,36061.0,3036.0,-39.0,675.0,-1072692222.0,136.0,25.0,-33.0,-39.0,64.0,30.0
2020,40324.0,0.0,0.0,0.0,0.0,38363.0,2.8029325008392334,,,,,,,,,,,,,,,,,,,,,,,,,,36071.0,3033.0,-38.0,674.0,-1072693246.0,127.0,25.0,-34.0,-40.0,110.0,38.0
2021,40334.0,0.0,0.0,0.0,0.0,38373.0,2.8029325008392334,,,,,,,,,,,,,,,,,,,,,,,,,,36091.0,3037.0,-37.0,674.0,-1073216510.0,129.0,26.0,-35.0,-52.0,91.0,63.0
2022,40344.0,0.0,0.0,0.0,0.0,38383.0,2.797653913497925,,,,,,,,,,,,,,,,,,,,,,,,,,36101.0,3038.0,-36.0,673.0,-1073216510.0,130.0,26.0,-34.0,-54.0,104.0,65.0
2023,40354.0,0.0,0.0,0.0,0.0,38403.0,2.797653913497925,,,,,,,,,,,,,,,,,,,,,,,,,,36111.0,3040.0,-36.0,673.0,-1073216510.0,131.0,26.0,-35.0,-43.0,97.0,60.0
2024,40364.0,0.0,0.0,0.0,0.0,38413.0,2.792375326156616,,,,,,,,,,,,,,,,,,,,,,,,,,36121.0,3042.0,-36.0,673.0,-536344573.0,130.0,26.0,-35.0,-38.0,75.0,65.0
2025,40374.0,0.0,0.0,0.0,0.0,38423.0,2.792375326156616,,,,,,,,,,,,,,,,,,,,,,,,,,36131.0,3045.0,-35.0,672.0,-536344573.0,133.0,27.0,-34.0,-57.0,28.0,65.0
2026,40384.0,0.0,0.0,0.0,0.0,38463.0,2.7870967388153076,,,,,,,,,,,,,,,,,,,,,,,,,,36141.0,3046.0,-35.0,672.0,-536344573.0,132.0,27.0,-35.0,-43.0,-21.0,64.0
2027,40394.0,0.0,0.0,0.0,0.0,38473.0,2.792375326156616,,,,,,,,,,,,,,,,,,,,,,,,,,36151.0,3047.0,-35.0,671.0,-535295997.0,131.0,27.0,-36.0,-23.0,-32.0,58.0
2028,40404.0,0.0,0.0,0.0,0.0,38483.0,2.792375326156616,,,,,,,,,,,,,,,,,,,,,,,,,,36161.0,3048.0,-34.0,671.0,-535295996.0,130.0,27.0,-35.0,12.0,-37.0,56.0
2029,40414.0,0.0,0.0,0.0,0.0,38503.0,2.7870967388153076,,,,,,,,,,,,,,,,,,,,,,,,,,36171.0,3049.0,-34.0,671.0,-535295996.0,130.0,28.0,-35.0,4.0,-48.0,54.0
2030,40424.0,0.0,0.0,0.0,0.0,38513.0,2.7870967388153076,,,,,,,,,,,,,,,,,,,,,,,,,,36191.0,3046.0,-39.0,671.0,-536344572.0,119.0,19.0,-31.0,88.0,-14.0,36.0
2031,40434.0,0.0,0.0,0.0,0.0,38523.0,2.7870967388153076,,,,,,,,,,,,,,,,,,,,,,,,,,36201.0,3047.0,-38.0,671.0,-536344572.0,118.0,19.0,-31.0,74.0,-5.0,19.0
2032,40444.0,0.0,0.0,0.0,0.0,38533.0,2.792375326156616,,,,,,,,,,,,,,,,,,,,,,,,,,36211.0,3049.0,-40.0,671.0,-1073215484.0,119.0,17.0,-32.0,48.0,14.0,7.0
2033,40454.0,0.0,0.0,0.0,0.0,38553.0,2.792375326156616,,,,,,,,,,,,,,,,,,,,,,,,,,36221.0,3051.0,-39.0,670.0,-1072166908.0,119.0,16.0,-32.0,12.0,-9.0,12.0
2034,40464.0,0.0,0.0,0.0,0.0,38563.0,2.792375326156616,,,,,,,,,,,,,,,,,,,,,,,,,,36231.0,3053.0,-39.0,670.0,-1072166908.0,120.0,16.0,-35.0,-23.0,-15.0,24.0
2035,40474.0,0.0,0.0,0.0,0.0,38573.0,2.797653913497925,,,,,,,,,,,,,,,,,,,,,,,,,,36241.0,3054.0,-37.0,669.0,-1072166908.0,119.0,19.0,-37.0,-51.0,-46.0,18.0
2036,40484.0,0.0,0.0,0.0,0.0,38613.0,2.797653913497925,,,,,,,,,,,,,,,,,,,,,,,,,,36251.0,3059.0,-37.0,669.0,-1073216507.0,125.0,19.0,-36.0,-69.0,-55.0,21.0
2037,40494.0,0.0,0.0,0.0,0.0,38623.0,2.792375326156616,,,,,,,,,,,,,,,,,,,,,,,,,,36261.0,3059.0,-37.0,669.0,-1073216507.0,124.0,18.0,-37.0,-65.0,-51.0,24.0
2038,40504.0,0.0,0.0,0.0,0.0,38633.0,2.7870967388153076,,,,,,,,,,,,,,,,,,,,,,,,,,36271.0,3061.0,-37.0,668.0,-536345595.0,124.0,18.0,-41.0,-81.0,-42.0,15.0
2039,40514.0,0.0,0.0,0.0,0.0,38663.0,2.7870967388153076,,,,,,,,,,,,,,,,,,,,,,,,,,36281.0,3063.0,-36.0,667.0,-536345595.0,126.0,20.0,-41.0,-66.0,-24.0,36.0
2040,40524.0,0.0,0.0,0.0,0.0,38673.0,2.781818151473999,,,,,,,,,,,,,,,,,,,,,,,,,,36291.0,3064.0,-36.0,667.0,-535297019.0,125.0,20.0,-41.0,-41.0,-7.0,42.0
2041,40534.0,0.0,0.0,0.0,0.0,38683.0,2.7870967388153076,,,,,,,,,,,,,,,,,,,,,,,,,,36311.0,3065.0,-36.0,666.0,-535297019.0,122.0,20.0,-39.0,-9.0,34.0,52.0
2042,40544.0,0.0,0.0,0.0,0.0,38723.0,2.7870967388153076,,,,,,,,,,,,,,,,,,,,,,,,,,36321.0,3067.0,-35.0,666.0,-535297019.0,122.0,20.0,-38.0,-26.0,62.0,44.0
2043,40554.0,0.0,0.0,0.0,0.0,38733.0,2.781818151473999,,,,,,,,,,,,,,,,,,,,,,,,,,36331.0,3066.0,-35.0,665.0,-535297019.0,119.0,21.0,-36.0,-27.0,63.0,44.0
2044,40564.0,0.0,0.0,0.0,0.0,38743.0,2.7870967388153076,,,,,,,,,,,,,,,,,,,,,,,,,,36351.0,3068.0,-35.0,665.0,-535297018.0,118.0,21.0,-36.0,14.0,32.0,34.0
2045,40574.0,0.0,0.0,0.0,0.0,38753.0,2.781818151473999,,,,,,,,,,,,,,,,,,,,,,,,,,36371.0,3071.0,-34.0,664.0,-535295994.0,117.0,22.0,-35.0,-4.0,-30.0,24.0
2046,40584.0,0.0,0.0,0.0,0.0,38783.0,2.7765395641326904,,,,,,,,,,,,,,,,,,,,,,,,,,36381.0,3079.0,-36.0,664.0,-535297018.0,129.0,19.0,-37.0,-19.0,-68.0,38.0
2047,40594.0,0.0,0.0,0.0,0.0,38793.0,2.7765395641326904,,,,,,,,,,,,,,,,,,,,,,,,,,36391.0,3083.0,-36.0,663.0,-535297018.0,133.0,19.0,-39.0,37.0,-64.0,24.0
2048,40604.0,0.0,0.0,0.0,0.0,38803.0,2.7765395641326904,,,,,,,,,,,,,,,,,,,,,,,,,,36401.0,3084.0,-35.0,662.0,-535297018.0,133.0,20.0,-42.0,26.0,-77.0,13.0
2049,40614.0,0.0,0.0,0.0,0.0,38823.0,2.771260976791382,,,,,,,,,,,,,,,,,,,,,,,,,,36411.0,3086.0,-35.0,662.0,-535298042.0,133.0,20.0,-42.0,29.0,-57.0,8.0
2050,40624.0,0.0,0.0,0.0,0.0,38833.0,2.771260976791382,,,,,,,,,,,,,,,,,,,,,,,,,,36421.0,3087.0,-35.0,661.0,-535298041.0,134.0,20.0,-43.0,-6.0,-23.0,17.0
2051,40634.0,0.0,0.0,0.0,0.0,38843.0,2.771260976791382,,,,,,,,,,,,,,,,,,,,,,,,,,36431.0,3090.0,-35.0,661.0,-535822329.0,137.0,20.0,-44.0,6.0,9.0,25.0
2052,40644.0,0.0,0.0,0.0,0.0,38873.0,2.771260976791382,,,,,,,,,,,,,,,,,,,,,,,,,,36461.0,3091.0,-33.0,658.0,-535298041.0,130.0,23.0,-53.0,-46.0,118.0,21.0
2053,40654.0,0.0,0.0,0.0,0.0,38883.0,2.771260976791382,,,,,,,,,,,,,,,,,,,,,,,,,,36471.0,3092.0,-33.0,657.0,-535297017.0,130.0,23.0,-53.0,-61.0,147.0,14.0
2054,40664.0,0.0,0.0,0.0,0.0,38893.0,2.771260976791382,,,,,,,,,,,,,,,,,,,,,,,,,,36481.0,3093.0,-32.0,656.0,-535297017.0,129.0,25.0,-56.0,-72.0,143.0,21.0
2055,40674.0,0.0,0.0,0.0,0.0,38913.0,2.771260976791382,,,,,,,,,,,,,,,,,,,,,,,,,,36491.0,3095.0,-32.0,655.0,-534247417.0,130.0,26.0,-55.0,-53.0,126.0,36.0
2056,40684.0,0.0,0.0,0.0,0.0,38923.0,2.7765395641326904,,,,,,,,,,,,,,,,,,,,,,,,,,36501.0,3096.0,-31.0,655.0,-534247417.0,129.0,26.0,-57.0,-38.0,94.0,40.0
2057,40694.0,0.0,0.0,0.0,0.0,38933.0,2.7765395641326904,,,,,,,,,,,,,,,,,,,,,,,,,,36511.0,3099.0,-31.0,654.0,-534246393.0,131.0,26.0,-59.0,-12.0,37.0,42.0
2058,40704.0,0.0,0.0,0.0,0.0,38943.0,2.771260976791382,,,,,,,,,,,,,,,,,,,,,,,,,,36521.0,3101.0,-31.0,653.0,-534246393.0,132.0,27.0,-60.0,18.0,1.0,29.0
2059,40714.0,0.0,0.0,0.0,0.0,38973.0,2.7765395641326904,,,,,,,,,,,,,,,,,,,,,,,,,,36531.0,3103.0,-31.0,654.0,-534246392.0,132.0,27.0,-55.0,33.0,-32.0,18.0
2060,40724.0,0.0,0.0,0.0,0.0,38983.0,2.771260976791382,,,,,,,,,,,,,,,,,,,,,,,,,,36541.0,3103.0,-30.0,653.0,-534246392.0,130.0,28.0,-58.0,43.0,-42.0,23.0
2061,40734.0,0.0,0.0,0.0,0.0,38993.0,2.7765395641326904,,,,,,,,,,,,,,,,,,,,,,,,,,36551.0,3106.0,-31.0,653.0,-534246392.0,132.0,27.0,-59.0,39.0,-65.0,34.0
2062,40744.0,0.0,0.0,0.0,0.0,39023.0,2.7765395641326904,,,,,,,,,,,,,,,,,,,,,,,,,,36561.0,3107.0,-30.0,652.0,-534246392.0,130.0,28.0,-59.0,43.0,-73.0,27.0
2063,40754.0,0.0,0.0,0.0,0.0,39033.0,2.7765395641326904,,,,,,,,,,,,,,,,,,,,,,,,,,36571.0,3109.0,-31.0,651.0,-534247416.0,130.0,28.0,-61.0,75.0,-82.0,7.0
2064,40764.0,0.0,0.0,0.0,0.0,39043.0,2.7765395641326904,,,,,,,,,,,,,,,,,,,,,,,,,,36581.0,3110.0,-30.0,650.0,-535295992.0,130.0,28.0,-63.0,60.0,-70.0,19.0
2065,40774.0,0.0,0.0,0.0,0.0,39053.0,2.7765395641326904,,,,,,,,,,,,,,,,,,,,,,,,,,36591.0,3111.0,-30.0,650.0,-535295992.0,129.0,28.0,-63.0,61.0,-43.0,-5.0
2066,40784.0,0.0,0.0,0.0,0.0,39063.0,2.7765395641326904,,,,,,,,,,,,,,,,,,,,,,,,,,36601.0,3107.0,-29.0,649.0,-535295992.0,119.0,29.0,-65.0,34.0,-10.0,-2.0
2067,40794.0,0.0,0.0,0.0,0.0,39073.0,2.7765395641326904,,,,,,,,,,,,,,,,,,,,,,,,,,36611.0,3108.0,-29.0,648.0,-535295992.0,118.0,29.0,-70.0,30.0,34.0,6.0
2068,40804.0,0.0,0.0,0.0,0.0,39083.0,2.7765395641326904,,,,,,,,,,,,,,,,,,,,,,,,,,36621.0,3109.0,-29.0,647.0,-535295992.0,118.0,30.0,-69.0,53.0,58.0,6.0
2069,40814.0,0.0,0.0,0.0,0.0,39093.0,2.7765395641326904,,,,,,,,,,,,,,,,,,,,,,,,,,36631.0,3111.0,-28.0,646.0,-535295992.0,117.0,30.0,-69.0,22.0,63.0,-1.0
2070,40824.0,0.0,0.0,0.0,0.0,39113.0,2.7765395641326904,,,,,,,,,,,,,,,,,,,,,,,,,,36641.0,3112.0,-29.0,646.0,-536344568.0,117.0,29.0,-71.0,6.0,42.0,-5.0
2071,40834.0,0.0,0.0,0.0,0.0,39123.0,2.7765395641326904,,,,,,,,,,,,,,,,,,,,,,,,,,36651.0,3113.0,-29.0,645.0,-536344568.0,117.0,29.0,-72.0,3.0,25.0,-7.0
2072,40844.0,0.0,0.0,0.0,0.0,39133.0,2.7765395641326904,,,,,,,,,,,,,,,,,,,,,,,,,,36671.0,3117.0,-27.0,645.0,-536344568.0,118.0,30.0,-66.0,1.0,-56.0,5.0
2073,40854.0,0.0,0.0,0.0,0.0,39143.0,2.7765395641326904,,,,,,,,,,,,,,,,,,,,,,,,,,36681.0,3118.0,-27.0,644.0,-536344568.0,117.0,30.0,-67.0,25.0,-75.0,-8.0
2074,40864.0,0.0,0.0,0.0,0.0,39173.0,2.7765395641326904,,,,,,,,,,,,,,,,,,,,,,,,,,36691.0,3122.0,-28.0,643.0,-536344568.0,122.0,28.0,-69.0,37.0,-115.0,-7.0
2075,40874.0,0.0,0.0,0.0,0.0,39183.0,2.771260976791382,,,,,,,,,,,,,,,,,,,,,,,,,,36701.0,3125.0,-28.0,643.0,-536344568.0,124.0,28.0,-66.0,51.0,-122.0,-17.0
2076,40884.0,0.0,0.0,0.0,0.0,39193.0,2.771260976791382,,,,,,,,,,,,,,,,,,,,,,,,,,36711.0,3126.0,-28.0,643.0,-1073216504.0,124.0,28.0,-67.0,51.0,-101.0,-10.0
2077,40894.0,0.0,0.0,0.0,0.0,39223.0,2.771260976791382,,,,,,,,,,,,,,,,,,,,,,,,,,36721.0,3130.0,-25.0,642.0,-1073216504.0,127.0,32.0,-68.0,46.0,-77.0,-9.0
2078,40904.0,0.0,0.0,0.0,0.0,39233.0,2.771260976791382,,,,,,,,,,,,,,,,,,,,,,,,,,36731.0,3129.0,-24.0,641.0,-1073217528.0,125.0,34.0,-68.0,61.0,-59.0,-11.0
2079,40914.0,0.0,0.0,0.0,0.0,39243.0,2.771260976791382,,,,,,,,,,,,,,,,,,,,,,,,,,36761.0,3134.0,-24.0,638.0,-1072693240.0,125.0,31.0,-69.0,73.0,4.0,-34.0
2080,40924.0,0.0,0.0,0.0,0.0,39253.0,2.771260976791382,,,,,,,,,,,,,,,,,,,,,,,,,,36771.0,3136.0,-24.0,637.0,-1071644664.0,125.0,30.0,-67.0,61.0,42.0,-28.0
2081,40934.0,0.0,0.0,0.0,0.0,39283.0,2.771260976791382,,,,,,,,,,,,,,,,,,,,,,,,,,36781.0,3137.0,-24.0,636.0,-1071120376.0,125.0,29.0,-68.0,51.0,53.0,-25.0
2082,40944.0,0.0,0.0,0.0,0.0,39293.0,2.771260976791382,,,,,,,,,,,,,,,,,,,,,,,,,,36791.0,3138.0,-23.0,636.0,-1071120377.0,124.0,30.0,-69.0,43.0,39.0,-17.0
2083,40954.0,0.0,0.0,0.0,0.0,39303.0,2.771260976791382,,,,,,,,,,,,,,,,,,,,,,,,,,36801.0,3139.0,-22.0,635.0,-1071120377.0,124.0,29.0,-70.0,1.0,27.0,-3.0
2084,40964.0,0.0,0.0,0.0,0.0,39333.0,2.771260976791382,,,,,,,,,,,,,,,,,,,,,,,,,,36811.0,3140.0,-22.0,634.0,-1071120377.0,124.0,29.0,-71.0,12.0,14.0,-14.0
2085,40974.0,0.0,0.0,0.0,0.0,39343.0,2.771260976791382,,,,,,,,,,,,,,,,,,,,,,,,,,36821.0,3146.0,-19.0,633.0,-1071120377.0,133.0,33.0,-72.0,-26.0,-13.0,-12.0
2086,40984.0,0.0,0.0,0.0,0.0,39353.0,2.771260976791382,,,,,,,,,,,,,,,,,,,,,,,,,,36831.0,3146.0,-19.0,633.0,-1071120377.0,133.0,33.0,-74.0,-39.0,-11.0,-6.0
2087,40994.0,0.0,0.0,0.0,0.0,39383.0,2.7659823894500732,,,,,,,,,,,,,,,,,,,,,,,,,,36841.0,3147.0,-19.0,632.0,-1071120377.0,130.0,32.0,-75.0,-20.0,7.0,-8.0
2088,41004.0,0.0,0.0,0.0,0.0,39393.0,2.7659823894500732,,,,,,,,,,,,,,,,,,,,,,,,,,36851.0,3149.0,-18.0,632.0,-1071120377.0,132.0,33.0,-75.0,8.0,13.0,-17.0
2089,41014.0,0.0,0.0,0.0,0.0,39403.0,2.7659823894500732,,,,,,,,,,,,,,,,,,,,,,,,,,36861.0,3151.0,-18.0,631.0,-1071120377.0,133.0,32.0,-75.0,26.0,2.0,-13.0
2090,41024.0,0.0,0.0,0.0,0.0,39413.0,2.7607038021087646,,,,,,,,,,,,,,,,,,,,,,,,,,36871.0,3152.0,-18.0,629.0,-1071120377.0,133.0,31.0,-78.0,61.0,7.0,-15.0
2091,41034.0,0.0,0.0,0.0,0.0,39423.0,2.781818151473999,,,,,,,,,,,,,,,,,,,,,,,,,,36881.0,3154.0,-17.0,629.0,-1071120377.0,134.0,31.0,-79.0,82.0,2.0,-27.0
2092,41044.0,0.0,0.0,0.0,0.0,39433.0,2.8029325008392334,,,,,,,,,,,,,,,,,,,,,,,,,,36891.0,3155.0,-17.0,628.0,-1071120377.0,134.0,31.0,-79.0,78.0,6.0,-27.0
2093,41054.0,0.0,0.0,0.0,0.0,39443.0,2.8029325008392334,,,,,,,,,,,,,,,,,,,,,,,,,,36901.0,3157.0,-16.0,627.0,-1071120377.0,134.0,30.0,-78.0,106.0,4.0,-29.0
2094,41064.0,0.0,0.0,0.0,0.0,39453.0,2.8029325008392334,,,,,,,,,,,,,,,,,,,,,,,,,,36911.0,3156.0,-17.0,627.0,-1070071801.0,131.0,29.0,-72.0,78.0,17.0,-21.0
2095,41074.0,0.0,0.0,0.0,0.0,39463.0,2.797653913497925,,,,,,,,,,,,,,,,,,,,,,,,,,36951.0,3161.0,-16.0,624.0,-1069022201.0,129.0,24.0,-75.0,17.0,-10.0,-37.0
2096,41084.0,0.0,0.0,0.0,0.0,39473.0,2.797653913497925,,,,,,,,,,,,,,,,,,,,,,,,,,36961.0,3162.0,-16.0,623.0,-1069022202.0,129.0,23.0,-74.0,5.0,-11.0,-41.0
2097,41094.0,0.0,0.0,0.0,0.0,39483.0,2.792375326156616,,,,,,,,,,,,,,,,,,,,,,,,,,36971.0,3164.0,-16.0,623.0,-1069022202.0,130.0,22.0,-74.0,-52.0,-24.0,-39.0
2098,41104.0,0.0,0.0,0.0,0.0,39493.0,2.7870967388153076,,,,,,,,,,,,,,,,,,,,,,,,,,37001.0,3166.0,-14.0,622.0,-1070070778.0,125.0,21.0,-68.0,-36.0,-44.0,-28.0
2099,41114.0,0.0,0.0,0.0,0.0,39503.0,2.7870967388153076,,,,,,,,,,,,,,,,,,,,,,,,,,37011.0,3167.0,-14.0,621.0,-1070071802.0,126.0,20.0,-67.0,-15.0,-43.0,-22.0
2100,41124.0,0.0,0.0,0.0,0.0,39513.0,2.781818151473999,,,,,,,,,,,,,,,,,,,,,,,,,,37021.0,3170.0,-14.0,621.0,-1070071802.0,128.0,19.0,-66.0,17.0,-52.0,-25.0
2101,41134.0,0.0,0.0,0.0,0.0,39523.0,2.7765395641326904,,,,,,,,,,,,,,,,,,,,,,,,,,37031.0,3172.0,-14.0,620.0,-1070596090.0,130.0,18.0,-66.0,46.0,-38.0,-37.0
2102,41144.0,0.0,0.0,0.0,0.0,39533.0,2.7765395641326904,,,,,,,,,,,,,,,,,,,,,,,,,,37041.0,3173.0,-13.0,618.0,-1070596090.0,129.0,18.0,-72.0,60.0,-27.0,-33.0
2103,41154.0,0.0,0.0,0.0,0.0,39543.0,2.771260976791382,,,,,,,,,,,,,,,,,,,,,,,,,,37051.0,3174.0,-12.0,618.0,-1069547515.0,128.0,18.0,-72.0,57.0,5.0,-36.0
2104,41164.0,0.0,0.0,0.0,0.0,39553.0,2.7659823894500732,,,,,,,,,,,,,,,,,,,,,,,,,,37061.0,3176.0,-12.0,617.0,-1069547515.0,130.0,16.0,-72.0,44.0,11.0,-32.0
2105,41174.0,0.0,0.0,0.0,0.0,39563.0,2.7659823894500732,,,,,,,,,,,,,,,,,,,,,,,,,,37071.0,3177.0,-12.0,616.0,-1069547515.0,130.0,15.0,-70.0,21.0,2.0,-24.0
2106,41184.0,0.0,0.0,0.0,0.0,39573.0,2.7607038021087646,,,,,,,,,,,,,,,,,,,,,,,,,,37111.0,3183.0,-12.0,612.0,-1069547515.0,131.0,10.0,-71.0,-102.0,26.0,-9.0
2107,41194.0,0.0,0.0,0.0,0.0,39583.0,2.755425214767456,,,,,,,,,,,,,,,,,,,,,,,,,,37121.0,3175.0,-6.0,612.0,-1070071803.0,114.0,20.0,-70.0,-92.0,19.0,-26.0
2108,41204.0,0.0,0.0,0.0,0.0,39593.0,2.7501466274261475,,,,,,,,,,,,,,,,,,,,,,,,,,37131.0,3178.0,-5.0,610.0,-1070071803.0,117.0,19.0,-73.0,-122.0,25.0,-15.0
2109,41214.0,0.0,0.0,0.0,0.0,39603.0,2.744868040084839,,,,,,,,,,,,,,,,,,,,,,,,,,37141.0,3179.0,-5.0,610.0,-1070071803.0,117.0,19.0,-74.0,-104.0,18.0,-13.0
2110,41224.0,0.0,0.0,0.0,0.0,39613.0,2.7395894527435303,,,,,,,,,,,,,,,,,,,,,,,,,,37151.0,3186.0,-5.0,609.0,-1071120379.0,127.0,18.0,-73.0,-118.0,-2.0,4.0
2111,41234.0,0.0,0.0,0.0,0.0,39623.0,2.7395894527435303,,,,,,,,,,,,,,,,,,,,,,,,,,37171.0,3188.0,-5.0,607.0,-1071120379.0,127.0,17.0,-73.0,-25.0,-28.0,10.0
2112,41244.0,0.0,0.0,0.0,0.0,39633.0,2.7343108654022217,,,,,,,,,,,,,,,,,,,,,,,,,,37181.0,3189.0,-6.0,607.0,-1072168955.0,126.0,13.0,-74.0,43.0,-20.0,0.0
2113,41254.0,0.0,0.0,0.0,0.0,39643.0,2.7343108654022217,,,,,,,,,,,,,,,,,,,,,,,,,,37191.0,3190.0,-6.0,606.0,-1072693243.0,126.0,13.0,-74.0,59.0,-4.0,0.0
2114,41264.0,0.0,0.0,0.0,0.0,39653.0,2.7237536907196045,,,,,,,,,,,,,,,,,,,,,,,,,,37211.0,3192.0,-7.0,602.0,-1071644667.0,126.0,9.0,-88.0,118.0,17.0,-16.0
2115,41274.0,0.0,0.0,0.0,0.0,39663.0,2.7131965160369873,,,,,,,,,,,,,,,,,,,,,,,,,,37251.0,3196.0,-8.0,598.0,-1070071804.0,122.0,6.0,-93.0,-64.0,24.0,5.0
2116,41284.0,0.0,0.0,0.0,0.0,39673.0,2.70263934135437,,,,,,,,,,,,,,,,,,,,,,,,,,37261.0,3199.0,-4.0,597.0,-1070071804.0,125.0,11.0,-96.0,-101.0,18.0,0.0
2117,41294.0,0.0,0.0,0.0,0.0,39683.0,2.70263934135437,,,,,,,,,,,,,,,,,,,,,,,,,,37271.0,3200.0,-5.0,596.0,-1070071804.0,125.0,9.0,-95.0,-128.0,19.0,3.0
2118,41304.0,0.0,0.0,0.0,0.0,39693.0,2.6815249919891357,,,,,,,,,,,,,,,,,,,,,,,,,,37281.0,3201.0,-5.0,595.0,-1071119356.0,124.0,7.0,-94.0,-82.0,0.0,0.0
2119,41314.0,0.0,0.0,0.0,0.0,39703.0,2.6709678173065186,,,,,,,,,,,,,,,,,,,,,,,,,,37301.0,3208.0,-4.0,593.0,-1071120380.0,132.0,7.0,-95.0,-58.0,-4.0,10.0
2120,41324.0,0.0,0.0,0.0,0.0,39713.0,2.692082166671753,,,,,,,,,,,,,,,,,,,,,,,,,,37311.0,3209.0,-4.0,592.0,-1072168956.0,132.0,7.0,-95.0,-41.0,10.0,18.0
2121,41334.0,0.0,0.0,0.0,0.0,39723.0,2.692082166671753,,,,,,,,,,,,,,,,,,,,,,,,,,37321.0,3210.0,-4.0,591.0,-1072168956.0,132.0,7.0,-95.0,-30.0,3.0,18.0
2122,41344.0,0.0,0.0,0.0,0.0,39733.0,2.692082166671753,,,,,,,,,,,,,,,,,,,,,,,,,,37331.0,3212.0,-4.0,590.0,-1072168955.0,132.0,7.0,-95.0,31.0,17.0,16.0
2123,41354.0,0.0,0.0,0.0,0.0,39743.0,2.692082166671753,,,,,,,,,,,,,,,,,,,,,,,,,,37341.0,3213.0,-4.0,588.0,-1072168955.0,132.0,7.0,-100.0,55.0,30.0,16.0
2124,41364.0,0.0,0.0,0.0,0.0,39753.0,2.6973607540130615,,,,,,,,,,,,,,,,,,,,,,,,,,37361.0,3212.0,-4.0,586.0,-1072167931.0,124.0,5.0,-103.0,75.0,66.0,8.0
2125,41374.0,0.0,0.0,0.0,0.0,39763.0,2.729032278060913,,,,,,,,,,,,,,,,,,,,,,,,,,37371.0,3213.0,-3.0,585.0,-1071119355.0,124.0,6.0,-104.0,63.0,63.0,13.0
2126,41384.0,0.0,0.0,0.0,0.0,39773.0,2.7765395641326904,,,,,,,,,,,,,,,,,,,,,,,,,,37381.0,3215.0,-3.0,584.0,-1071119355.0,125.0,5.0,-106.0,44.0,34.0,13.0
2127,41394.0,0.0,0.0,0.0,0.0,39783.0,2.7765395641326904,,,,,,,,,,,,,,,,,,,,,,,,,,37391.0,3216.0,-3.0,585.0,-1071119355.0,125.0,5.0,-94.0,15.0,0.0,11.0
2128,41404.0,0.0,0.0,0.0,0.0,39793.0,2.781818151473999,,,,,,,,,,,,,,,,,,,,,,,,,,37411.0,3220.0,-3.0,583.0,-1071119355.0,126.0,4.0,-94.0,-45.0,-38.0,15.0
2129,41414.0,0.0,0.0,0.0,0.0,39803.0,2.781818151473999,,,,,,,,,,,,,,,,,,,,,,,,,,37421.0,3224.0,-2.0,582.0,-1071119355.0,131.0,5.0,-93.0,-64.0,-47.0,11.0
2130,41424.0,0.0,0.0,0.0,0.0,39813.0,2.792375326156616,,,,,,,,,,,,,,,,,,,,,,,,,,37431.0,3225.0,-2.0,582.0,-1071119355.0,131.0,5.0,-90.0,-56.0,-49.0,15.0
2131,41434.0,0.0,0.0,0.0,0.0,39823.0,2.8134896755218506,,,,,,,,,,,,,,,,,,,,,,,,,,37461.0,3230.0,-2.0,579.0,-1072167931.0,131.0,4.0,-90.0,-15.0,0.0,23.0
2132,41444.0,0.0,0.0,0.0,0.0,39833.0,2.834604024887085,,,,,,,,,,,,,,,,,,,,,,,,,,37471.0,3231.0,-2.0,578.0,-1072167931.0,131.0,4.0,-96.0,-25.0,21.0,35.0
2133,41454.0,0.0,0.0,0.0,0.0,39843.0,2.845161199569702,,,,,,,,,,,,,,,,,,,,,,,,,,37481.0,3233.0,-2.0,577.0,-1072167931.0,131.0,3.0,-97.0,67.0,5.0,9.0
2134,41464.0,0.0,0.0,0.0,0.0,39853.0,2.860996961593628,,,,,,,,,,,,,,,,,,,,,,,,,,37511.0,3230.0,-1.0,574.0,-1072167930.0,119.0,4.0,-98.0,33.0,39.0,26.0
2135,,,,,,39863.0,2.860996961593628,,,,,,,,,,,,,,,,,,,,,,,,,,37521.0,3231.0,-1.0,572.0,-1072167930.0,118.0,3.0,-102.0,26.0,28.0,26.0
2136,,,,,,39873.0,2.8821115493774414,,,,,,,,,,,,,,,,,,,,,,,,,,37531.0,3233.0,-1.0,571.0,-1071119354.0,120.0,3.0,-102.0,13.0,14.0,25.0
2137,,,,,,39883.0,2.897947311401367,,,,,,,,,,,,,,,,,,,,,,,,,,37551.0,3238.0,-1.0,569.0,-1071119354.0,123.0,1.0,-104.0,35.0,-12.0,19.0
2138,,,,,,39893.0,2.903225898742676,,,,,,,,,,,,,,,,,,,,,,,,,,37561.0,3240.0,0.0,569.0,-1071119354.0,123.0,2.0,-100.0,-32.0,-37.0,24.0
2139,,,,,,39903.0,2.8821115493774414,,,,,,,,,,,,,,,,,,,,,,,,,,37571.0,3242.0,0.0,567.0,-1071119354.0,123.0,1.0,-102.0,21.0,-65.0,8.0
2140,,,,,,39913.0,2.729032278060913,,,,,,,,,,,,,,,,,,,,,,,,,,37581.0,3245.0,0.0,566.0,-1071119354.0,125.0,1.0,-104.0,-6.0,-68.0,15.0
2141,,,,,,39923.0,2.729032278060913,,,,,,,,,,,,,,,,,,,,,,,,,,37591.0,3247.0,-1.0,565.0,-1071119354.0,126.0,0.0,-105.0,10.0,-70.0,11.0
2142,,,,,,39933.0,2.7131965160369873,,,,,,,,,,,,,,,,,,,,,,,,,,37601.0,3247.0,0.0,564.0,-1071120378.0,125.0,0.0,-104.0,36.0,-63.0,-2.0
2143,,,,,,39943.0,2.8398826122283936,,,,,,,,,,,,,,,,,,,,,,,,,,37611.0,3249.0,0.0,562.0,-1071120378.0,125.0,0.0,-103.0,58.0,-49.0,-8.0
2144,,,,,,39953.0,2.871554374694824,,,,,,,,,,,,,,,,,,,,,,,,,,37631.0,3251.0,0.0,560.0,-1070596090.0,125.0,-1.0,-105.0,80.0,-39.0,1.0
2145,,,,,,39963.0,2.871554374694824,,,,,,,,,,,,,,,,,,,,,,,,,,37641.0,3246.0,-5.0,559.0,-1070596090.0,113.0,-11.0,-105.0,78.0,-37.0,-2.0
2146,,,,,,39973.0,2.676246404647827,,,,,,,,,,,,,,,,,,,,,,,,,,37651.0,3246.0,-5.0,561.0,-1070596090.0,112.0,-11.0,-98.0,74.0,-32.0,-7.0
2147,,,,,,39983.0,2.676246404647827,,,,,,,,,,,,,,,,,,,,,,,,,,37671.0,3249.0,-5.0,559.0,-1069547514.0,113.0,-13.0,-96.0,36.0,-48.0,-24.0
2148,,,,,,39993.0,2.6076245307922363,,,,,,,,,,,,,,,,,,,,,,,,,,37681.0,3248.0,-4.0,558.0,-1069547514.0,110.0,-11.0,-97.0,11.0,-54.0,-21.0
2149,,,,,,40003.0,2.597067356109619,,,,,,,,,,,,,,,,,,,,,,,,,,37691.0,3252.0,-4.0,555.0,-1069546490.0,115.0,-11.0,-107.0,-15.0,-57.0,-15.0
2150,,,,,,40013.0,2.7659823894500732,,,,,,,,,,,,,,,,,,,,,,,,,,37701.0,3256.0,-4.0,554.0,-1069546490.0,121.0,-12.0,-107.0,-11.0,-69.0,-29.0
2151,,,,,,40023.0,2.7079179286956787,,,,,,,,,,,,,,,,,,,,,,,,,,37711.0,3257.0,-4.0,553.0,-1069546490.0,121.0,-13.0,-106.0,-12.0,-66.0,-20.0
2152,,,,,,40033.0,2.586510181427002,,,,,,,,,,,,,,,,,,,,,,,,,,37721.0,3260.0,-3.0,552.0,-1069545466.0,124.0,-13.0,-105.0,-32.0,-83.0,-10.0
2153,,,,,,40043.0,2.586510181427002,,,,,,,,,,,,,,,,,,,,,,,,,,37731.0,3261.0,-4.0,548.0,-1069545466.0,125.0,-14.0,-119.0,-43.0,-76.0,-11.0
2154,,,,,,40053.0,2.48093843460083,,,,,,,,,,,,,,,,,,,,,,,,,,37741.0,3262.0,-4.0,547.0,-1070594042.0,125.0,-15.0,-120.0,-8.0,-52.0,-15.0
2155,,,,,,40063.0,2.9718475341796875,,,,,,,,,,,,,,,,,,,,,,,,,,37751.0,3262.0,-5.0,546.0,-1070594042.0,123.0,-18.0,-120.0,21.0,-4.0,-7.0
2156,,,,,,40073.0,3.0879766941070557,,,,,,,,,,,,,,,,,,,,,,,,,,37761.0,3262.0,-4.0,545.0,-1070594042.0,123.0,-17.0,-118.0,35.0,26.0,-4.0
2157,,,,,,40083.0,3.124926805496216,,,,,,,,,,,,,,,,,,,,,,,,,,37781.0,3264.0,-4.0,542.0,-1069545466.0,123.0,-19.0,-118.0,17.0,47.0,4.0
2158,,,,,,40093.0,3.1565983295440674,,,,,,,,,,,,,,,,,,,,,,,,,,37791.0,3266.0,-5.0,541.0,-1069545466.0,124.0,-20.0,-117.0,0.0,65.0,12.0
2159,,,,,,40103.0,3.1565983295440674,,,,,,,,,,,,,,,,,,,,,,,,,,37801.0,3263.0,-5.0,540.0,-1069545466.0,117.0,-22.0,-117.0,-25.0,48.0,8.0
2160,,,,,,40113.0,3.172434091567993,,,,,,,,,,,,,,,,,,,,,,,,,,37811.0,3264.0,-6.0,538.0,-1069545466.0,116.0,-24.0,-118.0,-49.0,36.0,22.0
2161,,,,,,40123.0,3.1935484409332275,,,,,,,,,,,,,,,,,,,,,,,,,,37821.0,3266.0,-6.0,539.0,-1069545466.0,118.0,-24.0,-105.0,-72.0,12.0,29.0
2162,,,,,,40133.0,3.2093844413757324,,,,,,,,,,,,,,,,,,,,,,,,,,37831.0,3269.0,-6.0,538.0,-1070594042.0,122.0,-24.0,-104.0,-123.0,14.0,42.0
2163,,,,,,40143.0,3.225220203399658,,,,,,,,,,,,,,,,,,,,,,,,,,37841.0,3272.0,-6.0,537.0,-1070594042.0,127.0,-25.0,-102.0,-126.0,16.0,19.0
2164,,,,,,40153.0,3.2357773780822754,,,,,,,,,,,,,,,,,,,,,,,,,,37851.0,3273.0,-6.0,536.0,-1070594042.0,126.0,-26.0,-102.0,-142.0,9.0,36.0
2165,,,,,,40163.0,3.2357773780822754,,,,,,,,,,,,,,,,,,,,,,,,,,37871.0,3277.0,-6.0,534.0,-1071642618.0,130.0,-26.0,-105.0,-141.0,21.0,43.0
2166,,,,,,40173.0,3.2463345527648926,,,,,,,,,,,,,,,,,,,,,,,,,,37881.0,3277.0,-7.0,533.0,-1072692217.0,128.0,-27.0,-105.0,-107.0,37.0,43.0
2167,,,,,,40183.0,3.2568917274475098,,,,,,,,,,,,,,,,,,,,,,,,,,37891.0,3278.0,-6.0,532.0,-1072692217.0,128.0,-26.0,-103.0,-71.0,43.0,48.0
2168,,,,,,40193.0,3.267448902130127,,,,,,,,,,,,,,,,,,,,,,,,,,37901.0,3278.0,-7.0,530.0,-1073740793.0,127.0,-27.0,-105.0,-55.0,48.0,54.0
2169,,,,,,40203.0,3.278006076812744,,,,,,,,,,,,,,,,,,,,,,,,,,37911.0,3280.0,-7.0,529.0,-1073740793.0,127.0,-26.0,-106.0,-27.0,58.0,37.0
2170,,,,,,40213.0,3.2885632514953613,,,,,,,,,,,,,,,,,,,,,,,,,,37921.0,3281.0,-8.0,528.0,-1073740793.0,128.0,-27.0,-106.0,-14.0,64.0,35.0
2171,,,,,,40223.0,3.2885632514953613,,,,,,,,,,,,,,,,,,,,,,,,,,37931.0,3283.0,-8.0,527.0,-536869881.0,130.0,-27.0,-105.0,-13.0,69.0,49.0
2172,,,,,,40233.0,3.29384183883667,,,,,,,,,,,,,,,,,,,,,,,,,,37961.0,3289.0,-8.0,524.0,-536346616.0,133.0,-25.0,-109.0,-42.0,58.0,44.0
2173,,,,,,40243.0,3.2991204261779785,,,,,,,,,,,,,,,,,,,,,,,,,,37971.0,3290.0,-9.0,523.0,-536346616.0,133.0,-28.0,-110.0,-37.0,54.0,41.0
2174,,,,,,40253.0,3.304399013519287,,,,,,,,,,,,,,,,,,,,,,,,,,37981.0,3291.0,-9.0,521.0,-536345592.0,132.0,-27.0,-111.0,-49.0,27.0,19.0
2175,,,,,,40263.0,3.3096776008605957,,,,,,,,,,,,,,,,,,,,,,,,,,37991.0,3293.0,-9.0,521.0,-535297016.0,134.0,-26.0,-110.0,-48.0,27.0,28.0
2176,,,,,,40273.0,3.3149561882019043,,,,,,,,,,,,,,,,,,,,,,,,,,38001.0,3294.0,-9.0,520.0,-535297016.0,133.0,-25.0,-109.0,-80.0,31.0,35.0
2177,,,,,,40283.0,3.3149561882019043,,,,,,,,,,,,,,,,,,,,,,,,,,38021.0,3295.0,-10.0,517.0,-535297016.0,128.0,-25.0,-113.0,-42.0,21.0,25.0
2178,,,,,,40293.0,3.320234775543213,,,,,,,,,,,,,,,,,,,,,,,,,,38031.0,3296.0,-12.0,516.0,-535297015.0,128.0,-28.0,-114.0,-4.0,6.0,12.0
2179,,,,,,40303.0,3.3255133628845215,,,,,,,,,,,,,,,,,,,,,,,,,,38041.0,3297.0,-12.0,515.0,-534248439.0,127.0,-27.0,-114.0,4.0,2.0,5.0
2180,,,,,,40313.0,3.3255133628845215,,,,,,,,,,,,,,,,,,,,,,,,,,38051.0,3299.0,-12.0,514.0,-534248439.0,129.0,-26.0,-115.0,15.0,-28.0,13.0
2181,,,,,,40323.0,3.33079195022583,,,,,,,,,,,,,,,,,,,,,,,,,,38061.0,3301.0,-12.0,513.0,-534248439.0,128.0,-26.0,-116.0,39.0,-15.0,7.0
2182,,,,,,40333.0,3.3360705375671387,,,,,,,,,,,,,,,,,,,,,,,,,,38071.0,3302.0,-12.0,512.0,-535297015.0,129.0,-25.0,-117.0,28.0,-25.0,12.0
2183,,,,,,40343.0,3.3360705375671387,,,,,,,,,,,,,,,,,,,,,,,,,,38081.0,3303.0,-12.0,511.0,-535297015.0,128.0,-25.0,-114.0,37.0,-16.0,10.0
2184,,,,,,40353.0,3.3360705375671387,,,,,,,,,,,,,,,,,,,,,,,,,,38111.0,3308.0,-13.0,508.0,-535297015.0,128.0,-23.0,-114.0,33.0,0.0,9.0
2185,,,,,,40363.0,3.3360705375671387,,,,,,,,,,,,,,,,,,,,,,,,,,38121.0,3311.0,-14.0,507.0,-535297015.0,131.0,-24.0,-111.0,-1.0,12.0,8.0
2186,,,,,,40373.0,3.3413491249084473,,,,,,,,,,,,,,,,,,,,,,,,,,38131.0,3310.0,-14.0,506.0,-535297015.0,128.0,-23.0,-111.0,-19.0,17.0,8.0
2187,,,,,,40383.0,3.3413491249084473,,,,,,,,,,,,,,,,,,,,,,,,,,38141.0,3312.0,-14.0,505.0,-535297015.0,129.0,-22.0,-111.0,-20.0,34.0,7.0
2188,,,,,,40393.0,3.346627712249756,,,,,,,,,,,,,,,,,,,,,,,,,,38161.0,3315.0,-14.0,502.0,-535297015.0,128.0,-22.0,-116.0,-42.0,25.0,21.0
2189,,,,,,40403.0,3.346627712249756,,,,,,,,,,,,,,,,,,,,,,,,,,38171.0,3310.0,-12.0,501.0,-535295991.0,117.0,-17.0,-115.0,-26.0,6.0,16.0
2190,,,,,,40413.0,3.346627712249756,,,,,,,,,,,,,,,,,,,,,,,,,,38181.0,3312.0,-12.0,500.0,-535295991.0,116.0,-16.0,-116.0,-20.0,-3.0,13.0
2191,,,,,,40423.0,3.346627712249756,,,,,,,,,,,,,,,,,,,,,,,,,,38191.0,3316.0,-11.0,499.0,-534248439.0,123.0,-14.0,-117.0,-27.0,-3.0,14.0
2192,,,,,,40433.0,3.3519062995910645,,,,,,,,,,,,,,,,,,,,,,,,,,38221.0,3321.0,-12.0,495.0,-534248438.0,123.0,-14.0,-114.0,59.0,4.0,8.0
2193,,,,,,40443.0,3.3519062995910645,,,,,,,,,,,,,,,,,,,,,,,,,,38231.0,3323.0,-13.0,494.0,-535297014.0,124.0,-14.0,-115.0,56.0,-5.0,14.0
2194,,,,,,40453.0,3.3519062995910645,,,,,,,,,,,,,,,,,,,,,,,,,,38241.0,3323.0,-11.0,493.0,-535297014.0,122.0,-11.0,-116.0,66.0,-13.0,18.0
2195,,,,,,40463.0,3.3519062995910645,,,,,,,,,,,,,,,,,,,,,,,,,,38251.0,3324.0,-13.0,490.0,-535297014.0,122.0,-13.0,-123.0,73.0,20.0,12.0
2196,,,,,,40473.0,3.3519062995910645,,,,,,,,,,,,,,,,,,,,,,,,,,38271.0,3327.0,-13.0,488.0,-535297014.0,123.0,-12.0,-125.0,0.0,24.0,35.0
2197,,,,,,40483.0,3.357184886932373,,,,,,,,,,,,,,,,,,,,,,,,,,38281.0,3326.0,-12.0,487.0,-535297014.0,117.0,-10.0,-126.0,-37.0,59.0,47.0
2198,,,,,,40493.0,3.357184886932373,,,,,,,,,,,,,,,,,,,,,,,,,,38291.0,3327.0,-12.0,484.0,-535295990.0,117.0,-10.0,-133.0,-47.0,77.0,42.0
2199,,,,,,40503.0,3.357184886932373,,,,,,,,,,,,,,,,,,,,,,,,,,38301.0,3328.0,-14.0,483.0,-535295990.0,115.0,-13.0,-134.0,-88.0,75.0,46.0
2200,,,,,,40513.0,3.357184886932373,,,,,,,,,,,,,,,,,,,,,,,,,,38311.0,3329.0,-13.0,482.0,-535295990.0,115.0,-12.0,-136.0,-61.0,103.0,58.0
2201,,,,,,40523.0,3.357184886932373,,,,,,,,,,,,,,,,,,,,,,,,,,38321.0,3332.0,-13.0,480.0,-535294965.0,117.0,-11.0,-138.0,-82.0,107.0,58.0
2202,,,,,,40533.0,3.3624634742736816,,,,,,,,,,,,,,,,,,,,,,,,,,38331.0,3334.0,-13.0,480.0,-535294965.0,119.0,-10.0,-133.0,-37.0,74.0,56.0
2203,,,,,,40543.0,3.357184886932373,,,,,,,,,,,,,,,,,,,,,,,,,,38361.0,3338.0,-13.0,475.0,-534245364.0,114.0,-8.0,-141.0,-5.0,24.0,52.0
2204,,,,,,40553.0,3.3624634742736816,,,,,,,,,,,,,,,,,,,,,,,,,,38371.0,3339.0,-13.0,473.0,-534245364.0,113.0,-8.0,-142.0,24.0,-2.0,33.0
2205,,,,,,40563.0,3.3624634742736816,,,,,,,,,,,,,,,,,,,,,,,,,,38381.0,3341.0,-14.0,471.0,-534245364.0,112.0,-7.0,-151.0,-7.0,-29.0,57.0
2206,,,,,,40573.0,3.3624634742736816,,,,,,,,,,,,,,,,,,,,,,,,,,38391.0,3341.0,-15.0,469.0,-534245364.0,109.0,-9.0,-154.0,17.0,-34.0,49.0
2207,,,,,,40583.0,3.3624634742736816,,,,,,,,,,,,,,,,,,,,,,,,,,38401.0,3342.0,-15.0,468.0,-534245364.0,108.0,-9.0,-156.0,52.0,-46.0,41.0
2208,,,,,,40593.0,3.3624634742736816,,,,,,,,,,,,,,,,,,,,,,,,,,38411.0,3343.0,-15.0,466.0,-534245363.0,107.0,-8.0,-158.0,51.0,-48.0,28.0
2209,,,,,,40603.0,3.3624634742736816,,,,,,,,,,,,,,,,,,,,,,,,,,38421.0,3340.0,-14.0,465.0,-534245363.0,98.0,-5.0,-159.0,47.0,-68.0,35.0
2210,,,,,,40613.0,3.3624634742736816,,,,,,,,,,,,,,,,,,,,,,,,,,38431.0,3341.0,-14.0,463.0,-535294963.0,98.0,-5.0,-160.0,58.0,-72.0,23.0
2211,,,,,,40623.0,3.3624634742736816,,,,,,,,,,,,,,,,,,,,,,,,,,38441.0,3342.0,-14.0,461.0,-535294963.0,97.0,-4.0,-161.0,30.0,-53.0,25.0
2212,,,,,,40633.0,3.3624634742736816,,,,,,,,,,,,,,,,,,,,,,,,,,38461.0,3345.0,-15.0,458.0,-535294963.0,96.0,-6.0,-163.0,51.0,-67.0,37.0
2213,,,,,,40643.0,3.3624634742736816,,,,,,,,,,,,,,,,,,,,,,,,,,38471.0,3346.0,-15.0,458.0,-535294963.0,99.0,-6.0,-163.0,26.0,-44.0,43.0
2214,,,,,,40653.0,3.3677420616149902,,,,,,,,,,,,,,,,,,,,,,,,,,38481.0,3349.0,-16.0,457.0,-535295987.0,102.0,-8.0,-165.0,11.0,-66.0,50.0
2215,,,,,,40663.0,3.3677420616149902,,,,,,,,,,,,,,,,,,,,,,,,,,38491.0,3350.0,-16.0,455.0,-535295987.0,102.0,-7.0,-167.0,12.0,-58.0,45.0
2216,,,,,,40673.0,3.3677420616149902,,,,,,,,,,,,,,,,,,,,,,,,,,38501.0,3351.0,-16.0,453.0,-535295986.0,101.0,-7.0,-167.0,1.0,-36.0,27.0
2217,,,,,,40683.0,3.3677420616149902,,,,,,,,,,,,,,,,,,,,,,,,,,38511.0,3353.0,-16.0,453.0,-535295986.0,102.0,-6.0,-162.0,-14.0,-39.0,33.0
2218,,,,,,40693.0,3.3677420616149902,,,,,,,,,,,,,,,,,,,,,,,,,,38521.0,3353.0,-16.0,451.0,-535295986.0,101.0,-7.0,-162.0,-32.0,-28.0,41.0
2219,,,,,,40703.0,3.3677420616149902,,,,,,,,,,,,,,,,,,,,,,,,,,38531.0,3355.0,-16.0,450.0,-535297010.0,102.0,-6.0,-165.0,-45.0,2.0,49.0
2220,,,,,,40713.0,3.3677420616149902,,,,,,,,,,,,,,,,,,,,,,,,,,38551.0,3354.0,-16.0,444.0,-535297010.0,95.0,-6.0,-184.0,-73.0,20.0,49.0
2221,,,,,,40723.0,3.3677420616149902,,,,,,,,,,,,,,,,,,,,,,,,,,38561.0,3355.0,-16.0,442.0,-535295986.0,95.0,-5.0,-186.0,-76.0,35.0,54.0
2222,,,,,,40733.0,3.3677420616149902,,,,,,,,,,,,,,,,,,,,,,,,,,38571.0,3356.0,-17.0,440.0,-534247409.0,94.0,-5.0,-189.0,-63.0,50.0,54.0
2223,,,,,,40743.0,3.373020648956299,,,,,,,,,,,,,,,,,,,,,,,,,,38581.0,3357.0,-17.0,438.0,-534247409.0,93.0,-6.0,-191.0,-78.0,59.0,67.0
2224,,,,,,40753.0,3.373020648956299,,,,,,,,,,,,,,,,,,,,,,,,,,38591.0,3360.0,-17.0,436.0,-534247409.0,97.0,-5.0,-194.0,-45.0,73.0,64.0
2225,,,,,,40763.0,3.373020648956299,,,,,,,,,,,,,,,,,,,,,,,,,,38611.0,3361.0,-17.0,432.0,-533198832.0,96.0,-3.0,-199.0,37.0,40.0,57.0
2226,,,,,,40773.0,3.373020648956299,,,,,,,,,,,,,,,,,,,,,,,,,,38621.0,3363.0,-17.0,430.0,-534247408.0,97.0,-4.0,-201.0,7.0,7.0,70.0
2227,,,,,,40783.0,3.373020648956299,,,,,,,,,,,,,,,,,,,,,,,,,,38631.0,3364.0,-18.0,429.0,-534246384.0,96.0,-4.0,-199.0,-4.0,-21.0,62.0
2228,,,,,,40793.0,3.373020648956299,,,,,,,,,,,,,,,,,,,,,,,,,,38641.0,3366.0,-17.0,427.0,-534246384.0,96.0,-1.0,-200.0,-44.0,3.0,76.0
2229,,,,,,40803.0,3.373020648956299,,,,,,,,,,,,,,,,,,,,,,,,,,38651.0,3367.0,-17.0,425.0,-533198831.0,96.0,-1.0,-203.0,8.0,-59.0,77.0
2230,,,,,,40813.0,3.373020648956299,,,,,,,,,,,,,,,,,,,,,,,,,,38661.0,3368.0,-17.0,423.0,-533198831.0,96.0,0.0,-206.0,-29.0,-46.0,71.0
2231,,,,,,40823.0,3.373020648956299,,,,,,,,,,,,,,,,,,,,,,,,,,38671.0,3367.0,-19.0,421.0,-534247407.0,90.0,-4.0,-208.0,1.0,-29.0,65.0
2232,,,,,,40833.0,3.373020648956299,,,,,,,,,,,,,,,,,,,,,,,,,,38681.0,3368.0,-19.0,420.0,-534247407.0,92.0,-3.0,-203.0,16.0,-26.0,58.0
2233,,,,,,40843.0,3.373020648956299,,,,,,,,,,,,,,,,,,,,,,,,,,38691.0,3369.0,-19.0,418.0,-534247406.0,91.0,-2.0,-204.0,33.0,-41.0,52.0
2234,,,,,,40853.0,3.373020648956299,,,,,,,,,,,,,,,,,,,,,,,,,,38701.0,3370.0,-19.0,416.0,-534247406.0,91.0,-2.0,-205.0,25.0,-61.0,62.0
2235,,,,,,40863.0,3.3782992362976074,,,,,,,,,,,,,,,,,,,,,,,,,,38731.0,3368.0,-20.0,409.0,-534247406.0,78.0,-2.0,-213.0,10.0,-26.0,58.0
2236,,,,,,40873.0,3.3782992362976074,,,,,,,,,,,,,,,,,,,,,,,,,,38741.0,3371.0,-20.0,407.0,-534248429.0,83.0,-1.0,-215.0,17.0,-43.0,59.0
2237,,,,,,40883.0,3.3782992362976074,,,,,,,,,,,,,,,,,,,,,,,,,,38751.0,3372.0,-20.0,405.0,-534248429.0,84.0,-2.0,-217.0,35.0,-79.0,58.0
2238,,,,,,40893.0,3.373020648956299,,,,,,,,,,,,,,,,,,,,,,,,,,38761.0,3373.0,-21.0,402.0,-534248429.0,83.0,-2.0,-217.0,40.0,-72.0,55.0
2239,,,,,,40903.0,3.3782992362976074,,,,,,,,,,,,,,,,,,,,,,,,,,38781.0,3375.0,-21.0,399.0,-534249453.0,83.0,-1.0,-216.0,39.0,-66.0,46.0
2240,,,,,,40913.0,3.3782992362976074,,,,,,,,,,,,,,,,,,,,,,,,,,38791.0,3376.0,-21.0,397.0,-535298028.0,84.0,0.0,-217.0,33.0,-92.0,32.0
2241,,,,,,40923.0,3.3782992362976074,,,,,,,,,,,,,,,,,,,,,,,,,,38801.0,3377.0,-21.0,395.0,-535822316.0,83.0,-2.0,-219.0,30.0,-85.0,31.0
2242,,,,,,40933.0,3.3782992362976074,,,,,,,,,,,,,,,,,,,,,,,,,,38821.0,3378.0,-21.0,389.0,-535821292.0,83.0,0.0,-226.0,20.0,-80.0,26.0
2243,,,,,,40943.0,3.3782992362976074,,,,,,,,,,,,,,,,,,,,,,,,,,38831.0,3380.0,-21.0,387.0,-535821292.0,84.0,0.0,-227.0,54.0,-70.0,11.0
2244,,,,,,40953.0,3.3782992362976074,,,,,,,,,,,,,,,,,,,,,,,,,,38841.0,3380.0,-20.0,385.0,-535821292.0,84.0,1.0,-227.0,11.0,-55.0,25.0
2245,,,,,,40963.0,3.3782992362976074,,,,,,,,,,,,,,,,,,,,,,,,,,38851.0,3381.0,-20.0,383.0,-535821292.0,84.0,1.0,-228.0,25.0,-59.0,26.0
2246,,,,,,40973.0,3.3782992362976074,,,,,,,,,,,,,,,,,,,,,,,,,,38871.0,3384.0,-19.0,378.0,-535820268.0,88.0,4.0,-230.0,0.0,-44.0,49.0
2247,,,,,,40983.0,3.3782992362976074,,,,,,,,,,,,,,,,,,,,,,,,,,38881.0,3385.0,-19.0,376.0,-535820267.0,88.0,4.0,-232.0,-4.0,-18.0,62.0
2248,,,,,,40993.0,3.3782992362976074,,,,,,,,,,,,,,,,,,,,,,,,,,38891.0,3381.0,-22.0,373.0,-536868843.0,78.0,0.0,-233.0,3.0,-10.0,59.0
2249,,,,,,41003.0,3.3782992362976074,,,,,,,,,,,,,,,,,,,,,,,,,,38901.0,3381.0,-21.0,371.0,-535820267.0,76.0,1.0,-234.0,-6.0,41.0,59.0
2250,,,,,,41013.0,3.3782992362976074,,,,,,,,,,,,,,,,,,,,,,,,,,38921.0,3392.0,-22.0,366.0,-535819243.0,99.0,-1.0,-234.0,1.0,30.0,75.0
2251,,,,,,41023.0,3.383577823638916,,,,,,,,,,,,,,,,,,,,,,,,,,38931.0,3393.0,-22.0,364.0,-535820266.0,101.0,-1.0,-235.0,-10.0,69.0,76.0
2252,,,,,,41033.0,3.3782992362976074,,,,,,,,,,,,,,,,,,,,,,,,,,38941.0,3394.0,-22.0,361.0,-535820266.0,101.0,-1.0,-239.0,20.0,49.0,77.0
2253,,,,,,41043.0,3.3782992362976074,,,,,,,,,,,,,,,,,,,,,,,,,,38951.0,3395.0,-21.0,359.0,-535820266.0,102.0,0.0,-239.0,-35.0,66.0,95.0
2254,,,,,,41053.0,3.383577823638916,,,,,,,,,,,,,,,,,,,,,,,,,,38971.0,3397.0,-21.0,354.0,-535820265.0,102.0,0.0,-240.0,-55.0,66.0,69.0
2255,,,,,,41063.0,3.383577823638916,,,,,,,,,,,,,,,,,,,,,,,,,,38981.0,3394.0,-23.0,351.0,-535821289.0,94.0,-3.0,-242.0,-60.0,67.0,70.0
2256,,,,,,41073.0,3.383577823638916,,,,,,,,,,,,,,,,,,,,,,,,,,38991.0,3396.0,-23.0,350.0,-535821289.0,97.0,-3.0,-239.0,-67.0,62.0,78.0
2257,,,,,,41083.0,3.383577823638916,,,,,,,,,,,,,,,,,,,,,,,,,,39001.0,3397.0,-23.0,347.0,-535821288.0,98.0,-2.0,-239.0,-99.0,93.0,74.0
2258,,,,,,41093.0,3.383577823638916,,,,,,,,,,,,,,,,,,,,,,,,,,39011.0,3400.0,-22.0,345.0,-534772712.0,102.0,0.0,-239.0,-114.0,63.0,80.0
2259,,,,,,41103.0,3.383577823638916,,,,,,,,,,,,,,,,,,,,,,,,,,39021.0,3400.0,-22.0,342.0,-534773736.0,101.0,0.0,-240.0,-114.0,54.0,74.0
2260,,,,,,41113.0,3.383577823638916,,,,,,,,,,,,,,,,,,,,,,,,,,39031.0,3401.0,-22.0,339.0,-534773735.0,100.0,0.0,-243.0,-111.0,77.0,78.0
2261,,,,,,41123.0,3.383577823638916,,,,,,,,,,,,,,,,,,,,,,,,,,39041.0,3403.0,-22.0,337.0,-533200871.0,103.0,0.0,-244.0,-112.0,64.0,92.0
2262,,,,,,41133.0,3.383577823638916,,,,,,,,,,,,,,,,,,,,,,,,,,39051.0,3404.0,-22.0,335.0,-533200871.0,102.0,1.0,-246.0,-114.0,54.0,92.0
2263,,,,,,41143.0,3.383577823638916,,,,,,,,,,,,,,,,,,,,,,,,,,39061.0,3405.0,-23.0,332.0,-533200871.0,102.0,0.0,-246.0,-84.0,74.0,86.0
2264,,,,,,41153.0,3.383577823638916,,,,,,,,,,,,,,,,,,,,,,,,,,39071.0,3406.0,-23.0,330.0,-532151270.0,102.0,1.0,-245.0,-77.0,95.0,83.0
2265,,,,,,41163.0,3.383577823638916,,,,,,,,,,,,,,,,,,,,,,,,,,39081.0,3406.0,-23.0,327.0,-532151270.0,99.0,3.0,-246.0,-57.0,41.0,95.0
2266,,,,,,41173.0,3.383577823638916,,,,,,,,,,,,,,,,,,,,,,,,,,39121.0,3412.0,-22.0,317.0,-531101668.0,102.0,8.0,-254.0,-3.0,87.0,98.0
2267,,,,,,41183.0,3.383577823638916,,,,,,,,,,,,,,,,,,,,,,,,,,39131.0,3413.0,-22.0,315.0,-531101668.0,102.0,9.0,-256.0,-11.0,119.0,112.0
2268,,,,,,41193.0,3.383577823638916,,,,,,,,,,,,,,,,,,,,,,,,,,39141.0,3415.0,-22.0,309.0,-531100643.0,101.0,12.0,-258.0,6.0,89.0,101.0
2269,,,,,,41203.0,3.383577823638916,,,,,,,,,,,,,,,,,,,,,,,,,,39151.0,3414.0,-23.0,309.0,-531100643.0,98.0,10.0,-258.0,-18.0,113.0,104.0
2270,,,,,,41213.0,3.3888564109802246,,,,,,,,,,,,,,,,,,,,,,,,,,39171.0,3416.0,-22.0,304.0,-531099619.0,96.0,14.0,-261.0,-20.0,151.0,101.0
2271,,,,,,41223.0,3.383577823638916,,,,,,,,,,,,,,,,,,,,,,,,,,39181.0,3420.0,-21.0,299.0,-531098594.0,99.0,17.0,-261.0,-30.0,138.0,86.0
2272,,,,,,41233.0,3.3888564109802246,,,,,,,,,,,,,,,,,,,,,,,,,,39191.0,3420.0,-21.0,299.0,-531098594.0,99.0,17.0,-261.0,7.0,122.0,73.0
2273,,,,,,41243.0,3.3888564109802246,,,,,,,,,,,,,,,,,,,,,,,,,,39201.0,3422.0,-21.0,294.0,-531097569.0,96.0,20.0,-264.0,-23.0,99.0,76.0
2274,,,,,,41253.0,3.3888564109802246,,,,,,,,,,,,,,,,,,,,,,,,,,39211.0,3422.0,-21.0,294.0,-531097569.0,96.0,20.0,-262.0,-21.0,73.0,84.0
2275,,,,,,41263.0,3.3888564109802246,,,,,,,,,,,,,,,,,,,,,,,,,,39231.0,3423.0,-20.0,289.0,-530048993.0,89.0,23.0,-265.0,-63.0,35.0,90.0
2276,,,,,,41273.0,3.3888564109802246,,,,,,,,,,,,,,,,,,,,,,,,,,39241.0,3426.0,-20.0,283.0,-530047968.0,90.0,26.0,-268.0,-58.0,47.0,96.0
2277,,,,,,41283.0,3.3888564109802246,,,,,,,,,,,,,,,,,,,,,,,,,,39251.0,3427.0,-20.0,283.0,-530048992.0,95.0,24.0,-270.0,-55.0,2.0,109.0
2278,,,,,,41293.0,3.3888564109802246,,,,,,,,,,,,,,,,,,,,,,,,,,39261.0,3429.0,-20.0,280.0,-530048992.0,94.0,26.0,-271.0,-60.0,12.0,106.0
2279,,,,,,41303.0,3.3888564109802246,,,,,,,,,,,,,,,,,,,,,,,,,,39281.0,3431.0,-19.0,275.0,-530047967.0,91.0,29.0,-273.0,-5.0,20.0,99.0
2280,,,,,,41313.0,3.3888564109802246,,,,,,,,,,,,,,,,,,,,,,,,,,39291.0,3430.0,-20.0,272.0,-530047967.0,83.0,27.0,-273.0,-4.0,32.0,107.0
2281,,,,,,41323.0,3.3888564109802246,,,,,,,,,,,,,,,,,,,,,,,,,,39301.0,3431.0,-20.0,268.0,-530047966.0,81.0,29.0,-279.0,21.0,29.0,115.0
2282,,,,,,41333.0,3.3888564109802246,,,,,,,,,,,,,,,,,,,,,,,,,,39311.0,3430.0,-20.0,266.0,-530047966.0,74.0,31.0,-281.0,0.0,31.0,136.0
2283,,,,,,41343.0,3.3888564109802246,,,,,,,,,,,,,,,,,,,,,,,,,,39331.0,3432.0,-20.0,260.0,-530047965.0,73.0,33.0,-284.0,15.0,35.0,139.0
2284,,,,,,41353.0,3.3888564109802246,,,,,,,,,,,,,,,,,,,,,,,,,,39341.0,3432.0,-18.0,256.0,-528998364.0,69.0,38.0,-288.0,-16.0,37.0,141.0
2285,,,,,,41363.0,3.3888564109802246,,,,,,,,,,,,,,,,,,,,,,,,,,39351.0,3435.0,-20.0,254.0,-530046940.0,72.0,33.0,-291.0,-52.0,86.0,167.0
2286,,,,,,41373.0,3.3888564109802246,,,,,,,,,,,,,,,,,,,,,,,,,,39371.0,3436.0,-19.0,248.0,-528998363.0,67.0,35.0,-295.0,-19.0,94.0,176.0
2287,,,,,,41383.0,3.3888564109802246,,,,,,,,,,,,,,,,,,,,,,,,,,39381.0,3437.0,-19.0,245.0,-528998362.0,65.0,37.0,-298.0,-28.0,107.0,193.0
2288,,,,,,41393.0,3.3888564109802246,,,,,,,,,,,,,,,,,,,,,,,,,,39391.0,3437.0,-18.0,242.0,-528997337.0,63.0,39.0,-300.0,-33.0,107.0,190.0
2289,,,,,,41403.0,3.3888564109802246,,,,,,,,,,,,,,,,,,,,,,,,,,39401.0,3436.0,-17.0,239.0,-528997337.0,52.0,44.0,-302.0,-65.0,134.0,201.0
2290,,,,,,41413.0,3.3888564109802246,,,,,,,,,,,,,,,,,,,,,,,,,,39411.0,3436.0,-17.0,236.0,-528996312.0,49.0,45.0,-304.0,-94.0,155.0,198.0
2291,,,,,,41423.0,3.3888564109802246,,,,,,,,,,,,,,,,,,,,,,,,,,39421.0,3438.0,-16.0,232.0,-528996311.0,51.0,47.0,-305.0,-108.0,121.0,182.0
2292,,,,,,41433.0,3.394134998321533,,,,,,,,,,,,,,,,,,,,,,,,,,39431.0,3438.0,-16.0,230.0,-527946711.0,48.0,48.0,-304.0,-166.0,59.0,168.0
2293,,,,,,41443.0,3.3888564109802246,,,,,,,,,,,,,,,,,,,,,,,,,,39441.0,3433.0,-17.0,227.0,-527945686.0,27.0,48.0,-307.0,-192.0,-14.0,171.0
2294,,,,,,41453.0,3.3888564109802246,,,,,,,,,,,,,,,,,,,,,,,,,,39451.0,3433.0,-16.0,224.0,-526897109.0,24.0,50.0,-311.0,-170.0,-108.0,161.0
2295,,,,,,41463.0,3.394134998321533,,,,,,,,,,,,,,,,,,,,,,,,,,39461.0,3434.0,-16.0,221.0,-526897109.0,21.0,52.0,-315.0,-159.0,-207.0,152.0
2296,,,,,,,,,,,,,,,,,,,,,,,,,,,,,,,,,39471.0,3437.0,-16.0,217.0,-525849556.0,27.0,50.0,-321.0,-146.0,-272.0,153.0
2297,,,,,,,,,,,,,,,,,,,,,,,,,,,,,,,,,39481.0,3441.0,-18.0,214.0,-525851604.0,39.0,43.0,-324.0,-106.0,-345.0,147.0
2298,,,,,,,,,,,,,,,,,,,,,,,,,,,,,,,,,39491.0,3442.0,-18.0,211.0,-524804051.0,37.0,44.0,-330.0,-35.0,-411.0,147.0
2299,,,,,,,,,,,,,,,,,,,,,,,,,,,,,,,,,39501.0,3443.0,-17.0,207.0,-524805075.0,37.0,48.0,-334.0,26.0,-434.0,134.0
2300,,,,,,,,,,,,,,,,,,,,,,,,,,,,,,,,,39511.0,3443.0,-16.0,204.0,-524807122.0,36.0,52.0,-338.0,115.0,-417.0,106.0
2301,,,,,,,,,,,,,,,,,,,,,,,,,,,,,,,,,39521.0,3444.0,-16.0,201.0,-524808146.0,34.0,53.0,-342.0,182.0,-372.0,107.0
2302,,,,,,,,,,,,,,,,,,,,,,,,,,,,,,,,,39531.0,3444.0,-14.0,197.0,-524810193.0,34.0,60.0,-344.0,201.0,-300.0,108.0
2303,,,,,,,,,,,,,,,,,,,,,,,,,,,,,,,,,39541.0,3445.0,-14.0,194.0,-525859793.0,34.0,62.0,-348.0,242.0,-246.0,98.0
2304,,,,,,,,,,,,,,,,,,,,,,,,,,,,,,,,,39551.0,3445.0,-12.0,190.0,-526385105.0,32.0,68.0,-351.0,272.0,-186.0,102.0
2305,,,,,,,,,,,,,,,,,,,,,,,,,,,,,,,,,39561.0,3445.0,-12.0,185.0,-527432656.0,31.0,68.0,-363.0,327.0,-93.0,84.0
2306,,,,,,,,,,,,,,,,,,,,,,,,,,,,,,,,,39571.0,3445.0,-12.0,181.0,-529529808.0,31.0,68.0,-367.0,320.0,-48.0,70.0
2307,,,,,,,,,,,,,,,,,,,,,,,,,,,,,,,,,39581.0,3446.0,-10.0,178.0,-530577360.0,36.0,74.0,-370.0,306.0,2.0,64.0
2308,,,,,,,,,,,,,,,,,,,,,,,,,,,,,,,,,39591.0,3447.0,-10.0,174.0,-531625935.0,35.0,75.0,-373.0,281.0,55.0,62.0
2309,,,,,,,,,,,,,,,,,,,,,,,,,,,,,,,,,39601.0,3447.0,-9.0,170.0,-532674511.0,35.0,76.0,-378.0,246.0,87.0,74.0
2310,,,,,,,,,,,,,,,,,,,,,,,,,,,,,,,,,39611.0,3447.0,-9.0,166.0,-533723087.0,36.0,76.0,-380.0,161.0,117.0,76.0
2311,,,,,,,,,,,,,,,,,,,,,,,,,,,,,,,,,39621.0,3448.0,-7.0,162.0,-534771663.0,39.0,78.0,-380.0,91.0,137.0,88.0
2312,,,,,,,,,,,,,,,,,,,,,,,,,,,,,,,,,39631.0,3448.0,-7.0,158.0,-534772686.0,37.0,79.0,-382.0,-26.0,160.0,120.0
2313,,,,,,,,,,,,,,,,,,,,,,,,,,,,,,,,,39641.0,3448.0,-6.0,154.0,-534772686.0,37.0,79.0,-384.0,-93.0,206.0,147.0
2314,,,,,,,,,,,,,,,,,,,,,,,,,,,,,,,,,39651.0,3451.0,-6.0,150.0,-534773709.0,47.0,74.0,-390.0,-204.0,258.0,188.0
2315,,,,,,,,,,,,,,,,,,,,,,,,,,,,,,,,,39661.0,3451.0,-5.0,146.0,-534249421.0,45.0,75.0,-391.0,-323.0,329.0,243.0
2316,,,,,,,,,,,,,,,,,,,,,,,,,,,,,,,,,39671.0,3451.0,-5.0,142.0,-533198796.0,44.0,75.0,-390.0,-448.0,441.0,310.0
2317,,,,,,,,,,,,,,,,,,,,,,,,,,,,,,,,,39681.0,3451.0,-4.0,138.0,-532149195.0,39.0,76.0,-387.0,-562.0,579.0,374.0
2318,,,,,,,,,,,,,,,,,,,,,,,,,,,,,,,,,39691.0,3452.0,-3.0,132.0,-530049994.0,42.0,79.0,-396.0,-698.0,730.0,457.0
2319,,,,,,,,,,,,,,,,,,,,,,,,,,,,,,,,,39701.0,3452.0,-2.0,128.0,-527949768.0,39.0,83.0,-396.0,-821.0,899.0,549.0
2320,,,,,,,,,,,,,,,,,,,,,,,,,,,,,,,,,39711.0,3453.0,0.0,124.0,-524801990.0,43.0,85.0,-395.0,-990.0,1135.0,666.0
2321,,,,,,,,,,,,,,,,,,,,,,,,,,,,,,,,,39721.0,3453.0,0.0,120.0,-521652164.0,36.0,91.0,-394.0,-1150.0,1434.0,782.0
2322,,,,,,,,,,,,,,,,,,,,,,,,,,,,,,,,,39731.0,3452.0,0.0,116.0,-518500290.0,24.0,95.0,-392.0,-1367.0,1779.0,876.0
2323,,,,,,,,,,,,,,,,,,,,,,,,,,,,,,,,,39741.0,3451.0,1.0,114.0,-514299839.0,10.0,100.0,-383.0,-1593.0,2201.0,956.0
2324,,,,,,,,,,,,,,,,,,,,,,,,,,,,,,,,,39751.0,3453.0,3.0,110.0,-509049787.0,10.0,106.0,-379.0,-1872.0,2690.0,1015.0
2325,,,,,,,,,,,,,,,,,,,,,,,,,,,,,,,,,39761.0,3451.0,3.0,106.0,-502748088.0,-9.0,112.0,-378.0,-2156.0,3230.0,1052.0
2326,,,,,,,,,,,,,,,,,,,,,,,,,,,,,,,,,39771.0,3451.0,4.0,102.0,-496445364.0,-26.0,120.0,-380.0,-2521.0,3817.0,1087.0
2327,,,,,,,,,,,,,,,,,,,,,,,,,,,,,,,,,39781.0,3449.0,4.0,100.0,-488043441.0,-51.0,132.0,-378.0,-2908.0,4449.0,1126.0
2328,,,,,,,,,,,,,,,,,,,,,,,,,,,,,,,,,39791.0,3448.0,5.0,95.0,-479638445.0,-80.0,143.0,-386.0,-3277.0,5170.0,1143.0
2329,,,,,,,,,,,,,,,,,,,,,,,,,,,,,,,,,39801.0,3448.0,8.0,92.0,-470182825.0,-92.0,153.0,-389.0,-3722.0,5960.0,1124.0
2330,,,,,,,,,,,,,,,,,,,,,,,,,,,,,,,,,39811.0,3446.0,9.0,87.0,-458626981.0,-130.0,170.0,-406.0,-4205.0,6775.0,1110.0
2331,,,,,,,,,,,,,,,,,,,,,,,,,,,,,,,,,39821.0,3443.0,8.0,84.0,-446019489.0,-178.0,185.0,-417.0,-4699.0,7669.0,1097.0
2332,,,,,,,,,,,,,,,,,,,,,,,,,,,,,,,,,39831.0,3441.0,9.0,78.0,-433408926.0,-229.0,205.0,-445.0,-5241.0,8550.0,1069.0
2333,,,,,,,,,,,,,,,,,,,,,,,,,,,,,,,,,39841.0,3438.0,20.0,75.0,-417651609.0,-262.0,228.0,-455.0,-5801.0,9487.0,1028.0
2334,,,,,,,,,,,,,,,,,,,,,,,,,,,,,,,,,39851.0,3435.0,20.0,68.0,-402937751.0,-323.0,247.0,-504.0,-6374.0,10443.0,960.0
2335,,,,,,,,,,,,,,,,,,,,,,,,,,,,,,,,,39861.0,3432.0,19.0,60.0,-386124693.0,-385.0,264.0,-568.0,-6971.0,11448.0,855.0
2336,,,,,,,,,,,,,,,,,,,,,,,,,,,,,,,,,39871.0,3427.0,16.0,58.0,-368258964.0,-459.0,289.0,-613.0,-7645.0,12509.0,771.0
2337,,,,,,,,,,,,,,,,,,,,,,,,,,,,,,,,,39881.0,3422.0,17.0,50.0,-350392212.0,-526.0,307.0,-698.0,-8284.0,13609.0,632.0
2338,,,,,,,,,,,,,,,,,,,,,,,,,,,,,,,,,39891.0,3415.0,33.0,44.0,-331475859.0,-594.0,330.0,-768.0,-9690.0,10500.0,-5286.0
2339,,,,,,,,,,,,,,,,,,,,,,,,,,,,,,,,,39901.0,3409.0,39.0,35.0,-315706266.0,-666.0,350.0,-871.0,-12174.0,10898.0,-5326.0
2340,,,,,,,,,,,,,,,,,,,,,,,,,,,,,,,,,39911.0,3402.0,41.0,26.0,-304132022.0,-708.0,368.0,-980.0,-14688.0,11332.0,-5335.0
2341,,,,,,,,,,,,,,,,,,,,,,,,,,,,,,,,,39921.0,3394.0,32.0,17.0,1321771979.0,-744.0,388.0,-1088.0,-13248.0,8538.0,-5021.0
2342,,,,,,,,,,,,,,,,,,,,,,,,,,,,,,,,,39931.0,3387.0,36.0,6.0,1342705566.0,-749.0,401.0,-1211.0,-13669.0,9149.0,-5752.0
2343,,,,,,,,,,,,,,,,,,,,,,,,,,,,,,,,,39941.0,3365.0,-235.0,26.0,1363268418.0,-1043.0,574.0,-1257.0,-16552.0,9598.0,-6154.0
2344,,,,,,,,,,,,,,,,,,,,,,,,,,,,,,,,,39951.0,3342.0,-246.0,4.0,1377999624.0,-1104.0,644.0,-1405.0,-18241.0,9971.0,-5109.0
2345,,,,,,,,,,,,,,,,,,,,,,,,,,,,,,,,,39961.0,3320.0,-157.0,-3.0,1409474252.0,-1155.0,683.0,-1501.0,-10868.0,17279.0,5836.0
2346,,,,,,,,,,,,,,,,,,,,,,,,,,,,,,,,,39971.0,3309.0,-151.0,-19.0,1453503110.0,-1150.0,707.0,-1628.0,-8590.0,22830.0,5377.0
2347,,,,,,,,,,,,,,,,,,,,,,,,,,,,,,,,,39981.0,3181.0,1118.0,-14.0,1485361686.0,-1870.0,828.0,-1855.0,-7729.0,25986.0,5404.0
2348,,,,,,,,,,,,,,,,,,,,,,,,,,,,,,,,,39991.0,3152.0,1368.0,-38.0,1484384334.0,-1933.0,763.0,-2174.0,-6595.0,28835.0,5450.0
2349,,,,,,,,,,,,,,,,,,,,,,,,,,,,,,,,,40001.0,3125.0,1503.0,-59.0,1468714162.0,-1945.0,714.0,-2438.0,2367.0,26742.0,2583.0
2350,,,,,,,,,,,,,,,,,,,,,,,,,,,,,,,,,40011.0,3105.0,1511.0,-83.0,1476136114.0,-1940.0,843.0,-2432.0,-29929.0,1856.0,1918.0
2351,,,,,,,,,,,,,,,,,,,,,,,,,,,,,,,,,40021.0,2971.0,1795.0,10.0,1497211996.0,-1469.0,1128.0,-1580.0,6640.0,-20264.0,8722.0
2352,,,,,,,,,,,,,,,,,,,,,,,,,,,,,,,,,40031.0,2959.0,1577.0,18.0,1566329898.0,-1298.0,1304.0,-1265.0,-1633.0,-24883.0,8148.0
2353,,,,,,,,,,,,,,,,,,,,,,,,,,,,,,,,,40041.0,2976.0,1075.0,46.0,1579878438.0,-1272.0,1039.0,-937.0,-3469.0,-25145.0,8033.0
2354,,,,,,,,,,,,,,,,,,,,,,,,,,,,,,,,,40051.0,2985.0,541.0,42.0,496020026.0,-1208.0,790.0,-1085.0,-19252.0,-13245.0,3683.0
2355,,,,,,,,,,,,,,,,,,,,,,,,,,,,,,,,,40061.0,2985.0,541.0,42.0,496020026.0,-1208.0,790.0,-1085.0,-12270.0,9152.0,8147.0
2356,,,,,,,,,,,,,,,,,,,,,,,,,,,,,,,,,40071.0,2925.0,929.0,36.0,447775774.0,-1183.0,1174.0,-750.0,-11141.0,11656.0,7921.0
2357,,,,,,,,,,,,,,,,,,,,,,,,,,,,,,,,,40081.0,2919.0,963.0,42.0,448818204.0,-1145.0,1158.0,-685.0,-9010.0,13213.0,7993.0
2358,,,,,,,,,,,,,,,,,,,,,,,,,,,,,,,,,40091.0,2889.0,1052.0,33.0,388513924.0,-1079.0,1209.0,-811.0,-7785.0,13958.0,7866.0
2359,,,,,,,,,,,,,,,,,,,,,,,,,,,,,,,,,40101.0,2889.0,1052.0,33.0,388513924.0,-1079.0,1209.0,-811.0,-6470.0,14354.0,8180.0
2360,,,,,,,,,,,,,,,,,,,,,,,,,,,,,,,,,40111.0,2812.0,1371.0,66.0,313115849.0,-852.0,1372.0,-426.0,8280.0,2122.0,13921.0
2361,,,,,,,,,,,,,,,,,,,,,,,,,,,,,,,,,40121.0,2796.0,1360.0,88.0,314162377.0,-878.0,1353.0,-192.0,8990.0,-257.0,14571.0
2362,,,,,,,,,,,,,,,,,,,,,,,,,,,,,,,,,40131.0,2771.0,1367.0,100.0,207201437.0,-834.0,1342.0,-118.0,8876.0,-1281.0,14555.0
2363,,,,,,,,,,,,,,,,,,,,,,,,,,,,,,,,,40141.0,2761.0,1310.0,115.0,209289372.0,-884.0,1261.0,27.0,8655.0,-2300.0,14509.0
2364,,,,,,,,,,,,,,,,,,,,,,,,,,,,,,,,,40151.0,2738.0,1282.0,124.0,102304870.0,-920.0,1218.0,-95.0,8305.0,-3311.0,14511.0
2365,,,,,,,,,,,,,,,,,,,,,,,,,,,,,,,,,40161.0,2738.0,1282.0,124.0,102304870.0,-920.0,1218.0,-95.0,-10133.0,9962.0,6066.0
2366,,,,,,,,,,,,,,,,,,,,,,,,,,,,,,,,,40171.0,2711.0,1275.0,142.0,37311608.0,-537.0,1148.0,263.0,8968.0,-5283.0,7461.0
2367,,,,,,,,,,,,,,,,,,,,,,,,,,,,,,,,,40181.0,2711.0,1275.0,142.0,37311608.0,-537.0,1148.0,263.0,-3479.0,3300.0,3140.0
2368,,,,,,,,,,,,,,,,,,,,,,,,,,,,,,,,,40191.0,2717.0,1357.0,150.0,4815985.0,-68.0,1161.0,457.0,-4009.0,3740.0,2664.0
2369,,,,,,,,,,,,,,,,,,,,,,,,,,,,,,,,,40201.0,2719.0,1357.0,150.0,4817008.0,-47.0,1141.0,457.0,-309.0,794.0,3056.0
2370,,,,,,,,,,,,,,,,,,,,,,,,,,,,,,,,,40211.0,2718.0,1356.0,159.0,556367990.0,-42.0,1111.0,325.0,2950.0,-1887.0,3468.0
2371,,,,,,,,,,,,,,,,,,,,,,,,,,,,,,,,,40221.0,2718.0,1336.0,160.0,555316342.0,-56.0,1083.0,341.0,2816.0,-1841.0,3455.0
2372,,,,,,,,,,,,,,,,,,,,,,,,,,,,,,,,,40231.0,2718.0,1338.0,164.0,568937581.0,-51.0,1067.0,261.0,-2659.0,276.0,2225.0
2373,,,,,,,,,,,,,,,,,,,,,,,,,,,,,,,,,40241.0,2716.0,1334.0,167.0,580462694.0,-32.0,1071.0,218.0,2205.0,-1745.0,1293.0
2374,,,,,,,,,,,,,,,,,,,,,,,,,,,,,,,,,40251.0,2718.0,1340.0,171.0,583606386.0,124.0,1121.0,336.0,603.0,2492.0,516.0
2375,,,,,,,,,,,,,,,,,,,,,,,,,,,,,,,,,40261.0,2719.0,1343.0,176.0,588850282.0,245.0,1145.0,408.0,-145.0,-563.0,518.0
2376,,,,,,,,,,,,,,,,,,,,,,,,,,,,,,,,,40271.0,2718.0,1338.0,183.0,590949480.0,248.0,1147.0,379.0,-772.0,-2245.0,399.0
2377,,,,,,,,,,,,,,,,,,,,,,,,,,,,,,,,,40281.0,2719.0,1341.0,188.0,591990889.0,256.0,1147.0,328.0,30.0,572.0,936.0
2378,,,,,,,,,,,,,,,,,,,,,,,,,,,,,,,,,40291.0,2720.0,1342.0,194.0,591986797.0,326.0,1156.0,354.0,1286.0,1044.0,921.0
2379,,,,,,,,,,,,,,,,,,,,,,,,,,,,,,,,,40301.0,2723.0,1346.0,200.0,597229671.0,419.0,1170.0,400.0,-261.0,-367.0,250.0
2380,,,,,,,,,,,,,,,,,,,,,,,,,,,,,,,,,40311.0,2724.0,1347.0,207.0,600376420.0,451.0,1180.0,384.0,-1341.0,-819.0,-279.0
2381,,,,,,,,,,,,,,,,,,,,,,,,,,,,,,,,,40321.0,2726.0,1349.0,213.0,599322727.0,482.0,1194.0,376.0,180.0,76.0,-50.0
2382,,,,,,,,,,,,,,,,,,,,,,,,,,,,,,,,,40331.0,2731.0,1361.0,217.0,598273129.0,549.0,1240.0,384.0,416.0,293.0,15.0
2383,,,,,,,,,,,,,,,,,,,,,,,,,,,,,,,,,40341.0,2726.0,1343.0,234.0,598269029.0,555.0,1247.0,449.0,7.0,119.0,-16.0
2384,,,,,,,,,,,,,,,,,,,,,,,,,,,,,,,,,40351.0,2729.0,1345.0,242.0,599316579.0,578.0,1261.0,440.0,-49.0,-68.0,-4.0
2385,,,,,,,,,,,,,,,,,,,,,,,,,,,,,,,,,40361.0,2733.0,1349.0,249.0,599315555.0,603.0,1287.0,461.0,22.0,27.0,-6.0
2386,,,,,,,,,,,,,,,,,,,,,,,,,,,,,,,,,40371.0,2739.0,1362.0,254.0,599315554.0,619.0,1314.0,464.0,-32.0,-16.0,-11.0
2387,,,,,,,,,,,,,,,,,,,,,,,,,,,,,,,,,40381.0,2736.0,1345.0,270.0,599310432.0,583.0,1305.0,519.0,-3.0,-14.0,-1.0
2388,,,,,,,,,,,,,,,,,,,,,,,,,,,,,,,,,40391.0,2742.0,1358.0,275.0,599310431.0,601.0,1330.0,521.0,-6.0,11.0,3.0
2389,,,,,,,,,,,,,,,,,,,,,,,,,,,,,,,,,40401.0,2748.0,1372.0,280.0,599310431.0,618.0,1351.0,520.0,12.0,7.0,0.0
2390,,,,,,,,,,,,,,,,,,,,,,,,,,,,,,,,,40411.0,2736.0,1326.0,308.0,599301211.0,540.0,1312.0,629.0,12.0,19.0,-7.0
2391,,,,,,,,,,,,,,,,,,,,,,,,,,,,,,,,,40421.0,2740.0,1333.0,316.0,599300186.0,547.0,1326.0,636.0,-1.0,-4.0,0.0
2392,,,,,,,,,,,,,,,,,,,,,,,,,,,,,,,,,40431.0,2746.0,1347.0,322.0,599300186.0,561.0,1347.0,636.0,-17.0,-12.0,-3.0
2393,,,,,,,,,,,,,,,,,,,,,,,,,,,,,,,,,40441.0,2751.0,1360.0,329.0,599300185.0,576.0,1368.0,637.0,-11.0,-6.0,-2.0
2394,,,,,,,,,,,,,,,,,,,,,,,,,,,,,,,,,40451.0,2743.0,1324.0,350.0,600342614.0,518.0,1326.0,707.0,13.0,13.0,2.0
2395,,,,,,,,,,,,,,,,,,,,,,,,,,,,,,,,,40461.0,2749.0,1337.0,357.0,600342613.0,531.0,1345.0,708.0,0.0,7.0,-2.0
2396,,,,,,,,,,,,,,,,,,,,,,,,,,,,,,,,,40471.0,2754.0,1351.0,364.0,600342612.0,543.0,1364.0,709.0,-6.0,-5.0,0.0
2397,,,,,,,,,,,,,,,,,,,,,,,,,,,,,,,,,40481.0,2759.0,1364.0,371.0,600342612.0,556.0,1384.0,710.0,5.0,5.0,3.0
2398,,,,,,,,,,,,,,,,,,,,,,,,,,,,,,,,,40491.0,2765.0,1378.0,378.0,600342611.0,568.0,1403.0,711.0,6.0,4.0,0.0
2399,,,,,,,,,,,,,,,,,,,,,,,,,,,,,,,,,40501.0,2771.0,1392.0,385.0,600342610.0,581.0,1422.0,712.0,-12.0,-7.0,-1.0
2400,,,,,,,,,,,,,,,,,,,,,,,,,,,,,,,,,40511.0,2736.0,1281.0,437.0,600326218.0,409.0,1257.0,889.0,-14.0,-16.0,7.0
2401,,,,,,,,,,,,,,,,,,,,,,,,,,,,,,,,,40521.0,2739.0,1290.0,446.0,600326217.0,412.0,1268.0,892.0,11.0,13.0,6.0
2402,,,,,,,,,,,,,,,,,,,,,,,,,,,,,,,,,40531.0,2744.0,1303.0,455.0,600326216.0,420.0,1284.0,894.0,15.0,16.0,5.0
2403,,,,,,,,,,,,,,,,,,,,,,,,,,,,,,,,,40541.0,2748.0,1316.0,464.0,600326215.0,428.0,1300.0,896.0,-10.0,-12.0,-4.0
2404,,,,,,,,,,,,,,,,,,,,,,,,,,,,,,,,,40551.0,2752.0,1329.0,473.0,600326215.0,436.0,1316.0,898.0,-4.0,-6.0,-3.0
2405,,,,,,,,,,,,,,,,,,,,,,,,,,,,,,,,,40561.0,2743.0,1294.0,487.0,601369667.0,384.0,1256.0,925.0,8.0,11.0,3.0
2406,,,,,,,,,,,,,,,,,,,,,,,,,,,,,,,,,40571.0,2746.0,1303.0,496.0,601369666.0,387.0,1265.0,928.0,14.0,11.0,0.0
2407,,,,,,,,,,,,,,,,,,,,,,,,,,,,,,,,,40581.0,2750.0,1316.0,506.0,601369666.0,393.0,1280.0,931.0,-11.0,-10.0,0.0
2408,,,,,,,,,,,,,,,,,,,,,,,,,,,,,,,,,40591.0,2750.0,1316.0,516.0,601368640.0,384.0,1274.0,939.0,-6.0,-6.0,-6.0
2409,,,,,,,,,,,,,,,,,,,,,,,,,,,,,,,,,40601.0,2754.0,1329.0,526.0,601368639.0,390.0,1288.0,941.0,0.0,-6.0,-2.0
2410,,,,,,,,,,,,,,,,,,,,,,,,,,,,,,,,,40611.0,2754.0,1331.0,536.0,601367614.0,383.0,1284.0,949.0,-3.0,-3.0,6.0
2411,,,,,,,,,,,,,,,,,,,,,,,,,,,,,,,,,40621.0,2757.0,1341.0,546.0,601366589.0,385.0,1292.0,953.0,5.0,11.0,6.0
2412,,,,,,,,,,,,,,,,,,,,,,,,,,,,,,,,,40631.0,2760.0,1351.0,556.0,601366588.0,386.0,1301.0,957.0,7.0,4.0,2.0
2413,,,,,,,,,,,,,,,,,,,,,,,,,,,,,,,,,40641.0,2764.0,1364.0,565.0,601366588.0,391.0,1314.0,959.0,-10.0,-9.0,0.0
2414,,,,,,,,,,,,,,,,,,,,,,,,,,,,,,,,,40651.0,2768.0,1377.0,575.0,601366587.0,397.0,1327.0,962.0,-6.0,-6.0,-4.0
2415,,,,,,,,,,,,,,,,,,,,,,,,,,,,,,,,,40661.0,2766.0,1372.0,589.0,601365561.0,385.0,1300.0,982.0,5.0,2.0,3.0
2416,,,,,,,,,,,,,,,,,,,,,,,,,,,,,,,,,40671.0,2768.0,1382.0,599.0,601365560.0,386.0,1307.0,986.0,0.0,-1.0,1.0
2417,,,,,,,,,,,,,,,,,,,,,,,,,,,,,,,,,40681.0,2772.0,1395.0,609.0,601365559.0,391.0,1319.0,989.0,-1.0,-1.0,2.0
2418,,,,,,,,,,,,,,,,,,,,,,,,,,,,,,,,,40691.0,2776.0,1409.0,619.0,601365558.0,396.0,1330.0,992.0,2.0,2.0,2.0
2419,,,,,,,,,,,,,,,,,,,,,,,,,,,,,,,,,40701.0,2780.0,1422.0,629.0,601365558.0,400.0,1342.0,995.0,4.0,6.0,-2.0
2420,,,,,,,,,,,,,,,,,,,,,,,,,,,,,,,,,40711.0,2769.0,1398.0,646.0,601362482.0,358.0,1284.0,1024.0,-2.0,-4.0,1.0
2421,,,,,,,,,,,,,,,,,,,,,,,,,,,,,,,,,40721.0,2772.0,1411.0,657.0,601362482.0,362.0,1294.0,1027.0,-2.0,0.0,-1.0
2422,,,,,,,,,,,,,,,,,,,,,,,,,,,,,,,,,40731.0,2775.0,1427.0,678.0,601361455.0,356.0,1297.0,1037.0,2.0,5.0,0.0
2423,,,,,,,,,,,,,,,,,,,,,,,,,,,,,,,,,40741.0,2779.0,1440.0,689.0,601361455.0,360.0,1307.0,1040.0,-1.0,-3.0,4.0
2424,,,,,,,,,,,,,,,,,,,,,,,,,,,,,,,,,40751.0,2779.0,1445.0,700.0,601360430.0,354.0,1302.0,1048.0,-2.0,-2.0,0.0
2425,,,,,,,,,,,,,,,,,,,,,,,,,,,,,,,,,40761.0,2782.0,1456.0,711.0,601360429.0,354.0,1306.0,1052.0,0.0,4.0,0.0
2426,,,,,,,,,,,,,,,,,,,,,,,,,,,,,,,,,40771.0,2784.0,1466.0,722.0,601360428.0,354.0,1311.0,1057.0,-3.0,0.0,2.0
2427,,,,,,,,,,,,,,,,,,,,,,,,,,,,,,,,,40781.0,2787.0,1477.0,733.0,601360427.0,356.0,1315.0,1061.0,0.0,-4.0,0.0
2428,,,,,,,,,,,,,,,,,,,,,,,,,,,,,,,,,40791.0,2791.0,1491.0,744.0,601360426.0,359.0,1323.0,1065.0,-2.0,-3.0,4.0
2429,,,,,,,,,,,,,,,,,,,,,,,,,,,,,,,,,40801.0,2794.0,1504.0,754.0,601360425.0,362.0,1331.0,1068.0,1.0,1.0,3.0
2430,,,,,,,,,,,,,,,,,,,,,,,,,,,,,,,,,40811.0,2798.0,1517.0,765.0,601360425.0,366.0,1339.0,1072.0,-3.0,-1.0,0.0
2431,,,,,,,,,,,,,,,,,,,,,,,,,,,,,,,,,40821.0,2802.0,1531.0,776.0,601360424.0,369.0,1347.0,1075.0,0.0,5.0,0.0
2432,,,,,,,,,,,,,,,,,,,,,,,,,,,,,,,,,40831.0,2805.0,1544.0,787.0,601360423.0,372.0,1354.0,1079.0,2.0,2.0,0.0
2433,,,,,,,,,,,,,,,,,,,,,,,,,,,,,,,,,40841.0,2809.0,1558.0,797.0,601360423.0,375.0,1361.0,1082.0,-4.0,-1.0,0.0
2434,,,,,,,,,,,,,,,,,,,,,,,,,,,,,,,,,40851.0,2771.0,1482.0,831.0,601885728.0,273.0,1193.0,1144.0,1.0,0.0,2.0
2435,,,,,,,,,,,,,,,,,,,,,,,,,,,,,,,,,40861.0,2770.0,1481.0,832.0,601885727.0,272.0,1190.0,1145.0,0.0,1.0,0.0
2436,,,,,,,,,,,,,,,,,,,,,,,,,,,,,,,,,40871.0,2773.0,1493.0,843.0,601885727.0,274.0,1195.0,1148.0,-4.0,-1.0,-3.0
2437,,,,,,,,,,,,,,,,,,,,,,,,,,,,,,,,,40881.0,2776.0,1505.0,854.0,601885726.0,275.0,1200.0,1152.0,-4.0,1.0,1.0
2438,,,,,,,,,,,,,,,,,,,,,,,,,,,,,,,,,40891.0,2778.0,1517.0,866.0,601885725.0,277.0,1204.0,1155.0,0.0,0.0,-1.0
2439,,,,,,,,,,,,,,,,,,,,,,,,,,,,,,,,,40901.0,2781.0,1529.0,878.0,601885725.0,278.0,1209.0,1159.0,1.0,0.0,1.0
2440,,,,,,,,,,,,,,,,,,,,,,,,,,,,,,,,,40911.0,2767.0,1503.0,893.0,601887769.0,243.0,1139.0,1174.0,0.0,0.0,-3.0
2441,,,,,,,,,,,,,,,,,,,,,,,,,,,,,,,,,40921.0,2769.0,1513.0,905.0,601887768.0,242.0,1139.0,1178.0,1.0,5.0,-4.0
2442,,,,,,,,,,,,,,,,,,,,,,,,,,,,,,,,,40931.0,2771.0,1524.0,917.0,601887768.0,243.0,1142.0,1181.0,0.0,-5.0,2.0
2443,,,,,,,,,,,,,,,,,,,,,,,,,,,,,,,,,40941.0,2774.0,1535.0,929.0,601887767.0,244.0,1145.0,1185.0,0.0,-2.0,-1.0
2444,,,,,,,,,,,,,,,,,,,,,,,,,,,,,,,,,40951.0,2776.0,1547.0,941.0,601887766.0,245.0,1147.0,1188.0,0.0,-2.0,-2.0
2445,,,,,,,,,,,,,,,,,,,,,,,,,,,,,,,,,40961.0,2769.0,1536.0,954.0,601888788.0,225.0,1108.0,1196.0,-1.0,-2.0,2.0
2446,,,,,,,,,,,,,,,,,,,,,,,,,,,,,,,,,40971.0,2771.0,1548.0,966.0,601888787.0,225.0,1110.0,1199.0,-3.0,-1.0,-3.0
2447,,,,,,,,,,,,,,,,,,,,,,,,,,,,,,,,,40981.0,2771.0,1552.0,978.0,601888786.0,220.0,1098.0,1204.0,-5.0,-3.0,-2.0
2448,,,,,,,,,,,,,,,,,,,,,,,,,,,,,,,,,40991.0,2773.0,1563.0,990.0,601888785.0,220.0,1099.0,1207.0,3.0,-3.0,3.0
2449,,,,,,,,,,,,,,,,,,,,,,,,,,,,,,,,,41001.0,2775.0,1574.0,1003.0,601888785.0,221.0,1100.0,1211.0,0.0,1.0,-1.0
2450,,,,,,,,,,,,,,,,,,,,,,,,,,,,,,,,,41011.0,2777.0,1585.0,1015.0,601888784.0,221.0,1101.0,1214.0,1.0,4.0,-2.0
2451,,,,,,,,,,,,,,,,,,,,,,,,,,,,,,,,,41021.0,2779.0,1596.0,1027.0,601888783.0,222.0,1102.0,1218.0,-1.0,-2.0,5.0
2452,,,,,,,,,,,,,,,,,,,,,,,,,,,,,,,,,41031.0,2767.0,1573.0,1041.0,601889805.0,193.0,1039.0,1226.0,0.0,-5.0,4.0
2453,,,,,,,,,,,,,,,,,,,,,,,,,,,,,,,,,41041.0,2768.0,1582.0,1053.0,601889804.0,192.0,1035.0,1229.0,0.0,-2.0,-3.0
2454,,,,,,,,,,,,,,,,,,,,,,,,,,,,,,,,,41051.0,2770.0,1592.0,1065.0,601889803.0,192.0,1035.0,1232.0,0.0,-5.0,1.0
2455,,,,,,,,,,,,,,,,,,,,,,,,,,,,,,,,,41061.0,2772.0,1602.0,1077.0,601889802.0,192.0,1034.0,1236.0,2.0,0.0,0.0
2456,,,,,,,,,,,,,,,,,,,,,,,,,,,,,,,,,41071.0,2770.0,1602.0,1090.0,601890825.0,185.0,1011.0,1241.0,2.0,0.0,-2.0
2457,,,,,,,,,,,,,,,,,,,,,,,,,,,,,,,,,41081.0,2772.0,1612.0,1103.0,601890824.0,185.0,1009.0,1244.0,0.0,3.0,-2.0
2458,,,,,,,,,,,,,,,,,,,,,,,,,,,,,,,,,41091.0,2774.0,1622.0,1115.0,601890823.0,185.0,1008.0,1247.0,-2.0,-2.0,-5.0
2459,,,,,,,,,,,,,,,,,,,,,,,,,,,,,,,,,41101.0,2776.0,1632.0,1128.0,601890823.0,185.0,1006.0,1250.0,-1.0,2.0,0.0
2460,,,,,,,,,,,,,,,,,,,,,,,,,,,,,,,,,41111.0,2778.0,1642.0,1140.0,601890822.0,185.0,1004.0,1254.0,0.0,0.0,1.0
2461,,,,,,,,,,,,,,,,,,,,,,,,,,,,,,,,,41121.0,2779.0,1652.0,1153.0,601890821.0,184.0,1002.0,1257.0,0.0,4.0,0.0
2462,,,,,,,,,,,,,,,,,,,,,,,,,,,,,,,,,41131.0,2763.0,1618.0,1165.0,601891842.0,153.0,920.0,1261.0,-2.0,-2.0,0.0
2463,,,,,,,,,,,,,,,,,,,,,,,,,,,,,,,,,41141.0,2765.0,1627.0,1178.0,601891841.0,152.0,917.0,1264.0,2.0,4.0,3.0
2464,,,,,,,,,,,,,,,,,,,,,,,,,,,,,,,,,41151.0,2766.0,1636.0,1191.0,601891840.0,152.0,914.0,1267.0,1.0,2.0,-2.0
2465,,,,,,,,,,,,,,,,,,,,,,,,,,,,,,,,,41161.0,2763.0,1633.0,1202.0,601892353.0,143.0,889.0,1269.0,0.0,0.0,4.0
2466,,,,,,,,,,,,,,,,,,,,,,,,,,,,,,,,,41171.0,2764.0,1641.0,1215.0,601892354.0,141.0,882.0,1272.0,2.0,5.0,1.0
2467,,,,,,,,,,,,,,,,,,,,,,,,,,,,,,,,,41181.0,2765.0,1649.0,1228.0,601892354.0,140.0,877.0,1275.0,-1.0,4.0,-2.0
2468,,,,,,,,,,,,,,,,,,,,,,,,,,,,,,,,,41191.0,2766.0,1656.0,1240.0,601892355.0,138.0,869.0,1278.0,0.0,-1.0,0.0
2469,,,,,,,,,,,,,,,,,,,,,,,,,,,,,,,,,41201.0,2767.0,1665.0,1253.0,601892356.0,137.0,865.0,1281.0,5.0,-1.0,5.0
2470,,,,,,,,,,,,,,,,,,,,,,,,,,,,,,,,,41211.0,2767.0,1669.0,1266.0,601892357.0,136.0,852.0,1284.0,1.0,2.0,1.0
2471,,,,,,,,,,,,,,,,,,,,,,,,,,,,,,,,,41221.0,2768.0,1677.0,1279.0,601892358.0,133.0,845.0,1286.0,1.0,0.0,0.0
2472,,,,,,,,,,,,,,,,,,,,,,,,,,,,,,,,,41231.0,2769.0,1683.0,1291.0,601892359.0,131.0,837.0,1289.0,0.0,-2.0,0.0
2473,,,,,,,,,,,,,,,,,,,,,,,,,,,,,,,,,41241.0,2769.0,1690.0,1304.0,601892359.0,128.0,829.0,1291.0,-1.0,-3.0,-5.0
2474,,,,,,,,,,,,,,,,,,,,,,,,,,,,,,,,,41251.0,2769.0,1697.0,1316.0,601892360.0,125.0,821.0,1294.0,0.0,4.0,-1.0
2475,,,,,,,,,,,,,,,,,,,,,,,,,,,,,,,,,41261.0,2770.0,1704.0,1329.0,601892361.0,125.0,813.0,1297.0,0.0,-1.0,0.0
2476,,,,,,,,,,,,,,,,,,,,,,,,,,,,,,,,,41271.0,2772.0,1712.0,1342.0,601892362.0,124.0,806.0,1300.0,-1.0,3.0,0.0
2477,,,,,,,,,,,,,,,,,,,,,,,,,,,,,,,,,41281.0,2773.0,1720.0,1355.0,601892362.0,123.0,800.0,1303.0,-3.0,-2.0,-3.0
2478,,,,,,,,,,,,,,,,,,,,,,,,,,,,,,,,,41291.0,2769.0,1715.0,1367.0,601893388.0,114.0,771.0,1303.0,-1.0,0.0,2.0
2479,,,,,,,,,,,,,,,,,,,,,,,,,,,,,,,,,41301.0,2770.0,1723.0,1380.0,601893388.0,112.0,764.0,1306.0,-5.0,-2.0,0.0
2480,,,,,,,,,,,,,,,,,,,,,,,,,,,,,,,,,41311.0,2771.0,1729.0,1393.0,601893389.0,110.0,754.0,1309.0,4.0,2.0,0.0
2481,,,,,,,,,,,,,,,,,,,,,,,,,,,,,,,,,41321.0,2772.0,1736.0,1406.0,601893390.0,109.0,747.0,1311.0,0.0,0.0,2.0
2482,,,,,,,,,,,,,,,,,,,,,,,,,,,,,,,,,41331.0,2772.0,1741.0,1418.0,601893391.0,106.0,734.0,1314.0,-4.0,-1.0,0.0
2483,,,,,,,,,,,,,,,,,,,,,,,,,,,,,,,,,41341.0,2774.0,1748.0,1432.0,601893392.0,107.0,724.0,1317.0,-2.0,-1.0,-3.0
2484,,,,,,,,,,,,,,,,,,,,,,,,,,,,,,,,,41351.0,2773.0,1753.0,1445.0,601893392.0,103.0,714.0,1319.0,0.0,1.0,0.0
2485,,,,,,,,,,,,,,,,,,,,,,,,,,,,,,,,,41361.0,2774.0,1759.0,1458.0,601893393.0,100.0,704.0,1321.0,0.0,-2.0,4.0
2486,,,,,,,,,,,,,,,,,,,,,,,,,,,,,,,,,41371.0,2775.0,1766.0,1471.0,601893394.0,99.0,696.0,1323.0,0.0,5.0,-3.0
2487,,,,,,,,,,,,,,,,,,,,,,,,,,,,,,,,,41381.0,2776.0,1773.0,1484.0,601893395.0,97.0,687.0,1326.0,0.0,-1.0,0.0
2488,,,,,,,,,,,,,,,,,,,,,,,,,,,,,,,,,41391.0,2775.0,1771.0,1496.0,601893396.0,95.0,662.0,1327.0,-3.0,1.0,0.0
2489,,,,,,,,,,,,,,,,,,,,,,,,,,,,,,,,,41401.0,2776.0,1778.0,1510.0,601893396.0,93.0,653.0,1329.0,2.0,-1.0,-1.0
2490,,,,,,,,,,,,,,,,,,,,,,,,,,,,,,,,,41411.0,2777.0,1784.0,1523.0,601893397.0,92.0,644.0,1331.0,0.0,-2.0,4.0
2491,,,,,,,,,,,,,,,,,,,,,,,,,,,,,,,,,41421.0,2778.0,1791.0,1536.0,601893398.0,91.0,634.0,1333.0,1.0,1.0,0.0
2492,,,,,,,,,,,,,,,,,,,,,,,,,,,,,,,,,41431.0,2779.0,1797.0,1550.0,601893399.0,89.0,624.0,1336.0,-1.0,5.0,6.0
2493,,,,,,,,,,,,,,,,,,,,,,,,,,,,,,,,,41441.0,2779.0,1803.0,1563.0,601893399.0,88.0,614.0,1338.0,0.0,-5.0,0.0
2494,,,,,,,,,,,,,,,,,,,,,,,,,,,,,,,,,41451.0,2780.0,1809.0,1576.0,601893400.0,86.0,604.0,1340.0,0.0,-2.0,5.0
2495,,,,,,,,,,,,,,,,,,,,,,,,,,,,,,,,,41461.0,2781.0,1815.0,1590.0,601893401.0,85.0,593.0,1342.0,-1.0,2.0,-5.0
