,motor_timestamp,m1,m2,m3,m4,bat_timestamp,bat_volt,cmd_timestamp,cmd_thrust,cmd_act_thrust,cmd_roll,cmd_pitch,cmd_yawrate,stabilizer_timestamp,stabilizer_thrust,des_timestamp,des_x,des_y,des_z,des_vx,des_vy,des_vz,mocap_output_timestamp,mocap_x,mocap_y,mocap_z,mocap_qx,mocap_qy,mocap_qz,mocap_qw,stateZ_timestamp,stateZ_x,stateZ_y,stateZ_z,stateZ_quat,stateZ_vx,stateZ_vy,stateZ_vz,stateZ_rollrate,stateZ_pitchrate,stateZ_yawrate
0,69214.0,0.0,0.0,0.0,0.0,69213.0,4.0064520835876465,,,,,,,,,1.9929819107055664,0.0,0.0,0.023,0.002,-0.011,0.003,,,,,,,,,69211.0,0.0,0.0,0.0,-536346112.0,0.0,-1.0,0.0,-1.0,0.0,1.0
1,69224.0,0.0,0.0,0.0,0.0,69223.0,4.0064520835876465,,,,,,,,,2.017529249191284,0.0,0.0,0.023,0.003,-0.008,0.0,,,,,,,,,69221.0,0.0,0.0,23.0,-1073741312.0,4.0,-4.0,0.0,0.0,-1.0,1.0
2,69234.0,0.0,0.0,0.0,0.0,69233.0,4.0064520835876465,,,,,,,,,2.038522243499756,0.0,0.0,0.023,0.005,-0.007,0.0,,,,,,,,,69231.0,0.0,0.0,23.0,-1073741312.0,5.0,-6.0,0.0,0.0,5.0,0.0
3,69244.0,0.0,0.0,0.0,0.0,69243.0,4.0064520835876465,,,,,,,,,2.0512278079986572,0.0,0.0,0.023,0.004,-0.002,0.0,,,,,,,,,69241.0,0.0,0.0,23.0,-1073741312.0,6.0,-7.0,0.0,-1.0,-6.0,-1.0
4,69254.0,0.0,0.0,0.0,0.0,69253.0,4.0064520835876465,,,,,,,,,2.063270092010498,0.0,0.0,0.022,0.004,-0.002,-0.002,,,,,,,,,69251.0,0.0,0.0,24.0,-535297536.0,5.0,-1.0,0.0,4.0,-2.0,0.0
5,69264.0,0.0,0.0,0.0,0.0,69263.0,4.0064520835876465,,,,,,,,,2.0773439407348633,0.001,0.001,0.022,0.005,-0.004,-0.002,,,,,,,,,69261.0,0.0,0.0,23.0,-535298048.0,5.0,-3.0,0.0,1.0,-3.0,1.0
6,69274.0,0.0,0.0,0.0,0.0,69273.0,4.0064520835876465,,,,,,,,,2.0898380279541016,0.001,0.001,0.022,0.007,-0.002,0.0,,,,,,,,,69271.0,0.0,0.0,23.0,-1073216512.0,3.0,-11.0,0.0,1.0,0.0,0.0
7,69284.0,0.0,0.0,0.0,0.0,69283.0,4.0064520835876465,,,,,,,,,2.1069576740264893,0.001,0.001,0.021,0.004,0.001,-0.002,,,,,,,,,69281.0,0.0,0.0,23.0,-536345600.0,3.0,-10.0,0.0,-2.0,-3.0,0.0
8,69294.0,0.0,0.0,0.0,0.0,69293.0,4.0064520835876465,,,,,,,,,2.122529983520508,0.001,0.001,0.021,0.004,0.002,0.0,,,,,,,,,69291.0,0.0,0.0,23.0,-536345600.0,2.0,-10.0,0.0,0.0,-5.0,0.0
9,69304.0,0.0,0.0,0.0,0.0,69303.0,4.0064520835876465,,,,,,,,,2.135627508163452,0.0,0.0,0.021,-0.004,0.009,0.003,,,,,,,,,69301.0,0.0,0.0,22.0,-535297024.0,3.0,-10.0,-3.0,0.0,0.0,0.0
10,69314.0,0.0,0.0,0.0,0.0,69313.0,4.0064520835876465,,,,,,,,,2.1482253074645996,0.0,0.0,0.021,-0.013,0.005,0.016,,,,,,,,,69311.0,0.0,0.0,22.0,-536345600.0,1.0,-12.0,-3.0,3.0,5.0,-1.0
11,69324.0,0.0,0.0,0.0,0.0,69323.0,4.0064520835876465,,,,,,,,,2.161494016647339,0.0,0.0,0.021,-0.005,0.001,0.033,,,,,,,,,69321.0,0.0,0.0,22.0,-536346624.0,5.0,-13.0,-3.0,-1.0,-1.0,1.0
12,69334.0,0.0,0.0,0.0,0.0,69333.0,4.0064520835876465,,,,,,,,,2.1746084690093994,0.0,0.0,0.021,-0.005,-0.026,0.054,,,,,,,,,69331.0,0.0,0.0,22.0,-535297024.0,1.0,-12.0,-3.0,0.0,-2.0,-3.0
13,69344.0,0.0,0.0,0.0,0.0,69343.0,4.0064520835876465,,,,,,,,,2.187533140182495,-0.002,-0.002,0.023,-0.032,-0.017,0.108,,,,,,,,,69341.0,0.0,0.0,22.0,-534249472.0,8.0,-6.0,-3.0,0.0,1.0,3.0
14,69354.0,0.0,0.0,0.0,0.0,69353.0,4.0064520835876465,,,,,,,,,2.2025978565216064,-0.003,-0.003,0.024,-0.046,-0.037,0.137,,,,,,,,,69351.0,0.0,0.0,22.0,-535298048.0,8.0,-11.0,-4.0,1.0,-1.0,1.0
15,69364.0,0.0,0.0,0.0,0.0,69363.0,4.0064520835876465,,,,,,,,,2.2155797481536865,0.0,0.0,0.026,-0.022,-0.028,0.172,,,,,,,,,69361.0,0.0,0.0,22.0,-535296000.0,1.0,-14.0,-4.0,0.0,3.0,2.0
16,69374.0,0.0,0.0,0.0,0.0,69373.0,4.0064520835876465,,,,,,,,,2.2283926010131836,0.005,0.005,0.031,-0.003,-0.007,0.237,,,,,,,,,69371.0,0.0,-1.0,22.0,-535296000.0,1.0,-15.0,-5.0,-4.0,-1.0,0.0
17,69384.0,0.0,0.0,0.0,0.0,69383.0,4.0064520835876465,,,,,,,,,2.242008686065674,0.005,0.005,0.024,-0.01,-0.01,0.22,,,,,,,,,69381.0,0.0,-1.0,22.0,-535297024.0,7.0,-15.0,-5.0,4.0,0.0,0.0
18,69394.0,0.0,0.0,0.0,0.0,69393.0,4.0064520835876465,,,,,,,,,2.255282163619995,0.011,0.011,0.026,0.023,0.011,0.253,,,,,,,,,69391.0,1.0,-1.0,23.0,-535822336.0,12.0,-15.0,3.0,0.0,0.0,0.0
19,69404.0,0.0,0.0,0.0,0.0,69403.0,4.0064520835876465,,,,,,,,,2.268127918243408,0.002,0.002,0.032,-0.046,-0.003,0.314,,,,,,,,,69401.0,0.0,-1.0,23.0,-534248448.0,3.0,-13.0,3.0,0.0,1.0,3.0
20,69414.0,56694.0,53524.0,53536.0,55834.0,69413.0,4.0064520835876465,,,,,,,,,2.2821364402770996,0.0,0.0,0.031,-0.072,-0.001,0.323,,,,,,,,,69411.0,1.0,-1.0,23.0,-534249472.0,11.0,-13.0,3.0,0.0,-2.0,-1.0
21,69424.0,53782.0,55890.0,56364.0,54176.0,69423.0,4.0064520835876465,,,,,,,,,2.2953999042510986,-0.005,-0.005,0.034,-0.104,-0.018,0.35,,,,,,,,,69421.0,0.0,-1.0,23.0,-534247424.0,2.0,-11.0,3.0,4.0,-7.0,2.0
22,69434.0,54953.0,54261.0,55775.0,56423.0,69433.0,3.631671667098999,,,,,,,,,2.3085451126098633,-0.001,-0.001,0.043,-0.079,-0.024,0.407,,,,,,,,,69431.0,0.0,0.0,23.0,-533199872.0,5.0,-8.0,3.0,0.0,0.0,-4.0
23,69444.0,55531.0,55889.0,55385.0,55239.0,69443.0,3.2621703147888184,,,,,,,,,2.3222718238830566,-0.004,-0.004,0.049,-0.093,-0.001,0.439,,,,,,,,,69441.0,0.0,-1.0,23.0,-534248448.0,3.0,-8.0,0.0,6.0,-1.0,-5.0
24,69454.0,57073.0,54451.0,54437.0,56775.0,69453.0,3.124926805496216,,,,,,,,,2.3358311653137207,-0.001,-0.001,0.053,-0.075,-0.021,0.462,,,,,,,,,69451.0,2.0,-1.0,22.0,-534772736.0,16.0,-13.0,-1.0,-2.0,4.0,25.0
25,69464.0,53294.0,57144.0,58956.0,53926.0,69463.0,2.9824047088623047,,,,,,,,,2.3485422134399414,-0.004,-0.004,0.063,-0.093,-0.04,0.494,,,,,,,,,69461.0,0.0,-1.0,23.0,-534248448.0,5.0,-7.0,0.0,2.0,-30.0,34.0
26,69474.0,54277.0,55889.0,58117.0,55701.0,69473.0,2.913783073425293,,,,,,,,,2.3618180751800537,-0.005,-0.005,0.068,-0.091,-0.052,0.507,,,,,,,,,69471.0,0.0,0.0,23.0,-533199872.0,4.0,-2.0,0.0,1.0,10.0,15.0
27,69484.0,55588.0,57184.0,56852.0,55260.0,69483.0,2.913783073425293,,,,,,,,,2.374492883682251,-0.001,-0.001,0.076,-0.067,-0.062,0.534,,,,,,,,,69481.0,0.0,0.0,22.0,-533199872.0,4.0,-2.0,-2.0,17.0,-20.0,-29.0
28,69494.0,57093.0,57857.0,55585.0,55009.0,69493.0,2.860996961593628,,,,,,,,,2.387202501296997,0.004,0.004,0.087,-0.025,-0.045,0.552,,,,,,,,,69491.0,1.0,-1.0,22.0,-534248448.0,5.0,-4.0,-2.0,-5.0,5.0,-1.0
29,69504.0,56660.0,55832.0,56596.0,57032.0,69503.0,2.876832962036133,,,,,,,,,2.401390552520752,0.004,0.004,0.093,-0.022,-0.045,0.558,,,,,,,,,69501.0,1.0,-1.0,22.0,-534248448.0,5.0,-4.0,-1.0,4.0,-3.0,16.0
30,69514.0,55784.0,56626.0,57392.0,56866.0,69513.0,2.9085044860839844,,,,,,,,,2.4144325256347656,0.001,0.001,0.1,-0.035,-0.055,0.572,,,,,,,,,69511.0,1.0,-1.0,22.0,-534248448.0,7.0,-2.0,0.0,15.0,-16.0,-7.0
31,69524.0,55743.0,56635.0,58227.0,57087.0,69523.0,2.9454545974731445,,,,,,,,,2.428715467453003,0.003,0.003,0.112,-0.017,-0.026,0.58,,,,,,,,,69521.0,1.0,0.0,21.0,-533199872.0,3.0,4.0,-2.0,30.0,15.0,5.0
32,69534.0,57222.0,58332.0,57150.0,55600.0,69533.0,2.9454545974731445,,,,,,,,,2.443793535232544,0.003,0.003,0.118,-0.01,-0.017,0.582,,,,,,,,,69531.0,1.0,-1.0,21.0,-533199872.0,4.0,1.0,-2.0,38.0,62.0,14.0
33,69544.0,57164.0,57512.0,57206.0,56890.0,69543.0,2.9824047088623047,,,,,,,,,2.4585578441619873,0.0,0.0,0.128,-0.023,0.01,0.576,,,,,,,,,69541.0,1.0,-1.0,21.0,-534248448.0,4.0,2.0,0.0,81.0,67.0,-1.0
34,69554.0,54209.0,60021.0,60783.0,54035.0,69553.0,3.019355058670044,,,,,,,,,2.4726860523223877,-0.001,-0.001,0.134,-0.025,0.013,0.577,,,,,,,,,69551.0,0.0,0.0,21.0,-533198848.0,-4.0,9.0,3.0,77.0,75.0,12.0
35,69564.0,56946.0,65334.0,59176.0,47744.0,69563.0,3.0615837574005127,,,,,,,,,2.4862701892852783,-0.002,-0.002,0.139,-0.029,0.01,0.576,,,,,,,,,69561.0,0.0,0.0,21.0,-534246400.0,-7.0,8.0,8.0,275.0,323.0,95.0
36,69574.0,55475.0,65535.0,61295.0,44937.0,69573.0,3.1196482181549072,,,,,,,,,2.499678134918213,-0.002,-0.002,0.152,-0.023,0.004,0.579,,,,,,,,,69571.0,0.0,0.0,21.0,-535292927.0,-13.0,5.0,16.0,429.0,515.0,142.0
37,69584.0,56885.0,65535.0,59315.0,43927.0,69583.0,3.1777126789093018,,,,,,,,,2.5130953788757324,-0.003,-0.003,0.158,-0.025,0.002,0.573,,,,,,,,,69581.0,0.0,-1.0,21.0,-1072162815.0,-5.0,1.0,33.0,546.0,719.0,140.0
38,69594.0,60194.0,65535.0,55316.0,36416.0,69593.0,3.1777126789093018,,,,,,,,,2.5258233547210693,-0.003,-0.003,0.163,-0.026,-0.002,0.564,,,,,,,,,69591.0,0.0,-5.0,21.0,-1066916862.0,-5.0,-26.0,54.0,641.0,802.0,137.0
39,69604.0,51400.0,65535.0,63428.0,31272.0,69603.0,3.2463345527648926,,,,,,,,,2.53839111328125,-0.001,-0.001,0.172,-0.016,-0.005,0.537,,,,,,,,,69601.0,-3.0,-5.0,22.0,-1063764990.0,-37.0,-26.0,79.0,770.0,960.0,149.0
40,69614.0,54810.0,65535.0,58896.0,38022.0,69613.0,3.29384183883667,,,,,,,,,2.5516610145568848,-0.006,-0.006,0.178,-0.038,-0.019,0.529,,,,,,,,,69611.0,-2.0,-3.0,23.0,-1062714365.0,-32.0,-17.0,108.0,870.0,1004.0,153.0
41,69624.0,53625.0,65535.0,58459.0,35249.0,69623.0,3.346627712249756,,,,,,,,,2.5646684169769287,-0.007,-0.007,0.183,-0.038,-0.021,0.521,,,,,,,,,69621.0,-3.0,-6.0,24.0,-1057467389.0,-46.0,-37.0,137.0,701.0,882.0,125.0
42,69634.0,51133.0,56309.0,59229.0,49429.0,69633.0,3.383577823638916,,,,,,,,,2.5773820877075195,-0.007,-0.007,0.193,-0.033,-0.021,0.5,,,,,,,,,69631.0,0.0,-4.0,26.0,-1056418812.0,-22.0,-28.0,172.0,284.0,654.0,114.0
43,69644.0,49690.0,49754.0,59980.0,53428.0,69643.0,3.4152493476867676,,,,,,,,,2.6348376274108887,-0.01,-0.01,0.208,-0.038,-0.02,0.464,,,,,,,,,69641.0,4.0,-1.0,28.0,-1058515964.0,-1.0,-14.0,206.0,-184.0,412.0,159.0
44,69654.0,50248.0,49336.0,62306.0,54574.0,69653.0,3.4152493476867676,,,,,,,,,2.656977415084839,-0.013,-0.013,0.231,-0.031,-0.02,0.448,,,,,,,,,69651.0,5.0,0.0,31.0,-1060612091.0,-3.0,-7.0,237.0,-526.0,86.0,216.0
45,69664.0,51479.0,47997.0,60627.0,53373.0,69663.0,3.436363697052002,,,,,,,,,2.6787362098693848,-0.014,-0.014,0.243,-0.028,-0.021,0.446,,,,,,,,,69661.0,5.0,0.0,24.0,-1062710266.0,-10.0,-10.0,220.0,-742.0,-219.0,290.0
46,69674.0,53029.0,35601.0,58407.0,63139.0,69673.0,3.446920871734619,,,,,,,,,2.701815366744995,-0.014,-0.014,0.256,-0.02,-0.018,0.41,,,,,,,,,69671.0,11.0,3.0,26.0,-1067957241.0,23.0,11.0,253.0,-847.0,-393.0,338.0
47,69684.0,47331.0,46753.0,63199.0,49653.0,69683.0,3.4521994590759277,,,,,,,,,2.7236297130584717,-0.018,-0.018,0.264,-0.029,-0.006,0.387,,,,,,,,,69681.0,8.0,3.0,29.0,-1071102968.0,-2.0,6.0,284.0,-869.0,-440.0,369.0
48,69694.0,45108.0,51822.0,64558.0,42328.0,69693.0,3.4680352210998535,,,,,,,,,2.744718551635742,-0.019,-0.019,0.272,-0.025,-0.003,0.362,,,,,,,,,69691.0,2.0,1.0,32.0,-536327159.0,-46.0,-3.0,314.0,-725.0,-413.0,398.0
49,69704.0,48632.0,50902.0,61412.0,42638.0,69703.0,3.489149570465088,,,,,,,,,2.7656376361846924,-0.019,-0.019,0.277,-0.023,-0.003,0.36,,,,,,,,,69701.0,0.0,2.0,31.0,-533181429.0,-72.0,-1.0,323.0,-488.0,-366.0,414.0
50,69714.0,49555.0,58073.0,59501.0,33567.0,69713.0,3.489149570465088,,,,,,,,,2.7794854640960693,-0.019,-0.019,0.284,-0.017,-0.001,0.337,,,,,,,,,69711.0,-5.0,0.0,34.0,-533181428.0,-104.0,-18.0,350.0,-147.0,-356.0,418.0
51,69724.0,51836.0,55298.0,55836.0,34742.0,69723.0,3.5049853324890137,,,,,,,,,2.7932612895965576,-0.02,-0.02,0.288,-0.017,-0.001,0.325,,,,,,,,,69721.0,-7.0,-1.0,38.0,-533182450.0,-112.0,-22.0,377.0,109.0,-268.0,411.0
52,69734.0,60583.0,49441.0,45511.0,38657.0,69733.0,3.5102639198303223,,,,,,,,,2.806330442428589,-0.019,-0.019,0.291,-0.013,0.0,0.313,,,,,,,,,69731.0,-1.0,-2.0,43.0,-534234097.0,-79.0,-24.0,407.0,341.0,-202.0,394.0
53,69744.0,49199.0,51225.0,54673.0,34991.0,69743.0,3.526099681854248,,,,,,,,,2.8191616535186768,-0.021,-0.021,0.296,-0.011,0.003,0.283,,,,,,,,,69741.0,-4.0,0.0,49.0,-534235119.0,-93.0,-1.0,439.0,590.0,-225.0,355.0
54,69754.0,60382.0,51018.0,41888.0,33948.0,69753.0,3.5366568565368652,,,,,,,,,2.8334529399871826,-0.021,-0.021,0.298,-0.009,0.003,0.273,,,,,,,,,69751.0,-1.0,-2.0,53.0,-1072156654.0,-75.0,-21.0,462.0,654.0,-272.0,326.0
55,69764.0,56679.0,52671.0,44613.0,30925.0,69763.0,3.55249285697937,,,,,,,,,2.846468687057495,-0.021,-0.021,0.301,-0.006,0.005,0.262,,,,,,,,,69761.0,-3.0,-5.0,58.0,-1067962349.0,-89.0,-36.0,479.0,712.0,-409.0,318.0
56,69774.0,55420.0,47202.0,44676.0,35450.0,69773.0,3.55249285697937,,,,,,,,,2.8591954708099365,-0.022,-0.022,0.306,-0.002,0.009,0.237,,,,,,,,,69771.0,-4.0,-5.0,63.0,-1065867244.0,-93.0,-40.0,494.0,571.0,-580.0,288.0
57,69784.0,56813.0,45007.0,42229.0,36703.0,69783.0,3.568328619003296,,,,,,,,,2.872737407684326,-0.023,-0.023,0.308,-0.002,0.008,0.224,,,,,,,,,69781.0,-5.0,-7.0,68.0,-1062724587.0,-91.0,-52.0,507.0,387.0,-722.0,263.0
58,69794.0,58914.0,38474.0,38182.0,41090.0,69793.0,3.578885793685913,,,,,,,,,2.8858954906463623,-0.023,-0.023,0.31,0.0,0.009,0.214,,,,,,,,,69791.0,-1.0,-9.0,76.0,-1061680106.0,-67.0,-62.0,534.0,157.0,-823.0,252.0
59,69804.0,55239.0,31989.0,41075.0,46549.0,69803.0,3.5894429683685303,,,,,,,,,2.8985719680786133,-0.024,-0.024,0.313,0.002,0.012,0.19,,,,,,,,,69801.0,2.0,-8.0,82.0,-1062205417.0,-39.0,-58.0,544.0,-116.0,-878.0,240.0
60,69814.0,50321.0,29755.0,45285.0,47775.0,69813.0,3.6000001430511475,,,,,,,,,2.913198947906494,-0.024,-0.024,0.315,0.004,0.014,0.179,,,,,,,,,69811.0,4.0,-6.0,87.0,-1064298472.0,-25.0,-45.0,552.0,-394.0,-818.0,234.0
61,69824.0,47465.0,32567.0,47783.0,43893.0,69823.0,3.6000001430511475,,,,,,,,,2.925907850265503,-0.024,-0.024,0.317,0.008,0.014,0.169,,,,,,,,,69821.0,4.0,-6.0,93.0,-1066392551.0,-22.0,-45.0,558.0,-603.0,-700.0,242.0
62,69834.0,43467.0,37481.0,50611.0,37469.0,69833.0,3.6000001430511475,,,,,,,,,2.93852162361145,-0.024,-0.024,0.32,0.011,0.014,0.148,,,,,,,,,69831.0,1.0,-8.0,100.0,-1068488678.0,-35.0,-55.0,572.0,-733.0,-483.0,232.0
63,69844.0,42814.0,33136.0,50456.0,41226.0,69843.0,3.605278730392456,,,,,,,,,2.951815128326416,-0.024,-0.024,0.321,0.013,0.015,0.142,,,,,,,,,69841.0,2.0,-7.0,106.0,-1071632357.0,-26.0,-48.0,576.0,-780.0,-222.0,216.0
64,69854.0,39491.0,30641.0,53141.0,42995.0,69853.0,3.6158359050750732,,,,,,,,,2.964848041534424,-0.024,-0.024,0.323,0.016,0.014,0.133,,,,,,,,,69851.0,3.0,-4.0,112.0,-534760420.0,-17.0,-26.0,580.0,-773.0,30.0,203.0
65,69864.0,39952.0,34962.0,51884.0,35700.0,69863.0,3.621114492416382,,,,,,,,,2.977349042892456,-0.025,-0.025,0.326,0.015,0.013,0.119,,,,,,,,,69861.0,3.0,-2.0,118.0,-531614692.0,-10.0,-17.0,582.0,-655.0,215.0,178.0
66,69874.0,40743.0,39389.0,50977.0,33935.0,69873.0,3.6263930797576904,,,,,,,,,2.9904654026031494,-0.025,-0.025,0.327,0.018,0.015,0.115,,,,,,,,,69871.0,2.0,-2.0,124.0,-528471011.0,-12.0,-15.0,585.0,-477.0,383.0,160.0
67,69884.0,35349.0,38491.0,55633.0,34559.0,69883.0,3.631671667098999,,,,,,,,,3.0035409927368164,-0.025,-0.025,0.328,0.02,0.015,0.109,,,,,,,,,69881.0,0.0,1.0,128.0,-526375906.0,-23.0,10.0,576.0,-258.0,486.0,127.0
68,69894.0,41052.0,42070.0,49360.0,30458.0,69893.0,3.631671667098999,,,,,,,,,3.0162413120269775,-0.026,-0.026,0.329,0.02,0.016,0.104,,,,,,,,,69891.0,-1.0,1.0,134.0,-525329378.0,-25.0,13.0,577.0,-32.0,536.0,116.0
69,69904.0,42716.0,44500.0,47126.0,27722.0,69903.0,3.631671667098999,,,,,,,,,3.0286881923675537,-0.026,-0.026,0.33,0.023,0.017,0.091,,,,,,,,,69901.0,-2.0,0.0,139.0,-526381025.0,-29.0,10.0,576.0,246.0,506.0,99.0
70,69914.0,46607.0,44393.0,42783.0,27357.0,69913.0,3.631671667098999,,,,,,,,,3.0428426265716553,-0.026,-0.026,0.331,0.026,0.017,0.088,,,,,,,,,69911.0,-1.0,-1.0,145.0,-528479201.0,-22.0,2.0,575.0,480.0,438.0,84.0
71,69924.0,46484.0,43706.0,42242.0,27100.0,69923.0,3.631671667098999,,,,,,,,,3.0555918216705322,-0.026,-0.026,0.332,0.027,0.018,0.087,,,,,,,,,69921.0,-2.0,-1.0,152.0,-530577377.0,-23.0,4.0,579.0,631.0,309.0,91.0
72,69934.0,48235.0,43371.0,40451.0,27317.0,69933.0,3.6369502544403076,,,,,,,,,3.0682687759399414,-0.026,-0.026,0.333,0.031,0.02,0.077,,,,,,,,,69931.0,-3.0,-1.0,158.0,-532675552.0,-25.0,2.0,573.0,711.0,174.0,72.0
73,69944.0,48822.0,42086.0,39536.0,28444.0,69943.0,3.6369502544403076,,,,,,,,,3.0818068981170654,-0.025,-0.025,0.334,0.033,0.02,0.073,,,,,,,,,69941.0,-3.0,-3.0,163.0,-535822304.0,-26.0,-2.0,564.0,697.0,46.0,80.0
74,69954.0,49608.0,40680.0,39730.0,29954.0,69953.0,3.6369502544403076,,,,,,,,,3.094270944595337,-0.025,-0.025,0.335,0.035,0.019,0.068,,,,,,,,,69951.0,-4.0,-5.0,169.0,-1071644640.0,-29.0,-12.0,555.0,625.0,-133.0,56.0
75,69964.0,47688.0,37802.0,41074.0,33448.0,69963.0,3.642228841781616,,,,,,,,,3.106980085372925,-0.027,-0.027,0.336,0.031,0.019,0.061,,,,,,,,,69961.0,-1.0,-3.0,172.0,-1069545440.0,-16.0,-5.0,537.0,473.0,-241.0,52.0
76,69974.0,47268.0,36814.0,41274.0,34536.0,69973.0,3.642228841781616,,,,,,,,,3.120511293411255,-0.027,-0.027,0.336,0.032,0.02,0.057,,,,,,,,,69971.0,-6.0,-6.0,178.0,-1067449312.0,-38.0,-19.0,529.0,229.0,-347.0,39.0
77,69984.0,44490.0,35170.0,43940.0,36180.0,69983.0,3.642228841781616,,,,,,,,,3.134493112564087,-0.027,-0.027,0.337,0.034,0.019,0.057,,,,,,,,,69981.0,-7.0,-7.0,183.0,-1066398687.0,-38.0,-21.0,521.0,26.0,-400.0,26.0
78,69994.0,44139.0,33603.0,44249.0,37849.0,69993.0,3.642228841781616,,,,,,,,,3.147968053817749,-0.026,-0.026,0.338,0.038,0.018,0.059,,,,,,,,,69991.0,-7.0,-7.0,188.0,-1067446239.0,-35.0,-22.0,511.0,-261.0,-396.0,19.0
79,70004.0,42701.0,33045.0,45919.0,38407.0,70003.0,3.6369502544403076,,,,,,,,,3.1618072986602783,-0.027,-0.027,0.34,0.036,0.017,0.065,,,,,,,,,70001.0,-7.0,-6.0,193.0,-1068492767.0,-33.0,-21.0,500.0,-412.0,-422.0,21.0
80,70014.0,41487.0,32763.0,47341.0,38773.0,70013.0,3.6369502544403076,,,,,,,,,3.175363063812256,-0.026,-0.026,0.34,0.038,0.016,0.066,,,,,,,,,70011.0,-9.0,-7.0,198.0,-1070588895.0,-41.0,-23.0,488.0,-569.0,-387.0,20.0
81,70024.0,40876.0,33002.0,48182.0,38732.0,70023.0,3.6369502544403076,,,,,,,,,3.188274621963501,-0.026,-0.026,0.342,0.042,0.017,0.067,,,,,,,,,70021.0,-10.0,-7.0,203.0,-1072685023.0,-40.0,-22.0,475.0,-658.0,-331.0,19.0
82,70034.0,40530.0,34078.0,48844.0,37612.0,70033.0,3.631671667098999,,,,,,,,,3.201709270477295,-0.025,-0.025,0.342,0.043,0.016,0.068,,,,,,,,,70031.0,-10.0,-6.0,208.0,-534764511.0,-38.0,-20.0,464.0,-655.0,-244.0,28.0
83,70044.0,42293.0,34841.0,46945.0,36985.0,70043.0,3.631671667098999,,,,,,,,,3.2149157524108887,-0.027,-0.027,0.343,0.038,0.018,0.071,,,,,,,,,70041.0,-10.0,-6.0,208.0,-534764511.0,-38.0,-19.0,464.0,-593.0,-184.0,26.0
84,70054.0,41273.0,35561.0,46523.0,34883.0,70053.0,3.6263930797576904,,,,,,,,,3.227592706680298,-0.026,-0.026,0.345,0.042,0.015,0.076,,,,,,,,,70051.0,-12.0,-8.0,222.0,-530569183.0,-35.0,-24.0,467.0,-428.0,-85.0,16.0
85,70064.0,42411.0,37399.0,45491.0,33119.0,70063.0,3.631671667098999,,,,,,,,,3.2414262294769287,-0.026,-0.026,0.345,0.043,0.015,0.078,,,,,,,,,70061.0,-12.0,-8.0,222.0,-530569183.0,-37.0,-22.0,467.0,-260.0,-34.0,11.0
86,70074.0,43774.0,38296.0,44180.0,32198.0,70073.0,3.631671667098999,,,,,,,,,3.254267930984497,-0.025,-0.025,0.346,0.044,0.014,0.08,,,,,,,,,70071.0,-13.0,-8.0,231.0,-528472031.0,-31.0,-20.0,448.0,-61.0,21.0,10.0
87,70084.0,45023.0,40079.0,42775.0,30635.0,70083.0,3.6369502544403076,,,,,,,,,3.267533540725708,-0.024,-0.024,0.348,0.048,0.013,0.082,,,,,,,,,70081.0,-13.0,-8.0,231.0,-528472031.0,-33.0,-19.0,448.0,118.0,47.0,3.0
88,70094.0,45180.0,40934.0,41346.0,28616.0,70093.0,3.6369502544403076,,,,,,,,,3.280470848083496,-0.023,-0.023,0.349,0.049,0.012,0.083,,,,,,,,,70091.0,-13.0,-8.0,236.0,-528472031.0,-30.0,-17.0,438.0,268.0,66.0,-4.0
89,70104.0,45973.0,40767.0,40971.0,28961.0,70103.0,3.6369502544403076,,,,,,,,,3.2932212352752686,-0.021,-0.021,0.348,0.055,0.016,0.077,,,,,,,,,70101.0,-14.0,-10.0,243.0,-529520607.0,-28.0,-21.0,446.0,364.0,55.0,-2.0
90,70114.0,46400.0,41734.0,40538.0,28064.0,70113.0,3.642228841781616,,,,,,,,,3.3058712482452393,-0.02,-0.02,0.349,0.056,0.015,0.079,,,,,,,,,70111.0,-14.0,-10.0,248.0,-530569183.0,-25.0,-16.0,434.0,401.0,52.0,-5.0
91,70124.0,45465.0,39965.0,41847.0,30151.0,70123.0,3.642228841781616,,,,,,,,,3.318498134613037,-0.019,-0.019,0.351,0.058,0.014,0.08,,,,,,,,,70121.0,-14.0,-11.0,252.0,-532667359.0,-22.0,-19.0,422.0,403.0,20.0,-8.0
92,70134.0,46307.0,39715.0,40915.0,30555.0,70133.0,3.642228841781616,,,,,,,,,3.3325352668762207,-0.021,-0.021,0.352,0.053,0.008,0.083,,,,,,,,,70131.0,-14.0,-11.0,256.0,-533715935.0,-20.0,-18.0,410.0,340.0,6.0,-6.0
93,70144.0,44565.0,37879.0,43135.0,32649.0,70143.0,3.642228841781616,,,,,,,,,3.3451926708221436,-0.021,-0.021,0.352,0.053,0.008,0.081,,,,,,,,,70141.0,-17.0,-9.0,260.0,-534764511.0,-30.0,-8.0,399.0,215.0,-20.0,-5.0
94,70154.0,43864.0,37810.0,43504.0,33114.0,70153.0,3.642228841781616,,,,,,,,,3.358060359954834,-0.021,-0.021,0.353,0.052,0.007,0.079,,,,,,,,,70151.0,-18.0,-8.0,264.0,-535813087.0,-29.0,-6.0,387.0,74.0,-61.0,-15.0
95,70164.0,43639.0,36009.0,44467.0,35289.0,70163.0,3.6369502544403076,,,,,,,,,3.3722150325775146,-0.02,-0.02,0.354,0.053,0.006,0.078,,,,,,,,,70161.0,-18.0,-9.0,268.0,-536861663.0,-27.0,-6.0,375.0,-56.0,-74.0,-27.0
96,70174.0,42681.0,35555.0,44575.0,36661.0,70173.0,3.6369502544403076,,,,,,,,,3.384921073913574,-0.02,-0.02,0.355,0.052,0.004,0.075,,,,,,,,,70171.0,-19.0,-8.0,272.0,-536861663.0,-25.0,-3.0,362.0,-161.0,-118.0,-35.0
97,70184.0,42138.0,35200.0,45544.0,36294.0,70183.0,3.631671667098999,,,,,,,,,3.3977279663085938,-0.019,-0.019,0.356,0.053,0.002,0.074,,,,,,,,,70181.0,-19.0,-8.0,277.0,-535812063.0,-23.0,-3.0,360.0,-247.0,-155.0,-46.0
98,70194.0,41812.0,34198.0,44784.0,38442.0,70193.0,3.631671667098999,,,,,,,,,3.411123037338257,-0.019,-0.019,0.357,0.053,0.001,0.074,,,,,,,,,70191.0,-19.0,-8.0,281.0,-534763487.0,-20.0,-3.0,347.0,-287.0,-163.0,-44.0
99,70204.0,42437.0,34425.0,45733.0,37585.0,70203.0,3.631671667098999,,,,,,,,,3.424298048019409,-0.019,-0.019,0.358,0.051,0.004,0.075,,,,,,,,,70201.0,-19.0,-8.0,284.0,-533713887.0,-17.0,-1.0,337.0,-303.0,-165.0,-36.0
100,70214.0,43469.0,35881.0,43733.0,37161.0,70213.0,3.6263930797576904,,,,,,,,,3.4366471767425537,-0.019,-0.019,0.359,0.051,0.003,0.074,,,,,,,,,70211.0,-20.0,-8.0,288.0,-532665311.0,-17.0,-1.0,325.0,-285.0,-135.0,-42.0
101,70224.0,44083.0,36267.0,44753.0,36421.0,70223.0,3.6263930797576904,,,,,,,,,3.44933819770813,-0.017,-0.017,0.36,0.053,0.001,0.074,,,,,,,,,70221.0,-19.0,-8.0,291.0,-531615712.0,-13.0,0.0,313.0,-181.0,-124.0,-42.0
102,70234.0,43972.0,38318.0,44020.0,36070.0,70233.0,3.6263930797576904,,,,,,,,,3.463040590286255,-0.017,-0.017,0.361,0.053,0.0,0.073,,,,,,,,,70231.0,-20.0,-8.0,293.0,-530567136.0,-13.0,1.0,295.0,-86.0,-116.0,-50.0
103,70244.0,45099.0,39323.0,43115.0,35555.0,70243.0,3.621114492416382,,,,,,,,,3.476416826248169,-0.015,-0.015,0.362,0.056,0.0,0.073,,,,,,,,,70241.0,-21.0,-7.0,296.0,-530567136.0,-11.0,3.0,283.0,20.0,-53.0,-54.0
104,70254.0,45716.0,40730.0,42636.0,34526.0,70253.0,3.621114492416382,,,,,,,,,3.4896180629730225,-0.014,-0.014,0.363,0.056,-0.001,0.071,,,,,,,,,70251.0,-21.0,-8.0,298.0,-530566112.0,-9.0,3.0,273.0,137.0,-3.0,-56.0
105,70264.0,46090.0,42478.0,42498.0,33206.0,70263.0,3.621114492416382,,,,,,,,,3.503019332885742,-0.013,-0.013,0.364,0.056,-0.001,0.07,,,,,,,,,70261.0,-21.0,-8.0,301.0,-530566112.0,-6.0,5.0,262.0,221.0,47.0,-57.0
106,70274.0,46414.0,43148.0,42678.0,33088.0,70273.0,3.6158359050750732,,,,,,,,,3.5154905319213867,-0.014,-0.014,0.365,0.054,-0.002,0.068,,,,,,,,,70271.0,-22.0,-7.0,303.0,-531614689.0,-4.0,8.0,248.0,292.0,84.0,-64.0
107,70284.0,46203.0,43733.0,43117.0,33003.0,70283.0,3.6105573177337646,,,,,,,,,3.528045177459717,-0.012,-0.012,0.366,0.054,-0.003,0.067,,,,,,,,,70281.0,-22.0,-7.0,306.0,-532664289.0,-2.0,9.0,237.0,321.0,100.0,-65.0
108,70294.0,45470.0,43258.0,44338.0,33866.0,70293.0,3.605278730392456,,,,,,,,,3.54140043258667,-0.012,-0.012,0.367,0.053,-0.005,0.067,,,,,,,,,70291.0,-23.0,-8.0,308.0,-533712865.0,-2.0,8.0,224.0,335.0,123.0,-57.0
109,70304.0,46093.0,43783.0,44167.0,33509.0,70303.0,3.605278730392456,,,,,,,,,3.554340362548828,-0.012,-0.012,0.367,0.052,-0.004,0.067,,,,,,,,,70301.0,-23.0,-8.0,310.0,-534761441.0,0.0,9.0,214.0,257.0,147.0,-53.0
110,70314.0,45868.0,43594.0,44776.0,34574.0,70313.0,3.6000001430511475,,,,,,,,,3.5669071674346924,-0.011,-0.011,0.369,0.052,-0.005,0.072,,,,,,,,,70311.0,-23.0,-8.0,312.0,-535811041.0,2.0,10.0,204.0,201.0,123.0,-60.0
111,70324.0,46260.0,43048.0,44642.0,35590.0,70323.0,3.6000001430511475,,,,,,,,,3.5796384811401367,-0.012,-0.012,0.371,0.047,-0.007,0.073,,,,,,,,,70321.0,-24.0,-7.0,313.0,-536859618.0,2.0,12.0,190.0,130.0,59.0,-61.0
112,70334.0,45758.0,41674.0,45652.0,37312.0,70333.0,3.594721555709839,,,,,,,,,3.593092679977417,-0.011,-0.011,0.372,0.047,-0.007,0.073,,,,,,,,,70331.0,-24.0,-6.0,315.0,-1073731554.0,4.0,14.0,179.0,48.0,30.0,-55.0
113,70344.0,45441.0,41135.0,46313.0,38235.0,70343.0,3.594721555709839,,,,,,,,,3.605668067932129,-0.01,-0.01,0.372,0.048,-0.007,0.073,,,,,,,,,70341.0,-24.0,-6.0,317.0,-1072682978.0,8.0,14.0,169.0,-62.0,40.0,-55.0
114,70354.0,45678.0,40340.0,46498.0,39384.0,70353.0,3.5894429683685303,,,,,,,,,3.617964029312134,-0.01,-0.01,0.374,0.044,-0.012,0.073,,,,,,,,,70351.0,-24.0,-6.0,319.0,-1072682978.0,9.0,14.0,159.0,-109.0,4.0,-56.0
115,70364.0,44705.0,40473.0,47807.0,39867.0,70363.0,3.5894429683685303,,,,,,,,,3.6311752796173096,-0.01,-0.01,0.375,0.043,-0.012,0.073,,,,,,,,,70361.0,-24.0,-6.0,320.0,-1073731555.0,11.0,14.0,148.0,-151.0,-30.0,-65.0
116,70374.0,46342.0,40930.0,46558.0,39518.0,70373.0,3.5894429683685303,,,,,,,,,3.643942356109619,-0.009,-0.009,0.376,0.042,-0.011,0.08,,,,,,,,,70371.0,-24.0,-5.0,321.0,-536860643.0,13.0,15.0,142.0,-162.0,-20.0,-56.0
117,70384.0,45319.0,40721.0,47949.0,40039.0,70383.0,3.578885793685913,,,,,,,,,3.6566405296325684,-0.008,-0.008,0.378,0.042,-0.012,0.082,,,,,,,,,70381.0,-24.0,-5.0,323.0,-535812067.0,16.0,14.0,133.0,-119.0,-30.0,-49.0
118,70394.0,46325.0,41621.0,47339.0,39575.0,70393.0,3.578885793685913,,,,,,,,,3.669922113418579,-0.007,-0.007,0.379,0.041,-0.012,0.084,,,,,,,,,70391.0,-24.0,-5.0,324.0,-535812067.0,18.0,15.0,124.0,-81.0,-10.0,-52.0
119,70404.0,47028.0,42764.0,47006.0,38298.0,70403.0,3.5736072063446045,,,,,,,,,3.682840585708618,-0.007,-0.007,0.379,0.04,-0.012,0.084,,,,,,,,,70401.0,-25.0,-6.0,326.0,-534763491.0,15.0,13.0,119.0,-1.0,10.0,-44.0
120,70414.0,48224.0,43730.0,46018.0,37468.0,70413.0,3.5736072063446045,,,,,,,,,3.6954147815704346,-0.005,-0.005,0.38,0.042,-0.01,0.085,,,,,,,,,70411.0,-25.0,-5.0,327.0,-534763491.0,18.0,15.0,115.0,43.0,45.0,-41.0
121,70424.0,47959.0,44213.0,46377.0,37343.0,70423.0,3.568328619003296,,,,,,,,,3.7078049182891846,-0.004,-0.004,0.382,0.043,-0.009,0.087,,,,,,,,,70421.0,-25.0,-5.0,328.0,-534763492.0,20.0,15.0,109.0,106.0,53.0,-46.0
122,70434.0,48847.0,44855.0,45669.0,36997.0,70433.0,3.568328619003296,,,,,,,,,3.7209789752960205,-0.003,-0.003,0.383,0.042,-0.009,0.087,,,,,,,,,70431.0,-26.0,-5.0,329.0,-534763492.0,20.0,16.0,104.0,167.0,68.0,-51.0
123,70444.0,49522.0,46000.0,45092.0,36130.0,70443.0,3.568328619003296,,,,,,,,,3.7343850135803223,-0.003,-0.003,0.385,0.041,-0.009,0.093,,,,,,,,,70441.0,-26.0,-5.0,330.0,-535813092.0,22.0,17.0,99.0,163.0,71.0,-54.0
124,70454.0,47928.0,45162.0,47188.0,37362.0,70453.0,3.568328619003296,,,,,,,,,3.7470266819000244,-0.002,-0.002,0.386,0.039,-0.006,0.09,,,,,,,,,70451.0,-26.0,-5.0,330.0,-536861668.0,23.0,17.0,91.0,196.0,70.0,-47.0
125,70464.0,47998.0,44884.0,47202.0,37800.0,70463.0,3.568328619003296,,,,,,,,,3.7601876258850098,-0.002,-0.002,0.387,0.038,-0.006,0.088,,,,,,,,,70461.0,-26.0,-5.0,331.0,-1073732580.0,26.0,17.0,88.0,178.0,84.0,-51.0
126,70474.0,47821.0,44749.0,47357.0,38069.0,70473.0,3.568328619003296,,,,,,,,,3.772819995880127,-0.003,-0.003,0.388,0.034,-0.007,0.086,,,,,,,,,70471.0,-26.0,-4.0,332.0,-1072684005.0,27.0,18.0,87.0,151.0,68.0,-53.0
127,70484.0,48148.0,44600.0,47114.0,38374.0,70483.0,3.5630500316619873,,,,,,,,,3.7863359451293945,-0.002,-0.002,0.389,0.032,-0.007,0.078,,,,,,,,,70481.0,-25.0,-4.0,333.0,-1072685029.0,30.0,18.0,84.0,88.0,60.0,-47.0
128,70494.0,47886.0,43714.0,47962.0,39470.0,70493.0,3.5630500316619873,,,,,,,,,3.799443006515503,-0.003,-0.003,0.39,0.029,-0.009,0.075,,,,,,,,,70491.0,-26.0,-3.0,333.0,-1071636453.0,31.0,20.0,77.0,36.0,57.0,-37.0
129,70504.0,47925.0,44581.0,48125.0,38841.0,70503.0,3.5630500316619873,,,,,,,,,3.812366247177124,-0.002,-0.002,0.391,0.028,-0.009,0.071,,,,,,,,,70501.0,-25.0,-2.0,334.0,-1071636453.0,33.0,20.0,73.0,-31.0,43.0,-48.0
130,70514.0,47750.0,43182.0,48574.0,40446.0,70513.0,3.5630500316619873,,,,,,,,,3.8246641159057617,-0.002,-0.002,0.393,0.027,-0.009,0.074,,,,,,,,,70511.0,-25.0,-2.0,335.0,-1071636453.0,35.0,19.0,68.0,-25.0,20.0,-43.0
131,70524.0,47869.0,44165.0,48789.0,39605.0,70523.0,3.5577714443206787,,,,,,,,,3.8377151489257812,0.0,0.0,0.394,0.029,-0.007,0.07,,,,,,,,,70521.0,-25.0,-2.0,335.0,-1071636453.0,37.0,19.0,63.0,-58.0,20.0,-38.0
132,70534.0,47778.0,44190.0,49078.0,39650.0,70533.0,3.5577714443206787,,,,,,,,,3.851654052734375,0.0,0.0,0.395,0.028,-0.008,0.067,,,,,,,,,70531.0,-27.0,-2.0,336.0,-1071637478.0,31.0,19.0,61.0,-52.0,51.0,-38.0
133,70544.0,48244.0,44796.0,49092.0,39052.0,70543.0,3.5577714443206787,,,,,,,,,3.864454746246338,0.0,0.0,0.394,0.027,-0.008,0.059,,,,,,,,,70541.0,-27.0,-1.0,336.0,-1071637478.0,32.0,20.0,57.0,-19.0,50.0,-33.0
134,70554.0,48430.0,44832.0,48852.0,39118.0,70553.0,3.5577714443206787,,,,,,,,,3.8771214485168457,0.001,0.001,0.395,0.025,-0.006,0.057,,,,,,,,,70551.0,-27.0,-1.0,337.0,-1072686054.0,34.0,19.0,57.0,-1.0,64.0,-36.0
135,70564.0,48181.0,45113.0,49223.0,38703.0,70563.0,3.55249285697937,,,,,,,,,3.8904120922088623,0.001,0.001,0.396,0.023,-0.006,0.055,,,,,,,,,70561.0,-26.0,-1.0,337.0,-1072686054.0,37.0,18.0,57.0,24.0,78.0,-29.0
136,70574.0,48871.0,45073.0,48651.0,38509.0,70573.0,3.55249285697937,,,,,,,,,3.904048442840576,0.001,0.001,0.397,0.022,-0.006,0.054,,,,,,,,,70571.0,-26.0,-1.0,338.0,-1072687078.0,38.0,18.0,59.0,62.0,70.0,-20.0
137,70584.0,49526.0,45150.0,47572.0,38012.0,70583.0,3.55249285697937,,,,,,,,,3.916613817214966,0.001,0.001,0.397,0.02,-0.004,0.046,,,,,,,,,70581.0,-27.0,-1.0,340.0,-1071638502.0,36.0,17.0,65.0,80.0,67.0,-22.0
138,70594.0,49120.0,45108.0,47998.0,38002.0,70593.0,3.55249285697937,,,,,,,,,3.93068528175354,0.001,0.001,0.397,0.019,-0.004,0.045,,,,,,,,,70591.0,-26.0,-1.0,340.0,-1071638502.0,38.0,16.0,66.0,97.0,55.0,-23.0
139,70604.0,48922.0,44400.0,48316.0,38494.0,70603.0,3.5577714443206787,,,,,,,,,3.9435153007507324,0.001,0.001,0.398,0.018,-0.004,0.043,,,,,,,,,70601.0,-26.0,0.0,341.0,-1071639526.0,40.0,17.0,67.0,104.0,47.0,-18.0
140,70614.0,49012.0,44614.0,48134.0,38340.0,70613.0,3.5577714443206787,,,,,,,,,3.956040382385254,0.001,0.001,0.399,0.017,-0.005,0.044,,,,,,,,,70611.0,-26.0,0.0,342.0,-1070590950.0,42.0,17.0,67.0,82.0,24.0,-25.0
141,70624.0,49177.0,44531.0,47919.0,38325.0,70623.0,3.5577714443206787,,,,,,,,,3.968510150909424,0.002,0.002,0.4,0.015,-0.005,0.042,,,,,,,,,70621.0,-25.0,0.0,342.0,-1070590951.0,43.0,16.0,68.0,44.0,36.0,-16.0
142,70634.0,48173.0,44789.0,48815.0,37867.0,70633.0,3.5630500316619873,,,,,,,,,3.98209810256958,0.002,0.002,0.4,0.014,-0.005,0.042,,,,,,,,,70631.0,-27.0,1.0,343.0,-1070590951.0,38.0,18.0,71.0,30.0,29.0,-19.0
143,70644.0,48219.0,43775.0,48695.0,38699.0,70643.0,3.5577714443206787,,,,,,,,,3.995194435119629,0.003,0.003,0.4,0.015,-0.004,0.041,,,,,,,,,70641.0,-27.0,1.0,344.0,-1070590951.0,39.0,17.0,74.0,23.0,39.0,-19.0
144,70654.0,48207.0,43309.0,48667.0,38973.0,70653.0,3.5630500316619873,,,,,,,,,4.0074732303619385,0.003,0.003,0.401,0.011,-0.004,0.039,,,,,,,,,70651.0,-26.0,1.0,345.0,-1070590951.0,42.0,15.0,76.0,3.0,26.0,-16.0
145,70664.0,48699.0,43371.0,48061.0,38765.0,70663.0,3.5630500316619873,,,,,,,,,4.020708799362183,0.003,0.003,0.401,0.01,-0.004,0.038,,,,,,,,,70661.0,-26.0,1.0,345.0,-1070591975.0,43.0,15.0,78.0,-16.0,23.0,-15.0
146,70674.0,48395.0,43465.0,48143.0,38629.0,70673.0,3.5630500316619873,,,,,,,,,4.033536672592163,0.003,0.003,0.402,0.009,-0.004,0.037,,,,,,,,,70671.0,-25.0,1.0,346.0,-1070591975.0,44.0,14.0,80.0,-32.0,39.0,-25.0
147,70684.0,47600.0,43720.0,48912.0,38264.0,70683.0,3.5630500316619873,,,,,,,,,4.046814680099487,0.004,0.004,0.404,0.008,-0.003,0.046,,,,,,,,,70681.0,-25.0,1.0,347.0,-1070591975.0,46.0,14.0,81.0,-5.0,33.0,-12.0
148,70694.0,47937.0,43635.0,48295.0,38513.0,70693.0,3.5630500316619873,,,,,,,,,4.060032606124878,0.004,0.004,0.405,0.008,-0.005,0.045,,,,,,,,,70691.0,-24.0,2.0,348.0,-1070591975.0,48.0,13.0,82.0,-18.0,34.0,-26.0
149,70704.0,48193.0,43281.0,47919.0,38819.0,70703.0,3.5630500316619873,,,,,,,,,4.073010683059692,0.004,0.004,0.405,0.008,-0.005,0.046,,,,,,,,,70701.0,-23.0,2.0,349.0,-1070591975.0,49.0,12.0,83.0,-11.0,48.0,-20.0
150,70714.0,48367.0,43741.0,48059.0,38801.0,70713.0,3.5630500316619873,,,,,,,,,4.086188554763794,0.003,0.003,0.407,0.003,-0.002,0.05,,,,,,,,,70711.0,-21.0,4.0,348.0,-1070591975.0,55.0,16.0,77.0,-1.0,63.0,-25.0
151,70724.0,47770.0,43396.0,48390.0,39200.0,70723.0,3.5630500316619873,,,,,,,,,4.10024619102478,0.004,0.004,0.407,0.004,-0.002,0.052,,,,,,,,,70721.0,-20.0,4.0,349.0,-1070591975.0,56.0,15.0,79.0,7.0,54.0,-36.0
152,70734.0,47906.0,44076.0,48106.0,38508.0,70733.0,3.5630500316619873,,,,,,,,,4.114067554473877,0.004,0.004,0.408,0.003,-0.002,0.052,,,,,,,,,70731.0,-20.0,4.0,350.0,-1070591975.0,57.0,14.0,80.0,21.0,74.0,-33.0
153,70744.0,47813.0,44441.0,48385.0,37877.0,70743.0,3.5630500316619873,,,,,,,,,4.127218008041382,0.005,0.005,0.409,0.003,-0.001,0.052,,,,,,,,,70741.0,-19.0,4.0,351.0,-1070593000.0,58.0,14.0,80.0,33.0,88.0,-24.0
154,70754.0,47749.0,44471.0,48373.0,37619.0,70753.0,3.5630500316619873,,,,,,,,,4.141037702560425,0.005,0.005,0.409,0.002,-0.002,0.051,,,,,,,,,70751.0,-21.0,2.0,352.0,-1070593000.0,53.0,8.0,83.0,46.0,95.0,-26.0
155,70764.0,47900.0,44710.0,48218.0,37696.0,70763.0,3.5630500316619873,,,,,,,,,4.154275178909302,0.005,0.005,0.41,0.001,-0.002,0.05,,,,,,,,,70761.0,-21.0,3.0,352.0,-1070593000.0,53.0,8.0,81.0,45.0,88.0,-29.0
156,70774.0,48867.0,45077.0,47099.0,37457.0,70773.0,3.5630500316619873,,,,,,,,,4.167155981063843,0.005,0.005,0.41,0.0,-0.002,0.046,,,,,,,,,70771.0,-20.0,3.0,352.0,-1070594024.0,54.0,7.0,81.0,44.0,89.0,-31.0
157,70784.0,48798.0,44484.0,47420.0,37878.0,70783.0,3.5630500316619873,,,,,,,,,4.180455684661865,0.004,0.004,0.41,-0.001,-0.002,0.046,,,,,,,,,70781.0,-21.0,3.0,353.0,-1069545448.0,52.0,7.0,79.0,52.0,48.0,-21.0
158,70794.0,48382.0,44506.0,47914.0,37870.0,70793.0,3.5630500316619873,,,,,,,,,4.193358898162842,0.004,0.004,0.411,-0.003,-0.002,0.047,,,,,,,,,70791.0,-20.0,3.0,354.0,-1069546472.0,53.0,6.0,78.0,29.0,42.0,-26.0
159,70804.0,49053.0,43927.0,47367.0,38625.0,70803.0,3.5630500316619873,,,,,,,,,4.206090450286865,0.004,0.004,0.411,-0.002,-0.003,0.048,,,,,,,,,70801.0,-20.0,3.0,355.0,-1069546472.0,52.0,4.0,75.0,0.0,37.0,-27.0
160,70814.0,48710.0,43924.0,47572.0,38798.0,70813.0,3.5630500316619873,,,,,,,,,4.219029426574707,0.004,0.004,0.411,-0.004,-0.002,0.043,,,,,,,,,70811.0,-20.0,3.0,355.0,-1069546472.0,52.0,3.0,74.0,-2.0,5.0,-32.0
161,70824.0,47796.0,43372.0,48400.0,39360.0,70823.0,3.5630500316619873,,,,,,,,,4.232679605484009,0.004,0.004,0.411,-0.004,-0.003,0.041,,,,,,,,,70821.0,-19.0,3.0,356.0,-1069546472.0,53.0,2.0,74.0,-27.0,0.0,-34.0
162,70834.0,48600.0,43470.0,47544.0,39354.0,70833.0,3.5630500316619873,,,,,,,,,4.245316743850708,0.004,0.004,0.412,-0.004,-0.002,0.042,,,,,,,,,70831.0,-19.0,3.0,357.0,-1069546472.0,53.0,1.0,74.0,-62.0,13.0,-35.0
163,70844.0,47428.0,43598.0,48634.0,39072.0,70843.0,3.5630500316619873,,,,,,,,,4.257960081100464,0.004,0.004,0.413,-0.005,-0.003,0.043,,,,,,,,,70841.0,-19.0,5.0,358.0,-1069546473.0,51.0,4.0,75.0,-57.0,12.0,-30.0
164,70854.0,47587.0,43977.0,48361.0,38847.0,70853.0,3.5630500316619873,,,,,,,,,4.271969795227051,0.004,0.004,0.413,-0.006,-0.003,0.041,,,,,,,,,70851.0,-19.0,5.0,359.0,-1070595049.0,51.0,3.0,74.0,-69.0,31.0,-33.0
165,70864.0,47701.0,44153.0,48273.0,38625.0,70863.0,3.5577714443206787,,,,,,,,,4.285080432891846,0.004,0.004,0.414,-0.006,-0.003,0.039,,,,,,,,,70861.0,-18.0,5.0,359.0,-1070595049.0,53.0,1.0,74.0,-44.0,39.0,-33.0
166,70874.0,47252.0,44466.0,48454.0,38556.0,70873.0,3.5577714443206787,,,,,,,,,4.297788143157959,0.004,0.004,0.414,-0.005,-0.007,0.032,,,,,,,,,70871.0,-17.0,5.0,360.0,-1070595049.0,53.0,1.0,74.0,-38.0,50.0,-39.0
167,70884.0,47576.0,44804.0,48070.0,38326.0,70883.0,3.5577714443206787,,,,,,,,,4.3115880489349365,0.004,0.004,0.414,-0.006,-0.007,0.029,,,,,,,,,70881.0,-17.0,5.0,361.0,-1070595049.0,53.0,0.0,73.0,-17.0,61.0,-38.0
168,70894.0,48115.0,44373.0,47603.0,38521.0,70893.0,3.5577714443206787,,,,,,,,,4.325786352157593,0.004,0.004,0.415,-0.006,-0.007,0.022,,,,,,,,,70891.0,-15.0,5.0,362.0,-1070596073.0,56.0,0.0,73.0,0.0,80.0,-37.0
169,70904.0,47895.0,44545.0,48011.0,38225.0,70903.0,3.5577714443206787,,,,,,,,,4.339587450027466,0.004,0.004,0.415,-0.007,-0.007,0.02,,,,,,,,,70901.0,-15.0,5.0,363.0,-1070596073.0,56.0,0.0,72.0,8.0,80.0,-34.0
170,70914.0,47479.0,44569.0,48471.0,38221.0,70913.0,3.5577714443206787,,,,,,,,,4.353663682937622,0.004,0.004,0.416,-0.007,-0.007,0.021,,,,,,,,,70911.0,-14.0,5.0,363.0,-1070071785.0,56.0,-1.0,71.0,11.0,65.0,-27.0
171,70924.0,48296.0,44706.0,47634.0,38216.0,70923.0,3.5630500316619873,,,,,,,,,4.3669257164001465,0.004,0.004,0.416,-0.008,-0.007,0.02,,,,,,,,,70921.0,-13.0,5.0,364.0,-1070071786.0,56.0,-1.0,70.0,17.0,61.0,-36.0
172,70934.0,48334.0,44402.0,47646.0,38578.0,70933.0,3.5577714443206787,,,,,,,,,4.380703687667847,0.008,0.008,0.417,0.001,-0.008,0.02,,,,,,,,,70931.0,-14.0,5.0,365.0,-1070070762.0,54.0,-2.0,68.0,14.0,58.0,-32.0
173,70944.0,48027.0,44799.0,47995.0,38227.0,70943.0,3.5577714443206787,,,,,,,,,4.3939056396484375,0.008,0.008,0.417,0.0,-0.008,0.021,,,,,,,,,70941.0,-13.0,5.0,365.0,-1070070762.0,54.0,-3.0,67.0,-21.0,52.0,-31.0
174,70954.0,47109.0,44641.0,49031.0,38263.0,70953.0,3.5577714443206787,,,,,,,,,4.406949043273926,0.009,0.009,0.417,0.0,-0.007,0.022,,,,,,,,,70951.0,-12.0,5.0,366.0,-1070070762.0,54.0,-3.0,67.0,-33.0,47.0,-30.0
175,70964.0,47838.0,44084.0,48348.0,38718.0,70963.0,3.5577714443206787,,,,,,,,,4.42067289352417,0.009,0.009,0.417,0.0,-0.006,0.023,,,,,,,,,70961.0,-12.0,4.0,367.0,-1070070762.0,53.0,-5.0,67.0,-31.0,56.0,-27.0
176,70974.0,47409.0,44261.0,48939.0,38371.0,70973.0,3.5577714443206787,,,,,,,,,4.433833599090576,0.008,0.008,0.418,0.0,-0.007,0.025,,,,,,,,,70971.0,-12.0,5.0,367.0,-1070069738.0,52.0,-4.0,67.0,-51.0,60.0,-22.0
177,70984.0,47200.0,44136.0,48682.0,38134.0,70983.0,3.5577714443206787,,,,,,,,,4.4468934535980225,0.008,0.008,0.418,0.0,-0.006,0.024,,,,,,,,,70981.0,-11.0,5.0,369.0,-1071118314.0,52.0,-5.0,72.0,-69.0,60.0,-22.0
178,70994.0,46676.0,43748.0,49064.0,38624.0,70993.0,3.5577714443206787,,,,,,,,,4.459653615951538,0.009,0.009,0.419,0.0,-0.005,0.026,,,,,,,,,70991.0,-12.0,5.0,370.0,-1071118314.0,48.0,-6.0,72.0,-72.0,70.0,-28.0
179,71004.0,46673.0,43921.0,48803.0,38523.0,71003.0,3.5577714443206787,,,,,,,,,4.473215818405151,0.009,0.009,0.419,0.0,-0.004,0.026,,,,,,,,,71001.0,-12.0,4.0,371.0,-1071118314.0,47.0,-7.0,73.0,-85.0,65.0,-35.0
180,71014.0,47072.0,44152.0,48234.0,38458.0,71013.0,3.5577714443206787,,,,,,,,,4.486278295516968,0.008,0.008,0.421,-0.003,-0.001,0.032,,,,,,,,,71011.0,-11.0,4.0,372.0,-1071117290.0,47.0,-7.0,73.0,-72.0,47.0,-38.0
181,71024.0,46919.0,43925.0,48463.0,38473.0,71023.0,3.5577714443206787,,,,,,,,,4.499785661697388,0.008,0.008,0.421,-0.003,-0.001,0.03,,,,,,,,,71021.0,-10.0,5.0,372.0,-1072165867.0,48.0,-7.0,73.0,-64.0,48.0,-27.0
182,71034.0,48266.0,44408.0,46880.0,38154.0,71033.0,3.5577714443206787,,,,,,,,,4.513308525085449,0.008,0.008,0.422,-0.004,-0.001,0.026,,,,,,,,,71031.0,-10.0,5.0,373.0,-1072165867.0,47.0,-8.0,73.0,-35.0,36.0,-35.0
183,71044.0,47534.0,43808.0,47866.0,38476.0,71043.0,3.5577714443206787,,,,,,,,,4.525849103927612,0.008,0.008,0.419,-0.004,-0.001,0.004,,,,,,,,,71041.0,-10.0,3.0,374.0,-1072165867.0,44.0,-12.0,73.0,-35.0,4.0,-29.0
184,71054.0,48023.0,43843.0,47451.0,38283.0,71053.0,3.5577714443206787,,,,,,,,,4.539730787277222,0.008,0.008,0.419,-0.004,-0.001,0.0,,,,,,,,,71051.0,-10.0,3.0,375.0,-1072165867.0,43.0,-12.0,73.0,-29.0,-1.0,-26.0
185,71064.0,47509.0,43079.0,47385.0,38727.0,71063.0,3.5577714443206787,,,,,,,,,4.5526063442230225,0.008,0.008,0.419,-0.005,0.0,-0.003,,,,,,,,,71061.0,-9.0,3.0,376.0,-1072165867.0,42.0,-11.0,80.0,-24.0,-11.0,-29.0
186,71074.0,47756.0,43236.0,46608.0,38852.0,71073.0,3.5630500316619873,,,,,,,,,4.566016435623169,0.008,0.008,0.417,-0.005,0.0,-0.014,,,,,,,,,71071.0,-8.0,3.0,377.0,-1072165867.0,43.0,-11.0,81.0,-39.0,-35.0,-43.0
187,71084.0,47943.0,43855.0,46571.0,37883.0,71083.0,3.5630500316619873,,,,,,,,,4.57908821105957,0.011,0.011,0.417,0.001,0.001,-0.016,,,,,,,,,71081.0,-8.0,3.0,378.0,-1072165867.0,42.0,-12.0,82.0,-47.0,-37.0,-30.0
188,71094.0,48307.0,43693.0,46377.0,37639.0,71093.0,3.5630500316619873,,,,,,,,,4.591914653778076,0.011,0.011,0.417,0.0,0.001,-0.019,,,,,,,,,71091.0,-7.0,3.0,379.0,-1073214443.0,41.0,-12.0,84.0,-1.0,-29.0,-23.0
189,71104.0,48067.0,44055.0,46379.0,37359.0,71103.0,3.5630500316619873,,,,,,,,,4.604525566101074,0.01,0.01,0.417,0.0,0.001,-0.022,,,,,,,,,71101.0,-7.0,3.0,379.0,-1073214444.0,40.0,-12.0,84.0,-9.0,-14.0,-28.0
190,71114.0,46892.0,43250.0,47516.0,38126.0,71113.0,3.568328619003296,,,,,,,,,4.616768836975098,0.01,0.01,0.417,-0.001,0.002,-0.022,,,,,,,,,71111.0,-5.0,3.0,380.0,-1073214444.0,42.0,-10.0,85.0,-30.0,3.0,-26.0
191,71124.0,46888.0,42634.0,47168.0,38774.0,71123.0,3.568328619003296,,,,,,,,,4.629806756973267,0.01,0.01,0.417,-0.001,0.002,-0.022,,,,,,,,,71121.0,-5.0,3.0,381.0,-1073214444.0,41.0,-10.0,87.0,-38.0,16.0,-33.0
192,71134.0,46867.0,43449.0,47057.0,37983.0,71133.0,3.568328619003296,,,,,,,,,4.642768621444702,0.01,0.01,0.417,-0.001,0.002,-0.022,,,,,,,,,71131.0,-4.0,4.0,382.0,-1073214444.0,43.0,-9.0,87.0,-36.0,26.0,-37.0
193,71144.0,46456.0,44040.0,47658.0,37090.0,71143.0,3.568328619003296,,,,,,,,,4.655465126037598,0.01,0.01,0.417,-0.002,0.005,-0.02,,,,,,,,,71141.0,-3.0,4.0,383.0,-536343532.0,42.0,-9.0,87.0,-33.0,40.0,-23.0
194,71154.0,46339.0,42919.0,47211.0,37847.0,71153.0,3.568328619003296,,,,,,,,,4.667793273925781,0.009,0.009,0.416,-0.004,0.005,-0.022,,,,,,,,,71151.0,-3.0,4.0,385.0,-536343532.0,41.0,-9.0,93.0,-17.0,57.0,-32.0
195,71164.0,46082.0,43744.0,47148.0,37318.0,71163.0,3.568328619003296,,,,,,,,,4.681111097335815,0.009,0.009,0.416,-0.004,0.005,-0.022,,,,,,,,,71161.0,-2.0,5.0,386.0,-536343532.0,40.0,-6.0,91.0,0.0,60.0,-41.0
196,71174.0,46599.0,44205.0,46581.0,36887.0,71173.0,3.568328619003296,,,,,,,,,4.6940178871154785,0.009,0.009,0.416,-0.005,0.006,-0.021,,,,,,,,,71171.0,-2.0,5.0,386.0,-536343532.0,39.0,-6.0,90.0,22.0,63.0,-39.0
197,71184.0,46564.0,44358.0,46528.0,36938.0,71183.0,3.5736072063446045,,,,,,,,,4.7072272300720215,0.009,0.009,0.416,-0.006,0.003,-0.018,,,,,,,,,71181.0,-2.0,5.0,387.0,-536343532.0,38.0,-6.0,88.0,35.0,60.0,-44.0
198,71194.0,46122.0,43826.0,46956.0,37576.0,71193.0,3.5736072063446045,,,,,,,,,4.721136808395386,0.01,0.01,0.416,-0.005,0.006,-0.016,,,,,,,,,71191.0,-3.0,4.0,388.0,-536342509.0,34.0,-7.0,86.0,19.0,78.0,-46.0
199,71204.0,46677.0,43717.0,46727.0,37863.0,71203.0,3.5736072063446045,,,,,,,,,4.734819650650024,0.01,0.01,0.415,-0.006,0.007,-0.016,,,,,,,,,71201.0,-3.0,4.0,388.0,-536342509.0,33.0,-7.0,81.0,15.0,67.0,-42.0
200,71214.0,46247.0,43555.0,47167.0,38203.0,71213.0,3.568328619003296,,,,,,,,,4.747699975967407,0.009,0.009,0.416,-0.007,0.007,-0.009,,,,,,,,,71211.0,-2.0,4.0,389.0,-536342509.0,32.0,-7.0,78.0,21.0,39.0,-45.0
201,71224.0,46680.0,43416.0,46848.0,38436.0,71223.0,3.568328619003296,,,,,,,,,4.761156320571899,0.009,0.009,0.416,-0.008,0.008,-0.007,,,,,,,,,71221.0,-3.0,3.0,390.0,-1073212397.0,29.0,-9.0,75.0,10.0,2.0,-42.0
202,71234.0,47549.0,43793.0,45953.0,38353.0,71233.0,3.568328619003296,,,,,,,,,4.7748565673828125,0.009,0.009,0.416,-0.008,0.008,-0.004,,,,,,,,,71231.0,-2.0,3.0,391.0,-1073212397.0,28.0,-9.0,71.0,-4.0,-2.0,-47.0
203,71244.0,46667.0,43935.0,46579.0,37879.0,71243.0,3.5630500316619873,,,,,,,,,4.787684917449951,0.008,0.008,0.417,-0.011,0.003,0.001,,,,,,,,,71241.0,-2.0,3.0,393.0,-1073212397.0,27.0,-9.0,74.0,-15.0,-45.0,-40.0
204,71254.0,47290.0,42650.0,45954.0,39294.0,71253.0,3.5630500316619873,,,,,,,,,4.80124044418335,0.008,0.008,0.417,-0.011,0.003,0.001,,,,,,,,,71251.0,0.0,3.0,393.0,-1073213422.0,31.0,-8.0,72.0,-21.0,-66.0,-48.0
205,71264.0,46858.0,42954.0,46494.0,39018.0,71263.0,3.5630500316619873,,,,,,,,,4.814388990402222,0.008,0.008,0.417,-0.012,0.003,0.003,,,,,,,,,71261.0,0.0,3.0,394.0,-536342510.0,29.0,-7.0,70.0,-62.0,-61.0,-40.0
206,71274.0,47398.0,43620.0,46108.0,38366.0,71273.0,3.5630500316619873,,,,,,,,,4.828119516372681,0.008,0.008,0.416,-0.013,0.003,0.005,,,,,,,,,71271.0,0.0,3.0,395.0,-536342510.0,28.0,-8.0,67.0,-47.0,-50.0,-39.0
207,71284.0,48148.0,43516.0,45804.0,38988.0,71283.0,3.5630500316619873,,,,,,,,,4.842544317245483,0.008,0.008,0.416,-0.013,0.003,0.008,,,,,,,,,71281.0,0.0,3.0,394.0,-536342510.0,27.0,-8.0,59.0,-20.0,-40.0,-38.0
208,71294.0,47075.0,43583.0,47247.0,38591.0,71293.0,3.5630500316619873,,,,,,,,,4.855176210403442,0.008,0.008,0.416,-0.014,0.003,0.01,,,,,,,,,71291.0,0.0,3.0,395.0,-536342510.0,26.0,-8.0,58.0,-2.0,-26.0,-28.0
209,71304.0,47690.0,43898.0,46744.0,38180.0,71303.0,3.5577714443206787,,,,,,,,,4.867635250091553,0.013,0.013,0.418,0.0,-0.003,0.018,,,,,,,,,71301.0,1.0,4.0,395.0,-535294958.0,25.0,-6.0,57.0,-11.0,15.0,-29.0
210,71314.0,46971.0,44421.0,47475.0,37757.0,71313.0,3.5577714443206787,,,,,,,,,4.8809027671813965,0.013,0.013,0.418,-0.001,-0.003,0.02,,,,,,,,,71311.0,1.0,4.0,396.0,-535294958.0,23.0,-6.0,55.0,16.0,23.0,-29.0
211,71324.0,48092.0,44822.0,46294.0,37488.0,71323.0,3.5577714443206787,,,,,,,,,4.894469261169434,0.013,0.013,0.418,-0.001,-0.003,0.02,,,,,,,,,71321.0,1.0,3.0,397.0,-535294958.0,22.0,-6.0,54.0,32.0,1.0,-30.0
212,71334.0,46642.0,44538.0,47904.0,38288.0,71333.0,3.5577714443206787,,,,,,,,,4.907131671905518,0.013,0.013,0.419,-0.001,-0.003,0.025,,,,,,,,,71331.0,1.0,3.0,396.0,-535293935.0,21.0,-5.0,48.0,18.0,24.0,-35.0
213,71344.0,46415.0,45123.0,48221.0,37829.0,71343.0,3.5577714443206787,,,,,,,,,4.920655012130737,0.013,0.013,0.419,-0.001,-0.003,0.027,,,,,,,,,71341.0,1.0,4.0,397.0,-536342511.0,20.0,-4.0,46.0,9.0,48.0,-36.0
214,71354.0,47110.0,45488.0,47636.0,37438.0,71353.0,3.5577714443206787,,,,,,,,,4.933871269226074,0.008,0.008,0.42,-0.015,0.0,0.031,,,,,,,,,71351.0,1.0,4.0,397.0,-536342511.0,19.0,-4.0,45.0,42.0,33.0,-34.0
215,71364.0,47337.0,45379.0,47523.0,37529.0,71363.0,3.55249285697937,,,,,,,,,4.948646783828735,0.008,0.008,0.421,-0.014,0.001,0.035,,,,,,,,,71361.0,1.0,4.0,398.0,-536342511.0,18.0,-4.0,43.0,1.0,32.0,-29.0
216,71374.0,46385.0,44537.0,48233.0,38433.0,71373.0,3.55249285697937,,,,,,,,,4.96209716796875,0.008,0.008,0.421,-0.014,0.001,0.037,,,,,,,,,71371.0,1.0,3.0,399.0,-536342511.0,17.0,-5.0,44.0,17.0,23.0,-40.0
217,71384.0,47425.0,44585.0,47285.0,38465.0,71383.0,3.5577714443206787,,,,,,,,,4.974811315536499,0.007,0.007,0.421,-0.017,0.001,0.037,,,,,,,,,71381.0,2.0,3.0,399.0,-536342511.0,16.0,-5.0,42.0,43.0,22.0,-34.0
218,71394.0,47914.0,44276.0,46990.0,38596.0,71393.0,3.55249285697937,,,,,,,,,4.987673997879028,0.007,0.007,0.422,-0.017,0.002,0.037,,,,,,,,,71391.0,2.0,3.0,400.0,-536342511.0,15.0,-5.0,42.0,22.0,4.0,-32.0
219,71404.0,47991.0,44267.0,46823.0,38647.0,71403.0,3.5577714443206787,,,,,,,,,5.001166820526123,0.00015557607014973958,0.0,0.4,0.13333333333333333,0.0,0.0,,,,,,,,,71401.0,2.0,3.0,400.0,-536342511.0,14.0,-5.0,42.0,18.0,-11.0,-32.0
220,71414.0,48034.0,43580.0,46960.0,39178.0,71413.0,3.55249285697937,,,,,,,,,5.090978384017944,0.012130451202392579,0.0,0.4,0.13333333333333333,0.0,0.0,,,,,,,,,71411.0,3.0,3.0,400.0,-536342512.0,15.0,-4.0,41.0,-1.0,-17.0,-20.0
221,71424.0,47900.0,43642.0,47270.0,39116.0,71423.0,3.5577714443206787,,,,,,,,,5.115402460098267,0.01538699467976888,0.0,0.4,0.13333333333333333,0.0,0.0,,,,,,,,,71421.0,3.0,3.0,401.0,-1073213424.0,14.0,-4.0,40.0,6.0,-44.0,-23.0
222,71434.0,47904.0,44258.0,47176.0,38610.0,71433.0,3.5577714443206787,,,,,,,,,5.133779525756836,0.01783727010091146,0.0,0.4,0.13333333333333333,0.0,0.0,,,,,,,,,71431.0,3.0,3.0,401.0,-536342512.0,11.0,-4.0,39.0,5.0,-52.0,-27.0
223,71444.0,48817.0,44241.0,46447.0,38543.0,71443.0,3.55249285697937,,,,,,,,,5.151340007781982,0.02017866770426432,0.0,0.4,0.13333333333333333,0.0,0.0,,,,,,,,,71441.0,3.0,3.0,401.0,-536342512.0,10.0,-4.0,38.0,14.0,-49.0,-25.0
224,71454.0,48664.0,44564.0,46922.0,37958.0,71453.0,3.5577714443206787,,,,,,,,,5.175598859786987,0.02341318130493164,0.0,0.4,0.13333333333333333,0.0,0.0,,,,,,,,,71451.0,3.0,3.0,402.0,-536342512.0,9.0,-4.0,37.0,-12.0,-41.0,-12.0
225,71464.0,48282.0,44320.0,46712.0,37498.0,71463.0,3.55249285697937,,,,,,,,,5.199100017547607,0.026546669006347657,0.0,0.4,0.13333333333333333,0.0,0.0,,,,,,,,,71461.0,5.0,4.0,404.0,-536343536.0,12.0,-3.0,47.0,-19.0,-39.0,-11.0
226,71474.0,47320.0,44066.0,47682.0,37768.0,71473.0,3.55249285697937,,,,,,,,,5.215233564376831,0.028697808583577473,0.0,0.4,0.13333333333333333,0.0,0.0,,,,,,,,,71471.0,4.0,4.0,404.0,-536343536.0,8.0,-3.0,46.0,-39.0,-13.0,-11.0
227,71484.0,47103.0,43567.0,48033.0,38137.0,71483.0,3.5577714443206787,,,,,,,,,5.232050657272339,0.03094008763631185,0.0,0.4,0.13333333333333333,0.0,0.0,,,,,,,,,71481.0,4.0,3.0,405.0,-536343536.0,8.0,-5.0,45.0,7.0,-28.0,-4.0
228,71494.0,47588.0,43822.0,47448.0,37910.0,71493.0,3.5577714443206787,,,,,,,,,5.246793985366821,0.032905864715576175,0.0,0.4,0.13333333333333333,0.0,0.0,,,,,,,,,71491.0,4.0,3.0,405.0,-536343536.0,8.0,-5.0,46.0,0.0,-23.0,-12.0
229,71504.0,47131.0,43369.0,47685.0,38055.0,71503.0,3.5577714443206787,,,,,,,,,5.262918710708618,0.03505582809448242,0.0,0.4,0.13333333333333333,0.0,0.0,,,,,,,,,71501.0,4.0,3.0,406.0,-536343536.0,7.0,-5.0,49.0,24.0,-19.0,-10.0
230,71514.0,46875.0,43423.0,47977.0,37817.0,71513.0,3.5577714443206787,,,,,,,,,5.279011011123657,0.03720146814982096,0.0,0.4,0.13333333333333333,0.0,0.0,,,,,,,,,71511.0,3.0,4.0,407.0,-536343536.0,3.0,-2.0,50.0,10.0,13.0,-10.0
231,71524.0,47912.0,43494.0,46792.0,37690.0,71523.0,3.5577714443206787,,,,,,,,,5.294724702835083,0.039296627044677734,0.0,0.4,0.13333333333333333,0.0,0.0,,,,,,,,,71521.0,4.0,4.0,407.0,-536343536.0,4.0,-2.0,52.0,13.0,11.0,-12.0
232,71534.0,47146.0,43498.0,47448.0,37696.0,71533.0,3.5577714443206787,,,,,,,,,5.310977458953857,0.04146366119384766,0.0,0.4,0.13333333333333333,0.0,0.0,,,,,,,,,71531.0,4.0,4.0,408.0,-536343536.0,3.0,-2.0,52.0,18.0,12.0,-11.0
233,71544.0,48413.0,43041.0,46543.0,37663.0,71543.0,3.5577714443206787,,,,,,,,,5.332714557647705,0.04436194101969401,0.0,0.4,0.13333333333333333,0.0,0.0,,,,,,,,,71541.0,6.0,4.0,408.0,-536343536.0,6.0,-1.0,52.0,0.0,16.0,5.0
234,71554.0,47065.0,43053.0,47801.0,37733.0,71553.0,3.5577714443206787,,,,,,,,,5.346996545791626,0.04626620610555013,0.0,0.4,0.13333333333333333,0.0,0.0,,,,,,,,,71551.0,5.0,4.0,409.0,-536343536.0,3.0,-1.0,52.0,19.0,-16.0,-3.0
235,71564.0,47197.0,43641.0,47851.0,37023.0,71563.0,3.5577714443206787,,,,,,,,,5.36289381980896,0.04838584264119466,0.0,0.4,0.13333333333333333,0.0,0.0,,,,,,,,,71561.0,5.0,4.0,409.0,-536343536.0,2.0,-2.0,51.0,24.0,-23.0,-1.0
236,71574.0,48533.0,44361.0,46553.0,36273.0,71573.0,3.5577714443206787,,,,,,,,,5.384884357452393,0.051317914326985674,0.0,0.4,0.13333333333333333,0.0,0.0,,,,,,,,,71571.0,5.0,4.0,410.0,-536343536.0,1.0,-2.0,50.0,-6.0,-16.0,10.0
237,71584.0,47732.0,44482.0,47398.0,35968.0,71583.0,3.5577714443206787,,,,,,,,,5.410365104675293,0.05471534729003906,0.0,0.4,0.13333333333333333,0.0,0.0,,,,,,,,,71581.0,5.0,4.0,410.0,-1073214448.0,1.0,-2.0,51.0,14.0,-33.0,2.0
238,71594.0,47649.0,42915.0,47831.0,37845.0,71593.0,3.5630500316619873,,,,,,,,,5.432969331741333,0.057729244232177734,0.0,0.4,0.13333333333333333,0.0,0.0,,,,,,,,,71591.0,5.0,4.0,410.0,-1073214448.0,0.0,-2.0,46.0,33.0,-36.0,8.0
239,71604.0,48222.0,44018.0,47216.0,36720.0,71603.0,3.5630500316619873,,,,,,,,,5.454743385314941,0.06063245137532552,0.0,0.4,0.13333333333333333,0.0,0.0,,,,,,,,,71601.0,4.0,4.0,410.0,-1073214448.0,-1.0,-2.0,46.0,8.0,-29.0,17.0
240,71614.0,47007.0,43599.0,48303.0,37067.0,71613.0,3.5577714443206787,,,,,,,,,5.477051496505737,0.06360686620076497,0.0,0.4,0.13333333333333333,0.0,0.0,,,,,,,,,71611.0,4.0,4.0,411.0,-1073214448.0,-3.0,-2.0,47.0,18.0,-42.0,8.0
241,71624.0,48486.0,43548.0,46746.0,37040.0,71623.0,3.5577714443206787,,,,,,,,,5.500279188156128,0.0667038917541504,0.0,0.4,0.13333333333333333,0.0,0.0,,,,,,,,,71621.0,4.0,3.0,411.0,-1073215472.0,-2.0,-3.0,48.0,13.0,-37.0,5.0
242,71634.0,47362.0,44086.0,47876.0,36256.0,71633.0,3.5577714443206787,,,,,,,,,5.526405096054077,0.07018734614054362,0.0,0.4,0.13333333333333333,0.0,0.0,,,,,,,,,71631.0,4.0,3.0,412.0,-1073215472.0,-3.0,-3.0,50.0,12.0,-65.0,4.0
243,71644.0,49053.0,43213.0,46613.0,37665.0,71643.0,3.5630500316619873,,,,,,,,,5.574248313903809,0.07656644185384115,0.0,0.4,0.13333333333333333,0.0,0.0,,,,,,,,,71641.0,4.0,4.0,411.0,-1073215472.0,-4.0,-2.0,43.0,10.0,-37.0,-1.0
244,71654.0,47908.0,43734.0,47830.0,37132.0,71653.0,3.5577714443206787,,,,,,,,,5.596452236175537,0.07952696482340495,0.0,0.4,0.13333333333333333,0.0,0.0,,,,,,,,,71651.0,4.0,3.0,411.0,-1072166896.0,-4.0,-3.0,41.0,-3.0,-63.0,6.0
245,71664.0,48265.0,42675.0,47891.0,37689.0,71663.0,3.5577714443206787,,,,,,,,,5.619049549102783,0.08253993988037109,0.0,0.4,0.13333333333333333,0.0,0.0,,,,,,,,,71661.0,4.0,4.0,412.0,-1072166896.0,-4.0,-2.0,42.0,-17.0,-47.0,18.0
246,71674.0,48174.0,42776.0,47942.0,37608.0,71673.0,3.5577714443206787,,,,,,,,,5.640282869338989,0.08537104924519857,0.0,0.4,0.13333333333333333,0.0,0.0,,,,,,,,,71671.0,4.0,4.0,412.0,-1072166896.0,-5.0,-3.0,42.0,10.0,-45.0,14.0
247,71684.0,48485.0,43843.0,47531.0,36413.0,71683.0,3.5577714443206787,,,,,,,,,5.66234564781189,0.08831275304158528,0.0,0.4,0.13333333333333333,0.0,0.0,,,,,,,,,71681.0,4.0,4.0,413.0,-1072167920.0,-5.0,-3.0,43.0,18.0,-41.0,11.0
248,71694.0,48125.0,43439.0,47873.0,36931.0,71693.0,3.5577714443206787,,,,,,,,,5.6840033531188965,0.09120044708251954,0.0,0.4,0.13333333333333333,0.0,0.0,,,,,,,,,71691.0,4.0,4.0,413.0,-1072167920.0,-6.0,-3.0,41.0,15.0,-27.0,7.0
249,71704.0,46628.0,42746.0,49296.0,37826.0,71703.0,3.5577714443206787,,,,,,,,,5.706146001815796,0.09415280024210612,0.0,0.4,0.13333333333333333,0.0,0.0,,,,,,,,,71701.0,4.0,4.0,414.0,-1072167920.0,-6.0,-3.0,39.0,6.0,6.0,18.0
250,71714.0,48404.0,43594.0,47626.0,37036.0,71713.0,3.5577714443206787,,,,,,,,,5.72845983505249,0.0971279780069987,0.0,0.4,0.13333333333333333,0.0,0.0,,,,,,,,,71711.0,4.0,4.0,414.0,-1072167920.0,-6.0,-3.0,37.0,-28.0,5.0,13.0
251,71724.0,46738.0,43022.0,49544.0,37892.0,71723.0,3.5577714443206787,,,,,,,,,5.75106143951416,0.10014152526855469,0.0,0.4,0.13333333333333333,0.0,0.0,,,,,,,,,71721.0,4.0,2.0,414.0,-1072167920.0,-5.0,-7.0,32.0,-9.0,14.0,17.0
252,71734.0,48078.0,43998.0,48454.0,36966.0,71733.0,3.5577714443206787,,,,,,,,,5.774188280105591,0.10322510401407878,0.0,0.4,0.13333333333333333,0.0,0.0,,,,,,,,,71731.0,4.0,2.0,414.0,-1072167920.0,-6.0,-7.0,29.0,-85.0,30.0,14.0
253,71744.0,47764.0,43660.0,48834.0,37586.0,71743.0,3.5577714443206787,,,,,,,,,5.795132637023926,0.10601768493652344,0.0,0.4,0.13333333333333333,0.0,0.0,,,,,,,,,71741.0,4.0,2.0,415.0,-1073216496.0,-6.0,-7.0,26.0,-59.0,40.0,9.0
254,71754.0,47533.0,43711.0,49365.0,37575.0,71753.0,3.55249285697937,,,,,,,,,5.817629337310791,0.10901724497477214,0.0,0.4,0.13333333333333333,0.0,0.0,,,,,,,,,71751.0,4.0,2.0,415.0,-1073216496.0,-6.0,-7.0,22.0,-55.0,40.0,19.0
255,71764.0,47919.0,44211.0,49077.0,37189.0,71763.0,3.55249285697937,,,,,,,,,5.840535402297974,0.11207138697306315,0.0,0.4,0.13333333333333333,0.0,0.0,,,,,,,,,71761.0,4.0,2.0,415.0,-536345584.0,-7.0,-7.0,20.0,-63.0,33.0,12.0
256,71774.0,48326.0,43918.0,48570.0,37426.0,71773.0,3.55249285697937,,,,,,,,,5.863725662231445,0.11516342163085938,0.0,0.4,0.13333333333333333,0.0,0.0,,,,,,,,,71771.0,4.0,2.0,416.0,-536344560.0,-7.0,-7.0,21.0,-57.0,17.0,10.0
257,71784.0,47744.0,42902.0,49156.0,38526.0,71783.0,3.55249285697937,,,,,,,,,5.8868372440338135,0.11824496587117513,0.0,0.4,0.13333333333333333,0.0,0.0,,,,,,,,,71781.0,4.0,2.0,416.0,-535295984.0,-8.0,-7.0,20.0,-62.0,0.0,8.0
258,71794.0,48961.0,44191.0,48029.0,37147.0,71793.0,3.55249285697937,,,,,,,,,5.902914047241211,0.12038853963216146,0.0,0.4,0.13333333333333333,0.0,0.0,,,,,,,,,71791.0,4.0,1.0,416.0,-535295983.0,-8.0,-7.0,20.0,-61.0,-18.0,12.0
259,71804.0,48985.0,43423.0,47939.0,37933.0,71803.0,3.55249285697937,,,,,,,,,5.925220251083374,0.12336270014444987,0.0,0.4,0.13333333333333333,0.0,0.0,,,,,,,,,71801.0,8.0,1.0,417.0,-535297007.0,1.0,-8.0,20.0,-56.0,-52.0,6.0
260,71814.0,49280.0,43144.0,47504.0,38240.0,71813.0,3.55249285697937,,,,,,,,,5.947636127471924,0.12635148366292318,0.0,0.4,0.13333333333333333,0.0,0.0,,,,,,,,,71811.0,8.0,1.0,417.0,-535297007.0,0.0,-8.0,21.0,-1.0,-36.0,6.0
261,71824.0,49054.0,43454.0,47806.0,37814.0,71823.0,3.55249285697937,,,,,,,,,5.969322443008423,0.12924299240112305,0.0,0.4,0.13333333333333333,0.0,0.0,,,,,,,,,71821.0,9.0,1.0,417.0,-535297007.0,1.0,-7.0,22.0,-7.0,-45.0,6.0
262,71834.0,50096.0,43656.0,46910.0,37434.0,71833.0,3.55249285697937,,,,,,,,,5.990456819534302,0.13206090927124023,0.0,0.4,0.13333333333333333,0.0,0.0,,,,,,,,,71831.0,9.0,1.0,417.0,-535297007.0,0.0,-7.0,22.0,7.0,-28.0,15.0
263,71844.0,48681.0,43705.0,48131.0,37443.0,71843.0,3.55249285697937,,,,,,,,,6.011992692947388,0.1349323590596517,0.0,0.4,0.13333333333333333,0.0,0.0,,,,,,,,,71841.0,9.0,1.0,417.0,-535297007.0,0.0,-6.0,23.0,18.0,-16.0,5.0
264,71854.0,48447.0,43119.0,48353.0,37761.0,71853.0,3.55249285697937,,,,,,,,,6.033068418502808,0.13774245580037434,0.0,0.4,0.13333333333333333,0.0,0.0,,,,,,,,,71851.0,8.0,0.0,418.0,-535297007.0,0.0,-7.0,25.0,-21.0,33.0,5.0
265,71864.0,47751.0,43731.0,49077.0,37197.0,71863.0,3.55249285697937,,,,,,,,,6.0485334396362305,0.13980445861816407,0.0,0.4,0.13333333333333333,0.0,0.0,,,,,,,,,71861.0,8.0,0.0,418.0,-535297007.0,0.0,-6.0,24.0,-38.0,20.0,7.0
266,71874.0,47675.0,43999.0,49057.0,36945.0,71873.0,3.55249285697937,,,,,,,,,6.062533140182495,0.141671085357666,0.0,0.4,0.13333333333333333,0.0,0.0,,,,,,,,,71871.0,9.0,1.0,418.0,-535297007.0,0.0,-4.0,25.0,-14.0,31.0,5.0
267,71884.0,47525.0,43531.0,49215.0,37345.0,71883.0,3.55249285697937,,,,,,,,,6.078520774841309,0.14380276997884114,0.0,0.4,0.13333333333333333,0.0,0.0,,,,,,,,,71881.0,9.0,1.0,419.0,-535297007.0,0.0,-5.0,26.0,-22.0,51.0,7.0
268,71894.0,47008.0,43194.0,49650.0,37700.0,71893.0,3.55249285697937,,,,,,,,,6.102729797363281,0.1470306396484375,0.0,0.4,0.13333333333333333,0.0,0.0,,,,,,,,,71891.0,9.0,1.0,419.0,-535297007.0,0.0,-4.0,26.0,-36.0,50.0,0.0
269,71904.0,47906.0,43886.0,48236.0,36480.0,71903.0,3.55249285697937,,,,,,,,,6.116653919219971,0.14888718922932942,0.0,0.4,0.13333333333333333,0.0,0.0,,,,,,,,,71901.0,8.0,2.0,421.0,-534248431.0,-1.0,-1.0,33.0,-45.0,62.0,4.0
270,71914.0,47612.0,42822.0,48636.0,37550.0,71913.0,3.55249285697937,,,,,,,,,6.131850242614746,0.15091336568196614,0.0,0.4,0.13333333333333333,0.0,0.0,,,,,,,,,71911.0,8.0,2.0,421.0,-534247407.0,-3.0,-1.0,32.0,-16.0,43.0,-5.0
271,71924.0,48278.0,43426.0,48158.0,36898.0,71923.0,3.55249285697937,,,,,,,,,6.153632164001465,0.153817621866862,0.0,0.4,0.13333333333333333,0.0,0.0,,,,,,,,,71921.0,8.0,1.0,421.0,-534247407.0,-3.0,-1.0,30.0,-49.0,17.0,7.0
272,71934.0,48849.0,42595.0,47757.0,37983.0,71933.0,3.55249285697937,,,,,,,,,6.174249172210693,0.1565665562947591,0.0,0.4,0.13333333333333333,0.0,0.0,,,,,,,,,71931.0,8.0,1.0,422.0,-534247407.0,-4.0,-1.0,26.0,-9.0,-6.0,0.0
273,71944.0,49301.0,44175.0,48663.0,37553.0,71943.0,3.55249285697937,,,,,,,,,6.191420078277588,0.15885601043701172,0.0,0.4,0.13333333333333333,0.0,0.0,,,,,,,,,71941.0,8.0,1.0,419.0,-534247407.0,-3.0,-2.0,6.0,-2.0,-15.0,10.0
274,71954.0,49286.0,43406.0,48664.0,38628.0,71953.0,3.5472142696380615,,,,,,,,,6.205764293670654,0.16076857248942059,0.0,0.4,0.13333333333333333,0.0,0.0,,,,,,,,,71951.0,8.0,1.0,419.0,-534247407.0,-4.0,-1.0,4.0,33.0,-36.0,0.0
275,71964.0,49185.0,43443.0,49055.0,38789.0,71963.0,3.5472142696380615,,,,,,,,,6.221378326416016,0.16285044352213543,0.0,0.4,0.13333333333333333,0.0,0.0,,,,,,,,,71961.0,8.0,1.0,419.0,-534247407.0,-4.0,-1.0,0.0,-18.0,-40.0,-1.0
276,71974.0,49485.0,43145.0,48865.0,39353.0,71973.0,3.5472142696380615,,,,,,,,,6.2358338832855225,0.16477785110473633,0.0,0.4,0.13333333333333333,0.0,0.0,,,,,,,,,71971.0,8.0,1.0,419.0,-534248431.0,-5.0,0.0,-3.0,14.0,-28.0,-4.0
277,71984.0,49420.0,43474.0,49636.0,39578.0,71983.0,3.541935443878174,,,,,,,,,6.251315116882324,0.1668420155843099,0.0,0.4,0.13333333333333333,0.0,0.0,,,,,,,,,71981.0,8.0,1.0,418.0,-534248431.0,-5.0,0.0,-12.0,0.0,-44.0,0.0
278,71994.0,50569.0,44209.0,48629.0,38989.0,71993.0,3.541935443878174,,,,,,,,,6.267436981201172,0.16899159749348958,0.0,0.4,0.13333333333333333,0.0,0.0,,,,,,,,,71991.0,8.0,1.0,417.0,-534248431.0,-5.0,0.0,-14.0,12.0,-16.0,-2.0
279,72004.0,49785.0,44247.0,49559.0,39097.0,72003.0,3.5366568565368652,,,,,,,,,6.283804416656494,0.1711739222208659,0.0,0.4,0.13333333333333333,0.0,0.0,,,,,,,,,72001.0,11.0,1.0,417.0,-534248431.0,1.0,1.0,-16.0,35.0,-17.0,1.0
280,72014.0,50422.0,44750.0,49200.0,38716.0,72013.0,3.5313782691955566,,,,,,,,,6.299483060836792,0.17326440811157226,0.0,0.4,0.13333333333333333,0.0,0.0,,,,,,,,,72011.0,11.0,1.0,417.0,-534248431.0,0.0,1.0,-19.0,25.0,3.0,6.0
281,72024.0,49919.0,44703.0,49941.0,38881.0,72023.0,3.5313782691955566,,,,,,,,,6.322468042373657,0.17632907231648762,0.0,0.4,0.13333333333333333,0.0,0.0,,,,,,,,,72021.0,10.0,1.0,417.0,-534248431.0,0.0,1.0,-22.0,51.0,25.0,0.0
282,72034.0,49505.0,44201.0,50171.0,39407.0,72033.0,3.5313782691955566,,,,,,,,,6.500720500946045,0.20009606679280598,0.0,0.4,0.13333333333333333,0.0,0.0,,,,,,,,,72031.0,10.0,1.0,417.0,-534248431.0,0.0,1.0,-20.0,55.0,34.0,-6.0
283,72044.0,50135.0,45473.0,49769.0,38147.0,72043.0,3.5313782691955566,,,,,,,,,6.530614376068115,0.20408191680908203,0.0,0.4,0.13333333333333333,0.0,0.0,,,,,,,,,72041.0,10.0,1.0,417.0,-535297007.0,-1.0,2.0,-22.0,4.0,35.0,1.0
284,72054.0,50526.0,44956.0,49396.0,38818.0,72053.0,3.526099681854248,,,,,,,,,6.570490598678589,0.20939874649047852,0.0,0.4,0.13333333333333333,0.0,0.0,,,,,,,,,72051.0,10.0,1.0,417.0,-535297007.0,-1.0,2.0,-22.0,5.0,58.0,-2.0
285,72064.0,49740.0,45050.0,50152.0,38862.0,72063.0,3.526099681854248,,,,,,,,,6.6074700355529785,0.21432933807373047,0.0,0.4,0.13333333333333333,0.0,0.0,,,,,,,,,72061.0,10.0,1.0,417.0,-535297007.0,-1.0,2.0,-22.0,15.0,67.0,-11.0
286,72074.0,49314.0,44980.0,50584.0,38738.0,72073.0,3.526099681854248,,,,,,,,,6.645395040512085,0.21938600540161132,0.0,0.4,0.13333333333333333,0.0,0.0,,,,,,,,,72071.0,10.0,2.0,417.0,-535297007.0,-2.0,5.0,-20.0,-4.0,74.0,-1.0
287,72084.0,49231.0,45323.0,50819.0,38571.0,72083.0,3.526099681854248,,,,,,,,,6.684097528457642,0.22454633712768554,0.0,0.4,0.13333333333333333,0.0,0.0,,,,,,,,,72081.0,10.0,2.0,417.0,-535295983.0,-2.0,6.0,-22.0,16.0,58.0,-4.0
288,72094.0,49635.0,45109.0,50385.0,38899.0,72093.0,3.526099681854248,,,,,,,,,6.72169303894043,0.22955907185872396,0.0,0.4,0.13333333333333333,0.0,0.0,,,,,,,,,72091.0,9.0,1.0,416.0,-535295983.0,-4.0,5.0,-22.0,-15.0,69.0,-4.0
289,72104.0,49693.0,45165.0,50511.0,38755.0,72103.0,3.526099681854248,,,,,,,,,6.759630918502808,0.23461745580037435,0.0,0.4,0.13333333333333333,0.0,0.0,,,,,,,,,72101.0,9.0,1.0,416.0,-535295983.0,-4.0,5.0,-22.0,4.0,16.0,-3.0
290,72114.0,50061.0,45167.0,50111.0,38785.0,72113.0,3.526099681854248,,,,,,,,,6.799428939819336,0.23992385864257812,0.0,0.4,0.13333333333333333,0.0,0.0,,,,,,,,,72111.0,9.0,2.0,416.0,-535295983.0,-5.0,6.0,-21.0,11.0,11.0,-3.0
291,72124.0,49791.0,45199.0,50427.0,38743.0,72123.0,3.5313782691955566,,,,,,,,,6.8374245166778564,0.24498993555704754,0.0,0.4,0.13333333333333333,0.0,0.0,,,,,,,,,72121.0,9.0,0.0,416.0,-535295983.0,-5.0,2.0,-20.0,6.0,-7.0,-8.0
292,72134.0,50293.0,44373.0,49871.0,39547.0,72133.0,3.5313782691955566,,,,,,,,,6.877564907073975,0.25034198760986326,0.0,0.4,0.13333333333333333,0.0,0.0,,,,,,,,,72131.0,9.0,0.0,416.0,-535295983.0,-6.0,3.0,-18.0,0.0,-26.0,-6.0
293,72144.0,50725.0,44941.0,49417.0,38885.0,72143.0,3.526099681854248,,,,,,,,,6.896775007247925,0.2529033342997233,0.0,0.4,0.13333333333333333,0.0,0.0,,,,,,,,,72141.0,10.0,2.0,416.0,-535295983.0,-5.0,6.0,-16.0,7.0,-33.0,-8.0
294,72154.0,50839.0,44517.0,49239.0,39397.0,72153.0,3.526099681854248,,,,,,,,,6.915459156036377,0.25539455413818357,0.0,0.4,0.13333333333333333,0.0,0.0,,,,,,,,,72151.0,10.0,2.0,415.0,-535295983.0,-6.0,7.0,-16.0,0.0,-41.0,-6.0
295,72164.0,50058.0,44446.0,49760.0,39112.0,72163.0,3.526099681854248,,,,,,,,,6.932904243469238,0.2577205657958984,0.0,0.4,0.13333333333333333,0.0,0.0,,,,,,,,,72161.0,9.0,2.0,416.0,-535295983.0,-7.0,7.0,-10.0,-3.0,-45.0,-7.0
296,72174.0,50088.0,44778.0,49788.0,38670.0,72173.0,3.5313782691955566,,,,,,,,,6.951426029205322,0.26019013722737633,0.0,0.4,0.13333333333333333,0.0,0.0,,,,,,,,,72171.0,9.0,2.0,416.0,-535295983.0,-7.0,7.0,-9.0,15.0,-34.0,-3.0
297,72184.0,49465.0,44291.0,50245.0,39175.0,72183.0,3.5313782691955566,,,,,,,,,6.968261003494263,0.2624348004659017,0.0,0.4,0.13333333333333333,0.0,0.0,,,,,,,,,72181.0,9.0,2.0,416.0,-535295983.0,-8.0,8.0,-7.0,25.0,-18.0,-1.0
298,72194.0,49807.0,44347.0,49737.0,39133.0,72193.0,3.5313782691955566,,,,,,,,,6.985924005508423,0.26478986740112304,0.0,0.4,0.13333333333333333,0.0,0.0,,,,,,,,,72191.0,9.0,2.0,416.0,-535295983.0,-8.0,8.0,-4.0,19.0,-8.0,-15.0
299,72204.0,50008.0,44964.0,49202.0,38058.0,72203.0,3.5313782691955566,,,,,,,,,7.004291534423828,0.2672388712565104,0.0,0.4,0.13333333333333333,0.0,0.0,,,,,,,,,72201.0,8.0,0.0,417.0,-535295984.0,-10.0,3.0,1.0,23.0,14.0,-12.0
300,72214.0,49759.0,44999.0,49379.0,38119.0,72213.0,3.5313782691955566,,,,,,,,,7.022660493850708,0.2696880658467611,0.0,0.4,0.13333333333333333,0.0,0.0,,,,,,,,,72211.0,8.0,0.0,417.0,-535295984.0,-11.0,3.0,1.0,35.0,18.0,-19.0
301,72224.0,49806.0,45254.0,49334.0,37910.0,72223.0,3.5366568565368652,,,,,,,,,7.047116994857788,0.2729489326477051,0.0,0.4,0.13333333333333333,0.0,0.0,,,,,,,,,72221.0,8.0,0.0,417.0,-536344560.0,-11.0,3.0,1.0,33.0,25.0,-17.0
302,72234.0,48746.0,44620.0,50318.0,38476.0,72233.0,3.5366568565368652,,,,,,,,,7.065703392028809,0.2754271189371745,0.0,0.4,0.13333333333333333,0.0,0.0,,,,,,,,,72231.0,8.0,0.0,417.0,-536344560.0,-12.0,3.0,3.0,36.0,21.0,-15.0
303,72244.0,49400.0,44806.0,50040.0,38322.0,72243.0,3.5313782691955566,,,,,,,,,7.091497421264648,0.27886632283528645,0.0,0.4,0.13333333333333333,0.0,0.0,,,,,,,,,72241.0,8.0,0.0,416.0,-536344560.0,-12.0,3.0,1.0,24.0,-9.0,-9.0
304,72254.0,50180.0,44796.0,48970.0,38314.0,72253.0,3.5366568565368652,,,,,,,,,7.113574743270874,0.2818099657694499,0.0,0.4,0.13333333333333333,0.0,0.0,,,,,,,,,72251.0,8.0,0.0,416.0,-536344560.0,-13.0,3.0,5.0,4.0,2.0,-16.0
305,72264.0,49523.0,44409.0,49523.0,38565.0,72263.0,3.5366568565368652,,,,,,,,,7.158677577972412,0.2878236770629883,0.0,0.4,0.13333333333333333,0.0,0.0,,,,,,,,,72261.0,8.0,0.0,416.0,-536344560.0,-13.0,3.0,8.0,8.0,-18.0,-15.0
306,72274.0,49767.0,44233.0,49241.0,38603.0,72273.0,3.5366568565368652,,,,,,,,,7.199138164520264,0.29321842193603515,0.0,0.4,0.13333333333333333,0.0,0.0,,,,,,,,,72271.0,8.0,0.0,416.0,-536344560.0,-14.0,3.0,10.0,13.0,-31.0,-13.0
307,72284.0,49776.0,44420.0,49240.0,38360.0,72283.0,3.5366568565368652,,,,,,,,,7.23804497718811,0.2984059969584147,0.0,0.4,0.13333333333333333,0.0,0.0,,,,,,,,,72281.0,7.0,0.0,416.0,-536344560.0,-14.0,3.0,10.0,28.0,-53.0,-12.0
308,72294.0,50631.0,43701.0,47927.0,38553.0,72293.0,3.5366568565368652,,,,,,,,,7.283229112625122,0.30443054835001626,0.0,0.4,0.13333333333333333,0.0,0.0,,,,,,,,,72291.0,13.0,-1.0,418.0,-1073216496.0,0.0,-3.0,18.0,12.0,-54.0,-9.0
309,72304.0,49864.0,43082.0,48690.0,39012.0,72303.0,3.5366568565368652,,,,,,,,,7.326820611953735,0.310242748260498,0.0,0.4,0.13333333333333333,0.0,0.0,,,,,,,,,72301.0,13.0,-1.0,418.0,-1073216496.0,-1.0,-3.0,20.0,0.0,-64.0,0.0
310,72314.0,49692.0,43326.0,48818.0,38788.0,72313.0,3.541935443878174,,,,,,,,,7.365599155426025,0.31541322072347006,0.0,0.4,0.13333333333333333,0.0,0.0,,,,,,,,,72311.0,13.0,-1.0,418.0,-1073217520.0,-1.0,-3.0,20.0,-29.0,-30.0,-6.0
311,72324.0,49587.0,43437.0,48761.0,38675.0,72323.0,3.541935443878174,,,,,,,,,7.386577844619751,0.31821037928263346,0.0,0.4,0.13333333333333333,0.0,0.0,,,,,,,,,72321.0,13.0,-1.0,418.0,-1073217520.0,-1.0,-3.0,21.0,-29.0,-25.0,-14.0
312,72334.0,50178.0,43448.0,47912.0,38474.0,72333.0,3.541935443878174,,,,,,,,,7.4052934646606445,0.32070579528808596,0.0,0.4,0.13333333333333333,0.0,0.0,,,,,,,,,72331.0,13.0,-2.0,419.0,-1073217520.0,-1.0,-3.0,25.0,-36.0,-8.0,-14.0
313,72344.0,48737.0,43827.0,49221.0,37951.0,72343.0,3.541935443878174,,,,,,,,,7.4254677295684814,0.32339569727579753,0.0,0.4,0.13333333333333333,0.0,0.0,,,,,,,,,72341.0,13.0,-2.0,419.0,-1073217520.0,-1.0,-3.0,27.0,-34.0,8.0,-10.0
314,72354.0,48830.0,43814.0,49120.0,37652.0,72353.0,3.541935443878174,,,,,,,,,7.4523115158081055,0.32697486877441406,0.0,0.4,0.13333333333333333,0.0,0.0,,,,,,,,,72351.0,13.0,-2.0,419.0,-536346608.0,-1.0,-3.0,30.0,-45.0,29.0,-10.0
315,72364.0,48353.0,44609.0,49415.0,36955.0,72363.0,3.541935443878174,,,,,,,,,7.479305744171143,0.330574099222819,0.0,0.4,0.13333333333333333,0.0,0.0,,,,,,,,,72361.0,8.0,0.0,420.0,-536345584.0,-15.0,0.0,31.0,-32.0,41.0,-15.0
316,72374.0,47999.0,43989.0,49525.0,37247.0,72373.0,3.5472142696380615,,,,,,,,,7.495234489440918,0.3326979319254557,0.0,0.4,0.13333333333333333,0.0,0.0,,,,,,,,,72371.0,8.0,0.0,421.0,-535297008.0,-14.0,1.0,35.0,-20.0,64.0,-8.0
317,72384.0,47957.0,43587.0,49407.0,37609.0,72383.0,3.5472142696380615,,,,,,,,,7.51309871673584,0.335079828898112,0.0,0.4,0.13333333333333333,0.0,0.0,,,,,,,,,72381.0,8.0,0.0,421.0,-535297008.0,-14.0,1.0,37.0,-23.0,64.0,-16.0
318,72394.0,48382.0,44218.0,48882.0,36938.0,72393.0,3.541935443878174,,,,,,,,,7.53252100944519,0.33766946792602537,0.0,0.4,0.13333333333333333,0.0,0.0,,,,,,,,,72391.0,7.0,0.0,421.0,-535297008.0,-17.0,1.0,37.0,-11.0,43.0,-22.0
319,72404.0,48455.0,43783.0,48883.0,37259.0,72403.0,3.5472142696380615,,,,,,,,,7.550139904022217,0.34001865386962893,0.0,0.4,0.13333333333333333,0.0,0.0,,,,,,,,,72401.0,7.0,0.0,422.0,-535295984.0,-17.0,2.0,37.0,2.0,15.0,-12.0
320,72414.0,48657.0,43759.0,48729.0,37263.0,72413.0,3.5472142696380615,,,,,,,,,7.576615333557129,0.34354871114095054,0.0,0.4,0.13333333333333333,0.0,0.0,,,,,,,,,72411.0,7.0,0.0,422.0,-535295985.0,-17.0,2.0,37.0,33.0,-23.0,-13.0
321,72424.0,48866.0,43624.0,48470.0,37244.0,72423.0,3.5472142696380615,,,,,,,,,7.61904764175415,0.34920635223388674,0.0,0.4,0.13333333333333333,0.0,0.0,,,,,,,,,72421.0,6.0,0.0,423.0,-535295985.0,-17.0,2.0,38.0,13.0,-33.0,-11.0
322,72434.0,49807.0,43597.0,47477.0,37171.0,72433.0,3.5472142696380615,,,,,,,,,7.7070090770721436,0.36093454360961913,0.0,0.4,0.13333333333333333,0.0,0.0,,,,,,,,,72431.0,6.0,0.0,423.0,-535297009.0,-17.0,1.0,38.0,32.0,-82.0,-6.0
323,72444.0,49544.0,43090.0,47830.0,37688.0,72443.0,3.5472142696380615,,,,,,,,,7.748119831085205,0.36641597747802734,0.0,0.4,0.13333333333333333,0.0,0.0,,,,,,,,,72441.0,7.0,0.0,423.0,-535297009.0,-17.0,1.0,37.0,48.0,-110.0,-3.0
324,72454.0,49581.0,43205.0,47941.0,37509.0,72453.0,3.5472142696380615,,,,,,,,,7.793116092681885,0.3724154790242513,0.0,0.4,0.13333333333333333,0.0,0.0,,,,,,,,,72451.0,6.0,0.0,424.0,-536345585.0,-17.0,1.0,35.0,29.0,-102.0,4.0
325,72464.0,49880.0,43066.0,48074.0,37908.0,72463.0,3.5472142696380615,,,,,,,,,7.8435468673706055,0.37913958231608075,0.0,0.4,0.13333333333333333,0.0,0.0,,,,,,,,,72461.0,6.0,0.0,423.0,-536346609.0,-17.0,1.0,30.0,12.0,-111.0,7.0
326,72474.0,49359.0,43367.0,48749.0,37625.0,72473.0,3.5472142696380615,,,,,,,,,7.862098455429077,0.3816131273905436,0.0,0.4,0.13333333333333333,0.0,0.0,,,,,,,,,72471.0,6.0,0.0,424.0,-536346609.0,-17.0,2.0,28.0,19.0,-92.0,14.0
327,72484.0,48895.0,43303.0,49387.0,37591.0,72483.0,3.5472142696380615,,,,,,,,,7.880016803741455,0.38400224049886067,0.0,0.4,0.13333333333333333,0.0,0.0,,,,,,,,,72481.0,5.0,0.0,424.0,-536870897.0,-20.0,1.0,27.0,19.0,-75.0,19.0
328,72494.0,49663.0,43457.0,48675.0,37245.0,72493.0,3.541935443878174,,,,,,,,,7.897586107254028,0.38634481430053713,0.0,0.4,0.13333333333333333,0.0,0.0,,,,,,,,,72491.0,5.0,0.0,424.0,-536869873.0,-19.0,1.0,28.0,-1.0,-75.0,28.0
329,72504.0,46777.0,41387.0,47661.0,35311.0,72503.0,3.541935443878174,,,,,,,,,7.914825201034546,0.38864336013793943,0.0,0.4,0.13333333333333333,0.0,0.0,,,,,,,,,72501.0,5.0,0.0,424.0,-536869872.0,-19.0,1.0,23.0,-13.0,-43.0,31.0
330,72514.0,46870.0,42052.0,47732.0,34622.0,72513.0,3.541935443878174,,,,,,,,,7.932641983032227,0.3910189310709635,0.0,0.4,0.13333333333333333,0.0,0.0,,,,,,,,,72511.0,4.0,0.0,424.0,-536869872.0,-21.0,3.0,21.0,6.0,-34.0,28.0
331,72524.0,47190.0,42056.0,47326.0,34848.0,72523.0,3.541935443878174,,,,,,,,,7.951616287231445,0.393548838297526,0.0,0.4,0.13333333333333333,0.0,0.0,,,,,,,,,72521.0,4.0,0.0,424.0,-536869872.0,-21.0,3.0,20.0,-13.0,-42.0,22.0
332,72534.0,47772.0,42018.0,46912.0,34862.0,72533.0,3.5630500316619873,,,,,,,,,7.970012664794922,0.3960016886393229,0.0,0.4,0.13333333333333333,0.0,0.0,,,,,,,,,72531.0,4.0,0.0,424.0,-536869872.0,-18.0,3.0,18.0,19.0,-33.0,23.0
333,72544.0,47203.0,42041.0,47313.0,34727.0,72543.0,3.568328619003296,,,,,,,,,7.985101699829102,0.39801355997721355,0.0,0.4,0.13333333333333333,0.0,0.0,,,,,,,,,72541.0,4.0,0.0,425.0,-536869872.0,-18.0,3.0,20.0,-5.0,-25.0,16.0
334,72554.0,47681.0,41905.0,46967.0,34887.0,72553.0,3.568328619003296,,,,,,,,,8.002309083938599,0.4003078778584798,0.0,0.4,0.13333333333333333,0.0,0.0,,,,,,,,,72551.0,4.0,0.0,425.0,-536868848.0,-18.0,3.0,18.0,-4.0,-38.0,21.0
335,72564.0,46947.0,41289.0,47805.0,35407.0,72563.0,3.568328619003296,,,,,,,,,8.018210887908936,0.4024281183878581,0.0,0.4,0.13333333333333333,0.0,0.0,,,,,,,,,72561.0,8.0,2.0,425.0,-536868848.0,-4.0,10.0,17.0,-13.0,-51.0,20.0
336,72574.0,46610.0,41218.0,48262.0,35502.0,72573.0,3.568328619003296,,,,,,,,,8.03398847579956,0.4045317967732747,0.0,0.4,0.13333333333333333,0.0,0.0,,,,,,,,,72571.0,6.0,1.0,425.0,-536868848.0,-9.0,7.0,15.0,-21.0,-58.0,24.0
337,72584.0,48179.0,40837.0,46913.0,35983.0,72583.0,3.568328619003296,,,,,,,,,8.04896879196167,0.406529172261556,0.0,0.4,0.13333333333333333,0.0,0.0,,,,,,,,,72581.0,6.0,1.0,426.0,-536868848.0,-7.0,7.0,12.0,-9.0,-58.0,31.0
338,72594.0,47054.0,41056.0,48286.0,35772.0,72593.0,3.568328619003296,,,,,,,,,8.064096450805664,0.4085461934407552,0.0,0.4,0.13333333333333333,0.0,0.0,,,,,,,,,72591.0,6.0,1.0,426.0,-536867824.0,-7.0,7.0,8.0,-3.0,-64.0,34.0
339,72604.0,48416.0,41422.0,47132.0,35494.0,72603.0,3.568328619003296,,,,,,,,,8.07871413230896,0.4104952176411947,0.0,0.4,0.13333333333333333,0.0,0.0,,,,,,,,,72601.0,6.0,1.0,426.0,-536867823.0,-7.0,7.0,5.0,-10.0,-54.0,33.0
340,72614.0,47557.0,40947.0,48207.0,35913.0,72613.0,3.5630500316619873,,,,,,,,,8.09349775314331,0.4124663670857747,0.0,0.4,0.13333333333333333,0.0,0.0,,,,,,,,,72611.0,7.0,0.0,426.0,-536867823.0,-4.0,5.0,3.0,9.0,-74.0,41.0
341,72624.0,47713.0,41165.0,48171.0,35895.0,72623.0,3.5630500316619873,,,,,,,,,8.108299016952515,0.41443986892700196,0.0,0.4,0.13333333333333333,0.0,0.0,,,,,,,,,72621.0,7.0,1.0,426.0,-536867823.0,-3.0,7.0,0.0,13.0,-74.0,38.0
342,72634.0,47260.0,40648.0,48892.0,36668.0,72633.0,3.5630500316619873,,,,,,,,,8.123971223831177,0.41652949651082355,0.0,0.4,0.13333333333333333,0.0,0.0,,,,,,,,,72631.0,7.0,2.0,425.0,-535818223.0,-2.0,9.0,-5.0,12.0,-65.0,30.0
343,72644.0,48948.0,41244.0,47546.0,36122.0,72643.0,3.5630500316619873,,,,,,,,,8.13923692703247,0.41856492360432945,0.0,0.4,0.13333333333333333,0.0,0.0,,,,,,,,,72641.0,7.0,2.0,425.0,-536866799.0,-1.0,9.0,-9.0,13.0,-61.0,47.0
344,72654.0,48954.0,41764.0,47806.0,35852.0,72653.0,3.5577714443206787,,,,,,,,,8.153890371322632,0.4205187161763509,0.0,0.4,0.13333333333333333,0.0,0.0,,,,,,,,,72651.0,7.0,1.0,425.0,-536866799.0,0.0,7.0,-14.0,8.0,-49.0,36.0
345,72664.0,49011.0,41773.0,48127.0,35985.0,72663.0,3.5577714443206787,,,,,,,,,8.168822288513184,0.4225096384684245,0.0,0.4,0.13333333333333333,0.0,0.0,,,,,,,,,72661.0,7.0,2.0,425.0,-536866799.0,0.0,10.0,-19.0,30.0,-53.0,41.0
346,72674.0,48770.0,41626.0,48394.0,36090.0,72673.0,3.5577714443206787,,,,,,,,,8.183748245239258,0.42449976603190104,0.0,0.4,0.13333333333333333,0.0,0.0,,,,,,,,,72671.0,7.0,1.0,425.0,-536865775.0,2.0,7.0,-19.0,22.0,-61.0,33.0
347,72684.0,49001.0,41223.0,48467.0,36621.0,72683.0,3.5577714443206787,,,,,,,,,8.199471473693848,0.426596196492513,0.0,0.4,0.13333333333333333,0.0,0.0,,,,,,,,,72681.0,7.0,2.0,425.0,-536865774.0,3.0,8.0,-23.0,30.0,-82.0,40.0
348,72694.0,50074.0,41662.0,47680.0,36328.0,72693.0,3.5577714443206787,,,,,,,,,8.214040279388428,0.42853870391845705,0.0,0.4,0.13333333333333333,0.0,0.0,,,,,,,,,72691.0,7.0,1.0,425.0,-536865774.0,5.0,7.0,-26.0,40.0,-69.0,45.0
349,72704.0,49915.0,42353.0,48179.0,35781.0,72703.0,3.55249285697937,,,,,,,,,8.22884488105774,0.43051265080769857,0.0,0.4,0.13333333333333333,0.0,0.0,,,,,,,,,72701.0,7.0,1.0,425.0,-536865774.0,6.0,7.0,-31.0,16.0,-57.0,45.0
350,72714.0,49203.0,42293.0,49289.0,35995.0,72713.0,3.5472142696380615,,,,,,,,,8.250455379486084,0.4333940505981445,0.0,0.4,0.13333333333333333,0.0,0.0,,,,,,,,,72711.0,7.0,1.0,424.0,-1073735662.0,7.0,7.0,-39.0,8.0,-71.0,54.0
351,72724.0,48747.0,41885.0,50241.0,36775.0,72723.0,3.5472142696380615,,,,,,,,,8.266467094421387,0.4355289459228516,0.0,0.4,0.13333333333333333,0.0,0.0,,,,,,,,,72721.0,7.0,1.0,423.0,-1073735662.0,9.0,7.0,-43.0,21.0,-81.0,52.0
352,72734.0,48850.0,41458.0,50438.0,37214.0,72733.0,3.541935443878174,,,,,,,,,8.281013250350952,0.437468433380127,0.0,0.4,0.13333333333333333,0.0,0.0,,,,,,,,,72731.0,8.0,4.0,423.0,-536864750.0,14.0,13.0,-45.0,15.0,-85.0,53.0
353,72744.0,49277.0,41727.0,50307.0,37137.0,72743.0,3.541935443878174,,,,,,,,,8.297150135040283,0.4396200180053711,0.0,0.4,0.13333333333333333,0.0,0.0,,,,,,,,,72741.0,8.0,5.0,422.0,-536863725.0,14.0,16.0,-49.0,-8.0,-67.0,55.0
354,72754.0,49117.0,41971.0,50739.0,37009.0,72753.0,3.541935443878174,,,,,,,,,8.313724040985107,0.44182987213134767,0.0,0.4,0.13333333333333333,0.0,0.0,,,,,,,,,72751.0,9.0,4.0,422.0,-1073734637.0,16.0,13.0,-52.0,16.0,-67.0,55.0
355,72764.0,49491.0,42605.0,50729.0,36635.0,72763.0,3.541935443878174,,,,,,,,,8.335220336914062,0.444696044921875,0.0,0.4,0.13333333333333333,0.0,0.0,,,,,,,,,72761.0,9.0,4.0,421.0,-1073734637.0,18.0,14.0,-56.0,24.0,-62.0,53.0
356,72774.0,49870.0,42410.0,50510.0,36998.0,72773.0,3.5366568565368652,,,,,,,,,8.351053953170776,0.4468071937561035,0.0,0.4,0.13333333333333333,0.0,0.0,,,,,,,,,72771.0,9.0,4.0,420.0,-1073734637.0,20.0,12.0,-59.0,53.0,-34.0,53.0
357,72784.0,49507.0,42895.0,51271.0,36571.0,72783.0,3.5366568565368652,,,,,,,,,8.367213249206543,0.4489617665608724,0.0,0.4,0.13333333333333333,0.0,0.0,,,,,,,,,72781.0,8.0,4.0,420.0,-1073734637.0,20.0,12.0,-61.0,36.0,-35.0,57.0
358,72794.0,50099.0,42953.0,51011.0,36361.0,72793.0,3.5366568565368652,,,,,,,,,8.382418155670166,0.4509890874226888,0.0,0.4,0.13333333333333333,0.0,0.0,,,,,,,,,72791.0,9.0,6.0,419.0,-1073734636.0,22.0,16.0,-63.0,27.0,-34.0,72.0
359,72804.0,49942.0,42082.0,51660.0,37376.0,72803.0,3.5366568565368652,,,,,,,,,8.39884877204895,0.45317983627319336,0.0,0.4,0.13333333333333333,0.0,0.0,,,,,,,,,72801.0,9.0,6.0,418.0,-1073733612.0,24.0,16.0,-67.0,27.0,-44.0,78.0
360,72814.0,51177.0,43343.0,50567.0,36221.0,72813.0,3.5366568565368652,,,,,,,,,8.414476156234741,0.45526348749796547,0.0,0.4,0.13333333333333333,0.0,0.0,,,,,,,,,72811.0,8.0,4.0,417.0,-1072685036.0,24.0,11.0,-69.0,46.0,-56.0,73.0
361,72824.0,50529.0,43225.0,51445.0,36493.0,72823.0,3.5366568565368652,,,,,,,,,8.437222480773926,0.45829633076985676,0.0,0.4,0.13333333333333333,0.0,0.0,,,,,,,,,72821.0,9.0,4.0,417.0,-1072685036.0,26.0,11.0,-70.0,57.0,-55.0,68.0
362,72834.0,50555.0,43021.0,51469.0,36735.0,72833.0,3.5313782691955566,,,,,,,,,8.458512544631958,0.4611350059509277,0.0,0.4,0.13333333333333333,0.0,0.0,,,,,,,,,72831.0,4.0,2.0,416.0,-1072685035.0,15.0,4.0,-70.0,28.0,-28.0,69.0
363,72844.0,51060.0,43178.0,51216.0,36494.0,72843.0,3.5313782691955566,,,,,,,,,8.481831550598145,0.46424420674641925,0.0,0.4,0.13333333333333333,0.0,0.0,,,,,,,,,72841.0,4.0,2.0,415.0,-1072685035.0,17.0,4.0,-71.0,29.0,-48.0,73.0
364,72854.0,50373.0,43139.0,52111.0,36797.0,72853.0,3.5313782691955566,,,,,,,,,8.50668478012085,0.46755797068277993,0.0,0.4,0.13333333333333333,0.0,0.0,,,,,,,,,72851.0,5.0,3.0,415.0,-1072685035.0,19.0,5.0,-73.0,22.0,-74.0,63.0
365,72864.0,50357.0,42479.0,52207.0,37577.0,72863.0,3.5313782691955566,,,,,,,,,8.561350345611572,0.4748467127482096,0.0,0.4,0.13333333333333333,0.0,0.0,,,,,,,,,72861.0,5.0,3.0,414.0,-1072685035.0,22.0,5.0,-74.0,0.0,-69.0,60.0
366,72874.0,50873.0,42773.0,52095.0,37451.0,72873.0,3.5313782691955566,,,,,,,,,8.5872220993042,0.47829627990722656,0.0,0.4,0.13333333333333333,0.0,0.0,,,,,,,,,72871.0,5.0,3.0,413.0,-1072685034.0,24.0,4.0,-77.0,-25.0,-77.0,63.0
367,72884.0,50447.0,42751.0,52829.0,37365.0,72883.0,3.526099681854248,,,,,,,,,8.604885339736938,0.4806513786315918,0.0,0.4,0.13333333333333333,0.0,0.0,,,,,,,,,72881.0,5.0,3.0,412.0,-1072684010.0,26.0,4.0,-78.0,-13.0,-79.0,73.0
368,72894.0,51114.0,43038.0,52492.0,37100.0,72893.0,3.526099681854248,,,,,,,,,8.620633602142334,0.4827511469523112,0.0,0.4,0.13333333333333333,0.0,0.0,,,,,,,,,72891.0,6.0,3.0,412.0,-1072684010.0,28.0,3.0,-78.0,-58.0,-56.0,76.0
369,72904.0,51170.0,42290.0,52564.0,37916.0,72903.0,3.526099681854248,,,,,,,,,8.637370824813843,0.4849827766418457,0.0,0.4,0.13333333333333333,0.0,0.0,,,,,,,,,72901.0,6.0,3.0,411.0,-1072684010.0,30.0,3.0,-80.0,-64.0,-37.0,76.0
370,72914.0,51412.0,43152.0,52680.0,37196.0,72913.0,3.526099681854248,,,,,,,,,8.653250455856323,0.4871000607808431,0.0,0.4,0.13333333333333333,0.0,0.0,,,,,,,,,72911.0,6.0,3.0,410.0,-1072684009.0,33.0,3.0,-81.0,-44.0,-33.0,74.0
371,72924.0,50594.0,42996.0,53762.0,37212.0,72923.0,3.526099681854248,,,,,,,,,8.669067859649658,0.48920904795328773,0.0,0.4,0.13333333333333333,0.0,0.0,,,,,,,,,72921.0,6.0,3.0,410.0,-1072684009.0,35.0,3.0,-82.0,-44.0,-30.0,78.0
372,72934.0,51558.0,43040.0,53018.0,37216.0,72933.0,3.526099681854248,,,,,,,,,8.683881521224976,0.49118420282999675,0.0,0.4,0.13333333333333333,0.0,0.0,,,,,,,,,72931.0,7.0,2.0,409.0,-1072684009.0,37.0,1.0,-81.0,-25.0,-18.0,80.0
373,72944.0,51350.0,43106.0,53338.0,36974.0,72943.0,3.5208210945129395,,,,,,,,,8.699890613555908,0.4933187484741211,0.0,0.4,0.13333333333333333,0.0,0.0,,,,,,,,,72941.0,7.0,2.0,408.0,-1073731560.0,40.0,1.0,-79.0,-13.0,-6.0,85.0
374,72954.0,52235.0,43127.0,52473.0,36801.0,72953.0,3.526099681854248,,,,,,,,,8.716028928756714,0.4954705238342285,0.0,0.4,0.13333333333333333,0.0,0.0,,,,,,,,,72951.0,7.0,2.0,407.0,-1073731560.0,43.0,1.0,-77.0,-13.0,-9.0,92.0
375,72964.0,52564.0,42952.0,52192.0,36668.0,72963.0,3.5208210945129395,,,,,,,,,8.731482744216919,0.49753103256225584,0.0,0.4,0.13333333333333333,0.0,0.0,,,,,,,,,72961.0,8.0,2.0,406.0,-1073731560.0,45.0,1.0,-74.0,5.0,-12.0,88.0
376,72974.0,52087.0,42733.0,52627.0,36725.0,72973.0,3.526099681854248,,,,,,,,,8.74806809425354,0.4997424125671387,0.0,0.4,0.13333333333333333,0.0,0.0,,,,,,,,,72971.0,9.0,2.0,405.0,-1073731559.0,50.0,1.0,-72.0,28.0,-2.0,86.0
377,72984.0,52521.0,42891.0,52035.0,36237.0,72983.0,3.526099681854248,,,,,,,,,8.764093399047852,0.5018791198730469,0.0,0.4,0.13333333333333333,0.0,0.0,,,,,,,,,72981.0,10.0,2.0,405.0,-1072682983.0,53.0,1.0,-66.0,17.0,-7.0,86.0
378,72994.0,51557.0,42659.0,53059.0,36553.0,72993.0,3.526099681854248,,,,,,,,,8.779690504074097,0.5039587338765462,0.0,0.4,0.13333333333333333,0.0,0.0,,,,,,,,,72991.0,10.0,2.0,404.0,-1072682983.0,55.0,1.0,-64.0,10.0,0.0,82.0
379,73004.0,51150.0,42122.0,53368.0,37052.0,73003.0,3.526099681854248,,,,,,,,,8.794899702072144,0.5059866269429525,0.0,0.4,0.13333333333333333,0.0,0.0,,,,,,,,,73001.0,10.0,2.0,404.0,-1072682983.0,55.0,0.0,-62.0,11.0,11.0,72.0
380,73014.0,52102.0,43306.0,52672.0,35892.0,73013.0,3.526099681854248,,,,,,,,,8.810579538345337,0.5080772717793782,0.0,0.4,0.13333333333333333,0.0,0.0,,,,,,,,,73011.0,10.0,2.0,403.0,-1072682982.0,58.0,0.0,-61.0,18.0,4.0,74.0
381,73024.0,52563.0,42623.0,52357.0,36513.0,73023.0,3.526099681854248,,,,,,,,,8.82613492012024,0.5101513226826986,0.0,0.4,0.13333333333333333,0.0,0.0,,,,,,,,,73021.0,10.0,2.0,403.0,-1072682982.0,59.0,0.0,-61.0,-16.0,4.0,77.0
382,73034.0,51578.0,43404.0,53466.0,35996.0,73033.0,3.526099681854248,,,,,,,,,8.84090805053711,0.512121073404948,0.0,0.4,0.13333333333333333,0.0,0.0,,,,,,,,,73031.0,11.0,2.0,402.0,-1072682982.0,62.0,0.0,-62.0,3.0,-10.0,63.0
383,73044.0,51441.0,42851.0,53737.0,36451.0,73043.0,3.526099681854248,,,,,,,,,8.857161045074463,0.5142881393432617,0.0,0.4,0.13333333333333333,0.0,0.0,,,,,,,,,73041.0,12.0,2.0,401.0,-1072682981.0,65.0,0.0,-62.0,14.0,0.0,63.0
384,73054.0,52381.0,42679.0,53111.0,36673.0,73053.0,3.5208210945129395,,,,,,,,,8.872336149215698,0.5163114865620931,0.0,0.4,0.13333333333333333,0.0,0.0,,,,,,,,,73051.0,12.0,2.0,401.0,-1072682981.0,67.0,0.0,-63.0,39.0,-1.0,70.0
385,73064.0,52612.0,43490.0,53008.0,35758.0,73063.0,3.5208210945129395,,,,,,,,,8.88887643814087,0.5185168584187826,0.0,0.4,0.13333333333333333,0.0,0.0,,,,,,,,,73061.0,10.0,2.0,400.0,-1072684005.0,62.0,0.0,-62.0,28.0,3.0,75.0
386,73074.0,52156.0,42838.0,53352.0,36186.0,73073.0,3.5208210945129395,,,,,,,,,8.904228687286377,0.5205638249715169,0.0,0.4,0.13333333333333333,0.0,0.0,,,,,,,,,73071.0,11.0,2.0,400.0,-1072684005.0,65.0,-1.0,-58.0,-2.0,-4.0,75.0
387,73084.0,51822.0,42626.0,54038.0,36422.0,73083.0,3.526099681854248,,,,,,,,,8.92112946510315,0.5228172620137532,0.0,0.4,0.13333333333333333,0.0,0.0,,,,,,,,,73081.0,12.0,2.0,400.0,-1072684004.0,68.0,-1.0,-59.0,-4.0,-20.0,76.0
388,73094.0,53272.0,42898.0,52608.0,36122.0,73093.0,3.526099681854248,,,,,,,,,8.936724662780762,0.5248966217041016,0.0,0.4,0.13333333333333333,0.0,0.0,,,,,,,,,73091.0,13.0,2.0,399.0,-1072684004.0,71.0,0.0,-58.0,-32.0,-5.0,76.0
389,73104.0,51585.0,42377.0,54611.0,36659.0,73103.0,3.526099681854248,,,,,,,,,8.951680898666382,0.5268907864888509,0.0,0.4,0.13333333333333333,0.0,0.0,,,,,,,,,73101.0,13.0,2.0,399.0,-1072684004.0,74.0,0.0,-59.0,-51.0,-3.0,75.0
390,73114.0,52529.0,42203.0,53901.0,36687.0,73113.0,3.526099681854248,,,,,,,,,8.967829704284668,0.5290439605712891,0.0,0.4,0.13333333333333333,0.0,0.0,,,,,,,,,73111.0,17.0,2.0,398.0,-1072682980.0,83.0,-1.0,-59.0,-24.0,-10.0,85.0
391,73124.0,53958.0,42564.0,52780.0,36346.0,73123.0,3.526099681854248,,,,,,,,,8.983714818954468,0.5311619758605957,0.0,0.4,0.13333333333333333,0.0,0.0,,,,,,,,,73121.0,18.0,2.0,398.0,-1072682979.0,85.0,-1.0,-59.0,-20.0,17.0,92.0
392,73134.0,53116.0,42456.0,53816.0,36364.0,73133.0,3.526099681854248,,,,,,,,,8.999846935272217,0.5333129247029622,0.0,0.4,0.13333333333333333,0.0,0.0,,,,,,,,,73131.0,18.0,2.0,397.0,-1072684003.0,86.0,-1.0,-60.0,-21.0,37.0,92.0
393,73144.0,51955.0,43039.0,55231.0,35851.0,73143.0,3.526099681854248,,,,,,,,,9.014689445495605,0.5352919260660808,0.0,0.4,0.13333333333333333,0.0,0.0,,,,,,,,,73141.0,19.0,2.0,396.0,-1072684003.0,90.0,-1.0,-60.0,2.0,30.0,89.0
394,73154.0,53742.0,42800.0,53604.0,35930.0,73153.0,3.526099681854248,,,,,,,,,9.031476497650146,0.5375301996866862,0.0,0.4,0.13333333333333333,0.0,0.0,,,,,,,,,73151.0,20.0,2.0,395.0,-1072684002.0,93.0,-1.0,-62.0,9.0,55.0,94.0
395,73164.0,53437.0,42731.0,54229.0,36091.0,73163.0,3.526099681854248,,,,,,,,,9.04634404182434,0.5395125389099121,0.0,0.4,0.13333333333333333,0.0,0.0,,,,,,,,,73161.0,20.0,2.0,395.0,-1072684002.0,92.0,-1.0,-60.0,31.0,53.0,98.0
396,73174.0,52778.0,41996.0,54970.0,36596.0,73173.0,3.526099681854248,,,,,,,,,9.061654329299927,0.5415539105733236,0.0,0.4,0.13333333333333333,0.0,0.0,,,,,,,,,73171.0,21.0,2.0,394.0,-1072684002.0,95.0,-1.0,-58.0,6.0,68.0,94.0
397,73184.0,52852.0,42002.0,55102.0,36360.0,73183.0,3.5208210945129395,,,,,,,,,9.07762598991394,0.5436834653218587,0.0,0.4,0.13333333333333333,0.0,0.0,,,,,,,,,73181.0,21.0,1.0,393.0,-1072684001.0,96.0,-3.0,-57.0,-35.0,75.0,103.0
398,73194.0,53030.0,42154.0,55132.0,36136.0,73193.0,3.526099681854248,,,,,,,,,9.09234619140625,0.5456461588541667,0.0,0.4,0.13333333333333333,0.0,0.0,,,,,,,,,73191.0,22.0,1.0,393.0,-1072685025.0,99.0,-3.0,-56.0,-31.0,60.0,109.0
399,73204.0,54167.0,41915.0,54029.0,36401.0,73203.0,3.526099681854248,,,,,,,,,9.10871148109436,0.547828197479248,0.0,0.4,0.13333333333333333,0.0,0.0,,,,,,,,,73201.0,23.0,1.0,392.0,-1072685025.0,101.0,-2.0,-56.0,-51.0,78.0,98.0
400,73214.0,53538.0,42246.0,55008.0,36044.0,73213.0,3.526099681854248,,,,,,,,,9.123473644256592,0.5497964859008789,0.0,0.4,0.13333333333333333,0.0,0.0,,,,,,,,,73211.0,25.0,2.0,392.0,-1072685024.0,104.0,-2.0,-56.0,-56.0,53.0,103.0
401,73224.0,53370.0,40974.0,55294.0,37158.0,73223.0,3.526099681854248,,,,,,,,,9.139544486999512,0.5519392649332683,0.0,0.4,0.13333333333333333,0.0,0.0,,,,,,,,,73221.0,27.0,1.0,391.0,-1073733600.0,109.0,-3.0,-55.0,-47.0,60.0,104.0
402,73234.0,53500.0,42162.0,55280.0,36186.0,73233.0,3.5208210945129395,,,,,,,,,9.155287265777588,0.5540383021036784,0.0,0.4,0.13333333333333333,0.0,0.0,,,,,,,,,73231.0,28.0,2.0,390.0,-1073734623.0,110.0,-2.0,-55.0,-64.0,43.0,100.0
403,73244.0,54108.0,41890.0,54748.0,36318.0,73243.0,3.5208210945129395,,,,,,,,,9.171087741851807,0.5561450322469076,0.0,0.4,0.13333333333333333,0.0,0.0,,,,,,,,,73241.0,29.0,1.0,390.0,-1073734623.0,112.0,-3.0,-54.0,-83.0,40.0,95.0
404,73254.0,52934.0,41950.0,56192.0,36232.0,73253.0,3.5208210945129395,,,,,,,,,9.187482595443726,0.5583310127258301,0.0,0.4,0.13333333333333333,0.0,0.0,,,,,,,,,73251.0,30.0,1.0,390.0,-536863711.0,114.0,-3.0,-54.0,-53.0,25.0,103.0
405,73264.0,54024.0,41774.0,55112.0,36318.0,73263.0,3.5208210945129395,,,,,,,,,9.202722072601318,0.5603629430135091,0.0,0.4,0.13333333333333333,0.0,0.0,,,,,,,,,73261.0,31.0,2.0,389.0,-536863710.0,115.0,-2.0,-52.0,-27.0,17.0,97.0
406,73274.0,54185.0,42005.0,55005.0,35953.0,73273.0,3.5208210945129395,,,,,,,,,9.21742582321167,0.5623234430948894,0.0,0.4,0.13333333333333333,0.0,0.0,,,,,,,,,73271.0,32.0,1.0,388.0,-536863710.0,117.0,-3.0,-51.0,-18.0,29.0,94.0
407,73284.0,53514.0,41678.0,55970.0,36134.0,73283.0,3.5208210945129395,,,,,,,,,9.23253059387207,0.564337412516276,0.0,0.4,0.13333333333333333,0.0,0.0,,,,,,,,,73281.0,33.0,1.0,388.0,-535815134.0,119.0,-2.0,-48.0,-10.0,32.0,96.0
408,73294.0,53822.0,41802.0,55600.0,35888.0,73293.0,3.5208210945129395,,,,,,,,,9.24750828742981,0.5663344383239746,0.0,0.4,0.13333333333333333,0.0,0.0,,,,,,,,,73291.0,34.0,1.0,388.0,-535815133.0,121.0,-2.0,-47.0,-5.0,34.0,95.0
409,73304.0,53407.0,41141.0,56019.0,36649.0,73303.0,3.5208210945129395,,,,,,,,,9.263450622558594,0.5684600830078125,0.0,0.4,0.13333333333333333,0.0,0.0,,,,,,,,,73301.0,36.0,1.0,387.0,-535815133.0,123.0,-1.0,-45.0,36.0,21.0,83.0
410,73314.0,53953.0,42065.0,55619.0,35455.0,73313.0,3.5208210945129395,,,,,,,,,9.278602838516235,0.5704803784688314,0.0,0.4,0.13333333333333333,0.0,0.0,,,,,,,,,73311.0,38.0,1.0,387.0,-536863709.0,128.0,-1.0,-43.0,26.0,46.0,86.0
411,73324.0,54238.0,41768.0,55460.0,35698.0,73323.0,3.5208210945129395,,,,,,,,,9.293609380722046,0.5724812507629394,0.0,0.4,0.13333333333333333,0.0,0.0,,,,,,,,,73321.0,39.0,1.0,386.0,-536864732.0,129.0,-1.0,-41.0,32.0,53.0,90.0
412,73334.0,54393.0,41427.0,55473.0,35767.0,73333.0,3.5208210945129395,,,,,,,,,9.309488296508789,0.5745984395345052,0.0,0.4,0.13333333333333333,0.0,0.0,,,,,,,,,73331.0,40.0,1.0,386.0,-536864732.0,130.0,-1.0,-40.0,29.0,57.0,95.0
413,73344.0,55100.0,40906.0,54642.0,36172.0,73343.0,3.5208210945129395,,,,,,,,,9.325397729873657,0.5767196973164876,0.0,0.4,0.13333333333333333,0.0,0.0,,,,,,,,,73341.0,41.0,1.0,385.0,-536864732.0,131.0,0.0,-35.0,-1.0,60.0,97.0
414,73354.0,54323.0,40887.0,55479.0,35811.0,73353.0,3.5208210945129395,,,,,,,,,9.34104061126709,0.578805414835612,0.0,0.4,0.13333333333333333,0.0,0.0,,,,,,,,,73351.0,43.0,2.0,385.0,-536864731.0,133.0,0.0,-31.0,-1.0,61.0,92.0
415,73364.0,54845.0,41025.0,54867.0,35675.0,73363.0,3.5208210945129395,,,,,,,,,9.35748291015625,0.5809977213541667,0.0,0.4,0.13333333333333333,0.0,0.0,,,,,,,,,73361.0,44.0,1.0,385.0,-536864731.0,134.0,0.0,-28.0,-42.0,50.0,85.0
416,73374.0,53107.0,41491.0,56671.0,35123.0,73373.0,3.5208210945129395,,,,,,,,,9.37284779548645,0.5830463727315267,0.0,0.4,0.13333333333333333,0.0,0.0,,,,,,,,,73371.0,46.0,2.0,384.0,-536864731.0,138.0,0.0,-29.0,-13.0,57.0,81.0
417,73384.0,54988.0,40674.0,55004.0,36154.0,73383.0,3.5208210945129395,,,,,,,,,9.38848328590393,0.5851311047871908,0.0,0.4,0.13333333333333333,0.0,0.0,,,,,,,,,73381.0,47.0,2.0,384.0,-536865754.0,138.0,0.0,-30.0,-14.0,54.0,78.0
418,73394.0,53491.0,40967.0,56629.0,35789.0,73393.0,3.5208210945129395,,,,,,,,,9.403465747833252,0.5871287663777669,0.0,0.4,0.13333333333333333,0.0,0.0,,,,,,,,,73391.0,48.0,2.0,383.0,-536865754.0,140.0,0.0,-30.0,-15.0,44.0,75.0
419,73404.0,54088.0,41258.0,56260.0,35438.0,73403.0,3.5208210945129395,,,,,,,,,9.418800354003906,0.5891733805338542,0.0,0.4,0.13333333333333333,0.0,0.0,,,,,,,,,73401.0,51.0,2.0,383.0,-536865754.0,146.0,1.0,-30.0,-43.0,65.0,79.0
420,73414.0,54353.0,40145.0,55969.0,36549.0,73413.0,3.5208210945129395,,,,,,,,,9.43381953239441,0.5911759376525879,0.0,0.4,0.13333333333333333,0.0,0.0,,,,,,,,,73411.0,53.0,2.0,383.0,-536865754.0,147.0,2.0,-29.0,0.0,54.0,78.0
421,73424.0,53860.0,40286.0,56356.0,36438.0,73423.0,3.5208210945129395,,,,,,,,,9.449830055236816,0.5933106740315756,0.0,0.4,0.13333333333333333,0.0,0.0,,,,,,,,,73421.0,54.0,2.0,382.0,-536865753.0,149.0,2.0,-27.0,4.0,27.0,65.0
422,73434.0,54041.0,41071.0,56333.0,35523.0,73433.0,3.5208210945129395,,,,,,,,,9.464369773864746,0.5952493031819661,0.0,0.4,0.13333333333333333,0.0,0.0,,,,,,,,,73431.0,53.0,3.0,382.0,-536866777.0,143.0,3.0,-26.0,-26.0,53.0,60.0
423,73444.0,53805.0,41003.0,56603.0,35517.0,73443.0,3.5208210945129395,,,,,,,,,9.481451749801636,0.5975268999735515,0.0,0.4,0.13333333333333333,0.0,0.0,,,,,,,,,73441.0,55.0,3.0,382.0,-535818201.0,146.0,3.0,-25.0,-8.0,73.0,64.0
424,73454.0,54233.0,41149.0,56229.0,35413.0,73453.0,3.5208210945129395,,,,,,,,,9.49720048904419,0.5996267318725585,0.0,0.4,0.13333333333333333,0.0,0.0,,,,,,,,,73451.0,57.0,3.0,382.0,-535818201.0,147.0,4.0,-24.0,16.0,60.0,62.0
425,73464.0,54888.0,41012.0,55570.0,35338.0,73463.0,3.5208210945129395,,,,,,,,,9.513076543807983,0.6017435391743978,0.0,0.4,0.13333333333333333,0.0,0.0,,,,,,,,,73461.0,60.0,2.0,382.0,-536866776.0,152.0,2.0,-20.0,43.0,52.0,56.0
426,73474.0,53540.0,41332.0,56806.0,35002.0,73473.0,3.5208210945129395,,,,,,,,,9.530514240264893,0.6040685653686524,0.0,0.4,0.13333333333333333,0.0,0.0,,,,,,,,,73471.0,61.0,2.0,382.0,-536866776.0,151.0,1.0,-18.0,49.0,52.0,50.0
427,73484.0,55372.0,40604.0,54974.0,35646.0,73483.0,3.5208210945129395,,,,,,,,,9.54805326461792,0.606407101949056,0.0,0.4,0.13333333333333333,0.0,0.0,,,,,,,,,73481.0,62.0,2.0,381.0,-536866776.0,152.0,2.0,-16.0,38.0,43.0,45.0
428,73494.0,55727.0,41141.0,54685.0,35027.0,73493.0,3.5208210945129395,,,,,,,,,9.573243379592896,0.6097657839457195,0.0,0.4,0.13333333333333333,0.0,0.0,,,,,,,,,73491.0,64.0,2.0,381.0,-1073738712.0,155.0,3.0,-14.0,38.0,46.0,44.0
429,73504.0,55193.0,40621.0,55357.0,35509.0,73503.0,3.5208210945129395,,,,,,,,,9.590520858764648,0.6120694478352865,0.0,0.4,0.13333333333333333,0.0,0.0,,,,,,,,,73501.0,65.0,2.0,381.0,-1073738712.0,155.0,3.0,-16.0,39.0,42.0,44.0
430,73514.0,54326.0,39750.0,56326.0,36562.0,73513.0,3.5208210945129395,,,,,,,,,9.606881380081177,0.6142508506774902,0.0,0.4,0.13333333333333333,0.0,0.0,,,,,,,,,73511.0,67.0,2.0,381.0,-1073738711.0,156.0,3.0,-17.0,27.0,29.0,40.0
431,73524.0,53728.0,40622.0,57190.0,35644.0,73523.0,3.5208210945129395,,,,,,,,,9.630880355834961,0.6174507141113281,0.0,0.4,0.13333333333333333,0.0,0.0,,,,,,,,,73521.0,67.0,2.0,381.0,-1072690135.0,152.0,3.0,-18.0,9.0,23.0,51.0
432,73534.0,54208.0,39096.0,56800.0,37052.0,73533.0,3.5208210945129395,,,,,,,,,9.673006534576416,0.6230675379435221,0.0,0.4,0.13333333333333333,0.0,0.0,,,,,,,,,73531.0,69.0,3.0,380.0,-1072690135.0,156.0,4.0,-17.0,-22.0,26.0,41.0
433,73544.0,54283.0,39971.0,56667.0,35955.0,73543.0,3.515542507171631,,,,,,,,,9.722123861312866,0.6296165148417155,0.0,0.4,0.13333333333333333,0.0,0.0,,,,,,,,,73541.0,71.0,3.0,380.0,-1073738711.0,156.0,4.0,-13.0,-49.0,39.0,40.0
434,73554.0,53526.0,39406.0,57482.0,36734.0,73553.0,3.515542507171631,,,,,,,,,9.742564916610718,0.632341988881429,0.0,0.4,0.13333333333333333,0.0,0.0,,,,,,,,,73551.0,72.0,3.0,379.0,-1073738711.0,157.0,4.0,-15.0,-35.0,8.0,40.0
435,73564.0,54476.0,40386.0,56498.0,35552.0,73563.0,3.515542507171631,,,,,,,,,9.761844635009766,0.634912618001302,0.0,0.4,0.13333333333333333,0.0,0.0,,,,,,,,,73561.0,74.0,4.0,379.0,-1073738711.0,158.0,5.0,-12.0,-27.0,22.0,42.0
436,73574.0,54695.0,39805.0,56237.0,36159.0,73573.0,3.515542507171631,,,,,,,,,9.77905011177063,0.6372066815694173,0.0,0.4,0.13333333333333333,0.0,0.0,,,,,,,,,73571.0,75.0,3.0,379.0,-1073739734.0,157.0,4.0,-11.0,-62.0,50.0,33.0
437,73584.0,52924.0,40032.0,58156.0,35960.0,73583.0,3.515542507171631,,,,,,,,,9.797642469406128,0.6396856625874837,0.0,0.4,0.13333333333333333,0.0,0.0,,,,,,,,,73581.0,77.0,3.0,379.0,-536868822.0,158.0,3.0,-12.0,-25.0,58.0,32.0
438,73594.0,53994.0,40506.0,57096.0,35676.0,73593.0,3.515542507171631,,,,,,,,,9.81251859664917,0.6416691462198894,0.0,0.4,0.13333333333333333,0.0,0.0,,,,,,,,,73591.0,78.0,3.0,379.0,-536868822.0,158.0,4.0,-8.0,-58.0,86.0,21.0
439,73604.0,54193.0,40675.0,56741.0,35199.0,73603.0,3.515542507171631,,,,,,,,,9.830142736434937,0.6440190315246582,0.0,0.4,0.13333333333333333,0.0,0.0,,,,,,,,,73601.0,80.0,3.0,379.0,-536868822.0,159.0,4.0,-7.0,-21.0,52.0,18.0
440,73614.0,53187.0,40453.0,57591.0,35421.0,73613.0,3.515542507171631,,,,,,,,,9.87136960029602,0.6495159467061361,0.0,0.4,0.13333333333333333,0.0,0.0,,,,,,,,,73611.0,81.0,4.0,379.0,-535821270.0,158.0,5.0,-5.0,-44.0,82.0,8.0
441,73624.0,54748.0,40496.0,55960.0,35336.0,73623.0,3.515542507171631,,,,,,,,,9.895653486251831,0.6527537981669108,0.0,0.4,0.13333333333333333,0.0,0.0,,,,,,,,,73621.0,84.0,4.0,379.0,-535821270.0,162.0,6.0,-3.0,-48.0,84.0,11.0
442,73634.0,53029.0,40643.0,57619.0,35225.0,73633.0,3.515542507171631,,,,,,,,,9.91385531425476,0.6551807085673015,0.0,0.4,0.13333333333333333,0.0,0.0,,,,,,,,,73631.0,85.0,4.0,379.0,-535821270.0,162.0,6.0,-2.0,8.0,68.0,8.0
443,73644.0,54052.0,40700.0,56554.0,34982.0,73643.0,3.515542507171631,,,,,,,,,9.929556369781494,0.6572741826375326,0.0,0.4,0.13333333333333333,0.0,0.0,,,,,,,,,73641.0,87.0,4.0,380.0,-535821270.0,162.0,7.0,0.0,-13.0,100.0,3.0
444,73654.0,53584.0,40628.0,56952.0,35072.0,73653.0,3.515542507171631,,,,,,,,,9.945263385772705,0.6593684514363607,0.0,0.4,0.13333333333333333,0.0,0.0,,,,,,,,,73651.0,88.0,4.0,380.0,-535822294.0,161.0,7.0,1.0,23.0,67.0,-4.0
445,73664.0,54987.0,40003.0,55505.0,35697.0,73663.0,3.515542507171631,,,,,,,,,9.960846900939941,0.6614462534586588,0.0,0.4,0.13333333333333333,0.0,0.0,,,,,,,,,73661.0,89.0,4.0,380.0,-535822294.0,160.0,7.0,2.0,14.0,55.0,-7.0
446,73674.0,54611.0,39737.0,55707.0,36101.0,73673.0,3.515542507171631,,,,,,,,,9.97680401802063,0.6635738690694173,0.0,0.4,0.13333333333333333,0.0,0.0,,,,,,,,,73671.0,91.0,5.0,380.0,-535298006.0,160.0,7.0,3.0,12.0,50.0,-19.0
447,73684.0,53562.0,39820.0,56970.0,36200.0,73683.0,3.515542507171631,,,,,,,,,9.992996454238892,0.6657328605651855,0.0,0.4,0.13333333333333333,0.0,0.0,,,,,,,,,73681.0,92.0,5.0,379.0,-535298006.0,158.0,7.0,0.0,26.0,30.0,-15.0
448,73694.0,54634.0,40710.0,55874.0,35238.0,73693.0,3.5208210945129395,,,,,,,,,10.008946180343628,0.6678594907124837,0.0,0.4,0.13333333333333333,0.0,0.0,,,,,,,,,73691.0,93.0,5.0,379.0,-536345558.0,158.0,7.0,1.0,18.0,4.0,-19.0
449,73704.0,53777.0,39909.0,56711.0,35955.0,73703.0,3.5208210945129395,,,,,,,,,10.025719165802002,0.6700958887736003,0.0,0.4,0.13333333333333333,0.0,0.0,,,,,,,,,73701.0,95.0,5.0,379.0,-536345558.0,159.0,7.0,2.0,19.0,39.0,-18.0
450,73714.0,53685.0,40111.0,56659.0,35789.0,73713.0,3.5208210945129395,,,,,,,,,10.041099548339844,0.6721466064453125,0.0,0.4,0.13333333333333333,0.0,0.0,,,,,,,,,73711.0,97.0,5.0,379.0,-536345558.0,160.0,8.0,4.0,16.0,23.0,-25.0
451,73724.0,53669.0,40101.0,56671.0,35787.0,73723.0,3.5208210945129395,,,,,,,,,10.057681560516357,0.674357541402181,0.0,0.4,0.13333333333333333,0.0,0.0,,,,,,,,,73721.0,98.0,5.0,379.0,-536345558.0,159.0,8.0,4.0,-16.0,52.0,-24.0
452,73734.0,53899.0,39957.0,56125.0,35819.0,73733.0,3.5208210945129395,,,,,,,,,10.073046207427979,0.6764061609903972,0.0,0.4,0.13333333333333333,0.0,0.0,,,,,,,,,73731.0,100.0,5.0,380.0,-536345558.0,159.0,8.0,9.0,-3.0,21.0,-23.0
453,73744.0,52831.0,40161.0,57233.0,35527.0,73743.0,3.5208210945129395,,,,,,,,,10.08900237083435,0.6785336494445801,0.0,0.4,0.13333333333333333,0.0,0.0,,,,,,,,,73741.0,102.0,5.0,380.0,-536345559.0,158.0,8.0,10.0,-3.0,29.0,-25.0
454,73754.0,53783.0,39635.0,56213.0,35965.0,73753.0,3.5208210945129395,,,,,,,,,10.105282545089722,0.6807043393452962,0.0,0.4,0.13333333333333333,0.0,0.0,,,,,,,,,73751.0,103.0,6.0,380.0,-536345559.0,158.0,10.0,12.0,-34.0,57.0,-32.0
455,73764.0,53070.0,39978.0,56742.0,35666.0,73763.0,3.5208210945129395,,,,,,,,,10.121243476867676,0.6828324635823567,0.0,0.4,0.13333333333333333,0.0,0.0,,,,,,,,,73761.0,105.0,6.0,380.0,-536345559.0,158.0,10.0,14.0,-15.0,48.0,-35.0
456,73774.0,52636.0,40030.0,57322.0,35576.0,73773.0,3.5208210945129395,,,,,,,,,10.136690855026245,0.6848921140034994,0.0,0.4,0.13333333333333333,0.0,0.0,,,,,,,,,73771.0,106.0,6.0,380.0,-536344535.0,156.0,10.0,13.0,-16.0,62.0,-33.0
457,73784.0,53225.0,39627.0,56709.0,35995.0,73783.0,3.526099681854248,,,,,,,,,10.151548862457275,0.68687318166097,0.0,0.4,0.13333333333333333,0.0,0.0,,,,,,,,,73781.0,107.0,6.0,380.0,-535295959.0,154.0,10.0,13.0,-13.0,68.0,-34.0
458,73794.0,54006.0,40164.0,55932.0,35502.0,73793.0,3.5208210945129395,,,,,,,,,10.167287826538086,0.6889717102050781,0.0,0.4,0.13333333333333333,0.0,0.0,,,,,,,,,73791.0,108.0,7.0,380.0,-535295959.0,154.0,11.0,13.0,31.0,26.0,-33.0
459,73804.0,53440.0,41098.0,56540.0,34522.0,73803.0,3.526099681854248,,,,,,,,,10.182727098464966,0.6910302797953288,0.0,0.4,0.13333333333333333,0.0,0.0,,,,,,,,,73801.0,110.0,7.0,381.0,-535295959.0,154.0,12.0,14.0,53.0,12.0,-32.0
460,73814.0,53092.0,39470.0,56758.0,36272.0,73813.0,3.5208210945129395,,,,,,,,,10.200217723846436,0.6933623631795247,0.0,0.4,0.13333333333333333,0.0,0.0,,,,,,,,,73811.0,112.0,7.0,380.0,-536344535.0,153.0,12.0,12.0,27.0,60.0,-42.0
461,73824.0,53525.0,40055.0,56389.0,35767.0,73823.0,3.5208210945129395,,,,,,,,,10.219277620315552,0.6959036827087403,0.0,0.4,0.13333333333333333,0.0,0.0,,,,,,,,,73821.0,113.0,7.0,380.0,-536344536.0,151.0,12.0,13.0,44.0,8.0,-47.0
462,73834.0,52781.0,40319.0,57175.0,35565.0,73833.0,3.526099681854248,,,,,,,,,10.251439332962036,0.7001919110616048,0.0,0.4,0.13333333333333333,0.0,0.0,,,,,,,,,73831.0,114.0,7.0,380.0,-536343512.0,150.0,11.0,12.0,32.0,9.0,-44.0
463,73844.0,52301.0,39817.0,57739.0,36179.0,73843.0,3.5208210945129395,,,,,,,,,10.284886837005615,0.7046515782674153,0.0,0.4,0.13333333333333333,0.0,0.0,,,,,,,,,73841.0,115.0,7.0,381.0,-1073214424.0,149.0,11.0,11.0,18.0,30.0,-45.0
464,73854.0,54766.0,40334.0,55342.0,35858.0,73853.0,3.5208210945129395,,,,,,,,,10.315237522125244,0.7086983362833659,0.0,0.4,0.13333333333333333,0.0,0.0,,,,,,,,,73851.0,117.0,8.0,381.0,-1073214424.0,149.0,13.0,9.0,-3.0,0.0,-48.0
465,73864.0,53931.0,39833.0,56339.0,36309.0,73863.0,3.5208210945129395,,,,,,,,,10.34647822380066,0.7128637631734213,0.0,0.4,0.13333333333333333,0.0,0.0,,,,,,,,,73861.0,118.0,8.0,381.0,-1073214424.0,148.0,13.0,8.0,32.0,-22.0,-45.0
466,73874.0,53812.0,40104.0,56466.0,35878.0,73873.0,3.5208210945129395,,,,,,,,,10.377458572387695,0.7169944763183593,0.0,0.4,0.13333333333333333,0.0,0.0,,,,,,,,,73871.0,119.0,8.0,381.0,-1073214424.0,146.0,12.0,10.0,47.0,-26.0,-40.0
467,73884.0,53852.0,40060.0,56352.0,35912.0,73883.0,3.5208210945129395,,,,,,,,,10.392862558364868,0.7190483411153158,0.0,0.4,0.13333333333333333,0.0,0.0,,,,,,,,,73881.0,120.0,9.0,381.0,-1073215448.0,145.0,13.0,11.0,41.0,-45.0,-42.0
468,73894.0,53244.0,39994.0,56940.0,36006.0,73893.0,3.515542507171631,,,,,,,,,10.409613847732544,0.7212818463643392,0.0,0.4,0.13333333333333333,0.0,0.0,,,,,,,,,73891.0,123.0,9.0,381.0,-1073215449.0,147.0,13.0,11.0,28.0,-23.0,-39.0
469,73904.0,55215.0,40697.0,54993.0,35219.0,73903.0,3.515542507171631,,,,,,,,,10.424925565719604,0.7233234087626139,0.0,0.4,0.13333333333333333,0.0,0.0,,,,,,,,,73901.0,124.0,9.0,381.0,-1072166873.0,146.0,13.0,12.0,20.0,-25.0,-35.0
470,73914.0,53282.0,39888.0,56896.0,36114.0,73913.0,3.515542507171631,,,,,,,,,10.44040560722351,0.7253874142964681,0.0,0.4,0.13333333333333333,0.0,0.0,,,,,,,,,73911.0,126.0,9.0,381.0,-1072166873.0,145.0,13.0,12.0,51.0,-40.0,-42.0
471,73924.0,54040.0,39904.0,56226.0,36114.0,73923.0,3.5208210945129395,,,,,,,,,10.456499338150024,0.7275332450866699,0.0,0.4,0.13333333333333333,0.0,0.0,,,,,,,,,73921.0,126.0,9.0,382.0,-1072166873.0,142.0,11.0,11.0,47.0,-43.0,-40.0
472,73934.0,54605.0,40041.0,55847.0,36099.0,73933.0,3.5208210945129395,,,,,,,,,10.471211910247803,0.7294949213663737,0.0,0.4,0.13333333333333333,0.0,0.0,,,,,,,,,73931.0,127.0,9.0,382.0,-1072166873.0,141.0,11.0,9.0,63.0,-33.0,-24.0
473,73944.0,53148.0,40318.0,57308.0,35842.0,73943.0,3.5208210945129395,,,,,,,,,10.487866163253784,0.7317154884338379,0.0,0.4,0.13333333333333333,0.0,0.0,,,,,,,,,73941.0,128.0,10.0,382.0,-1072166873.0,140.0,12.0,9.0,78.0,-54.0,-35.0
474,73954.0,55667.0,40219.0,54913.0,35925.0,73953.0,3.5208210945129395,,,,,,,,,10.50333833694458,0.733778444925944,0.0,0.4,0.13333333333333333,0.0,0.0,,,,,,,,,73951.0,128.0,10.0,381.0,-1072166873.0,137.0,12.0,8.0,75.0,-43.0,-30.0
475,73964.0,54025.0,40383.0,56415.0,35797.0,73963.0,3.5208210945129395,,,,,,,,,10.519008159637451,0.7358677546183269,0.0,0.4,0.13333333333333333,0.0,0.0,,,,,,,,,73961.0,130.0,10.0,381.0,-1071119322.0,136.0,12.0,9.0,73.0,-58.0,-37.0
476,73974.0,56146.0,40442.0,54302.0,35774.0,73973.0,3.515542507171631,,,,,,,,,10.534576892852783,0.7379435857137044,0.0,0.4,0.13333333333333333,0.0,0.0,,,,,,,,,73971.0,132.0,10.0,382.0,-1071119322.0,139.0,10.0,9.0,89.0,-87.0,-35.0
477,73984.0,54511.0,40429.0,55965.0,35843.0,73983.0,3.5208210945129395,,,,,,,,,10.550329685211182,0.7400439580281576,0.0,0.4,0.13333333333333333,0.0,0.0,,,,,,,,,73981.0,133.0,11.0,382.0,-1071119322.0,137.0,11.0,8.0,73.0,-103.0,-42.0
478,73994.0,54060.0,39830.0,56662.0,36840.0,73993.0,3.515542507171631,,,,,,,,,10.567356824874878,0.7423142433166504,0.0,0.4,0.13333333333333333,0.0,0.0,,,,,,,,,73991.0,134.0,11.0,381.0,-1071120346.0,137.0,10.0,2.0,89.0,-111.0,-43.0
479,74004.0,55206.0,40226.0,55464.0,36464.0,74003.0,3.515542507171631,,,,,,,,,10.585198402404785,0.7446931203206381,0.0,0.4,0.13333333333333333,0.0,0.0,,,,,,,,,74001.0,137.0,11.0,381.0,-1070596058.0,138.0,9.0,3.0,66.0,-118.0,-46.0
480,74014.0,55317.0,40361.0,55351.0,36375.0,74013.0,3.515542507171631,,,,,,,,,10.605375051498413,0.7473833401997884,0.0,0.4,0.13333333333333333,0.0,0.0,,,,,,,,,74011.0,138.0,11.0,381.0,-1070596058.0,138.0,9.0,3.0,70.0,-117.0,-47.0
481,74024.0,54367.0,40215.0,56339.0,36451.0,74023.0,3.515542507171631,,,,,,,,,10.62960696220398,0.7506142616271972,0.0,0.4,0.13333333333333333,0.0,0.0,,,,,,,,,74021.0,138.0,11.0,381.0,-1070595034.0,136.0,9.0,4.0,70.0,-123.0,-47.0
482,74034.0,55528.0,40168.0,55092.0,36340.0,74033.0,3.515542507171631,,,,,,,,,10.645784854888916,0.7527713139851888,0.0,0.4,0.13333333333333333,0.0,0.0,,,,,,,,,74031.0,140.0,13.0,380.0,-1070595035.0,137.0,11.0,1.0,64.0,-106.0,-45.0
483,74044.0,55232.0,39950.0,55452.0,36810.0,74043.0,3.515542507171631,,,,,,,,,10.660128593444824,0.7546838124593099,0.0,0.4,0.13333333333333333,0.0,0.0,,,,,,,,,74041.0,142.0,13.0,380.0,-1070594011.0,138.0,9.0,4.0,59.0,-83.0,-44.0
484,74054.0,54695.0,40287.0,55945.0,36477.0,74053.0,3.5102639198303223,,,,,,,,,10.676247835159302,0.7568330446879069,0.0,0.4,0.13333333333333333,0.0,0.0,,,,,,,,,74051.0,142.0,13.0,380.0,-1069545435.0,137.0,10.0,4.0,54.0,-77.0,-49.0
485,74064.0,53982.0,39650.0,56628.0,37224.0,74063.0,3.5102639198303223,,,,,,,,,10.69174313545227,0.7588990847269694,0.0,0.4,0.13333333333333333,0.0,0.0,,,,,,,,,74061.0,144.0,13.0,380.0,-1069545435.0,137.0,8.0,4.0,46.0,-66.0,-53.0
486,74074.0,54443.0,41119.0,56159.0,35719.0,74073.0,3.5102639198303223,,,,,,,,,10.706095457077026,0.7608127276102702,0.0,0.4,0.13333333333333333,0.0,0.0,,,,,,,,,74071.0,145.0,13.0,380.0,-1069544411.0,138.0,7.0,5.0,34.0,-56.0,-51.0
487,74084.0,54117.0,39955.0,56125.0,36683.0,74083.0,3.5102639198303223,,,,,,,,,10.721408605575562,0.7628544807434082,0.0,0.4,0.13333333333333333,0.0,0.0,,,,,,,,,74081.0,146.0,13.0,381.0,-1069544411.0,138.0,6.0,11.0,2.0,-1.0,-56.0
488,74094.0,54381.0,40819.0,55621.0,35839.0,74093.0,3.5102639198303223,,,,,,,,,10.735894441604614,0.7647859255472819,0.0,0.4,0.13333333333333333,0.0,0.0,,,,,,,,,74091.0,147.0,14.0,381.0,-1069544412.0,138.0,7.0,13.0,3.0,-14.0,-62.0
489,74104.0,53349.0,40197.0,56403.0,36491.0,74103.0,3.5102639198303223,,,,,,,,,10.75056505203247,0.7667420069376628,0.0,0.4,0.13333333333333333,0.0,0.0,,,,,,,,,74101.0,148.0,14.0,381.0,-1069544412.0,138.0,5.0,15.0,-6.0,23.0,-75.0
490,74114.0,52999.0,40735.0,56383.0,36099.0,74113.0,3.5102639198303223,,,,,,,,,10.765619993209839,0.7687493324279785,0.0,0.4,0.13333333333333333,0.0,0.0,,,,,,,,,74111.0,150.0,14.0,382.0,-1069544412.0,140.0,5.0,18.0,-35.0,48.0,-90.0
491,74124.0,52108.0,40846.0,57082.0,36012.0,74123.0,3.5102639198303223,,,,,,,,,10.781859397888184,0.7709145863850911,0.0,0.4,0.13333333333333333,0.0,0.0,,,,,,,,,74121.0,150.0,15.0,381.0,-1069544412.0,139.0,4.0,15.0,-76.0,71.0,-98.0
492,74134.0,52749.0,40841.0,56455.0,36427.0,74133.0,3.5102639198303223,,,,,,,,,10.798083066940308,0.7730777422587077,0.0,0.4,0.13333333333333333,0.0,0.0,,,,,,,,,74131.0,150.0,14.0,381.0,-1069545437.0,137.0,2.0,16.0,-70.0,80.0,-105.0
493,74144.0,52861.0,41277.0,56279.0,36079.0,74143.0,3.515542507171631,,,,,,,,,10.815173625946045,0.7753564834594726,0.0,0.4,0.13333333333333333,0.0,0.0,,,,,,,,,74141.0,153.0,15.0,381.0,-1070594013.0,139.0,2.0,16.0,-88.0,97.0,-104.0
494,74154.0,52136.0,40866.0,56952.0,36490.0,74153.0,3.5102639198303223,,,,,,,,,10.832373142242432,0.7776497522989909,0.0,0.4,0.13333333333333333,0.0,0.0,,,,,,,,,74151.0,155.0,15.0,381.0,-1070594014.0,143.0,2.0,17.0,-95.0,95.0,-108.0
495,74164.0,50957.0,40591.0,58159.0,36773.0,74163.0,3.5102639198303223,,,,,,,,,10.848975896835327,0.7798634529113769,0.0,0.4,0.13333333333333333,0.0,0.0,,,,,,,,,74161.0,156.0,16.0,382.0,-1070595038.0,142.0,2.0,23.0,-127.0,126.0,-97.0
496,74174.0,52661.0,40857.0,56061.0,36297.0,74173.0,3.5102639198303223,,,,,,,,,10.865283727645874,0.7820378303527832,0.0,0.4,0.13333333333333333,0.0,0.0,,,,,,,,,74171.0,157.0,16.0,383.0,-1071643614.0,142.0,3.0,25.0,-100.0,103.0,-97.0
497,74184.0,51894.0,41328.0,56688.0,35790.0,74183.0,3.5102639198303223,,,,,,,,,10.880858182907104,0.7841144243876139,0.0,0.4,0.13333333333333333,0.0,0.0,,,,,,,,,74181.0,158.0,16.0,383.0,-1071644639.0,140.0,1.0,27.0,-119.0,118.0,-105.0
498,74194.0,51680.0,41130.0,56702.0,36028.0,74193.0,3.5102639198303223,,,,,,,,,10.89642333984375,0.7861897786458333,0.0,0.4,0.13333333333333333,0.0,0.0,,,,,,,,,74191.0,159.0,16.0,383.0,-1071120351.0,140.0,2.0,27.0,-92.0,92.0,-108.0
499,74204.0,52231.0,41173.0,56143.0,35969.0,74203.0,3.515542507171631,,,,,,,,,10.911755800247192,0.7882341066996257,0.0,0.4,0.13333333333333333,0.0,0.0,,,,,,,,,74201.0,161.0,17.0,383.0,-1072168927.0,140.0,2.0,27.0,-94.0,82.0,-97.0
500,74214.0,50994.0,40724.0,57336.0,36294.0,74213.0,3.515542507171631,,,,,,,,,10.926483392715454,0.7901977856953939,0.0,0.4,0.13333333333333333,0.0,0.0,,,,,,,,,74211.0,162.0,16.0,384.0,-1072167904.0,141.0,0.0,28.0,-73.0,86.0,-90.0
501,74224.0,51629.0,40975.0,56621.0,36251.0,74223.0,3.5208210945129395,,,,,,,,,10.941850900650024,0.7922467867533366,0.0,0.4,0.13333333333333333,0.0,0.0,,,,,,,,,74221.0,163.0,17.0,384.0,-1072167904.0,139.0,1.0,28.0,-86.0,83.0,-100.0
502,74234.0,51869.0,40927.0,56463.0,36261.0,74233.0,3.515542507171631,,,,,,,,,10.957662582397461,0.7943550109863281,0.0,0.4,0.13333333333333333,0.0,0.0,,,,,,,,,74231.0,165.0,17.0,385.0,-1073216481.0,140.0,2.0,29.0,-52.0,66.0,-97.0
503,74244.0,51356.0,40958.0,56868.0,36218.0,74243.0,3.515542507171631,,,,,,,,,10.972232103347778,0.7962976137797038,0.0,0.4,0.13333333333333333,0.0,0.0,,,,,,,,,74241.0,167.0,18.0,385.0,-1073215457.0,140.0,3.0,30.0,-45.0,52.0,-89.0
504,74254.0,51581.0,40407.0,56561.0,36795.0,74253.0,3.515542507171631,,,,,,,,,10.989055395126343,0.798540719350179,0.0,0.4,0.13333333333333333,0.0,0.0,,,,,,,,,74251.0,169.0,18.0,386.0,-1073215457.0,140.0,3.0,37.0,-12.0,31.0,-86.0
505,74264.0,51010.0,40518.0,56794.0,36354.0,74263.0,3.515542507171631,,,,,,,,,11.005504846572876,0.8007339795430501,0.0,0.4,0.13333333333333333,0.0,0.0,,,,,,,,,74261.0,169.0,18.0,387.0,-1073215458.0,139.0,3.0,38.0,-23.0,40.0,-87.0
506,74274.0,52226.0,41140.0,55480.0,35718.0,74273.0,3.515542507171631,,,,,,,,,11.020084142684937,0.8026778856913249,0.0,0.4,0.13333333333333333,0.0,0.0,,,,,,,,,74271.0,170.0,18.0,387.0,-536344546.0,137.0,3.0,38.0,-4.0,32.0,-87.0
507,74284.0,51689.0,40485.0,55881.0,36593.0,74283.0,3.515542507171631,,,,,,,,,11.0354642868042,0.8047285715738932,0.0,0.4,0.13333333333333333,0.0,0.0,,,,,,,,,74281.0,172.0,18.0,387.0,-536344546.0,137.0,4.0,36.0,-9.0,11.0,-91.0
508,74294.0,52126.0,40790.0,55578.0,36350.0,74293.0,3.515542507171631,,,,,,,,,11.051343441009521,0.8068457921346028,0.0,0.4,0.13333333333333333,0.0,0.0,,,,,,,,,74291.0,173.0,18.0,388.0,-536344546.0,136.0,4.0,35.0,-5.0,8.0,-85.0
509,74304.0,52946.0,41656.0,55340.0,36186.0,74303.0,3.515542507171631,,,,,,,,,11.066080570220947,0.8088107426961263,0.0,0.4,0.13333333333333333,0.0,0.0,,,,,,,,,74301.0,175.0,19.0,386.0,-536344547.0,136.0,4.0,22.0,17.0,-14.0,-90.0
510,74314.0,52248.0,41446.0,56078.0,36484.0,74313.0,3.515542507171631,,,,,,,,,11.081830739974976,0.8109107653299967,0.0,0.4,0.13333333333333333,0.0,0.0,,,,,,,,,74311.0,176.0,19.0,386.0,-1073215459.0,135.0,4.0,23.0,39.0,-42.0,-84.0
511,74324.0,52242.0,41160.0,56072.0,36710.0,74323.0,3.5102639198303223,,,,,,,,,11.097977876663208,0.8130637168884277,0.0,0.4,0.13333333333333333,0.0,0.0,,,,,,,,,74321.0,177.0,18.0,386.0,-1073215459.0,133.0,2.0,25.0,25.0,-37.0,-84.0
512,74334.0,52446.0,41028.0,55800.0,36686.0,74333.0,3.5102639198303223,,,,,,,,,11.112516403198242,0.8150021870930989,0.0,0.4,0.13333333333333333,0.0,0.0,,,,,,,,,74331.0,178.0,19.0,387.0,-1073215460.0,132.0,4.0,26.0,53.0,-44.0,-78.0
513,74344.0,52357.0,41059.0,55933.0,36571.0,74343.0,3.5049853324890137,,,,,,,,,11.128525972366333,0.8171367963155111,0.0,0.4,0.13333333333333333,0.0,0.0,,,,,,,,,74341.0,179.0,19.0,388.0,-1073215460.0,132.0,3.0,32.0,59.0,-67.0,-72.0
514,74354.0,51670.0,41026.0,56310.0,36254.0,74353.0,3.5102639198303223,,,,,,,,,11.143081903457642,0.8190775871276855,0.0,0.4,0.13333333333333333,0.0,0.0,,,,,,,,,74351.0,180.0,19.0,388.0,-1072166884.0,131.0,4.0,33.0,50.0,-38.0,-60.0
515,74364.0,51849.0,40675.0,56105.0,36583.0,74363.0,3.5102639198303223,,,,,,,,,11.15907073020935,0.8212094306945801,0.0,0.4,0.13333333333333333,0.0,0.0,,,,,,,,,74361.0,181.0,19.0,389.0,-1072167909.0,130.0,4.0,34.0,29.0,-28.0,-64.0
516,74374.0,51072.0,41342.0,56854.0,35752.0,74373.0,3.5102639198303223,,,,,,,,,11.174139499664307,0.8232185999552409,0.0,0.4,0.13333333333333333,0.0,0.0,,,,,,,,,74371.0,183.0,20.0,389.0,-1072167909.0,129.0,5.0,34.0,22.0,-22.0,-57.0
517,74384.0,50805.0,40497.0,56885.0,36673.0,74383.0,3.5102639198303223,,,,,,,,,11.189897060394287,0.8253196080525717,0.0,0.4,0.13333333333333333,0.0,0.0,,,,,,,,,74381.0,184.0,20.0,389.0,-1072167909.0,130.0,5.0,36.0,18.0,-6.0,-68.0
518,74394.0,51207.0,40931.0,56159.0,35755.0,74393.0,3.5102639198303223,,,,,,,,,11.205431461334229,0.8273908615112304,0.0,0.4,0.13333333333333333,0.0,0.0,,,,,,,,,74391.0,186.0,20.0,391.0,-1072167909.0,130.0,5.0,45.0,1.0,19.0,-60.0
519,74404.0,50656.0,40558.0,56498.0,36016.0,74403.0,3.5102639198303223,,,,,,,,,11.221254587173462,0.8295006116231283,0.0,0.4,0.13333333333333333,0.0,0.0,,,,,,,,,74401.0,187.0,20.0,392.0,-1072167909.0,129.0,4.0,46.0,19.0,10.0,-58.0
520,74414.0,51883.0,41067.0,55177.0,35529.0,74413.0,3.515542507171631,,,,,,,,,11.23581337928772,0.8314417839050293,0.0,0.4,0.13333333333333333,0.0,0.0,,,,,,,,,74411.0,184.0,20.0,392.0,-1072166886.0,120.0,3.0,45.0,13.0,7.0,-63.0
521,74424.0,51890.0,41476.0,55126.0,35132.0,74423.0,3.515542507171631,,,,,,,,,11.251460075378418,0.8335280100504557,0.0,0.4,0.13333333333333333,0.0,0.0,,,,,,,,,74421.0,185.0,21.0,392.0,-1072166886.0,119.0,6.0,44.0,22.0,13.0,-62.0
522,74434.0,50638.0,40780.0,56330.0,35748.0,74433.0,3.515542507171631,,,,,,,,,11.266107320785522,0.8354809761047364,0.0,0.4,0.13333333333333333,0.0,0.0,,,,,,,,,74431.0,186.0,21.0,393.0,-1072166886.0,120.0,5.0,46.0,27.0,-18.0,-58.0
523,74444.0,51552.0,39980.0,55344.0,36536.0,74443.0,3.515542507171631,,,,,,,,,11.281752347946167,0.8375669797261556,0.0,0.4,0.13333333333333333,0.0,0.0,,,,,,,,,74441.0,188.0,21.0,394.0,-1072166886.0,119.0,5.0,49.0,21.0,-24.0,-57.0
524,74454.0,51136.0,39852.0,55580.0,36592.0,74453.0,3.515542507171631,,,,,,,,,11.296667098999023,0.8395556131998698,0.0,0.4,0.13333333333333333,0.0,0.0,,,,,,,,,74451.0,188.0,21.0,394.0,-1072166887.0,116.0,4.0,51.0,44.0,-67.0,-59.0
525,74464.0,50563.0,39531.0,55945.0,36801.0,74463.0,3.515542507171631,,,,,,,,,11.31114673614502,0.8414862314860027,0.0,0.4,0.13333333333333333,0.0,0.0,,,,,,,,,74461.0,190.0,21.0,395.0,-1071119335.0,118.0,3.0,51.0,6.0,-67.0,-63.0
526,74474.0,51623.0,40397.0,54949.0,35899.0,74473.0,3.515542507171631,,,,,,,,,11.325945615768433,0.8434594154357911,0.0,0.4,0.13333333333333333,0.0,0.0,,,,,,,,,74471.0,190.0,22.0,396.0,-1072167911.0,116.0,4.0,52.0,-4.0,-82.0,-59.0
527,74484.0,51690.0,39792.0,54516.0,36618.0,74483.0,3.515542507171631,,,,,,,,,11.341657876968384,0.8455543835957845,0.0,0.4,0.13333333333333333,0.0,0.0,,,,,,,,,74481.0,191.0,22.0,396.0,-1072167911.0,116.0,4.0,52.0,33.0,-103.0,-69.0
528,74494.0,50630.0,40218.0,55552.0,36244.0,74493.0,3.515542507171631,,,,,,,,,11.356819152832031,0.8475758870442708,0.0,0.4,0.13333333333333333,0.0,0.0,,,,,,,,,74491.0,192.0,21.0,397.0,-1071120359.0,115.0,2.0,53.0,36.0,-128.0,-73.0
529,74504.0,52519.0,40039.0,53419.0,36347.0,74503.0,3.515542507171631,,,,,,,,,11.371389627456665,0.849518616994222,0.0,0.4,0.13333333333333333,0.0,0.0,,,,,,,,,74501.0,194.0,21.0,397.0,-1071644648.0,115.0,1.0,56.0,53.0,-126.0,-71.0
530,74514.0,51757.0,40705.0,53979.0,35579.0,74513.0,3.515542507171631,,,,,,,,,11.386687755584717,0.8515583674112955,0.0,0.4,0.13333333333333333,0.0,0.0,,,,,,,,,74511.0,195.0,22.0,398.0,-1071643624.0,116.0,4.0,58.0,87.0,-145.0,-75.0
531,74524.0,51460.0,40670.0,54008.0,35346.0,74523.0,3.515542507171631,,,,,,,,,11.40146517753601,0.8535286903381347,0.0,0.4,0.13333333333333333,0.0,0.0,,,,,,,,,74521.0,196.0,22.0,399.0,-1071643624.0,116.0,3.0,59.0,77.0,-125.0,-75.0
532,74534.0,51242.0,40612.0,54140.0,35546.0,74533.0,3.515542507171631,,,,,,,,,11.41722559928894,0.855630079905192,0.0,0.4,0.13333333333333333,0.0,0.0,,,,,,,,,74531.0,198.0,22.0,399.0,-1071643625.0,117.0,2.0,58.0,87.0,-107.0,-78.0
533,74544.0,51405.0,39695.0,53999.0,36493.0,74543.0,3.515542507171631,,,,,,,,,11.431891679763794,0.8575855573018392,0.0,0.4,0.13333333333333333,0.0,0.0,,,,,,,,,74541.0,194.0,24.0,400.0,-1070594025.0,108.0,5.0,61.0,77.0,-96.0,-69.0
534,74554.0,50727.0,40051.0,54627.0,35963.0,74553.0,3.515542507171631,,,,,,,,,11.447021961212158,0.8596029281616211,0.0,0.4,0.13333333333333333,0.0,0.0,,,,,,,,,74551.0,195.0,24.0,401.0,-1070594025.0,109.0,5.0,62.0,71.0,-82.0,-64.0
535,74564.0,51509.0,39937.0,53933.0,36433.0,74563.0,3.515542507171631,,,,,,,,,11.462243556976318,0.8616324742635091,0.0,0.4,0.13333333333333333,0.0,0.0,,,,,,,,,74561.0,197.0,24.0,400.0,-1070594025.0,110.0,4.0,55.0,80.0,-88.0,-69.0
536,74574.0,50176.0,39662.0,55284.0,36562.0,74573.0,3.5208210945129395,,,,,,,,,11.477920055389404,0.8637226740519206,0.0,0.4,0.13333333333333333,0.0,0.0,,,,,,,,,74571.0,198.0,24.0,400.0,-1070593002.0,110.0,3.0,54.0,73.0,-84.0,-64.0
537,74584.0,51486.0,39596.0,54004.0,36718.0,74583.0,3.515542507171631,,,,,,,,,11.492354154586792,0.8656472206115723,0.0,0.4,0.13333333333333333,0.0,0.0,,,,,,,,,74581.0,196.0,26.0,401.0,-1070593002.0,107.0,5.0,53.0,25.0,-74.0,-56.0
538,74594.0,50572.0,39920.0,54980.0,36488.0,74593.0,3.5208210945129395,,,,,,,,,11.5084867477417,0.8677982330322266,0.0,0.4,0.13333333333333333,0.0,0.0,,,,,,,,,74591.0,198.0,25.0,401.0,-1070593002.0,108.0,4.0,53.0,29.0,-93.0,-53.0
539,74604.0,50459.0,39267.0,54913.0,37029.0,74603.0,3.5208210945129395,,,,,,,,,11.524391174316406,0.8699188232421875,0.0,0.4,0.13333333333333333,0.0,0.0,,,,,,,,,74601.0,199.0,26.0,402.0,-1069544426.0,109.0,3.0,53.0,-4.0,-83.0,-57.0
540,74614.0,50286.0,39212.0,55178.0,36968.0,74613.0,3.515542507171631,,,,,,,,,11.540495157241821,0.8720660209655762,0.0,0.4,0.13333333333333333,0.0,0.0,,,,,,,,,74611.0,200.0,26.0,402.0,-1069543402.0,110.0,2.0,53.0,-40.0,-52.0,-47.0
541,74624.0,51391.0,39791.0,54069.0,36425.0,74623.0,3.5208210945129395,,,,,,,,,11.556098937988281,0.8741465250651042,0.0,0.4,0.13333333333333333,0.0,0.0,,,,,,,,,74621.0,201.0,26.0,403.0,-1070591979.0,111.0,1.0,53.0,-20.0,-74.0,-51.0
542,74634.0,50252.0,39448.0,54988.0,36788.0,74633.0,3.515542507171631,,,,,,,,,11.571477174758911,0.8761969566345215,0.0,0.4,0.13333333333333333,0.0,0.0,,,,,,,,,74631.0,202.0,26.0,403.0,-1070591979.0,111.0,0.0,53.0,-2.0,-69.0,-55.0
543,74644.0,51326.0,40212.0,53746.0,36188.0,74643.0,3.5208210945129395,,,,,,,,,11.586699485778809,0.8782265981038412,0.0,0.4,0.13333333333333333,0.0,0.0,,,,,,,,,74641.0,203.0,26.0,404.0,-1070591979.0,113.0,0.0,52.0,-26.0,-38.0,-58.0
544,74654.0,49882.0,39898.0,55110.0,36490.0,74653.0,3.5208210945129395,,,,,,,,,11.601988792419434,0.8802651723225912,0.0,0.4,0.13333333333333333,0.0,0.0,,,,,,,,,74651.0,203.0,26.0,405.0,-1070590955.0,112.0,-1.0,51.0,15.0,-25.0,-61.0
545,74664.0,50394.0,40606.0,54654.0,35958.0,74663.0,3.5208210945129395,,,,,,,,,11.618155002593994,0.8824206670125325,0.0,0.4,0.13333333333333333,0.0,0.0,,,,,,,,,74661.0,204.0,26.0,405.0,-1070590955.0,113.0,-1.0,50.0,-4.0,6.0,-63.0
546,74674.0,51194.0,40342.0,53816.0,36456.0,74673.0,3.5208210945129395,,,,,,,,,11.635095357894897,0.884679381052653,0.0,0.4,0.13333333333333333,0.0,0.0,,,,,,,,,74671.0,206.0,26.0,406.0,-1070590956.0,116.0,-2.0,50.0,39.0,8.0,-71.0
547,74684.0,50795.0,40789.0,54063.0,36113.0,74683.0,3.5208210945129395,,,,,,,,,11.650706052780151,0.8867608070373535,0.0,0.4,0.13333333333333333,0.0,0.0,,,,,,,,,74681.0,208.0,27.0,406.0,-1070590956.0,119.0,0.0,50.0,21.0,15.0,-75.0
548,74694.0,50529.0,40489.0,54477.0,36593.0,74693.0,3.5208210945129395,,,,,,,,,11.665412187576294,0.8887216250101725,0.0,0.4,0.13333333333333333,0.0,0.0,,,,,,,,,74691.0,209.0,27.0,406.0,-1070590956.0,120.0,-1.0,43.0,18.0,28.0,-70.0
549,74704.0,49801.0,40527.0,55291.0,36629.0,74703.0,3.5208210945129395,,,,,,,,,11.681099653244019,0.8908132870992025,0.0,0.4,0.13333333333333333,0.0,0.0,,,,,,,,,74701.0,211.0,27.0,406.0,-1070590956.0,122.0,-2.0,42.0,-12.0,33.0,-69.0
550,74714.0,49467.0,40507.0,55603.0,36819.0,74713.0,3.515542507171631,,,,,,,,,11.696637153625488,0.8928849538167317,0.0,0.4,0.13333333333333333,0.0,0.0,,,,,,,,,74711.0,211.0,27.0,406.0,-1070591981.0,121.0,-4.0,41.0,-46.0,39.0,-69.0
551,74724.0,49830.0,40482.0,55158.0,36962.0,74723.0,3.515542507171631,,,,,,,,,11.712159156799316,0.8949545542399089,0.0,0.4,0.13333333333333333,0.0,0.0,,,,,,,,,74721.0,213.0,27.0,407.0,-1070591981.0,123.0,-3.0,41.0,-28.0,24.0,-75.0
552,74734.0,51118.0,40462.0,53736.0,37116.0,74733.0,3.515542507171631,,,,,,,,,11.728898763656616,0.8971865018208821,0.0,0.4,0.13333333333333333,0.0,0.0,,,,,,,,,74731.0,214.0,27.0,408.0,-1070591981.0,124.0,-4.0,44.0,-10.0,3.0,-77.0
553,74744.0,49031.0,40083.0,55747.0,37151.0,74743.0,3.515542507171631,,,,,,,,,11.743932247161865,0.8991909662882487,0.0,0.4,0.13333333333333333,0.0,0.0,,,,,,,,,74741.0,214.0,28.0,408.0,-1070591981.0,122.0,-4.0,43.0,-39.0,-9.0,-66.0
554,74754.0,49703.0,40083.0,54979.0,37319.0,74753.0,3.515542507171631,,,,,,,,,11.760515213012695,0.9014020284016927,0.0,0.4,0.13333333333333333,0.0,0.0,,,,,,,,,74751.0,215.0,28.0,409.0,-1070591982.0,123.0,-4.0,43.0,-18.0,-14.0,-70.0
555,74764.0,49255.0,40495.0,55305.0,37029.0,74763.0,3.515542507171631,,,,,,,,,11.776043891906738,0.9034725189208984,0.0,0.4,0.13333333333333333,0.0,0.0,,,,,,,,,74761.0,216.0,29.0,409.0,-1070591982.0,124.0,-3.0,44.0,-22.0,0.0,-72.0
556,74774.0,49806.0,40244.0,54606.0,37292.0,74773.0,3.515542507171631,,,,,,,,,11.79136347770691,0.9055151303609212,0.0,0.4,0.13333333333333333,0.0,0.0,,,,,,,,,74771.0,218.0,29.0,409.0,-1070591982.0,126.0,-3.0,45.0,-4.0,0.0,-75.0
557,74784.0,50108.0,40664.0,54268.0,36656.0,74783.0,3.515542507171631,,,,,,,,,11.807167053222656,0.9076222737630208,0.0,0.4,0.13333333333333333,0.0,0.0,,,,,,,,,74781.0,219.0,29.0,410.0,-1070591983.0,128.0,-4.0,44.0,6.0,4.0,-72.0
558,74794.0,49728.0,40828.0,54654.0,36602.0,74793.0,3.515542507171631,,,,,,,,,11.824635028839111,0.9099513371785481,0.0,0.4,0.13333333333333333,0.0,0.0,,,,,,,,,74791.0,220.0,28.0,410.0,-1070591983.0,127.0,-6.0,42.0,-6.0,1.0,-71.0
559,74804.0,49367.0,40843.0,54817.0,36745.0,74803.0,3.515542507171631,,,,,,,,,11.840417861938477,0.9120557149251302,0.0,0.4,0.13333333333333333,0.0,0.0,,,,,,,,,74801.0,221.0,29.0,411.0,-1070591983.0,129.0,-5.0,44.0,19.0,13.0,-80.0
560,74814.0,49703.0,40991.0,54239.0,36699.0,74813.0,3.515542507171631,,,,,,,,,11.856674432754517,0.9142232577006022,0.0,0.4,0.13333333333333333,0.0,0.0,,,,,,,,,74811.0,224.0,29.0,411.0,-1070591983.0,133.0,-5.0,45.0,22.0,24.0,-82.0
561,74824.0,49777.0,41523.0,54029.0,36131.0,74823.0,3.515542507171631,,,,,,,,,11.871342420578003,0.9161789894104004,0.0,0.4,0.13333333333333333,0.0,0.0,,,,,,,,,74821.0,225.0,30.0,411.0,-1070591984.0,133.0,-5.0,43.0,18.0,42.0,-85.0
562,74834.0,49264.0,40932.0,54594.0,36766.0,74833.0,3.515542507171631,,,,,,,,,11.88783884048462,0.9183785120646158,0.0,0.4,0.13333333333333333,0.0,0.0,,,,,,,,,74831.0,226.0,30.0,412.0,-1070591984.0,134.0,-5.0,41.0,14.0,52.0,-81.0
563,74844.0,49939.0,41777.0,53867.0,35969.0,74843.0,3.515542507171631,,,,,,,,,11.903832197189331,0.9205109596252441,0.0,0.4,0.13333333333333333,0.0,0.0,,,,,,,,,74841.0,226.0,30.0,412.0,-1070593008.0,132.0,-6.0,40.0,18.0,65.0,-79.0
564,74854.0,49193.0,40677.0,54657.0,37085.0,74853.0,3.515542507171631,,,,,,,,,11.919004440307617,0.922533925374349,0.0,0.4,0.13333333333333333,0.0,0.0,,,,,,,,,74851.0,227.0,30.0,413.0,-1070593009.0,133.0,-6.0,42.0,16.0,75.0,-74.0
565,74864.0,48874.0,41102.0,54788.0,36716.0,74863.0,3.515542507171631,,,,,,,,,11.938423871994019,0.9251231829325358,0.0,0.4,0.13333333333333333,0.0,0.0,,,,,,,,,74861.0,227.0,30.0,412.0,-1070593009.0,130.0,-6.0,37.0,-3.0,73.0,-81.0
566,74874.0,48961.0,41799.0,54741.0,36271.0,74873.0,3.515542507171631,,,,,,,,,11.955311059951782,0.927374807993571,0.0,0.4,0.13333333333333333,0.0,0.0,,,,,,,,,74871.0,228.0,30.0,412.0,-1070593009.0,130.0,-7.0,37.0,-31.0,66.0,-83.0
567,74884.0,47608.0,41530.0,56100.0,36518.0,74883.0,3.515542507171631,,,,,,,,,11.970873355865479,0.9294497807820638,0.0,0.4,0.13333333333333333,0.0,0.0,,,,,,,,,74881.0,229.0,30.0,413.0,-1070594033.0,130.0,-7.0,36.0,-15.0,43.0,-77.0
568,74894.0,48827.0,41245.0,54755.0,36857.0,74893.0,3.515542507171631,,,,,,,,,11.98692512512207,0.9315900166829427,0.0,0.4,0.13333333333333333,0.0,0.0,,,,,,,,,74891.0,230.0,31.0,413.0,-1071642610.0,131.0,-6.0,36.0,-29.0,29.0,-76.0
569,74904.0,49780.0,40876.0,53742.0,37322.0,74903.0,3.515542507171631,,,,,,,,,12.002338647842407,0.9336451530456543,0.0,0.4,0.13333333333333333,0.0,0.0,,,,,,,,,74901.0,233.0,31.0,414.0,-1071642610.0,135.0,-6.0,36.0,-35.0,12.0,-74.0
570,74914.0,48659.0,40591.0,54781.0,37529.0,74913.0,3.515542507171631,,,,,,,,,12.01850152015686,0.9358002026875814,0.0,0.4,0.13333333333333333,0.0,0.0,,,,,,,,,74911.0,235.0,31.0,414.0,-1071642610.0,137.0,-6.0,36.0,-29.0,-14.0,-78.0
571,74924.0,48970.0,41040.0,54394.0,37140.0,74923.0,3.515542507171631,,,,,,,,,12.034587860107422,0.9379450480143229,0.0,0.4,0.13333333333333333,0.0,0.0,,,,,,,,,74921.0,236.0,31.0,414.0,-1071642611.0,138.0,-7.0,35.0,-18.0,-43.0,-78.0
572,74934.0,49495.0,40701.0,53693.0,37603.0,74933.0,3.5102639198303223,,,,,,,,,12.050180435180664,0.9400240580240885,0.0,0.4,0.13333333333333333,0.0,0.0,,,,,,,,,74931.0,238.0,31.0,415.0,-1071642611.0,138.0,-7.0,34.0,-37.0,-53.0,-80.0
573,74944.0,49177.0,40929.0,54097.0,37417.0,74943.0,3.515542507171631,,,,,,,,,12.066505193710327,0.9422006924947103,0.0,0.4,0.13333333333333333,0.0,0.0,,,,,,,,,74941.0,237.0,33.0,415.0,-1071642611.0,134.0,-5.0,33.0,-16.0,-52.0,-76.0
574,74954.0,49109.0,40551.0,54147.0,37685.0,74953.0,3.515542507171631,,,,,,,,,12.081933975219727,0.9442578633626302,0.0,0.4,0.13333333333333333,0.0,0.0,,,,,,,,,74951.0,238.0,33.0,415.0,-1071641587.0,134.0,-5.0,33.0,-3.0,-46.0,-71.0
575,74964.0,48336.0,41010.0,54804.0,37454.0,74963.0,3.515542507171631,,,,,,,,,12.09890866279602,0.9465211550394694,0.0,0.4,0.13333333333333333,0.0,0.0,,,,,,,,,74961.0,239.0,32.0,416.0,-1071641588.0,135.0,-7.0,32.0,12.0,-48.0,-76.0
576,74974.0,49669.0,41749.0,53323.0,36779.0,74973.0,3.515542507171631,,,,,,,,,12.114932298660278,0.9486576398213704,0.0,0.4,0.13333333333333333,0.0,0.0,,,,,,,,,74971.0,241.0,32.0,416.0,-1071641588.0,136.0,-8.0,31.0,6.0,-9.0,-73.0
577,74984.0,48375.0,42109.0,54667.0,36457.0,74983.0,3.515542507171631,,,,,,,,,12.129752397537231,0.9506336530049642,0.0,0.4,0.13333333333333333,0.0,0.0,,,,,,,,,74981.0,241.0,32.0,416.0,-1071641588.0,135.0,-8.0,30.0,24.0,-10.0,-79.0
578,74994.0,49101.0,41783.0,53809.0,36899.0,74993.0,3.515542507171631,,,,,,,,,12.144958257675171,0.9526611010233561,0.0,0.4,0.13333333333333333,0.0,0.0,,,,,,,,,74991.0,243.0,32.0,415.0,-1071641588.0,136.0,-7.0,22.0,44.0,31.0,-78.0
579,75004.0,49041.0,41817.0,54259.0,37291.0,75003.0,3.515542507171631,,,,,,,,,12.16076922416687,0.954769229888916,0.0,0.4,0.13333333333333333,0.0,0.0,,,,,,,,,75001.0,245.0,32.0,416.0,-1071641589.0,138.0,-8.0,21.0,17.0,29.0,-82.0
580,75014.0,49351.0,41947.0,53823.0,37195.0,75013.0,3.5102639198303223,,,,,,,,,12.177413940429688,0.956988525390625,0.0,0.4,0.13333333333333333,0.0,0.0,,,,,,,,,75011.0,246.0,33.0,416.0,-1071641589.0,138.0,-7.0,22.0,21.0,66.0,-80.0
581,75024.0,49416.0,41892.0,53784.0,37204.0,75023.0,3.5102639198303223,,,,,,,,,12.1931631565094,0.9590884208679199,0.0,0.4,0.13333333333333333,0.0,0.0,,,,,,,,,75021.0,247.0,33.0,416.0,-1071642613.0,138.0,-8.0,20.0,37.0,48.0,-77.0
582,75034.0,47867.0,41523.0,55285.0,37757.0,75033.0,3.5102639198303223,,,,,,,,,12.207680225372314,0.9610240300496419,0.0,0.4,0.13333333333333333,0.0,0.0,,,,,,,,,75031.0,249.0,33.0,416.0,-1071642614.0,139.0,-8.0,17.0,-7.0,33.0,-80.0
583,75044.0,48830.0,41298.0,54542.0,38114.0,75043.0,3.5102639198303223,,,,,,,,,12.223244190216064,0.9630992253621419,0.0,0.4,0.13333333333333333,0.0,0.0,,,,,,,,,75041.0,251.0,33.0,416.0,-1071642614.0,142.0,-8.0,17.0,-16.0,37.0,-71.0
584,75054.0,48257.0,41039.0,54949.0,38551.0,75053.0,3.5102639198303223,,,,,,,,,12.238824605941772,0.9651766141255697,0.0,0.4,0.13333333333333333,0.0,0.0,,,,,,,,,75051.0,252.0,33.0,416.0,-1071642614.0,143.0,-9.0,17.0,-32.0,28.0,-78.0
585,75064.0,48789.0,41979.0,54279.0,37725.0,75063.0,3.5102639198303223,,,,,,,,,12.254104852676392,0.9672139803568522,0.0,0.4,0.13333333333333333,0.0,0.0,,,,,,,,,75061.0,251.0,34.0,417.0,-1071642614.0,137.0,-7.0,18.0,-68.0,32.0,-77.0
586,75074.0,48331.0,42349.0,54675.0,37401.0,75073.0,3.5102639198303223,,,,,,,,,12.270571231842041,0.9694094975789388,0.0,0.4,0.13333333333333333,0.0,0.0,,,,,,,,,75071.0,252.0,34.0,417.0,-1071642615.0,138.0,-7.0,18.0,-64.0,12.0,-83.0
587,75084.0,48126.0,42318.0,54784.0,37328.0,75083.0,3.5102639198303223,,,,,,,,,12.285458326339722,0.9713944435119629,0.0,0.4,0.13333333333333333,0.0,0.0,,,,,,,,,75081.0,254.0,34.0,417.0,-1072691191.0,138.0,-6.0,19.0,-56.0,3.0,-78.0
588,75094.0,48346.0,42224.0,54678.0,37396.0,75093.0,3.5102639198303223,,,,,,,,,12.30077862739563,0.9734371503194174,0.0,0.4,0.13333333333333333,0.0,0.0,,,,,,,,,75091.0,256.0,35.0,417.0,-1072691191.0,140.0,-6.0,17.0,-37.0,-7.0,-62.0
589,75104.0,48700.0,42396.0,54344.0,37416.0,75103.0,3.5102639198303223,,,,,,,,,12.31605577468872,0.9754741032918294,0.0,0.4,0.13333333333333333,0.0,0.0,,,,,,,,,75101.0,256.0,34.0,418.0,-1072691192.0,138.0,-7.0,16.0,-29.0,0.0,-66.0
590,75114.0,48233.0,42013.0,54873.0,37677.0,75113.0,3.5102639198303223,,,,,,,,,12.331393003463745,0.9775190671284993,0.0,0.4,0.13333333333333333,0.0,0.0,,,,,,,,,75111.0,259.0,35.0,418.0,-1072691192.0,142.0,-6.0,17.0,17.0,21.0,-57.0
591,75124.0,49343.0,41975.0,53645.0,37725.0,75123.0,3.5102639198303223,,,,,,,,,12.348901987075806,0.9798535982767741,0.0,0.4,0.13333333333333333,0.0,0.0,,,,,,,,,75121.0,261.0,35.0,418.0,-1072691192.0,143.0,-6.0,20.0,19.0,24.0,-60.0
592,75134.0,48652.0,42374.0,53988.0,37446.0,75133.0,3.5102639198303223,,,,,,,,,12.366415739059448,0.9821887652079264,0.0,0.4,0.13333333333333333,0.0,0.0,,,,,,,,,75131.0,263.0,35.0,418.0,-1072692216.0,145.0,-7.0,19.0,43.0,13.0,-73.0
593,75144.0,48235.0,42243.0,54387.0,37635.0,75143.0,3.5102639198303223,,,,,,,,,12.383777856826782,0.984503714243571,0.0,0.4,0.13333333333333333,0.0,0.0,,,,,,,,,75141.0,263.0,36.0,419.0,-1072692217.0,143.0,-4.0,19.0,58.0,48.0,-71.0
594,75154.0,48657.0,42549.0,53957.0,37345.0,75153.0,3.5102639198303223,,,,,,,,,12.400467157363892,0.9867289543151856,0.0,0.4,0.13333333333333333,0.0,0.0,,,,,,,,,75151.0,264.0,36.0,419.0,-1072692217.0,142.0,-5.0,20.0,69.0,47.0,-70.0
595,75164.0,47743.0,42441.0,54775.0,37381.0,75163.0,3.5102639198303223,,,,,,,,,12.415908336639404,0.9887877782185872,0.0,0.4,0.13333333333333333,0.0,0.0,,,,,,,,,75161.0,265.0,35.0,418.0,-1071643641.0,142.0,-7.0,17.0,79.0,41.0,-72.0
596,75174.0,48903.0,42901.0,53637.0,37207.0,75173.0,3.5102639198303223,,,,,,,,,12.430948495864868,0.9907931327819824,0.0,0.4,0.13333333333333333,0.0,0.0,,,,,,,,,75171.0,265.0,35.0,419.0,-1071643641.0,139.0,-6.0,16.0,65.0,51.0,-70.0
597,75184.0,48588.0,43024.0,54022.0,37178.0,75183.0,3.5102639198303223,,,,,,,,,12.44637942314148,0.9928505897521973,0.0,0.4,0.13333333333333333,0.0,0.0,,,,,,,,,75181.0,268.0,35.0,419.0,-1071643642.0,142.0,-7.0,14.0,58.0,23.0,-68.0
598,75194.0,48559.0,42399.0,54099.0,37971.0,75193.0,3.5102639198303223,,,,,,,,,12.46155571937561,0.994874095916748,0.0,0.4,0.13333333333333333,0.0,0.0,,,,,,,,,75191.0,270.0,35.0,419.0,-1071643642.0,143.0,-8.0,13.0,42.0,5.0,-70.0
599,75204.0,49182.0,42204.0,53426.0,38188.0,75203.0,3.5102639198303223,,,,,,,,,12.477400064468384,0.9969866752624512,0.0,0.4,0.13333333333333333,0.0,0.0,,,,,,,,,75201.0,271.0,35.0,419.0,-1071643642.0,142.0,-7.0,14.0,3.0,18.0,-63.0
600,75214.0,48670.0,42198.0,54232.0,38184.0,75213.0,3.5102639198303223,,,,,,,,,12.492681741714478,0.999024232228597,0.0,0.4,0.13333333333333333,0.0,0.0,,,,,,,,,75211.0,274.0,36.0,419.0,-1071643642.0,146.0,-6.0,11.0,-7.0,-24.0,-62.0
601,75224.0,49410.0,41356.0,53372.0,39074.0,75223.0,3.5102639198303223,,,,,,,,,12.508046865463257,1.001072915395101,0.0,0.4,0.13333333333333333,0.0,0.0,,,,,,,,,75221.0,276.0,36.0,419.0,-1071643642.0,147.0,-7.0,12.0,-30.0,-25.0,-61.0
602,75234.0,48720.0,42334.0,54032.0,38030.0,75233.0,3.5102639198303223,,,,,,,,,12.524083375930786,1.0032111167907716,0.0,0.4,0.13333333333333333,0.0,0.0,,,,,,,,,75231.0,277.0,37.0,419.0,-1071643643.0,146.0,-6.0,13.0,-39.0,-26.0,-52.0
603,75244.0,48357.0,41341.0,54145.0,39193.0,75243.0,3.5102639198303223,,,,,,,,,12.539515972137451,1.0052687962849935,0.0,0.4,0.13333333333333333,0.0,0.0,,,,,,,,,75241.0,278.0,37.0,419.0,-1071643643.0,146.0,-7.0,14.0,-18.0,-30.0,-64.0
604,75254.0,48602.0,42124.0,54058.0,38484.0,75253.0,3.5102639198303223,,,,,,,,,12.556695699691772,1.0075594266255696,0.0,0.4,0.13333333333333333,0.0,0.0,,,,,,,,,75251.0,279.0,37.0,419.0,-1071643643.0,146.0,-7.0,12.0,-52.0,-9.0,-48.0
605,75264.0,47594.0,41980.0,54792.0,38738.0,75263.0,3.5102639198303223,,,,,,,,,12.571519613265991,1.0095359484354656,0.0,0.4,0.13333333333333333,0.0,0.0,,,,,,,,,75261.0,281.0,37.0,419.0,-1071643643.0,146.0,-8.0,12.0,-21.0,-5.0,-63.0
606,75274.0,48086.0,43138.0,54384.0,37464.0,75273.0,3.5102639198303223,,,,,,,,,12.586846351623535,1.0115795135498047,0.0,0.4,0.13333333333333333,0.0,0.0,,,,,,,,,75271.0,277.0,38.0,419.0,-1071643643.0,136.0,-4.0,12.0,-19.0,23.0,-56.0
607,75284.0,47901.0,43147.0,54587.0,37429.0,75283.0,3.5102639198303223,,,,,,,,,12.601378917694092,1.013517189025879,0.0,0.4,0.13333333333333333,0.0,0.0,,,,,,,,,75281.0,278.0,38.0,419.0,-1071643644.0,134.0,-6.0,11.0,1.0,23.0,-54.0
608,75294.0,48613.0,43391.0,53767.0,37357.0,75293.0,3.5102639198303223,,,,,,,,,12.616491317749023,1.0155321756998699,0.0,0.4,0.13333333333333333,0.0,0.0,,,,,,,,,75291.0,279.0,38.0,421.0,-1071644668.0,135.0,-7.0,22.0,37.0,30.0,-54.0
609,75304.0,48728.0,43518.0,52848.0,36882.0,75303.0,3.5102639198303223,,,,,,,,,12.631196022033691,1.0174928029378256,0.0,0.4,0.13333333333333333,0.0,0.0,,,,,,,,,75301.0,281.0,38.0,421.0,-1071644668.0,137.0,-6.0,21.0,56.0,10.0,-69.0
610,75314.0,48800.0,43014.0,52832.0,37406.0,75313.0,3.5049853324890137,,,,,,,,,12.645841836929321,1.019445578257243,0.0,0.4,0.13333333333333333,0.0,0.0,,,,,,,,,75311.0,282.0,39.0,422.0,-1071644668.0,136.0,-5.0,20.0,69.0,-2.0,-72.0
611,75324.0,48219.0,42297.0,53187.0,38425.0,75323.0,3.5049853324890137,,,,,,,,,12.660133600234985,1.021351146697998,0.0,0.4,0.13333333333333333,0.0,0.0,,,,,,,,,75321.0,286.0,38.0,422.0,-1071643645.0,140.0,-7.0,20.0,72.0,-1.0,-74.0
612,75334.0,48616.0,43536.0,52690.0,37246.0,75333.0,3.5102639198303223,,,,,,,,,12.675896644592285,1.023452885945638,0.0,0.4,0.13333333333333333,0.0,0.0,,,,,,,,,75331.0,287.0,38.0,422.0,-1070595069.0,140.0,-7.0,20.0,66.0,-20.0,-84.0
613,75344.0,48665.0,42605.0,52435.0,38243.0,75343.0,3.5102639198303223,,,,,,,,,12.69176721572876,1.025568962097168,0.0,0.4,0.13333333333333333,0.0,0.0,,,,,,,,,75341.0,289.0,37.0,422.0,-1070595069.0,142.0,-10.0,22.0,74.0,-23.0,-86.0
614,75354.0,48187.0,42451.0,52749.0,38473.0,75353.0,3.5102639198303223,,,,,,,,,12.707981824874878,1.027730909983317,0.0,0.4,0.13333333333333333,0.0,0.0,,,,,,,,,75351.0,290.0,38.0,423.0,-1070595069.0,141.0,-9.0,22.0,54.0,-69.0,-93.0
615,75364.0,48585.0,42441.0,52443.0,38395.0,75363.0,3.5102639198303223,,,,,,,,,12.722543478012085,1.0296724637349446,0.0,0.4,0.13333333333333333,0.0,0.0,,,,,,,,,75361.0,292.0,38.0,423.0,-1070595070.0,142.0,-10.0,21.0,42.0,-72.0,-84.0
616,75374.0,47618.0,41996.0,53252.0,38938.0,75373.0,3.5102639198303223,,,,,,,,,12.73886251449585,1.0318483352661132,0.0,0.4,0.13333333333333333,0.0,0.0,,,,,,,,,75371.0,293.0,37.0,423.0,-1070595070.0,143.0,-11.0,23.0,-15.0,-74.0,-82.0
617,75384.0,47300.0,42494.0,53390.0,38420.0,75383.0,3.5102639198303223,,,,,,,,,12.754572868347168,1.0339430491129558,0.0,0.4,0.13333333333333333,0.0,0.0,,,,,,,,,75381.0,293.0,40.0,423.0,-1070595070.0,140.0,-7.0,25.0,-42.0,-83.0,-86.0
618,75394.0,48290.0,42590.0,52100.0,38404.0,75393.0,3.5102639198303223,,,,,,,,,12.77081823348999,1.0361090977986653,0.0,0.4,0.13333333333333333,0.0,0.0,,,,,,,,,75391.0,295.0,39.0,424.0,-1070594047.0,140.0,-8.0,25.0,-71.0,-67.0,-87.0
619,75404.0,47137.0,42229.0,53129.0,38721.0,75403.0,3.5102639198303223,,,,,,,,,12.786061525344849,1.0381415367126465,0.0,0.4,0.13333333333333333,0.0,0.0,,,,,,,,,75401.0,293.0,39.0,424.0,-1070594047.0,135.0,-11.0,24.0,-51.0,-45.0,-89.0
620,75414.0,47196.0,42708.0,52990.0,38410.0,75413.0,3.5102639198303223,,,,,,,,,12.801656246185303,1.0402208328247071,0.0,0.4,0.13333333333333333,0.0,0.0,,,,,,,,,75411.0,295.0,39.0,424.0,-1070594047.0,137.0,-11.0,24.0,-35.0,0.0,-101.0
621,75424.0,47074.0,42632.0,53020.0,38466.0,75423.0,3.5102639198303223,,,,,,,,,12.81856393814087,1.0424751917521158,0.0,0.4,0.13333333333333333,0.0,0.0,,,,,,,,,75421.0,297.0,39.0,425.0,-1070594048.0,137.0,-11.0,29.0,-46.0,0.0,-85.0
622,75434.0,46597.0,43565.0,53031.0,37527.0,75433.0,3.5102639198303223,,,,,,,,,12.833787202835083,1.044504960378011,0.0,0.4,0.13333333333333333,0.0,0.0,,,,,,,,,75431.0,300.0,39.0,426.0,-1071642112.0,141.0,-12.0,29.0,-5.0,14.0,-105.0
623,75444.0,47111.0,43441.0,52275.0,37813.0,75443.0,3.5102639198303223,,,,,,,,,12.849357843399048,1.0465810457865397,0.0,0.4,0.13333333333333333,0.0,0.0,,,,,,,,,75441.0,301.0,39.0,426.0,-1071642112.0,142.0,-12.0,28.0,17.0,43.0,-114.0
624,75454.0,46861.0,43433.0,52441.0,37901.0,75453.0,3.5102639198303223,,,,,,,,,12.864721059799194,1.0486294746398925,0.0,0.4,0.13333333333333333,0.0,0.0,,,,,,,,,75451.0,301.0,38.0,426.0,-1070593535.0,139.0,-13.0,25.0,24.0,57.0,-106.0
625,75464.0,46609.0,43735.0,52599.0,37917.0,75463.0,3.515542507171631,,,,,,,,,12.87923264503479,1.0505643526713053,0.0,0.4,0.13333333333333333,0.0,0.0,,,,,,,,,75461.0,303.0,38.0,426.0,-1070593535.0,140.0,-14.0,24.0,42.0,51.0,-118.0
626,75474.0,47018.0,43922.0,52296.0,37984.0,75473.0,3.515542507171631,,,,,,,,,12.89432954788208,1.052577273050944,0.0,0.4,0.13333333333333333,0.0,0.0,,,,,,,,,75471.0,304.0,39.0,426.0,-1070593534.0,141.0,-12.0,19.0,32.0,34.0,-120.0
627,75484.0,47347.0,43889.0,51877.0,38159.0,75483.0,3.515542507171631,,,,,,,,,12.910169839859009,1.054689311981201,0.0,0.4,0.13333333333333333,0.0,0.0,,,,,,,,,75481.0,305.0,40.0,426.0,-1070594558.0,140.0,-12.0,17.0,40.0,15.0,-120.0
628,75494.0,47129.0,43319.0,52233.0,38799.0,75493.0,3.5102639198303223,,,,,,,,,12.926406621932983,1.056854216257731,0.0,0.4,0.13333333333333333,0.0,0.0,,,,,,,,,75491.0,306.0,39.0,426.0,-1070594558.0,139.0,-14.0,15.0,42.0,4.0,-109.0
629,75504.0,47620.0,43042.0,51686.0,39240.0,75503.0,3.5102639198303223,,,,,,,,,12.943752765655518,1.0591670354207356,0.0,0.4,0.13333333333333333,0.0,0.0,,,,,,,,,75501.0,307.0,39.0,426.0,-1070594557.0,140.0,-15.0,12.0,36.0,-19.0,-108.0
630,75514.0,47781.0,43425.0,51719.0,39615.0,75513.0,3.5102639198303223,,,,,,,,,12.96059799194336,1.0614130655924479,0.0,0.4,0.13333333333333333,0.0,0.0,,,,,,,,,75511.0,307.0,39.0,425.0,-1070594557.0,136.0,-15.0,3.0,12.0,-32.0,-116.0
631,75524.0,47974.0,43626.0,51550.0,39562.0,75523.0,3.5102639198303223,,,,,,,,,12.976293563842773,1.0635058085123699,0.0,0.4,0.13333333333333333,0.0,0.0,,,,,,,,,75521.0,308.0,39.0,425.0,-1070594556.0,135.0,-14.0,0.0,18.0,-72.0,-119.0
632,75534.0,47951.0,43365.0,51665.0,39975.0,75533.0,3.5049853324890137,,,,,,,,,12.99153447151184,1.065537929534912,0.0,0.4,0.13333333333333333,0.0,0.0,,,,,,,,,75531.0,310.0,40.0,425.0,-1070593532.0,139.0,-14.0,-1.0,19.0,-75.0,-114.0
633,75544.0,47584.0,44090.0,51994.0,39476.0,75543.0,3.5049853324890137,,,,,,,,,13.008009195327759,1.0677345593770344,0.0,0.4,0.13333333333333333,0.0,0.0,,,,,,,,,75541.0,312.0,40.0,425.0,-1070593531.0,139.0,-15.0,-1.0,7.0,-77.0,-123.0
634,75554.0,47665.0,43835.0,51973.0,39695.0,75553.0,3.499706745147705,,,,,,,,,13.029758930206299,1.0706345240275066,0.0,0.4,0.13333333333333333,0.0,0.0,,,,,,,,,75551.0,313.0,40.0,426.0,-1070593531.0,140.0,-15.0,4.0,-2.0,-71.0,-109.0
635,75564.0,47769.0,44227.0,51463.0,39029.0,75563.0,3.499706745147705,,,,,,,,,13.051296710968018,1.073506228129069,0.0,0.4,0.13333333333333333,0.0,0.0,,,,,,,,,75561.0,316.0,40.0,426.0,-1070592507.0,142.0,-15.0,3.0,18.0,-65.0,-104.0
636,75574.0,47959.0,44261.0,51235.0,39177.0,75573.0,3.499706745147705,,,,,,,,,13.066444158554077,1.0755258878072103,0.0,0.4,0.13333333333333333,0.0,0.0,,,,,,,,,75571.0,318.0,40.0,426.0,-1070592506.0,144.0,-16.0,2.0,14.0,-39.0,-112.0
637,75584.0,47493.0,44335.0,51683.0,39253.0,75583.0,3.499706745147705,,,,,,,,,13.08146619796753,1.0775288263956706,0.0,0.4,0.13333333333333333,0.0,0.0,,,,,,,,,75581.0,319.0,40.0,426.0,-1070592506.0,145.0,-17.0,0.0,44.0,-30.0,-106.0
638,75594.0,47559.0,44817.0,51601.0,38911.0,75593.0,3.499706745147705,,,,,,,,,13.112219095230103,1.081629212697347,0.0,0.4,0.13333333333333333,0.0,0.0,,,,,,,,,75591.0,320.0,40.0,426.0,-1069543929.0,144.0,-18.0,-2.0,17.0,-16.0,-105.0
639,75604.0,46605.0,45157.0,52557.0,38841.0,75603.0,3.5049853324890137,,,,,,,,,13.28607726097107,1.1048103014628092,0.0,0.4,0.13333333333333333,0.0,0.0,,,,,,,,,75601.0,321.0,40.0,426.0,-1069543929.0,145.0,-18.0,-2.0,15.0,0.0,-110.0
640,75614.0,47263.0,44581.0,51707.0,39633.0,75613.0,3.499706745147705,,,,,,,,,13.324337720870972,1.1099116961161295,0.0,0.4,0.13333333333333333,0.0,0.0,,,,,,,,,75611.0,323.0,40.0,426.0,-1069543929.0,146.0,-19.0,-2.0,1.0,21.0,-118.0
641,75624.0,47405.0,45001.0,51555.0,39275.0,75623.0,3.499706745147705,,,,,,,,,13.362009048461914,1.114934539794922,0.0,0.4,0.13333333333333333,0.0,0.0,,,,,,,,,75621.0,324.0,40.0,426.0,-1069543928.0,147.0,-20.0,-3.0,6.0,32.0,-110.0
642,75634.0,47773.0,44907.0,51059.0,39609.0,75633.0,3.499706745147705,,,,,,,,,13.41164779663086,1.1215530395507813,0.0,0.4,0.13333333333333333,0.0,0.0,,,,,,,,,75631.0,320.0,40.0,426.0,-1069543928.0,137.0,-19.0,-4.0,-4.0,29.0,-123.0
643,75644.0,45875.0,44777.0,52605.0,39719.0,75643.0,3.499706745147705,,,,,,,,,13.440962553024292,1.1254616737365724,0.0,0.4,0.13333333333333333,0.0,0.0,,,,,,,,,75641.0,322.0,40.0,427.0,-1069544951.0,137.0,-20.0,-1.0,6.0,32.0,-130.0
644,75654.0,47456.0,45480.0,51098.0,39086.0,75653.0,3.499706745147705,,,,,,,,,13.479455947875977,1.1305941263834636,0.0,0.4,0.13333333333333333,0.0,0.0,,,,,,,,,75651.0,325.0,41.0,427.0,-1069544951.0,141.0,-20.0,-2.0,-4.0,25.0,-113.0
645,75664.0,46968.0,44922.0,51666.0,39748.0,75663.0,3.499706745147705,,,,,,,,,13.51645040512085,1.13552672068278,0.0,0.4,0.13333333333333333,0.0,0.0,,,,,,,,,75661.0,325.0,41.0,427.0,-1069544950.0,139.0,-19.0,-3.0,-7.0,37.0,-110.0
646,75674.0,47586.0,45310.0,50932.0,39504.0,75673.0,3.499706745147705,,,,,,,,,13.547557353973389,1.1396743138631185,0.0,0.4,0.13333333333333333,0.0,0.0,,,,,,,,,75671.0,329.0,41.0,427.0,-1069544950.0,145.0,-20.0,-2.0,5.0,-5.0,-113.0
647,75684.0,47036.0,45012.0,51382.0,39846.0,75683.0,3.499706745147705,,,,,,,,,13.579945802688599,1.1439927736918132,0.0,0.4,0.13333333333333333,0.0,0.0,,,,,,,,,75681.0,330.0,41.0,426.0,-1069544950.0,146.0,-21.0,-2.0,4.0,-11.0,-112.0
648,75694.0,47461.0,44855.0,50979.0,40025.0,75693.0,3.499706745147705,,,,,,,,,13.61581563949585,1.1487754185994465,0.0,0.4,0.13333333333333333,0.0,0.0,,,,,,,,,75691.0,332.0,41.0,426.0,-1069544949.0,147.0,-21.0,0.0,-12.0,-10.0,-105.0
649,75704.0,46264.0,44934.0,51890.0,40008.0,75703.0,3.499706745147705,,,,,,,,,13.652767658233643,1.1537023544311524,0.0,0.4,0.13333333333333333,0.0,0.0,,,,,,,,,75701.0,333.0,41.0,426.0,-1069544949.0,147.0,-21.0,0.0,-25.0,-43.0,-109.0
650,75714.0,48011.0,44341.0,50145.0,40507.0,75713.0,3.499706745147705,,,,,,,,,13.683269262313843,1.1577692349751791,0.0,0.4,0.13333333333333333,0.0,0.0,,,,,,,,,75711.0,335.0,41.0,426.0,-1070592500.0,147.0,-22.0,0.0,-33.0,-22.0,-98.0
651,75724.0,46907.0,44695.0,51345.0,40081.0,75723.0,3.499706745147705,,,,,,,,,13.723519563674927,1.1631359418233236,0.0,0.4,0.13333333333333333,0.0,0.0,,,,,,,,,75721.0,336.0,41.0,428.0,-1070592500.0,148.0,-23.0,8.0,-17.0,-23.0,-87.0
652,75734.0,46803.0,45057.0,51099.0,39237.0,75733.0,3.5049853324890137,,,,,,,,,13.761430978775024,1.1681907971700032,0.0,0.4,0.13333333333333333,0.0,0.0,,,,,,,,,75731.0,338.0,41.0,428.0,-1070592500.0,149.0,-24.0,9.0,-8.0,-5.0,-76.0
653,75744.0,47588.0,45154.0,50292.0,39114.0,75743.0,3.5049853324890137,,,,,,,,,13.792809009552002,1.1723745346069336,0.0,0.4,0.13333333333333333,0.0,0.0,,,,,,,,,75741.0,335.0,40.0,428.0,-1070593523.0,141.0,-26.0,10.0,-6.0,-3.0,-76.0
654,75754.0,47687.0,45353.0,50021.0,38879.0,75753.0,3.5049853324890137,,,,,,,,,13.824635028839111,1.1766180038452148,0.0,0.4,0.13333333333333333,0.0,0.0,,,,,,,,,75751.0,337.0,40.0,428.0,-1070593523.0,142.0,-26.0,10.0,-4.0,20.0,-70.0
655,75764.0,48054.0,45346.0,49726.0,38858.0,75763.0,3.5049853324890137,,,,,,,,,13.856327056884766,1.1808436075846354,0.0,0.4,0.13333333333333333,0.0,0.0,,,,,,,,,75761.0,339.0,40.0,428.0,-1070593523.0,144.0,-27.0,9.0,-6.0,22.0,-63.0
656,75774.0,45597.0,45395.0,52537.0,38915.0,75773.0,3.5049853324890137,,,,,,,,,13.89663052558899,1.1862174034118653,0.0,0.4,0.13333333333333333,0.0,0.0,,,,,,,,,75771.0,340.0,39.0,428.0,-1070593523.0,144.0,-28.0,3.0,-13.0,16.0,-54.0
657,75784.0,47737.0,45127.0,50569.0,39247.0,75783.0,3.5049853324890137,,,,,,,,,13.959540128707886,1.1946053504943848,0.0,0.4,0.13333333333333333,0.0,0.0,,,,,,,,,75781.0,343.0,40.0,428.0,-1070593523.0,148.0,-27.0,1.0,1.0,17.0,-45.0
658,75794.0,46288.0,44814.0,52186.0,39504.0,75793.0,3.5049853324890137,,,,,,,,,14.003431558609009,1.2004575411478677,0.0,0.4,0.13333333333333333,0.0,0.0,,,,,,,,,75791.0,344.0,39.0,428.0,-1070593522.0,147.0,-29.0,2.0,-29.0,6.0,-33.0
659,75804.0,47070.0,44622.0,51376.0,39600.0,75803.0,3.5049853324890137,,,,,,,,,14.037874937057495,1.205049991607666,0.0,0.4,0.13333333333333333,0.0,0.0,,,,,,,,,75801.0,346.0,39.0,428.0,-1070593522.0,149.0,-29.0,4.0,-68.0,34.0,-27.0
660,75814.0,46211.0,44849.0,51965.0,39091.0,75813.0,3.5049853324890137,,,,,,,,,14.055948257446289,1.2074597676595051,0.0,0.4,0.13333333333333333,0.0,0.0,,,,,,,,,75811.0,348.0,39.0,428.0,-1070593522.0,150.0,-30.0,11.0,-70.0,36.0,-24.0
661,75824.0,46964.0,44506.0,50954.0,39384.0,75823.0,3.5049853324890137,,,,,,,,,14.074427127838135,1.2099236170450847,0.0,0.4,0.13333333333333333,0.0,0.0,,,,,,,,,75821.0,346.0,40.0,429.0,-1071642098.0,144.0,-27.0,13.0,-57.0,23.0,-28.0
662,75834.0,46215.0,44531.0,51571.0,39211.0,75833.0,3.5049853324890137,,,,,,,,,14.091202974319458,1.2121603965759278,0.0,0.4,0.13333333333333333,0.0,0.0,,,,,,,,,75831.0,348.0,40.0,429.0,-1071642098.0,145.0,-27.0,13.0,-49.0,8.0,-24.0
663,75844.0,45824.0,44274.0,52016.0,39382.0,75843.0,3.5049853324890137,,,,,,,,,14.107706785202026,1.2143609046936035,0.0,0.4,0.13333333333333333,0.0,0.0,,,,,,,,,75841.0,348.0,40.0,429.0,-1071642098.0,143.0,-28.0,12.0,-71.0,7.0,-20.0
664,75854.0,46165.0,44505.0,51777.0,39145.0,75853.0,3.5049853324890137,,,,,,,,,14.124308109283447,1.2165744145711264,0.0,0.4,0.13333333333333333,0.0,0.0,,,,,,,,,75851.0,350.0,39.0,430.0,-1071642098.0,144.0,-29.0,18.0,-71.0,10.0,-11.0
665,75864.0,45745.0,43825.0,51899.0,39479.0,75863.0,3.5049853324890137,,,,,,,,,14.141967058181763,1.2189289410909017,0.0,0.4,0.13333333333333333,0.0,0.0,,,,,,,,,75861.0,352.0,39.0,431.0,-1072690674.0,145.0,-29.0,18.0,-95.0,30.0,-12.0
666,75874.0,47054.0,44070.0,50576.0,39236.0,75873.0,3.5102639198303223,,,,,,,,,14.16025972366333,1.2213679631551106,0.0,0.4,0.13333333333333333,0.0,0.0,,,,,,,,,75871.0,355.0,40.0,431.0,-1072690674.0,149.0,-28.0,19.0,-76.0,-8.0,-7.0
667,75884.0,46405.0,43593.0,51229.0,39565.0,75883.0,3.5102639198303223,,,,,,,,,14.17624306678772,1.223499075571696,0.0,0.4,0.13333333333333333,0.0,0.0,,,,,,,,,75881.0,357.0,38.0,431.0,-1072690674.0,151.0,-30.0,18.0,-70.0,7.0,-4.0
668,75894.0,46364.0,44200.0,51370.0,38978.0,75893.0,3.5102639198303223,,,,,,,,,14.1929931640625,1.225732421875,0.0,0.4,0.13333333333333333,0.0,0.0,,,,,,,,,75891.0,358.0,38.0,432.0,-1072690674.0,151.0,-31.0,22.0,-55.0,0.0,1.0
669,75904.0,46964.0,43946.0,50472.0,38954.0,75903.0,3.515542507171631,,,,,,,,,14.21036171913147,1.2280482292175292,0.0,0.4,0.13333333333333333,0.0,0.0,,,,,,,,,75901.0,358.0,39.0,432.0,-1073739250.0,149.0,-28.0,23.0,-84.0,6.0,-1.0
670,75914.0,45858.0,44200.0,51572.0,38690.0,75913.0,3.5102639198303223,,,,,,,,,14.227489948272705,1.2303319931030274,0.0,0.4,0.13333333333333333,0.0,0.0,,,,,,,,,75911.0,360.0,39.0,433.0,-536868338.0,149.0,-27.0,23.0,-57.0,10.0,-7.0
671,75924.0,46652.0,44508.0,50662.0,38318.0,75923.0,3.5102639198303223,,,,,,,,,14.245670557022095,1.2327560742696126,0.0,0.4,0.13333333333333333,0.0,0.0,,,,,,,,,75921.0,361.0,39.0,433.0,-536868338.0,149.0,-27.0,24.0,-25.0,8.0,-4.0
672,75934.0,46203.0,44279.0,51013.0,38525.0,75933.0,3.515542507171631,,,,,,,,,14.26380181312561,1.2351735750834147,0.0,0.4,0.13333333333333333,0.0,0.0,,,,,,,,,75931.0,362.0,39.0,433.0,-536868338.0,148.0,-26.0,25.0,9.0,3.0,0.0
673,75944.0,46947.0,44151.0,50613.0,39009.0,75943.0,3.5102639198303223,,,,,,,,,14.280318975448608,1.2373758633931478,0.0,0.4,0.13333333333333333,0.0,0.0,,,,,,,,,75941.0,365.0,39.0,432.0,-536868338.0,151.0,-26.0,17.0,0.0,20.0,0.0
674,75954.0,46788.0,44256.0,50716.0,38980.0,75953.0,3.515542507171631,,,,,,,,,14.295837163925171,1.2394449551900228,0.0,0.4,0.13333333333333333,0.0,0.0,,,,,,,,,75951.0,366.0,39.0,432.0,-536869362.0,151.0,-25.0,17.0,10.0,-2.0,-3.0
675,75964.0,46860.0,45138.0,50584.0,38122.0,75963.0,3.5102639198303223,,,,,,,,,14.31132960319519,1.2415106137593588,0.0,0.4,0.13333333333333333,0.0,0.0,,,,,,,,,75961.0,368.0,39.0,432.0,-536868338.0,154.0,-25.0,18.0,-4.0,3.0,-8.0
676,75974.0,47451.0,44175.0,50011.0,39031.0,75973.0,3.5102639198303223,,,,,,,,,14.326246500015259,1.2434995333353678,0.0,0.4,0.13333333333333333,0.0,0.0,,,,,,,,,75971.0,370.0,38.0,432.0,-536868338.0,155.0,-25.0,16.0,13.0,3.0,-4.0
677,75984.0,47073.0,44145.0,50323.0,39163.0,75983.0,3.5102639198303223,,,,,,,,,14.340974569320679,1.2454632759094237,0.0,0.4,0.13333333333333333,0.0,0.0,,,,,,,,,75981.0,372.0,38.0,432.0,-536868338.0,155.0,-25.0,13.0,17.0,-2.0,-14.0
678,75994.0,46527.0,43619.0,51061.0,39769.0,75993.0,3.5102639198303223,,,,,,,,,14.357938289642334,1.2477251052856446,0.0,0.4,0.13333333333333333,0.0,0.0,,,,,,,,,75991.0,373.0,38.0,432.0,-536868338.0,156.0,-25.0,13.0,14.0,-8.0,-11.0
679,76004.0,47232.0,43326.0,50458.0,39956.0,76003.0,3.5102639198303223,,,,,,,,,14.372660398483276,1.2496880531311034,0.0,0.4,0.13333333333333333,0.0,0.0,,,,,,,,,76001.0,372.0,39.0,432.0,-536869361.0,150.0,-22.0,11.0,6.0,-13.0,1.0
680,76014.0,46021.0,43571.0,51577.0,39911.0,76013.0,3.5102639198303223,,,,,,,,,14.387661218643188,1.2516881624857585,0.0,0.4,0.13333333333333333,0.0,0.0,,,,,,,,,76011.0,374.0,39.0,433.0,-536869361.0,151.0,-22.0,10.0,-9.0,-19.0,-5.0
681,76024.0,46796.0,44166.0,50802.0,39344.0,76023.0,3.5049853324890137,,,,,,,,,14.40391993522644,1.2538559913635254,0.0,0.4,0.13333333333333333,0.0,0.0,,,,,,,,,76021.0,373.0,39.0,431.0,-536869361.0,146.0,-20.0,2.0,-20.0,2.0,-7.0
682,76034.0,47464.0,44416.0,50578.0,39494.0,76033.0,3.5102639198303223,,,,,,,,,14.421608686447144,1.2562144915262858,0.0,0.4,0.13333333333333333,0.0,0.0,,,,,,,,,76031.0,374.0,39.0,431.0,-536869361.0,146.0,-20.0,0.0,-37.0,-7.0,-3.0
683,76044.0,47150.0,43840.0,51014.0,40064.0,76043.0,3.5102639198303223,,,,,,,,,14.438758373260498,1.258501116434733,0.0,0.4,0.13333333333333333,0.0,0.0,,,,,,,,,76041.0,374.0,40.0,431.0,-535820785.0,143.0,-18.0,0.0,-46.0,-8.0,0.0
684,76054.0,46136.0,44064.0,52048.0,39812.0,76053.0,3.5049853324890137,,,,,,,,,14.46469497680664,1.2619593302408854,0.0,0.4,0.13333333333333333,0.0,0.0,,,,,,,,,76051.0,376.0,40.0,431.0,-535820785.0,145.0,-17.0,-1.0,-51.0,-18.0,4.0
685,76064.0,47287.0,43947.0,51109.0,39881.0,76063.0,3.499706745147705,,,,,,,,,14.486207962036133,1.2648277282714844,0.0,0.4,0.13333333333333333,0.0,0.0,,,,,,,,,76061.0,378.0,40.0,431.0,-535820785.0,145.0,-16.0,-3.0,-46.0,-16.0,12.0
686,76074.0,47061.0,44213.0,51319.0,39447.0,76073.0,3.499706745147705,,,,,,,,,14.506370306015015,1.2675160408020019,0.0,0.4,0.13333333333333333,0.0,0.0,,,,,,,,,76071.0,380.0,39.0,432.0,-535819761.0,147.0,-17.0,0.0,-26.0,-15.0,13.0
687,76084.0,46417.0,44823.0,52057.0,38899.0,76083.0,3.499706745147705,,,,,,,,,14.52292799949646,1.2697237332661946,0.0,0.4,0.13333333333333333,0.0,0.0,,,,,,,,,76081.0,382.0,39.0,432.0,-535819762.0,148.0,-17.0,0.0,0.0,0.0,15.0
688,76094.0,45918.0,44942.0,52554.0,38790.0,76093.0,3.499706745147705,,,,,,,,,14.539116382598877,1.271882184346517,0.0,0.4,0.13333333333333333,0.0,0.0,,,,,,,,,76091.0,383.0,39.0,432.0,-535819762.0,149.0,-16.0,0.0,11.0,22.0,14.0
689,76104.0,46694.0,44674.0,52082.0,38758.0,76103.0,3.499706745147705,,,,,,,,,14.557150840759277,1.2742867787679037,0.0,0.4,0.13333333333333333,0.0,0.0,,,,,,,,,76101.0,385.0,39.0,432.0,-535820786.0,150.0,-16.0,-1.0,19.0,42.0,33.0
690,76114.0,47240.0,44988.0,51526.0,38566.0,76113.0,3.499706745147705,,,,,,,,,14.574616432189941,1.276615524291992,0.0,0.4,0.13333333333333333,0.0,0.0,,,,,,,,,76111.0,386.0,39.0,433.0,-535820786.0,150.0,-15.0,-1.0,29.0,27.0,30.0
691,76124.0,46797.0,44511.0,51937.0,39027.0,76123.0,3.5049853324890137,,,,,,,,,14.589895009994507,1.2786526679992676,0.0,0.4,0.13333333333333333,0.0,0.0,,,,,,,,,76121.0,388.0,39.0,433.0,-535820786.0,150.0,-15.0,-3.0,22.0,38.0,28.0
692,76134.0,47174.0,44534.0,51652.0,39076.0,76133.0,3.499706745147705,,,,,,,,,14.60599946975708,1.280799929300944,0.0,0.4,0.13333333333333333,0.0,0.0,,,,,,,,,76131.0,386.0,39.0,433.0,-535820786.0,144.0,-14.0,-3.0,8.0,18.0,31.0
693,76144.0,46777.0,43911.0,52295.0,39489.0,76143.0,3.499706745147705,,,,,,,,,14.622184753417969,1.2829579671223958,0.0,0.4,0.13333333333333333,0.0,0.0,,,,,,,,,76141.0,389.0,39.0,433.0,-535820786.0,147.0,-14.0,-4.0,12.0,0.0,44.0
694,76154.0,47353.0,43819.0,51819.0,39621.0,76153.0,3.499706745147705,,,,,,,,,14.638608455657959,1.2851477940877278,0.0,0.4,0.13333333333333333,0.0,0.0,,,,,,,,,76151.0,391.0,39.0,432.0,-535820786.0,149.0,-12.0,-8.0,29.0,-16.0,45.0
695,76164.0,47958.0,44296.0,51554.0,39180.0,76163.0,3.499706745147705,,,,,,,,,14.653073787689209,1.287076505025228,0.0,0.4,0.13333333333333333,0.0,0.0,,,,,,,,,76161.0,393.0,39.0,432.0,-535820786.0,150.0,-12.0,-8.0,-16.0,-24.0,45.0
696,76174.0,48221.0,44385.0,51435.0,38935.0,76173.0,3.499706745147705,,,,,,,,,14.66962480545044,1.289283307393392,0.0,0.4,0.13333333333333333,0.0,0.0,,,,,,,,,76171.0,395.0,39.0,432.0,-535820787.0,151.0,-12.0,-7.0,-13.0,-31.0,52.0
697,76184.0,48374.0,44362.0,51386.0,38786.0,76183.0,3.499706745147705,,,,,,,,,14.685048341751099,1.2913397789001464,0.0,0.4,0.13333333333333333,0.0,0.0,,,,,,,,,76181.0,397.0,39.0,431.0,-535820787.0,151.0,-11.0,-6.0,3.0,-23.0,65.0
698,76194.0,47671.0,44137.0,51973.0,38991.0,76193.0,3.499706745147705,,,,,,,,,14.699325799942017,1.293243439992269,0.0,0.4,0.13333333333333333,0.0,0.0,,,,,,,,,76191.0,398.0,39.0,431.0,-535820787.0,151.0,-11.0,-4.0,1.0,-13.0,63.0
699,76204.0,47511.0,44281.0,52131.0,38961.0,76203.0,3.499706745147705,,,,,,,,,14.71516227722168,1.295354970296224,0.0,0.4,0.13333333333333333,0.0,0.0,,,,,,,,,76201.0,401.0,40.0,431.0,-535820787.0,154.0,-9.0,-6.0,0.0,-7.0,54.0
700,76214.0,48358.0,44232.0,51346.0,38916.0,76213.0,3.499706745147705,,,,,,,,,14.729525566101074,1.2972700754801432,0.0,0.4,0.13333333333333333,0.0,0.0,,,,,,,,,76211.0,402.0,40.0,431.0,-535820787.0,154.0,-9.0,-6.0,21.0,-9.0,51.0
701,76224.0,48660.0,44764.0,51108.0,38304.0,76223.0,3.499706745147705,,,,,,,,,14.74522590637207,1.2993634541829426,0.0,0.4,0.13333333333333333,0.0,0.0,,,,,,,,,76221.0,401.0,39.0,431.0,-535820788.0,149.0,-9.0,-6.0,39.0,26.0,53.0
702,76234.0,48100.0,44326.0,51752.0,38706.0,76233.0,3.499706745147705,,,,,,,,,14.759474515914917,1.3012632687886556,0.0,0.4,0.13333333333333333,0.0,0.0,,,,,,,,,76231.0,403.0,40.0,431.0,-535820788.0,150.0,-8.0,-7.0,42.0,28.0,59.0
703,76244.0,48657.0,45039.0,51313.0,38015.0,76243.0,3.499706745147705,,,,,,,,,14.775264978408813,1.3033686637878419,0.0,0.4,0.13333333333333333,0.0,0.0,,,,,,,,,76241.0,404.0,40.0,431.0,-535820788.0,150.0,-8.0,-4.0,41.0,25.0,58.0
704,76254.0,48507.0,43555.0,51329.0,39329.0,76253.0,3.499706745147705,,,,,,,,,14.789911031723022,1.305321470896403,0.0,0.4,0.13333333333333333,0.0,0.0,,,,,,,,,76251.0,404.0,39.0,431.0,-536869364.0,147.0,-9.0,-3.0,55.0,6.0,58.0
705,76264.0,47985.0,44317.0,51667.0,38675.0,76263.0,3.499706745147705,,,,,,,,,14.808037042617798,1.3077382723490396,0.0,0.4,0.13333333333333333,0.0,0.0,,,,,,,,,76261.0,406.0,38.0,431.0,-536869364.0,149.0,-9.0,-3.0,54.0,10.0,44.0
706,76274.0,48819.0,44683.0,50941.0,38229.0,76273.0,3.499706745147705,,,,,,,,,14.825978755950928,1.310130500793457,0.0,0.4,0.13333333333333333,0.0,0.0,,,,,,,,,76271.0,409.0,39.0,431.0,-536869365.0,151.0,-8.0,-5.0,62.0,-8.0,52.0
707,76284.0,48931.0,44429.0,50891.0,38637.0,76283.0,3.499706745147705,,,,,,,,,14.844343900680542,1.3125791867574057,0.0,0.4,0.13333333333333333,0.0,0.0,,,,,,,,,76281.0,410.0,39.0,432.0,-1073740277.0,151.0,-9.0,-4.0,68.0,-28.0,39.0
708,76294.0,48724.0,43824.0,51094.0,39138.0,76293.0,3.499706745147705,,,,,,,,,14.861159563064575,1.3148212750752768,0.0,0.4,0.13333333333333333,0.0,0.0,,,,,,,,,76291.0,411.0,39.0,432.0,-1073740277.0,151.0,-8.0,-3.0,55.0,-44.0,42.0
709,76304.0,49312.0,43702.0,50400.0,39230.0,76303.0,3.499706745147705,,,,,,,,,14.877264022827148,1.3169685363769532,0.0,0.4,0.13333333333333333,0.0,0.0,,,,,,,,,76301.0,413.0,39.0,432.0,-1072691701.0,151.0,-8.0,-1.0,44.0,-47.0,41.0
710,76314.0,49261.0,43681.0,50349.0,39217.0,76313.0,3.499706745147705,,,,,,,,,14.892528533935547,1.3190038045247396,0.0,0.4,0.13333333333333333,0.0,0.0,,,,,,,,,76311.0,415.0,39.0,432.0,-1072691701.0,153.0,-7.0,0.0,48.0,-62.0,29.0
711,76324.0,49098.0,44456.0,50492.0,38334.0,76323.0,3.499706745147705,,,,,,,,,14.908101320266724,1.321080176035563,0.0,0.4,0.13333333333333333,0.0,0.0,,,,,,,,,76321.0,416.0,39.0,432.0,-1072690677.0,153.0,-8.0,1.0,21.0,-62.0,36.0
712,76334.0,48822.0,44074.0,50698.0,38386.0,76333.0,3.499706745147705,,,,,,,,,14.925012588500977,1.3233350118001301,0.0,0.4,0.13333333333333333,0.0,0.0,,,,,,,,,76331.0,418.0,39.0,432.0,-1072690678.0,154.0,-8.0,5.0,17.0,-54.0,43.0
713,76344.0,48173.0,44475.0,51235.0,37885.0,76343.0,3.499706745147705,,,,,,,,,14.939791679382324,1.3253055572509767,0.0,0.4,0.13333333333333333,0.0,0.0,,,,,,,,,76341.0,417.0,40.0,432.0,-1072690678.0,148.0,-5.0,6.0,28.0,-47.0,45.0
714,76354.0,47919.0,44255.0,51427.0,38091.0,76353.0,3.499706745147705,,,,,,,,,14.955917835235596,1.327455711364746,0.0,0.4,0.13333333333333333,0.0,0.0,,,,,,,,,76351.0,418.0,41.0,432.0,-1072690678.0,148.0,-4.0,6.0,-4.0,-21.0,36.0
715,76364.0,47908.0,44356.0,51334.0,38022.0,76363.0,3.499706745147705,,,,,,,,,14.971131086349487,1.3294841448465984,0.0,0.4,0.13333333333333333,0.0,0.0,,,,,,,,,76361.0,421.0,41.0,432.0,-1072690678.0,151.0,-4.0,7.0,17.0,0.0,29.0
716,76374.0,47463.0,44295.0,51645.0,38049.0,76373.0,3.499706745147705,,,,,,,,,14.987201690673828,1.3316268920898438,0.0,0.4,0.13333333333333333,0.0,0.0,,,,,,,,,76371.0,423.0,41.0,432.0,-1072690678.0,153.0,-5.0,7.0,23.0,13.0,24.0
717,76384.0,48028.0,43768.0,51302.0,38422.0,76383.0,3.499706745147705,,,,,,,,,15.002459049224854,1.3336612065633138,0.0,0.4,0.13333333333333333,0.0,0.0,,,,,,,,,76381.0,424.0,41.0,432.0,-1072690678.0,154.0,-5.0,5.0,-3.0,45.0,38.0
718,76394.0,47773.0,44329.0,51603.0,37987.0,76393.0,3.499706745147705,,,,,,,,,15.017934560775757,1.3357246081034342,0.0,0.4,0.13333333333333333,0.0,0.0,,,,,,,,,76391.0,425.0,41.0,432.0,-1072690678.0,153.0,-5.0,3.0,5.0,77.0,29.0
719,76404.0,46835.0,43815.0,52607.0,38531.0,76403.0,3.499706745147705,,,,,,,,,15.034314393997192,1.3379085858662922,0.0,0.4,0.13333333333333333,0.0,0.0,,,,,,,,,76401.0,428.0,41.0,433.0,-1072690678.0,155.0,-6.0,4.0,-19.0,69.0,26.0
720,76414.0,47450.0,44048.0,52036.0,38194.0,76413.0,3.5049853324890137,,,,,,,,,15.049325942993164,1.339910125732422,0.0,0.4,0.13333333333333333,0.0,0.0,,,,,,,,,76411.0,429.0,40.0,432.0,-1072691703.0,154.0,-7.0,2.0,-14.0,102.0,33.0
721,76424.0,47650.0,44646.0,51930.0,37714.0,76423.0,3.499706745147705,,,,,,,,,15.0657479763031,1.3420997301737467,0.0,0.4,0.13333333333333333,0.0,0.0,,,,,,,,,76421.0,430.0,40.0,432.0,-1072691703.0,153.0,-7.0,1.0,-43.0,85.0,33.0
722,76434.0,47459.0,44851.0,52111.0,37519.0,76433.0,3.5049853324890137,,,,,,,,,15.082677364349365,1.3443569819132486,0.0,0.4,0.13333333333333333,0.0,0.0,,,,,,,,,76431.0,430.0,41.0,432.0,-1072691703.0,151.0,-5.0,1.0,-52.0,104.0,25.0
723,76444.0,48064.0,44244.0,51672.0,38028.0,76443.0,3.5049853324890137,,,,,,,,,15.099146842956543,1.3465529123942057,0.0,0.4,0.13333333333333333,0.0,0.0,,,,,,,,,76441.0,433.0,41.0,432.0,-1072692727.0,156.0,-5.0,0.0,-59.0,96.0,38.0
724,76454.0,46983.0,43403.0,52747.0,38979.0,76453.0,3.5049853324890137,,,,,,,,,15.115666389465332,1.3487555185953777,0.0,0.4,0.13333333333333333,0.0,0.0,,,,,,,,,76451.0,436.0,41.0,433.0,-1073741303.0,157.0,-7.0,2.0,-75.0,89.0,38.0
725,76464.0,46361.0,43593.0,53029.0,38865.0,76463.0,3.5049853324890137,,,,,,,,,15.131496906280518,1.3508662541707357,0.0,0.4,0.13333333333333333,0.0,0.0,,,,,,,,,76461.0,437.0,41.0,433.0,-1073217015.0,156.0,-6.0,2.0,-80.0,78.0,15.0
726,76474.0,46803.0,42911.0,52527.0,39435.0,76473.0,3.5049853324890137,,,,,,,,,15.146740436553955,1.3528987248738606,0.0,0.4,0.13333333333333333,0.0,0.0,,,,,,,,,76471.0,438.0,41.0,433.0,-536345079.0,156.0,-5.0,4.0,-74.0,52.0,15.0
727,76484.0,46746.0,43992.0,52380.0,38502.0,76483.0,3.499706745147705,,,,,,,,,15.162634372711182,1.3550179163614908,0.0,0.4,0.13333333333333333,0.0,0.0,,,,,,,,,76481.0,440.0,41.0,433.0,-536345079.0,155.0,-5.0,4.0,-53.0,29.0,6.0
728,76494.0,48356.0,44752.0,51220.0,38172.0,76493.0,3.499706745147705,,,,,,,,,15.178867816925049,1.3571823755900065,0.0,0.4,0.13333333333333333,0.0,0.0,,,,,,,,,76491.0,441.0,41.0,433.0,-535296503.0,154.0,-6.0,3.0,-38.0,0.0,5.0
729,76504.0,48409.0,44109.0,51017.0,38925.0,76503.0,3.499706745147705,,,,,,,,,15.194955348968506,1.3593273798624674,0.0,0.4,0.13333333333333333,0.0,0.0,,,,,,,,,76501.0,442.0,40.0,432.0,-535296503.0,154.0,-7.0,-3.0,6.0,-9.0,-2.0
730,76514.0,48827.0,44221.0,50395.0,39001.0,76513.0,3.4944281578063965,,,,,,,,,15.211281538009644,1.3615042050679524,0.0,0.4,0.13333333333333333,0.0,0.0,,,,,,,,,76511.0,444.0,41.0,432.0,-535296503.0,154.0,-5.0,-3.0,53.0,-48.0,-15.0
731,76524.0,49448.0,44146.0,49756.0,39174.0,76523.0,3.4944281578063965,,,,,,,,,15.226166009902954,1.3634888013203939,0.0,0.4,0.13333333333333333,0.0,0.0,,,,,,,,,76521.0,445.0,40.0,432.0,-536345079.0,153.0,-5.0,-4.0,86.0,-63.0,-22.0
732,76534.0,50272.0,44472.0,49204.0,38712.0,76533.0,3.4944281578063965,,,,,,,,,15.242875099182129,1.3657166798909506,0.0,0.4,0.13333333333333333,0.0,0.0,,,,,,,,,76531.0,448.0,40.0,432.0,-536346103.0,155.0,-6.0,-5.0,100.0,-82.0,-7.0
733,76544.0,49976.0,44618.0,49026.0,38724.0,76543.0,3.4944281578063965,,,,,,,,,15.258910655975342,1.3678547541300456,0.0,0.4,0.13333333333333333,0.0,0.0,,,,,,,,,76541.0,450.0,40.0,432.0,-1073217015.0,156.0,-5.0,-2.0,119.0,-86.0,-23.0
734,76554.0,50248.0,43900.0,48882.0,39422.0,76553.0,3.4944281578063965,,,,,,,,,15.27489948272705,1.36998659769694,0.0,0.4,0.13333333333333333,0.0,0.0,,,,,,,,,76551.0,451.0,40.0,432.0,-1072692727.0,156.0,-5.0,-3.0,141.0,-83.0,-17.0
735,76564.0,49399.0,43893.0,49721.0,39463.0,76563.0,3.4944281578063965,,,,,,,,,15.290547609329224,1.3720730145772297,0.0,0.4,0.13333333333333333,0.0,0.0,,,,,,,,,76561.0,453.0,41.0,432.0,-1072691703.0,157.0,-3.0,-3.0,132.0,-86.0,-18.0
736,76574.0,49663.0,44125.0,49327.0,39329.0,76573.0,3.4944281578063965,,,,,,,,,15.306515216827393,1.374202028910319,0.0,0.4,0.13333333333333333,0.0,0.0,,,,,,,,,76571.0,455.0,41.0,432.0,-1071643127.0,157.0,-3.0,-3.0,119.0,-58.0,-23.0
737,76584.0,49552.0,44160.0,49502.0,39310.0,76583.0,3.4944281578063965,,,,,,,,,15.322407007217407,1.3763209342956544,0.0,0.4,0.13333333333333333,0.0,0.0,,,,,,,,,76581.0,458.0,41.0,432.0,-1071643127.0,160.0,-4.0,-4.0,86.0,-39.0,-15.0
738,76594.0,48877.0,45557.0,50341.0,37797.0,76593.0,3.4944281578063965,,,,,,,,,15.338030576705933,1.3784040768941244,0.0,0.4,0.13333333333333333,0.0,0.0,,,,,,,,,76591.0,458.0,41.0,432.0,-1071643127.0,158.0,-4.0,-4.0,55.0,-29.0,-18.0
739,76604.0,48257.0,44055.0,50861.0,39467.0,76603.0,3.4944281578063965,,,,,,,,,15.353482484817505,1.3804643313090006,0.0,0.4,0.13333333333333333,0.0,0.0,,,,,,,,,76601.0,460.0,42.0,432.0,-1071643127.0,158.0,-3.0,-5.0,20.0,21.0,-20.0
740,76614.0,48525.0,44999.0,50749.0,38395.0,76613.0,3.4944281578063965,,,,,,,,,15.368529796600342,1.3824706395467123,0.0,0.4,0.13333333333333333,0.0,0.0,,,,,,,,,76611.0,461.0,42.0,432.0,-1071643127.0,157.0,-4.0,-5.0,-27.0,29.0,-17.0
741,76624.0,47766.0,44696.0,51626.0,38936.0,76623.0,3.4944281578063965,,,,,,,,,15.38453483581543,1.3846046447753906,0.0,0.4,0.13333333333333333,0.0,0.0,,,,,,,,,76621.0,462.0,42.0,432.0,-1071643127.0,157.0,-4.0,-6.0,-37.0,82.0,-12.0
742,76634.0,47382.0,44448.0,51970.0,39292.0,76633.0,3.4944281578063965,,,,,,,,,15.400030851364136,1.3866707801818847,0.0,0.4,0.13333333333333333,0.0,0.0,,,,,,,,,76631.0,462.0,43.0,431.0,-1071643126.0,155.0,-3.0,-9.0,-66.0,111.0,-12.0
743,76644.0,47698.0,45284.0,51768.0,38394.0,76643.0,3.4944281578063965,,,,,,,,,15.416499376296997,1.3888665835062664,0.0,0.4,0.13333333333333333,0.0,0.0,,,,,,,,,76641.0,464.0,42.0,431.0,-1071644150.0,155.0,-5.0,-9.0,-72.0,113.0,-7.0
744,76654.0,47519.0,44529.0,52033.0,38919.0,76653.0,3.4944281578063965,,,,,,,,,15.433006048202515,1.3910674730936685,0.0,0.4,0.13333333333333333,0.0,0.0,,,,,,,,,76651.0,466.0,43.0,431.0,-1071119862.0,156.0,-3.0,-8.0,-45.0,127.0,3.0
745,76664.0,47854.0,44710.0,51492.0,38764.0,76663.0,3.4944281578063965,,,,,,,,,15.448624610900879,1.3931499481201173,0.0,0.4,0.13333333333333333,0.0,0.0,,,,,,,,,76661.0,469.0,43.0,431.0,-1072168438.0,158.0,-3.0,-6.0,-68.0,115.0,-7.0
746,76674.0,47307.0,44301.0,51855.0,39009.0,76673.0,3.4944281578063965,,,,,,,,,15.46461796760559,1.3952823956807454,0.0,0.4,0.13333333333333333,0.0,0.0,,,,,,,,,76671.0,470.0,44.0,431.0,-1072167414.0,158.0,-3.0,-2.0,-45.0,99.0,-6.0
747,76684.0,47667.0,44367.0,51547.0,38995.0,76683.0,3.4944281578063965,,,,,,,,,15.480731725692749,1.3974308967590332,0.0,0.4,0.13333333333333333,0.0,0.0,,,,,,,,,76681.0,472.0,44.0,431.0,-1072167414.0,157.0,-3.0,-3.0,-37.0,104.0,-7.0
748,76694.0,46744.0,45696.0,52436.0,37712.0,76693.0,3.4944281578063965,,,,,,,,,15.496398210525513,1.3995197614034016,0.0,0.4,0.13333333333333333,0.0,0.0,,,,,,,,,76691.0,470.0,44.0,431.0,-1072166390.0,151.0,-2.0,-3.0,-9.0,56.0,-2.0
749,76704.0,48414.0,45518.0,50792.0,37760.0,76703.0,3.4944281578063965,,,,,,,,,15.513057470321655,1.4017409960428873,0.0,0.4,0.13333333333333333,0.0,0.0,,,,,,,,,76701.0,472.0,43.0,431.0,-1072166390.0,151.0,-4.0,-2.0,-14.0,34.0,-3.0
750,76714.0,48611.0,44307.0,50597.0,39101.0,76713.0,3.4944281578063965,,,,,,,,,15.528358221054077,1.4037810961405437,0.0,0.4,0.13333333333333333,0.0,0.0,,,,,,,,,76711.0,474.0,44.0,431.0,-1072166390.0,151.0,-3.0,-3.0,-8.0,15.0,0.0
751,76724.0,48317.0,44407.0,50859.0,38949.0,76723.0,3.499706745147705,,,,,,,,,15.543835878372192,1.405844783782959,0.0,0.4,0.13333333333333333,0.0,0.0,,,,,,,,,76721.0,476.0,43.0,431.0,-1072166390.0,152.0,-5.0,-2.0,15.0,-26.0,2.0
752,76734.0,48779.0,44461.0,50335.0,38805.0,76733.0,3.4944281578063965,,,,,,,,,15.558996200561523,1.4078661600748699,0.0,0.4,0.13333333333333333,0.0,0.0,,,,,,,,,76731.0,478.0,43.0,431.0,-1072166390.0,152.0,-5.0,-1.0,12.0,-34.0,0.0
753,76744.0,49491.0,44181.0,49495.0,38977.0,76743.0,3.4944281578063965,,,,,,,,,15.574939966201782,1.409991995493571,0.0,0.4,0.13333333333333333,0.0,0.0,,,,,,,,,76741.0,480.0,43.0,431.0,-1072166390.0,153.0,-5.0,1.0,8.0,-51.0,-4.0
754,76754.0,48926.0,44092.0,50074.0,39036.0,76753.0,3.4944281578063965,,,,,,,,,15.590616226196289,1.4120821634928384,0.0,0.4,0.13333333333333333,0.0,0.0,,,,,,,,,76751.0,482.0,43.0,431.0,-1072166390.0,152.0,-5.0,1.0,-3.0,-35.0,-1.0
755,76764.0,48950.0,44552.0,50080.0,38654.0,76763.0,3.4944281578063965,,,,,,,,,15.606027603149414,1.4141370137532552,0.0,0.4,0.13333333333333333,0.0,0.0,,,,,,,,,76761.0,483.0,43.0,431.0,-1072166390.0,151.0,-6.0,0.0,-2.0,-44.0,-3.0
756,76774.0,48238.0,44900.0,50944.0,38310.0,76773.0,3.499706745147705,,,,,,,,,15.622881650924683,1.416384220123291,0.0,0.4,0.13333333333333333,0.0,0.0,,,,,,,,,76771.0,484.0,43.0,431.0,-1072167414.0,151.0,-6.0,-1.0,8.0,-23.0,7.0
757,76784.0,48975.0,44639.0,50211.0,38575.0,76783.0,3.499706745147705,,,,,,,,,15.638267993927002,1.4184357325236003,0.0,0.4,0.13333333333333333,0.0,0.0,,,,,,,,,76781.0,485.0,43.0,431.0,-1072167414.0,150.0,-6.0,-1.0,-15.0,-4.0,0.0
758,76794.0,47770.0,44422.0,51188.0,38452.0,76793.0,3.499706745147705,,,,,,,,,15.654064178466797,1.4205418904622396,0.0,0.4,0.13333333333333333,0.0,0.0,,,,,,,,,76791.0,487.0,43.0,431.0,-1072167414.0,149.0,-6.0,0.0,5.0,8.0,9.0
759,76804.0,48299.0,44685.0,50629.0,38131.0,76803.0,3.499706745147705,,,,,,,,,15.669070959091187,1.4225427945454916,0.0,0.4,0.13333333333333333,0.0,0.0,,,,,,,,,76801.0,487.0,43.0,431.0,-1072167414.0,145.0,-6.0,4.0,-20.0,39.0,12.0
760,76814.0,47378.0,44560.0,51568.0,38226.0,76813.0,3.499706745147705,,,,,,,,,15.684934854507446,1.424657980600993,0.0,0.4,0.13333333333333333,0.0,0.0,,,,,,,,,76811.0,488.0,43.0,432.0,-1072166390.0,144.0,-6.0,4.0,-32.0,55.0,13.0
761,76824.0,46812.0,43794.0,52226.0,38916.0,76823.0,3.499706745147705,,,,,,,,,15.700761318206787,1.426768175760905,0.0,0.4,0.13333333333333333,0.0,0.0,,,,,,,,,76821.0,489.0,43.0,432.0,-1072166390.0,144.0,-6.0,4.0,-49.0,68.0,13.0
762,76834.0,46436.0,44478.0,52476.0,38234.0,76833.0,3.499706745147705,,,,,,,,,15.71598768234253,1.4287983576456706,0.0,0.4,0.13333333333333333,0.0,0.0,,,,,,,,,76831.0,490.0,43.0,432.0,-1073214966.0,143.0,-5.0,5.0,-60.0,75.0,9.0
763,76844.0,47226.0,43600.0,51828.0,38998.0,76843.0,3.4944281578063965,,,,,,,,,15.730678796768188,1.430757172902425,0.0,0.4,0.13333333333333333,0.0,0.0,,,,,,,,,76841.0,494.0,44.0,431.0,-1073214966.0,148.0,-5.0,5.0,-70.0,59.0,15.0
764,76854.0,46956.0,43436.0,51874.0,39234.0,76853.0,3.499706745147705,,,,,,,,,15.746280908584595,1.4328374544779459,0.0,0.4,0.13333333333333333,0.0,0.0,,,,,,,,,76851.0,496.0,44.0,431.0,-536344055.0,147.0,-4.0,6.0,-83.0,79.0,7.0
765,76864.0,47357.0,45199.0,51479.0,37269.0,76863.0,3.499706745147705,,,,,,,,,15.761577129364014,1.4348769505818686,0.0,0.4,0.13333333333333333,0.0,0.0,,,,,,,,,76861.0,496.0,43.0,431.0,-536343031.0,144.0,-6.0,8.0,-86.0,58.0,13.0
766,76874.0,47132.0,44374.0,51800.0,37902.0,76873.0,3.499706745147705,,,,,,,,,15.777008295059204,1.436934439341227,0.0,0.4,0.13333333333333333,0.0,0.0,,,,,,,,,76871.0,498.0,43.0,431.0,-535294455.0,144.0,-6.0,9.0,-47.0,36.0,18.0
767,76884.0,47167.0,43501.0,51443.0,38489.0,76883.0,3.499706745147705,,,,,,,,,15.792457103729248,1.438994280497233,0.0,0.4,0.13333333333333333,0.0,0.0,,,,,,,,,76881.0,499.0,43.0,433.0,-535294455.0,143.0,-6.0,14.0,-48.0,20.0,24.0
768,76894.0,47194.0,43348.0,51494.0,38696.0,76893.0,3.499706745147705,,,,,,,,,15.808566808700562,1.441142241160075,0.0,0.4,0.13333333333333333,0.0,0.0,,,,,,,,,76891.0,499.0,44.0,433.0,-535294455.0,139.0,-3.0,12.0,-58.0,3.0,24.0
769,76904.0,48006.0,43402.0,50664.0,38760.0,76903.0,3.499706745147705,,,,,,,,,15.823912382125854,1.4431883176167806,0.0,0.4,0.13333333333333333,0.0,0.0,,,,,,,,,76901.0,502.0,44.0,433.0,-535294455.0,140.0,-2.0,11.0,-40.0,-16.0,15.0
770,76914.0,47093.0,43829.0,51551.0,38355.0,76913.0,3.499706745147705,,,,,,,,,15.839067459106445,1.445208994547526,0.0,0.4,0.13333333333333333,0.0,0.0,,,,,,,,,76911.0,502.0,43.0,433.0,-535294455.0,137.0,-3.0,11.0,-29.0,-23.0,18.0
771,76924.0,47075.0,44037.0,51649.0,38083.0,76923.0,3.499706745147705,,,,,,,,,15.855045795440674,1.4473394393920898,0.0,0.4,0.13333333333333333,0.0,0.0,,,,,,,,,76921.0,503.0,43.0,433.0,-534245879.0,136.0,-3.0,9.0,-16.0,-44.0,12.0
772,76934.0,48373.0,44005.0,50363.0,38235.0,76933.0,3.499706745147705,,,,,,,,,15.870590686798096,1.4494120915730795,0.0,0.4,0.13333333333333333,0.0,0.0,,,,,,,,,76931.0,505.0,43.0,433.0,-534245879.0,137.0,-4.0,9.0,-18.0,-49.0,11.0
773,76944.0,48916.0,43258.0,49980.0,38858.0,76943.0,3.5049853324890137,,,,,,,,,15.885910987854004,1.451454798380534,0.0,0.4,0.13333333333333333,0.0,0.0,,,,,,,,,76941.0,508.0,43.0,433.0,-534246903.0,139.0,-3.0,8.0,-25.0,-54.0,17.0
774,76954.0,48768.0,43004.0,50212.0,39020.0,76953.0,3.5049853324890137,,,,,,,,,15.901845216751099,1.4535793622334798,0.0,0.4,0.13333333333333333,0.0,0.0,,,,,,,,,76951.0,511.0,43.0,434.0,-534246903.0,141.0,-3.0,8.0,-25.0,-67.0,22.0
775,76964.0,47457.0,42883.0,51485.0,39103.0,76963.0,3.5049853324890137,,,,,,,,,15.9177086353302,1.4556944847106934,0.0,0.4,0.13333333333333333,0.0,0.0,,,,,,,,,76961.0,512.0,43.0,434.0,-534246903.0,140.0,-2.0,8.0,-16.0,-67.0,28.0
776,76974.0,47610.0,43280.0,51282.0,38720.0,76973.0,3.5049853324890137,,,,,,,,,15.93350863456726,1.4578011512756348,0.0,0.4,0.13333333333333333,0.0,0.0,,,,,,,,,76971.0,513.0,43.0,434.0,-534246903.0,139.0,-2.0,8.0,-46.0,-44.0,24.0
777,76984.0,46265.0,43807.0,52619.0,37997.0,76983.0,3.5049853324890137,,,,,,,,,15.948731660842896,1.459830888112386,0.0,0.4,0.13333333333333333,0.0,0.0,,,,,,,,,76981.0,512.0,44.0,434.0,-534246903.0,132.0,1.0,10.0,-38.0,-11.0,24.0
778,76994.0,46453.0,43571.0,52305.0,38239.0,76993.0,3.5049853324890137,,,,,,,,,15.964880466461182,1.4619840621948241,0.0,0.4,0.13333333333333333,0.0,0.0,,,,,,,,,76991.0,513.0,44.0,434.0,-534246904.0,132.0,2.0,11.0,-58.0,-17.0,24.0
779,77004.0,46928.0,43674.0,51788.0,38070.0,77003.0,3.5049853324890137,,,,,,,,,15.979344844818115,1.4639126459757488,0.0,0.4,0.13333333333333333,0.0,0.0,,,,,,,,,77001.0,514.0,44.0,434.0,-534246904.0,131.0,3.0,12.0,-76.0,-10.0,26.0
780,77014.0,46638.0,43336.0,51882.0,38104.0,77013.0,3.5049853324890137,,,,,,,,,15.995028018951416,1.4660037358601887,0.0,0.4,0.13333333333333333,0.0,0.0,,,,,,,,,77011.0,513.0,44.0,435.0,-533198328.0,126.0,2.0,16.0,-72.0,9.0,22.0
781,77024.0,46603.0,43265.0,51673.0,38195.0,77023.0,3.5049853324890137,,,,,,,,,16.010759353637695,1.4681012471516928,0.0,0.4,0.13333333333333333,0.0,0.0,,,,,,,,,77021.0,515.0,44.0,435.0,-533198328.0,127.0,3.0,18.0,-58.0,0.0,16.0
782,77034.0,46319.0,43555.0,51765.0,37993.0,77033.0,3.5049853324890137,,,,,,,,,16.02636432647705,1.47018191019694,0.0,0.4,0.13333333333333333,0.0,0.0,,,,,,,,,77031.0,516.0,44.0,435.0,-533198328.0,126.0,4.0,19.0,-45.0,15.0,2.0
783,77044.0,47197.0,43903.0,50731.0,37633.0,77043.0,3.5049853324890137,,,,,,,,,16.04240393638611,1.472320524851481,0.0,0.4,0.13333333333333333,0.0,0.0,,,,,,,,,77041.0,518.0,43.0,435.0,-533198328.0,127.0,3.0,20.0,-49.0,-10.0,6.0
784,77054.0,47068.0,43200.0,50744.0,38432.0,77053.0,3.5049853324890137,,,,,,,,,16.058454036712646,1.4744605382283529,0.0,0.4,0.13333333333333333,0.0,0.0,,,,,,,,,77051.0,520.0,43.0,435.0,-533198328.0,128.0,3.0,20.0,-7.0,-24.0,2.0
785,77064.0,47341.0,43233.0,50487.0,38383.0,77063.0,3.5049853324890137,,,,,,,,,16.074377298355103,1.4765836397806804,0.0,0.4,0.13333333333333333,0.0,0.0,,,,,,,,,77061.0,522.0,43.0,436.0,-533198328.0,129.0,4.0,20.0,17.0,-45.0,-6.0
786,77074.0,47446.0,43178.0,50266.0,38526.0,77073.0,3.5049853324890137,,,,,,,,,16.088870763778687,1.4785161018371582,0.0,0.4,0.13333333333333333,0.0,0.0,,,,,,,,,77071.0,524.0,43.0,436.0,-533199352.0,129.0,5.0,20.0,28.0,-36.0,-17.0
787,77084.0,46541.0,43093.0,51219.0,38703.0,77083.0,3.5049853324890137,,,,,,,,,16.10485863685608,1.4806478182474772,0.0,0.4,0.13333333333333333,0.0,0.0,,,,,,,,,77081.0,525.0,43.0,436.0,-533199352.0,128.0,6.0,17.0,70.0,-61.0,-23.0
788,77094.0,47300.0,44226.0,50422.0,37828.0,77093.0,3.5049853324890137,,,,,,,,,16.119260787963867,1.4825681050618489,0.0,0.4,0.13333333333333333,0.0,0.0,,,,,,,,,77091.0,525.0,44.0,436.0,-533199352.0,126.0,8.0,15.0,62.0,-61.0,-13.0
789,77104.0,48039.0,42883.0,50055.0,39007.0,77103.0,3.5049853324890137,,,,,,,,,16.13526463508606,1.4847019513448079,0.0,0.4,0.13333333333333333,0.0,0.0,,,,,,,,,77101.0,526.0,43.0,436.0,-533199352.0,126.0,8.0,13.0,53.0,-77.0,-5.0
790,77114.0,48474.0,43234.0,49524.0,38808.0,77113.0,3.5049853324890137,,,,,,,,,16.150784015655518,1.4867712020874024,0.0,0.4,0.13333333333333333,0.0,0.0,,,,,,,,,77111.0,528.0,43.0,436.0,-534247928.0,127.0,8.0,12.0,55.0,-73.0,-14.0
791,77124.0,47551.0,43689.0,50417.0,38511.0,77123.0,3.5049853324890137,,,,,,,,,16.166213035583496,1.4888284047444662,0.0,0.4,0.13333333333333333,0.0,0.0,,,,,,,,,77121.0,529.0,44.0,436.0,-534248952.0,126.0,9.0,11.0,53.0,-87.0,-13.0
792,77134.0,46986.0,43560.0,51048.0,38714.0,77133.0,3.5049853324890137,,,,,,,,,16.1814284324646,1.4908571243286133,0.0,0.4,0.13333333333333333,0.0,0.0,,,,,,,,,77131.0,530.0,44.0,436.0,-534773239.0,126.0,10.0,9.0,71.0,-56.0,-26.0
793,77144.0,47464.0,44362.0,51096.0,38058.0,77143.0,3.5049853324890137,,,,,,,,,16.19679880142212,1.4929065068562826,0.0,0.4,0.13333333333333333,0.0,0.0,,,,,,,,,77141.0,529.0,44.0,435.0,-534773239.0,120.0,12.0,2.0,32.0,-75.0,-2.0
794,77154.0,48249.0,43835.0,50463.0,38349.0,77153.0,3.5049853324890137,,,,,,,,,16.213011980056763,1.4950682640075683,0.0,0.4,0.13333333333333333,0.0,0.0,,,,,,,,,77151.0,530.0,45.0,435.0,-534773239.0,120.0,12.0,2.0,17.0,-65.0,12.0
795,77164.0,47586.0,43150.0,51046.0,39154.0,77163.0,3.5049853324890137,,,,,,,,,16.22853183746338,1.4971375783284506,0.0,0.4,0.13333333333333333,0.0,0.0,,,,,,,,,77161.0,532.0,43.0,435.0,-534772215.0,121.0,10.0,1.0,31.0,-50.0,-4.0
796,77174.0,47512.0,43276.0,51100.0,39092.0,77173.0,3.5049853324890137,,,,,,,,,16.245200634002686,1.4993600845336914,0.0,0.4,0.13333333333333333,0.0,0.0,,,,,,,,,77171.0,533.0,44.0,435.0,-535820791.0,122.0,12.0,1.0,33.0,-57.0,0.0
797,77184.0,48550.0,44562.0,50614.0,38546.0,77183.0,3.499706745147705,,,,,,,,,16.26186442375183,1.5015819231669107,0.0,0.4,0.13333333333333333,0.0,0.0,,,,,,,,,77181.0,534.0,44.0,435.0,-535820791.0,122.0,12.0,0.0,26.0,-55.0,3.0
798,77194.0,47581.0,43771.0,51699.0,39257.0,77193.0,3.499706745147705,,,,,,,,,16.277859687805176,1.50371462504069,0.0,0.4,0.13333333333333333,0.0,0.0,,,,,,,,,77191.0,536.0,44.0,433.0,-535820791.0,124.0,12.0,-12.0,51.0,-45.0,-6.0
799,77204.0,48763.0,44223.0,50605.0,38625.0,77203.0,3.499706745147705,,,,,,,,,16.294854402542114,1.5059805870056153,0.0,0.4,0.13333333333333333,0.0,0.0,,,,,,,,,77201.0,538.0,44.0,433.0,-535820791.0,124.0,12.0,-11.0,26.0,-45.0,13.0
800,77214.0,48366.0,43868.0,51148.0,38722.0,77213.0,3.4944281578063965,,,,,,,,,16.309574842453003,1.5079433123270671,0.0,0.4,0.13333333333333333,0.0,0.0,,,,,,,,,77211.0,540.0,44.0,433.0,-535819767.0,126.0,11.0,-10.0,31.0,-49.0,24.0
801,77224.0,48109.0,43855.0,51331.0,38773.0,77223.0,3.499706745147705,,,,,,,,,16.3249249458313,1.5099899927775065,0.0,0.4,0.13333333333333333,0.0,0.0,,,,,,,,,77221.0,541.0,43.0,433.0,-535819768.0,127.0,11.0,-9.0,45.0,-25.0,23.0
802,77234.0,48278.0,45402.0,51418.0,37642.0,77233.0,3.499706745147705,,,,,,,,,16.34177875518799,1.5122371673583985,0.0,0.4,0.13333333333333333,0.0,0.0,,,,,,,,,77231.0,542.0,43.0,431.0,-535819768.0,127.0,11.0,-16.0,54.0,-6.0,21.0
803,77244.0,48365.0,44877.0,51409.0,38205.0,77243.0,3.499706745147705,,,,,,,,,16.356816291809082,1.514242172241211,0.0,0.4,0.13333333333333333,0.0,0.0,,,,,,,,,77241.0,543.0,44.0,431.0,-536868344.0,127.0,12.0,-16.0,50.0,18.0,13.0
804,77254.0,48765.0,44105.0,51229.0,38913.0,77253.0,3.499706745147705,,,,,,,,,16.372403383255005,1.5163204511006674,0.0,0.4,0.13333333333333333,0.0,0.0,,,,,,,,,77251.0,545.0,44.0,431.0,-536868344.0,129.0,11.0,-18.0,40.0,21.0,27.0
805,77264.0,47890.0,44452.0,52170.0,38564.0,77263.0,3.4944281578063965,,,,,,,,,16.38793635368347,1.5183915138244628,0.0,0.4,0.13333333333333333,0.0,0.0,,,,,,,,,77261.0,545.0,44.0,431.0,-536868344.0,127.0,12.0,-18.0,68.0,21.0,26.0
806,77274.0,48538.0,44648.0,51358.0,38292.0,77273.0,3.4944281578063965,,,,,,,,,16.403101444244385,1.5204135258992513,0.0,0.4,0.13333333333333333,0.0,0.0,,,,,,,,,77271.0,546.0,44.0,431.0,-1073740280.0,127.0,12.0,-16.0,22.0,48.0,27.0
807,77284.0,48821.0,43813.0,51403.0,39067.0,77283.0,3.4944281578063965,,,,,,,,,16.419885396957397,1.5226513862609863,0.0,0.4,0.13333333333333333,0.0,0.0,,,,,,,,,77281.0,548.0,44.0,431.0,-1073740280.0,127.0,12.0,-18.0,30.0,37.0,28.0
808,77294.0,48383.0,44669.0,52029.0,38155.0,77293.0,3.4944281578063965,,,,,,,,,16.43468976020813,1.524625301361084,0.0,0.4,0.13333333333333333,0.0,0.0,,,,,,,,,77291.0,548.0,45.0,431.0,-1073740280.0,126.0,13.0,-19.0,16.0,16.0,40.0
809,77304.0,49578.0,44796.0,50670.0,38164.0,77303.0,3.4944281578063965,,,,,,,,,16.45070505142212,1.5267606735229493,0.0,0.4,0.13333333333333333,0.0,0.0,,,,,,,,,77301.0,550.0,45.0,431.0,-1073740280.0,127.0,13.0,-18.0,58.0,19.0,27.0
810,77314.0,49466.0,43970.0,51290.0,39326.0,77313.0,3.4944281578063965,,,,,,,,,16.465900182724,1.5287866910298666,0.0,0.4,0.13333333333333333,0.0,0.0,,,,,,,,,77311.0,552.0,45.0,431.0,-1072691704.0,129.0,12.0,-27.0,44.0,-4.0,32.0
811,77324.0,50350.0,43826.0,50522.0,39266.0,77323.0,3.4944281578063965,,,,,,,,,16.482442140579224,1.530992285410563,0.0,0.4,0.13333333333333333,0.0,0.0,,,,,,,,,77321.0,555.0,45.0,429.0,-1072691705.0,132.0,11.0,-26.0,54.0,-19.0,46.0
812,77334.0,49910.0,44938.0,50958.0,38078.0,77333.0,3.4944281578063965,,,,,,,,,16.49782705307007,1.5330436070760092,0.0,0.4,0.13333333333333333,0.0,0.0,,,,,,,,,77331.0,556.0,44.0,428.0,-1072691705.0,132.0,10.0,-24.0,45.0,-15.0,46.0
813,77344.0,49393.0,43653.0,51773.0,39189.0,77343.0,3.4944281578063965,,,,,,,,,16.512916803359985,1.5350555737813314,0.0,0.4,0.13333333333333333,0.0,0.0,,,,,,,,,77341.0,557.0,45.0,428.0,-1072691705.0,132.0,11.0,-24.0,49.0,-42.0,55.0
814,77354.0,50443.0,44967.0,50651.0,38059.0,77353.0,3.4944281578063965,,,,,,,,,16.527467012405396,1.5369956016540527,0.0,0.4,0.13333333333333333,0.0,0.0,,,,,,,,,77351.0,559.0,45.0,428.0,-1072690681.0,134.0,10.0,-25.0,58.0,-38.0,48.0
815,77364.0,50396.0,44436.0,51036.0,38364.0,77363.0,3.4944281578063965,,,,,,,,,16.54363465309143,1.5391512870788575,0.0,0.4,0.13333333333333333,0.0,0.0,,,,,,,,,77361.0,561.0,45.0,427.0,-1071642105.0,135.0,9.0,-25.0,61.0,-39.0,63.0
816,77374.0,49904.0,45056.0,51534.0,37850.0,77373.0,3.4944281578063965,,,,,,,,,16.558678150177002,1.5411570866902669,0.0,0.4,0.13333333333333333,0.0,0.0,,,,,,,,,77371.0,560.0,43.0,427.0,-1071642105.0,132.0,6.0,-25.0,74.0,-53.0,52.0
817,77384.0,49555.0,44357.0,52083.0,38377.0,77383.0,3.4944281578063965,,,,,,,,,16.574476957321167,1.543263594309489,0.0,0.4,0.13333333333333333,0.0,0.0,,,,,,,,,77381.0,562.0,43.0,427.0,-1071642106.0,132.0,5.0,-25.0,30.0,-31.0,64.0
818,77394.0,49689.0,44701.0,52125.0,37833.0,77393.0,3.4944281578063965,,,,,,,,,16.58877205848694,1.5451696077982584,0.0,0.4,0.13333333333333333,0.0,0.0,,,,,,,,,77391.0,561.0,43.0,427.0,-1071642106.0,129.0,3.0,-24.0,37.0,-14.0,78.0
819,77404.0,50200.0,44354.0,51506.0,38164.0,77403.0,3.4944281578063965,,,,,,,,,16.60381031036377,1.5471747080485025,0.0,0.4,0.13333333333333333,0.0,0.0,,,,,,,,,77401.0,563.0,43.0,426.0,-1071642106.0,131.0,2.0,-23.0,41.0,9.0,66.0
820,77414.0,50136.0,44468.0,51744.0,37908.0,77413.0,3.4944281578063965,,,,,,,,,16.618563175201416,1.5491417566935222,0.0,0.4,0.13333333333333333,0.0,0.0,,,,,,,,,77411.0,563.0,43.0,426.0,-1070593530.0,129.0,3.0,-22.0,40.0,29.0,79.0
821,77424.0,49412.0,44300.0,52682.0,37778.0,77423.0,3.4944281578063965,,,,,,,,,16.636159420013428,1.551487922668457,0.0,0.4,0.13333333333333333,0.0,0.0,,,,,,,,,77421.0,566.0,43.0,426.0,-1070593531.0,133.0,2.0,-20.0,-4.0,19.0,86.0
822,77434.0,49947.0,43621.0,52093.0,38431.0,77433.0,3.4944281578063965,,,,,,,,,16.65250253677368,1.5536670049031576,0.0,0.4,0.13333333333333333,0.0,0.0,,,,,,,,,77431.0,567.0,43.0,426.0,-1070593531.0,132.0,1.0,-19.0,5.0,23.0,86.0
823,77444.0,49871.0,44109.0,52183.0,38153.0,77443.0,3.4944281578063965,,,,,,,,,16.668535232543945,1.555804697672526,0.0,0.4,0.13333333333333333,0.0,0.0,,,,,,,,,77441.0,569.0,43.0,425.0,-1070593531.0,134.0,1.0,-21.0,-19.0,28.0,74.0
824,77454.0,50500.0,44326.0,51852.0,37742.0,77453.0,3.4944281578063965,,,,,,,,,16.68341898918152,1.5577891985575358,0.0,0.4,0.13333333333333333,0.0,0.0,,,,,,,,,77451.0,571.0,43.0,425.0,-1070593532.0,135.0,0.0,-21.0,-41.0,35.0,93.0
825,77464.0,50013.0,43993.0,52335.0,37935.0,77463.0,3.4944281578063965,,,,,,,,,16.700438261032104,1.5600584348042805,0.0,0.4,0.13333333333333333,0.0,0.0,,,,,,,,,77461.0,572.0,44.0,425.0,-1071642108.0,137.0,0.0,-19.0,-21.0,6.0,85.0
826,77474.0,50740.0,43470.0,51742.0,38428.0,77473.0,3.4944281578063965,,,,,,,,,16.714948892593384,1.5619931856791178,0.0,0.4,0.13333333333333333,0.0,0.0,,,,,,,,,77471.0,573.0,44.0,425.0,-1071643132.0,136.0,0.0,-19.0,-18.0,33.0,86.0
827,77484.0,50655.0,44163.0,51995.0,37799.0,77483.0,3.4944281578063965,,,,,,,,,16.730700492858887,1.5640933990478516,0.0,0.4,0.13333333333333333,0.0,0.0,,,,,,,,,77481.0,574.0,43.0,425.0,-1071643133.0,136.0,-2.0,-19.0,-45.0,37.0,86.0
828,77494.0,50165.0,43783.0,52513.0,38159.0,77493.0,3.4944281578063965,,,,,,,,,16.746379137039185,1.5661838849385579,0.0,0.4,0.13333333333333333,0.0,0.0,,,,,,,,,77491.0,576.0,43.0,424.0,-1071643133.0,136.0,-3.0,-21.0,-29.0,7.0,85.0
829,77504.0,49954.0,44006.0,52766.0,37854.0,77503.0,3.489149570465088,,,,,,,,,16.762690544128418,1.5683587392171223,0.0,0.4,0.13333333333333333,0.0,0.0,,,,,,,,,77501.0,576.0,43.0,424.0,-1071643133.0,135.0,-2.0,-19.0,-9.0,-18.0,80.0
830,77514.0,50571.0,43749.0,51909.0,38087.0,77513.0,3.489149570465088,,,,,,,,,16.77707815170288,1.5702770868937175,0.0,0.4,0.13333333333333333,0.0,0.0,,,,,,,,,77511.0,578.0,43.0,424.0,-1071643134.0,136.0,-3.0,-17.0,9.0,-29.0,69.0
831,77524.0,51230.0,43522.0,51214.0,38206.0,77523.0,3.489149570465088,,,,,,,,,16.791157007217407,1.5721542676289877,0.0,0.4,0.13333333333333333,0.0,0.0,,,,,,,,,77521.0,580.0,43.0,423.0,-1071643134.0,137.0,-3.0,-14.0,34.0,-48.0,68.0
832,77534.0,51558.0,43616.0,50718.0,37864.0,77533.0,3.489149570465088,,,,,,,,,16.807527542114258,1.5743370056152344,0.0,0.4,0.13333333333333333,0.0,0.0,,,,,,,,,77531.0,581.0,43.0,424.0,-1071642110.0,137.0,-5.0,-10.0,54.0,-70.0,66.0
833,77544.0,52858.0,43638.0,49446.0,37806.0,77543.0,3.489149570465088,,,,,,,,,16.822864294052124,1.5763819058736166,0.0,0.4,0.13333333333333333,0.0,0.0,,,,,,,,,77541.0,583.0,42.0,424.0,-1070593534.0,139.0,-6.0,-9.0,69.0,-95.0,60.0
834,77554.0,52965.0,43161.0,49301.0,38301.0,77553.0,3.489149570465088,,,,,,,,,16.837576627731323,1.5783435503641765,0.0,0.4,0.13333333333333333,0.0,0.0,,,,,,,,,77551.0,586.0,42.0,424.0,-1070593534.0,142.0,-8.0,-9.0,93.0,-130.0,58.0
835,77564.0,52661.0,43215.0,49681.0,38231.0,77563.0,3.489149570465088,,,,,,,,,16.853058099746704,1.5804077466328939,0.0,0.4,0.13333333333333333,0.0,0.0,,,,,,,,,77561.0,587.0,42.0,424.0,-1070592511.0,142.0,-8.0,-9.0,79.0,-136.0,58.0
836,77574.0,53227.0,43599.0,49345.0,38069.0,77573.0,3.4838709831237793,,,,,,,,,16.86973547935486,1.5826313972473145,0.0,0.4,0.13333333333333333,0.0,0.0,,,,,,,,,77571.0,588.0,41.0,423.0,-1070592511.0,142.0,-11.0,-13.0,59.0,-138.0,49.0
837,77584.0,52284.0,43200.0,50324.0,38508.0,77583.0,3.489149570465088,,,,,,,,,16.88846778869629,1.5851290384928385,0.0,0.4,0.13333333333333333,0.0,0.0,,,,,,,,,77581.0,590.0,41.0,423.0,-1069542911.0,144.0,-11.0,-14.0,87.0,-120.0,55.0
838,77594.0,52667.0,43643.0,50023.0,38047.0,77593.0,3.489149570465088,,,,,,,,,16.904945135116577,1.5873260180155435,0.0,0.4,0.13333333333333333,0.0,0.0,,,,,,,,,77591.0,591.0,41.0,423.0,-1069542911.0,145.0,-12.0,-14.0,36.0,-103.0,50.0
839,77604.0,51679.0,43555.0,50861.0,38325.0,77603.0,3.4838709831237793,,,,,,,,,16.9253990650177,1.5900532086690267,0.0,0.4,0.13333333333333333,0.0,0.0,,,,,,,,,77601.0,593.0,41.0,422.0,-1069541887.0,146.0,-13.0,-14.0,16.0,-76.0,38.0
840,77614.0,51966.0,43470.0,50802.0,38474.0,77613.0,3.489149570465088,,,,,,,,,16.940977096557617,1.5921302795410157,0.0,0.4,0.13333333333333333,0.0,0.0,,,,,,,,,77611.0,594.0,41.0,422.0,-1069541888.0,147.0,-14.0,-15.0,-33.0,-12.0,43.0
841,77624.0,51536.0,43764.0,51366.0,38078.0,77623.0,3.4838709831237793,,,,,,,,,16.958518743515015,1.594469165802002,0.0,0.4,0.13333333333333333,0.0,0.0,,,,,,,,,77621.0,596.0,41.0,422.0,-1069541888.0,149.0,-16.0,-16.0,-63.0,17.0,42.0
842,77634.0,49076.0,45310.0,53766.0,36556.0,77633.0,3.4838709831237793,,,,,,,,,16.977927684783936,1.5970570246378581,0.0,0.4,0.13333333333333333,0.0,0.0,,,,,,,,,77631.0,591.0,41.0,422.0,-1069542912.0,139.0,-16.0,-15.0,-76.0,65.0,40.0
843,77644.0,49941.0,43869.0,52827.0,38007.0,77643.0,3.4838709831237793,,,,,,,,,17.001401662826538,1.6001868883768717,0.0,0.4,0.13333333333333333,0.0,0.0,,,,,,,,,77641.0,594.0,41.0,421.0,-1070592000.0,142.0,-16.0,-15.0,-121.0,100.0,38.0
844,77654.0,50356.0,43836.0,52354.0,37998.0,77653.0,3.4838709831237793,,,,,,,,,17.026257276535034,1.6035009702046712,0.0,0.4,0.13333333333333333,0.0,0.0,,,,,,,,,77651.0,596.0,41.0,421.0,-1070592000.0,144.0,-17.0,-13.0,-124.0,116.0,30.0
845,77664.0,50495.0,43529.0,52841.0,38647.0,77663.0,3.4838709831237793,,,,,,,,,17.114078998565674,1.6152105331420898,0.0,0.4,0.13333333333333333,0.0,0.0,,,,,,,,,77661.0,597.0,41.0,419.0,-1071641600.0,145.0,-17.0,-22.0,-140.0,144.0,41.0
846,77674.0,50267.0,44083.0,52853.0,38169.0,77673.0,3.4838709831237793,,,,,,,,,17.131678342819214,1.6175571123758952,0.0,0.4,0.13333333333333333,0.0,0.0,,,,,,,,,77671.0,598.0,41.0,419.0,-1071641600.0,144.0,-18.0,-21.0,-143.0,135.0,29.0
847,77684.0,50838.0,43910.0,52010.0,38514.0,77683.0,3.4838709831237793,,,,,,,,,17.151309967041016,1.6201746622721354,0.0,0.4,0.13333333333333333,0.0,0.0,,,,,,,,,77681.0,601.0,40.0,419.0,-1072691199.0,148.0,-20.0,-20.0,-154.0,116.0,17.0
848,77694.0,50502.0,43330.0,52320.0,39044.0,77693.0,3.4785923957824707,,,,,,,,,17.171841621398926,1.6229122161865235,0.0,0.4,0.13333333333333333,0.0,0.0,,,,,,,,,77691.0,602.0,40.0,419.0,-1072691199.0,149.0,-20.0,-18.0,-151.0,111.0,11.0
849,77704.0,50565.0,43723.0,51969.0,38523.0,77703.0,3.4785923957824707,,,,,,,,,17.19040608406067,1.625387477874756,0.0,0.4,0.13333333333333333,0.0,0.0,,,,,,,,,77701.0,604.0,39.0,419.0,-1073739775.0,149.0,-20.0,-14.0,-129.0,76.0,4.0
850,77714.0,49393.0,44625.0,53205.0,37425.0,77713.0,3.4785923957824707,,,,,,,,,17.206369876861572,1.627515983581543,0.0,0.4,0.13333333333333333,0.0,0.0,,,,,,,,,77711.0,600.0,42.0,419.0,-536869887.0,140.0,-15.0,-12.0,-98.0,64.0,12.0
851,77724.0,50048.0,43492.0,52488.0,38656.0,77723.0,3.4785923957824707,,,,,,,,,17.223722219467163,1.6298296292622885,0.0,0.4,0.13333333333333333,0.0,0.0,,,,,,,,,77721.0,601.0,41.0,419.0,-536869887.0,139.0,-16.0,-12.0,-78.0,20.0,4.0
852,77734.0,50121.0,42699.0,52207.0,39537.0,77733.0,3.4785923957824707,,,,,,,,,17.239653825759888,1.6319538434346517,0.0,0.4,0.13333333333333333,0.0,0.0,,,,,,,,,77731.0,604.0,42.0,418.0,-535821311.0,142.0,-15.0,-10.0,-81.0,-10.0,-1.0
853,77744.0,50787.0,43561.0,51181.0,38607.0,77743.0,3.4785923957824707,,,,,,,,,17.25803256034851,1.6344043413798015,0.0,0.4,0.13333333333333333,0.0,0.0,,,,,,,,,77741.0,605.0,41.0,418.0,-535821311.0,142.0,-15.0,-9.0,-94.0,-34.0,-11.0
854,77754.0,50660.0,43544.0,51374.0,38486.0,77753.0,3.4785923957824707,,,,,,,,,17.274028062820435,1.6365370750427246,0.0,0.4,0.13333333333333333,0.0,0.0,,,,,,,,,77751.0,607.0,41.0,419.0,-535821311.0,143.0,-14.0,-5.0,-54.0,-44.0,0.0
855,77764.0,50342.0,43612.0,51680.0,38446.0,77763.0,3.4785923957824707,,,,,,,,,17.289684534072876,1.6386246045430501,0.0,0.4,0.13333333333333333,0.0,0.0,,,,,,,,,77761.0,608.0,41.0,419.0,-534772735.0,143.0,-15.0,-5.0,-41.0,-38.0,-3.0
856,77774.0,50879.0,43079.0,51089.0,39109.0,77773.0,3.4785923957824707,,,,,,,,,17.30545926094055,1.6407279014587401,0.0,0.4,0.13333333333333333,0.0,0.0,,,,,,,,,77771.0,610.0,41.0,419.0,-534772735.0,143.0,-14.0,-5.0,9.0,-46.0,-13.0
857,77784.0,51088.0,43782.0,50834.0,38300.0,77783.0,3.4785923957824707,,,,,,,,,17.321574211120605,1.6428765614827474,0.0,0.4,0.13333333333333333,0.0,0.0,,,,,,,,,77781.0,612.0,41.0,419.0,-534771711.0,145.0,-13.0,-4.0,11.0,-36.0,-17.0
858,77794.0,49630.0,43940.0,52376.0,38206.0,77793.0,3.4838709831237793,,,,,,,,,17.33615779876709,1.644821039835612,0.0,0.4,0.13333333333333333,0.0,0.0,,,,,,,,,77791.0,612.0,40.0,418.0,-535820288.0,143.0,-15.0,-5.0,40.0,-20.0,-12.0
859,77804.0,51023.0,43877.0,50775.0,38141.0,77803.0,3.4838709831237793,,,,,,,,,17.352555513381958,1.647007401784261,0.0,0.4,0.13333333333333333,0.0,0.0,,,,,,,,,77801.0,614.0,40.0,418.0,-535820288.0,144.0,-14.0,-1.0,32.0,-23.0,-10.0
860,77814.0,50295.0,43973.0,51231.0,37953.0,77813.0,3.4838709831237793,,,,,,,,,17.368056058883667,1.649074141184489,0.0,0.4,0.13333333333333333,0.0,0.0,,,,,,,,,77811.0,615.0,40.0,418.0,-535820288.0,144.0,-14.0,1.0,12.0,0.0,-17.0
861,77824.0,50290.0,44222.0,50998.0,37646.0,77823.0,3.4838709831237793,,,,,,,,,17.385746240615845,1.6514328320821126,0.0,0.4,0.13333333333333333,0.0,0.0,,,,,,,,,77821.0,616.0,40.0,418.0,-535820288.0,143.0,-13.0,4.0,11.0,-8.0,-18.0
862,77834.0,50350.0,43888.0,50990.0,37904.0,77833.0,3.4838709831237793,,,,,,,,,17.402016162872314,1.653602155049642,0.0,0.4,0.13333333333333333,0.0,0.0,,,,,,,,,77831.0,618.0,40.0,417.0,-535820288.0,144.0,-13.0,5.0,-2.0,20.0,-18.0
863,77844.0,50028.0,44032.0,51116.0,37684.0,77843.0,3.4838709831237793,,,,,,,,,17.41835904121399,1.6557812054951986,0.0,0.4,0.13333333333333333,0.0,0.0,,,,,,,,,77841.0,618.0,39.0,417.0,-535821312.0,143.0,-14.0,7.0,-8.0,32.0,-23.0
864,77854.0,50070.0,43066.0,50970.0,38606.0,77853.0,3.4838709831237793,,,,,,,,,17.434664964675903,1.6579553286234539,0.0,0.4,0.13333333333333333,0.0,0.0,,,,,,,,,77851.0,621.0,39.0,417.0,-535821312.0,147.0,-13.0,9.0,-21.0,30.0,-28.0
865,77864.0,49627.0,42961.0,51153.0,38647.0,77863.0,3.4838709831237793,,,,,,,,,17.45075035095215,1.6601000467936198,0.0,0.4,0.13333333333333333,0.0,0.0,,,,,,,,,77861.0,623.0,39.0,418.0,-535821312.0,148.0,-12.0,12.0,-20.0,36.0,-31.0
866,77874.0,49108.0,42606.0,51348.0,38658.0,77873.0,3.4838709831237793,,,,,,,,,17.467201232910156,1.6622934977213542,0.0,0.4,0.13333333333333333,0.0,0.0,,,,,,,,,77871.0,625.0,38.0,418.0,-535820800.0,148.0,-13.0,16.0,-38.0,42.0,-26.0
867,77884.0,49513.0,42855.0,50689.0,38303.0,77883.0,3.4838709831237793,,,,,,,,,17.484107971191406,1.6645477294921875,0.0,0.4,0.13333333333333333,0.0,0.0,,,,,,,,,77881.0,626.0,38.0,418.0,-534772224.0,149.0,-14.0,21.0,-51.0,39.0,-29.0
868,77894.0,49603.0,43087.0,50337.0,37965.0,77893.0,3.489149570465088,,,,,,,,,17.500611782073975,1.6667482376098632,0.0,0.4,0.13333333333333333,0.0,0.0,,,,,,,,,77891.0,628.0,37.0,418.0,-534772224.0,150.0,-13.0,25.0,-47.0,28.0,-33.0
869,77904.0,47847.0,43259.0,51857.0,37717.0,77903.0,3.489149570465088,,,,,,,,,17.51649308204651,1.6688657442728678,0.0,0.4,0.13333333333333333,0.0,0.0,,,,,,,,,77901.0,626.0,38.0,419.0,-534772224.0,143.0,-11.0,27.0,-26.0,32.0,-30.0
870,77914.0,49299.0,43043.0,50405.0,37909.0,77913.0,3.489149570465088,,,,,,,,,17.533018350601196,1.6710691134134927,0.0,0.4,0.13333333333333333,0.0,0.0,,,,,,,,,77911.0,629.0,37.0,419.0,-534772223.0,146.0,-13.0,27.0,-51.0,50.0,-33.0
871,77924.0,49144.0,43510.0,50656.0,37874.0,77923.0,3.489149570465088,,,,,,,,,17.550113439559937,1.6733484586079916,0.0,0.4,0.13333333333333333,0.0,0.0,,,,,,,,,77921.0,630.0,37.0,418.0,-534773247.0,145.0,-12.0,21.0,-44.0,32.0,-43.0
872,77934.0,49171.0,42963.0,50389.0,38417.0,77933.0,3.4944281578063965,,,,,,,,,17.566497564315796,1.6755330085754394,0.0,0.4,0.13333333333333333,0.0,0.0,,,,,,,,,77931.0,632.0,37.0,418.0,-534773247.0,147.0,-11.0,22.0,-17.0,18.0,-45.0
873,77944.0,47867.0,43539.0,51659.0,37759.0,77943.0,3.489149570465088,,,,,,,,,17.581770181655884,1.6775693575541177,0.0,0.4,0.13333333333333333,0.0,0.0,,,,,,,,,77941.0,633.0,37.0,418.0,-534773247.0,147.0,-10.0,23.0,-19.0,9.0,-42.0
874,77954.0,49488.0,42880.0,49854.0,38290.0,77953.0,3.489149570465088,,,,,,,,,17.598361253738403,1.6797815004984538,0.0,0.4,0.13333333333333333,0.0,0.0,,,,,,,,,77951.0,637.0,37.0,419.0,-534773247.0,150.0,-10.0,25.0,-41.0,25.0,-48.0
875,77964.0,48830.0,43870.0,50170.0,37362.0,77963.0,3.489149570465088,,,,,,,,,17.615070104599,1.6820093472798665,0.0,0.4,0.13333333333333333,0.0,0.0,,,,,,,,,77961.0,637.0,36.0,419.0,-534773247.0,148.0,-11.0,27.0,-14.0,11.0,-54.0
876,77974.0,48870.0,42994.0,50074.0,37990.0,77973.0,3.489149570465088,,,,,,,,,17.631458282470703,1.6841944376627604,0.0,0.4,0.13333333333333333,0.0,0.0,,,,,,,,,77971.0,638.0,36.0,419.0,-533724670.0,147.0,-10.0,29.0,-30.0,15.0,-49.0
877,77984.0,47847.0,43243.0,50875.0,37663.0,77983.0,3.489149570465088,,,,,,,,,17.6476309299469,1.6863507906595865,0.0,0.4,0.13333333333333333,0.0,0.0,,,,,,,,,77981.0,640.0,36.0,419.0,-533724670.0,147.0,-9.0,31.0,-22.0,36.0,-53.0
878,77994.0,47884.0,43484.0,50740.0,37352.0,77993.0,3.489149570465088,,,,,,,,,17.664639234542847,1.6886185646057128,0.0,0.4,0.13333333333333333,0.0,0.0,,,,,,,,,77991.0,641.0,35.0,420.0,-533200382.0,147.0,-10.0,33.0,-15.0,27.0,-47.0
879,78004.0,47879.0,43673.0,50681.0,37031.0,78003.0,3.489149570465088,,,,,,,,,17.68124294281006,1.6908323923746744,0.0,0.4,0.13333333333333333,0.0,0.0,,,,,,,,,78001.0,642.0,35.0,420.0,-533200382.0,146.0,-9.0,33.0,-25.0,52.0,-47.0
880,78014.0,48154.0,43094.0,50124.0,37440.0,78013.0,3.4944281578063965,,,,,,,,,17.698543548583984,1.693139139811198,0.0,0.4,0.13333333333333333,0.0,0.0,,,,,,,,,78011.0,646.0,34.0,421.0,-533200382.0,151.0,-9.0,38.0,-24.0,62.0,-42.0
881,78024.0,47898.0,42922.0,50432.0,37340.0,78023.0,3.4944281578063965,,,,,,,,,17.716028690338135,1.6954704920450847,0.0,0.4,0.13333333333333333,0.0,0.0,,,,,,,,,78021.0,647.0,34.0,421.0,-533199358.0,151.0,-9.0,38.0,-23.0,76.0,-31.0
882,78034.0,46856.0,43238.0,51266.0,37108.0,78033.0,3.4944281578063965,,,,,,,,,17.732699632644653,1.6976932843526205,0.0,0.4,0.13333333333333333,0.0,0.0,,,,,,,,,78031.0,646.0,35.0,422.0,-533199358.0,146.0,-7.0,39.0,-37.0,63.0,-34.0
883,78044.0,48022.0,42764.0,50184.0,37270.0,78043.0,3.4944281578063965,,,,,,,,,17.749590396881104,1.6999453862508138,0.0,0.4,0.13333333333333333,0.0,0.0,,,,,,,,,78041.0,649.0,35.0,422.0,-533199357.0,147.0,-5.0,40.0,-16.0,75.0,-23.0
884,78054.0,47775.0,43195.0,50767.0,37487.0,78053.0,3.4944281578063965,,,,,,,,,17.766576528549194,1.7022102038065592,0.0,0.4,0.13333333333333333,0.0,0.0,,,,,,,,,78051.0,649.0,33.0,420.0,-533199357.0,146.0,-7.0,30.0,-41.0,75.0,-28.0
885,78064.0,47179.0,42435.0,51133.0,38169.0,78063.0,3.4944281578063965,,,,,,,,,17.783840656280518,1.704512087504069,0.0,0.4,0.13333333333333333,0.0,0.0,,,,,,,,,78061.0,650.0,34.0,421.0,-533198333.0,143.0,-4.0,31.0,-58.0,66.0,-38.0
886,78074.0,46766.0,42410.0,51310.0,38038.0,78073.0,3.4944281578063965,,,,,,,,,17.799649238586426,1.7066198984781902,0.0,0.4,0.13333333333333333,0.0,0.0,,,,,,,,,78071.0,651.0,34.0,421.0,-532149757.0,143.0,-5.0,33.0,-55.0,21.0,-30.0
887,78084.0,48102.0,41930.0,49850.0,38406.0,78083.0,3.4944281578063965,,,,,,,,,17.815577507019043,1.7087436676025392,0.0,0.4,0.13333333333333333,0.0,0.0,,,,,,,,,78081.0,654.0,34.0,421.0,-532149757.0,145.0,-3.0,35.0,-51.0,2.0,-30.0
888,78094.0,49049.0,42441.0,48829.0,38145.0,78093.0,3.4944281578063965,,,,,,,,,17.832130908966064,1.710950787862142,0.0,0.4,0.13333333333333333,0.0,0.0,,,,,,,,,78091.0,657.0,34.0,421.0,-532149757.0,148.0,-1.0,32.0,-85.0,-7.0,-36.0
889,78104.0,49068.0,42094.0,48660.0,38438.0,78103.0,3.4944281578063965,,,,,,,,,17.84940481185913,1.7132539749145508,0.0,0.4,0.13333333333333333,0.0,0.0,,,,,,,,,78101.0,659.0,33.0,421.0,-532149757.0,147.0,-3.0,34.0,-27.0,-37.0,-37.0
890,78114.0,47817.0,42341.0,49701.0,38169.0,78113.0,3.4944281578063965,,,,,,,,,17.8662211894989,1.7154961585998536,0.0,0.4,0.13333333333333333,0.0,0.0,,,,,,,,,78111.0,660.0,33.0,421.0,-532149757.0,147.0,-2.0,35.0,-8.0,-50.0,-43.0
891,78124.0,47882.0,42340.0,49440.0,38022.0,78123.0,3.4944281578063965,,,,,,,,,17.88210916519165,1.7176145553588866,0.0,0.4,0.13333333333333333,0.0,0.0,,,,,,,,,78121.0,662.0,33.0,422.0,-532150780.0,147.0,-1.0,36.0,-6.0,-46.0,-44.0
892,78134.0,48281.0,42955.0,49157.0,37299.0,78133.0,3.4944281578063965,,,,,,,,,17.89901113510132,1.7198681513468423,0.0,0.4,0.13333333333333333,0.0,0.0,,,,,,,,,78131.0,663.0,34.0,422.0,-532150780.0,145.0,1.0,36.0,16.0,-42.0,-41.0
893,78144.0,47772.0,42796.0,49598.0,37806.0,78143.0,3.4944281578063965,,,,,,,,,17.920668363571167,1.722755781809489,0.0,0.4,0.13333333333333333,0.0,0.0,,,,,,,,,78141.0,663.0,33.0,422.0,-532150780.0,143.0,0.0,32.0,36.0,-30.0,-44.0
894,78154.0,47693.0,42971.0,49581.0,37695.0,78153.0,3.499706745147705,,,,,,,,,18.018944025039673,1.735859203338623,0.0,0.4,0.13333333333333333,0.0,0.0,,,,,,,,,78151.0,665.0,33.0,422.0,-532150780.0,144.0,1.0,30.0,46.0,-5.0,-48.0
895,78164.0,47752.0,43102.0,49492.0,37614.0,78163.0,3.4944281578063965,,,,,,,,,18.073626279830933,1.7431501706441244,0.0,0.4,0.13333333333333333,0.0,0.0,,,,,,,,,78161.0,666.0,33.0,422.0,-532150780.0,141.0,3.0,28.0,49.0,-6.0,-50.0
896,78174.0,47578.0,43186.0,49696.0,37628.0,78173.0,3.4944281578063965,,,,,,,,,18.117466688156128,1.748995558420817,0.0,0.4,0.13333333333333333,0.0,0.0,,,,,,,,,78171.0,667.0,33.0,423.0,-532150780.0,141.0,4.0,27.0,47.0,12.0,-51.0
897,78184.0,47288.0,43602.0,50112.0,37426.0,78183.0,3.4944281578063965,,,,,,,,,18.144099712371826,1.7525466283162434,0.0,0.4,0.13333333333333333,0.0,0.0,,,,,,,,,78181.0,668.0,32.0,423.0,-533199355.0,141.0,3.0,22.0,60.0,15.0,-50.0
898,78194.0,47841.0,43599.0,49627.0,37497.0,78193.0,3.4944281578063965,,,,,,,,,18.164005279541016,1.755200703938802,0.0,0.4,0.13333333333333333,0.0,0.0,,,,,,,,,78191.0,669.0,31.0,423.0,-533199355.0,142.0,1.0,22.0,52.0,39.0,-52.0
899,78204.0,47610.0,43318.0,49804.0,37956.0,78203.0,3.4944281578063965,,,,,,,,,18.182754039764404,1.757700538635254,0.0,0.4,0.13333333333333333,0.0,0.0,,,,,,,,,78201.0,673.0,32.0,423.0,-533199355.0,143.0,4.0,18.0,38.0,52.0,-57.0
900,78214.0,47131.0,43063.0,50245.0,38257.0,78213.0,3.4944281578063965,,,,,,,,,18.20313858985901,1.7604184786478678,0.0,0.4,0.13333333333333333,0.0,0.0,,,,,,,,,78211.0,673.0,32.0,423.0,-533199355.0,144.0,5.0,18.0,48.0,35.0,-54.0
901,78224.0,46765.0,42993.0,50499.0,38163.0,78223.0,3.4944281578063965,,,,,,,,,18.221708059310913,1.7628944079081217,0.0,0.4,0.13333333333333333,0.0,0.0,,,,,,,,,78221.0,677.0,32.0,424.0,-533198331.0,146.0,7.0,19.0,41.0,30.0,-54.0
902,78234.0,47592.0,42914.0,49610.0,38180.0,78233.0,3.4944281578063965,,,,,,,,,18.23949146270752,1.7652655283610026,0.0,0.4,0.13333333333333333,0.0,0.0,,,,,,,,,78231.0,677.0,32.0,424.0,-533198331.0,146.0,7.0,19.0,25.0,40.0,-55.0
903,78244.0,47699.0,43109.0,49383.0,38153.0,78243.0,3.4944281578063965,,,,,,,,,18.257151126861572,1.7676201502482096,0.0,0.4,0.13333333333333333,0.0,0.0,,,,,,,,,78241.0,679.0,33.0,424.0,-533198330.0,145.0,7.0,19.0,25.0,20.0,-47.0
904,78254.0,47041.0,43359.0,50185.0,37755.0,78253.0,3.4944281578063965,,,,,,,,,18.274110078811646,1.7698813438415528,0.0,0.4,0.13333333333333333,0.0,0.0,,,,,,,,,78251.0,673.0,31.0,424.0,-533198330.0,130.0,5.0,19.0,21.0,-7.0,-42.0
905,78264.0,47582.0,44232.0,48586.0,37832.0,78263.0,3.4944281578063965,,,,,,,,,18.289639711380005,1.771951961517334,0.0,0.4,0.13333333333333333,0.0,0.0,,,,,,,,,78261.0,675.0,31.0,424.0,-534246906.0,129.0,6.0,18.0,31.0,1.0,-41.0
906,78274.0,47486.0,42988.0,49770.0,38064.0,78273.0,3.4944281578063965,,,,,,,,,18.304840326309204,1.7739787101745605,0.0,0.4,0.13333333333333333,0.0,0.0,,,,,,,,,78271.0,677.0,32.0,425.0,-534246906.0,130.0,8.0,17.0,51.0,-28.0,-34.0
907,78284.0,47549.0,43219.0,48861.0,38575.0,78283.0,3.4944281578063965,,,,,,,,,18.322131872177124,1.7762842496236166,0.0,0.4,0.13333333333333333,0.0,0.0,,,,,,,,,78281.0,679.0,32.0,425.0,-534246906.0,132.0,8.0,17.0,42.0,-54.0,-29.0
908,78294.0,48171.0,43335.0,48907.0,37911.0,78293.0,3.4944281578063965,,,,,,,,,18.338799476623535,1.778506596883138,0.0,0.4,0.13333333333333333,0.0,0.0,,,,,,,,,78291.0,681.0,32.0,425.0,-534246906.0,132.0,8.0,17.0,40.0,-50.0,-35.0
909,78304.0,47592.0,43062.0,48454.0,39120.0,78303.0,3.4944281578063965,,,,,,,,,18.354952812194824,1.78066037495931,0.0,0.4,0.13333333333333333,0.0,0.0,,,,,,,,,78301.0,685.0,31.0,425.0,-534246906.0,137.0,7.0,15.0,49.0,-76.0,-40.0
910,78314.0,48104.0,43640.0,49152.0,37948.0,78313.0,3.4944281578063965,,,,,,,,,18.3738374710083,1.7831783294677734,0.0,0.4,0.13333333333333333,0.0,0.0,,,,,,,,,78311.0,686.0,31.0,425.0,-534247929.0,137.0,7.0,12.0,41.0,-81.0,-37.0
911,78324.0,47713.0,43671.0,48661.0,38779.0,78323.0,3.4944281578063965,,,,,,,,,18.389144897460938,1.7852193196614583,0.0,0.4,0.13333333333333333,0.0,0.0,,,,,,,,,78321.0,686.0,32.0,425.0,-534247929.0,134.0,9.0,8.0,47.0,-64.0,-39.0
912,78334.0,47812.0,43356.0,49628.0,38536.0,78333.0,3.4944281578063965,,,,,,,,,18.404709815979004,1.7872946421305338,0.0,0.4,0.13333333333333333,0.0,0.0,,,,,,,,,78331.0,688.0,32.0,425.0,-535296505.0,134.0,9.0,5.0,29.0,-36.0,-41.0
913,78344.0,46896.0,43318.0,49630.0,39428.0,78343.0,3.4944281578063965,,,,,,,,,18.42118215560913,1.7894909540812174,0.0,0.4,0.13333333333333333,0.0,0.0,,,,,,,,,78341.0,689.0,33.0,425.0,-535296505.0,133.0,11.0,3.0,29.0,-15.0,-37.0
914,78354.0,47752.0,43292.0,49706.0,38530.0,78353.0,3.489149570465088,,,,,,,,,18.44029402732849,1.7920392036437989,0.0,0.4,0.13333333333333333,0.0,0.0,,,,,,,,,78351.0,690.0,33.0,426.0,-535296505.0,133.0,11.0,4.0,3.0,-3.0,-35.0
915,78364.0,47169.0,43779.0,49299.0,38989.0,78363.0,3.489149570465088,,,,,,,,,18.477814197540283,1.797041893005371,0.0,0.4,0.13333333333333333,0.0,0.0,,,,,,,,,78361.0,691.0,33.0,426.0,-535296505.0,132.0,12.0,2.0,-13.0,14.0,-40.0
916,78374.0,47433.0,44335.0,49033.0,38515.0,78373.0,3.489149570465088,,,,,,,,,18.49388813972473,1.799185085296631,0.0,0.4,0.13333333333333333,0.0,0.0,,,,,,,,,78371.0,692.0,33.0,426.0,-535296505.0,132.0,12.0,1.0,2.0,14.0,-38.0
917,78384.0,46615.0,44633.0,50001.0,38171.0,78383.0,3.489149570465088,,,,,,,,,18.50968360900879,1.8012911478678386,0.0,0.4,0.13333333333333333,0.0,0.0,,,,,,,,,78381.0,693.0,32.0,426.0,-535296505.0,130.0,11.0,0.0,-11.0,20.0,-31.0
918,78394.0,47127.0,44475.0,49727.0,38319.0,78393.0,3.489149570465088,,,,,,,,,18.525243759155273,1.8033658345540364,0.0,0.4,0.13333333333333333,0.0,0.0,,,,,,,,,78391.0,695.0,32.0,426.0,-535296504.0,130.0,11.0,-2.0,2.0,54.0,-28.0
919,78404.0,46390.0,44768.0,50598.0,37960.0,78403.0,3.489149570465088,,,,,,,,,18.542073488235474,1.8056097984313966,0.0,0.4,0.13333333333333333,0.0,0.0,,,,,,,,,78401.0,696.0,32.0,426.0,-535296504.0,131.0,11.0,-2.0,-17.0,19.0,-28.0
920,78414.0,46468.0,44214.0,50486.0,38604.0,78413.0,3.489149570465088,,,,,,,,,18.558128595352173,1.8077504793802897,0.0,0.4,0.13333333333333333,0.0,0.0,,,,,,,,,78411.0,698.0,32.0,426.0,-535296504.0,132.0,11.0,-3.0,-3.0,27.0,-25.0
921,78424.0,46202.0,44184.0,50612.0,38726.0,78423.0,3.489149570465088,,,,,,,,,18.57348346710205,1.8097977956136069,0.0,0.4,0.13333333333333333,0.0,0.0,,,,,,,,,78421.0,700.0,32.0,426.0,-535296504.0,132.0,11.0,-3.0,1.0,15.0,-27.0
922,78434.0,46867.0,44313.0,49913.0,38643.0,78433.0,3.489149570465088,,,,,,,,,18.58900809288025,1.8118677457173666,0.0,0.4,0.13333333333333333,0.0,0.0,,,,,,,,,78431.0,701.0,33.0,426.0,-535296504.0,131.0,13.0,-3.0,-14.0,10.0,-28.0
923,78444.0,46724.0,43898.0,49778.0,39208.0,78443.0,3.489149570465088,,,,,,,,,18.60499334335327,1.8139991124471029,0.0,0.4,0.13333333333333333,0.0,0.0,,,,,,,,,78441.0,703.0,33.0,426.0,-535296504.0,132.0,13.0,-2.0,-17.0,-1.0,-34.0
924,78454.0,46971.0,43553.0,49595.0,39441.0,78453.0,3.489149570465088,,,,,,,,,18.620620489120483,1.816082731882731,0.0,0.4,0.13333333333333333,0.0,0.0,,,,,,,,,78451.0,703.0,32.0,426.0,-535296504.0,130.0,12.0,-1.0,-23.0,-21.0,-31.0
925,78464.0,46920.0,43830.0,49804.0,38850.0,78463.0,3.489149570465088,,,,,,,,,18.636061906814575,1.8181415875752767,0.0,0.4,0.13333333333333333,0.0,0.0,,,,,,,,,78461.0,704.0,33.0,426.0,-535296504.0,130.0,14.0,0.0,0.0,-51.0,-18.0
926,78474.0,48044.0,42956.0,48456.0,39884.0,78473.0,3.489149570465088,,,,,,,,,18.651703357696533,1.8202271143595377,0.0,0.4,0.13333333333333333,0.0,0.0,,,,,,,,,78471.0,706.0,33.0,426.0,-534247928.0,129.0,14.0,0.0,16.0,-42.0,-34.0
927,78484.0,47700.0,42950.0,48822.0,39312.0,78483.0,3.489149570465088,,,,,,,,,18.66676425933838,1.8222352345784505,0.0,0.4,0.13333333333333333,0.0,0.0,,,,,,,,,78481.0,709.0,33.0,427.0,-535296503.0,133.0,13.0,5.0,8.0,-68.0,-21.0
928,78494.0,47664.0,43498.0,48716.0,38974.0,78493.0,3.489149570465088,,,,,,,,,18.682502269744873,1.824333635965983,0.0,0.4,0.13333333333333333,0.0,0.0,,,,,,,,,78491.0,710.0,33.0,427.0,-535296503.0,133.0,13.0,4.0,34.0,-84.0,-28.0
929,78504.0,48082.0,43602.0,48214.0,38994.0,78503.0,3.489149570465088,,,,,,,,,18.69809651374817,1.8264128684997558,0.0,0.4,0.13333333333333333,0.0,0.0,,,,,,,,,78501.0,710.0,32.0,427.0,-535297527.0,130.0,12.0,3.0,41.0,-72.0,-26.0
930,78514.0,48127.0,43923.0,48237.0,38517.0,78513.0,3.489149570465088,,,,,,,,,18.713741064071655,1.8284988085428873,0.0,0.4,0.13333333333333333,0.0,0.0,,,,,,,,,78511.0,713.0,32.0,427.0,-535297527.0,132.0,11.0,4.0,73.0,-72.0,-21.0
931,78524.0,47823.0,43645.0,48539.0,38657.0,78523.0,3.489149570465088,,,,,,,,,18.729937076568604,1.8306582768758137,0.0,0.4,0.13333333333333333,0.0,0.0,,,,,,,,,78521.0,713.0,32.0,427.0,-535821815.0,130.0,12.0,5.0,51.0,-67.0,-19.0
932,78534.0,47610.0,44058.0,48508.0,38396.0,78533.0,3.489149570465088,,,,,,,,,18.74461817741394,1.8326157569885253,0.0,0.4,0.13333333333333333,0.0,0.0,,,,,,,,,78531.0,716.0,32.0,427.0,-535821815.0,134.0,12.0,6.0,44.0,-56.0,-27.0
933,78544.0,48135.0,43919.0,48045.0,38405.0,78543.0,3.489149570465088,,,,,,,,,18.761317491531372,1.834842332204183,0.0,0.4,0.13333333333333333,0.0,0.0,,,,,,,,,78541.0,717.0,32.0,427.0,-536869367.0,134.0,11.0,6.0,65.0,-43.0,-19.0
934,78554.0,48122.0,42990.0,48466.0,38978.0,78553.0,3.489149570465088,,,,,,,,,18.77791142463684,1.8370548566182454,0.0,0.4,0.13333333333333333,0.0,0.0,,,,,,,,,78551.0,719.0,32.0,427.0,-536869367.0,135.0,12.0,5.0,57.0,-55.0,-8.0
935,78564.0,47600.0,43736.0,49022.0,38330.0,78563.0,3.489149570465088,,,,,,,,,18.794074296951294,1.8392099062601726,0.0,0.4,0.13333333333333333,0.0,0.0,,,,,,,,,78561.0,721.0,33.0,427.0,-1073740279.0,135.0,12.0,3.0,35.0,-29.0,-16.0
936,78574.0,48081.0,43501.0,48569.0,38669.0,78573.0,3.489149570465088,,,,,,,,,18.81145453453064,1.841527271270752,0.0,0.4,0.13333333333333333,0.0,0.0,,,,,,,,,78571.0,720.0,33.0,428.0,-1073740279.0,132.0,13.0,2.0,27.0,-14.0,-10.0
937,78584.0,47329.0,43421.0,49257.0,38905.0,78583.0,3.489149570465088,,,,,,,,,18.82693314552307,1.8435910860697429,0.0,0.4,0.13333333333333333,0.0,0.0,,,,,,,,,78581.0,721.0,33.0,428.0,-1073740279.0,132.0,13.0,0.0,31.0,3.0,-13.0
938,78594.0,46954.0,43266.0,49576.0,39072.0,78593.0,3.489149570465088,,,,,,,,,18.84343910217285,1.8457918802897135,0.0,0.4,0.13333333333333333,0.0,0.0,,,,,,,,,78591.0,723.0,33.0,428.0,-1073740279.0,132.0,13.0,1.0,4.0,-4.0,-14.0
939,78604.0,46594.0,43838.0,50000.0,38344.0,78603.0,3.489149570465088,,,,,,,,,18.859494924545288,1.8479326566060383,0.0,0.4,0.13333333333333333,0.0,0.0,,,,,,,,,78601.0,722.0,33.0,428.0,-1073740279.0,128.0,12.0,1.0,-12.0,2.0,-14.0
940,78614.0,46491.0,43077.0,49877.0,39255.0,78613.0,3.489149570465088,,,,,,,,,18.874302864074707,1.8499070485432942,0.0,0.4,0.13333333333333333,0.0,0.0,,,,,,,,,78611.0,724.0,33.0,428.0,-1073740279.0,129.0,12.0,2.0,-3.0,27.0,-16.0
941,78624.0,46571.0,43223.0,49875.0,39047.0,78623.0,3.489149570465088,,,,,,,,,18.894448280334473,1.8525931040445964,0.0,0.4,0.13333333333333333,0.0,0.0,,,,,,,,,78621.0,726.0,33.0,428.0,-1073740279.0,131.0,11.0,1.0,-23.0,29.0,-8.0
942,78634.0,46777.0,43189.0,49943.0,38975.0,78633.0,3.489149570465088,,,,,,,,,18.909935235977173,1.854658031463623,0.0,0.4,0.13333333333333333,0.0,0.0,,,,,,,,,78631.0,727.0,33.0,428.0,-1073740278.0,131.0,11.0,0.0,-37.0,12.0,-7.0
943,78644.0,47627.0,42797.0,49299.0,39225.0,78643.0,3.489149570465088,,,,,,,,,18.925520181655884,1.8567360242207844,0.0,0.4,0.13333333333333333,0.0,0.0,,,,,,,,,78641.0,730.0,34.0,428.0,-1073740278.0,135.0,11.0,0.0,-36.0,-11.0,-5.0
944,78654.0,47134.0,43242.0,50276.0,39316.0,78653.0,3.489149570465088,,,,,,,,,18.940730571746826,1.85876407623291,0.0,0.4,0.13333333333333333,0.0,0.0,,,,,,,,,78651.0,732.0,34.0,426.0,-1073740278.0,137.0,13.0,-11.0,-11.0,-27.0,-6.0
945,78664.0,47989.0,42807.0,49523.0,39617.0,78663.0,3.489149570465088,,,,,,,,,18.955623149871826,1.8607497533162436,0.0,0.4,0.13333333333333333,0.0,0.0,,,,,,,,,78661.0,734.0,34.0,426.0,-536869366.0,138.0,13.0,-11.0,-11.0,-25.0,0.0
946,78674.0,47900.0,43310.0,49968.0,38774.0,78673.0,3.489149570465088,,,,,,,,,18.97092890739441,1.8627905209859212,0.0,0.4,0.13333333333333333,0.0,0.0,,,,,,,,,78671.0,735.0,34.0,425.0,-536869366.0,138.0,13.0,-11.0,-13.0,-24.0,9.0
947,78684.0,48709.0,43843.0,49313.0,38159.0,78683.0,3.489149570465088,,,,,,,,,18.98592495918274,1.8647899945576987,0.0,0.4,0.13333333333333333,0.0,0.0,,,,,,,,,78681.0,735.0,34.0,425.0,-536869366.0,134.0,12.0,-11.0,21.0,1.0,6.0
948,78694.0,48330.0,43912.0,49682.0,38016.0,78693.0,3.489149570465088,,,,,,,,,19.00213360786438,1.8669511477152507,0.0,0.4,0.13333333333333333,0.0,0.0,,,,,,,,,78691.0,736.0,34.0,425.0,-536869366.0,134.0,11.0,-10.0,61.0,6.0,11.0
949,78704.0,48239.0,44711.0,49455.0,37419.0,78703.0,3.489149570465088,,,,,,,,,19.01860547065735,1.8691473960876466,0.0,0.4,0.13333333333333333,0.0,0.0,,,,,,,,,78701.0,737.0,34.0,425.0,-1073740279.0,134.0,12.0,-9.0,74.0,28.0,3.0
950,78714.0,48324.0,43712.0,49606.0,38234.0,78713.0,3.489149570465088,,,,,,,,,19.0347580909729,1.8713010787963866,0.0,0.4,0.13333333333333333,0.0,0.0,,,,,,,,,78711.0,739.0,34.0,425.0,-1073740279.0,135.0,11.0,-9.0,93.0,8.0,14.0
951,78724.0,47976.0,43404.0,50358.0,38174.0,78723.0,3.489149570465088,,,,,,,,,19.051586627960205,1.8735448837280273,0.0,0.4,0.13333333333333333,0.0,0.0,,,,,,,,,78721.0,740.0,34.0,425.0,-1072691703.0,135.0,10.0,-9.0,68.0,0.0,24.0
952,78734.0,48440.0,43836.0,50024.0,37772.0,78733.0,3.489149570465088,,,,,,,,,19.06692385673523,1.8755898475646973,0.0,0.4,0.13333333333333333,0.0,0.0,,,,,,,,,78731.0,741.0,34.0,425.0,-1072691703.0,136.0,9.0,-11.0,33.0,18.0,20.0
953,78744.0,48517.0,43291.0,50041.0,38807.0,78743.0,3.489149570465088,,,,,,,,,19.083614349365234,1.8778152465820312,0.0,0.4,0.13333333333333333,0.0,0.0,,,,,,,,,78741.0,743.0,34.0,424.0,-1072691703.0,136.0,9.0,-16.0,32.0,27.0,14.0
954,78754.0,48676.0,42880.0,50060.0,39112.0,78753.0,3.489149570465088,,,,,,,,,19.10086417198181,1.8801152229309082,0.0,0.4,0.13333333333333333,0.0,0.0,,,,,,,,,78751.0,748.0,33.0,424.0,-1072691703.0,144.0,7.0,-17.0,22.0,-8.0,20.0
955,78764.0,48623.0,43263.0,50161.0,38745.0,78763.0,3.489149570465088,,,,,,,,,19.116361618041992,1.8821815490722655,0.0,0.4,0.13333333333333333,0.0,0.0,,,,,,,,,78761.0,748.0,34.0,424.0,-1072691703.0,142.0,8.0,-17.0,16.0,0.0,21.0
956,78774.0,49023.0,42789.0,50115.0,39005.0,78773.0,3.489149570465088,,,,,,,,,19.132691860198975,1.8843589146931967,0.0,0.4,0.13333333333333333,0.0,0.0,,,,,,,,,78771.0,749.0,34.0,423.0,-1072691703.0,142.0,7.0,-18.0,19.0,-18.0,28.0
957,78784.0,48621.0,43001.0,50257.0,38145.0,78783.0,3.489149570465088,,,,,,,,,19.149484157562256,1.8865978876749674,0.0,0.4,0.13333333333333333,0.0,0.0,,,,,,,,,78781.0,751.0,34.0,425.0,-1072691703.0,143.0,8.0,-9.0,-1.0,-16.0,31.0
958,78794.0,48406.0,42782.0,50438.0,38370.0,78793.0,3.489149570465088,,,,,,,,,19.166476249694824,1.88886349995931,0.0,0.4,0.13333333333333333,0.0,0.0,,,,,,,,,78791.0,753.0,34.0,425.0,-1072691703.0,143.0,8.0,-8.0,-10.0,-14.0,32.0
959,78804.0,49177.0,42549.0,49869.0,38429.0,78803.0,3.489149570465088,,,,,,,,,19.182544469833374,1.8910059293111166,0.0,0.4,0.13333333333333333,0.0,0.0,,,,,,,,,78801.0,753.0,34.0,425.0,-1071643127.0,141.0,6.0,-8.0,-16.0,13.0,30.0
960,78814.0,48165.0,42811.0,51075.0,37973.0,78813.0,3.489149570465088,,,,,,,,,19.19854474067688,1.8931392987569173,0.0,0.4,0.13333333333333333,0.0,0.0,,,,,,,,,78811.0,754.0,34.0,425.0,-1072691703.0,141.0,5.0,-8.0,5.0,-8.0,36.0
961,78824.0,48626.0,43418.0,51042.0,37182.0,78823.0,3.489149570465088,,,,,,,,,19.214579820632935,1.8952773094177247,0.0,0.4,0.13333333333333333,0.0,0.0,,,,,,,,,78821.0,755.0,35.0,424.0,-1072691703.0,139.0,6.0,-9.0,4.0,4.0,55.0
962,78834.0,48198.0,43286.0,51350.0,37410.0,78833.0,3.489149570465088,,,,,,,,,19.230910778045654,1.8974547704060873,0.0,0.4,0.13333333333333333,0.0,0.0,,,,,,,,,78831.0,756.0,34.0,424.0,-1072691704.0,140.0,5.0,-10.0,18.0,30.0,42.0
963,78844.0,48746.0,42766.0,50926.0,37730.0,78843.0,3.489149570465088,,,,,,,,,19.247087001800537,1.8996116002400716,0.0,0.4,0.13333333333333333,0.0,0.0,,,,,,,,,78841.0,759.0,34.0,424.0,-1072691704.0,143.0,5.0,-9.0,32.0,47.0,46.0
964,78854.0,49297.0,43233.0,50453.0,37173.0,78853.0,3.489149570465088,,,,,,,,,19.26316785812378,1.9017557144165038,0.0,0.4,0.13333333333333333,0.0,0.0,,,,,,,,,78851.0,761.0,34.0,424.0,-1071643128.0,146.0,4.0,-9.0,34.0,42.0,41.0
965,78864.0,49110.0,42572.0,50870.0,37744.0,78863.0,3.489149570465088,,,,,,,,,19.279098510742188,1.9038798014322917,0.0,0.4,0.13333333333333333,0.0,0.0,,,,,,,,,78861.0,762.0,36.0,424.0,-1071643128.0,145.0,6.0,-10.0,25.0,60.0,50.0
966,78874.0,49180.0,42932.0,50916.0,37680.0,78873.0,3.489149570465088,,,,,,,,,19.29388928413391,1.9058519045511881,0.0,0.4,0.13333333333333333,0.0,0.0,,,,,,,,,78871.0,764.0,36.0,423.0,-1071643128.0,146.0,6.0,-14.0,24.0,46.0,48.0
967,78884.0,49285.0,43277.0,50875.0,37571.0,78883.0,3.489149570465088,,,,,,,,,19.310523748397827,1.9080698331197103,0.0,0.4,0.13333333333333333,0.0,0.0,,,,,,,,,78881.0,766.0,36.0,423.0,-1071643128.0,147.0,5.0,-17.0,1.0,43.0,43.0
968,78894.0,49300.0,42574.0,51338.0,38056.0,78893.0,3.489149570465088,,,,,,,,,19.3258798122406,1.9101173082987468,0.0,0.4,0.13333333333333333,0.0,0.0,,,,,,,,,78891.0,767.0,35.0,423.0,-1071644153.0,146.0,3.0,-19.0,1.0,32.0,52.0
969,78904.0,49233.0,42673.0,51647.0,37895.0,78903.0,3.489149570465088,,,,,,,,,19.340718984603882,1.9120958646138508,0.0,0.4,0.13333333333333333,0.0,0.0,,,,,,,,,78901.0,768.0,35.0,423.0,-1071644153.0,146.0,2.0,-21.0,-19.0,23.0,53.0
970,78914.0,48779.0,43267.0,52351.0,37807.0,78913.0,3.489149570465088,,,,,,,,,19.355992794036865,1.9141323725382486,0.0,0.4,0.13333333333333333,0.0,0.0,,,,,,,,,78911.0,770.0,35.0,421.0,-1071644153.0,146.0,2.0,-28.0,-46.0,28.0,48.0
971,78924.0,48637.0,42873.0,52793.0,38105.0,78923.0,3.489149570465088,,,,,,,,,19.37206721305847,1.9162756284077962,0.0,0.4,0.13333333333333333,0.0,0.0,,,,,,,,,78921.0,771.0,35.0,421.0,-1071644153.0,145.0,2.0,-29.0,-44.0,27.0,55.0
972,78934.0,48452.0,42822.0,53006.0,38356.0,78933.0,3.4838709831237793,,,,,,,,,19.389257431030273,1.9185676574707031,0.0,0.4,0.13333333333333333,0.0,0.0,,,,,,,,,78931.0,772.0,36.0,421.0,-1071119865.0,144.0,2.0,-31.0,-72.0,34.0,51.0
973,78944.0,48333.0,42483.0,53113.0,38891.0,78943.0,3.4838709831237793,,,,,,,,,19.405774354934692,1.9207699139912924,0.0,0.4,0.13333333333333333,0.0,0.0,,,,,,,,,78941.0,773.0,35.0,420.0,-1072168442.0,144.0,1.0,-32.0,-105.0,58.0,47.0
974,78954.0,48404.0,43122.0,53138.0,38104.0,78953.0,3.4785923957824707,,,,,,,,,19.422800064086914,1.923040008544922,0.0,0.4,0.13333333333333333,0.0,0.0,,,,,,,,,78951.0,775.0,35.0,420.0,-1072168442.0,145.0,0.0,-31.0,-76.0,47.0,51.0
975,78964.0,48323.0,43749.0,53255.0,37649.0,78963.0,3.4785923957824707,,,,,,,,,19.43833637237549,1.9251115163167318,0.0,0.4,0.13333333333333333,0.0,0.0,,,,,,,,,78961.0,777.0,35.0,420.0,-1072167418.0,145.0,0.0,-32.0,-66.0,74.0,44.0
976,78974.0,49105.0,43209.0,52513.0,38345.0,78973.0,3.4785923957824707,,,,,,,,,19.45312762260437,1.927083683013916,0.0,0.4,0.13333333333333333,0.0,0.0,,,,,,,,,78971.0,779.0,35.0,420.0,-1073215994.0,147.0,0.0,-33.0,-33.0,72.0,42.0
977,78984.0,48659.0,43987.0,52669.0,37881.0,78983.0,3.4785923957824707,,,,,,,,,19.46935725212097,1.9292476336161295,0.0,0.4,0.13333333333333333,0.0,0.0,,,,,,,,,78981.0,780.0,34.0,419.0,-1073215994.0,146.0,-1.0,-33.0,-29.0,84.0,26.0
978,78994.0,48445.0,44177.0,52931.0,37735.0,78993.0,3.4785923957824707,,,,,,,,,19.48474955558777,1.9312999407450357,0.0,0.4,0.13333333333333333,0.0,0.0,,,,,,,,,78991.0,782.0,34.0,419.0,-1073215994.0,145.0,-1.0,-33.0,-10.0,76.0,33.0
979,79004.0,48508.0,44144.0,52926.0,37778.0,79003.0,3.4785923957824707,,,,,,,,,19.500399589538574,1.9333866119384766,0.0,0.4,0.13333333333333333,0.0,0.0,,,,,,,,,79001.0,781.0,34.0,419.0,-1073214970.0,140.0,-1.0,-32.0,5.0,67.0,38.0
980,79014.0,48883.0,43691.0,52397.0,38245.0,79013.0,3.4785923957824707,,,,,,,,,19.521417140960693,1.9361889521280924,0.0,0.4,0.13333333333333333,0.0,0.0,,,,,,,,,79011.0,783.0,34.0,418.0,-1073214971.0,141.0,-1.0,-30.0,0.0,43.0,34.0
981,79024.0,48988.0,44180.0,52050.0,37982.0,79023.0,3.4785923957824707,,,,,,,,,19.536624908447266,1.9382166544596353,0.0,0.4,0.13333333333333333,0.0,0.0,,,,,,,,,79021.0,785.0,34.0,418.0,-1073214971.0,142.0,-2.0,-29.0,28.0,23.0,22.0
982,79034.0,49040.0,44020.0,51922.0,38234.0,79033.0,3.4785923957824707,,,,,,,,,19.552045822143555,1.9402727762858072,0.0,0.4,0.13333333333333333,0.0,0.0,,,,,,,,,79031.0,787.0,34.0,418.0,-1073214971.0,142.0,-2.0,-28.0,23.0,-11.0,20.0
983,79044.0,48917.0,43719.0,51535.0,38369.0,79043.0,3.4785923957824707,,,,,,,,,19.56794762611389,1.9423930168151855,0.0,0.4,0.13333333333333333,0.0,0.0,,,,,,,,,79041.0,788.0,34.0,418.0,-1073214971.0,141.0,-2.0,-21.0,27.0,-41.0,17.0
984,79054.0,49514.0,43186.0,50944.0,38852.0,79053.0,3.4785923957824707,,,,,,,,,19.582979679107666,1.9443972905476887,0.0,0.4,0.13333333333333333,0.0,0.0,,,,,,,,,79051.0,792.0,33.0,418.0,-1073214971.0,146.0,-3.0,-19.0,8.0,-29.0,17.0
985,79064.0,48893.0,43043.0,51715.0,38773.0,79063.0,3.4785923957824707,,,,,,,,,19.598610401153564,1.9464813868204753,0.0,0.4,0.13333333333333333,0.0,0.0,,,,,,,,,79061.0,793.0,35.0,418.0,-1073214971.0,144.0,0.0,-18.0,-19.0,-41.0,19.0
986,79074.0,48018.0,42584.0,52530.0,39316.0,79073.0,3.4785923957824707,,,,,,,,,19.61361837387085,1.9484824498494466,0.0,0.4,0.13333333333333333,0.0,0.0,,,,,,,,,79071.0,794.0,35.0,418.0,-1073214971.0,143.0,0.0,-18.0,-1.0,-39.0,19.0
987,79084.0,48730.0,43618.0,51710.0,38726.0,79083.0,3.4785923957824707,,,,,,,,,19.629339933395386,1.9505786577860513,0.0,0.4,0.13333333333333333,0.0,0.0,,,,,,,,,79081.0,793.0,34.0,417.0,-1073214971.0,138.0,-1.0,-20.0,-43.0,-12.0,9.0
988,79094.0,47789.0,43171.0,52681.0,39299.0,79093.0,3.4785923957824707,,,,,,,,,19.64478373527527,1.9526378313700359,0.0,0.4,0.13333333333333333,0.0,0.0,,,,,,,,,79091.0,794.0,34.0,417.0,-1073214971.0,137.0,-1.0,-22.0,-19.0,-2.0,10.0
989,79104.0,48015.0,44061.0,52641.0,38279.0,79103.0,3.4838709831237793,,,,,,,,,19.66113018989563,1.9548173586527506,0.0,0.4,0.13333333333333333,0.0,0.0,,,,,,,,,79101.0,796.0,33.0,417.0,-1073214971.0,137.0,-4.0,-22.0,-37.0,39.0,16.0
990,79114.0,47712.0,44252.0,52966.0,38122.0,79113.0,3.4838709831237793,,,,,,,,,19.67649531364441,1.9568660418192545,0.0,0.4,0.13333333333333333,0.0,0.0,,,,,,,,,79111.0,796.0,34.0,416.0,-1073214971.0,134.0,-3.0,-21.0,-40.0,40.0,11.0
991,79124.0,47276.0,43910.0,53416.0,38290.0,79123.0,3.4785923957824707,,,,,,,,,19.693359375,1.9591145833333334,0.0,0.4,0.13333333333333333,0.0,0.0,,,,,,,,,79121.0,799.0,34.0,416.0,-536344059.0,136.0,-2.0,-19.0,-51.0,44.0,20.0
992,79134.0,47154.0,43548.0,53418.0,38492.0,79133.0,3.4838709831237793,,,,,,,,,19.70920157432556,1.9612268765767416,0.0,0.4,0.13333333333333333,0.0,0.0,,,,,,,,,79131.0,801.0,34.0,417.0,-536344059.0,138.0,-2.0,-16.0,-63.0,43.0,20.0
993,79144.0,47474.0,43782.0,53266.0,38294.0,79143.0,3.4838709831237793,,,,,,,,,19.724775791168213,1.9633034388224284,0.0,0.4,0.13333333333333333,0.0,0.0,,,,,,,,,79141.0,803.0,34.0,416.0,-536344059.0,138.0,-1.0,-17.0,-74.0,31.0,20.0
994,79154.0,47815.0,43813.0,52537.0,38723.0,79153.0,3.4838709831237793,,,,,,,,,19.740084409713745,1.9653445879618328,0.0,0.4,0.13333333333333333,0.0,0.0,,,,,,,,,79151.0,805.0,35.0,416.0,-535295484.0,138.0,-1.0,-18.0,-61.0,39.0,-1.0
995,79164.0,48213.0,43255.0,52421.0,39091.0,79163.0,3.4838709831237793,,,,,,,,,19.755404949188232,1.967387326558431,0.0,0.4,0.13333333333333333,0.0,0.0,,,,,,,,,79161.0,806.0,33.0,416.0,-535295484.0,138.0,-3.0,-18.0,-45.0,-1.0,14.0
996,79174.0,48374.0,43134.0,52260.0,38904.0,79173.0,3.4838709831237793,,,,,,,,,19.771463632583618,1.9695284843444825,0.0,0.4,0.13333333333333333,0.0,0.0,,,,,,,,,79171.0,807.0,34.0,417.0,-535294460.0,136.0,-1.0,-15.0,-37.0,-10.0,13.0
997,79184.0,48526.0,43436.0,51996.0,38882.0,79183.0,3.4838709831237793,,,,,,,,,19.788066148757935,1.9717421531677246,0.0,0.4,0.13333333333333333,0.0,0.0,,,,,,,,,79181.0,808.0,34.0,416.0,-535294460.0,135.0,-1.0,-16.0,-16.0,-39.0,9.0
998,79194.0,48839.0,44429.0,51643.0,38181.0,79193.0,3.4838709831237793,,,,,,,,,19.804152727127075,1.97388703028361,0.0,0.4,0.13333333333333333,0.0,0.0,,,,,,,,,79191.0,808.0,33.0,416.0,-535294460.0,130.0,-3.0,-17.0,-16.0,-47.0,6.0
999,79204.0,48611.0,43469.0,51793.0,39527.0,79203.0,3.4838709831237793,,,,,,,,,19.8206570148468,1.9760876019795737,0.0,0.4,0.13333333333333333,0.0,0.0,,,,,,,,,79201.0,810.0,32.0,416.0,-535295484.0,131.0,-3.0,-20.0,26.0,-68.0,1.0
1000,79214.0,49197.0,43601.0,51341.0,39489.0,79213.0,3.4838709831237793,,,,,,,,,19.837153673171997,1.978287156422933,0.0,0.4,0.13333333333333333,0.0,0.0,,,,,,,,,79211.0,811.0,32.0,416.0,-535295484.0,131.0,-3.0,-22.0,29.0,-79.0,5.0
1001,79224.0,49164.0,44262.0,51540.0,39026.0,79223.0,3.4785923957824707,,,,,,,,,19.853098154067993,1.9804130872090657,0.0,0.4,0.13333333333333333,0.0,0.0,,,,,,,,,79221.0,812.0,32.0,415.0,-535295484.0,130.0,-3.0,-25.0,38.0,-65.0,-5.0
1002,79234.0,48916.0,43458.0,51840.0,39722.0,79233.0,3.4838709831237793,,,,,,,,,19.869375944137573,1.9825834592183431,0.0,0.4,0.13333333333333333,0.0,0.0,,,,,,,,,79231.0,815.0,32.0,415.0,-535295484.0,131.0,-3.0,-24.0,42.0,-96.0,4.0
1003,79244.0,49134.0,43336.0,51604.0,39938.0,79243.0,3.4785923957824707,,,,,,,,,19.88522982597351,1.9846973101298013,0.0,0.4,0.13333333333333333,0.0,0.0,,,,,,,,,79241.0,816.0,32.0,415.0,-535296508.0,131.0,-3.0,-24.0,28.0,-70.0,-1.0
1004,79254.0,49514.0,43842.0,50842.0,39930.0,79253.0,3.4785923957824707,,,,,,,,,19.901702165603638,1.986893622080485,0.0,0.4,0.13333333333333333,0.0,0.0,,,,,,,,,79251.0,819.0,32.0,414.0,-535296508.0,135.0,-3.0,-25.0,42.0,-85.0,-8.0
1005,79264.0,49086.0,44342.0,50874.0,40006.0,79263.0,3.4785923957824707,,,,,,,,,19.91788673400879,1.9890515645345053,0.0,0.4,0.13333333333333333,0.0,0.0,,,,,,,,,79261.0,821.0,32.0,414.0,-535296508.0,134.0,-3.0,-25.0,43.0,-86.0,-23.0
1006,79274.0,48480.0,44326.0,51184.0,40482.0,79273.0,3.473313808441162,,,,,,,,,19.933469533920288,1.9911292711893718,0.0,0.4,0.13333333333333333,0.0,0.0,,,,,,,,,79271.0,822.0,32.0,414.0,-536346108.0,135.0,-1.0,-26.0,40.0,-84.0,-33.0
1007,79284.0,48638.0,45358.0,50726.0,39802.0,79283.0,3.473313808441162,,,,,,,,,19.949544191360474,1.993272558848063,0.0,0.4,0.13333333333333333,0.0,0.0,,,,,,,,,79281.0,824.0,32.0,414.0,-536346108.0,135.0,-1.0,-26.0,44.0,-71.0,-42.0
1008,79294.0,48622.0,45310.0,50650.0,40178.0,79293.0,3.4680352210998535,,,,,,,,,19.96555256843567,1.9954070091247558,0.0,0.4,0.13333333333333333,0.0,0.0,,,,,,,,,79291.0,823.0,32.0,413.0,-536870395.0,132.0,-2.0,-27.0,51.0,-76.0,-44.0
1009,79304.0,49351.0,44841.0,50161.0,40547.0,79303.0,3.4680352210998535,,,,,,,,,19.981538772583008,1.9975385030110677,0.0,0.4,0.13333333333333333,0.0,0.0,,,,,,,,,79301.0,825.0,32.0,413.0,-1073741307.0,132.0,-2.0,-28.0,63.0,-59.0,-36.0
1010,79314.0,49768.0,45498.0,49700.0,40034.0,79313.0,3.4680352210998535,,,,,,,,,19.997801065444946,1.9997068087259928,0.0,0.4,0.13333333333333333,0.0,0.0,,,,,,,,,79311.0,826.0,31.0,413.0,-1073740283.0,132.0,-4.0,-28.0,60.0,-61.0,-43.0
1011,79324.0,49529.0,46201.0,49833.0,39473.0,79323.0,3.4680352210998535,,,,,,,,,22.01238703727722,1.9997068087259928,0.0,0.0,0.0,0.0,-0.035,,,,,,,,,79321.0,828.0,31.0,413.0,-1072691707.0,133.0,-3.0,-28.0,73.0,-52.0,-44.0
1012,79334.0,49242.0,45762.0,50006.0,39806.0,79333.0,3.4680352210998535,,,,,,,,,,,,,,,,,,,,,,,,79331.0,829.0,31.0,412.0,-1072691707.0,133.0,-3.0,-25.0,63.0,-21.0,-42.0
1013,79344.0,48635.0,45413.0,50699.0,39977.0,79343.0,3.4680352210998535,,,,,,,,,,,,,,,,,,,,,,,,79341.0,830.0,31.0,412.0,-1072691707.0,133.0,-4.0,-23.0,75.0,-18.0,-36.0
1014,79354.0,48646.0,45732.0,50566.0,39480.0,79353.0,3.4680352210998535,,,,,,,,,,,,,,,,,,,,,,,,79351.0,829.0,32.0,413.0,-1072691707.0,127.0,-3.0,-19.0,66.0,-28.0,-34.0
1015,79364.0,47675.0,44185.0,51721.0,40743.0,79363.0,3.4680352210998535,,,,,,,,,,,,,,,,,,,,,,,,79361.0,830.0,31.0,412.0,-1071643130.0,127.0,-4.0,-18.0,48.0,-12.0,-27.0
1016,79374.0,48069.0,45043.0,51359.0,39765.0,79373.0,3.4680352210998535,,,,,,,,,,,,,,,,,,,,,,,,79371.0,832.0,33.0,412.0,-1071643130.0,130.0,-1.0,-16.0,13.0,-13.0,-23.0
1017,79384.0,48172.0,44572.0,51064.0,40080.0,79383.0,3.4680352210998535,,,,,,,,,,,,,,,,,,,,,,,,79381.0,834.0,33.0,412.0,-1071643130.0,130.0,-2.0,-12.0,-13.0,2.0,-29.0
1018,79394.0,48788.0,44540.0,50724.0,39408.0,79393.0,3.4680352210998535,,,,,,,,,,,,,,,,,,,,,,,,79391.0,835.0,33.0,413.0,-1071643130.0,131.0,-2.0,-7.0,-8.0,-7.0,-7.0
1019,79404.0,48608.0,44238.0,51094.0,39460.0,79403.0,3.4680352210998535,,,,,,,,,,,,,,,,,,,,,,,,79401.0,836.0,33.0,412.0,-1071643130.0,130.0,-3.0,-6.0,6.0,-37.0,-9.0
1020,79414.0,49114.0,44242.0,50530.0,39330.0,79413.0,3.473313808441162,,,,,,,,,,,,,,,,,,,,,,,,79411.0,838.0,33.0,412.0,-1071642106.0,132.0,-3.0,-4.0,-23.0,-26.0,-5.0
1021,79424.0,48952.0,43530.0,50596.0,39898.0,79423.0,3.473313808441162,,,,,,,,,,,,,,,,,,,,,,,,79421.0,839.0,33.0,412.0,-1071642106.0,132.0,-4.0,-1.0,-3.0,-34.0,-4.0
1022,79434.0,49616.0,44178.0,49746.0,39388.0,79433.0,3.473313808441162,,,,,,,,,,,,,,,,,,,,,,,,79431.0,840.0,32.0,412.0,-1071642106.0,132.0,-4.0,0.0,10.0,-55.0,-6.0
1023,79444.0,49044.0,44256.0,50168.0,39552.0,79443.0,3.473313808441162,,,,,,,,,,,,,,,,,,,,,,,,79441.0,841.0,32.0,412.0,-1071642106.0,133.0,-5.0,-1.0,7.0,-56.0,-17.0
1024,79454.0,49046.0,44244.0,49980.0,39454.0,79453.0,3.4785923957824707,,,,,,,,,,,,,,,,,,,,,,,,79451.0,843.0,32.0,412.0,-1071642106.0,133.0,-5.0,1.0,0.0,-59.0,-14.0
1025,79464.0,48679.0,44391.0,50309.0,38993.0,79463.0,3.473313808441162,,,,,,,,,,,,,,,,,,,,,,,,79461.0,844.0,30.0,412.0,-1071642106.0,133.0,-11.0,4.0,18.0,-47.0,-9.0
1026,79474.0,48669.0,44149.0,50329.0,39049.0,79473.0,3.4785923957824707,,,,,,,,,,,,,,,,,,,,,,,,79471.0,845.0,30.0,412.0,-1071641082.0,134.0,-11.0,6.0,19.0,-5.0,-7.0
1027,79484.0,48415.0,43805.0,50241.0,38695.0,79483.0,3.4785923957824707,,,,,,,,,,,,,,,,,,,,,,,,79481.0,846.0,30.0,414.0,-1071641082.0,133.0,-12.0,16.0,19.0,9.0,-1.0
1028,79494.0,47605.0,44053.0,51105.0,38173.0,79493.0,3.4785923957824707,,,,,,,,,,,,,,,,,,,,,,,,79491.0,847.0,30.0,414.0,-1071641082.0,133.0,-12.0,19.0,22.0,43.0,1.0
1029,79504.0,47879.0,43883.0,50777.0,38101.0,79503.0,3.4785923957824707,,,,,,,,,,,,,,,,,,,,,,,,79501.0,850.0,29.0,414.0,-1071641082.0,139.0,-13.0,21.0,19.0,44.0,3.0
1030,79514.0,47160.0,44026.0,51278.0,38036.0,79513.0,3.4785923957824707,,,,,,,,,,,,,,,,,,,,,,,,79511.0,851.0,29.0,414.0,-1071642106.0,137.0,-15.0,22.0,-12.0,44.0,-2.0
1031,79524.0,47442.0,43886.0,50736.0,38192.0,79523.0,3.4785923957824707,,,,,,,,,,,,,,,,,,,,,,,,79521.0,853.0,29.0,415.0,-1071642106.0,140.0,-15.0,24.0,-20.0,45.0,-3.0
1032,79534.0,47231.0,43725.0,51237.0,38291.0,79533.0,3.4838709831237793,,,,,,,,,,,,,,,,,,,,,,,,79531.0,853.0,29.0,414.0,-1071642106.0,138.0,-14.0,21.0,-46.0,45.0,2.0
1033,79544.0,47670.0,43620.0,50912.0,38302.0,79543.0,3.4785923957824707,,,,,,,,,,,,,,,,,,,,,,,,79541.0,854.0,29.0,414.0,-1071642106.0,138.0,-16.0,20.0,-33.0,45.0,2.0
1034,79554.0,47225.0,43851.0,51349.0,38079.0,79553.0,3.4838709831237793,,,,,,,,,,,,,,,,,,,,,,,,79551.0,856.0,29.0,414.0,-1071642106.0,139.0,-16.0,19.0,-47.0,43.0,3.0
1035,79564.0,48089.0,43501.0,50391.0,38347.0,79563.0,3.4838709831237793,,,,,,,,,,,,,,,,,,,,,,,,79561.0,858.0,29.0,415.0,-1071642106.0,140.0,-15.0,20.0,-41.0,43.0,2.0
1036,79574.0,47385.0,43469.0,51025.0,38281.0,79573.0,3.4838709831237793,,,,,,,,,,,,,,,,,,,,,,,,79571.0,859.0,29.0,415.0,-1071643130.0,140.0,-15.0,22.0,-44.0,34.0,5.0
1037,79584.0,47679.0,42961.0,50797.0,38667.0,79583.0,3.4838709831237793,,,,,,,,,,,,,,,,,,,,,,,,79581.0,860.0,29.0,415.0,-1072691706.0,140.0,-15.0,22.0,-56.0,26.0,8.0
1038,79594.0,48108.0,43444.0,50280.0,38024.0,79593.0,3.4838709831237793,,,,,,,,,,,,,,,,,,,,,,,,79591.0,863.0,28.0,416.0,-1072691706.0,144.0,-18.0,23.0,-26.0,12.0,5.0
1039,79604.0,47785.0,42973.0,50597.0,38225.0,79603.0,3.4838709831237793,,,,,,,,,,,,,,,,,,,,,,,,79601.0,865.0,28.0,416.0,-1072691706.0,144.0,-19.0,26.0,-15.0,11.0,11.0
1040,79614.0,48338.0,43080.0,49954.0,37844.0,79613.0,3.4838709831237793,,,,,,,,,,,,,,,,,,,,,,,,79611.0,865.0,28.0,416.0,-1072691706.0,142.0,-17.0,28.0,-29.0,-1.0,12.0
1041,79624.0,47658.0,43090.0,50154.0,37938.0,79623.0,3.4838709831237793,,,,,,,,,,,,,,,,,,,,,,,,79621.0,866.0,28.0,417.0,-1072691706.0,142.0,-17.0,31.0,-32.0,3.0,0.0
1042,79634.0,47207.0,43187.0,50517.0,37841.0,79633.0,3.4838709831237793,,,,,,,,,,,,,,,,,,,,,,,,79631.0,867.0,28.0,417.0,-1072691706.0,140.0,-17.0,31.0,0.0,14.0,6.0
1043,79644.0,47581.0,43127.0,50109.0,37711.0,79643.0,3.4838709831237793,,,,,,,,,,,,,,,,,,,,,,,,79641.0,868.0,28.0,417.0,-1072691706.0,140.0,-18.0,32.0,-20.0,0.0,9.0
1044,79654.0,47737.0,43071.0,50007.0,37733.0,79653.0,3.489149570465088,,,,,,,,,,,,,,,,,,,,,,,,79651.0,869.0,28.0,418.0,-1072691706.0,140.0,-18.0,32.0,-31.0,5.0,7.0
1045,79664.0,48236.0,42896.0,49692.0,38104.0,79663.0,3.489149570465088,,,,,,,,,,,,,,,,,,,,,,,,79661.0,871.0,27.0,417.0,-1072691706.0,141.0,-19.0,27.0,-22.0,-2.0,9.0
1046,79674.0,48185.0,43007.0,49581.0,37967.0,79673.0,3.489149570465088,,,,,,,,,,,,,,,,,,,,,,,,79671.0,873.0,27.0,417.0,-1072691706.0,144.0,-19.0,27.0,-26.0,-6.0,8.0
1047,79684.0,47547.0,42921.0,49917.0,38279.0,79683.0,3.489149570465088,,,,,,,,,,,,,,,,,,,,,,,,79681.0,875.0,27.0,417.0,-1072691706.0,144.0,-19.0,28.0,-26.0,-8.0,-3.0
1048,79694.0,47212.0,42500.0,50234.0,38566.0,79693.0,3.489149570465088,,,,,,,,,,,,,,,,,,,,,,,,79691.0,876.0,27.0,418.0,-1073740282.0,145.0,-18.0,28.0,-25.0,-2.0,3.0
1049,79704.0,47483.0,42427.0,50035.0,38611.0,79703.0,3.489149570465088,,,,,,,,,,,,,,,,,,,,,,,,79701.0,878.0,27.0,418.0,-1073740282.0,145.0,-18.0,26.0,-66.0,-12.0,5.0
1050,79714.0,47412.0,42946.0,50092.0,38150.0,79713.0,3.489149570465088,,,,,,,,,,,,,,,,,,,,,,,,79711.0,880.0,27.0,418.0,-1073740282.0,146.0,-17.0,25.0,-80.0,-19.0,0.0
1051,79724.0,47390.0,42454.0,49892.0,38708.0,79723.0,3.489149570465088,,,,,,,,,,,,,,,,,,,,,,,,79721.0,882.0,27.0,418.0,-536869370.0,149.0,-17.0,26.0,-47.0,18.0,-9.0
1052,79734.0,47011.0,43523.0,50253.0,37485.0,79733.0,3.489149570465088,,,,,,,,,,,,,,,,,,,,,,,,79731.0,883.0,27.0,419.0,-536869370.0,147.0,-17.0,26.0,-44.0,1.0,1.0
1053,79744.0,47590.0,42834.0,49960.0,38160.0,79743.0,3.489149570465088,,,,,,,,,,,,,,,,,,,,,,,,79741.0,884.0,27.0,418.0,-535820794.0,147.0,-17.0,23.0,-15.0,5.0,5.0
1054,79754.0,47433.0,42731.0,49957.0,38199.0,79753.0,3.489149570465088,,,,,,,,,,,,,,,,,,,,,,,,79751.0,886.0,27.0,419.0,-535820794.0,148.0,-16.0,24.0,-12.0,25.0,1.0
1055,79764.0,47589.0,42601.0,49655.0,38291.0,79763.0,3.489149570465088,,,,,,,,,,,,,,,,,,,,,,,,79761.0,888.0,27.0,419.0,-535820794.0,150.0,-15.0,25.0,14.0,28.0,-4.0
1056,79774.0,48030.0,43480.0,49250.0,37476.0,79773.0,3.489149570465088,,,,,,,,,,,,,,,,,,,,,,,,79771.0,889.0,26.0,419.0,-535820794.0,150.0,-17.0,24.0,31.0,10.0,2.0
1057,79784.0,48001.0,43277.0,49431.0,37587.0,79783.0,3.489149570465088,,,,,,,,,,,,,,,,,,,,,,,,79781.0,891.0,26.0,419.0,-535820794.0,151.0,-16.0,22.0,18.0,0.0,4.0
1058,79794.0,48126.0,43620.0,48976.0,37102.0,79793.0,3.489149570465088,,,,,,,,,,,,,,,,,,,,,,,,79791.0,892.0,27.0,421.0,-535820794.0,149.0,-15.0,26.0,28.0,11.0,-1.0
1059,79804.0,47892.0,43246.0,49308.0,37558.0,79803.0,3.489149570465088,,,,,,,,,,,,,,,,,,,,,,,,79801.0,895.0,26.0,421.0,-536869370.0,153.0,-15.0,23.0,35.0,-11.0,0.0
1060,79814.0,48303.0,43391.0,49021.0,37541.0,79813.0,3.489149570465088,,,,,,,,,,,,,,,,,,,,,,,,79811.0,896.0,26.0,421.0,-536869370.0,153.0,-15.0,21.0,17.0,-7.0,1.0
1061,79824.0,47912.0,42744.0,49656.0,38124.0,79823.0,3.489149570465088,,,,,,,,,,,,,,,,,,,,,,,,79821.0,897.0,26.0,421.0,-536869370.0,153.0,-15.0,18.0,2.0,18.0,6.0
1062,79834.0,48010.0,42072.0,49760.0,38310.0,79833.0,3.489149570465088,,,,,,,,,,,,,,,,,,,,,,,,79831.0,899.0,26.0,422.0,-536869370.0,154.0,-14.0,19.0,-15.0,-6.0,11.0
1063,79844.0,47389.0,42477.0,50413.0,37957.0,79843.0,3.489149570465088,,,,,,,,,,,,,,,,,,,,,,,,79841.0,901.0,26.0,423.0,-536869370.0,153.0,-14.0,18.0,-4.0,0.0,10.0
1064,79854.0,47007.0,42181.0,50355.0,38669.0,79853.0,3.489149570465088,,,,,,,,,,,,,,,,,,,,,,,,79851.0,903.0,26.0,423.0,-536869370.0,156.0,-13.0,18.0,-27.0,32.0,1.0
1065,79864.0,46479.0,42161.0,51019.0,38477.0,79863.0,3.489149570465088,,,,,,,,,,,,,,,,,,,,,,,,79861.0,906.0,26.0,423.0,-536869370.0,158.0,-13.0,17.0,-48.0,43.0,14.0
1066,79874.0,47634.0,42420.0,50296.0,38414.0,79873.0,3.489149570465088,,,,,,,,,,,,,,,,,,,,,,,,79871.0,906.0,26.0,422.0,-535820794.0,156.0,-13.0,11.0,-84.0,59.0,24.0
1067,79884.0,46741.0,42611.0,51309.0,38263.0,79883.0,3.489149570465088,,,,,,,,,,,,,,,,,,,,,,,,79881.0,909.0,26.0,422.0,-535820794.0,160.0,-12.0,8.0,-99.0,71.0,34.0
1068,79894.0,47238.0,43086.0,51058.0,37750.0,79893.0,3.489149570465088,,,,,,,,,,,,,,,,,,,,,,,,79891.0,910.0,26.0,422.0,-535820795.0,158.0,-13.0,6.0,-103.0,64.0,37.0
1069,79904.0,46995.0,42625.0,51543.0,38157.0,79903.0,3.489149570465088,,,,,,,,,,,,,,,,,,,,,,,,79901.0,911.0,25.0,422.0,-534773243.0,157.0,-13.0,4.0,-119.0,112.0,42.0
1070,79914.0,47106.0,42668.0,51502.0,38368.0,79913.0,3.4838709831237793,,,,,,,,,,,,,,,,,,,,,,,,79911.0,913.0,25.0,422.0,-534248955.0,157.0,-12.0,0.0,-105.0,97.0,38.0
1071,79924.0,46774.0,43186.0,52450.0,38382.0,79923.0,3.4838709831237793,,,,,,,,,,,,,,,,,,,,,,,,79921.0,913.0,26.0,421.0,-534248955.0,155.0,-10.0,-11.0,-106.0,88.0,43.0
1072,79934.0,47698.0,43418.0,51668.0,38276.0,79933.0,3.4838709831237793,,,,,,,,,,,,,,,,,,,,,,,,79931.0,916.0,26.0,421.0,-533199355.0,157.0,-9.0,-14.0,-100.0,78.0,35.0
1073,79944.0,47782.0,43016.0,51778.0,38784.0,79943.0,3.4785923957824707,,,,,,,,,,,,,,,,,,,,,,,,79941.0,918.0,26.0,421.0,-533199355.0,159.0,-9.0,-16.0,-66.0,53.0,29.0
1074,79954.0,47817.0,42811.0,51973.0,39071.0,79953.0,3.4785923957824707,,,,,,,,,,,,,,,,,,,,,,,,79951.0,920.0,26.0,420.0,-533199355.0,158.0,-8.0,-19.0,-40.0,45.0,34.0
1075,79964.0,48574.0,43278.0,51372.0,38676.0,79963.0,3.4785923957824707,,,,,,,,,,,,,,,,,,,,,,,,79961.0,919.0,25.0,420.0,-532150779.0,153.0,-8.0,-21.0,-30.0,33.0,31.0
1076,79974.0,48489.0,43375.0,51435.0,38805.0,79973.0,3.473313808441162,,,,,,,,,,,,,,,,,,,,,,,,79971.0,921.0,26.0,420.0,-532149756.0,154.0,-5.0,-23.0,10.0,41.0,33.0
1077,79984.0,48974.0,43992.0,51140.0,38226.0,79983.0,3.473313808441162,,,,,,,,,,,,,,,,,,,,,,,,79981.0,922.0,25.0,420.0,-532149756.0,152.0,-6.0,-25.0,25.0,-4.0,34.0
1078,79994.0,49829.0,43523.0,50221.0,39043.0,79993.0,3.473313808441162,,,,,,,,,,,,,,,,,,,,,,,,79991.0,923.0,25.0,420.0,-532149756.0,151.0,-6.0,-27.0,74.0,-11.0,20.0
1079,80004.0,49948.0,43638.0,50292.0,38850.0,80003.0,3.473313808441162,,,,,,,,,,,,,,,,,,,,,,,,80001.0,925.0,24.0,419.0,-533198332.0,150.0,-5.0,-27.0,92.0,-28.0,21.0
1080,80014.0,50456.0,43718.0,49760.0,38782.0,80013.0,3.473313808441162,,,,,,,,,,,,,,,,,,,,,,,,80011.0,927.0,25.0,419.0,-533198332.0,151.0,-3.0,-27.0,66.0,-54.0,25.0
1081,80024.0,49526.0,43436.0,50676.0,39346.0,80023.0,3.473313808441162,,,,,,,,,,,,,,,,,,,,,,,,80021.0,928.0,24.0,419.0,-533199356.0,151.0,-3.0,-28.0,73.0,-73.0,13.0
1082,80034.0,49766.0,43462.0,50624.0,39300.0,80033.0,3.473313808441162,,,,,,,,,,,,,,,,,,,,,,,,80031.0,933.0,25.0,418.0,-533199356.0,157.0,-2.0,-29.0,67.0,-71.0,17.0
1083,80044.0,49654.0,42946.0,50848.0,39832.0,80043.0,3.473313808441162,,,,,,,,,,,,,,,,,,,,,,,,80041.0,934.0,25.0,418.0,-534247932.0,155.0,0.0,-29.0,63.0,-81.0,15.0
1084,80054.0,48787.0,43211.0,51933.0,39505.0,80053.0,3.473313808441162,,,,,,,,,,,,,,,,,,,,,,,,80051.0,935.0,25.0,418.0,-534248956.0,154.0,0.0,-30.0,50.0,-48.0,23.0
1085,80064.0,48861.0,43335.0,51703.0,39629.0,80063.0,3.4680352210998535,,,,,,,,,,,,,,,,,,,,,,,,80061.0,934.0,25.0,418.0,-534248956.0,149.0,0.0,-30.0,20.0,-33.0,15.0
1086,80074.0,49244.0,44058.0,51354.0,38816.0,80073.0,3.4680352210998535,,,,,,,,,,,,,,,,,,,,,,,,80071.0,937.0,26.0,417.0,-534248956.0,151.0,2.0,-29.0,-13.0,-22.0,16.0
1087,80084.0,48667.0,43441.0,52111.0,39301.0,80083.0,3.4680352210998535,,,,,,,,,,,,,,,,,,,,,,,,80081.0,938.0,26.0,417.0,-534248956.0,151.0,2.0,-29.0,9.0,1.0,20.0
1088,80094.0,48257.0,43429.0,52453.0,38953.0,80093.0,3.473313808441162,,,,,,,,,,,,,,,,,,,,,,,,80091.0,940.0,26.0,418.0,-534248957.0,151.0,3.0,-23.0,0.0,7.0,33.0
1089,80104.0,48671.0,44015.0,52157.0,38181.0,80103.0,3.473313808441162,,,,,,,,,,,,,,,,,,,,,,,,80101.0,937.0,26.0,418.0,-534248957.0,143.0,3.0,-22.0,-1.0,61.0,47.0
1090,80114.0,48231.0,43301.0,52557.0,38883.0,80113.0,3.473313808441162,,,,,,,,,,,,,,,,,,,,,,,,80111.0,941.0,26.0,417.0,-534248957.0,148.0,4.0,-21.0,-9.0,99.0,42.0
1091,80124.0,47531.0,43191.0,53165.0,38901.0,80123.0,3.4785923957824707,,,,,,,,,,,,,,,,,,,,,,,,80121.0,943.0,26.0,417.0,-534247933.0,148.0,4.0,-19.0,-16.0,108.0,43.0
1092,80134.0,47111.0,42901.0,53777.0,39175.0,80133.0,3.4785923957824707,,,,,,,,,,,,,,,,,,,,,,,,80131.0,943.0,26.0,417.0,-534247933.0,145.0,6.0,-19.0,-50.0,112.0,43.0
1093,80144.0,47875.0,43539.0,53209.0,38473.0,80143.0,3.4785923957824707,,,,,,,,,,,,,,,,,,,,,,,,80141.0,944.0,27.0,417.0,-534246909.0,144.0,8.0,-20.0,-48.0,105.0,45.0
1094,80154.0,47794.0,43076.0,53214.0,39084.0,80153.0,3.4785923957824707,,,,,,,,,,,,,,,,,,,,,,,,80151.0,945.0,27.0,416.0,-534246909.0,142.0,9.0,-21.0,-35.0,91.0,45.0
1095,80164.0,47604.0,43480.0,53476.0,38780.0,80163.0,3.4785923957824707,,,,,,,,,,,,,,,,,,,,,,,,80161.0,948.0,27.0,416.0,-533198334.0,144.0,8.0,-21.0,-52.0,81.0,34.0
1096,80174.0,48172.0,43402.0,53046.0,38812.0,80173.0,3.4785923957824707,,,,,,,,,,,,,,,,,,,,,,,,80171.0,948.0,27.0,416.0,-533197310.0,142.0,9.0,-21.0,-7.0,56.0,40.0
1097,80184.0,48511.0,43253.0,52923.0,39021.0,80183.0,3.4785923957824707,,,,,,,,,,,,,,,,,,,,,,,,80181.0,949.0,27.0,416.0,-533197310.0,140.0,10.0,-24.0,3.0,31.0,49.0
1098,80194.0,48703.0,42983.0,52791.0,39451.0,80193.0,3.473313808441162,,,,,,,,,,,,,,,,,,,,,,,,80191.0,951.0,27.0,416.0,-533197310.0,140.0,10.0,-25.0,14.0,11.0,36.0
1099,80204.0,49397.0,42893.0,52221.0,39525.0,80203.0,3.473313808441162,,,,,,,,,,,,,,,,,,,,,,,,80201.0,955.0,27.0,415.0,-533197310.0,146.0,11.0,-25.0,33.0,-16.0,37.0
1100,80214.0,49668.0,43486.0,51996.0,38882.0,80213.0,3.473313808441162,,,,,,,,,,,,,,,,,,,,,,,,80211.0,957.0,27.0,415.0,-533197310.0,144.0,11.0,-25.0,42.0,-42.0,35.0
1101,80224.0,49302.0,43426.0,52862.0,39242.0,80223.0,3.473313808441162,,,,,,,,,,,,,,,,,,,,,,,,80221.0,958.0,27.0,414.0,-533197310.0,143.0,13.0,-32.0,53.0,-58.0,43.0
1102,80234.0,49160.0,43760.0,52860.0,38944.0,80233.0,3.473313808441162,,,,,,,,,,,,,,,,,,,,,,,,80231.0,961.0,27.0,413.0,-534246911.0,146.0,13.0,-31.0,74.0,-66.0,38.0
1103,80244.0,49924.0,43016.0,52318.0,39482.0,80243.0,3.473313808441162,,,,,,,,,,,,,,,,,,,,,,,,80241.0,962.0,27.0,413.0,-534246911.0,145.0,13.0,-30.0,77.0,-30.0,49.0
1104,80254.0,49439.0,43821.0,52749.0,38815.0,80253.0,3.4680352210998535,,,,,,,,,,,,,,,,,,,,,,,,80251.0,962.0,29.0,413.0,-534246911.0,140.0,17.0,-29.0,72.0,-31.0,43.0
1105,80264.0,49245.0,43937.0,52663.0,38451.0,80263.0,3.473313808441162,,,,,,,,,,,,,,,,,,,,,,,,80261.0,962.0,28.0,414.0,-534246911.0,138.0,15.0,-24.0,57.0,-42.0,35.0
1106,80274.0,49351.0,43275.0,52735.0,39163.0,80273.0,3.473313808441162,,,,,,,,,,,,,,,,,,,,,,,,80271.0,964.0,29.0,413.0,-535295487.0,138.0,18.0,-25.0,63.0,-1.0,42.0
1107,80284.0,49419.0,43709.0,52799.0,38785.0,80283.0,3.473313808441162,,,,,,,,,,,,,,,,,,,,,,,,80281.0,966.0,29.0,413.0,-535295487.0,139.0,18.0,-26.0,71.0,-14.0,40.0
1108,80294.0,49391.0,43583.0,53063.0,38767.0,80293.0,3.473313808441162,,,,,,,,,,,,,,,,,,,,,,,,80291.0,966.0,30.0,413.0,-535295488.0,136.0,19.0,-26.0,59.0,5.0,53.0
1109,80304.0,48871.0,43479.0,53549.0,39013.0,80303.0,3.473313808441162,,,,,,,,,,,,,,,,,,,,,,,,80301.0,969.0,30.0,412.0,-535295488.0,138.0,18.0,-30.0,51.0,3.0,44.0
1110,80314.0,48998.0,43474.0,53814.0,39198.0,80313.0,3.473313808441162,,,,,,,,,,,,,,,,,,,,,,,,80311.0,972.0,29.0,411.0,-535295488.0,140.0,18.0,-31.0,25.0,14.0,52.0
1111,80324.0,48774.0,43574.0,54120.0,39092.0,80323.0,3.473313808441162,,,,,,,,,,,,,,,,,,,,,,,,80321.0,973.0,30.0,411.0,-536344576.0,140.0,18.0,-31.0,2.0,26.0,45.0
1112,80334.0,49195.0,43199.0,53919.0,39447.0,80333.0,3.473313808441162,,,,,,,,,,,,,,,,,,,,,,,,80331.0,976.0,29.0,411.0,-536344576.0,142.0,17.0,-32.0,-17.0,21.0,53.0
1113,80344.0,49364.0,43438.0,53984.0,39226.0,80343.0,3.473313808441162,,,,,,,,,,,,,,,,,,,,,,,,80341.0,977.0,30.0,410.0,-536344576.0,141.0,17.0,-33.0,-26.0,22.0,56.0
1114,80354.0,48780.0,42564.0,54578.0,40322.0,80353.0,3.4680352210998535,,,,,,,,,,,,,,,,,,,,,,,,80351.0,978.0,30.0,410.0,-536344575.0,140.0,17.0,-35.0,-36.0,22.0,53.0
1115,80364.0,48825.0,43629.0,54789.0,39125.0,80363.0,3.4680352210998535,,,,,,,,,,,,,,,,,,,,,,,,80361.0,977.0,32.0,409.0,-535295999.0,134.0,21.0,-35.0,-18.0,4.0,51.0
1116,80374.0,49139.0,43211.0,54339.0,39735.0,80373.0,3.4680352210998535,,,,,,,,,,,,,,,,,,,,,,,,80371.0,979.0,32.0,409.0,-535295999.0,134.0,21.0,-35.0,-27.0,3.0,40.0
1117,80384.0,49786.0,43530.0,53804.0,39416.0,80383.0,3.462756633758545,,,,,,,,,,,,,,,,,,,,,,,,80381.0,980.0,32.0,409.0,-535295999.0,133.0,21.0,-34.0,11.0,11.0,45.0
1118,80394.0,50090.0,43568.0,53378.0,39248.0,80393.0,3.462756633758545,,,,,,,,,,,,,,,,,,,,,,,,80391.0,981.0,32.0,409.0,-535295999.0,132.0,21.0,-30.0,32.0,-24.0,49.0
1119,80404.0,50567.0,43281.0,52929.0,39615.0,80403.0,3.462756633758545,,,,,,,,,,,,,,,,,,,,,,,,80401.0,985.0,32.0,409.0,-535295999.0,138.0,22.0,-31.0,60.0,-26.0,41.0
1120,80414.0,50388.0,43294.0,53178.0,39636.0,80413.0,3.462756633758545,,,,,,,,,,,,,,,,,,,,,,,,80411.0,986.0,33.0,409.0,-535295998.0,135.0,23.0,-31.0,65.0,-41.0,39.0
1121,80424.0,50475.0,43669.0,53067.0,39289.0,80423.0,3.462756633758545,,,,,,,,,,,,,,,,,,,,,,,,80421.0,987.0,33.0,408.0,-536344574.0,135.0,22.0,-30.0,60.0,-35.0,38.0
1122,80434.0,50729.0,43989.0,53043.0,38803.0,80433.0,3.462756633758545,,,,,,,,,,,,,,,,,,,,,,,,80431.0,990.0,33.0,408.0,-536344574.0,137.0,22.0,-30.0,92.0,-44.0,47.0
1123,80444.0,50540.0,43004.0,53252.0,39788.0,80443.0,3.462756633758545,,,,,,,,,,,,,,,,,,,,,,,,80441.0,991.0,33.0,407.0,-1073215486.0,137.0,22.0,-29.0,107.0,-27.0,42.0
1124,80454.0,49972.0,44094.0,53844.0,38786.0,80453.0,3.462756633758545,,,,,,,,,,,,,,,,,,,,,,,,80451.0,989.0,33.0,407.0,-1072166910.0,129.0,21.0,-29.0,96.0,-47.0,36.0
1125,80464.0,49583.0,43379.0,54153.0,39437.0,80463.0,3.462756633758545,,,,,,,,,,,,,,,,,,,,,,,,80461.0,991.0,34.0,407.0,-1072167934.0,130.0,23.0,-27.0,105.0,-26.0,34.0
1126,80474.0,49254.0,43350.0,54370.0,39418.0,80473.0,3.462756633758545,,,,,,,,,,,,,,,,,,,,,,,,80471.0,993.0,34.0,407.0,-1072167934.0,131.0,22.0,-24.0,89.0,-33.0,31.0
1127,80484.0,49719.0,43227.0,53687.0,39259.0,80483.0,3.4680352210998535,,,,,,,,,,,,,,,,,,,,,,,,80481.0,994.0,34.0,407.0,-1071119357.0,131.0,21.0,-19.0,73.0,-6.0,29.0
1128,80494.0,49843.0,43645.0,53393.0,38775.0,80493.0,3.4680352210998535,,,,,,,,,,,,,,,,,,,,,,,,80491.0,995.0,33.0,407.0,-1071119357.0,129.0,17.0,-15.0,52.0,-11.0,23.0
1129,80504.0,49844.0,43490.0,53174.0,38872.0,80503.0,3.4680352210998535,,,,,,,,,,,,,,,,,,,,,,,,80501.0,997.0,33.0,407.0,-1071119357.0,130.0,16.0,-12.0,34.0,-16.0,24.0
1130,80514.0,50060.0,42846.0,52806.0,39472.0,80513.0,3.4680352210998535,,,,,,,,,,,,,,,,,,,,,,,,80511.0,999.0,33.0,406.0,-1071119357.0,131.0,17.0,-9.0,16.0,-14.0,14.0
1131,80524.0,49550.0,42978.0,53084.0,39300.0,80523.0,3.4680352210998535,,,,,,,,,,,,,,,,,,,,,,,,80521.0,1001.0,33.0,407.0,-1071119357.0,132.0,16.0,-6.0,4.0,-38.0,2.0
1132,80534.0,49830.0,42560.0,52592.0,39814.0,80533.0,3.4680352210998535,,,,,,,,,,,,,,,,,,,,,,,,80531.0,1002.0,34.0,407.0,-1071119357.0,132.0,15.0,-5.0,26.0,-38.0,-1.0
1133,80544.0,50434.0,43398.0,51950.0,38922.0,80543.0,3.4680352210998535,,,,,,,,,,,,,,,,,,,,,,,,80541.0,1003.0,33.0,407.0,-1070070781.0,132.0,13.0,-3.0,50.0,-49.0,-8.0
1134,80554.0,50461.0,42499.0,51747.0,39793.0,80553.0,3.4680352210998535,,,,,,,,,,,,,,,,,,,,,,,,80551.0,1006.0,33.0,407.0,-1070071805.0,133.0,11.0,-1.0,47.0,-60.0,-11.0
1135,80564.0,49989.0,43047.0,52039.0,39329.0,80563.0,3.4680352210998535,,,,,,,,,,,,,,,,,,,,,,,,80561.0,1007.0,34.0,407.0,-1070071805.0,133.0,13.0,0.0,73.0,-59.0,-21.0
1136,80574.0,50091.0,42809.0,51685.0,39479.0,80573.0,3.4680352210998535,,,,,,,,,,,,,,,,,,,,,,,,80571.0,1008.0,34.0,407.0,-1070596093.0,133.0,12.0,2.0,51.0,-79.0,-17.0
1137,80584.0,50454.0,43192.0,51470.0,38976.0,80583.0,3.4680352210998535,,,,,,,,,,,,,,,,,,,,,,,,80581.0,1009.0,33.0,407.0,-1070596093.0,131.0,9.0,2.0,83.0,-85.0,-14.0
1138,80594.0,50522.0,44110.0,51200.0,38180.0,80593.0,3.4680352210998535,,,,,,,,,,,,,,,,,,,,,,,,80591.0,1010.0,33.0,407.0,-1069546493.0,131.0,8.0,3.0,68.0,-88.0,-30.0
1139,80604.0,50030.0,43174.0,51510.0,39162.0,80603.0,3.4680352210998535,,,,,,,,,,,,,,,,,,,,,,,,80601.0,1013.0,35.0,407.0,-1069546493.0,135.0,10.0,4.0,73.0,-100.0,-29.0
1140,80614.0,50208.0,43866.0,51712.0,38898.0,80613.0,3.473313808441162,,,,,,,,,,,,,,,,,,,,,,,,80611.0,1014.0,34.0,406.0,-1069546494.0,135.0,8.0,-2.0,75.0,-81.0,-34.0
1141,80624.0,51039.0,43747.0,50995.0,39071.0,80623.0,3.473313808441162,,,,,,,,,,,,,,,,,,,,,,,,80621.0,1016.0,34.0,406.0,-1069545470.0,135.0,6.0,-4.0,82.0,-57.0,-25.0
1142,80634.0,50619.0,44151.0,51531.0,38755.0,80633.0,3.473313808441162,,,,,,,,,,,,,,,,,,,,,,,,80631.0,1017.0,34.0,406.0,-1068496894.0,136.0,6.0,-6.0,79.0,-38.0,-27.0
1143,80644.0,50286.0,43198.0,51866.0,39798.0,80643.0,3.473313808441162,,,,,,,,,,,,,,,,,,,,,,,,80641.0,1020.0,34.0,406.0,-1068496894.0,139.0,4.0,-7.0,67.0,-22.0,-26.0
1144,80654.0,50004.0,43836.0,52198.0,39302.0,80653.0,3.4680352210998535,,,,,,,,,,,,,,,,,,,,,,,,80651.0,1021.0,34.0,406.0,-1068496894.0,140.0,3.0,-5.0,39.0,-6.0,-29.0
1145,80664.0,49292.0,44102.0,52842.0,38900.0,80663.0,3.4680352210998535,,,,,,,,,,,,,,,,,,,,,,,,80661.0,1020.0,35.0,406.0,-1068496894.0,134.0,3.0,-6.0,12.0,11.0,-24.0
1146,80674.0,49539.0,44219.0,52721.0,38737.0,80673.0,3.4680352210998535,,,,,,,,,,,,,,,,,,,,,,,,80671.0,1022.0,35.0,406.0,-1068496894.0,137.0,2.0,-6.0,-12.0,24.0,-18.0
1147,80684.0,49399.0,43761.0,52821.0,39311.0,80683.0,3.4680352210998535,,,,,,,,,,,,,,,,,,,,,,,,80681.0,1023.0,35.0,406.0,-1068496894.0,137.0,0.0,-7.0,-18.0,29.0,-22.0
1148,80694.0,49196.0,43970.0,53022.0,39076.0,80693.0,3.4680352210998535,,,,,,,,,,,,,,,,,,,,,,,,80691.0,1025.0,35.0,406.0,-1068496894.0,138.0,0.0,-7.0,-43.0,42.0,-21.0
1149,80704.0,48398.0,43672.0,53746.0,39328.0,80703.0,3.4680352210998535,,,,,,,,,,,,,,,,,,,,,,,,80701.0,1026.0,35.0,406.0,-1068496894.0,139.0,-1.0,-5.0,-33.0,48.0,-18.0
1150,80714.0,49694.0,44296.0,52488.0,38662.0,80713.0,3.4680352210998535,,,,,,,,,,,,,,,,,,,,,,,,80711.0,1026.0,36.0,406.0,-1068497918.0,135.0,0.0,-5.0,-50.0,57.0,-16.0
1151,80724.0,49656.0,43028.0,52390.0,39906.0,80723.0,3.4680352210998535,,,,,,,,,,,,,,,,,,,,,,,,80721.0,1027.0,37.0,406.0,-1068497919.0,136.0,-1.0,-3.0,-63.0,39.0,-15.0
1152,80734.0,49679.0,44211.0,52163.0,38627.0,80733.0,3.4680352210998535,,,,,,,,,,,,,,,,,,,,,,,,80731.0,1031.0,36.0,406.0,-1068497919.0,142.0,-4.0,0.0,-23.0,40.0,-20.0
1153,80744.0,49619.0,43235.0,51851.0,39399.0,80743.0,3.4680352210998535,,,,,,,,,,,,,,,,,,,,,,,,80741.0,1033.0,35.0,407.0,-1068497919.0,143.0,-6.0,5.0,-7.0,26.0,-24.0
1154,80754.0,49975.0,43939.0,51389.0,38609.0,80753.0,3.4680352210998535,,,,,,,,,,,,,,,,,,,,,,,,80751.0,1033.0,36.0,407.0,-1069546495.0,141.0,-6.0,7.0,-38.0,13.0,-28.0
1155,80764.0,49439.0,43643.0,51993.0,38805.0,80763.0,3.4680352210998535,,,,,,,,,,,,,,,,,,,,,,,,80761.0,1034.0,36.0,407.0,-1069546495.0,140.0,-7.0,7.0,5.0,11.0,-21.0
1156,80774.0,49567.0,44029.0,51755.0,38541.0,80773.0,3.473313808441162,,,,,,,,,,,,,,,,,,,,,,,,80771.0,1035.0,36.0,407.0,-1069546495.0,140.0,-8.0,7.0,-15.0,9.0,-25.0
1157,80784.0,50036.0,44166.0,51274.0,38312.0,80783.0,3.473313808441162,,,,,,,,,,,,,,,,,,,,,,,,80781.0,1038.0,36.0,407.0,-1069546495.0,143.0,-9.0,8.0,-15.0,16.0,-20.0
1158,80794.0,49626.0,43618.0,51720.0,38728.0,80793.0,3.473313808441162,,,,,,,,,,,,,,,,,,,,,,,,80791.0,1039.0,36.0,407.0,-1069546495.0,142.0,-10.0,9.0,-4.0,16.0,-17.0
1159,80804.0,49666.0,42982.0,51604.0,39472.0,80803.0,3.473313808441162,,,,,,,,,,,,,,,,,,,,,,,,80801.0,1041.0,36.0,407.0,-1069546495.0,143.0,-12.0,9.0,-9.0,18.0,-19.0
1160,80814.0,49398.0,43070.0,51840.0,39488.0,80813.0,3.473313808441162,,,,,,,,,,,,,,,,,,,,,,,,80811.0,1043.0,36.0,407.0,-1069546495.0,144.0,-13.0,9.0,-32.0,5.0,-19.0
1161,80824.0,49685.0,43687.0,51381.0,39103.0,80823.0,3.473313808441162,,,,,,,,,,,,,,,,,,,,,,,,80821.0,1045.0,36.0,407.0,-1069546495.0,147.0,-13.0,8.0,-62.0,8.0,-38.0
1162,80834.0,49085.0,43335.0,51763.0,39241.0,80833.0,3.473313808441162,,,,,,,,,,,,,,,,,,,,,,,,80831.0,1047.0,36.0,408.0,-1069546495.0,148.0,-14.0,12.0,-41.0,-2.0,-33.0
1163,80844.0,49181.0,43209.0,51581.0,39465.0,80843.0,3.473313808441162,,,,,,,,,,,,,,,,,,,,,,,,80841.0,1049.0,36.0,408.0,-1069546496.0,148.0,-15.0,12.0,-41.0,13.0,-37.0
1164,80854.0,49390.0,43092.0,51506.0,39560.0,80853.0,3.473313808441162,,,,,,,,,,,,,,,,,,,,,,,,80851.0,1050.0,36.0,408.0,-1069546496.0,148.0,-16.0,11.0,-32.0,31.0,-35.0
1165,80864.0,48929.0,43185.0,52063.0,39587.0,80863.0,3.473313808441162,,,,,,,,,,,,,,,,,,,,,,,,80861.0,1050.0,37.0,408.0,-1070595072.0,145.0,-13.0,9.0,-7.0,23.0,-30.0
1166,80874.0,49064.0,43416.0,51990.0,39414.0,80873.0,3.473313808441162,,,,,,,,,,,,,,,,,,,,,,,,80871.0,1052.0,37.0,409.0,-1070595072.0,146.0,-15.0,10.0,-18.0,48.0,-30.0
1167,80884.0,49053.0,43485.0,51997.0,39257.0,80883.0,3.473313808441162,,,,,,,,,,,,,,,,,,,,,,,,80881.0,1053.0,37.0,409.0,-1070595584.0,145.0,-16.0,9.0,-19.0,45.0,-25.0
1168,80894.0,49194.0,43856.0,51882.0,39064.0,80893.0,3.473313808441162,,,,,,,,,,,,,,,,,,,,,,,,80891.0,1055.0,36.0,409.0,-1070595584.0,147.0,-16.0,7.0,-22.0,53.0,-26.0
1169,80904.0,49560.0,43974.0,51412.0,39086.0,80903.0,3.473313808441162,,,,,,,,,,,,,,,,,,,,,,,,80901.0,1057.0,37.0,409.0,-1070595584.0,148.0,-17.0,7.0,-50.0,39.0,-30.0
1170,80914.0,49110.0,44072.0,51756.0,38830.0,80913.0,3.4680352210998535,,,,,,,,,,,,,,,,,,,,,,,,80911.0,1059.0,36.0,409.0,-1070595584.0,150.0,-19.0,10.0,-21.0,42.0,-26.0
1171,80924.0,49479.0,44501.0,50885.0,38035.0,80923.0,3.473313808441162,,,,,,,,,,,,,,,,,,,,,,,,80921.0,1061.0,36.0,411.0,-1070071296.0,150.0,-20.0,19.0,-33.0,29.0,-34.0
1172,80934.0,49089.0,44125.0,51185.0,38433.0,80933.0,3.473313808441162,,,,,,,,,,,,,,,,,,,,,,,,80931.0,1059.0,35.0,411.0,-1070071295.0,143.0,-22.0,20.0,-22.0,34.0,-34.0
1173,80944.0,48708.0,43376.0,51450.0,39254.0,80943.0,3.473313808441162,,,,,,,,,,,,,,,,,,,,,,,,80941.0,1060.0,35.0,411.0,-1070070271.0,142.0,-22.0,20.0,-15.0,30.0,-38.0
1174,80954.0,49169.0,43091.0,50955.0,39553.0,80953.0,3.473313808441162,,,,,,,,,,,,,,,,,,,,,,,,80951.0,1063.0,35.0,411.0,-1070070271.0,146.0,-22.0,20.0,-26.0,3.0,-42.0
1175,80964.0,49295.0,43809.0,50867.0,38965.0,80963.0,3.473313808441162,,,,,,,,,,,,,,,,,,,,,,,,80961.0,1065.0,33.0,411.0,-1070070271.0,147.0,-25.0,18.0,-52.0,-6.0,-41.0
1176,80974.0,49291.0,43205.0,50731.0,39601.0,80973.0,3.473313808441162,,,,,,,,,,,,,,,,,,,,,,,,80971.0,1067.0,33.0,411.0,-1070071295.0,147.0,-26.0,19.0,-49.0,-18.0,-43.0
1177,80984.0,48869.0,43085.0,51113.0,39729.0,80983.0,3.473313808441162,,,,,,,,,,,,,,,,,,,,,,,,80981.0,1069.0,36.0,411.0,-1071119871.0,147.0,-21.0,20.0,-52.0,-10.0,-44.0
1178,80994.0,49021.0,43007.0,51067.0,39597.0,80993.0,3.473313808441162,,,,,,,,,,,,,,,,,,,,,,,,80991.0,1071.0,36.0,412.0,-1071119871.0,148.0,-21.0,21.0,-54.0,-20.0,-30.0
1179,81004.0,48888.0,43342.0,51062.0,39352.0,81003.0,3.473313808441162,,,,,,,,,,,,,,,,,,,,,,,,81001.0,1073.0,35.0,412.0,-1071119870.0,149.0,-22.0,21.0,-59.0,-13.0,-42.0
1180,81014.0,48388.0,43544.0,51360.0,38988.0,81013.0,3.473313808441162,,,,,,,,,,,,,,,,,,,,,,,,81011.0,1074.0,35.0,413.0,-1071119870.0,148.0,-22.0,25.0,-58.0,-16.0,-33.0
1181,81024.0,48381.0,43207.0,51467.0,39485.0,81023.0,3.473313808441162,,,,,,,,,,,,,,,,,,,,,,,,81021.0,1075.0,35.0,413.0,-1072168446.0,148.0,-22.0,22.0,-44.0,3.0,-32.0
1182,81034.0,48547.0,43491.0,51255.0,39363.0,81033.0,3.473313808441162,,,,,,,,,,,,,,,,,,,,,,,,81031.0,1077.0,35.0,414.0,-1072168446.0,148.0,-23.0,20.0,-34.0,12.0,-44.0
1183,81044.0,48738.0,43456.0,51166.0,39452.0,81043.0,3.473313808441162,,,,,,,,,,,,,,,,,,,,,,,,81041.0,1081.0,33.0,414.0,-1072168446.0,155.0,-27.0,19.0,-15.0,19.0,-38.0
1184,81054.0,48446.0,44176.0,51522.0,38852.0,81053.0,3.473313808441162,,,,,,,,,,,,,,,,,,,,,,,,81051.0,1082.0,34.0,414.0,-1072168446.0,153.0,-25.0,17.0,3.0,9.0,-34.0
1185,81064.0,49368.0,44352.0,50632.0,38704.0,81063.0,3.473313808441162,,,,,,,,,,,,,,,,,,,,,,,,81061.0,1085.0,34.0,414.0,-1072168446.0,156.0,-25.0,17.0,0.0,21.0,-35.0
1186,81074.0,49162.0,43704.0,50880.0,39370.0,81073.0,3.4680352210998535,,,,,,,,,,,,,,,,,,,,,,,,81071.0,1086.0,33.0,414.0,-1072168446.0,156.0,-25.0,16.0,31.0,0.0,-26.0
1187,81084.0,49902.0,44110.0,50144.0,39136.0,81083.0,3.4680352210998535,,,,,,,,,,,,,,,,,,,,,,,,81081.0,1089.0,33.0,414.0,-1072168445.0,159.0,-25.0,14.0,45.0,-6.0,-36.0
1188,81094.0,49789.0,43453.0,50387.0,39763.0,81093.0,3.4680352210998535,,,,,,,,,,,,,,,,,,,,,,,,81091.0,1090.0,32.0,414.0,-1072168445.0,156.0,-27.0,13.0,47.0,1.0,-30.0
1189,81104.0,50815.0,43647.0,49991.0,40395.0,81103.0,3.4680352210998535,,,,,,,,,,,,,,,,,,,,,,,,81101.0,1090.0,34.0,412.0,-1072168445.0,154.0,-24.0,-1.0,38.0,-12.0,-33.0
1190,81114.0,50508.0,43312.0,50450.0,40782.0,81113.0,3.4680352210998535,,,,,,,,,,,,,,,,,,,,,,,,81111.0,1092.0,33.0,412.0,-1071119869.0,155.0,-24.0,-3.0,23.0,-22.0,-22.0
1191,81124.0,50077.0,43271.0,50903.0,40769.0,81123.0,3.4680352210998535,,,,,,,,,,,,,,,,,,,,,,,,81121.0,1094.0,33.0,412.0,-1071119869.0,155.0,-25.0,-2.0,-10.0,-23.0,-23.0
1192,81134.0,49450.0,43790.0,51454.0,40222.0,81133.0,3.462756633758545,,,,,,,,,,,,,,,,,,,,,,,,81131.0,1095.0,32.0,412.0,-1071119869.0,153.0,-26.0,-1.0,6.0,-20.0,-19.0
1193,81144.0,50019.0,44329.0,50997.0,39879.0,81143.0,3.462756633758545,,,,,,,,,,,,,,,,,,,,,,,,81141.0,1096.0,32.0,411.0,-1071119869.0,154.0,-26.0,-5.0,-35.0,-20.0,-23.0
1194,81154.0,49885.0,43619.0,51177.0,40507.0,81153.0,3.462756633758545,,,,,,,,,,,,,,,,,,,,,,,,81151.0,1098.0,32.0,411.0,-1071644157.0,154.0,-26.0,-4.0,-45.0,-9.0,-24.0
1195,81164.0,50273.0,44061.0,50853.0,39881.0,81163.0,3.462756633758545,,,,,,,,,,,,,,,,,,,,,,,,81161.0,1101.0,32.0,411.0,-1072692733.0,157.0,-26.0,-3.0,-44.0,2.0,-9.0
1196,81174.0,49594.0,44212.0,51292.0,39866.0,81173.0,3.462756633758545,,,,,,,,,,,,,,,,,,,,,,,,81171.0,1104.0,32.0,411.0,-1072692733.0,159.0,-27.0,-2.0,-34.0,-3.0,-16.0
1197,81184.0,49828.0,43780.0,51046.0,40150.0,81183.0,3.462756633758545,,,,,,,,,,,,,,,,,,,,,,,,81181.0,1105.0,32.0,412.0,-1072692733.0,160.0,-27.0,3.0,-51.0,32.0,-14.0
1198,81194.0,49672.0,44080.0,50726.0,39718.0,81193.0,3.462756633758545,,,,,,,,,,,,,,,,,,,,,,,,81191.0,1107.0,31.0,412.0,-1072692732.0,160.0,-27.0,5.0,-59.0,42.0,-29.0
1199,81204.0,48325.0,43701.0,51939.0,40135.0,81203.0,3.462756633758545,,,,,,,,,,,,,,,,,,,,,,,,81201.0,1109.0,31.0,412.0,-1072692732.0,160.0,-27.0,6.0,-52.0,47.0,-31.0
1200,81214.0,49081.0,44221.0,51117.0,39609.0,81213.0,3.462756633758545,,,,,,,,,,,,,,,,,,,,,,,,81211.0,1107.0,34.0,412.0,-1073217020.0,154.0,-22.0,6.0,-27.0,49.0,-31.0
1201,81224.0,49013.0,43933.0,51085.0,39977.0,81223.0,3.462756633758545,,,,,,,,,,,,,,,,,,,,,,,,81221.0,1107.0,32.0,412.0,-1073215996.0,150.0,-24.0,6.0,-27.0,71.0,-29.0
1202,81234.0,48931.0,44291.0,50781.0,39257.0,81233.0,3.4680352210998535,,,,,,,,,,,,,,,,,,,,,,,,81231.0,1110.0,31.0,414.0,-1073215996.0,151.0,-25.0,13.0,-11.0,57.0,-28.0
1203,81244.0,48578.0,44320.0,51004.0,39174.0,81243.0,3.4680352210998535,,,,,,,,,,,,,,,,,,,,,,,,81241.0,1112.0,31.0,414.0,-1073215996.0,153.0,-25.0,14.0,-6.0,36.0,-33.0
1204,81254.0,49570.0,44278.0,50022.0,39242.0,81253.0,3.4680352210998535,,,,,,,,,,,,,,,,,,,,,,,,81251.0,1114.0,31.0,414.0,-1073215996.0,153.0,-25.0,14.0,10.0,40.0,-33.0
1205,81264.0,49175.0,43553.0,50389.0,40047.0,81263.0,3.4680352210998535,,,,,,,,,,,,,,,,,,,,,,,,81261.0,1115.0,32.0,414.0,-1073215996.0,154.0,-23.0,14.0,35.0,14.0,-33.0
1206,81274.0,49496.0,43744.0,50038.0,40070.0,81273.0,3.4680352210998535,,,,,,,,,,,,,,,,,,,,,,,,81271.0,1117.0,32.0,414.0,-1073215996.0,154.0,-23.0,11.0,20.0,-16.0,-38.0
1207,81284.0,49647.0,44001.0,49879.0,39565.0,81283.0,3.4680352210998535,,,,,,,,,,,,,,,,,,,,,,,,81281.0,1119.0,31.0,414.0,-1073215995.0,154.0,-23.0,14.0,13.0,-9.0,-28.0
1208,81294.0,50602.0,43714.0,48778.0,39778.0,81293.0,3.4680352210998535,,,,,,,,,,,,,,,,,,,,,,,,81291.0,1120.0,31.0,414.0,-1073215995.0,153.0,-23.0,16.0,26.0,-31.0,-32.0
1209,81304.0,49204.0,43786.0,50132.0,39546.0,81303.0,3.4680352210998535,,,,,,,,,,,,,,,,,,,,,,,,81301.0,1119.0,31.0,414.0,-1073215995.0,146.0,-23.0,17.0,20.0,-51.0,-22.0
1210,81314.0,49776.0,43702.0,49448.0,39690.0,81313.0,3.4680352210998535,,,,,,,,,,,,,,,,,,,,,,,,81311.0,1121.0,31.0,414.0,-1072167419.0,147.0,-23.0,18.0,36.0,-64.0,-28.0
1211,81324.0,50150.0,44188.0,49380.0,39550.0,81323.0,3.473313808441162,,,,,,,,,,,,,,,,,,,,,,,,81321.0,1122.0,31.0,413.0,-1072167419.0,147.0,-23.0,11.0,42.0,-51.0,-32.0
1212,81334.0,50069.0,44029.0,49331.0,39683.0,81333.0,3.473313808441162,,,,,,,,,,,,,,,,,,,,,,,,81331.0,1122.0,30.0,413.0,-1072167419.0,143.0,-24.0,13.0,50.0,-62.0,-25.0
1213,81344.0,49764.0,44008.0,49560.0,39584.0,81343.0,3.473313808441162,,,,,,,,,,,,,,,,,,,,,,,,81341.0,1126.0,30.0,413.0,-1072168443.0,147.0,-24.0,15.0,36.0,-58.0,-30.0
1214,81354.0,49886.0,44064.0,48922.0,39980.0,81353.0,3.473313808441162,,,,,,,,,,,,,,,,,,,,,,,,81351.0,1128.0,30.0,413.0,-1072168443.0,149.0,-24.0,16.0,32.0,-35.0,-24.0
1215,81364.0,50792.0,43678.0,47912.0,40318.0,81363.0,3.473313808441162,,,,,,,,,,,,,,,,,,,,,,,,81361.0,1130.0,29.0,414.0,-1072692731.0,149.0,-25.0,17.0,42.0,-30.0,-26.0
1216,81374.0,49721.0,43901.0,48691.0,40551.0,81373.0,3.473313808441162,,,,,,,,,,,,,,,,,,,,,,,,81371.0,1131.0,28.0,414.0,-1071644155.0,148.0,-28.0,15.0,40.0,-60.0,-33.0
1217,81384.0,49491.0,44329.0,48777.0,40359.0,81383.0,3.473313808441162,,,,,,,,,,,,,,,,,,,,,,,,81381.0,1132.0,28.0,414.0,-1071644154.0,149.0,-28.0,15.0,7.0,-35.0,-34.0
1218,81394.0,49593.0,44429.0,48843.0,40235.0,81393.0,3.4680352210998535,,,,,,,,,,,,,,,,,,,,,,,,81391.0,1134.0,27.0,414.0,-1071643130.0,149.0,-29.0,13.0,-19.0,-24.0,-31.0
1219,81404.0,48669.0,44867.0,50003.0,39773.0,81403.0,3.473313808441162,,,,,,,,,,,,,,,,,,,,,,,,81401.0,1132.0,29.0,415.0,-1071644154.0,141.0,-25.0,13.0,-37.0,-10.0,-29.0
1220,81414.0,49515.0,43895.0,49301.0,40573.0,81413.0,3.473313808441162,,,,,,,,,,,,,,,,,,,,,,,,81411.0,1135.0,29.0,415.0,-1072691706.0,145.0,-25.0,11.0,-46.0,4.0,-24.0
1221,81424.0,49417.0,43783.0,49521.0,40567.0,81423.0,3.473313808441162,,,,,,,,,,,,,,,,,,,,,,,,81421.0,1135.0,29.0,415.0,-1072692730.0,142.0,-24.0,11.0,-35.0,-14.0,-18.0
1222,81434.0,48960.0,44486.0,49594.0,40088.0,81433.0,3.4680352210998535,,,,,,,,,,,,,,,,,,,,,,,,81431.0,1138.0,28.0,415.0,-1072691706.0,145.0,-26.0,13.0,-51.0,-16.0,-26.0
1223,81444.0,49780.0,43912.0,49178.0,40090.0,81443.0,3.4680352210998535,,,,,,,,,,,,,,,,,,,,,,,,81441.0,1139.0,28.0,415.0,-1072691706.0,145.0,-25.0,15.0,-13.0,-12.0,-42.0
1224,81454.0,50373.0,43961.0,48739.0,40219.0,81453.0,3.4680352210998535,,,,,,,,,,,,,,,,,,,,,,,,81451.0,1141.0,28.0,414.0,-1072691706.0,146.0,-25.0,11.0,-21.0,2.0,-35.0
1225,81464.0,49960.0,44026.0,49130.0,39888.0,81463.0,3.4680352210998535,,,,,,,,,,,,,,,,,,,,,,,,81461.0,1142.0,28.0,415.0,-1072691706.0,146.0,-25.0,14.0,-15.0,-8.0,-24.0
1226,81474.0,49981.0,44227.0,49175.0,39485.0,81473.0,3.4680352210998535,,,,,,,,,,,,,,,,,,,,,,,,81471.0,1143.0,28.0,415.0,-1072691705.0,145.0,-26.0,15.0,1.0,-1.0,-10.0
1227,81484.0,50181.0,44123.0,48971.0,39601.0,81483.0,3.4680352210998535,,,,,,,,,,,,,,,,,,,,,,,,81481.0,1145.0,27.0,415.0,-1072691705.0,145.0,-28.0,15.0,2.0,20.0,-13.0
1228,81494.0,50372.0,44662.0,48580.0,39094.0,81493.0,3.4680352210998535,,,,,,,,,,,,,,,,,,,,,,,,81491.0,1146.0,27.0,415.0,-1072691705.0,146.0,-28.0,16.0,26.0,19.0,-23.0
1229,81504.0,49099.0,44457.0,49805.0,39391.0,81503.0,3.4680352210998535,,,,,,,,,,,,,,,,,,,,,,,,81501.0,1148.0,26.0,415.0,-1072691705.0,146.0,-28.0,16.0,12.0,11.0,-24.0
1230,81514.0,49243.0,44947.0,49487.0,39043.0,81513.0,3.4680352210998535,,,,,,,,,,,,,,,,,,,,,,,,81511.0,1150.0,27.0,416.0,-1072691705.0,149.0,-27.0,15.0,-5.0,45.0,-29.0
1231,81524.0,48843.0,44003.0,50171.0,39719.0,81523.0,3.462756633758545,,,,,,,,,,,,,,,,,,,,,,,,81521.0,1153.0,26.0,416.0,-1072691705.0,152.0,-27.0,15.0,-13.0,74.0,-22.0
1232,81534.0,49118.0,44806.0,49614.0,39038.0,81533.0,3.462756633758545,,,,,,,,,,,,,,,,,,,,,,,,81531.0,1154.0,26.0,416.0,-1072692729.0,151.0,-26.0,18.0,-18.0,79.0,-14.0
1233,81544.0,47990.0,44050.0,50496.0,39684.0,81543.0,3.462756633758545,,,,,,,,,,,,,,,,,,,,,,,,81541.0,1156.0,26.0,416.0,-1072692729.0,152.0,-26.0,19.0,-46.0,83.0,-24.0
1234,81554.0,47587.0,44005.0,50889.0,39779.0,81553.0,3.462756633758545,,,,,,,,,,,,,,,,,,,,,,,,81551.0,1157.0,25.0,416.0,-1072168441.0,151.0,-28.0,19.0,-81.0,114.0,-31.0
1235,81564.0,48362.0,44146.0,50084.0,39676.0,81563.0,3.462756633758545,,,,,,,,,,,,,,,,,,,,,,,,81561.0,1159.0,25.0,417.0,-1073215993.0,151.0,-28.0,18.0,-98.0,130.0,-33.0
1236,81574.0,47471.0,44387.0,50843.0,39475.0,81573.0,3.4680352210998535,,,,,,,,,,,,,,,,,,,,,,,,81571.0,1159.0,24.0,417.0,-1073215993.0,148.0,-30.0,19.0,-108.0,94.0,-21.0
1237,81584.0,47501.0,44117.0,50727.0,39651.0,81583.0,3.4680352210998535,,,,,,,,,,,,,,,,,,,,,,,,81581.0,1160.0,24.0,417.0,-536344057.0,147.0,-30.0,20.0,-123.0,123.0,-27.0
1238,81594.0,48310.0,43520.0,49910.0,40196.0,81593.0,3.4680352210998535,,,,,,,,,,,,,,,,,,,,,,,,81591.0,1162.0,26.0,417.0,-535295480.0,147.0,-24.0,21.0,-135.0,99.0,-28.0
1239,81604.0,47448.0,44224.0,50736.0,39536.0,81603.0,3.4680352210998535,,,,,,,,,,,,,,,,,,,,,,,,81601.0,1164.0,26.0,417.0,-534246904.0,148.0,-23.0,20.0,-111.0,47.0,-24.0
1240,81614.0,48348.0,43674.0,49962.0,39976.0,81613.0,3.4680352210998535,,,,,,,,,,,,,,,,,,,,,,,,81611.0,1165.0,25.0,418.0,-534245880.0,146.0,-24.0,19.0,-118.0,28.0,-20.0
1241,81624.0,48090.0,43914.0,50210.0,39786.0,81623.0,3.4680352210998535,,,,,,,,,,,,,,,,,,,,,,,,81621.0,1167.0,25.0,417.0,-534245880.0,148.0,-24.0,16.0,-73.0,28.0,-16.0
1242,81634.0,49195.0,43763.0,49291.0,40099.0,81633.0,3.4680352210998535,,,,,,,,,,,,,,,,,,,,,,,,81631.0,1169.0,25.0,417.0,-533197304.0,146.0,-23.0,14.0,-68.0,8.0,-17.0
1243,81644.0,49316.0,43486.0,49246.0,40396.0,81643.0,3.4680352210998535,,,,,,,,,,,,,,,,,,,,,,,,81641.0,1170.0,25.0,418.0,-533197304.0,146.0,-22.0,13.0,-35.0,-2.0,-22.0
1244,81654.0,48879.0,44477.0,49683.0,39225.0,81653.0,3.4680352210998535,,,,,,,,,,,,,,,,,,,,,,,,81651.0,1171.0,23.0,418.0,-533197304.0,143.0,-25.0,14.0,-17.0,-33.0,-4.0
1245,81664.0,49056.0,44056.0,49438.0,39394.0,81663.0,3.4680352210998535,,,,,,,,,,,,,,,,,,,,,,,,81661.0,1173.0,23.0,418.0,-533197304.0,144.0,-23.0,17.0,-24.0,-14.0,-5.0
1246,81674.0,49252.0,44234.0,49116.0,39222.0,81673.0,3.473313808441162,,,,,,,,,,,,,,,,,,,,,,,,81671.0,1174.0,22.0,418.0,-533197304.0,142.0,-23.0,18.0,31.0,-17.0,-4.0
1247,81684.0,49497.0,44397.0,48937.0,38797.0,81683.0,3.473313808441162,,,,,,,,,,,,,,,,,,,,,,,,81681.0,1176.0,22.0,418.0,-533197304.0,143.0,-22.0,19.0,37.0,-49.0,6.0
1248,81694.0,49504.0,43256.0,48864.0,39784.0,81693.0,3.473313808441162,,,,,,,,,,,,,,,,,,,,,,,,81691.0,1178.0,23.0,418.0,-533198328.0,145.0,-20.0,21.0,34.0,-40.0,12.0
1249,81704.0,49165.0,43311.0,49091.0,39669.0,81703.0,3.473313808441162,,,,,,,,,,,,,,,,,,,,,,,,81701.0,1181.0,22.0,418.0,-533198328.0,147.0,-19.0,22.0,47.0,-17.0,0.0
1250,81714.0,49049.0,44349.0,49003.0,38431.0,81713.0,3.473313808441162,,,,,,,,,,,,,,,,,,,,,,,,81711.0,1182.0,22.0,419.0,-533198328.0,146.0,-18.0,26.0,39.0,-35.0,10.0
1251,81724.0,49472.0,43824.0,48596.0,38980.0,81723.0,3.473313808441162,,,,,,,,,,,,,,,,,,,,,,,,81721.0,1183.0,22.0,420.0,-534246904.0,144.0,-18.0,25.0,30.0,0.0,10.0
1252,81734.0,48767.0,43781.0,49217.0,39127.0,81733.0,3.4785923957824707,,,,,,,,,,,,,,,,,,,,,,,,81731.0,1184.0,22.0,420.0,-534246904.0,143.0,-17.0,23.0,59.0,-31.0,1.0
1253,81744.0,49233.0,43397.0,48869.0,39469.0,81743.0,3.473313808441162,,,,,,,,,,,,,,,,,,,,,,,,81741.0,1184.0,21.0,420.0,-534246904.0,138.0,-17.0,22.0,35.0,3.0,1.0
1254,81754.0,48985.0,44039.0,49137.0,38827.0,81753.0,3.473313808441162,,,,,,,,,,,,,,,,,,,,,,,,81751.0,1185.0,22.0,420.0,-534246904.0,137.0,-15.0,19.0,3.0,-10.0,3.0
1255,81764.0,49115.0,42591.0,49149.0,40377.0,81763.0,3.473313808441162,,,,,,,,,,,,,,,,,,,,,,,,81761.0,1187.0,22.0,420.0,-534246904.0,138.0,-14.0,18.0,19.0,-10.0,-6.0
1256,81774.0,50131.0,44009.0,48181.0,38991.0,81773.0,3.473313808441162,,,,,,,,,,,,,,,,,,,,,,,,81771.0,1189.0,21.0,420.0,-534246904.0,138.0,-15.0,17.0,-9.0,-18.0,7.0
1257,81784.0,49438.0,43396.0,48714.0,39716.0,81783.0,3.473313808441162,,,,,,,,,,,,,,,,,,,,,,,,81781.0,1190.0,21.0,421.0,-534246904.0,137.0,-14.0,16.0,6.0,-19.0,0.0
1258,81794.0,49479.0,43351.0,48751.0,39623.0,81793.0,3.473313808441162,,,,,,,,,,,,,,,,,,,,,,,,81791.0,1193.0,21.0,421.0,-534246904.0,140.0,-14.0,20.0,-2.0,-31.0,0.0
1259,81804.0,48883.0,43169.0,49233.0,39435.0,81803.0,3.473313808441162,,,,,,,,,,,,,,,,,,,,,,,,81801.0,1194.0,21.0,422.0,-534247928.0,139.0,-13.0,21.0,-22.0,-27.0,15.0
1260,81814.0,49043.0,42969.0,49163.0,39517.0,81813.0,3.473313808441162,,,,,,,,,,,,,,,,,,,,,,,,81811.0,1195.0,21.0,422.0,-534247928.0,138.0,-11.0,20.0,-27.0,-28.0,23.0
1261,81824.0,48701.0,42759.0,49681.0,39743.0,81823.0,3.473313808441162,,,,,,,,,,,,,,,,,,,,,,,,81821.0,1196.0,21.0,422.0,-534247928.0,137.0,-10.0,18.0,-27.0,-42.0,25.0
1262,81834.0,49358.0,43176.0,49080.0,39362.0,81833.0,3.473313808441162,,,,,,,,,,,,,,,,,,,,,,,,81831.0,1198.0,21.0,422.0,-534247928.0,138.0,-11.0,16.0,-33.0,-33.0,23.0
1263,81844.0,49592.0,43884.0,48710.0,38766.0,81843.0,3.473313808441162,,,,,,,,,,,,,,,,,,,,,,,,81841.0,1199.0,20.0,422.0,-534247928.0,136.0,-12.0,15.0,-10.0,-11.0,24.0
1264,81854.0,49290.0,44090.0,49136.0,38512.0,81853.0,3.473313808441162,,,,,,,,,,,,,,,,,,,,,,,,81851.0,1200.0,20.0,423.0,-534247929.0,135.0,-11.0,15.0,14.0,0.0,24.0
1265,81864.0,49853.0,44415.0,48659.0,38153.0,81863.0,3.473313808441162,,,,,,,,,,,,,,,,,,,,,,,,81861.0,1201.0,20.0,423.0,-534247929.0,135.0,-10.0,13.0,34.0,3.0,20.0
1266,81874.0,49408.0,43696.0,49274.0,38910.0,81873.0,3.473313808441162,,,,,,,,,,,,,,,,,,,,,,,,81871.0,1201.0,21.0,423.0,-534247929.0,130.0,-8.0,11.0,57.0,1.0,25.0
1267,81884.0,50275.0,43715.0,48579.0,38959.0,81883.0,3.473313808441162,,,,,,,,,,,,,,,,,,,,,,,,81881.0,1202.0,20.0,423.0,-534247929.0,129.0,-9.0,8.0,43.0,5.0,25.0
1268,81894.0,49004.0,43292.0,49876.0,39492.0,81893.0,3.473313808441162,,,,,,,,,,,,,,,,,,,,,,,,81891.0,1204.0,20.0,423.0,-534247929.0,132.0,-7.0,6.0,27.0,-17.0,32.0
1269,81904.0,49790.0,43360.0,49206.0,39468.0,81903.0,3.473313808441162,,,,,,,,,,,,,,,,,,,,,,,,81901.0,1207.0,19.0,423.0,-534247929.0,134.0,-8.0,4.0,0.0,-33.0,33.0
1270,81914.0,49355.0,42565.0,49863.0,40249.0,81913.0,3.473313808441162,,,,,,,,,,,,,,,,,,,,,,,,81911.0,1208.0,19.0,423.0,-534247929.0,134.0,-8.0,2.0,-45.0,-28.0,29.0
1271,81924.0,49133.0,43653.0,50073.0,39301.0,81923.0,3.4680352210998535,,,,,,,,,,,,,,,,,,,,,,,,81921.0,1211.0,20.0,423.0,-534247929.0,137.0,-7.0,0.0,-41.0,-23.0,35.0
1272,81934.0,50543.0,43211.0,49105.0,39745.0,81933.0,3.473313808441162,,,,,,,,,,,,,,,,,,,,,,,,81931.0,1212.0,19.0,423.0,-534247929.0,137.0,-6.0,-3.0,-29.0,-10.0,36.0
1273,81944.0,49067.0,43633.0,50671.0,39481.0,81943.0,3.4680352210998535,,,,,,,,,,,,,,,,,,,,,,,,81941.0,1212.0,20.0,423.0,-534247929.0,132.0,-5.0,-5.0,-31.0,0.0,37.0
1274,81954.0,49473.0,43923.0,50287.0,39357.0,81953.0,3.4680352210998535,,,,,,,,,,,,,,,,,,,,,,,,81951.0,1213.0,20.0,423.0,-534247930.0,132.0,-4.0,-7.0,-35.0,29.0,32.0
1275,81964.0,48576.0,43878.0,51478.0,39364.0,81963.0,3.4680352210998535,,,,,,,,,,,,,,,,,,,,,,,,81961.0,1213.0,20.0,423.0,-534247930.0,129.0,-2.0,-10.0,-45.0,28.0,38.0
1276,81974.0,48366.0,43968.0,51670.0,39344.0,81973.0,3.4680352210998535,,,,,,,,,,,,,,,,,,,,,,,,81971.0,1215.0,19.0,423.0,-534247930.0,130.0,-4.0,-10.0,-21.0,45.0,32.0
1277,81984.0,49081.0,44569.0,51221.0,38717.0,81983.0,3.4680352210998535,,,,,,,,,,,,,,,,,,,,,,,,81981.0,1216.0,19.0,423.0,-533199354.0,130.0,-3.0,-12.0,-25.0,51.0,40.0
1278,81994.0,49868.0,44058.0,50672.0,39398.0,81993.0,3.4680352210998535,,,,,,,,,,,,,,,,,,,,,,,,81991.0,1218.0,19.0,423.0,-533199354.0,130.0,-3.0,-16.0,-11.0,54.0,43.0
1279,82004.0,49467.0,44181.0,51269.0,39299.0,82003.0,3.4680352210998535,,,,,,,,,,,,,,,,,,,,,,,,82001.0,1220.0,19.0,422.0,-533199354.0,133.0,-2.0,-18.0,9.0,41.0,44.0
1280,82014.0,50451.0,44575.0,50369.0,39105.0,82013.0,3.4680352210998535,,,,,,,,,,,,,,,,,,,,,,,,82011.0,1222.0,19.0,422.0,-533199354.0,133.0,-1.0,-21.0,14.0,52.0,40.0
1281,82024.0,50261.0,45043.0,50671.0,38745.0,82023.0,3.4680352210998535,,,,,,,,,,,,,,,,,,,,,,,,82021.0,1224.0,20.0,422.0,-533198331.0,134.0,0.0,-23.0,25.0,48.0,42.0
1282,82034.0,50469.0,44327.0,50757.0,39335.0,82033.0,3.4680352210998535,,,,,,,,,,,,,,,,,,,,,,,,82031.0,1225.0,20.0,421.0,-533198331.0,133.0,1.0,-24.0,22.0,25.0,47.0
1283,82044.0,50604.0,44096.0,50848.0,39524.0,82043.0,3.462756633758545,,,,,,,,,,,,,,,,,,,,,,,,82041.0,1225.0,18.0,421.0,-534246907.0,131.0,-2.0,-24.0,22.0,9.0,56.0
1284,82054.0,50923.0,44451.0,50565.0,39349.0,82053.0,3.462756633758545,,,,,,,,,,,,,,,,,,,,,,,,82051.0,1227.0,18.0,422.0,-534246907.0,130.0,-1.0,-23.0,8.0,8.0,60.0
1285,82064.0,49471.0,43661.0,52105.0,39923.0,82063.0,3.4574780464172363,,,,,,,,,,,,,,,,,,,,,,,,82061.0,1227.0,19.0,421.0,-534246907.0,128.0,1.0,-24.0,-2.0,-12.0,61.0
1286,82074.0,50204.0,44024.0,51428.0,39560.0,82073.0,3.4574780464172363,,,,,,,,,,,,,,,,,,,,,,,,82071.0,1229.0,19.0,421.0,-534246908.0,129.0,1.0,-24.0,-6.0,-15.0,56.0
1287,82084.0,49922.0,44268.0,51830.0,39320.0,82083.0,3.4574780464172363,,,,,,,,,,,,,,,,,,,,,,,,82081.0,1231.0,19.0,421.0,-534246908.0,128.0,2.0,-25.0,-40.0,-18.0,55.0
1288,82094.0,49631.0,43337.0,52253.0,40279.0,82093.0,3.4574780464172363,,,,,,,,,,,,,,,,,,,,,,,,82091.0,1234.0,19.0,421.0,-534246908.0,133.0,3.0,-25.0,-35.0,-16.0,59.0
1289,82104.0,49597.0,43541.0,52695.0,40163.0,82103.0,3.4574780464172363,,,,,,,,,,,,,,,,,,,,,,,,82101.0,1235.0,19.0,419.0,-533198332.0,132.0,3.0,-30.0,-57.0,13.0,70.0
1290,82114.0,49577.0,43843.0,53019.0,39777.0,82113.0,3.4574780464172363,,,,,,,,,,,,,,,,,,,,,,,,82111.0,1236.0,19.0,419.0,-533198332.0,131.0,4.0,-31.0,-83.0,27.0,77.0
1291,82124.0,49484.0,43676.0,53158.0,40042.0,82123.0,3.4574780464172363,,,,,,,,,,,,,,,,,,,,,,,,82121.0,1239.0,19.0,419.0,-533198333.0,133.0,5.0,-31.0,-95.0,47.0,69.0
1292,82134.0,49546.0,44414.0,53138.0,39230.0,82133.0,3.4574780464172363,,,,,,,,,,,,,,,,,,,,,,,,82131.0,1240.0,19.0,419.0,-533198333.0,132.0,6.0,-31.0,-97.0,66.0,64.0
1293,82144.0,49184.0,44288.0,53310.0,38998.0,82143.0,3.4574780464172363,,,,,,,,,,,,,,,,,,,,,,,,82141.0,1238.0,20.0,419.0,-532149757.0,124.0,9.0,-24.0,-68.0,98.0,74.0
1294,82154.0,49326.0,43966.0,53236.0,39460.0,82153.0,3.4521994590759277,,,,,,,,,,,,,,,,,,,,,,,,82151.0,1240.0,19.0,419.0,-532148733.0,126.0,7.0,-25.0,-49.0,98.0,76.0
1295,82164.0,49861.0,44393.0,52727.0,39051.0,82163.0,3.4574780464172363,,,,,,,,,,,,,,,,,,,,,,,,82161.0,1242.0,19.0,419.0,-532148734.0,126.0,8.0,-25.0,-33.0,71.0,65.0
1296,82174.0,50268.0,44110.0,52426.0,39428.0,82173.0,3.4574780464172363,,,,,,,,,,,,,,,,,,,,,,,,82171.0,1243.0,20.0,419.0,-532148734.0,124.0,11.0,-26.0,2.0,48.0,59.0
1297,82184.0,50495.0,44273.0,52343.0,39337.0,82183.0,3.4574780464172363,,,,,,,,,,,,,,,,,,,,,,,,82181.0,1245.0,20.0,419.0,-532148734.0,126.0,12.0,-25.0,12.0,5.0,58.0
1298,82194.0,50730.0,43644.0,52196.0,39678.0,82193.0,3.4574780464172363,,,,,,,,,,,,,,,,,,,,,,,,82191.0,1247.0,20.0,419.0,-532148734.0,126.0,12.0,-25.0,52.0,-34.0,65.0
1299,82204.0,51459.0,43119.0,51549.0,39913.0,82203.0,3.4574780464172363,,,,,,,,,,,,,,,,,,,,,,,,82201.0,1249.0,20.0,418.0,-532148735.0,127.0,13.0,-21.0,61.0,-59.0,79.0
1300,82214.0,51348.0,43102.0,51668.0,39750.0,82213.0,3.4574780464172363,,,,,,,,,,,,,,,,,,,,,,,,82211.0,1250.0,20.0,418.0,-532148735.0,125.0,15.0,-18.0,73.0,-99.0,79.0
1301,82224.0,52158.0,42568.0,50898.0,40128.0,82223.0,3.462756633758545,,,,,,,,,,,,,,,,,,,,,,,,82221.0,1251.0,20.0,419.0,-532148735.0,124.0,15.0,-12.0,86.0,-115.0,84.0
1302,82234.0,52244.0,43320.0,50842.0,38742.0,82233.0,3.462756633758545,,,,,,,,,,,,,,,,,,,,,,,,82231.0,1252.0,20.0,419.0,-533198335.0,123.0,17.0,-10.0,69.0,-123.0,103.0
1303,82244.0,51637.0,42519.0,51351.0,39533.0,82243.0,3.462756633758545,,,,,,,,,,,,,,,,,,,,,,,,82241.0,1254.0,20.0,419.0,-533198336.0,123.0,17.0,-9.0,83.0,-109.0,95.0
1304,82254.0,51372.0,42676.0,51586.0,39278.0,82253.0,3.462756633758545,,,,,,,,,,,,,,,,,,,,,,,,82251.0,1254.0,21.0,419.0,-533199872.0,121.0,19.0,-7.0,57.0,-102.0,89.0
1305,82264.0,50350.0,42954.0,52612.0,38880.0,82263.0,3.462756633758545,,,,,,,,,,,,,,,,,,,,,,,,82261.0,1256.0,21.0,419.0,-533199872.0,121.0,19.0,-6.0,66.0,-93.0,91.0
1306,82274.0,50877.0,43437.0,52443.0,38671.0,82273.0,3.462756633758545,,,,,,,,,,,,,,,,,,,,,,,,82271.0,1257.0,21.0,417.0,-534248447.0,121.0,20.0,-11.0,39.0,-67.0,86.0
1307,82284.0,51059.0,43155.0,52271.0,38887.0,82283.0,3.462756633758545,,,,,,,,,,,,,,,,,,,,,,,,82281.0,1258.0,21.0,417.0,-534249471.0,121.0,21.0,-11.0,62.0,-26.0,87.0
1308,82294.0,50881.0,42945.0,52475.0,38915.0,82293.0,3.462756633758545,,,,,,,,,,,,,,,,,,,,,,,,82291.0,1259.0,20.0,417.0,-534249471.0,121.0,18.0,-9.0,54.0,-8.0,89.0
1309,82304.0,50077.0,43595.0,53261.0,38143.0,82303.0,3.462756633758545,,,,,,,,,,,,,,,,,,,,,,,,82301.0,1261.0,20.0,417.0,-534249470.0,121.0,19.0,-7.0,52.0,27.0,87.0
1310,82314.0,50486.0,43580.0,52870.0,38188.0,82313.0,3.462756633758545,,,,,,,,,,,,,,,,,,,,,,,,82311.0,1261.0,19.0,417.0,-535298046.0,118.0,17.0,-4.0,47.0,26.0,80.0
1311,82324.0,50356.0,43046.0,53094.0,38340.0,82323.0,3.462756633758545,,,,,,,,,,,,,,,,,,,,,,,,82321.0,1263.0,21.0,417.0,-535297022.0,121.0,20.0,-3.0,16.0,49.0,92.0
1312,82334.0,50184.0,43194.0,53216.0,38150.0,82333.0,3.462756633758545,,,,,,,,,,,,,,,,,,,,,,,,82331.0,1264.0,21.0,417.0,-535297021.0,120.0,20.0,-2.0,0.0,32.0,82.0
1313,82344.0,50632.0,42676.0,52924.0,38460.0,82343.0,3.462756633758545,,,,,,,,,,,,,,,,,,,,,,,,82341.0,1265.0,21.0,417.0,-535297021.0,118.0,21.0,-1.0,13.0,34.0,89.0
1314,82354.0,50784.0,42672.0,52690.0,38414.0,82353.0,3.462756633758545,,,,,,,,,,,,,,,,,,,,,,,,82351.0,1267.0,22.0,416.0,-535297021.0,120.0,21.0,-3.0,35.0,-6.0,88.0
1315,82364.0,51275.0,42859.0,52287.0,38343.0,82363.0,3.4680352210998535,,,,,,,,,,,,,,,,,,,,,,,,82361.0,1267.0,22.0,416.0,-535297020.0,118.0,23.0,-1.0,45.0,-3.0,84.0
1316,82374.0,50920.0,42032.0,52678.0,38970.0,82373.0,3.4680352210998535,,,,,,,,,,,,,,,,,,,,,,,,82371.0,1269.0,22.0,416.0,-535297020.0,120.0,22.0,0.0,46.0,-36.0,85.0
1317,82384.0,51329.0,42621.0,52205.0,38249.0,82383.0,3.4680352210998535,,,,,,,,,,,,,,,,,,,,,,,,82381.0,1270.0,22.0,416.0,-535297020.0,119.0,22.0,1.0,39.0,-55.0,77.0
1318,82394.0,51440.0,42450.0,52000.0,38374.0,82393.0,3.462756633758545,,,,,,,,,,,,,,,,,,,,,,,,82391.0,1272.0,23.0,416.0,-535298043.0,119.0,23.0,2.0,25.0,-79.0,74.0
1319,82404.0,51338.0,42228.0,51984.0,38710.0,82403.0,3.4680352210998535,,,,,,,,,,,,,,,,,,,,,,,,82401.0,1272.0,20.0,416.0,-536346619.0,118.0,17.0,1.0,62.0,-102.0,66.0
1320,82414.0,52452.0,42516.0,51190.0,38202.0,82413.0,3.462756633758545,,,,,,,,,,,,,,,,,,,,,,,,82411.0,1273.0,20.0,416.0,-536870907.0,117.0,17.0,0.0,90.0,-100.0,75.0
1321,82424.0,52049.0,41897.0,51663.0,38915.0,82423.0,3.462756633758545,,,,,,,,,,,,,,,,,,,,,,,,82421.0,1274.0,21.0,416.0,-1073741819.0,116.0,18.0,-2.0,93.0,-119.0,69.0
1322,82434.0,51824.0,42658.0,51936.0,38426.0,82433.0,3.462756633758545,,,,,,,,,,,,,,,,,,,,,,,,82431.0,1275.0,21.0,416.0,-1073740794.0,116.0,18.0,-3.0,87.0,-126.0,65.0
1323,82444.0,52214.0,42118.0,51656.0,39072.0,82443.0,3.462756633758545,,,,,,,,,,,,,,,,,,,,,,,,82441.0,1277.0,20.0,416.0,-1072692218.0,119.0,14.0,-7.0,94.0,-124.0,57.0
1324,82454.0,52451.0,42707.0,51413.0,38665.0,82453.0,3.462756633758545,,,,,,,,,,,,,,,,,,,,,,,,82451.0,1280.0,20.0,416.0,-1072691194.0,121.0,15.0,-9.0,80.0,-144.0,44.0
1325,82464.0,52673.0,41849.0,51331.0,39599.0,82463.0,3.4574780464172363,,,,,,,,,,,,,,,,,,,,,,,,82461.0,1280.0,20.0,416.0,-1072691194.0,121.0,15.0,-10.0,69.0,-106.0,45.0
1326,82474.0,51718.0,42320.0,52498.0,39060.0,82473.0,3.4574780464172363,,,,,,,,,,,,,,,,,,,,,,,,82471.0,1282.0,21.0,416.0,-1071641594.0,122.0,15.0,-10.0,57.0,-107.0,44.0
1327,82484.0,51593.0,42193.0,52623.0,39227.0,82483.0,3.4574780464172363,,,,,,,,,,,,,,,,,,,,,,,,82481.0,1286.0,20.0,417.0,-1071641593.0,130.0,13.0,-1.0,48.0,-89.0,43.0
1328,82494.0,51803.0,42113.0,51933.0,38887.0,82493.0,3.4574780464172363,,,,,,,,,,,,,,,,,,,,,,,,82491.0,1288.0,20.0,417.0,-1071640569.0,132.0,12.0,0.0,38.0,-53.0,41.0
1329,82504.0,51855.0,42633.0,51845.0,38215.0,82503.0,3.4574780464172363,,,,,,,,,,,,,,,,,,,,,,,,82501.0,1289.0,21.0,417.0,-1071640569.0,132.0,12.0,3.0,32.0,-28.0,39.0
1330,82514.0,51011.0,42237.0,52527.0,38557.0,82513.0,3.462756633758545,,,,,,,,,,,,,,,,,,,,,,,,82511.0,1291.0,21.0,417.0,-1071640569.0,134.0,11.0,5.0,0.0,4.0,38.0
1331,82524.0,51079.0,42613.0,52357.0,38087.0,82523.0,3.462756633758545,,,,,,,,,,,,,,,,,,,,,,,,82521.0,1291.0,21.0,417.0,-1071640569.0,133.0,12.0,6.0,14.0,31.0,32.0
1332,82534.0,50892.0,42618.0,52274.0,38136.0,82533.0,3.462756633758545,,,,,,,,,,,,,,,,,,,,,,,,82531.0,1292.0,22.0,417.0,-1071640569.0,134.0,11.0,6.0,1.0,53.0,18.0
1333,82544.0,51150.0,42486.0,52050.0,38278.0,82543.0,3.462756633758545,,,,,,,,,,,,,,,,,,,,,,,,82541.0,1292.0,21.0,418.0,-1071640569.0,132.0,10.0,6.0,10.0,70.0,22.0
1334,82554.0,50790.0,42498.0,52336.0,38352.0,82553.0,3.462756633758545,,,,,,,,,,,,,,,,,,,,,,,,82551.0,1293.0,21.0,418.0,-1071641593.0,133.0,9.0,6.0,15.0,63.0,12.0
1335,82564.0,50308.0,43096.0,52704.0,37820.0,82563.0,3.462756633758545,,,,,,,,,,,,,,,,,,,,,,,,82561.0,1293.0,21.0,418.0,-1070593017.0,130.0,8.0,5.0,16.0,69.0,3.0
1336,82574.0,50302.0,42754.0,52522.0,38270.0,82573.0,3.462756633758545,,,,,,,,,,,,,,,,,,,,,,,,82571.0,1295.0,21.0,418.0,-1070593017.0,133.0,7.0,6.0,2.0,47.0,-3.0
1337,82584.0,50646.0,42788.0,52286.0,38240.0,82583.0,3.462756633758545,,,,,,,,,,,,,,,,,,,,,,,,82581.0,1298.0,22.0,418.0,-1070593017.0,136.0,8.0,5.0,-6.0,55.0,-2.0
1338,82594.0,51065.0,42599.0,51833.0,38523.0,82593.0,3.462756633758545,,,,,,,,,,,,,,,,,,,,,,,,82591.0,1299.0,22.0,418.0,-1070593017.0,137.0,7.0,5.0,2.0,18.0,-8.0
1339,82604.0,50866.0,42216.0,51898.0,39064.0,82603.0,3.462756633758545,,,,,,,,,,,,,,,,,,,,,,,,82601.0,1301.0,22.0,418.0,-1070594041.0,137.0,6.0,4.0,0.0,1.0,-13.0
1340,82614.0,51370.0,42336.0,51432.0,38946.0,82613.0,3.462756633758545,,,,,,,,,,,,,,,,,,,,,,,,82611.0,1302.0,23.0,418.0,-1071642617.0,138.0,7.0,2.0,-17.0,-27.0,-18.0
1341,82624.0,51878.0,42154.0,50900.0,39396.0,82623.0,3.462756633758545,,,,,,,,,,,,,,,,,,,,,,,,82621.0,1303.0,22.0,418.0,-1071641593.0,138.0,5.0,3.0,-22.0,-32.0,-22.0
1342,82634.0,51637.0,42391.0,51071.0,39045.0,82633.0,3.462756633758545,,,,,,,,,,,,,,,,,,,,,,,,82631.0,1304.0,22.0,418.0,-1071641593.0,138.0,5.0,4.0,-6.0,-25.0,-24.0
1343,82644.0,51885.0,42705.0,50805.0,38649.0,82643.0,3.462756633758545,,,,,,,,,,,,,,,,,,,,,,,,82641.0,1306.0,22.0,418.0,-1071641593.0,139.0,4.0,4.0,3.0,-40.0,-18.0
1344,82654.0,51646.0,42720.0,50860.0,38790.0,82653.0,3.462756633758545,,,,,,,,,,,,,,,,,,,,,,,,82651.0,1305.0,22.0,418.0,-1071641593.0,136.0,3.0,5.0,37.0,-19.0,-23.0
1345,82664.0,50702.0,43646.0,51650.0,37974.0,82663.0,3.462756633758545,,,,,,,,,,,,,,,,,,,,,,,,82661.0,1306.0,23.0,418.0,-1071641593.0,135.0,3.0,3.0,40.0,-1.0,-40.0
1346,82674.0,50922.0,43842.0,51468.0,37892.0,82673.0,3.462756633758545,,,,,,,,,,,,,,,,,,,,,,,,82671.0,1309.0,22.0,418.0,-1070593017.0,139.0,2.0,2.0,54.0,22.0,-40.0
1347,82684.0,50683.0,43731.0,51795.0,38003.0,82683.0,3.462756633758545,,,,,,,,,,,,,,,,,,,,,,,,82681.0,1312.0,22.0,418.0,-1070593017.0,144.0,1.0,1.0,60.0,52.0,-42.0
1348,82694.0,50829.0,43847.0,51725.0,37919.0,82693.0,3.462756633758545,,,,,,,,,,,,,,,,,,,,,,,,82691.0,1313.0,22.0,418.0,-1070593017.0,145.0,1.0,1.0,43.0,81.0,-34.0
1349,82704.0,50196.0,43898.0,52150.0,37828.0,82703.0,3.462756633758545,,,,,,,,,,,,,,,,,,,,,,,,82701.0,1312.0,22.0,419.0,-1070594042.0,140.0,0.0,4.0,21.0,79.0,-36.0
1350,82714.0,50100.0,43132.0,52060.0,38684.0,82713.0,3.462756633758545,,,,,,,,,,,,,,,,,,,,,,,,82711.0,1315.0,22.0,419.0,-1070594042.0,143.0,-1.0,6.0,2.0,115.0,-40.0
1351,82724.0,49761.0,43259.0,52401.0,38359.0,82723.0,3.462756633758545,,,,,,,,,,,,,,,,,,,,,,,,82721.0,1316.0,22.0,419.0,-1070594042.0,143.0,-2.0,9.0,-21.0,108.0,-30.0
1352,82734.0,49910.0,43088.0,52074.0,38444.0,82733.0,3.462756633758545,,,,,,,,,,,,,,,,,,,,,,,,82731.0,1316.0,23.0,419.0,-1070595066.0,141.0,-1.0,9.0,-54.0,104.0,-34.0
1353,82744.0,49453.0,43039.0,52699.0,38281.0,82743.0,3.462756633758545,,,,,,,,,,,,,,,,,,,,,,,,82741.0,1317.0,23.0,417.0,-1070595066.0,140.0,-1.0,0.0,-85.0,109.0,-19.0
1354,82754.0,50039.0,42761.0,52585.0,38995.0,82753.0,3.4680352210998535,,,,,,,,,,,,,,,,,,,,,,,,82751.0,1317.0,22.0,417.0,-1070596090.0,137.0,-3.0,0.0,-93.0,80.0,-18.0
1355,82764.0,49754.0,43070.0,52832.0,38716.0,82763.0,3.4680352210998535,,,,,,,,,,,,,,,,,,,,,,,,82761.0,1322.0,23.0,417.0,-1071644666.0,144.0,-3.0,0.0,-118.0,84.0,-12.0
1356,82774.0,49388.0,42718.0,53338.0,38932.0,82773.0,3.462756633758545,,,,,,,,,,,,,,,,,,,,,,,,82771.0,1323.0,23.0,417.0,-1071120378.0,143.0,-4.0,0.0,-120.0,45.0,-13.0
1357,82784.0,49414.0,43110.0,53440.0,38496.0,82783.0,3.462756633758545,,,,,,,,,,,,,,,,,,,,,,,,82781.0,1323.0,22.0,418.0,-1072168954.0,140.0,-5.0,0.0,-100.0,33.0,-4.0
1358,82794.0,50357.0,42993.0,52457.0,38521.0,82793.0,3.462756633758545,,,,,,,,,,,,,,,,,,,,,,,,82791.0,1326.0,23.0,418.0,-1072168954.0,144.0,-4.0,0.0,-82.0,55.0,1.0
1359,82804.0,50979.0,42685.0,51895.0,38909.0,82803.0,3.462756633758545,,,,,,,,,,,,,,,,,,,,,,,,82801.0,1326.0,22.0,418.0,-1072167930.0,141.0,-6.0,-2.0,-69.0,24.0,-1.0
1360,82814.0,51093.0,43333.0,51939.0,38307.0,82813.0,3.462756633758545,,,,,,,,,,,,,,,,,,,,,,,,82811.0,1327.0,22.0,418.0,-1072167930.0,140.0,-7.0,-4.0,-23.0,11.0,7.0
1361,82824.0,52036.0,43576.0,51328.0,37912.0,82823.0,3.462756633758545,,,,,,,,,,,,,,,,,,,,,,,,82821.0,1329.0,22.0,418.0,-1073216506.0,140.0,-7.0,-5.0,-4.0,-16.0,12.0
1362,82834.0,51302.0,42496.0,52324.0,39138.0,82833.0,3.462756633758545,,,,,,,,,,,,,,,,,,,,,,,,82831.0,1329.0,21.0,417.0,-1072167930.0,139.0,-8.0,-10.0,40.0,-37.0,25.0
1363,82844.0,52250.0,43122.0,51748.0,38352.0,82843.0,3.462756633758545,,,,,,,,,,,,,,,,,,,,,,,,82841.0,1331.0,21.0,417.0,-1072167930.0,138.0,-8.0,-11.0,49.0,-56.0,36.0
1364,82854.0,52952.0,42668.0,51348.0,38688.0,82853.0,3.462756633758545,,,,,,,,,,,,,,,,,,,,,,,,82851.0,1333.0,21.0,417.0,-1072168954.0,141.0,-8.0,-13.0,64.0,-53.0,55.0
1365,82864.0,52356.0,42706.0,52100.0,38666.0,82863.0,3.462756633758545,,,,,,,,,,,,,,,,,,,,,,,,82861.0,1336.0,21.0,417.0,-1072168954.0,142.0,-9.0,-13.0,57.0,-50.0,57.0
1366,82874.0,51359.0,43099.0,53069.0,38205.0,82873.0,3.462756633758545,,,,,,,,,,,,,,,,,,,,,,,,82871.0,1337.0,20.0,417.0,-1072168954.0,142.0,-9.0,-12.0,37.0,-31.0,58.0
1367,82884.0,51756.0,42808.0,52916.0,38364.0,82883.0,3.462756633758545,,,,,,,,,,,,,,,,,,,,,,,,82881.0,1338.0,21.0,417.0,-1072693241.0,141.0,-8.0,-13.0,10.0,-2.0,66.0
1368,82894.0,51691.0,42763.0,52893.0,38637.0,82893.0,3.4574780464172363,,,,,,,,,,,,,,,,,,,,,,,,82891.0,1341.0,21.0,417.0,-1072693241.0,144.0,-8.0,-13.0,-24.0,15.0,51.0
1369,82904.0,50602.0,42632.0,54014.0,38840.0,82903.0,3.4574780464172363,,,,,,,,,,,,,,,,,,,,,,,,82901.0,1342.0,21.0,416.0,-1072693241.0,143.0,-8.0,-13.0,-49.0,19.0,44.0
1370,82914.0,50076.0,41870.0,54484.0,39662.0,82913.0,3.4574780464172363,,,,,,,,,,,,,,,,,,,,,,,,82911.0,1342.0,21.0,416.0,-1072168953.0,141.0,-9.0,-14.0,-134.0,40.0,35.0
1371,82924.0,49988.0,42346.0,54624.0,39262.0,82923.0,3.4574780464172363,,,,,,,,,,,,,,,,,,,,,,,,82921.0,1343.0,21.0,416.0,-1072168953.0,141.0,-9.0,-11.0,-163.0,54.0,34.0
1372,82934.0,49743.0,42249.0,54709.0,39275.0,82933.0,3.4574780464172363,,,,,,,,,,,,,,,,,,,,,,,,82931.0,1344.0,22.0,416.0,-536346617.0,139.0,-6.0,-8.0,-185.0,78.0,28.0
1373,82944.0,49304.0,41954.0,55050.0,39400.0,82943.0,3.4574780464172363,,,,,,,,,,,,,,,,,,,,,,,,82941.0,1347.0,21.0,416.0,-535297017.0,141.0,-9.0,-6.0,-200.0,98.0,28.0
1374,82954.0,49265.0,42261.0,55127.0,38931.0,82953.0,3.4574780464172363,,,,,,,,,,,,,,,,,,,,,,,,82951.0,1348.0,22.0,416.0,-535297016.0,141.0,-7.0,-4.0,-203.0,96.0,34.0
1375,82964.0,49506.0,42892.0,54984.0,38430.0,82963.0,3.4574780464172363,,,,,,,,,,,,,,,,,,,,,,,,82961.0,1350.0,22.0,415.0,-534248440.0,141.0,-5.0,-7.0,-189.0,103.0,35.0
1376,82974.0,49468.0,42144.0,55036.0,39048.0,82973.0,3.4574780464172363,,,,,,,,,,,,,,,,,,,,,,,,82971.0,1350.0,22.0,415.0,-533198840.0,139.0,-4.0,-6.0,-166.0,117.0,33.0
1377,82984.0,49104.0,42246.0,55290.0,39028.0,82983.0,3.4574780464172363,,,,,,,,,,,,,,,,,,,,,,,,82981.0,1353.0,21.0,415.0,-533198840.0,140.0,-6.0,-5.0,-129.0,98.0,24.0
1378,82994.0,50645.0,43199.0,53657.0,38079.0,82993.0,3.4521994590759277,,,,,,,,,,,,,,,,,,,,,,,,82991.0,1354.0,22.0,415.0,-532149240.0,140.0,-4.0,-4.0,-58.0,82.0,20.0
1379,83004.0,50670.0,43058.0,53570.0,38058.0,83003.0,3.4574780464172363,,,,,,,,,,,,,,,,,,,,,,,,83001.0,1355.0,22.0,415.0,-532149240.0,140.0,-3.0,-4.0,-10.0,54.0,21.0
1380,83014.0,50594.0,42356.0,53594.0,38988.0,83013.0,3.4574780464172363,,,,,,,,,,,,,,,,,,,,,,,,83011.0,1355.0,20.0,415.0,-532149240.0,135.0,-4.0,-4.0,2.0,7.0,11.0
1381,83024.0,51383.0,42037.0,52901.0,39243.0,83023.0,3.4574780464172363,,,,,,,,,,,,,,,,,,,,,,,,83021.0,1357.0,20.0,415.0,-532149240.0,135.0,-3.0,-4.0,54.0,-15.0,16.0
1382,83034.0,51634.0,43230.0,52606.0,38114.0,83033.0,3.4574780464172363,,,,,,,,,,,,,,,,,,,,,,,,83031.0,1358.0,20.0,415.0,-532149240.0,134.0,-3.0,-4.0,60.0,-40.0,13.0
1383,83044.0,51301.0,42303.0,53011.0,38917.0,83043.0,3.4521994590759277,,,,,,,,,,,,,,,,,,,,,,,,83041.0,1360.0,20.0,414.0,-532149240.0,134.0,-1.0,-9.0,112.0,-74.0,12.0
1384,83054.0,51419.0,43005.0,53103.0,38537.0,83053.0,3.4574780464172363,,,,,,,,,,,,,,,,,,,,,,,,83051.0,1363.0,20.0,414.0,-533197816.0,136.0,0.0,-9.0,85.0,-94.0,12.0
1385,83064.0,51916.0,42196.0,52602.0,39406.0,83063.0,3.4521994590759277,,,,,,,,,,,,,,,,,,,,,,,,83061.0,1364.0,20.0,414.0,-533198840.0,136.0,0.0,-9.0,96.0,-110.0,13.0
1386,83074.0,51486.0,42456.0,53098.0,39140.0,83073.0,3.4521994590759277,,,,,,,,,,,,,,,,,,,,,,,,83071.0,1366.0,19.0,414.0,-533198840.0,137.0,-1.0,-11.0,70.0,-111.0,15.0
1387,83084.0,51149.0,42543.0,53511.0,39193.0,83083.0,3.4521994590759277,,,,,,,,,,,,,,,,,,,,,,,,83081.0,1368.0,19.0,413.0,-534248439.0,136.0,0.0,-15.0,65.0,-95.0,3.0
1388,83094.0,51382.0,42568.0,53480.0,39386.0,83093.0,3.4521994590759277,,,,,,,,,,,,,,,,,,,,,,,,83091.0,1369.0,19.0,413.0,-534248439.0,136.0,0.0,-14.0,47.0,-69.0,10.0
1389,83104.0,51539.0,42535.0,53447.0,39211.0,83103.0,3.4521994590759277,,,,,,,,,,,,,,,,,,,,,,,,83101.0,1368.0,20.0,412.0,-534248439.0,131.0,3.0,-13.0,28.0,-46.0,7.0
1390,83114.0,50670.0,42872.0,54252.0,38886.0,83113.0,3.4521994590759277,,,,,,,,,,,,,,,,,,,,,,,,83111.0,1369.0,20.0,412.0,-534248439.0,130.0,3.0,-11.0,18.0,-26.0,15.0
1391,83124.0,50231.0,42797.0,54651.0,38901.0,83123.0,3.4521994590759277,,,,,,,,,,,,,,,,,,,,,,,,83121.0,1371.0,20.0,412.0,-534248439.0,130.0,4.0,-9.0,2.0,-17.0,15.0
1392,83134.0,50909.0,42457.0,53781.0,38965.0,83133.0,3.4521994590759277,,,,,,,,,,,,,,,,,,,,,,,,83131.0,1372.0,20.0,413.0,-534248439.0,130.0,4.0,-4.0,0.0,2.0,19.0
1393,83144.0,50818.0,42910.0,53764.0,38468.0,83143.0,3.4521994590759277,,,,,,,,,,,,,,,,,,,,,,,,83141.0,1372.0,20.0,413.0,-534248439.0,128.0,5.0,-2.0,-5.0,-1.0,12.0
1394,83154.0,50550.0,43146.0,54008.0,38072.0,83153.0,3.4521994590759277,,,,,,,,,,,,,,,,,,,,,,,,83151.0,1374.0,20.0,413.0,-534248439.0,128.0,5.0,-1.0,-11.0,8.0,14.0
1395,83164.0,50027.0,42225.0,54539.0,38901.0,83163.0,3.4574780464172363,,,,,,,,,,,,,,,,,,,,,,,,83161.0,1376.0,20.0,413.0,-534248439.0,130.0,6.0,-1.0,34.0,7.0,12.0
1396,83174.0,50860.0,43322.0,53676.0,37826.0,83173.0,3.4521994590759277,,,,,,,,,,,,,,,,,,,,,,,,83171.0,1378.0,20.0,413.0,-534248439.0,131.0,6.0,0.0,22.0,-5.0,11.0
1397,83184.0,50993.0,42069.0,53605.0,38965.0,83183.0,3.4574780464172363,,,,,,,,,,,,,,,,,,,,,,,,83181.0,1380.0,20.0,413.0,-534248439.0,132.0,6.0,0.0,42.0,-15.0,16.0
1398,83194.0,51785.0,41915.0,52797.0,39003.0,83193.0,3.4574780464172363,,,,,,,,,,,,,,,,,,,,,,,,83191.0,1380.0,22.0,413.0,-534248439.0,130.0,9.0,1.0,44.0,-39.0,27.0
1399,83204.0,51719.0,41757.0,52805.0,39127.0,83203.0,3.4574780464172363,,,,,,,,,,,,,,,,,,,,,,,,83201.0,1383.0,22.0,413.0,-534249463.0,133.0,9.0,3.0,50.0,-44.0,20.0
1400,83214.0,52014.0,42498.0,52380.0,38320.0,83213.0,3.4574780464172363,,,,,,,,,,,,,,,,,,,,,,,,83211.0,1384.0,22.0,413.0,-535298039.0,133.0,10.0,6.0,67.0,-74.0,13.0
1401,83224.0,51296.0,41590.0,53096.0,39202.0,83223.0,3.4574780464172363,,,,,,,,,,,,,,,,,,,,,,,,83221.0,1384.0,20.0,412.0,-535822327.0,130.0,7.0,5.0,101.0,-81.0,17.0
1402,83234.0,52208.0,41866.0,52206.0,38748.0,83233.0,3.4574780464172363,,,,,,,,,,,,,,,,,,,,,,,,83231.0,1386.0,20.0,412.0,-535822327.0,130.0,7.0,7.0,117.0,-79.0,22.0
1403,83244.0,52046.0,41810.0,52320.0,38700.0,83243.0,3.462756633758545,,,,,,,,,,,,,,,,,,,,,,,,83241.0,1385.0,20.0,412.0,-536869879.0,125.0,7.0,8.0,130.0,-89.0,24.0
1404,83254.0,52156.0,41622.0,52222.0,38740.0,83253.0,3.462756633758545,,,,,,,,,,,,,,,,,,,,,,,,83251.0,1387.0,21.0,412.0,-1073740791.0,127.0,9.0,8.0,114.0,-90.0,25.0
1405,83264.0,52576.0,42030.0,51814.0,38256.0,83263.0,3.462756633758545,,,,,,,,,,,,,,,,,,,,,,,,83261.0,1388.0,21.0,413.0,-1073740790.0,128.0,8.0,7.0,99.0,-106.0,31.0
1406,83274.0,52509.0,42257.0,51883.0,38143.0,83273.0,3.462756633758545,,,,,,,,,,,,,,,,,,,,,,,,83271.0,1390.0,21.0,413.0,-1072691190.0,129.0,8.0,6.0,92.0,-104.0,21.0
1407,83284.0,52413.0,42081.0,51925.0,38433.0,83283.0,3.462756633758545,,,,,,,,,,,,,,,,,,,,,,,,83281.0,1390.0,19.0,413.0,-1072691190.0,128.0,4.0,6.0,85.0,-113.0,14.0
1408,83294.0,52179.0,42251.0,52225.0,38173.0,83293.0,3.4574780464172363,,,,,,,,,,,,,,,,,,,,,,,,83291.0,1394.0,20.0,413.0,-1071641590.0,133.0,5.0,6.0,80.0,-99.0,16.0
1409,83304.0,51637.0,42105.0,52803.0,38275.0,83303.0,3.462756633758545,,,,,,,,,,,,,,,,,,,,,,,,83301.0,1395.0,20.0,412.0,-1071641590.0,134.0,5.0,2.0,64.0,-74.0,18.0
1410,83314.0,51549.0,41859.0,53015.0,38861.0,83313.0,3.462756633758545,,,,,,,,,,,,,,,,,,,,,,,,83311.0,1397.0,20.0,412.0,-1071641590.0,135.0,4.0,2.0,32.0,-35.0,16.0
1411,83324.0,51346.0,42868.0,53146.0,37928.0,83323.0,3.462756633758545,,,,,,,,,,,,,,,,,,,,,,,,83321.0,1395.0,21.0,412.0,-1071641590.0,129.0,6.0,0.0,28.0,-30.0,8.0
1412,83334.0,50681.0,43037.0,53885.0,37801.0,83333.0,3.4574780464172363,,,,,,,,,,,,,,,,,,,,,,,,83331.0,1396.0,21.0,412.0,-1071641590.0,130.0,6.0,0.0,15.0,6.0,1.0
1413,83344.0,51078.0,43024.0,53462.0,37900.0,83343.0,3.4521994590759277,,,,,,,,,,,,,,,,,,,,,,,,83341.0,1398.0,21.0,412.0,-1071641590.0,133.0,5.0,0.0,-17.0,39.0,0.0
1414,83354.0,51138.0,43116.0,53524.0,37806.0,83353.0,3.4521994590759277,,,,,,,,,,,,,,,,,,,,,,,,83351.0,1400.0,21.0,412.0,-1071641590.0,134.0,4.0,-1.0,-27.0,70.0,7.0
1415,83364.0,50389.0,42957.0,54235.0,38035.0,83363.0,3.4521994590759277,,,,,,,,,,,,,,,,,,,,,,,,83361.0,1398.0,21.0,412.0,-1071641590.0,128.0,4.0,0.0,4.0,59.0,0.0
1416,83374.0,50019.0,42985.0,54681.0,37895.0,83373.0,3.4521994590759277,,,,,,,,,,,,,,,,,,,,,,,,83371.0,1399.0,21.0,412.0,-1071642614.0,128.0,3.0,-1.0,-17.0,93.0,10.0
1417,83384.0,50583.0,43093.0,53971.0,38001.0,83383.0,3.4521994590759277,,,,,,,,,,,,,,,,,,,,,,,,83381.0,1401.0,22.0,412.0,-1071642614.0,130.0,3.0,-1.0,-24.0,88.0,-7.0
1418,83394.0,50428.0,42768.0,54068.0,38436.0,83393.0,3.4521994590759277,,,,,,,,,,,,,,,,,,,,,,,,83391.0,1403.0,22.0,412.0,-1071642614.0,131.0,3.0,0.0,-45.0,66.0,-10.0
1419,83404.0,50452.0,42358.0,54002.0,38800.0,83403.0,3.4521994590759277,,,,,,,,,,,,,,,,,,,,,,,,83401.0,1405.0,22.0,412.0,-1071642614.0,134.0,3.0,0.0,-41.0,42.0,-11.0
1420,83414.0,51188.0,42268.0,53184.0,38840.0,83413.0,3.4521994590759277,,,,,,,,,,,,,,,,,,,,,,,,83411.0,1406.0,22.0,412.0,-1071643638.0,133.0,3.0,1.0,-57.0,38.0,-11.0
1421,83424.0,50383.0,41993.0,54011.0,39017.0,83423.0,3.4574780464172363,,,,,,,,,,,,,,,,,,,,,,,,83421.0,1408.0,22.0,412.0,-1071643638.0,136.0,1.0,1.0,-30.0,0.0,-12.0
1422,83434.0,51067.0,42539.0,53311.0,38455.0,83433.0,3.4574780464172363,,,,,,,,,,,,,,,,,,,,,,,,83431.0,1409.0,22.0,412.0,-1072692214.0,136.0,1.0,0.0,-41.0,-3.0,-11.0
1423,83444.0,51107.0,41839.0,53195.0,38975.0,83443.0,3.4574780464172363,,,,,,,,,,,,,,,,,,,,,,,,83441.0,1411.0,22.0,412.0,-1072692214.0,136.0,1.0,1.0,-22.0,-3.0,-5.0
1424,83454.0,51487.0,42553.0,52965.0,38391.0,83453.0,3.4574780464172363,,,,,,,,,,,,,,,,,,,,,,,,83451.0,1410.0,22.0,412.0,-1072692214.0,132.0,1.0,0.0,-32.0,-27.0,-7.0
1425,83464.0,51855.0,42169.0,52735.0,38813.0,83463.0,3.4574780464172363,,,,,,,,,,,,,,,,,,,,,,,,83461.0,1411.0,23.0,412.0,-1072692214.0,133.0,1.0,-2.0,-20.0,-28.0,2.0
1426,83474.0,51806.0,41600.0,52904.0,39558.0,83473.0,3.4574780464172363,,,,,,,,,,,,,,,,,,,,,,,,83471.0,1415.0,23.0,412.0,-1072691190.0,137.0,1.0,-4.0,46.0,-58.0,-7.0
1427,83484.0,51356.0,41642.0,53486.0,39572.0,83483.0,3.4574780464172363,,,,,,,,,,,,,,,,,,,,,,,,83481.0,1416.0,23.0,412.0,-1072691190.0,138.0,0.0,-4.0,37.0,-59.0,-4.0
1428,83494.0,51736.0,42400.0,53006.0,38934.0,83493.0,3.4521994590759277,,,,,,,,,,,,,,,,,,,,,,,,83491.0,1417.0,23.0,412.0,-1072691190.0,138.0,0.0,-4.0,51.0,-72.0,-9.0
1429,83504.0,51742.0,42192.0,52966.0,39164.0,83503.0,3.4521994590759277,,,,,,,,,,,,,,,,,,,,,,,,83501.0,1419.0,22.0,412.0,-1072691190.0,140.0,0.0,-4.0,45.0,-40.0,-9.0
1430,83514.0,50616.0,42958.0,54070.0,38424.0,83513.0,3.4521994590759277,,,,,,,,,,,,,,,,,,,,,,,,83511.0,1422.0,22.0,412.0,-1071641590.0,143.0,0.0,-3.0,40.0,-24.0,-11.0
1431,83524.0,51059.0,42771.0,53567.0,38587.0,83523.0,3.446920871734619,,,,,,,,,,,,,,,,,,,,,,,,83521.0,1423.0,22.0,411.0,-1071641590.0,143.0,-1.0,-8.0,22.0,-6.0,-15.0
1432,83534.0,51119.0,42259.0,53737.0,39453.0,83533.0,3.4521994590759277,,,,,,,,,,,,,,,,,,,,,,,,83531.0,1424.0,22.0,411.0,-1071641590.0,143.0,-1.0,-8.0,-2.0,49.0,-14.0
1433,83544.0,50988.0,42484.0,53942.0,39150.0,83543.0,3.446920871734619,,,,,,,,,,,,,,,,,,,,,,,,83541.0,1426.0,22.0,411.0,-1071642614.0,144.0,-2.0,-7.0,-27.0,65.0,-10.0
1434,83554.0,50024.0,43366.0,54812.0,38318.0,83553.0,3.446920871734619,,,,,,,,,,,,,,,,,,,,,,,,83551.0,1424.0,23.0,411.0,-1071642614.0,137.0,-1.0,-8.0,-44.0,84.0,-7.0
1435,83564.0,49832.0,42912.0,54920.0,38936.0,83563.0,3.446920871734619,,,,,,,,,,,,,,,,,,,,,,,,83561.0,1427.0,23.0,411.0,-1072691191.0,142.0,0.0,-9.0,-65.0,101.0,-17.0
1436,83574.0,50194.0,42926.0,54716.0,38996.0,83573.0,3.446920871734619,,,,,,,,,,,,,,,,,,,,,,,,83571.0,1429.0,23.0,411.0,-1072692215.0,143.0,-1.0,-9.0,-55.0,94.0,-17.0
1437,83584.0,50757.0,42963.0,54157.0,38907.0,83583.0,3.446920871734619,,,,,,,,,,,,,,,,,,,,,,,,83581.0,1430.0,23.0,410.0,-1072692215.0,144.0,-2.0,-8.0,-67.0,78.0,-17.0
1438,83594.0,50922.0,42604.0,54042.0,39180.0,83593.0,3.4521994590759277,,,,,,,,,,,,,,,,,,,,,,,,83591.0,1432.0,22.0,410.0,-1072692215.0,145.0,-3.0,-7.0,-43.0,76.0,-12.0
1439,83604.0,50810.0,42544.0,54116.0,39190.0,83603.0,3.4521994590759277,,,,,,,,,,,,,,,,,,,,,,,,83601.0,1434.0,22.0,410.0,-1072692215.0,145.0,-3.0,-6.0,-37.0,59.0,-10.0
1440,83614.0,50708.0,42606.0,54242.0,39032.0,83613.0,3.4521994590759277,,,,,,,,,,,,,,,,,,,,,,,,83611.0,1435.0,22.0,410.0,-1073741815.0,144.0,-4.0,-5.0,-23.0,26.0,-5.0
1441,83624.0,51405.0,42805.0,53411.0,38919.0,83623.0,3.4521994590759277,,,,,,,,,,,,,,,,,,,,,,,,83621.0,1436.0,22.0,410.0,-1073741815.0,144.0,-4.0,-4.0,-33.0,0.0,-8.0
1442,83634.0,51172.0,42246.0,53638.0,39384.0,83633.0,3.4521994590759277,,,,,,,,,,,,,,,,,,,,,,,,83631.0,1437.0,22.0,410.0,-1073741815.0,143.0,-4.0,-3.0,6.0,-27.0,-4.0
1443,83644.0,51836.0,42568.0,52892.0,39112.0,83643.0,3.446920871734619,,,,,,,,,,,,,,,,,,,,,,,,83641.0,1440.0,22.0,410.0,-1073741815.0,146.0,-4.0,-2.0,56.0,-52.0,-11.0
1444,83654.0,52499.0,42851.0,52187.0,38751.0,83653.0,3.446920871734619,,,,,,,,,,,,,,,,,,,,,,,,83651.0,1441.0,22.0,411.0,-1073740791.0,146.0,-4.0,1.0,82.0,-79.0,-12.0
1445,83664.0,53327.0,43357.0,51037.0,38171.0,83663.0,3.4521994590759277,,,,,,,,,,,,,,,,,,,,,,,,83661.0,1444.0,21.0,411.0,-1072692215.0,149.0,-5.0,0.0,110.0,-90.0,-14.0
1446,83674.0,53091.0,43055.0,51303.0,38555.0,83673.0,3.4521994590759277,,,,,,,,,,,,,,,,,,,,,,,,83671.0,1445.0,21.0,411.0,-1072692215.0,150.0,-5.0,-2.0,131.0,-121.0,-14.0
1447,83684.0,53363.0,43015.0,51377.0,38541.0,83683.0,3.4521994590759277,,,,,,,,,,,,,,,,,,,,,,,,83681.0,1446.0,21.0,411.0,-1071642615.0,148.0,-6.0,-3.0,140.0,-110.0,-8.0
1448,83694.0,53096.0,42766.0,51600.0,38966.0,83693.0,3.4521994590759277,,,,,,,,,,,,,,,,,,,,,,,,83691.0,1447.0,21.0,411.0,-1071642615.0,148.0,-6.0,-4.0,139.0,-101.0,-14.0
1449,83704.0,53580.0,43304.0,50950.0,38106.0,83703.0,3.4521994590759277,,,,,,,,,,,,,,,,,,,,,,,,83701.0,1450.0,21.0,412.0,-1070594039.0,150.0,-7.0,1.0,115.0,-87.0,-9.0
1450,83714.0,52574.0,42936.0,51894.0,38592.0,83713.0,3.4521994590759277,,,,,,,,,,,,,,,,,,,,,,,,83711.0,1452.0,20.0,412.0,-1070593015.0,152.0,-9.0,0.0,94.0,-57.0,-8.0
1451,83724.0,52020.0,42302.0,52494.0,39252.0,83723.0,3.446920871734619,,,,,,,,,,,,,,,,,,,,,,,,83721.0,1453.0,20.0,412.0,-1069544439.0,153.0,-10.0,0.0,70.0,-36.0,-10.0
1452,83734.0,52277.0,43501.0,52207.0,38243.0,83733.0,3.446920871734619,,,,,,,,,,,,,,,,,,,,,,,,83731.0,1456.0,23.0,412.0,-1069544439.0,157.0,-5.0,-2.0,19.0,7.0,-17.0
1453,83744.0,50949.0,42905.0,53515.0,38999.0,83743.0,3.446920871734619,,,,,,,,,,,,,,,,,,,,,,,,83741.0,1458.0,23.0,411.0,-1069544439.0,158.0,-6.0,-8.0,-23.0,44.0,-21.0
1454,83754.0,50977.0,43743.0,53791.0,38533.0,83753.0,3.446920871734619,,,,,,,,,,,,,,,,,,,,,,,,83751.0,1457.0,24.0,411.0,-1069544439.0,153.0,-5.0,-8.0,-74.0,100.0,-24.0
1455,83764.0,49262.0,43034.0,55438.0,39306.0,83763.0,3.446920871734619,,,,,,,,,,,,,,,,,,,,,,,,83761.0,1459.0,24.0,411.0,-1070593016.0,155.0,-5.0,-8.0,-121.0,157.0,-31.0
1456,83774.0,48227.0,43309.0,56549.0,38951.0,83773.0,3.446920871734619,,,,,,,,,,,,,,,,,,,,,,,,83771.0,1460.0,24.0,411.0,-1070594040.0,155.0,-5.0,-6.0,-146.0,184.0,-20.0
1457,83784.0,48163.0,43309.0,56485.0,38979.0,83783.0,3.446920871734619,,,,,,,,,,,,,,,,,,,,,,,,83781.0,1462.0,24.0,411.0,-1071643640.0,156.0,-7.0,-5.0,-198.0,214.0,-24.0
1458,83794.0,49005.0,43601.0,55987.0,38851.0,83793.0,3.446920871734619,,,,,,,,,,,,,,,,,,,,,,,,83791.0,1462.0,24.0,409.0,-1071644664.0,153.0,-7.0,-10.0,-226.0,240.0,-16.0
1459,83804.0,48225.0,43361.0,56801.0,39017.0,83803.0,3.446920871734619,,,,,,,,,,,,,,,,,,,,,,,,83801.0,1464.0,24.0,409.0,-1072167928.0,154.0,-7.0,-9.0,-221.0,267.0,-18.0
1460,83814.0,49269.0,42755.0,55627.0,39685.0,83813.0,3.4416422843933105,,,,,,,,,,,,,,,,,,,,,,,,83811.0,1465.0,24.0,409.0,-1073215480.0,154.0,-7.0,-9.0,-190.0,239.0,-17.0
1461,83824.0,48501.0,44093.0,56331.0,38439.0,83823.0,3.446920871734619,,,,,,,,,,,,,,,,,,,,,,,,83821.0,1468.0,24.0,409.0,-535295992.0,155.0,-7.0,-9.0,-148.0,221.0,-23.0
1462,83834.0,49937.0,43647.0,54693.0,38351.0,83833.0,3.446920871734619,,,,,,,,,,,,,,,,,,,,,,,,83831.0,1470.0,24.0,410.0,-535294968.0,155.0,-7.0,0.0,-128.0,195.0,-13.0
1463,83844.0,49008.0,43254.0,55462.0,38792.0,83843.0,3.446920871734619,,,,,,,,,,,,,,,,,,,,,,,,83841.0,1470.0,24.0,410.0,-534245368.0,152.0,-6.0,1.0,-64.0,144.0,-23.0
1464,83854.0,49477.0,43193.0,54863.0,38775.0,83853.0,3.446920871734619,,,,,,,,,,,,,,,,,,,,,,,,83851.0,1471.0,24.0,410.0,-534244344.0,149.0,-5.0,3.0,-55.0,113.0,-18.0
1465,83864.0,49990.0,43106.0,54222.0,38874.0,83863.0,3.446920871734619,,,,,,,,,,,,,,,,,,,,,,,,83861.0,1474.0,24.0,410.0,-534244344.0,152.0,-6.0,4.0,-25.0,53.0,-23.0
1466,83874.0,50946.0,42400.0,53200.0,39506.0,83873.0,3.446920871734619,,,,,,,,,,,,,,,,,,,,,,,,83871.0,1475.0,24.0,412.0,-534244344.0,149.0,-5.0,12.0,-13.0,15.0,-17.0
1467,83884.0,50318.0,42486.0,53334.0,39126.0,83883.0,3.446920871734619,,,,,,,,,,,,,,,,,,,,,,,,83881.0,1479.0,23.0,412.0,-534244344.0,152.0,-6.0,13.0,20.0,-32.0,-19.0
1468,83894.0,50505.0,42581.0,53111.0,38911.0,83893.0,3.4521994590759277,,,,,,,,,,,,,,,,,,,,,,,,83891.0,1480.0,23.0,412.0,-534244345.0,151.0,-6.0,13.0,11.0,-39.0,-27.0
1469,83904.0,49535.0,41961.0,53917.0,39707.0,83903.0,3.4521994590759277,,,,,,,,,,,,,,,,,,,,,,,,83901.0,1483.0,22.0,412.0,-534244345.0,151.0,-5.0,11.0,27.0,-63.0,-34.0
1470,83914.0,49721.0,42243.0,53875.0,39457.0,83913.0,3.4521994590759277,,,,,,,,,,,,,,,,,,,,,,,,83911.0,1485.0,22.0,412.0,-534245369.0,151.0,-5.0,10.0,34.0,-71.0,-27.0
1471,83924.0,50188.0,42688.0,53070.0,38630.0,83923.0,3.4521994590759277,,,,,,,,,,,,,,,,,,,,,,,,83921.0,1487.0,22.0,414.0,-534245369.0,150.0,-4.0,17.0,6.0,-49.0,-28.0
1472,83934.0,49253.0,42247.0,54151.0,38973.0,83933.0,3.4521994590759277,,,,,,,,,,,,,,,,,,,,,,,,83931.0,1488.0,22.0,414.0,-534245369.0,149.0,-4.0,17.0,-13.0,-6.0,-18.0
1473,83944.0,48887.0,43309.0,54405.0,37971.0,83943.0,3.4521994590759277,,,,,,,,,,,,,,,,,,,,,,,,83941.0,1490.0,22.0,414.0,-534245369.0,148.0,-3.0,16.0,-4.0,16.0,-19.0
1474,83954.0,49135.0,42811.0,54011.0,38639.0,83953.0,3.4521994590759277,,,,,,,,,,,,,,,,,,,,,,,,83951.0,1484.0,24.0,414.0,-534245369.0,133.0,0.0,15.0,-51.0,36.0,-30.0
1475,83964.0,48032.0,42108.0,55020.0,39268.0,83963.0,3.4574780464172363,,,,,,,,,,,,,,,,,,,,,,,,83961.0,1488.0,24.0,415.0,-534244345.0,136.0,1.0,18.0,-70.0,84.0,-31.0
1476,83974.0,47505.0,42905.0,55403.0,38495.0,83973.0,3.4574780464172363,,,,,,,,,,,,,,,,,,,,,,,,83971.0,1489.0,24.0,415.0,-534244345.0,134.0,2.0,20.0,-33.0,85.0,-29.0
1477,83984.0,47495.0,42323.0,55299.0,38975.0,83983.0,3.4521994590759277,,,,,,,,,,,,,,,,,,,,,,,,83981.0,1490.0,24.0,415.0,-533195769.0,133.0,2.0,21.0,-31.0,72.0,-30.0
1478,83994.0,48064.0,43004.0,54634.0,38290.0,83993.0,3.4521994590759277,,,,,,,,,,,,,,,,,,,,,,,,83991.0,1492.0,24.0,415.0,-533195770.0,132.0,3.0,20.0,-42.0,77.0,-31.0
1479,84004.0,47722.0,42392.0,54998.0,38844.0,84003.0,3.4574780464172363,,,,,,,,,,,,,,,,,,,,,,,,84001.0,1493.0,24.0,416.0,-533194746.0,130.0,2.0,20.0,-29.0,37.0,-32.0
1480,84014.0,48475.0,42455.0,54133.0,38833.0,84013.0,3.4574780464172363,,,,,,,,,,,,,,,,,,,,,,,,84011.0,1494.0,24.0,416.0,-533194746.0,129.0,5.0,20.0,-9.0,0.0,-38.0
1481,84024.0,48418.0,42826.0,54164.0,38488.0,84023.0,3.4574780464172363,,,,,,,,,,,,,,,,,,,,,,,,84021.0,1496.0,25.0,416.0,-533194746.0,129.0,6.0,20.0,13.0,-23.0,-30.0
1482,84034.0,48902.0,42110.0,53570.0,39254.0,84033.0,3.4574780464172363,,,,,,,,,,,,,,,,,,,,,,,,84031.0,1497.0,25.0,416.0,-533194746.0,127.0,6.0,20.0,17.0,-52.0,-37.0
1483,84044.0,49035.0,42711.0,53417.0,38597.0,84043.0,3.4521994590759277,,,,,,,,,,,,,,,,,,,,,,,,84041.0,1500.0,25.0,417.0,-533195770.0,129.0,7.0,25.0,21.0,-82.0,-35.0
1484,84054.0,49489.0,42357.0,52645.0,38765.0,84053.0,3.4521994590759277,,,,,,,,,,,,,,,,,,,,,,,,84051.0,1502.0,24.0,417.0,-533195770.0,128.0,7.0,24.0,63.0,-99.0,-38.0
1485,84064.0,49202.0,42330.0,52862.0,38834.0,84063.0,3.4521994590759277,,,,,,,,,,,,,,,,,,,,,,,,84061.0,1503.0,24.0,418.0,-533195771.0,127.0,7.0,21.0,77.0,-116.0,-42.0
1486,84074.0,49182.0,42094.0,52922.0,39274.0,84073.0,3.4521994590759277,,,,,,,,,,,,,,,,,,,,,,,,84071.0,1505.0,25.0,418.0,-534245371.0,126.0,10.0,20.0,75.0,-153.0,-39.0
1487,84084.0,49668.0,42584.0,52342.0,38898.0,84083.0,3.4521994590759277,,,,,,,,,,,,,,,,,,,,,,,,84081.0,1506.0,25.0,418.0,-534246395.0,126.0,10.0,20.0,95.0,-154.0,-51.0
1488,84094.0,49237.0,42011.0,52775.0,39477.0,84093.0,3.4521994590759277,,,,,,,,,,,,,,,,,,,,,,,,84091.0,1508.0,25.0,418.0,-534246395.0,126.0,10.0,19.0,111.0,-153.0,-43.0
1489,84104.0,49293.0,42521.0,52773.0,38953.0,84103.0,3.4521994590759277,,,,,,,,,,,,,,,,,,,,,,,,84101.0,1509.0,25.0,418.0,-535295995.0,125.0,10.0,18.0,107.0,-125.0,-40.0
1490,84114.0,49176.0,42486.0,52778.0,39040.0,84113.0,3.4521994590759277,,,,,,,,,,,,,,,,,,,,,,,,84111.0,1509.0,25.0,418.0,-535295995.0,121.0,10.0,18.0,119.0,-128.0,-42.0
1491,84124.0,48838.0,42754.0,53120.0,38816.0,84123.0,3.4521994590759277,,,,,,,,,,,,,,,,,,,,,,,,84121.0,1510.0,25.0,419.0,-535295995.0,119.0,11.0,16.0,93.0,-96.0,-45.0
1492,84134.0,48986.0,42948.0,53078.0,38572.0,84133.0,3.4521994590759277,,,,,,,,,,,,,,,,,,,,,,,,84131.0,1511.0,26.0,419.0,-536345596.0,119.0,12.0,16.0,85.0,-77.0,-34.0
1493,84144.0,49189.0,43181.0,52771.0,38399.0,84143.0,3.4521994590759277,,,,,,,,,,,,,,,,,,,,,,,,84141.0,1513.0,25.0,419.0,-1073216508.0,121.0,11.0,16.0,66.0,-68.0,-40.0
1494,84154.0,48604.0,43148.0,53248.0,38572.0,84153.0,3.4521994590759277,,,,,,,,,,,,,,,,,,,,,,,,84151.0,1514.0,25.0,419.0,-1073216508.0,120.0,11.0,16.0,67.0,-43.0,-49.0
1495,84164.0,48719.0,42135.0,53133.0,39509.0,84163.0,3.4521994590759277,,,,,,,,,,,,,,,,,,,,,,,,84161.0,1515.0,25.0,420.0,-1072167932.0,120.0,10.0,16.0,45.0,-36.0,-43.0
1496,84174.0,48909.0,42333.0,52979.0,39123.0,84173.0,3.4521994590759277,,,,,,,,,,,,,,,,,,,,,,,,84171.0,1517.0,26.0,421.0,-1072167932.0,120.0,11.0,23.0,21.0,-23.0,-29.0
1497,84184.0,48620.0,42110.0,52912.0,39058.0,84183.0,3.4574780464172363,,,,,,,,,,,,,,,,,,,,,,,,84181.0,1520.0,26.0,421.0,-1072168956.0,125.0,10.0,23.0,11.0,-27.0,-35.0
1498,84194.0,48234.0,42502.0,53156.0,38692.0,84193.0,3.4574780464172363,,,,,,,,,,,,,,,,,,,,,,,,84191.0,1521.0,26.0,421.0,-1072168956.0,125.0,10.0,23.0,24.0,-37.0,-35.0
1499,84204.0,49052.0,41362.0,52420.0,39630.0,84203.0,3.4574780464172363,,,,,,,,,,,,,,,,,,,,,,,,84201.0,1523.0,26.0,422.0,-1072168957.0,125.0,9.0,23.0,9.0,-20.0,-19.0
1500,84214.0,48918.0,42108.0,52522.0,38976.0,84213.0,3.4574780464172363,,,,,,,,,,,,,,,,,,,,,,,,84211.0,1524.0,26.0,422.0,-1072693245.0,125.0,9.0,22.0,16.0,-34.0,-24.0
1501,84224.0,48342.0,42766.0,53064.0,38364.0,84223.0,3.4574780464172363,,,,,,,,,,,,,,,,,,,,,,,,84221.0,1526.0,25.0,422.0,-1072693245.0,128.0,7.0,20.0,39.0,-30.0,-27.0
1502,84234.0,48758.0,43002.0,52738.0,38014.0,84233.0,3.4574780464172363,,,,,,,,,,,,,,,,,,,,,,,,84231.0,1528.0,25.0,422.0,-1072693245.0,128.0,7.0,21.0,42.0,-23.0,-20.0
1503,84244.0,48659.0,42615.0,52843.0,38359.0,84243.0,3.462756633758545,,,,,,,,,,,,,,,,,,,,,,,,84241.0,1526.0,27.0,422.0,-1072693245.0,121.0,11.0,21.0,56.0,-18.0,-18.0
1504,84254.0,48117.0,42949.0,53169.0,38077.0,84253.0,3.4574780464172363,,,,,,,,,,,,,,,,,,,,,,,,84251.0,1527.0,27.0,423.0,-1071644669.0,121.0,10.0,23.0,50.0,-22.0,-20.0
1505,84264.0,48170.0,42622.0,53154.0,38142.0,84263.0,3.4574780464172363,,,,,,,,,,,,,,,,,,,,,,,,84261.0,1530.0,27.0,423.0,-1071643645.0,124.0,9.0,26.0,49.0,-23.0,-10.0
1506,84274.0,49038.0,42156.0,52166.0,38352.0,84273.0,3.4574780464172363,,,,,,,,,,,,,,,,,,,,,,,,84271.0,1531.0,27.0,423.0,-1071643645.0,124.0,8.0,28.0,31.0,-19.0,-12.0
1507,84284.0,48623.0,42431.0,52257.0,38137.0,84283.0,3.4574780464172363,,,,,,,,,,,,,,,,,,,,,,,,84281.0,1532.0,27.0,424.0,-1071643645.0,124.0,7.0,28.0,50.0,-38.0,-19.0
1508,84294.0,48871.0,42577.0,52037.0,37939.0,84293.0,3.4574780464172363,,,,,,,,,,,,,,,,,,,,,,,,84291.0,1536.0,27.0,424.0,-1071643645.0,129.0,6.0,28.0,53.0,-29.0,-20.0
1509,84304.0,48944.0,42512.0,51920.0,37932.0,84303.0,3.4574780464172363,,,,,,,,,,,,,,,,,,,,,,,,84301.0,1537.0,26.0,424.0,-1071643645.0,131.0,5.0,28.0,57.0,-14.0,-14.0
1510,84314.0,48352.0,41750.0,52362.0,38680.0,84313.0,3.462756633758545,,,,,,,,,,,,,,,,,,,,,,,,84311.0,1539.0,27.0,425.0,-1070595069.0,133.0,5.0,26.0,34.0,-42.0,-19.0
1511,84324.0,48951.0,42517.0,51773.0,38047.0,84323.0,3.462756633758545,,,,,,,,,,,,,,,,,,,,,,,,84321.0,1541.0,27.0,425.0,-1070595069.0,133.0,4.0,25.0,31.0,-39.0,-22.0
1512,84334.0,48405.0,41817.0,52361.0,38693.0,84333.0,3.462756633758545,,,,,,,,,,,,,,,,,,,,,,,,84331.0,1540.0,26.0,425.0,-1070595069.0,130.0,2.0,24.0,34.0,-26.0,-17.0
1513,84344.0,48596.0,42044.0,52122.0,38634.0,84343.0,3.462756633758545,,,,,,,,,,,,,,,,,,,,,,,,84341.0,1542.0,26.0,425.0,-1070594046.0,130.0,1.0,21.0,15.0,-29.0,-22.0
1514,84354.0,48097.0,42101.0,52989.0,38749.0,84353.0,3.462756633758545,,,,,,,,,,,,,,,,,,,,,,,,84351.0,1542.0,26.0,425.0,-1070594046.0,127.0,0.0,15.0,28.0,-41.0,-16.0
1515,84364.0,48653.0,42655.0,52457.0,38343.0,84363.0,3.4574780464172363,,,,,,,,,,,,,,,,,,,,,,,,84361.0,1544.0,26.0,425.0,-1070594046.0,131.0,0.0,14.0,6.0,-14.0,-25.0
1516,84374.0,48970.0,42462.0,51938.0,38710.0,84373.0,3.4574780464172363,,,,,,,,,,,,,,,,,,,,,,,,84371.0,1545.0,26.0,425.0,-1070594046.0,131.0,0.0,13.0,20.0,-18.0,-31.0
1517,84384.0,48999.0,43103.0,51841.0,38157.0,84383.0,3.4574780464172363,,,,,,,,,,,,,,,,,,,,,,,,84381.0,1545.0,26.0,425.0,-1070594046.0,128.0,-1.0,13.0,-1.0,-19.0,-38.0
1518,84394.0,48193.0,41707.0,52567.0,39605.0,84393.0,3.4574780464172363,,,,,,,,,,,,,,,,,,,,,,,,84391.0,1547.0,26.0,426.0,-1070594046.0,130.0,-2.0,13.0,6.0,1.0,-33.0
1519,84404.0,48617.0,42305.0,52203.0,38875.0,84403.0,3.4574780464172363,,,,,,,,,,,,,,,,,,,,,,,,84401.0,1551.0,26.0,426.0,-1070594046.0,136.0,-3.0,13.0,21.0,-19.0,-26.0
1520,84414.0,49775.0,42921.0,51037.0,38291.0,84413.0,3.4521994590759277,,,,,,,,,,,,,,,,,,,,,,,,84411.0,1552.0,26.0,426.0,-1070594046.0,137.0,-4.0,13.0,14.0,-39.0,-31.0
1521,84424.0,48923.0,42069.0,51827.0,39101.0,84423.0,3.4574780464172363,,,,,,,,,,,,,,,,,,,,,,,,84421.0,1553.0,26.0,426.0,-1070594046.0,137.0,-5.0,14.0,14.0,-38.0,-26.0
1522,84434.0,48844.0,42676.0,51966.0,38386.0,84433.0,3.4574780464172363,,,,,,,,,,,,,,,,,,,,,,,,84431.0,1554.0,26.0,426.0,-1070594046.0,136.0,-5.0,12.0,29.0,-45.0,-23.0
1523,84444.0,49226.0,42842.0,51498.0,38366.0,84443.0,3.4574780464172363,,,,,,,,,,,,,,,,,,,,,,,,84441.0,1556.0,26.0,426.0,-1069544447.0,138.0,-6.0,11.0,3.0,-34.0,-23.0
1524,84454.0,48498.0,42506.0,52434.0,38590.0,84453.0,3.4574780464172363,,,,,,,,,,,,,,,,,,,,,,,,84451.0,1557.0,26.0,426.0,-1069544447.0,138.0,-7.0,9.0,3.0,-19.0,-14.0
1525,84464.0,48238.0,42078.0,52644.0,39240.0,84463.0,3.4574780464172363,,,,,,,,,,,,,,,,,,,,,,,,84461.0,1559.0,26.0,426.0,-1069544447.0,139.0,-8.0,8.0,6.0,-17.0,-22.0
1526,84474.0,48954.0,42458.0,52060.0,38876.0,84473.0,3.4521994590759277,,,,,,,,,,,,,,,,,,,,,,,,84471.0,1560.0,26.0,426.0,-1069544447.0,140.0,-8.0,6.0,0.0,-20.0,-19.0
1527,84484.0,48951.0,42309.0,52121.0,39543.0,84483.0,3.4574780464172363,,,,,,,,,,,,,,,,,,,,,,,,84481.0,1562.0,26.0,426.0,-1069544447.0,141.0,-9.0,0.0,-3.0,-29.0,-32.0
1528,84494.0,49522.0,43226.0,51696.0,38680.0,84493.0,3.4521994590759277,,,,,,,,,,,,,,,,,,,,,,,,84491.0,1565.0,26.0,426.0,-1069544447.0,146.0,-10.0,-1.0,-4.0,-35.0,-24.0
1529,84504.0,48788.0,42430.0,52430.0,39632.0,84503.0,3.446920871734619,,,,,,,,,,,,,,,,,,,,,,,,84501.0,1567.0,25.0,426.0,-1069544447.0,148.0,-12.0,-1.0,13.0,-30.0,-33.0
1530,84514.0,50584.0,42982.0,50524.0,39238.0,84513.0,3.446920871734619,,,,,,,,,,,,,,,,,,,,,,,,84511.0,1569.0,25.0,426.0,-1069544447.0,149.0,-13.0,-3.0,6.0,-13.0,-40.0
1531,84524.0,50079.0,42807.0,51101.0,39477.0,84523.0,3.446920871734619,,,,,,,,,,,,,,,,,,,,,,,,84521.0,1571.0,25.0,427.0,-1069543423.0,151.0,-15.0,0.0,42.0,-17.0,-36.0
1532,84534.0,50086.0,43230.0,50770.0,38918.0,84533.0,3.446920871734619,,,,,,,,,,,,,,,,,,,,,,,,84531.0,1572.0,25.0,427.0,-1069543423.0,152.0,-16.0,0.0,69.0,-23.0,-37.0
1533,84544.0,49832.0,43030.0,50988.0,39314.0,84543.0,3.446920871734619,,,,,,,,,,,,,,,,,,,,,,,,84541.0,1574.0,24.0,427.0,-1069543424.0,153.0,-17.0,-2.0,60.0,-14.0,-45.0
1534,84554.0,50310.0,42678.0,50606.0,39682.0,84553.0,3.446920871734619,,,,,,,,,,,,,,,,,,,,,,,,84551.0,1574.0,24.0,427.0,-1069543424.0,151.0,-19.0,-2.0,55.0,-16.0,-38.0
1535,84564.0,49622.0,43174.0,51268.0,39256.0,84563.0,3.446920871734619,,,,,,,,,,,,,,,,,,,,,,,,84561.0,1575.0,24.0,426.0,-1068494848.0,151.0,-18.0,-8.0,26.0,0.0,-49.0
1536,84574.0,49684.0,43248.0,51400.0,39508.0,84573.0,3.446920871734619,,,,,,,,,,,,,,,,,,,,,,,,84571.0,1579.0,24.0,426.0,-1068494336.0,158.0,-20.0,-8.0,15.0,-21.0,-47.0
1537,84584.0,49368.0,43146.0,51670.0,39680.0,84583.0,3.446920871734619,,,,,,,,,,,,,,,,,,,,,,,,84581.0,1581.0,24.0,426.0,-1068494336.0,160.0,-21.0,-8.0,2.0,-3.0,-47.0
1538,84594.0,49713.0,43183.0,51435.0,39529.0,84593.0,3.4416422843933105,,,,,,,,,,,,,,,,,,,,,,,,84591.0,1583.0,24.0,425.0,-1068494336.0,160.0,-22.0,-9.0,0.0,2.0,-36.0
1539,84604.0,50027.0,43073.0,51051.0,39426.0,84603.0,3.446920871734619,,,,,,,,,,,,,,,,,,,,,,,,84601.0,1585.0,24.0,426.0,-1068494335.0,162.0,-23.0,-4.0,-35.0,17.0,-41.0
1540,84614.0,49351.0,43029.0,51609.0,39531.0,84613.0,3.446920871734619,,,,,,,,,,,,,,,,,,,,,,,,84611.0,1586.0,24.0,426.0,-1068494335.0,162.0,-23.0,-5.0,-24.0,29.0,-31.0
1541,84624.0,50254.0,43558.0,50758.0,38998.0,84623.0,3.446920871734619,,,,,,,,,,,,,,,,,,,,,,,,84621.0,1586.0,23.0,426.0,-1069542911.0,160.0,-26.0,-5.0,-37.0,55.0,-30.0
1542,84634.0,49761.0,42915.0,51079.0,39849.0,84633.0,3.446920871734619,,,,,,,,,,,,,,,,,,,,,,,,84631.0,1589.0,23.0,426.0,-1069542911.0,165.0,-26.0,-5.0,-53.0,53.0,-37.0
1543,84644.0,50656.0,42844.0,50266.0,39882.0,84643.0,3.446920871734619,,,,,,,,,,,,,,,,,,,,,,,,84641.0,1591.0,23.0,426.0,-1069543935.0,166.0,-27.0,-6.0,-53.0,59.0,-32.0
1544,84654.0,48843.0,42587.0,51637.0,39565.0,84653.0,3.446920871734619,,,,,,,,,,,,,,,,,,,,,,,,84651.0,1592.0,23.0,428.0,-1069543935.0,165.0,-29.0,3.0,-45.0,55.0,-29.0
1545,84664.0,49285.0,42267.0,51179.0,39913.0,84663.0,3.446920871734619,,,,,,,,,,,,,,,,,,,,,,,,84661.0,1595.0,23.0,428.0,-1069543935.0,169.0,-29.0,3.0,-60.0,76.0,-30.0
1546,84674.0,49371.0,43445.0,50893.0,38887.0,84673.0,3.446920871734619,,,,,,,,,,,,,,,,,,,,,,,,84671.0,1597.0,23.0,428.0,-1070592511.0,170.0,-29.0,4.0,-78.0,94.0,-35.0
1547,84684.0,49553.0,42949.0,50861.0,39197.0,84683.0,3.4521994590759277,,,,,,,,,,,,,,,,,,,,,,,,84681.0,1598.0,23.0,428.0,-1070593534.0,169.0,-29.0,4.0,-43.0,89.0,-22.0
1548,84694.0,49204.0,44036.0,51220.0,38476.0,84693.0,3.4521994590759277,,,,,,,,,,,,,,,,,,,,,,,,84691.0,1599.0,22.0,427.0,-1070593534.0,168.0,-32.0,0.0,-43.0,55.0,-31.0
1549,84704.0,49615.0,43253.0,51017.0,39159.0,84703.0,3.4521994590759277,,,,,,,,,,,,,,,,,,,,,,,,84701.0,1600.0,21.0,427.0,-1070593534.0,169.0,-33.0,0.0,-52.0,83.0,-20.0
1550,84714.0,50050.0,42876.0,50542.0,39600.0,84713.0,3.4521994590759277,,,,,,,,,,,,,,,,,,,,,,,,84711.0,1604.0,23.0,427.0,-1070593534.0,172.0,-30.0,-1.0,-36.0,75.0,-25.0
1551,84724.0,50286.0,42932.0,50336.0,39530.0,84723.0,3.446920871734619,,,,,,,,,,,,,,,,,,,,,,,,84721.0,1605.0,21.0,427.0,-1070594558.0,173.0,-33.0,-1.0,-26.0,46.0,-21.0
1552,84734.0,50286.0,43036.0,50210.0,39464.0,84733.0,3.4521994590759277,,,,,,,,,,,,,,,,,,,,,,,,84731.0,1607.0,21.0,427.0,-1071643134.0,173.0,-33.0,0.0,-29.0,40.0,-25.0
1553,84744.0,49891.0,42887.0,50743.0,39431.0,84743.0,3.446920871734619,,,,,,,,,,,,,,,,,,,,,,,,84741.0,1609.0,21.0,427.0,-1071643134.0,174.0,-33.0,0.0,-44.0,58.0,-15.0
1554,84754.0,49868.0,42820.0,50820.0,39440.0,84753.0,3.446920871734619,,,,,,,,,,,,,,,,,,,,,,,,84751.0,1612.0,21.0,427.0,-1071643134.0,176.0,-33.0,0.0,-33.0,48.0,-8.0
1555,84764.0,50206.0,44210.0,50582.0,37926.0,84763.0,3.446920871734619,,,,,,,,,,,,,,,,,,,,,,,,84761.0,1612.0,20.0,427.0,-1071643134.0,173.0,-36.0,0.0,-49.0,64.0,0.0
1556,84774.0,49728.0,42296.0,50568.0,39616.0,84773.0,3.446920871734619,,,,,,,,,,,,,,,,,,,,,,,,84771.0,1614.0,20.0,427.0,-1071644158.0,173.0,-36.0,0.0,-40.0,55.0,-5.0
1557,84784.0,49767.0,43083.0,50529.0,38773.0,84783.0,3.446920871734619,,,,,,,,,,,,,,,,,,,,,,,,84781.0,1615.0,20.0,429.0,-1071644158.0,172.0,-35.0,7.0,-34.0,59.0,-3.0
1558,84794.0,50346.0,42684.0,49946.0,39048.0,84793.0,3.4521994590759277,,,,,,,,,,,,,,,,,,,,,,,,84791.0,1617.0,20.0,429.0,-1071119870.0,174.0,-35.0,8.0,-47.0,43.0,2.0
1559,84804.0,49794.0,42058.0,50444.0,39668.0,84803.0,3.4521994590759277,,,,,,,,,,,,,,,,,,,,,,,,84801.0,1621.0,20.0,429.0,-1072168446.0,177.0,-35.0,8.0,-48.0,44.0,-6.0
1560,84814.0,50878.0,43514.0,49462.0,38018.0,84813.0,3.4521994590759277,,,,,,,,,,,,,,,,,,,,,,,,84811.0,1622.0,19.0,429.0,-1072168446.0,177.0,-37.0,9.0,-55.0,81.0,3.0
1561,84824.0,49642.0,42994.0,50752.0,38968.0,84823.0,3.4521994590759277,,,,,,,,,,,,,,,,,,,,,,,,84821.0,1624.0,18.0,428.0,-1072167422.0,177.0,-38.0,4.0,-55.0,65.0,-3.0
1562,84834.0,48185.0,42931.0,52187.0,38989.0,84833.0,3.4521994590759277,,,,,,,,,,,,,,,,,,,,,,,,84831.0,1624.0,20.0,428.0,-1072167422.0,173.0,-34.0,4.0,-71.0,99.0,-10.0
1563,84844.0,50131.0,43155.0,50117.0,38633.0,84843.0,3.4521994590759277,,,,,,,,,,,,,,,,,,,,,,,,84841.0,1626.0,19.0,428.0,-1072167422.0,174.0,-34.0,6.0,-71.0,69.0,-1.0
1564,84854.0,49316.0,42666.0,50826.0,38936.0,84853.0,3.4521994590759277,,,,,,,,,,,,,,,,,,,,,,,,84851.0,1627.0,19.0,428.0,-1073214974.0,172.0,-35.0,9.0,-52.0,87.0,0.0
1565,84864.0,49937.0,42843.0,49999.0,38681.0,84863.0,3.4521994590759277,,,,,,,,,,,,,,,,,,,,,,,,84861.0,1630.0,18.0,428.0,-1073214974.0,173.0,-36.0,11.0,-74.0,61.0,1.0
1566,84874.0,49770.0,42250.0,50170.0,39150.0,84873.0,3.4521994590759277,,,,,,,,,,,,,,,,,,,,,,,,84871.0,1632.0,18.0,428.0,-536344062.0,173.0,-36.0,12.0,-68.0,62.0,0.0
1567,84884.0,50015.0,41659.0,49821.0,39777.0,84883.0,3.4521994590759277,,,,,,,,,,,,,,,,,,,,,,,,84881.0,1637.0,18.0,429.0,-536344062.0,180.0,-35.0,12.0,-79.0,34.0,-6.0
1568,84894.0,49643.0,42367.0,50355.0,38879.0,84893.0,3.4574780464172363,,,,,,,,,,,,,,,,,,,,,,,,84891.0,1640.0,18.0,429.0,-535295486.0,181.0,-33.0,12.0,-42.0,36.0,7.0
1569,84904.0,50092.0,43278.0,50026.0,38028.0,84903.0,3.4521994590759277,,,,,,,,,,,,,,,,,,,,,,,,84901.0,1641.0,18.0,429.0,-535295486.0,181.0,-33.0,13.0,-33.0,44.0,6.0
1570,84914.0,48967.0,43565.0,50851.0,37833.0,84913.0,3.4574780464172363,,,,,,,,,,,,,,,,,,,,,,,,84911.0,1638.0,17.0,428.0,-535294462.0,170.0,-34.0,12.0,-47.0,80.0,-1.0
1571,84924.0,49517.0,42307.0,50141.0,38939.0,84923.0,3.4574780464172363,,,,,,,,,,,,,,,,,,,,,,,,84921.0,1640.0,17.0,429.0,-535294462.0,169.0,-33.0,14.0,-38.0,40.0,-8.0
1572,84934.0,49971.0,42931.0,49645.0,38137.0,84933.0,3.4574780464172363,,,,,,,,,,,,,,,,,,,,,,,,84931.0,1643.0,16.0,429.0,-535294462.0,170.0,-33.0,15.0,-12.0,55.0,0.0
1573,84944.0,49315.0,43241.0,50093.0,37907.0,84943.0,3.4574780464172363,,,,,,,,,,,,,,,,,,,,,,,,84941.0,1644.0,15.0,429.0,-535294462.0,168.0,-36.0,17.0,-6.0,44.0,-10.0
1574,84954.0,50444.0,42848.0,48968.0,38252.0,84953.0,3.4574780464172363,,,,,,,,,,,,,,,,,,,,,,,,84951.0,1646.0,15.0,429.0,-535294462.0,169.0,-33.0,16.0,-34.0,48.0,-11.0
1575,84964.0,48785.0,42443.0,50703.0,38605.0,84963.0,3.4574780464172363,,,,,,,,,,,,,,,,,,,,,,,,84961.0,1648.0,15.0,429.0,-535293438.0,169.0,-32.0,16.0,-3.0,46.0,1.0
1576,84974.0,49441.0,42561.0,49971.0,38591.0,84973.0,3.4574780464172363,,,,,,,,,,,,,,,,,,,,,,,,84971.0,1651.0,15.0,429.0,-535293438.0,169.0,-31.0,15.0,-18.0,39.0,-5.0
1577,84984.0,48560.0,42580.0,50822.0,38454.0,84983.0,3.4574780464172363,,,,,,,,,,,,,,,,,,,,,,,,84981.0,1652.0,15.0,429.0,-535293438.0,167.0,-30.0,15.0,-39.0,34.0,-5.0
1578,84994.0,48284.0,42292.0,51010.0,38658.0,84993.0,3.4574780464172363,,,,,,,,,,,,,,,,,,,,,,,,84991.0,1654.0,15.0,430.0,-534244862.0,166.0,-30.0,17.0,-29.0,35.0,-7.0
1579,85004.0,47912.0,42082.0,51130.0,38972.0,85003.0,3.4574780464172363,,,,,,,,,,,,,,,,,,,,,,,,85001.0,1654.0,17.0,430.0,-534244862.0,163.0,-26.0,17.0,-62.0,28.0,-16.0
1580,85014.0,48888.0,42194.0,50168.0,38822.0,85013.0,3.4574780464172363,,,,,,,,,,,,,,,,,,,,,,,,85011.0,1656.0,16.0,430.0,-534244862.0,162.0,-26.0,17.0,-53.0,29.0,-11.0
1581,85024.0,49013.0,41645.0,50021.0,39349.0,85023.0,3.4574780464172363,,,,,,,,,,,,,,,,,,,,,,,,85021.0,1660.0,16.0,430.0,-534244862.0,165.0,-24.0,17.0,-49.0,15.0,-15.0
1582,85034.0,50006.0,42480.0,49260.0,38782.0,85033.0,3.4574780464172363,,,,,,,,,,,,,,,,,,,,,,,,85031.0,1662.0,16.0,430.0,-534244861.0,166.0,-25.0,17.0,-39.0,18.0,-14.0
1583,85044.0,49706.0,42130.0,49664.0,39088.0,85043.0,3.4574780464172363,,,,,,,,,,,,,,,,,,,,,,,,85041.0,1664.0,16.0,429.0,-533196285.0,165.0,-23.0,10.0,-24.0,22.0,-15.0
1584,85054.0,49700.0,42536.0,49700.0,38760.0,85053.0,3.4574780464172363,,,,,,,,,,,,,,,,,,,,,,,,85051.0,1666.0,15.0,429.0,-533195261.0,164.0,-23.0,8.0,-8.0,18.0,-9.0
1585,85064.0,48864.0,43614.0,50766.0,37804.0,85063.0,3.4574780464172363,,,,,,,,,,,,,,,,,,,,,,,,85061.0,1664.0,14.0,429.0,-533195261.0,156.0,-24.0,4.0,1.0,12.0,-5.0
1586,85074.0,49560.0,43146.0,50044.0,38514.0,85073.0,3.4574780464172363,,,,,,,,,,,,,,,,,,,,,,,,85071.0,1666.0,14.0,429.0,-533195261.0,155.0,-22.0,1.0,9.0,-1.0,-8.0
1587,85084.0,50070.0,43214.0,49670.0,38554.0,85083.0,3.4574780464172363,,,,,,,,,,,,,,,,,,,,,,,,85081.0,1668.0,14.0,429.0,-533195261.0,155.0,-22.0,0.0,24.0,-17.0,-9.0
1588,85094.0,49926.0,43408.0,49924.0,38414.0,85093.0,3.4574780464172363,,,,,,,,,,,,,,,,,,,,,,,,85091.0,1669.0,14.0,429.0,-534243837.0,153.0,-21.0,-2.0,37.0,-28.0,-5.0
1589,85104.0,50426.0,42704.0,49560.0,39134.0,85103.0,3.4574780464172363,,,,,,,,,,,,,,,,,,,,,,,,85101.0,1673.0,14.0,429.0,-534243837.0,156.0,-20.0,-4.0,39.0,-27.0,-10.0
1590,85114.0,49343.0,42919.0,50673.0,38969.0,85113.0,3.4521994590759277,,,,,,,,,,,,,,,,,,,,,,,,85111.0,1674.0,14.0,429.0,-534244861.0,154.0,-20.0,-5.0,56.0,-28.0,-6.0
1591,85124.0,49440.0,43082.0,50450.0,38740.0,85123.0,3.4521994590759277,,,,,,,,,,,,,,,,,,,,,,,,85121.0,1676.0,14.0,430.0,-534244861.0,154.0,-17.0,-3.0,22.0,-14.0,-13.0
1592,85134.0,49463.0,42399.0,50531.0,39327.0,85133.0,3.4521994590759277,,,,,,,,,,,,,,,,,,,,,,,,85131.0,1677.0,14.0,430.0,-534244861.0,152.0,-17.0,-3.0,7.0,6.0,-2.0
1593,85144.0,48304.0,42234.0,51360.0,39658.0,85143.0,3.4521994590759277,,,,,,,,,,,,,,,,,,,,,,,,85141.0,1678.0,13.0,430.0,-534244861.0,150.0,-17.0,-2.0,-36.0,24.0,-7.0
1594,85154.0,48497.0,42459.0,51117.0,39363.0,85153.0,3.4521994590759277,,,,,,,,,,,,,,,,,,,,,,,,85151.0,1680.0,14.0,430.0,-534243837.0,149.0,-14.0,0.0,-48.0,51.0,-13.0
1595,85164.0,48421.0,43493.0,50829.0,38009.0,85163.0,3.4521994590759277,,,,,,,,,,,,,,,,,,,,,,,,85161.0,1681.0,14.0,430.0,-534243837.0,147.0,-14.0,0.0,-77.0,61.0,-21.0
1596,85174.0,48517.0,42987.0,50649.0,38591.0,85173.0,3.4521994590759277,,,,,,,,,,,,,,,,,,,,,,,,85171.0,1684.0,14.0,431.0,-533195261.0,148.0,-13.0,5.0,-79.0,71.0,-19.0
1597,85184.0,48177.0,43073.0,50973.0,38445.0,85183.0,3.4521994590759277,,,,,,,,,,,,,,,,,,,,,,,,85181.0,1685.0,14.0,431.0,-533195261.0,146.0,-12.0,6.0,-61.0,89.0,-25.0
1598,85194.0,47545.0,42549.0,51471.0,39127.0,85193.0,3.4574780464172363,,,,,,,,,,,,,,,,,,,,,,,,85191.0,1687.0,15.0,431.0,-533195261.0,146.0,-9.0,5.0,-38.0,88.0,-25.0
1599,85204.0,48205.0,43325.0,50943.0,38127.0,85203.0,3.4574780464172363,,,,,,,,,,,,,,,,,,,,,,,,85201.0,1689.0,14.0,431.0,-533194237.0,145.0,-11.0,6.0,-50.0,86.0,-17.0
1600,85214.0,48398.0,42044.0,50538.0,39300.0,85213.0,3.4574780464172363,,,,,,,,,,,,,,,,,,,,,,,,85211.0,1690.0,15.0,432.0,-532145661.0,143.0,-7.0,9.0,-20.0,61.0,-21.0
1601,85224.0,48565.0,43525.0,50227.0,37939.0,85223.0,3.4574780464172363,,,,,,,,,,,,,,,,,,,,,,,,85221.0,1690.0,14.0,432.0,-532145661.0,139.0,-8.0,8.0,-8.0,18.0,-21.0
1602,85234.0,49543.0,42279.0,49437.0,38957.0,85233.0,3.4574780464172363,,,,,,,,,,,,,,,,,,,,,,,,85231.0,1691.0,15.0,432.0,-532145661.0,137.0,-5.0,8.0,31.0,-8.0,-11.0
1603,85244.0,50018.0,42834.0,49002.0,38490.0,85243.0,3.4574780464172363,,,,,,,,,,,,,,,,,,,,,,,,85241.0,1694.0,14.0,432.0,-532145661.0,138.0,-4.0,7.0,35.0,-33.0,-9.0
1604,85254.0,49709.0,42439.0,49367.0,38957.0,85253.0,3.462756633758545,,,,,,,,,,,,,,,,,,,,,,,,85251.0,1696.0,14.0,432.0,-533194237.0,136.0,-4.0,5.0,83.0,-66.0,-12.0
1605,85264.0,50545.0,42589.0,48683.0,38703.0,85263.0,3.4574780464172363,,,,,,,,,,,,,,,,,,,,,,,,85261.0,1697.0,14.0,432.0,-533194236.0,135.0,-4.0,4.0,96.0,-82.0,0.0
1606,85274.0,50906.0,41842.0,48378.0,39434.0,85273.0,3.4574780464172363,,,,,,,,,,,,,,,,,,,,,,,,85271.0,1700.0,13.0,432.0,-533194236.0,135.0,-4.0,3.0,113.0,-115.0,3.0
1607,85284.0,50294.0,42864.0,49030.0,38400.0,85283.0,3.4574780464172363,,,,,,,,,,,,,,,,,,,,,,,,85281.0,1700.0,14.0,432.0,-534243836.0,133.0,-2.0,3.0,91.0,-107.0,3.0
1608,85294.0,51754.0,42756.0,47948.0,38958.0,85293.0,3.4574780464172363,,,,,,,,,,,,,,,,,,,,,,,,85291.0,1701.0,14.0,431.0,-534243837.0,130.0,0.0,-5.0,83.0,-112.0,6.0
1609,85304.0,50173.0,42755.0,49699.0,39021.0,85303.0,3.4574780464172363,,,,,,,,,,,,,,,,,,,,,,,,85301.0,1704.0,14.0,430.0,-534244861.0,132.0,-1.0,-7.0,85.0,-121.0,7.0
1610,85314.0,51373.0,42831.0,48781.0,38967.0,85313.0,3.4574780464172363,,,,,,,,,,,,,,,,,,,,,,,,85311.0,1705.0,14.0,430.0,-535293437.0,131.0,-1.0,-11.0,59.0,-99.0,11.0
1611,85324.0,49396.0,43078.0,50658.0,38968.0,85323.0,3.4521994590759277,,,,,,,,,,,,,,,,,,,,,,,,85321.0,1706.0,14.0,430.0,-535293437.0,128.0,0.0,-12.0,44.0,-87.0,0.0
1612,85334.0,51324.0,42876.0,49038.0,39714.0,85333.0,3.4521994590759277,,,,,,,,,,,,,,,,,,,,,,,,85331.0,1708.0,14.0,430.0,-535294461.0,129.0,0.0,-13.0,22.0,-51.0,-3.0
1613,85344.0,50657.0,42895.0,49635.0,39813.0,85343.0,3.4521994590759277,,,,,,,,,,,,,,,,,,,,,,,,85341.0,1710.0,15.0,429.0,-535294461.0,130.0,2.0,-21.0,-10.0,-31.0,-8.0
1614,85354.0,49702.0,43294.0,50622.0,39446.0,85353.0,3.446920871734619,,,,,,,,,,,,,,,,,,,,,,,,85351.0,1711.0,15.0,428.0,-535294461.0,130.0,2.0,-21.0,-30.0,6.0,-12.0
1615,85364.0,48506.0,43310.0,51874.0,39358.0,85363.0,3.446920871734619,,,,,,,,,,,,,,,,,,,,,,,,85361.0,1710.0,16.0,428.0,-535294461.0,123.0,4.0,-21.0,-60.0,34.0,-3.0
1616,85374.0,48861.0,42827.0,51359.0,40033.0,85373.0,3.446920871734619,,,,,,,,,,,,,,,,,,,,,,,,85371.0,1713.0,16.0,428.0,-534245885.0,125.0,5.0,-21.0,-58.0,65.0,-9.0
1617,85384.0,48645.0,44087.0,51511.0,38713.0,85383.0,3.4416422843933105,,,,,,,,,,,,,,,,,,,,,,,,85381.0,1714.0,16.0,428.0,-534245884.0,124.0,5.0,-20.0,-59.0,92.0,-17.0
1618,85394.0,48225.0,44035.0,52013.0,38747.0,85393.0,3.446920871734619,,,,,,,,,,,,,,,,,,,,,,,,85391.0,1713.0,15.0,428.0,-534244860.0,119.0,4.0,-21.0,-36.0,106.0,-12.0
1619,85404.0,48949.0,43975.0,51319.0,38889.0,85403.0,3.446920871734619,,,,,,,,,,,,,,,,,,,,,,,,85401.0,1714.0,15.0,427.0,-534244860.0,119.0,5.0,-22.0,-36.0,89.0,-8.0
1620,85414.0,48558.0,43824.0,51686.0,39172.0,85413.0,3.446920871734619,,,,,,,,,,,,,,,,,,,,,,,,85411.0,1716.0,15.0,427.0,-534244860.0,118.0,5.0,-23.0,-28.0,69.0,-18.0
1621,85424.0,49267.0,43711.0,50995.0,39235.0,85423.0,3.446920871734619,,,,,,,,,,,,,,,,,,,,,,,,85421.0,1719.0,16.0,427.0,-534243836.0,120.0,6.0,-22.0,-21.0,39.0,-16.0
1622,85434.0,49481.0,43683.0,50799.0,39065.0,85433.0,3.446920871734619,,,,,,,,,,,,,,,,,,,,,,,,85431.0,1720.0,16.0,427.0,-534243836.0,119.0,7.0,-21.0,-8.0,10.0,-10.0
1623,85444.0,50634.0,43386.0,49428.0,39232.0,85443.0,3.446920871734619,,,,,,,,,,,,,,,,,,,,,,,,85441.0,1721.0,15.0,427.0,-534243836.0,117.0,7.0,-17.0,4.0,-22.0,-6.0
1624,85454.0,49665.0,43763.0,50373.0,38759.0,85453.0,3.446920871734619,,,,,,,,,,,,,,,,,,,,,,,,85451.0,1721.0,16.0,427.0,-534243836.0,114.0,9.0,-16.0,27.0,-63.0,-3.0
1625,85464.0,50113.0,43427.0,50043.0,38869.0,85463.0,3.446920871734619,,,,,,,,,,,,,,,,,,,,,,,,85461.0,1722.0,16.0,426.0,-534243836.0,113.0,9.0,-15.0,38.0,-80.0,4.0
1626,85474.0,50094.0,42500.0,49884.0,39982.0,85473.0,3.4521994590759277,,,,,,,,,,,,,,,,,,,,,,,,85471.0,1724.0,16.0,426.0,-534244860.0,112.0,10.0,-15.0,26.0,-106.0,-2.0
1627,85484.0,49542.0,42816.0,50516.0,39494.0,85483.0,3.4521994590759277,,,,,,,,,,,,,,,,,,,,,,,,85481.0,1723.0,17.0,426.0,-534244860.0,107.0,12.0,-14.0,59.0,-122.0,4.0
1628,85494.0,51042.0,43316.0,48968.0,38986.0,85493.0,3.4521994590759277,,,,,,,,,,,,,,,,,,,,,,,,85491.0,1725.0,17.0,426.0,-534244860.0,107.0,12.0,-13.0,18.0,-123.0,0.0
1629,85504.0,49495.0,42349.0,50547.0,39877.0,85503.0,3.4521994590759277,,,,,,,,,,,,,,,,,,,,,,,,85501.0,1725.0,17.0,426.0,-534245884.0,106.0,13.0,-13.0,73.0,-121.0,7.0
1630,85514.0,51689.0,42161.0,48805.0,40217.0,85513.0,3.4574780464172363,,,,,,,,,,,,,,,,,,,,,,,,85511.0,1729.0,17.0,424.0,-534246908.0,109.0,13.0,-19.0,57.0,-109.0,11.0
1631,85524.0,50131.0,42861.0,50447.0,39445.0,85523.0,3.4574780464172363,,,,,,,,,,,,,,,,,,,,,,,,85521.0,1729.0,18.0,424.0,-535295484.0,108.0,14.0,-19.0,79.0,-94.0,22.0
1632,85534.0,51447.0,42769.0,49185.0,39539.0,85533.0,3.4574780464172363,,,,,,,,,,,,,,,,,,,,,,,,85531.0,1732.0,18.0,424.0,-535295484.0,109.0,16.0,-19.0,51.0,-77.0,20.0
1633,85544.0,51382.0,42794.0,49480.0,39304.0,85543.0,3.4521994590759277,,,,,,,,,,,,,,,,,,,,,,,,85541.0,1733.0,19.0,424.0,-535296508.0,109.0,16.0,-19.0,55.0,-63.0,33.0
1634,85554.0,51643.0,42945.0,49233.0,39391.0,85553.0,3.4521994590759277,,,,,,,,,,,,,,,,,,,,,,,,85551.0,1735.0,17.0,423.0,-535296509.0,111.0,13.0,-22.0,59.0,-69.0,29.0
1635,85564.0,51702.0,43716.0,49280.0,38466.0,85563.0,3.4521994590759277,,,,,,,,,,,,,,,,,,,,,,,,85561.0,1736.0,17.0,423.0,-536345085.0,111.0,13.0,-20.0,79.0,-60.0,37.0
1636,85574.0,51771.0,43317.0,49115.0,38865.0,85573.0,3.446920871734619,,,,,,,,,,,,,,,,,,,,,,,,85571.0,1736.0,17.0,423.0,-536345085.0,109.0,13.0,-19.0,53.0,-53.0,28.0
1637,85584.0,51258.0,43392.0,49494.0,38972.0,85583.0,3.446920871734619,,,,,,,,,,,,,,,,,,,,,,,,85581.0,1738.0,17.0,422.0,-1073217021.0,109.0,12.0,-19.0,61.0,-48.0,18.0
1638,85594.0,51221.0,43441.0,49743.0,39147.0,85593.0,3.446920871734619,,,,,,,,,,,,,,,,,,,,,,,,85591.0,1739.0,17.0,422.0,-1073217021.0,109.0,13.0,-19.0,33.0,-19.0,16.0
1639,85604.0,51051.0,43097.0,50035.0,39525.0,85603.0,3.446920871734619,,,,,,,,,,,,,,,,,,,,,,,,85601.0,1741.0,18.0,421.0,-1073217021.0,110.0,14.0,-24.0,27.0,-18.0,12.0
1640,85614.0,50248.0,43388.0,51090.0,39178.0,85613.0,3.446920871734619,,,,,,,,,,,,,,,,,,,,,,,,85611.0,1742.0,18.0,421.0,-1072168445.0,110.0,14.0,-26.0,4.0,20.0,28.0
1641,85624.0,49401.0,43843.0,51989.0,38955.0,85623.0,3.446920871734619,,,,,,,,,,,,,,,,,,,,,,,,85621.0,1739.0,20.0,421.0,-1073215997.0,103.0,17.0,-29.0,-37.0,19.0,17.0
1642,85634.0,50928.0,42894.0,50766.0,39848.0,85633.0,3.446920871734619,,,,,,,,,,,,,,,,,,,,,,,,85631.0,1741.0,20.0,421.0,-1073215997.0,104.0,16.0,-31.0,-46.0,30.0,29.0
1643,85644.0,50675.0,43991.0,51679.0,39427.0,85643.0,3.446920871734619,,,,,,,,,,,,,,,,,,,,,,,,85641.0,1741.0,19.0,418.0,-1073215997.0,102.0,15.0,-44.0,-67.0,21.0,27.0
1644,85654.0,51026.0,43066.0,51462.0,40310.0,85653.0,3.446920871734619,,,,,,,,,,,,,,,,,,,,,,,,85651.0,1743.0,20.0,418.0,-536345085.0,103.0,15.0,-44.0,-53.0,7.0,36.0
1645,85664.0,50693.0,43517.0,51799.0,39995.0,85663.0,3.4416422843933105,,,,,,,,,,,,,,,,,,,,,,,,85661.0,1744.0,20.0,417.0,-536345085.0,103.0,15.0,-45.0,-73.0,-4.0,21.0
1646,85674.0,51546.0,43612.0,51342.0,39760.0,85673.0,3.4416422843933105,,,,,,,,,,,,,,,,,,,,,,,,85671.0,1745.0,21.0,417.0,-535296510.0,103.0,17.0,-46.0,-43.0,-18.0,44.0
1647,85684.0,51892.0,43690.0,51356.0,40118.0,85683.0,3.4416422843933105,,,,,,,,,,,,,,,,,,,,,,,,85681.0,1747.0,21.0,415.0,-535296510.0,105.0,17.0,-54.0,-9.0,-62.0,35.0
1648,85694.0,52515.0,43573.0,51007.0,40257.0,85693.0,3.436363697052002,,,,,,,,,,,,,,,,,,,,,,,,85691.0,1749.0,21.0,414.0,-535297534.0,107.0,17.0,-54.0,24.0,-57.0,41.0
1649,85704.0,52178.0,43652.0,51270.0,40304.0,85703.0,3.436363697052002,,,,,,,,,,,,,,,,,,,,,,,,85701.0,1750.0,21.0,414.0,-535297534.0,107.0,17.0,-55.0,28.0,-69.0,40.0
1650,85714.0,52171.0,44409.0,51349.0,39707.0,85713.0,3.436363697052002,,,,,,,,,,,,,,,,,,,,,,,,85711.0,1752.0,22.0,413.0,-536870398.0,108.0,18.0,-55.0,36.0,-57.0,35.0
1651,85724.0,50777.0,44199.0,52299.0,39449.0,85723.0,3.436363697052002,,,,,,,,,,,,,,,,,,,,,,,,85721.0,1753.0,22.0,415.0,-536870398.0,108.0,18.0,-43.0,42.0,-44.0,32.0
1652,85734.0,52782.0,43168.0,50326.0,40412.0,85733.0,3.4310851097106934,,,,,,,,,,,,,,,,,,,,,,,,85731.0,1755.0,23.0,414.0,-536869374.0,111.0,19.0,-43.0,56.0,-23.0,37.0
1653,85744.0,52310.0,43898.0,50996.0,39684.0,85743.0,3.436363697052002,,,,,,,,,,,,,,,,,,,,,,,,85741.0,1757.0,23.0,414.0,-1073740287.0,111.0,19.0,-43.0,35.0,2.0,36.0
1654,85754.0,51837.0,44645.0,51439.0,38999.0,85753.0,3.436363697052002,,,,,,,,,,,,,,,,,,,,,,,,85751.0,1756.0,21.0,413.0,-1073740287.0,108.0,16.0,-43.0,61.0,-14.0,31.0
1655,85764.0,52005.0,44357.0,51457.0,39233.0,85763.0,3.436363697052002,,,,,,,,,,,,,,,,,,,,,,,,85761.0,1757.0,22.0,413.0,-1073740287.0,108.0,16.0,-42.0,35.0,4.0,42.0
1656,85774.0,50368.0,44210.0,53138.0,39308.0,85773.0,3.436363697052002,,,,,,,,,,,,,,,,,,,,,,,,85771.0,1755.0,22.0,413.0,-1072692735.0,102.0,17.0,-40.0,33.0,-11.0,45.0
1657,85784.0,52085.0,43731.0,51251.0,39809.0,85783.0,3.436363697052002,,,,,,,,,,,,,,,,,,,,,,,,85781.0,1757.0,23.0,412.0,-1072691711.0,104.0,18.0,-38.0,32.0,-12.0,33.0
1658,85794.0,50782.0,44476.0,52614.0,39016.0,85793.0,3.436363697052002,,,,,,,,,,,,,,,,,,,,,,,,85791.0,1759.0,23.0,412.0,-1072691711.0,106.0,17.0,-37.0,4.0,0.0,30.0
1659,85804.0,52007.0,44151.0,51349.0,39369.0,85803.0,3.436363697052002,,,,,,,,,,,,,,,,,,,,,,,,85801.0,1760.0,23.0,412.0,-1072691711.0,106.0,17.0,-36.0,10.0,-4.0,32.0
1660,85814.0,51892.0,43520.0,51492.0,39712.0,85813.0,3.436363697052002,,,,,,,,,,,,,,,,,,,,,,,,85811.0,1762.0,23.0,412.0,-1072691711.0,109.0,16.0,-32.0,-36.0,4.0,39.0
1661,85824.0,52455.0,43625.0,50929.0,39539.0,85823.0,3.4416422843933105,,,,,,,,,,,,,,,,,,,,,,,,85821.0,1763.0,23.0,412.0,-1072691712.0,109.0,16.0,-30.0,2.0,1.0,36.0
1662,85834.0,51040.0,42574.0,52344.0,40362.0,85833.0,3.4416422843933105,,,,,,,,,,,,,,,,,,,,,,,,85831.0,1764.0,24.0,411.0,-1072691712.0,109.0,17.0,-27.0,-33.0,-12.0,48.0
1663,85844.0,51514.0,42880.0,51766.0,40036.0,85843.0,3.436363697052002,,,,,,,,,,,,,,,,,,,,,,,,85841.0,1766.0,24.0,411.0,-1073740288.0,109.0,17.0,-25.0,-32.0,-22.0,39.0
1664,85854.0,51410.0,43192.0,51358.0,39476.0,85853.0,3.436363697052002,,,,,,,,,,,,,,,,,,,,,,,,85851.0,1767.0,25.0,412.0,-1073740800.0,110.0,18.0,-17.0,-6.0,-37.0,26.0
1665,85864.0,50823.0,42925.0,51829.0,39739.0,85863.0,3.436363697052002,,,,,,,,,,,,,,,,,,,,,,,,85861.0,1768.0,25.0,412.0,-1073740800.0,110.0,18.0,-15.0,15.0,-42.0,21.0
1666,85874.0,51631.0,42923.0,50937.0,39549.0,85873.0,3.4416422843933105,,,,,,,,,,,,,,,,,,,,,,,,85871.0,1770.0,25.0,412.0,-1073740800.0,112.0,17.0,-12.0,47.0,-29.0,23.0
1667,85884.0,52130.0,42816.0,50152.0,39638.0,85883.0,3.4416422843933105,,,,,,,,,,,,,,,,,,,,,,,,85881.0,1771.0,25.0,411.0,-1073740800.0,113.0,17.0,-9.0,29.0,-6.0,18.0
1668,85894.0,51908.0,43620.0,50438.0,38646.0,85893.0,3.446920871734619,,,,,,,,,,,,,,,,,,,,,,,,85891.0,1772.0,25.0,411.0,-1072692224.0,113.0,17.0,-7.0,82.0,-21.0,18.0
1669,85904.0,51279.0,44549.0,51081.0,37507.0,85903.0,3.446920871734619,,,,,,,,,,,,,,,,,,,,,,,,85901.0,1769.0,24.0,411.0,-1072692224.0,105.0,13.0,-5.0,60.0,-21.0,27.0
1670,85914.0,51433.0,42947.0,50763.0,39193.0,85913.0,3.446920871734619,,,,,,,,,,,,,,,,,,,,,,,,85911.0,1771.0,23.0,411.0,-1072692223.0,107.0,12.0,-3.0,67.0,-14.0,20.0
1671,85924.0,51163.0,42911.0,50943.0,39323.0,85923.0,3.446920871734619,,,,,,,,,,,,,,,,,,,,,,,,85921.0,1771.0,24.0,411.0,-1072692223.0,106.0,13.0,-3.0,44.0,-4.0,11.0
1672,85934.0,50760.0,42914.0,51352.0,39362.0,85933.0,3.446920871734619,,,,,,,,,,,,,,,,,,,,,,,,85931.0,1773.0,24.0,411.0,-1071643647.0,108.0,12.0,-4.0,33.0,-23.0,7.0
1673,85944.0,51411.0,43009.0,50661.0,39263.0,85943.0,3.446920871734619,,,,,,,,,,,,,,,,,,,,,,,,85941.0,1775.0,25.0,411.0,-1071642623.0,109.0,13.0,-3.0,32.0,-18.0,10.0
1674,85954.0,52157.0,42573.0,50013.0,39693.0,85953.0,3.446920871734619,,,,,,,,,,,,,,,,,,,,,,,,85951.0,1778.0,25.0,411.0,-1071642623.0,115.0,12.0,-4.0,16.0,-27.0,6.0
1675,85964.0,51014.0,42840.0,51108.0,39458.0,85963.0,3.446920871734619,,,,,,,,,,,,,,,,,,,,,,,,85961.0,1780.0,25.0,411.0,-1071642623.0,115.0,11.0,-4.0,-9.0,-31.0,3.0
1676,85974.0,51997.0,42721.0,50161.0,39609.0,85973.0,3.446920871734619,,,,,,,,,,,,,,,,,,,,,,,,85971.0,1781.0,25.0,411.0,-1071642623.0,115.0,11.0,-4.0,-33.0,-27.0,7.0
1677,85984.0,51780.0,42808.0,50402.0,39554.0,85983.0,3.446920871734619,,,,,,,,,,,,,,,,,,,,,,,,85981.0,1782.0,25.0,411.0,-1071642623.0,116.0,11.0,-5.0,-44.0,-24.0,6.0
1678,85994.0,51323.0,42657.0,50845.0,39751.0,85993.0,3.446920871734619,,,,,,,,,,,,,,,,,,,,,,,,85991.0,1784.0,25.0,411.0,-1072691199.0,118.0,10.0,-5.0,-61.0,-8.0,1.0
1679,86004.0,51188.0,42818.0,50956.0,39670.0,86003.0,3.446920871734619,,,,,,,,,,,,,,,,,,,,,,,,86001.0,1785.0,25.0,411.0,-1072691199.0,119.0,10.0,-5.0,-38.0,-14.0,-2.0
1680,86014.0,51621.0,43289.0,50501.0,39209.0,86013.0,3.446920871734619,,,,,,,,,,,,,,,,,,,,,,,,86011.0,1786.0,26.0,411.0,-1072691199.0,119.0,10.0,-5.0,-24.0,-21.0,-1.0
1681,86024.0,50940.0,43234.0,50772.0,38950.0,86023.0,3.446920871734619,,,,,,,,,,,,,,,,,,,,,,,,86021.0,1787.0,26.0,411.0,-1072691199.0,120.0,9.0,-5.0,-14.0,18.0,-4.0
1682,86034.0,49732.0,45550.0,51980.0,36618.0,86033.0,3.446920871734619,,,,,,,,,,,,,,,,,,,,,,,,86031.0,1780.0,25.0,412.0,-1072691199.0,103.0,8.0,2.0,12.0,21.0,-5.0
1683,86044.0,51751.0,43249.0,49809.0,39119.0,86043.0,3.446920871734619,,,,,,,,,,,,,,,,,,,,,,,,86041.0,1782.0,25.0,412.0,-1072691199.0,106.0,8.0,1.0,-6.0,44.0,-13.0
1684,86054.0,51050.0,43642.0,50398.0,38834.0,86053.0,3.4416422843933105,,,,,,,,,,,,,,,,,,,,,,,,86051.0,1784.0,25.0,412.0,-1072691199.0,108.0,7.0,1.0,15.0,34.0,-18.0
1685,86064.0,50692.0,43292.0,50762.0,39150.0,86063.0,3.4416422843933105,,,,,,,,,,,,,,,,,,,,,,,,86061.0,1785.0,26.0,412.0,-1072692223.0,109.0,8.0,2.0,11.0,21.0,-18.0
1686,86074.0,49837.0,43477.0,51251.0,38839.0,86073.0,3.4416422843933105,,,,,,,,,,,,,,,,,,,,,,,,86071.0,1787.0,26.0,414.0,-1072692224.0,109.0,8.0,7.0,8.0,7.0,-28.0
1687,86084.0,51646.0,42596.0,49554.0,39828.0,86083.0,3.4416422843933105,,,,,,,,,,,,,,,,,,,,,,,,86081.0,1789.0,26.0,414.0,-1072692224.0,112.0,7.0,4.0,-8.0,3.0,-23.0
1688,86094.0,50212.0,43422.0,50822.0,39176.0,86093.0,3.4416422843933105,,,,,,,,,,,,,,,,,,,,,,,,86091.0,1790.0,26.0,414.0,-1072692224.0,113.0,7.0,4.0,-16.0,-2.0,-34.0
1689,86104.0,50283.0,43087.0,50713.0,39633.0,86103.0,3.4416422843933105,,,,,,,,,,,,,,,,,,,,,,,,86101.0,1791.0,26.0,414.0,-1072692224.0,113.0,7.0,3.0,-29.0,-3.0,-38.0
1690,86114.0,49314.0,43708.0,51694.0,38952.0,86113.0,3.4416422843933105,,,,,,,,,,,,,,,,,,,,,,,,86111.0,1790.0,27.0,414.0,-1072691712.0,108.0,9.0,3.0,-60.0,1.0,-40.0
1691,86124.0,50253.0,43941.0,50619.0,38835.0,86123.0,3.4416422843933105,,,,,,,,,,,,,,,,,,,,,,,,86121.0,1791.0,27.0,414.0,-1072691712.0,109.0,9.0,3.0,-71.0,-6.0,-47.0
1692,86134.0,49140.0,42846.0,51716.0,39846.0,86133.0,3.4416422843933105,,,,,,,,,,,,,,,,,,,,,,,,86131.0,1792.0,28.0,414.0,-1073740288.0,109.0,9.0,4.0,-65.0,10.0,-38.0
1693,86144.0,49977.0,43781.0,50911.0,38887.0,86143.0,3.4416422843933105,,,,,,,,,,,,,,,,,,,,,,,,86141.0,1794.0,28.0,414.0,-1073740288.0,110.0,10.0,4.0,-44.0,2.0,-36.0
1694,86154.0,49494.0,43460.0,51422.0,39376.0,86153.0,3.4416422843933105,,,,,,,,,,,,,,,,,,,,,,,,86151.0,1795.0,28.0,414.0,-536869375.0,111.0,10.0,4.0,-44.0,14.0,-38.0
1695,86164.0,49532.0,44578.0,51350.0,38308.0,86163.0,3.4416422843933105,,,,,,,,,,,,,,,,,,,,,,,,86161.0,1794.0,29.0,414.0,-536869375.0,108.0,10.0,2.0,-12.0,1.0,-34.0
1696,86174.0,49814.0,43078.0,51156.0,39812.0,86173.0,3.4416422843933105,,,,,,,,,,,,,,,,,,,,,,,,86171.0,1797.0,29.0,414.0,-536869375.0,112.0,10.0,1.0,-6.0,24.0,-27.0
1697,86184.0,50229.0,43975.0,50811.0,39009.0,86183.0,3.4416422843933105,,,,,,,,,,,,,,,,,,,,,,,,86181.0,1798.0,29.0,414.0,-536869375.0,112.0,10.0,0.0,6.0,1.0,-31.0
1698,86194.0,50824.0,44136.0,49990.0,39058.0,86193.0,3.4416422843933105,,,,,,,,,,,,,,,,,,,,,,,,86191.0,1799.0,29.0,414.0,-536869375.0,112.0,10.0,0.0,38.0,-2.0,-41.0
1699,86204.0,50583.0,44023.0,50315.0,39123.0,86203.0,3.4416422843933105,,,,,,,,,,,,,,,,,,,,,,,,86201.0,1800.0,28.0,414.0,-536869375.0,112.0,9.0,0.0,32.0,-8.0,-38.0
1700,86214.0,50659.0,44385.0,50225.0,38687.0,86213.0,3.4416422843933105,,,,,,,,,,,,,,,,,,,,,,,,86211.0,1801.0,29.0,414.0,-1073740287.0,113.0,10.0,0.0,73.0,-22.0,-33.0
1701,86224.0,51040.0,43966.0,49764.0,39222.0,86223.0,3.4416422843933105,,,,,,,,,,,,,,,,,,,,,,,,86221.0,1802.0,29.0,414.0,-1073740286.0,113.0,11.0,2.0,80.0,-31.0,-30.0
1702,86234.0,51126.0,44034.0,49580.0,38836.0,86233.0,3.4416422843933105,,,,,,,,,,,,,,,,,,,,,,,,86231.0,1804.0,29.0,414.0,-1072691710.0,114.0,10.0,3.0,69.0,-51.0,-27.0
1703,86244.0,50415.0,43295.0,50187.0,39383.0,86243.0,3.446920871734619,,,,,,,,,,,,,,,,,,,,,,,,86241.0,1806.0,30.0,414.0,-1072690686.0,116.0,12.0,6.0,66.0,-57.0,-26.0
1704,86254.0,50699.0,42829.0,49929.0,39751.0,86253.0,3.446920871734619,,,,,,,,,,,,,,,,,,,,,,,,86251.0,1807.0,30.0,414.0,-1072690686.0,116.0,12.0,7.0,51.0,-57.0,-13.0
1705,86264.0,50374.0,43240.0,50180.0,39322.0,86263.0,3.4416422843933105,,,,,,,,,,,,,,,,,,,,,,,,86261.0,1807.0,30.0,414.0,-1072690686.0,115.0,10.0,8.0,53.0,-83.0,-18.0
1706,86274.0,50909.0,43491.0,49779.0,38845.0,86273.0,3.446920871734619,,,,,,,,,,,,,,,,,,,,,,,,86271.0,1809.0,30.0,414.0,-1072690686.0,116.0,9.0,8.0,30.0,-57.0,-10.0
1707,86284.0,51031.0,43143.0,49533.0,39101.0,86283.0,3.446920871734619,,,,,,,,,,,,,,,,,,,,,,,,86281.0,1811.0,30.0,414.0,-1071641086.0,120.0,8.0,10.0,38.0,-41.0,-10.0
1708,86294.0,50719.0,42935.0,49857.0,39173.0,86293.0,3.446920871734619,,,,,,,,,,,,,,,,,,,,,,,,86291.0,1812.0,30.0,415.0,-1071641086.0,121.0,7.0,11.0,44.0,-48.0,2.0
1709,86304.0,50874.0,43138.0,49704.0,38880.0,86303.0,3.446920871734619,,,,,,,,,,,,,,,,,,,,,,,,86301.0,1814.0,29.0,415.0,-1071641086.0,123.0,7.0,12.0,27.0,-32.0,0.0
1710,86314.0,50323.0,43605.0,50107.0,38321.0,86313.0,3.446920871734619,,,,,,,,,,,,,,,,,,,,,,,,86311.0,1815.0,30.0,415.0,-1071641086.0,124.0,7.0,14.0,-7.0,-39.0,1.0
1711,86324.0,49807.0,42699.0,50711.0,39123.0,86323.0,3.446920871734619,,,,,,,,,,,,,,,,,,,,,,,,86321.0,1815.0,30.0,415.0,-1071641086.0,123.0,7.0,14.0,22.0,-11.0,6.0
1712,86334.0,50864.0,43036.0,49532.0,38720.0,86333.0,3.446920871734619,,,,,,,,,,,,,,,,,,,,,,,,86331.0,1818.0,31.0,415.0,-1071641086.0,125.0,7.0,15.0,12.0,-15.0,9.0
1713,86344.0,50395.0,42859.0,50001.0,38937.0,86343.0,3.4521994590759277,,,,,,,,,,,,,,,,,,,,,,,,86341.0,1818.0,31.0,415.0,-1071641086.0,125.0,7.0,15.0,11.0,-17.0,3.0
1714,86354.0,50183.0,43241.0,50081.0,38699.0,86353.0,3.446920871734619,,,,,,,,,,,,,,,,,,,,,,,,86351.0,1821.0,31.0,416.0,-1071641086.0,128.0,6.0,14.0,-21.0,-7.0,-3.0
1715,86364.0,50481.0,42469.0,49807.0,39395.0,86363.0,3.446920871734619,,,,,,,,,,,,,,,,,,,,,,,,86361.0,1821.0,31.0,416.0,-1071641086.0,127.0,6.0,14.0,-6.0,19.0,3.0
1716,86374.0,50027.0,42777.0,49835.0,38877.0,86373.0,3.446920871734619,,,,,,,,,,,,,,,,,,,,,,,,86371.0,1822.0,31.0,417.0,-1071641086.0,128.0,5.0,21.0,-29.0,18.0,-12.0
1717,86384.0,49553.0,42903.0,50345.0,38899.0,86383.0,3.446920871734619,,,,,,,,,,,,,,,,,,,,,,,,86381.0,1822.0,31.0,417.0,-1071641086.0,127.0,5.0,20.0,-7.0,18.0,-7.0
1718,86394.0,48963.0,42979.0,50405.0,39273.0,86393.0,3.446920871734619,,,,,,,,,,,,,,,,,,,,,,,,86391.0,1826.0,31.0,418.0,-1071641086.0,132.0,5.0,17.0,-41.0,31.0,-18.0
1719,86404.0,50150.0,43016.0,49732.0,38986.0,86403.0,3.446920871734619,,,,,,,,,,,,,,,,,,,,,,,,86401.0,1827.0,32.0,418.0,-1071641086.0,132.0,6.0,16.0,-43.0,48.0,-30.0
1720,86414.0,48323.0,43503.0,50987.0,38855.0,86413.0,3.446920871734619,,,,,,,,,,,,,,,,,,,,,,,,86411.0,1828.0,32.0,418.0,-1072689662.0,134.0,6.0,16.0,-33.0,28.0,-16.0
1721,86424.0,48561.0,43185.0,51163.0,38935.0,86423.0,3.446920871734619,,,,,,,,,,,,,,,,,,,,,,,,86421.0,1829.0,32.0,418.0,-1072689662.0,134.0,6.0,14.0,-28.0,49.0,-26.0
1722,86434.0,48669.0,43445.0,50393.0,39329.0,86433.0,3.446920871734619,,,,,,,,,,,,,,,,,,,,,,,,86431.0,1830.0,32.0,418.0,-1072689662.0,134.0,6.0,13.0,-48.0,55.0,-27.0
1723,86444.0,49507.0,43249.0,50227.0,38989.0,86443.0,3.446920871734619,,,,,,,,,,,,,,,,,,,,,,,,86441.0,1830.0,32.0,419.0,-1072689662.0,132.0,4.0,11.0,-30.0,71.0,-14.0
1724,86454.0,48482.0,43826.0,49686.0,38654.0,86453.0,3.446920871734619,,,,,,,,,,,,,,,,,,,,,,,,86451.0,1833.0,32.0,419.0,-1072690686.0,135.0,4.0,11.0,-35.0,88.0,-35.0
1725,86464.0,49069.0,43087.0,49825.0,38487.0,86463.0,3.446920871734619,,,,,,,,,,,,,,,,,,,,,,,,86461.0,1835.0,32.0,421.0,-1072690685.0,138.0,4.0,23.0,-32.0,76.0,-29.0
1726,86474.0,48486.0,42738.0,49586.0,39594.0,86473.0,3.446920871734619,,,,,,,,,,,,,,,,,,,,,,,,86471.0,1837.0,32.0,421.0,-1072690685.0,140.0,4.0,25.0,-26.0,68.0,-35.0
1727,86484.0,49342.0,42674.0,49434.0,38862.0,86483.0,3.4521994590759277,,,,,,,,,,,,,,,,,,,,,,,,86481.0,1839.0,32.0,422.0,-1072690685.0,142.0,4.0,25.0,-5.0,63.0,-23.0
1728,86494.0,48853.0,43989.0,49067.0,38307.0,86493.0,3.4521994590759277,,,,,,,,,,,,,,,,,,,,,,,,86491.0,1841.0,32.0,422.0,-1073740285.0,143.0,4.0,26.0,-38.0,42.0,-32.0
1729,86504.0,48301.0,43539.0,49605.0,39259.0,86503.0,3.4521994590759277,,,,,,,,,,,,,,,,,,,,,,,,86501.0,1842.0,32.0,421.0,-1073740285.0,142.0,3.0,20.0,-17.0,30.0,-41.0
1730,86514.0,49338.0,42716.0,49016.0,39850.0,86513.0,3.4521994590759277,,,,,,,,,,,,,,,,,,,,,,,,86511.0,1843.0,33.0,421.0,-1073740285.0,142.0,3.0,17.0,7.0,37.0,-22.0
1731,86524.0,49206.0,43598.0,49108.0,39076.0,86523.0,3.4521994590759277,,,,,,,,,,,,,,,,,,,,,,,,86521.0,1845.0,33.0,421.0,-1073740285.0,143.0,3.0,15.0,-18.0,27.0,-30.0
1732,86534.0,48866.0,43104.0,49546.0,39548.0,86533.0,3.4521994590759277,,,,,,,,,,,,,,,,,,,,,,,,86531.0,1846.0,33.0,422.0,-1073740285.0,142.0,3.0,15.0,-16.0,9.0,-27.0
1733,86544.0,49221.0,43345.0,49725.0,39397.0,86543.0,3.446920871734619,,,,,,,,,,,,,,,,,,,,,,,,86541.0,1848.0,33.0,420.0,-1073740285.0,144.0,3.0,7.0,4.0,0.0,-17.0
1734,86554.0,50581.0,42957.0,48493.0,39653.0,86553.0,3.446920871734619,,,,,,,,,,,,,,,,,,,,,,,,86551.0,1851.0,33.0,421.0,-1073740284.0,148.0,3.0,7.0,-21.0,12.0,-14.0
1735,86564.0,49228.0,42914.0,50146.0,39628.0,86563.0,3.446920871734619,,,,,,,,,,,,,,,,,,,,,,,,86561.0,1852.0,33.0,421.0,-1073740284.0,148.0,3.0,4.0,7.0,14.0,-6.0
1736,86574.0,49886.0,42740.0,49642.0,39740.0,86573.0,3.446920871734619,,,,,,,,,,,,,,,,,,,,,,,,86571.0,1855.0,33.0,421.0,-1073740284.0,152.0,3.0,3.0,-3.0,40.0,-2.0
1737,86584.0,49194.0,43062.0,50138.0,39174.0,86583.0,3.446920871734619,,,,,,,,,,,,,,,,,,,,,,,,86581.0,1857.0,33.0,422.0,-1073740284.0,153.0,3.0,7.0,-5.0,11.0,-5.0
1738,86594.0,49203.0,43557.0,50477.0,38327.0,86593.0,3.446920871734619,,,,,,,,,,,,,,,,,,,,,,,,86591.0,1859.0,33.0,422.0,-1073740284.0,153.0,3.0,7.0,-8.0,26.0,8.0
1739,86604.0,48763.0,42777.0,51321.0,38663.0,86603.0,3.446920871734619,,,,,,,,,,,,,,,,,,,,,,,,86601.0,1852.0,33.0,422.0,-1073741308.0,134.0,2.0,7.0,-6.0,46.0,13.0
1740,86614.0,49358.0,42880.0,50682.0,38608.0,86613.0,3.446920871734619,,,,,,,,,,,,,,,,,,,,,,,,86611.0,1855.0,33.0,422.0,-1073741308.0,138.0,2.0,7.0,-23.0,47.0,8.0
1741,86624.0,48833.0,42891.0,51239.0,38465.0,86623.0,3.446920871734619,,,,,,,,,,,,,,,,,,,,,,,,86621.0,1856.0,33.0,422.0,-1073741308.0,139.0,2.0,7.0,-26.0,31.0,16.0
1742,86634.0,48831.0,42539.0,51001.0,38113.0,86633.0,3.446920871734619,,,,,,,,,,,,,,,,,,,,,,,,86631.0,1857.0,33.0,424.0,-536346108.0,138.0,3.0,17.0,-27.0,39.0,17.0
1743,86644.0,49368.0,41926.0,50584.0,38482.0,86643.0,3.446920871734619,,,,,,,,,,,,,,,,,,,,,,,,86641.0,1859.0,33.0,424.0,-536346109.0,139.0,3.0,17.0,-40.0,45.0,25.0
1744,86654.0,49004.0,41576.0,50740.0,38888.0,86653.0,3.446920871734619,,,,,,,,,,,,,,,,,,,,,,,,86651.0,1860.0,33.0,424.0,-536346109.0,138.0,3.0,18.0,-59.0,37.0,21.0
1745,86664.0,48336.0,41630.0,51220.0,38906.0,86663.0,3.4521994590759277,,,,,,,,,,,,,,,,,,,,,,,,86661.0,1863.0,33.0,424.0,-536346109.0,141.0,3.0,19.0,-47.0,-7.0,14.0
1746,86674.0,48523.0,41801.0,51251.0,39081.0,86673.0,3.4521994590759277,,,,,,,,,,,,,,,,,,,,,,,,86671.0,1864.0,33.0,423.0,-535297533.0,140.0,4.0,12.0,-33.0,-15.0,13.0
1747,86684.0,49663.0,42501.0,50153.0,38171.0,86683.0,3.4521994590759277,,,,,,,,,,,,,,,,,,,,,,,,86681.0,1865.0,34.0,423.0,-535297533.0,140.0,4.0,13.0,-17.0,-40.0,18.0
1748,86694.0,49396.0,42226.0,50400.0,38318.0,86693.0,3.4521994590759277,,,,,,,,,,,,,,,,,,,,,,,,86691.0,1865.0,33.0,423.0,-535297533.0,136.0,4.0,14.0,19.0,-32.0,15.0
1749,86704.0,49432.0,42300.0,50010.0,38410.0,86703.0,3.4521994590759277,,,,,,,,,,,,,,,,,,,,,,,,86701.0,1868.0,33.0,423.0,-535297533.0,139.0,4.0,15.0,38.0,-27.0,10.0
1750,86714.0,50468.0,43160.0,49040.0,37536.0,86713.0,3.4521994590759277,,,,,,,,,,,,,,,,,,,,,,,,86711.0,1869.0,33.0,423.0,-535297533.0,138.0,4.0,14.0,50.0,-10.0,18.0
1751,86724.0,49387.0,42823.0,49917.0,38009.0,86723.0,3.4521994590759277,,,,,,,,,,,,,,,,,,,,,,,,86721.0,1870.0,32.0,423.0,-535297533.0,137.0,1.0,15.0,76.0,-22.0,0.0
1752,86734.0,50070.0,43144.0,48972.0,37834.0,86733.0,3.4521994590759277,,,,,,,,,,,,,,,,,,,,,,,,86731.0,1871.0,32.0,424.0,-536346109.0,138.0,1.0,15.0,45.0,6.0,2.0
1753,86744.0,49970.0,42832.0,49014.0,38248.0,86743.0,3.4521994590759277,,,,,,,,,,,,,,,,,,,,,,,,86741.0,1874.0,33.0,424.0,-536870397.0,141.0,4.0,14.0,59.0,2.0,0.0
1754,86754.0,50087.0,43159.0,49049.0,37893.0,86753.0,3.4521994590759277,,,,,,,,,,,,,,,,,,,,,,,,86751.0,1875.0,33.0,424.0,-1073741309.0,140.0,3.0,12.0,86.0,-8.0,1.0
1755,86764.0,50093.0,42999.0,49343.0,38389.0,86763.0,3.4521994590759277,,,,,,,,,,,,,,,,,,,,,,,,86761.0,1876.0,33.0,423.0,-1073741309.0,140.0,4.0,5.0,82.0,-4.0,2.0
1756,86774.0,49506.0,43240.0,50028.0,38382.0,86773.0,3.4521994590759277,,,,,,,,,,,,,,,,,,,,,,,,86771.0,1878.0,33.0,423.0,-1072692733.0,139.0,3.0,2.0,70.0,6.0,-2.0
1757,86784.0,49650.0,42404.0,49810.0,39384.0,86783.0,3.446920871734619,,,,,,,,,,,,,,,,,,,,,,,,86781.0,1879.0,33.0,423.0,-1072692733.0,139.0,2.0,0.0,45.0,12.0,-5.0
1758,86794.0,49380.0,42980.0,50276.0,38748.0,86793.0,3.446920871734619,,,,,,,,,,,,,,,,,,,,,,,,86791.0,1880.0,33.0,423.0,-1072692733.0,138.0,2.0,0.0,11.0,-7.0,0.0
1759,86804.0,50144.0,42608.0,49878.0,39098.0,86803.0,3.446920871734619,,,,,,,,,,,,,,,,,,,,,,,,86801.0,1882.0,34.0,423.0,-1072692733.0,141.0,5.0,-4.0,-18.0,4.0,9.0
1760,86814.0,49353.0,42339.0,50715.0,39641.0,86813.0,3.446920871734619,,,,,,,,,,,,,,,,,,,,,,,,86811.0,1884.0,34.0,423.0,-1072692733.0,142.0,4.0,-7.0,-41.0,-4.0,0.0
1761,86824.0,49088.0,42938.0,50970.0,39384.0,86823.0,3.446920871734619,,,,,,,,,,,,,,,,,,,,,,,,86821.0,1885.0,34.0,423.0,-1072692733.0,140.0,3.0,-11.0,-38.0,-11.0,-7.0
1762,86834.0,49963.0,42829.0,50303.0,39469.0,86833.0,3.4416422843933105,,,,,,,,,,,,,,,,,,,,,,,,86831.0,1888.0,33.0,423.0,-1072692733.0,144.0,1.0,-12.0,-41.0,0.0,0.0
1763,86844.0,50117.0,42149.0,50557.0,39901.0,86843.0,3.4416422843933105,,,,,,,,,,,,,,,,,,,,,,,,86841.0,1889.0,33.0,422.0,-1072692733.0,144.0,1.0,-14.0,-26.0,-5.0,16.0
1764,86854.0,51253.0,42923.0,49835.0,38845.0,86853.0,3.4416422843933105,,,,,,,,,,,,,,,,,,,,,,,,86851.0,1891.0,33.0,422.0,-1072692733.0,144.0,1.0,-15.0,-26.0,-22.0,21.0
1765,86864.0,50991.0,42587.0,50513.0,38977.0,86863.0,3.4416422843933105,,,,,,,,,,,,,,,,,,,,,,,,86861.0,1893.0,33.0,422.0,-1072692733.0,145.0,1.0,-17.0,0.0,14.0,31.0
1766,86874.0,49733.0,43243.0,51765.0,38383.0,86873.0,3.4416422843933105,,,,,,,,,,,,,,,,,,,,,,,,86871.0,1894.0,33.0,422.0,-1072691709.0,144.0,0.0,-17.0,8.0,20.0,23.0
1767,86884.0,50729.0,43253.0,51277.0,38353.0,86883.0,3.4416422843933105,,,,,,,,,,,,,,,,,,,,,,,,86881.0,1895.0,33.0,422.0,-1072692733.0,143.0,0.0,-17.0,57.0,22.0,36.0
1768,86894.0,50991.0,44133.0,51425.0,37079.0,86893.0,3.4416422843933105,,,,,,,,,,,,,,,,,,,,,,,,86891.0,1897.0,33.0,421.0,-1072692733.0,144.0,0.0,-21.0,40.0,38.0,49.0
1769,86904.0,50606.0,42782.0,51968.0,38260.0,86903.0,3.4416422843933105,,,,,,,,,,,,,,,,,,,,,,,,86901.0,1898.0,33.0,421.0,-1072692734.0,145.0,1.0,-21.0,52.0,61.0,45.0
1770,86914.0,51131.0,42899.0,51561.0,38045.0,86913.0,3.4416422843933105,,,,,,,,,,,,,,,,,,,,,,,,86911.0,1900.0,33.0,420.0,-1072692734.0,145.0,0.0,-20.0,35.0,59.0,48.0
1771,86924.0,50557.0,43157.0,52133.0,37725.0,86923.0,3.436363697052002,,,,,,,,,,,,,,,,,,,,,,,,86921.0,1905.0,33.0,420.0,-1072692734.0,154.0,0.0,-19.0,34.0,46.0,48.0
1772,86934.0,51377.0,42719.0,51417.0,37839.0,86933.0,3.4416422843933105,,,,,,,,,,,,,,,,,,,,,,,,86931.0,1907.0,33.0,420.0,-1072168446.0,154.0,-1.0,-17.0,4.0,69.0,54.0
1773,86944.0,50696.0,42572.0,51878.0,38026.0,86943.0,3.4416422843933105,,,,,,,,,,,,,,,,,,,,,,,,86941.0,1909.0,33.0,420.0,-1072168446.0,154.0,-1.0,-14.0,0.0,34.0,41.0
1774,86954.0,50278.0,42434.0,52074.0,38294.0,86953.0,3.4416422843933105,,,,,,,,,,,,,,,,,,,,,,,,86951.0,1907.0,33.0,420.0,-1072167422.0,147.0,-1.0,-13.0,-9.0,39.0,37.0
1775,86964.0,50600.0,42630.0,51674.0,38300.0,86963.0,3.4416422843933105,,,,,,,,,,,,,,,,,,,,,,,,86961.0,1908.0,33.0,420.0,-1072167423.0,146.0,-1.0,-14.0,-24.0,28.0,32.0
1776,86974.0,49917.0,42273.0,52313.0,38629.0,86973.0,3.4416422843933105,,,,,,,,,,,,,,,,,,,,,,,,86971.0,1909.0,33.0,420.0,-1072167423.0,146.0,-2.0,-13.0,-54.0,56.0,37.0
1777,86984.0,50851.0,42411.0,51343.0,38659.0,86983.0,3.4416422843933105,,,,,,,,,,,,,,,,,,,,,,,,86981.0,1911.0,32.0,420.0,-1072167423.0,146.0,-3.0,-14.0,-25.0,21.0,31.0
1778,86994.0,48954.0,42378.0,52898.0,39102.0,86993.0,3.4416422843933105,,,,,,,,,,,,,,,,,,,,,,,,86991.0,1913.0,33.0,420.0,-1072167423.0,147.0,-2.0,-14.0,-12.0,36.0,18.0
1779,87004.0,49870.0,42534.0,51814.0,39094.0,87003.0,3.4416422843933105,,,,,,,,,,,,,,,,,,,,,,,,87001.0,1916.0,33.0,419.0,-1072167423.0,149.0,-1.0,-14.0,-6.0,46.0,15.0
1780,87014.0,49813.0,43301.0,51751.0,38247.0,87013.0,3.4416422843933105,,,,,,,,,,,,,,,,,,,,,,,,87011.0,1919.0,33.0,419.0,-1072167423.0,153.0,-3.0,-12.0,5.0,28.0,17.0
1781,87024.0,51075.0,43425.0,50567.0,38001.0,87023.0,3.4416422843933105,,,,,,,,,,,,,,,,,,,,,,,,87021.0,1921.0,33.0,419.0,-1072167423.0,152.0,-3.0,-11.0,-50.0,27.0,17.0
1782,87034.0,49805.0,42135.0,51629.0,39287.0,87033.0,3.4416422843933105,,,,,,,,,,,,,,,,,,,,,,,,87031.0,1922.0,33.0,419.0,-1072167423.0,152.0,-4.0,-8.0,2.0,9.0,14.0
1783,87044.0,50475.0,42611.0,50797.0,38805.0,87043.0,3.4416422843933105,,,,,,,,,,,,,,,,,,,,,,,,87041.0,1918.0,34.0,419.0,-1072166399.0,139.0,-2.0,-6.0,-8.0,21.0,11.0
1784,87054.0,50381.0,43267.0,50815.0,38205.0,87053.0,3.4416422843933105,,,,,,,,,,,,,,,,,,,,,,,,87051.0,1920.0,34.0,419.0,-1072166399.0,140.0,-2.0,-6.0,-6.0,-1.0,7.0
1785,87064.0,50543.0,42113.0,51035.0,39633.0,87063.0,3.4416422843933105,,,,,,,,,,,,,,,,,,,,,,,,87061.0,1921.0,34.0,418.0,-1072166399.0,138.0,-2.0,-12.0,13.0,-14.0,14.0
1786,87074.0,50616.0,42960.0,50848.0,39028.0,87073.0,3.4416422843933105,,,,,,,,,,,,,,,,,,,,,,,,87071.0,1922.0,33.0,417.0,-1072166399.0,138.0,-2.0,-13.0,24.0,-46.0,1.0
1787,87084.0,51095.0,42943.0,50467.0,39103.0,87083.0,3.4416422843933105,,,,,,,,,,,,,,,,,,,,,,,,87081.0,1924.0,33.0,417.0,-1072166399.0,139.0,-2.0,-15.0,2.0,-43.0,9.0
1788,87094.0,51439.0,41777.0,50431.0,40053.0,87093.0,3.4416422843933105,,,,,,,,,,,,,,,,,,,,,,,,87091.0,1926.0,33.0,417.0,-1072166399.0,140.0,-3.0,-16.0,3.0,-73.0,16.0
1789,87104.0,51813.0,42077.0,50311.0,39987.0,87103.0,3.436363697052002,,,,,,,,,,,,,,,,,,,,,,,,87101.0,1928.0,33.0,416.0,-1072167424.0,141.0,-3.0,-20.0,24.0,-80.0,14.0
1790,87114.0,51505.0,41973.0,50709.0,40121.0,87113.0,3.4416422843933105,,,,,,,,,,,,,,,,,,,,,,,,87111.0,1930.0,33.0,416.0,-1072167424.0,141.0,-3.0,-20.0,7.0,-76.0,10.0
1791,87124.0,51820.0,42432.0,50302.0,39706.0,87123.0,3.436363697052002,,,,,,,,,,,,,,,,,,,,,,,,87121.0,1933.0,33.0,416.0,-1072167424.0,144.0,-4.0,-20.0,20.0,-68.0,10.0
1792,87134.0,52293.0,42959.0,49997.0,39075.0,87133.0,3.436363697052002,,,,,,,,,,,,,,,,,,,,,,,,87131.0,1934.0,33.0,416.0,-1072168448.0,143.0,-4.0,-20.0,6.0,-58.0,20.0
1793,87144.0,51443.0,42673.0,50921.0,39631.0,87143.0,3.436363697052002,,,,,,,,,,,,,,,,,,,,,,,,87141.0,1934.0,33.0,415.0,-1072168448.0,139.0,-4.0,-23.0,3.0,-37.0,7.0
1794,87154.0,51034.0,43340.0,51286.0,39132.0,87153.0,3.436363697052002,,,,,,,,,,,,,,,,,,,,,,,,87151.0,1935.0,33.0,415.0,-1072168448.0,139.0,-5.0,-23.0,-2.0,-12.0,9.0
1795,87164.0,51036.0,43474.0,51618.0,38872.0,87163.0,3.436363697052002,,,,,,,,,,,,,,,,,,,,,,,,87161.0,1936.0,33.0,415.0,-1072168448.0,137.0,-4.0,-25.0,-14.0,7.0,16.0
1796,87174.0,50899.0,43993.0,51725.0,38483.0,87173.0,3.436363697052002,,,,,,,,,,,,,,,,,,,,,,,,87171.0,1937.0,33.0,414.0,-1072168448.0,137.0,-5.0,-26.0,-3.0,21.0,11.0
1797,87184.0,50931.0,44549.0,51493.0,38179.0,87183.0,3.436363697052002,,,,,,,,,,,,,,,,,,,,,,,,87181.0,1937.0,33.0,414.0,-1072168448.0,134.0,-5.0,-25.0,-8.0,42.0,3.0
1798,87194.0,50495.0,43625.0,51485.0,38667.0,87193.0,3.436363697052002,,,,,,,,,,,,,,,,,,,,,,,,87191.0,1941.0,33.0,416.0,-1072168448.0,139.0,-5.0,-15.0,13.0,21.0,10.0
1799,87204.0,50912.0,43590.0,51278.0,38520.0,87203.0,3.436363697052002,,,,,,,,,,,,,,,,,,,,,,,,87201.0,1941.0,32.0,416.0,-1072168448.0,137.0,-7.0,-15.0,-27.0,29.0,12.0
1800,87214.0,50349.0,42907.0,51877.0,39239.0,87213.0,3.436363697052002,,,,,,,,,,,,,,,,,,,,,,,,87211.0,1943.0,32.0,415.0,-1072168960.0,137.0,-7.0,-15.0,8.0,25.0,11.0
1801,87224.0,50336.0,43206.0,51846.0,39032.0,87223.0,3.436363697052002,,,,,,,,,,,,,,,,,,,,,,,,87221.0,1945.0,32.0,415.0,-1072168960.0,140.0,-7.0,-16.0,-3.0,13.0,2.0
1802,87234.0,51267.0,43065.0,50533.0,39167.0,87233.0,3.436363697052002,,,,,,,,,,,,,,,,,,,,,,,,87231.0,1946.0,32.0,416.0,-1072167936.0,137.0,-8.0,-11.0,-6.0,3.0,1.0
1803,87244.0,52296.0,43256.0,49654.0,38914.0,87243.0,3.436363697052002,,,,,,,,,,,,,,,,,,,,,,,,87241.0,1947.0,32.0,416.0,-1072167936.0,137.0,-9.0,-11.0,5.0,-20.0,12.0
1804,87254.0,51506.0,42692.0,50370.0,39464.0,87253.0,3.436363697052002,,,,,,,,,,,,,,,,,,,,,,,,87251.0,1948.0,31.0,416.0,-1072167936.0,137.0,-9.0,-10.0,7.0,-14.0,8.0
1805,87264.0,50916.0,43626.0,50596.0,38782.0,87263.0,3.436363697052002,,,,,,,,,,,,,,,,,,,,,,,,87261.0,1950.0,31.0,416.0,-1072167936.0,137.0,-9.0,-9.0,13.0,-43.0,-3.0
1806,87274.0,50217.0,42665.0,50709.0,39585.0,87273.0,3.436363697052002,,,,,,,,,,,,,,,,,,,,,,,,87271.0,1948.0,31.0,417.0,-1072167936.0,129.0,-10.0,-1.0,15.0,-40.0,-4.0
1807,87284.0,50491.0,43147.0,50309.0,39153.0,87283.0,3.436363697052002,,,,,,,,,,,,,,,,,,,,,,,,87281.0,1950.0,31.0,417.0,-1072168960.0,130.0,-10.0,0.0,1.0,-31.0,-8.0
1808,87294.0,51201.0,43483.0,49717.0,38619.0,87293.0,3.436363697052002,,,,,,,,,,,,,,,,,,,,,,,,87291.0,1951.0,31.0,417.0,-1072168960.0,130.0,-10.0,0.0,-15.0,-44.0,-3.0
1809,87304.0,50866.0,42776.0,50132.0,39322.0,87303.0,3.4416422843933105,,,,,,,,,,,,,,,,,,,,,,,,87301.0,1956.0,31.0,417.0,-1072693248.0,138.0,-10.0,0.0,-24.0,-44.0,-6.0
1810,87314.0,50634.0,42958.0,50224.0,39432.0,87313.0,3.4416422843933105,,,,,,,,,,,,,,,,,,,,,,,,87311.0,1957.0,31.0,417.0,-1072693248.0,138.0,-10.0,-2.0,-36.0,-35.0,-10.0
1811,87324.0,50628.0,42466.0,49954.0,39996.0,87323.0,3.4416422843933105,,,,,,,,,,,,,,,,,,,,,,,,87321.0,1960.0,31.0,417.0,-1072693248.0,141.0,-9.0,0.0,-35.0,-39.0,-16.0
1812,87334.0,50266.0,42488.0,50418.0,39852.0,87333.0,3.4416422843933105,,,,,,,,,,,,,,,,,,,,,,,,87331.0,1961.0,31.0,417.0,-1072691712.0,141.0,-11.0,0.0,-53.0,-39.0,-10.0
1813,87344.0,49323.0,42467.0,51077.0,40069.0,87343.0,3.4416422843933105,,,,,,,,,,,,,,,,,,,,,,,,87341.0,1963.0,31.0,417.0,-1072691712.0,141.0,-11.0,0.0,-49.0,-13.0,-23.0
1814,87354.0,49356.0,43196.0,50880.0,39396.0,87353.0,3.4416422843933105,,,,,,,,,,,,,,,,,,,,,,,,87351.0,1960.0,30.0,417.0,-1073740288.0,133.0,-12.0,1.0,-37.0,3.0,-18.0
1815,87364.0,48458.0,43506.0,51368.0,38832.0,87363.0,3.4416422843933105,,,,,,,,,,,,,,,,,,,,,,,,87361.0,1962.0,30.0,418.0,-1073740288.0,134.0,-11.0,8.0,-32.0,14.0,-16.0
1816,87374.0,48924.0,43558.0,50782.0,38732.0,87373.0,3.4416422843933105,,,,,,,,,,,,,,,,,,,,,,,,87371.0,1964.0,29.0,418.0,-1073740288.0,135.0,-14.0,9.0,-27.0,45.0,-20.0
1817,87384.0,48690.0,43754.0,50862.0,38690.0,87383.0,3.4416422843933105,,,,,,,,,,,,,,,,,,,,,,,,87381.0,1965.0,30.0,418.0,-1073741312.0,135.0,-12.0,9.0,-6.0,35.0,-26.0
1818,87394.0,49500.0,43744.0,50002.0,38654.0,87393.0,3.4416422843933105,,,,,,,,,,,,,,,,,,,,,,,,87391.0,1966.0,30.0,418.0,-536870400.0,135.0,-12.0,10.0,-2.0,31.0,-25.0
1819,87404.0,48752.0,43310.0,50324.0,38702.0,87403.0,3.4416422843933105,,,,,,,,,,,,,,,,,,,,,,,,87401.0,1968.0,29.0,420.0,-536870399.0,135.0,-13.0,18.0,2.0,28.0,-26.0
1820,87414.0,49049.0,44179.0,49811.0,38005.0,87413.0,3.446920871734619,,,,,,,,,,,,,,,,,,,,,,,,87411.0,1971.0,30.0,420.0,-536870399.0,140.0,-11.0,18.0,-4.0,52.0,-29.0
1821,87424.0,49138.0,43862.0,49658.0,38274.0,87423.0,3.446920871734619,,,,,,,,,,,,,,,,,,,,,,,,87421.0,1972.0,30.0,420.0,-536346111.0,139.0,-11.0,18.0,-14.0,40.0,-26.0
1822,87434.0,48460.0,43642.0,50256.0,38542.0,87433.0,3.446920871734619,,,,,,,,,,,,,,,,,,,,,,,,87431.0,1974.0,30.0,420.0,-536346111.0,139.0,-11.0,19.0,1.0,27.0,-30.0
1823,87444.0,48527.0,43385.0,49385.0,38623.0,87443.0,3.446920871734619,,,,,,,,,,,,,,,,,,,,,,,,87441.0,1974.0,30.0,422.0,-536346111.0,136.0,-10.0,27.0,4.0,25.0,-37.0
1824,87454.0,33506.0,25334.0,33574.0,26118.0,87453.0,3.446920871734619,,,,,,,,,,,,,,,,,,,,,,,,87451.0,1975.0,30.0,422.0,-536345087.0,136.0,-10.0,26.0,-11.0,14.0,-45.0
1825,87464.0,33394.0,25352.0,33712.0,25574.0,87463.0,3.446920871734619,,,,,,,,,,,,,,,,,,,,,,,,87461.0,1975.0,30.0,422.0,-536345087.0,133.0,-9.0,25.0,-21.0,37.0,-31.0
1826,87474.0,33003.0,25343.0,33673.0,25509.0,87473.0,3.4574780464172363,,,,,,,,,,,,,,,,,,,,,,,,87471.0,1976.0,30.0,423.0,-536345087.0,132.0,-9.0,24.0,7.0,49.0,-38.0
1827,87484.0,31981.0,26025.0,34085.0,25077.0,87483.0,3.5894429683685303,,,,,,,,,,,,,,,,,,,,,,,,87481.0,1979.0,30.0,423.0,-536345087.0,134.0,-9.0,21.0,47.0,84.0,-49.0
1828,87494.0,33533.0,27375.0,32441.0,24231.0,87493.0,3.6158359050750732,,,,,,,,,,,,,,,,,,,,,,,,87491.0,1979.0,30.0,422.0,-536345086.0,133.0,-9.0,12.0,64.0,144.0,-56.0
1829,87504.0,32747.0,28133.0,33051.0,23657.0,87503.0,3.631671667098999,,,,,,,,,,,,,,,,,,,,,,,,87501.0,1982.0,29.0,423.0,-1073214974.0,135.0,-10.0,7.0,103.0,182.0,-51.0
1830,87514.0,31834.0,29924.0,33860.0,22318.0,87513.0,3.631671667098999,,,,,,,,,,,,,,,,,,,,,,,,87511.0,1982.0,30.0,423.0,-1073214974.0,133.0,-9.0,-2.0,127.0,252.0,-63.0
1831,87524.0,31617.0,30615.0,34249.0,22155.0,87523.0,3.6369502544403076,,,,,,,,,,,,,,,,,,,,,,,,87521.0,1984.0,29.0,423.0,-1072165374.0,133.0,-10.0,-14.0,161.0,282.0,-67.0
1832,87534.0,31248.0,32092.0,35428.0,22004.0,87533.0,3.631671667098999,,,,,,,,,,,,,,,,,,,,,,,,87531.0,1985.0,29.0,421.0,-1072164350.0,132.0,-10.0,-37.0,191.0,297.0,-71.0
1833,87544.0,33096.0,32060.0,34050.0,22806.0,87543.0,3.631671667098999,,,,,,,,,,,,,,,,,,,,,,,,87541.0,1987.0,29.0,420.0,-1071114749.0,132.0,-9.0,-54.0,191.0,330.0,-73.0
1834,87554.0,33001.0,32745.0,34667.0,23127.0,87553.0,3.6263930797576904,,,,,,,,,,,,,,,,,,,,,,,,87551.0,1989.0,29.0,420.0,-1070065149.0,132.0,-11.0,-73.0,206.0,321.0,-77.0
1835,87564.0,32996.0,33414.0,35372.0,23490.0,87563.0,3.621114492416382,,,,,,,,,,,,,,,,,,,,,,,,87561.0,1989.0,29.0,419.0,-1070064125.0,130.0,-11.0,-94.0,178.0,305.0,-81.0
1836,87574.0,34086.0,33492.0,35134.0,24588.0,87573.0,3.621114492416382,,,,,,,,,,,,,,,,,,,,,,,,87571.0,1991.0,29.0,418.0,-1069014525.0,129.0,-11.0,-117.0,149.0,290.0,-82.0
1837,87584.0,34405.0,33113.0,35579.0,26307.0,87583.0,3.6105573177337646,,,,,,,,,,,,,,,,,,,,,,,,87581.0,1992.0,29.0,416.0,-1067963900.0,127.0,-12.0,-140.0,99.0,282.0,-89.0
1838,87594.0,34556.0,34146.0,36400.0,26594.0,87593.0,3.6105573177337646,,,,,,,,,,,,,,,,,,,,,,,,87591.0,1994.0,30.0,415.0,-1067962876.0,125.0,-9.0,-164.0,75.0,236.0,-86.0
1839,87604.0,34246.0,33466.0,37628.0,28796.0,87603.0,3.6000001430511475,,,,,,,,,,,,,,,,,,,,,,,,87601.0,1994.0,30.0,413.0,-1067961852.0,121.0,-10.0,-190.0,57.0,178.0,-94.0
1840,87614.0,36144.0,34262.0,37092.0,29182.0,87613.0,3.5894429683685303,,,,,,,,,,,,,,,,,,,,,,,,87611.0,1995.0,30.0,411.0,-1067961851.0,119.0,-12.0,-215.0,16.0,156.0,-86.0
1841,87624.0,36207.0,33805.0,38033.0,30315.0,87623.0,3.5841643810272217,,,,,,,,,,,,,,,,,,,,,,,,87621.0,1996.0,30.0,410.0,-1066912251.0,116.0,-12.0,-234.0,-11.0,115.0,-80.0
1842,87634.0,37185.0,32785.0,38729.0,32321.0,87633.0,3.5841643810272217,,,,,,,,,,,,,,,,,,,,,,,,87631.0,1998.0,30.0,408.0,-1066912251.0,115.0,-13.0,-260.0,-21.0,79.0,-70.0
1843,87644.0,38597.0,34201.0,38565.0,32425.0,87643.0,3.5736072063446045,,,,,,,,,,,,,,,,,,,,,,,,87641.0,1998.0,31.0,405.0,-1067959802.0,111.0,-12.0,-286.0,-5.0,5.0,-79.0
1844,87654.0,39027.0,34547.0,39513.0,33517.0,87653.0,3.568328619003296,,,,,,,,,,,,,,,,,,,,,,,,87651.0,1999.0,30.0,402.0,-1067959802.0,108.0,-15.0,-312.0,-13.0,-7.0,-76.0
1845,87664.0,39960.0,34924.0,39680.0,33948.0,87663.0,3.5577714443206787,,,,,,,,,,,,,,,,,,,,,,,,87661.0,2001.0,30.0,400.0,-1067959802.0,105.0,-16.0,-330.0,-7.0,-32.0,-71.0
1846,87674.0,41581.0,36515.0,39773.0,33583.0,87673.0,3.5472142696380615,,,,,,,,,,,,,,,,,,,,,,,,87671.0,2001.0,31.0,397.0,-1067959802.0,101.0,-15.0,-356.0,-5.0,-19.0,-60.0
1847,87684.0,41664.0,36974.0,41124.0,34594.0,87683.0,3.5366568565368652,,,,,,,,,,,,,,,,,,,,,,,,87681.0,2002.0,30.0,393.0,-1067959801.0,98.0,-16.0,-381.0,5.0,-8.0,-62.0
1848,87694.0,43073.0,38337.0,41429.0,34497.0,87693.0,3.5366568565368652,,,,,,,,,,,,,,,,,,,,,,,,87691.0,2003.0,30.0,389.0,-1067959801.0,95.0,-17.0,-405.0,36.0,-4.0,-52.0
1849,87704.0,43856.0,39744.0,42450.0,34350.0,87703.0,3.526099681854248,,,,,,,,,,,,,,,,,,,,,,,,87701.0,2004.0,30.0,385.0,-1067959801.0,92.0,-18.0,-430.0,43.0,-14.0,-44.0
1850,87714.0,44803.0,39623.0,43063.0,35787.0,87713.0,3.5102639198303223,,,,,,,,,,,,,,,,,,,,,,,,87711.0,2004.0,30.0,380.0,-1066911225.0,89.0,-19.0,-452.0,54.0,-14.0,-41.0
1851,87724.0,46265.0,43019.0,43431.0,33485.0,87723.0,3.499706745147705,,,,,,,,,,,,,,,,,,,,,,,,87721.0,1995.0,14.0,375.0,-1065862648.0,64.0,-51.0,-474.0,110.0,-9.0,-29.0
1852,87734.0,47326.0,43138.0,44494.0,34118.0,87733.0,3.4838709831237793,,,,,,,,,,,,,,,,,,,,,,,,87731.0,1995.0,14.0,371.0,-1065862648.0,59.0,-53.0,-495.0,82.0,7.0,-9.0
1853,87744.0,46783.0,42787.0,46919.0,35403.0,87743.0,3.473313808441162,,,,,,,,,,,,,,,,,,,,,,,,87741.0,1995.0,19.0,366.0,-1065862648.0,56.0,-42.0,-515.0,54.0,4.0,3.0
1854,87754.0,47223.0,40685.0,48703.0,38725.0,87753.0,3.473313808441162,,,,,,,,,,,,,,,,,,,,,,,,87751.0,1993.0,28.0,359.0,-1065861624.0,48.0,-25.0,-539.0,-9.0,-38.0,19.0
1855,87764.0,49191.0,41101.0,48363.0,39425.0,87763.0,3.462756633758545,,,,,,,,,,,,,,,,,,,,,,,,87761.0,1994.0,28.0,354.0,-1065862648.0,46.0,-26.0,-557.0,-94.0,-74.0,16.0
1856,87774.0,48953.0,40759.0,50513.0,40463.0,87773.0,3.4521994590759277,,,,,,,,,,,,,,,,,,,,,,,,87771.0,1995.0,27.0,348.0,-1065862649.0,43.0,-29.0,-573.0,-121.0,-116.0,39.0
1857,87784.0,50988.0,41164.0,50372.0,40756.0,87783.0,3.436363697052002,,,,,,,,,,,,,,,,,,,,,,,,87781.0,1996.0,26.0,343.0,-1066911225.0,42.0,-31.0,-588.0,-122.0,-184.0,48.0
1858,87794.0,50223.0,41157.0,52911.0,41309.0,87793.0,3.4258065223693848,,,,,,,,,,,,,,,,,,,,,,,,87791.0,1997.0,26.0,337.0,-1066912249.0,38.0,-33.0,-601.0,-149.0,-186.0,67.0
1859,87804.0,51577.0,41113.0,53463.0,41771.0,87803.0,3.4152493476867676,,,,,,,,,,,,,,,,,,,,,,,,87801.0,2000.0,29.0,331.0,-1067961849.0,42.0,-27.0,-613.0,-119.0,-210.0,84.0
1860,87814.0,53250.0,40794.0,53358.0,42810.0,87813.0,3.4152493476867676,,,,,,,,,,,,,,,,,,,,,,,,87811.0,2002.0,29.0,325.0,-1069010425.0,42.0,-27.0,-624.0,-99.0,-218.0,89.0
1861,87824.0,56102.0,41820.0,52294.0,42128.0,87823.0,3.4046921730041504,,,,,,,,,,,,,,,,,,,,,,,,87821.0,2002.0,29.0,318.0,-1069011450.0,39.0,-28.0,-633.0,-59.0,-176.0,115.0
1862,87834.0,55787.0,42581.0,53955.0,41845.0,87833.0,3.399413585662842,,,,,,,,,,,,,,,,,,,,,,,,87831.0,2003.0,29.0,312.0,-1069012474.0,36.0,-29.0,-639.0,7.0,-187.0,114.0
1863,87844.0,57293.0,44355.0,53261.0,40247.0,87843.0,3.3888564109802246,,,,,,,,,,,,,,,,,,,,,,,,87841.0,2006.0,27.0,307.0,-1069013498.0,39.0,-33.0,-638.0,59.0,-123.0,121.0
1864,87854.0,56619.0,46535.0,52077.0,41637.0,87853.0,3.383577823638916,,,,,,,,,,,,,,,,,,,,,,,,87851.0,2012.0,27.0,300.0,-1069014523.0,49.0,-33.0,-642.0,101.0,-48.0,133.0
1865,87864.0,56062.0,46694.0,53734.0,41850.0,87863.0,3.3782992362976074,,,,,,,,,,,,,,,,,,,,,,,,87861.0,2013.0,27.0,294.0,-1069014523.0,48.0,-34.0,-644.0,126.0,-11.0,150.0
1866,87874.0,57096.0,48060.0,53476.0,41008.0,87873.0,3.373020648956299,,,,,,,,,,,,,,,,,,,,,,,,87871.0,2013.0,26.0,287.0,-1067965948.0,46.0,-35.0,-644.0,128.0,55.0,159.0
1867,87884.0,56477.0,46983.0,54517.0,42043.0,87883.0,3.373020648956299,,,,,,,,,,,,,,,,,,,,,,,,87881.0,2014.0,28.0,282.0,-1067965948.0,45.0,-32.0,-637.0,129.0,86.0,155.0
1868,87894.0,56128.0,47622.0,55790.0,41872.0,87893.0,3.373020648956299,,,,,,,,,,,,,,,,,,,,,,,,87891.0,2015.0,29.0,276.0,-1067965949.0,43.0,-30.0,-638.0,107.0,128.0,165.0
1869,87904.0,55402.0,47844.0,57372.0,42054.0,87903.0,3.3677420616149902,,,,,,,,,,,,,,,,,,,,,,,,87901.0,2015.0,29.0,269.0,-1066917374.0,41.0,-32.0,-638.0,54.0,134.0,173.0
1870,87914.0,56085.0,47803.0,57463.0,42417.0,87913.0,3.3677420616149902,,,,,,,,,,,,,,,,,,,,,,,,87911.0,2015.0,30.0,263.0,-1066916350.0,38.0,-30.0,-635.0,-4.0,164.0,175.0
1871,87924.0,55344.0,47002.0,59234.0,43680.0,87923.0,3.3624634742736816,,,,,,,,,,,,,,,,,,,,,,,,87921.0,2015.0,31.0,256.0,-1066915327.0,34.0,-29.0,-635.0,-58.0,171.0,192.0
1872,87934.0,55711.0,47309.0,59571.0,43441.0,87933.0,3.3624634742736816,,,,,,,,,,,,,,,,,,,,,,,,87931.0,2015.0,32.0,250.0,-1066915328.0,30.0,-28.0,-629.0,-107.0,163.0,200.0
1873,87944.0,56415.0,47975.0,59635.0,42847.0,87943.0,3.3624634742736816,,,,,,,,,,,,,,,,,,,,,,,,87941.0,2017.0,28.0,243.0,-1066914816.0,33.0,-37.0,-624.0,-149.0,123.0,208.0
1874,87954.0,60580.0,42730.0,61068.0,43182.0,87953.0,3.3624634742736816,,,,,,,,,,,,,,,,,,,,,,,,87951.0,2035.0,25.0,237.0,-1067964415.0,71.0,-44.0,-618.0,-139.0,107.0,216.0
1875,87964.0,60996.0,42456.0,61856.0,42716.0,87963.0,3.357184886932373,,,,,,,,,,,,,,,,,,,,,,,,87961.0,2035.0,24.0,231.0,-1067964415.0,68.0,-45.0,-610.0,-156.0,86.0,222.0
1876,87974.0,60626.0,42902.0,62914.0,41482.0,87973.0,3.357184886932373,,,,,,,,,,,,,,,,,,,,,,,,87971.0,2034.0,26.0,225.0,-1069011966.0,59.0,-42.0,-595.0,-136.0,96.0,236.0
1877,87984.0,58146.0,47082.0,59400.0,43656.0,87983.0,3.357184886932373,,,,,,,,,,,,,,,,,,,,,,,,87981.0,2034.0,25.0,218.0,-1070060541.0,54.0,-44.0,-585.0,-114.0,148.0,235.0
1878,87994.0,58789.0,47001.0,59291.0,43499.0,87993.0,3.357184886932373,,,,,,,,,,,,,,,,,,,,,,,,87991.0,2035.0,25.0,212.0,-1070059516.0,52.0,-44.0,-575.0,-70.0,143.0,240.0
1879,88004.0,58715.0,47841.0,59703.0,42353.0,88003.0,3.357184886932373,,,,,,,,,,,,,,,,,,,,,,,,88001.0,2036.0,26.0,207.0,-1070059515.0,51.0,-43.0,-563.0,-37.0,193.0,246.0
1880,88014.0,59207.0,48463.0,59621.0,41461.0,88013.0,3.357184886932373,,,,,,,,,,,,,,,,,,,,,,,,88011.0,2037.0,25.0,201.0,-1071107066.0,47.0,-44.0,-552.0,17.0,192.0,244.0
1881,88024.0,58325.0,50127.0,60543.0,39873.0,88023.0,3.357184886932373,,,,,,,,,,,,,,,,,,,,,,,,88021.0,2024.0,14.0,195.0,-1070056441.0,8.0,-72.0,-541.0,37.0,220.0,249.0
1882,88034.0,59827.0,49939.0,59405.0,39569.0,88033.0,3.357184886932373,,,,,,,,,,,,,,,,,,,,,,,,88031.0,2024.0,13.0,190.0,-1069007865.0,3.0,-74.0,-528.0,18.0,206.0,265.0
1883,88044.0,59494.0,48524.0,59594.0,40904.0,88043.0,3.357184886932373,,,,,,,,,,,,,,,,,,,,,,,,88041.0,2024.0,12.0,185.0,-1069006840.0,-1.0,-75.0,-514.0,-27.0,158.0,245.0
1884,88054.0,58270.0,47712.0,60730.0,41608.0,88053.0,3.357184886932373,,,,,,,,,,,,,,,,,,,,,,,,88051.0,2024.0,13.0,180.0,-1070054391.0,-5.0,-73.0,-501.0,-90.0,75.0,230.0
1885,88064.0,58091.0,44851.0,61411.0,44359.0,88063.0,3.3624634742736816,,,,,,,,,,,,,,,,,,,,,,,,88061.0,2023.0,19.0,174.0,-1070054390.0,-12.0,-57.0,-492.0,-194.0,-28.0,237.0
1886,88074.0,57565.0,44421.0,62055.0,44379.0,88073.0,3.3624634742736816,,,,,,,,,,,,,,,,,,,,,,,,88071.0,2024.0,20.0,169.0,-1071102965.0,-15.0,-52.0,-478.0,-233.0,-136.0,241.0
1887,88084.0,57826.0,43080.0,61756.0,45362.0,88083.0,3.3624634742736816,,,,,,,,,,,,,,,,,,,,,,,,88081.0,2025.0,22.0,164.0,-1072151540.0,-16.0,-48.0,-464.0,-258.0,-231.0,236.0
1888,88094.0,59644.0,42398.0,59834.0,45700.0,88093.0,3.3677420616149902,,,,,,,,,,,,,,,,,,,,,,,,88091.0,2028.0,23.0,160.0,-536330227.0,-13.0,-44.0,-449.0,-276.0,-254.0,237.0
1889,88104.0,59143.0,42109.0,60917.0,45947.0,88103.0,3.3677420616149902,,,,,,,,,,,,,,,,,,,,,,,,88101.0,2030.0,25.0,154.0,-534235122.0,-12.0,-36.0,-442.0,-215.0,-307.0,236.0
1890,88114.0,60326.0,43726.0,59666.0,44030.0,88113.0,3.373020648956299,,,,,,,,,,,,,,,,,,,,,,,,88111.0,2031.0,20.0,150.0,-534236145.0,-13.0,-49.0,-429.0,-151.0,-281.0,235.0
1891,88124.0,61602.0,46644.0,58200.0,40830.0,88123.0,3.373020648956299,,,,,,,,,,,,,,,,,,,,,,,,88121.0,2033.0,5.0,146.0,-535285745.0,-10.0,-87.0,-415.0,-57.0,-242.0,221.0
1892,88134.0,61176.0,46568.0,58462.0,40414.0,88133.0,3.373020648956299,,,,,,,,,,,,,,,,,,,,,,,,88131.0,2033.0,6.0,142.0,-534238192.0,-12.0,-82.0,-399.0,45.0,-190.0,233.0
1893,88144.0,61661.0,46817.0,58547.0,40563.0,88143.0,3.373020648956299,,,,,,,,,,,,,,,,,,,,,,,,88141.0,2032.0,5.0,136.0,-534239215.0,-18.0,-81.0,-395.0,75.0,-120.0,226.0
1894,88154.0,61580.0,47456.0,58578.0,39574.0,88153.0,3.3782992362976074,,,,,,,,,,,,,,,,,,,,,,,,88151.0,2032.0,6.0,132.0,-534239215.0,-20.0,-77.0,-383.0,78.0,-60.0,218.0
1895,88164.0,60938.0,46628.0,59074.0,40112.0,88163.0,3.3782992362976074,,,,,,,,,,,,,,,,,,,,,,,,88161.0,2033.0,5.0,128.0,-534240238.0,-21.0,-75.0,-370.0,82.0,-20.0,208.0
1896,88174.0,60104.0,45680.0,59772.0,40640.0,88173.0,3.3782992362976074,,,,,,,,,,,,,,,,,,,,,,,,88171.0,2033.0,9.0,124.0,-534240237.0,-22.0,-60.0,-356.0,41.0,6.0,208.0
1897,88184.0,57874.0,46592.0,61882.0,39536.0,88183.0,3.3782992362976074,,,,,,,,,,,,,,,,,,,,,,,,88181.0,2029.0,9.0,121.0,-534239212.0,-40.0,-61.0,-345.0,-24.0,13.0,196.0
1898,88194.0,58839.0,45001.0,60711.0,40737.0,88193.0,3.3782992362976074,,,,,,,,,,,,,,,,,,,,,,,,88191.0,2028.0,9.0,118.0,-534239211.0,-42.0,-58.0,-331.0,-68.0,49.0,191.0
1899,88204.0,57361.0,44369.0,62091.0,41051.0,88203.0,3.3782992362976074,,,,,,,,,,,,,,,,,,,,,,,,88201.0,2028.0,8.0,114.0,-534239211.0,-47.0,-59.0,-319.0,-109.0,22.0,176.0
1900,88214.0,57693.0,43819.0,61491.0,41433.0,88213.0,3.383577823638916,,,,,,,,,,,,,,,,,,,,,,,,88211.0,2028.0,8.0,111.0,-534239210.0,-48.0,-55.0,-308.0,-152.0,2.0,174.0
1901,88224.0,57390.0,44880.0,61520.0,40110.0,88223.0,3.383577823638916,,,,,,,,,,,,,,,,,,,,,,,,88221.0,2027.0,7.0,108.0,-533190633.0,-51.0,-55.0,-295.0,-197.0,-24.0,155.0
1902,88234.0,57522.0,42940.0,61232.0,41862.0,88233.0,3.383577823638916,,,,,,,,,,,,,,,,,,,,,,,,88231.0,2028.0,8.0,105.0,-532142057.0,-48.0,-48.0,-285.0,-228.0,-28.0,150.0
1903,88244.0,56694.0,41596.0,61680.0,42730.0,88243.0,3.383577823638916,,,,,,,,,,,,,,,,,,,,,,,,88241.0,2030.0,15.0,102.0,-530045928.0,-40.0,-23.0,-270.0,-224.0,-69.0,132.0
1904,88254.0,55786.0,41878.0,62352.0,42196.0,88253.0,3.3888564109802246,,,,,,,,,,,,,,,,,,,,,,,,88251.0,2025.0,18.0,100.0,-528996327.0,-62.0,-6.0,-258.0,-210.0,-80.0,117.0
1905,88264.0,55731.0,42743.0,62143.0,40871.0,88263.0,3.3888564109802246,,,,,,,,,,,,,,,,,,,,,,,,88261.0,2025.0,18.0,97.0,-527947751.0,-63.0,-4.0,-245.0,-145.0,-94.0,116.0
1906,88274.0,56662.0,43288.0,60812.0,40006.0,88273.0,3.394134998321533,,,,,,,,,,,,,,,,,,,,,,,,88271.0,2024.0,18.0,95.0,-526900198.0,-67.0,-3.0,-232.0,-56.0,-93.0,119.0
1907,88284.0,56928.0,44090.0,60052.0,38782.0,88283.0,3.399413585662842,,,,,,,,,,,,,,,,,,,,,,,,88281.0,2024.0,17.0,93.0,-526900198.0,-68.0,-4.0,-219.0,33.0,-79.0,101.0
1908,88294.0,58388.0,45330.0,58252.0,37198.0,88293.0,3.399413585662842,,,,,,,,,,,,,,,,,,,,,,,,88291.0,2022.0,16.0,91.0,-526900198.0,-80.0,-4.0,-207.0,158.0,-104.0,95.0
1909,88304.0,58390.0,44410.0,58140.0,37488.0,88303.0,3.399413585662842,,,,,,,,,,,,,,,,,,,,,,,,88301.0,2022.0,15.0,89.0,-527949797.0,-79.0,-5.0,-195.0,296.0,-100.0,101.0
1910,88314.0,58392.0,45898.0,57776.0,35746.0,88313.0,3.399413585662842,,,,,,,,,,,,,,,,,,,,,,,,88311.0,2020.0,15.0,87.0,-528998373.0,-87.0,-6.0,-184.0,350.0,-123.0,104.0
1911,88324.0,56904.0,44370.0,57180.0,35066.0,88323.0,3.4046921730041504,,,,,,,,,,,,,,,,,,,,,,,,88321.0,2018.0,14.0,90.0,-530046949.0,-92.0,-7.0,-146.0,367.0,-116.0,100.0
1912,88334.0,56524.0,43958.0,56882.0,35140.0,88333.0,3.4046921730041504,,,,,,,,,,,,,,,,,,,,,,,,88331.0,2018.0,14.0,88.0,-532145124.0,-91.0,-7.0,-133.0,368.0,-100.0,86.0
1913,88344.0,55408.0,42376.0,57650.0,36486.0,88343.0,3.4152493476867676,,,,,,,,,,,,,,,,,,,,,,,,88341.0,2016.0,13.0,87.0,-533193700.0,-101.0,-6.0,-124.0,283.0,-127.0,77.0
1914,88354.0,54386.0,41528.0,58078.0,37332.0,88353.0,3.4152493476867676,,,,,,,,,,,,,,,,,,,,,,,,88351.0,2015.0,13.0,86.0,-534242276.0,-102.0,-7.0,-115.0,180.0,-154.0,50.0
1915,88364.0,53049.0,40619.0,58543.0,37745.0,88363.0,3.420527935028076,,,,,,,,,,,,,,,,,,,,,,,,88361.0,2014.0,13.0,85.0,-535291876.0,-102.0,-7.0,-101.0,54.0,-185.0,26.0
1916,88374.0,53238.0,40014.0,57892.0,38268.0,88373.0,3.4258065223693848,,,,,,,,,,,,,,,,,,,,,,,,88371.0,2013.0,13.0,84.0,-535292899.0,-104.0,-7.0,-93.0,-88.0,-187.0,10.0
1917,88384.0,51811.0,40821.0,59165.0,37327.0,88383.0,3.4310851097106934,,,,,,,,,,,,,,,,,,,,,,,,88381.0,2012.0,13.0,83.0,-535292899.0,-111.0,-9.0,-88.0,-89.0,-183.0,13.0
1918,88394.0,52075.0,40659.0,58387.0,37447.0,88393.0,3.436363697052002,,,,,,,,,,,,,,,,,,,,,,,,88391.0,2011.0,12.0,82.0,-535293923.0,-112.0,-11.0,-81.0,-120.0,-198.0,-13.0
1919,88404.0,53201.0,39825.0,57147.0,37779.0,88403.0,3.436363697052002,,,,,,,,,,,,,,,,,,,,,,,,88401.0,2010.0,12.0,82.0,-535294947.0,-112.0,-12.0,-73.0,-115.0,-208.0,-6.0
1920,88414.0,53088.0,39714.0,57018.0,37796.0,88413.0,3.436363697052002,,,,,,,,,,,,,,,,,,,,,,,,88411.0,2009.0,12.0,81.0,-534246371.0,-113.0,-12.0,-68.0,-49.0,-233.0,-6.0
1921,88424.0,53721.0,40511.0,56073.0,36939.0,88423.0,3.4416422843933105,,,,,,,,,,,,,,,,,,,,,,,,88421.0,2007.0,11.0,80.0,-534247396.0,-120.0,-14.0,-63.0,-5.0,-259.0,-6.0
1922,88434.0,52918.0,41718.0,56782.0,35486.0,88433.0,3.4416422843933105,,,,,,,,,,,,,,,,,,,,,,,,88431.0,2006.0,11.0,79.0,-534248420.0,-119.0,-14.0,-58.0,66.0,-223.0,-11.0
1923,88444.0,53231.0,42667.0,56261.0,34525.0,88443.0,3.4416422843933105,,,,,,,,,,,,,,,,,,,,,,,,88441.0,2005.0,11.0,79.0,-534249444.0,-118.0,-14.0,-55.0,124.0,-155.0,-21.0
1924,88454.0,53876.0,42306.0,55734.0,35100.0,88453.0,3.4416422843933105,,,,,,,,,,,,,,,,,,,,,,,,88451.0,2004.0,11.0,77.0,-534773732.0,-118.0,-14.0,-55.0,197.0,-120.0,-14.0
1925,88464.0,53983.0,41827.0,55293.0,35313.0,88463.0,3.436363697052002,,,,,,,,,,,,,,,,,,,,,,,,88461.0,2003.0,11.0,77.0,-535821284.0,-116.0,-15.0,-48.0,163.0,-150.0,-25.0
1926,88474.0,53920.0,40910.0,54882.0,36372.0,88473.0,3.436363697052002,,,,,,,,,,,,,,,,,,,,,,,,88471.0,2001.0,10.0,76.0,-536869860.0,-123.0,-16.0,-43.0,145.0,-210.0,-37.0
1927,88484.0,53986.0,39570.0,54408.0,37760.0,88483.0,3.436363697052002,,,,,,,,,,,,,,,,,,,,,,,,88481.0,2000.0,10.0,76.0,-1073739748.0,-121.0,-16.0,-39.0,92.0,-255.0,-46.0
1928,88494.0,53570.0,41144.0,54596.0,36026.0,88493.0,3.436363697052002,,,,,,,,,,,,,,,,,,,,,,,,88491.0,1999.0,10.0,75.0,-1072690148.0,-121.0,-17.0,-34.0,22.0,-266.0,-58.0
1929,88504.0,53575.0,40991.0,54915.0,36819.0,88503.0,3.436363697052002,,,,,,,,,,,,,,,,,,,,,,,,88501.0,1998.0,10.0,73.0,-1072689124.0,-117.0,-18.0,-39.0,-17.0,-252.0,-63.0
1930,88514.0,53903.0,39993.0,54193.0,37771.0,88513.0,3.436363697052002,,,,,,,,,,,,,,,,,,,,,,,,88511.0,1997.0,10.0,73.0,-1072688101.0,-120.0,-20.0,-34.0,-37.0,-270.0,-75.0
1931,88524.0,54711.0,38781.0,53007.0,38929.0,88523.0,3.436363697052002,,,,,,,,,,,,,,,,,,,,,,,,88521.0,1996.0,10.0,73.0,-1072687077.0,-117.0,-20.0,-29.0,-74.0,-331.0,-80.0
1932,88534.0,53817.0,38523.0,53687.0,39133.0,88533.0,3.436363697052002,,,,,,,,,,,,,,,,,,,,,,,,88531.0,1995.0,10.0,72.0,-1072686053.0,-114.0,-21.0,-26.0,-54.0,-450.0,-94.0
1933,88544.0,55189.0,39063.0,52677.0,39059.0,88543.0,3.436363697052002,,,,,,,,,,,,,,,,,,,,,,,,88541.0,1993.0,9.0,71.0,-1073733605.0,-110.0,-20.0,-31.0,-53.0,-455.0,-86.0
1934,88554.0,54458.0,40670.0,53164.0,37620.0,88553.0,3.436363697052002,,,,,,,,,,,,,,,,,,,,,,,,88551.0,1992.0,9.0,70.0,-1073731558.0,-108.0,-22.0,-30.0,-1.0,-416.0,-92.0
1935,88564.0,54658.0,42082.0,52766.0,36162.0,88563.0,3.436363697052002,,,,,,,,,,,,,,,,,,,,,,,,88561.0,1992.0,9.0,70.0,-1073730534.0,-110.0,-24.0,-26.0,61.0,-305.0,-98.0
1936,88574.0,54928.0,42894.0,52536.0,34858.0,88573.0,3.436363697052002,,,,,,,,,,,,,,,,,,,,,,,,88571.0,1990.0,9.0,70.0,-1073728486.0,-106.0,-23.0,-22.0,139.0,-224.0,-76.0
1937,88584.0,52972.0,41786.0,54114.0,35868.0,88583.0,3.436363697052002,,,,,,,,,,,,,,,,,,,,,,,,88581.0,1989.0,9.0,69.0,-1072678887.0,-100.0,-23.0,-21.0,168.0,-153.0,-76.0
1938,88594.0,53201.0,44061.0,53793.0,34025.0,88593.0,3.436363697052002,,,,,,,,,,,,,,,,,,,,,,,,88591.0,1988.0,8.0,69.0,-1072678887.0,-96.0,-23.0,-18.0,168.0,-48.0,-89.0
1939,88604.0,52711.0,43097.0,54361.0,34791.0,88603.0,3.4416422843933105,,,,,,,,,,,,,,,,,,,,,,,,88601.0,1987.0,8.0,68.0,-1071630311.0,-94.0,-24.0,-16.0,188.0,27.0,-80.0
1940,88614.0,51382.0,43266.0,55934.0,34382.0,88613.0,3.4416422843933105,,,,,,,,,,,,,,,,,,,,,,,,88611.0,1987.0,8.0,68.0,-1071630312.0,-91.0,-26.0,-16.0,179.0,76.0,-71.0
1941,88624.0,53281.0,41597.0,53753.0,36265.0,88623.0,3.4416422843933105,,,,,,,,,,,,,,,,,,,,,,,,88621.0,1986.0,8.0,68.0,-1070581736.0,-84.0,-27.0,-15.0,83.0,49.0,-73.0
1942,88634.0,54482.0,40332.0,53086.0,38064.0,88633.0,3.436363697052002,,,,,,,,,,,,,,,,,,,,,,,,88631.0,1985.0,8.0,67.0,-1070581736.0,-78.0,-28.0,-23.0,-2.0,-33.0,-77.0
1943,88644.0,55167.0,39365.0,52443.0,38981.0,88643.0,3.436363697052002,,,,,,,,,,,,,,,,,,,,,,,,88641.0,1984.0,8.0,66.0,-1069533160.0,-74.0,-30.0,-22.0,-64.0,-200.0,-64.0
1944,88654.0,53720.0,36576.0,53834.0,41602.0,88653.0,3.436363697052002,,,,,,,,,,,,,,,,,,,,,,,,88651.0,1983.0,7.0,66.0,-1070580713.0,-68.0,-31.0,-19.0,-137.0,-302.0,-47.0
1945,88664.0,53633.0,36453.0,54035.0,41455.0,88663.0,3.4310851097106934,,,,,,,,,,,,,,,,,,,,,,,,88661.0,1982.0,7.0,66.0,-1070579689.0,-62.0,-31.0,-18.0,-256.0,-398.0,-47.0
1946,88674.0,53297.0,37471.0,54675.0,40641.0,88673.0,3.4310851097106934,,,,,,,,,,,,,,,,,,,,,,,,88671.0,1982.0,7.0,65.0,-1071627241.0,-56.0,-32.0,-20.0,-346.0,-335.0,-34.0
1947,88684.0,52777.0,38669.0,55113.0,39469.0,88683.0,3.4310851097106934,,,,,,,,,,,,,,,,,,,,,,,,88681.0,1981.0,7.0,65.0,-1072673769.0,-49.0,-34.0,-19.0,-311.0,-203.0,-40.0
1948,88694.0,53445.0,40275.0,54501.0,37667.0,88693.0,3.4310851097106934,,,,,,,,,,,,,,,,,,,,,,,,88691.0,1981.0,7.0,64.0,-536850409.0,-46.0,-36.0,-18.0,-235.0,-102.0,-26.0
1949,88704.0,52614.0,41300.0,55024.0,36646.0,88703.0,3.4310851097106934,,,,,,,,,,,,,,,,,,,,,,,,88701.0,1980.0,7.0,64.0,-535801833.0,-39.0,-37.0,-14.0,-134.0,34.0,-37.0
1950,88714.0,52696.0,42120.0,54672.0,35580.0,88713.0,3.4310851097106934,,,,,,,,,,,,,,,,,,,,,,,,88711.0,1980.0,6.0,64.0,-534753257.0,-32.0,-36.0,-9.0,-41.0,177.0,-36.0
1951,88724.0,51578.0,43880.0,55930.0,33612.0,88723.0,3.436363697052002,,,,,,,,,,,,,,,,,,,,,,,,88721.0,1979.0,6.0,63.0,-534753257.0,-25.0,-36.0,-7.0,-3.0,310.0,-27.0
1952,88734.0,50949.0,43835.0,56591.0,33337.0,88733.0,3.436363697052002,,,,,,,,,,,,,,,,,,,,,,,,88731.0,1979.0,6.0,63.0,-534754281.0,-15.0,-38.0,-4.0,37.0,408.0,-14.0
1953,88744.0,51023.0,43921.0,56525.0,33099.0,88743.0,3.436363697052002,,,,,,,,,,,,,,,,,,,,,,,,88741.0,1979.0,6.0,63.0,-534755305.0,-8.0,-35.0,-2.0,14.0,455.0,-8.0
1954,88754.0,51166.0,42834.0,56776.0,33640.0,88753.0,3.4416422843933105,,,,,,,,,,,,,,,,,,,,,,,,88751.0,1979.0,5.0,63.0,-534757353.0,-3.0,-36.0,-1.0,-25.0,504.0,20.0
1955,88764.0,50792.0,42290.0,57352.0,34126.0,88763.0,3.4416422843933105,,,,,,,,,,,,,,,,,,,,,,,,88761.0,1978.0,5.0,63.0,-534758377.0,4.0,-34.0,-1.0,-8.0,432.0,36.0
1956,88774.0,50958.0,40646.0,57366.0,35518.0,88773.0,3.4416422843933105,,,,,,,,,,,,,,,,,,,,,,,,88771.0,1979.0,4.0,63.0,-534760425.0,8.0,-33.0,-1.0,-82.0,367.0,47.0
1957,88784.0,51800.0,39240.0,56678.0,36694.0,88783.0,3.4416422843933105,,,,,,,,,,,,,,,,,,,,,,,,88781.0,1978.0,5.0,63.0,-534761449.0,19.0,-34.0,0.0,-143.0,289.0,57.0
1958,88794.0,52809.0,38503.0,55697.0,37211.0,88793.0,3.4416422843933105,,,,,,,,,,,,,,,,,,,,,,,,88791.0,1978.0,4.0,63.0,-534762473.0,24.0,-32.0,1.0,-175.0,189.0,59.0
1959,88804.0,53624.0,36792.0,54782.0,38714.0,88803.0,3.4416422843933105,,,,,,,,,,,,,,,,,,,,,,,,88801.0,1978.0,4.0,63.0,-533714921.0,30.0,-31.0,3.0,-197.0,45.0,66.0
1960,88814.0,55314.0,36692.0,53292.0,38430.0,88813.0,3.446920871734619,,,,,,,,,,,,,,,,,,,,,,,,88811.0,1979.0,3.0,63.0,-533714920.0,34.0,-30.0,6.0,-151.0,-53.0,80.0
1961,88824.0,56717.0,36379.0,51721.0,38519.0,88823.0,3.4416422843933105,,,,,,,,,,,,,,,,,,,,,,,,88821.0,1979.0,3.0,63.0,-532666344.0,42.0,-29.0,10.0,-123.0,-156.0,81.0
1962,88834.0,57336.0,36352.0,50914.0,38330.0,88833.0,3.4416422843933105,,,,,,,,,,,,,,,,,,,,,,,,88831.0,1979.0,3.0,63.0,-532665320.0,44.0,-29.0,13.0,-31.0,-251.0,75.0
1963,88844.0,55904.0,36792.0,52098.0,37862.0,88843.0,3.446920871734619,,,,,,,,,,,,,,,,,,,,,,,,88841.0,1980.0,3.0,63.0,-531615719.0,51.0,-26.0,16.0,88.0,-277.0,63.0
1964,88854.0,55107.0,37087.0,52241.0,37089.0,88853.0,3.446920871734619,,,,,,,,,,,,,,,,,,,,,,,,88851.0,1980.0,3.0,65.0,-532663271.0,55.0,-26.0,24.0,107.0,-185.0,52.0
1965,88864.0,53139.0,39305.0,54115.0,34985.0,88863.0,3.446920871734619,,,,,,,,,,,,,,,,,,,,,,,,88861.0,1981.0,2.0,65.0,-532662247.0,60.0,-23.0,23.0,85.0,-18.0,41.0
1966,88874.0,51800.0,39734.0,55330.0,34688.0,88873.0,3.4521994590759277,,,,,,,,,,,,,,,,,,,,,,,,88871.0,1981.0,2.0,65.0,-532662247.0,66.0,-23.0,22.0,72.0,174.0,28.0
1967,88884.0,51784.0,41278.0,55016.0,33306.0,88883.0,3.446920871734619,,,,,,,,,,,,,,,,,,,,,,,,88881.0,1982.0,2.0,65.0,-532663271.0,68.0,-21.0,23.0,67.0,336.0,12.0
1968,88894.0,50231.0,41129.0,55909.0,33315.0,88893.0,3.446920871734619,,,,,,,,,,,,,,,,,,,,,,,,88891.0,1983.0,2.0,66.0,-533712871.0,73.0,-20.0,29.0,26.0,487.0,-12.0
1969,88904.0,50374.0,42440.0,55018.0,32612.0,88903.0,3.4521994590759277,,,,,,,,,,,,,,,,,,,,,,,,88901.0,1984.0,1.0,67.0,-533713895.0,77.0,-18.0,29.0,55.0,542.0,-56.0
1970,88914.0,49718.0,42964.0,55284.0,32418.0,88913.0,3.4521994590759277,,,,,,,,,,,,,,,,,,,,,,,,88911.0,1984.0,1.0,67.0,-533715943.0,86.0,-14.0,29.0,66.0,614.0,-81.0
1971,88924.0,48289.0,41601.0,56205.0,34133.0,88923.0,3.4521994590759277,,,,,,,,,,,,,,,,,,,,,,,,88921.0,1985.0,1.0,67.0,-533717991.0,88.0,-14.0,30.0,34.0,632.0,-110.0
1972,88934.0,48731.0,41719.0,55713.0,34237.0,88933.0,3.446920871734619,,,,,,,,,,,,,,,,,,,,,,,,88931.0,1986.0,1.0,67.0,-533720040.0,92.0,-12.0,27.0,-17.0,614.0,-123.0
1973,88944.0,49426.0,39842.0,54764.0,35988.0,88943.0,3.4521994590759277,,,,,,,,,,,,,,,,,,,,,,,,88941.0,1987.0,0.0,68.0,-534770664.0,92.0,-12.0,28.0,-39.0,490.0,-113.0
1974,88954.0,48558.0,37942.0,55274.0,38422.0,88953.0,3.4521994590759277,,,,,,,,,,,,,,,,,,,,,,,,88951.0,1988.0,0.0,69.0,-533724136.0,94.0,-10.0,26.0,-108.0,387.0,-142.0
1975,88964.0,49493.0,37433.0,54361.0,39029.0,88963.0,3.446920871734619,,,,,,,,,,,,,,,,,,,,,,,,88961.0,1989.0,0.0,69.0,-533199849.0,99.0,-8.0,24.0,-233.0,267.0,-145.0
1976,88974.0,50140.0,36710.0,53786.0,39628.0,88973.0,3.4521994590759277,,,,,,,,,,,,,,,,,,,,,,,,88971.0,1990.0,0.0,69.0,-532150249.0,100.0,-6.0,24.0,-244.0,116.0,-137.0
1977,88984.0,50662.0,37084.0,53256.0,39034.0,88983.0,3.4521994590759277,,,,,,,,,,,,,,,,,,,,,,,,88981.0,1991.0,0.0,69.0,-531101674.0,99.0,-5.0,25.0,-227.0,68.0,-109.0
1978,88994.0,49157.0,37567.0,54527.0,38625.0,88993.0,3.4521994590759277,,,,,,,,,,,,,,,,,,,,,,,,88991.0,1992.0,0.0,70.0,-530052074.0,97.0,-2.0,26.0,-207.0,59.0,-110.0
1979,89004.0,49041.0,37509.0,54519.0,38943.0,89003.0,3.4521994590759277,,,,,,,,,,,,,,,,,,,,,,,,89001.0,1993.0,0.0,70.0,-530052075.0,102.0,0.0,24.0,-203.0,92.0,-116.0
1980,89014.0,48333.0,38921.0,54907.0,37971.0,89013.0,3.4521994590759277,,,,,,,,,,,,,,,,,,,,,,,,89011.0,1994.0,0.0,70.0,-529003499.0,99.0,0.0,22.0,-163.0,145.0,-138.0
1981,89024.0,48466.0,39642.0,54366.0,37702.0,89023.0,3.4521994590759277,,,,,,,,,,,,,,,,,,,,,,,,89021.0,1995.0,0.0,71.0,-527953900.0,95.0,3.0,25.0,-114.0,210.0,-158.0
1982,89034.0,47671.0,41061.0,54483.0,36401.0,89033.0,3.4521994590759277,,,,,,,,,,,,,,,,,,,,,,,,89031.0,1996.0,0.0,71.0,-527953900.0,95.0,6.0,24.0,-64.0,291.0,-182.0
1983,89044.0,48286.0,42184.0,53924.0,35282.0,89043.0,3.446920871734619,,,,,,,,,,,,,,,,,,,,,,,,89041.0,1997.0,0.0,72.0,-527952877.0,97.0,9.0,22.0,0.0,360.0,-178.0
1984,89054.0,48685.0,43319.0,53493.0,34303.0,89053.0,3.446920871734619,,,,,,,,,,,,,,,,,,,,,,,,89051.0,1998.0,0.0,72.0,-527951854.0,95.0,11.0,20.0,115.0,379.0,-173.0
1985,89064.0,48180.0,42930.0,54062.0,34632.0,89063.0,3.446920871734619,,,,,,,,,,,,,,,,,,,,,,,,89061.0,1999.0,0.0,72.0,-527949806.0,92.0,14.0,20.0,192.0,396.0,-162.0
1986,89074.0,49278.0,41798.0,52502.0,35450.0,89073.0,3.446920871734619,,,,,,,,,,,,,,,,,,,,,,,,89071.0,2000.0,0.0,73.0,-528997359.0,87.0,15.0,25.0,277.0,340.0,-157.0
1987,89084.0,47650.0,42460.0,54230.0,34676.0,89083.0,3.446920871734619,,,,,,,,,,,,,,,,,,,,,,,,89081.0,2000.0,0.0,73.0,-530043887.0,83.0,17.0,24.0,270.0,315.0,-142.0
1988,89094.0,49072.0,42632.0,53000.0,34544.0,89093.0,3.446920871734619,,,,,,,,,,,,,,,,,,,,,,,,89091.0,2001.0,0.0,74.0,-530042864.0,83.0,23.0,21.0,277.0,279.0,-125.0
1989,89104.0,50704.0,43454.0,51414.0,34004.0,89103.0,3.446920871734619,,,,,,,,,,,,,,,,,,,,,,,,89101.0,2002.0,0.0,74.0,-531090416.0,78.0,24.0,17.0,320.0,206.0,-126.0
1990,89114.0,50100.0,41692.0,51968.0,35440.0,89113.0,3.4521994590759277,,,,,,,,,,,,,,,,,,,,,,,,89111.0,2003.0,1.0,75.0,-533186545.0,77.0,24.0,18.0,298.0,161.0,-117.0
1991,89124.0,50095.0,40515.0,52113.0,36653.0,89123.0,3.4521994590759277,,,,,,,,,,,,,,,,,,,,,,,,89121.0,2004.0,1.0,75.0,-534235121.0,70.0,26.0,15.0,269.0,82.0,-96.0
1992,89134.0,49959.0,40369.0,52309.0,37031.0,89133.0,3.4521994590759277,,,,,,,,,,,,,,,,,,,,,,,,89131.0,2004.0,1.0,75.0,-534234097.0,66.0,31.0,12.0,163.0,14.0,-101.0
1993,89144.0,48569.0,38601.0,54003.0,38787.0,89143.0,3.4574780464172363,,,,,,,,,,,,,,,,,,,,,,,,89141.0,2005.0,2.0,75.0,-535282674.0,62.0,31.0,8.0,68.0,-27.0,-84.0
1994,89154.0,49525.0,39975.0,53107.0,37605.0,89153.0,3.4521994590759277,,,,,,,,,,,,,,,,,,,,,,,,89151.0,2005.0,2.0,75.0,-536331250.0,55.0,31.0,6.0,-3.0,-55.0,-82.0
1995,89164.0,49150.0,39944.0,53754.0,38096.0,89163.0,3.4521994590759277,,,,,,,,,,,,,,,,,,,,,,,,89161.0,2006.0,2.0,75.0,-535283698.0,53.0,34.0,0.0,-29.0,-71.0,-89.0
1996,89174.0,47924.0,39706.0,55154.0,38228.0,89173.0,3.4574780464172363,,,,,,,,,,,,,,,,,,,,,,,,89171.0,2006.0,3.0,75.0,-535283699.0,47.0,33.0,-1.0,-59.0,-74.0,-73.0
1997,89184.0,47978.0,39706.0,55398.0,38090.0,89183.0,3.4521994590759277,,,,,,,,,,,,,,,,,,,,,,,,89181.0,2007.0,3.0,75.0,-535283699.0,41.0,36.0,-2.0,-123.0,-41.0,-56.0
1998,89194.0,48071.0,39521.0,55387.0,38433.0,89193.0,3.4521994590759277,,,,,,,,,,,,,,,,,,,,,,,,89191.0,2007.0,3.0,75.0,-535283699.0,37.0,35.0,-5.0,-143.0,4.0,-46.0
1999,89204.0,48769.0,40957.0,55017.0,37485.0,89203.0,3.4521994590759277,,,,,,,,,,,,,,,,,,,,,,,,89201.0,2007.0,4.0,74.0,-534235123.0,31.0,36.0,-11.0,-103.0,75.0,-49.0
2000,89214.0,48575.0,41139.0,55479.0,37283.0,89213.0,3.4521994590759277,,,,,,,,,,,,,,,,,,,,,,,,89211.0,2008.0,4.0,74.0,-534235124.0,26.0,37.0,-14.0,4.0,34.0,-45.0
2001,89224.0,49624.0,41588.0,54552.0,37024.0,89223.0,3.446920871734619,,,,,,,,,,,,,,,,,,,,,,,,89221.0,2008.0,5.0,73.0,-533185524.0,21.0,40.0,-17.0,47.0,10.0,-37.0
2002,89234.0,49865.0,41707.0,54591.0,36865.0,89233.0,3.446920871734619,,,,,,,,,,,,,,,,,,,,,,,,89231.0,2008.0,5.0,73.0,-534234100.0,15.0,41.0,-19.0,84.0,-6.0,-26.0
2003,89244.0,51552.0,42308.0,52926.0,36362.0,89243.0,3.4416422843933105,,,,,,,,,,,,,,,,,,,,,,,,89241.0,2008.0,5.0,71.0,-534234100.0,11.0,41.0,-29.0,156.0,-76.0,-28.0
2004,89254.0,51937.0,43339.0,53167.0,36145.0,89253.0,3.4416422843933105,,,,,,,,,,,,,,,,,,,,,,,,89251.0,2008.0,6.0,71.0,-534234100.0,4.0,42.0,-30.0,268.0,-78.0,-31.0
2005,89264.0,52164.0,43188.0,53006.0,36526.0,89263.0,3.4416422843933105,,,,,,,,,,,,,,,,,,,,,,,,89261.0,2008.0,6.0,71.0,-535283700.0,0.0,41.0,-33.0,372.0,-145.0,-31.0
2006,89274.0,54195.0,43497.0,51207.0,36565.0,89273.0,3.436363697052002,,,,,,,,,,,,,,,,,,,,,,,,89271.0,2008.0,7.0,70.0,-1073203188.0,-5.0,47.0,-37.0,423.0,-160.0,-35.0
2007,89284.0,53988.0,44282.0,51702.0,36020.0,89283.0,3.436363697052002,,,,,,,,,,,,,,,,,,,,,,,,89281.0,2008.0,7.0,70.0,-1071107060.0,-11.0,46.0,-42.0,436.0,-205.0,-37.0
2008,89294.0,53862.0,42882.0,51822.0,37774.0,89293.0,3.4310851097106934,,,,,,,,,,,,,,,,,,,,,,,,89291.0,2007.0,8.0,69.0,-1070058485.0,-15.0,45.0,-44.0,420.0,-237.0,-47.0
2009,89304.0,54401.0,42091.0,51687.0,38481.0,89303.0,3.4310851097106934,,,,,,,,,,,,,,,,,,,,,,,,89301.0,2007.0,8.0,69.0,-1067962357.0,-19.0,45.0,-47.0,371.0,-352.0,-30.0
2010,89314.0,54053.0,41299.0,52179.0,39461.0,89313.0,3.4310851097106934,,,,,,,,,,,,,,,,,,,,,,,,89311.0,2007.0,9.0,68.0,-1066914805.0,-27.0,45.0,-49.0,313.0,-385.0,-31.0
2011,89324.0,53130.0,40774.0,53362.0,39882.0,89323.0,3.4310851097106934,,,,,,,,,,,,,,,,,,,,,,,,89321.0,2006.0,9.0,68.0,-1065867253.0,-30.0,43.0,-49.0,174.0,-418.0,-14.0
2012,89334.0,52045.0,41045.0,54463.0,39571.0,89333.0,3.4310851097106934,,,,,,,,,,,,,,,,,,,,,,,,89331.0,2006.0,10.0,67.0,-1064820725.0,-34.0,42.0,-48.0,61.0,-380.0,-6.0
2013,89344.0,50167.0,41839.0,56045.0,39021.0,89343.0,3.4310851097106934,,,,,,,,,,,,,,,,,,,,,,,,89341.0,2005.0,11.0,67.0,-1064821749.0,-38.0,41.0,-46.0,11.0,-290.0,-24.0
2014,89354.0,49370.0,42760.0,56556.0,38238.0,89353.0,3.4258065223693848,,,,,,,,,,,,,,,,,,,,,,,,89351.0,2005.0,11.0,67.0,-1064822773.0,-40.0,38.0,-44.0,-50.0,-181.0,-47.0
2015,89364.0,48108.0,42432.0,57070.0,38930.0,89363.0,3.4310851097106934,,,,,,,,,,,,,,,,,,,,,,,,89361.0,2004.0,12.0,66.0,-1064823797.0,-46.0,37.0,-39.0,-93.0,-89.0,-75.0
2016,89374.0,48335.0,42175.0,56537.0,39241.0,89373.0,3.4310851097106934,,,,,,,,,,,,,,,,,,,,,,,,89371.0,2004.0,12.0,66.0,-1064823797.0,-50.0,35.0,-35.0,-124.0,-42.0,-95.0
2017,89384.0,49838.0,42394.0,55292.0,39392.0,89383.0,3.4310851097106934,,,,,,,,,,,,,,,,,,,,,,,,89381.0,2003.0,12.0,64.0,-1065872374.0,-51.0,33.0,-38.0,-128.0,-57.0,-91.0
2018,89394.0,50537.0,41769.0,54381.0,39989.0,89393.0,3.4310851097106934,,,,,,,,,,,,,,,,,,,,,,,,89391.0,2003.0,12.0,64.0,-1065873398.0,-50.0,27.0,-35.0,-99.0,-116.0,-89.0
2019,89404.0,51540.0,40270.0,53352.0,41498.0,89403.0,3.4258065223693848,,,,,,,,,,,,,,,,,,,,,,,,89401.0,2002.0,13.0,63.0,-1066921974.0,-56.0,28.0,-34.0,-94.0,-222.0,-96.0
2020,89414.0,52874.0,41694.0,52090.0,39922.0,89413.0,3.4258065223693848,,,,,,,,,,,,,,,,,,,,,,,,89411.0,2001.0,13.0,63.0,-1066921975.0,-57.0,23.0,-33.0,-4.0,-368.0,-84.0
2021,89424.0,52854.0,41950.0,52644.0,39900.0,89423.0,3.4258065223693848,,,,,,,,,,,,,,,,,,,,,,,,89421.0,2001.0,13.0,61.0,-1066924023.0,-57.0,20.0,-37.0,87.0,-411.0,-60.0
2022,89434.0,54173.0,43363.0,51333.0,38351.0,89433.0,3.4258065223693848,,,,,,,,,,,,,,,,,,,,,,,,89431.0,2000.0,13.0,61.0,-1066925047.0,-58.0,19.0,-35.0,130.0,-373.0,-54.0
2023,89444.0,52373.0,42937.0,52953.0,38713.0,89443.0,3.4258065223693848,,,,,,,,,,,,,,,,,,,,,,,,89441.0,1999.0,13.0,61.0,-1066401783.0,-62.0,18.0,-31.0,182.0,-296.0,-54.0
2024,89454.0,0.0,0.0,0.0,0.0,89453.0,3.4258065223693848,,,,,,,,,,,,,,,,,,,,,,,,89451.0,1998.0,14.0,60.0,-1066400759.0,-64.0,16.0,-29.0,176.0,-238.0,-69.0
2025,89464.0,0.0,0.0,0.0,0.0,89463.0,3.4258065223693848,,,,,,,,,,,,,,,,,,,,,,,,89461.0,1998.0,13.0,60.0,-1065351160.0,-60.0,13.0,-28.0,135.0,-131.0,-42.0
2026,89474.0,0.0,0.0,0.0,0.0,89473.0,3.747800588607788,,,,,,,,,,,,,,,,,,,,,,,,89471.0,1997.0,14.0,60.0,-1064301560.0,-59.0,12.0,-28.0,115.0,-46.0,-4.0
2027,89484.0,0.0,0.0,0.0,0.0,89483.0,3.826979398727417,,,,,,,,,,,,,,,,,,,,,,,,89481.0,1997.0,14.0,59.0,-1064301560.0,-56.0,10.0,-35.0,138.0,28.0,28.0
2028,89494.0,0.0,0.0,0.0,0.0,89493.0,3.826979398727417,,,,,,,,,,,,,,,,,,,,,,,,89491.0,1996.0,14.0,59.0,-1063252984.0,-57.0,8.0,-49.0,98.0,116.0,47.0
2029,89504.0,0.0,0.0,0.0,0.0,89503.0,3.8428151607513428,,,,,,,,,,,,,,,,,,,,,,,,89501.0,1995.0,14.0,58.0,-1063252984.0,-55.0,6.0,-68.0,125.0,171.0,70.0
2030,89514.0,0.0,0.0,0.0,0.0,89513.0,3.8480937480926514,,,,,,,,,,,,,,,,,,,,,,,,89511.0,1995.0,14.0,59.0,-1063254007.0,-55.0,4.0,-85.0,172.0,226.0,108.0
2031,89524.0,0.0,0.0,0.0,0.0,89523.0,3.8480937480926514,,,,,,,,,,,,,,,,,,,,,,,,89521.0,1994.0,14.0,58.0,-1062206455.0,-54.0,3.0,-114.0,116.0,266.0,128.0
2032,89534.0,0.0,0.0,0.0,0.0,89533.0,3.85337233543396,,,,,,,,,,,,,,,,,,,,,,,,89531.0,1994.0,14.0,56.0,-1061158903.0,-53.0,0.0,-144.0,122.0,313.0,146.0
2033,89544.0,0.0,0.0,0.0,0.0,89543.0,3.8480937480926514,,,,,,,,,,,,,,,,,,,,,,,,89541.0,1993.0,14.0,55.0,-1060633590.0,-52.0,0.0,-181.0,88.0,350.0,171.0
