,motor_timestamp,m1,m2,m3,m4,bat_timestamp,bat_volt,cmd_timestamp,cmd_thrust,cmd_act_thrust,cmd_roll,cmd_pitch,cmd_yawrate,stabilizer_timestamp,des_x,des_y,des_z,des_timestamp,des_vx,des_vy,des_vz,cmd_ax,cmd_ay,cmd_az,mocap_output_timestamp,mocap_x,mocap_y,mocap_z,mocap_qx,mocap_qy,mocap_qz,mocap_qw,stateZ_timestamp,stateZ_x,stateZ_y,stateZ_z,stateZ_quat,stateZ_vx,stateZ_vy,stateZ_vz,stateZ_rollrate,stateZ_pitchrate,stateZ_yawrate
0,10532.0,0.0,0.0,0.0,0.0,10531.0,3.7583577632904053,,,,,,,,0.0,0.0,0.023,2.0858960151672363,0.006,-0.011,-0.011,0.0,0.0,0.0,,,,,,,,,10528.0,0.0,0.0,0.0,-1073741824.0,0.0,0.0,0.0,-3.0,0.0,1.0
1,10542.0,0.0,0.0,0.0,0.0,10541.0,3.7583577632904053,,,,,,,,0.0,0.0,0.026,2.1055428981781006,-0.003,0.004,0.005,0.0,0.0,0.0,,,,,,,,,10538.0,0.0,0.0,0.0,-536346112.0,1.0,0.0,0.0,-3.0,1.0,-4.0
2,10552.0,0.0,0.0,0.0,0.0,10551.0,3.7583577632904053,,,,,,,,0.0,0.0,0.026,2.1224565505981445,-0.003,0.003,0.006,0.0,0.0,0.0,,,,,,,,,10548.0,0.0,0.0,0.0,-536346112.0,1.0,-1.0,0.0,1.0,-1.0,2.0
3,10562.0,0.0,0.0,0.0,0.0,10561.0,3.7583577632904053,,,,,,,,0.0,0.0,0.026,2.1372575759887695,-0.003,0.004,0.006,0.0,0.0,0.0,,,,,,,,,10558.0,0.0,0.0,100.0,-1073217024.0,0.0,-4.0,0.0,0.0,-2.0,-2.0
4,10572.0,0.0,0.0,0.0,0.0,10571.0,3.7583577632904053,,,,,,,,0.0,0.0,0.024,2.149547576904297,-0.001,0.008,-0.004,0.0,0.0,0.0,,,,,,,,,10568.0,0.0,0.0,30.0,-1073217024.0,0.0,-5.0,0.0,0.0,3.0,0.0
5,10582.0,0.0,0.0,0.0,0.0,10581.0,3.7583577632904053,,,,,,,,0.0,0.0,0.024,2.1619458198547363,-0.002,0.007,-0.004,0.0,0.0,0.0,,,,,,,,,10578.0,0.0,0.0,30.0,-536870400.0,2.0,-3.0,0.0,0.0,0.0,0.0
6,10592.0,0.0,0.0,0.0,0.0,10591.0,3.7583577632904053,,,,,,,,0.0,0.0,0.024,2.173938274383545,-0.002,0.007,-0.002,0.0,0.0,0.0,,,,,,,,,10588.0,0.0,0.0,30.0,-1073217024.0,2.0,-6.0,0.0,0.0,0.0,6.0
7,10602.0,0.0,0.0,0.0,0.0,10601.0,3.7583577632904053,,,,,,,,0.0,0.0,0.025,2.192153215408325,0.005,0.01,0.004,0.0,0.0,0.0,,,,,,,,,10598.0,0.0,0.0,30.0,-1073217024.0,2.0,-7.0,0.0,-5.0,4.0,-4.0
8,10612.0,0.0,0.0,0.0,0.0,10611.0,3.7583577632904053,,,,,,,,0.001,0.001,0.025,2.2139129638671875,0.008,0.007,0.01,0.0,0.0,0.0,,,,,,,,,10608.0,0.0,0.0,30.0,-535296512.0,-2.0,-5.0,0.0,0.0,-2.0,0.0
9,10622.0,0.0,0.0,0.0,0.0,10621.0,3.7583577632904053,,,,,,,,0.001,0.001,0.025,2.2319788932800293,0.011,0.01,0.006,0.0,0.0,0.0,,,,,,,,,10618.0,0.0,0.0,25.0,-535297536.0,1.0,-2.0,-5.0,0.0,0.0,3.0
10,10632.0,0.0,0.0,0.0,0.0,10631.0,3.7583577632904053,,,,,,,,0.003,0.003,0.025,2.2452266216278076,0.025,0.008,0.01,0.0,0.0,0.0,,,,,,,,,10628.0,0.0,0.0,25.0,-535296512.0,-2.0,-2.0,-4.0,-2.0,0.0,-2.0
11,10642.0,0.0,0.0,0.0,0.0,10641.0,3.7583577632904053,,,,,,,,0.004,0.004,0.025,2.260108232498169,0.031,0.008,0.012,0.0,0.0,0.0,,,,,,,,,10638.0,0.0,0.0,25.0,-536346112.0,0.0,-8.0,-4.0,0.0,2.0,-2.0
12,10652.0,0.0,0.0,0.0,0.0,10651.0,3.7583577632904053,,,,,,,,0.005,0.005,0.027,2.2743260860443115,0.038,0.017,0.032,0.0,0.0,0.0,,,,,,,,,10648.0,0.0,0.0,25.0,-536345088.0,-1.0,-9.0,-5.0,1.0,0.0,-4.0
13,10662.0,0.0,0.0,0.0,0.0,10661.0,3.7583577632904053,,,,,,,,0.007,0.007,0.027,2.288145065307617,0.048,0.022,0.046,0.0,0.0,0.0,,,,,,,,,10658.0,0.0,0.0,25.0,-536345088.0,-1.0,-10.0,-6.0,-4.0,0.0,1.0
14,10672.0,0.0,0.0,0.0,0.0,10671.0,3.7583577632904053,,,,,,,,0.008,0.008,0.029,2.3041186332702637,0.048,0.028,0.085,0.0,0.0,0.0,,,,,,,,,10668.0,0.0,0.0,25.0,-534247936.0,0.0,0.0,-5.0,0.0,-2.0,-1.0
15,10682.0,0.0,0.0,0.0,0.0,10681.0,3.7583577632904053,,,,,,,,0.009,0.009,0.026,2.3174235820770264,0.043,0.034,0.087,0.0,0.0,0.0,,,,,,,,,10678.0,0.0,0.0,25.0,-534247936.0,0.0,-5.0,-5.0,-1.0,4.0,-2.0
16,10692.0,0.0,0.0,0.0,0.0,10691.0,3.7583577632904053,,,,,,,,0.008,0.008,0.027,2.33276629447937,0.034,0.033,0.107,0.0,0.0,0.0,,,,,,,,,10688.0,0.0,0.0,25.0,-535296512.0,1.0,-7.0,-5.0,0.0,0.0,-2.0
17,10702.0,0.0,0.0,0.0,0.0,10701.0,3.7583577632904053,,,,,,,,0.006,0.006,0.029,2.3454430103302,0.005,0.051,0.148,0.0,0.0,0.0,,,,,,,,,10698.0,0.0,0.0,25.0,-535296512.0,0.0,-7.0,-6.0,0.0,-2.0,0.0
18,10712.0,0.0,0.0,0.0,0.0,10711.0,3.7583577632904053,,,,,,,,0.006,0.006,0.023,2.359572410583496,-0.006,0.045,0.126,0.0,0.0,0.0,,,,,,,,,10708.0,0.0,0.0,23.0,-533199360.0,0.0,0.0,-11.0,0.0,0.0,0.0
19,10722.0,0.0,0.0,0.0,0.0,10721.0,3.7583577632904053,,,,,,,,0.004,0.004,0.026,2.3756072521209717,-0.03,0.012,0.169,0.0,0.0,0.0,,,,,,,,,10718.0,0.0,0.0,23.0,-533199360.0,0.0,-1.0,-11.0,0.0,4.0,0.0
20,10732.0,0.0,0.0,0.0,0.0,10731.0,3.7583577632904053,,,,,,,,0.002,0.002,0.027,2.389704704284668,-0.052,0.0,0.187,0.0,0.0,0.0,,,,,,,,,10728.0,0.0,0.0,23.0,-535821824.0,6.0,-10.0,-11.0,1.0,-1.0,1.0
21,10742.0,47661.0,47458.0,47346.0,47543.0,10741.0,3.7583577632904053,,,,,,,,0.0,0.0,0.029,2.4028186798095703,-0.071,0.002,0.205,0.0,0.0,0.0,,,,,,,,,10738.0,0.0,0.0,23.0,-535821824.0,6.0,-11.0,-11.0,-3.0,0.0,-1.0
22,10752.0,45999.0,46897.0,48481.0,47562.0,10751.0,3.763636350631714,,,,,,,,-0.012,-0.012,0.028,2.4156172275543213,-0.156,0.0,0.208,0.0,0.0,0.0,,,,,,,,,10748.0,0.0,0.0,26.0,-535821824.0,6.0,-11.0,5.0,4.0,1.0,2.0
23,10762.0,57037.0,57227.0,58034.0,57912.0,10761.0,3.0932552814483643,,,,,,,,-0.015,-0.015,0.03,2.4290030002593994,-0.175,-0.006,0.223,0.0,0.0,0.0,,,,,,,,,10758.0,0.0,0.0,26.0,-533199360.0,-3.0,4.0,5.0,3.0,7.0,-5.0
24,10772.0,61954.0,62292.0,62746.0,62125.0,10771.0,2.860996961593628,,,,,,,,-0.016,-0.016,0.032,2.4417405128479004,-0.177,-0.007,0.24,0.0,0.0,0.0,,,,,,,,,10768.0,0.0,0.0,26.0,-533199360.0,-4.0,5.0,5.0,-2.0,-4.0,9.0
25,10782.0,62078.0,61044.0,62792.0,63325.0,10781.0,2.860996961593628,,,,,,,,-0.023,-0.023,0.037,2.454349994659424,-0.216,-0.002,0.266,0.0,0.0,0.0,,,,,,,,,10778.0,0.0,0.0,26.0,-533199360.0,-3.0,3.0,6.0,28.0,22.0,-36.0
26,10792.0,64184.0,65535.0,65521.0,65045.0,10791.0,2.623460531234741,,,,,,,,-0.024,-0.024,0.04,2.4674713611602783,-0.214,-0.001,0.28,0.0,0.0,0.0,,,,,,,,,10788.0,0.0,0.0,26.0,-533199360.0,-3.0,4.0,6.0,-12.0,4.0,-23.0
27,10802.0,60621.0,64651.0,65535.0,62797.0,10801.0,2.5812315940856934,,,,,,,,-0.025,-0.025,0.043,2.4803833961486816,-0.216,-0.001,0.289,0.0,0.0,0.0,,,,,,,,,10798.0,0.0,0.0,24.0,-533199360.0,-1.0,8.0,-4.0,-5.0,-18.0,34.0
28,10812.0,63073.0,64602.0,65535.0,63957.0,10811.0,2.570674419403076,,,,,,,,-0.026,-0.026,0.046,2.4930419921875,-0.211,0.0,0.299,0.0,0.0,0.0,,,,,,,,,10808.0,0.0,0.0,24.0,-533199360.0,-2.0,7.0,-4.0,-7.0,-17.0,27.0
29,10822.0,62793.0,63457.0,65535.0,64517.0,10821.0,2.6076245307922363,,,,,,,,-0.033,-0.033,0.06,2.50541090965271,-0.233,-0.001,0.351,0.0,0.0,0.0,,,,,,,,,10818.0,0.0,0.0,24.0,-533199360.0,-2.0,4.0,-3.0,18.0,-14.0,-26.0
30,10832.0,64451.0,64045.0,65461.0,65535.0,10831.0,2.6076245307922363,,,,,,,,-0.034,-0.034,0.064,2.5189075469970703,-0.228,-0.004,0.356,0.0,0.0,0.0,,,,,,,,,10828.0,0.0,0.0,24.0,-533199360.0,-2.0,7.0,-2.0,16.0,31.0,3.0
31,10842.0,64291.0,63317.0,64724.0,65535.0,10841.0,2.649853467941284,,,,,,,,-0.036,-0.036,0.068,2.5323920249938965,-0.226,0.004,0.36,0.0,0.0,0.0,,,,,,,,,10838.0,0.0,0.0,25.0,-533199360.0,-3.0,8.0,4.0,5.0,6.0,16.0
32,10852.0,63927.0,63516.0,64814.0,65535.0,10851.0,2.6815249919891357,,,,,,,,-0.04,-0.04,0.077,2.5444233417510986,-0.227,0.002,0.376,0.0,0.0,0.0,,,,,,,,,10848.0,0.0,0.0,25.0,-533200896.0,5.0,10.0,4.0,-30.0,-37.0,-8.0
33,10862.0,64351.0,64794.0,65535.0,65205.0,10861.0,2.7237536907196045,,,,,,,,-0.041,-0.041,0.081,2.557544708251953,-0.216,0.002,0.376,0.0,0.0,0.0,,,,,,,,,10858.0,0.0,0.0,25.0,-533725184.0,6.0,6.0,7.0,-39.0,-11.0,-17.0
34,10872.0,63844.0,63872.0,65535.0,65229.0,10871.0,2.7659823894500732,,,,,,,,-0.042,-0.042,0.085,2.5701446533203125,-0.207,0.004,0.378,0.0,0.0,0.0,,,,,,,,,10868.0,1.0,0.0,25.0,-533724672.0,8.0,7.0,10.0,-32.0,23.0,9.0
35,10882.0,64826.0,63215.0,63917.0,65088.0,10881.0,2.797653913497925,,,,,,,,-0.042,-0.042,0.09,2.582496166229248,-0.193,0.004,0.381,0.0,0.0,0.0,,,,,,,,,10878.0,1.0,1.0,25.0,-533723648.0,11.0,10.0,6.0,18.0,20.0,17.0
36,10892.0,64722.0,64011.0,64540.0,63889.0,10891.0,2.797653913497925,,,,,,,,-0.045,-0.045,0.097,2.5950517654418945,-0.182,0.004,0.374,0.0,0.0,0.0,,,,,,,,,10888.0,1.0,0.0,25.0,-533724160.0,12.0,6.0,8.0,0.0,3.0,50.0
37,10902.0,63362.0,63264.0,64631.0,63084.0,10901.0,2.8293254375457764,,,,,,,,-0.046,-0.046,0.101,2.6082277297973633,-0.169,0.003,0.37,0.0,0.0,0.0,,,,,,,,,10898.0,3.0,0.0,25.0,-533723136.0,25.0,8.0,10.0,36.0,148.0,91.0
38,10912.0,61288.0,64312.0,65266.0,60241.0,10911.0,2.860996961593628,,,,,,,,-0.047,-0.047,0.11,2.6253201961517334,-0.149,0.0,0.369,0.0,0.0,0.0,,,,,,,,,10908.0,4.0,0.0,25.0,-533723135.0,31.0,8.0,12.0,39.0,254.0,100.0
39,10922.0,57667.0,63219.0,65535.0,57694.0,10921.0,2.9085044860839844,,,,,,,,-0.048,-0.048,0.114,2.638653039932251,-0.136,0.0,0.365,0.0,0.0,0.0,,,,,,,,,10918.0,4.0,0.0,25.0,-534772735.0,29.0,3.0,15.0,46.0,561.0,142.0
40,10932.0,58140.0,62730.0,64191.0,55822.0,10931.0,2.9612903594970703,,,,,,,,-0.05,-0.05,0.121,2.6534676551818848,-0.122,-0.003,0.356,0.0,0.0,0.0,,,,,,,,,10928.0,5.0,1.0,27.0,-533725183.0,38.0,17.0,32.0,89.0,814.0,186.0
41,10942.0,54833.0,62586.0,64332.0,52532.0,10941.0,3.0140764713287354,,,,,,,,-0.051,-0.051,0.123,2.66666841506958,-0.111,-0.005,0.34,0.0,0.0,0.0,,,,,,,,,10938.0,7.0,2.0,27.0,-533198846.0,48.0,22.0,46.0,93.0,981.0,209.0
42,10952.0,54574.0,60599.0,64521.0,54239.0,10951.0,3.0140764713287354,,,,,,,,-0.051,-0.051,0.126,2.6793031692504883,-0.1,-0.005,0.335,0.0,0.0,0.0,,,,,,,,,10948.0,7.0,3.0,28.0,-533195773.0,46.0,29.0,64.0,80.0,1084.0,265.0
43,10962.0,54592.0,58514.0,63175.0,53879.0,10961.0,3.056305170059204,,,,,,,,-0.052,-0.052,0.133,2.6953465938568115,-0.083,-0.007,0.325,0.0,0.0,0.0,,,,,,,,,10958.0,8.0,3.0,29.0,-533191676.0,48.0,28.0,85.0,23.0,986.0,305.0
44,10972.0,54221.0,58939.0,62529.0,51858.0,10971.0,3.0879766941070557,,,,,,,,-0.055,-0.055,0.136,2.708848714828491,-0.087,-0.009,0.32,0.0,0.0,0.0,,,,,,,,,10968.0,9.0,4.0,26.0,-533188603.0,43.0,34.0,87.0,-2.0,844.0,308.0
45,10982.0,52429.0,58046.0,62332.0,50768.0,10981.0,3.1196482181549072,,,,,,,,-0.055,-0.055,0.14,2.7214643955230713,-0.077,-0.009,0.316,0.0,0.0,0.0,,,,,,,,,10978.0,8.0,4.0,27.0,-533184506.0,34.0,33.0,107.0,63.0,744.0,301.0
46,10992.0,51513.0,57570.0,61878.0,50003.0,10991.0,3.1407625675201416,,,,,,,,-0.056,-0.056,0.146,2.734079122543335,-0.059,-0.01,0.305,0.0,0.0,0.0,,,,,,,,,10988.0,7.0,7.0,28.0,-532131833.0,16.0,49.0,125.0,37.0,661.0,289.0
47,11002.0,51601.0,55756.0,60672.0,50191.0,11001.0,3.172434091567993,,,,,,,,-0.055,-0.055,0.149,2.751739501953125,-0.047,-0.01,0.301,0.0,0.0,0.0,,,,,,,,,10998.0,6.0,7.0,29.0,-532128760.0,5.0,51.0,148.0,-1.0,585.0,293.0
48,11012.0,54566.0,56863.0,59512.0,49428.0,11011.0,3.172434091567993,,,,,,,,-0.055,-0.055,0.154,2.7641637325286865,-0.028,-0.01,0.289,0.0,0.0,0.0,,,,,,,,,11008.0,6.0,7.0,23.0,-532126711.0,-6.0,45.0,126.0,46.0,390.0,292.0
49,11022.0,55802.0,57413.0,56757.0,47331.0,11021.0,3.198827028274536,,,,,,,,-0.055,-0.055,0.157,2.7772603034973145,-0.019,-0.011,0.286,0.0,0.0,0.0,,,,,,,,,11018.0,5.0,6.0,24.0,-533173238.0,-16.0,39.0,148.0,261.0,173.0,308.0
50,11032.0,54934.0,56627.0,57044.0,46839.0,11031.0,3.2093844413757324,,,,,,,,-0.048,-0.048,0.159,2.790512800216675,0.021,-0.05,0.281,0.0,0.0,0.0,,,,,,,,,11028.0,4.0,2.0,26.0,-1073188853.0,-30.0,12.0,169.0,386.0,4.0,284.0
51,11042.0,54977.0,54954.0,56816.0,47732.0,11041.0,3.214663028717041,,,,,,,,-0.048,-0.048,0.161,2.802868366241455,0.025,-0.046,0.274,0.0,0.0,0.0,,,,,,,,,11038.0,2.0,1.0,27.0,-1071090676.0,-52.0,0.0,187.0,411.0,-158.0,283.0
52,11052.0,53478.0,54045.0,57477.0,47215.0,11051.0,3.230498790740967,,,,,,,,-0.044,-0.044,0.167,2.8153576850891113,0.057,-0.049,0.272,0.0,0.0,0.0,,,,,,,,,11048.0,0.0,1.0,29.0,-1070042099.0,-71.0,2.0,205.0,325.0,-347.0,264.0
53,11062.0,53747.0,54862.0,56378.0,46982.0,11061.0,3.2463345527648926,,,,,,,,-0.044,-0.044,0.169,2.8285484313964844,0.064,-0.048,0.27,0.0,0.0,0.0,,,,,,,,,11058.0,-5.0,3.0,27.0,-1068992498.0,-111.0,14.0,197.0,257.0,-517.0,265.0
54,11072.0,53551.0,53495.0,56739.0,47736.0,11071.0,3.2463345527648926,,,,,,,,-0.043,-0.043,0.172,2.8416929244995117,0.073,-0.048,0.27,0.0,0.0,0.0,,,,,,,,,11068.0,-12.0,1.0,28.0,-1067942897.0,-156.0,0.0,208.0,187.0,-655.0,266.0
55,11082.0,53558.0,51738.0,56378.0,48551.0,11081.0,3.2568917274475098,,,,,,,,-0.041,-0.041,0.178,2.8540139198303223,0.087,-0.046,0.27,0.0,0.0,0.0,,,,,,,,,11078.0,-15.0,1.0,30.0,-1066895344.0,-175.0,-6.0,223.0,52.0,-777.0,258.0
56,11092.0,52909.0,50195.0,56720.0,48979.0,11091.0,3.2621703147888184,,,,,,,,-0.039,-0.039,0.18,2.867248058319092,0.098,-0.046,0.268,0.0,0.0,0.0,,,,,,,,,11088.0,-16.0,1.0,32.0,-1066899439.0,-177.0,-7.0,240.0,-39.0,-843.0,259.0
57,11102.0,51335.0,50676.0,57240.0,47993.0,11101.0,3.267448902130127,,,,,,,,-0.038,-0.038,0.183,2.8801803588867188,0.103,-0.043,0.269,0.0,0.0,0.0,,,,,,,,,11098.0,-16.0,2.0,35.0,-1066902510.0,-180.0,-1.0,255.0,-144.0,-885.0,256.0
58,11112.0,51186.0,49741.0,56960.0,48137.0,11111.0,3.278006076812744,,,,,,,,-0.037,-0.037,0.187,2.8928122520446777,0.108,-0.042,0.279,0.0,0.0,0.0,,,,,,,,,11108.0,-23.0,2.0,37.0,-1067952109.0,-216.0,-2.0,266.0,-205.0,-885.0,251.0
59,11122.0,50289.0,49716.0,57262.0,47303.0,11121.0,3.2832846641540527,,,,,,,,-0.035,-0.035,0.192,2.9051449298858643,0.117,-0.038,0.287,0.0,0.0,0.0,,,,,,,,,11118.0,-24.0,3.0,40.0,-1069004780.0,-214.0,-1.0,280.0,-236.0,-818.0,254.0
60,11132.0,49332.0,49863.0,57705.0,46778.0,11131.0,3.2832846641540527,,,,,,,,-0.033,-0.033,0.195,2.918395757675171,0.123,-0.037,0.288,0.0,0.0,0.0,,,,,,,,,11128.0,-25.0,3.0,43.0,-1070056427.0,-216.0,-1.0,289.0,-255.0,-720.0,254.0
61,11142.0,48508.0,51390.0,58068.0,44422.0,11141.0,3.2832846641540527,,,,,,,,-0.031,-0.031,0.203,2.9344675540924072,0.128,-0.032,0.306,0.0,0.0,0.0,,,,,,,,,11138.0,-26.0,3.0,46.0,-1071108074.0,-211.0,0.0,299.0,-239.0,-580.0,250.0
62,11152.0,48012.0,50416.0,57031.0,43577.0,11151.0,3.29384183883667,,,,,,,,-0.029,-0.029,0.206,2.947896718978882,0.132,-0.029,0.309,0.0,0.0,0.0,,,,,,,,,11148.0,-32.0,3.0,57.0,-1072157673.0,-236.0,0.0,345.0,-207.0,-478.0,228.0
63,11162.0,49505.0,49063.0,56119.0,44775.0,11161.0,3.29384183883667,,,,,,,,-0.026,-0.026,0.212,2.963242292404175,0.14,-0.025,0.312,0.0,0.0,0.0,,,,,,,,,11158.0,-33.0,3.0,60.0,-1073208296.0,-233.0,-1.0,351.0,-153.0,-478.0,237.0
64,11172.0,50883.0,46492.0,55034.0,46195.0,11171.0,3.3096776008605957,,,,,,,,-0.024,-0.024,0.216,2.976457118988037,0.14,-0.022,0.317,0.0,0.0,0.0,,,,,,,,,11168.0,-34.0,3.0,64.0,-536340455.0,-228.0,-4.0,356.0,-100.0,-635.0,244.0
65,11182.0,52717.0,45560.0,53016.0,47058.0,11181.0,3.3149561882019043,,,,,,,,-0.022,-0.022,0.223,2.9901397228240967,0.142,-0.017,0.322,0.0,0.0,0.0,,,,,,,,,11178.0,-36.0,4.0,68.0,-535293927.0,-226.0,4.0,360.0,-23.0,-876.0,244.0
66,11192.0,53452.0,45762.0,51935.0,46093.0,11191.0,3.3149561882019043,,,,,,,,-0.02,-0.02,0.226,3.0098109245300293,0.145,-0.014,0.324,0.0,0.0,0.0,,,,,,,,,11188.0,-37.0,4.0,74.0,-534249446.0,-220.0,2.0,376.0,79.0,-1100.0,237.0
67,11202.0,54022.0,46377.0,51105.0,45825.0,11201.0,3.3149561882019043,,,,,,,,-0.017,-0.017,0.233,3.0226986408233643,0.144,-0.009,0.326,0.0,0.0,0.0,,,,,,,,,11198.0,-40.0,4.0,77.0,-535819237.0,-227.0,2.0,376.0,214.0,-1180.0,206.0
68,11212.0,53394.0,46963.0,51713.0,45399.0,11211.0,3.3149561882019043,,,,,,,,-0.016,-0.016,0.236,3.0365560054779053,0.142,-0.007,0.325,0.0,0.0,0.0,,,,,,,,,11208.0,-41.0,4.0,81.0,-535814116.0,-216.0,2.0,376.0,311.0,-1151.0,175.0
69,11222.0,53242.0,46949.0,51437.0,45577.0,11221.0,3.320234775543213,,,,,,,,-0.012,-0.012,0.239,3.0494384765625,0.148,-0.003,0.323,0.0,0.0,0.0,,,,,,,,,11218.0,-42.0,4.0,85.0,-536857571.0,-207.0,4.0,378.0,322.0,-1054.0,134.0
70,11232.0,52733.0,47684.0,51990.0,45014.0,11231.0,3.3149561882019043,,,,,,,,-0.012,-0.012,0.242,3.062171697616577,0.143,-0.001,0.323,0.0,0.0,0.0,,,,,,,,,11228.0,-42.0,4.0,90.0,-1072675811.0,-193.0,4.0,381.0,317.0,-899.0,101.0
71,11242.0,52038.0,49262.0,52473.0,43352.0,11241.0,3.320234775543213,,,,,,,,-0.009,-0.009,0.247,3.0746474266052246,0.141,0.005,0.315,0.0,0.0,0.0,,,,,,,,,11238.0,-42.0,4.0,94.0,-1071623139.0,-183.0,5.0,379.0,314.0,-704.0,78.0
72,11252.0,51298.0,49676.0,53236.0,43226.0,11251.0,3.320234775543213,,,,,,,,-0.007,-0.007,0.251,3.088256597518921,0.139,0.007,0.312,0.0,0.0,0.0,,,,,,,,,11248.0,-45.0,4.0,97.0,-1070572514.0,-182.0,4.0,374.0,277.0,-491.0,59.0
73,11262.0,50632.0,50029.0,54014.0,43303.0,11261.0,3.3149561882019043,,,,,,,,-0.006,-0.006,0.254,3.101245164871216,0.137,0.011,0.31,0.0,0.0,0.0,,,,,,,,,11258.0,-46.0,4.0,101.0,-1069520866.0,-169.0,3.0,370.0,222.0,-292.0,39.0
74,11272.0,49972.0,50287.0,54749.0,43186.0,11271.0,3.3149561882019043,,,,,,,,-0.003,-0.003,0.261,3.11378812789917,0.133,0.017,0.31,0.0,0.0,0.0,,,,,,,,,11268.0,-47.0,4.0,105.0,-1068471266.0,-160.0,1.0,365.0,151.0,-123.0,33.0
75,11282.0,49040.0,50380.0,55421.0,43198.0,11281.0,3.3096776008605957,,,,,,,,-0.002,-0.002,0.264,3.126805543899536,0.13,0.017,0.307,0.0,0.0,0.0,,,,,,,,,11278.0,-47.0,4.0,110.0,-1067421666.0,-149.0,0.0,369.0,71.0,11.0,32.0
76,11292.0,48480.0,50059.0,56157.0,43899.0,11291.0,3.304399013519287,,,,,,,,0.0,0.0,0.267,3.1397902965545654,0.128,0.022,0.304,0.0,0.0,0.0,,,,,,,,,11288.0,-48.0,4.0,114.0,-1067421666.0,-136.0,0.0,365.0,-3.0,125.0,35.0
77,11302.0,48360.0,49857.0,56344.0,44445.0,11301.0,3.304399013519287,,,,,,,,0.001,0.001,0.275,3.1559596061706543,0.122,0.024,0.31,0.0,0.0,0.0,,,,,,,,,11298.0,-50.0,4.0,118.0,-1067421666.0,-133.0,-2.0,360.0,-107.0,174.0,24.0
78,11312.0,49110.0,49510.0,56035.0,44981.0,11311.0,3.304399013519287,,,,,,,,0.002,0.002,0.278,3.1694602966308594,0.119,0.025,0.306,0.0,0.0,0.0,,,,,,,,,11308.0,-50.0,4.0,121.0,-1067422690.0,-122.0,-3.0,356.0,-173.0,179.0,28.0
79,11322.0,49868.0,49415.0,56023.0,45996.0,11321.0,3.2991204261779785,,,,,,,,0.004,0.004,0.281,3.181959867477417,0.117,0.027,0.303,0.0,0.0,0.0,,,,,,,,,11318.0,-51.0,4.0,123.0,-1068471265.0,-111.0,-5.0,340.0,-179.0,138.0,26.0
80,11332.0,50834.0,49468.0,55725.0,46222.0,11331.0,3.29384183883667,,,,,,,,0.005,0.005,0.285,3.194608449935913,0.109,0.03,0.282,0.0,0.0,0.0,,,,,,,,,11328.0,-51.0,4.0,126.0,-1069520865.0,-100.0,-5.0,335.0,-184.0,46.0,32.0
81,11342.0,51657.0,49364.0,55445.0,47076.0,11341.0,3.2832846641540527,,,,,,,,0.007,0.007,0.288,3.2076990604400635,0.107,0.03,0.277,0.0,0.0,0.0,,,,,,,,,11338.0,-51.0,3.0,130.0,-1069520865.0,-90.0,-7.0,330.0,-154.0,-32.0,11.0
82,11352.0,52435.0,49858.0,55211.0,46831.0,11351.0,3.278006076812744,,,,,,,,0.007,0.007,0.291,3.2207679748535156,0.102,0.031,0.271,0.0,0.0,0.0,,,,,,,,,11348.0,-52.0,3.0,133.0,-1070569441.0,-83.0,-7.0,325.0,-108.0,-89.0,9.0
83,11362.0,53032.0,50509.0,55098.0,46884.0,11361.0,3.267448902130127,,,,,,,,0.01,0.01,0.296,3.233262538909912,0.096,0.034,0.262,0.0,0.0,0.0,,,,,,,,,11358.0,-55.0,3.0,136.0,-1070569441.0,-87.0,-9.0,320.0,-41.0,-159.0,4.0
84,11372.0,53981.0,50684.0,54431.0,46822.0,11371.0,3.267448902130127,,,,,,,,0.011,0.011,0.298,3.2464237213134766,0.094,0.036,0.255,0.0,0.0,0.0,,,,,,,,,11368.0,-55.0,3.0,140.0,-1070568417.0,-77.0,-9.0,316.0,53.0,-179.0,-5.0
85,11382.0,54496.0,50712.0,54123.0,47495.0,11381.0,3.2621703147888184,,,,,,,,0.011,0.011,0.301,3.2594540119171143,0.089,0.037,0.249,0.0,0.0,0.0,,,,,,,,,11378.0,-56.0,3.0,143.0,-1070568417.0,-69.0,-11.0,310.0,94.0,-211.0,-7.0
86,11392.0,54358.0,51195.0,54700.0,47274.0,11391.0,3.2568917274475098,,,,,,,,0.012,0.012,0.303,3.2719855308532715,0.085,0.036,0.244,0.0,0.0,0.0,,,,,,,,,11388.0,-56.0,3.0,146.0,-1070567393.0,-59.0,-10.0,305.0,145.0,-194.0,2.0
87,11402.0,54475.0,51583.0,54795.0,47327.0,11401.0,3.251613140106201,,,,,,,,0.014,0.014,0.308,3.2844789028167725,0.079,0.035,0.237,0.0,0.0,0.0,,,,,,,,,11398.0,-55.0,3.0,149.0,-1069517793.0,-47.0,-10.0,301.0,151.0,-153.0,-10.0
88,11412.0,54235.0,51818.0,55420.0,47335.0,11411.0,3.251613140106201,,,,,,,,0.015,0.015,0.311,3.297813653945923,0.075,0.036,0.233,0.0,0.0,0.0,,,,,,,,,11408.0,-55.0,3.0,151.0,-1069516769.0,-36.0,-9.0,292.0,148.0,-97.0,-13.0
89,11422.0,54150.0,51798.0,55882.0,47582.0,11421.0,3.2463345527648926,,,,,,,,0.015,0.015,0.315,3.31079363822937,0.066,0.038,0.226,0.0,0.0,0.0,,,,,,,,,11418.0,-55.0,3.0,154.0,-1069515745.0,-28.0,-10.0,289.0,122.0,-16.0,-2.0
90,11432.0,56361.0,50905.0,55932.0,45717.0,11431.0,3.2463345527648926,,,,,,,,0.015,0.015,0.318,3.328523635864258,0.06,0.036,0.224,0.0,0.0,0.0,,,,,,,,,11428.0,-55.0,3.0,157.0,-1068467169.0,-19.0,-11.0,286.0,60.0,56.0,9.0
91,11442.0,54429.0,52635.0,55926.0,47493.0,11441.0,3.241055965423584,,,,,,,,0.017,0.017,0.32,3.341405153274536,0.059,0.035,0.221,0.0,0.0,0.0,,,,,,,,,11438.0,-48.0,-6.0,159.0,-1066368993.0,21.0,-50.0,281.0,14.0,122.0,8.0
92,11452.0,54210.0,52489.0,56761.0,47830.0,11451.0,3.2357773780822754,,,,,,,,0.017,0.017,0.325,3.3539443016052246,0.05,0.036,0.213,0.0,0.0,0.0,,,,,,,,,11448.0,-48.0,-5.0,161.0,-1066368993.0,25.0,-46.0,274.0,-65.0,211.0,2.0
93,11462.0,53681.0,52462.0,57425.0,47709.0,11461.0,3.2357773780822754,,,,,,,,0.018,0.018,0.327,3.371114730834961,0.047,0.035,0.209,0.0,0.0,0.0,,,,,,,,,11458.0,-45.0,-5.0,164.0,-1066370017.0,46.0,-47.0,273.0,-186.0,304.0,8.0
94,11472.0,52990.0,51596.0,58079.0,49115.0,11471.0,3.230498790740967,,,,,,,,0.019,0.019,0.331,3.3837904930114746,0.04,0.031,0.199,0.0,0.0,0.0,,,,,,,,,11468.0,-44.0,-6.0,167.0,-1067418593.0,57.0,-49.0,272.0,-254.0,420.0,28.0
95,11482.0,52704.0,52172.0,58469.0,48364.0,11481.0,3.230498790740967,,,,,,,,0.019,0.019,0.333,3.396850347518921,0.035,0.033,0.196,0.0,0.0,0.0,,,,,,,,,11478.0,-44.0,-6.0,169.0,-1068469217.0,64.0,-48.0,270.0,-355.0,467.0,31.0
96,11492.0,52113.0,52248.0,58870.0,48377.0,11491.0,3.230498790740967,,,,,,,,0.019,0.019,0.335,3.4118919372558594,0.031,0.031,0.191,0.0,0.0,0.0,,,,,,,,,11488.0,-43.0,-6.0,172.0,-1069519841.0,73.0,-48.0,270.0,-420.0,522.0,41.0
97,11502.0,52607.0,52112.0,58818.0,48124.0,11501.0,3.230498790740967,,,,,,,,0.02,0.02,0.338,3.4244155883789062,0.025,0.032,0.178,0.0,0.0,0.0,,,,,,,,,11498.0,-42.0,-6.0,175.0,-1070570464.0,79.0,-47.0,271.0,-452.0,570.0,61.0
98,11512.0,52805.0,52252.0,58844.0,47862.0,11511.0,3.230498790740967,,,,,,,,0.02,0.02,0.34,3.4375617504119873,0.022,0.03,0.173,0.0,0.0,0.0,,,,,,,,,11508.0,-41.0,-6.0,178.0,-1072669664.0,87.0,-46.0,270.0,-417.0,590.0,67.0
99,11522.0,53077.0,52328.0,58788.0,47813.0,11521.0,3.230498790740967,,,,,,,,0.02,0.02,0.343,3.4504902362823486,0.015,0.028,0.167,0.0,0.0,0.0,,,,,,,,,11518.0,-39.0,-6.0,180.0,-536849376.0,98.0,-46.0,268.0,-392.0,568.0,77.0
100,11532.0,53498.0,52176.0,58586.0,47909.0,11531.0,3.230498790740967,,,,,,,,0.02,0.02,0.344,3.467322826385498,0.012,0.027,0.164,0.0,0.0,0.0,,,,,,,,,11528.0,-38.0,-6.0,183.0,-534754272.0,103.0,-43.0,269.0,-327.0,540.0,76.0
101,11542.0,53662.0,52227.0,58289.0,47556.0,11541.0,3.230498790740967,,,,,,,,0.021,0.021,0.348,3.4802303314208984,0.007,0.025,0.155,0.0,0.0,0.0,,,,,,,,,11538.0,-37.0,-7.0,187.0,-533707743.0,108.0,-42.0,279.0,-270.0,509.0,68.0
102,11552.0,53826.0,52301.0,58130.0,47263.0,11551.0,3.230498790740967,,,,,,,,0.02,0.02,0.349,3.497103452682495,0.003,0.022,0.151,0.0,0.0,0.0,,,,,,,,,11548.0,-37.0,-7.0,189.0,-532661215.0,112.0,-41.0,284.0,-198.0,467.0,67.0
103,11562.0,54094.0,52256.0,57808.0,47177.0,11561.0,3.230498790740967,,,,,,,,0.021,0.021,0.351,3.512324094772339,0.0,0.018,0.142,0.0,0.0,0.0,,,,,,,,,11558.0,-35.0,-7.0,192.0,-532663263.0,117.0,-38.0,287.0,-135.0,436.0,67.0
104,11572.0,54501.0,51916.0,57404.0,47328.0,11571.0,3.230498790740967,,,,,,,,0.02,0.02,0.353,3.5264506340026855,-0.005,0.016,0.139,0.0,0.0,0.0,,,,,,,,,11568.0,-33.0,-7.0,195.0,-531615711.0,123.0,-37.0,288.0,-75.0,407.0,61.0
105,11582.0,54126.0,51984.0,58318.0,46149.0,11581.0,3.230498790740967,,,,,,,,0.02,0.02,0.354,3.53926420211792,-0.007,0.014,0.136,0.0,0.0,0.0,,,,,,,,,11578.0,-32.0,-7.0,198.0,-531616734.0,127.0,-34.0,291.0,-31.0,346.0,38.0
106,11592.0,53362.0,51456.0,57765.0,45953.0,11591.0,3.2357773780822754,,,,,,,,0.02,0.02,0.354,3.5516653060913086,-0.009,0.012,0.128,0.0,0.0,0.0,,,,,,,,,11588.0,-31.0,-8.0,203.0,-531618782.0,128.0,-32.0,306.0,-35.0,333.0,35.0
107,11602.0,53339.0,51298.0,57537.0,46011.0,11601.0,3.2357773780822754,,,,,,,,0.02,0.02,0.357,3.5683813095092773,-0.013,0.009,0.124,0.0,0.0,0.0,,,,,,,,,11598.0,-29.0,-8.0,206.0,-531619806.0,132.0,-29.0,309.0,-27.0,318.0,30.0
108,11612.0,53215.0,50936.0,57519.0,46169.0,11611.0,3.2357773780822754,,,,,,,,0.02,0.02,0.358,3.581615686416626,-0.015,0.007,0.12,0.0,0.0,0.0,,,,,,,,,11608.0,-27.0,-8.0,209.0,-530572254.0,139.0,-26.0,310.0,-34.0,312.0,26.0
109,11622.0,52659.0,50710.0,57350.0,46083.0,11621.0,3.2463345527648926,,,,,,,,0.022,0.022,0.361,3.5943446159362793,-0.012,0.006,0.115,0.0,0.0,0.0,,,,,,,,,11618.0,-26.0,-8.0,212.0,-530573278.0,140.0,-25.0,312.0,-49.0,314.0,16.0
110,11632.0,51628.0,50543.0,57532.0,45868.0,11631.0,3.251613140106201,,,,,,,,0.022,0.022,0.362,3.6097710132598877,-0.013,0.004,0.113,0.0,0.0,0.0,,,,,,,,,11628.0,-24.0,-8.0,216.0,-530574302.0,140.0,-22.0,317.0,-67.0,320.0,13.0
111,11642.0,50744.0,50945.0,57767.0,45461.0,11641.0,3.251613140106201,,,,,,,,0.023,0.023,0.364,3.6226158142089844,-0.013,0.001,0.114,0.0,0.0,0.0,,,,,,,,,11638.0,-23.0,-8.0,219.0,-530576350.0,141.0,-19.0,320.0,-88.0,354.0,-4.0
112,11652.0,50412.0,50966.0,57411.0,45013.0,11651.0,3.2621703147888184,,,,,,,,0.022,0.022,0.366,3.635789394378662,-0.016,0.001,0.118,0.0,0.0,0.0,,,,,,,,,11648.0,-22.0,-8.0,223.0,-530577374.0,142.0,-17.0,322.0,-112.0,383.0,-5.0
113,11662.0,49745.0,50589.0,57385.0,45315.0,11661.0,3.267448902130127,,,,,,,,0.022,0.022,0.367,3.648479461669922,-0.017,-0.001,0.119,0.0,0.0,0.0,,,,,,,,,11658.0,-20.0,-8.0,226.0,-529529822.0,145.0,-14.0,324.0,-113.0,383.0,-21.0
114,11672.0,50942.0,49465.0,56546.0,46217.0,11671.0,3.267448902130127,,,,,,,,0.021,0.021,0.37,3.6614933013916016,-0.02,-0.002,0.12,0.0,0.0,0.0,,,,,,,,,11668.0,-18.0,-7.0,229.0,-529006558.0,146.0,-11.0,325.0,-85.0,381.0,-34.0
115,11682.0,51236.0,49821.0,56104.0,45701.0,11681.0,3.267448902130127,,,,,,,,0.021,0.021,0.371,3.676788091659546,-0.022,-0.005,0.121,0.0,0.0,0.0,,,,,,,,,11678.0,-17.0,-8.0,233.0,-529004510.0,144.0,-9.0,326.0,-83.0,362.0,-41.0
116,11692.0,51108.0,49792.0,55753.0,45758.0,11691.0,3.2727274894714355,,,,,,,,0.02,0.02,0.373,3.6897311210632324,-0.023,-0.006,0.127,0.0,0.0,0.0,,,,,,,,,11688.0,-16.0,-8.0,236.0,-527954910.0,142.0,-7.0,325.0,-42.0,338.0,-55.0
117,11702.0,50670.0,49716.0,55788.0,45633.0,11701.0,3.278006076812744,,,,,,,,0.02,0.02,0.376,3.7024178504943848,-0.025,-0.011,0.124,0.0,0.0,0.0,,,,,,,,,11698.0,-12.0,-7.0,239.0,-527953886.0,148.0,-3.0,323.0,-1.0,307.0,-70.0
118,11712.0,51109.0,49821.0,55291.0,45364.0,11711.0,3.278006076812744,,,,,,,,0.022,0.022,0.377,3.715639114379883,-0.022,-0.01,0.123,0.0,0.0,0.0,,,,,,,,,11708.0,-12.0,-7.0,242.0,-527952863.0,143.0,-1.0,323.0,30.0,269.0,-77.0
119,11722.0,51781.0,49459.0,54617.0,45918.0,11721.0,3.2832846641540527,,,,,,,,0.021,0.021,0.38,3.7284090518951416,-0.023,-0.012,0.13,0.0,0.0,0.0,,,,,,,,,11718.0,-11.0,-7.0,244.0,-527950815.0,141.0,1.0,317.0,69.0,236.0,-81.0
120,11732.0,51898.0,49822.0,54433.0,45366.0,11731.0,3.2832846641540527,,,,,,,,0.02,0.02,0.382,3.741302013397217,-0.027,-0.016,0.128,0.0,0.0,0.0,,,,,,,,,11728.0,-9.0,-6.0,247.0,-527950815.0,141.0,5.0,315.0,89.0,178.0,-89.0
121,11742.0,51677.0,50354.0,54520.0,45118.0,11741.0,3.278006076812744,,,,,,,,0.02,0.02,0.384,3.7581701278686523,-0.027,-0.018,0.126,0.0,0.0,0.0,,,,,,,,,11738.0,-7.0,-6.0,251.0,-528998367.0,139.0,7.0,312.0,120.0,136.0,-98.0
122,11752.0,51460.0,49989.0,54634.0,45454.0,11751.0,3.278006076812744,,,,,,,,0.018,0.018,0.385,3.7747583389282227,-0.03,-0.021,0.115,0.0,0.0,0.0,,,,,,,,,11748.0,-6.0,-5.0,254.0,-528998368.0,137.0,11.0,310.0,140.0,120.0,-98.0
123,11762.0,50986.0,49847.0,54674.0,45352.0,11761.0,3.278006076812744,,,,,,,,0.018,0.018,0.386,3.7882256507873535,-0.03,-0.023,0.112,0.0,0.0,0.0,,,,,,,,,11758.0,-5.0,-5.0,258.0,-530045920.0,134.0,15.0,313.0,149.0,109.0,-110.0
124,11772.0,51064.0,49838.0,54558.0,45272.0,11771.0,3.278006076812744,,,,,,,,0.018,0.018,0.387,3.8010692596435547,-0.03,-0.025,0.11,0.0,0.0,0.0,,,,,,,,,11768.0,-3.0,-4.0,261.0,-530045921.0,133.0,17.0,310.0,138.0,111.0,-117.0
125,11782.0,51185.0,49672.0,54321.0,45534.0,11781.0,3.278006076812744,,,,,,,,0.016,0.016,0.388,3.8136401176452637,-0.034,-0.025,0.102,0.0,0.0,0.0,,,,,,,,,11778.0,-2.0,-4.0,264.0,-531093473.0,130.0,17.0,307.0,161.0,140.0,-107.0
126,11792.0,50685.0,49854.0,54629.0,45287.0,11791.0,3.278006076812744,,,,,,,,0.016,0.016,0.39,3.8266992568969727,-0.034,-0.027,0.1,0.0,0.0,0.0,,,,,,,,,11788.0,0.0,-3.0,267.0,-531093473.0,128.0,22.0,304.0,148.0,113.0,-119.0
127,11802.0,50653.0,49503.0,54567.0,45528.0,11801.0,3.278006076812744,,,,,,,,0.014,0.014,0.39,3.8397932052612305,-0.036,-0.028,0.097,0.0,0.0,0.0,,,,,,,,,11798.0,0.0,-3.0,270.0,-532141026.0,125.0,23.0,303.0,104.0,115.0,-115.0
128,11812.0,50347.0,50335.0,54243.0,44012.0,11811.0,3.278006076812744,,,,,,,,0.014,0.014,0.393,3.852383852005005,-0.037,-0.032,0.095,0.0,0.0,0.0,,,,,,,,,11808.0,1.0,-3.0,275.0,-532141026.0,122.0,24.0,310.0,112.0,111.0,-119.0
129,11822.0,50100.0,49065.0,54105.0,45553.0,11821.0,3.2832846641540527,,,,,,,,0.014,0.014,0.394,3.8655622005462646,-0.035,-0.031,0.09,0.0,0.0,0.0,,,,,,,,,11818.0,2.0,-2.0,278.0,-533189603.0,119.0,25.0,306.0,136.0,143.0,-128.0
130,11832.0,50390.0,48729.0,53839.0,45857.0,11831.0,3.2832846641540527,,,,,,,,0.014,0.014,0.395,3.8789381980895996,-0.035,-0.033,0.088,0.0,0.0,0.0,,,,,,,,,11828.0,4.0,-2.0,281.0,-533188579.0,117.0,27.0,303.0,136.0,143.0,-126.0
131,11842.0,50309.0,49427.0,53857.0,45114.0,11841.0,3.2832846641540527,,,,,,,,0.015,0.015,0.397,3.892754077911377,-0.031,-0.032,0.085,0.0,0.0,0.0,,,,,,,,,11838.0,5.0,-1.0,284.0,-534237155.0,115.0,29.0,298.0,141.0,102.0,-124.0
132,11852.0,51060.0,49785.0,53640.0,45375.0,11851.0,3.2832846641540527,,,,,,,,0.015,0.015,0.397,3.906062126159668,-0.031,-0.033,0.082,0.0,0.0,0.0,,,,,,,,,11848.0,5.0,-1.0,285.0,-534236132.0,109.0,30.0,282.0,130.0,88.0,-120.0
133,11862.0,50618.0,49588.0,53843.0,45536.0,11861.0,3.2885632514953613,,,,,,,,0.012,0.012,0.398,3.918890953063965,-0.036,-0.035,0.079,0.0,0.0,0.0,,,,,,,,,11858.0,7.0,0.0,288.0,-535284708.0,107.0,30.0,277.0,156.0,63.0,-124.0
134,11872.0,51140.0,50025.0,53606.0,45189.0,11871.0,3.2832846641540527,,,,,,,,0.011,0.011,0.4,3.935821294784546,-0.035,-0.037,0.074,0.0,0.0,0.0,,,,,,,,,11868.0,7.0,0.0,291.0,-535284709.0,102.0,31.0,271.0,146.0,40.0,-114.0
135,11882.0,51115.0,50004.0,53746.0,45535.0,11881.0,3.278006076812744,,,,,,,,0.011,0.011,0.4,3.949392080307007,-0.034,-0.038,0.067,0.0,0.0,0.0,,,,,,,,,11878.0,9.0,0.0,294.0,-536333285.0,100.0,30.0,266.0,149.0,7.0,-111.0
136,11892.0,50963.0,49725.0,53882.0,45856.0,11891.0,3.278006076812744,,,,,,,,0.008,0.008,0.401,3.963437557220459,-0.037,-0.037,0.063,0.0,0.0,0.0,,,,,,,,,11888.0,10.0,1.0,296.0,-1073204198.0,96.0,34.0,262.0,143.0,8.0,-108.0
137,11902.0,51041.0,49648.0,53925.0,46067.0,11901.0,3.278006076812744,,,,,,,,0.008,0.008,0.402,3.9804396629333496,-0.037,-0.039,0.062,0.0,0.0,0.0,,,,,,,,,11898.0,11.0,2.0,298.0,-1072155622.0,94.0,36.0,255.0,129.0,0.0,-111.0
138,11912.0,50990.0,49430.0,53992.0,46418.0,11911.0,3.278006076812744,,,,,,,,0.008,0.008,0.402,4.000026702880859,-0.034,-0.04,0.057,0.0,0.0,0.0,,,,,,,,,11908.0,11.0,3.0,301.0,-1072155622.0,89.0,37.0,249.0,131.0,-13.0,-100.0
139,11922.0,51012.0,49696.0,54125.0,46393.0,11921.0,3.2727274894714355,,,,,,,,0.006,0.006,0.403,4.013428688049316,-0.033,-0.042,0.054,0.0,0.0,0.0,,,,,,,,,11918.0,12.0,3.0,303.0,-1072155623.0,85.0,36.0,244.0,129.0,-8.0,-98.0
140,11932.0,50544.0,50088.0,54496.0,46009.0,11931.0,3.2727274894714355,,,,,,,,0.006,0.006,0.404,4.0267016887664795,-0.032,-0.044,0.051,0.0,0.0,0.0,,,,,,,,,11928.0,13.0,4.0,306.0,-1071107047.0,83.0,37.0,240.0,129.0,0.0,-97.0
141,11942.0,50626.0,50419.0,54379.0,45602.0,11941.0,3.2727274894714355,,,,,,,,0.006,0.006,0.404,4.039614200592041,-0.031,-0.045,0.049,0.0,0.0,0.0,,,,,,,,,11938.0,14.0,4.0,308.0,-1071107047.0,79.0,35.0,237.0,110.0,16.0,-93.0
142,11952.0,50688.0,50081.0,54374.0,45995.0,11951.0,3.2727274894714355,,,,,,,,0.008,0.008,0.405,4.052291631698608,-0.024,-0.039,0.049,0.0,0.0,0.0,,,,,,,,,11948.0,15.0,4.0,311.0,-1070058472.0,75.0,36.0,233.0,112.0,53.0,-94.0
143,11962.0,50499.0,50538.0,54641.0,45279.0,11961.0,3.2727274894714355,,,,,,,,0.007,0.007,0.406,4.065617561340332,-0.022,-0.04,0.048,0.0,0.0,0.0,,,,,,,,,11958.0,15.0,5.0,313.0,-1070057448.0,70.0,35.0,230.0,103.0,60.0,-81.0
144,11972.0,50401.0,50468.0,54636.0,45503.0,11971.0,3.2727274894714355,,,,,,,,0.007,0.007,0.407,4.078450441360474,-0.021,-0.041,0.051,0.0,0.0,0.0,,,,,,,,,11968.0,15.0,6.0,315.0,-1070057448.0,66.0,38.0,226.0,121.0,84.0,-73.0
145,11982.0,50638.0,50638.0,54362.0,45139.0,11981.0,3.2727274894714355,,,,,,,,0.006,0.006,0.408,4.091039657592773,-0.019,-0.041,0.05,0.0,0.0,0.0,,,,,,,,,11978.0,15.0,7.0,318.0,-1069008873.0,60.0,36.0,224.0,122.0,61.0,-72.0
146,11992.0,50901.0,50388.0,54178.0,45405.0,11991.0,3.2727274894714355,,,,,,,,0.006,0.006,0.408,4.107968807220459,-0.018,-0.042,0.051,0.0,0.0,0.0,,,,,,,,,11988.0,17.0,7.0,320.0,-1069008873.0,59.0,35.0,221.0,130.0,41.0,-70.0
147,12002.0,51122.0,50393.0,53982.0,45417.0,12001.0,3.2727274894714355,,,,,,,,0.005,0.005,0.409,4.124225854873657,-0.017,-0.044,0.048,0.0,0.0,0.0,,,,,,,,,11998.0,17.0,8.0,323.0,-1067960297.0,55.0,35.0,217.0,137.0,12.0,-63.0
148,12012.0,50735.0,50120.0,54221.0,45917.0,12011.0,3.2727274894714355,,,,,,,,0.005,0.005,0.41,4.138251781463623,-0.016,-0.046,0.048,0.0,0.0,0.0,,,,,,,,,12008.0,17.0,9.0,325.0,-1067959273.0,50.0,36.0,213.0,147.0,-13.0,-72.0
149,12022.0,51425.0,50104.0,53763.0,46227.0,12021.0,3.267448902130127,,,,,,,,0.004,0.004,0.41,4.151093482971191,-0.015,-0.047,0.046,0.0,0.0,0.0,,,,,,,,,12018.0,18.0,9.0,327.0,-1066911722.0,47.0,35.0,209.0,110.0,-46.0,-79.0
150,12032.0,50970.0,49956.0,54238.0,46573.0,12031.0,3.267448902130127,,,,,,,,0.004,0.004,0.41,4.1636271476745605,-0.014,-0.048,0.038,0.0,0.0,0.0,,,,,,,,,12028.0,19.0,10.0,329.0,-1066911722.0,44.0,33.0,203.0,88.0,-80.0,-76.0
151,12042.0,50932.0,49964.0,54354.0,46455.0,12041.0,3.267448902130127,,,,,,,,0.004,0.004,0.41,4.180589437484741,-0.013,-0.049,0.037,0.0,0.0,0.0,,,,,,,,,12038.0,19.0,10.0,331.0,-1066911722.0,40.0,31.0,199.0,69.0,-90.0,-69.0
152,12052.0,51088.0,49863.0,54230.0,46572.0,12051.0,3.267448902130127,,,,,,,,0.002,0.002,0.411,4.194711685180664,-0.014,-0.037,0.036,0.0,0.0,0.0,,,,,,,,,12048.0,19.0,12.0,333.0,-1065863146.0,35.0,33.0,196.0,44.0,-102.0,-58.0
153,12062.0,51205.0,50134.0,54283.0,46215.0,12061.0,3.267448902130127,,,,,,,,0.003,0.003,0.411,4.208051919937134,-0.011,-0.038,0.036,0.0,0.0,0.0,,,,,,,,,12058.0,19.0,12.0,335.0,-1065864171.0,31.0,31.0,191.0,62.0,-94.0,-51.0
154,12072.0,51210.0,49877.0,54494.0,46740.0,12071.0,3.267448902130127,,,,,,,,0.002,0.002,0.412,4.220994710922241,-0.012,-0.038,0.036,0.0,0.0,0.0,,,,,,,,,12068.0,19.0,14.0,336.0,-1065864171.0,27.0,33.0,183.0,61.0,-114.0,-39.0
155,12082.0,51528.0,50395.0,54293.0,46247.0,12081.0,3.267448902130127,,,,,,,,0.002,0.002,0.412,4.2335710525512695,-0.01,-0.039,0.037,0.0,0.0,0.0,,,,,,,,,12078.0,20.0,14.0,338.0,-1065864171.0,25.0,32.0,178.0,53.0,-119.0,-44.0
156,12092.0,51422.0,50294.0,54537.0,46342.0,12091.0,3.267448902130127,,,,,,,,0.002,0.002,0.413,4.24770712852478,-0.009,-0.04,0.035,0.0,0.0,0.0,,,,,,,,,12088.0,20.0,15.0,340.0,-1065865195.0,22.0,30.0,173.0,76.0,-91.0,-29.0
157,12102.0,51253.0,50508.0,54883.0,46240.0,12101.0,3.2621703147888184,,,,,,,,0.002,0.002,0.411,4.2603678703308105,-0.009,-0.04,0.023,0.0,0.0,0.0,,,,,,,,,12098.0,20.0,16.0,341.0,-1065865195.0,18.0,30.0,170.0,90.0,-89.0,-20.0
158,12112.0,51296.0,50660.0,55005.0,46226.0,12111.0,3.2568917274475098,,,,,,,,0.003,0.003,0.411,4.272935628890991,-0.006,-0.039,0.023,0.0,0.0,0.0,,,,,,,,,12108.0,20.0,16.0,343.0,-1064817643.0,15.0,28.0,167.0,86.0,-73.0,-19.0
159,12122.0,51245.0,50271.0,54859.0,46691.0,12121.0,3.2621703147888184,,,,,,,,0.002,0.002,0.412,4.286147832870483,-0.006,-0.04,0.022,0.0,0.0,0.0,,,,,,,,,12118.0,20.0,17.0,344.0,-1064817643.0,12.0,27.0,164.0,79.0,-58.0,-23.0
160,12132.0,51174.0,50864.0,55172.0,46155.0,12131.0,3.2568917274475098,,,,,,,,0.0,0.0,0.413,4.29909086227417,-0.01,-0.042,0.031,0.0,0.0,0.0,,,,,,,,,12128.0,21.0,17.0,346.0,-1064817643.0,9.0,25.0,160.0,50.0,-60.0,-29.0
161,12142.0,51803.0,51089.0,54869.0,46220.0,12141.0,3.251613140106201,,,,,,,,0.0,0.0,0.414,4.3266215324401855,-0.009,-0.044,0.033,0.0,0.0,0.0,,,,,,,,,12138.0,21.0,18.0,348.0,-1064817643.0,7.0,25.0,155.0,60.0,-53.0,-26.0
162,12152.0,51818.0,50605.0,54949.0,46796.0,12151.0,3.251613140106201,,,,,,,,0.0,0.0,0.414,4.340367794036865,-0.008,-0.044,0.03,0.0,0.0,0.0,,,,,,,,,12148.0,20.0,18.0,349.0,-1063769068.0,3.0,22.0,151.0,60.0,-61.0,-25.0
163,12162.0,52148.0,51150.0,54949.0,46721.0,12161.0,3.2463345527648926,,,,,,,,-0.001,-0.001,0.416,4.352802515029907,-0.008,-0.035,0.035,0.0,0.0,0.0,,,,,,,,,12158.0,21.0,18.0,350.0,-1063770092.0,1.0,20.0,144.0,62.0,-85.0,-27.0
164,12172.0,52231.0,50418.0,54897.0,47512.0,12171.0,3.2463345527648926,,,,,,,,-0.001,-0.001,0.416,4.369724988937378,-0.008,-0.037,0.034,0.0,0.0,0.0,,,,,,,,,12168.0,21.0,19.0,351.0,-1063770092.0,0.0,18.0,142.0,55.0,-102.0,-23.0
165,12182.0,51916.0,50136.0,55251.0,47813.0,12181.0,3.2463345527648926,,,,,,,,-0.001,-0.001,0.416,4.3826069831848145,-0.007,-0.037,0.028,0.0,0.0,0.0,,,,,,,,,12178.0,20.0,19.0,353.0,-1063770092.0,-5.0,16.0,139.0,75.0,-125.0,-26.0
166,12192.0,52021.0,50727.0,55127.0,47326.0,12191.0,3.2463345527648926,,,,,,,,-0.001,-0.001,0.416,4.3957908153533936,-0.006,-0.037,0.028,0.0,0.0,0.0,,,,,,,,,12188.0,20.0,20.0,354.0,-1063771116.0,-7.0,14.0,136.0,62.0,-147.0,-27.0
167,12202.0,52251.0,50483.0,55160.0,47864.0,12201.0,3.2463345527648926,,,,,,,,0.0,0.0,0.417,4.4122302532196045,-0.003,-0.035,0.03,0.0,0.0,0.0,,,,,,,,,12198.0,20.0,20.0,354.0,-1062722540.0,-9.0,12.0,128.0,34.0,-154.0,-30.0
168,12212.0,52642.0,50603.0,54832.0,47746.0,12211.0,3.2463345527648926,,,,,,,,0.0,0.0,0.418,4.425589084625244,-0.002,-0.035,0.034,0.0,0.0,0.0,,,,,,,,,12208.0,20.0,21.0,356.0,-1062723564.0,-11.0,12.0,126.0,31.0,-174.0,-32.0
169,12222.0,52434.0,50881.0,55212.0,47643.0,12221.0,3.241055965423584,,,,,,,,0.0,0.0,0.418,4.438225984573364,-0.002,-0.035,0.034,0.0,0.0,0.0,,,,,,,,,12218.0,20.0,21.0,357.0,-1062724588.0,-13.0,9.0,124.0,6.0,-197.0,-26.0
170,12232.0,52648.0,50382.0,55172.0,48140.0,12231.0,3.241055965423584,,,,,,,,-0.001,-0.001,0.419,4.450989246368408,-0.002,-0.037,0.035,0.0,0.0,0.0,,,,,,,,,12228.0,20.0,21.0,358.0,-1062724588.0,-15.0,7.0,120.0,-2.0,-183.0,-16.0
171,12242.0,52738.0,50739.0,55100.0,47819.0,12241.0,3.241055965423584,,,,,,,,-0.001,-0.001,0.419,4.465691328048706,-0.001,-0.037,0.035,0.0,0.0,0.0,,,,,,,,,12238.0,24.0,23.0,359.0,-1062725612.0,-8.0,8.0,118.0,-19.0,-171.0,-13.0
172,12252.0,52443.0,51092.0,55425.0,47457.0,12251.0,3.241055965423584,,,,,,,,-0.001,-0.001,0.419,4.478734970092773,-0.001,-0.038,0.033,0.0,0.0,0.0,,,,,,,,,12248.0,22.0,24.0,361.0,-1063775212.0,-12.0,6.0,115.0,-22.0,-150.0,-16.0
173,12262.0,51941.0,51036.0,55856.0,47511.0,12261.0,3.241055965423584,,,,,,,,-0.001,-0.001,0.42,4.491267919540405,0.0,-0.038,0.032,0.0,0.0,0.0,,,,,,,,,12258.0,22.0,24.0,362.0,-1063775212.0,-13.0,4.0,113.0,0.0,-92.0,-18.0
174,12272.0,52073.0,51573.0,55693.0,46800.0,12271.0,3.241055965423584,,,,,,,,-0.001,-0.001,0.42,4.506548881530762,0.0,-0.034,0.03,0.0,0.0,0.0,,,,,,,,,12268.0,23.0,25.0,363.0,-1063776236.0,-12.0,3.0,114.0,-2.0,-32.0,-15.0
175,12282.0,51842.0,51625.0,55918.0,46610.0,12281.0,3.241055965423584,,,,,,,,-0.001,-0.001,0.421,4.522948741912842,0.0,-0.035,0.03,0.0,0.0,0.0,,,,,,,,,12278.0,23.0,25.0,364.0,-1063776237.0,-13.0,1.0,114.0,0.0,3.0,-13.0
176,12292.0,51656.0,51401.0,55869.0,46562.0,12291.0,3.241055965423584,,,,,,,,-0.002,-0.002,0.421,4.537018775939941,0.0,-0.033,0.03,0.0,0.0,0.0,,,,,,,,,12288.0,22.0,26.0,366.0,-1063776237.0,-16.0,1.0,118.0,0.0,36.0,-6.0
177,12302.0,51830.0,51603.0,55676.0,46146.0,12301.0,3.241055965423584,,,,,,,,-0.002,-0.002,0.422,4.549729585647583,0.0,-0.033,0.03,0.0,0.0,0.0,,,,,,,,,12298.0,22.0,26.0,367.0,-1063776237.0,-17.0,-1.0,119.0,-10.0,55.0,0.0
178,12312.0,51884.0,51252.0,55500.0,46188.0,12311.0,3.2463345527648926,,,,,,,,-0.002,-0.002,0.422,4.56248927116394,0.0,-0.034,0.032,0.0,0.0,0.0,,,,,,,,,12308.0,21.0,26.0,368.0,-1063776237.0,-18.0,-3.0,120.0,-11.0,38.0,0.0
179,12322.0,52355.0,50690.0,55070.0,46800.0,12321.0,3.2463345527648926,,,,,,,,-0.001,-0.001,0.422,4.579926252365112,0.002,-0.034,0.031,0.0,0.0,0.0,,,,,,,,,12318.0,21.0,27.0,370.0,-1063775213.0,-20.0,-2.0,120.0,5.0,12.0,1.0
180,12332.0,52031.0,50418.0,55291.0,46896.0,12331.0,3.2463345527648926,,,,,,,,-0.001,-0.001,0.423,4.5931878089904785,0.003,-0.035,0.027,0.0,0.0,0.0,,,,,,,,,12328.0,21.0,27.0,371.0,-1063775213.0,-22.0,-5.0,121.0,4.0,-21.0,5.0
181,12342.0,51846.0,50420.0,55149.0,46556.0,12341.0,3.2463345527648926,,,,,,,,-0.001,-0.001,0.422,4.6070556640625,0.003,-0.035,0.021,0.0,0.0,0.0,,,,,,,,,12338.0,20.0,28.0,373.0,-1063775213.0,-23.0,-6.0,127.0,-12.0,-65.0,9.0
182,12352.0,51696.0,49780.0,55060.0,47180.0,12351.0,3.251613140106201,,,,,,,,-0.002,-0.002,0.422,4.620561122894287,0.002,-0.037,0.02,0.0,0.0,0.0,,,,,,,,,12348.0,20.0,28.0,374.0,-1063776237.0,-24.0,-9.0,125.0,-15.0,-85.0,-1.0
183,12362.0,51918.0,50210.0,54932.0,46596.0,12361.0,3.251613140106201,,,,,,,,-0.002,-0.002,0.423,4.633937358856201,0.003,-0.038,0.022,0.0,0.0,0.0,,,,,,,,,12358.0,20.0,27.0,376.0,-1063776237.0,-25.0,-11.0,124.0,-39.0,-103.0,0.0
184,12372.0,51759.0,49500.0,54969.0,47087.0,12371.0,3.2568917274475098,,,,,,,,-0.001,-0.001,0.423,4.647034406661987,0.005,-0.039,0.023,0.0,0.0,0.0,,,,,,,,,12368.0,22.0,29.0,377.0,-1063776237.0,-22.0,-10.0,123.0,-53.0,-123.0,5.0
185,12382.0,51250.0,48793.0,55020.0,47312.0,12381.0,3.2568917274475098,,,,,,,,-0.002,-0.002,0.424,4.660068511962891,0.004,-0.039,0.023,0.0,0.0,0.0,,,,,,,,,12378.0,21.0,29.0,380.0,-1064825837.0,-23.0,-12.0,130.0,-52.0,-136.0,7.0
186,12392.0,51305.0,49863.0,54944.0,46126.0,12391.0,3.2568917274475098,,,,,,,,-0.001,-0.001,0.424,4.672466516494751,0.006,-0.038,0.025,0.0,0.0,0.0,,,,,,,,,12388.0,21.0,29.0,381.0,-1064825836.0,-25.0,-14.0,129.0,-78.0,-133.0,9.0
187,12402.0,51311.0,49596.0,54779.0,46227.0,12401.0,3.2621703147888184,,,,,,,,-0.001,-0.001,0.424,4.685219764709473,0.006,-0.041,0.024,0.0,0.0,0.0,,,,,,,,,12398.0,20.0,29.0,382.0,-1064826860.0,-27.0,-16.0,128.0,-70.0,-96.0,8.0
188,12412.0,51186.0,49474.0,54943.0,46215.0,12411.0,3.2621703147888184,,,,,,,,-0.001,-0.001,0.425,4.6994407176971436,0.007,-0.042,0.027,0.0,0.0,0.0,,,,,,,,,12408.0,20.0,29.0,384.0,-1064826860.0,-27.0,-18.0,126.0,-51.0,-62.0,7.0
189,12422.0,51182.0,50447.0,55161.0,45511.0,12421.0,3.2621703147888184,,,,,,,,-0.001,-0.001,0.425,4.716200590133667,0.007,-0.042,0.028,0.0,0.0,0.0,,,,,,,,,12418.0,19.0,29.0,384.0,-1065875436.0,-28.0,-18.0,118.0,-35.0,-32.0,12.0
190,12432.0,51051.0,50337.0,55189.0,45475.0,12431.0,3.267448902130127,,,,,,,,-0.001,-0.001,0.425,4.729089260101318,0.007,-0.042,0.026,0.0,0.0,0.0,,,,,,,,,12428.0,18.0,29.0,385.0,-1065875436.0,-30.0,-21.0,115.0,-20.0,-22.0,11.0
191,12442.0,51742.0,50415.0,54868.0,45542.0,12441.0,3.2621703147888184,,,,,,,,-0.001,-0.001,0.425,4.742364168167114,0.009,-0.039,0.026,0.0,0.0,0.0,,,,,,,,,12438.0,18.0,29.0,386.0,-1065875436.0,-30.0,-23.0,112.0,16.0,9.0,15.0
192,12452.0,51409.0,50031.0,55220.0,45911.0,12451.0,3.2621703147888184,,,,,,,,-0.001,-0.001,0.426,4.755752086639404,0.009,-0.039,0.027,0.0,0.0,0.0,,,,,,,,,12448.0,18.0,28.0,387.0,-1065875436.0,-30.0,-25.0,110.0,6.0,-14.0,9.0
193,12462.0,51276.0,50923.0,55339.0,44873.0,12461.0,3.2621703147888184,,,,,,,,-0.001,-0.001,0.426,4.768672466278076,0.009,-0.04,0.029,0.0,0.0,0.0,,,,,,,,,12458.0,16.0,29.0,388.0,-1065875436.0,-34.0,-25.0,107.0,-17.0,-16.0,10.0
194,12472.0,51899.0,50701.0,55109.0,45556.0,12471.0,3.2568917274475098,,,,,,,,0.0,0.0,0.426,4.7813401222229,0.01,-0.039,0.03,0.0,0.0,0.0,,,,,,,,,12468.0,16.0,29.0,388.0,-1065875436.0,-34.0,-25.0,102.0,22.0,3.0,16.0
195,12482.0,51464.0,49584.0,55506.0,46881.0,12481.0,3.2568917274475098,,,,,,,,0.0,0.0,0.427,4.794128894805908,0.01,-0.039,0.032,0.0,0.0,0.0,,,,,,,,,12478.0,16.0,29.0,390.0,-1065875436.0,-34.0,-27.0,100.0,15.0,-40.0,10.0
196,12492.0,51782.0,50473.0,55369.0,45792.0,12491.0,3.2568917274475098,,,,,,,,0.0,0.0,0.427,4.807641506195068,0.011,-0.039,0.033,0.0,0.0,0.0,,,,,,,,,12488.0,14.0,29.0,390.0,-1065875436.0,-36.0,-28.0,97.0,-41.0,-63.0,18.0
197,12502.0,51719.0,49715.0,55573.0,46568.0,12501.0,3.2568917274475098,,,,,,,,0.0,0.0,0.428,4.820409297943115,0.011,-0.039,0.034,0.0,0.0,0.0,,,,,,,,,12498.0,14.0,29.0,391.0,-1065876460.0,-37.0,-30.0,94.0,-73.0,-97.0,34.0
198,12512.0,51902.0,48441.0,55373.0,47710.0,12511.0,3.2568917274475098,,,,,,,,0.0,0.0,0.428,4.833127737045288,0.012,-0.039,0.037,0.0,0.0,0.0,,,,,,,,,12508.0,14.0,29.0,393.0,-1065876460.0,-37.0,-32.0,95.0,-49.0,-91.0,41.0
199,12522.0,52185.0,49507.0,55279.0,46622.0,12521.0,3.2568917274475098,,,,,,,,0.002,0.002,0.429,4.848744630813599,0.018,-0.024,0.035,0.0,0.0,0.0,,,,,,,,,12518.0,14.0,29.0,394.0,-1066925036.0,-35.0,-31.0,90.0,-107.0,-147.0,44.0
200,12532.0,52168.0,48497.0,55447.0,47578.0,12531.0,3.2568917274475098,,,,,,,,0.002,0.002,0.429,4.865605115890503,0.019,-0.024,0.036,0.0,0.0,0.0,,,,,,,,,12528.0,14.0,29.0,395.0,-1066926060.0,-35.0,-33.0,88.0,-59.0,-140.0,52.0
201,12542.0,52481.0,49509.0,55138.0,46460.0,12541.0,3.2568917274475098,,,,,,,,0.002,0.002,0.429,4.878530740737915,0.019,-0.026,0.038,0.0,0.0,0.0,,,,,,,,,12538.0,14.0,29.0,396.0,-1067450347.0,-35.0,-35.0,88.0,-92.0,-145.0,50.0
202,12552.0,52048.0,48981.0,55749.0,47160.0,12551.0,3.251613140106201,,,,,,,,0.002,0.002,0.43,4.89107871055603,0.02,-0.026,0.039,0.0,0.0,0.0,,,,,,,,,12548.0,15.0,30.0,397.0,-1068497899.0,-31.0,-32.0,85.0,-78.0,-112.0,54.0
203,12562.0,52147.0,49798.0,55821.0,46267.0,12561.0,3.251613140106201,,,,,,,,0.002,0.002,0.432,4.903625011444092,0.02,-0.026,0.046,0.0,0.0,0.0,,,,,,,,,12558.0,15.0,30.0,397.0,-1068496875.0,-31.0,-33.0,82.0,-60.0,-77.0,49.0
204,12572.0,52203.0,50536.0,55748.0,45609.0,12571.0,3.251613140106201,,,,,,,,0.002,0.002,0.432,4.9208691120147705,0.021,-0.026,0.047,0.0,0.0,0.0,,,,,,,,,12568.0,12.0,30.0,398.0,-1068496875.0,-36.0,-35.0,79.0,-25.0,-39.0,48.0
205,12582.0,52535.0,50234.0,55754.0,46116.0,12581.0,3.2463345527648926,,,,,,,,0.003,0.003,0.433,4.933422565460205,0.021,-0.028,0.048,0.0,0.0,0.0,,,,,,,,,12578.0,11.0,29.0,399.0,-1068496875.0,-35.0,-36.0,76.0,-19.0,-17.0,42.0
206,12592.0,52629.0,50160.0,55636.0,46329.0,12591.0,3.2463345527648926,,,,,,,,0.003,0.003,0.433,4.947393178939819,0.021,-0.028,0.043,0.0,0.0,0.0,,,,,,,,,12588.0,11.0,29.0,400.0,-1068496874.0,-35.0,-37.0,74.0,21.0,-6.0,40.0
207,12602.0,52651.0,50451.0,55988.0,46513.0,12601.0,3.241055965423584,,,,,,,,0.003,0.003,0.433,4.959964990615845,0.021,-0.027,0.043,0.0,0.0,0.0,,,,,,,,,12598.0,11.0,29.0,400.0,-1068496874.0,-34.0,-38.0,67.0,22.0,-28.0,29.0
208,12612.0,52712.0,50643.0,55916.0,46410.0,12611.0,3.241055965423584,,,,,,,,0.004,0.004,0.434,4.973030090332031,0.021,-0.029,0.042,0.0,0.0,0.0,,,,,,,,,12608.0,9.0,30.0,400.0,-1068496874.0,-37.0,-36.0,65.0,29.0,-35.0,21.0
209,12622.0,52971.0,50964.0,55773.0,46081.0,12621.0,3.241055965423584,,,,,,,,0.004,0.004,0.435,4.986226320266724,0.021,-0.029,0.042,0.0,0.0,0.0,,,,,,,,,12618.0,8.0,30.0,401.0,-1068496874.0,-37.0,-37.0,63.0,38.0,-38.0,24.0
210,12632.0,53191.0,50605.0,55753.0,46682.0,12631.0,3.2357773780822754,,,,,,,,0.004,0.004,0.435,4.999112606048584,0.021,-0.03,0.042,0.0,0.0,0.0,,,,,,,,,12628.0,8.0,29.0,402.0,-1068496874.0,-37.0,-39.0,62.0,36.0,-66.0,18.0
211,12642.0,52915.0,50367.0,56072.0,46755.0,12641.0,3.2357773780822754,,,,,,,,0.0031765460968017577,0.0,0.4,5.015882730484009,0.2,0.0,0.0,0.7157529638290406,0.1167,-0.1785,,,,,,,,,12638.0,7.0,29.0,402.0,-1068496874.0,-36.0,-40.0,58.0,15.0,-100.0,27.0
212,12652.0,53701.0,50635.0,55526.0,46746.0,12651.0,3.2357773780822754,,,,,,,,0.0060386180877685545,0.0,0.4,5.030193090438843,0.2,0.0,0.0,0.7166115854263306,0.1167,-0.1748,,,,,,,,,12648.0,8.0,29.0,402.0,-1068495850.0,-34.0,-40.0,57.0,10.0,-99.0,19.0
213,12662.0,53597.0,50653.0,55838.0,46849.0,12661.0,3.230498790740967,,,,,,,,0.008519554138183593,0.0,0.4,5.042597770690918,0.2,0.0,0.0,0.7170558662414551,0.121,-0.1708,,,,,,,,,12658.0,7.0,28.0,403.0,-1068495850.0,-34.0,-41.0,56.0,6.0,-100.0,25.0
214,12672.0,53613.0,49988.0,55977.0,47478.0,12671.0,3.230498790740967,,,,,,,,0.011374139785766601,0.0,0.4,5.056870698928833,0.2,0.0,0.0,0.7219122419357301,0.121,-0.1794,,,,,,,,,12668.0,6.0,28.0,403.0,-1068495850.0,-33.0,-42.0,54.0,0.0,-106.0,36.0
215,12682.0,53462.0,50263.0,56264.0,47137.0,12681.0,3.230498790740967,,,,,,,,0.013895416259765625,0.0,0.4,5.069477081298828,0.2,0.0,0.0,0.7309686248779298,0.1213,-0.1754,,,,,,,,,12678.0,6.0,28.0,404.0,-1068494826.0,-32.0,-44.0,51.0,-9.0,-107.0,44.0
216,12692.0,53348.0,50155.0,56386.0,47387.0,12691.0,3.230498790740967,,,,,,,,0.016392850875854494,0.0,0.4,5.0819642543792725,0.2,0.0,0.0,0.7314178552627565,0.1213,-0.1714,,,,,,,,,12688.0,6.0,27.0,404.0,-1068494825.0,-31.0,-45.0,49.0,-25.0,-95.0,42.0
217,12702.0,53200.0,50302.0,56564.0,47106.0,12701.0,3.230498790740967,,,,,,,,0.019135046005249023,0.0,0.4,5.095675230026245,0.2,0.0,0.0,0.7362405138015747,0.11330000000000001,-0.1394,,,,,,,,,12698.0,8.0,31.0,405.0,-1068493801.0,-26.0,-37.0,49.0,-45.0,-66.0,40.0
218,12712.0,53193.0,50108.0,56656.0,47184.0,12711.0,3.230498790740967,,,,,,,,0.022464990615844727,0.0,0.4,5.112324953079224,0.2,0.0,0.0,0.7412394971847535,0.1136,-0.13169999999999998,,,,,,,,,12708.0,8.0,30.0,405.0,-1069542377.0,-24.0,-39.0,49.0,-67.0,-44.0,47.0
219,12722.0,53288.0,50400.0,56605.0,46855.0,12721.0,3.230498790740967,,,,,,,,0.025084590911865233,0.0,0.4,5.125422954559326,0.2,0.0,0.0,0.7337253772735597,0.1056,-0.12,,,,,,,,,12718.0,7.0,30.0,406.0,-1069542377.0,-22.0,-40.0,48.0,-59.0,0.0,52.0
220,12732.0,53188.0,50177.0,56661.0,46818.0,12731.0,3.230498790740967,,,,,,,,0.027721452713012695,0.0,0.4,5.1386072635650635,0.2,0.0,0.0,0.7345164358139039,0.1016,-0.096,,,,,,,,,12728.0,7.0,30.0,407.0,-1069542377.0,-21.0,-41.0,51.0,-38.0,29.0,53.0
221,12742.0,52816.0,50528.0,56980.0,46410.0,12741.0,3.230498790740967,,,,,,,,0.03124380111694336,0.0,0.4,5.156219005584717,0.2,0.0,0.0,0.7355731403350831,0.0979,-0.06,,,,,,,,,12738.0,7.0,30.0,407.0,-1069542377.0,-19.0,-40.0,50.0,-37.0,57.0,53.0
222,12752.0,52955.0,50661.0,56935.0,46065.0,12751.0,3.230498790740967,,,,,,,,0.03386068344116211,0.0,0.4,5.1693034172058105,0.2,0.0,0.0,0.7443582050323486,0.0939,-0.011699999999999995,,,,,,,,,12748.0,6.0,30.0,408.0,-1069542376.0,-19.0,-41.0,50.0,-30.0,88.0,60.0
223,12762.0,52834.0,50617.0,56916.0,45787.0,12761.0,3.2357773780822754,,,,,,,,0.03713216781616211,0.0,0.4,5.1856608390808105,0.2,0.0,0.0,0.7250396503448487,0.0902,0.024300000000000002,,,,,,,,,12758.0,6.0,29.0,408.0,-1070590952.0,-18.0,-42.0,51.0,-6.0,97.0,59.0
224,12772.0,53143.0,50636.0,56730.0,45715.0,12771.0,3.2357773780822754,,,,,,,,0.03974165916442871,0.0,0.4,5.1987082958221436,0.2,0.0,0.0,0.7215224977493286,0.08220000000000001,0.052300000000000006,,,,,,,,,12768.0,5.0,29.0,409.0,-1070591976.0,-18.0,-44.0,50.0,-8.0,99.0,69.0
225,12782.0,53309.0,50210.0,56624.0,45850.0,12781.0,3.241055965423584,,,,,,,,0.042318296432495114,0.0,0.4,5.211591482162476,0.2,0.0,0.0,0.7182954889297486,0.0742,0.0766,,,,,,,,,12778.0,5.0,28.0,409.0,-1070591976.0,-17.0,-44.0,48.0,12.0,75.0,74.0
226,12792.0,53452.0,49902.0,56470.0,46273.0,12791.0,3.241055965423584,,,,,,,,0.044852495193481445,0.0,0.4,5.224262475967407,0.2,0.0,0.0,0.7110557485580445,0.0742,0.064,,,,,,,,,12788.0,5.0,27.0,410.0,-1070591975.0,-16.0,-46.0,48.0,15.0,61.0,77.0
227,12802.0,52943.0,50312.0,56952.0,45754.0,12801.0,3.241055965423584,,,,,,,,0.04773759841918945,0.0,0.4,5.238687992095947,0.2,0.0,0.0,0.6996212795257569,0.0665,0.10830000000000001,,,,,,,,,12798.0,4.0,27.0,410.0,-1070592999.0,-15.0,-47.0,46.0,-15.0,30.0,69.0
228,12812.0,53205.0,50064.0,56723.0,46108.0,12811.0,3.241055965423584,,,,,,,,0.050242376327514646,0.0,0.4,5.251211881637573,0.2,0.0,0.0,0.6963727128982544,0.0625,0.12830000000000003,,,,,,,,,12808.0,4.0,26.0,411.0,-1070592999.0,-14.0,-48.0,46.0,-40.0,30.0,60.0
229,12822.0,53291.0,49822.0,56964.0,46748.0,12821.0,3.241055965423584,,,,,,,,0.052931022644042966,0.0,0.4,5.264655113220215,0.2,0.0,0.0,0.680879306793213,0.0548,0.1849,,,,,,,,,12818.0,4.0,26.0,410.0,-1070592999.0,-14.0,-48.0,38.0,-51.0,15.0,66.0
230,12832.0,53028.0,49836.0,57301.0,46949.0,12831.0,3.2357773780822754,,,,,,,,0.055533313751220705,0.0,0.4,5.2776665687561035,0.2,0.0,0.0,0.6859599941253662,0.0465,0.1972,,,,,,,,,12828.0,4.0,26.0,410.0,-1070592998.0,-13.0,-49.0,37.0,-59.0,8.0,53.0
231,12842.0,53026.0,49608.0,57343.0,47154.0,12841.0,3.2357773780822754,,,,,,,,0.05802726745605469,0.0,0.4,5.290136337280273,0.2,0.0,0.0,0.6827081802368165,0.0428,0.2092,,,,,,,,,12838.0,3.0,32.0,410.0,-1071641574.0,-15.0,-37.0,37.0,-92.0,8.0,54.0
232,12852.0,52919.0,49917.0,57558.0,46643.0,12851.0,3.2357773780822754,,,,,,,,0.06062583923339844,0.0,0.4,5.303129196166992,0.2,0.0,0.0,0.6714877517700195,0.0428,0.2295,,,,,,,,,12848.0,2.0,31.0,411.0,-1071641574.0,-14.0,-37.0,36.0,-99.0,-2.0,59.0
233,12862.0,53009.0,49333.0,57502.0,47280.0,12861.0,3.2357773780822754,,,,,,,,0.06327447891235352,0.0,0.4,5.316372394561768,0.2,0.0,0.0,0.6642823436737061,0.0391,0.26180000000000003,,,,,,,,,12858.0,3.0,31.0,411.0,-1071641574.0,-11.0,-38.0,36.0,-97.0,8.0,61.0
234,12872.0,53359.0,49691.0,57249.0,46797.0,12871.0,3.2357773780822754,,,,,,,,0.06684532165527343,0.0,0.4,5.334226608276367,0.2,0.0,0.0,0.6613535964965821,0.0351,0.2661,,,,,,,,,12868.0,2.0,30.0,412.0,-1072690150.0,-12.0,-38.0,36.0,-88.0,15.0,60.0
235,12882.0,53421.0,50121.0,57223.0,46299.0,12881.0,3.2357773780822754,,,,,,,,0.06949539184570312,0.0,0.4,5.347476959228516,0.2,0.0,0.0,0.625548617553711,0.0274,0.2827,,,,,,,,,12878.0,2.0,30.0,412.0,-1072690149.0,-11.0,-39.0,36.0,-48.0,34.0,66.0
236,12892.0,53364.0,49881.0,57269.0,46447.0,12891.0,3.2357773780822754,,,,,,,,0.07215971946716308,0.0,0.4,5.360798597335815,0.2,0.0,0.0,0.6140479158401491,0.0234,0.291,,,,,,,,,12888.0,2.0,29.0,412.0,-1072690149.0,-10.0,-39.0,37.0,-8.0,22.0,58.0
237,12902.0,53588.0,50514.0,57241.0,46049.0,12901.0,3.230498790740967,,,,,,,,0.07505545616149903,0.0,0.4,5.375277280807495,0.2,0.0,0.0,0.5906166368484498,0.0114,0.2953,,,,,,,,,12898.0,2.0,29.0,413.0,-1072690149.0,-9.0,-40.0,35.0,14.0,18.0,51.0
238,12912.0,53832.0,50878.0,57429.0,46384.0,12911.0,3.230498790740967,,,,,,,,0.0776552677154541,0.0,0.4,5.3882763385772705,0.2,0.0,0.0,0.5833965803146363,0.0034000000000000002,0.3239,,,,,,,,,12908.0,2.0,29.0,411.0,-1072691173.0,-9.0,-40.0,23.0,56.0,26.0,44.0
239,12922.0,54097.0,50663.0,57231.0,46580.0,12921.0,3.230498790740967,,,,,,,,0.08021254539489746,0.0,0.4,5.401062726974487,0.2,0.0,0.0,0.5681637636184693,-0.0006000000000000001,0.32420000000000004,,,,,,,,,12918.0,3.0,29.0,411.0,-1072691173.0,-6.0,-39.0,23.0,70.0,17.0,36.0
240,12932.0,54544.0,50891.0,57187.0,46745.0,12931.0,3.2199416160583496,,,,,,,,0.0826789379119873,0.0,0.4,5.4133946895599365,0.2,0.0,0.0,0.5526036813735962,-0.0046,0.3325,,,,,,,,,12928.0,3.0,28.0,411.0,-1072691172.0,-6.0,-39.0,23.0,75.0,-5.0,25.0
241,12942.0,54682.0,50686.0,57035.0,47080.0,12941.0,3.2199416160583496,,,,,,,,0.0860588550567627,0.0,0.4,5.4302942752838135,0.2,0.0,0.0,0.5210176565170288,-0.0166,0.3168,,,,,,,,,12938.0,2.0,28.0,412.0,-1071642596.0,-6.0,-40.0,22.0,75.0,-21.0,23.0
242,12952.0,54240.0,50800.0,57285.0,46462.0,12951.0,3.2199416160583496,,,,,,,,0.08856992721557617,0.0,0.4,5.442849636077881,0.2,0.0,0.0,0.5017709781646729,-0.0206,0.3131,,,,,,,,,12948.0,2.0,28.0,413.0,-1071642596.0,-5.0,-40.0,29.0,40.0,-15.0,16.0
243,12962.0,53891.0,50503.0,57498.0,46735.0,12961.0,3.2199416160583496,,,,,,,,0.09109435081481934,0.0,0.4,5.455471754074097,0.2,0.0,0.0,0.47392830524444585,-0.024300000000000002,0.2934,,,,,,,,,12958.0,0.0,26.0,413.0,-1071642596.0,-10.0,-42.0,31.0,4.0,-11.0,21.0
244,12972.0,54070.0,50120.0,57358.0,47024.0,12971.0,3.2199416160583496,,,,,,,,0.09373154640197753,0.0,0.4,5.468657732009888,0.2,0.0,0.0,0.4584194639205933,-0.028300000000000002,0.2857,,,,,,,,,12968.0,0.0,26.0,414.0,-1071642596.0,-10.0,-43.0,32.0,-18.0,2.0,27.0
245,12982.0,53252.0,50245.0,57812.0,46688.0,12981.0,3.225220203399658,,,,,,,,0.09615983963012695,0.0,0.4,5.480799198150635,0.2,0.0,0.0,0.4391479518890381,-0.0363,0.26570000000000005,,,,,,,,,12978.0,0.0,25.0,414.0,-1071642596.0,-9.0,-44.0,33.0,-59.0,0.0,22.0
246,12992.0,53218.0,50046.0,58000.0,46830.0,12991.0,3.225220203399658,,,,,,,,0.09879684448242188,0.0,0.4,5.493984222412109,0.2,0.0,0.0,0.42363905334472657,-0.0403,0.262,,,,,,,,,12988.0,0.0,25.0,414.0,-1071642596.0,-8.0,-44.0,30.0,-93.0,26.0,30.0
247,13002.0,53150.0,48808.0,58234.0,46899.0,13001.0,3.230498790740967,,,,,,,,0.10138239860534667,0.0,0.4,5.506911993026733,0.2,0.0,0.0,0.420714719581604,-0.0689,0.24630000000000002,,,,,,,,,12998.0,0.0,24.0,415.0,-1071642596.0,-8.0,-45.0,34.0,-108.0,16.0,41.0
248,13012.0,53107.0,49148.0,57940.0,47490.0,13011.0,3.225220203399658,,,,,,,,0.10391345024108886,0.0,0.4,5.519567251205444,0.2,0.0,0.0,0.3968740350723267,-0.07289999999999999,0.2303,,,,,,,,,13008.0,-1.0,29.0,416.0,-1072691172.0,-8.0,-35.0,35.0,-110.0,17.0,36.0
249,13022.0,53108.0,48980.0,58211.0,46804.0,13021.0,3.230498790740967,,,,,,,,0.10653014183044433,0.0,0.4,5.532650709152222,0.2,0.0,0.0,0.37735904254913333,-0.0769,0.22260000000000002,,,,,,,,,13018.0,-1.0,27.0,416.0,-1072691171.0,-8.0,-37.0,34.0,-104.0,35.0,36.0
250,13032.0,53258.0,49509.0,58071.0,46338.0,13031.0,3.230498790740967,,,,,,,,0.10929412841796875,0.0,0.4,5.546470642089844,0.2,0.0,0.0,0.3541882385253907,-0.0892,0.1829,,,,,,,,,13028.0,-1.0,27.0,416.0,-1073739747.0,-7.0,-37.0,33.0,-85.0,33.0,29.0
251,13042.0,53734.0,49816.0,58015.0,46078.0,13041.0,3.230498790740967,,,,,,,,0.1121713638305664,0.0,0.4,5.560856819152832,0.2,0.0,0.0,0.33445140914917,-0.0932,0.1792,,,,,,,,,13038.0,-1.0,27.0,416.0,-536868835.0,-7.0,-37.0,28.0,-40.0,28.0,41.0
252,13052.0,53909.0,49662.0,57822.0,46336.0,13051.0,3.230498790740967,,,,,,,,0.11507563591003418,0.0,0.4,5.575378179550171,0.2,0.0,0.0,0.2947226907730103,-0.10120000000000001,0.15550000000000003,,,,,,,,,13048.0,-1.0,26.0,416.0,-536868835.0,-6.0,-37.0,28.0,-8.0,5.0,32.0
253,13062.0,54300.0,50283.0,57584.0,45905.0,13061.0,3.225220203399658,,,,,,,,0.11766481399536133,0.0,0.4,5.588324069976807,0.2,0.0,0.0,0.3120994441986084,-0.1055,0.14350000000000002,,,,,,,,,13058.0,-1.0,26.0,416.0,-536868835.0,-6.0,-37.0,29.0,12.0,-6.0,20.0
254,13072.0,54537.0,50243.0,57459.0,45786.0,13071.0,3.225220203399658,,,,,,,,0.12022099494934083,0.0,0.4,5.601104974746704,0.2,0.0,0.0,0.29256629848480226,-0.1052,0.12380000000000002,,,,,,,,,13068.0,0.0,26.0,417.0,-536868835.0,-3.0,-35.0,30.0,54.0,-6.0,28.0
255,13082.0,54758.0,50533.0,57337.0,45377.0,13081.0,3.225220203399658,,,,,,,,0.12284297943115234,0.0,0.4,5.614214897155762,0.2,0.0,0.0,0.2401528938293458,-0.11750000000000001,0.08780000000000002,,,,,,,,,13078.0,0.0,26.0,418.0,-536868835.0,-2.0,-35.0,34.0,73.0,-9.0,32.0
256,13092.0,54527.0,50068.0,57345.0,45657.0,13091.0,3.225220203399658,,,,,,,,0.12548866271972656,0.0,0.4,5.627443313598633,0.2,0.0,0.0,0.21634659881591803,-0.1095,0.07980000000000002,,,,,,,,,13088.0,0.0,26.0,418.0,-1073739747.0,-2.0,-35.0,34.0,97.0,-8.0,33.0
257,13102.0,54146.0,50273.0,57617.0,45335.0,13101.0,3.225220203399658,,,,,,,,0.1282867431640625,0.0,0.4,5.6414337158203125,0.2,0.0,0.0,0.19658602294921879,-0.1095,0.07180000000000002,,,,,,,,,13098.0,0.0,25.0,419.0,-1073739747.0,-1.0,-35.0,35.0,95.0,-22.0,28.0
258,13112.0,54293.0,49984.0,57188.0,46246.0,13111.0,3.225220203399658,,,,,,,,0.13116602897644042,0.0,0.4,5.655830144882202,0.2,0.0,0.0,0.16084980869293214,-0.1135,0.03980000000000001,,,,,,,,,13108.0,-1.0,24.0,419.0,-1072691171.0,-2.0,-37.0,35.0,92.0,0.0,24.0
259,13122.0,54236.0,50194.0,57244.0,45977.0,13121.0,3.225220203399658,,,,,,,,0.13427224159240722,0.0,0.4,5.671361207962036,0.2,0.0,0.0,0.13718167247772226,-0.1135,0.028100000000000014,,,,,,,,,13118.0,-1.0,23.0,419.0,-1072691170.0,-1.0,-37.0,35.0,86.0,-10.0,24.0
260,13132.0,53809.0,50067.0,57393.0,46166.0,13131.0,3.230498790740967,,,,,,,,0.13732361793518066,0.0,0.4,5.686618089675903,0.2,0.0,0.0,0.11749708538055428,-0.1055,0.012100000000000014,,,,,,,,,13128.0,-1.0,23.0,419.0,-1072691170.0,-1.0,-38.0,33.0,59.0,-12.0,9.0
261,13142.0,53526.0,49869.0,57599.0,46368.0,13141.0,3.230498790740967,,,,,,,,0.14003705978393555,0.0,0.4,5.700185298919678,0.2,0.0,0.0,0.08971111793518072,-0.1095,0.020400000000000015,,,,,,,,,13138.0,-1.0,23.0,420.0,-1071642594.0,0.0,-38.0,33.0,5.0,7.0,4.0
262,13152.0,53623.0,50116.0,57718.0,46265.0,13151.0,3.225220203399658,,,,,,,,0.1424318313598633,0.0,0.4,5.712159156799316,0.2,0.0,0.0,0.06552954940795902,-0.1055,0.008400000000000013,,,,,,,,,13148.0,-1.0,22.0,420.0,-1071642594.0,0.0,-38.0,32.0,-14.0,16.0,4.0
263,13162.0,53185.0,50605.0,58074.0,45783.0,13161.0,3.225220203399658,,,,,,,,0.1454106330871582,0.0,0.4,5.727053165435791,0.2,0.0,0.0,0.02122318992614746,-0.10579999999999999,-0.007599999999999987,,,,,,,,,13158.0,-1.0,24.0,420.0,-1072691170.0,0.0,-34.0,30.0,-36.0,13.0,-6.0
264,13172.0,53416.0,49914.0,58020.0,46475.0,13171.0,3.225220203399658,,,,,,,,0.1482919692993164,0.0,0.4,5.741459846496582,0.2,0.0,0.0,0.009787590789795016,-0.1018,-0.027599999999999986,,,,,,,,,13168.0,-1.0,24.0,421.0,-1072691170.0,0.0,-34.0,29.0,-56.0,51.0,11.0
265,13182.0,53519.0,49860.0,58000.0,46353.0,13181.0,3.225220203399658,,,,,,,,0.15166597366333007,0.0,0.4,5.75832986831665,0.2,0.0,0.0,-0.030700207901000916,-0.0978,-0.051599999999999986,,,,,,,,,13178.0,-1.0,24.0,421.0,-1072691170.0,0.0,-35.0,30.0,-65.0,46.0,20.0
266,13192.0,53575.0,49870.0,57974.0,46310.0,13191.0,3.225220203399658,,,,,,,,0.15533194541931153,0.0,0.4,5.776659727096558,0.2,0.0,0.0,-0.0585004163742065,-0.0938,-0.07189999999999999,,,,,,,,,13188.0,-2.0,24.0,421.0,-1072691170.0,0.0,-33.0,30.0,-47.0,43.0,21.0
267,13202.0,53394.0,49858.0,58113.0,46278.0,13201.0,3.225220203399658,,,,,,,,0.15836477279663086,0.0,0.4,5.791823863983154,0.2,0.0,0.0,-0.07019056816101071,-0.0941,-0.08389999999999999,,,,,,,,,13198.0,-2.0,24.0,422.0,-1072692194.0,0.0,-33.0,30.0,-28.0,31.0,24.0
268,13212.0,53939.0,49846.0,57674.0,46333.0,13211.0,3.225220203399658,,,,,,,,0.16178102493286134,0.0,0.4,5.808905124664307,0.2,0.0,0.0,-0.0943656925201416,-0.08610000000000001,-0.07589999999999998,,,,,,,,,13208.0,-2.0,23.0,422.0,-1072692194.0,0.0,-34.0,31.0,-19.0,31.0,16.0
269,13222.0,54039.0,50108.0,57579.0,45936.0,13221.0,3.225220203399658,,,,,,,,0.16425004005432128,0.0,0.4,5.8212502002716064,0.2,0.0,0.0,-0.11852498798370352,-0.0821,-0.08419999999999998,,,,,,,,,13218.0,-2.0,23.0,422.0,-1072692194.0,0.0,-34.0,32.0,3.0,19.0,15.0
270,13232.0,54342.0,49472.0,57308.0,46740.0,13231.0,3.225220203399658,,,,,,,,0.16690397262573242,0.0,0.4,5.834519863128662,0.2,0.0,0.0,-0.16352880821228022,-0.0864,-0.11249999999999999,,,,,,,,,13228.0,-1.0,23.0,422.0,-1072692194.0,2.0,-34.0,31.0,38.0,7.0,12.0
271,13242.0,54150.0,50110.0,57500.0,46080.0,13241.0,3.225220203399658,,,,,,,,0.16936774253845216,0.0,0.4,5.846838712692261,0.2,0.0,0.0,-0.1796896772384643,-0.0824,-0.11649999999999999,,,,,,,,,13238.0,-1.0,22.0,423.0,-1072692194.0,2.0,-35.0,30.0,28.0,2.0,9.0
272,13252.0,54294.0,50084.0,57492.0,46114.0,13251.0,3.225220203399658,,,,,,,,0.1719188690185547,0.0,0.4,5.859594345092773,0.2,0.0,0.0,-0.1337243392944335,-0.0704,-0.12449999999999999,,,,,,,,,13248.0,-1.0,22.0,423.0,-1072692194.0,3.0,-35.0,27.0,47.0,-11.0,9.0
273,13262.0,54435.0,50463.0,57560.0,46081.0,13261.0,3.225220203399658,,,,,,,,0.17432990074157714,0.0,0.4,5.871649503707886,0.2,0.0,0.0,-0.1539010297775268,-0.0664,-0.11649999999999999,,,,,,,,,13258.0,-1.0,21.0,422.0,-1072692194.0,3.0,-35.0,21.0,47.0,-31.0,0.0
274,13272.0,54311.0,50187.0,57655.0,46443.0,13271.0,3.225220203399658,,,,,,,,0.1770402431488037,0.0,0.4,5.8852012157440186,0.2,0.0,0.0,-0.19518792705535887,-0.0667,-0.10879999999999998,,,,,,,,,13268.0,-2.0,20.0,422.0,-1072692194.0,2.0,-37.0,20.0,53.0,-20.0,5.0
275,13282.0,54508.0,50623.0,57608.0,46089.0,13281.0,3.2199416160583496,,,,,,,,0.17981257438659667,0.0,0.4,5.899062871932983,0.2,0.0,0.0,-0.19865622768402097,-0.06269999999999999,-0.11279999999999998,,,,,,,,,13278.0,-2.0,20.0,423.0,-1072692194.0,3.0,-38.0,22.0,27.0,-12.0,-3.0
276,13292.0,54234.0,50251.0,57799.0,46514.0,13291.0,3.2199416160583496,,,,,,,,0.18232827186584472,0.0,0.4,5.911641359329224,0.2,0.0,0.0,-0.20650151844024656,-0.0587,-0.1331,,,,,,,,,13288.0,-2.0,19.0,423.0,-1072692194.0,3.0,-38.0,22.0,26.0,-32.0,-7.0
277,13302.0,54401.0,50384.0,57666.0,46301.0,13301.0,3.2199416160583496,,,,,,,,0.18493733406066895,0.0,0.4,5.924686670303345,0.2,0.0,0.0,-0.24411879978179934,-0.0547,-0.14909999999999998,,,,,,,,,13298.0,-1.0,19.0,423.0,-1071642594.0,5.0,-39.0,23.0,14.0,-10.0,-15.0
278,13312.0,54365.0,50356.0,57780.0,46572.0,13311.0,3.214663028717041,,,,,,,,0.1875016212463379,0.0,0.4,5.9375081062316895,0.2,0.0,0.0,-0.25594951362609863,-0.0507,-0.1454,,,,,,,,,13308.0,-2.0,18.0,424.0,-1071642594.0,4.0,-39.0,23.0,-5.0,0.0,-16.0
279,13322.0,54389.0,49457.0,57817.0,47376.0,13321.0,3.214663028717041,,,,,,,,0.19002728462219237,0.0,0.4,5.950136423110962,0.2,0.0,0.0,-0.2474918146133423,-0.051000000000000004,-0.1414,,,,,,,,,13318.0,-1.0,19.0,424.0,-1071642594.0,6.0,-38.0,25.0,-19.0,12.0,-11.0
280,13332.0,54249.0,49984.0,57761.0,46632.0,13331.0,3.2199416160583496,,,,,,,,0.19250931739807128,0.0,0.4,5.9625465869903564,0.2,0.0,0.0,-0.25134720478057865,-0.047,-0.12539999999999998,,,,,,,,,13328.0,-1.0,18.0,424.0,-1071642594.0,5.0,-40.0,24.0,-38.0,0.0,-4.0
281,13342.0,53678.0,50256.0,58413.0,46477.0,13341.0,3.214663028717041,,,,,,,,0.19506940841674805,0.0,0.4,5.97534704208374,0.2,0.0,0.0,-0.29297917747497565,-0.0433,-0.1214,,,,,,,,,13338.0,-1.0,17.0,424.0,-1072691170.0,6.0,-41.0,24.0,-65.0,-13.0,-13.0
282,13352.0,54008.0,49753.0,57999.0,46797.0,13351.0,3.2199416160583496,,,,,,,,0.19843850135803223,0.0,0.4,5.992192506790161,0.2,0.0,0.0,-0.28456844959259037,-0.039299999999999995,-0.12569999999999998,,,,,,,,,13348.0,-1.0,17.0,424.0,-1072691170.0,6.0,-41.0,25.0,-98.0,-8.0,-6.0
283,13362.0,54022.0,49681.0,58158.0,46842.0,13361.0,3.214663028717041,,,,,,,,0.20100102424621583,0.0,0.4,6.005005121231079,0.2,0.0,0.0,-0.26756238223307544,-0.026596018119947495,-0.09229813907908024,,,,,,,,,13358.0,-1.0,16.0,425.0,-1072691170.0,7.0,-42.0,27.0,-103.0,0.0,-1.0
284,13372.0,53747.0,49690.0,58139.0,46656.0,13371.0,3.2199416160583496,,,,,,,,0.2726126670837402,0.0,0.4,6.363063335418701,0.2,0.0,0.0,-0.12515287978861037,0.008137306719086378,-0.09874094462426974,,,,,,,,,13368.0,-1.0,16.0,425.0,-1073739746.0,7.0,-42.0,28.0,-114.0,9.0,5.0
285,13382.0,53870.0,49749.0,58096.0,46565.0,13381.0,3.2199416160583496,,,,,,,,0.2876113414764404,0.0,0.4,6.438056707382202,0.2,0.0,0.0,-0.21821028089422792,0.028879834817133975,-0.11417801882391565,,,,,,,,,13378.0,-1.0,15.0,425.0,-1073739746.0,7.0,-42.0,26.0,-101.0,36.0,-3.0
286,13392.0,53821.0,50156.0,58136.0,46226.0,13391.0,3.2199416160583496,,,,,,,,0.30026869773864745,0.0,0.4,6.501343488693237,0.2,0.0,0.0,-0.25258954974601744,0.022800937154762377,-0.07043223764928719,,,,,,,,,13388.0,-1.0,15.0,425.0,-536868834.0,8.0,-42.0,26.0,-70.0,33.0,0.0
287,13402.0,54172.0,50026.0,58037.0,46521.0,13401.0,3.214663028717041,,,,,,,,0.3168345928192139,0.0,0.4,6.584172964096069,0.2,0.0,0.0,-0.23229524577829236,0.021830172583196132,-0.05370349078092573,,,,,,,,,13398.0,-1.0,16.0,425.0,-535821282.0,9.0,-39.0,26.0,-36.0,45.0,-4.0
288,13412.0,54167.0,50340.0,57929.0,46277.0,13411.0,3.214663028717041,,,,,,,,0.33115735054016116,0.0,0.4,6.655786752700806,0.2,0.0,0.0,-0.23722833653424807,0.08607936127030491,-0.11980569625169402,,,,,,,,,13408.0,-1.0,15.0,426.0,-535821282.0,9.0,-39.0,27.0,-17.0,22.0,-22.0
289,13422.0,54507.0,50716.0,57563.0,45884.0,13421.0,3.214663028717041,,,,,,,,0.3439804553985596,0.0,0.4,6.719902276992798,0.2,0.0,0.0,-0.2503075994416332,0.10232499833120749,-0.10482074941452524,,,,,,,,,13418.0,-1.0,14.0,426.0,-535821282.0,9.0,-40.0,29.0,16.0,12.0,-33.0
290,13432.0,54745.0,50836.0,57245.0,45729.0,13431.0,3.214663028717041,,,,,,,,0.359537935256958,0.0,0.4,6.79768967628479,0.2,0.0,0.0,-0.22903871023658756,0.07921736406777678,-0.09232025718377379,,,,,,,,,13428.0,0.0,14.0,426.0,-535821282.0,10.0,-39.0,30.0,59.0,3.0,-33.0
291,13442.0,54690.0,50500.0,57271.0,46156.0,13441.0,3.214663028717041,,,,,,,,0.3754619598388672,0.0,0.4,6.877309799194336,0.2,0.0,0.0,-0.1851348688469737,0.08609705263235105,-0.09584424434195427,,,,,,,,,13438.0,0.0,14.0,427.0,-535821282.0,10.0,-39.0,30.0,70.0,3.0,-35.0
292,13452.0,54832.0,50768.0,57091.0,45721.0,13451.0,3.214663028717041,,,,,,,,0.38804011344909667,0.0,0.4,6.940200567245483,0.2,0.0,0.0,-0.1655392415054185,0.11167479859529936,-0.09602987045949796,,,,,,,,,13448.0,0.0,13.0,427.0,-536869858.0,10.0,-39.0,32.0,72.0,-38.0,-40.0
293,13462.0,54734.0,50713.0,57152.0,45779.0,13461.0,3.214663028717041,,,,,,,,0.40072035789489746,0.0,0.4,7.003601789474487,0.2,0.0,0.0,-0.12277091533679227,0.12609816526089584,-0.0967471896151828,,,,,,,,,13458.0,0.0,13.0,427.0,-536869859.0,11.0,-39.0,33.0,77.0,-62.0,-37.0
294,13472.0,54802.0,50276.0,56982.0,46370.0,13471.0,3.214663028717041,,,,,,,,0.4108597278594971,0.0,0.4,7.054298639297485,0.2,0.0,0.0,-0.136530795488915,0.1066789505587282,-0.1287829972157084,,,,,,,,,13468.0,0.0,12.0,428.0,-1073740771.0,11.0,-39.0,34.0,57.0,-77.0,-51.0
295,13482.0,54399.0,49865.0,57236.0,46769.0,13481.0,3.214663028717041,,,,,,,,0.4219625949859619,0.0,0.4,7.10981297492981,0.2,0.0,0.0,-0.09602103836536773,0.07316920940049368,-0.11680887921269623,,,,,,,,,13478.0,0.0,12.0,428.0,-1073739747.0,11.0,-39.0,36.0,52.0,-71.0,-52.0
296,13492.0,54216.0,49041.0,57250.0,47706.0,13491.0,3.214663028717041,,,,,,,,0.4392387866973877,0.0,0.4,7.1961939334869385,0.2,0.0,0.0,-0.09443293306910494,0.10799040508883172,-0.10590053295810264,,,,,,,,,13488.0,0.0,12.0,428.0,-1072691171.0,12.0,-39.0,37.0,14.0,-69.0,-59.0
297,13502.0,54250.0,48826.0,57242.0,47844.0,13501.0,3.214663028717041,,,,,,,,0.45214552879333497,0.0,0.4,7.260727643966675,0.2,0.0,0.0,-0.11907180445986788,0.10808481949898407,-0.11490608339518893,,,,,,,,,13498.0,2.0,17.0,429.0,-1073739747.0,18.0,-25.0,37.0,-27.0,-74.0,-47.0
298,13512.0,53809.0,50091.0,57603.0,46293.0,13511.0,3.214663028717041,,,,,,,,0.4628913879394531,0.0,0.4,7.314456939697266,0.2,0.0,0.0,-0.11347997128156898,0.10731029261443796,-0.08312802798517893,,,,,,,,,13508.0,2.0,17.0,429.0,-1073738723.0,18.0,-24.0,35.0,-50.0,-43.0,-48.0
299,13522.0,53598.0,50171.0,57668.0,46221.0,13521.0,3.2199416160583496,,,,,,,,0.4796626091003418,0.0,0.4,7.398313045501709,0.2,0.0,0.0,-0.0829595766863738,0.06556117074082587,-0.07084881894517103,,,,,,,,,13518.0,2.0,17.0,429.0,-536867812.0,19.0,-24.0,36.0,-38.0,6.0,-49.0
300,13532.0,53744.0,50040.0,57483.0,46259.0,13531.0,3.2199416160583496,,,,,,,,0.4949782371520996,0.0,0.4,7.474891185760498,0.2,0.0,0.0,-0.05999158198436329,0.1154271084251933,0.001084268791517573,,,,,,,,,13528.0,2.0,16.0,429.0,-536867812.0,19.0,-26.0,38.0,5.0,54.0,-46.0
301,13542.0,53683.0,50409.0,57472.0,45806.0,13541.0,3.2199416160583496,,,,,,,,0.5082874298095703,0.0,0.4,7.541437149047852,0.2,0.0,0.0,-0.14572893440026474,0.07377586483190304,-0.0724485575240692,,,,,,,,,13538.0,2.0,16.0,430.0,-536867812.0,20.0,-26.0,39.0,24.0,94.0,-45.0
302,13552.0,53563.0,50897.0,57535.0,45258.0,13551.0,3.2199416160583496,,,,,,,,0.520803165435791,0.0,0.4,7.604015827178955,0.2,0.0,0.0,-0.07154292244133448,0.10925141412538501,-0.039676891005642645,,,,,,,,,13548.0,2.0,16.0,430.0,-536868836.0,20.0,-25.0,39.0,44.0,123.0,-54.0
303,13562.0,53243.0,50660.0,57556.0,45071.0,13561.0,3.2199416160583496,,,,,,,,0.533626651763916,0.0,0.4,7.66813325881958,0.2,0.0,0.0,-0.10220936827786306,0.10421376075207142,-0.07592471461082972,,,,,,,,,13558.0,2.0,15.0,432.0,-536868836.0,20.0,-26.0,46.0,84.0,149.0,-54.0
304,13572.0,53713.0,50118.0,57069.0,45733.0,13571.0,3.2199416160583496,,,,,,,,0.5460719108581543,0.0,0.4,7.7303595542907715,0.2,0.0,0.0,-0.05199996227840757,0.10693709219559717,-0.10379134246934996,,,,,,,,,13568.0,2.0,15.0,432.0,-1073740773.0,21.0,-26.0,47.0,83.0,157.0,-48.0
305,13582.0,53777.0,49702.0,56723.0,46097.0,13581.0,3.225220203399658,,,,,,,,0.5586214065551758,0.0,0.4,7.793107032775879,0.2,0.0,0.0,-0.07574904700260619,0.08526291726692668,-0.12835418103302665,,,,,,,,,13578.0,3.0,14.0,433.0,-1072692197.0,22.0,-28.0,48.0,60.0,138.0,-67.0
306,13592.0,52897.0,50368.0,57293.0,45443.0,13591.0,3.225220203399658,,,,,,,,0.571251916885376,0.0,0.4,7.85625958442688,0.2,0.0,0.0,-0.03379395478888833,0.09392795961297463,-0.17370101626586099,,,,,,,,,13588.0,3.0,14.0,433.0,-1072693221.0,21.0,-28.0,48.0,34.0,94.0,-64.0
307,13602.0,53213.0,50052.0,57247.0,46039.0,13601.0,3.225220203399658,,,,,,,,0.5840188503265381,0.0,0.4,7.92009425163269,0.2,0.0,0.0,-0.0691401235625592,0.08032577142639805,-0.15449075732196604,,,,,,,,,13598.0,3.0,13.0,433.0,-1072693221.0,21.0,-28.0,43.0,9.0,70.0,-72.0
308,13612.0,53181.0,49379.0,57228.0,46778.0,13611.0,3.225220203399658,,,,,,,,0.5994024276733398,0.0,0.4,7.997012138366699,0.2,0.0,0.0,-0.009564620108981951,0.05477165731332057,-0.20777160253699734,,,,,,,,,13608.0,3.0,13.0,433.0,-1072168933.0,21.0,-27.0,43.0,-37.0,40.0,-65.0
309,13622.0,53323.0,49085.0,57094.0,47003.0,13621.0,3.225220203399658,,,,,,,,0.614303731918335,0.0,0.4,8.071518659591675,0.2,0.0,0.0,-0.057276066310341996,0.09671087858639668,-0.15677178019075733,,,,,,,,,13618.0,4.0,13.0,434.0,-1072168934.0,22.0,-28.0,44.0,-59.0,15.0,-67.0
310,13632.0,53540.0,49204.0,56962.0,46877.0,13631.0,3.225220203399658,,,,,,,,0.6303341865539551,0.0,0.4,8.151670932769775,0.2,0.0,0.0,-0.006571200877156972,-0.014933438321795141,-0.09698420618626358,,,,,,,,,13628.0,4.0,13.0,434.0,-1072167910.0,21.0,-29.0,42.0,-74.0,-12.0,-61.0
311,13642.0,53569.0,49689.0,57039.0,46554.0,13641.0,3.2199416160583496,,,,,,,,0.6450159549713135,0.0,0.4,8.225079774856567,0.2,0.0,0.0,-0.08087998112988044,0.14506617164978322,-0.025386892457854415,,,,,,,,,13638.0,4.0,12.0,435.0,-1072167910.0,21.0,-29.0,42.0,-88.0,-38.0,-65.0
312,13652.0,53474.0,49037.0,56889.0,47206.0,13651.0,3.225220203399658,,,,,,,,0.6583382606506347,0.0,0.4,8.291691303253174,0.2,0.0,0.0,0.05155626315881671,-0.05027000109351334,0.016498908200063056,,,,,,,,,13648.0,4.0,12.0,435.0,-1073217510.0,21.0,-30.0,42.0,-103.0,-29.0,-67.0
313,13662.0,53353.0,49183.0,56967.0,47001.0,13661.0,3.225220203399658,,,,,,,,0.6691298961639405,0.0,0.4,8.345649480819702,0.2,0.0,0.0,0.013059401677304839,0.009418937673780584,0.04516152641075699,,,,,,,,,13658.0,4.0,11.0,435.0,-536346599.0,21.0,-30.0,42.0,-105.0,-38.0,-66.0
314,13672.0,53481.0,49579.0,56963.0,46858.0,13671.0,3.2199416160583496,,,,,,,,0.6843903064727783,0.0,0.4,8.421951532363892,0.2,0.0,0.0,0.07704139490338174,-0.0046356632530392405,-0.035097199943262325,,,,,,,,,13668.0,4.0,11.0,436.0,-536346599.0,21.0,-30.0,41.0,-80.0,-10.0,-62.0
315,13682.0,51963.0,48710.0,55806.0,44001.0,13681.0,3.2199416160583496,,,,,,,,0.6984718322753907,0.0,0.4,8.492359161376953,0.2,0.0,0.0,0.0986362363669076,-0.024567404723323943,-0.03140372113183609,,,,,,,,,13678.0,5.0,10.0,436.0,-535298023.0,21.0,-31.0,40.0,-50.0,13.0,-70.0
316,13692.0,51508.0,48671.0,55824.0,43621.0,13691.0,3.225220203399658,,,,,,,,0.7117347240447998,0.0,0.4,8.558673620223999,0.2,0.0,0.0,-0.059560456498341074,0.04700101185756463,-0.07153355280096108,,,,,,,,,13688.0,5.0,10.0,437.0,-535298023.0,20.0,-31.0,44.0,-29.0,53.0,-71.0
317,13702.0,51118.0,48428.0,55148.0,42957.0,13701.0,3.2568917274475098,,,,,,,,0.7245245933532715,0.0,0.4,8.622622966766357,0.2,0.0,0.0,0.07562598950050069,0.002686450063468056,-0.1158290212635098,,,,,,,,,13698.0,5.0,10.0,438.0,-535298024.0,20.0,-31.0,42.0,-9.0,74.0,-71.0
318,13712.0,50730.0,48418.0,55273.0,42974.0,13711.0,3.2621703147888184,,,,,,,,0.7371432781219482,0.0,0.4,8.685716390609741,0.2,0.0,0.0,0.09294494641568198,0.010130879022073436,-0.11212494296639619,,,,,,,,,13708.0,4.0,9.0,438.0,-535297000.0,18.0,-31.0,41.0,-7.0,64.0,-71.0
319,13722.0,50830.0,47933.0,55020.0,43327.0,13721.0,3.267448902130127,,,,,,,,0.7529095649719239,0.0,0.4,8.76454782485962,0.2,0.0,0.0,0.032885699302796334,-0.027877654300279702,-0.04752584120831216,,,,,,,,,13718.0,5.0,9.0,438.0,-535297000.0,18.0,-31.0,40.0,-29.0,38.0,-75.0
320,13732.0,50452.0,47857.0,55184.0,43559.0,13731.0,3.2727274894714355,,,,,,,,0.7659765720367432,0.0,0.4,8.829882860183716,0.2,0.0,0.0,0.0884988535704275,0.01033437370545374,-0.04011032904600853,,,,,,,,,13728.0,5.0,8.0,438.0,-535297000.0,18.0,-30.0,34.0,-34.0,-5.0,-85.0
321,13742.0,51046.0,47727.0,54677.0,43744.0,13741.0,3.2727274894714355,,,,,,,,0.7802345275878906,0.0,0.4,8.901172637939453,0.2,0.0,0.0,0.060276275155081716,-0.0019406355761259024,0.00010472643917047719,,,,,,,,,13738.0,5.0,9.0,438.0,-535297001.0,17.0,-29.0,32.0,-67.0,-49.0,-79.0
322,13752.0,50923.0,47059.0,54755.0,44685.0,13751.0,3.2727274894714355,,,,,,,,0.7926650047302246,0.0,0.4,8.963325023651123,0.2,0.0,0.0,0.017982187896778575,0.011015908162915195,-0.007840681907831382,,,,,,,,,13748.0,5.0,8.0,439.0,-534248425.0,16.0,-29.0,30.0,-81.0,-92.0,-90.0
323,13762.0,50661.0,46942.0,54895.0,44966.0,13761.0,3.2727274894714355,,,,,,,,0.803916597366333,0.0,0.4,9.019582986831665,0.2,0.0,0.0,0.10179631831000235,-0.054974746922464804,-0.016801117948833877,,,,,,,,,13758.0,5.0,8.0,439.0,-534248425.0,17.0,-27.0,28.0,-121.0,-154.0,-93.0
324,13772.0,50795.0,46910.0,54781.0,44912.0,13771.0,3.2727274894714355,,,,,,,,0.8144575119018554,0.0,0.4,9.072287559509277,0.2,0.0,0.0,0.07889618954385572,-0.01223804776709159,-0.07296418890376444,,,,,,,,,13768.0,6.0,8.0,440.0,-534249450.0,18.0,-27.0,27.0,-132.0,-186.0,-92.0
325,13782.0,51266.0,46686.0,54651.0,45611.0,13781.0,3.267448902130127,,,,,,,,0.8272501945495605,0.0,0.4,9.136250972747803,0.2,0.0,0.0,-0.0015417478864138102,0.005171402685511159,-0.06463765357414353,,,,,,,,,13778.0,6.0,8.0,440.0,-533725162.0,18.0,-26.0,21.0,-86.0,-189.0,-92.0
326,13792.0,51310.0,47261.0,54787.0,45066.0,13791.0,3.267448902130127,,,,,,,,0.8408773422241211,0.0,0.4,9.204386711120605,0.2,0.0,0.0,0.08832246786006955,-0.07007109012081375,0.02341723056126277,,,,,,,,,13788.0,6.0,8.0,440.0,-533724138.0,17.0,-25.0,16.0,-80.0,-198.0,-79.0
327,13802.0,51081.0,46971.0,54941.0,45665.0,13801.0,3.267448902130127,,,,,,,,0.853710412979126,0.0,0.4,9.26855206489563,0.2,0.0,0.0,0.0018353048760292256,0.015431904353314218,0.05966640471243778,,,,,,,,,13798.0,6.0,7.0,440.0,-532674539.0,18.0,-25.0,12.0,-62.0,-224.0,-85.0
328,13812.0,51576.0,46905.0,54774.0,46087.0,13811.0,3.2621703147888184,,,,,,,,0.8665636539459228,0.0,0.4,9.332818269729614,0.2,0.0,0.0,0.06903187214744821,-0.040254549125552735,0.0032837600867861028,,,,,,,,,13808.0,6.0,7.0,439.0,-532673515.0,16.0,-24.0,0.0,-36.0,-193.0,-85.0
329,13822.0,51492.0,47579.0,55245.0,45753.0,13821.0,3.2621703147888184,,,,,,,,0.8794743537902832,0.0,0.4,9.397371768951416,0.2,0.0,0.0,0.07666361952638563,-0.020835049341250637,0.07792849578311944,,,,,,,,,13818.0,6.0,7.0,439.0,-532673515.0,17.0,-23.0,-3.0,-31.0,-188.0,-73.0
330,13832.0,51477.0,47854.0,55503.0,45948.0,13831.0,3.2568917274475098,,,,,,,,0.8957718849182129,0.0,0.4,9.478859424591064,0.2,0.0,0.0,0.046259918585248125,-0.050771717672505226,0.0379597226147208,,,,,,,,,13828.0,7.0,6.0,439.0,-532672491.0,21.0,-23.0,-9.0,-2.0,-170.0,-78.0
331,13842.0,51727.0,48273.0,55690.0,45865.0,13841.0,3.251613140106201,,,,,,,,0.91213059425354,0.0,0.4,9.5606529712677,0.2,0.0,0.0,0.05981195833125692,-0.02842407402958158,0.020280983175350542,,,,,,,,,13838.0,8.0,6.0,439.0,-532671468.0,22.0,-21.0,-16.0,1.0,-136.0,-67.0
332,13852.0,51729.0,48721.0,56048.0,45732.0,13851.0,3.2463345527648926,,,,,,,,0.9256697654724121,0.0,0.4,9.62834882736206,0.2,0.0,0.0,0.10732337715666078,-0.05372462591093881,-0.0022143836146231166,,,,,,,,,13848.0,8.0,6.0,438.0,-532671468.0,23.0,-19.0,-22.0,7.0,-118.0,-72.0
333,13862.0,51302.0,50023.0,56285.0,44157.0,13861.0,3.2463345527648926,,,,,,,,0.9388444900512696,0.0,0.4,9.694222450256348,0.2,0.0,0.0,0.038363977575138215,-0.044876826486783365,0.030542942276968077,,,,,,,,,13858.0,8.0,6.0,440.0,-532670444.0,25.0,-19.0,-19.0,16.0,-81.0,-61.0
334,13872.0,51613.0,49836.0,56413.0,44761.0,13871.0,3.241055965423584,,,,,,,,0.9517920017242432,0.0,0.4,9.758960008621216,0.2,0.0,0.0,0.08224856785872817,-0.03295348376418795,0.0710340031100305,,,,,,,,,13868.0,8.0,5.0,440.0,-532670445.0,26.0,-18.0,-25.0,-17.0,-93.0,-62.0
335,13882.0,51639.0,49410.0,56462.0,45558.0,13881.0,3.241055965423584,,,,,,,,0.9648526191711426,0.0,0.4,9.824263095855713,0.2,0.0,0.0,-0.13411041160231307,-0.5032351430023455,-0.009306650292215224,,,,,,,,,13878.0,9.0,5.0,439.0,-532670445.0,28.0,-17.0,-30.0,-5.0,-65.0,-57.0
336,13892.0,51732.0,49526.0,56639.0,45927.0,13891.0,3.2357773780822754,,,,,,,,0.9756882190704346,0.0,0.4,9.878441095352173,0.2,0.0,0.0,0.016312420592063063,-0.13941716709852878,0.056128348943259354,,,,,,,,,13888.0,9.0,5.0,439.0,-532669421.0,29.0,-16.0,-35.0,-17.0,-65.0,-65.0
337,13902.0,52009.0,49669.0,56897.0,46403.0,13901.0,3.230498790740967,,,,,,,,0.9884980201721192,0.0,0.4,9.942490100860596,0.2,0.0,0.0,0.05833335500687867,-0.04698856718556856,0.059847926206019864,,,,,,,,,13898.0,9.0,5.0,437.0,-532669421.0,31.0,-15.0,-45.0,-29.0,-83.0,-61.0
338,13912.0,52078.0,49483.0,57136.0,47015.0,13911.0,3.225220203399658,,,,,,,,1.0021238803863526,0.0,0.4,10.010619401931763,0.2,0.0,0.0,0.036963416533179666,-0.07516253031535479,0.08076621933984995,,,,,,,,,13908.0,10.0,4.0,437.0,-531620845.0,33.0,-14.0,-49.0,-17.0,-77.0,-62.0
339,13922.0,52454.0,49479.0,56907.0,47169.0,13921.0,3.225220203399658,,,,,,,,1.015784502029419,0.0,0.4,10.078922510147095,0.2,0.0,0.0,0.07542519311646832,-0.07717888772028048,0.06486559599930253,,,,,,,,,13918.0,9.0,5.0,436.0,-531620846.0,32.0,-12.0,-52.0,-10.0,-104.0,-62.0
340,13932.0,53281.0,50946.0,56553.0,45900.0,13931.0,3.2199416160583496,,,,,,,,1.0286880493164063,0.0,0.4,10.143440246582031,0.2,0.0,0.0,0.06855982790370059,-0.06273097244889893,0.006424344678789495,,,,,,,,,13928.0,9.0,4.0,436.0,-531619822.0,33.0,-11.0,-55.0,-10.0,-149.0,-56.0
341,13942.0,52651.0,50285.0,57146.0,46947.0,13941.0,3.2199416160583496,,,,,,,,1.0391295433044434,0.0,0.4,10.195647716522217,0.2,0.0,0.0,0.06212917923916405,-0.046032882146236034,0.005760678298178945,,,,,,,,,13938.0,9.0,4.0,435.0,-531619822.0,36.0,-11.0,-60.0,32.0,-137.0,-59.0
342,13952.0,52998.0,49960.0,57253.0,47702.0,13951.0,3.214663028717041,,,,,,,,1.0498104095458984,0.0,0.4,10.249052047729492,0.2,0.0,0.0,0.057472375140123294,-0.0383080596292524,0.010017971621106625,,,,,,,,,13948.0,10.0,4.0,434.0,-531618798.0,38.0,-9.0,-63.0,23.0,-177.0,-53.0
343,13962.0,53563.0,50589.0,57045.0,47226.0,13961.0,3.214663028717041,,,,,,,,1.0623016834259034,0.0,0.4,10.311508417129517,0.2,0.0,0.0,0.02641463645884542,-0.030152310755430654,0.03810028521118447,,,,,,,,,13958.0,9.0,3.0,434.0,-531618798.0,38.0,-10.0,-68.0,-26.0,-196.0,-41.0
344,13972.0,53501.0,50352.0,57393.0,47596.0,13971.0,3.2093844413757324,,,,,,,,1.0751523494720459,0.0,0.4,10.37576174736023,0.2,0.0,0.0,0.058094579063980606,-0.04021268687727634,0.05743141947924535,,,,,,,,,13968.0,9.0,3.0,433.0,-531617775.0,39.0,-9.0,-69.0,-23.0,-209.0,-34.0
345,13982.0,53415.0,50366.0,57510.0,47764.0,13981.0,3.2093844413757324,,,,,,,,1.0981565952301025,0.0,0.4,10.490782976150513,0.2,0.0,0.0,-0.0528603844095983,0.0020650430861225678,0.05058459023015338,,,,,,,,,13978.0,10.0,3.0,432.0,-531616751.0,42.0,-7.0,-70.0,-33.0,-214.0,-31.0
346,13992.0,53666.0,50021.0,57533.0,48522.0,13991.0,3.2041056156158447,,,,,,,,1.1166439533233643,0.0,0.4,10.583219766616821,0.2,0.0,0.0,0.012363010415916661,-0.002702433274439538,0.05099702700868214,,,,,,,,,13988.0,11.0,2.0,431.0,-531615727.0,48.0,-7.0,-73.0,-13.0,-185.0,-34.0
347,14002.0,53620.0,50711.0,57674.0,47999.0,14001.0,3.2041056156158447,,,,,,,,1.1318405151367188,0.0,0.4,10.659202575683594,0.2,0.0,0.0,0.03486146980714401,-0.023095283698482717,0.021213016347509495,,,,,,,,,13998.0,12.0,2.0,430.0,-531615727.0,51.0,-6.0,-75.0,-31.0,-169.0,-30.0
348,14012.0,53433.0,50662.0,58110.0,48370.0,14011.0,3.198827028274536,,,,,,,,1.1450072288513184,0.0,0.4,10.725036144256592,0.2,0.0,0.0,-0.03643839259657225,0.002706868626563212,0.007836768268038696,,,,,,,,,14008.0,12.0,2.0,430.0,-531614703.0,54.0,-4.0,-76.0,-43.0,-155.0,-32.0
349,14022.0,53795.0,50926.0,57940.0,48182.0,14021.0,3.198827028274536,,,,,,,,1.157537841796875,0.0,0.4,10.787689208984375,0.2,0.0,0.0,-0.002602862263454229,0.037461687450534756,-0.022645835350905585,,,,,,,,,14018.0,13.0,2.0,429.0,-531613679.0,57.0,-3.0,-76.0,-57.0,-124.0,-35.0
350,14032.0,53786.0,51187.0,58133.0,48194.0,14031.0,3.198827028274536,,,,,,,,1.1704257488250733,0.0,0.4,10.852128744125366,0.2,0.0,0.0,-0.0016464755681643507,0.011548112441230886,-0.05660220790792003,,,,,,,,,14028.0,13.0,2.0,427.0,-531613679.0,59.0,-1.0,-83.0,-14.0,-79.0,-22.0
351,14042.0,53280.0,51547.0,58532.0,48067.0,14041.0,3.198827028274536,,,,,,,,1.1876583099365234,0.0,0.4,10.938291549682617,0.2,0.0,0.0,-0.030044112875989105,0.06427346259294457,-0.061618240081868336,,,,,,,,,14038.0,13.0,2.0,426.0,-530565103.0,63.0,0.0,-83.0,-17.0,-94.0,-32.0
352,14052.0,53726.0,51786.0,58545.0,48108.0,14051.0,3.1935484409332275,,,,,,,,1.2010754585266112,0.0,0.4,11.005377292633057,0.2,0.0,0.0,-0.023903879746592013,0.0323761252440746,-0.025382060270064954,,,,,,,,,14048.0,14.0,2.0,425.0,-530564080.0,67.0,1.0,-85.0,10.0,-81.0,-32.0
353,14062.0,53990.0,52098.0,58667.0,48069.0,14061.0,3.188269853591919,,,,,,,,1.218479585647583,0.0,0.4,11.092397928237915,0.2,0.0,0.0,0.005095022210738054,0.05480153851014223,0.014771966529036007,,,,,,,,,14058.0,15.0,2.0,424.0,-530564080.0,71.0,2.0,-86.0,16.0,-45.0,-24.0
354,14072.0,53989.0,52201.0,58753.0,48003.0,14071.0,3.188269853591919,,,,,,,,1.2293691158294677,0.0,0.4,11.146845579147339,0.2,0.0,0.0,0.014749365020644112,0.04998530234731667,-0.0052433316721050005,,,,,,,,,14068.0,16.0,2.0,424.0,-530564080.0,75.0,4.0,-81.0,25.0,-50.0,-21.0
355,14082.0,54262.0,51861.0,58456.0,48203.0,14081.0,3.188269853591919,,,,,,,,1.2421629905700684,0.0,0.4,11.210814952850342,0.2,0.0,0.0,-0.04217061251362131,0.03421825973769322,-0.03759333599888848,,,,,,,,,14078.0,16.0,2.0,423.0,-531612656.0,80.0,5.0,-80.0,38.0,-52.0,-13.0
356,14092.0,54371.0,52017.0,58543.0,48324.0,14091.0,3.1829912662506104,,,,,,,,1.2548226833343505,0.0,0.4,11.274113416671753,0.2,0.0,0.0,-0.05182331287263628,0.011966396358488148,0.050945492991512964,,,,,,,,,14088.0,16.0,1.0,423.0,-531612656.0,82.0,4.0,-77.0,45.0,-78.0,-20.0
357,14102.0,54270.0,52248.0,58578.0,48245.0,14101.0,3.1829912662506104,,,,,,,,1.2652344703674316,0.0,0.4,11.326172351837158,0.2,0.0,0.0,-0.12297598553281958,0.026367695535085143,0.04794704432304542,,,,,,,,,14098.0,18.0,1.0,422.0,-531611632.0,87.0,6.0,-75.0,54.0,-87.0,-30.0
358,14112.0,54155.0,51612.0,58680.0,48829.0,14111.0,3.1829912662506104,,,,,,,,1.2776793003082276,0.0,0.4,11.388396501541138,0.2,0.0,0.0,-0.05624717099244526,-0.09797401676496029,0.0724909218957972,,,,,,,,,14108.0,19.0,1.0,421.0,-531611632.0,91.0,7.0,-73.0,55.0,-98.0,-27.0
359,14122.0,54315.0,51529.0,58350.0,48692.0,14121.0,3.188269853591919,,,,,,,,1.290466833114624,0.0,0.4,11.45233416557312,0.2,0.0,0.0,-0.22930729071485895,-0.08216650912667699,0.05388353516196531,,,,,,,,,14118.0,19.0,1.0,421.0,-531611632.0,96.0,9.0,-68.0,38.0,-90.0,-25.0
360,14132.0,53906.0,51805.0,58712.0,48945.0,14131.0,3.1829912662506104,,,,,,,,1.3043039321899415,0.0,0.4,11.521519660949707,0.2,0.0,0.0,-0.04386226225079611,0.00033920371773309675,0.034985044270241517,,,,,,,,,14128.0,20.0,1.0,420.0,-531610608.0,100.0,10.0,-67.0,17.0,-106.0,-27.0
361,14142.0,53800.0,51938.0,59011.0,48519.0,14141.0,3.1829912662506104,,,,,,,,1.3225531101226806,0.0,0.4,11.612765550613403,0.2,0.0,0.0,-0.04003861049356373,-0.0041963008196763876,-0.05404329775312888,,,,,,,,,14138.0,18.0,4.0,420.0,-531610608.0,97.0,17.0,-65.0,26.0,-91.0,-31.0
362,14152.0,54491.0,52037.0,58483.0,48289.0,14151.0,3.1829912662506104,,,,,,,,1.3348646640777588,0.0,0.4,11.674323320388794,0.2,0.0,0.0,0.004696132551039581,0.02405524500891709,-0.08647271522144884,,,,,,,,,14148.0,19.0,3.0,419.0,-531610609.0,101.0,17.0,-63.0,42.0,-67.0,-20.0
363,14162.0,54041.0,51608.0,58735.0,48885.0,14161.0,3.1829912662506104,,,,,,,,1.3532187938690186,0.0,0.4,11.766093969345093,0.2,0.0,0.0,0.030846388163175684,0.04370320700783767,-0.09718884899039537,,,,,,,,,14158.0,21.0,3.0,419.0,-532659185.0,107.0,18.0,-59.0,37.0,-59.0,-21.0
364,14172.0,53946.0,51669.0,58810.0,48868.0,14171.0,3.1829912662506104,,,,,,,,1.3642701148986816,0.0,0.4,11.821350574493408,0.2,0.0,0.0,0.041156965400855124,0.031032025370999743,0.004865909701470272,,,,,,,,,14168.0,22.0,3.0,418.0,-532658161.0,112.0,19.0,-57.0,39.0,-56.0,-28.0
365,14182.0,53753.0,51694.0,58725.0,48714.0,14181.0,3.188269853591919,,,,,,,,1.3777058124542236,0.0,0.4,11.888529062271118,0.2,0.0,0.0,0.027706006518688632,0.03229403112416207,0.10682685260110603,,,,,,,,,14178.0,23.0,3.0,418.0,-532658161.0,117.0,20.0,-53.0,45.0,-43.0,-29.0
366,14192.0,53934.0,51979.0,58552.0,48228.0,14191.0,3.188269853591919,,,,,,,,1.3893062114715575,0.0,0.4,11.946531057357788,0.2,0.0,0.0,0.004644886117127504,0.014280220568404788,0.0554117576185611,,,,,,,,,14188.0,22.0,4.0,417.0,-532658161.0,118.0,22.0,-47.0,49.0,-22.0,-25.0
367,14202.0,53999.0,51391.0,58326.0,48447.0,14201.0,3.1935484409332275,,,,,,,,1.4008108139038087,0.0,0.4,12.004054069519043,0.2,0.0,0.0,-0.0010405280695391342,0.03307675973319773,0.0948424354171582,,,,,,,,,14198.0,24.0,4.0,416.0,-532658161.0,123.0,23.0,-46.0,72.0,-30.0,-16.0
368,14212.0,54049.0,51848.0,58332.0,48078.0,14211.0,3.1935484409332275,,,,,,,,1.4139057636260985,0.0,0.4,12.069528818130493,0.2,0.0,0.0,-0.009781462126586014,0.02962310504487415,0.09172458021554952,,,,,,,,,14208.0,25.0,4.0,416.0,-532658161.0,128.0,24.0,-43.0,78.0,-34.0,-22.0
369,14222.0,53865.0,52067.0,58357.0,47936.0,14221.0,3.1935484409332275,,,,,,,,1.4252055644989015,0.0,0.4,12.126027822494507,0.2,0.0,0.0,-0.010887402687984741,0.030378830761590214,0.06390945519541269,,,,,,,,,14218.0,26.0,4.0,415.0,-533706737.0,133.0,25.0,-40.0,89.0,-20.0,-17.0
370,14232.0,54144.0,51911.0,58336.0,48049.0,14231.0,3.188269853591919,,,,,,,,1.4361157894134522,0.0,0.4,12.18057894706726,0.2,0.0,0.0,-0.015994068672069935,0.041381188554707814,0.008494550782735644,,,,,,,,,14228.0,24.0,5.0,415.0,-533706737.0,129.0,26.0,-37.0,96.0,-7.0,-24.0
371,14242.0,53798.0,51669.0,58394.0,48023.0,14241.0,3.1935484409332275,,,,,,,,1.4475831031799316,0.0,0.4,12.237915515899658,0.2,0.0,0.0,-0.016260812064191835,0.022424758161933303,0.021556521856988198,,,,,,,,,14238.0,25.0,4.0,414.0,-533706737.0,134.0,26.0,-32.0,99.0,10.0,-23.0
372,14252.0,53691.0,51364.0,58371.0,48216.0,14251.0,3.1935484409332275,,,,,,,,1.4588305950164795,0.0,0.4,12.294152975082397,0.2,0.0,0.0,-0.0364096858145314,0.017567475173184046,0.004894490813216024,,,,,,,,,14248.0,28.0,5.0,414.0,-534755313.0,142.0,28.0,-27.0,78.0,-11.0,-24.0
373,14262.0,53920.0,51438.0,58192.0,48036.0,14261.0,3.1935484409332275,,,,,,,,1.470013475418091,0.0,0.4,12.350067377090454,0.2,0.0,0.0,-0.035323149620735586,0.03419257444571372,-0.018143805578931804,,,,,,,,,14258.0,29.0,5.0,414.0,-534755314.0,147.0,29.0,-23.0,72.0,-22.0,-19.0
374,14272.0,53966.0,51448.0,58094.0,48016.0,14271.0,3.1935484409332275,,,,,,,,1.4877288341522217,0.0,0.4,12.438644170761108,0.2,0.0,0.0,-0.03334181659986895,0.02026173181162144,0.04360254432346977,,,,,,,,,14268.0,31.0,5.0,414.0,-534755314.0,153.0,27.0,-21.0,84.0,0.0,-15.0
375,14282.0,53778.0,51391.0,58167.0,48148.0,14281.0,3.1935484409332275,,,,,,,,1.4983653545379638,0.0,0.4,12.49182677268982,0.2,0.0,0.0,-0.037991974400256284,0.015981009394704204,0.05938080390959932,,,,,,,,,14278.0,33.0,5.0,414.0,-535803890.0,158.0,27.0,-19.0,69.0,4.0,-24.0
376,14292.0,53646.0,51359.0,57971.0,47954.0,14291.0,3.198827028274536,,,,,,,,1.508875274658203,0.0,0.4,12.544376373291016,0.2,0.0,0.0,-0.04087288418224285,0.0173421885990764,0.03782060623546535,,,,,,,,,14288.0,34.0,5.0,414.0,-535803890.0,164.0,27.0,-15.0,68.0,-6.0,-32.0
377,14302.0,53617.0,51454.0,58138.0,47815.0,14301.0,3.1935484409332275,,,,,,,,1.5213439464569092,0.0,0.4,12.606719732284546,0.2,0.0,0.0,-0.052459028825114454,-0.005055030393894243,0.0654481992946927,,,,,,,,,14298.0,35.0,5.0,414.0,-535803890.0,167.0,28.0,-11.0,43.0,20.0,-26.0
378,14312.0,53325.0,51426.0,58079.0,47645.0,14311.0,3.198827028274536,,,,,,,,1.5325187683105468,0.0,0.4,12.662593841552734,0.2,0.0,0.0,-0.04228649016383169,0.030433284053094867,0.019244989791658895,,,,,,,,,14308.0,37.0,5.0,413.0,-535803890.0,173.0,28.0,-8.0,45.0,16.0,-34.0
379,14322.0,53696.0,51431.0,57974.0,47759.0,14321.0,3.1935484409332275,,,,,,,,1.546537208557129,0.0,0.4,12.732686042785645,0.2,0.0,0.0,-0.05140305867898855,0.029881936730751145,0.08129807193240346,,,,,,,,,14318.0,39.0,6.0,413.0,-535803890.0,178.0,28.0,-6.0,51.0,49.0,-25.0
380,14332.0,53481.0,51419.0,57943.0,47509.0,14331.0,3.198827028274536,,,,,,,,1.5684803962707519,0.0,0.4,12.84240198135376,0.2,0.0,0.0,0.006261539674175607,-0.0065953868312054065,0.06876744181002081,,,,,,,,,14328.0,39.0,5.0,413.0,-536852466.0,178.0,26.0,-4.0,60.0,54.0,-24.0
381,14342.0,53685.0,51120.0,57786.0,48041.0,14341.0,3.198827028274536,,,,,,,,1.5834967136383056,0.0,0.4,12.917483568191528,0.2,0.0,0.0,-0.0015901670051170975,0.03276587317996188,0.015408370916238923,,,,,,,,,14338.0,41.0,5.0,412.0,-536852466.0,185.0,27.0,-6.0,83.0,51.0,-32.0
382,14352.0,53359.0,51188.0,57856.0,48096.0,14351.0,3.198827028274536,,,,,,,,1.6009492874145508,0.0,0.4,13.004746437072754,0.2,0.0,0.0,0.031230848296344232,0.0680163161870502,-0.035125557238545824,,,,,,,,,14348.0,44.0,5.0,412.0,-1073724402.0,191.0,26.0,-3.0,68.0,36.0,-48.0
383,14362.0,53189.0,51390.0,57855.0,47939.0,14361.0,3.198827028274536,,,,,,,,1.6160239696502685,0.0,0.4,13.080119848251343,0.2,0.0,0.0,-0.008998757650906764,0.044760806204938795,0.00841002354035858,,,,,,,,,14358.0,46.0,6.0,412.0,-1073724403.0,196.0,27.0,-1.0,52.0,54.0,-63.0
384,14372.0,52994.0,51790.0,57886.0,47412.0,14371.0,3.198827028274536,,,,,,,,1.6316280841827393,0.0,0.4,13.158140420913696,0.2,0.0,0.0,0.02702683523068321,0.04167668234017143,-0.04937159569186278,,,,,,,,,14368.0,48.0,6.0,412.0,-1072675827.0,202.0,26.0,1.0,53.0,57.0,-63.0
385,14382.0,53261.0,51527.0,57524.0,47645.0,14381.0,3.198827028274536,,,,,,,,1.6470825672149658,0.0,0.4,13.235412836074829,0.2,0.0,0.0,0.06984440213211174,-0.0011974595710484651,-0.020774461145318668,,,,,,,,,14378.0,49.0,6.0,412.0,-1072675827.0,205.0,25.0,6.0,54.0,73.0,-69.0
386,14392.0,53047.0,51281.0,57574.0,47816.0,14391.0,3.198827028274536,,,,,,,,1.6644886493682862,0.0,0.4,13.32244324684143,0.2,0.0,0.0,-0.011538649745707565,0.04253317968114348,0.04175964477136063,,,,,,,,,14388.0,52.0,6.0,412.0,-1072675827.0,211.0,25.0,10.0,73.0,67.0,-69.0
387,14402.0,52925.0,51293.0,57568.0,47805.0,14401.0,3.198827028274536,,,,,,,,1.6848429679870605,0.0,0.4,13.424214839935303,0.2,0.0,0.0,0.03909133103128989,-0.014151181239133935,0.0028811155686341294,,,,,,,,,14398.0,54.0,6.0,412.0,-1072676851.0,215.0,24.0,12.0,73.0,87.0,-72.0
388,14412.0,52943.0,51095.0,57283.0,47914.0,14411.0,3.198827028274536,,,,,,,,1.7005924701690673,0.0,0.4,13.502962350845337,0.2,0.0,0.0,0.03165758547123256,0.019909354098447497,-0.03332272569820205,,,,,,,,,14408.0,55.0,6.0,413.0,-1071628276.0,217.0,24.0,13.0,79.0,101.0,-84.0
389,14422.0,52456.0,51197.0,57463.0,47845.0,14421.0,3.2041056156158447,,,,,,,,1.7161978721618651,0.0,0.4,13.580989360809326,0.2,0.0,0.0,0.01786037710370506,0.008923174200322742,-0.04925976386528852,,,,,,,,,14418.0,57.0,6.0,413.0,-1071628276.0,222.0,23.0,17.0,65.0,102.0,-86.0
390,14432.0,52780.0,50743.0,57114.0,48268.0,14431.0,3.2041056156158447,,,,,,,,1.7321929454803466,0.0,0.4,13.660964727401733,0.2,0.0,0.0,0.05344471554760542,0.006550758022171063,-0.07290905237305623,,,,,,,,,14428.0,59.0,7.0,413.0,-1071629300.0,225.0,23.0,20.0,43.0,114.0,-90.0
391,14442.0,52632.0,51397.0,57221.0,47590.0,14441.0,3.2041056156158447,,,,,,,,1.751099443435669,0.0,0.4,13.755497217178345,0.2,0.0,0.0,0.03122765313992073,0.0007895752627988154,0.010352261650526273,,,,,,,,,14438.0,61.0,7.0,413.0,-1071629301.0,228.0,22.0,19.0,27.0,87.0,-90.0
392,14452.0,52666.0,51182.0,57122.0,47940.0,14451.0,3.2041056156158447,,,,,,,,1.7696258068084716,0.0,0.4,13.848129034042358,0.2,0.0,0.0,0.009100157874391132,0.0037927151425276215,0.06811562803476967,,,,,,,,,14448.0,63.0,7.0,413.0,-1071629301.0,231.0,21.0,18.0,55.0,102.0,-91.0
393,14462.0,52457.0,51476.0,57203.0,47594.0,14461.0,3.2041056156158447,,,,,,,,1.7877148151397706,0.0,0.4,13.938574075698853,0.2,0.0,0.0,0.033552066311071986,0.0663813098000957,-0.0017225631824828724,,,,,,,,,14458.0,66.0,7.0,414.0,-1070581749.0,237.0,20.0,20.0,51.0,97.0,-99.0
394,14472.0,51353.0,52480.0,56537.0,48221.0,14471.0,3.2041056156158447,,,,,,,,1.8055622577667236,0.0,0.4,14.027811288833618,0.2,0.0,0.0,0.033918155471554044,-0.04687956074754772,0.04359030211833215,,,,,,,,,14468.0,69.0,8.0,414.0,-1070581750.0,243.0,22.0,26.0,42.0,115.0,-100.0
395,14482.0,52370.0,51108.0,56892.0,47901.0,14481.0,3.2041056156158447,,,,,,,,1.8208684921264648,0.0,0.4,14.104342460632324,0.2,0.0,0.0,-0.007252066364777564,0.0017949559549900532,0.030160492086388047,,,,,,,,,14478.0,72.0,8.0,415.0,-1070581750.0,248.0,21.0,27.0,44.0,134.0,-101.0
396,14492.0,50516.0,52838.0,56644.0,48288.0,14491.0,3.2041056156158447,,,,,,,,1.836441421508789,0.0,0.4,14.182207107543945,0.2,0.0,0.0,0.014143751963605651,0.002586962985026197,0.020561295272658597,,,,,,,,,14488.0,75.0,8.0,415.0,-1070582774.0,252.0,20.0,28.0,22.0,125.0,-111.0
397,14502.0,51923.0,51315.0,57023.0,47688.0,14501.0,3.2041056156158447,,,,,,,,1.8551360607147216,0.0,0.4,14.275680303573608,0.2,0.0,0.0,0.02700142847132088,0.01646015865667628,0.00018236187650799707,,,,,,,,,14498.0,71.0,8.0,415.0,-1070583799.0,241.0,17.0,30.0,7.0,138.0,-112.0
398,14512.0,51049.0,52392.0,56030.0,48632.0,14511.0,3.2041056156158447,,,,,,,,1.8702605724334718,0.0,0.4,14.351302862167358,0.2,0.0,0.0,0.015341905757096446,0.044730441039294494,0.023534784036783662,,,,,,,,,14508.0,74.0,8.0,415.0,-1070583799.0,246.0,16.0,28.0,1.0,138.0,-110.0
399,14522.0,52157.0,51548.0,56649.0,47487.0,14521.0,3.2093844413757324,,,,,,,,1.8854458332061768,0.0,0.4,14.427229166030884,0.2,0.0,0.0,0.004880872808327606,-0.00045816032344992254,0.09686237036164158,,,,,,,,,14518.0,79.0,9.0,415.0,-1070584824.0,256.0,17.0,26.0,10.0,136.0,-106.0
400,14532.0,51008.0,51514.0,56144.0,49489.0,14531.0,3.2093844413757324,,,,,,,,1.9008639335632325,0.0,0.4,14.504319667816162,0.2,0.0,0.0,0.012618141548115297,0.10026346454615927,0.02277538220336517,,,,,,,,,14528.0,81.0,9.0,416.0,-1070584824.0,256.0,16.0,26.0,26.0,130.0,-99.0
401,14542.0,52188.0,50863.0,56615.0,48084.0,14541.0,3.2093844413757324,,,,,,,,1.916989278793335,0.0,0.4,14.584946393966675,0.2,0.0,0.0,0.06044714197141357,0.01341802591418396,0.005020501688749235,,,,,,,,,14538.0,82.0,9.0,416.0,-1070585848.0,257.0,15.0,27.0,-18.0,97.0,-94.0
402,14552.0,51808.0,52502.0,55376.0,48171.0,14551.0,3.2093844413757324,,,,,,,,1.9355635166168212,0.0,0.4,14.677817583084106,0.2,0.0,0.0,-0.003215540309575653,0.13431101556801048,-0.03388911825343399,,,,,,,,,14548.0,84.0,9.0,417.0,-1070585849.0,259.0,14.0,32.0,11.0,102.0,-97.0
403,14562.0,51921.0,50540.0,56420.0,48292.0,14561.0,3.2093844413757324,,,,,,,,1.9513032913208008,0.0,0.4,14.756516456604004,0.2,0.0,0.0,-0.010406285688626825,0.09108359731063126,-0.13402020554204697,,,,,,,,,14558.0,90.0,9.0,417.0,-1070585849.0,267.0,14.0,35.0,55.0,115.0,-103.0
404,14572.0,51340.0,52450.0,55348.0,48126.0,14571.0,3.2093844413757324,,,,,,,,1.9671067237854003,0.0,0.4,14.835533618927002,0.2,0.0,0.0,0.044250856144457305,0.14276051075492127,-0.155462646476904,,,,,,,,,14568.0,92.0,9.0,417.0,-1070586873.0,268.0,13.0,36.0,-5.0,98.0,-101.0
405,14582.0,51580.0,51175.0,56505.0,47770.0,14581.0,3.2093844413757324,,,,,,,,1.9840311527252197,0.0,0.4,14.920155763626099,0.2,0.0,0.0,-0.01719164300858059,0.11201869581403237,-0.11952129037464054,,,,,,,,,14578.0,94.0,9.0,418.0,-1070586874.0,271.0,12.0,35.0,43.0,129.0,-105.0
406,14592.0,51554.0,51611.0,56288.0,47184.0,14591.0,3.2093844413757324,,,,,,,,2.002487373352051,0.0,0.4,15.012436866760254,0.2,0.0,0.0,-0.0015346595708974787,0.13065527725067258,-0.07983254524276795,,,,,,,,,14588.0,95.0,10.0,418.0,-1069539322.0,269.0,12.0,34.0,11.0,119.0,-107.0
407,14602.0,51500.0,50296.0,56340.0,48795.0,14601.0,3.214663028717041,,,,,,,,2.0181010246276854,0.0,0.4,15.090505123138428,0.2,0.0,0.0,0.006978223356120014,0.12458937991198026,-0.051790438049382104,,,,,,,,,14598.0,97.0,10.0,418.0,-1069539323.0,270.0,11.0,30.0,21.0,162.0,-113.0
408,14612.0,50921.0,50075.0,56781.0,48991.0,14611.0,3.214663028717041,,,,,,,,2.0378385543823243,0.0,0.4,15.189192771911621,0.2,0.0,0.0,0.014611804572226963,0.07839645585399645,-0.17315610520942037,,,,,,,,,14608.0,103.0,11.0,418.0,-1069540347.0,278.0,11.0,29.0,25.0,180.0,-107.0
409,14622.0,51450.0,51301.0,56343.0,47624.0,14621.0,3.214663028717041,,,,,,,,2.054847574234009,0.0,0.4,15.274237871170044,0.2,0.0,0.0,-0.009770102023257978,0.07783494503803229,-0.17061121605424034,,,,,,,,,14618.0,105.0,11.0,418.0,-1069540347.0,280.0,10.0,29.0,-6.0,198.0,-97.0
410,14632.0,51077.0,51262.0,56671.0,47534.0,14631.0,3.214663028717041,,,,,,,,2.071208047866821,0.0,0.4,15.356040239334106,0.2,0.0,0.0,-0.018712530052187627,0.10030743829729077,-0.10742608350926552,,,,,,,,,14628.0,107.0,11.0,419.0,-1069541372.0,278.0,9.0,30.0,-6.0,206.0,-89.0
411,14642.0,50983.0,51299.0,56766.0,47532.0,14641.0,3.214663028717041,,,,,,,,2.091218376159668,0.0,0.4,15.45609188079834,0.2,0.0,0.0,-0.004142226421857985,0.04082178237680632,-0.06749069185097945,,,,,,,,,14638.0,108.0,11.0,418.0,-1069542396.0,277.0,8.0,25.0,-19.0,208.0,-78.0
412,14652.0,51419.0,51568.0,56603.0,47377.0,14651.0,3.214663028717041,,,,,,,,2.1068928718566893,0.0,0.4,15.534464359283447,0.2,0.0,0.0,-0.008588848517081742,0.009817955410848008,0.1937149456290328,,,,,,,,,14648.0,114.0,11.0,419.0,-1069542396.0,285.0,7.0,22.0,-14.0,204.0,-77.0
413,14662.0,51592.0,51437.0,56699.0,47621.0,14661.0,3.214663028717041,,,,,,,,2.125411796569824,0.0,0.4,15.627058982849121,0.2,0.0,0.0,0.006071253656206708,0.013258137882979007,0.08519450027824327,,,,,,,,,14658.0,116.0,11.0,419.0,-1069543421.0,285.0,6.0,21.0,2.0,203.0,-66.0
414,14672.0,51609.0,51655.0,56681.0,47414.0,14671.0,3.2093844413757324,,,,,,,,2.1409727573394775,0.0,0.4,15.704863786697388,0.2,0.0,0.0,0.06385895791344544,-0.005344597980182473,-0.07007257231850694,,,,,,,,,14668.0,119.0,10.0,419.0,-1069544445.0,285.0,3.0,21.0,6.0,191.0,-61.0
415,14682.0,51847.0,51939.0,56541.0,47081.0,14681.0,3.2093844413757324,,,,,,,,2.156471872329712,0.0,0.4,15.78235936164856,0.2,0.0,0.0,0.08282838575971013,-0.022007017154502314,-0.1332029518108513,,,,,,,,,14678.0,121.0,10.0,419.0,-1069545469.0,285.0,2.0,20.0,16.0,195.0,-53.0
416,14692.0,51697.0,50985.0,56391.0,47996.0,14691.0,3.2093844413757324,,,,,,,,2.1726359844207765,0.0,0.4,15.863179922103882,0.2,0.0,0.0,0.06908045501651779,-0.0127029912325923,-0.11793308754576515,,,,,,,,,14688.0,121.0,10.0,421.0,-1069546493.0,279.0,1.0,28.0,22.0,180.0,-50.0
417,14702.0,52029.0,51099.0,56073.0,48000.0,14701.0,3.2093844413757324,,,,,,,,2.1891102313995363,0.0,0.4,15.94555115699768,0.2,0.0,0.0,0.0735295342801369,-0.04656698157767777,-0.14740201865322788,,,,,,,,,14698.0,125.0,10.0,421.0,-1069546494.0,283.0,0.0,27.0,1.0,140.0,-57.0
418,14712.0,51718.0,51908.0,56406.0,47029.0,14711.0,3.2093844413757324,,,,,,,,2.2082597732543947,0.0,0.4,16.041298866271973,0.2,0.0,0.0,0.10147127227569454,-0.010530529960381937,-0.148551366938797,,,,,,,,,14708.0,127.0,10.0,421.0,-1069547518.0,281.0,-1.0,26.0,27.0,103.0,-52.0
419,14722.0,51949.0,51408.0,56165.0,47665.0,14721.0,3.2093844413757324,,,,,,,,2.221620798110962,0.0,0.4,16.10810399055481,0.2,0.0,0.0,0.05849032790171779,-0.036510873599120267,-0.10951557158301739,,,,,,,,,14718.0,129.0,10.0,422.0,-1069023230.0,279.0,-2.0,26.0,37.0,111.0,-56.0
420,14732.0,51899.0,50802.0,56046.0,48105.0,14731.0,3.2093844413757324,,,,,,,,2.2369369983673097,0.0,0.4,16.184684991836548,0.2,0.0,0.0,0.09545949737643944,-0.03726462396199574,-0.045507774859073535,,,,,,,,,14728.0,132.0,11.0,421.0,-1069022206.0,280.0,-2.0,24.0,37.0,82.0,-50.0
421,14742.0,51974.0,51289.0,56135.0,47991.0,14741.0,3.214663028717041,,,,,,,,2.2558891773223877,0.0,0.4,16.27944588661194,0.2,0.0,0.0,0.08476363425516435,-0.050658691617421134,-0.045825543203658725,,,,,,,,,14738.0,136.0,10.0,421.0,-1069022206.0,283.0,-3.0,24.0,17.0,52.0,-54.0
422,14752.0,51798.0,51417.0,56218.0,47828.0,14751.0,3.2093844413757324,,,,,,,,2.2715785026550295,0.0,0.4,16.357892513275146,0.2,0.0,0.0,0.1012908338784933,-0.021992106536959124,-0.0334423512821278,,,,,,,,,14748.0,138.0,10.0,422.0,-1069022207.0,281.0,-4.0,26.0,5.0,41.0,-60.0
423,14762.0,51392.0,51537.0,56446.0,47808.0,14761.0,3.2093844413757324,,,,,,,,2.2893293380737303,0.0,0.4,16.446646690368652,0.2,0.0,0.0,0.0638303418421809,-0.028075737531009913,-0.08552335553400248,,,,,,,,,14758.0,141.0,10.0,422.0,-1069022207.0,279.0,-5.0,26.0,4.0,31.0,-63.0
424,14772.0,51816.0,50988.0,56144.0,48308.0,14771.0,3.2093844413757324,,,,,,,,2.304525375366211,0.0,0.4,16.522626876831055,0.2,0.0,0.0,0.05363488224964347,-0.04351452843733544,-0.10187217287989903,,,,,,,,,14768.0,142.0,10.0,422.0,-1069022207.0,276.0,-6.0,27.0,-19.0,56.0,-59.0
425,14782.0,51536.0,50748.0,56203.0,48408.0,14781.0,3.2093844413757324,,,,,,,,2.319041061401367,0.0,0.4,16.595205307006836,0.2,0.0,0.0,0.0685452435653359,-0.019922741866599935,-0.08211177183160956,,,,,,,,,14778.0,143.0,10.0,423.0,-1069021183.0,273.0,-7.0,27.0,-33.0,38.0,-50.0
426,14792.0,51208.0,50946.0,56466.0,48271.0,14791.0,3.214663028717041,,,,,,,,2.337704038619995,0.0,0.4,16.688520193099976,0.2,0.0,0.0,0.11537269972338596,-0.03611203325999318,-0.030472325804387523,,,,,,,,,14788.0,148.0,10.0,423.0,-1069021183.0,277.0,-8.0,26.0,-52.0,33.0,-51.0
427,14802.0,51217.0,50766.0,56515.0,48431.0,14801.0,3.214663028717041,,,,,,,,2.3527783393859862,0.0,0.4,16.76389169692993,0.2,0.0,0.0,0.05095123226932238,-0.053597449478682786,-0.04221847364653719,,,,,,,,,14798.0,151.0,10.0,423.0,-1069021184.0,277.0,-10.0,25.0,-83.0,35.0,-53.0
428,14812.0,51280.0,51374.0,56554.0,47798.0,14811.0,3.214663028717041,,,,,,,,2.3719507217407227,0.0,0.4,16.859753608703613,0.2,0.0,0.0,0.031098712366680638,-0.03827601762119525,-0.11117908000981735,,,,,,,,,14808.0,153.0,9.0,423.0,-1069021184.0,275.0,-11.0,23.0,-105.0,34.0,-36.0
429,14822.0,51404.0,51034.0,56842.0,48574.0,14821.0,3.214663028717041,,,,,,,,2.388044595718384,0.0,0.4,16.94022297859192,0.2,0.0,0.0,0.08010069988161932,-0.03450401329209449,-0.1040997370540282,,,,,,,,,14818.0,156.0,10.0,422.0,-1070069760.0,275.0,-11.0,16.0,-89.0,44.0,-33.0
430,14832.0,51710.0,51845.0,56638.0,47546.0,14831.0,3.2093844413757324,,,,,,,,2.4040724277496337,0.0,0.4,17.02036213874817,0.2,0.0,0.0,0.025762844961872665,-0.026498242026067525,-0.09248469177956409,,,,,,,,,14828.0,158.0,10.0,423.0,-1070069248.0,271.0,-11.0,17.0,-96.0,49.0,-26.0
431,14842.0,51555.0,51602.0,56663.0,48016.0,14841.0,3.2093844413757324,,,,,,,,2.4239084720611572,0.0,0.4,17.119542360305786,0.2,0.0,0.0,0.0592549362733896,-0.045384754389199713,-0.0972965397663419,,,,,,,,,14838.0,162.0,10.0,423.0,-1071117824.0,274.0,-13.0,17.0,-51.0,47.0,-24.0
432,14852.0,52069.0,51968.0,56382.0,47864.0,14851.0,3.2093844413757324,,,,,,,,2.4377893924713137,0.0,0.4,17.188946962356567,0.2,0.0,0.0,0.03167379814629962,-0.02352208216178994,-0.0530901690920107,,,,,,,,,14848.0,166.0,10.0,423.0,-1071116800.0,276.0,-13.0,17.0,-32.0,51.0,-37.0
433,14862.0,52299.0,51872.0,56213.0,47833.0,14861.0,3.2041056156158447,,,,,,,,2.4513206481933594,0.0,0.4,17.256603240966797,0.2,0.0,0.0,0.016645693840788123,-0.05963574565008489,-0.0497547819107691,,,,,,,,,14858.0,169.0,10.0,422.0,-1071116800.0,277.0,-13.0,12.0,2.0,45.0,-34.0
434,14872.0,52657.0,52263.0,56006.0,47641.0,14871.0,3.2041056156158447,,,,,,,,2.4636200428009034,0.0,0.4,17.318100214004517,0.2,0.0,0.0,0.023629858231381667,-0.03069286778467733,-0.07830276106178502,,,,,,,,,14868.0,171.0,10.0,422.0,-1071116799.0,273.0,-13.0,14.0,35.0,32.0,-29.0
435,14882.0,52871.0,51475.0,55801.0,48469.0,14881.0,3.2041056156158447,,,,,,,,2.482861804962158,0.0,0.4,17.41430902481079,0.2,0.0,0.0,0.058075871043903465,-0.004146105899292159,-0.0626743326469974,,,,,,,,,14878.0,173.0,9.0,422.0,-1071116799.0,271.0,-16.0,15.0,79.0,26.0,-34.0
436,14892.0,53052.0,51755.0,55711.0,48290.0,14891.0,3.2041056156158447,,,,,,,,2.498601484298706,0.0,0.4,17.49300742149353,0.2,0.0,0.0,0.02171237838825064,-0.029480752833664633,0.014104082553519248,,,,,,,,,14888.0,175.0,8.0,423.0,-1070068223.0,269.0,-17.0,17.0,95.0,-34.0,-41.0
437,14902.0,53074.0,52126.0,55638.0,47902.0,14901.0,3.198827028274536,,,,,,,,2.515118408203125,0.0,0.4,17.575592041015625,0.2,0.0,0.0,0.05539867543892292,-0.05139183386904357,-0.005782847185500373,,,,,,,,,14898.0,178.0,8.0,425.0,-1070068223.0,269.0,-18.0,28.0,101.0,-71.0,-41.0
438,14912.0,52969.0,51401.0,55501.0,48377.0,14911.0,3.198827028274536,,,,,,,,2.5311453342437744,0.0,0.4,17.655726671218872,0.2,0.0,0.0,0.038609229916351136,-0.04366571191368059,-0.03035067766718491,,,,,,,,,14908.0,181.0,7.0,425.0,-1070068223.0,269.0,-19.0,26.0,108.0,-74.0,-36.0
439,14922.0,52644.0,52470.0,55558.0,47153.0,14921.0,3.198827028274536,,,,,,,,2.551233339309692,0.0,0.4,17.756166696548462,0.2,0.0,0.0,-0.01267253715407031,-0.0003582207645978045,0.038616000402800665,,,,,,,,,14918.0,184.0,8.0,425.0,-1069019647.0,268.0,-19.0,25.0,80.0,-83.0,-42.0
440,14932.0,52344.0,51763.0,55998.0,48222.0,14931.0,3.2041056156158447,,,,,,,,2.563711166381836,0.0,0.4,17.81855583190918,0.2,0.0,0.0,0.04214000059188378,-0.008623578388410115,0.05082684421579664,,,,,,,,,14928.0,186.0,8.0,425.0,-1069020671.0,267.0,-19.0,24.0,77.0,-56.0,-42.0
441,14942.0,52517.0,51807.0,55864.0,48135.0,14941.0,3.198827028274536,,,,,,,,2.581829071044922,0.0,0.4,17.90914535522461,0.2,0.0,0.0,0.01736446484457475,-0.03650784748958285,0.02344108617914209,,,,,,,,,14938.0,189.0,8.0,426.0,-1069020671.0,266.0,-20.0,24.0,15.0,-59.0,-44.0
442,14952.0,52175.0,51431.0,56246.0,48524.0,14951.0,3.198827028274536,,,,,,,,2.5980647563934327,0.0,0.4,17.990323781967163,0.2,0.0,0.0,0.01987749808725835,-3.870355133827577e-05,0.03180353116463053,,,,,,,,,14948.0,192.0,8.0,425.0,-1069020670.0,266.0,-21.0,23.0,-2.0,-48.0,-33.0
443,14962.0,51379.0,50945.0,56704.0,48979.0,14961.0,3.2041056156158447,,,,,,,,2.6154762744903564,0.0,0.4,18.077381372451782,0.2,0.0,0.0,0.08151566704611028,-0.025188580286623203,0.04387929391447365,,,,,,,,,14958.0,190.0,8.0,426.0,-1069020670.0,256.0,-21.0,22.0,-93.0,-75.0,-34.0
444,14972.0,51651.0,51349.0,56545.0,48521.0,14971.0,3.2041056156158447,,,,,,,,2.6276813983917235,0.0,0.4,18.138406991958618,0.2,0.0,0.0,0.001414582950259492,0.006097572618148072,0.03217471221587509,,,,,,,,,14968.0,196.0,8.0,426.0,-1069020670.0,263.0,-23.0,21.0,-137.0,-44.0,-29.0
445,14982.0,51716.0,50488.0,56538.0,49438.0,14981.0,3.2041056156158447,,,,,,,,2.643947458267212,0.0,0.4,18.21973729133606,0.2,0.0,0.0,0.03867099242888027,0.034175049614741076,0.052589349780012284,,,,,,,,,14978.0,198.0,7.0,426.0,-1070070270.0,262.0,-24.0,21.0,-137.0,-21.0,-24.0
446,14992.0,52095.0,52068.0,56376.0,47557.0,14991.0,3.2041056156158447,,,,,,,,2.6635486125946044,0.0,0.4,18.317743062973022,0.2,0.0,0.0,0.03409743384250748,-0.033267697195627416,0.0852958021813155,,,,,,,,,14988.0,200.0,7.0,427.0,-1070070270.0,261.0,-25.0,23.0,-159.0,-36.0,-17.0
447,15002.0,51789.0,51025.0,56545.0,48640.0,15001.0,3.2041056156158447,,,,,,,,2.6766216278076174,0.0,0.4,18.383108139038086,0.2,0.0,0.0,0.09659771127369149,0.025253062595229768,0.13054701888904674,,,,,,,,,14998.0,203.0,8.0,427.0,-1071118846.0,260.0,-24.0,23.0,-105.0,10.0,-14.0
448,15012.0,52332.0,51372.0,56100.0,48243.0,15011.0,3.2041056156158447,,,,,,,,2.689960765838623,0.0,0.4,18.449803829193115,0.2,0.0,0.0,0.008574732315699978,-0.04160757775545838,0.13977116978372806,,,,,,,,,15008.0,203.0,7.0,427.0,-1071118846.0,255.0,-25.0,22.0,-69.0,19.0,-6.0
449,15022.0,52430.0,52091.0,56060.0,47384.0,15021.0,3.2041056156158447,,,,,,,,2.702208709716797,0.0,0.4,18.511043548583984,0.2,0.0,0.0,0.008856209266355108,-0.01026934052855511,0.15479087263295632,,,,,,,,,15018.0,208.0,6.0,427.0,-1071118846.0,259.0,-28.0,22.0,-39.0,12.0,2.0
450,15032.0,52670.0,51671.0,55919.0,47807.0,15031.0,3.2041056156158447,,,,,,,,2.714426565170288,0.0,0.4,18.57213282585144,0.2,0.0,0.0,0.01278175184449217,0.021955657986750265,0.14155055465117705,,,,,,,,,15028.0,209.0,6.0,427.0,-1071118846.0,256.0,-28.0,17.0,6.0,30.0,4.0
451,15042.0,52685.0,52001.0,56027.0,47547.0,15041.0,3.2041056156158447,,,,,,,,2.729986476898193,0.0,0.4,18.649932384490967,0.2,0.0,0.0,0.04395256617245376,-0.027468686723455975,0.08997439778220873,,,,,,,,,15038.0,212.0,6.0,427.0,-1071118846.0,257.0,-28.0,18.0,31.0,7.0,8.0
452,15052.0,52986.0,52075.0,55695.0,47433.0,15051.0,3.2041056156158447,,,,,,,,2.744685173034668,0.0,0.4,18.72342586517334,0.2,0.0,0.0,-0.0011580810476382799,0.010175086934045266,0.0728782758577804,,,,,,,,,15048.0,213.0,5.0,427.0,-1071118846.0,254.0,-30.0,20.0,39.0,2.0,1.0
453,15062.0,52508.0,51412.0,55954.0,48261.0,15061.0,3.2041056156158447,,,,,,,,2.75959849357605,0.0,0.4,18.79799246788025,0.2,0.0,0.0,-0.0030932774830033935,0.035963682046536875,0.03064020435261483,,,,,,,,,15058.0,217.0,4.0,427.0,-1071118846.0,254.0,-30.0,22.0,64.0,-2.0,-7.0
454,15072.0,52638.0,51340.0,55795.0,48287.0,15071.0,3.2041056156158447,,,,,,,,2.775042915344238,0.0,0.4,18.87521457672119,0.2,0.0,0.0,-0.04439772466430499,0.03737437638027757,0.04715064754171294,,,,,,,,,15068.0,219.0,4.0,428.0,-1071118846.0,253.0,-31.0,23.0,3.0,-35.0,-10.0
455,15082.0,52374.0,51606.0,56058.0,47810.0,15081.0,3.2041056156158447,,,,,,,,2.7909783363342284,0.0,0.4,18.954891681671143,0.2,0.0,0.0,-0.08399470739246169,0.06518744850862764,0.0780359208913417,,,,,,,,,15078.0,221.0,4.0,428.0,-1071118846.0,253.0,-31.0,25.0,-21.0,-80.0,1.0
456,15092.0,51988.0,51731.0,56446.0,47728.0,15091.0,3.2041056156158447,,,,,,,,2.8079774379730225,0.0,0.4,19.039887189865112,0.2,0.0,0.0,-0.048357972190104605,0.05130714059057007,0.0282349428475257,,,,,,,,,15088.0,224.0,4.0,428.0,-1071118846.0,252.0,-31.0,22.0,-47.0,-38.0,4.0
457,15102.0,52084.0,52045.0,56333.0,47363.0,15101.0,3.2041056156158447,,,,,,,,2.8271570205688477,0.0,0.4,19.13578510284424,0.2,0.0,0.0,-0.13294906112630828,0.0788634572520506,0.04064843870891188,,,,,,,,,15098.0,222.0,4.0,429.0,-1071118846.0,244.0,-31.0,22.0,-41.0,3.0,3.0
458,15112.0,51825.0,50732.0,56532.0,48645.0,15111.0,3.2041056156158447,,,,,,,,2.8455065727233886,0.0,0.4,19.227532863616943,0.2,0.0,0.0,-0.09119504455914734,0.058730615212064734,-0.0108503515783962,,,,,,,,,15108.0,227.0,4.0,429.0,-1071118846.0,248.0,-31.0,25.0,-65.0,17.0,5.0
459,15122.0,51250.0,50701.0,56856.0,48388.0,15121.0,3.2041056156158447,,,,,,,,2.872099208831787,0.0,0.4,19.360496044158936,0.2,0.0,0.0,-0.15015710338097105,0.08570754935629595,-0.010976378021547717,,,,,,,,,15118.0,230.0,4.0,430.0,-1072167422.0,249.0,-30.0,31.0,-118.0,3.0,11.0
460,15132.0,51342.0,51715.0,56842.0,47201.0,15131.0,3.2041056156158447,,,,,,,,2.8937209606170655,0.0,0.4,19.468604803085327,0.2,0.0,0.0,-0.11141043887807967,0.10809605809615852,-0.060014126670978385,,,,,,,,,15128.0,232.0,4.0,430.0,-1072167422.0,248.0,-31.0,30.0,-118.0,25.0,17.0
461,15142.0,51541.0,51097.0,56618.0,47715.0,15141.0,3.2093844413757324,,,,,,,,2.9077340602874755,0.0,0.4,19.538670301437378,0.2,0.0,0.0,-0.14025783114465148,0.08912638286189149,-0.060169889421011646,,,,,,,,,15138.0,234.0,3.0,431.0,-1072167422.0,248.0,-31.0,29.0,-116.0,50.0,20.0
462,15152.0,51690.0,51340.0,56481.0,47523.0,15151.0,3.2093844413757324,,,,,,,,2.9245018482208254,0.0,0.4,19.622509241104126,0.2,0.0,0.0,-0.11157848900003683,0.09943792974035133,-0.016219674946658102,,,,,,,,,15148.0,235.0,5.0,431.0,-1073215998.0,244.0,-28.0,27.0,-109.0,48.0,25.0
463,15162.0,51815.0,51274.0,56417.0,47618.0,15161.0,3.2093844413757324,,,,,,,,2.936907434463501,0.0,0.4,19.684537172317505,0.2,0.0,0.0,-0.0958446341858575,0.07834780389855094,-0.004108914815830644,,,,,,,,,15158.0,238.0,3.0,431.0,-536344062.0,244.0,-31.0,27.0,-80.0,28.0,15.0
464,15172.0,52058.0,51544.0,56332.0,47144.0,15171.0,3.2093844413757324,,,,,,,,2.9498679637908936,0.0,0.4,19.749339818954468,0.2,0.0,0.0,-0.040358474726165584,0.07238063137634676,0.036315965669793115,,,,,,,,,15168.0,240.0,3.0,432.0,-535295486.0,244.0,-31.0,27.0,-44.0,-9.0,24.0
465,15182.0,52521.0,51165.0,55939.0,47751.0,15181.0,3.2093844413757324,,,,,,,,2.96266827583313,0.0,0.4,19.81334137916565,0.2,0.0,0.0,-0.07275247880718466,0.04250821073403383,0.04471737141717469,,,,,,,,,15178.0,242.0,4.0,432.0,-535295486.0,242.0,-27.0,25.0,-13.0,-2.0,24.0
466,15192.0,52574.0,51828.0,55955.0,46979.0,15191.0,3.2093844413757324,,,,,,,,2.9754181861877442,0.0,0.4,19.87709093093872,0.2,0.0,0.0,-0.05553853159889802,0.05310947604517889,-0.0343744285585359,,,,,,,,,15188.0,244.0,4.0,432.0,-535295486.0,241.0,-27.0,24.0,0.0,-42.0,19.0
467,15202.0,52160.0,51247.0,56294.0,47782.0,15201.0,3.2093844413757324,,,,,,,,2.9880845069885256,0.0,0.4,19.940422534942627,0.2,0.0,0.0,-0.016464176672353132,0.06857121192228152,0.0017172531875111474,,,,,,,,,15198.0,247.0,4.0,432.0,-535295486.0,241.0,-26.0,23.0,29.0,-57.0,16.0
468,15212.0,52381.0,51039.0,56120.0,47871.0,15211.0,3.2093844413757324,,,,,,,,3.00080246925354,0.0,0.4,20.0040123462677,0.2,0.0,0.0,-0.00650661884266918,-0.012006757390626689,-0.0394823385225358,,,,,,,,,15208.0,247.0,2.0,433.0,-535295486.0,237.0,-28.0,24.0,30.0,-36.0,26.0
469,15222.0,52372.0,51896.0,56178.0,46709.0,15221.0,3.2093844413757324,,,,,,,,3.0116550445556642,0.0,0.4,20.05827522277832,0.2,0.0,0.0,-0.058202284028728575,0.0017964301973262035,-0.0678229140680564,,,,,,,,,15218.0,250.0,2.0,433.0,-535296511.0,236.0,-28.0,25.0,4.0,-63.0,24.0
470,15232.0,52429.0,50511.0,56128.0,48447.0,15231.0,3.2093844413757324,,,,,,,,3.0244127750396728,0.0,0.4,20.122063875198364,0.2,0.0,0.0,-0.061563991248215155,0.09572181078232131,-0.07130054950456355,,,,,,,,,15228.0,250.0,3.0,434.0,-535296511.0,233.0,-26.0,23.0,-26.0,-58.0,18.0
471,15242.0,52255.0,51097.0,56360.0,47953.0,15241.0,3.2093844413757324,,,,,,,,3.037961149215698,0.0,0.4,20.18980574607849,0.2,0.0,0.0,0.000761246078069963,0.03754481437361193,0.01795566963136963,,,,,,,,,15238.0,254.0,3.0,434.0,-535296511.0,234.0,-25.0,19.0,-14.0,-52.0,24.0
472,15252.0,52496.0,50726.0,56133.0,47891.0,15251.0,3.2093844413757324,,,,,,,,3.054659843444824,0.0,0.4,20.27329921722412,0.2,0.0,0.0,0.015798255026095387,0.016575656192919768,0.053178207348270945,,,,,,,,,15248.0,257.0,2.0,435.0,-535296511.0,236.0,-26.0,26.0,-52.0,-67.0,26.0
473,15262.0,51978.0,50622.0,56576.0,48043.0,15261.0,3.2093844413757324,,,,,,,,3.0772194385528566,0.0,0.4,20.386097192764282,0.2,0.0,0.0,-0.049005839420448845,0.042136130142440456,0.02847607583805356,,,,,,,,,15258.0,260.0,2.0,436.0,-535297535.0,236.0,-25.0,25.0,-10.0,-36.0,33.0
474,15272.0,52240.0,51086.0,56411.0,47642.0,15271.0,3.2093844413757324,,,,,,,,3.0956244468688965,0.0,0.4,20.478122234344482,0.2,0.0,0.0,-0.0005727973534641472,-0.012445146776914209,-0.018154197396775373,,,,,,,,,15268.0,262.0,2.0,436.0,-535297535.0,236.0,-24.0,23.0,-69.0,-54.0,35.0
475,15282.0,51595.0,50214.0,56960.0,48706.0,15281.0,3.2093844413757324,,,,,,,,3.1088109970092774,0.0,0.4,20.544054985046387,0.2,0.0,0.0,-0.049789203970762065,0.027590201012146452,-0.060704419425817946,,,,,,,,,15278.0,263.0,1.0,436.0,-535297535.0,234.0,-27.0,20.0,-26.0,-24.0,25.0
476,15292.0,51801.0,51978.0,56904.0,46756.0,15291.0,3.2093844413757324,,,,,,,,3.1196310043334963,0.0,0.4,20.59815502166748,0.2,0.0,0.0,-0.03416641472523576,0.01488663599562515,-0.03502521597001085,,,,,,,,,15288.0,267.0,1.0,436.0,-535297535.0,236.0,-26.0,18.0,-40.0,-11.0,30.0
477,15302.0,51747.0,50875.0,56866.0,47961.0,15301.0,3.2093844413757324,,,,,,,,3.1294178009033202,0.0,0.4,20.6470890045166,0.2,0.0,0.0,-0.04171555632035508,0.013656051174837907,-0.07621150478348326,,,,,,,,,15298.0,267.0,0.0,437.0,-535297535.0,232.0,-26.0,20.0,-50.0,17.0,26.0
478,15312.0,51607.0,50946.0,56977.0,47820.0,15311.0,3.2093844413757324,,,,,,,,3.14213604927063,0.0,0.4,20.71068024635315,0.2,0.0,0.0,-0.04612655263742452,-0.023861997262287916,-0.06084631437641974,,,,,,,,,15308.0,270.0,0.0,437.0,-534248959.0,234.0,-25.0,21.0,-3.0,41.0,28.0
479,15322.0,51881.0,52528.0,56795.0,46117.0,15321.0,3.2093844413757324,,,,,,,,3.155377149581909,0.0,0.4,20.776885747909546,0.2,0.0,0.0,-0.022849412420394958,-0.039840993883483125,-0.045368002771363436,,,,,,,,,15318.0,271.0,0.0,437.0,-534248960.0,231.0,-24.0,18.0,-28.0,30.0,17.0
480,15342.0,51536.0,51465.0,57053.0,47714.0,15361.0,3.2041056156158447,,,,,,,,3.1733615398406982,0.0,0.4,20.86680769920349,0.2,0.0,0.0,-0.003172020241131978,-0.01966562861284353,-0.0293049774876053,,,,,,,,,15328.0,277.0,0.0,437.0,-534248960.0,237.0,-23.0,15.0,-5.0,44.0,16.0
481,15362.0,52127.0,52898.0,56934.0,46363.0,15371.0,3.2041056156158447,,,,,,,,3.1880467414855955,0.0,0.4,20.94023370742798,0.2,0.0,0.0,-0.034749325163057045,0.016862426547832772,-0.0219835953147971,,,,,,,,,15358.0,282.0,-1.0,437.0,-534247936.0,233.0,-24.0,9.0,7.0,33.0,5.0
482,15372.0,52675.0,52273.0,56493.0,47331.0,15381.0,3.2041056156158447,,,,,,,,3.2017220497131347,0.0,0.4,21.008610248565674,0.2,0.0,0.0,0.028572337928667,-0.009826243688182376,-0.06713317118354567,,,,,,,,,15368.0,283.0,-1.0,437.0,-534247936.0,230.0,-23.0,6.0,21.0,13.0,-3.0
483,15382.0,52778.0,52287.0,56763.0,47932.0,15401.0,3.198827028274536,,,,,,,,3.2164368629455566,0.0,0.4,21.082184314727783,0.2,0.0,0.0,0.0656464283953001,-0.039068772479783916,0.007113395705784953,,,,,,,,,15378.0,288.0,-1.0,436.0,-535296512.0,235.0,-23.0,-1.0,13.0,-21.0,-15.0
484,15422.0,52877.0,52449.0,56957.0,48608.0,15441.0,3.1829912662506104,,,,,,,,3.2319557666778564,0.0,0.4,21.159778833389282,0.2,0.0,0.0,0.0034053507715154914,-0.04008786033578519,0.01804674295494202,,,,,,,,,15388.0,291.0,-1.0,436.0,-535296512.0,236.0,-22.0,-3.0,0.0,-44.0,-7.0
485,15432.0,52501.0,51440.0,57292.0,49718.0,15451.0,3.1829912662506104,,,,,,,,3.245893669128418,0.0,0.4,21.22946834564209,0.2,0.0,0.0,0.03564085277746639,-0.02875950265633719,0.03683372435461507,,,,,,,,,15438.0,301.0,-1.0,437.0,-535297535.0,232.0,-19.0,-2.0,-28.0,-51.0,-35.0
486,15442.0,53154.0,52738.0,56733.0,48320.0,15461.0,3.1829912662506104,,,,,,,,3.259876585006714,0.0,0.4,21.29938292503357,0.2,0.0,0.0,0.06214841369310018,-0.056469669011392554,0.06150436422707628,,,,,,,,,15448.0,302.0,-2.0,437.0,-535297535.0,230.0,-20.0,-4.0,55.0,-26.0,-31.0
487,15452.0,53611.0,52333.0,56449.0,48836.0,15481.0,3.1829912662506104,,,,,,,,3.2732447147369386,0.0,0.4,21.366223573684692,0.2,0.0,0.0,0.027517387794860754,-0.022768802026894682,0.0006323788032851496,,,,,,,,,15458.0,303.0,-4.0,439.0,-535297535.0,226.0,-21.0,5.0,43.0,-67.0,-22.0
488,15462.0,53265.0,52115.0,56768.0,49098.0,15521.0,3.1935484409332275,,,,,,,,3.2875161170959473,0.0,0.4,21.437580585479736,0.2,0.0,0.0,0.026051269430728625,-0.01737742032065039,-0.022254833091656323,,,,,,,,,15498.0,316.0,-4.0,439.0,-536869374.0,233.0,-20.0,15.0,87.0,-44.0,-47.0
489,15522.0,52501.0,51995.0,56416.0,48504.0,15531.0,3.1935484409332275,,,,,,,,3.3018893241882323,0.0,0.4,21.509446620941162,0.2,0.0,0.0,0.04065478792560202,-0.06176268448420063,-0.044325664843267276,,,,,,,,,15518.0,320.0,-5.0,438.0,-1073740286.0,233.0,-22.0,12.0,56.0,-33.0,-40.0
490,15532.0,52613.0,52226.0,56375.0,48258.0,15541.0,3.1935484409332275,,,,,,,,3.3144691467285154,0.0,0.4,21.572345733642578,0.2,0.0,0.0,-0.00398345722431251,-0.04264128668029165,-0.05968052932955459,,,,,,,,,15528.0,321.0,-5.0,438.0,-1072691710.0,232.0,-20.0,10.0,30.0,0.0,-35.0
491,15542.0,52464.0,52067.0,56453.0,48539.0,15581.0,3.1935484409332275,,,,,,,,3.3280627727508545,0.0,0.4,21.640313863754272,0.2,0.0,0.0,0.04163864950873805,-0.10683696969636354,-0.05054488408802982,,,,,,,,,15538.0,323.0,-5.0,439.0,-1072691710.0,230.0,-20.0,9.0,9.0,0.0,-44.0
492,15582.0,53005.0,51729.0,56100.0,48817.0,15591.0,3.1935484409332275,,,,,,,,3.341370725631714,0.0,0.4,21.70685362815857,0.2,0.0,0.0,0.03189636860083552,-0.09597449323732535,-0.0667685238272071,,,,,,,,,15548.0,325.0,-5.0,438.0,-1072691710.0,230.0,-20.0,6.0,-14.0,0.0,-32.0
493,15592.0,53003.0,52235.0,55965.0,48097.0,15601.0,3.1935484409332275,,,,,,,,3.356221628189087,0.0,0.4,21.781108140945435,0.2,0.0,0.0,-0.06365007466145295,-0.015369822797300299,-0.01327776605374531,,,,,,,,,15568.0,330.0,-5.0,438.0,-1072691709.0,232.0,-20.0,7.0,-7.0,0.0,-22.0
494,15602.0,52983.0,52253.0,55850.0,48204.0,15641.0,3.1935484409332275,,,,,,,,3.3684364318847657,0.0,0.4,21.842182159423828,0.2,0.0,0.0,0.023281725492013846,-0.05903155866339693,0.027094555570496226,,,,,,,,,15578.0,332.0,-5.0,438.0,-1072691709.0,232.0,-20.0,10.0,0.0,-15.0,-28.0
495,15642.0,52635.0,51958.0,55825.0,48339.0,15651.0,3.1935484409332275,,,,,,,,3.384590578079224,0.0,0.4,21.922952890396118,0.2,0.0,0.0,0.027606889485309503,-0.06689667429772994,-0.0014278540211449808,,,,,,,,,15588.0,334.0,-5.0,438.0,-1072691709.0,230.0,-19.0,14.0,0.0,-39.0,-32.0
496,15652.0,52587.0,51626.0,55850.0,48499.0,15661.0,3.1935484409332275,,,,,,,,3.397200107574463,0.0,0.4,21.986000537872314,0.2,0.0,0.0,-0.007055240717410334,-0.03759455167878525,0.010412441732405853,,,,,,,,,15598.0,336.0,-5.0,438.0,-1072691709.0,231.0,-20.0,14.0,11.0,-39.0,-30.0
497,15662.0,51963.0,51364.0,56335.0,48815.0,15671.0,3.1935484409332275,,,,,,,,3.408109664916992,0.0,0.4,22.04054832458496,0.2,0.0,0.0,-0.0356198571583152,-8.654638514344719e-05,0.033637390463180594,,,,,,,,,15608.0,340.0,-9.0,439.0,-1072690685.0,235.0,-26.0,14.0,28.0,-18.0,-35.0
498,15692.0,52149.0,51268.0,55939.0,48685.0,15701.0,3.198827028274536,,,,,,,,3.426521110534668,0.0,0.4,22.13260555267334,0.2,0.0,0.0,0.04187669300629105,-0.07413047243744425,0.04886460508939727,,,,,,,,,15618.0,342.0,-9.0,439.0,-1072690685.0,233.0,-26.0,16.0,18.0,1.0,-36.0
499,15702.0,52804.0,51849.0,55300.0,47930.0,15711.0,3.2041056156158447,,,,,,,,3.4404316902160645,0.0,0.4,22.202158451080322,0.2,0.0,0.0,0.00870879860739397,-0.056265377909426845,-0.020449662699064675,,,,,,,,,15638.0,346.0,-9.0,440.0,-1072690685.0,234.0,-26.0,22.0,8.0,14.0,-37.0
500,15712.0,52192.0,51721.0,55587.0,47990.0,15721.0,3.198827028274536,,,,,,,,3.4587671756744385,0.0,0.4,22.293835878372192,0.2,0.0,0.0,0.02289215877057946,-0.03351516405890704,-0.007282475533871846,,,,,,,,,15648.0,350.0,-10.0,440.0,-1072690685.0,237.0,-26.0,24.0,-17.0,34.0,-34.0
501,15722.0,52848.0,50857.0,55199.0,49082.0,15731.0,3.198827028274536,,,,,,,,3.4718749046325685,0.0,0.4,22.359374523162842,0.2,0.0,0.0,0.019710791295861455,-0.06991397193112163,-0.060415210278856435,,,,,,,,,15658.0,351.0,-9.0,440.0,-1072691708.0,235.0,-26.0,24.0,-14.0,29.0,-36.0
502,15752.0,52146.0,51798.0,55574.0,47762.0,15751.0,3.2041056156158447,,,,,,,,3.4828742027282713,0.0,0.4,22.414371013641357,0.2,0.0,0.0,-0.011300100671593455,-0.02693118182493529,-0.07658197647055509,,,,,,,,,15668.0,353.0,-10.0,440.0,-1072691708.0,235.0,-26.0,23.0,-8.0,46.0,-31.0
503,15762.0,52228.0,51671.0,55393.0,47756.0,15761.0,3.2041056156158447,,,,,,,,3.498704719543457,0.0,0.4,22.493523597717285,0.2,0.0,0.0,-0.002346909112117781,-0.04884968662139239,-0.028115231603718982,,,,,,,,,15678.0,352.0,-11.0,441.0,-1072691708.0,230.0,-28.0,25.0,-31.0,18.0,-27.0
504,15772.0,51553.0,50731.0,55792.0,48478.0,15771.0,3.2041056156158447,,,,,,,,3.5111924171447755,0.0,0.4,22.555962085723877,0.2,0.0,0.0,0.014477668929890759,-0.002913059990861372,-0.0030857366788996643,,,,,,,,,15698.0,360.0,-12.0,442.0,-1072691708.0,235.0,-29.0,28.0,-63.0,9.0,-24.0
505,15842.0,51784.0,50987.0,55429.0,47993.0,15841.0,3.214663028717041,,,,,,,,3.522758436203003,0.0,0.4,22.613792181015015,0.2,0.0,0.0,0.10047416137208985,-0.03399801980869303,0.032094986860585095,,,,,,,,,15708.0,362.0,-11.0,442.0,-1073740284.0,235.0,-28.0,28.0,-20.0,15.0,-30.0
506,15852.0,51659.0,50845.0,55467.0,48150.0,15851.0,3.214663028717041,,,,,,,,3.5355928421020506,0.0,0.4,22.677964210510254,0.2,0.0,0.0,0.07617643756534134,-0.06583308520996978,0.048826035026374726,,,,,,,,,15718.0,363.0,-11.0,442.0,-1073740284.0,233.0,-27.0,29.0,-16.0,-14.0,-30.0
507,15862.0,51895.0,50991.0,55479.0,48063.0,15861.0,3.2093844413757324,,,,,,,,3.548372268676758,0.0,0.4,22.74186134338379,0.2,0.0,0.0,0.0028356476699309447,0.019382777646222944,0.049496747756835546,,,,,,,,,15748.0,370.0,-15.0,443.0,-536869372.0,233.0,-32.0,31.0,-22.0,34.0,-22.0
508,15902.0,51664.0,51266.0,56096.0,47311.0,15871.0,3.2093844413757324,,,,,,,,3.56136794090271,0.0,0.4,22.80683970451355,0.2,0.0,0.0,0.05060686072576783,-0.029885359467506156,0.028000422648721823,,,,,,,,,15758.0,371.0,-15.0,444.0,-536869371.0,231.0,-32.0,33.0,-18.0,59.0,-21.0
509,15912.0,51566.0,51857.0,55747.0,46906.0,15901.0,3.2093844413757324,,,,,,,,3.578057813644409,0.0,0.4,22.890289068222046,0.2,0.0,0.0,0.02043006023229787,-0.008668718563683476,-0.005419038313133839,,,,,,,,,15768.0,375.0,-15.0,445.0,-536869371.0,234.0,-31.0,40.0,-41.0,57.0,-24.0
510,15922.0,51690.0,51936.0,55776.0,46695.0,15911.0,3.2093844413757324,,,,,,,,3.5946640491485597,0.0,0.4,22.973320245742798,0.2,0.0,0.0,-0.025422252365563752,0.0045971271579800565,-0.03772110010258878,,,,,,,,,15778.0,377.0,-14.0,445.0,-536870395.0,234.0,-28.0,41.0,-67.0,20.0,-17.0
511,15962.0,51746.0,50766.0,54877.0,47501.0,15921.0,3.2093844413757324,,,,,,,,3.608505439758301,0.0,0.4,23.042527198791504,0.2,0.0,0.0,0.014952838525715549,0.010213263821385576,-0.030330499880340867,,,,,,,,,15798.0,380.0,-14.0,446.0,-535821819.0,231.0,-28.0,41.0,-37.0,30.0,-16.0
512,15972.0,51513.0,50516.0,55073.0,47772.0,15951.0,3.2093844413757324,,,,,,,,,,,,,,,,,,,,,,,,,,15818.0,384.0,-15.0,447.0,-535297531.0,230.0,-28.0,40.0,-25.0,25.0,-11.0
513,15982.0,51157.0,50924.0,55583.0,47862.0,15961.0,3.214663028717041,,,,,,,,,,,,,,,,,,,,,,,,,,15838.0,391.0,-15.0,448.0,-535297531.0,235.0,-26.0,35.0,-40.0,13.0,-8.0
514,16012.0,50079.0,51309.0,56545.0,47208.0,15971.0,3.214663028717041,,,,,,,,,,,,,,,,,,,,,,,,,,15848.0,394.0,-15.0,448.0,-535297531.0,236.0,-25.0,36.0,-54.0,13.0,-10.0
515,16042.0,51281.0,51125.0,55971.0,47672.0,15981.0,3.214663028717041,,,,,,,,,,,,,,,,,,,,,,,,,,15858.0,394.0,-15.0,449.0,-534248955.0,232.0,-25.0,35.0,-64.0,28.0,-8.0
516,16052.0,51616.0,51720.0,55910.0,47151.0,16041.0,3.214663028717041,,,,,,,,,,,,,,,,,,,,,,,,,,15868.0,397.0,-15.0,449.0,-534248955.0,232.0,-24.0,35.0,-78.0,41.0,-3.0
517,16062.0,51643.0,51617.0,56060.0,47413.0,16051.0,3.2093844413757324,,,,,,,,,,,,,,,,,,,,,,,,,,15888.0,403.0,-17.0,450.0,-534247931.0,234.0,-25.0,35.0,-59.0,60.0,8.0
518,16112.0,53351.0,52726.0,55085.0,47809.0,16061.0,3.2093844413757324,,,,,,,,,,,,,,,,,,,,,,,,,,15898.0,404.0,-16.0,450.0,-533199355.0,233.0,-23.0,34.0,-52.0,57.0,14.0
519,16122.0,53313.0,52313.0,55016.0,48381.0,16071.0,3.2041056156158447,,,,,,,,,,,,,,,,,,,,,,,,,,15908.0,406.0,-16.0,450.0,-533199355.0,232.0,-22.0,35.0,-26.0,55.0,1.0
520,16132.0,53027.0,52077.0,55393.0,48826.0,16101.0,3.1935484409332275,,,,,,,,,,,,,,,,,,,,,,,,,,15918.0,408.0,-17.0,451.0,-533199355.0,231.0,-22.0,36.0,0.0,46.0,12.0
521,16142.0,52832.0,50726.0,55665.0,50586.0,16111.0,3.1935484409332275,,,,,,,,,,,,,,,,,,,,,,,,,,15928.0,410.0,-17.0,451.0,-533199355.0,231.0,-21.0,35.0,27.0,40.0,0.0
522,16172.0,50366.0,52214.0,57847.0,49327.0,16121.0,3.1935484409332275,,,,,,,,,,,,,,,,,,,,,,,,,,15938.0,412.0,-17.0,454.0,-533198331.0,230.0,-20.0,48.0,34.0,22.0,7.0
523,16182.0,52144.0,52720.0,56610.0,48650.0,16131.0,3.188269853591919,,,,,,,,,,,,,,,,,,,,,,,,,,15958.0,417.0,-18.0,455.0,-533198331.0,229.0,-19.0,49.0,25.0,3.0,-5.0
524,16192.0,51423.0,52158.0,57370.0,49645.0,16181.0,3.1829912662506104,,,,,,,,,,,,,,,,,,,,,,,,,,15968.0,421.0,-18.0,455.0,-534246907.0,232.0,-18.0,49.0,14.0,2.0,-4.0
525,16202.0,52681.0,52216.0,56499.0,49595.0,16191.0,3.1829912662506104,,,,,,,,,,,,,,,,,,,,,,,,,,15978.0,423.0,-18.0,454.0,-534246907.0,231.0,-17.0,40.0,-6.0,-3.0,-8.0
526,16252.0,53493.0,53362.0,55938.0,48713.0,16201.0,3.1829912662506104,,,,,,,,,,,,,,,,,,,,,,,,,,15998.0,427.0,-18.0,455.0,-534246907.0,228.0,-15.0,35.0,-28.0,-2.0,-6.0
527,16262.0,53515.0,54414.0,55948.0,47527.0,16211.0,3.1829912662506104,,,,,,,,,,,,,,,,,,,,,,,,,,16038.0,436.0,-18.0,456.0,-533198331.0,227.0,-12.0,28.0,-86.0,51.0,11.0
528,16312.0,52596.0,51401.0,56173.0,50469.0,16241.0,3.1777126789093018,,,,,,,,,,,,,,,,,,,,,,,,,,16048.0,438.0,-19.0,456.0,-532149755.0,226.0,-12.0,28.0,-51.0,47.0,16.0
529,16322.0,52266.0,51116.0,56458.0,50831.0,16251.0,3.1777126789093018,,,,,,,,,,,,,,,,,,,,,,,,,,16058.0,440.0,-19.0,457.0,-532149755.0,224.0,-12.0,28.0,-12.0,31.0,11.0
530,16332.0,51637.0,53240.0,56923.0,48377.0,16261.0,3.172434091567993,,,,,,,,,,,,,,,,,,,,,,,,,,16068.0,442.0,-19.0,456.0,-532149755.0,223.0,-11.0,21.0,46.0,26.0,3.0
531,16372.0,51921.0,52864.0,56307.0,47933.0,16271.0,3.172434091567993,,,,,,,,,,,,,,,,,,,,,,,,,,16088.0,446.0,-20.0,457.0,-533197307.0,222.0,-8.0,20.0,133.0,-2.0,-22.0
532,16382.0,51175.0,52539.0,56766.0,48168.0,16291.0,3.1777126789093018,,,,,,,,,,,,,,,,,,,,,,,,,,16118.0,446.0,-25.0,455.0,-534245883.0,208.0,-15.0,9.0,147.0,-124.0,-46.0
533,16392.0,51531.0,52872.0,56414.0,47916.0,16311.0,3.1829912662506104,,,,,,,,,,,,,,,,,,,,,,,,,,16128.0,449.0,-26.0,455.0,-535295483.0,209.0,-15.0,10.0,117.0,-153.0,-50.0
534,16402.0,51779.0,52953.0,56335.0,48083.0,16321.0,3.188269853591919,,,,,,,,,,,,,,,,,,,,,,,,,,16138.0,450.0,-25.0,455.0,-535295482.0,207.0,-14.0,9.0,79.0,-156.0,-52.0
535,16432.0,53367.0,52145.0,54966.0,49153.0,16331.0,3.188269853591919,,,,,,,,,,,,,,,,,,,,,,,,,,16158.0,455.0,-25.0,454.0,-536346106.0,207.0,-13.0,2.0,-23.0,-139.0,-46.0
536,16442.0,52851.0,52308.0,55405.0,48988.0,16341.0,3.188269853591919,,,,,,,,,,,,,,,,,,,,,,,,,,16188.0,453.0,-21.0,454.0,-535821818.0,193.0,-5.0,0.0,-73.0,-14.0,-29.0
537,16452.0,53216.0,52286.0,54943.0,49166.0,16371.0,3.1935484409332275,,,,,,,,,,,,,,,,,,,,,,,,,,16198.0,452.0,-20.0,453.0,-534773241.0,189.0,-2.0,-9.0,-49.0,8.0,-22.0
538,16462.0,53306.0,51782.0,54834.0,49700.0,16381.0,3.198827028274536,,,,,,,,,,,,,,,,,,,,,,,,,,16208.0,456.0,-19.0,453.0,-534772217.0,193.0,-1.0,-11.0,-9.0,5.0,-21.0
539,16502.0,52074.0,52316.0,55855.0,48753.0,16391.0,3.198827028274536,,,,,,,,,,,,,,,,,,,,,,,,,,16228.0,461.0,-21.0,452.0,-534772217.0,194.0,-2.0,-8.0,59.0,-24.0,-17.0
540,16512.0,52056.0,51936.0,55849.0,49115.0,16431.0,3.188269853591919,,,,,,,,,,,,,,,,,,,,,,,,,,16248.0,465.0,-20.0,451.0,-535820793.0,195.0,-1.0,-12.0,125.0,-43.0,-24.0
541,16522.0,52657.0,52183.0,55372.0,48762.0,16441.0,3.188269853591919,,,,,,,,,,,,,,,,,,,,,,,,,,16258.0,467.0,-21.0,451.0,-535820793.0,195.0,-2.0,-8.0,118.0,-52.0,-25.0
542,16562.0,51403.0,52783.0,55725.0,47392.0,16451.0,3.188269853591919,,,,,,,,,,,,,,,,,,,,,,,,,,16268.0,467.0,-21.0,450.0,-536869369.0,192.0,-1.0,-6.0,154.0,-32.0,-30.0
543,16572.0,51589.0,52064.0,55624.0,48161.0,16461.0,3.188269853591919,,,,,,,,,,,,,,,,,,,,,,,,,,16278.0,470.0,-21.0,451.0,-1073740281.0,193.0,0.0,-3.0,113.0,-47.0,-39.0
544,16582.0,51689.0,52005.0,55375.0,48093.0,16471.0,3.188269853591919,,,,,,,,,,,,,,,,,,,,,,,,,,16308.0,478.0,-21.0,451.0,-1072690680.0,199.0,-1.0,-3.0,-10.0,-43.0,-33.0
545,16602.0,51923.0,51255.0,55108.0,48816.0,16501.0,3.188269853591919,,,,,,,,,,,,,,,,,,,,,,,,,,16318.0,480.0,-21.0,449.0,-1072690680.0,199.0,-1.0,-9.0,-55.0,-28.0,-31.0
546,16642.0,51850.0,51982.0,55421.0,48164.0,16511.0,3.188269853591919,,,,,,,,,,,,,,,,,,,,,,,,,,16328.0,483.0,-20.0,449.0,-1072690680.0,202.0,0.0,-7.0,-122.0,-8.0,-24.0
547,16652.0,51730.0,51854.0,55744.0,48457.0,16521.0,3.188269853591919,,,,,,,,,,,,,,,,,,,,,,,,,,16358.0,486.0,-21.0,449.0,-535819768.0,199.0,-2.0,1.0,-125.0,135.0,0.0
548,16662.0,52081.0,52208.0,55611.0,48250.0,16561.0,3.1935484409332275,,,,,,,,,,,,,,,,,,,,,,,,,,16368.0,488.0,-20.0,450.0,-535820792.0,199.0,-1.0,5.0,-113.0,144.0,2.0
549,16712.0,51074.0,53179.0,56573.0,47384.0,16571.0,3.1935484409332275,,,,,,,,,,,,,,,,,,,,,,,,,,16378.0,492.0,-22.0,450.0,-535820792.0,203.0,-4.0,4.0,-81.0,161.0,2.0
550,16722.0,52322.0,52252.0,55475.0,48335.0,16581.0,3.198827028274536,,,,,,,,,,,,,,,,,,,,,,,,,,16388.0,495.0,-21.0,450.0,-534773240.0,204.0,-2.0,3.0,-60.0,149.0,-4.0
551,16732.0,52849.0,52117.0,55239.0,48661.0,16641.0,3.2041056156158447,,,,,,,,,,,,,,,,,,,,,,,,,,16418.0,501.0,-22.0,450.0,-534247928.0,203.0,-2.0,4.0,47.0,-9.0,-14.0
552,16792.0,52686.0,52710.0,55437.0,48194.0,16651.0,3.198827028274536,,,,,,,,,,,,,,,,,,,,,,,,,,16438.0,506.0,-21.0,450.0,-534247928.0,205.0,0.0,7.0,71.0,-118.0,-26.0
553,16802.0,52443.0,53084.0,55847.0,48101.0,16661.0,3.1935484409332275,,,,,,,,,,,,,,,,,,,,,,,,,,16448.0,507.0,-21.0,450.0,-535297528.0,203.0,1.0,7.0,78.0,-122.0,-35.0
554,16812.0,52821.0,52856.0,55555.0,48525.0,16691.0,3.1935484409332275,,,,,,,,,,,,,,,,,,,,,,,,,,16458.0,509.0,-21.0,450.0,-535821816.0,203.0,1.0,8.0,73.0,-132.0,-38.0
555,16862.0,52159.0,53396.0,55978.0,47424.0,16711.0,3.188269853591919,,,,,,,,,,,,,,,,,,,,,,,,,,16488.0,516.0,-22.0,451.0,-536868343.0,206.0,1.0,14.0,32.0,-44.0,-29.0
556,16872.0,52008.0,51566.0,56148.0,49557.0,16721.0,3.1935484409332275,,,,,,,,,,,,,,,,,,,,,,,,,,16498.0,518.0,-22.0,450.0,-536868343.0,206.0,1.0,12.0,6.0,-18.0,-13.0
557,16882.0,51944.0,51895.0,56263.0,49152.0,16731.0,3.188269853591919,,,,,,,,,,,,,,,,,,,,,,,,,,16508.0,519.0,-23.0,450.0,-536868343.0,204.0,0.0,13.0,0.0,7.0,-8.0
558,16932.0,51503.0,52207.0,56501.0,48077.0,16741.0,3.1935484409332275,,,,,,,,,,,,,,,,,,,,,,,,,,16518.0,520.0,-23.0,450.0,-536868343.0,204.0,0.0,14.0,-6.0,48.0,-14.0
559,16942.0,51453.0,51835.0,56456.0,48268.0,16781.0,3.188269853591919,,,,,,,,,,,,,,,,,,,,,,,,,,16528.0,523.0,-23.0,450.0,-536868343.0,205.0,0.0,15.0,-2.0,52.0,-10.0
560,16952.0,51700.0,52209.0,56261.0,47767.0,16791.0,3.188269853591919,,,,,,,,,,,,,,,,,,,,,,,,,,16548.0,527.0,-23.0,452.0,-536869367.0,206.0,0.0,25.0,28.0,71.0,-11.0
561,16982.0,52151.0,51889.0,55602.0,47461.0,16801.0,3.1829912662506104,,,,,,,,,,,,,,,,,,,,,,,,,,16558.0,529.0,-23.0,452.0,-536869367.0,206.0,0.0,25.0,16.0,54.0,-11.0
562,16992.0,52550.0,52575.0,55177.0,46648.0,16811.0,3.1829912662506104,,,,,,,,,,,,,,,,,,,,,,,,,,16568.0,528.0,-23.0,453.0,-536869367.0,200.0,0.0,25.0,9.0,47.0,-8.0
563,17002.0,52560.0,51601.0,55125.0,47853.0,16831.0,3.1829912662506104,,,,,,,,,,,,,,,,,,,,,,,,,,16578.0,530.0,-23.0,453.0,-536870391.0,200.0,0.0,25.0,1.0,24.0,-6.0
564,17062.0,52038.0,51515.0,55496.0,48101.0,16851.0,3.188269853591919,,,,,,,,,,,,,,,,,,,,,,,,,,16588.0,531.0,-23.0,453.0,-536870391.0,199.0,0.0,24.0,-13.0,5.0,-5.0
565,17072.0,51468.0,51944.0,56066.0,47609.0,16861.0,3.188269853591919,,,,,,,,,,,,,,,,,,,,,,,,,,16628.0,543.0,-23.0,452.0,-535820791.0,207.0,0.0,14.0,-54.0,-34.0,3.0
566,17082.0,51626.0,51652.0,55990.0,48138.0,16871.0,3.188269853591919,,,,,,,,,,,,,,,,,,,,,,,,,,16638.0,541.0,-22.0,452.0,-535820791.0,200.0,1.0,14.0,-37.0,-1.0,3.0
567,17132.0,52360.0,52411.0,55973.0,47734.0,16881.0,3.188269853591919,,,,,,,,,,,,,,,,,,,,,,,,,,16648.0,543.0,-22.0,453.0,-535820791.0,200.0,1.0,14.0,-37.0,4.0,5.0
568,17142.0,52704.0,52421.0,56019.0,48330.0,16891.0,3.188269853591919,,,,,,,,,,,,,,,,,,,,,,,,,,16658.0,546.0,-22.0,453.0,-535820791.0,201.0,2.0,14.0,-22.0,16.0,13.0
569,17152.0,53391.0,53104.0,55577.0,47749.0,16931.0,3.1935484409332275,,,,,,,,,,,,,,,,,,,,,,,,,,16668.0,548.0,-22.0,452.0,-535820791.0,201.0,2.0,8.0,6.0,21.0,8.0
570,17202.0,53017.0,52020.0,55989.0,49623.0,16941.0,3.198827028274536,,,,,,,,,,,,,,,,,,,,,,,,,,16708.0,558.0,-24.0,452.0,-535820791.0,205.0,0.0,10.0,-16.0,20.0,5.0
571,17212.0,53436.0,53514.0,55588.0,47899.0,16951.0,3.198827028274536,,,,,,,,,,,,,,,,,,,,,,,,,,16718.0,555.0,-24.0,453.0,-535821815.0,196.0,0.0,9.0,-15.0,42.0,7.0
572,17222.0,52249.0,51816.0,56614.0,49559.0,16961.0,3.198827028274536,,,,,,,,,,,,,,,,,,,,,,,,,,16728.0,557.0,-24.0,453.0,-535821815.0,196.0,1.0,8.0,-2.0,12.0,10.0
573,17262.0,52294.0,52629.0,56439.0,48359.0,16971.0,3.198827028274536,,,,,,,,,,,,,,,,,,,,,,,,,,16738.0,561.0,-24.0,453.0,-535821815.0,200.0,0.0,6.0,-13.0,2.0,9.0
574,17272.0,52102.0,52329.0,56420.0,48454.0,16991.0,3.198827028274536,,,,,,,,,,,,,,,,,,,,,,,,,,16768.0,567.0,-24.0,452.0,-535821815.0,201.0,1.0,-1.0,-52.0,-14.0,13.0
575,17282.0,52569.0,53183.0,56072.0,47391.0,17001.0,3.198827028274536,,,,,,,,,,,,,,,,,,,,,,,,,,16788.0,572.0,-24.0,452.0,-534773239.0,202.0,2.0,-6.0,-1.0,-7.0,6.0
576,17332.0,53703.0,52231.0,55081.0,48789.0,17011.0,3.198827028274536,,,,,,,,,,,,,,,,,,,,,,,,,,16798.0,573.0,-26.0,453.0,-534773239.0,201.0,0.0,-1.0,5.0,-8.0,-5.0
577,17342.0,52781.0,52626.0,56044.0,48425.0,17051.0,3.198827028274536,,,,,,,,,,,,,,,,,,,,,,,,,,16808.0,575.0,-25.0,453.0,-534773239.0,200.0,1.0,-3.0,60.0,-5.0,-5.0
578,17352.0,52768.0,52099.0,56027.0,49003.0,17061.0,3.198827028274536,,,,,,,,,,,,,,,,,,,,,,,,,,16818.0,577.0,-25.0,453.0,-535821815.0,200.0,1.0,-4.0,71.0,-6.0,-13.0
579,17402.0,52812.0,51223.0,56462.0,49016.0,17071.0,3.198827028274536,,,,,,,,,,,,,,,,,,,,,,,,,,16868.0,587.0,-25.0,454.0,-536869367.0,201.0,3.0,-3.0,-31.0,3.0,5.0
580,17412.0,52589.0,52173.0,56586.0,47819.0,17081.0,3.198827028274536,,,,,,,,,,,,,,,,,,,,,,,,,,16878.0,590.0,-25.0,454.0,-536869367.0,203.0,3.0,-4.0,-36.0,33.0,14.0
581,17422.0,52719.0,51619.0,56413.0,48608.0,17131.0,3.1935484409332275,,,,,,,,,,,,,,,,,,,,,,,,,,16888.0,593.0,-26.0,453.0,-535820791.0,205.0,1.0,-2.0,-67.0,54.0,19.0
582,17452.0,53051.0,51708.0,55872.0,49264.0,17141.0,3.188269853591919,,,,,,,,,,,,,,,,,,,,,,,,,,16908.0,598.0,-25.0,453.0,-535821815.0,207.0,3.0,-2.0,-108.0,82.0,31.0
583,17472.0,52986.0,52118.0,55818.0,48517.0,17151.0,3.1829912662506104,,,,,,,,,,,,,,,,,,,,,,,,,,16928.0,603.0,-25.0,454.0,-534248952.0,208.0,3.0,0.0,-119.0,105.0,34.0
584,17482.0,53440.0,52530.0,55703.0,47956.0,17181.0,3.1777126789093018,,,,,,,,,,,,,,,,,,,,,,,,,,16938.0,603.0,-25.0,454.0,-534247928.0,205.0,4.0,0.0,-107.0,94.0,43.0
585,17492.0,53235.0,52296.0,55690.0,48112.0,17201.0,3.1777126789093018,,,,,,,,,,,,,,,,,,,,,,,,,,16948.0,606.0,-25.0,454.0,-533199352.0,205.0,4.0,0.0,-63.0,77.0,45.0
586,17542.0,52654.0,51797.0,56223.0,48399.0,17211.0,3.1777126789093018,,,,,,,,,,,,,,,,,,,,,,,,,,16958.0,607.0,-26.0,454.0,-533198328.0,203.0,3.0,1.0,-50.0,41.0,42.0
587,17552.0,51772.0,52511.0,56729.0,47298.0,17221.0,3.1777126789093018,,,,,,,,,,,,,,,,,,,,,,,,,,16988.0,615.0,-26.0,456.0,-533198328.0,206.0,6.0,14.0,48.0,-25.0,40.0
588,17562.0,51563.0,51657.0,57056.0,48448.0,17231.0,3.1777126789093018,,,,,,,,,,,,,,,,,,,,,,,,,,16998.0,615.0,-27.0,456.0,-533198329.0,201.0,4.0,14.0,58.0,-40.0,27.0
589,17602.0,52376.0,51772.0,56211.0,47904.0,17261.0,3.1829912662506104,,,,,,,,,,,,,,,,,,,,,,,,,,17008.0,616.0,-27.0,456.0,-533198329.0,199.0,5.0,13.0,64.0,-68.0,21.0
590,17612.0,52776.0,51740.0,56012.0,48069.0,17271.0,3.1829912662506104,,,,,,,,,,,,,,,,,,,,,,,,,,17018.0,618.0,-27.0,456.0,-534247929.0,199.0,5.0,14.0,45.0,-75.0,17.0
591,17622.0,52949.0,51999.0,55823.0,47883.0,17281.0,3.1829912662506104,,,,,,,,,,,,,,,,,,,,,,,,,,17038.0,621.0,-27.0,456.0,-534247929.0,197.0,7.0,15.0,34.0,-57.0,10.0
592,17632.0,53141.0,51414.0,55845.0,48744.0,17311.0,3.188269853591919,,,,,,,,,,,,,,,,,,,,,,,,,,17058.0,628.0,-27.0,456.0,-534248953.0,201.0,8.0,14.0,2.0,-13.0,11.0
593,17662.0,52948.0,52142.0,56143.0,48295.0,17331.0,3.188269853591919,,,,,,,,,,,,,,,,,,,,,,,,,,17068.0,630.0,-27.0,456.0,-534248953.0,202.0,8.0,12.0,-17.0,10.0,12.0
594,17672.0,52676.0,51928.0,56478.0,48348.0,17341.0,3.1829912662506104,,,,,,,,,,,,,,,,,,,,,,,,,,17078.0,631.0,-27.0,457.0,-534248953.0,200.0,8.0,9.0,-34.0,32.0,17.0
595,17682.0,52524.0,52384.0,56760.0,48088.0,17351.0,3.1829912662506104,,,,,,,,,,,,,,,,,,,,,,,,,,17088.0,633.0,-27.0,457.0,-534248953.0,200.0,9.0,7.0,-46.0,36.0,17.0
596,17692.0,52417.0,52673.0,56868.0,47759.0,17381.0,3.188269853591919,,,,,,,,,,,,,,,,,,,,,,,,,,17098.0,635.0,-27.0,455.0,-534247929.0,198.0,10.0,0.0,-57.0,39.0,15.0
597,17712.0,52495.0,53145.0,56990.0,47285.0,17411.0,3.188269853591919,,,,,,,,,,,,,,,,,,,,,,,,,,17118.0,638.0,-27.0,455.0,-533199353.0,196.0,10.0,-1.0,-46.0,52.0,13.0
598,17722.0,52757.0,52628.0,56856.0,47909.0,17421.0,3.188269853591919,,,,,,,,,,,,,,,,,,,,,,,,,,17138.0,643.0,-27.0,454.0,-533199354.0,199.0,11.0,-9.0,38.0,8.0,12.0
599,17732.0,53047.0,52202.0,56695.0,48343.0,17431.0,3.1829912662506104,,,,,,,,,,,,,,,,,,,,,,,,,,17148.0,646.0,-27.0,454.0,-533199354.0,199.0,11.0,-10.0,84.0,-21.0,3.0
600,17742.0,52672.0,52416.0,56808.0,48024.0,17471.0,3.1829912662506104,,,,,,,,,,,,,,,,,,,,,,,,,,17158.0,649.0,-28.0,454.0,-534247930.0,201.0,11.0,-10.0,133.0,-42.0,0.0
601,17782.0,52690.0,51490.0,56792.0,48937.0,17481.0,3.1829912662506104,,,,,,,,,,,,,,,,,,,,,,,,,,17168.0,650.0,-27.0,454.0,-534247930.0,200.0,12.0,-11.0,147.0,-76.0,-10.0
602,17792.0,52573.0,52490.0,56816.0,47947.0,17491.0,3.188269853591919,,,,,,,,,,,,,,,,,,,,,,,,,,17198.0,652.0,-30.0,453.0,-536346105.0,192.0,8.0,-14.0,92.0,-105.0,-13.0
603,17802.0,52932.0,53003.0,56610.0,47320.0,17541.0,3.188269853591919,,,,,,,,,,,,,,,,,,,,,,,,,,17208.0,655.0,-29.0,453.0,-1073741305.0,193.0,9.0,-14.0,36.0,-87.0,-14.0
604,17852.0,52756.0,52864.0,56558.0,47815.0,17551.0,3.1935484409332275,,,,,,,,,,,,,,,,,,,,,,,,,,17218.0,657.0,-29.0,453.0,-1073740281.0,193.0,8.0,-12.0,23.0,-49.0,0.0
605,17862.0,52773.0,52595.0,56563.0,47942.0,17561.0,3.188269853591919,,,,,,,,,,,,,,,,,,,,,,,,,,17248.0,663.0,-28.0,453.0,-1073740281.0,194.0,11.0,-10.0,-60.0,-11.0,1.0
606,17872.0,52644.0,52111.0,56626.0,48547.0,17571.0,3.188269853591919,,,,,,,,,,,,,,,,,,,,,,,,,,17268.0,666.0,-26.0,453.0,-536869369.0,193.0,12.0,-4.0,-18.0,26.0,5.0
607,17912.0,52299.0,52339.0,56812.0,47843.0,17611.0,3.1935484409332275,,,,,,,,,,,,,,,,,,,,,,,,,,17278.0,668.0,-26.0,453.0,-535820793.0,194.0,12.0,-5.0,-46.0,0.0,10.0
608,17922.0,52812.0,51669.0,56809.0,49209.0,17621.0,3.1935484409332275,,,,,,,,,,,,,,,,,,,,,,,,,,17288.0,669.0,-29.0,453.0,-536869369.0,192.0,6.0,-5.0,-27.0,6.0,11.0
609,17932.0,52946.0,51585.0,56526.0,49103.0,17631.0,3.188269853591919,,,,,,,,,,,,,,,,,,,,,,,,,,17298.0,671.0,-29.0,453.0,-535820793.0,192.0,7.0,-4.0,-1.0,-13.0,2.0
610,17972.0,52622.0,51882.0,56795.0,49016.0,17661.0,3.188269853591919,,,,,,,,,,,,,,,,,,,,,,,,,,17328.0,675.0,-30.0,450.0,-536869369.0,190.0,6.0,-15.0,-2.0,-44.0,0.0
611,17982.0,52920.0,52315.0,56636.0,48750.0,17671.0,3.188269853591919,,,,,,,,,,,,,,,,,,,,,,,,,,17338.0,678.0,-30.0,450.0,-536869369.0,191.0,5.0,-13.0,27.0,-54.0,2.0
612,17992.0,52360.0,52804.0,56898.0,48019.0,17681.0,3.1829912662506104,,,,,,,,,,,,,,,,,,,,,,,,,,17348.0,680.0,-29.0,450.0,-536869369.0,193.0,7.0,-12.0,44.0,-74.0,2.0
613,18002.0,52513.0,52425.0,56980.0,48606.0,17721.0,3.1829912662506104,,,,,,,,,,,,,,,,,,,,,,,,,,17358.0,681.0,-29.0,449.0,-1073740281.0,192.0,6.0,-18.0,-23.0,-67.0,8.0
614,18042.0,53141.0,52444.0,56379.0,48210.0,17731.0,3.1829912662506104,,,,,,,,,,,,,,,,,,,,,,,,,,17398.0,687.0,-29.0,447.0,-536868346.0,190.0,6.0,-13.0,-61.0,-14.0,25.0
615,18052.0,52781.0,52295.0,56392.0,48016.0,17741.0,3.1829912662506104,,,,,,,,,,,,,,,,,,,,,,,,,,17408.0,690.0,-29.0,447.0,-535819770.0,193.0,8.0,-12.0,-60.0,-15.0,22.0
616,18062.0,53114.0,52635.0,56167.0,47888.0,17771.0,3.1829912662506104,,,,,,,,,,,,,,,,,,,,,,,,,,17418.0,694.0,-28.0,447.0,-535819770.0,197.0,8.0,-12.0,-65.0,26.0,18.0
617,18072.0,53465.0,52389.0,55828.0,48079.0,17781.0,3.1829912662506104,,,,,,,,,,,,,,,,,,,,,,,,,,17428.0,696.0,-28.0,447.0,-535819770.0,198.0,8.0,-12.0,-10.0,37.0,19.0
618,18122.0,52640.0,51249.0,56692.0,49436.0,17791.0,3.1829912662506104,,,,,,,,,,,,,,,,,,,,,,,,,,17438.0,697.0,-28.0,447.0,-535819770.0,197.0,9.0,-13.0,-31.0,12.0,0.0
619,18132.0,52397.0,52280.0,56583.0,47927.0,17801.0,3.1829912662506104,,,,,,,,,,,,,,,,,,,,,,,,,,17468.0,702.0,-29.0,446.0,-535819770.0,196.0,7.0,-7.0,49.0,26.0,3.0
620,18142.0,52615.0,51992.0,56412.0,48176.0,17821.0,3.1829912662506104,,,,,,,,,,,,,,,,,,,,,,,,,,17478.0,705.0,-29.0,446.0,-535819770.0,198.0,7.0,-7.0,11.0,-20.0,17.0
621,18202.0,52920.0,52740.0,56008.0,47306.0,17841.0,3.1829912662506104,,,,,,,,,,,,,,,,,,,,,,,,,,17488.0,707.0,-29.0,446.0,-535819770.0,199.0,7.0,-11.0,32.0,-7.0,30.0
622,18212.0,52817.0,52861.0,56069.0,47174.0,17851.0,3.1829912662506104,,,,,,,,,,,,,,,,,,,,,,,,,,17508.0,711.0,-29.0,445.0,-535819770.0,201.0,7.0,-12.0,-1.0,-25.0,33.0
623,18222.0,52983.0,52711.0,55893.0,47386.0,17861.0,3.1829912662506104,,,,,,,,,,,,,,,,,,,,,,,,,,17518.0,713.0,-29.0,445.0,-535819770.0,201.0,7.0,-10.0,-4.0,37.0,32.0
624,18272.0,53075.0,51812.0,56232.0,48983.0,17871.0,3.1829912662506104,,,,,,,,,,,,,,,,,,,,,,,,,,17538.0,714.0,-29.0,445.0,-535819771.0,196.0,8.0,-9.0,-91.0,12.0,24.0
625,18282.0,52704.0,51538.0,56554.0,49290.0,17901.0,3.188269853591919,,,,,,,,,,,,,,,,,,,,,,,,,,17548.0,715.0,-28.0,445.0,-535819771.0,194.0,10.0,-7.0,-64.0,14.0,33.0
626,18292.0,52861.0,51140.0,56592.0,49785.0,17911.0,3.188269853591919,,,,,,,,,,,,,,,,,,,,,,,,,,17558.0,718.0,-28.0,445.0,-535819771.0,198.0,9.0,-7.0,-27.0,73.0,32.0
627,18322.0,52131.0,51818.0,57082.0,49119.0,17921.0,3.1829912662506104,,,,,,,,,,,,,,,,,,,,,,,,,,17568.0,720.0,-28.0,446.0,-534772219.0,198.0,10.0,-1.0,-97.0,48.0,32.0
628,18342.0,52472.0,52887.0,56885.0,47852.0,17931.0,3.188269853591919,,,,,,,,,,,,,,,,,,,,,,,,,,17588.0,724.0,-27.0,446.0,-534772219.0,198.0,12.0,-3.0,-62.0,56.0,28.0
629,18352.0,53083.0,52461.0,56554.0,48466.0,17941.0,3.1829912662506104,,,,,,,,,,,,,,,,,,,,,,,,,,17608.0,727.0,-28.0,446.0,-533724667.0,197.0,12.0,-4.0,-10.0,14.0,20.0
630,18362.0,53429.0,52684.0,56428.0,48472.0,17971.0,3.1829912662506104,,,,,,,,,,,,,,,,,,,,,,,,,,17618.0,729.0,-28.0,445.0,-533724668.0,197.0,12.0,-8.0,15.0,-24.0,34.0
631,18402.0,53853.0,53295.0,55838.0,48137.0,17981.0,3.1777126789093018,,,,,,,,,,,,,,,,,,,,,,,,,,17628.0,732.0,-28.0,445.0,-533724668.0,198.0,12.0,-8.0,47.0,-32.0,27.0
632,18412.0,53992.0,52406.0,55824.0,49350.0,17991.0,3.1829912662506104,,,,,,,,,,,,,,,,,,,,,,,,,,17648.0,737.0,-28.0,445.0,-534772220.0,202.0,12.0,-11.0,30.0,-74.0,5.0
633,18422.0,53861.0,52415.0,55916.0,49278.0,18001.0,3.1777126789093018,,,,,,,,,,,,,,,,,,,,,,,,,,17658.0,740.0,-29.0,444.0,-534772220.0,204.0,11.0,-15.0,25.0,-64.0,6.0
634,18462.0,53496.0,52957.0,56315.0,48764.0,18031.0,3.1777126789093018,,,,,,,,,,,,,,,,,,,,,,,,,,17668.0,741.0,-29.0,444.0,-534772220.0,202.0,13.0,-15.0,15.0,-25.0,14.0
635,18472.0,53183.0,52464.0,56411.0,49191.0,18041.0,3.1777126789093018,,,,,,,,,,,,,,,,,,,,,,,,,,17678.0,743.0,-28.0,444.0,-534772220.0,202.0,13.0,-16.0,-11.0,-10.0,17.0
636,18482.0,53497.0,52710.0,56151.0,48953.0,18051.0,3.1829912662506104,,,,,,,,,,,,,,,,,,,,,,,,,,17708.0,747.0,-28.0,443.0,-534772220.0,199.0,14.0,-21.0,-47.0,55.0,23.0
637,18492.0,53205.0,53300.0,56342.0,48212.0,18061.0,3.1777126789093018,,,,,,,,,,,,,,,,,,,,,,,,,,17718.0,750.0,-28.0,443.0,-534772220.0,201.0,14.0,-22.0,-47.0,67.0,29.0
638,18522.0,52472.0,52946.0,56875.0,48591.0,18121.0,3.1829912662506104,,,,,,,,,,,,,,,,,,,,,,,,,,17728.0,752.0,-28.0,442.0,-534772220.0,201.0,15.0,-22.0,-47.0,55.0,31.0
639,18532.0,52631.0,53532.0,56704.0,47888.0,18131.0,3.1829912662506104,,,,,,,,,,,,,,,,,,,,,,,,,,17738.0,755.0,-29.0,443.0,-534773244.0,203.0,14.0,-18.0,-28.0,23.0,26.0
640,18542.0,53175.0,52819.0,56500.0,48842.0,18141.0,3.1829912662506104,,,,,,,,,,,,,,,,,,,,,,,,,,17778.0,760.0,-26.0,442.0,-533724669.0,199.0,20.0,-16.0,16.0,20.0,15.0
641,18562.0,53504.0,52202.0,56095.0,49243.0,18151.0,3.1829912662506104,,,,,,,,,,,,,,,,,,,,,,,,,,17788.0,764.0,-26.0,442.0,-533724669.0,202.0,20.0,-17.0,20.0,21.0,10.0
642,18582.0,53795.0,52031.0,55727.0,49377.0,18201.0,3.188269853591919,,,,,,,,,,,,,,,,,,,,,,,,,,17798.0,766.0,-26.0,442.0,-533724669.0,202.0,21.0,-18.0,-10.0,-19.0,12.0
643,18592.0,54440.0,52581.0,54984.0,48801.0,18211.0,3.188269853591919,,,,,,,,,,,,,,,,,,,,,,,,,,17808.0,769.0,-26.0,442.0,-533724669.0,204.0,21.0,-19.0,15.0,-12.0,9.0
644,18602.0,53427.0,52992.0,55821.0,48225.0,18221.0,3.188269853591919,,,,,,,,,,,,,,,,,,,,,,,,,,17838.0,773.0,-27.0,442.0,-534773245.0,199.0,20.0,-19.0,38.0,-52.0,0.0
645,18652.0,52327.0,52391.0,56306.0,48354.0,18271.0,3.1829912662506104,,,,,,,,,,,,,,,,,,,,,,,,,,17848.0,774.0,-27.0,441.0,-534773245.0,198.0,21.0,-19.0,92.0,-18.0,-8.0
646,18662.0,52680.0,52367.0,56071.0,48297.0,18281.0,3.1829912662506104,,,,,,,,,,,,,,,,,,,,,,,,,,17858.0,776.0,-27.0,441.0,-534773245.0,197.0,21.0,-17.0,70.0,0.0,-7.0
647,18672.0,52638.0,53078.0,56197.0,47385.0,18291.0,3.1777126789093018,,,,,,,,,,,,,,,,,,,,,,,,,,17868.0,778.0,-27.0,441.0,-535821821.0,197.0,20.0,-17.0,68.0,-12.0,-6.0
648,18712.0,53373.0,53032.0,55408.0,47785.0,18301.0,3.1777126789093018,,,,,,,,,,,,,,,,,,,,,,,,,,17878.0,782.0,-27.0,441.0,-535821821.0,201.0,20.0,-18.0,29.0,-1.0,-6.0
649,18722.0,52695.0,52029.0,55783.0,48835.0,18341.0,3.1777126789093018,,,,,,,,,,,,,,,,,,,,,,,,,,17908.0,786.0,-26.0,441.0,-535821821.0,199.0,21.0,-15.0,-69.0,-57.0,5.0
650,18732.0,53123.0,52835.0,55292.0,47842.0,18351.0,3.1777126789093018,,,,,,,,,,,,,,,,,,,,,,,,,,17918.0,788.0,-27.0,438.0,-535820797.0,198.0,20.0,-24.0,-40.0,-24.0,5.0
651,18742.0,52180.0,51727.0,56029.0,49127.0,18361.0,3.172434091567993,,,,,,,,,,,,,,,,,,,,,,,,,,17928.0,790.0,-27.0,438.0,-535820797.0,199.0,20.0,-24.0,-21.0,-5.0,4.0
652,18762.0,52832.0,52722.0,55449.0,47772.0,18401.0,3.172434091567993,,,,,,,,,,,,,,,,,,,,,,,,,,17938.0,792.0,-26.0,438.0,-535820797.0,199.0,21.0,-23.0,-6.0,-34.0,0.0
653,18792.0,53344.0,53182.0,55013.0,47428.0,18411.0,3.1671555042266846,,,,,,,,,,,,,,,,,,,,,,,,,,17958.0,798.0,-26.0,438.0,-535820797.0,203.0,23.0,-22.0,32.0,-18.0,-5.0
654,18802.0,52943.0,53137.0,55215.0,47243.0,18421.0,3.1671555042266846,,,,,,,,,,,,,,,,,,,,,,,,,,17978.0,804.0,-25.0,437.0,-535820797.0,207.0,23.0,-20.0,31.0,19.0,-4.0
655,18812.0,52393.0,51843.0,55839.0,49019.0,18431.0,3.1671555042266846,,,,,,,,,,,,,,,,,,,,,,,,,,17988.0,801.0,-26.0,437.0,-535820797.0,198.0,20.0,-20.0,39.0,1.0,-18.0
656,18822.0,52059.0,52731.0,55759.0,47889.0,18471.0,3.172434091567993,,,,,,,,,,,,,,,,,,,,,,,,,,17998.0,803.0,-26.0,437.0,-535820797.0,198.0,21.0,-19.0,16.0,30.0,-9.0
657,18842.0,51820.0,51583.0,55806.0,49216.0,18481.0,3.172434091567993,,,,,,,,,,,,,,,,,,,,,,,,,,18008.0,805.0,-27.0,437.0,-535820797.0,198.0,19.0,-19.0,29.0,42.0,-4.0
658,18852.0,51498.0,51965.0,56329.0,48422.0,18491.0,3.172434091567993,,,,,,,,,,,,,,,,,,,,,,,,,,18038.0,811.0,-26.0,436.0,-536870397.0,198.0,20.0,-13.0,22.0,8.0,2.0
659,18862.0,51912.0,52005.0,56174.0,48646.0,18521.0,3.172434091567993,,,,,,,,,,,,,,,,,,,,,,,,,,18048.0,813.0,-26.0,437.0,-536870397.0,199.0,19.0,-9.0,26.0,-29.0,0.0
660,18892.0,52763.0,51976.0,55808.0,48448.0,18531.0,3.172434091567993,,,,,,,,,,,,,,,,,,,,,,,,,,18058.0,817.0,-25.0,436.0,-536870397.0,203.0,21.0,-8.0,23.0,-57.0,-5.0
661,18902.0,52646.0,52145.0,56125.0,48469.0,18541.0,3.1671555042266846,,,,,,,,,,,,,,,,,,,,,,,,,,18068.0,819.0,-25.0,436.0,-536869373.0,203.0,21.0,-6.0,20.0,-70.0,-6.0
662,18912.0,53272.0,52890.0,55772.0,47958.0,18581.0,3.172434091567993,,,,,,,,,,,,,,,,,,,,,,,,,,18098.0,818.0,-28.0,434.0,-1072691708.0,189.0,14.0,-15.0,9.0,-31.0,-6.0
663,18952.0,53151.0,52069.0,56205.0,49475.0,18591.0,3.172434091567993,,,,,,,,,,,,,,,,,,,,,,,,,,18118.0,824.0,-27.0,434.0,-1072691708.0,194.0,14.0,-14.0,-40.0,-8.0,-2.0
664,18962.0,52577.0,53222.0,56710.0,48094.0,18601.0,3.172434091567993,,,,,,,,,,,,,,,,,,,,,,,,,,18128.0,825.0,-27.0,435.0,-1073740284.0,193.0,14.0,-5.0,-67.0,-39.0,2.0
665,18972.0,52430.0,51929.0,56834.0,49625.0,18611.0,3.172434091567993,,,,,,,,,,,,,,,,,,,,,,,,,,18138.0,827.0,-27.0,435.0,-1073740284.0,193.0,15.0,-4.0,-51.0,-30.0,-1.0
666,19022.0,52635.0,52446.0,56482.0,48450.0,18651.0,3.1777126789093018,,,,,,,,,,,,,,,,,,,,,,,,,,18148.0,829.0,-27.0,435.0,-536869372.0,193.0,15.0,-4.0,-10.0,-5.0,3.0
667,19032.0,52307.0,52266.0,56789.0,48515.0,18661.0,3.1777126789093018,,,,,,,,,,,,,,,,,,,,,,,,,,18168.0,833.0,-26.0,435.0,-536869372.0,195.0,15.0,-1.0,-9.0,-20.0,0.0
668,19042.0,52723.0,52207.0,56434.0,48378.0,18671.0,3.1777126789093018,,,,,,,,,,,,,,,,,,,,,,,,,,18188.0,835.0,-27.0,434.0,-536869372.0,191.0,13.0,-3.0,22.0,-36.0,-7.0
669,19072.0,52868.0,51911.0,56063.0,48525.0,18721.0,3.1829912662506104,,,,,,,,,,,,,,,,,,,,,,,,,,18208.0,840.0,-27.0,434.0,-1073739260.0,195.0,12.0,-6.0,16.0,-30.0,-7.0
670,19082.0,52576.0,51928.0,56291.0,48325.0,18731.0,3.1829912662506104,,,,,,,,,,,,,,,,,,,,,,,,,,18218.0,842.0,-27.0,434.0,-1073739260.0,194.0,12.0,-5.0,-8.0,-22.0,-5.0
671,19092.0,52498.0,52814.0,56410.0,47322.0,18741.0,3.1777126789093018,,,,,,,,,,,,,,,,,,,,,,,,,,18228.0,844.0,-26.0,434.0,-1073739260.0,195.0,13.0,-7.0,0.0,-16.0,-13.0
672,19222.0,53764.0,53485.0,56314.0,48207.0,18781.0,3.1829912662506104,,,,,,,,,,,,,,,,,,,,,,,,,,18238.0,846.0,-27.0,434.0,-1073739260.0,196.0,11.0,-8.0,16.0,-21.0,-8.0
673,19232.0,53892.0,52558.0,56470.0,49455.0,18791.0,3.1829912662506104,,,,,,,,,,,,,,,,,,,,,,,,,,18268.0,852.0,-27.0,433.0,-1073739260.0,198.0,11.0,-13.0,-8.0,-11.0,-10.0
674,19242.0,54037.0,53667.0,56358.0,48188.0,18801.0,3.188269853591919,,,,,,,,,,,,,,,,,,,,,,,,,,18278.0,858.0,-27.0,433.0,-1073739260.0,207.0,10.0,-14.0,-13.0,-6.0,-5.0
675,19252.0,53908.0,52874.0,56624.0,49254.0,18811.0,3.1829912662506104,,,,,,,,,,,,,,,,,,,,,,,,,,18288.0,861.0,-27.0,433.0,-1073739260.0,209.0,10.0,-12.0,-15.0,17.0,-3.0
676,19302.0,53003.0,52853.0,57249.0,48598.0,18841.0,3.188269853591919,,,,,,,,,,,,,,,,,,,,,,,,,,18298.0,863.0,-27.0,433.0,-1073739260.0,210.0,10.0,-14.0,-23.0,15.0,2.0
677,19312.0,52555.0,52659.0,57596.0,48771.0,18851.0,3.188269853591919,,,,,,,,,,,,,,,,,,,,,,,,,,18338.0,869.0,-27.0,433.0,-536868348.0,207.0,9.0,-12.0,-16.0,59.0,-1.0
678,19322.0,52540.0,52226.0,57667.0,49189.0,18861.0,3.1829912662506104,,,,,,,,,,,,,,,,,,,,,,,,,,18348.0,870.0,-26.0,432.0,-536869372.0,205.0,9.0,-16.0,-8.0,54.0,5.0
679,19332.0,52286.0,52802.0,57876.0,48552.0,18881.0,3.188269853591919,,,,,,,,,,,,,,,,,,,,,,,,,,18358.0,872.0,-26.0,432.0,-536869372.0,206.0,9.0,-17.0,22.0,23.0,-6.0
680,19372.0,53508.0,53164.0,57267.0,48227.0,18891.0,3.188269853591919,,,,,,,,,,,,,,,,,,,,,,,,,,18368.0,873.0,-27.0,432.0,-536869372.0,204.0,9.0,-17.0,55.0,-7.0,-7.0
681,19382.0,53928.0,52320.0,56791.0,49210.0,18901.0,3.1829912662506104,,,,,,,,,,,,,,,,,,,,,,,,,,18388.0,878.0,-26.0,432.0,-1073740284.0,207.0,9.0,-19.0,74.0,-83.0,-18.0
682,19392.0,53501.0,53304.0,57144.0,48134.0,18911.0,3.1829912662506104,,,,,,,,,,,,,,,,,,,,,,,,,,18398.0,880.0,-26.0,431.0,-1073739260.0,207.0,9.0,-17.0,65.0,-116.0,-26.0
683,19432.0,53624.0,52676.0,56823.0,48683.0,18951.0,3.172434091567993,,,,,,,,,,,,,,,,,,,,,,,,,,18408.0,882.0,-27.0,431.0,-1072690684.0,207.0,8.0,-16.0,59.0,-102.0,-26.0
684,19442.0,53487.0,52476.0,57175.0,49039.0,18961.0,3.172434091567993,,,,,,,,,,,,,,,,,,,,,,,,,,18418.0,887.0,-27.0,431.0,-1072689660.0,213.0,7.0,-15.0,52.0,-99.0,-31.0
685,19452.0,53451.0,52659.0,57177.0,48787.0,18971.0,3.172434091567993,,,,,,,,,,,,,,,,,,,,,,,,,,18428.0,889.0,-26.0,431.0,-1072689660.0,213.0,8.0,-14.0,30.0,-84.0,-23.0
686,19492.0,53134.0,52517.0,57153.0,48602.0,18981.0,3.172434091567993,,,,,,,,,,,,,,,,,,,,,,,,,,18468.0,895.0,-27.0,430.0,-1072689659.0,213.0,4.0,-16.0,1.0,30.0,-25.0
687,19502.0,53123.0,52570.0,57141.0,48510.0,19021.0,3.1777126789093018,,,,,,,,,,,,,,,,,,,,,,,,,,18478.0,896.0,-27.0,430.0,-1071641083.0,212.0,4.0,-17.0,-7.0,43.0,-16.0
688,19512.0,53053.0,52069.0,57122.0,48942.0,19031.0,3.1777126789093018,,,,,,,,,,,,,,,,,,,,,,,,,,18488.0,899.0,-27.0,430.0,-1072689659.0,214.0,3.0,-15.0,-12.0,31.0,-19.0
689,19522.0,52892.0,51714.0,57201.0,49261.0,19041.0,3.1777126789093018,,,,,,,,,,,,,,,,,,,,,,,,,,18498.0,901.0,-27.0,429.0,-1072689659.0,215.0,3.0,-12.0,-8.0,30.0,-23.0
690,19582.0,52616.0,51626.0,56737.0,48354.0,19051.0,3.1829912662506104,,,,,,,,,,,,,,,,,,,,,,,,,,18508.0,906.0,-27.0,429.0,-1072689659.0,220.0,3.0,-10.0,-29.0,55.0,-28.0
691,19592.0,52763.0,51558.0,56443.0,48314.0,19061.0,3.1829912662506104,,,,,,,,,,,,,,,,,,,,,,,,,,18518.0,908.0,-27.0,429.0,-1072689659.0,221.0,2.0,-12.0,-42.0,56.0,-24.0
692,19602.0,52564.0,52014.0,56266.0,47424.0,19071.0,3.1829912662506104,,,,,,,,,,,,,,,,,,,,,,,,,,18528.0,904.0,-26.0,428.0,-1072690683.0,209.0,3.0,-11.0,-60.0,61.0,-19.0
693,19652.0,52654.0,51716.0,55799.0,47419.0,19081.0,3.1829912662506104,,,,,,,,,,,,,,,,,,,,,,,,,,18538.0,906.0,-26.0,428.0,-1072690683.0,210.0,3.0,-11.0,-28.0,56.0,-13.0
694,19662.0,52396.0,51668.0,56005.0,47581.0,19091.0,3.1829912662506104,,,,,,,,,,,,,,,,,,,,,,,,,,18548.0,909.0,-26.0,428.0,-1072690683.0,211.0,3.0,-12.0,-15.0,8.0,-16.0
695,19672.0,51833.0,51737.0,56502.0,47557.0,19151.0,3.1777126789093018,,,,,,,,,,,,,,,,,,,,,,,,,,18588.0,919.0,-26.0,428.0,-1072689658.0,216.0,1.0,-6.0,52.0,-42.0,-15.0
696,19742.0,52441.0,51058.0,56300.0,48556.0,19221.0,3.1671555042266846,,,,,,,,,,,,,,,,,,,,,,,,,,18598.0,920.0,-27.0,428.0,-1072689658.0,216.0,0.0,-3.0,56.0,-59.0,-13.0
697,19752.0,52632.0,52292.0,56138.0,47155.0,19231.0,3.161876916885376,,,,,,,,,,,,,,,,,,,,,,,,,,18608.0,923.0,-27.0,427.0,-1072689658.0,218.0,0.0,-4.0,51.0,-38.0,-19.0
698,19762.0,52595.0,52063.0,56414.0,47657.0,19241.0,3.161876916885376,,,,,,,,,,,,,,,,,,,,,,,,,,18618.0,925.0,-27.0,427.0,-1071641082.0,218.0,-1.0,-3.0,46.0,-24.0,-17.0
699,19792.0,53066.0,52031.0,56695.0,48416.0,19301.0,3.1671555042266846,,,,,,,,,,,,,,,,,,,,,,,,,,18638.0,930.0,-27.0,427.0,-1071641082.0,222.0,-1.0,3.0,6.0,44.0,-15.0
700,19802.0,53146.0,52692.0,56854.0,47809.0,19311.0,3.1671555042266846,,,,,,,,,,,,,,,,,,,,,,,,,,18648.0,934.0,-27.0,428.0,-1071641082.0,226.0,-1.0,6.0,-31.0,64.0,-13.0
701,19812.0,53130.0,51929.0,56871.0,48772.0,19321.0,3.1671555042266846,,,,,,,,,,,,,,,,,,,,,,,,,,18658.0,935.0,-27.0,428.0,-1071641082.0,224.0,-1.0,6.0,0.0,110.0,-4.0
702,19842.0,53426.0,51799.0,56943.0,49466.0,19331.0,3.1671555042266846,,,,,,,,,,,,,,,,,,,,,,,,,,18668.0,937.0,-27.0,428.0,-1071642106.0,225.0,-2.0,5.0,13.0,102.0,2.0
703,19862.0,53144.0,52218.0,57287.0,49029.0,19351.0,3.172434091567993,,,,,,,,,,,,,,,,,,,,,,,,,,18688.0,938.0,-27.0,428.0,-1071643130.0,218.0,-3.0,3.0,-6.0,51.0,-7.0
704,19872.0,53287.0,52384.0,57208.0,48914.0,19371.0,3.1671555042266846,,,,,,,,,,,,,,,,,,,,,,,,,,18718.0,945.0,-28.0,428.0,-1071643130.0,221.0,-6.0,5.0,-32.0,-37.0,-15.0
705,19922.0,54006.0,53384.0,56967.0,48048.0,19381.0,3.1671555042266846,,,,,,,,,,,,,,,,,,,,,,,,,,18728.0,947.0,-28.0,428.0,-1071643130.0,219.0,-6.0,7.0,-6.0,-28.0,-21.0
706,19932.0,53177.0,51704.0,57567.0,50021.0,19391.0,3.1671555042266846,,,,,,,,,,,,,,,,,,,,,,,,,,18738.0,951.0,-28.0,429.0,-1072691706.0,223.0,-7.0,13.0,9.0,10.0,-27.0
707,19942.0,53312.0,51805.0,57441.0,49882.0,19401.0,3.1671555042266846,,,,,,,,,,,,,,,,,,,,,,,,,,18748.0,953.0,-28.0,429.0,-1072691706.0,223.0,-7.0,12.0,-24.0,-15.0,-19.0
708,19972.0,53913.0,52685.0,57159.0,48978.0,19421.0,3.1671555042266846,,,,,,,,,,,,,,,,,,,,,,,,,,18788.0,962.0,-29.0,430.0,-1072691705.0,226.0,-10.0,9.0,0.0,-3.0,-7.0
709,19982.0,53423.0,52588.0,57570.0,49015.0,19431.0,3.172434091567993,,,,,,,,,,,,,,,,,,,,,,,,,,18798.0,965.0,-29.0,430.0,-1072691705.0,228.0,-10.0,9.0,0.0,-5.0,-5.0
710,19992.0,53532.0,52623.0,57544.0,49083.0,19441.0,3.1671555042266846,,,,,,,,,,,,,,,,,,,,,,,,,,18808.0,967.0,-29.0,430.0,-1071643129.0,228.0,-11.0,9.0,6.0,46.0,-11.0
711,20002.0,53814.0,52652.0,57320.0,49053.0,19451.0,3.1671555042266846,,,,,,,,,,,,,,,,,,,,,,,,,,18818.0,967.0,-29.0,431.0,-1071643129.0,223.0,-10.0,16.0,-35.0,3.0,-16.0
712,20032.0,53734.0,52991.0,57152.0,48584.0,19491.0,3.172434091567993,,,,,,,,,,,,,,,,,,,,,,,,,,18838.0,973.0,-29.0,432.0,-1072691705.0,227.0,-11.0,13.0,-64.0,75.0,-17.0
713,20042.0,53655.0,52391.0,57266.0,49255.0,19501.0,3.172434091567993,,,,,,,,,,,,,,,,,,,,,,,,,,18848.0,975.0,-29.0,432.0,-1072691705.0,227.0,-12.0,13.0,-72.0,79.0,-6.0
714,20052.0,53619.0,52633.0,57263.0,49093.0,19511.0,3.172434091567993,,,,,,,,,,,,,,,,,,,,,,,,,,18858.0,975.0,-28.0,432.0,-1072692729.0,223.0,-10.0,12.0,-75.0,93.0,-4.0
715,20102.0,53778.0,52528.0,56907.0,48992.0,19521.0,3.172434091567993,,,,,,,,,,,,,,,,,,,,,,,,,,18868.0,979.0,-28.0,432.0,-1072692729.0,225.0,-9.0,7.0,-80.0,74.0,2.0
716,20112.0,53885.0,52515.0,56723.0,48855.0,19581.0,3.1777126789093018,,,,,,,,,,,,,,,,,,,,,,,,,,18888.0,986.0,-28.0,432.0,-536346105.0,231.0,-10.0,4.0,-61.0,47.0,12.0
717,20122.0,53308.0,52592.0,57261.0,48845.0,19591.0,3.1829912662506104,,,,,,,,,,,,,,,,,,,,,,,,,,18898.0,988.0,-29.0,432.0,-536346105.0,230.0,-11.0,3.0,-26.0,48.0,20.0
718,20162.0,52978.0,52117.0,57054.0,48621.0,19601.0,3.1829912662506104,,,,,,,,,,,,,,,,,,,,,,,,,,18908.0,989.0,-30.0,430.0,-536345081.0,227.0,-12.0,-4.0,-25.0,34.0,16.0
719,20172.0,53132.0,52134.0,56959.0,48588.0,19611.0,3.1829912662506104,,,,,,,,,,,,,,,,,,,,,,,,,,18918.0,994.0,-30.0,430.0,-536345081.0,232.0,-12.0,-5.0,14.0,27.0,12.0
720,20182.0,53677.0,53019.0,56523.0,47819.0,19641.0,3.188269853591919,,,,,,,,,,,,,,,,,,,,,,,,,,18938.0,999.0,-30.0,430.0,-536345081.0,233.0,-12.0,-9.0,42.0,17.0,1.0
721,20202.0,52828.0,51421.0,56988.0,49440.0,19651.0,3.188269853591919,,,,,,,,,,,,,,,,,,,,,,,,,,18958.0,999.0,-31.0,431.0,-1073215994.0,223.0,-13.0,-6.0,32.0,26.0,5.0
722,20262.0,53491.0,51851.0,56453.0,48287.0,19661.0,3.188269853591919,,,,,,,,,,,,,,,,,,,,,,,,,,18968.0,1002.0,-31.0,431.0,-1073215994.0,224.0,-13.0,-7.0,-9.0,32.0,4.0
723,20272.0,53481.0,51399.0,56350.0,48853.0,19671.0,3.188269853591919,,,,,,,,,,,,,,,,,,,,,,,,,,18978.0,1005.0,-31.0,431.0,-1073215994.0,225.0,-12.0,-7.0,-72.0,19.0,11.0
724,20282.0,53333.0,52523.0,56273.0,47947.0,19691.0,3.188269853591919,,,,,,,,,,,,,,,,,,,,,,,,,,18988.0,1007.0,-31.0,431.0,-536345082.0,224.0,-12.0,-6.0,-42.0,73.0,16.0
725,20312.0,52835.0,52550.0,56944.0,47890.0,19721.0,3.188269853591919,,,,,,,,,,,,,,,,,,,,,,,,,,19018.0,1014.0,-31.0,431.0,-535295482.0,224.0,-11.0,-1.0,-82.0,67.0,19.0
726,20322.0,52830.0,52452.0,56951.0,47894.0,19731.0,3.188269853591919,,,,,,,,,,,,,,,,,,,,,,,,,,19028.0,1016.0,-31.0,431.0,-535295482.0,223.0,-10.0,0.0,-30.0,40.0,22.0
727,20332.0,52730.0,51892.0,57030.0,48461.0,19741.0,3.188269853591919,,,,,,,,,,,,,,,,,,,,,,,,,,19038.0,1018.0,-31.0,432.0,-535295482.0,222.0,-9.0,2.0,-41.0,49.0,32.0
728,20392.0,53030.0,51685.0,56650.0,48798.0,19751.0,3.188269853591919,,,,,,,,,,,,,,,,,,,,,,,,,,19048.0,1020.0,-31.0,432.0,-535294458.0,221.0,-10.0,2.0,-15.0,13.0,35.0
729,20412.0,53124.0,52642.0,56483.0,47662.0,19761.0,3.1829912662506104,,,,,,,,,,,,,,,,,,,,,,,,,,19078.0,1029.0,-31.0,432.0,-535295482.0,224.0,-9.0,7.0,36.0,-32.0,22.0
730,20422.0,53352.0,52139.0,56585.0,48563.0,19771.0,3.1829912662506104,,,,,,,,,,,,,,,,,,,,,,,,,,19088.0,1031.0,-32.0,432.0,-535295482.0,221.0,-9.0,5.0,13.0,-33.0,24.0
731,20432.0,53246.0,52439.0,56724.0,48236.0,19791.0,3.1777126789093018,,,,,,,,,,,,,,,,,,,,,,,,,,19148.0,1047.0,-31.0,433.0,-535295483.0,224.0,-5.0,2.0,-3.0,19.0,35.0
732,20462.0,53421.0,52510.0,56635.0,48421.0,19801.0,3.172434091567993,,,,,,,,,,,,,,,,,,,,,,,,,,19168.0,1050.0,-32.0,431.0,-535295483.0,220.0,-5.0,-10.0,20.0,11.0,32.0
733,20472.0,53591.0,52696.0,56448.0,48205.0,19811.0,3.172434091567993,,,,,,,,,,,,,,,,,,,,,,,,,,19188.0,1056.0,-32.0,431.0,-535295483.0,223.0,-5.0,-11.0,46.0,-15.0,9.0
734,20482.0,53329.0,52212.0,56847.0,49032.0,19821.0,3.172434091567993,,,,,,,,,,,,,,,,,,,,,,,,,,19208.0,1062.0,-31.0,430.0,-535295483.0,224.0,-2.0,-15.0,24.0,-68.0,-7.0
735,20492.0,53459.0,52719.0,56768.0,48507.0,19851.0,3.1671555042266846,,,,,,,,,,,,,,,,,,,,,,,,,,19228.0,1064.0,-32.0,430.0,-536345083.0,220.0,-3.0,-16.0,96.0,-15.0,-3.0
736,20502.0,53161.0,52773.0,57049.0,48519.0,19861.0,3.1671555042266846,,,,,,,,,,,,,,,,,,,,,,,,,,19238.0,1065.0,-32.0,430.0,-1073215995.0,216.0,-3.0,-16.0,60.0,-35.0,1.0
737,20532.0,53459.0,52994.0,56789.0,48057.0,19871.0,3.1671555042266846,,,,,,,,,,,,,,,,,,,,,,,,,,19248.0,1069.0,-32.0,429.0,-1073215995.0,220.0,-4.0,-20.0,89.0,-33.0,1.0
738,20542.0,53290.0,52605.0,56879.0,48477.0,19881.0,3.1671555042266846,,,,,,,,,,,,,,,,,,,,,,,,,,19268.0,1074.0,-32.0,429.0,-1072167419.0,221.0,-4.0,-22.0,60.0,-40.0,7.0
739,20552.0,53270.0,52024.0,57028.0,49186.0,19891.0,3.1671555042266846,,,,,,,,,,,,,,,,,,,,,,,,,,19298.0,1079.0,-31.0,429.0,-1072167420.0,218.0,-2.0,-14.0,-40.0,-10.0,19.0
740,20592.0,53470.0,52693.0,56577.0,48216.0,19911.0,3.1671555042266846,,,,,,,,,,,,,,,,,,,,,,,,,,19308.0,1083.0,-31.0,429.0,-1072168444.0,219.0,-2.0,-13.0,-56.0,19.0,29.0
741,20602.0,53502.0,52445.0,56627.0,48473.0,19921.0,3.161876916885376,,,,,,,,,,,,,,,,,,,,,,,,,,19318.0,1084.0,-31.0,429.0,-1072167420.0,217.0,-3.0,-13.0,-72.0,65.0,28.0
742,20612.0,53386.0,52361.0,56735.0,48655.0,19931.0,3.161876916885376,,,,,,,,,,,,,,,,,,,,,,,,,,19328.0,1088.0,-32.0,429.0,-1072167420.0,221.0,-5.0,-14.0,-97.0,77.0,33.0
743,20622.0,53266.0,52740.0,56836.0,48218.0,19941.0,3.161876916885376,,,,,,,,,,,,,,,,,,,,,,,,,,19368.0,1094.0,-31.0,427.0,-535295484.0,214.0,-3.0,-20.0,-4.0,14.0,34.0
744,20642.0,53464.0,52101.0,56915.0,49213.0,19971.0,3.161876916885376,,,,,,,,,,,,,,,,,,,,,,,,,,19378.0,1097.0,-31.0,427.0,-535295484.0,215.0,-3.0,-18.0,24.0,31.0,32.0
745,20652.0,53338.0,52085.0,57017.0,49382.0,19981.0,3.161876916885376,,,,,,,,,,,,,,,,,,,,,,,,,,19388.0,1099.0,-31.0,427.0,-535295485.0,216.0,-3.0,-18.0,18.0,-46.0,18.0
746,20662.0,53359.0,52308.0,56949.0,49077.0,19991.0,3.161876916885376,,,,,,,,,,,,,,,,,,,,,,,,,,19428.0,1110.0,-32.0,426.0,-536345085.0,217.0,-4.0,-17.0,22.0,-46.0,13.0
747,20672.0,53263.0,53041.0,57093.0,48414.0,20001.0,3.161876916885376,,,,,,,,,,,,,,,,,,,,,,,,,,19438.0,1112.0,-32.0,426.0,-1073215997.0,216.0,-4.0,-17.0,19.0,-43.0,20.0
748,20712.0,53806.0,52714.0,56785.0,48736.0,20031.0,3.161876916885376,,,,,,,,,,,,,,,,,,,,,,,,,,19448.0,1111.0,-32.0,425.0,-1073215997.0,210.0,-4.0,-16.0,21.0,-39.0,19.0
749,20722.0,53417.0,53131.0,57179.0,48508.0,20041.0,3.161876916885376,,,,,,,,,,,,,,,,,,,,,,,,,,19458.0,1113.0,-33.0,425.0,-1073215997.0,210.0,-4.0,-13.0,3.0,-54.0,13.0
750,20732.0,53810.0,52668.0,56826.0,49145.0,20051.0,3.161876916885376,,,,,,,,,,,,,,,,,,,,,,,,,,19468.0,1118.0,-34.0,425.0,-1073215997.0,216.0,-6.0,-10.0,12.0,-52.0,13.0
751,20742.0,53614.0,53367.0,57050.0,48134.0,20061.0,3.161876916885376,,,,,,,,,,,,,,,,,,,,,,,,,,19478.0,1120.0,-33.0,425.0,-1073215997.0,214.0,-5.0,-11.0,14.0,-43.0,6.0
752,20772.0,53402.0,53327.0,57481.0,48431.0,20101.0,3.1671555042266846,,,,,,,,,,,,,,,,,,,,,,,,,,19498.0,1123.0,-33.0,425.0,-1073217021.0,212.0,-5.0,-11.0,-2.0,5.0,15.0
753,20782.0,53605.0,52872.0,57132.0,48870.0,20111.0,3.1671555042266846,,,,,,,,,,,,,,,,,,,,,,,,,,19508.0,1124.0,-34.0,425.0,-1073217021.0,210.0,-7.0,-8.0,-12.0,43.0,16.0
754,20792.0,53997.0,52131.0,57022.0,49820.0,20121.0,3.161876916885376,,,,,,,,,,,,,,,,,,,,,,,,,,19518.0,1127.0,-34.0,425.0,-1073215997.0,212.0,-6.0,-6.0,-7.0,38.0,12.0
755,20802.0,53588.0,53056.0,57343.0,48825.0,20131.0,3.1671555042266846,,,,,,,,,,,,,,,,,,,,,,,,,,19528.0,1130.0,-34.0,425.0,-1073215997.0,213.0,-6.0,-3.0,-7.0,34.0,8.0
756,20822.0,53679.0,52877.0,57127.0,48899.0,20161.0,3.172434091567993,,,,,,,,,,,,,,,,,,,,,,,,,,19548.0,1132.0,-33.0,425.0,-536345086.0,208.0,-5.0,0.0,-32.0,-22.0,3.0
757,20832.0,53680.0,52835.0,57064.0,48903.0,20171.0,3.172434091567993,,,,,,,,,,,,,,,,,,,,,,,,,,19568.0,1136.0,-33.0,426.0,-536345086.0,208.0,-5.0,13.0,-32.0,-36.0,0.0
758,20842.0,53727.0,53064.0,56921.0,48599.0,20181.0,3.1671555042266846,,,,,,,,,,,,,,,,,,,,,,,,,,19578.0,1139.0,-33.0,427.0,-536345086.0,208.0,-5.0,12.0,-7.0,-49.0,9.0
759,20852.0,53841.0,53682.0,56739.0,47912.0,20261.0,3.172434091567993,,,,,,,,,,,,,,,,,,,,,,,,,,19588.0,1141.0,-33.0,427.0,-536346110.0,208.0,-4.0,12.0,18.0,-21.0,2.0
760,20872.0,53530.0,52546.0,56882.0,49018.0,20271.0,3.172434091567993,,,,,,,,,,,,,,,,,,,,,,,,,,19598.0,1138.0,-33.0,429.0,-536345086.0,198.0,-5.0,22.0,-13.0,-38.0,6.0
761,20882.0,53564.0,52508.0,56865.0,49149.0,20281.0,3.172434091567993,,,,,,,,,,,,,,,,,,,,,,,,,,19608.0,1143.0,-33.0,429.0,-536346110.0,204.0,-5.0,23.0,15.0,-36.0,10.0
762,20892.0,53685.0,52635.0,56699.0,49045.0,20311.0,3.172434091567993,,,,,,,,,,,,,,,,,,,,,,,,,,19618.0,1147.0,-34.0,429.0,-536346110.0,208.0,-6.0,25.0,8.0,-55.0,11.0
763,20902.0,53768.0,52393.0,56735.0,49401.0,20321.0,3.172434091567993,,,,,,,,,,,,,,,,,,,,,,,,,,19648.0,1153.0,-35.0,430.0,-1073740286.0,208.0,-7.0,26.0,37.0,-70.0,-5.0
764,20942.0,54020.0,53205.0,56125.0,48317.0,20331.0,3.172434091567993,,,,,,,,,,,,,,,,,,,,,,,,,,19658.0,1156.0,-35.0,430.0,-1073740286.0,208.0,-7.0,25.0,12.0,-41.0,-8.0
765,20952.0,53627.0,53068.0,56489.0,48385.0,20341.0,3.172434091567993,,,,,,,,,,,,,,,,,,,,,,,,,,19668.0,1153.0,-35.0,430.0,-1073740286.0,200.0,-7.0,23.0,1.0,-14.0,-7.0
766,20962.0,53288.0,53557.0,56804.0,47822.0,20351.0,3.172434091567993,,,,,,,,,,,,,,,,,,,,,,,,,,19678.0,1155.0,-35.0,431.0,-1073740286.0,200.0,-7.0,22.0,-51.0,-16.0,-5.0
767,20992.0,53990.0,53286.0,56151.0,48284.0,20411.0,3.1777126789093018,,,,,,,,,,,,,,,,,,,,,,,,,,19738.0,1168.0,-35.0,433.0,-536869374.0,204.0,-6.0,14.0,22.0,-28.0,2.0
768,21002.0,53748.0,52813.0,56349.0,48833.0,20421.0,3.172434091567993,,,,,,,,,,,,,,,,,,,,,,,,,,19748.0,1171.0,-35.0,433.0,-536868350.0,204.0,-6.0,14.0,-4.0,-26.0,-6.0
769,21012.0,53657.0,53270.0,56440.0,48447.0,20431.0,3.172434091567993,,,,,,,,,,,,,,,,,,,,,,,,,,19758.0,1170.0,-36.0,433.0,-536869374.0,199.0,-9.0,11.0,17.0,0.0,-1.0
770,21082.0,52581.0,52044.0,57147.0,48955.0,20461.0,3.172434091567993,,,,,,,,,,,,,,,,,,,,,,,,,,19788.0,1179.0,-37.0,431.0,-1073739262.0,207.0,-9.0,-3.0,8.0,-8.0,6.0
771,21092.0,52449.0,52449.0,57343.0,48703.0,20471.0,3.172434091567993,,,,,,,,,,,,,,,,,,,,,,,,,,19798.0,1181.0,-37.0,431.0,-1073739262.0,206.0,-9.0,-4.0,2.0,0.0,9.0
772,21102.0,52642.0,52796.0,57220.0,48409.0,20481.0,3.1671555042266846,,,,,,,,,,,,,,,,,,,,,,,,,,19808.0,1183.0,-37.0,430.0,-1073739262.0,207.0,-9.0,-11.0,0.0,-3.0,6.0
773,21142.0,53092.0,52350.0,57091.0,48905.0,20491.0,3.1671555042266846,,,,,,,,,,,,,,,,,,,,,,,,,,19818.0,1180.0,-38.0,430.0,-1073740286.0,198.0,-11.0,-11.0,-8.0,-31.0,3.0
774,21152.0,53537.0,53562.0,56710.0,47575.0,20531.0,3.1671555042266846,,,,,,,,,,,,,,,,,,,,,,,,,,19858.0,1193.0,-37.0,429.0,-536868350.0,209.0,-8.0,-14.0,-68.0,-31.0,2.0
775,21162.0,53737.0,52707.0,56885.0,49005.0,20541.0,3.1671555042266846,,,,,,,,,,,,,,,,,,,,,,,,,,19868.0,1195.0,-37.0,429.0,-535819774.0,208.0,-8.0,-15.0,-59.0,-7.0,2.0
776,21192.0,53734.0,53205.0,56823.0,48658.0,20551.0,3.161876916885376,,,,,,,,,,,,,,,,,,,,,,,,,,19878.0,1196.0,-37.0,429.0,-535819774.0,207.0,-7.0,-16.0,-24.0,21.0,7.0
777,21202.0,53257.0,52399.0,57266.0,49551.0,20561.0,3.1671555042266846,,,,,,,,,,,,,,,,,,,,,,,,,,19918.0,1205.0,-38.0,428.0,-536868350.0,212.0,-8.0,-20.0,28.0,3.0,7.0
778,21212.0,52246.0,52447.0,57822.0,49178.0,20591.0,3.1671555042266846,,,,,,,,,,,,,,,,,,,,,,,,,,19928.0,1207.0,-37.0,427.0,-536868350.0,212.0,-6.0,-19.0,66.0,2.0,0.0
779,21252.0,52599.0,52416.0,57403.0,48652.0,20601.0,3.1671555042266846,,,,,,,,,,,,,,,,,,,,,,,,,,19938.0,1209.0,-38.0,427.0,-536868350.0,212.0,-7.0,-22.0,35.0,4.0,2.0
780,21262.0,52858.0,51529.0,57217.0,49692.0,20611.0,3.1671555042266846,,,,,,,,,,,,,,,,,,,,,,,,,,19948.0,1212.0,-38.0,426.0,-536868350.0,213.0,-7.0,-23.0,0.0,5.0,-3.0
781,21272.0,53204.0,52691.0,56957.0,48405.0,20621.0,3.1671555042266846,,,,,,,,,,,,,,,,,,,,,,,,,,19958.0,1210.0,-37.0,426.0,-536869374.0,206.0,-6.0,-23.0,-8.0,3.0,11.0
782,21312.0,52664.0,52032.0,57041.0,49395.0,20651.0,3.1671555042266846,,,,,,,,,,,,,,,,,,,,,,,,,,19968.0,1214.0,-37.0,426.0,-536869374.0,210.0,-6.0,-23.0,-37.0,23.0,6.0
783,21322.0,52953.0,53558.0,56810.0,47556.0,20661.0,3.1671555042266846,,,,,,,,,,,,,,,,,,,,,,,,,,19978.0,1218.0,-37.0,426.0,-536869374.0,213.0,-6.0,-22.0,-11.0,19.0,13.0
784,21332.0,52958.0,52801.0,56791.0,48383.0,20671.0,3.161876916885376,,,,,,,,,,,,,,,,,,,,,,,,,,19988.0,1220.0,-37.0,425.0,-536869374.0,213.0,-5.0,-24.0,-13.0,21.0,7.0
785,21372.0,52971.0,52843.0,56741.0,48387.0,20681.0,3.161876916885376,,,,,,,,,,,,,,,,,,,,,,,,,,19998.0,1222.0,-38.0,425.0,-536869374.0,213.0,-7.0,-24.0,8.0,19.0,3.0
786,21382.0,52825.0,52298.0,56576.0,48560.0,20711.0,3.161876916885376,,,,,,,,,,,,,,,,,,,,,,,,,,20008.0,1224.0,-38.0,424.0,-536869374.0,214.0,-7.0,-25.0,14.0,8.0,3.0
787,21392.0,52616.0,52325.0,56713.0,48561.0,20721.0,3.161876916885376,,,,,,,,,,,,,,,,,,,,,,,,,,20018.0,1224.0,-38.0,424.0,-536869374.0,210.0,-7.0,-26.0,13.0,16.0,2.0
788,21402.0,52416.0,52406.0,56792.0,48579.0,20731.0,3.161876916885376,,,,,,,,,,,,,,,,,,,,,,,,,,20038.0,1228.0,-38.0,425.0,-536869374.0,211.0,-6.0,-18.0,15.0,18.0,-4.0
789,21492.0,52040.0,52217.0,56725.0,49046.0,20741.0,3.161876916885376,,,,,,,,,,,,,,,,,,,,,,,,,,20048.0,1231.0,-39.0,425.0,-536869374.0,213.0,-6.0,-18.0,4.0,6.0,-2.0
790,21502.0,52062.0,52315.0,56711.0,49133.0,20771.0,3.1565983295440674,,,,,,,,,,,,,,,,,,,,,,,,,,20058.0,1235.0,-39.0,424.0,-536869374.0,216.0,-6.0,-18.0,13.0,17.0,-1.0
791,21512.0,53074.0,52582.0,56075.0,48944.0,20781.0,3.161876916885376,,,,,,,,,,,,,,,,,,,,,,,,,,20078.0,1238.0,-39.0,425.0,-536869374.0,214.0,-6.0,-15.0,18.0,17.0,0.0
792,21562.0,53106.0,52952.0,56418.0,48945.0,20791.0,3.1565983295440674,,,,,,,,,,,,,,,,,,,,,,,,,,20098.0,1240.0,-39.0,425.0,-1073740286.0,211.0,-6.0,-14.0,46.0,21.0,-4.0
793,21572.0,52937.0,53438.0,56544.0,48573.0,20821.0,3.1565983295440674,,,,,,,,,,,,,,,,,,,,,,,,,,20108.0,1245.0,-39.0,424.0,-1073740286.0,216.0,-7.0,-10.0,42.0,26.0,-8.0
794,21582.0,53086.0,52622.0,56693.0,49717.0,20831.0,3.1565983295440674,,,,,,,,,,,,,,,,,,,,,,,,,,20118.0,1248.0,-39.0,425.0,-1073740286.0,218.0,-7.0,-7.0,9.0,7.0,-7.0
795,21652.0,53696.0,53085.0,56630.0,49908.0,20841.0,3.1565983295440674,,,,,,,,,,,,,,,,,,,,,,,,,,20128.0,1250.0,-40.0,425.0,-1073740286.0,218.0,-7.0,-4.0,-15.0,4.0,-13.0
796,21662.0,53836.0,52648.0,56688.0,50715.0,20881.0,3.161876916885376,,,,,,,,,,,,,,,,,,,,,,,,,,20158.0,1256.0,-41.0,425.0,-1073741310.0,218.0,-10.0,0.0,-20.0,43.0,0.0
797,21672.0,54197.0,52898.0,56422.0,50507.0,20891.0,3.161876916885376,,,,,,,,,,,,,,,,,,,,,,,,,,20168.0,1259.0,-41.0,425.0,-1073741310.0,219.0,-10.0,2.0,-18.0,45.0,2.0
798,21722.0,53927.0,54469.0,55969.0,49682.0,20901.0,3.161876916885376,,,,,,,,,,,,,,,,,,,,,,,,,,20178.0,1261.0,-41.0,425.0,-1073741310.0,219.0,-10.0,4.0,-14.0,29.0,-6.0
799,21732.0,53905.0,54261.0,56503.0,49124.0,20941.0,3.161876916885376,,,,,,,,,,,,,,,,,,,,,,,,,,20188.0,1259.0,-43.0,425.0,-1073217022.0,211.0,-13.0,4.0,2.0,15.0,3.0
800,21742.0,52867.0,54627.0,56810.0,49335.0,20951.0,3.161876916885376,,,,,,,,,,,,,,,,,,,,,,,,,,20218.0,1265.0,-42.0,424.0,-1073215998.0,209.0,-11.0,4.0,-14.0,16.0,-5.0
801,21802.0,52133.0,53282.0,57582.0,49681.0,20961.0,3.161876916885376,,,,,,,,,,,,,,,,,,,,,,,,,,20248.0,1276.0,-43.0,425.0,-1073215998.0,217.0,-12.0,12.0,20.0,17.0,5.0
802,21812.0,52891.0,53748.0,56995.0,48802.0,20991.0,3.161876916885376,,,,,,,,,,,,,,,,,,,,,,,,,,20258.0,1277.0,-43.0,425.0,-1073215998.0,214.0,-12.0,14.0,37.0,12.0,5.0
803,21822.0,53137.0,52628.0,56830.0,49974.0,21001.0,3.161876916885376,,,,,,,,,,,,,,,,,,,,,,,,,,20268.0,1278.0,-43.0,426.0,-1073215998.0,212.0,-12.0,15.0,18.0,-19.0,4.0
804,21882.0,53557.0,53301.0,56215.0,48557.0,21011.0,3.161876916885376,,,,,,,,,,,,,,,,,,,,,,,,,,20278.0,1280.0,-43.0,426.0,-1073215998.0,212.0,-12.0,14.0,-17.0,-38.0,-9.0
805,21892.0,52921.0,52114.0,56557.0,49744.0,21021.0,3.1565983295440674,,,,,,,,,,,,,,,,,,,,,,,,,,20288.0,1283.0,-43.0,425.0,-1073215998.0,214.0,-12.0,11.0,36.0,-1.0,-10.0
806,21902.0,52760.0,53184.0,56679.0,48386.0,21081.0,3.172434091567993,,,,,,,,,,,,,,,,,,,,,,,,,,20308.0,1288.0,-43.0,426.0,-1073215998.0,215.0,-12.0,9.0,5.0,6.0,0.0
807,21912.0,52617.0,52906.0,56848.0,48748.0,21091.0,3.1671555042266846,,,,,,,,,,,,,,,,,,,,,,,,,,20318.0,1291.0,-43.0,426.0,-1072167422.0,215.0,-12.0,11.0,-23.0,11.0,0.0
808,21962.0,53606.0,53480.0,56108.0,48597.0,21101.0,3.1671555042266846,,,,,,,,,,,,,,,,,,,,,,,,,,20328.0,1293.0,-43.0,426.0,-1073215998.0,215.0,-12.0,15.0,3.0,33.0,5.0
809,21972.0,53689.0,53128.0,56080.0,49037.0,21111.0,3.1671555042266846,,,,,,,,,,,,,,,,,,,,,,,,,,20338.0,1294.0,-43.0,427.0,-1073215998.0,213.0,-12.0,16.0,-25.0,47.0,4.0
810,21982.0,53326.0,52901.0,56395.0,49130.0,21131.0,3.1671555042266846,,,,,,,,,,,,,,,,,,,,,,,,,,20378.0,1305.0,-44.0,425.0,-1073215998.0,217.0,-13.0,8.0,-14.0,-9.0,0.0
811,22072.0,53196.0,53635.0,56536.0,47826.0,21141.0,3.1671555042266846,,,,,,,,,,,,,,,,,,,,,,,,,,20408.0,1310.0,-44.0,426.0,-1073215998.0,212.0,-12.0,9.0,13.0,14.0,-15.0
812,22082.0,53307.0,53568.0,56515.0,48233.0,21151.0,3.1671555042266846,,,,,,,,,,,,,,,,,,,,,,,,,,20418.0,1310.0,-44.0,425.0,-1073215998.0,208.0,-12.0,5.0,40.0,40.0,-10.0
813,22092.0,53242.0,53658.0,56466.0,48215.0,21161.0,3.161876916885376,,,,,,,,,,,,,,,,,,,,,,,,,,20428.0,1313.0,-44.0,425.0,-1073215998.0,209.0,-12.0,4.0,33.0,16.0,-9.0
814,22152.0,51990.0,53151.0,57315.0,49555.0,21171.0,3.161876916885376,,,,,,,,,,,,,,,,,,,,,,,,,,20438.0,1315.0,-45.0,425.0,-1073215998.0,210.0,-13.0,3.0,-2.0,-11.0,-15.0
815,22162.0,52815.0,53033.0,56677.0,49741.0,21191.0,3.161876916885376,,,,,,,,,,,,,,,,,,,,,,,,,,20468.0,1322.0,-45.0,425.0,-1073215997.0,209.0,-14.0,0.0,8.0,-16.0,-10.0
816,22172.0,52708.0,53386.0,56945.0,49605.0,21201.0,3.161876916885376,,,,,,,,,,,,,,,,,,,,,,,,,,20478.0,1323.0,-45.0,425.0,-1073215997.0,208.0,-14.0,-1.0,-6.0,-31.0,-7.0
817,22232.0,53961.0,54470.0,55985.0,48998.0,21211.0,3.161876916885376,,,,,,,,,,,,,,,,,,,,,,,,,,20488.0,1325.0,-45.0,425.0,-1073215997.0,206.0,-13.0,-2.0,-1.0,-1.0,-22.0
818,22242.0,53756.0,54224.0,56193.0,49373.0,21231.0,3.1671555042266846,,,,,,,,,,,,,,,,,,,,,,,,,,20528.0,1336.0,-45.0,426.0,-1073215997.0,210.0,-13.0,-1.0,-17.0,27.0,-4.0
819,22252.0,53473.0,53899.0,56443.0,49807.0,21251.0,3.1671555042266846,,,,,,,,,,,,,,,,,,,,,,,,,,20538.0,1337.0,-46.0,426.0,-1073215997.0,208.0,-14.0,0.0,2.0,33.0,-11.0
820,22302.0,53208.0,53651.0,56770.0,50246.0,21261.0,3.1671555042266846,,,,,,,,,,,,,,,,,,,,,,,,,,20548.0,1338.0,-46.0,426.0,-1073215997.0,205.0,-14.0,2.0,-27.0,0.0,-8.0
821,22312.0,52975.0,54395.0,57064.0,49258.0,21271.0,3.1671555042266846,,,,,,,,,,,,,,,,,,,,,,,,,,20558.0,1341.0,-46.0,426.0,-1073215997.0,207.0,-14.0,0.0,-47.0,4.0,-4.0
822,22322.0,52824.0,54047.0,57138.0,49622.0,21281.0,3.1671555042266846,,,,,,,,,,,,,,,,,,,,,,,,,,20568.0,1344.0,-46.0,426.0,-536345085.0,208.0,-13.0,0.0,-17.0,46.0,-6.0
823,22332.0,52802.0,53364.0,56937.0,50166.0,21311.0,3.1671555042266846,,,,,,,,,,,,,,,,,,,,,,,,,,20588.0,1349.0,-47.0,427.0,-536344061.0,210.0,-14.0,4.0,13.0,35.0,-6.0
824,22392.0,53809.0,53515.0,56319.0,49676.0,21321.0,3.1671555042266846,,,,,,,,,,,,,,,,,,,,,,,,,,20598.0,1351.0,-48.0,427.0,-1073214973.0,210.0,-16.0,4.0,14.0,23.0,-6.0
825,22402.0,54331.0,53964.0,55812.0,49191.0,21331.0,3.1671555042266846,,,,,,,,,,,,,,,,,,,,,,,,,,20608.0,1352.0,-48.0,427.0,-1073214973.0,207.0,-16.0,2.0,11.0,29.0,-9.0
826,22412.0,54120.0,54224.0,56172.0,48908.0,21371.0,3.1671555042266846,,,,,,,,,,,,,,,,,,,,,,,,,,20618.0,1354.0,-48.0,427.0,-1073214973.0,205.0,-16.0,2.0,0.0,15.0,-6.0
827,22422.0,54964.0,54527.0,55538.0,48801.0,21381.0,3.1671555042266846,,,,,,,,,,,,,,,,,,,,,,,,,,20648.0,1362.0,-49.0,425.0,-536344061.0,207.0,-16.0,-5.0,-52.0,-54.0,0.0
828,22492.0,52893.0,53530.0,57053.0,49124.0,21391.0,3.1671555042266846,,,,,,,,,,,,,,,,,,,,,,,,,,20658.0,1365.0,-49.0,425.0,-536344061.0,209.0,-15.0,-3.0,-46.0,-33.0,-2.0
829,22502.0,52877.0,53022.0,57101.0,49305.0,21401.0,3.1671555042266846,,,,,,,,,,,,,,,,,,,,,,,,,,20668.0,1367.0,-49.0,425.0,-535296509.0,209.0,-15.0,-2.0,-34.0,-32.0,-15.0
830,22512.0,53342.0,52903.0,56689.0,49347.0,21481.0,3.172434091567993,,,,,,,,,,,,,,,,,,,,,,,,,,20678.0,1364.0,-51.0,425.0,-536344061.0,199.0,-20.0,0.0,-21.0,-5.0,-13.0
831,22582.0,54582.0,52744.0,54530.0,48787.0,21491.0,3.172434091567993,,,,,,,,,,,,,,,,,,,,,,,,,,20708.0,1372.0,-52.0,425.0,-536344061.0,200.0,-19.0,-3.0,15.0,-18.0,-6.0
832,22592.0,54440.0,53048.0,54704.0,48369.0,21501.0,3.172434091567993,,,,,,,,,,,,,,,,,,,,,,,,,,20718.0,1375.0,-52.0,425.0,-536345085.0,202.0,-19.0,-7.0,15.0,-31.0,-3.0
833,22602.0,54119.0,53160.0,55129.0,48417.0,21511.0,3.172434091567993,,,,,,,,,,,,,,,,,,,,,,,,,,20728.0,1376.0,-52.0,425.0,-536345085.0,200.0,-19.0,-7.0,38.0,-12.0,-6.0
834,22672.0,53255.0,52434.0,55750.0,48279.0,21521.0,3.172434091567993,,,,,,,,,,,,,,,,,,,,,,,,,,20738.0,1378.0,-52.0,424.0,-536345085.0,200.0,-19.0,-6.0,-14.0,-53.0,-5.0
835,22682.0,53178.0,52664.0,55909.0,48269.0,21561.0,3.1671555042266846,,,,,,,,,,,,,,,,,,,,,,,,,,20768.0,1384.0,-52.0,423.0,-536345085.0,198.0,-17.0,-8.0,-43.0,-37.0,-7.0
836,22692.0,53231.0,52100.0,55864.0,48770.0,21571.0,3.1671555042266846,,,,,,,,,,,,,,,,,,,,,,,,,,20778.0,1383.0,-51.0,423.0,-535296509.0,192.0,-15.0,-8.0,-35.0,-25.0,0.0
837,22752.0,54615.0,52241.0,54935.0,48570.0,21581.0,3.161876916885376,,,,,,,,,,,,,,,,,,,,,,,,,,20788.0,1386.0,-52.0,423.0,-535296509.0,194.0,-16.0,-8.0,-1.0,-14.0,1.0
838,22762.0,54775.0,51991.0,54912.0,49071.0,21591.0,3.161876916885376,,,,,,,,,,,,,,,,,,,,,,,,,,20828.0,1396.0,-53.0,424.0,-535297533.0,198.0,-15.0,-1.0,7.0,-34.0,0.0
839,22772.0,54503.0,52600.0,55407.0,48376.0,21651.0,3.1565983295440674,,,,,,,,,,,,,,,,,,,,,,,,,,20838.0,1397.0,-53.0,424.0,-535297533.0,197.0,-15.0,0.0,10.0,-32.0,-11.0
840,22822.0,53604.0,52755.0,56595.0,48120.0,21661.0,3.151319742202759,,,,,,,,,,,,,,,,,,,,,,,,,,20848.0,1399.0,-53.0,424.0,-535821821.0,195.0,-15.0,1.0,3.0,-13.0,-7.0
841,22832.0,53960.0,52784.0,56277.0,48202.0,21671.0,3.151319742202759,,,,,,,,,,,,,,,,,,,,,,,,,,20858.0,1401.0,-53.0,424.0,-535821821.0,196.0,-14.0,1.0,25.0,-5.0,-17.0
842,22842.0,54217.0,52637.0,56525.0,48540.0,21681.0,3.14604115486145,,,,,,,,,,,,,,,,,,,,,,,,,,20878.0,1407.0,-53.0,424.0,-535821820.0,200.0,-14.0,0.0,30.0,-11.0,-11.0
843,22922.0,54612.0,52300.0,56348.0,48336.0,21721.0,3.14604115486145,,,,,,,,,,,,,,,,,,,,,,,,,,20888.0,1408.0,-53.0,424.0,-535821820.0,199.0,-14.0,1.0,7.0,-18.0,-11.0
844,22932.0,54271.0,52302.0,56464.0,47928.0,21731.0,3.14604115486145,,,,,,,,,,,,,,,,,,,,,,,,,,20898.0,1409.0,-53.0,423.0,-536870396.0,197.0,-13.0,-1.0,-6.0,-15.0,-11.0
845,22942.0,54462.0,52278.0,56351.0,47782.0,21741.0,3.14604115486145,,,,,,,,,,,,,,,,,,,,,,,,,,20908.0,1411.0,-53.0,423.0,-536870396.0,198.0,-13.0,-2.0,-14.0,-17.0,-10.0
846,23002.0,53906.0,51601.0,56246.0,47604.0,21751.0,3.14604115486145,,,,,,,,,,,,,,,,,,,,,,,,,,20938.0,1418.0,-53.0,424.0,-535820796.0,199.0,-11.0,7.0,-26.0,0.0,-24.0
847,23012.0,54209.0,51546.0,56071.0,47620.0,21801.0,3.1565983295440674,,,,,,,,,,,,,,,,,,,,,,,,,,20948.0,1418.0,-55.0,424.0,-535821820.0,196.0,-15.0,7.0,3.0,8.0,-21.0
848,23022.0,53846.0,51726.0,56346.0,47424.0,21811.0,3.1565983295440674,,,,,,,,,,,,,,,,,,,,,,,,,,20958.0,1422.0,-55.0,424.0,-535820796.0,199.0,-14.0,7.0,6.0,-28.0,-20.0
849,23072.0,54096.0,51308.0,56180.0,47751.0,21821.0,3.1565983295440674,,,,,,,,,,,,,,,,,,,,,,,,,,20968.0,1425.0,-55.0,424.0,-535820796.0,202.0,-14.0,6.0,40.0,-2.0,-24.0
850,23082.0,54186.0,51541.0,56104.0,47421.0,21831.0,3.161876916885376,,,,,,,,,,,,,,,,,,,,,,,,,,20978.0,1426.0,-56.0,424.0,-536869372.0,200.0,-14.0,3.0,42.0,1.0,-20.0
851,23092.0,53888.0,51327.0,56488.0,47639.0,21881.0,3.161876916885376,,,,,,,,,,,,,,,,,,,,,,,,,,20988.0,1427.0,-56.0,424.0,-536869372.0,199.0,-14.0,6.0,5.0,-22.0,-21.0
852,23152.0,54961.0,51423.0,56428.0,47395.0,21891.0,3.1671555042266846,,,,,,,,,,,,,,,,,,,,,,,,,,20998.0,1429.0,-56.0,424.0,-536869372.0,197.0,-14.0,6.0,10.0,-16.0,-22.0
853,23162.0,54421.0,51530.0,57138.0,47490.0,21901.0,3.1671555042266846,,,,,,,,,,,,,,,,,,,,,,,,,,21008.0,1430.0,-55.0,424.0,-536869372.0,196.0,-12.0,4.0,-4.0,-7.0,-24.0
854,23172.0,54460.0,51525.0,57091.0,47647.0,21961.0,3.161876916885376,,,,,,,,,,,,,,,,,,,,,,,,,,21018.0,1433.0,-55.0,424.0,-536869371.0,198.0,-12.0,4.0,-6.0,1.0,-26.0
855,23222.0,54795.0,51565.0,57249.0,48242.0,21971.0,3.161876916885376,,,,,,,,,,,,,,,,,,,,,,,,,,21048.0,1439.0,-56.0,426.0,-536869371.0,200.0,-13.0,11.0,5.0,8.0,-4.0
856,23232.0,55218.0,51391.0,56592.0,48943.0,21981.0,3.161876916885376,,,,,,,,,,,,,,,,,,,,,,,,,,21088.0,1446.0,-57.0,425.0,-535821819.0,198.0,-14.0,9.0,-67.0,23.0,9.0
857,23242.0,54776.0,52018.0,57129.0,48395.0,21991.0,3.161876916885376,,,,,,,,,,,,,,,,,,,,,,,,,,21098.0,1448.0,-57.0,425.0,-535821819.0,198.0,-13.0,7.0,-74.0,55.0,9.0
858,23252.0,54351.0,51830.0,57511.0,48541.0,22071.0,3.1671555042266846,,,,,,,,,,,,,,,,,,,,,,,,,,21108.0,1453.0,-57.0,425.0,-535821819.0,204.0,-12.0,5.0,-101.0,36.0,7.0
859,23262.0,54430.0,52327.0,57438.0,48005.0,22081.0,3.161876916885376,,,,,,,,,,,,,,,,,,,,,,,,,,21118.0,1456.0,-57.0,425.0,-535821819.0,206.0,-13.0,5.0,-75.0,63.0,4.0
860,23322.0,54679.0,52083.0,57229.0,48400.0,22091.0,3.161876916885376,,,,,,,,,,,,,,,,,,,,,,,,,,21138.0,1457.0,-58.0,425.0,-534248955.0,201.0,-12.0,4.0,0.0,34.0,14.0
861,23332.0,54763.0,52326.0,57144.0,48172.0,22101.0,3.161876916885376,,,,,,,,,,,,,,,,,,,,,,,,,,21148.0,1459.0,-58.0,426.0,-534248955.0,201.0,-12.0,3.0,-3.0,21.0,9.0
862,23342.0,54623.0,52010.0,57237.0,48555.0,22121.0,3.161876916885376,,,,,,,,,,,,,,,,,,,,,,,,,,21158.0,1463.0,-59.0,425.0,-534248956.0,204.0,-13.0,-2.0,26.0,23.0,13.0
863,23402.0,54718.0,51989.0,56663.0,48205.0,22141.0,3.161876916885376,,,,,,,,,,,,,,,,,,,,,,,,,,21168.0,1463.0,-60.0,425.0,-534247932.0,200.0,-14.0,-2.0,36.0,-6.0,9.0
864,23412.0,54816.0,51883.0,56496.0,48300.0,22151.0,3.161876916885376,,,,,,,,,,,,,,,,,,,,,,,,,,21178.0,1467.0,-59.0,425.0,-534248956.0,204.0,-12.0,-2.0,26.0,-15.0,9.0
865,23422.0,54575.0,51715.0,56645.0,48441.0,22161.0,3.161876916885376,,,,,,,,,,,,,,,,,,,,,,,,,,21188.0,1469.0,-59.0,425.0,-535297532.0,203.0,-12.0,-3.0,56.0,-8.0,-3.0
866,23432.0,54292.0,51663.0,56887.0,48429.0,22171.0,3.1565983295440674,,,,,,,,,,,,,,,,,,,,,,,,,,21198.0,1473.0,-60.0,426.0,-535297532.0,207.0,-12.0,5.0,37.0,-23.0,-1.0
867,23482.0,54017.0,52295.0,56986.0,47928.0,22181.0,3.1565983295440674,,,,,,,,,,,,,,,,,,,,,,,,,,21208.0,1475.0,-60.0,426.0,-535297532.0,207.0,-11.0,4.0,-42.0,-35.0,0.0
868,23492.0,54105.0,52108.0,56800.0,48083.0,22201.0,3.1565983295440674,,,,,,,,,,,,,,,,,,,,,,,,,,21218.0,1470.0,-60.0,426.0,-535296508.0,193.0,-12.0,5.0,-29.0,5.0,1.0
869,23502.0,53988.0,52269.0,56883.0,47871.0,22221.0,3.151319742202759,,,,,,,,,,,,,,,,,,,,,,,,,,21248.0,1478.0,-61.0,427.0,-534247932.0,197.0,-11.0,8.0,-55.0,12.0,12.0
870,23562.0,54033.0,51659.0,56373.0,48393.0,22231.0,3.151319742202759,,,,,,,,,,,,,,,,,,,,,,,,,,21258.0,1480.0,-61.0,427.0,-534247932.0,197.0,-10.0,8.0,-43.0,22.0,7.0
871,23572.0,53763.0,51405.0,56478.0,48574.0,22241.0,3.151319742202759,,,,,,,,,,,,,,,,,,,,,,,,,,21268.0,1482.0,-60.0,427.0,-534247932.0,197.0,-9.0,7.0,-53.0,0.0,11.0
872,23582.0,54062.0,52555.0,56225.0,47356.0,22251.0,3.151319742202759,,,,,,,,,,,,,,,,,,,,,,,,,,21278.0,1483.0,-61.0,428.0,-534247932.0,195.0,-9.0,7.0,0.0,-18.0,1.0
873,23592.0,54268.0,52254.0,56111.0,47790.0,22301.0,3.151319742202759,,,,,,,,,,,,,,,,,,,,,,,,,,21298.0,1488.0,-61.0,429.0,-534248956.0,197.0,-8.0,11.0,26.0,-53.0,-14.0
874,23662.0,53993.0,52077.0,56132.0,48308.0,22311.0,3.151319742202759,,,,,,,,,,,,,,,,,,,,,,,,,,21308.0,1488.0,-62.0,429.0,-534248956.0,193.0,-8.0,11.0,54.0,-8.0,-30.0
875,23672.0,53926.0,51893.0,56229.0,48482.0,22321.0,3.151319742202759,,,,,,,,,,,,,,,,,,,,,,,,,,21318.0,1490.0,-62.0,429.0,-534248956.0,193.0,-7.0,12.0,31.0,-10.0,-19.0
876,23682.0,52779.0,53622.0,57047.0,46476.0,22391.0,3.151319742202759,,,,,,,,,,,,,,,,,,,,,,,,,,21328.0,1493.0,-62.0,430.0,-534248956.0,195.0,-7.0,13.0,24.0,-4.0,-13.0
877,23742.0,53703.0,51857.0,56042.0,48245.0,22401.0,3.151319742202759,,,,,,,,,,,,,,,,,,,,,,,,,,21348.0,1497.0,-62.0,430.0,-534248956.0,194.0,-7.0,13.0,42.0,9.0,-25.0
878,23752.0,53875.0,51723.0,56030.0,48277.0,22411.0,3.151319742202759,,,,,,,,,,,,,,,,,,,,,,,,,,21368.0,1500.0,-63.0,432.0,-535297531.0,192.0,-6.0,24.0,-10.0,-12.0,-10.0
879,23822.0,53976.0,51829.0,55538.0,48048.0,22421.0,3.14604115486145,,,,,,,,,,,,,,,,,,,,,,,,,,21378.0,1502.0,-63.0,433.0,-535297531.0,192.0,-6.0,24.0,-3.0,-18.0,-15.0
880,23842.0,52818.0,52555.0,56448.0,47285.0,22491.0,3.151319742202759,,,,,,,,,,,,,,,,,,,,,,,,,,21388.0,1504.0,-63.0,433.0,-535297531.0,192.0,-5.0,24.0,4.0,-35.0,-12.0
881,23852.0,53619.0,51720.0,56016.0,48399.0,22501.0,3.151319742202759,,,,,,,,,,,,,,,,,,,,,,,,,,21398.0,1505.0,-63.0,433.0,-535297531.0,191.0,-5.0,24.0,38.0,-49.0,-20.0
882,23922.0,54352.0,51620.0,55186.0,48661.0,22511.0,3.151319742202759,,,,,,,,,,,,,,,,,,,,,,,,,,21418.0,1509.0,-64.0,434.0,-535821819.0,191.0,-5.0,27.0,39.0,-49.0,-31.0
883,23932.0,53844.0,51929.0,55948.0,48461.0,22581.0,3.1565983295440674,,,,,,,,,,,,,,,,,,,,,,,,,,21438.0,1514.0,-63.0,435.0,-535821819.0,193.0,-4.0,26.0,40.0,-58.0,-37.0
884,23942.0,53557.0,53035.0,56196.0,47327.0,22591.0,3.161876916885376,,,,,,,,,,,,,,,,,,,,,,,,,,21458.0,1519.0,-64.0,435.0,-535820795.0,196.0,-4.0,26.0,13.0,-26.0,-39.0
885,23962.0,53995.0,51605.0,56042.0,49266.0,22601.0,3.1565983295440674,,,,,,,,,,,,,,,,,,,,,,,,,,21488.0,1522.0,-61.0,436.0,-535820794.0,191.0,1.0,22.0,2.0,29.0,-39.0
886,24002.0,53718.0,52866.0,56807.0,48199.0,22611.0,3.161876916885376,,,,,,,,,,,,,,,,,,,,,,,,,,21498.0,1525.0,-61.0,436.0,-535820794.0,193.0,1.0,18.0,2.0,18.0,-42.0
887,24012.0,54199.0,52087.0,56357.0,49114.0,22671.0,3.1671555042266846,,,,,,,,,,,,,,,,,,,,,,,,,,21508.0,1527.0,-62.0,436.0,-535820794.0,193.0,0.0,15.0,10.0,12.0,-42.0
888,24022.0,53468.0,52615.0,57116.0,48680.0,22681.0,3.161876916885376,,,,,,,,,,,,,,,,,,,,,,,,,,21518.0,1530.0,-62.0,436.0,-535820794.0,195.0,0.0,13.0,40.0,-11.0,-26.0
889,24032.0,53661.0,52495.0,57012.0,48789.0,22691.0,3.161876916885376,,,,,,,,,,,,,,,,,,,,,,,,,,21528.0,1531.0,-62.0,437.0,-536869370.0,194.0,0.0,12.0,27.0,-25.0,-20.0
890,24102.0,54133.0,52466.0,56241.0,48719.0,22701.0,3.161876916885376,,,,,,,,,,,,,,,,,,,,,,,,,,21558.0,1536.0,-63.0,437.0,-1073740281.0,194.0,-1.0,8.0,36.0,-39.0,-23.0
891,24112.0,54216.0,52311.0,56238.0,48858.0,22711.0,3.161876916885376,,,,,,,,,,,,,,,,,,,,,,,,,,21568.0,1538.0,-62.0,437.0,-1073740281.0,194.0,0.0,7.0,46.0,-19.0,-30.0
892,24122.0,53504.0,52746.0,56740.0,48497.0,22731.0,3.161876916885376,,,,,,,,,,,,,,,,,,,,,,,,,,21578.0,1540.0,-62.0,437.0,-1073740281.0,193.0,0.0,5.0,66.0,-21.0,-21.0
893,24182.0,53738.0,52176.0,56696.0,49150.0,22751.0,3.161876916885376,,,,,,,,,,,,,,,,,,,,,,,,,,21588.0,1543.0,-63.0,438.0,-1072691705.0,196.0,-1.0,8.0,30.0,-12.0,-16.0
894,24192.0,53925.0,50980.0,56491.0,50440.0,22761.0,3.161876916885376,,,,,,,,,,,,,,,,,,,,,,,,,,21608.0,1548.0,-63.0,438.0,-1072691705.0,199.0,-2.0,10.0,20.0,28.0,-13.0
895,24202.0,53696.0,52004.0,56797.0,49486.0,22771.0,3.1565983295440674,,,,,,,,,,,,,,,,,,,,,,,,,,21628.0,1551.0,-62.0,436.0,-1072691705.0,198.0,-1.0,-3.0,12.0,32.0,-15.0
896,24272.0,53214.0,53017.0,56801.0,47966.0,22831.0,3.1565983295440674,,,,,,,,,,,,,,,,,,,,,,,,,,21648.0,1554.0,-62.0,436.0,-1072691705.0,196.0,0.0,-5.0,32.0,-24.0,-20.0
897,24282.0,53999.0,52339.0,56065.0,48696.0,22841.0,3.151319742202759,,,,,,,,,,,,,,,,,,,,,,,,,,21658.0,1557.0,-62.0,436.0,-1072691705.0,198.0,-1.0,-6.0,30.0,-39.0,-19.0
898,24292.0,53711.0,51883.0,56317.0,48974.0,22851.0,3.151319742202759,,,,,,,,,,,,,,,,,,,,,,,,,,21668.0,1558.0,-62.0,436.0,-1072691705.0,198.0,-1.0,-8.0,36.0,-52.0,-24.0
899,24302.0,53555.0,53056.0,56491.0,47721.0,22881.0,3.151319742202759,,,,,,,,,,,,,,,,,,,,,,,,,,21678.0,1561.0,-62.0,436.0,-1072691705.0,201.0,-2.0,-9.0,75.0,-61.0,-28.0
900,24352.0,53765.0,52148.0,56091.0,48590.0,22901.0,3.151319742202759,,,,,,,,,,,,,,,,,,,,,,,,,,21698.0,1565.0,-61.0,436.0,-1071642104.0,200.0,0.0,-10.0,92.0,-44.0,-36.0
901,24362.0,53573.0,52708.0,56068.0,47752.0,22921.0,3.151319742202759,,,,,,,,,,,,,,,,,,,,,,,,,,21728.0,1570.0,-64.0,437.0,-1070593528.0,199.0,-6.0,-2.0,78.0,18.0,-28.0
902,24372.0,54330.0,51781.0,55464.0,48809.0,22931.0,3.151319742202759,,,,,,,,,,,,,,,,,,,,,,,,,,21738.0,1572.0,-63.0,437.0,-1070593528.0,202.0,-6.0,0.0,23.0,46.0,-31.0
903,24382.0,53618.0,51428.0,56356.0,49378.0,22941.0,3.151319742202759,,,,,,,,,,,,,,,,,,,,,,,,,,21748.0,1574.0,-63.0,437.0,-1070593528.0,202.0,-7.0,0.0,-7.0,78.0,-28.0
904,24432.0,52757.0,53584.0,56776.0,46978.0,22991.0,3.1565983295440674,,,,,,,,,,,,,,,,,,,,,,,,,,21768.0,1578.0,-63.0,438.0,-1070593527.0,202.0,-8.0,5.0,-72.0,117.0,-25.0
905,24442.0,53533.0,52918.0,56140.0,47897.0,23001.0,3.161876916885376,,,,,,,,,,,,,,,,,,,,,,,,,,21798.0,1583.0,-63.0,439.0,-1071644151.0,201.0,-9.0,1.0,-69.0,79.0,-3.0
906,24452.0,52751.0,52555.0,56938.0,48620.0,23011.0,3.161876916885376,,,,,,,,,,,,,,,,,,,,,,,,,,21808.0,1583.0,-63.0,439.0,-1071119863.0,197.0,-11.0,5.0,-80.0,46.0,0.0
907,24512.0,54254.0,52696.0,55914.0,48859.0,23021.0,3.161876916885376,,,,,,,,,,,,,,,,,,,,,,,,,,21818.0,1588.0,-63.0,439.0,-1072168439.0,202.0,-10.0,6.0,-60.0,31.0,7.0
908,24522.0,54035.0,52894.0,56142.0,48708.0,23071.0,3.161876916885376,,,,,,,,,,,,,,,,,,,,,,,,,,21828.0,1591.0,-64.0,439.0,-1072168439.0,206.0,-12.0,6.0,-42.0,-3.0,14.0
909,24532.0,53575.0,52575.0,56672.0,49352.0,23081.0,3.161876916885376,,,,,,,,,,,,,,,,,,,,,,,,,,21848.0,1594.0,-64.0,440.0,-1072168439.0,203.0,-12.0,11.0,2.0,-15.0,2.0
910,24592.0,53758.0,52469.0,56354.0,48940.0,23091.0,3.161876916885376,,,,,,,,,,,,,,,,,,,,,,,,,,21868.0,1594.0,-63.0,441.0,-1072168439.0,196.0,-11.0,12.0,-22.0,-37.0,3.0
911,24602.0,54003.0,52470.0,56211.0,49262.0,23101.0,3.161876916885376,,,,,,,,,,,,,,,,,,,,,,,,,,21878.0,1598.0,-63.0,441.0,-1072692727.0,198.0,-11.0,12.0,34.0,7.0,16.0
912,24612.0,53156.0,52085.0,56877.0,49737.0,23111.0,3.161876916885376,,,,,,,,,,,,,,,,,,,,,,,,,,21898.0,1601.0,-63.0,442.0,-1072692728.0,197.0,-11.0,14.0,-60.0,-19.0,27.0
913,24702.0,53494.0,52581.0,55729.0,48430.0,23141.0,3.161876916885376,,,,,,,,,,,,,,,,,,,,,,,,,,21908.0,1604.0,-63.0,442.0,-1072692728.0,199.0,-11.0,13.0,-23.0,21.0,22.0
914,24712.0,53200.0,52489.0,56013.0,48605.0,23151.0,3.161876916885376,,,,,,,,,,,,,,,,,,,,,,,,,,21938.0,1610.0,-63.0,443.0,-1073741304.0,198.0,-9.0,14.0,-44.0,-6.0,12.0
915,24752.0,53436.0,51812.0,55768.0,49171.0,23161.0,3.1565983295440674,,,,,,,,,,,,,,,,,,,,,,,,,,21958.0,1613.0,-64.0,443.0,-536870392.0,198.0,-11.0,10.0,-3.0,-26.0,0.0
916,24762.0,52925.0,52047.0,56111.0,48761.0,23171.0,3.1565983295440674,,,,,,,,,,,,,,,,,,,,,,,,,,21968.0,1615.0,-65.0,443.0,-536870392.0,198.0,-13.0,9.0,6.0,-2.0,6.0
917,24772.0,53005.0,51893.0,56076.0,48935.0,23191.0,3.1565983295440674,,,,,,,,,,,,,,,,,,,,,,,,,,21978.0,1618.0,-65.0,444.0,-536870392.0,199.0,-13.0,11.0,0.0,-29.0,5.0
918,24782.0,53113.0,52112.0,55884.0,48528.0,23231.0,3.151319742202759,,,,,,,,,,,,,,,,,,,,,,,,,,21988.0,1621.0,-65.0,444.0,-536870392.0,201.0,-13.0,13.0,-26.0,-49.0,12.0
919,24832.0,53341.0,52295.0,55805.0,48460.0,23241.0,3.14604115486145,,,,,,,,,,,,,,,,,,,,,,,,,,22008.0,1625.0,-66.0,444.0,-536869368.0,201.0,-14.0,11.0,-27.0,5.0,12.0
920,24842.0,53136.0,51594.0,56101.0,49037.0,23251.0,3.14604115486145,,,,,,,,,,,,,,,,,,,,,,,,,,22028.0,1630.0,-66.0,445.0,-535820792.0,204.0,-13.0,13.0,-21.0,63.0,8.0
921,24852.0,53720.0,52713.0,55584.0,47790.0,23321.0,3.14604115486145,,,,,,,,,,,,,,,,,,,,,,,,,,22048.0,1629.0,-66.0,446.0,-535821816.0,195.0,-13.0,9.0,-20.0,71.0,22.0
922,24922.0,53177.0,51578.0,56090.0,48450.0,23331.0,3.14604115486145,,,,,,,,,,,,,,,,,,,,,,,,,,22068.0,1636.0,-67.0,446.0,-535297528.0,200.0,-13.0,10.0,-11.0,31.0,35.0
923,24932.0,53419.0,51132.0,55911.0,48835.0,23341.0,3.14604115486145,,,,,,,,,,,,,,,,,,,,,,,,,,22078.0,1637.0,-67.0,446.0,-535297529.0,199.0,-13.0,10.0,-5.0,16.0,19.0
924,24942.0,53364.0,51831.0,56086.0,48201.0,23351.0,3.14604115486145,,,,,,,,,,,,,,,,,,,,,,,,,,22088.0,1639.0,-67.0,446.0,-535297529.0,199.0,-12.0,11.0,-1.0,-6.0,6.0
925,24952.0,53724.0,51500.0,55763.0,48493.0,23401.0,3.151319742202759,,,,,,,,,,,,,,,,,,,,,,,,,,22098.0,1641.0,-67.0,446.0,-535297529.0,199.0,-12.0,10.0,-4.0,-18.0,-6.0
926,25002.0,54075.0,52047.0,55935.0,48120.0,23411.0,3.151319742202759,,,,,,,,,,,,,,,,,,,,,,,,,,22148.0,1654.0,-68.0,446.0,-535821816.0,203.0,-11.0,5.0,1.0,30.0,-34.0
927,25012.0,53854.0,52145.0,56178.0,48077.0,23421.0,3.151319742202759,,,,,,,,,,,,,,,,,,,,,,,,,,22158.0,1656.0,-68.0,446.0,-535821816.0,203.0,-11.0,4.0,-60.0,36.0,-35.0
928,25022.0,53997.0,51951.0,56287.0,48517.0,23431.0,3.151319742202759,,,,,,,,,,,,,,,,,,,,,,,,,,22168.0,1657.0,-68.0,446.0,-535297528.0,201.0,-10.0,3.0,-59.0,51.0,-33.0
929,25092.0,53807.0,51995.0,56505.0,48182.0,23451.0,3.1565983295440674,,,,,,,,,,,,,,,,,,,,,,,,,,22218.0,1667.0,-69.0,446.0,-535296504.0,202.0,-9.0,-2.0,72.0,0.0,-52.0
930,25102.0,54068.0,52019.0,56330.0,48150.0,23481.0,3.151319742202759,,,,,,,,,,,,,,,,,,,,,,,,,,22228.0,1670.0,-69.0,446.0,-535296503.0,202.0,-9.0,-1.0,87.0,-23.0,-47.0
931,25112.0,53635.0,51881.0,56606.0,48429.0,23491.0,3.151319742202759,,,,,,,,,,,,,,,,,,,,,,,,,,22238.0,1672.0,-69.0,446.0,-535296503.0,202.0,-8.0,-2.0,115.0,-26.0,-41.0
932,25122.0,53729.0,52196.0,56507.0,48081.0,23501.0,3.151319742202759,,,,,,,,,,,,,,,,,,,,,,,,,,22248.0,1673.0,-69.0,446.0,-535296503.0,201.0,-8.0,-3.0,114.0,-29.0,-42.0
933,25162.0,53524.0,51596.0,56423.0,48532.0,23511.0,3.151319742202759,,,,,,,,,,,,,,,,,,,,,,,,,,22258.0,1675.0,-69.0,446.0,-536345079.0,200.0,-8.0,-3.0,91.0,-43.0,-45.0
934,25172.0,53864.0,51800.0,56171.0,48215.0,23561.0,3.1565983295440674,,,,,,,,,,,,,,,,,,,,,,,,,,22278.0,1675.0,-71.0,445.0,-1072167415.0,192.0,-12.0,-6.0,14.0,-38.0,-41.0
935,25182.0,53849.0,51748.0,55888.0,48147.0,23571.0,3.1565983295440674,,,,,,,,,,,,,,,,,,,,,,,,,,22298.0,1682.0,-71.0,445.0,-1072168438.0,197.0,-10.0,-6.0,-23.0,-11.0,-27.0
936,25192.0,54012.0,51554.0,55780.0,48792.0,23581.0,3.1565983295440674,,,,,,,,,,,,,,,,,,,,,,,,,,22308.0,1683.0,-71.0,445.0,-1072168438.0,196.0,-10.0,-7.0,-8.0,20.0,-19.0
937,25222.0,53645.0,52049.0,56039.0,48182.0,23591.0,3.1565983295440674,,,,,,,,,,,,,,,,,,,,,,,,,,22318.0,1684.0,-71.0,446.0,-1072168438.0,194.0,-10.0,0.0,-43.0,17.0,-22.0
938,25242.0,53234.0,52025.0,56364.0,48275.0,23621.0,3.1565983295440674,,,,,,,,,,,,,,,,,,,,,,,,,,22328.0,1687.0,-70.0,446.0,-1073217014.0,196.0,-10.0,1.0,-29.0,56.0,-18.0
939,25252.0,53373.0,51596.0,56280.0,48640.0,23641.0,3.1565983295440674,,,,,,,,,,,,,,,,,,,,,,,,,,22348.0,1689.0,-72.0,446.0,-1073215990.0,192.0,-13.0,3.0,-27.0,50.0,-11.0
940,25262.0,53417.0,51505.0,56470.0,49066.0,23661.0,3.1565983295440674,,,,,,,,,,,,,,,,,,,,,,,,,,22368.0,1694.0,-72.0,446.0,-536345078.0,193.0,-12.0,1.0,-31.0,0.0,7.0
941,25332.0,53784.0,52126.0,56663.0,49075.0,23671.0,3.1565983295440674,,,,,,,,,,,,,,,,,,,,,,,,,,22398.0,1701.0,-73.0,446.0,-536345078.0,194.0,-13.0,1.0,8.0,-66.0,15.0
942,25342.0,54160.0,52580.0,56202.0,48588.0,23681.0,3.1565983295440674,,,,,,,,,,,,,,,,,,,,,,,,,,22408.0,1703.0,-73.0,445.0,-536345078.0,195.0,-13.0,-1.0,29.0,-109.0,19.0
943,25352.0,54345.0,53119.0,56208.0,48202.0,23701.0,3.1565983295440674,,,,,,,,,,,,,,,,,,,,,,,,,,22418.0,1705.0,-73.0,445.0,-1073217014.0,195.0,-13.0,-1.0,38.0,-105.0,18.0
944,25372.0,53844.0,52767.0,56586.0,48650.0,23721.0,3.1565983295440674,,,,,,,,,,,,,,,,,,,,,,,,,,22448.0,1709.0,-75.0,446.0,-1072691702.0,191.0,-17.0,2.0,37.0,-79.0,19.0
945,25392.0,53918.0,53206.0,56434.0,48152.0,23731.0,3.1565983295440674,,,,,,,,,,,,,,,,,,,,,,,,,,22478.0,1717.0,-76.0,446.0,-1072690679.0,195.0,-18.0,5.0,-39.0,-17.0,23.0
946,25412.0,53235.0,52845.0,56823.0,48638.0,23741.0,3.1565983295440674,,,,,,,,,,,,,,,,,,,,,,,,,,22498.0,1718.0,-75.0,446.0,-1072690679.0,191.0,-15.0,13.0,-85.0,22.0,47.0
947,25422.0,53241.0,52300.0,56546.0,48832.0,23751.0,3.1565983295440674,,,,,,,,,,,,,,,,,,,,,,,,,,22508.0,1719.0,-74.0,446.0,-1073740279.0,190.0,-14.0,14.0,-48.0,38.0,50.0
948,25432.0,53400.0,52370.0,56494.0,48706.0,23761.0,3.1565983295440674,,,,,,,,,,,,,,,,,,,,,,,,,,22518.0,1721.0,-75.0,447.0,-1073740279.0,191.0,-15.0,17.0,-40.0,22.0,48.0
949,25502.0,53479.0,52931.0,56045.0,48212.0,23781.0,3.161876916885376,,,,,,,,,,,,,,,,,,,,,,,,,,22528.0,1722.0,-76.0,447.0,-1073740279.0,189.0,-17.0,20.0,4.0,-2.0,37.0
950,25512.0,53344.0,52573.0,56216.0,48646.0,23811.0,3.161876916885376,,,,,,,,,,,,,,,,,,,,,,,,,,22548.0,1727.0,-76.0,448.0,-1073740279.0,192.0,-17.0,29.0,46.0,-130.0,28.0
951,25522.0,53323.0,51666.0,56326.0,49710.0,23821.0,3.161876916885376,,,,,,,,,,,,,,,,,,,,,,,,,,22568.0,1732.0,-79.0,449.0,-1072689656.0,195.0,-21.0,34.0,79.0,-186.0,15.0
952,25532.0,53422.0,52386.0,56262.0,49084.0,23841.0,3.161876916885376,,,,,,,,,,,,,,,,,,,,,,,,,,22588.0,1736.0,-78.0,448.0,-1072688632.0,197.0,-19.0,30.0,49.0,-162.0,12.0
953,25582.0,53789.0,53170.0,56196.0,48849.0,23851.0,3.1565983295440674,,,,,,,,,,,,,,,,,,,,,,,,,,22598.0,1738.0,-80.0,449.0,-1071640056.0,198.0,-23.0,31.0,64.0,-108.0,10.0
954,25592.0,53667.0,52672.0,56412.0,49660.0,23861.0,3.161876916885376,,,,,,,,,,,,,,,,,,,,,,,,,,22608.0,1742.0,-80.0,449.0,-1071639032.0,202.0,-24.0,31.0,30.0,-78.0,18.0
955,25602.0,53762.0,53170.0,56436.0,49017.0,23921.0,3.161876916885376,,,,,,,,,,,,,,,,,,,,,,,,,,22618.0,1742.0,-79.0,450.0,-1071639032.0,201.0,-22.0,32.0,15.0,-15.0,22.0
956,25612.0,54141.0,53641.0,56273.0,48710.0,23931.0,3.1565983295440674,,,,,,,,,,,,,,,,,,,,,,,,,,22638.0,1745.0,-80.0,451.0,-1071639032.0,201.0,-23.0,37.0,-18.0,65.0,27.0
957,25662.0,53411.0,53083.0,56867.0,49396.0,23941.0,3.1565983295440674,,,,,,,,,,,,,,,,,,,,,,,,,,22668.0,1751.0,-81.0,451.0,-1072688633.0,205.0,-26.0,34.0,-74.0,85.0,44.0
958,25672.0,53635.0,52384.0,56515.0,49849.0,23951.0,3.1565983295440674,,,,,,,,,,,,,,,,,,,,,,,,,,22678.0,1753.0,-82.0,451.0,-1072688633.0,206.0,-27.0,35.0,-96.0,68.0,33.0
959,25682.0,54155.0,52860.0,56107.0,49144.0,24001.0,3.151319742202759,,,,,,,,,,,,,,,,,,,,,,,,,,22688.0,1756.0,-81.0,452.0,-1072688633.0,208.0,-26.0,37.0,-76.0,46.0,33.0
960,25762.0,53715.0,53224.0,56177.0,48263.0,24011.0,3.151319742202759,,,,,,,,,,,,,,,,,,,,,,,,,,22698.0,1758.0,-83.0,452.0,-1072688633.0,209.0,-29.0,35.0,-64.0,29.0,38.0
961,25772.0,53702.0,53162.0,56224.0,48203.0,24021.0,3.14604115486145,,,,,,,,,,,,,,,,,,,,,,,,,,22748.0,1769.0,-85.0,453.0,-1073737210.0,215.0,-30.0,27.0,25.0,-66.0,42.0
962,25782.0,53621.0,52352.0,56324.0,49153.0,24031.0,3.14604115486145,,,,,,,,,,,,,,,,,,,,,,,,,,22758.0,1772.0,-85.0,453.0,-1073737210.0,219.0,-29.0,26.0,27.0,-28.0,40.0
963,25792.0,53842.0,52231.0,56087.0,49296.0,24101.0,3.151319742202759,,,,,,,,,,,,,,,,,,,,,,,,,,22768.0,1774.0,-85.0,453.0,-1073737210.0,219.0,-29.0,28.0,-3.0,-11.0,36.0
964,25842.0,53853.0,52824.0,56632.0,48533.0,24111.0,3.151319742202759,,,,,,,,,,,,,,,,,,,,,,,,,,22778.0,1775.0,-86.0,453.0,-1072688634.0,218.0,-31.0,28.0,-29.0,9.0,42.0
965,25852.0,53668.0,53390.0,56842.0,47841.0,24121.0,3.151319742202759,,,,,,,,,,,,,,,,,,,,,,,,,,22788.0,1778.0,-86.0,454.0,-1073737210.0,221.0,-30.0,28.0,-49.0,24.0,46.0
966,25862.0,53489.0,53686.0,57069.0,47428.0,24131.0,3.151319742202759,,,,,,,,,,,,,,,,,,,,,,,,,,22808.0,1782.0,-88.0,454.0,-1073737211.0,221.0,-34.0,24.0,-114.0,98.0,54.0
967,25912.0,54129.0,51479.0,56616.0,49661.0,24141.0,3.151319742202759,,,,,,,,,,,,,,,,,,,,,,,,,,22828.0,1788.0,-88.0,454.0,-535818747.0,226.0,-32.0,21.0,-87.0,113.0,60.0
968,25922.0,54494.0,51701.0,56474.0,49678.0,24161.0,3.151319742202759,,,,,,,,,,,,,,,,,,,,,,,,,,22838.0,1789.0,-88.0,454.0,-535818747.0,226.0,-31.0,16.0,-76.0,138.0,66.0
969,25932.0,53886.0,52102.0,57005.0,49233.0,24181.0,3.151319742202759,,,,,,,,,,,,,,,,,,,,,,,,,,22848.0,1791.0,-89.0,454.0,-535819772.0,225.0,-31.0,16.0,-56.0,129.0,52.0
970,25962.0,54199.0,52294.0,56692.0,48693.0,24191.0,3.151319742202759,,,,,,,,,,,,,,,,,,,,,,,,,,22858.0,1791.0,-89.0,454.0,-534771196.0,221.0,-32.0,17.0,-48.0,124.0,55.0
971,25972.0,54383.0,52570.0,56629.0,48275.0,24201.0,3.14604115486145,,,,,,,,,,,,,,,,,,,,,,,,,,22868.0,1792.0,-90.0,454.0,-534772220.0,220.0,-32.0,18.0,-29.0,102.0,53.0
972,25982.0,53920.0,52215.0,56754.0,48255.0,24211.0,3.14604115486145,,,,,,,,,,,,,,,,,,,,,,,,,,22918.0,1807.0,-92.0,455.0,-534772221.0,229.0,-30.0,20.0,-63.0,-2.0,73.0
973,25992.0,54117.0,52383.0,56685.0,47988.0,24241.0,3.151319742202759,,,,,,,,,,,,,,,,,,,,,,,,,,22928.0,1808.0,-94.0,456.0,-534773245.0,225.0,-33.0,28.0,-47.0,4.0,74.0
974,26062.0,53783.0,52222.0,57776.0,47836.0,24271.0,3.151319742202759,,,,,,,,,,,,,,,,,,,,,,,,,,22938.0,1809.0,-94.0,456.0,-533724669.0,223.0,-31.0,29.0,-60.0,21.0,81.0
975,26072.0,53540.0,51424.0,57868.0,48563.0,24281.0,3.151319742202759,,,,,,,,,,,,,,,,,,,,,,,,,,22948.0,1812.0,-94.0,457.0,-533724670.0,225.0,-31.0,29.0,-50.0,32.0,85.0
976,26082.0,53240.0,51226.0,58069.0,48838.0,24291.0,3.151319742202759,,,,,,,,,,,,,,,,,,,,,,,,,,22968.0,1818.0,-94.0,458.0,-533724670.0,228.0,-28.0,34.0,-20.0,77.0,73.0
977,26132.0,55009.0,53046.0,56665.0,47545.0,24301.0,3.151319742202759,,,,,,,,,,,,,,,,,,,,,,,,,,22998.0,1821.0,-96.0,459.0,-533199359.0,221.0,-27.0,40.0,-22.0,67.0,59.0
978,26142.0,54302.0,52675.0,56910.0,48603.0,24351.0,3.151319742202759,,,,,,,,,,,,,,,,,,,,,,,,,,23008.0,1823.0,-96.0,459.0,-532150783.0,220.0,-25.0,39.0,-30.0,41.0,67.0
979,26152.0,54451.0,53421.0,57252.0,48029.0,24361.0,3.1565983295440674,,,,,,,,,,,,,,,,,,,,,,,,,,23018.0,1829.0,-97.0,460.0,-532150784.0,227.0,-25.0,39.0,-33.0,35.0,68.0
980,26162.0,54115.0,52778.0,57498.0,48929.0,24371.0,3.1565983295440674,,,,,,,,,,,,,,,,,,,,,,,,,,23038.0,1833.0,-97.0,461.0,-532151296.0,226.0,-23.0,39.0,-72.0,29.0,57.0
981,26222.0,53236.0,52881.0,58435.0,48820.0,24381.0,3.151319742202759,,,,,,,,,,,,,,,,,,,,,,,,,,23058.0,1836.0,-98.0,462.0,-532150272.0,221.0,-21.0,39.0,-65.0,1.0,43.0
982,26232.0,53625.0,52747.0,58072.0,48999.0,24431.0,3.1565983295440674,,,,,,,,,,,,,,,,,,,,,,,,,,23078.0,1842.0,-99.0,462.0,-531101695.0,223.0,-20.0,40.0,-50.0,23.0,57.0
983,26242.0,53697.0,52825.0,58109.0,48911.0,24441.0,3.1565983295440674,,,,,,,,,,,,,,,,,,,,,,,,,,23088.0,1845.0,-99.0,463.0,-531101695.0,225.0,-18.0,38.0,-29.0,7.0,55.0
984,26302.0,54746.0,52774.0,57163.0,49201.0,24451.0,3.151319742202759,,,,,,,,,,,,,,,,,,,,,,,,,,23098.0,1846.0,-99.0,463.0,-531101695.0,222.0,-17.0,36.0,-16.0,0.0,55.0
985,26312.0,54776.0,52845.0,57287.0,49421.0,24461.0,3.151319742202759,,,,,,,,,,,,,,,,,,,,,,,,,,23148.0,1856.0,-102.0,464.0,-531101694.0,218.0,-14.0,26.0,32.0,21.0,32.0
986,26322.0,54851.0,52561.0,57393.0,49614.0,24491.0,3.151319742202759,,,,,,,,,,,,,,,,,,,,,,,,,,23158.0,1861.0,-102.0,464.0,-531101694.0,221.0,-12.0,24.0,19.0,1.0,34.0
987,26392.0,54260.0,52614.0,58013.0,49475.0,24511.0,3.151319742202759,,,,,,,,,,,,,,,,,,,,,,,,,,23168.0,1863.0,-102.0,464.0,-532150270.0,221.0,-11.0,22.0,12.0,26.0,27.0
988,26402.0,54470.0,53039.0,57880.0,49001.0,24521.0,3.151319742202759,,,,,,,,,,,,,,,,,,,,,,,,,,23178.0,1865.0,-103.0,464.0,-532150270.0,220.0,-12.0,19.0,0.0,24.0,36.0
989,26412.0,54313.0,52625.0,58010.0,49431.0,24531.0,3.14604115486145,,,,,,,,,,,,,,,,,,,,,,,,,,23228.0,1872.0,-103.0,464.0,-532150269.0,210.0,-5.0,10.0,18.0,2.0,21.0
990,26422.0,53979.0,52723.0,58286.0,49174.0,24541.0,3.14604115486145,,,,,,,,,,,,,,,,,,,,,,,,,,23238.0,1879.0,-103.0,464.0,-532150269.0,218.0,-4.0,11.0,10.0,0.0,24.0
991,26462.0,54245.0,52451.0,57955.0,48889.0,24591.0,3.151319742202759,,,,,,,,,,,,,,,,,,,,,,,,,,23248.0,1881.0,-103.0,465.0,-532150269.0,217.0,-3.0,12.0,21.0,6.0,20.0
992,26472.0,53918.0,52664.0,58173.0,48701.0,24601.0,3.14604115486145,,,,,,,,,,,,,,,,,,,,,,,,,,23258.0,1883.0,-103.0,465.0,-532150269.0,217.0,-1.0,12.0,14.0,9.0,24.0
993,26482.0,54152.0,52860.0,58027.0,48298.0,24611.0,3.14604115486145,,,,,,,,,,,,,,,,,,,,,,,,,,23288.0,1886.0,-103.0,466.0,-532149244.0,208.0,1.0,13.0,13.0,66.0,17.0
994,26562.0,54150.0,51860.0,57544.0,48935.0,24621.0,3.14604115486145,,,,,,,,,,,,,,,,,,,,,,,,,,23318.0,1892.0,-104.0,466.0,-532149244.0,205.0,2.0,11.0,35.0,22.0,14.0
995,26572.0,54027.0,51787.0,57675.0,49051.0,24631.0,3.14604115486145,,,,,,,,,,,,,,,,,,,,,,,,,,23328.0,1895.0,-104.0,466.0,-532149244.0,206.0,3.0,10.0,41.0,0.0,10.0
996,26582.0,53757.0,52065.0,57823.0,48527.0,24671.0,3.151319742202759,,,,,,,,,,,,,,,,,,,,,,,,,,23348.0,1899.0,-104.0,466.0,-533197820.0,205.0,4.0,11.0,34.0,-44.0,12.0
997,26632.0,53896.0,52259.0,57424.0,47833.0,24691.0,3.151319742202759,,,,,,,,,,,,,,,,,,,,,,,,,,23358.0,1896.0,-103.0,467.0,-533196796.0,193.0,7.0,15.0,6.0,-58.0,0.0
998,26642.0,54205.0,51871.0,57164.0,48239.0,24701.0,3.151319742202759,,,,,,,,,,,,,,,,,,,,,,,,,,23378.0,1901.0,-103.0,467.0,-533197820.0,193.0,9.0,18.0,4.0,-93.0,0.0
999,26652.0,53834.0,51932.0,57472.0,48129.0,24711.0,3.151319742202759,,,,,,,,,,,,,,,,,,,,,,,,,,23398.0,1904.0,-104.0,467.0,-533198844.0,191.0,9.0,18.0,26.0,-100.0,-7.0
1000,26662.0,53390.0,52255.0,57785.0,47776.0,24721.0,3.1565983295440674,,,,,,,,,,,,,,,,,,,,,,,,,,23408.0,1907.0,-104.0,467.0,-533198844.0,192.0,10.0,19.0,34.0,-87.0,-10.0
1001,26712.0,54213.0,52616.0,57114.0,48408.0,24751.0,3.1565983295440674,,,,,,,,,,,,,,,,,,,,,,,,,,23418.0,1909.0,-104.0,468.0,-533198844.0,193.0,10.0,21.0,44.0,-88.0,-9.0
1002,26722.0,54496.0,52484.0,56699.0,48797.0,24761.0,3.1565983295440674,,,,,,,,,,,,,,,,,,,,,,,,,,23428.0,1912.0,-104.0,468.0,-533199868.0,193.0,11.0,22.0,55.0,-68.0,-7.0
1003,26732.0,54459.0,53020.0,56738.0,48164.0,24771.0,3.151319742202759,,,,,,,,,,,,,,,,,,,,,,,,,,23468.0,1917.0,-104.0,468.0,-534249469.0,187.0,13.0,17.0,38.0,-18.0,-31.0
1004,26742.0,54694.0,52992.0,56667.0,48579.0,24781.0,3.1565983295440674,,,,,,,,,,,,,,,,,,,,,,,,,,23478.0,1919.0,-104.0,469.0,-534249469.0,188.0,13.0,20.0,43.0,-18.0,-24.0
1005,26752.0,54922.0,52364.0,56385.0,49044.0,24791.0,3.1565983295440674,,,,,,,,,,,,,,,,,,,,,,,,,,23488.0,1920.0,-103.0,469.0,-534249469.0,185.0,15.0,23.0,37.0,-22.0,-26.0
1006,26792.0,54427.0,52307.0,56398.0,49115.0,24811.0,3.1565983295440674,,,,,,,,,,,,,,,,,,,,,,,,,,23498.0,1921.0,-103.0,469.0,-534249469.0,184.0,15.0,23.0,31.0,-24.0,-22.0
1007,26802.0,54295.0,52492.0,56927.0,49367.0,24831.0,3.1565983295440674,,,,,,,,,,,,,,,,,,,,,,,,,,23508.0,1922.0,-103.0,469.0,-534249469.0,183.0,15.0,23.0,38.0,-42.0,-28.0
1008,26812.0,54121.0,52413.0,57326.0,49672.0,24841.0,3.1565983295440674,,,,,,,,,,,,,,,,,,,,,,,,,,23528.0,1929.0,-103.0,470.0,-535822333.0,189.0,15.0,25.0,23.0,-89.0,-40.0
1009,26862.0,54302.0,52801.0,56939.0,49438.0,24851.0,3.1565983295440674,,,,,,,,,,,,,,,,,,,,,,,,,,23568.0,1936.0,-103.0,472.0,-535821310.0,188.0,15.0,29.0,34.0,-49.0,-45.0
1010,26872.0,54274.0,52897.0,57203.0,49537.0,24901.0,3.161876916885376,,,,,,,,,,,,,,,,,,,,,,,,,,23578.0,1937.0,-102.0,472.0,-535821310.0,188.0,19.0,28.0,29.0,-43.0,-40.0
1011,26882.0,54741.0,53670.0,56596.0,48553.0,24921.0,3.161876916885376,,,,,,,,,,,,,,,,,,,,,,,,,,23588.0,1938.0,-103.0,472.0,-535820286.0,186.0,17.0,26.0,35.0,-33.0,-37.0
1012,26962.0,54506.0,53101.0,56133.0,48530.0,24931.0,3.161876916885376,,,,,,,,,,,,,,,,,,,,,,,,,,23608.0,1944.0,-102.0,472.0,-535820286.0,190.0,18.0,22.0,54.0,-26.0,-38.0
1013,26972.0,54253.0,53037.0,56448.0,48875.0,24941.0,3.1565983295440674,,,,,,,,,,,,,,,,,,,,,,,,,,23658.0,1954.0,-102.0,474.0,-536868863.0,193.0,17.0,24.0,16.0,4.0,-41.0
1014,26982.0,54590.0,52870.0,56138.0,48972.0,24951.0,3.1565983295440674,,,,,,,,,,,,,,,,,,,,,,,,,,23668.0,1955.0,-102.0,474.0,-536868863.0,193.0,17.0,24.0,19.0,27.0,-45.0
1015,27032.0,54238.0,52732.0,56542.0,49341.0,25001.0,3.1565983295440674,,,,,,,,,,,,,,,,,,,,,,,,,,23678.0,1957.0,-102.0,475.0,-1073739775.0,194.0,17.0,25.0,6.0,10.0,-49.0
1016,27042.0,53976.0,52362.0,56927.0,50110.0,25011.0,3.1565983295440674,,,,,,,,,,,,,,,,,,,,,,,,,,23688.0,1954.0,-102.0,475.0,-1073739776.0,185.0,15.0,24.0,-7.0,23.0,-42.0
1017,27052.0,54282.0,52763.0,56572.0,49721.0,25021.0,3.151319742202759,,,,,,,,,,,,,,,,,,,,,,,,,,23738.0,1970.0,-99.0,478.0,-536868352.0,199.0,19.0,32.0,1.0,-24.0,-34.0
1018,27102.0,54284.0,53650.0,56347.0,48294.0,25031.0,3.151319742202759,,,,,,,,,,,,,,,,,,,,,,,,,,23748.0,1971.0,-99.0,478.0,-536868352.0,198.0,19.0,31.0,2.0,1.0,-20.0
1019,27112.0,54210.0,52799.0,56380.0,49302.0,25041.0,3.151319742202759,,,,,,,,,,,,,,,,,,,,,,,,,,23758.0,1973.0,-99.0,479.0,-536868352.0,199.0,19.0,31.0,13.0,3.0,-21.0
1020,27122.0,54035.0,52305.0,56306.0,49619.0,25091.0,3.151319742202759,,,,,,,,,,,,,,,,,,,,,,,,,,23768.0,1971.0,-98.0,479.0,-536868352.0,191.0,21.0,30.0,51.0,16.0,-20.0
1021,27132.0,53936.0,52738.0,56350.0,49114.0,25101.0,3.151319742202759,,,,,,,,,,,,,,,,,,,,,,,,,,23828.0,1985.0,-98.0,481.0,-1072690687.0,199.0,18.0,31.0,32.0,10.0,-32.0
1022,27162.0,53855.0,52886.0,56407.0,48929.0,25111.0,3.151319742202759,,,,,,,,,,,,,,,,,,,,,,,,,,23838.0,1987.0,-98.0,481.0,-1072690687.0,200.0,18.0,32.0,-4.0,4.0,-29.0
1023,27172.0,53916.0,53371.0,56427.0,48689.0,25121.0,3.151319742202759,,,,,,,,,,,,,,,,,,,,,,,,,,23848.0,1984.0,-98.0,482.0,-1072690687.0,192.0,17.0,31.0,-12.0,22.0,-23.0
1024,27182.0,54053.0,53069.0,56430.0,48947.0,25171.0,3.151319742202759,,,,,,,,,,,,,,,,,,,,,,,,,,23858.0,1988.0,-98.0,482.0,-1072690687.0,195.0,17.0,30.0,-19.0,21.0,-22.0
1025,27222.0,53739.0,52885.0,55996.0,48526.0,25181.0,3.1565983295440674,,,,,,,,,,,,,,,,,,,,,,,,,,23878.0,1994.0,-98.0,483.0,-1072690686.0,200.0,16.0,26.0,-22.0,-9.0,-20.0
1026,27232.0,53702.0,52677.0,56113.0,49071.0,25191.0,3.151319742202759,,,,,,,,,,,,,,,,,,,,,,,,,,23898.0,1998.0,-97.0,483.0,-1072690686.0,200.0,15.0,26.0,-4.0,-15.0,-16.0
1027,27242.0,54119.0,53195.0,55787.0,48370.0,25241.0,3.1565983295440674,,,,,,,,,,,,,,,,,,,,,,,,,,23918.0,2000.0,-96.0,484.0,-1072690686.0,197.0,16.0,25.0,12.0,-2.0,-30.0
1028,27252.0,53652.0,52320.0,56218.0,49139.0,25251.0,3.1565983295440674,,,,,,,,,,,,,,,,,,,,,,,,,,23928.0,2004.0,-96.0,484.0,-1072690686.0,202.0,16.0,23.0,21.0,8.0,-17.0
1029,27272.0,53701.0,52439.0,56415.0,49111.0,25261.0,3.151319742202759,,,,,,,,,,,,,,,,,,,,,,,,,,23938.0,2006.0,-96.0,485.0,-1072690686.0,202.0,16.0,21.0,16.0,17.0,-18.0
1030,27302.0,53805.0,52466.0,56340.0,49033.0,25271.0,3.151319742202759,,,,,,,,,,,,,,,,,,,,,,,,,,23948.0,2005.0,-97.0,485.0,-1072690686.0,198.0,14.0,20.0,-3.0,16.0,-23.0
1031,27312.0,53530.0,52533.0,56508.0,48963.0,25281.0,3.1565983295440674,,,,,,,,,,,,,,,,,,,,,,,,,,23998.0,2017.0,-96.0,484.0,-1072691710.0,203.0,12.0,4.0,-2.0,2.0,-4.0
1032,27322.0,53345.0,52442.0,56858.0,49181.0,25331.0,3.151319742202759,,,,,,,,,,,,,,,,,,,,,,,,,,24008.0,2016.0,-97.0,484.0,-1072691710.0,198.0,12.0,4.0,-20.0,13.0,-8.0
1033,27372.0,54056.0,51800.0,56774.0,50165.0,25341.0,3.151319742202759,,,,,,,,,,,,,,,,,,,,,,,,,,24018.0,2019.0,-97.0,484.0,-1073740286.0,200.0,11.0,5.0,-43.0,30.0,-9.0
1034,27382.0,54413.0,52299.0,56522.0,49774.0,25351.0,3.14604115486145,,,,,,,,,,,,,,,,,,,,,,,,,,24028.0,2020.0,-96.0,484.0,-1073740286.0,199.0,12.0,5.0,-43.0,40.0,-7.0
1035,27392.0,54107.0,52473.0,57006.0,49803.0,25411.0,3.14604115486145,,,,,,,,,,,,,,,,,,,,,,,,,,24058.0,2028.0,-95.0,485.0,-536869374.0,202.0,14.0,7.0,-45.0,33.0,-3.0
1036,27452.0,54033.0,52942.0,57181.0,49309.0,25421.0,3.14604115486145,,,,,,,,,,,,,,,,,,,,,,,,,,24088.0,2031.0,-95.0,485.0,-535821822.0,198.0,13.0,7.0,-14.0,18.0,-11.0
1037,27462.0,53671.0,53791.0,57556.0,48245.0,25431.0,3.14604115486145,,,,,,,,,,,,,,,,,,,,,,,,,,24098.0,2034.0,-95.0,485.0,-535821821.0,199.0,13.0,6.0,-7.0,28.0,-20.0
1038,27472.0,53544.0,53544.0,57891.0,48754.0,25441.0,3.151319742202759,,,,,,,,,,,,,,,,,,,,,,,,,,24108.0,2038.0,-95.0,485.0,-535821821.0,203.0,13.0,5.0,7.0,42.0,-11.0
1039,27532.0,54617.0,52533.0,57555.0,49926.0,25481.0,3.151319742202759,,,,,,,,,,,,,,,,,,,,,,,,,,24118.0,2041.0,-95.0,485.0,-535297533.0,205.0,13.0,5.0,18.0,49.0,-19.0
1040,27542.0,54784.0,53149.0,57583.0,49536.0,25511.0,3.151319742202759,,,,,,,,,,,,,,,,,,,,,,,,,,24128.0,2042.0,-95.0,485.0,-535297533.0,203.0,13.0,5.0,1.0,30.0,-21.0
1041,27602.0,54436.0,53242.0,57527.0,49589.0,25521.0,3.151319742202759,,,,,,,,,,,,,,,,,,,,,,,,,,24178.0,2051.0,-94.0,484.0,-535296509.0,199.0,14.0,2.0,-26.0,13.0,-9.0
1042,27612.0,54284.0,53122.0,57621.0,49661.0,25531.0,3.151319742202759,,,,,,,,,,,,,,,,,,,,,,,,,,24188.0,2052.0,-95.0,484.0,-535296509.0,198.0,13.0,2.0,-8.0,2.0,-9.0
1043,27622.0,54415.0,53025.0,57171.0,49602.0,25581.0,3.14604115486145,,,,,,,,,,,,,,,,,,,,,,,,,,24198.0,2057.0,-94.0,484.0,-535296509.0,204.0,15.0,4.0,-9.0,-16.0,-11.0
1044,27682.0,53626.0,52963.0,57299.0,48640.0,25591.0,3.14604115486145,,,,,,,,,,,,,,,,,,,,,,,,,,24208.0,2058.0,-94.0,485.0,-534247933.0,202.0,15.0,6.0,-23.0,-18.0,-13.0
1045,27692.0,53927.0,52796.0,57070.0,48928.0,25601.0,3.14604115486145,,,,,,,,,,,,,,,,,,,,,,,,,,24278.0,2070.0,-94.0,485.0,-535296509.0,197.0,14.0,12.0,3.0,14.0,-17.0
1046,27702.0,53938.0,52295.0,57143.0,49357.0,25611.0,3.1407625675201416,,,,,,,,,,,,,,,,,,,,,,,,,,24288.0,2075.0,-94.0,485.0,-535296509.0,201.0,14.0,15.0,8.0,34.0,-13.0
1047,27752.0,54278.0,52619.0,57110.0,49504.0,25661.0,3.1407625675201416,,,,,,,,,,,,,,,,,,,,,,,,,,24298.0,2077.0,-94.0,485.0,-535296509.0,201.0,14.0,13.0,5.0,11.0,-6.0
1048,27772.0,53791.0,53346.0,57596.0,49040.0,25671.0,3.14604115486145,,,,,,,,,,,,,,,,,,,,,,,,,,24328.0,2083.0,-92.0,485.0,-535296509.0,199.0,18.0,12.0,-18.0,-34.0,6.0
1049,27782.0,54377.0,53344.0,57334.0,49126.0,25681.0,3.14604115486145,,,,,,,,,,,,,,,,,,,,,,,,,,24348.0,2084.0,-92.0,487.0,-535296509.0,195.0,18.0,20.0,5.0,-41.0,-8.0
1050,27792.0,53990.0,53120.0,57468.0,49254.0,25691.0,3.14604115486145,,,,,,,,,,,,,,,,,,,,,,,,,,24358.0,2086.0,-92.0,487.0,-535296509.0,194.0,18.0,20.0,5.0,-35.0,-8.0
1051,27802.0,54135.0,53171.0,57363.0,49055.0,25701.0,3.14604115486145,,,,,,,,,,,,,,,,,,,,,,,,,,24368.0,2088.0,-92.0,487.0,-535297533.0,195.0,18.0,19.0,-3.0,-50.0,1.0
1052,27822.0,53746.0,52030.0,57447.0,50052.0,25771.0,3.151319742202759,,,,,,,,,,,,,,,,,,,,,,,,,,24378.0,2093.0,-92.0,487.0,-535297533.0,199.0,18.0,17.0,41.0,-41.0,0.0
1053,27842.0,53707.0,52966.0,57319.0,49045.0,25781.0,3.151319742202759,,,,,,,,,,,,,,,,,,,,,,,,,,24398.0,2096.0,-92.0,488.0,-535821820.0,198.0,18.0,18.0,51.0,-47.0,-13.0
1054,27872.0,53521.0,53411.0,57445.0,48176.0,25791.0,3.151319742202759,,,,,,,,,,,,,,,,,,,,,,,,,,24428.0,2103.0,-91.0,488.0,-536869372.0,200.0,19.0,16.0,15.0,-16.0,-14.0
1055,27882.0,53563.0,52404.0,57307.0,49341.0,25831.0,3.151319742202759,,,,,,,,,,,,,,,,,,,,,,,,,,24438.0,2101.0,-92.0,488.0,-536869372.0,193.0,18.0,14.0,34.0,17.0,-17.0
1056,27892.0,53443.0,52460.0,57415.0,49340.0,25841.0,3.151319742202759,,,,,,,,,,,,,,,,,,,,,,,,,,24448.0,2103.0,-91.0,488.0,-536869372.0,193.0,18.0,13.0,42.0,50.0,-25.0
1057,27902.0,53592.0,52608.0,57185.0,49237.0,25851.0,3.14604115486145,,,,,,,,,,,,,,,,,,,,,,,,,,24458.0,2103.0,-87.0,488.0,-536870396.0,190.0,25.0,12.0,46.0,39.0,-21.0
1058,28012.0,54105.0,52107.0,56077.0,50177.0,25861.0,3.14604115486145,,,,,,,,,,,,,,,,,,,,,,,,,,24508.0,2115.0,-86.0,489.0,-1072692732.0,194.0,24.0,10.0,4.0,-14.0,-11.0
1059,28022.0,53629.0,52398.0,56463.0,49899.0,25901.0,3.151319742202759,,,,,,,,,,,,,,,,,,,,,,,,,,24518.0,2116.0,-86.0,488.0,-1072692732.0,193.0,24.0,1.0,-18.0,-49.0,-13.0
1060,28122.0,54037.0,53196.0,56639.0,49796.0,25911.0,3.151319742202759,,,,,,,,,,,,,,,,,,,,,,,,,,24528.0,2118.0,-86.0,488.0,-1072692732.0,193.0,23.0,1.0,-19.0,-63.0,-16.0
1061,28132.0,53959.0,53644.0,56906.0,49534.0,25921.0,3.14604115486145,,,,,,,,,,,,,,,,,,,,,,,,,,24538.0,2120.0,-86.0,488.0,-1072691708.0,192.0,23.0,4.0,-17.0,-64.0,-9.0
1062,28142.0,54294.0,53407.0,56896.0,50119.0,25931.0,3.14604115486145,,,,,,,,,,,,,,,,,,,,,,,,,,24568.0,2127.0,-86.0,488.0,-1072691707.0,196.0,22.0,4.0,-5.0,-11.0,-3.0
1063,28192.0,53517.0,53539.0,57904.0,50252.0,25971.0,3.14604115486145,,,,,,,,,,,,,,,,,,,,,,,,,,24588.0,2132.0,-86.0,488.0,-1072691707.0,198.0,21.0,4.0,20.0,7.0,-4.0
1064,28202.0,53853.0,54147.0,57749.0,49885.0,25981.0,3.151319742202759,,,,,,,,,,,,,,,,,,,,,,,,,,24598.0,2133.0,-86.0,488.0,-1072691707.0,197.0,20.0,4.0,3.0,-7.0,-15.0
1065,28212.0,53738.0,53727.0,57988.0,50646.0,25991.0,3.151319742202759,,,,,,,,,,,,,,,,,,,,,,,,,,24608.0,2135.0,-85.0,488.0,-1072691707.0,196.0,21.0,4.0,36.0,17.0,-17.0
1066,28272.0,55021.0,54450.0,56793.0,50276.0,26061.0,3.151319742202759,,,,,,,,,,,,,,,,,,,,,,,,,,24618.0,2137.0,-85.0,488.0,-1072691707.0,197.0,21.0,7.0,12.0,-1.0,-15.0
1067,28282.0,54657.0,54536.0,57031.0,50073.0,26071.0,3.151319742202759,,,,,,,,,,,,,,,,,,,,,,,,,,24658.0,2146.0,-85.0,490.0,-1072691707.0,202.0,17.0,12.0,24.0,-26.0,-10.0
1068,28292.0,54844.0,54474.0,56646.0,50145.0,26081.0,3.151319742202759,,,,,,,,,,,,,,,,,,,,,,,,,,24688.0,2152.0,-85.0,491.0,-1072690683.0,202.0,17.0,20.0,-1.0,-30.0,-22.0
1069,28332.0,53785.0,53857.0,57257.0,50609.0,26091.0,3.14604115486145,,,,,,,,,,,,,,,,,,,,,,,,,,24698.0,2154.0,-85.0,491.0,-1072690683.0,202.0,16.0,21.0,4.0,0.0,-27.0
1070,28342.0,53610.0,53855.0,57212.0,50187.0,26141.0,3.14604115486145,,,,,,,,,,,,,,,,,,,,,,,,,,24708.0,2154.0,-84.0,492.0,-1072690683.0,199.0,18.0,19.0,7.0,16.0,-26.0
1071,28352.0,53960.0,53264.0,56853.0,50669.0,26151.0,3.14604115486145,,,,,,,,,,,,,,,,,,,,,,,,,,24718.0,2155.0,-84.0,492.0,-1072690683.0,198.0,17.0,17.0,14.0,35.0,-24.0
1072,28402.0,53804.0,54218.0,56230.0,48598.0,26161.0,3.14604115486145,,,,,,,,,,,,,,,,,,,,,,,,,,24738.0,2160.0,-82.0,492.0,-1072690682.0,200.0,19.0,16.0,4.0,30.0,-17.0
1073,28412.0,53247.0,52855.0,56700.0,50097.0,26221.0,3.1407625675201416,,,,,,,,,,,,,,,,,,,,,,,,,,24758.0,2165.0,-83.0,492.0,-1072691706.0,203.0,16.0,19.0,13.0,1.0,-10.0
1074,28422.0,53392.0,53348.0,56438.0,49326.0,26231.0,3.1407625675201416,,,,,,,,,,,,,,,,,,,,,,,,,,24768.0,2168.0,-83.0,493.0,-1072691706.0,204.0,15.0,19.0,4.0,28.0,-13.0
1075,28462.0,53282.0,52980.0,56708.0,50102.0,26241.0,3.1407625675201416,,,,,,,,,,,,,,,,,,,,,,,,,,24778.0,2170.0,-83.0,493.0,-1072691706.0,205.0,15.0,21.0,2.0,40.0,-11.0
1076,28472.0,53452.0,52806.0,56647.0,50327.0,26271.0,3.1407625675201416,,,,,,,,,,,,,,,,,,,,,,,,,,24828.0,2181.0,-82.0,495.0,-1072691706.0,209.0,14.0,16.0,-20.0,6.0,2.0
1077,28482.0,53678.0,53548.0,56412.0,49402.0,26301.0,3.1407625675201416,,,,,,,,,,,,,,,,,,,,,,,,,,24838.0,2184.0,-82.0,495.0,-1072691706.0,210.0,14.0,16.0,-46.0,-8.0,13.0
1078,28532.0,53898.0,53615.0,55924.0,48867.0,26311.0,3.135483980178833,,,,,,,,,,,,,,,,,,,,,,,,,,24848.0,2184.0,-83.0,495.0,-1072691706.0,207.0,12.0,16.0,-64.0,-1.0,11.0
1079,28542.0,53408.0,53812.0,56298.0,48742.0,26321.0,3.135483980178833,,,,,,,,,,,,,,,,,,,,,,,,,,24858.0,2187.0,-82.0,496.0,-1072691706.0,210.0,12.0,20.0,-22.0,16.0,15.0
1080,28552.0,53616.0,53451.0,56272.0,49132.0,26331.0,3.135483980178833,,,,,,,,,,,,,,,,,,,,,,,,,,24878.0,2189.0,-82.0,496.0,-1073740282.0,205.0,11.0,23.0,-5.0,5.0,25.0
1081,28592.0,53423.0,52894.0,56614.0,49535.0,26351.0,3.135483980178833,,,,,,,,,,,,,,,,,,,,,,,,,,24928.0,2203.0,-81.0,497.0,-536870395.0,213.0,11.0,17.0,-50.0,3.0,38.0
1082,28602.0,53622.0,52586.0,56513.0,49928.0,26371.0,3.135483980178833,,,,,,,,,,,,,,,,,,,,,,,,,,24938.0,2202.0,-81.0,497.0,-536870395.0,208.0,12.0,17.0,-46.0,-28.0,40.0
1083,28612.0,53767.0,51995.0,56461.0,50627.0,26401.0,3.135483980178833,,,,,,,,,,,,,,,,,,,,,,,,,,24948.0,2204.0,-80.0,497.0,-536870395.0,207.0,13.0,19.0,-16.0,-24.0,37.0
1084,28652.0,53544.0,53291.0,56965.0,49420.0,26411.0,3.135483980178833,,,,,,,,,,,,,,,,,,,,,,,,,,24968.0,2210.0,-80.0,498.0,-535820795.0,211.0,13.0,18.0,11.0,12.0,35.0
1085,28662.0,53251.0,52905.0,57260.0,49830.0,26421.0,3.135483980178833,,,,,,,,,,,,,,,,,,,,,,,,,,24978.0,2212.0,-80.0,498.0,-535820795.0,211.0,13.0,17.0,23.0,24.0,47.0
1086,28672.0,53589.0,52934.0,57198.0,49925.0,26441.0,3.1407625675201416,,,,,,,,,,,,,,,,,,,,,,,,,,24998.0,2214.0,-80.0,497.0,-536869372.0,208.0,13.0,7.0,29.0,8.0,39.0
1087,28712.0,54025.0,53781.0,56781.0,48808.0,26461.0,3.1407625675201416,,,,,,,,,,,,,,,,,,,,,,,,,,25008.0,2217.0,-80.0,497.0,-536870396.0,208.0,12.0,6.0,-1.0,-29.0,42.0
1088,28722.0,54049.0,52939.0,56962.0,49955.0,26471.0,3.1407625675201416,,,,,,,,,,,,,,,,,,,,,,,,,,25018.0,2220.0,-79.0,497.0,-536869372.0,211.0,14.0,4.0,0.0,-20.0,39.0
1089,28732.0,54551.0,53547.0,56465.0,49335.0,26481.0,3.1407625675201416,,,,,,,,,,,,,,,,,,,,,,,,,,25028.0,2221.0,-78.0,497.0,-536869372.0,208.0,16.0,4.0,-13.0,-23.0,44.0
1090,28772.0,54863.0,53765.0,56325.0,48972.0,26491.0,3.1407625675201416,,,,,,,,,,,,,,,,,,,,,,,,,,25058.0,2223.0,-79.0,498.0,-535820797.0,203.0,13.0,5.0,-38.0,-17.0,43.0
1091,28782.0,54446.0,52869.0,56500.0,49781.0,26541.0,3.14604115486145,,,,,,,,,,,,,,,,,,,,,,,,,,25078.0,2228.0,-79.0,498.0,-535820797.0,204.0,13.0,7.0,-25.0,-27.0,43.0
1092,28792.0,54153.0,53222.0,56847.0,49347.0,26561.0,3.14604115486145,,,,,,,,,,,,,,,,,,,,,,,,,,25098.0,2233.0,-79.0,499.0,-535820797.0,206.0,14.0,5.0,3.0,9.0,37.0
1093,28832.0,53400.0,52434.0,57313.0,49433.0,26571.0,3.14604115486145,,,,,,,,,,,,,,,,,,,,,,,,,,25108.0,2236.0,-79.0,499.0,-535820798.0,208.0,13.0,5.0,27.0,-1.0,31.0
1094,28842.0,53468.0,52160.0,57145.0,49387.0,26581.0,3.14604115486145,,,,,,,,,,,,,,,,,,,,,,,,,,25118.0,2236.0,-78.0,499.0,-535820798.0,205.0,15.0,5.0,23.0,-9.0,23.0
1095,28852.0,53111.0,51703.0,57413.0,49769.0,26591.0,3.14604115486145,,,,,,,,,,,,,,,,,,,,,,,,,,25168.0,2250.0,-79.0,501.0,-535820798.0,211.0,14.0,12.0,-3.0,7.0,17.0
1096,28862.0,53301.0,51685.0,57262.0,49693.0,26611.0,3.14604115486145,,,,,,,,,,,,,,,,,,,,,,,,,,25178.0,2252.0,-79.0,501.0,-535820798.0,211.0,14.0,13.0,17.0,12.0,13.0
1097,28892.0,52957.0,52469.0,57381.0,48620.0,26631.0,3.151319742202759,,,,,,,,,,,,,,,,,,,,,,,,,,25188.0,2251.0,-77.0,501.0,-535820798.0,206.0,16.0,12.0,23.0,4.0,0.0
1098,28912.0,53531.0,50656.0,57744.0,49589.0,26641.0,3.151319742202759,,,,,,,,,,,,,,,,,,,,,,,,,,25198.0,2254.0,-77.0,501.0,-536869374.0,208.0,15.0,11.0,28.0,-2.0,0.0
1099,28922.0,53875.0,52717.0,56811.0,48440.0,26651.0,3.151319742202759,,,,,,,,,,,,,,,,,,,,,,,,,,25238.0,2261.0,-78.0,502.0,-1073741310.0,206.0,14.0,7.0,-4.0,19.0,-16.0
1100,28932.0,54541.0,51721.0,57017.0,48568.0,26661.0,3.151319742202759,,,,,,,,,,,,,,,,,,,,,,,,,,25248.0,2264.0,-78.0,502.0,-1073741310.0,209.0,14.0,8.0,-13.0,14.0,-11.0
1101,28942.0,53894.0,52082.0,56903.0,49260.0,26681.0,3.14604115486145,,,,,,,,,,,,,,,,,,,,,,,,,,25258.0,2266.0,-77.0,502.0,-1073741310.0,207.0,14.0,5.0,-18.0,14.0,-8.0
1102,29022.0,54190.0,52721.0,57712.0,49679.0,26721.0,3.1407625675201416,,,,,,,,,,,,,,,,,,,,,,,,,,25268.0,2269.0,-77.0,502.0,-536870398.0,210.0,14.0,4.0,-17.0,-1.0,-12.0
1103,29042.0,54457.0,52944.0,57671.0,49680.0,26731.0,3.1407625675201416,,,,,,,,,,,,,,,,,,,,,,,,,,25308.0,2273.0,-77.0,502.0,-536870398.0,202.0,13.0,-2.0,-17.0,-11.0,-9.0
1104,29132.0,54177.0,52989.0,58038.0,49894.0,26741.0,3.135483980178833,,,,,,,,,,,,,,,,,,,,,,,,,,25328.0,2277.0,-77.0,500.0,-536869374.0,204.0,13.0,-11.0,4.0,-9.0,-5.0
1105,29142.0,54457.0,53588.0,57789.0,49295.0,26751.0,3.1407625675201416,,,,,,,,,,,,,,,,,,,,,,,,,,25338.0,2280.0,-75.0,500.0,-536869374.0,205.0,17.0,-10.0,9.0,-26.0,-8.0
1106,29152.0,54309.0,53353.0,58026.0,49797.0,26791.0,3.1407625675201416,,,,,,,,,,,,,,,,,,,,,,,,,,25348.0,2282.0,-75.0,500.0,-536869374.0,206.0,16.0,-10.0,-12.0,-39.0,-11.0
1107,29162.0,54409.0,53299.0,57781.0,49649.0,26801.0,3.1407625675201416,,,,,,,,,,,,,,,,,,,,,,,,,,25358.0,2286.0,-74.0,500.0,-535820798.0,209.0,18.0,-11.0,0.0,-29.0,-14.0
1108,29192.0,54756.0,52528.0,57611.0,50347.0,26811.0,3.135483980178833,,,,,,,,,,,,,,,,,,,,,,,,,,25408.0,2293.0,-76.0,499.0,-1073740285.0,203.0,14.0,-6.0,38.0,1.0,-23.0
1109,29202.0,54759.0,52501.0,57728.0,50315.0,26861.0,3.135483980178833,,,,,,,,,,,,,,,,,,,,,,,,,,25418.0,2300.0,-75.0,501.0,-1073740285.0,213.0,16.0,2.0,28.0,19.0,-27.0
1110,29212.0,55107.0,53428.0,57702.0,49739.0,26871.0,3.1302053928375244,,,,,,,,,,,,,,,,,,,,,,,,,,25428.0,2301.0,-75.0,501.0,-1073740285.0,211.0,15.0,2.0,-14.0,16.0,-19.0
1111,29252.0,55524.0,52964.0,57342.0,50203.0,26881.0,3.135483980178833,,,,,,,,,,,,,,,,,,,,,,,,,,25438.0,2304.0,-74.0,501.0,-1073740285.0,212.0,17.0,1.0,-2.0,21.0,-20.0
1112,29262.0,55118.0,53036.0,57316.0,49690.0,26891.0,3.135483980178833,,,,,,,,,,,,,,,,,,,,,,,,,,25458.0,2306.0,-74.0,501.0,-1073740285.0,210.0,16.0,0.0,-1.0,5.0,-26.0
1113,29272.0,54826.0,52933.0,57494.0,49875.0,26971.0,3.1407625675201416,,,,,,,,,,,,,,,,,,,,,,,,,,25508.0,2318.0,-72.0,501.0,-1073741308.0,212.0,17.0,0.0,-5.0,-10.0,-34.0
1114,29302.0,53992.0,52923.0,57712.0,49333.0,26981.0,3.1407625675201416,,,,,,,,,,,,,,,,,,,,,,,,,,25518.0,2322.0,-73.0,501.0,-1073740284.0,215.0,15.0,-2.0,20.0,-6.0,-25.0
1115,29312.0,54424.0,52775.0,57367.0,49420.0,26991.0,3.1407625675201416,,,,,,,,,,,,,,,,,,,,,,,,,,25528.0,2323.0,-73.0,501.0,-1073740284.0,214.0,15.0,-4.0,-27.0,-36.0,-33.0
1116,29322.0,54232.0,52404.0,57535.0,49777.0,27031.0,3.1407625675201416,,,,,,,,,,,,,,,,,,,,,,,,,,25538.0,2325.0,-72.0,501.0,-1073740284.0,213.0,16.0,-5.0,2.0,-26.0,-34.0
1117,29362.0,54040.0,52311.0,57153.0,49591.0,27041.0,3.135483980178833,,,,,,,,,,,,,,,,,,,,,,,,,,25558.0,2328.0,-73.0,499.0,-1072691708.0,212.0,13.0,-13.0,29.0,-36.0,-37.0
1118,29372.0,54144.0,52689.0,56923.0,48710.0,27051.0,3.135483980178833,,,,,,,,,,,,,,,,,,,,,,,,,,25588.0,2336.0,-74.0,498.0,-1072691707.0,216.0,11.0,-17.0,19.0,47.0,-35.0
1119,29382.0,53945.0,52819.0,57020.0,48543.0,27101.0,3.135483980178833,,,,,,,,,,,,,,,,,,,,,,,,,,25598.0,2339.0,-73.0,498.0,-1072691707.0,218.0,12.0,-18.0,9.0,42.0,-29.0
1120,29392.0,54307.0,52707.0,56791.0,48968.0,27111.0,3.135483980178833,,,,,,,,,,,,,,,,,,,,,,,,,,25608.0,2342.0,-72.0,498.0,-1072691707.0,218.0,13.0,-18.0,-1.0,46.0,-28.0
1121,29432.0,54362.0,52654.0,56705.0,48985.0,27121.0,3.1407625675201416,,,,,,,,,,,,,,,,,,,,,,,,,,25618.0,2343.0,-72.0,497.0,-1072691707.0,217.0,12.0,-19.0,-14.0,11.0,-29.0
1122,29442.0,54052.0,52743.0,56784.0,48638.0,27131.0,3.1407625675201416,,,,,,,,,,,,,,,,,,,,,,,,,,25648.0,2347.0,-73.0,497.0,-1072692731.0,214.0,10.0,-20.0,-31.0,19.0,-17.0
1123,29452.0,53986.0,52532.0,57026.0,49053.0,27161.0,3.1407625675201416,,,,,,,,,,,,,,,,,,,,,,,,,,25668.0,2353.0,-73.0,497.0,-1072692731.0,216.0,9.0,-17.0,12.0,22.0,-16.0
1124,29522.0,53904.0,52978.0,57170.0,48737.0,27171.0,3.1407625675201416,,,,,,,,,,,,,,,,,,,,,,,,,,25678.0,2355.0,-73.0,496.0,-1072168443.0,216.0,9.0,-16.0,14.0,13.0,-10.0
1125,29542.0,53845.0,52001.0,57247.0,49772.0,27181.0,3.1407625675201416,,,,,,,,,,,,,,,,,,,,,,,,,,25688.0,2357.0,-73.0,496.0,-1072168442.0,216.0,8.0,-14.0,-3.0,-6.0,-12.0
1126,29582.0,53819.0,51762.0,57318.0,49968.0,27201.0,3.1407625675201416,,,,,,,,,,,,,,,,,,,,,,,,,,25728.0,2361.0,-72.0,495.0,-1072168442.0,207.0,7.0,-13.0,-39.0,5.0,6.0
1127,29592.0,53916.0,52902.0,57284.0,48933.0,27221.0,3.14604115486145,,,,,,,,,,,,,,,,,,,,,,,,,,25748.0,2368.0,-71.0,495.0,-1073217018.0,212.0,9.0,-13.0,-26.0,4.0,10.0
1128,29602.0,54698.0,52757.0,56517.0,48998.0,27231.0,3.14604115486145,,,,,,,,,,,,,,,,,,,,,,,,,,25768.0,2372.0,-72.0,495.0,-1073217018.0,212.0,7.0,-10.0,-29.0,-21.0,7.0
1129,29612.0,54489.0,52491.0,56666.0,49275.0,27241.0,3.14604115486145,,,,,,,,,,,,,,,,,,,,,,,,,,25778.0,2374.0,-72.0,495.0,-1073217019.0,211.0,7.0,-10.0,-5.0,-16.0,9.0
1130,29662.0,54522.0,52465.0,56970.0,50085.0,27301.0,3.14604115486145,,,,,,,,,,,,,,,,,,,,,,,,,,25788.0,2375.0,-72.0,495.0,-1073741307.0,210.0,7.0,-10.0,17.0,-23.0,12.0
1131,29672.0,54462.0,52920.0,56995.0,49535.0,27311.0,3.14604115486145,,,,,,,,,,,,,,,,,,,,,,,,,,25798.0,2378.0,-72.0,495.0,-1073741307.0,210.0,6.0,-9.0,11.0,-29.0,5.0
1132,29682.0,54429.0,52862.0,57222.0,49757.0,27321.0,3.1407625675201416,,,,,,,,,,,,,,,,,,,,,,,,,,25808.0,2380.0,-72.0,494.0,-1073741307.0,211.0,6.0,-15.0,-21.0,-16.0,20.0
1133,29732.0,54214.0,53405.0,57936.0,49175.0,27331.0,3.14604115486145,,,,,,,,,,,,,,,,,,,,,,,,,,25838.0,2390.0,-72.0,493.0,-1073741307.0,218.0,6.0,-19.0,-43.0,32.0,44.0
1134,29742.0,54467.0,53140.0,57632.0,49558.0,27341.0,3.1407625675201416,,,,,,,,,,,,,,,,,,,,,,,,,,25848.0,2390.0,-71.0,494.0,-536870395.0,215.0,7.0,-14.0,-34.0,28.0,42.0
1135,29752.0,54113.0,52948.0,57859.0,49754.0,27361.0,3.1407625675201416,,,,,,,,,,,,,,,,,,,,,,,,,,25858.0,2393.0,-71.0,494.0,-536870395.0,215.0,7.0,-15.0,-43.0,30.0,44.0
1136,29812.0,54451.0,53424.0,57666.0,49113.0,27381.0,3.1407625675201416,,,,,,,,,,,,,,,,,,,,,,,,,,25868.0,2387.0,-73.0,494.0,-536346107.0,201.0,4.0,-15.0,-51.0,44.0,46.0
1137,29822.0,53860.0,53022.0,57777.0,49331.0,27391.0,3.135483980178833,,,,,,,,,,,,,,,,,,,,,,,,,,25898.0,2395.0,-72.0,493.0,-535296508.0,203.0,5.0,-18.0,1.0,0.0,44.0
1138,29832.0,54239.0,52691.0,57641.0,49893.0,27401.0,3.135483980178833,,,,,,,,,,,,,,,,,,,,,,,,,,25908.0,2397.0,-72.0,492.0,-535296508.0,203.0,5.0,-19.0,18.0,-26.0,54.0
1139,29882.0,54881.0,53122.0,56885.0,49720.0,27441.0,3.135483980178833,,,,,,,,,,,,,,,,,,,,,,,,,,25918.0,2402.0,-72.0,492.0,-535296508.0,208.0,5.0,-20.0,-14.0,-71.0,53.0
1140,29892.0,54787.0,52856.0,56967.0,50054.0,27451.0,3.135483980178833,,,,,,,,,,,,,,,,,,,,,,,,,,25928.0,2403.0,-72.0,492.0,-535297532.0,207.0,5.0,-19.0,-13.0,-105.0,40.0
1141,29902.0,54283.0,53154.0,57386.0,49722.0,27461.0,3.135483980178833,,,,,,,,,,,,,,,,,,,,,,,,,,25938.0,2405.0,-72.0,493.0,-535297533.0,207.0,5.0,-15.0,-44.0,-103.0,50.0
1142,29952.0,54638.0,52660.0,57202.0,50372.0,27471.0,3.1302053928375244,,,,,,,,,,,,,,,,,,,,,,,,,,25968.0,2412.0,-73.0,492.0,-535820797.0,207.0,4.0,-16.0,-6.0,-41.0,60.0
1143,29962.0,54449.0,52814.0,57329.0,50257.0,27521.0,3.1302053928375244,,,,,,,,,,,,,,,,,,,,,,,,,,25978.0,2413.0,-73.0,493.0,-535820797.0,207.0,4.0,-11.0,19.0,-29.0,51.0
1144,29972.0,54071.0,53504.0,57900.0,49725.0,27531.0,3.1302053928375244,,,,,,,,,,,,,,,,,,,,,,,,,,25988.0,2416.0,-74.0,493.0,-535820798.0,208.0,2.0,-12.0,9.0,-2.0,63.0
1145,30012.0,54120.0,53359.0,58098.0,49686.0,27541.0,3.124926805496216,,,,,,,,,,,,,,,,,,,,,,,,,,26018.0,2423.0,-74.0,493.0,-535820798.0,211.0,4.0,-11.0,30.0,82.0,45.0
1146,30022.0,54158.0,53643.0,58076.0,49456.0,27571.0,3.124926805496216,,,,,,,,,,,,,,,,,,,,,,,,,,26038.0,2427.0,-74.0,491.0,-536870398.0,211.0,4.0,-20.0,-3.0,90.0,49.0
1147,30032.0,54035.0,54174.0,58081.0,48861.0,27591.0,3.1302053928375244,,,,,,,,,,,,,,,,,,,,,,,,,,26068.0,2432.0,-73.0,491.0,-535296511.0,208.0,5.0,-22.0,-72.0,40.0,40.0
1148,30092.0,54871.0,52700.0,57208.0,50169.0,27601.0,3.1302053928375244,,,,,,,,,,,,,,,,,,,,,,,,,,26078.0,2434.0,-73.0,490.0,-535296511.0,208.0,5.0,-22.0,-80.0,-16.0,40.0
1149,30102.0,54579.0,52749.0,57413.0,50057.0,27611.0,3.1302053928375244,,,,,,,,,,,,,,,,,,,,,,,,,,26088.0,2437.0,-72.0,490.0,-535296511.0,210.0,7.0,-22.0,-66.0,-22.0,32.0
1150,30112.0,55089.0,52727.0,57077.0,50214.0,27621.0,3.1302053928375244,,,,,,,,,,,,,,,,,,,,,,,,,,26118.0,2442.0,-75.0,489.0,-534248960.0,207.0,3.0,-26.0,42.0,-45.0,18.0
1151,30162.0,53774.0,53161.0,57903.0,49577.0,27631.0,3.1302053928375244,,,,,,,,,,,,,,,,,,,,,,,,,,26138.0,2445.0,-75.0,489.0,-535297536.0,205.0,3.0,-28.0,83.0,-58.0,9.0
1152,30172.0,53835.0,53639.0,57826.0,48908.0,27681.0,3.1407625675201416,,,,,,,,,,,,,,,,,,,,,,,,,,26148.0,2451.0,-75.0,487.0,-535821824.0,211.0,4.0,-40.0,64.0,-65.0,9.0
1153,30182.0,53845.0,53460.0,57957.0,49232.0,27691.0,3.1407625675201416,,,,,,,,,,,,,,,,,,,,,,,,,,26158.0,2452.0,-75.0,486.0,-535820800.0,210.0,4.0,-41.0,71.0,-35.0,6.0
1154,30222.0,54473.0,53012.0,57228.0,49833.0,27701.0,3.1407625675201416,,,,,,,,,,,,,,,,,,,,,,,,,,26168.0,2457.0,-75.0,486.0,-535820800.0,215.0,4.0,-41.0,27.0,-12.0,16.0
1155,30232.0,54312.0,53872.0,57321.0,48811.0,27731.0,3.1407625675201416,,,,,,,,,,,,,,,,,,,,,,,,,,26178.0,2459.0,-75.0,485.0,-536869376.0,215.0,4.0,-41.0,-2.0,2.0,10.0
1156,30242.0,54338.0,53342.0,57153.0,49566.0,27781.0,3.135483980178833,,,,,,,,,,,,,,,,,,,,,,,,,,26218.0,2458.0,-73.0,484.0,-535298048.0,199.0,8.0,-39.0,-89.0,68.0,15.0
1157,30292.0,54095.0,52033.0,56772.0,50310.0,27791.0,3.1302053928375244,,,,,,,,,,,,,,,,,,,,,,,,,,26228.0,2463.0,-73.0,484.0,-534249472.0,204.0,9.0,-39.0,-74.0,56.0,18.0
1158,30302.0,53257.0,52140.0,57450.0,50289.0,27801.0,3.1302053928375244,,,,,,,,,,,,,,,,,,,,,,,,,,26238.0,2467.0,-72.0,483.0,-534249472.0,207.0,9.0,-40.0,-41.0,28.0,15.0
1159,30312.0,53554.0,52468.0,57111.0,49946.0,27811.0,3.135483980178833,,,,,,,,,,,,,,,,,,,,,,,,,,26248.0,2468.0,-72.0,483.0,-534248448.0,205.0,10.0,-37.0,-21.0,6.0,15.0
1160,30322.0,53879.0,52415.0,56807.0,49882.0,27881.0,3.1407625675201416,,,,,,,,,,,,,,,,,,,,,,,,,,26258.0,2470.0,-72.0,482.0,-534248448.0,205.0,11.0,-37.0,19.0,2.0,15.0
1161,30362.0,53958.0,53018.0,56440.0,49263.0,27891.0,3.1407625675201416,,,,,,,,,,,,,,,,,,,,,,,,,,26298.0,2477.0,-74.0,481.0,-535298048.0,202.0,8.0,-41.0,80.0,-119.0,0.0
1162,30372.0,53673.0,52984.0,56819.0,49497.0,27901.0,3.1407625675201416,,,,,,,,,,,,,,,,,,,,,,,,,,26308.0,2479.0,-74.0,480.0,-535822336.0,203.0,9.0,-41.0,69.0,-118.0,-2.0
1163,30382.0,54035.0,53060.0,56884.0,49736.0,27951.0,3.1407625675201416,,,,,,,,,,,,,,,,,,,,,,,,,,26318.0,2482.0,-74.0,480.0,-535821312.0,205.0,9.0,-43.0,67.0,-88.0,2.0
1164,30432.0,54312.0,53286.0,56297.0,50401.0,28001.0,3.135483980178833,,,,,,,,,,,,,,,,,,,,,,,,,,26328.0,2485.0,-74.0,480.0,-535821312.0,206.0,8.0,-43.0,47.0,-79.0,3.0
1165,30442.0,53875.0,54249.0,56755.0,49047.0,28011.0,3.135483980178833,,,,,,,,,,,,,,,,,,,,,,,,,,26398.0,2497.0,-75.0,476.0,-1073739775.0,206.0,7.0,-43.0,-11.0,4.0,10.0
1166,30452.0,54127.0,53493.0,56602.0,49819.0,28021.0,3.135483980178833,,,,,,,,,,,,,,,,,,,,,,,,,,26408.0,2500.0,-75.0,475.0,-1073739775.0,207.0,7.0,-44.0,-14.0,13.0,23.0
1167,30492.0,52737.0,53510.0,57710.0,49977.0,28031.0,3.135483980178833,,,,,,,,,,,,,,,,,,,,,,,,,,26418.0,2502.0,-75.0,475.0,-1073739775.0,207.0,6.0,-42.0,-18.0,1.0,24.0
1168,30502.0,51682.0,54614.0,58878.0,48932.0,28081.0,3.1407625675201416,,,,,,,,,,,,,,,,,,,,,,,,,,26428.0,2503.0,-74.0,475.0,-1073739775.0,206.0,8.0,-41.0,-43.0,9.0,32.0
1169,30512.0,53076.0,52142.0,58007.0,51534.0,28121.0,3.135483980178833,,,,,,,,,,,,,,,,,,,,,,,,,,26468.0,2514.0,-74.0,474.0,-536868863.0,213.0,7.0,-37.0,-35.0,10.0,30.0
1170,30572.0,54195.0,53724.0,57561.0,50313.0,28131.0,3.135483980178833,,,,,,,,,,,,,,,,,,,,,,,,,,26478.0,2516.0,-74.0,473.0,-536868863.0,212.0,7.0,-35.0,-35.0,27.0,44.0
1171,30582.0,54030.0,55298.0,57654.0,48560.0,28141.0,3.1302053928375244,,,,,,,,,,,,,,,,,,,,,,,,,,26488.0,2519.0,-75.0,473.0,-535820286.0,214.0,6.0,-35.0,-21.0,21.0,32.0
1172,30592.0,54468.0,54117.0,57192.0,50095.0,28151.0,3.1302053928375244,,,,,,,,,,,,,,,,,,,,,,,,,,26498.0,2521.0,-74.0,474.0,-535821310.0,215.0,6.0,-28.0,-4.0,33.0,41.0
1173,30642.0,54826.0,54297.0,57090.0,50412.0,28171.0,3.124926805496216,,,,,,,,,,,,,,,,,,,,,,,,,,26518.0,2523.0,-74.0,473.0,-535821310.0,212.0,6.0,-28.0,-9.0,13.0,35.0
1174,30652.0,53580.0,53945.0,58080.0,50793.0,28191.0,3.1302053928375244,,,,,,,,,,,,,,,,,,,,,,,,,,26558.0,2535.0,-75.0,472.0,-535821310.0,219.0,6.0,-24.0,-25.0,-2.0,19.0
1175,30662.0,54623.0,53973.0,57291.0,50941.0,28201.0,3.124926805496216,,,,,,,,,,,,,,,,,,,,,,,,,,26568.0,2535.0,-75.0,472.0,-535821309.0,216.0,5.0,-25.0,-12.0,-25.0,11.0
1176,30692.0,54595.0,53969.0,57205.0,50914.0,28211.0,3.1196482181549072,,,,,,,,,,,,,,,,,,,,,,,,,,26578.0,2538.0,-75.0,473.0,-535821309.0,217.0,5.0,-21.0,2.0,-10.0,19.0
1177,30702.0,54467.0,54037.0,57340.0,50767.0,28221.0,3.1196482181549072,,,,,,,,,,,,,,,,,,,,,,,,,,26638.0,2550.0,-76.0,472.0,-536869885.0,218.0,5.0,-14.0,48.0,26.0,16.0
1178,30712.0,53963.0,54624.0,57714.0,50019.0,28271.0,3.1143696308135986,,,,,,,,,,,,,,,,,,,,,,,,,,26648.0,2552.0,-76.0,472.0,-536869885.0,218.0,5.0,-14.0,37.0,6.0,13.0
1179,30782.0,53618.0,53716.0,57161.0,49979.0,28281.0,3.1143696308135986,,,,,,,,,,,,,,,,,,,,,,,,,,26658.0,2553.0,-77.0,471.0,-536869885.0,216.0,3.0,-13.0,24.0,-13.0,15.0
1180,30792.0,54026.0,53899.0,56627.0,49881.0,28291.0,3.1143696308135986,,,,,,,,,,,,,,,,,,,,,,,,,,26728.0,2568.0,-78.0,470.0,-1073740797.0,217.0,0.0,-15.0,69.0,-50.0,-46.0
1181,30802.0,53875.0,53499.0,57067.0,50599.0,28301.0,3.1196482181549072,,,,,,,,,,,,,,,,,,,,,,,,,,26738.0,2570.0,-78.0,470.0,-1073739773.0,218.0,0.0,-16.0,72.0,-87.0,-44.0
1182,30812.0,53082.0,53984.0,57544.0,49969.0,28331.0,3.1196482181549072,,,,,,,,,,,,,,,,,,,,,,,,,,26748.0,2572.0,-78.0,469.0,-1072691198.0,217.0,1.0,-17.0,95.0,-104.0,-55.0
1183,30852.0,54132.0,53087.0,56449.0,50668.0,28341.0,3.1196482181549072,,,,,,,,,,,,,,,,,,,,,,,,,,26778.0,2581.0,-78.0,470.0,-1071641598.0,225.0,0.0,-10.0,72.0,-96.0,-65.0
1184,30862.0,54485.0,53773.0,56177.0,49820.0,28351.0,3.124926805496216,,,,,,,,,,,,,,,,,,,,,,,,,,26788.0,2585.0,-78.0,470.0,-1071640574.0,228.0,0.0,-9.0,37.0,-63.0,-64.0
1185,30872.0,54228.0,53897.0,56295.0,49372.0,28361.0,3.124926805496216,,,,,,,,,,,,,,,,,,,,,,,,,,26798.0,2587.0,-78.0,468.0,-1071640575.0,229.0,0.0,-21.0,21.0,-34.0,-47.0
1186,30902.0,52716.0,53486.0,57265.0,49860.0,28371.0,3.124926805496216,,,,,,,,,,,,,,,,,,,,,,,,,,26808.0,2586.0,-78.0,467.0,-1071640575.0,224.0,-1.0,-23.0,0.0,-1.0,-48.0
1187,30942.0,53567.0,53532.0,56666.0,49760.0,28391.0,3.135483980178833,,,,,,,,,,,,,,,,,,,,,,,,,,26818.0,2589.0,-78.0,467.0,-1071640575.0,225.0,-2.0,-24.0,-14.0,42.0,-50.0
1188,30952.0,52986.0,52681.0,57125.0,50603.0,28401.0,3.135483980178833,,,,,,,,,,,,,,,,,,,,,,,,,,26828.0,2590.0,-78.0,467.0,-1071640575.0,225.0,-1.0,-23.0,-51.0,64.0,-43.0
1189,30962.0,52722.0,52939.0,57522.0,50385.0,28411.0,3.135483980178833,,,,,,,,,,,,,,,,,,,,,,,,,,26848.0,2596.0,-77.0,467.0,-1071641600.0,229.0,-2.0,-21.0,-45.0,68.0,-48.0
1190,30972.0,52945.0,52863.0,57334.0,50391.0,28421.0,3.135483980178833,,,,,,,,,,,,,,,,,,,,,,,,,,26858.0,2598.0,-77.0,467.0,-1071641600.0,230.0,-2.0,-21.0,-25.0,71.0,-48.0
1191,31012.0,54905.0,53470.0,55839.0,49578.0,28461.0,3.1407625675201416,,,,,,,,,,,,,,,,,,,,,,,,,,26868.0,2600.0,-77.0,467.0,-1071641600.0,230.0,-2.0,-22.0,18.0,93.0,-51.0
1192,31022.0,54015.0,53902.0,56573.0,48952.0,28471.0,3.1407625675201416,,,,,,,,,,,,,,,,,,,,,,,,,,26878.0,2603.0,-78.0,466.0,-1071642112.0,232.0,-4.0,-23.0,14.0,40.0,-53.0
1193,31032.0,54341.0,54033.0,56309.0,48815.0,28481.0,3.1407625675201416,,,,,,,,,,,,,,,,,,,,,,,,,,26908.0,2610.0,-78.0,466.0,-1071642111.0,234.0,-6.0,-22.0,27.0,-22.0,-49.0
1194,31062.0,53937.0,52263.0,56669.0,50510.0,28491.0,3.135483980178833,,,,,,,,,,,,,,,,,,,,,,,,,,26928.0,2616.0,-78.0,467.0,-1071642111.0,238.0,-7.0,-12.0,-2.0,-41.0,-63.0
1195,31072.0,53635.0,53392.0,56953.0,49240.0,28511.0,3.1407625675201416,,,,,,,,,,,,,,,,,,,,,,,,,,26958.0,2622.0,-78.0,467.0,-1071641087.0,237.0,-8.0,-9.0,-20.0,0.0,-32.0
1196,31082.0,53656.0,52683.0,57046.0,50044.0,28531.0,3.1407625675201416,,,,,,,,,,,,,,,,,,,,,,,,,,26968.0,2628.0,-79.0,466.0,-1071641086.0,244.0,-10.0,-12.0,24.0,24.0,-41.0
1197,31092.0,54074.0,52766.0,56705.0,50087.0,28541.0,3.1407625675201416,,,,,,,,,,,,,,,,,,,,,,,,,,26978.0,2630.0,-78.0,466.0,-1071641086.0,245.0,-9.0,-11.0,25.0,41.0,-31.0
1198,31142.0,53473.0,53045.0,57538.0,49421.0,28551.0,3.1407625675201416,,,,,,,,,,,,,,,,,,,,,,,,,,26988.0,2632.0,-79.0,466.0,-1071641086.0,245.0,-12.0,-10.0,21.0,75.0,-39.0
1199,31152.0,54191.0,53314.0,57088.0,49278.0,28561.0,3.1407625675201416,,,,,,,,,,,,,,,,,,,,,,,,,,26998.0,2635.0,-80.0,466.0,-1071642110.0,246.0,-12.0,-10.0,21.0,81.0,-49.0
1200,31162.0,54336.0,54216.0,57060.0,48210.0,28591.0,3.1407625675201416,,,,,,,,,,,,,,,,,,,,,,,,,,27008.0,2639.0,-80.0,465.0,-1071642110.0,249.0,-13.0,-15.0,-3.0,74.0,-33.0
1201,31172.0,54012.0,53540.0,57366.0,49152.0,28601.0,3.1407625675201416,,,,,,,,,,,,,,,,,,,,,,,,,,27028.0,2644.0,-80.0,465.0,-1071642110.0,250.0,-13.0,-15.0,-19.0,64.0,-22.0
1202,31212.0,54371.0,53539.0,57686.0,49566.0,28611.0,3.1407625675201416,,,,,,,,,,,,,,,,,,,,,,,,,,27038.0,2646.0,-80.0,464.0,-1071643133.0,250.0,-14.0,-16.0,-67.0,61.0,-35.0
1203,31222.0,53790.0,53814.0,58185.0,49158.0,28621.0,3.1407625675201416,,,,,,,,,,,,,,,,,,,,,,,,,,27048.0,2648.0,-80.0,464.0,-1071643133.0,249.0,-15.0,-15.0,-66.0,50.0,-29.0
1204,31232.0,54019.0,53872.0,58139.0,49364.0,28651.0,3.135483980178833,,,,,,,,,,,,,,,,,,,,,,,,,,27058.0,2652.0,-80.0,464.0,-1071643133.0,253.0,-15.0,-12.0,-62.0,40.0,-20.0
1205,31262.0,54548.0,53088.0,57875.0,50017.0,28661.0,3.135483980178833,,,,,,,,,,,,,,,,,,,,,,,,,,27068.0,2654.0,-80.0,464.0,-1072691709.0,252.0,-14.0,-12.0,-69.0,50.0,-20.0
1206,31272.0,54577.0,53327.0,57797.0,49736.0,28671.0,3.135483980178833,,,,,,,,,,,,,,,,,,,,,,,,,,27098.0,2661.0,-80.0,466.0,-1072692733.0,252.0,-15.0,-2.0,-10.0,27.0,-34.0
1207,31282.0,54346.0,53372.0,57910.0,49626.0,28681.0,3.1302053928375244,,,,,,,,,,,,,,,,,,,,,,,,,,27108.0,2662.0,-81.0,466.0,-1072692733.0,249.0,-17.0,-2.0,-12.0,41.0,-29.0
1208,31332.0,54927.0,53072.0,57218.0,49919.0,28701.0,3.1302053928375244,,,,,,,,,,,,,,,,,,,,,,,,,,27118.0,2665.0,-82.0,466.0,-1072168445.0,251.0,-19.0,0.0,-19.0,31.0,-34.0
1209,31342.0,55157.0,53333.0,57011.0,49632.0,28711.0,3.135483980178833,,,,,,,,,,,,,,,,,,,,,,,,,,27128.0,2668.0,-82.0,466.0,-1072168445.0,250.0,-18.0,0.0,-37.0,35.0,-24.0
1210,31352.0,54596.0,53654.0,57580.0,49453.0,28721.0,3.1302053928375244,,,,,,,,,,,,,,,,,,,,,,,,,,27148.0,2676.0,-83.0,466.0,-1072168444.0,256.0,-20.0,1.0,-39.0,23.0,-21.0
1211,31392.0,55570.0,54107.0,56857.0,49503.0,28771.0,3.1302053928375244,,,,,,,,,,,,,,,,,,,,,,,,,,27158.0,2677.0,-83.0,466.0,-1073217020.0,254.0,-19.0,0.0,-29.0,-2.0,-23.0
1212,31402.0,54971.0,53673.0,57400.0,50049.0,28781.0,3.1302053928375244,,,,,,,,,,,,,,,,,,,,,,,,,,27168.0,2678.0,-83.0,466.0,-1073217020.0,251.0,-19.0,0.0,-29.0,1.0,-29.0
1213,31412.0,54643.0,53644.0,57885.0,50315.0,28791.0,3.1302053928375244,,,,,,,,,,,,,,,,,,,,,,,,,,27178.0,2679.0,-83.0,466.0,-1073215996.0,247.0,-20.0,0.0,-38.0,14.0,-19.0
1214,31422.0,55996.0,52336.0,56818.0,51567.0,28801.0,3.1302053928375244,,,,,,,,,,,,,,,,,,,,,,,,,,27188.0,2682.0,-84.0,468.0,-1073215996.0,248.0,-21.0,12.0,-39.0,30.0,-26.0
1215,31442.0,55603.0,53406.0,57169.0,50507.0,28841.0,3.1407625675201416,,,,,,,,,,,,,,,,,,,,,,,,,,27218.0,2691.0,-85.0,468.0,-536345084.0,250.0,-21.0,13.0,-13.0,37.0,-20.0
1216,31462.0,54807.0,53633.0,57612.0,49866.0,28851.0,3.1407625675201416,,,,,,,,,,,,,,,,,,,,,,,,,,27228.0,2694.0,-85.0,468.0,-536345084.0,250.0,-21.0,10.0,0.0,30.0,-27.0
1217,31472.0,54720.0,53957.0,57661.0,49448.0,28861.0,3.1407625675201416,,,,,,,,,,,,,,,,,,,,,,,,,,27238.0,2696.0,-86.0,468.0,-536345084.0,250.0,-22.0,10.0,-1.0,15.0,-24.0
1218,31482.0,55141.0,53204.0,57027.0,50121.0,28921.0,3.14604115486145,,,,,,,,,,,,,,,,,,,,,,,,,,27248.0,2698.0,-86.0,468.0,-536345084.0,249.0,-22.0,13.0,-30.0,6.0,-9.0
1219,31532.0,54874.0,53575.0,57114.0,49417.0,28931.0,3.14604115486145,,,,,,,,,,,,,,,,,,,,,,,,,,27298.0,2712.0,-88.0,467.0,-535296508.0,249.0,-22.0,9.0,-17.0,-26.0,3.0
1220,31542.0,54964.0,53675.0,57234.0,49602.0,28941.0,3.14604115486145,,,,,,,,,,,,,,,,,,,,,,,,,,27308.0,2714.0,-88.0,468.0,-535296508.0,249.0,-22.0,10.0,-33.0,-13.0,2.0
1221,,,,,,28951.0,3.14604115486145,,,,,,,,,,,,,,,,,,,,,,,,,,27318.0,2710.0,-88.0,468.0,-535296508.0,237.0,-22.0,10.0,-58.0,7.0,5.0
1222,,,,,,29031.0,3.124926805496216,,,,,,,,,,,,,,,,,,,,,,,,,,27328.0,2715.0,-90.0,468.0,-535296508.0,240.0,-25.0,10.0,-79.0,8.0,9.0
1223,,,,,,29041.0,3.124926805496216,,,,,,,,,,,,,,,,,,,,,,,,,,27378.0,2726.0,-90.0,467.0,-534247932.0,238.0,-20.0,-1.0,-42.0,-37.0,13.0
1224,,,,,,29051.0,3.124926805496216,,,,,,,,,,,,,,,,,,,,,,,,,,27388.0,2728.0,-91.0,467.0,-534247932.0,236.0,-22.0,-3.0,-21.0,-35.0,11.0
1225,,,,,,29061.0,3.124926805496216,,,,,,,,,,,,,,,,,,,,,,,,,,27398.0,2730.0,-92.0,467.0,-533199356.0,236.0,-21.0,0.0,-45.0,-60.0,22.0
1226,,,,,,29101.0,3.124926805496216,,,,,,,,,,,,,,,,,,,,,,,,,,27418.0,2733.0,-90.0,467.0,-533199356.0,230.0,-17.0,0.0,-21.0,-44.0,27.0
1227,,,,,,29131.0,3.124926805496216,,,,,,,,,,,,,,,,,,,,,,,,,,27448.0,2742.0,-92.0,467.0,-533200380.0,234.0,-17.0,-4.0,-37.0,33.0,21.0
1228,,,,,,29141.0,3.124926805496216,,,,,,,,,,,,,,,,,,,,,,,,,,27458.0,2743.0,-92.0,467.0,-533200381.0,232.0,-15.0,-4.0,-16.0,47.0,23.0
1229,,,,,,29151.0,3.1196482181549072,,,,,,,,,,,,,,,,,,,,,,,,,,27468.0,2744.0,-92.0,467.0,-533199357.0,230.0,-14.0,-6.0,3.0,90.0,20.0
1230,,,,,,29161.0,3.124926805496216,,,,,,,,,,,,,,,,,,,,,,,,,,27488.0,2748.0,-94.0,466.0,-533199357.0,227.0,-16.0,-11.0,-3.0,33.0,19.0
1231,,,,,,29181.0,3.124926805496216,,,,,,,,,,,,,,,,,,,,,,,,,,27508.0,2755.0,-94.0,466.0,-533199357.0,232.0,-14.0,-12.0,0.0,-8.0,11.0
1232,,,,,,29191.0,3.124926805496216,,,,,,,,,,,,,,,,,,,,,,,,,,27518.0,2757.0,-94.0,466.0,-533199357.0,230.0,-12.0,-13.0,-24.0,-18.0,13.0
1233,,,,,,29201.0,3.124926805496216,,,,,,,,,,,,,,,,,,,,,,,,,,27528.0,2759.0,-94.0,466.0,-533199357.0,230.0,-11.0,-14.0,-6.0,-42.0,22.0
1234,,,,,,29211.0,3.1196482181549072,,,,,,,,,,,,,,,,,,,,,,,,,,27538.0,2761.0,-94.0,465.0,-533199357.0,228.0,-10.0,-16.0,-8.0,-62.0,17.0
1235,,,,,,29221.0,3.1196482181549072,,,,,,,,,,,,,,,,,,,,,,,,,,27548.0,2763.0,-94.0,465.0,-533199357.0,228.0,-9.0,-17.0,10.0,-50.0,10.0
1236,,,,,,29241.0,3.1196482181549072,,,,,,,,,,,,,,,,,,,,,,,,,,27558.0,2762.0,-94.0,465.0,-533199357.0,222.0,-8.0,-15.0,0.0,-49.0,16.0
1237,,,,,,29251.0,3.1196482181549072,,,,,,,,,,,,,,,,,,,,,,,,,,27598.0,2774.0,-96.0,464.0,-533200381.0,226.0,-7.0,-16.0,35.0,6.0,12.0
1238,,,,,,29261.0,3.1196482181549072,,,,,,,,,,,,,,,,,,,,,,,,,,27608.0,2776.0,-96.0,464.0,-533200381.0,226.0,-6.0,-14.0,28.0,2.0,5.0
1239,,,,,,29271.0,3.1196482181549072,,,,,,,,,,,,,,,,,,,,,,,,,,27618.0,2777.0,-96.0,465.0,-533200381.0,224.0,-6.0,-6.0,5.0,0.0,-2.0
1240,,,,,,29301.0,3.124926805496216,,,,,,,,,,,,,,,,,,,,,,,,,,27628.0,2780.0,-96.0,465.0,-533200381.0,224.0,-5.0,-4.0,-3.0,2.0,6.0
1241,,,,,,29311.0,3.124926805496216,,,,,,,,,,,,,,,,,,,,,,,,,,27648.0,2787.0,-96.0,465.0,-533200381.0,230.0,-3.0,-3.0,-23.0,3.0,27.0
1242,,,,,,29321.0,3.124926805496216,,,,,,,,,,,,,,,,,,,,,,,,,,27668.0,2793.0,-96.0,466.0,-533200382.0,231.0,-1.0,4.0,-21.0,1.0,20.0
1243,,,,,,29331.0,3.124926805496216,,,,,,,,,,,,,,,,,,,,,,,,,,27688.0,2794.0,-97.0,466.0,-533200382.0,225.0,-1.0,4.0,14.0,-9.0,9.0
1244,,,,,,29361.0,3.1302053928375244,,,,,,,,,,,,,,,,,,,,,,,,,,27698.0,2797.0,-97.0,465.0,-533200382.0,225.0,-1.0,1.0,25.0,7.0,18.0
1245,,,,,,29371.0,3.135483980178833,,,,,,,,,,,,,,,,,,,,,,,,,,27708.0,2799.0,-97.0,465.0,-533200382.0,225.0,0.0,2.0,25.0,1.0,22.0
1246,,,,,,29381.0,3.135483980178833,,,,,,,,,,,,,,,,,,,,,,,,,,27718.0,2802.0,-97.0,465.0,-533200382.0,227.0,0.0,1.0,23.0,1.0,24.0
1247,,,,,,29421.0,3.135483980178833,,,,,,,,,,,,,,,,,,,,,,,,,,27788.0,2815.0,-96.0,465.0,-534248958.0,221.0,6.0,0.0,49.0,-21.0,0.0
1248,,,,,,29431.0,3.135483980178833,,,,,,,,,,,,,,,,,,,,,,,,,,27798.0,2817.0,-96.0,465.0,-534248958.0,220.0,6.0,1.0,36.0,-11.0,-11.0
1249,,,,,,29441.0,3.1407625675201416,,,,,,,,,,,,,,,,,,,,,,,,,,27808.0,2821.0,-96.0,465.0,-534773246.0,224.0,6.0,2.0,26.0,-28.0,-3.0
1250,,,,,,29451.0,3.135483980178833,,,,,,,,,,,,,,,,,,,,,,,,,,27868.0,2831.0,-95.0,465.0,-534773246.0,217.0,11.0,5.0,40.0,18.0,1.0
1251,,,,,,29461.0,3.1407625675201416,,,,,,,,,,,,,,,,,,,,,,,,,,27878.0,2836.0,-95.0,465.0,-534773246.0,223.0,11.0,8.0,35.0,32.0,-2.0
1252,,,,,,29501.0,3.135483980178833,,,,,,,,,,,,,,,,,,,,,,,,,,27888.0,2839.0,-95.0,465.0,-535821822.0,225.0,11.0,7.0,27.0,23.0,0.0
1253,,,,,,29521.0,3.135483980178833,,,,,,,,,,,,,,,,,,,,,,,,,,27898.0,2841.0,-96.0,465.0,-535821822.0,225.0,11.0,8.0,19.0,32.0,3.0
1254,,,,,,29531.0,3.135483980178833,,,,,,,,,,,,,,,,,,,,,,,,,,27928.0,2847.0,-94.0,466.0,-535297534.0,224.0,14.0,12.0,-10.0,-40.0,-19.0
1255,,,,,,29541.0,3.135483980178833,,,,,,,,,,,,,,,,,,,,,,,,,,27998.0,2856.0,-97.0,467.0,-1073739261.0,213.0,9.0,12.0,39.0,-169.0,-47.0
1256,,,,,,29581.0,3.135483980178833,,,,,,,,,,,,,,,,,,,,,,,,,,28008.0,2858.0,-97.0,469.0,-1073738237.0,214.0,8.0,20.0,41.0,-155.0,-45.0
1257,,,,,,29591.0,3.1302053928375244,,,,,,,,,,,,,,,,,,,,,,,,,,28018.0,2859.0,-96.0,469.0,-1072689661.0,211.0,10.0,20.0,23.0,-137.0,-51.0
1258,,,,,,29601.0,3.1302053928375244,,,,,,,,,,,,,,,,,,,,,,,,,,28028.0,2861.0,-96.0,469.0,-1072688637.0,211.0,10.0,22.0,6.0,-88.0,-47.0
1259,,,,,,29611.0,3.1302053928375244,,,,,,,,,,,,,,,,,,,,,,,,,,28048.0,2861.0,-96.0,469.0,-1072688636.0,207.0,9.0,17.0,2.0,-11.0,-32.0
1260,,,,,,29651.0,3.1302053928375244,,,,,,,,,,,,,,,,,,,,,,,,,,28108.0,2878.0,-95.0,468.0,-1072688636.0,220.0,9.0,3.0,23.0,6.0,-28.0
1261,,,,,,29661.0,3.1302053928375244,,,,,,,,,,,,,,,,,,,,,,,,,,28118.0,2880.0,-95.0,468.0,-1072688636.0,220.0,8.0,1.0,33.0,14.0,-33.0
1262,,,,,,29671.0,3.1302053928375244,,,,,,,,,,,,,,,,,,,,,,,,,,28128.0,2882.0,-95.0,468.0,-1072688636.0,221.0,7.0,0.0,20.0,22.0,-27.0
1263,,,,,,29681.0,3.124926805496216,,,,,,,,,,,,,,,,,,,,,,,,,,28148.0,2887.0,-95.0,466.0,-1072688635.0,224.0,6.0,-8.0,21.0,54.0,-23.0
1264,,,,,,29731.0,3.124926805496216,,,,,,,,,,,,,,,,,,,,,,,,,,28188.0,2890.0,-95.0,464.0,-1072690683.0,216.0,4.0,-17.0,-76.0,88.0,-7.0
1265,,,,,,29741.0,3.124926805496216,,,,,,,,,,,,,,,,,,,,,,,,,,28198.0,2896.0,-95.0,464.0,-1072690683.0,224.0,5.0,-18.0,-109.0,76.0,-18.0
1266,,,,,,29751.0,3.124926805496216,,,,,,,,,,,,,,,,,,,,,,,,,,28208.0,2897.0,-94.0,463.0,-1072690683.0,223.0,5.0,-18.0,-89.0,62.0,-25.0
1267,,,,,,29811.0,3.124926805496216,,,,,,,,,,,,,,,,,,,,,,,,,,28218.0,2899.0,-94.0,463.0,-1073739259.0,223.0,6.0,-21.0,-58.0,60.0,-36.0
1268,,,,,,29821.0,3.1302053928375244,,,,,,,,,,,,,,,,,,,,,,,,,,28228.0,2901.0,-94.0,462.0,-1073740283.0,223.0,4.0,-20.0,-51.0,25.0,-31.0
1269,,,,,,29831.0,3.124926805496216,,,,,,,,,,,,,,,,,,,,,,,,,,28258.0,2910.0,-94.0,462.0,-536869370.0,227.0,4.0,-18.0,74.0,-17.0,-32.0
1270,,,,,,29841.0,3.124926805496216,,,,,,,,,,,,,,,,,,,,,,,,,,28278.0,2914.0,-94.0,462.0,-1073740282.0,227.0,4.0,-14.0,89.0,-16.0,-43.0
1271,,,,,,29881.0,3.124926805496216,,,,,,,,,,,,,,,,,,,,,,,,,,28288.0,2918.0,-95.0,462.0,-1072690682.0,231.0,3.0,-10.0,46.0,-8.0,-50.0
1272,,,,,,29891.0,3.124926805496216,,,,,,,,,,,,,,,,,,,,,,,,,,28298.0,2920.0,-95.0,461.0,-1072690682.0,231.0,3.0,-8.0,25.0,22.0,-48.0
1273,,,,,,29901.0,3.124926805496216,,,,,,,,,,,,,,,,,,,,,,,,,,28328.0,2919.0,-94.0,461.0,-1072691705.0,218.0,3.0,-7.0,-69.0,76.0,-48.0
1274,,,,,,29951.0,3.1302053928375244,,,,,,,,,,,,,,,,,,,,,,,,,,28338.0,2926.0,-93.0,461.0,-1072691705.0,227.0,5.0,-5.0,-89.0,50.0,-28.0
1275,,,,,,29961.0,3.1302053928375244,,,,,,,,,,,,,,,,,,,,,,,,,,28348.0,2928.0,-94.0,461.0,-1072691705.0,227.0,3.0,-2.0,-68.0,53.0,-29.0
1276,,,,,,29971.0,3.124926805496216,,,,,,,,,,,,,,,,,,,,,,,,,,28358.0,2930.0,-92.0,461.0,-1073741305.0,226.0,5.0,0.0,-78.0,-5.0,-22.0
1277,,,,,,30011.0,3.124926805496216,,,,,,,,,,,,,,,,,,,,,,,,,,28398.0,2939.0,-93.0,463.0,-536870393.0,226.0,3.0,11.0,25.0,2.0,-5.0
1278,,,,,,30021.0,3.124926805496216,,,,,,,,,,,,,,,,,,,,,,,,,,28408.0,2943.0,-94.0,463.0,-536870393.0,229.0,3.0,12.0,47.0,15.0,-12.0
1279,,,,,,30031.0,3.124926805496216,,,,,,,,,,,,,,,,,,,,,,,,,,28418.0,2945.0,-94.0,463.0,-1073741305.0,229.0,3.0,12.0,17.0,45.0,-15.0
1280,,,,,,30091.0,3.124926805496216,,,,,,,,,,,,,,,,,,,,,,,,,,28428.0,2946.0,-94.0,464.0,-1073741305.0,228.0,2.0,11.0,-10.0,80.0,-6.0
1281,,,,,,30101.0,3.124926805496216,,,,,,,,,,,,,,,,,,,,,,,,,,28448.0,2950.0,-94.0,463.0,-536346104.0,227.0,2.0,7.0,-50.0,112.0,-8.0
1282,,,,,,30111.0,3.1196482181549072,,,,,,,,,,,,,,,,,,,,,,,,,,28468.0,2960.0,-93.0,463.0,-535296504.0,237.0,3.0,3.0,-92.0,52.0,-5.0
1283,,,,,,30161.0,3.1302053928375244,,,,,,,,,,,,,,,,,,,,,,,,,,28478.0,2963.0,-93.0,464.0,-535296504.0,238.0,4.0,10.0,-63.0,31.0,-2.0
1284,,,,,,30171.0,3.1302053928375244,,,,,,,,,,,,,,,,,,,,,,,,,,28488.0,2964.0,-93.0,465.0,-535296504.0,235.0,5.0,9.0,-31.0,27.0,1.0
1285,,,,,,30181.0,3.124926805496216,,,,,,,,,,,,,,,,,,,,,,,,,,28528.0,2975.0,-94.0,467.0,-535295480.0,236.0,3.0,16.0,43.0,68.0,6.0
1286,,,,,,30191.0,3.124926805496216,,,,,,,,,,,,,,,,,,,,,,,,,,28538.0,2975.0,-90.0,467.0,-535295480.0,230.0,11.0,16.0,90.0,77.0,-2.0
1287,,,,,,30221.0,3.124926805496216,,,,,,,,,,,,,,,,,,,,,,,,,,28548.0,2977.0,-91.0,468.0,-536344056.0,230.0,9.0,14.0,33.0,59.0,11.0
1288,,,,,,30231.0,3.124926805496216,,,,,,,,,,,,,,,,,,,,,,,,,,28558.0,2979.0,-90.0,469.0,-536343032.0,229.0,10.0,17.0,51.0,63.0,12.0
1289,,,,,,30241.0,3.124926805496216,,,,,,,,,,,,,,,,,,,,,,,,,,28578.0,2982.0,-90.0,469.0,-1073213944.0,224.0,10.0,15.0,0.0,28.0,23.0
1290,,,,,,30251.0,3.124926805496216,,,,,,,,,,,,,,,,,,,,,,,,,,28588.0,2984.0,-90.0,469.0,-536343033.0,223.0,11.0,13.0,-52.0,-7.0,20.0
1291,,,,,,30261.0,3.124926805496216,,,,,,,,,,,,,,,,,,,,,,,,,,28598.0,2987.0,-89.0,469.0,-536343033.0,224.0,11.0,12.0,-44.0,-27.0,18.0
1292,,,,,,30291.0,3.1302053928375244,,,,,,,,,,,,,,,,,,,,,,,,,,28608.0,2992.0,-88.0,470.0,-536343033.0,229.0,13.0,10.0,-30.0,-27.0,16.0
1293,,,,,,30301.0,3.1302053928375244,,,,,,,,,,,,,,,,,,,,,,,,,,28618.0,2995.0,-88.0,470.0,-535294457.0,228.0,13.0,7.0,-17.0,-41.0,23.0
1294,,,,,,30311.0,3.1302053928375244,,,,,,,,,,,,,,,,,,,,,,,,,,28628.0,2997.0,-88.0,470.0,-535294457.0,227.0,14.0,4.0,-24.0,-44.0,12.0
1295,,,,,,30321.0,3.1302053928375244,,,,,,,,,,,,,,,,,,,,,,,,,,28648.0,2998.0,-89.0,470.0,-535294457.0,218.0,11.0,7.0,-9.0,0.0,24.0
1296,,,,,,30351.0,3.135483980178833,,,,,,,,,,,,,,,,,,,,,,,,,,28658.0,3000.0,-89.0,471.0,-535294457.0,218.0,11.0,6.0,-28.0,-3.0,23.0
1297,,,,,,30361.0,3.135483980178833,,,,,,,,,,,,,,,,,,,,,,,,,,28668.0,3002.0,-89.0,471.0,-535294457.0,217.0,11.0,6.0,-50.0,-15.0,36.0
1298,,,,,,30371.0,3.1302053928375244,,,,,,,,,,,,,,,,,,,,,,,,,,28678.0,3006.0,-89.0,471.0,-535295481.0,220.0,11.0,5.0,-46.0,-3.0,35.0
1299,,,,,,30381.0,3.1302053928375244,,,,,,,,,,,,,,,,,,,,,,,,,,28708.0,3013.0,-89.0,471.0,-535295482.0,219.0,12.0,3.0,12.0,-13.0,33.0
1300,,,,,,30431.0,3.124926805496216,,,,,,,,,,,,,,,,,,,,,,,,,,28718.0,3013.0,-89.0,471.0,-535294458.0,213.0,11.0,2.0,34.0,-13.0,27.0
1301,,,,,,30441.0,3.124926805496216,,,,,,,,,,,,,,,,,,,,,,,,,,28728.0,3015.0,-89.0,471.0,-535294458.0,212.0,11.0,2.0,23.0,-30.0,24.0
1302,,,,,,30451.0,3.124926805496216,,,,,,,,,,,,,,,,,,,,,,,,,,28738.0,3018.0,-90.0,471.0,-535295482.0,214.0,10.0,1.0,3.0,-53.0,24.0
1303,,,,,,30461.0,3.124926805496216,,,,,,,,,,,,,,,,,,,,,,,,,,28768.0,3025.0,-90.0,471.0,-535295482.0,214.0,10.0,1.0,-14.0,-61.0,26.0
1304,,,,,,30491.0,3.1302053928375244,,,,,,,,,,,,,,,,,,,,,,,,,,28778.0,3028.0,-90.0,472.0,-535296506.0,214.0,10.0,6.0,11.0,-36.0,27.0
1305,,,,,,30501.0,3.1302053928375244,,,,,,,,,,,,,,,,,,,,,,,,,,28788.0,3030.0,-90.0,472.0,-535296507.0,214.0,10.0,5.0,-16.0,-43.0,28.0
1306,,,,,,30511.0,3.1302053928375244,,,,,,,,,,,,,,,,,,,,,,,,,,28798.0,3032.0,-90.0,472.0,-535296507.0,213.0,10.0,3.0,-11.0,-35.0,35.0
1307,,,,,,30521.0,3.1302053928375244,,,,,,,,,,,,,,,,,,,,,,,,,,28818.0,3034.0,-89.0,474.0,-535296507.0,209.0,12.0,13.0,-54.0,-9.0,44.0
1308,,,,,,30571.0,3.1196482181549072,,,,,,,,,,,,,,,,,,,,,,,,,,28838.0,3042.0,-89.0,474.0,-535296507.0,216.0,13.0,12.0,-44.0,23.0,62.0
1309,,,,,,30581.0,3.1196482181549072,,,,,,,,,,,,,,,,,,,,,,,,,,28848.0,3044.0,-89.0,474.0,-534247931.0,214.0,14.0,14.0,-41.0,22.0,59.0
1310,,,,,,30591.0,3.1196482181549072,,,,,,,,,,,,,,,,,,,,,,,,,,28858.0,3048.0,-87.0,474.0,-534247932.0,217.0,16.0,15.0,-35.0,35.0,59.0
1311,,,,,,30601.0,3.1143696308135986,,,,,,,,,,,,,,,,,,,,,,,,,,28868.0,3050.0,-87.0,475.0,-534247932.0,217.0,16.0,17.0,-49.0,28.0,51.0
1312,,,,,,30641.0,3.1143696308135986,,,,,,,,,,,,,,,,,,,,,,,,,,28928.0,3060.0,-87.0,476.0,-533199357.0,211.0,19.0,9.0,-39.0,-44.0,47.0
1313,,,,,,30651.0,3.1143696308135986,,,,,,,,,,,,,,,,,,,,,,,,,,28938.0,3063.0,-87.0,476.0,-533199357.0,210.0,20.0,7.0,20.0,-55.0,46.0
1314,,,,,,30661.0,3.10909104347229,,,,,,,,,,,,,,,,,,,,,,,,,,28948.0,3061.0,-87.0,475.0,-533199357.0,203.0,18.0,-1.0,21.0,-45.0,44.0
1315,,,,,,30691.0,3.1143696308135986,,,,,,,,,,,,,,,,,,,,,,,,,,28968.0,3065.0,-88.0,475.0,-533199358.0,203.0,19.0,-4.0,-7.0,-54.0,46.0
1316,,,,,,30701.0,3.1143696308135986,,,,,,,,,,,,,,,,,,,,,,,,,,29018.0,3078.0,-87.0,474.0,-534247934.0,206.0,22.0,-8.0,42.0,-12.0,37.0
1317,,,,,,30711.0,3.1143696308135986,,,,,,,,,,,,,,,,,,,,,,,,,,29028.0,3081.0,-86.0,473.0,-534248959.0,208.0,23.0,-10.0,11.0,-10.0,29.0
1318,,,,,,30721.0,3.1143696308135986,,,,,,,,,,,,,,,,,,,,,,,,,,29038.0,3083.0,-86.0,473.0,-534248959.0,208.0,24.0,-9.0,0.0,-15.0,22.0
1319,,,,,,30781.0,3.124926805496216,,,,,,,,,,,,,,,,,,,,,,,,,,29048.0,3081.0,-86.0,473.0,-534247935.0,200.0,23.0,-9.0,-10.0,-26.0,28.0
1320,,,,,,30791.0,3.124926805496216,,,,,,,,,,,,,,,,,,,,,,,,,,29078.0,3088.0,-86.0,474.0,-534248959.0,201.0,24.0,-10.0,-10.0,-29.0,26.0
1321,,,,,,30801.0,3.124926805496216,,,,,,,,,,,,,,,,,,,,,,,,,,29128.0,3100.0,-84.0,473.0,-534773248.0,205.0,28.0,-13.0,51.0,-5.0,15.0
1322,,,,,,30811.0,3.124926805496216,,,,,,,,,,,,,,,,,,,,,,,,,,29138.0,3102.0,-84.0,473.0,-534773248.0,205.0,29.0,-14.0,51.0,6.0,9.0
1323,,,,,,30841.0,3.124926805496216,,,,,,,,,,,,,,,,,,,,,,,,,,29148.0,3106.0,-85.0,473.0,-534773248.0,208.0,27.0,-13.0,57.0,-4.0,0.0
1324,,,,,,30851.0,3.124926805496216,,,,,,,,,,,,,,,,,,,,,,,,,,29158.0,3108.0,-84.0,473.0,-535821824.0,208.0,27.0,-13.0,16.0,-27.0,-1.0
1325,,,,,,30861.0,3.124926805496216,,,,,,,,,,,,,,,,,,,,,,,,,,29198.0,3115.0,-82.0,472.0,-535821824.0,206.0,30.0,-14.0,19.0,-12.0,23.0
1326,,,,,,30871.0,3.1302053928375244,,,,,,,,,,,,,,,,,,,,,,,,,,29208.0,3117.0,-82.0,471.0,-535821824.0,205.0,30.0,-19.0,18.0,-29.0,19.0
1327,,,,,,30931.0,3.135483980178833,,,,,,,,,,,,,,,,,,,,,,,,,,29218.0,3118.0,-82.0,471.0,-535821824.0,204.0,30.0,-19.0,28.0,-26.0,20.0
1328,,,,,,30941.0,3.135483980178833,,,,,,,,,,,,,,,,,,,,,,,,,,29248.0,3128.0,-82.0,472.0,-535821312.0,211.0,30.0,-6.0,74.0,-40.0,12.0
1329,,,,,,30951.0,3.135483980178833,,,,,,,,,,,,,,,,,,,,,,,,,,29258.0,3129.0,-81.0,472.0,-536869888.0,210.0,30.0,-6.0,76.0,-43.0,10.0
1330,,,,,,30961.0,3.1302053928375244,,,,,,,,,,,,,,,,,,,,,,,,,,29268.0,3131.0,-81.0,472.0,-536869888.0,211.0,31.0,-5.0,67.0,-34.0,1.0
1331,,,,,,30971.0,3.1302053928375244,,,,,,,,,,,,,,,,,,,,,,,,,,29278.0,3133.0,-82.0,472.0,-1073740800.0,210.0,27.0,-3.0,49.0,-46.0,3.0
1332,,,,,,31011.0,3.1302053928375244,,,,,,,,,,,,,,,,,,,,,,,,,,29288.0,3135.0,-81.0,472.0,-1073740800.0,209.0,29.0,-2.0,38.0,-36.0,1.0
1333,,,,,,31021.0,3.1302053928375244,,,,,,,,,,,,,,,,,,,,,,,,,,29298.0,3136.0,-81.0,473.0,-1072691200.0,209.0,28.0,4.0,29.0,-20.0,6.0
1334,,,,,,31031.0,3.1302053928375244,,,,,,,,,,,,,,,,,,,,,,,,,,29308.0,3138.0,-80.0,473.0,-1072691200.0,208.0,29.0,4.0,17.0,20.0,-3.0
1335,,,,,,31071.0,3.1302053928375244,,,,,,,,,,,,,,,,,,,,,,,,,,29318.0,3141.0,-80.0,473.0,-1072691200.0,210.0,28.0,4.0,20.0,10.0,2.0
1336,,,,,,31081.0,3.1302053928375244,,,,,,,,,,,,,,,,,,,,,,,,,,29328.0,3143.0,-80.0,473.0,-1072691200.0,211.0,27.0,5.0,9.0,13.0,-3.0
1337,,,,,,31091.0,3.1302053928375244,,,,,,,,,,,,,,,,,,,,,,,,,,29348.0,3148.0,-79.0,474.0,-1072691200.0,214.0,28.0,11.0,14.0,15.0,-6.0
1338,,,,,,31141.0,3.1302053928375244,,,,,,,,,,,,,,,,,,,,,,,,,,29358.0,3151.0,-79.0,474.0,-1072692224.0,215.0,27.0,12.0,20.0,22.0,-15.0
1339,,,,,,31151.0,3.1302053928375244,,,,,,,,,,,,,,,,,,,,,,,,,,29368.0,3152.0,-79.0,474.0,-1072692224.0,213.0,26.0,14.0,5.0,24.0,-3.0
1340,,,,,,31161.0,3.1302053928375244,,,,,,,,,,,,,,,,,,,,,,,,,,29378.0,3156.0,-77.0,473.0,-1072692224.0,217.0,29.0,10.0,13.0,40.0,-4.0
1341,,,,,,31171.0,3.1302053928375244,,,,,,,,,,,,,,,,,,,,,,,,,,29428.0,3166.0,-77.0,474.0,-1072692224.0,217.0,26.0,11.0,7.0,29.0,-4.0
1342,,,,,,31201.0,3.124926805496216,,,,,,,,,,,,,,,,,,,,,,,,,,29438.0,3168.0,-76.0,474.0,-1072691712.0,217.0,27.0,12.0,12.0,20.0,-4.0
1343,,,,,,31211.0,3.124926805496216,,,,,,,,,,,,,,,,,,,,,,,,,,29448.0,3170.0,-76.0,474.0,-1071643136.0,217.0,27.0,12.0,9.0,34.0,0.0
1344,,,,,,31221.0,3.124926805496216,,,,,,,,,,,,,,,,,,,,,,,,,,29458.0,3171.0,-76.0,474.0,-1071644160.0,214.0,24.0,11.0,-20.0,20.0,-9.0
1345,,,,,,31231.0,3.1196482181549072,,,,,,,,,,,,,,,,,,,,,,,,,,29478.0,3178.0,-76.0,474.0,-1072692736.0,220.0,23.0,8.0,-28.0,23.0,-11.0
1346,,,,,,31261.0,3.1196482181549072,,,,,,,,,,,,,,,,,,,,,,,,,,29518.0,3183.0,-74.0,474.0,-1072168448.0,213.0,23.0,8.0,-40.0,64.0,-13.0
1347,,,,,,31271.0,3.1196482181549072,,,,,,,,,,,,,,,,,,,,,,,,,,29528.0,3185.0,-73.0,474.0,-1072167424.0,213.0,25.0,7.0,-31.0,38.0,3.0
1348,,,,,,31281.0,3.1196482181549072,,,,,,,,,,,,,,,,,,,,,,,,,,29538.0,3188.0,-73.0,474.0,-1072167424.0,215.0,25.0,7.0,18.0,58.0,-1.0
1349,,,,,,31291.0,3.1196482181549072,,,,,,,,,,,,,,,,,,,,,,,,,,29548.0,3190.0,-73.0,475.0,-1072167424.0,214.0,24.0,7.0,-4.0,46.0,7.0
1350,,,,,,31331.0,3.124926805496216,,,,,,,,,,,,,,,,,,,,,,,,,,29568.0,3193.0,-73.0,475.0,-1073216000.0,212.0,23.0,7.0,-43.0,34.0,4.0
1351,,,,,,31341.0,3.124926805496216,,,,,,,,,,,,,,,,,,,,,,,,,,29588.0,3197.0,-72.0,475.0,-1073214976.0,209.0,23.0,8.0,-45.0,9.0,1.0
1352,,,,,,31351.0,3.1196482181549072,,,,,,,,,,,,,,,,,,,,,,,,,,29598.0,3199.0,-72.0,475.0,-1073214976.0,209.0,23.0,11.0,-14.0,-18.0,1.0
1353,,,,,,31361.0,3.1143696308135986,,,,,,,,,,,,,,,,,,,,,,,,,,29608.0,3205.0,-72.0,475.0,-1073216000.0,216.0,22.0,12.0,31.0,-44.0,-6.0
1354,,,,,,31391.0,3.1143696308135986,,,,,,,,,,,,,,,,,,,,,,,,,,29618.0,3207.0,-72.0,475.0,-1073216000.0,215.0,22.0,12.0,71.0,-39.0,-20.0
1355,,,,,,31401.0,3.1143696308135986,,,,,,,,,,,,,,,,,,,,,,,,,,29628.0,3209.0,-71.0,476.0,-1073216000.0,215.0,22.0,11.0,102.0,-49.0,-26.0
1356,,,,,,31411.0,3.10909104347229,,,,,,,,,,,,,,,,,,,,,,,,,,29658.0,3214.0,-70.0,473.0,-1072167424.0,211.0,23.0,-3.0,82.0,-47.0,-18.0
1357,,,,,,31421.0,3.10909104347229,,,,,,,,,,,,,,,,,,,,,,,,,,29668.0,3216.0,-70.0,473.0,-1071119871.0,212.0,22.0,-2.0,37.0,-49.0,-15.0
1358,,,,,,31461.0,3.10909104347229,,,,,,,,,,,,,,,,,,,,,,,,,,29678.0,3219.0,-70.0,472.0,-1071119871.0,212.0,21.0,-7.0,19.0,-45.0,-15.0
1359,,,,,,31471.0,3.10909104347229,,,,,,,,,,,,,,,,,,,,,,,,,,29688.0,3221.0,-70.0,472.0,-1071119871.0,213.0,20.0,-6.0,-16.0,-27.0,-4.0
1360,,,,,,31481.0,3.1143696308135986,,,,,,,,,,,,,,,,,,,,,,,,,,29718.0,3228.0,-69.0,472.0,-1072692735.0,214.0,20.0,-10.0,-64.0,18.0,9.0
1361,,,,,,31501.0,3.1196482181549072,,,,,,,,,,,,,,,,,,,,,,,,,,29728.0,3229.0,-69.0,472.0,-1072168447.0,211.0,19.0,-11.0,-61.0,43.0,18.0
1362,,,,,,31541.0,3.1143696308135986,,,,,,,,,,,,,,,,,,,,,,,,,,29738.0,3230.0,-69.0,471.0,-1072168447.0,209.0,18.0,-11.0,-61.0,37.0,10.0
1363,,,,,,,,,,,,,,,,,,,,,,,,,,,,,,,,,29748.0,3234.0,-69.0,471.0,-1072168447.0,212.0,18.0,-9.0,-60.0,37.0,5.0
1364,,,,,,,,,,,,,,,,,,,,,,,,,,,,,,,,,29758.0,3238.0,-68.0,471.0,-1072168448.0,216.0,18.0,-9.0,-47.0,65.0,0.0
1365,,,,,,,,,,,,,,,,,,,,,,,,,,,,,,,,,29788.0,3244.0,-69.0,470.0,-1073216000.0,214.0,16.0,-11.0,-24.0,55.0,6.0
1366,,,,,,,,,,,,,,,,,,,,,,,,,,,,,,,,,29808.0,3248.0,-68.0,471.0,-1073216000.0,214.0,16.0,-4.0,-28.0,26.0,11.0
1367,,,,,,,,,,,,,,,,,,,,,,,,,,,,,,,,,29818.0,3249.0,-68.0,471.0,-1073214976.0,211.0,16.0,-5.0,-39.0,31.0,14.0
1368,,,,,,,,,,,,,,,,,,,,,,,,,,,,,,,,,29828.0,3254.0,-68.0,471.0,-536344064.0,217.0,16.0,-5.0,-39.0,22.0,10.0
1369,,,,,,,,,,,,,,,,,,,,,,,,,,,,,,,,,29838.0,3258.0,-68.0,471.0,-536344064.0,220.0,16.0,-4.0,-49.0,30.0,5.0
1370,,,,,,,,,,,,,,,,,,,,,,,,,,,,,,,,,29868.0,3263.0,-67.0,470.0,-535295488.0,215.0,17.0,-4.0,0.0,-17.0,-19.0
1371,,,,,,,,,,,,,,,,,,,,,,,,,,,,,,,,,29878.0,3266.0,-68.0,470.0,-535295488.0,217.0,16.0,-6.0,19.0,-32.0,-18.0
1372,,,,,,,,,,,,,,,,,,,,,,,,,,,,,,,,,29888.0,3271.0,-68.0,470.0,-535295488.0,220.0,16.0,-6.0,29.0,-13.0,-18.0
1373,,,,,,,,,,,,,,,,,,,,,,,,,,,,,,,,,29898.0,3273.0,-68.0,470.0,-536345087.0,220.0,15.0,-5.0,34.0,-20.0,-22.0
1374,,,,,,,,,,,,,,,,,,,,,,,,,,,,,,,,,29908.0,3274.0,-67.0,470.0,-536345087.0,218.0,17.0,-5.0,35.0,-4.0,-24.0
1375,,,,,,,,,,,,,,,,,,,,,,,,,,,,,,,,,29928.0,3278.0,-67.0,469.0,-536345087.0,216.0,16.0,-6.0,-9.0,2.0,-14.0
1376,,,,,,,,,,,,,,,,,,,,,,,,,,,,,,,,,29948.0,3282.0,-67.0,468.0,-536345087.0,214.0,16.0,-14.0,-42.0,8.0,-8.0
1377,,,,,,,,,,,,,,,,,,,,,,,,,,,,,,,,,29958.0,3284.0,-67.0,468.0,-536345087.0,214.0,16.0,-13.0,-54.0,-12.0,-11.0
1378,,,,,,,,,,,,,,,,,,,,,,,,,,,,,,,,,29968.0,3291.0,-66.0,468.0,-535296511.0,223.0,17.0,-15.0,-48.0,5.0,-6.0
1379,,,,,,,,,,,,,,,,,,,,,,,,,,,,,,,,,29978.0,3293.0,-66.0,468.0,-535296511.0,222.0,17.0,-16.0,-54.0,21.0,-5.0
1380,,,,,,,,,,,,,,,,,,,,,,,,,,,,,,,,,29998.0,3298.0,-65.0,467.0,-535296511.0,224.0,18.0,-16.0,-23.0,71.0,9.0
1381,,,,,,,,,,,,,,,,,,,,,,,,,,,,,,,,,30008.0,3294.0,-63.0,467.0,-535295487.0,210.0,22.0,-17.0,-21.0,85.0,10.0
1382,,,,,,,,,,,,,,,,,,,,,,,,,,,,,,,,,30018.0,3298.0,-63.0,467.0,-535295487.0,213.0,22.0,-17.0,-12.0,66.0,14.0
1383,,,,,,,,,,,,,,,,,,,,,,,,,,,,,,,,,30048.0,3305.0,-65.0,467.0,-535294463.0,214.0,19.0,-13.0,15.0,0.0,3.0
1384,,,,,,,,,,,,,,,,,,,,,,,,,,,,,,,,,30068.0,3308.0,-63.0,467.0,-535294463.0,209.0,22.0,-11.0,5.0,-52.0,2.0
1385,,,,,,,,,,,,,,,,,,,,,,,,,,,,,,,,,30088.0,3311.0,-64.0,467.0,-535295487.0,206.0,20.0,-8.0,14.0,-58.0,2.0
1386,,,,,,,,,,,,,,,,,,,,,,,,,,,,,,,,,30098.0,3314.0,-64.0,467.0,-535295487.0,206.0,20.0,-6.0,13.0,-89.0,0.0
1387,,,,,,,,,,,,,,,,,,,,,,,,,,,,,,,,,30108.0,3317.0,-64.0,467.0,-535295487.0,207.0,20.0,0.0,19.0,-73.0,1.0
1388,,,,,,,,,,,,,,,,,,,,,,,,,,,,,,,,,30118.0,3321.0,-64.0,467.0,-535296511.0,211.0,19.0,0.0,35.0,-78.0,1.0
1389,,,,,,,,,,,,,,,,,,,,,,,,,,,,,,,,,30138.0,3325.0,-63.0,467.0,-535296511.0,209.0,20.0,0.0,1.0,-37.0,-2.0
1390,,,,,,,,,,,,,,,,,,,,,,,,,,,,,,,,,30158.0,3329.0,-62.0,465.0,-536345087.0,209.0,21.0,-8.0,18.0,-5.0,-7.0
1391,,,,,,,,,,,,,,,,,,,,,,,,,,,,,,,,,30168.0,3331.0,-62.0,465.0,-536345087.0,209.0,22.0,-6.0,1.0,14.0,-5.0
1392,,,,,,,,,,,,,,,,,,,,,,,,,,,,,,,,,30178.0,3328.0,-63.0,465.0,-536345087.0,199.0,20.0,-4.0,18.0,33.0,0.0
1393,,,,,,,,,,,,,,,,,,,,,,,,,,,,,,,,,30188.0,3330.0,-63.0,465.0,-536345087.0,198.0,20.0,-3.0,-4.0,33.0,6.0
1394,,,,,,,,,,,,,,,,,,,,,,,,,,,,,,,,,30208.0,3338.0,-63.0,466.0,-536345087.0,206.0,19.0,0.0,33.0,4.0,0.0
1395,,,,,,,,,,,,,,,,,,,,,,,,,,,,,,,,,30228.0,3341.0,-62.0,466.0,-536345087.0,202.0,20.0,-1.0,3.0,-12.0,-12.0
1396,,,,,,,,,,,,,,,,,,,,,,,,,,,,,,,,,30238.0,3343.0,-61.0,467.0,-536345087.0,203.0,22.0,9.0,24.0,-45.0,-23.0
1397,,,,,,,,,,,,,,,,,,,,,,,,,,,,,,,,,30248.0,3346.0,-61.0,468.0,-536345087.0,203.0,21.0,10.0,44.0,-64.0,-25.0
1398,,,,,,,,,,,,,,,,,,,,,,,,,,,,,,,,,30288.0,3356.0,-61.0,469.0,-1072168447.0,207.0,20.0,12.0,6.0,-37.0,-24.0
1399,,,,,,,,,,,,,,,,,,,,,,,,,,,,,,,,,30298.0,3358.0,-61.0,469.0,-1072692735.0,206.0,19.0,11.0,10.0,-45.0,-35.0
1400,,,,,,,,,,,,,,,,,,,,,,,,,,,,,,,,,30308.0,3360.0,-61.0,469.0,-1072692735.0,206.0,19.0,12.0,-3.0,-25.0,-37.0
1401,,,,,,,,,,,,,,,,,,,,,,,,,,,,,,,,,30318.0,3362.0,-61.0,469.0,-1072692734.0,205.0,18.0,14.0,2.0,-9.0,-32.0
1402,,,,,,,,,,,,,,,,,,,,,,,,,,,,,,,,,30358.0,3368.0,-60.0,470.0,-1072692734.0,202.0,18.0,13.0,37.0,23.0,-34.0
1403,,,,,,,,,,,,,,,,,,,,,,,,,,,,,,,,,30368.0,3371.0,-60.0,470.0,-1072692734.0,205.0,17.0,13.0,45.0,19.0,-39.0
1404,,,,,,,,,,,,,,,,,,,,,,,,,,,,,,,,,30378.0,3375.0,-60.0,468.0,-1072692734.0,208.0,18.0,3.0,7.0,-13.0,-35.0
1405,,,,,,,,,,,,,,,,,,,,,,,,,,,,,,,,,30388.0,3377.0,-60.0,468.0,-1072692734.0,209.0,17.0,2.0,-7.0,-37.0,-30.0
1406,,,,,,,,,,,,,,,,,,,,,,,,,,,,,,,,,30408.0,3382.0,-59.0,468.0,-1072691709.0,209.0,16.0,2.0,-23.0,-79.0,-20.0
1407,,,,,,,,,,,,,,,,,,,,,,,,,,,,,,,,,30428.0,3386.0,-57.0,468.0,-1072691709.0,211.0,19.0,0.0,19.0,-26.0,-31.0
1408,,,,,,,,,,,,,,,,,,,,,,,,,,,,,,,,,30438.0,3388.0,-57.0,468.0,-1072690685.0,211.0,19.0,1.0,28.0,-41.0,-24.0
1409,,,,,,,,,,,,,,,,,,,,,,,,,,,,,,,,,30448.0,3388.0,-58.0,468.0,-1072690685.0,207.0,17.0,3.0,55.0,22.0,-21.0
1410,,,,,,,,,,,,,,,,,,,,,,,,,,,,,,,,,30458.0,3389.0,-58.0,467.0,-1072690685.0,206.0,16.0,0.0,53.0,52.0,-34.0
1411,,,,,,,,,,,,,,,,,,,,,,,,,,,,,,,,,30488.0,3398.0,-58.0,467.0,-1072691709.0,211.0,15.0,-2.0,-44.0,89.0,-18.0
1412,,,,,,,,,,,,,,,,,,,,,,,,,,,,,,,,,30498.0,3400.0,-58.0,466.0,-1072691709.0,212.0,14.0,-13.0,-56.0,87.0,-17.0
1413,,,,,,,,,,,,,,,,,,,,,,,,,,,,,,,,,30508.0,3396.0,-57.0,465.0,-1072692733.0,200.0,15.0,-13.0,-85.0,78.0,-13.0
1414,,,,,,,,,,,,,,,,,,,,,,,,,,,,,,,,,30518.0,3398.0,-56.0,465.0,-1072168445.0,201.0,15.0,-13.0,-98.0,33.0,-5.0
1415,,,,,,,,,,,,,,,,,,,,,,,,,,,,,,,,,30528.0,3401.0,-56.0,465.0,-1073217021.0,201.0,16.0,-14.0,-117.0,18.0,-3.0
1416,,,,,,,,,,,,,,,,,,,,,,,,,,,,,,,,,30558.0,3409.0,-57.0,464.0,-535297532.0,206.0,14.0,-17.0,-26.0,-54.0,-25.0
1417,,,,,,,,,,,,,,,,,,,,,,,,,,,,,,,,,30578.0,3413.0,-56.0,464.0,-535821820.0,205.0,14.0,-17.0,25.0,-19.0,-25.0
1418,,,,,,,,,,,,,,,,,,,,,,,,,,,,,,,,,30588.0,3411.0,-57.0,464.0,-535297532.0,197.0,12.0,-17.0,52.0,14.0,-32.0
1419,,,,,,,,,,,,,,,,,,,,,,,,,,,,,,,,,30598.0,3413.0,-58.0,464.0,-536346108.0,197.0,12.0,-16.0,55.0,8.0,-24.0
1420,,,,,,,,,,,,,,,,,,,,,,,,,,,,,,,,,30628.0,3421.0,-58.0,463.0,-1073741308.0,202.0,11.0,-21.0,38.0,-31.0,-29.0
1421,,,,,,,,,,,,,,,,,,,,,,,,,,,,,,,,,30638.0,3423.0,-58.0,462.0,-1073741308.0,201.0,11.0,-21.0,33.0,-57.0,-33.0
1422,,,,,,,,,,,,,,,,,,,,,,,,,,,,,,,,,30648.0,3426.0,-58.0,462.0,-1072691707.0,204.0,10.0,-19.0,21.0,-51.0,-35.0
1423,,,,,,,,,,,,,,,,,,,,,,,,,,,,,,,,,30658.0,3427.0,-56.0,462.0,-1072691707.0,201.0,13.0,-17.0,2.0,-25.0,-33.0
1424,,,,,,,,,,,,,,,,,,,,,,,,,,,,,,,,,30668.0,3428.0,-56.0,462.0,-1072691707.0,200.0,13.0,-15.0,-17.0,-37.0,-30.0
1425,,,,,,,,,,,,,,,,,,,,,,,,,,,,,,,,,30688.0,3432.0,-56.0,461.0,-1072691707.0,200.0,12.0,-20.0,-26.0,-7.0,-39.0
1426,,,,,,,,,,,,,,,,,,,,,,,,,,,,,,,,,30698.0,3437.0,-56.0,460.0,-1073740283.0,207.0,12.0,-20.0,-12.0,13.0,-36.0
1427,,,,,,,,,,,,,,,,,,,,,,,,,,,,,,,,,30708.0,3439.0,-56.0,460.0,-1073740283.0,207.0,12.0,-18.0,2.0,41.0,-35.0
1428,,,,,,,,,,,,,,,,,,,,,,,,,,,,,,,,,30718.0,3440.0,-56.0,461.0,-1073740283.0,205.0,11.0,-12.0,22.0,68.0,-17.0
1429,,,,,,,,,,,,,,,,,,,,,,,,,,,,,,,,,30728.0,3442.0,-56.0,460.0,-1073740282.0,205.0,11.0,-10.0,25.0,98.0,-12.0
1430,,,,,,,,,,,,,,,,,,,,,,,,,,,,,,,,,30758.0,3449.0,-56.0,460.0,-1073217018.0,207.0,9.0,-3.0,1.0,59.0,-5.0
1431,,,,,,,,,,,,,,,,,,,,,,,,,,,,,,,,,30788.0,3456.0,-56.0,460.0,-1073217018.0,209.0,9.0,1.0,-19.0,-10.0,-27.0
1432,,,,,,,,,,,,,,,,,,,,,,,,,,,,,,,,,30798.0,3459.0,-57.0,460.0,-1073217018.0,209.0,7.0,2.0,-34.0,-27.0,-31.0
1433,,,,,,,,,,,,,,,,,,,,,,,,,,,,,,,,,30808.0,3461.0,-57.0,458.0,-1073217018.0,209.0,7.0,-3.0,-21.0,-61.0,-29.0
1434,,,,,,,,,,,,,,,,,,,,,,,,,,,,,,,,,30848.0,3467.0,-56.0,459.0,-1073741306.0,206.0,8.0,4.0,17.0,-54.0,-22.0
1435,,,,,,,,,,,,,,,,,,,,,,,,,,,,,,,,,30858.0,3470.0,-56.0,459.0,-1073740282.0,206.0,8.0,4.0,31.0,-59.0,-12.0
1436,,,,,,,,,,,,,,,,,,,,,,,,,,,,,,,,,30868.0,3472.0,-56.0,459.0,-1073740281.0,207.0,7.0,5.0,53.0,-41.0,-10.0
1437,,,,,,,,,,,,,,,,,,,,,,,,,,,,,,,,,30878.0,3475.0,-55.0,459.0,-1072691705.0,208.0,8.0,5.0,69.0,-24.0,-11.0
1438,,,,,,,,,,,,,,,,,,,,,,,,,,,,,,,,,30888.0,3476.0,-56.0,460.0,-1072691705.0,207.0,7.0,10.0,69.0,-8.0,-10.0
1439,,,,,,,,,,,,,,,,,,,,,,,,,,,,,,,,,30948.0,3491.0,-56.0,459.0,-1072691705.0,213.0,5.0,5.0,-71.0,84.0,0.0
1440,,,,,,,,,,,,,,,,,,,,,,,,,,,,,,,,,30958.0,3493.0,-56.0,459.0,-1073740281.0,214.0,5.0,6.0,-108.0,59.0,6.0
1441,,,,,,,,,,,,,,,,,,,,,,,,,,,,,,,,,30968.0,3494.0,-54.0,459.0,-1073741305.0,212.0,8.0,7.0,-99.0,66.0,13.0
1442,,,,,,,,,,,,,,,,,,,,,,,,,,,,,,,,,30998.0,3502.0,-55.0,460.0,-535297529.0,214.0,6.0,6.0,-10.0,13.0,17.0
1443,,,,,,,,,,,,,,,,,,,,,,,,,,,,,,,,,31008.0,3503.0,-55.0,460.0,-535297529.0,212.0,6.0,5.0,5.0,3.0,26.0
1444,,,,,,,,,,,,,,,,,,,,,,,,,,,,,,,,,31018.0,3506.0,-55.0,460.0,-535297529.0,214.0,6.0,8.0,74.0,-14.0,27.0
1445,,,,,,,,,,,,,,,,,,,,,,,,,,,,,,,,,31028.0,3507.0,-55.0,460.0,-535297530.0,212.0,5.0,7.0,72.0,-35.0,24.0
1446,,,,,,,,,,,,,,,,,,,,,,,,,,,,,,,,,31038.0,3509.0,-56.0,461.0,-536346106.0,211.0,5.0,6.0,62.0,-41.0,25.0
1447,,,,,,,,,,,,,,,,,,,,,,,,,,,,,,,,,31058.0,3513.0,-55.0,461.0,-1073741306.0,210.0,5.0,9.0,10.0,-48.0,28.0
1448,,,,,,,,,,,,,,,,,,,,,,,,,,,,,,,,,31068.0,3518.0,-54.0,461.0,-1073741306.0,217.0,7.0,10.0,-13.0,-9.0,28.0
1449,,,,,,,,,,,,,,,,,,,,,,,,,,,,,,,,,31078.0,3519.0,-54.0,461.0,-1073741306.0,215.0,6.0,8.0,-36.0,-9.0,43.0
1450,,,,,,,,,,,,,,,,,,,,,,,,,,,,,,,,,31088.0,3522.0,-54.0,461.0,-1073741306.0,216.0,7.0,6.0,-80.0,-7.0,42.0
1451,,,,,,,,,,,,,,,,,,,,,,,,,,,,,,,,,31098.0,3524.0,-54.0,461.0,-536870394.0,216.0,7.0,5.0,-63.0,2.0,31.0
1452,,,,,,,,,,,,,,,,,,,,,,,,,,,,,,,,,31118.0,3527.0,-53.0,461.0,-535821819.0,215.0,8.0,1.0,-61.0,0.0,39.0
1453,,,,,,,,,,,,,,,,,,,,,,,,,,,,,,,,,31148.0,3536.0,-54.0,460.0,-535821819.0,218.0,7.0,0.0,-21.0,53.0,54.0
1454,,,,,,,,,,,,,,,,,,,,,,,,,,,,,,,,,31158.0,3539.0,-54.0,460.0,-535821819.0,220.0,7.0,-1.0,16.0,69.0,50.0
1455,,,,,,,,,,,,,,,,,,,,,,,,,,,,,,,,,31168.0,3540.0,-54.0,460.0,-535297531.0,217.0,7.0,-3.0,66.0,66.0,51.0
1456,,,,,,,,,,,,,,,,,,,,,,,,,,,,,,,,,31208.0,3550.0,-53.0,459.0,-536345084.0,220.0,9.0,-14.0,-7.0,1.0,50.0
1457,,,,,,,,,,,,,,,,,,,,,,,,,,,,,,,,,31218.0,3552.0,-54.0,459.0,-536345084.0,220.0,7.0,-14.0,6.0,41.0,56.0
1458,,,,,,,,,,,,,,,,,,,,,,,,,,,,,,,,,31228.0,3552.0,-53.0,459.0,-536345085.0,216.0,9.0,-14.0,-15.0,41.0,51.0
1459,,,,,,,,,,,,,,,,,,,,,,,,,,,,,,,,,31248.0,3558.0,-53.0,458.0,-536345085.0,218.0,9.0,-14.0,-23.0,41.0,54.0
1460,,,,,,,,,,,,,,,,,,,,,,,,,,,,,,,,,31268.0,3564.0,-52.0,458.0,-535296509.0,219.0,9.0,-13.0,-17.0,32.0,51.0
1461,,,,,,,,,,,,,,,,,,,,,,,,,,,,,,,,,31278.0,3566.0,-52.0,458.0,-535295486.0,219.0,9.0,-10.0,0.0,17.0,50.0
1462,,,,,,,,,,,,,,,,,,,,,,,,,,,,,,,,,31288.0,3568.0,-52.0,458.0,-535295486.0,218.0,9.0,-9.0,6.0,24.0,42.0
1463,,,,,,,,,,,,,,,,,,,,,,,,,,,,,,,,,31308.0,3572.0,-52.0,458.0,-535295486.0,217.0,10.0,-8.0,2.0,16.0,42.0
1464,,,,,,,,,,,,,,,,,,,,,,,,,,,,,,,,,31328.0,3573.0,-52.0,458.0,-535295486.0,210.0,11.0,-11.0,1.0,-8.0,36.0
1465,,,,,,,,,,,,,,,,,,,,,,,,,,,,,,,,,31338.0,3578.0,-52.0,457.0,-535295487.0,214.0,11.0,-11.0,8.0,-15.0,24.0
1466,,,,,,,,,,,,,,,,,,,,,,,,,,,,,,,,,31348.0,3580.0,-53.0,457.0,-535295487.0,214.0,9.0,-10.0,68.0,-54.0,17.0
1467,,,,,,,,,,,,,,,,,,,,,,,,,,,,,,,,,31358.0,3582.0,-53.0,457.0,-536344063.0,212.0,8.0,-10.0,75.0,-43.0,-1.0
1468,,,,,,,,,,,,,,,,,,,,,,,,,,,,,,,,,31368.0,3583.0,-53.0,457.0,-536344063.0,210.0,7.0,-12.0,99.0,-62.0,-1.0
1469,,,,,,,,,,,,,,,,,,,,,,,,,,,,,,,,,31388.0,3590.0,-52.0,457.0,-1073215999.0,214.0,9.0,-13.0,118.0,-114.0,-3.0
1470,,,,,,,,,,,,,,,,,,,,,,,,,,,,,,,,,31398.0,3592.0,-52.0,456.0,-1072167423.0,214.0,9.0,-13.0,72.0,-129.0,-4.0
1471,,,,,,,,,,,,,,,,,,,,,,,,,,,,,,,,,31408.0,3591.0,-54.0,456.0,-1072168447.0,208.0,6.0,-14.0,49.0,-125.0,-5.0
1472,,,,,,,,,,,,,,,,,,,,,,,,,,,,,,,,,31418.0,3592.0,-53.0,456.0,-1072692735.0,206.0,6.0,-15.0,-13.0,-106.0,6.0
1473,,,,,,,,,,,,,,,,,,,,,,,,,,,,,,,,,31458.0,3604.0,-51.0,457.0,-1072690687.0,214.0,9.0,-6.0,-19.0,-42.0,8.0
1474,,,,,,,,,,,,,,,,,,,,,,,,,,,,,,,,,31468.0,3606.0,-51.0,457.0,-1072690687.0,214.0,9.0,-5.0,-15.0,-15.0,-2.0
1475,,,,,,,,,,,,,,,,,,,,,,,,,,,,,,,,,31478.0,3605.0,-51.0,457.0,-1072690687.0,209.0,8.0,-3.0,13.0,15.0,2.0
1476,,,,,,,,,,,,,,,,,,,,,,,,,,,,,,,,,31488.0,3608.0,-50.0,457.0,-1072690687.0,210.0,10.0,-1.0,21.0,28.0,6.0
1477,,,,,,,,,,,,,,,,,,,,,,,,,,,,,,,,,31538.0,3619.0,-49.0,454.0,-1072691711.0,213.0,8.0,-4.0,12.0,27.0,0.0
