,stateZ_timestamp,cf_x,cf_y,cf_z,obs_x,obs_y,obs_z,cf_mocap_data_x,cf_mocap_data_y,cf_mocap_data_z
0,12092.0,0.0,0.0,0.0,1.37902685546875,-0.6516873779296875,0.66262353515625,0.05449316787719727,0.06356545257568359,0.02605264663696289
1,12102.0,0.0,0.0,0.792,1.378981689453125,-0.6517075805664062,0.6626067504882812,0.05429415512084961,0.06387590408325196,0.02602593994140625
2,12112.0,0.0,0.0,0.79,1.3790404052734375,-0.6517042846679687,0.6626027221679688,0.05449425888061524,0.06365314865112305,0.02611259460449219
3,12122.0,0.0,0.0,0.016,1.379041748046875,-0.6517317504882812,0.6626118774414063,0.05453522872924805,0.06356029510498047,0.02605596923828125
4,12132.0,0.0,0.0,0.016,1.3790673828125,-0.6516635131835937,0.6626040649414062,0.0545261116027832,0.06355506896972657,0.02604248046875
5,12142.0,0.0,0.0,0.016,1.379016357421875,-0.65169921875,0.6626187744140625,0.05449503326416016,0.06353530883789063,0.02604386329650879
6,12152.0,0.0,0.0,0.016,1.3788878173828125,-0.651646728515625,0.6625297241210938,0.05433274841308594,0.06380261611938477,0.026069854736328123
7,12162.0,0.0,0.0,0.014,1.3788646240234375,-0.6516231079101562,0.6625249633789062,0.054544506072998045,0.06355134201049804,0.02602047920227051
8,12172.0,0.0,0.0,0.014,1.3790057373046876,-0.6516732788085937,0.6626255493164063,0.054509449005126956,0.06356533432006836,0.026051973342895506
9,12182.0,0.0,0.0,0.014,1.3788624267578125,-0.6515802612304687,0.6625301513671875,0.054429744720458986,0.06364427185058594,0.026008554458618164
10,12192.0,0.0,0.0,0.014,1.3789952392578124,-0.6516434326171875,0.6626336669921875,0.05446516036987305,0.06345539474487305,0.02603460693359375
11,12202.0,0.0,0.0,0.014,1.3789970703125,-0.6517037963867187,0.6626543579101563,0.05449190902709961,0.06356688690185547,0.026043415069580078
12,12212.0,0.0,0.0,0.014,1.3788756103515625,-0.65160009765625,0.6625760498046875,0.05451768112182617,0.06358585739135743,0.02603330421447754
13,12222.0,0.0,0.0,0.014,1.3790057373046876,-0.6516683349609375,0.6626260375976563,0.05449465560913086,0.06357358932495118,0.026076866149902345
14,12232.0,0.0,0.0,0.014,1.378994873046875,-0.6516174926757813,0.6626592407226563,0.054253158569335935,0.06383126831054688,0.026085609436035155
15,12242.0,0.0,0.0,0.014,1.37901708984375,-0.6516718139648437,0.6626533203125,0.054505855560302734,0.0635893898010254,0.026083829879760743
16,12252.0,0.001,0.0,0.014,1.3788665771484374,-0.6516603393554687,0.66258544921875,0.05451417922973633,0.06358283615112305,0.026074172973632813
17,12262.0,0.0,0.0,0.014,1.379051025390625,-0.6517285766601563,0.6626762084960938,0.05452362060546875,0.06360166168212891,0.02607143020629883
18,12272.0,0.001,0.0,0.014,1.37886474609375,-0.6516105346679687,0.6625935668945313,0.054456901550292966,0.0637223892211914,0.026109601974487303
19,12282.0,0.001,0.0,0.014,1.378999267578125,-0.6516942138671875,0.6626602172851562,0.054488578796386716,0.0635931167602539,0.026025144577026368
20,12292.0,0.0,0.0,0.016,1.3790205078125,-0.6516956176757812,0.6626619873046875,0.05448395538330078,0.06360474014282226,0.026046478271484375
21,12302.0,0.001,0.001,0.016,1.3788948974609374,-0.6515856323242187,0.662566162109375,0.0544847297668457,0.06359758758544921,0.02602520179748535
22,12312.0,0.001,0.0,0.016,1.3788819580078124,-0.6516493530273437,0.6625443725585938,0.054452857971191405,0.06358279037475587,0.02601633071899414
23,12322.0,0.001,0.0,0.016,1.378973876953125,-0.6517052001953125,0.66260009765625,0.05449140167236328,0.06372919082641601,0.026104526519775392
24,12332.0,0.001,0.001,0.016,1.378645751953125,-0.6499318237304688,0.6632416381835937,0.05449790191650391,0.06360554122924805,0.026035440444946288
25,12342.0,0.002,0.001,0.017,1.3786666259765625,-0.65009375,0.6631788940429687,0.05446062088012695,0.06358970642089844,0.0259937801361084
26,12352.0,0.001,0.001,0.017,1.3788092041015625,-0.6515938720703125,0.6624926147460938,0.054439075469970705,0.06359300613403321,0.026022596359252928
27,12362.0,0.002,0.001,0.017,1.37878564453125,-0.650112548828125,0.6633150634765625,0.05446529769897461,0.06372120666503907,0.026010225296020508
28,12372.0,0.0,0.0,0.017,1.378784912109375,-0.650130859375,0.6632520141601562,0.05445096206665039,0.06357693862915038,0.02600323295593262
29,12382.0,0.001,0.001,0.016,1.378644287109375,-0.65008203125,0.6631397094726562,0.05445641708374024,0.06358283233642578,0.025959625244140624
30,12392.0,0.001,0.001,0.016,1.37878369140625,-0.6502061767578124,0.6631863403320313,0.05443905639648437,0.06357385635375977,0.026011192321777343
31,12402.0,0.002,0.0,0.016,1.3786190185546876,-0.6500541381835937,0.6631507568359375,0.05445819473266601,0.06354565048217774,0.025957590103149415
32,12412.0,0.001,0.0,0.016,1.37876171875,-0.6501600952148437,0.663229736328125,0.05448665237426758,0.0635736312866211,0.026028942108154297
33,12422.0,0.002,0.0,0.016,1.3787525634765625,-0.6501578979492187,0.663222900390625,0.054504352569580077,0.06354252243041993,0.026007823944091797
34,12432.0,0.002,0.0,0.016,1.3787659912109376,-0.6501722412109375,0.6632119750976563,0.054515323638916015,0.0635476188659668,0.026000354766845705
35,12442.0,0.0,-0.002,0.016,1.378588623046875,-0.6501119995117187,0.6630987548828124,0.054513893127441405,0.0634483413696289,0.02608798599243164
36,12452.0,0.0,0.0,0.016,1.3786243896484376,-0.6500706787109375,0.663140380859375,0.05448988342285156,0.06352241134643555,0.02604949951171875
37,12462.0,0.0,-0.001,0.016,1.3787435302734374,-0.650170654296875,0.6631972045898438,0.05450522613525391,0.06353529739379883,0.026063045501708983
38,12472.0,0.0,0.0,0.017,1.3787850341796875,-0.6501904296875,0.6631857299804688,0.054483596801757815,0.06353949356079101,0.025991851806640626
39,12482.0,0.0,0.0,0.017,1.3789315185546875,-0.6516890258789062,0.6624887084960938,0.054399581909179685,0.06376228713989258,0.026035314559936525
40,12492.0,0.0,-0.003,0.017,1.3789091796875,-0.6517025146484375,0.6624959716796875,0.0545108642578125,0.06365542221069335,0.026063806533813478
41,12502.0,0.0,-0.002,0.017,1.3789427490234376,-0.6516729125976563,0.6624800415039063,0.05453285980224609,0.06353001403808593,0.026029125213623047
42,12512.0,0.001,-0.002,0.016,1.3788095703125,-0.6515770874023438,0.66242236328125,0.05451118850708008,0.06354479217529296,0.026071273803710937
43,12522.0,0.0,-0.001,0.016,1.378977294921875,-0.6517081298828125,0.6625003662109376,0.05449333190917969,0.06370506286621094,0.02611543655395508
44,12532.0,0.001,-0.002,0.016,1.378822265625,-0.6516087646484375,0.6624139404296875,0.05453851318359375,0.06362833786010742,0.026172225952148437
45,12542.0,0.001,-0.002,0.016,1.3786617431640624,-0.6499268188476562,0.663173828125,0.054487045288085935,0.06351790237426758,0.02603114128112793
46,12552.0,0.001,-0.002,0.016,1.378657470703125,-0.6499560546875,0.663157470703125,0.054498119354248045,0.06352577972412109,0.026049158096313477
47,12562.0,0.0,-0.002,0.017,1.378818359375,-0.6500039672851563,0.6632606201171874,0.0543709831237793,0.06355681228637695,0.026001018524169923
48,12572.0,0.0,-0.001,0.017,1.3789896240234376,-0.6517195434570312,0.6625753173828125,0.05447994613647461,0.06338545989990234,0.026045032501220703
49,12582.0,0.0,-0.002,0.017,1.378822509765625,-0.6500590209960937,0.663235595703125,0.05448954391479492,0.06349900436401368,0.02602411651611328
50,12592.0,0.001,-0.002,0.017,1.378809814453125,-0.6500047607421875,0.66325341796875,0.05446775817871094,0.06350967788696289,0.025980148315429687
51,12602.0,0.001,-0.001,0.016,1.378675537109375,-0.6499739990234376,0.663146484375,0.05443646621704101,0.06357528305053711,0.026020896911621093
52,12612.0,0.001,-0.002,0.016,1.37868115234375,-0.6500535888671874,0.6631333618164063,0.054504951477050784,0.06340729904174805,0.026000402450561524
53,12622.0,0.0,-0.003,0.016,1.3788416748046874,-0.6501712646484376,0.6632037353515625,0.054519294738769535,0.06353668212890624,0.025974023818969728
54,12632.0,0.001,-0.002,0.016,1.3787130126953124,-0.6501219482421875,0.6631149291992188,0.054486671447753904,0.06355936813354492,0.0259947509765625
55,12642.0,0.0,-0.002,0.016,1.378871337890625,-0.6502295532226563,0.6632722778320312,0.05453765487670898,0.06357843780517577,0.02603144645690918
56,12652.0,0.0,-0.003,0.017,1.37886083984375,-0.6502194213867187,0.6632811889648438,0.054287826538085934,0.06391572570800781,0.025963693618774413
57,12662.0,0.001,-0.002,0.017,1.3788157958984375,-0.6502452392578125,0.6632635498046875,0.05449048233032226,0.06355422973632813,0.02603304100036621
58,12672.0,0.0,-0.003,0.017,1.3790208740234375,-0.651688232421875,0.6626582641601563,0.05450265884399414,0.06357017135620117,0.025998529434204103
59,12682.0,0.0,-0.001,0.017,1.3788829345703124,-0.6515642700195312,0.6625697631835937,0.054508243560791016,0.06358203887939454,0.02600308036804199
60,12692.0,0.001,-0.002,0.015,1.3788941650390625,-0.6516560668945313,0.66256689453125,0.054354110717773435,0.06382003021240235,0.02594337272644043
61,12702.0,0.0,-0.002,0.015,1.378865966796875,-0.6515796508789062,0.6625693359375,0.05455970764160156,0.06359001541137696,0.026036729812622072
62,12712.0,0.0,-0.003,0.015,1.378874755859375,-0.6516224975585938,0.6625266723632812,0.05453733825683594,0.06358828353881836,0.026015832901000978
63,12722.0,0.0,-0.002,0.015,1.3789488525390625,-0.6500718383789063,0.6633756713867187,0.054556884765625,0.06356515502929687,0.026034027099609374
64,12732.0,0.0,-0.003,0.014,1.3789051513671875,-0.6501856689453125,0.6633234252929687,0.054531707763671874,0.06358308410644531,0.026017406463623046
65,12742.0,0.0,-0.002,0.014,1.3787510986328124,-0.65021044921875,0.663201171875,0.054646381378173826,0.06363276672363281,0.026058990478515624
66,12752.0,0.001,-0.002,0.014,1.378877197265625,-0.6502225341796875,0.6632799072265625,0.05461272811889648,0.06357590103149414,0.026013973236083985
67,12762.0,0.0,-0.003,0.013,1.378855224609375,-0.6502157592773438,0.6632937622070313,0.05461800765991211,0.06358223342895508,0.026032644271850584
68,12772.0,0.001,-0.002,0.013,1.3788916015625,-0.6501699829101563,0.6633446044921875,0.054485530853271485,0.06360689163208008,0.02600980567932129
69,12782.0,0.001,-0.002,0.014,1.3790579833984375,-0.6516860961914063,0.6626268310546874,0.05452938079833984,0.06373638534545899,0.026030872344970705
70,12792.0,0.001,-0.002,0.014,1.3790611572265625,-0.65174072265625,0.6626134033203125,0.05454434585571289,0.06357410430908203,0.02602830696105957
71,12802.0,0.001,-0.002,0.014,1.379090576171875,-0.65172021484375,0.6626124267578125,0.05456162261962891,0.06357843780517577,0.02603950309753418
72,12812.0,0.0,-0.001,0.013,1.3788955078125,-0.6497919311523438,0.6634335327148437,0.054525123596191404,0.06356484985351563,0.026001176834106444
73,12822.0,0.0,-0.003,0.015,1.3788876953125,-0.6515919189453125,0.6624913330078125,0.05452389144897461,0.0634643783569336,0.02600965690612793
74,12832.0,0.001,-0.002,0.015,1.3788564453125,-0.65000537109375,0.6633441162109375,0.05451850128173828,0.0635613021850586,0.026001535415649413
75,12842.0,0.001,-0.002,0.015,1.378698974609375,-0.6500380249023437,0.6631695556640625,0.0545337028503418,0.06356983947753907,0.02605871391296387
76,12852.0,0.0,0.0,0.015,1.3786953125,-0.6501084594726563,0.66317822265625,0.054526351928710935,0.06356954574584961,0.026056488037109374
77,12862.0,0.001,-0.001,0.015,1.3787210693359375,-0.6502402954101563,0.6631793823242188,0.05454977035522461,0.06343192672729492,0.02609084129333496
78,12872.0,0.0,-0.001,0.017,1.3786988525390624,-0.6502874755859375,0.6631171875,0.05451353454589844,0.06353927612304687,0.026066984176635742
79,12882.0,0.0,-0.002,0.017,1.3788450927734375,-0.6503612670898438,0.6632278442382813,0.05450664138793945,0.06354109573364258,0.026075729370117186
80,12892.0,0.0,-0.002,0.017,1.37906005859375,-0.6516914672851563,0.6626434936523438,0.05452985000610352,0.06353561401367187,0.026078943252563477
81,12902.0,0.0,-0.001,0.017,1.379040283203125,-0.6517095947265625,0.6626430053710938,0.054335441589355465,0.06377985382080079,0.02605708885192871
82,12912.0,0.0,-0.001,0.016,1.3789093017578125,-0.6516528930664063,0.6625653076171875,0.05452693176269531,0.06366150283813476,0.026117572784423827
83,12922.0,0.001,-0.001,0.016,1.37903662109375,-0.651691162109375,0.6626210327148437,0.05454622268676758,0.0636012077331543,0.02603262519836426
84,12932.0,0.001,-0.001,0.016,1.3789085693359375,-0.651646240234375,0.6625634155273438,0.05457280349731446,0.06360246276855469,0.026010828018188478
85,12942.0,0.0,-0.001,0.016,1.3789136962890625,-0.6516392211914063,0.662571533203125,0.054373600006103515,0.06380947494506836,0.026051286697387696
86,12952.0,0.0,-0.001,0.016,1.3789161376953125,-0.6516044921875,0.6625462036132812,0.05451049041748047,0.06366622543334961,0.02610472297668457
87,12962.0,-0.001,-0.001,0.016,1.3790335693359375,-0.6517199096679688,0.66260693359375,0.05453533935546875,0.06359449768066407,0.026058958053588866
88,12972.0,0.0,-0.001,0.016,1.3789007568359375,-0.6516279907226562,0.66253662109375,0.05453436279296875,0.06358869934082031,0.02604771614074707
89,12982.0,0.0,0.0,0.016,1.3790159912109374,-0.6516829223632813,0.6626031494140625,0.054451358795166015,0.06365169143676758,0.02602030944824219
90,12992.0,0.0,-0.001,0.016,1.3790313720703125,-0.6517366333007812,0.6625982666015625,0.05451648712158203,0.06344408416748047,0.02604517936706543
91,13002.0,0.0,0.0,0.016,1.378698974609375,-0.6499443359375,0.6632405395507812,0.054508934020996096,0.06354304122924805,0.02606784248352051
92,13012.0,-0.001,-0.001,0.016,1.378916259765625,-0.6501414184570312,0.6633035278320313,0.05449902725219727,0.06354968643188477,0.02604182434082031
93,13022.0,0.0,-0.001,0.016,1.378750732421875,-0.6500474853515625,0.6632098388671875,0.05436257934570313,0.06359986877441406,0.026004913330078126
94,13032.0,0.0,0.0,0.016,1.3788836669921876,-0.6502387084960938,0.6632528686523438,0.05447156524658203,0.06340298843383789,0.026021127700805665
95,13042.0,0.0,0.0,0.016,1.378752197265625,-0.6501162719726562,0.6631800537109375,0.0545184326171875,0.06353407669067383,0.026048049926757813
96,13052.0,-0.001,-0.002,0.016,1.378745849609375,-0.6501389770507813,0.6632023315429687,0.05453242492675781,0.06353583526611328,0.026059734344482423
97,13062.0,0.0,-0.001,0.017,1.378891845703125,-0.6502136840820313,0.6632608642578125,0.05457593154907227,0.0635564308166504,0.026032787322998047
98,13072.0,0.0,-0.001,0.017,1.3789205322265625,-0.6515393676757812,0.6625445556640625,0.05429207229614258,0.063812744140625,0.026112810134887695
99,13082.0,0.0,0.0,0.017,1.3787635498046875,-0.6501453857421875,0.6632156982421875,0.05454879760742187,0.06357948684692383,0.02605697822570801
100,13092.0,0.0,-0.001,0.015,1.3787625732421875,-0.6501632690429687,0.6632108764648438,0.0545164909362793,0.06356653213500976,0.026034589767456054
101,13102.0,0.0,-0.001,0.015,1.3788375244140625,-0.6502496337890625,0.6632428588867187,0.05452191543579102,0.06356109619140625,0.02602213478088379
102,13112.0,0.0,-0.001,0.015,1.378731689453125,-0.6502155151367187,0.663179443359375,0.054474632263183595,0.0637325439453125,0.026126848220825196
103,13122.0,0.0,-0.002,0.015,1.3788372802734374,-0.65028857421875,0.6632369384765625,0.0545631217956543,0.06357496261596679,0.026051822662353515
104,13132.0,0.0,0.0,0.016,1.3787222900390625,-0.6502603759765625,0.66317431640625,0.05454433822631836,0.06354997634887695,0.02602561569213867
105,13142.0,0.0,-0.002,0.016,1.378860595703125,-0.6502515258789062,0.6633110961914063,0.054533123016357425,0.0635506477355957,0.026046749114990234
106,13152.0,0.0,0.0,0.016,1.3788182373046876,-0.6502911987304687,0.663244140625,0.05444820785522461,0.06360760116577148,0.026030872344970705
107,13162.0,0.0,-0.001,0.016,1.37869580078125,-0.6502388305664063,0.6631446533203125,0.05459872817993164,0.06363672637939453,0.026050058364868164
108,13172.0,0.0,0.0,0.016,1.378896484375,-0.6503977661132813,0.6632498779296875,0.05454584503173828,0.06353890991210938,0.026035903930664062
109,13182.0,0.0,0.0,0.016,1.3787042236328124,-0.6502159423828126,0.6631491088867187,0.05456909561157226,0.06352916717529297,0.026004316329956055
110,13192.0,0.0,-0.001,0.016,1.3788612060546874,-0.650291259765625,0.6633052978515624,0.0544262466430664,0.06358890151977539,0.02601546287536621
111,13202.0,0.0,-0.001,0.016,1.3787232666015625,-0.6502073364257812,0.6632098999023438,0.05453424453735352,0.06362731552124024,0.026077491760253906
112,13212.0,0.0,-0.002,0.016,1.37888916015625,-0.6503019409179688,0.6633049926757812,0.054536792755126955,0.0635004425048828,0.026032821655273437
113,13222.0,0.0,-0.002,0.017,1.3788907470703125,-0.6502974853515625,0.6633106079101563,0.0545677490234375,0.0634989356994629,0.026010795593261717
114,13232.0,0.001,0.0,0.017,1.379050048828125,-0.6516781616210937,0.6626681518554688,0.05456061172485351,0.06351520156860352,0.02603447151184082
115,13242.0,0.001,0.0,0.017,1.37873876953125,-0.6501765747070313,0.6631747436523437,0.054564319610595706,0.06342427444458008,0.02609024429321289
116,13252.0,0.001,0.0,0.017,1.3788834228515625,-0.6502172241210937,0.663302978515625,0.05454760360717773,0.06351669311523438,0.02601569747924805
117,13262.0,0.001,0.0,0.018,1.37890576171875,-0.6502434692382812,0.6632737426757812,0.05451557540893555,0.06350857925415039,0.026027286529541015
118,13272.0,0.0,0.0,0.018,1.378863037109375,-0.6502969360351563,0.6632761840820313,0.05452035903930664,0.0635275535583496,0.0260264835357666
119,13282.0,0.0,0.0,0.018,1.378711181640625,-0.6501185302734375,0.6631663208007812,0.054520702362060545,0.06340641403198242,0.02600936698913574
120,13292.0,0.001,0.0,0.018,1.378705322265625,-0.6501527099609375,0.6632057495117187,0.05454732131958008,0.06354315567016601,0.026034950256347656
121,13302.0,0.0,0.0,0.018,1.3788350830078124,-0.6501572265625,0.6632562866210937,0.05452917098999024,0.06355446243286132,0.02602054786682129
122,13312.0,0.0,0.0,0.018,1.378738525390625,-0.650046630859375,0.6632357177734375,0.05448598861694336,0.06354294967651367,0.025984960556030272
123,13322.0,0.0,0.0,0.018,1.3788502197265624,-0.6501459350585937,0.6632900390625,0.05425139617919922,0.06382815551757813,0.02600214385986328
124,13332.0,0.0,0.0,0.018,1.3786959228515625,-0.6500596923828125,0.6632279663085937,0.05448203659057617,0.06365193557739258,0.026026968002319337
125,13342.0,0.001,0.0,0.018,1.378836669921875,-0.6501056518554688,0.6633125610351562,0.05447040557861328,0.0635498161315918,0.02598440170288086
126,13352.0,0.001,0.0,0.017,1.3786939697265626,-0.6499451293945312,0.6632542724609375,0.05446424102783203,0.06353736877441406,0.025995712280273437
127,13362.0,0.001,0.0,0.017,1.3790172119140625,-0.6517387084960937,0.66259716796875,0.054303199768066406,0.06378888320922851,0.026031341552734375
128,13372.0,0.0,-0.002,0.017,1.3788607177734375,-0.6515899658203125,0.662540283203125,0.05453886032104492,0.06365940475463867,0.026098180770874023
129,13382.0,0.0,0.0,0.017,1.3787059326171875,-0.649877685546875,0.6633057250976563,0.05451932144165039,0.06359349060058593,0.02604886245727539
130,13392.0,0.0,0.0,0.017,1.3788309326171875,-0.6499542236328125,0.6633880004882813,0.05448388290405273,0.06357524871826171,0.02603116798400879
131,13402.0,-0.001,-0.001,0.017,1.3790198974609376,-0.651708251953125,0.6626246337890624,0.054389842987060545,0.06364156723022461,0.026025772094726562
132,13412.0,0.0,0.0,0.017,1.3790283203125,-0.6517169799804687,0.6626244506835938,0.05446342468261719,0.06349014282226563,0.02595685386657715
133,13422.0,-0.001,-0.001,0.016,1.37901513671875,-0.6517154541015625,0.6626187744140625,0.05450295257568359,0.06361955642700196,0.026043787002563476
134,13432.0,0.0,-0.001,0.016,1.3788829345703124,-0.6516771850585937,0.6625084838867188,0.054510433197021486,0.06359712982177734,0.026056529998779297
135,13442.0,0.0,0.0,0.016,1.37903857421875,-0.65169970703125,0.662639404296875,0.05442646789550781,0.06363298797607422,0.026027717590332032
136,13452.0,0.0,-0.001,0.016,1.3790382080078125,-0.6516978149414062,0.662618408203125,0.05449825668334961,0.06346601486206055,0.026046329498291016
137,13462.0,0.0,-0.001,0.016,1.3790797119140625,-0.6517766723632813,0.6626279907226562,0.05453850936889648,0.06359304428100586,0.026048128128051757
138,13472.0,0.0,-0.001,0.016,1.378874267578125,-0.6501666259765625,0.663331298828125,0.054530067443847655,0.06358509826660157,0.026071966171264647
139,13482.0,0.0,0.0,0.015,1.37871142578125,-0.65015185546875,0.6632025146484375,0.054524707794189456,0.06358511352539062,0.026078569412231446
140,13492.0,0.0,0.0,0.015,1.3788988037109375,-0.6501778564453125,0.66336376953125,0.054280921936035155,0.06388956451416015,0.026059720993041994
141,13502.0,0.0,0.0,0.015,1.3788887939453125,-0.6501156616210938,0.663379150390625,0.05449633026123047,0.06356204605102539,0.026077884674072266
142,13512.0,0.0,0.0,0.015,1.37903369140625,-0.6517207641601562,0.6626018676757812,0.0545213508605957,0.06357036590576172,0.0260766658782959
143,13522.0,0.0,0.0,0.015,1.3788824462890625,-0.6516195678710938,0.6625283813476562,0.054528366088867186,0.06356589889526368,0.026038415908813478
144,13532.0,0.0,0.0,0.014,1.3788902587890626,-0.651605712890625,0.662526123046875,0.05432971572875977,0.06385855484008789,0.026073043823242187
145,13542.0,0.001,0.0,0.014,1.3789208984375,-0.6501810913085937,0.6633690185546876,0.05451261138916016,0.06368206405639648,0.026116519927978515
146,13552.0,0.001,0.0,0.014,1.3789627685546875,-0.6502650146484374,0.6633735961914062,0.05453377914428711,0.06358204650878906,0.02605229377746582
147,13562.0,0.001,0.0,0.014,1.378975830078125,-0.6502484130859375,0.6633496704101562,0.05451430130004883,0.06359607315063477,0.026051877975463867
148,13572.0,0.001,0.0,0.015,1.37898779296875,-0.6502811889648438,0.6633640747070313,0.054447925567626954,0.06364013290405274,0.026023231506347656
149,13582.0,0.001,0.0,0.015,1.3788721923828124,-0.65008837890625,0.6633757934570312,0.05461958312988281,0.06366609573364258,0.02617308235168457
150,13592.0,0.001,0.001,0.015,1.3788406982421875,-0.6500994873046875,0.66330810546875,0.05453944778442383,0.06359589767456054,0.026081867218017578
151,13602.0,0.001,0.0,0.015,1.3788619384765626,-0.6501685791015624,0.6632797241210937,0.054526012420654295,0.06358157348632812,0.02605082130432129
152,13612.0,0.001,0.0,0.015,1.3788668212890625,-0.6501409301757812,0.6632867431640626,0.05445457458496094,0.0636398048400879,0.026067609786987304
153,13622.0,0.001,0.0,0.015,1.3787244873046876,-0.6499181518554688,0.6632853393554687,0.05459991073608399,0.06364124298095702,0.02602311897277832
154,13632.0,0.0,0.0,0.015,1.3788045654296874,-0.6499572143554687,0.6633150634765625,0.054522705078125,0.06354599380493164,0.02603915786743164
155,13642.0,0.001,0.0,0.015,1.3789578857421876,-0.6517411499023438,0.6625431518554687,0.05455488204956055,0.06354828643798828,0.026031248092651366
156,13652.0,0.001,0.001,0.015,1.378857666015625,-0.6516797485351562,0.6625120849609375,0.05452382278442383,0.06353875732421875,0.026052135467529297
157,13662.0,0.001,0.0,0.014,1.378984375,-0.6517467041015625,0.6626219482421875,0.0545093879699707,0.06343516159057618,0.026046905517578125
158,13672.0,0.001,0.001,0.014,1.3788594970703125,-0.65025927734375,0.6632925415039063,0.054522998809814455,0.06355574035644532,0.026047760009765625
159,13682.0,0.001,0.001,0.014,1.3787796630859375,-0.6502496337890625,0.6632162475585938,0.05450363540649414,0.06355528259277343,0.026018726348876954
160,13692.0,0.0,0.0,0.014,1.37887060546875,-0.6503228759765625,0.6632686157226563,0.05451552963256836,0.06355427169799804,0.02603626823425293
161,13702.0,0.001,0.0,0.015,1.378864990234375,-0.6502555541992188,0.66328369140625,0.05453976440429688,0.0634275016784668,0.026043663024902342
162,13712.0,0.001,0.001,0.015,1.3787344970703126,-0.6501878051757812,0.6632123413085937,0.05452985000610352,0.06354412460327148,0.02605198097229004
163,13722.0,0.001,0.001,0.014,1.3788787841796875,-0.650217529296875,0.6632760009765625,0.05450391387939453,0.06353646087646485,0.026015050888061525
164,13732.0,0.001,0.001,0.014,1.3789085693359375,-0.6502232666015625,0.6632764282226562,0.05448408889770508,0.06353740692138672,0.02602720832824707
165,13742.0,0.001,0.001,0.014,1.3788740234375,-0.6501474609375,0.6632758178710938,0.05422779083251953,0.06385563278198242,0.02600034523010254
166,13752.0,0.002,0.0,0.015,1.378894287109375,-0.6501580810546875,0.6632752685546875,0.054500049591064456,0.06362694549560546,0.026109163284301757
167,13762.0,0.001,0.0,0.015,1.3790458984375,-0.6517372436523438,0.6625862426757813,0.05453884887695312,0.06352877044677735,0.02604257583618164
168,13772.0,0.001,0.0,0.015,1.3787977294921876,-0.6500036010742187,0.6632947387695313,0.054503379821777345,0.06351981735229492,0.026084436416625976
169,13782.0,0.001,0.0,0.015,1.379050537109375,-0.6517568969726563,0.662601318359375,0.05430762481689453,0.0638046760559082,0.026084083557128906
170,13792.0,0.001,0.001,0.015,1.378766845703125,-0.6499105224609375,0.6633154296875,0.054487464904785156,0.06365757369995118,0.026025608062744142
171,13802.0,0.001,0.0,0.015,1.378941650390625,-0.6517089233398438,0.662552490234375,0.05452471542358398,0.06356710052490235,0.026037397384643553
172,13812.0,0.001,0.0,0.015,1.3789932861328125,-0.6517518310546875,0.662592529296875,0.054516742706298825,0.06354460144042968,0.026044363021850585
173,13822.0,0.001,0.0,0.015,1.378986328125,-0.6517872924804687,0.6625806274414062,0.05437139129638672,0.06355489349365234,0.02604269027709961
174,13832.0,0.001,0.0,0.015,1.3787935791015624,-0.650240234375,0.6632415161132813,0.05448759841918945,0.06343644332885742,0.026002878189086913
175,13842.0,0.001,0.001,0.015,1.378693115234375,-0.6501907958984375,0.66323193359375,0.05451450729370117,0.06356503677368164,0.025988889694213868
176,13852.0,0.002,0.0,0.015,1.3787835693359376,-0.650245849609375,0.6632652587890625,0.054525459289550784,0.06356719970703124,0.02600129508972168
177,13862.0,0.001,0.0,0.015,1.3787239990234375,-0.6502684936523437,0.6631969604492187,0.05451522064208984,0.06357760238647461,0.026039775848388673
178,13872.0,0.001,0.0,0.015,1.378704345703125,-0.6502520141601562,0.6631934204101563,0.054547607421875,0.06344140625,0.026094764709472657
179,13882.0,0.0,0.001,0.016,1.3786944580078124,-0.6502607421875,0.66317724609375,0.05453797912597656,0.06352090072631836,0.02606266975402832
180,13892.0,0.0,0.0,0.016,1.3788360595703124,-0.6502808227539062,0.6632496337890625,0.05456735610961914,0.06355256652832031,0.026086669921875
181,13902.0,0.001,0.001,0.016,1.3788197021484374,-0.6502617797851562,0.6632833251953125,0.054568283081054686,0.06354818344116211,0.02602238655090332
182,13912.0,0.001,0.001,0.017,1.378894775390625,-0.6516830444335937,0.662557861328125,0.054296920776367184,0.0638365478515625,0.02606594467163086
183,13922.0,0.001,0.001,0.016,1.3788936767578126,-0.6516911010742188,0.6625499877929687,0.054568412780761716,0.06353417587280273,0.026043912887573243
184,13932.0,0.001,0.001,0.016,1.37886572265625,-0.6500071411132813,0.6633687133789062,0.05460274505615234,0.0635452766418457,0.026038700103759766
185,13942.0,0.001,0.002,0.016,1.3788731689453124,-0.6498727416992187,0.6634259033203125,0.05456713104248047,0.06354944229125976,0.026080312728881835
186,13952.0,0.001,0.002,0.016,1.3787490234375,-0.6498492431640625,0.6633607177734375,0.05429768371582031,0.06382208633422852,0.026101755142211913
187,13962.0,0.002,0.0,0.016,1.3788970947265624,-0.6499728393554688,0.6634384155273437,0.05454328918457031,0.06355458450317383,0.026064626693725584
188,13972.0,0.001,0.0,0.016,1.378881103515625,-0.649906494140625,0.6634417114257812,0.05455315780639648,0.06353659820556641,0.026041152954101563
189,13982.0,0.002,0.0,0.016,1.378796142578125,-0.6498693237304688,0.6634154663085937,0.054566444396972655,0.06355110549926758,0.02606620216369629
190,13992.0,0.001,0.0,0.016,1.378953369140625,-0.6517117309570313,0.66259033203125,0.05446326065063477,0.06360903549194336,0.02602944564819336
191,14002.0,0.001,0.0,0.016,1.3790753173828125,-0.65176611328125,0.6626303100585937,0.05450735855102539,0.06366052627563476,0.02604268455505371
192,14012.0,0.001,0.0,0.016,1.37907666015625,-0.6517407836914062,0.6626414794921875,0.05455120468139649,0.06351921844482422,0.026112802505493166
193,14022.0,0.001,0.0,0.016,1.379072998046875,-0.6517698974609375,0.6626438598632812,0.054529830932617186,0.06351470565795898,0.02613142204284668
194,14032.0,0.001,0.0,0.016,1.378931884765625,-0.651720947265625,0.6625637817382812,0.05445553588867187,0.06362065887451172,0.02608659362792969
195,14042.0,0.001,0.0,0.016,1.378941650390625,-0.6517540283203125,0.66258349609375,0.054567184448242184,0.06363872909545898,0.02610386276245117
196,14052.0,0.001,0.0,0.016,1.378856201171875,-0.6502925415039063,0.66329541015625,0.054606182098388675,0.06352370834350586,0.02613292121887207
197,14062.0,0.002,0.0,0.016,1.3787335205078124,-0.6502802734375,0.6632337646484375,0.05458578872680664,0.06353242492675781,0.02609385871887207
198,14072.0,0.001,0.0,0.016,1.378854736328125,-0.65035888671875,0.66327978515625,0.05455129623413086,0.06354916763305664,0.02608965301513672
199,14082.0,0.001,0.0,0.016,1.3788189697265625,-0.6503096923828126,0.663280029296875,0.05433442687988281,0.06385595703125,0.026061540603637696
200,14092.0,0.001,0.0,0.016,1.378718505859375,-0.650277099609375,0.6632305297851563,0.054508739471435544,0.06351649475097657,0.02602666473388672
201,14102.0,0.001,0.0,0.016,1.3787249755859374,-0.6502410278320313,0.6632512817382813,0.05447065353393555,0.0635183334350586,0.026048725128173827
202,14112.0,0.001,0.0,0.016,1.3787357177734374,-0.6502978515625,0.6632138061523437,0.05448337936401367,0.06355148696899414,0.026040355682373048
203,14122.0,0.002,0.0,0.016,1.3787152099609374,-0.6502334594726562,0.6632276611328125,0.05452784729003906,0.06343929672241211,0.026037813186645508
204,14132.0,0.002,0.001,0.016,1.3787447509765625,-0.6502493286132812,0.6632454833984375,0.054523841857910156,0.06354481506347656,0.02605624771118164
205,14142.0,0.002,0.001,0.017,1.3787537841796875,-0.6502471313476562,0.6632587890625,0.05448112869262695,0.06352350616455078,0.026054937362670897
206,14152.0,0.002,0.0,0.017,1.378880859375,-0.6502940673828125,0.6633032836914062,0.05449202728271484,0.06352478408813476,0.026032573699951173
207,14162.0,0.001,0.0,0.017,1.378758544921875,-0.6502080078125,0.6632518310546875,0.05455057907104492,0.06352863693237305,0.026016834259033204
208,14172.0,0.001,0.001,0.017,1.3788651123046876,-0.6502462768554688,0.663290771484375,0.05457433700561523,0.06365464401245118,0.026093753814697265
209,14182.0,0.002,0.001,0.018,1.3788834228515625,-0.6501804809570313,0.6633731079101562,0.054521205902099606,0.06354510879516602,0.026069169998168946
210,14192.0,0.002,0.001,0.018,1.378883056640625,-0.650221435546875,0.6633584594726563,0.05454064559936524,0.06354138946533203,0.026044702529907225
211,14202.0,0.002,0.001,0.018,1.37888671875,-0.65018994140625,0.663359130859375,0.0543973503112793,0.06361301422119141,0.026033906936645507
212,14212.0,0.001,0.001,0.018,1.3787435302734374,-0.6500751953125,0.6633057250976563,0.054521728515625,0.063646484375,0.026112741470336914
213,14222.0,0.001,0.0,0.018,1.3788697509765624,-0.6501765747070313,0.6633408203125,0.05450787734985352,0.06355789184570312,0.026072151184082033
214,14232.0,0.001,0.0,0.017,1.3788135986328125,-0.650158935546875,0.66324609375,0.054523853302001955,0.06354899215698243,0.026003868103027343
215,14242.0,0.001,0.0,0.017,1.3788480224609374,-0.6501165771484375,0.663282470703125,0.054537788391113284,0.06354917526245117,0.0260064697265625
216,14252.0,0.002,0.001,0.017,1.3788409423828125,-0.6501196899414062,0.663239013671875,0.05451675796508789,0.06345257949829101,0.026057634353637695
217,14262.0,0.002,0.001,0.017,1.3787230224609375,-0.6500471801757812,0.6631723022460938,0.05451053619384766,0.06355589294433593,0.026024049758911132
218,14272.0,0.001,0.0,0.016,1.3787764892578125,-0.6500916137695313,0.6632039184570313,0.05451447296142578,0.06357009506225586,0.0260328426361084
219,14282.0,0.001,0.001,0.016,1.37898828125,-0.650055419921875,0.6633896484375,0.05439075088500977,0.0636214599609375,0.025987245559692382
220,14292.0,0.001,0.0,0.016,1.37897509765625,-0.6501161499023438,0.6633614501953125,0.05453266143798828,0.06353665161132813,0.026006435394287108
221,14302.0,0.001,0.0,0.016,1.378993408203125,-0.6500418090820312,0.6633864135742188,0.05452253723144531,0.06357503128051757,0.026011594772338865
222,14312.0,0.002,0.001,0.016,1.3789815673828125,-0.6500554809570313,0.6634047241210937,0.05452213668823242,0.06358120727539063,0.026033002853393553
223,14322.0,0.002,0.001,0.016,1.3789866943359375,-0.6499898681640625,0.6634174194335938,0.05451268005371094,0.06360066223144531,0.026031911849975584
224,14332.0,0.002,0.001,0.016,1.378949951171875,-0.64994921875,0.6633861083984375,0.05448971176147461,0.06378193283081054,0.026091426849365235
225,14342.0,0.002,0.001,0.016,1.378949462890625,-0.6499719848632812,0.6634033813476562,0.054579135894775394,0.06358722305297851,0.026031919479370117
226,14352.0,0.001,0.0,0.016,1.3789620361328125,-0.649906982421875,0.6634476928710937,0.054570381164550784,0.06356986236572265,0.026038198471069335
227,14362.0,0.002,0.001,0.016,1.3787911376953126,-0.6498478393554687,0.66333642578125,0.05453831100463867,0.06357934188842773,0.02606367111206055
228,14372.0,0.002,0.001,0.016,1.3787744140625,-0.6498635864257812,0.6632841796875,0.05432615280151367,0.06382675552368164,0.026072410583496092
229,14382.0,0.002,0.001,0.016,1.3787562255859376,-0.6498675537109375,0.663265625,0.05456757354736328,0.06355368804931641,0.0260837459564209
230,14392.0,0.001,0.0,0.016,1.37889404296875,-0.6498857421875,0.6634337158203125,0.05458591461181641,0.0635576171875,0.026091886520385743
231,14402.0,0.001,0.001,0.015,1.3789132080078126,-0.6515853271484375,0.6625430908203125,0.0545882453918457,0.06356164169311523,0.02608888626098633
232,14412.0,0.001,0.0,0.016,1.3788712158203125,-0.6499139404296875,0.6633912353515625,0.05448149871826172,0.06363966369628907,0.026071826934814454
233,14422.0,0.001,0.0,0.016,1.378875,-0.6499838256835937,0.663392578125,0.054594947814941404,0.06344713592529297,0.02602803611755371
234,14432.0,0.002,0.001,0.016,1.3790550537109374,-0.6517286376953125,0.6626365356445313,0.054545513153076174,0.06355499267578125,0.026065601348876952
235,14442.0,0.002,0.001,0.016,1.3788507080078125,-0.65000439453125,0.6633748779296875,0.05456454849243164,0.06356045913696289,0.026056657791137694
236,14452.0,0.002,0.001,0.017,1.3789287109375,-0.65166015625,0.66251025390625,0.05446221542358398,0.06361083984375,0.025994400024414062
237,14462.0,0.0,-0.001,0.017,1.3787218017578124,-0.6499508666992188,0.6632925415039063,0.054599246978759765,0.06347183990478515,0.02612092399597168
238,14472.0,0.001,0.0,0.017,1.3789122314453126,-0.6516444091796875,0.6625194702148437,0.054559776306152344,0.06356851959228516,0.02606210708618164
239,14482.0,0.001,0.0,0.017,1.3790595703125,-0.651720947265625,0.6626150512695312,0.054559024810791015,0.06359720611572266,0.02608896064758301
240,14492.0,0.0,0.0,0.017,1.3788885498046874,-0.650207275390625,0.663314208984375,0.05452354431152344,0.06358639907836915,0.026065782546997072
241,14502.0,0.0,0.0,0.017,1.3787593994140626,-0.6501844482421875,0.6631927490234375,0.054315380096435543,0.06383275985717773,0.026098636627197264
242,14512.0,0.0,0.0,0.017,1.378884765625,-0.65028076171875,0.6632459716796875,0.054558040618896485,0.06357590484619141,0.026082757949829102
243,14522.0,0.0,0.0,0.017,1.3787335205078124,-0.6501845092773437,0.6631765747070313,0.05454853057861328,0.06356793975830079,0.02607590103149414
244,14532.0,0.001,0.0,0.017,1.3788570556640625,-0.6502216796875,0.6632815551757812,0.05456107711791992,0.06354804229736329,0.026086971282958983
245,14542.0,0.001,0.0,0.017,1.378887939453125,-0.65019873046875,0.6632962646484375,0.05434638214111328,0.06377664184570313,0.02608484077453613
246,14552.0,0.0,0.0,0.017,1.3787257080078126,-0.6501232299804688,0.663184326171875,0.05459312057495117,0.06354351425170898,0.026100059509277344
247,14562.0,0.0,-0.001,0.017,1.37868017578125,-0.6501013793945313,0.66318212890625,0.05461433792114258,0.0635317726135254,0.026072879791259766
248,14572.0,0.0,0.0,0.017,1.3788682861328125,-0.6515452880859375,0.6625150756835938,0.05458668899536133,0.06353581237792968,0.026094423294067384
249,14582.0,0.0,0.0,0.015,1.378868408203125,-0.6502135009765625,0.6633233032226562,0.05445455169677734,0.06362958908081055,0.026060338973999023
250,14592.0,0.001,0.0,0.015,1.378805908203125,-0.6501936645507812,0.6632661743164062,0.054538856506347655,0.06364705276489258,0.026142271041870117
251,14602.0,0.0,-0.001,0.015,1.3788626708984375,-0.6516672973632812,0.6625228271484375,0.054532752990722654,0.06356727218627929,0.026075122833251953
252,14612.0,0.001,0.0,0.015,1.3788936767578126,-0.6516450805664062,0.6625755615234376,0.05455387496948242,0.06357886505126953,0.026099327087402344
253,14622.0,0.001,0.0,0.015,1.3789002685546874,-0.6516414794921875,0.6625582275390625,0.054449142456054686,0.06364542770385742,0.026081119537353516
254,14632.0,0.0,0.0,0.015,1.3788734130859375,-0.6516092529296875,0.6625330200195313,0.054638072967529296,0.06362513732910156,0.026095922470092774
255,14642.0,0.0,0.0,0.015,1.378753662109375,-0.6516094970703125,0.6624468994140625,0.05455871200561523,0.06358465194702148,0.026075584411621094
256,14652.0,0.0,0.0,0.015,1.3786005859375,-0.6499240112304687,0.6632144165039062,0.054543506622314455,0.06357297515869141,0.02603866767883301
257,14662.0,0.0,0.0,0.014,1.3786160888671875,-0.6499120483398437,0.6631680297851562,0.05450897216796875,0.06357545089721679,0.02605195426940918
258,14672.0,-0.001,0.0,0.016,1.3787681884765626,-0.649975341796875,0.663305419921875,0.054480857849121093,0.06356405639648438,0.026016324996948243
259,14682.0,0.0,0.0,0.016,1.3786190185546876,-0.6500458984375,0.6631124267578125,0.05454319381713867,0.0635791893005371,0.026074188232421875
260,14692.0,0.0,0.0,0.016,1.3787379150390624,-0.6501084594726563,0.6632412109375,0.05453493499755859,0.0635733757019043,0.026080509185791016
261,14702.0,0.0,0.0,0.016,1.378779052734375,-0.650149169921875,0.6632163696289063,0.054560218811035156,0.06357854461669922,0.026071598052978515
262,14712.0,0.0,0.0,0.016,1.378842041015625,-0.6501992797851562,0.6632950439453125,0.05456696701049805,0.06345177841186524,0.026078357696533203
263,14722.0,0.0,-0.001,0.016,1.3788575439453126,-0.6501937866210937,0.66331298828125,0.05450940704345703,0.06357200622558594,0.02607831382751465
264,14732.0,0.0,-0.001,0.017,1.3787052001953124,-0.6501395874023438,0.66319970703125,0.054510494232177735,0.0635732421875,0.026061111450195313
265,14742.0,0.0,-0.001,0.017,1.37886962890625,-0.650264892578125,0.66327685546875,0.05451633834838867,0.0635738182067871,0.026046804428100586
266,14752.0,0.0,0.002,0.017,1.3788919677734375,-0.650231689453125,0.6633441162109375,0.054292057037353514,0.06390488052368164,0.02603199577331543
267,14762.0,0.0,0.001,0.017,1.378768310546875,-0.6501456909179687,0.6632976684570312,0.054528282165527346,0.06375840377807618,0.026004941940307617
268,14772.0,0.0,0.001,0.017,1.3788795166015626,-0.650119140625,0.6633936157226562,0.05452338027954102,0.06355218124389649,0.026068384170532227
269,14782.0,0.0,0.0,0.017,1.378687255859375,-0.6500868530273437,0.6632222290039063,0.054517494201660154,0.06355081939697266,0.026039474487304686
270,14792.0,0.0,0.001,0.018,1.3786658935546876,-0.650005615234375,0.6632366333007812,0.05429877853393555,0.06389370727539062,0.026084911346435546
271,14802.0,-0.001,0.001,0.018,1.378965087890625,-0.6516361083984376,0.6626287841796875,0.054561355590820315,0.06364584732055664,0.026065956115722655
272,14812.0,-0.001,0.001,0.018,1.37902392578125,-0.6516036376953125,0.6627196655273437,0.05445733642578125,0.06354397964477539,0.02600592041015625
273,14822.0,0.001,0.001,0.018,1.378907470703125,-0.651603515625,0.6626680297851563,0.0545372314453125,0.06356601333618164,0.026081350326538084
274,14832.0,0.001,0.001,0.018,1.3787559814453125,-0.6499140014648438,0.6633982543945313,0.05438726806640625,0.06361048889160156,0.026050331115722657
275,14842.0,0.001,0.002,0.018,1.3788421630859375,-0.6498568115234375,0.6634805297851563,0.05465520095825195,0.06344371795654297,0.026200212478637696
276,14852.0,0.001,0.002,0.018,1.3788525390625,-0.64987451171875,0.6634796752929687,0.054561500549316404,0.06355532455444336,0.026160226821899415
277,14862.0,0.0,0.001,0.018,1.3788193359375,-0.6498695678710937,0.6634553833007812,0.05459919357299805,0.06356757736206055,0.026112680435180665
278,14872.0,0.0,0.002,0.018,1.378810791015625,-0.649895263671875,0.6634053344726563,0.05445059204101563,0.06362856674194337,0.026086557388305665
279,14882.0,0.0,0.001,0.018,1.3786697998046875,-0.649840576171875,0.66327294921875,0.054606502532958984,0.06351085662841797,0.026047119140625
280,14892.0,0.0,0.002,0.018,1.37881591796875,-0.65002880859375,0.6633231201171875,0.05461073303222656,0.0636248435974121,0.0261252384185791
281,14902.0,0.001,0.001,0.018,1.3787762451171874,-0.6501681518554687,0.663245361328125,0.05457351303100586,0.06358176422119141,0.02609847068786621
282,14912.0,0.001,0.001,0.019,1.378762939453125,-0.6502435913085938,0.6631929931640625,0.054595378875732424,0.06354462814331055,0.02613463020324707
283,14922.0,0.0,0.001,0.019,1.3787418212890625,-0.6502207641601563,0.6631802978515625,0.054337646484375,0.06381158447265625,0.02614550018310547
284,14932.0,0.0,0.002,0.017,1.3786075439453125,-0.6501331787109375,0.6630845336914063,0.05455130767822266,0.0635389518737793,0.026107059478759766
285,14942.0,0.0,0.002,0.017,1.3787713623046876,-0.65017333984375,0.663204833984375,0.054517467498779296,0.06353360748291016,0.026033475875854493
286,14952.0,0.0,0.001,0.017,1.37901904296875,-0.6517219848632813,0.662593505859375,0.05453482818603515,0.06357063293457031,0.026045808792114256
287,14962.0,0.0,0.0,0.017,1.3788970947265624,-0.6517100830078125,0.6625374755859375,0.05433103942871094,0.06381032180786132,0.02603725814819336
288,14972.0,0.0,0.001,0.017,1.378994384765625,-0.6517347412109376,0.6626008911132812,0.054545761108398434,0.06358357620239258,0.026073150634765625
289,14982.0,0.0,0.001,0.017,1.3789996337890624,-0.651754638671875,0.6626357421875,0.0545449333190918,0.06358456039428712,0.02607221221923828
290,14992.0,0.0,0.001,0.017,1.378992919921875,-0.6517584838867188,0.6626001586914062,0.05453246307373047,0.06356492233276367,0.026028661727905272
291,15002.0,0.0,0.001,0.017,1.378919921875,-0.6516921997070313,0.6625729370117187,0.05457583236694336,0.06355645370483398,0.026089021682739258
292,15012.0,0.0,0.0,0.017,1.3787183837890624,-0.6499083862304688,0.6633484497070312,0.05463479232788086,0.06361049270629883,0.02609633255004883
293,15022.0,0.0,0.001,0.017,1.3787779541015626,-0.6499124755859375,0.6633763427734375,0.054520011901855465,0.06354302215576171,0.02597820472717285
294,15032.0,0.0,0.001,0.017,1.379041015625,-0.6517793579101563,0.6626450805664063,0.05455573272705078,0.063574951171875,0.026063703536987306
295,15042.0,0.001,0.001,0.017,1.378868408203125,-0.6500386962890625,0.6633733520507813,0.05449017715454101,0.06364846420288085,0.026089908599853516
296,15052.0,0.0,0.0,0.017,1.3786578369140625,-0.6499329833984375,0.6632801513671875,0.0546256103515625,0.06365684509277343,0.026130178451538085
297,15062.0,0.0,0.001,0.017,1.378769287109375,-0.6501083984375,0.6632943725585938,0.054572078704833986,0.06357052230834961,0.026020660400390624
298,15072.0,0.001,0.001,0.017,1.3787373046875,-0.6500534057617188,0.6632704467773437,0.05456020355224609,0.06356480789184571,0.02609112548828125
299,15082.0,0.001,0.001,0.017,1.378775634765625,-0.6501292114257813,0.6632594604492188,0.054568603515625,0.06359186935424804,0.02608262634277344
300,15092.0,0.0,0.0,0.016,1.3786417236328126,-0.65001953125,0.6632283325195313,0.05451921844482422,0.06343715286254883,0.02604103469848633
301,15102.0,0.0,0.0,0.016,1.3787532958984374,-0.650070556640625,0.6632703247070313,0.05451571273803711,0.0635555305480957,0.026072370529174806
302,15112.0,0.0,0.0,0.016,1.3787061767578126,-0.6499757690429687,0.6632957763671875,0.05452601623535156,0.06356236267089843,0.026072792053222656
303,15122.0,0.0,0.0,0.016,1.37872021484375,-0.6500660400390625,0.6632469482421876,0.05451850509643555,0.06356371307373047,0.026079463958740234
304,15132.0,0.0,0.0,0.016,1.3788724365234375,-0.6501348266601562,0.6633431396484375,0.054495834350585935,0.06354383087158202,0.02602718162536621
305,15142.0,0.0,0.0,0.016,1.3788382568359374,-0.65011669921875,0.6633270263671875,0.054519248962402345,0.06357589340209961,0.026067165374755858
306,15152.0,0.0,0.0,0.017,1.378691650390625,-0.6500321655273438,0.6632237548828125,0.054524124145507814,0.0635703239440918,0.02607794189453125
307,15162.0,0.0,0.0,0.017,1.3790430908203124,-0.651661376953125,0.6626654052734375,0.05453423309326172,0.06360046768188476,0.02608113670349121
308,15172.0,0.0,0.0,0.017,1.3788463134765625,-0.6501602783203125,0.6633026733398437,0.0543185920715332,0.0638615493774414,0.026113567352294923
309,15182.0,0.0,0.0,0.017,1.3788594970703125,-0.650173095703125,0.6633406372070313,0.05456061172485351,0.06358440780639649,0.026032686233520508
310,15192.0,0.0,0.0,0.017,1.379015380859375,-0.6516944580078124,0.662634521484375,0.05454619598388672,0.06356144714355469,0.026041969299316407
311,15202.0,0.0,0.0,0.017,1.37885888671875,-0.650238525390625,0.6632752075195313,0.05452561950683594,0.06357806396484375,0.026080459594726563
312,15212.0,0.0,0.0,0.017,1.37887451171875,-0.6515778198242187,0.662548095703125,0.05434807968139648,0.06380905151367187,0.02611954116821289
313,15222.0,0.0,0.0,0.017,1.378709228515625,-0.6501591186523438,0.6631759033203125,0.054565753936767575,0.06367499160766601,0.026149744033813475
314,15232.0,0.0,0.0,0.018,1.37885595703125,-0.6502186889648438,0.6633134765625,0.05456813430786133,0.06357835006713868,0.026023586273193358
315,15242.0,0.0,0.0,0.016,1.37883447265625,-0.6502954711914063,0.6632520751953125,0.05454880905151367,0.06357337188720703,0.026036195755004883
316,15252.0,0.0,0.0,0.016,1.37882958984375,-0.651624267578125,0.6625145263671876,0.05440840911865234,0.06364931106567383,0.026018455505371095
317,15262.0,0.0,0.0,0.016,1.378963134765625,-0.6516925048828125,0.6626044921875,0.054529525756835937,0.06346523666381836,0.026030502319335937
318,15272.0,0.0,0.0,0.016,1.3786602783203126,-0.650184326171875,0.6631795654296875,0.05455868148803711,0.06359533309936523,0.02603536605834961
319,15282.0,0.0,0.0,0.016,1.378799072265625,-0.6502846069335938,0.6632479248046875,0.05455464935302735,0.06359800720214843,0.02603694534301758
320,15292.0,0.0,0.0,0.016,1.3788245849609375,-0.6502462768554688,0.6633095092773438,0.05455215835571289,0.06356123733520508,0.026046762466430663
321,15302.0,0.0,0.0,0.016,1.378845947265625,-0.6516095581054687,0.662532958984375,0.054573474884033205,0.06349238967895508,0.025999528884887695
322,15312.0,0.0,0.0,0.016,1.378971923828125,-0.6516973876953125,0.6626202392578125,0.05453006362915039,0.06359125137329101,0.026038335800170898
323,15322.0,0.0,0.0,0.016,1.3788184814453126,-0.6516377563476563,0.66254833984375,0.054515159606933594,0.06356551742553711,0.026018062591552735
324,15332.0,0.0,0.001,0.016,1.37894775390625,-0.651680908203125,0.6626159057617188,0.05442767333984375,0.06365367889404297,0.02600816535949707
325,15342.0,0.0,0.0,0.016,1.3789591064453126,-0.6516932983398438,0.6625891723632813,0.054273723602294925,0.06386234283447266,0.026067264556884767
326,15352.0,0.0,0.0,0.016,1.378998046875,-0.6517059936523437,0.662602783203125,0.054481945037841796,0.06355821990966797,0.026024574279785155
327,15362.0,0.0,0.0,0.016,1.3789703369140625,-0.6516747436523438,0.6626168212890625,0.05446403503417969,0.06359513092041015,0.026036914825439454
328,15372.0,0.0,0.0,0.016,1.378849853515625,-0.65159716796875,0.6625323486328125,0.054487361907958984,0.06357823181152343,0.026017541885375976
329,15382.0,0.0,0.001,0.016,1.3790047607421876,-0.651716796875,0.662615234375,0.05421799468994141,0.06391532516479492,0.026038175582885743
330,15392.0,0.0,0.0,0.016,1.3788702392578125,-0.6515678100585938,0.6625338134765625,0.05447153091430664,0.06356557083129882,0.026042060852050783
331,15402.0,0.0,0.0,0.016,1.378861328125,-0.6516066284179688,0.6625436401367187,0.054485649108886716,0.06358312606811524,0.025993724822998047
332,15412.0,-0.001,0.0,0.016,1.3790267333984374,-0.6516646728515625,0.6626400146484375,0.05445266723632813,0.06356610107421876,0.026019006729125976
333,15422.0,0.0,0.001,0.015,1.3788572998046875,-0.6516024169921875,0.6625194091796875,0.054340351104736326,0.06361801147460938,0.026012086868286134
334,15432.0,0.0,0.0,0.015,1.3790133056640625,-0.6516842041015625,0.6626064453125,0.05449024963378906,0.06365506744384766,0.02610007095336914
335,15442.0,0.0,0.0,0.015,1.3789766845703124,-0.6516697387695313,0.6626444091796875,0.05448985290527344,0.06357209396362305,0.026021879196166994
336,15452.0,0.0,0.0,0.015,1.3788165283203124,-0.6501089477539063,0.6633505859375,0.05448490524291992,0.06358051681518555,0.026002166748046875
337,15462.0,0.0,0.0,0.017,1.3788985595703125,-0.6501763916015625,0.6633303833007812,0.054409252166748044,0.06365055847167969,0.026027061462402343
338,15472.0,0.0,0.0,0.017,1.3787310791015626,-0.6500880737304687,0.6632243041992187,0.054452178955078125,0.06367257308959962,0.02606003189086914
339,15482.0,0.0,0.0,0.017,1.37881591796875,-0.6501827392578124,0.6632373657226562,0.054453712463378906,0.06358377075195312,0.026021120071411132
340,15492.0,0.0,0.0,0.017,1.3787236328125,-0.6500797119140626,0.6632145385742187,0.05445407485961914,0.06356465911865235,0.02596914291381836
341,15502.0,0.0,0.001,0.017,1.3786614990234376,-0.6500593872070313,0.6631436157226562,0.05447607803344726,0.06357205200195312,0.02598918151855469
342,15512.0,0.0,0.001,0.016,1.3786302490234374,-0.6500834350585938,0.66311474609375,0.05448103713989258,0.06350016021728516,0.026023067474365235
343,15522.0,0.0,0.0,0.016,1.3786376953125,-0.650042724609375,0.6631390380859375,0.054484687805175784,0.0635952377319336,0.025996503829956056
344,15532.0,0.0,0.0,0.016,1.3787608642578124,-0.6501342163085938,0.663202880859375,0.05446524047851563,0.06359314346313477,0.026029935836791994
345,15542.0,0.0,0.0,0.016,1.3787554931640624,-0.6501051025390625,0.6631995849609374,0.05445066070556641,0.06360247802734376,0.025966798782348633
346,15552.0,0.0,0.001,0.016,1.37878271484375,-0.6501344604492187,0.6632095336914062,0.05448994827270508,0.06349656295776367,0.025958341598510744
347,15562.0,0.0,0.001,0.016,1.37875,-0.650068359375,0.6632019653320312,0.05446824264526367,0.06357928848266602,0.026008453369140625
348,15572.0,0.0,0.0,0.016,1.3786019287109375,-0.6499589233398437,0.6631611328125,0.05442800903320313,0.06361235427856446,0.02598361396789551
349,15582.0,-0.001,0.0,0.016,1.378766845703125,-0.650060791015625,0.6632576904296875,0.0544554557800293,0.0636094970703125,0.02596083641052246
350,15592.0,0.0,0.0,0.015,1.3786270751953125,-0.6499955444335938,0.6631572875976562,0.05423847961425781,0.06392207336425781,0.025947122573852538
351,15602.0,0.0,0.0,0.015,1.378767578125,-0.6500499877929687,0.6632728271484375,0.054480396270751956,0.06365708541870117,0.026024124145507813
352,15612.0,0.0,0.0,0.015,1.3786204833984375,-0.6499440307617188,0.6631445922851562,0.054447509765625,0.06361148452758789,0.026011644363403322
353,15622.0,-0.001,0.0,0.015,1.37880810546875,-0.6500546264648438,0.6632451171875,0.05452711486816406,0.06361293029785156,0.025996511459350585
354,15632.0,0.0,0.0,0.015,1.37890673828125,-0.6500635375976562,0.6633416137695313,0.054165821075439456,0.06393807983398438,0.02599361801147461
355,15642.0,0.0,0.001,0.015,1.3788912353515625,-0.6501026000976563,0.66332470703125,0.054500499725341794,0.06367046356201173,0.02611002540588379
356,15652.0,-0.001,0.0,0.015,1.3788841552734374,-0.6501524658203125,0.66329345703125,0.05446505355834961,0.0635894889831543,0.026009939193725587
357,15662.0,-0.001,0.0,0.015,1.378896728515625,-0.6501456909179687,0.6632800903320313,0.054495258331298826,0.06359825515747071,0.026018625259399415
358,15672.0,0.0,0.001,0.015,1.3789102783203124,-0.6500957641601562,0.663359375,0.05443019866943359,0.06367720794677735,0.026081110000610353
359,15682.0,0.0,0.001,0.016,1.3788048095703125,-0.6500779418945313,0.6632789306640625,0.05446951675415039,0.06364008331298829,0.026081382751464845
360,15692.0,0.0,0.001,0.016,1.378787109375,-0.6500767211914062,0.66329345703125,0.054490020751953125,0.06359309005737304,0.026042356491088867
361,15702.0,0.0,0.0,0.016,1.3788013916015625,-0.6500662231445312,0.6632496948242188,0.054443153381347656,0.06357037353515625,0.026041341781616212
362,15712.0,0.0,0.0,0.017,1.3787821044921875,-0.6500614624023437,0.6632598876953125,0.054329147338867186,0.06364851379394532,0.025989280700683594
363,15722.0,0.0,0.0,0.017,1.3789044189453126,-0.65018701171875,0.663266845703125,0.05444542694091797,0.06347095108032226,0.025941329956054686
364,15732.0,0.0,0.0,0.015,1.3787774658203125,-0.6500728149414062,0.6632359008789063,0.05444380187988281,0.06358293914794921,0.026010568618774415
365,15742.0,0.0,0.0,0.015,1.3789012451171876,-0.6501744384765625,0.6632968139648437,0.05445206832885742,0.0635645523071289,0.025998336791992187
366,15752.0,0.0,0.0,0.015,1.37889013671875,-0.6501304321289062,0.6632874145507812,0.05444350814819336,0.06358329772949219,0.026028322219848632
367,15762.0,0.0,0.0,0.015,1.378775634765625,-0.65013134765625,0.6632293701171875,0.054225040435791017,0.06387360382080078,0.026018075942993164
368,15772.0,0.0,0.0,0.017,1.378889404296875,-0.6501908569335938,0.6632866821289063,0.05450810241699219,0.06360579299926758,0.026070821762084962
369,15782.0,0.0,0.0,0.017,1.378892578125,-0.6501608276367188,0.6632920532226563,0.05450537872314453,0.06357938385009766,0.026007890701293945
370,15792.0,-0.001,0.0,0.017,1.378890869140625,-0.6501798095703125,0.6632774658203126,0.0544911994934082,0.0635953369140625,0.026035167694091796
371,15802.0,0.0,0.001,0.017,1.378860595703125,-0.6500986938476563,0.6632957153320312,0.05425145721435547,0.06385842895507812,0.02596333885192871
372,15812.0,0.0,0.0,0.016,1.378883544921875,-0.6501567993164062,0.6632798461914062,0.05447489929199219,0.06359780120849609,0.025999135971069336
373,15822.0,0.0,0.001,0.016,1.3787891845703124,-0.6500908813476562,0.6632603759765625,0.05454901123046875,0.06359135437011719,0.02602105140686035
374,15832.0,0.0,0.0,0.016,1.3789141845703126,-0.6501201171875,0.6633203735351563,0.05453793334960937,0.06360725021362304,0.026014907836914063
375,15842.0,0.0,0.001,0.016,1.3787447509765625,-0.650066162109375,0.6632162475585938,0.05446083068847656,0.06365498733520508,0.02600737953186035
376,15852.0,0.0,0.0,0.016,1.37889501953125,-0.65014404296875,0.6633126220703125,0.05452067184448242,0.06347867584228516,0.0260461483001709
377,15862.0,0.0,0.0,0.017,1.37875244140625,-0.650062255859375,0.66325830078125,0.05454483795166016,0.06361239242553711,0.0260660400390625
378,15872.0,-0.001,0.0,0.017,1.3788248291015626,-0.6501976318359375,0.6632269287109375,0.054537437438964845,0.06360941696166993,0.026069486618041992
379,15882.0,0.0,0.0,0.017,1.37870458984375,-0.6500643310546875,0.663198974609375,0.05443174362182617,0.06365845108032227,0.026063396453857423
380,15892.0,0.0,0.001,0.017,1.3787254638671875,-0.6501123046875,0.6631842651367188,0.0546200065612793,0.0637002296447754,0.02606989288330078
381,15902.0,0.0,0.001,0.016,1.3785828857421876,-0.6500872192382813,0.6630721435546875,0.054546520233154296,0.0635972671508789,0.026049671173095704
382,15912.0,0.0,0.0,0.016,1.3787012939453125,-0.6500763549804688,0.6631983032226563,0.054532630920410156,0.06360580062866211,0.026061302185058595
383,15922.0,0.0,0.0,0.016,1.378715576171875,-0.650090576171875,0.6631907348632813,0.05451257705688477,0.06361144638061524,0.02606665802001953
384,15932.0,-0.001,0.0,0.016,1.3787349853515625,-0.6500972290039062,0.6632086181640625,0.05454257965087891,0.06348568725585937,0.026076934814453126
385,15942.0,-0.001,0.0,0.016,1.3787467041015624,-0.6501211547851562,0.6631756591796875,0.054554302215576174,0.06363597106933594,0.026017602920532228
386,15952.0,0.0,0.001,0.017,1.37874267578125,-0.6501228637695312,0.6631952514648437,0.05452642059326172,0.06361193084716797,0.02601414680480957
387,15962.0,-0.001,0.0,0.017,1.378809814453125,-0.650174072265625,0.6632324829101562,0.054524909973144534,0.06360075378417969,0.025990959167480468
388,15972.0,0.0,0.001,0.017,1.378677978515625,-0.650099853515625,0.663156005859375,0.054549121856689455,0.0634906234741211,0.025994722366333007
389,15982.0,0.0,0.001,0.017,1.378796630859375,-0.65019677734375,0.663222412109375,0.05450794219970703,0.0636114501953125,0.026046308517456054
390,15992.0,-0.001,0.0,0.016,1.378694580078125,-0.6501114501953125,0.663187744140625,0.05452097702026367,0.06358666610717774,0.026062028884887695
391,16002.0,0.0,0.001,0.016,1.3788289794921875,-0.6501773071289062,0.66327880859375,0.05451808547973633,0.06356182861328125,0.0260417423248291
392,16012.0,0.0,0.001,0.016,1.3787176513671875,-0.6501561279296875,0.6632611694335937,0.054397846221923826,0.0638086814880371,0.02608509826660156
393,16022.0,0.0,0.001,0.016,1.3788690185546875,-0.6502666625976562,0.6633140869140625,0.05458167266845703,0.06369227600097656,0.02616899299621582
394,16032.0,-0.001,-0.001,0.018,1.3788489990234376,-0.650267333984375,0.6632401123046875,0.054543251037597655,0.06359285736083985,0.026087932586669922
395,16042.0,-0.001,0.0,0.018,1.3788289794921875,-0.6501820678710938,0.6632628784179687,0.05453650665283203,0.06357813262939453,0.026098508834838868
396,16052.0,0.0,-0.001,0.018,1.378687255859375,-0.650132080078125,0.6631544799804687,0.054327903747558595,0.06379826736450195,0.026086894989013672
397,16062.0,0.0,-0.001,0.018,1.3787628173828126,-0.6502705078125,0.6631561889648437,0.054520164489746094,0.06368534851074219,0.026098173141479494
398,16072.0,0.0,-0.001,0.018,1.378774658203125,-0.65023974609375,0.6631522827148437,0.05448880386352539,0.06354232406616211,0.02608943557739258
399,16082.0,0.0,-0.001,0.017,1.37872119140625,-0.6501812133789062,0.6631387939453125,0.05450505065917969,0.06355913925170899,0.026091711044311523
400,16092.0,-0.002,-0.001,0.017,1.378934814453125,-0.650227783203125,0.6633040161132813,0.05443501663208008,0.0636202163696289,0.02601987648010254
401,16102.0,-0.002,-0.001,0.017,1.3789395751953124,-0.6502001342773438,0.6633306884765625,0.05447533416748047,0.06344425964355468,0.026067480087280274
402,16112.0,-0.002,-0.002,0.017,1.3789580078125,-0.6502778930664063,0.663345947265625,0.054577823638916015,0.06358834457397461,0.026061887741088866
403,16122.0,-0.002,0.0,0.017,1.3788192138671875,-0.650177001953125,0.6632416381835937,0.05456057357788086,0.06358290481567383,0.02610680389404297
404,16132.0,-0.002,-0.001,0.017,1.378927978515625,-0.6502562866210938,0.6632833862304688,0.05434697723388672,0.0636735725402832,0.025989542007446288
405,16142.0,-0.002,-0.001,0.017,1.3788714599609375,-0.6501870727539063,0.6632661743164062,0.054565071105957035,0.063510498046875,0.026130374908447267
406,16152.0,-0.002,-0.001,0.017,1.3788660888671875,-0.650150146484375,0.6632803344726562,0.05457307052612305,0.0635853500366211,0.026062253952026368
407,16162.0,-0.002,-0.001,0.017,1.378947265625,-0.6501854248046876,0.6633298950195312,0.05456294250488281,0.06356417846679688,0.026064645767211913
408,16172.0,-0.003,-0.001,0.017,1.3789080810546874,-0.6501441040039062,0.6633333129882812,0.05454958724975586,0.06356811141967773,0.02606765365600586
409,16182.0,-0.001,-0.001,0.017,1.3788214111328125,-0.6500859985351563,0.6632963256835938,0.054293567657470704,0.06383132934570312,0.026090265274047852
410,16192.0,-0.002,-0.002,0.017,1.3787147216796876,-0.650027587890625,0.6632194213867187,0.0545478515625,0.06357847213745117,0.026048103332519532
411,16202.0,-0.002,-0.001,0.017,1.378881591796875,-0.6501023559570313,0.6633040771484375,0.05452262878417969,0.06358863830566407,0.026064897537231447
412,16212.0,-0.002,-0.001,0.018,1.3788594970703125,-0.6500255737304688,0.6633121337890625,0.05454724884033203,0.06358469009399415,0.026094873428344725
413,16222.0,-0.002,-0.001,0.018,1.378850830078125,-0.6500556640625,0.663302978515625,0.054300010681152346,0.06379033660888672,0.02613331985473633
414,16232.0,-0.002,-0.001,0.018,1.378693359375,-0.6499445190429688,0.6632271118164063,0.05455206298828125,0.06355431365966797,0.026135610580444335
415,16242.0,-0.002,-0.001,0.018,1.37870556640625,-0.649968994140625,0.663235595703125,0.05456439208984375,0.06356426620483399,0.02610462760925293
416,16252.0,-0.003,-0.002,0.016,1.378864013671875,-0.650056884765625,0.6633294677734375,0.054560676574707034,0.06360411453247071,0.02606163215637207
417,16262.0,-0.002,-0.001,0.016,1.378856201171875,-0.65005615234375,0.6633116455078125,0.05442929840087891,0.06364827728271484,0.02604557418823242
418,16272.0,-0.002,-0.001,0.016,1.378713623046875,-0.6500076904296875,0.6632174072265625,0.054545486450195316,0.06344933319091797,0.026028619766235352
419,16282.0,-0.002,0.0,0.016,1.3789207763671876,-0.6500399169921875,0.6633817749023437,0.05458464050292969,0.06359217834472657,0.026063983917236327
420,16292.0,-0.003,0.0,0.016,1.3789464111328125,-0.6500362548828125,0.663380615234375,0.054549461364746095,0.06358043670654297,0.026072908401489257
421,16302.0,-0.002,0.0,0.016,1.378841064453125,-0.649976318359375,0.6633533325195312,0.05448287963867188,0.06365946197509766,0.02605271911621094
422,16312.0,-0.001,-0.001,0.015,1.37890234375,-0.650010009765625,0.6633790283203125,0.05458373641967774,0.06365873718261719,0.02612605285644531
423,16322.0,-0.001,0.0,0.015,1.378802978515625,-0.6499125366210937,0.66330859375,0.05452873992919922,0.06357156372070312,0.026075584411621094
424,16332.0,-0.002,0.0,0.015,1.3789481201171876,-0.6500979614257812,0.663403076171875,0.05450607681274414,0.0635885124206543,0.02606911849975586
425,16342.0,-0.002,-0.001,0.015,1.37911279296875,-0.6516813354492188,0.6626680297851563,0.05451688766479492,0.06356085205078126,0.026027421951293945
426,16352.0,-0.002,-0.001,0.015,1.3790828857421875,-0.6516869506835937,0.662657470703125,0.05428712463378906,0.06382512283325195,0.026044246673583984
427,16362.0,-0.002,0.0,0.015,1.378991455078125,-0.6516143798828125,0.6625791625976563,0.05453708267211914,0.06359418869018554,0.02603872489929199
428,16372.0,-0.001,0.0,0.015,1.37897900390625,-0.6516375122070313,0.6626090698242187,0.05451012420654297,0.06358074951171876,0.02603510856628418
429,16382.0,-0.002,-0.001,0.015,1.3789161376953125,-0.6500631103515625,0.663394775390625,0.05449144744873047,0.06357016372680664,0.026041173934936525
430,16392.0,-0.003,-0.001,0.015,1.3789959716796876,-0.6516542358398437,0.6626298217773438,0.05430438995361328,0.06384468460083008,0.026048191070556642
431,16402.0,-0.002,-0.001,0.015,1.3789854736328124,-0.6516661987304687,0.6625989379882813,0.054519203186035155,0.06356597518920898,0.02606606674194336
432,16412.0,-0.002,-0.001,0.015,1.378975341796875,-0.6516648559570313,0.6626229858398438,0.05452828598022461,0.06355734252929687,0.026044509887695313
433,16422.0,-0.002,-0.001,0.015,1.37910791015625,-0.6517133178710938,0.6627181396484375,0.05455727005004883,0.06356432342529297,0.0260618953704834
434,16432.0,-0.001,0.0,0.016,1.3789898681640624,-0.651681396484375,0.6626442260742188,0.05429781723022461,0.06384274673461914,0.026070331573486327
435,16442.0,-0.001,0.0,0.016,1.3790244140625,-0.6516271362304688,0.6626602783203125,0.054578819274902345,0.06366329956054688,0.026002157211303712
436,16452.0,-0.004,-0.001,0.016,1.37885595703125,-0.6515526733398438,0.6627671508789063,0.0545322380065918,0.06357920837402344,0.026038902282714844
437,16462.0,-0.004,-0.001,0.016,1.378972412109375,-0.6516378784179687,0.6628181762695312,0.05454811096191406,0.06357658767700196,0.02608883857727051
438,16472.0,-0.004,-0.002,0.018,1.378838134765625,-0.6515864868164063,0.6627604370117187,0.054409519195556644,0.06364285278320313,0.026070913314819335
439,16482.0,-0.003,-0.001,0.018,1.378802734375,-0.6502406616210937,0.6632860107421875,0.05455067443847656,0.06367790222167968,0.026115360260009764
440,16492.0,-0.004,-0.001,0.018,1.3788631591796876,-0.6502364501953125,0.6633128051757813,0.05455675506591797,0.06358563613891602,0.026129899978637697
441,16502.0,-0.003,-0.001,0.018,1.3787359619140624,-0.65013330078125,0.6632725219726563,0.054576099395751955,0.0635739402770996,0.02608933639526367
442,16512.0,-0.003,0.0,0.018,1.3787286376953125,-0.6501867065429687,0.6632442626953124,0.054550186157226566,0.06355742645263672,0.026142234802246093
443,16522.0,-0.004,0.0,0.017,1.3787415771484375,-0.6501952514648438,0.66325244140625,0.054598518371582035,0.06352327346801757,0.026004184722900392
444,16532.0,-0.003,-0.001,0.017,1.37885400390625,-0.6502076416015625,0.6633063354492188,0.054524242401123045,0.0635759391784668,0.026069604873657226
445,16542.0,-0.004,-0.002,0.017,1.3787801513671876,-0.6501318359375,0.6632324829101562,0.05453968048095703,0.06359315490722656,0.026068862915039064
446,16552.0,-0.004,-0.002,0.017,1.37877685546875,-0.6500908203125,0.6632484130859375,0.05452385711669922,0.06359038925170898,0.026080415725708007
447,16562.0,-0.004,-0.001,0.017,1.3787630615234374,-0.6501321411132812,0.6632435302734375,0.05453753662109375,0.06345720672607422,0.026031665802001953
448,16572.0,-0.003,-0.001,0.017,1.378769775390625,-0.6500494995117188,0.6632622680664062,0.05452747344970703,0.06358789825439454,0.026093631744384765
449,16582.0,-0.004,-0.001,0.017,1.37876708984375,-0.6500327758789063,0.6632696533203125,0.05449737167358398,0.06358856582641602,0.026072649002075194
450,16592.0,-0.004,-0.001,0.017,1.3787579345703125,-0.649931640625,0.6633375244140625,0.05454284286499023,0.06358704376220703,0.026097463607788085
451,16602.0,-0.003,0.0,0.017,1.37888623046875,-0.6499767456054687,0.6634387817382813,0.054322433471679685,0.06385205078125,0.026117414474487306
452,16612.0,-0.005,-0.001,0.016,1.3790546875,-0.6517387084960937,0.6626472778320313,0.05453829956054688,0.06368592071533204,0.02609983253479004
453,16622.0,-0.005,-0.001,0.016,1.3790216064453125,-0.6517261352539062,0.6626275024414062,0.054502372741699216,0.06359601974487304,0.02607721710205078
454,16632.0,-0.004,-0.002,0.016,1.3788809814453125,-0.6516405639648437,0.6625449829101563,0.05451908874511719,0.0635875129699707,0.02609734535217285
455,16642.0,-0.002,-0.001,0.016,1.37897216796875,-0.6516788940429687,0.662546630859375,0.0543094482421875,0.0638229103088379,0.02613079261779785
456,16652.0,-0.002,-0.001,0.016,1.37893212890625,-0.6516716918945312,0.6625411987304688,0.054519214630126954,0.0635982894897461,0.02609836006164551
457,16662.0,-0.004,-0.001,0.016,1.3789312744140625,-0.6516921997070313,0.6625342407226562,0.05451464080810547,0.0635952033996582,0.02610422706604004
458,16672.0,-0.003,-0.001,0.016,1.3789127197265625,-0.6516714477539063,0.6624990844726563,0.05451716995239258,0.06360021591186524,0.026122974395751952
459,16682.0,-0.003,-0.001,0.016,1.37875244140625,-0.6515922241210937,0.6624031982421875,0.05443130111694336,0.06366322326660157,0.026027660369873046
460,16692.0,-0.003,-0.001,0.016,1.3787647705078125,-0.6516356201171875,0.6623803100585938,0.05452177429199219,0.06345500946044921,0.026031654357910158
461,16702.0,-0.004,-0.002,0.016,1.37885791015625,-0.6516162109375,0.66246240234375,0.054487113952636716,0.06358497619628906,0.026067764282226562
462,16712.0,-0.003,-0.002,0.016,1.3787037353515625,-0.65156396484375,0.6623740844726562,0.05446897506713867,0.06357999801635743,0.02604053497314453
463,16722.0,-0.003,-0.001,0.016,1.3788804931640626,-0.6516640625,0.6624906616210937,0.054369403839111326,0.0636492919921875,0.02599454689025879
464,16732.0,-0.003,-0.002,0.016,1.378797119140625,-0.651547119140625,0.6624714965820313,0.05449756240844727,0.06368967437744141,0.02609197998046875
465,16742.0,-0.002,-0.001,0.015,1.3787703857421876,-0.6515782470703125,0.6624703979492188,0.0544906005859375,0.0635974235534668,0.026074323654174805
466,16752.0,-0.003,-0.001,0.015,1.3787406005859375,-0.65152490234375,0.662402099609375,0.0544922866821289,0.06357817459106445,0.026040128707885742
467,16762.0,-0.003,-0.001,0.015,1.378903076171875,-0.6516328125,0.6624960327148437,0.05449772644042969,0.06359026718139649,0.026041875839233397
468,16772.0,-0.003,-0.002,0.015,1.3789019775390625,-0.6517117919921875,0.662487548828125,0.05424926376342774,0.06391301345825195,0.026054386138916016
469,16782.0,-0.003,-0.001,0.017,1.378872314453125,-0.6517194213867188,0.662471435546875,0.05449740219116211,0.0636016731262207,0.02605614471435547
470,16792.0,-0.004,-0.002,0.017,1.3788951416015625,-0.6517473754882812,0.662474853515625,0.05450886917114258,0.06357701873779296,0.026056554794311522
471,16802.0,-0.002,-0.002,0.017,1.3789625244140624,-0.6517008056640625,0.6625403442382812,0.054477046966552735,0.0635575942993164,0.025974090576171876
472,16812.0,-0.003,-0.002,0.017,1.378896728515625,-0.6517040405273438,0.6624955444335937,0.05428696441650391,0.06389107513427734,0.026083051681518556
473,16822.0,-0.003,-0.002,0.017,1.378880615234375,-0.6516866455078125,0.6624950561523437,0.054494155883789065,0.06358256149291992,0.02603445816040039
474,16832.0,-0.003,-0.001,0.016,1.378983642578125,-0.6517507934570312,0.6625711669921875,0.05446322631835938,0.06358359146118164,0.026043323516845702
475,16842.0,-0.002,-0.001,0.016,1.3790299072265626,-0.6517244873046875,0.6625996704101562,0.05453334426879883,0.06357671356201172,0.02605784797668457
476,16852.0,-0.002,-0.001,0.016,1.379000244140625,-0.6517340698242188,0.6625562744140625,0.0545052604675293,0.06362823867797851,0.026065338134765626
477,16862.0,-0.004,-0.003,0.016,1.3790330810546876,-0.6517408447265625,0.6625986938476562,0.05450983428955078,0.06365935134887696,0.026085792541503908
478,16872.0,-0.005,-0.003,0.016,1.3790126953125,-0.6517215576171875,0.6625667114257813,0.054530582427978515,0.06357953262329101,0.026034311294555666
479,16882.0,-0.003,-0.002,0.016,1.37903369140625,-0.6517493896484375,0.6625888061523437,0.054536373138427734,0.06358984756469727,0.026089977264404297
480,16892.0,-0.004,-0.003,0.016,1.3790477294921875,-0.6517413330078125,0.6626073608398437,0.05450330352783203,0.06362356567382813,0.026024312973022462
481,16902.0,-0.004,-0.003,0.016,1.379089111328125,-0.6517476196289063,0.6626835327148437,0.05460601425170898,0.06357781600952149,0.026113426208496094
482,16912.0,-0.004,-0.003,0.017,1.378973876953125,-0.651665771484375,0.6626369018554688,0.054544326782226565,0.06358662414550781,0.02606941032409668
483,16922.0,-0.004,-0.004,0.017,1.3791177978515625,-0.6517526245117188,0.6627097778320312,0.0545780029296875,0.06361397171020508,0.026048683166503907
484,16932.0,-0.005,-0.003,0.017,1.3790615234375,-0.6517318725585938,0.6626216430664063,0.05451052474975586,0.06359324264526367,0.026037298202514648
485,16942.0,-0.004,-0.002,0.017,1.37915869140625,-0.6517431640625,0.6626973876953125,0.05453361511230469,0.06353579330444335,0.026041196823120116
486,16952.0,-0.004,-0.003,0.017,1.379069580078125,-0.651727294921875,0.6626077270507813,0.05455344390869141,0.06358638763427735,0.025994178771972656
487,16962.0,-0.004,-0.002,0.017,1.3789603271484374,-0.6516886596679687,0.6625696411132812,0.05456014251708984,0.06360345458984375,0.026073488235473632
488,16972.0,-0.004,-0.002,0.017,1.3789271240234375,-0.6516675415039063,0.662538818359375,0.05452902603149414,0.063583984375,0.026041513442993165
489,16982.0,-0.006,-0.003,0.017,1.378923828125,-0.65167138671875,0.6625076293945312,0.05451199722290039,0.06348835754394531,0.026109886169433594
490,16992.0,-0.005,-0.003,0.017,1.3790247802734374,-0.65171044921875,0.66258349609375,0.05453261184692383,0.06359158706665038,0.026050630569458007
491,17002.0,-0.006,-0.003,0.017,1.3788941650390625,-0.651612060546875,0.6625133056640625,0.054532527923583984,0.0636185073852539,0.02611462593078613
492,17012.0,-0.007,-0.003,0.017,1.3787528076171875,-0.6500121459960938,0.6632120361328125,0.054537742614746094,0.06360161972045898,0.02604642105102539
493,17022.0,-0.006,-0.003,0.017,1.3788299560546875,-0.650088623046875,0.6632901000976562,0.05432703018188476,0.06383498382568359,0.02612615966796875
494,17032.0,-0.006,-0.003,0.017,1.3788319091796875,-0.6501200561523437,0.6632758178710938,0.05450187301635742,0.06368910598754883,0.026109134674072266
495,17042.0,-0.006,-0.002,0.017,1.3787080078125,-0.6500091552734375,0.6632500610351563,0.05448236083984375,0.06357421875,0.026021541595458983
496,17052.0,-0.006,-0.002,0.017,1.378826171875,-0.6500851440429688,0.6633296508789063,0.05448577880859375,0.0635800018310547,0.02601958656311035
497,17062.0,-0.006,-0.001,0.017,1.37869091796875,-0.6500299682617188,0.6632306518554687,0.054309036254882814,0.06384552764892579,0.026085514068603516
498,17072.0,-0.006,-0.001,0.017,1.378681640625,-0.6500452270507813,0.6632396850585938,0.054520069122314455,0.06364797973632813,0.02612507438659668
499,17082.0,-0.006,-0.002,0.017,1.3787232666015625,-0.6500694580078125,0.66324072265625,0.05449947738647461,0.06356980895996094,0.02605888748168945
500,17092.0,-0.006,-0.001,0.018,1.37866845703125,-0.6499967041015625,0.6632266845703125,0.054477363586425784,0.06355949783325196,0.026025333404541016
501,17102.0,-0.006,-0.002,0.018,1.3787320556640625,-0.6500764770507812,0.663306884765625,0.05440972137451172,0.0636248550415039,0.02600009536743164
502,17112.0,-0.006,-0.003,0.018,1.378740478515625,-0.650102783203125,0.6633198852539063,0.05449506759643555,0.06347160720825196,0.025980030059814453
503,17122.0,-0.006,-0.002,0.018,1.3788746337890625,-0.6502227172851562,0.6633592529296874,0.05454219055175781,0.06357829666137696,0.026045530319213868
504,17132.0,-0.006,-0.003,0.018,1.378809814453125,-0.6501766967773438,0.6633919067382813,0.05449658966064453,0.06356137084960937,0.026076423645019532
505,17142.0,-0.005,-0.002,0.018,1.37866015625,-0.6501053466796874,0.6632545166015625,0.054523479461669924,0.06355389785766602,0.0260715274810791
506,17152.0,-0.006,-0.002,0.018,1.37890234375,-0.65172802734375,0.6625564575195313,0.05455931091308594,0.06349636459350586,0.026069089889526366
507,17162.0,-0.005,-0.002,0.018,1.3788511962890626,-0.6516726684570312,0.66253369140625,0.05452037811279297,0.06356074523925781,0.026101078033447266
508,17172.0,-0.005,-0.002,0.018,1.378863037109375,-0.6516865234375,0.6625458984375,0.05454000091552735,0.0635595703125,0.02606259346008301
509,17182.0,-0.005,-0.001,0.017,1.3788475341796875,-0.6516866455078125,0.6625462646484375,0.05453297424316406,0.06358303451538086,0.026075983047485353
510,17192.0,-0.005,-0.001,0.017,1.3789781494140625,-0.6517770385742188,0.6625664672851562,0.05430770874023438,0.06383226013183593,0.026094917297363282
511,17202.0,-0.004,-0.002,0.017,1.3790140380859375,-0.6518184814453125,0.6625748291015625,0.054498233795166016,0.06355898284912109,0.026078739166259766
512,17212.0,-0.005,-0.003,0.017,1.3789990234375,-0.6516937255859375,0.662607177734375,0.054537200927734376,0.06357493591308594,0.026044761657714844
513,17222.0,-0.006,-0.003,0.017,1.378775146484375,-0.6498517456054688,0.6633451538085937,0.05456593704223633,0.06359971237182617,0.02610645294189453
514,17232.0,-0.006,-0.003,0.017,1.3791387939453126,-0.6517723388671876,0.662658935546875,0.054367069244384766,0.06383524322509766,0.02609371757507324
515,17242.0,-0.005,-0.003,0.017,1.378976318359375,-0.6500077514648438,0.6634259643554687,0.05453067016601563,0.06358479309082031,0.02609590530395508
516,17252.0,-0.004,-0.002,0.017,1.3790794677734375,-0.6517130737304687,0.662607421875,0.054526058197021485,0.06354468536376953,0.02603466796875
517,17262.0,-0.005,-0.002,0.017,1.3790977783203124,-0.6517385864257812,0.6626076049804688,0.05450746536254883,0.06359002685546875,0.026016431808471678
518,17272.0,-0.005,-0.002,0.017,1.3790423583984375,-0.6516681518554688,0.66263916015625,0.0543996467590332,0.06367460632324219,0.025965862274169922
519,17282.0,-0.006,-0.002,0.017,1.37909521484375,-0.6517296752929688,0.6626295166015626,0.05448539733886719,0.06352496337890624,0.026031583786010743
520,17292.0,-0.006,-0.003,0.017,1.379137939453125,-0.6517021484375,0.662679443359375,0.05451158142089844,0.06359470367431641,0.02603802299499512
521,17302.0,-0.005,-0.002,0.017,1.3790496826171874,-0.6517864990234375,0.6626160888671875,0.054512004852294925,0.0635909080505371,0.026034242630004884
522,17312.0,-0.005,-0.002,0.015,1.3790927734375,-0.6517721557617188,0.6626703491210938,0.054419071197509765,0.06365643692016601,0.025997749328613283
523,17322.0,-0.005,-0.003,0.015,1.3789490966796876,-0.6516917114257812,0.6626039428710937,0.05449226760864258,0.06365499114990235,0.026084344863891603
524,17332.0,-0.005,-0.002,0.015,1.3790633544921875,-0.6517870483398438,0.6626697998046875,0.054510608673095706,0.0635693473815918,0.026061111450195313
525,17342.0,-0.005,-0.001,0.015,1.3789937744140626,-0.6517474975585937,0.6625934448242188,0.05458275985717773,0.06360427856445312,0.026089950561523436
526,17352.0,-0.005,-0.002,0.017,1.3789000244140626,-0.651677734375,0.6626123046875,0.054552486419677734,0.06358431625366211,0.026048238754272462
527,17362.0,-0.005,-0.002,0.017,1.378892578125,-0.6516939086914062,0.6625982055664063,0.05451081466674805,0.06346865463256836,0.026063241958618165
528,17372.0,-0.005,-0.001,0.017,1.378876220703125,-0.651718505859375,0.6626033935546874,0.05455371856689453,0.06357218933105468,0.026043888092041015
529,17382.0,-0.005,-0.002,0.017,1.3790118408203125,-0.6517320556640624,0.6626785278320313,0.05455016326904297,0.06358750915527343,0.026084970474243165
530,17392.0,-0.005,-0.001,0.017,1.379010498046875,-0.6517601928710938,0.6626934814453125,0.054616455078125,0.0635968246459961,0.026109121322631837
531,17402.0,-0.005,-0.001,0.016,1.3789886474609374,-0.6517345581054688,0.662698974609375,0.054530780792236326,0.06346398162841797,0.026076236724853517
532,17412.0,-0.005,-0.003,0.016,1.37900341796875,-0.6517423095703125,0.6626823120117188,0.054549942016601564,0.06358934020996093,0.026087257385253908
533,17422.0,-0.005,-0.003,0.016,1.3789561767578125,-0.6516817016601563,0.6626178588867188,0.05450855255126953,0.06357855987548829,0.026077014923095703
534,17432.0,-0.005,-0.002,0.016,1.379016845703125,-0.6516917724609375,0.6626511840820313,0.05452144622802734,0.06354877471923828,0.026011268615722657
535,17442.0,-0.006,-0.002,0.015,1.37897412109375,-0.6517426147460937,0.662585693359375,0.05433309555053711,0.06388582611083984,0.026044565200805662
536,17452.0,-0.006,-0.003,0.015,1.3789044189453126,-0.6516826782226562,0.6625424194335937,0.05455969619750976,0.0636578483581543,0.02608395004272461
537,17462.0,-0.006,-0.003,0.015,1.378899658203125,-0.6516373901367187,0.662540771484375,0.05454926681518555,0.06356155014038085,0.02604034996032715
538,17472.0,-0.004,-0.001,0.015,1.3789796142578126,-0.6517044067382812,0.6625667724609375,0.0545322151184082,0.06356508636474609,0.026062940597534178
539,17482.0,-0.003,-0.001,0.015,1.3790660400390624,-0.6517014770507813,0.6626502685546874,0.054365371704101564,0.06384003067016601,0.026082494735717773
540,17492.0,-0.005,-0.001,0.015,1.3790447998046875,-0.6516516723632813,0.6626430053710938,0.05458768463134766,0.063678955078125,0.026094316482543945
541,17502.0,-0.004,-0.001,0.015,1.3791507568359376,-0.651701904296875,0.662736572265625,0.05455355834960938,0.06357838821411133,0.02606048583984375
542,17512.0,-0.004,-0.001,0.015,1.3790531005859374,-0.651642822265625,0.6626825561523437,0.05452387237548828,0.06357300567626953,0.02603632354736328
543,17522.0,-0.003,-0.001,0.015,1.379073486328125,-0.6516531372070312,0.662701416015625,0.054517269134521484,0.06355821990966797,0.02608048629760742
544,17532.0,-0.004,-0.002,0.015,1.3790472412109376,-0.6517022705078125,0.6626693115234376,0.054538467407226565,0.06347776412963867,0.026096532821655274
545,17542.0,-0.004,-0.001,0.015,1.379144287109375,-0.6517675170898437,0.662693115234375,0.05453224945068359,0.06359131240844726,0.026084197998046874
546,17552.0,-0.004,-0.001,0.015,1.37913330078125,-0.6517323608398438,0.6626984252929687,0.05450631332397461,0.06359081649780274,0.026052133560180664
547,17562.0,-0.004,0.0,0.015,1.379027099609375,-0.6516504516601562,0.6626353149414063,0.054520889282226564,0.06355572128295899,0.026071308135986328
548,17572.0,-0.003,-0.001,0.015,1.3790113525390626,-0.6516220703125,0.6626282958984375,0.05453395080566406,0.06345146179199218,0.026073581695556642
549,17582.0,-0.003,-0.001,0.015,1.3789722900390624,-0.65166650390625,0.6626100463867187,0.054493629455566406,0.06356396484375,0.02604477310180664
550,17592.0,-0.003,-0.001,0.015,1.3790054931640625,-0.6516754760742187,0.6626390380859375,0.054538841247558596,0.06354730987548828,0.026024572372436522
551,17602.0,-0.005,0.0,0.015,1.3789144287109374,-0.6503624267578125,0.66335107421875,0.05454410171508789,0.06356058502197266,0.026028509140014647
552,17612.0,-0.005,0.0,0.015,1.37891650390625,-0.6503467407226563,0.6633439331054688,0.0542806396484375,0.0638391990661621,0.026095649719238282
553,17622.0,-0.006,-0.002,0.016,1.3789232177734374,-0.6503484497070312,0.6633231811523438,0.05453235626220703,0.06356821823120117,0.02607828903198242
554,17632.0,-0.006,-0.003,0.016,1.378913818359375,-0.65035498046875,0.6633795166015625,0.05452720260620117,0.06356243896484375,0.026065649032592772
555,17642.0,-0.005,-0.002,0.016,1.378822021484375,-0.6502984619140625,0.66332275390625,0.05453507995605469,0.0635721664428711,0.02605001640319824
556,17652.0,-0.006,-0.002,0.016,1.3789171142578125,-0.6503358764648437,0.6633801879882812,0.054297222137451175,0.06381093978881835,0.026109691619873046
557,17662.0,-0.005,-0.001,0.016,1.3788165283203124,-0.6502131958007813,0.663333984375,0.0545339241027832,0.06355823516845703,0.026065271377563478
558,17672.0,-0.006,-0.003,0.016,1.3788306884765624,-0.6501911010742187,0.6633153076171875,0.05451123046875,0.06356387329101562,0.02609543037414551
559,17682.0,-0.005,-0.001,0.016,1.379124755859375,-0.6517086791992187,0.6627130737304687,0.05452531433105469,0.06356398391723633,0.02610093116760254
560,17692.0,-0.006,-0.002,0.016,1.379123779296875,-0.6517201538085937,0.6627180786132812,0.05441775894165039,0.06363647079467774,0.026072122573852538
561,17702.0,-0.005,-0.001,0.016,1.379132080078125,-0.6517083129882812,0.6627153930664063,0.05458229064941406,0.06362602615356446,0.026078027725219728
562,17712.0,-0.006,-0.002,0.017,1.3790150146484375,-0.6516399536132812,0.6626707153320313,0.054538665771484376,0.06357989501953125,0.026099430084228516
563,17722.0,-0.006,-0.002,0.017,1.379021484375,-0.65166552734375,0.6626629638671875,0.05452942657470703,0.06358546447753906,0.026087268829345703
564,17732.0,-0.005,-0.002,0.017,1.379124755859375,-0.6517755737304688,0.6627052612304688,0.054463008880615234,0.06362498092651367,0.02602178382873535
565,17742.0,-0.005,-0.002,0.017,1.3788699951171874,-0.6501580200195313,0.6633281860351562,0.05456927108764648,0.06366796493530273,0.026104740142822266
566,17752.0,-0.006,-0.002,0.017,1.3788489990234376,-0.6502108764648438,0.6632781982421875,0.054542945861816405,0.06359865951538086,0.026059307098388673
567,17762.0,-0.006,-0.003,0.017,1.3788624267578125,-0.6502222900390625,0.6633058471679687,0.05455122756958008,0.06358357620239258,0.0260604362487793
568,17772.0,-0.005,-0.001,0.017,1.3789638671875,-0.6502748413085937,0.6633633422851563,0.054563385009765625,0.06357295608520508,0.02603993797302246
569,17782.0,-0.006,-0.002,0.017,1.378987548828125,-0.6515751342773437,0.662635009765625,0.05457917785644531,0.06343421936035157,0.026039043426513673
570,17792.0,-0.005,-0.002,0.016,1.3791048583984375,-0.6516567993164063,0.6626839599609375,0.054474700927734376,0.06358123016357421,0.026009742736816405
571,17802.0,-0.006,-0.001,0.016,1.378989990234375,-0.6515887451171875,0.6626316528320313,0.054491920471191405,0.06355960845947266,0.026032262802124024
572,17812.0,-0.006,-0.002,0.016,1.3790263671875,-0.6517156372070313,0.6626106567382812,0.05450057601928711,0.06355313873291016,0.02608811569213867
573,17822.0,-0.006,-0.002,0.016,1.3789927978515626,-0.6516712036132812,0.6625711059570313,0.05458584976196289,0.06346941375732422,0.026044477462768556
574,17832.0,-0.006,-0.003,0.016,1.3788360595703124,-0.6515867309570312,0.6624423217773437,0.05455178451538086,0.06356645965576171,0.02609647178649902
575,17842.0,-0.006,-0.001,0.016,1.3788184814453126,-0.651617431640625,0.66242529296875,0.054525497436523435,0.06357015609741211,0.02607134437561035
576,17852.0,-0.006,-0.002,0.016,1.378831298828125,-0.6516017456054688,0.6624347534179688,0.05454030227661133,0.06357999801635743,0.026048828125
577,17862.0,-0.005,-0.002,0.016,1.3788612060546874,-0.6500812377929688,0.6632799682617188,0.05445657730102539,0.0636308250427246,0.026030899047851563
578,17872.0,-0.006,-0.002,0.016,1.378824462890625,-0.6500549926757813,0.6633302001953125,0.054489315032958986,0.06368103790283203,0.02610227394104004
579,17882.0,-0.006,-0.002,0.016,1.378822509765625,-0.6501057739257813,0.663270751953125,0.05452756500244141,0.06359209823608399,0.026087726593017578
580,17892.0,-0.006,-0.003,0.016,1.3789337158203125,-0.6501629028320313,0.66334765625,0.054559341430664064,0.0635736312866211,0.026062028884887695
581,17902.0,-0.005,-0.002,0.016,1.37884228515625,-0.6500927734375,0.6632977294921875,0.05454021072387695,0.06356215667724609,0.02605108833312988
582,17912.0,-0.006,-0.003,0.016,1.3787235107421876,-0.6500128173828125,0.6633050537109375,0.05466595840454101,0.06363048553466796,0.02608700180053711
583,17922.0,-0.006,-0.003,0.016,1.3787503662109375,-0.6500725708007813,0.6632435913085938,0.0545245361328125,0.06357131195068359,0.02605640983581543
584,17932.0,-0.006,-0.003,0.016,1.379026611328125,-0.6516338500976563,0.6626185913085938,0.05455169296264648,0.0635852165222168,0.026086278915405273
585,17942.0,-0.006,-0.002,0.016,1.378763427734375,-0.6500065307617188,0.663246337890625,0.0545478630065918,0.06357304382324219,0.02608631134033203
586,17952.0,-0.006,-0.003,0.016,1.3788800048828125,-0.650098876953125,0.6633035888671875,0.054584938049316405,0.06346277999877929,0.02609806251525879
587,17962.0,-0.006,-0.003,0.016,1.3787711181640625,-0.650073486328125,0.6632435302734375,0.05457663726806641,0.0635749282836914,0.026108869552612303
588,17972.0,-0.006,-0.003,0.017,1.3787569580078125,-0.6500252685546875,0.6632697143554688,0.05455630111694336,0.06357941055297851,0.02609282684326172
589,17982.0,-0.006,-0.003,0.017,1.37890576171875,-0.6501248779296875,0.66334033203125,0.054455188751220705,0.06364832687377929,0.026062959671020507
590,17992.0,-0.006,-0.004,0.017,1.3789630126953125,-0.6516275634765625,0.6625155639648438,0.05456163024902344,0.0634582290649414,0.02607638168334961
591,18002.0,-0.006,-0.002,0.017,1.379044677734375,-0.6516640625,0.66261083984375,0.05453366851806641,0.06358306121826172,0.026068841934204102
592,18012.0,-0.006,-0.002,0.017,1.3790506591796876,-0.651688232421875,0.6626018676757812,0.05454604721069336,0.06356099700927734,0.02607088851928711
593,18022.0,-0.006,-0.002,0.017,1.37890771484375,-0.6516107788085937,0.6625034790039063,0.054529502868652345,0.06357999420166016,0.026075279235839844
594,18032.0,-0.006,-0.004,0.017,1.3790394287109375,-0.6517189331054688,0.6625932006835937,0.054315448760986325,0.06384209060668945,0.02605179214477539
595,18042.0,-0.006,-0.004,0.017,1.3789874267578126,-0.6517030639648438,0.662509765625,0.05452091979980469,0.0635729103088379,0.0260732421875
596,18052.0,-0.007,-0.004,0.017,1.3789713134765624,-0.6516941528320312,0.662523193359375,0.05454233169555664,0.06356623840332032,0.0260357666015625
597,18062.0,-0.007,-0.004,0.018,1.378783935546875,-0.6501272583007812,0.66318994140625,0.0544895248413086,0.06355645751953125,0.026019203186035157
598,18072.0,-0.005,-0.003,0.018,1.37898388671875,-0.6516834716796875,0.6625481567382813,0.05430076599121094,0.06383103942871093,0.026077733993530274
599,18082.0,-0.006,-0.004,0.018,1.3789495849609374,-0.6516520385742187,0.662546142578125,0.0545137939453125,0.06355903625488281,0.026058279037475585
600,18092.0,-0.006,-0.004,0.018,1.378955810546875,-0.6516445922851563,0.6625602416992188,0.0544965934753418,0.06355387496948242,0.02603338050842285
601,18102.0,-0.005,-0.003,0.018,1.37898388671875,-0.65163818359375,0.6625716552734375,0.05454330062866211,0.06356789016723632,0.026034303665161133
602,18112.0,-0.005,-0.003,0.018,1.3790511474609375,-0.6516799926757812,0.6626571655273438,0.05443933868408203,0.0636010971069336,0.02600564193725586
603,18122.0,-0.006,-0.004,0.018,1.379092529296875,-0.6516870727539062,0.6627056274414063,0.054379493713378906,0.06382172775268555,0.026101835250854494
604,18132.0,-0.006,-0.004,0.018,1.37907958984375,-0.6516722412109375,0.6626588745117188,0.0545407829284668,0.06355728530883789,0.02602604866027832
605,18142.0,-0.005,-0.004,0.018,1.3789073486328125,-0.6501552124023438,0.663329833984375,0.05453263473510742,0.06357257461547852,0.026005228042602538
606,18152.0,-0.005,-0.004,0.018,1.3790220947265626,-0.6516177368164062,0.6626312866210937,0.05452108383178711,0.06356350708007813,0.026044464111328124
607,18162.0,-0.005,-0.004,0.018,1.3788009033203126,-0.6501654052734375,0.6632056884765625,0.05445072937011719,0.06369754409790039,0.026008298873901367
608,18172.0,-0.007,-0.005,0.018,1.3787869873046874,-0.6501522216796874,0.6632098999023438,0.054531211853027346,0.0635773696899414,0.026091331481933593
609,18182.0,-0.007,-0.004,0.018,1.3790084228515624,-0.6516597290039062,0.6626130981445313,0.05455036163330078,0.06359712219238281,0.026048385620117187
610,18192.0,-0.007,-0.005,0.018,1.378850830078125,-0.6501199951171875,0.6632709350585938,0.05457075881958008,0.06359367370605469,0.026059579849243165
611,18202.0,-0.007,-0.005,0.018,1.378769287109375,-0.6501438598632813,0.6632247924804687,0.054467166900634766,0.06348777389526367,0.02604213523864746
612,18212.0,-0.007,-0.006,0.018,1.3787501220703124,-0.6501309204101563,0.6631966552734375,0.054505985260009764,0.06359831237792969,0.026083606719970703
613,18222.0,-0.007,-0.005,0.018,1.3788858642578126,-0.6501785888671875,0.6633103637695312,0.054548992156982425,0.06359713363647461,0.02606254959106445
614,18232.0,-0.007,-0.005,0.016,1.3787772216796874,-0.650128173828125,0.663251708984375,0.05452941131591797,0.06360498046875,0.026023773193359374
615,18242.0,-0.007,-0.005,0.016,1.3789578857421876,-0.6501571044921876,0.6634243774414063,0.054600570678710936,0.06350408172607422,0.026135467529296876
616,18252.0,-0.007,-0.006,0.016,1.3788558349609374,-0.6501734008789063,0.663305908203125,0.05451465225219727,0.06359765625,0.02609007453918457
617,18262.0,-0.007,-0.006,0.016,1.3788458251953124,-0.6501426391601562,0.6632957763671875,0.05452685165405274,0.06360392761230468,0.02603641700744629
618,18272.0,-0.008,-0.003,0.016,1.378965087890625,-0.650167724609375,0.6633931884765625,0.054525318145751955,0.06359933853149415,0.026098045349121093
619,18282.0,-0.008,-0.004,0.016,1.378948974609375,-0.650248779296875,0.6633486328125,0.05434489059448242,0.06387535476684571,0.02609528350830078
620,18292.0,-0.007,-0.004,0.016,1.3788807373046874,-0.6501743774414063,0.6632891235351562,0.05462918472290039,0.06366466140747071,0.026084375381469727
621,18302.0,-0.007,-0.004,0.016,1.3788948974609374,-0.6501975708007812,0.6632872314453125,0.05451686477661133,0.06360277938842773,0.026099443435668945
622,18312.0,-0.007,-0.003,0.016,1.378735595703125,-0.6500758056640625,0.6632410888671875,0.05450360870361328,0.06358881759643555,0.0260910587310791
623,18322.0,-0.007,-0.004,0.016,1.3789100341796876,-0.6502067260742187,0.663310302734375,0.05427238464355469,0.06389617538452148,0.02608903694152832
624,18332.0,-0.008,-0.003,0.016,1.3787562255859376,-0.6501314086914063,0.66321337890625,0.05457136917114258,0.06366424179077149,0.026077630996704102
625,18342.0,-0.008,-0.004,0.016,1.378760009765625,-0.6500868530273437,0.6632280883789062,0.05448798751831055,0.06359122848510743,0.026040178298950195
626,18352.0,-0.007,-0.004,0.016,1.3789132080078126,-0.6516168823242188,0.6625281982421874,0.05449222946166992,0.06357579803466797,0.02604199981689453
627,18362.0,-0.007,-0.003,0.016,1.37902392578125,-0.6516431884765626,0.6626215209960937,0.05440036392211914,0.06363214111328125,0.02599068832397461
628,18372.0,-0.008,-0.004,0.014,1.378868896484375,-0.6500337524414063,0.6633430786132812,0.05444702911376953,0.06355117416381836,0.02599883270263672
629,18382.0,-0.008,-0.004,0.014,1.3786650390625,-0.6500126953125,0.663134033203125,0.05450285720825195,0.06357222747802735,0.026031341552734375
630,18392.0,-0.007,-0.004,0.014,1.37864599609375,-0.6499757690429687,0.6631380615234375,0.05450810623168945,0.06357725143432617,0.026034584045410158
631,18402.0,-0.008,-0.004,0.014,1.3787003173828125,-0.649962890625,0.6632335815429687,0.054472488403320314,0.06357295227050781,0.026024370193481444
632,18412.0,-0.007,-0.004,0.015,1.378701904296875,-0.6500263061523438,0.6632393798828125,0.05448373031616211,0.0634687614440918,0.026058725357055664
633,18422.0,-0.008,-0.004,0.015,1.378883544921875,-0.6516900634765626,0.6624884643554687,0.05453317642211914,0.063576904296875,0.02604616165161133
634,18432.0,-0.007,-0.004,0.015,1.3787225341796876,-0.6500256958007813,0.6632342529296875,0.05452605056762695,0.06359475708007813,0.026051733016967775
635,18442.0,-0.008,-0.004,0.015,1.378882568359375,-0.6516454467773437,0.6625103759765625,0.054538177490234374,0.06360398483276367,0.02611004447937012
636,18452.0,-0.007,-0.004,0.016,1.3788349609375,-0.6501331176757813,0.6632565307617188,0.05432328414916992,0.06387764739990234,0.026139015197753905
637,18462.0,-0.008,-0.003,0.016,1.378824462890625,-0.6501043701171875,0.6633104858398438,0.05458032608032227,0.06361797332763672,0.026098918914794923
638,18472.0,-0.007,-0.003,0.016,1.3787457275390624,-0.6500985107421875,0.663229248046875,0.05455876159667969,0.0636231803894043,0.026076194763183593
639,18482.0,-0.007,-0.003,0.016,1.378895751953125,-0.6502191162109375,0.6633534545898437,0.05453335189819336,0.0636047477722168,0.02610744285583496
640,18492.0,-0.007,-0.003,0.016,1.378966552734375,-0.6501469116210937,0.6634080810546875,0.054340892791748044,0.06384009170532226,0.026123254776000977
641,18502.0,-0.007,-0.004,0.016,1.378843994140625,-0.6501324462890625,0.6633285522460938,0.05454362869262695,0.06356887435913086,0.02605213737487793
642,18512.0,-0.008,-0.004,0.016,1.378850830078125,-0.6501735229492187,0.66329931640625,0.05450447463989258,0.06356982803344727,0.026072649002075194
643,18522.0,-0.007,-0.004,0.017,1.378955078125,-0.650223876953125,0.6633688354492188,0.054532501220703126,0.06357508087158203,0.025993942260742187
644,18532.0,-0.007,-0.003,0.017,1.3789681396484375,-0.6502278442382813,0.6633982543945313,0.05449744415283203,0.06358094787597657,0.026018482208251953
645,18542.0,-0.007,-0.003,0.016,1.37897900390625,-0.6516519775390625,0.6625911254882813,0.05456645202636719,0.06362832641601562,0.02617080307006836
646,18552.0,-0.007,-0.003,0.016,1.3789202880859375,-0.6516851806640624,0.6625330810546874,0.05454998779296875,0.06358513259887695,0.0260756950378418
647,18562.0,-0.008,-0.004,0.016,1.3789642333984375,-0.6516463012695313,0.6626232299804687,0.05450535583496094,0.06356747817993164,0.02601262664794922
648,18572.0,-0.007,-0.004,0.016,1.37899462890625,-0.6516332397460938,0.6626537475585937,0.05438132858276367,0.06361864852905273,0.02604136085510254
649,18582.0,-0.008,-0.004,0.016,1.379117919921875,-0.6517352905273438,0.662684814453125,0.05447891616821289,0.06366528701782227,0.02613574409484863
650,18592.0,-0.008,-0.004,0.016,1.37911474609375,-0.6517155151367188,0.6627013549804688,0.054519775390625,0.06357251358032226,0.026068796157836915
651,18602.0,-0.007,-0.004,0.016,1.37894775390625,-0.6516997680664063,0.6625864868164062,0.05450961685180664,0.06356278228759765,0.026010271072387695
652,18612.0,-0.007,-0.004,0.016,1.3789241943359376,-0.6516928100585937,0.6625714111328125,0.054518524169921874,0.06357342529296875,0.026065816879272462
653,18622.0,-0.008,-0.004,0.016,1.378921875,-0.65167431640625,0.6625429077148437,0.0545190315246582,0.06346026229858398,0.02607813262939453
654,18632.0,-0.007,-0.003,0.016,1.3790472412109376,-0.6517874145507813,0.6626384887695312,0.05453572082519531,0.0635733871459961,0.02607864189147949
655,18642.0,-0.007,-0.003,0.016,1.37892578125,-0.651728515625,0.6625404052734375,0.05456177520751953,0.06357650375366211,0.02603599548339844
656,18652.0,-0.008,-0.005,0.016,1.3789278564453125,-0.6517012939453125,0.6625606079101563,0.054559268951416016,0.0635868034362793,0.02604205894470215
657,18662.0,-0.009,-0.005,0.016,1.37887353515625,-0.6517446899414062,0.6624758911132812,0.054571914672851565,0.06346674346923828,0.026008604049682617
658,18672.0,-0.008,-0.004,0.016,1.378978759765625,-0.65177392578125,0.6625528564453125,0.054561534881591794,0.0635958137512207,0.026054752349853515
659,18682.0,-0.008,-0.004,0.016,1.3788021240234376,-0.6516962890625,0.6624368896484375,0.05454276657104492,0.06355877304077148,0.026055486679077148
660,18692.0,-0.009,-0.004,0.016,1.3789847412109375,-0.651708251953125,0.6625528564453125,0.05452582550048828,0.06358070755004883,0.02607293701171875
661,18702.0,-0.009,-0.005,0.016,1.37880712890625,-0.6515938110351562,0.66244921875,0.054475780487060546,0.06375810241699219,0.02609119987487793
662,18712.0,-0.008,-0.004,0.016,1.37882763671875,-0.6516325073242187,0.6624315185546875,0.054536968231201174,0.06366109466552734,0.026092544555664062
663,18722.0,-0.008,-0.004,0.017,1.379037353515625,-0.6517288818359375,0.6626066284179688,0.05454307174682617,0.06358829879760743,0.026030723571777343
664,18732.0,-0.008,-0.004,0.017,1.378806884765625,-0.6502139892578125,0.6632481689453125,0.05454071426391602,0.0635756721496582,0.026078083038330077
665,18742.0,-0.008,-0.004,0.017,1.378826416015625,-0.6516174926757813,0.6624458618164063,0.05433627700805664,0.06391730117797852,0.026104022979736328
666,18752.0,-0.01,-0.004,0.017,1.378673828125,-0.6500853881835937,0.6631513061523437,0.054604347229003904,0.06363688278198242,0.026059442520141602
667,18762.0,-0.01,-0.004,0.017,1.3786600341796875,-0.6500423583984375,0.6631598510742187,0.05451001739501953,0.06356867599487305,0.026040735244750975
668,18772.0,-0.009,-0.004,0.017,1.3788070068359375,-0.6500962524414062,0.6632374877929688,0.054559104919433596,0.06357637405395508,0.02606471252441406
669,18782.0,-0.009,-0.004,0.017,1.3790052490234375,-0.6516898803710938,0.662525146484375,0.054451427459716796,0.06363235092163086,0.026033237457275392
670,18792.0,-0.009,-0.004,0.017,1.3787879638671876,-0.649960693359375,0.6632730102539063,0.054597381591796876,0.06346615982055664,0.026068824768066406
671,18802.0,-0.01,-0.004,0.017,1.3789931640625,-0.6517123413085938,0.6624988403320312,0.05454361724853515,0.06356093597412109,0.026034914016723632
672,18812.0,-0.01,-0.005,0.019,1.3788463134765625,-0.649890380859375,0.663369384765625,0.05454248046875,0.06358067321777344,0.026092817306518554
673,18822.0,-0.01,-0.005,0.019,1.378828857421875,-0.6498482666015625,0.6633433837890625,0.054435604095458986,0.06362775039672852,0.02601073455810547
674,18832.0,-0.009,-0.004,0.019,1.3788756103515625,-0.6515393676757812,0.6624944458007812,0.05455507278442383,0.06345754623413086,0.026050535202026368
675,18842.0,-0.01,-0.005,0.019,1.3788782958984376,-0.6499249877929687,0.6633700561523438,0.05455529403686524,0.06357687759399414,0.02611613082885742
676,18852.0,-0.01,-0.005,0.019,1.37873046875,-0.6499093627929687,0.6632445678710938,0.05447713470458984,0.06354379272460937,0.026016677856445312
677,18862.0,-0.009,-0.004,0.019,1.3790400390625,-0.651641357421875,0.6625972900390625,0.05446706771850586,0.0635387077331543,0.02598625183105469
678,18872.0,-0.009,-0.004,0.019,1.3787994384765625,-0.6500069580078125,0.6632634887695312,0.05438046264648438,0.06369578552246094,0.026098783493041993
679,18882.0,-0.009,-0.003,0.019,1.37877587890625,-0.6500264892578125,0.6632195434570313,0.05447214508056641,0.06354490280151368,0.026032947540283204
680,18892.0,-0.01,-0.004,0.017,1.3788101806640625,-0.6500869140625,0.6632141723632813,0.054493656158447264,0.0635435791015625,0.026047080993652345
681,18902.0,-0.009,-0.004,0.017,1.378814208984375,-0.6501161499023438,0.6631881713867187,0.05449750137329101,0.06356118392944336,0.026036056518554687
682,18912.0,-0.009,-0.004,0.017,1.3787764892578125,-0.6500859985351563,0.6631868896484375,0.054323684692382815,0.06383886337280273,0.026007919311523436
683,18922.0,-0.01,-0.004,0.017,1.3787977294921876,-0.6501143188476562,0.66318017578125,0.05448419189453125,0.06366519927978516,0.0260728702545166
684,18932.0,-0.01,-0.003,0.017,1.378671875,-0.6500530395507812,0.663119384765625,0.054514701843261716,0.06354594802856445,0.026038480758666993
685,18942.0,-0.01,-0.003,0.017,1.3788035888671875,-0.650028076171875,0.6632317504882812,0.05450337600708008,0.0635482177734375,0.026002105712890626
686,18952.0,-0.01,-0.004,0.017,1.37882568359375,-0.650054931640625,0.663263916015625,0.05446598052978516,0.06360946655273438,0.02599995803833008
687,18962.0,-0.01,-0.004,0.017,1.37882080078125,-0.6501311645507812,0.663208251953125,0.054511959075927735,0.06344865036010743,0.02604052734375
688,18972.0,-0.01,-0.004,0.017,1.3786734619140626,-0.6500125122070313,0.6631244506835937,0.054531307220458985,0.06356951904296874,0.026049766540527344
689,18982.0,-0.01,-0.003,0.016,1.3786739501953125,-0.6499647216796876,0.6631666259765625,0.0545158805847168,0.06355532455444336,0.026066814422607422
690,18992.0,-0.01,-0.004,0.016,1.3787833251953125,-0.6500308227539062,0.6632191162109375,0.05442533874511719,0.0635886459350586,0.026016530990600587
691,19002.0,-0.009,-0.003,0.016,1.3786904296875,-0.6499943237304687,0.6631729736328125,0.05454723358154297,0.06365735244750977,0.026131092071533205
692,19012.0,-0.01,-0.003,0.016,1.3787469482421875,-0.6499976806640625,0.6632301635742187,0.0545447998046875,0.06358413314819336,0.02604638671875
693,19022.0,-0.01,-0.004,0.016,1.3788555908203124,-0.6500372924804687,0.66329736328125,0.05452854919433594,0.06354176330566406,0.026057384490966798
694,19032.0,-0.01,-0.004,0.015,1.3787440185546875,-0.6500156860351562,0.6632540283203125,0.05457232284545899,0.06358545303344726,0.0260927734375
695,19042.0,-0.011,-0.003,0.015,1.378857421875,-0.65,0.6633414306640625,0.054569164276123044,0.06354429244995118,0.026066263198852538
696,19052.0,-0.01,-0.003,0.015,1.37893212890625,-0.6500609741210938,0.6633784790039062,0.05455314636230469,0.06359074783325196,0.02609127426147461
697,19062.0,-0.01,-0.003,0.014,1.3789365234375,-0.6500762329101563,0.6633574829101563,0.054559539794921875,0.06359947967529297,0.02610997200012207
698,19072.0,-0.009,-0.002,0.016,1.37890478515625,-0.6500606689453124,0.6633327026367187,0.054561859130859376,0.06360930252075195,0.02606845283508301
699,19082.0,-0.01,-0.003,0.016,1.378892578125,-0.6500621948242188,0.6633477172851563,0.05460161972045898,0.06357199096679687,0.02599821662902832
700,19092.0,-0.01,-0.003,0.016,1.378802490234375,-0.649950439453125,0.6633224487304688,0.05456393051147461,0.06358256912231446,0.026043100357055662
701,19102.0,-0.01,-0.002,0.016,1.3788223876953125,-0.6501549682617187,0.663248291015625,0.05455034637451172,0.06359241485595703,0.02602366638183594
702,19112.0,-0.01,-0.002,0.016,1.3788299560546875,-0.6500863037109375,0.6632846069335937,0.05451221084594727,0.06358735656738282,0.02605111312866211
703,19122.0,-0.009,-0.002,0.016,1.378843505859375,-0.6501217651367187,0.6633067016601563,0.05431260299682617,0.0638233757019043,0.02608754348754883
704,19132.0,-0.01,-0.003,0.016,1.378902099609375,-0.6502158813476563,0.6632811279296875,0.054520618438720705,0.06365462112426758,0.02610272216796875
705,19142.0,-0.009,-0.002,0.016,1.378878662109375,-0.650150390625,0.6632936401367188,0.054547515869140625,0.06357036209106445,0.026031328201293946
706,19152.0,-0.01,-0.003,0.016,1.37879296875,-0.650172119140625,0.6632105102539062,0.05455878448486328,0.06355781555175781,0.02603777503967285
707,19162.0,-0.009,-0.002,0.016,1.3787716064453126,-0.6501522216796874,0.663208251953125,0.05442307281494141,0.06365278625488281,0.026046585083007813
708,19172.0,-0.01,-0.002,0.016,1.3787449951171875,-0.65011279296875,0.6631893310546875,0.05452931213378906,0.06365316772460937,0.026096195220947267
709,19182.0,-0.01,-0.002,0.016,1.378885986328125,-0.6502008056640625,0.6632655029296874,0.054550155639648434,0.06356577682495117,0.02604669380187988
710,19192.0,-0.009,-0.002,0.016,1.3787484130859375,-0.6501383056640625,0.6631679077148438,0.0545084114074707,0.06356608581542969,0.026075084686279296
711,19202.0,-0.009,-0.002,0.017,1.378909912109375,-0.6503003540039063,0.6632389526367187,0.054416152954101564,0.06362421798706054,0.025994741439819335
712,19212.0,-0.01,-0.002,0.017,1.37885546875,-0.6503062133789063,0.663203369140625,0.05451733016967773,0.06345550155639648,0.02599017333984375
713,19222.0,-0.01,-0.002,0.018,1.378937255859375,-0.6502677001953125,0.6632970581054688,0.05452618026733398,0.06359354782104493,0.026077821731567384
714,19232.0,-0.01,-0.002,0.018,1.378894775390625,-0.6503017578125,0.6632366943359375,0.05453926086425781,0.0635826187133789,0.026068580627441405
715,19242.0,-0.01,-0.002,0.018,1.37877734375,-0.6502364501953125,0.66317236328125,0.054422222137451175,0.06366131210327149,0.025983747482299806
716,19252.0,-0.01,-0.002,0.017,1.378877197265625,-0.6503300170898437,0.6632417602539062,0.054530033111572264,0.06347826766967773,0.026019027709960937
717,19262.0,-0.01,-0.005,0.017,1.378865234375,-0.6503291625976563,0.6632218627929688,0.05454369354248047,0.0635796775817871,0.026058433532714843
718,19272.0,-0.009,-0.005,0.017,1.37887109375,-0.6502843017578125,0.663247802734375,0.05456093978881836,0.06359626007080078,0.026101848602294923
719,19282.0,-0.01,-0.005,0.017,1.378753173828125,-0.650210693359375,0.6631631469726562,0.05453720474243164,0.06357085037231446,0.02604300880432129
720,19292.0,-0.01,-0.004,0.017,1.37878662109375,-0.6502608032226562,0.6631768188476562,0.054455963134765625,0.06365610885620117,0.02609587097167969
721,19302.0,-0.01,-0.004,0.017,1.378824462890625,-0.6502314453125,0.663252197265625,0.05452189254760742,0.06355760955810547,0.026044000625610353
722,19312.0,-0.009,-0.005,0.017,1.3788427734375,-0.65025537109375,0.6632555541992188,0.05448645401000977,0.06355498123168946,0.026047458648681642
723,19322.0,-0.01,-0.005,0.017,1.3789293212890625,-0.6501749877929688,0.66335986328125,0.05453546524047852,0.06356918334960937,0.02606791877746582
724,19332.0,-0.01,-0.006,0.016,1.379090087890625,-0.6516920166015625,0.6626776123046875,0.05443946838378906,0.0636661262512207,0.026106935501098633
725,19342.0,-0.009,-0.005,0.016,1.3788319091796875,-0.6501129760742187,0.6633123779296874,0.05453033447265625,0.06355909347534179,0.02609761619567871
726,19352.0,-0.009,-0.005,0.015,1.379087158203125,-0.6517057495117188,0.6626576538085938,0.054535293579101564,0.06357137298583984,0.026103485107421876
727,19362.0,-0.009,-0.005,0.015,1.3791099853515625,-0.6517430419921875,0.662646240234375,0.054554759979248045,0.06357146453857422,0.02606854057312012
728,19372.0,-0.011,-0.004,0.015,1.3788907470703125,-0.651661865234375,0.6625084228515625,0.05445346069335937,0.06369406127929687,0.026009130477905273
729,19382.0,-0.01,-0.004,0.015,1.3789183349609375,-0.651693359375,0.6625369873046875,0.05456662750244141,0.06344471740722656,0.026043928146362305
730,19392.0,-0.01,-0.004,0.015,1.37905859375,-0.6517830200195313,0.6626055908203125,0.05453033447265625,0.06357342529296875,0.026053159713745118
731,19402.0,-0.011,-0.004,0.015,1.3789251708984376,-0.6517025146484375,0.6625272827148437,0.05452161026000977,0.06358206939697265,0.026056400299072267
732,19412.0,-0.011,-0.005,0.015,1.379056640625,-0.6517398681640625,0.6625975952148437,0.054548690795898434,0.0635579719543457,0.02604324722290039
733,19422.0,-0.011,-0.006,0.015,1.3791270751953124,-0.6517357788085938,0.6626827392578125,0.054504859924316404,0.06366397857666016,0.026123193740844725
734,19432.0,-0.011,-0.005,0.015,1.379155029296875,-0.6518079223632812,0.662714599609375,0.05453819274902344,0.06354841232299804,0.02609075927734375
735,19442.0,-0.011,-0.005,0.015,1.37901123046875,-0.6516784057617188,0.6626217651367188,0.054575958251953126,0.06356240844726563,0.026065666198730467
736,19452.0,-0.011,-0.006,0.015,1.3791134033203125,-0.6517260131835938,0.6626802978515625,0.05455514907836914,0.06357822799682618,0.02610133171081543
737,19462.0,-0.011,-0.006,0.015,1.379010498046875,-0.6516270751953125,0.6626610107421875,0.05432625579833984,0.0638205451965332,0.026065500259399414
738,19472.0,-0.011,-0.005,0.016,1.37903955078125,-0.6516633911132812,0.6626697387695313,0.05453153991699219,0.06356505966186524,0.026059085845947266
739,19482.0,-0.01,-0.006,0.016,1.378952392578125,-0.6516754150390625,0.6625354614257812,0.0545319709777832,0.06356004333496093,0.02606312370300293
740,19492.0,-0.011,-0.006,0.016,1.378922607421875,-0.6516664428710938,0.6625503540039063,0.05453083038330078,0.06353694152832032,0.026045400619506835
741,19502.0,-0.011,-0.006,0.016,1.3789134521484374,-0.6516967163085937,0.66253759765625,0.05463071823120117,0.06347058486938477,0.026095542907714844
742,19512.0,-0.01,-0.006,0.017,1.3789393310546876,-0.6517190551757812,0.6625394287109375,0.05456233596801758,0.06356899642944336,0.026092445373535156
743,19522.0,-0.011,-0.005,0.017,1.378912841796875,-0.6516845092773438,0.6624986572265625,0.054568611145019534,0.06358468246459961,0.026041196823120116
744,19532.0,-0.011,-0.006,0.017,1.3789765625,-0.6517314453125,0.6625266723632812,0.05457166290283203,0.06355655670166016,0.02603140068054199
745,19542.0,-0.011,-0.006,0.017,1.37895361328125,-0.6517001342773437,0.6625236206054688,0.05447903823852539,0.06365144348144532,0.026024843215942384
746,19552.0,-0.01,-0.006,0.018,1.3789197998046876,-0.6515863037109375,0.6625250854492187,0.05463595581054687,0.06364153671264648,0.02608011245727539
747,19562.0,-0.011,-0.005,0.018,1.3788980712890626,-0.6515863647460938,0.6625084228515625,0.05457793426513672,0.06356972122192382,0.026055568695068358
748,19572.0,-0.011,-0.006,0.018,1.379017333984375,-0.6516769409179688,0.6626014404296875,0.054539966583251956,0.06357028579711914,0.026055139541625978
749,19582.0,-0.011,-0.007,0.018,1.3788968505859376,-0.651632568359375,0.6625193481445313,0.05434147262573242,0.06386658477783203,0.02607805633544922
750,19592.0,-0.011,-0.006,0.018,1.3789132080078126,-0.6515961303710938,0.6625400390625,0.05456100845336914,0.06365158843994141,0.026098966598510742
751,19602.0,-0.011,-0.007,0.018,1.379072265625,-0.6516867065429688,0.662626708984375,0.054569305419921874,0.06356253433227539,0.026055299758911132
752,19612.0,-0.011,-0.006,0.018,1.37889990234375,-0.6516014404296875,0.6625208129882812,0.05454177856445312,0.06356957244873047,0.026088165283203124
753,19622.0,-0.011,-0.007,0.018,1.3789639892578125,-0.6516885986328125,0.662542724609375,0.054565704345703125,0.06357744598388672,0.026090686798095702
754,19632.0,-0.011,-0.006,0.019,1.3790361328125,-0.6516920776367188,0.6626068725585937,0.054541881561279294,0.06345126724243164,0.02603076171875
755,19642.0,-0.011,-0.006,0.018,1.37888818359375,-0.6516234741210938,0.6624935302734375,0.05456997299194336,0.06356924057006835,0.02605525016784668
756,19652.0,-0.01,-0.006,0.018,1.37871630859375,-0.6501092529296875,0.6631730346679687,0.054563644409179685,0.06359306335449219,0.026082117080688475
757,19662.0,-0.011,-0.006,0.018,1.3788759765625,-0.6516456298828125,0.6625284423828125,0.054561264038085935,0.06359326171875,0.026072954177856444
758,19672.0,-0.011,-0.006,0.018,1.37903125,-0.6517408447265625,0.6625958862304687,0.05453459548950195,0.06346592330932617,0.026084197998046874
759,19682.0,-0.011,-0.006,0.018,1.37893212890625,-0.6516248779296875,0.662550048828125,0.05455236434936524,0.06359872055053711,0.026075782775878905
760,19692.0,-0.011,-0.006,0.019,1.3789361572265626,-0.6516524658203126,0.66255029296875,0.05454061889648437,0.06357573318481445,0.02602936553955078
761,19702.0,-0.011,-0.006,0.019,1.3790587158203125,-0.65166650390625,0.6625900268554688,0.054512462615966796,0.06355257797241211,0.026039573669433595
762,19712.0,-0.011,-0.006,0.019,1.3790643310546875,-0.6517369995117187,0.66260107421875,0.05432866287231446,0.06379742050170899,0.02610388946533203
763,19722.0,-0.012,-0.006,0.019,1.378985107421875,-0.6516818237304688,0.6625963745117187,0.0545157470703125,0.06364235687255859,0.026179487228393555
764,19732.0,-0.011,-0.006,0.018,1.379110595703125,-0.651724365234375,0.6626712036132812,0.05450854110717773,0.06357588577270508,0.026099933624267577
765,19742.0,-0.011,-0.006,0.018,1.3791158447265626,-0.6517333374023437,0.6626732177734375,0.05449857711791992,0.06357097244262695,0.026070852279663086
766,19752.0,-0.011,-0.006,0.018,1.379138671875,-0.6517161254882813,0.6627033081054687,0.054281730651855466,0.06378643035888672,0.02612904739379883
767,19762.0,-0.011,-0.006,0.018,1.3791265869140625,-0.6517467041015625,0.6626731567382812,0.05433000564575195,0.06377002334594727,0.026094676971435547
768,19772.0,-0.013,-0.007,0.017,1.37913134765625,-0.6517161254882813,0.6627241821289063,0.0545037841796875,0.06359820938110351,0.026018035888671874
769,19782.0,-0.011,-0.007,0.017,1.379103515625,-0.6517235107421875,0.6626870727539063,0.054507190704345704,0.06359517669677735,0.02603342628479004
770,19792.0,-0.012,-0.008,0.017,1.379039794921875,-0.6517368774414063,0.6626109008789063,0.05444640731811524,0.06365321731567383,0.026049741744995115
771,19802.0,-0.012,-0.007,0.017,1.3790084228515624,-0.6517383422851563,0.6625892944335937,0.05451375579833984,0.06349123764038087,0.02606195831298828
772,19812.0,-0.012,-0.008,0.017,1.3789127197265625,-0.6516867065429688,0.662516845703125,0.05455388259887695,0.06359706115722656,0.02602016830444336
773,19822.0,-0.012,-0.006,0.017,1.3789781494140625,-0.65170068359375,0.6625541381835938,0.05453058624267578,0.0635847282409668,0.026039806365966797
774,19832.0,-0.012,-0.006,0.017,1.3789903564453125,-0.651708740234375,0.6625657958984374,0.05442713165283203,0.06362212371826172,0.025972997665405274
775,19842.0,-0.011,-0.007,0.017,1.3789002685546874,-0.6516294555664063,0.6625270385742188,0.054510917663574215,0.06348382949829101,0.02597897720336914
776,19852.0,-0.012,-0.008,0.017,1.3787510986328124,-0.6501695556640625,0.6632293090820313,0.054496490478515625,0.06358865356445312,0.025979467391967773
777,19862.0,-0.013,-0.007,0.016,1.3787498779296874,-0.650195068359375,0.6632045288085937,0.0545264892578125,0.06357078170776367,0.026011648178100585
778,19872.0,-0.013,-0.008,0.016,1.37878955078125,-0.6502288818359375,0.6631784057617187,0.05452219772338867,0.0635693359375,0.026002052307128907
779,19882.0,-0.012,-0.006,0.016,1.3786466064453125,-0.6501522827148437,0.6630738525390625,0.054273609161376954,0.06380753707885742,0.026061622619628907
780,19892.0,-0.012,-0.007,0.016,1.378767822265625,-0.6502477416992187,0.6631851806640625,0.054473320007324216,0.06356955718994141,0.02607695198059082
781,19902.0,-0.012,-0.007,0.015,1.3786446533203125,-0.65022265625,0.663069580078125,0.05448410415649414,0.06357287979125976,0.026074405670166015
782,19912.0,-0.012,-0.006,0.015,1.3788145751953125,-0.6502702026367188,0.6631768188476562,0.05453120803833008,0.06359532928466796,0.026083993911743163
783,19922.0,-0.012,-0.007,0.014,1.378670654296875,-0.6502280883789062,0.6630877685546875,0.054436988830566406,0.06366013717651367,0.02608882522583008
784,19932.0,-0.012,-0.008,0.014,1.378697265625,-0.6501444702148438,0.663130126953125,0.054518604278564455,0.06358488464355469,0.026084407806396485
785,19942.0,-0.012,-0.007,0.014,1.378747314453125,-0.6500308227539062,0.663237060546875,0.054530113220214844,0.06358828735351563,0.026041894912719726
786,19952.0,-0.013,-0.007,0.015,1.3789620361328125,-0.6515775146484375,0.662568359375,0.0545216064453125,0.06361375045776367,0.02600851058959961
787,19962.0,-0.012,-0.007,0.015,1.379060546875,-0.6516517333984375,0.6626185302734375,0.054543987274169925,0.06356689453125,0.026028194427490235
788,19972.0,-0.012,-0.007,0.015,1.37886083984375,-0.6500841674804687,0.6633245849609375,0.05463224411010742,0.06364623260498047,0.026067136764526367
789,19982.0,-0.012,-0.008,0.015,1.3787288818359376,-0.6500189208984375,0.6632371826171874,0.05451607131958008,0.06359663391113281,0.02608072280883789
790,19992.0,-0.013,-0.008,0.016,1.3786627197265624,-0.6500308227539062,0.6631646728515626,0.05450193786621094,0.06359485626220703,0.026002534866333006
791,20002.0,-0.012,-0.007,0.016,1.3787840576171875,-0.6501331787109375,0.663232666015625,0.05433812713623047,0.06364466094970703,0.025976902008056642
792,20012.0,-0.012,-0.008,0.016,1.37862353515625,-0.6501170043945312,0.6631190185546875,0.054278423309326175,0.06382973098754882,0.026082517623901368
793,20022.0,-0.012,-0.007,0.016,1.3787630615234374,-0.6501968383789063,0.6631808471679688,0.05449163055419922,0.0635784568786621,0.025978254318237304
794,20032.0,-0.012,-0.008,0.016,1.37881787109375,-0.6502348022460938,0.6632244873046875,0.05449305725097656,0.06361479949951172,0.026019575119018555
795,20042.0,-0.012,-0.007,0.016,1.3787879638671876,-0.6501503295898438,0.663257568359375,0.05453713607788086,0.06359560012817383,0.026025056838989258
796,20052.0,-0.012,-0.008,0.016,1.378814208984375,-0.6500774536132813,0.6632587280273438,0.05451990890502929,0.06347192764282227,0.02603281021118164
797,20062.0,-0.012,-0.007,0.016,1.37875537109375,-0.649965576171875,0.663294189453125,0.054559425354003904,0.06358900833129882,0.026067422866821288
798,20072.0,-0.013,-0.008,0.016,1.3787574462890626,-0.6500426635742188,0.6632381591796875,0.05450295257568359,0.06357958984375,0.02607867431640625
799,20082.0,-0.012,-0.007,0.016,1.37882763671875,-0.650025634765625,0.663339599609375,0.05452456283569336,0.06359662246704102,0.026063947677612304
800,20092.0,-0.012,-0.007,0.016,1.378823486328125,-0.6500784912109375,0.6633301391601563,0.05446977996826172,0.06347645568847657,0.026120784759521485
801,20102.0,-0.012,-0.007,0.016,1.3788526611328125,-0.6501259765625,0.66331591796875,0.05455895233154297,0.06356005859375,0.026089134216308593
802,20112.0,-0.012,-0.008,0.016,1.378838134765625,-0.6501267700195312,0.6632792358398437,0.05455576324462891,0.06359907531738282,0.0260899658203125
803,20122.0,-0.011,-0.007,0.016,1.3789444580078125,-0.6501932983398437,0.6633468627929687,0.054562400817871094,0.06359634017944336,0.02603936195373535
804,20132.0,-0.012,-0.007,0.015,1.3788902587890626,-0.6501885375976563,0.6633130493164062,0.05430086135864258,0.06387854766845703,0.026065494537353514
805,20142.0,-0.012,-0.007,0.015,1.378752685546875,-0.650166748046875,0.6631783447265625,0.054586799621582034,0.06366764068603516,0.026105897903442383
806,20152.0,-0.012,-0.007,0.015,1.3787274169921875,-0.6501281127929688,0.663154541015625,0.0545477180480957,0.06360085678100585,0.026097343444824218
807,20162.0,-0.012,-0.008,0.015,1.378855224609375,-0.6501775512695313,0.6632498779296875,0.05450528335571289,0.06360673141479492,0.02603449058532715
808,20172.0,-0.012,-0.008,0.016,1.3788604736328125,-0.6501939697265625,0.6632542724609375,0.05424905014038086,0.06389653396606446,0.026061031341552736
809,20182.0,-0.012,-0.007,0.016,1.378722900390625,-0.650060302734375,0.663195068359375,0.05450113677978516,0.06371166229248047,0.026077348709106444
810,20192.0,-0.011,-0.007,0.016,1.3788768310546875,-0.6501786499023438,0.6632632446289063,0.054507373809814456,0.06359107208251953,0.02600164985656738
811,20202.0,-0.012,-0.007,0.016,1.378874267578125,-0.6501160278320313,0.6633128051757813,0.05452436447143555,0.06359543991088867,0.026033086776733397
812,20212.0,-0.011,-0.007,0.017,1.3787669677734375,-0.65011181640625,0.6632161865234375,0.05438269805908203,0.06362860870361328,0.026025320053100588
813,20222.0,-0.011,-0.007,0.017,1.378882568359375,-0.6501527099609375,0.6632890014648437,0.05449883651733398,0.0634208755493164,0.026093721389770508
814,20232.0,-0.011,-0.007,0.017,1.3787159423828126,-0.6500283203125,0.6632210083007812,0.05451725006103516,0.06357785034179687,0.026070093154907225
815,20242.0,-0.012,-0.007,0.017,1.3787508544921876,-0.6500709838867188,0.6632151489257813,0.05454571914672852,0.06359095764160157,0.026059940338134767
816,20252.0,-0.012,-0.007,0.017,1.3787548828125,-0.6500345458984375,0.6632539672851563,0.054454605102539064,0.06361636352539063,0.02603506278991699
817,20262.0,-0.011,-0.007,0.017,1.37874658203125,-0.65004296875,0.6632249145507813,0.05455291366577148,0.0634830665588379,0.02602646255493164
818,20272.0,-0.012,-0.006,0.017,1.378758056640625,-0.6500481567382812,0.6632002563476562,0.054510177612304686,0.06357910537719727,0.026057329177856445
819,20282.0,-0.012,-0.008,0.017,1.3788760986328126,-0.6500855102539063,0.6633322143554687,0.05456286239624023,0.06356265640258789,0.026080421447753906
820,20292.0,-0.011,-0.007,0.017,1.378891357421875,-0.6501260375976563,0.6632854614257813,0.0545233154296875,0.06356194305419922,0.026057058334350586
821,20302.0,-0.012,-0.008,0.016,1.3787615966796876,-0.6499973754882813,0.6632666015625,0.05429562377929688,0.06379341125488282,0.026070308685302735
822,20312.0,-0.012,-0.008,0.016,1.378709228515625,-0.649981201171875,0.663213134765625,0.05452245712280274,0.06358208084106445,0.026064594268798827
823,20322.0,-0.01,-0.007,0.016,1.3787459716796875,-0.6499485473632812,0.66327978515625,0.05455057144165039,0.06357264709472656,0.02607967758178711
824,20332.0,-0.011,-0.007,0.016,1.3786937255859375,-0.6499296875,0.6631895751953125,0.054579124450683594,0.06356587982177735,0.026058149337768555
825,20342.0,-0.011,-0.007,0.016,1.3788470458984374,-0.6499784545898437,0.6633321533203125,0.05430659103393555,0.06383539962768554,0.026109691619873046
826,20352.0,-0.011,-0.006,0.017,1.378717529296875,-0.6498577880859375,0.6632896728515625,0.0544996223449707,0.06355276489257812,0.026046897888183592
827,20362.0,-0.012,-0.007,0.017,1.3787080078125,-0.649830078125,0.6632503662109375,0.054545536041259765,0.06356455993652343,0.026032766342163085
828,20372.0,-0.011,-0.007,0.017,1.378896484375,-0.6498364868164063,0.663384033203125,0.05449077606201172,0.06355997467041016,0.025993595123291014
829,20382.0,-0.011,-0.006,0.017,1.378746826171875,-0.6498558349609375,0.6632550048828125,0.054415767669677734,0.0636043357849121,0.026007238388061522
830,20392.0,-0.011,-0.006,0.018,1.3788822021484375,-0.6499049072265625,0.6633517456054687,0.054532703399658204,0.063650146484375,0.026057518005371094
831,20402.0,-0.013,-0.008,0.018,1.3788756103515625,-0.6499127807617188,0.6633357543945313,0.05447407531738281,0.06354618453979492,0.026049863815307616
832,20412.0,-0.011,-0.008,0.018,1.3787481689453125,-0.6498365478515625,0.6632396850585938,0.05450002288818359,0.06356648635864258,0.026062644958496094
833,20422.0,-0.012,-0.008,0.018,1.378924560546875,-0.649919189453125,0.66340966796875,0.054406143188476565,0.06361550521850586,0.026047765731811525
834,20432.0,-0.011,-0.008,0.018,1.3787801513671876,-0.6499087524414062,0.663246337890625,0.05445339202880859,0.06366532897949219,0.026085485458374025
835,20442.0,-0.013,-0.008,0.018,1.3787127685546876,-0.6497918090820313,0.6632512817382813,0.05450788879394531,0.06356050109863282,0.026011459350585936
836,20452.0,-0.012,-0.007,0.018,1.3788009033203126,-0.6499469604492187,0.6632607421875,0.054508808135986325,0.06356824111938476,0.02604112243652344
837,20462.0,-0.012,-0.007,0.018,1.3786414794921875,-0.6499192504882813,0.6631080322265624,0.05454232788085937,0.06360522842407226,0.026085065841674804
838,20472.0,-0.011,-0.008,0.018,1.3786533203125,-0.649932861328125,0.6631351318359375,0.054549415588378905,0.06349161148071289,0.026096731185913085
839,20482.0,-0.011,-0.008,0.018,1.3786512451171875,-0.6498917846679687,0.663181640625,0.05456179428100586,0.06357798385620117,0.026027708053588866
840,20492.0,-0.011,-0.008,0.019,1.3786666259765625,-0.6498875122070312,0.6631703491210937,0.054548770904541015,0.06357797241210937,0.026032253265380858
841,20502.0,-0.011,-0.008,0.019,1.3786431884765624,-0.6499236450195313,0.66312890625,0.05453153610229492,0.06360071182250976,0.02606913757324219
842,20512.0,-0.011,-0.009,0.019,1.378806640625,-0.650002197265625,0.6632088012695313,0.05456910705566406,0.06345638275146484,0.02602044105529785
843,20522.0,-0.01,-0.008,0.018,1.37868603515625,-0.6499149780273438,0.6631776123046875,0.05457286834716797,0.06357216262817383,0.02604706382751465
844,20532.0,-0.011,-0.008,0.018,1.3786427001953125,-0.6499436645507812,0.6631503295898438,0.05456585311889649,0.06358901596069336,0.026053266525268556
845,20542.0,-0.011,-0.008,0.018,1.378710205078125,-0.6499781494140625,0.663187744140625,0.05455219650268555,0.06359547042846679,0.026033658981323243
846,20552.0,-0.011,-0.008,0.018,1.378829833984375,-0.6500279541015626,0.663276611328125,0.05435945892333984,0.0638304443359375,0.026047252655029298
847,20562.0,-0.011,-0.008,0.018,1.3786697998046875,-0.64997607421875,0.6631688232421875,0.05456754302978516,0.06366826629638672,0.0260963134765625
848,20572.0,-0.011,-0.008,0.018,1.3786903076171875,-0.6500596923828125,0.6631430053710937,0.05452821731567383,0.06359457015991211,0.02601106834411621
849,20582.0,-0.012,-0.009,0.018,1.378728759765625,-0.6500484619140625,0.6632000122070313,0.05456392669677734,0.06358103942871093,0.026035518646240235
850,20592.0,-0.012,-0.008,0.018,1.378857177734375,-0.6501846923828125,0.6632429809570313,0.0543054084777832,0.06385830307006836,0.02606003189086914
851,20602.0,-0.011,-0.008,0.018,1.3787569580078125,-0.6501439819335938,0.6632044677734374,0.054583953857421874,0.06366410064697266,0.02603209114074707
852,20612.0,-0.011,-0.009,0.018,1.378870361328125,-0.65024169921875,0.6632457275390625,0.05455159378051758,0.06359003829956054,0.026028295516967774
853,20622.0,-0.01,-0.008,0.018,1.378883544921875,-0.6503069458007813,0.6632638549804688,0.05456051635742187,0.06360162353515625,0.026034772872924803
854,20632.0,-0.01,-0.008,0.018,1.3788463134765625,-0.6503067016601562,0.6632286987304687,0.05444789505004883,0.06367560195922851,0.026019426345825197
855,20642.0,-0.012,-0.009,0.018,1.37875341796875,-0.6502224731445313,0.6632024536132812,0.05451980972290039,0.06350560379028321,0.026065689086914062
856,20652.0,-0.012,-0.009,0.018,1.3788292236328126,-0.65028271484375,0.6632418212890625,0.054566631317138674,0.06362653732299804,0.026123113632202148
857,20662.0,-0.012,-0.009,0.018,1.378740234375,-0.6502651977539062,0.6631813354492188,0.054553955078125,0.06358889389038086,0.026055641174316406
858,20672.0,-0.013,-0.009,0.018,1.37887158203125,-0.6503120727539062,0.6632568969726562,0.054484500885009765,0.06365368270874024,0.026047462463378905
859,20682.0,-0.012,-0.01,0.018,1.3788675537109376,-0.650293212890625,0.6632576904296875,0.05455666351318359,0.06354558563232422,0.02599521255493164
860,20692.0,-0.012,-0.008,0.018,1.3788868408203125,-0.6502720947265626,0.66327197265625,0.05450515365600586,0.063579345703125,0.025983423233032227
861,20702.0,-0.013,-0.009,0.017,1.3789212646484375,-0.6502434692382812,0.6633092651367187,0.0545203857421875,0.06358286666870117,0.026013273239135742
862,20712.0,-0.013,-0.009,0.017,1.37894775390625,-0.6502877197265625,0.6633238525390625,0.0545281982421875,0.06358293914794921,0.02600577735900879
863,20722.0,-0.013,-0.009,0.017,1.3788448486328124,-0.6503077392578125,0.66321484375,0.05432501220703125,0.06384521484375,0.026025138854980468
864,20732.0,-0.013,-0.008,0.017,1.378771240234375,-0.6502378540039062,0.6632113037109375,0.054551586151123044,0.06358454513549805,0.026017902374267578
865,20742.0,-0.012,-0.008,0.017,1.3787313232421874,-0.6502213745117188,0.6631742553710938,0.054579174041748044,0.06358481216430664,0.02602235221862793
866,20752.0,-0.012,-0.008,0.017,1.3787779541015626,-0.6502665405273438,0.663194580078125,0.05454386901855469,0.06356110000610352,0.026074819564819336
867,20762.0,-0.013,-0.009,0.017,1.378874755859375,-0.650333251953125,0.6632007446289062,0.05434724807739258,0.06379693222045899,0.026123941421508787
868,20772.0,-0.013,-0.009,0.017,1.3787626953125,-0.6502647094726562,0.6631598510742187,0.05455580902099609,0.06355383682250977,0.02606327247619629
869,20782.0,-0.013,-0.008,0.017,1.378782470703125,-0.6502283325195313,0.663215576171875,0.054521114349365234,0.06355290985107422,0.026104118347167967
870,20792.0,-0.012,-0.007,0.016,1.37902099609375,-0.6517820434570313,0.6625344848632813,0.05457079696655273,0.0635445213317871,0.026073062896728515
871,20802.0,-0.012,-0.007,0.016,1.378737060546875,-0.6501704711914063,0.6631362915039063,0.05443520736694336,0.06361738967895508,0.026062692642211914
872,20812.0,-0.013,-0.01,0.016,1.379008544921875,-0.651779052734375,0.6625194702148437,0.0546702995300293,0.06361882400512696,0.02606842041015625
873,20822.0,-0.013,-0.01,0.016,1.378884521484375,-0.6516677856445312,0.662490966796875,0.05453535461425781,0.06353386306762696,0.026090887069702147
874,20832.0,-0.013,-0.009,0.015,1.3789063720703125,-0.65166162109375,0.6624880981445312,0.05458264541625977,0.0635789794921875,0.026076879501342774
875,20842.0,-0.013,-0.009,0.015,1.3790252685546875,-0.6517501220703125,0.6625408935546875,0.05447576522827149,0.06362397384643555,0.02607391357421875
876,20852.0,-0.014,-0.01,0.015,1.3789232177734374,-0.651695068359375,0.6624962768554687,0.05451728820800781,0.0637519416809082,0.026090959548950195
877,20862.0,-0.013,-0.009,0.015,1.37892822265625,-0.6517177734375,0.6624794921875,0.054602397918701175,0.06358905410766602,0.026121145248413087
878,20872.0,-0.013,-0.009,0.014,1.3790115966796874,-0.651739990234375,0.6625397338867187,0.05462436294555664,0.06357804489135742,0.02610215759277344
879,20882.0,-0.014,-0.011,0.014,1.379020263671875,-0.65173583984375,0.66253662109375,0.054600887298583985,0.0635706901550293,0.02610983467102051
880,20892.0,-0.013,-0.011,0.014,1.378996826171875,-0.6517099609375,0.662552490234375,0.05447849655151367,0.0635633544921875,0.026106300354003905
881,20902.0,-0.014,-0.011,0.014,1.3789730224609376,-0.6516834716796875,0.6625303955078125,0.05454201889038086,0.06357137298583984,0.026088064193725585
882,20912.0,-0.014,-0.011,0.014,1.3791512451171875,-0.651725341796875,0.662704345703125,0.05452880859375,0.06359342956542968,0.026038768768310547
883,20922.0,-0.014,-0.011,0.014,1.379142333984375,-0.6517010498046875,0.6626903076171875,0.05455646133422851,0.06359941482543946,0.026012914657592773
884,20932.0,-0.014,-0.012,0.014,1.3791444091796874,-0.6517766723632813,0.6626813354492187,0.054466922760009764,0.06357527160644531,0.026093624114990235
885,20942.0,-0.013,-0.011,0.014,1.378970947265625,-0.6502466430664062,0.6633467407226562,0.05455032730102539,0.06358010482788086,0.025995601654052736
886,20952.0,-0.014,-0.012,0.014,1.37903564453125,-0.6516705322265625,0.6626251220703125,0.05452735137939453,0.06361177825927734,0.026028779983520507
887,20962.0,-0.014,-0.01,0.015,1.3791441650390626,-0.6516962280273437,0.6626826782226563,0.05452152633666992,0.06361528396606446,0.02602303695678711
888,20972.0,-0.013,-0.011,0.015,1.3789622802734376,-0.6501703491210937,0.6633634643554688,0.054321846008300784,0.06386471557617188,0.025974267959594725
889,20982.0,-0.014,-0.011,0.015,1.37884375,-0.650126220703125,0.6633009033203126,0.05450628662109375,0.06367566680908203,0.026058914184570313
890,20992.0,-0.014,-0.012,0.015,1.3788431396484375,-0.650153076171875,0.6632821044921875,0.05457263565063476,0.06362458419799805,0.026054975509643554
891,21002.0,-0.013,-0.011,0.015,1.3789398193359375,-0.65018896484375,0.663351806640625,0.05455509185791016,0.06362530517578124,0.02601450729370117
892,21012.0,-0.013,-0.011,0.014,1.3788380126953126,-0.6501336059570313,0.6632991333007813,0.054289371490478515,0.06392559051513672,0.025983991622924803
893,21022.0,-0.014,-0.011,0.014,1.378931884765625,-0.650172119140625,0.6633553466796875,0.054441982269287106,0.06379985809326172,0.026050605773925782
894,21032.0,-0.013,-0.011,0.014,1.3787225341796876,-0.6501627807617187,0.66319873046875,0.05453125,0.06358382415771484,0.02604784965515137
895,21042.0,-0.014,-0.011,0.014,1.3788458251953124,-0.6501575317382813,0.6632590942382812,0.05454080963134766,0.06360578155517578,0.02596989631652832
896,21052.0,-0.014,-0.011,0.015,1.37873291015625,-0.6500938720703126,0.6632205200195312,0.054431835174560544,0.06368795394897461,0.026010412216186524
897,21062.0,-0.014,-0.011,0.015,1.3788212890625,-0.6501341552734375,0.6632698974609375,0.05453872299194336,0.0635150146484375,0.025940448760986327
898,21072.0,-0.013,-0.011,0.015,1.3787310791015626,-0.650068603515625,0.6632096557617188,0.05446801376342773,0.06359469223022461,0.025979730606079103
899,21082.0,-0.013,-0.011,0.015,1.378742431640625,-0.6500869140625,0.6632477416992187,0.054448112487792966,0.06358982467651367,0.02601841163635254
900,21092.0,-0.014,-0.011,0.015,1.3787095947265624,-0.6500567626953125,0.6632244262695313,0.05436576843261719,0.06363198852539062,0.025951879501342773
901,21102.0,-0.014,-0.011,0.015,1.37887255859375,-0.6515805053710938,0.6625360107421875,0.05453052520751953,0.06364894485473632,0.025972906112670897
902,21112.0,-0.013,-0.011,0.015,1.37884912109375,-0.6516588745117188,0.6625338745117187,0.054511478424072266,0.06360530853271484,0.026023843765258788
903,21122.0,-0.014,-0.011,0.015,1.3786917724609375,-0.65008544921875,0.6632061767578125,0.05452215576171875,0.06358571243286133,0.025986936569213866
904,21132.0,-0.012,-0.011,0.015,1.3787869873046874,-0.6501780395507812,0.66326220703125,0.05454046630859375,0.0635887451171875,0.02601185989379883
905,21142.0,-0.013,-0.012,0.015,1.3786617431640624,-0.6501062622070313,0.6632077026367188,0.05433831787109375,0.06383476638793946,0.02603200912475586
906,21152.0,-0.014,-0.012,0.015,1.378863037109375,-0.6502511596679688,0.663300048828125,0.05458332443237305,0.06356277084350585,0.026031021118164063
907,21162.0,-0.013,-0.011,0.015,1.378733154296875,-0.6501983642578125,0.6632100830078125,0.05457847213745117,0.063581298828125,0.026034761428833007
908,21172.0,-0.013,-0.012,0.015,1.378689208984375,-0.650111328125,0.6631381225585937,0.054574058532714846,0.06357725143432617,0.02603823471069336
909,21182.0,-0.013,-0.012,0.015,1.3786734619140626,-0.6500958251953125,0.6631445922851562,0.05432894515991211,0.06387116241455078,0.02604202461242676
910,21192.0,-0.011,-0.01,0.015,1.3788377685546875,-0.6501599731445312,0.6632394409179687,0.0545147819519043,0.06361242294311524,0.025981302261352538
911,21202.0,-0.012,-0.01,0.015,1.3788228759765624,-0.6501453247070312,0.66326171875,0.054533935546875,0.0635909309387207,0.026056543350219726
912,21212.0,-0.012,-0.01,0.015,1.3788431396484375,-0.6501098022460937,0.6633088989257813,0.05454734802246094,0.063560302734375,0.026082141876220703
913,21222.0,-0.012,-0.01,0.015,1.37868212890625,-0.6500162963867188,0.6632117919921875,0.05441159057617188,0.06362317657470704,0.026046356201171874
914,21232.0,-0.011,-0.01,0.015,1.37870458984375,-0.6500032348632813,0.6632406005859375,0.05449656677246094,0.06364542388916015,0.02616918182373047
915,21242.0,-0.012,-0.01,0.015,1.378710693359375,-0.6500159301757813,0.6632498168945312,0.05451658630371094,0.06358914184570312,0.02607427406311035
916,21252.0,-0.012,-0.01,0.015,1.378860595703125,-0.65007568359375,0.6633604736328125,0.05453210067749024,0.06357856369018555,0.026088727951049804
917,21262.0,-0.012,-0.01,0.016,1.378709228515625,-0.6499600830078125,0.6632638549804688,0.05442036819458008,0.06364304733276367,0.026061527252197264
918,21272.0,-0.012,-0.009,0.017,1.3786956787109375,-0.649998291015625,0.6632291259765625,0.05454327392578125,0.0636618309020996,0.026102514266967775
919,21282.0,-0.013,-0.01,0.017,1.3788409423828125,-0.6500419311523438,0.6633125,0.05454275131225586,0.06359391021728515,0.026094160079956054
920,21292.0,-0.012,-0.01,0.017,1.37868359375,-0.6499614868164062,0.6632432861328125,0.05451924133300781,0.06358332061767578,0.0260706844329834
921,21302.0,-0.012,-0.01,0.017,1.3788404541015624,-0.6500687255859375,0.6632952880859375,0.05455034255981445,0.06356884384155273,0.026067243576049805
922,21312.0,-0.012,-0.011,0.016,1.3786837158203125,-0.6500216674804687,0.66321923828125,0.054533031463623045,0.06342954635620117,0.026095977783203127
923,21322.0,-0.011,-0.01,0.016,1.378818359375,-0.65006103515625,0.663311279296875,0.05455864334106445,0.0635556526184082,0.026055257797241212
924,21332.0,-0.012,-0.009,0.016,1.378864013671875,-0.6501040649414063,0.663296630859375,0.0545387077331543,0.06355751037597657,0.026053821563720703
925,21342.0,-0.011,-0.01,0.016,1.3786947021484375,-0.65002197265625,0.6631979370117187,0.05452063751220703,0.06355527114868165,0.026063941955566407
926,21352.0,-0.011,-0.01,0.016,1.3788712158203125,-0.65012353515625,0.6632913818359375,0.054508220672607424,0.06341179275512696,0.02610030746459961
927,21362.0,-0.013,-0.01,0.017,1.3787408447265626,-0.6500242919921875,0.6632161254882812,0.054487312316894534,0.06354842758178711,0.0260750789642334
928,21372.0,-0.013,-0.01,0.017,1.378872802734375,-0.65015283203125,0.6633098754882812,0.05450494384765625,0.06354804992675782,0.026024593353271484
929,21382.0,-0.012,-0.01,0.017,1.378876708984375,-0.6500521240234375,0.6633501586914062,0.054465351104736326,0.06356594467163086,0.02607537841796875
930,21392.0,-0.013,-0.011,0.017,1.3788824462890625,-0.650123779296875,0.6632860107421875,0.05430946350097656,0.06380266571044922,0.026075942993164063
931,21402.0,-0.013,-0.009,0.017,1.3787540283203126,-0.650083740234375,0.6632042846679688,0.054592319488525394,0.06362451553344727,0.026090444564819334
932,21412.0,-0.012,-0.01,0.017,1.3789151611328125,-0.650189208984375,0.663294921875,0.054509418487548825,0.0635489616394043,0.026117238998413086
933,21422.0,-0.013,-0.011,0.017,1.3788831787109375,-0.6501331787109375,0.6632918701171875,0.05452565383911133,0.06354137802124024,0.026026262283325195
934,21432.0,-0.013,-0.011,0.017,1.3789088134765626,-0.6501845703125,0.6632916870117187,0.05445465087890625,0.06361884307861328,0.026055707931518554
935,21442.0,-0.011,-0.01,0.017,1.378881103515625,-0.6501695556640625,0.6632531127929687,0.05454764938354492,0.06363611221313477,0.026131235122680663
936,21452.0,-0.012,-0.01,0.017,1.3788907470703125,-0.65019482421875,0.6633087768554687,0.05453290939331055,0.06355662536621094,0.026056453704833983
937,21462.0,-0.012,-0.01,0.017,1.378901611328125,-0.6502161865234375,0.66328271484375,0.054505901336669924,0.06356657028198243,0.026069679260253907
938,21472.0,-0.011,-0.009,0.017,1.378849609375,-0.6501675415039062,0.6632745971679688,0.05443639373779297,0.06361537551879883,0.02603325653076172
939,21482.0,-0.012,-0.01,0.017,1.378877197265625,-0.650198974609375,0.6632940063476562,0.05452276611328125,0.06341193008422852,0.026017736434936524
940,21492.0,-0.011,-0.009,0.017,1.3788775634765624,-0.6501975708007812,0.6632932739257813,0.05450650405883789,0.06356439590454102,0.02609111785888672
941,21502.0,-0.011,-0.009,0.017,1.378713134765625,-0.6501080932617187,0.6632009887695313,0.05452471542358398,0.06356739044189454,0.026105518341064452
942,21512.0,-0.013,-0.01,0.017,1.3788704833984375,-0.6502206420898438,0.6632861328125,0.05458456802368164,0.06358075332641601,0.026079822540283203
943,21522.0,-0.012,-0.01,0.017,1.37887060546875,-0.6501685791015624,0.6632906494140625,0.05465096664428711,0.06348860931396484,0.026126535415649414
944,21532.0,-0.012,-0.009,0.017,1.3788751220703126,-0.6502413330078125,0.663279052734375,0.05456898880004883,0.06359478759765624,0.026076326370239256
945,21542.0,-0.015,-0.01,0.017,1.3787147216796876,-0.6501319580078125,0.663193359375,0.05452907943725586,0.06358188247680664,0.026101163864135742
946,21552.0,-0.014,-0.01,0.017,1.3788548583984375,-0.6502005004882813,0.6632846069335937,0.05452231597900391,0.06358988189697265,0.02608964729309082
947,21562.0,-0.013,-0.01,0.017,1.378881103515625,-0.6502404174804688,0.6632981567382813,0.05430716705322266,0.0638287239074707,0.02613240432739258
948,21572.0,-0.014,-0.009,0.018,1.3786976318359374,-0.6501724853515625,0.66312548828125,0.05451295852661133,0.06361450958251953,0.026078418731689455
949,21582.0,-0.013,-0.009,0.018,1.3788599853515624,-0.6502015380859375,0.6633076782226562,0.05454664611816406,0.06360186767578126,0.02604241752624512
950,21592.0,-0.013,-0.009,0.018,1.3787047119140625,-0.6501582641601562,0.663144287109375,0.054554607391357424,0.06361963653564454,0.02603616523742676
951,21602.0,-0.014,-0.01,0.018,1.37884130859375,-0.65019482421875,0.6632631225585938,0.05429787063598633,0.06386281967163086,0.02602393913269043
952,21612.0,-0.014,-0.01,0.018,1.3787239990234375,-0.6501193237304688,0.6631893920898437,0.05450343704223633,0.06356458282470703,0.025993330001831055
953,21622.0,-0.014,-0.01,0.017,1.378721435546875,-0.6501363525390625,0.66318505859375,0.0545107421875,0.06355326843261719,0.026004146575927735
954,21632.0,-0.014,-0.01,0.017,1.3790618896484375,-0.6516611938476562,0.6625982666015625,0.05448590469360352,0.06355023574829101,0.02604371643066406
955,21642.0,-0.013,-0.009,0.017,1.3788748779296875,-0.65018310546875,0.663280029296875,0.054365440368652346,0.06360524368286133,0.02601658058166504
956,21652.0,-0.014,-0.01,0.017,1.3788922119140625,-0.6516183471679687,0.6624796752929687,0.054457252502441406,0.06365099716186523,0.026096561431884765
957,21662.0,-0.013,-0.01,0.017,1.3789991455078126,-0.6517355346679687,0.6625771484375,0.05450109100341797,0.06353378295898438,0.026024200439453124
958,21672.0,-0.013,-0.009,0.015,1.3789984130859374,-0.6516956787109375,0.662603515625,0.054498786926269534,0.06355355072021485,0.026076007843017578
959,21682.0,-0.015,-0.01,0.015,1.3788529052734375,-0.6516325073242187,0.6625210571289063,0.05441070556640625,0.06359841537475586,0.02601203918457031
960,21692.0,-0.014,-0.01,0.014,1.3788004150390625,-0.6516957397460937,0.6624207763671875,0.0545284538269043,0.0636569938659668,0.02612518310546875
961,21702.0,-0.013,-0.009,0.014,1.37885546875,-0.6516961669921875,0.6625202026367187,0.05448690414428711,0.06354288864135742,0.026039133071899413
962,21712.0,-0.013,-0.009,0.014,1.3786962890625,-0.6499383544921875,0.6633038330078125,0.054535072326660154,0.06356358337402344,0.02602650833129883
963,21722.0,-0.014,-0.009,0.014,1.37882421875,-0.6500289916992188,0.663366455078125,0.054521968841552734,0.06352584838867187,0.026037817001342774
964,21732.0,-0.013,-0.009,0.014,1.3787034912109375,-0.6499942016601562,0.6632620239257813,0.05448371124267578,0.06341456985473633,0.0260792293548584
965,21742.0,-0.014,-0.009,0.013,1.37881396484375,-0.650102783203125,0.663306396484375,0.054524871826171876,0.06355590438842773,0.02606557846069336
966,21752.0,-0.015,-0.011,0.015,1.378698486328125,-0.6501012573242188,0.663218505859375,0.05451434326171875,0.06358554077148437,0.026048364639282225
967,21762.0,-0.015,-0.011,0.015,1.3786971435546875,-0.650126708984375,0.6632178344726563,0.05454213333129883,0.06355255126953124,0.0260445499420166
968,21772.0,-0.015,-0.011,0.014,1.3787183837890624,-0.6501318969726563,0.6631984252929688,0.05454084014892578,0.06353725051879883,0.025989570617675782
969,21782.0,-0.015,-0.01,0.014,1.3786976318359374,-0.65014794921875,0.6632020874023438,0.05455245590209961,0.06355488586425781,0.026045820236206055
970,21792.0,-0.014,-0.01,0.014,1.3787855224609376,-0.6502113647460938,0.663240234375,0.05452148056030273,0.06356275939941407,0.026010583877563477
971,21802.0,-0.014,-0.01,0.014,1.3787972412109375,-0.6501851196289062,0.6632697143554688,0.05452285003662109,0.063569091796875,0.026049909591674806
972,21812.0,-0.017,-0.012,0.014,1.3788153076171874,-0.6501925659179687,0.66327001953125,0.0543521957397461,0.06384570693969727,0.026052520751953124
973,21822.0,-0.017,-0.012,0.014,1.3787894287109375,-0.6502276000976562,0.6631935424804688,0.05455013656616211,0.06364622116088867,0.026154138565063476
974,21832.0,-0.014,-0.011,0.014,1.378787841796875,-0.6501854248046876,0.6632171630859375,0.05456052017211914,0.06356367874145508,0.026053529739379883
975,21842.0,-0.014,-0.011,0.015,1.378795654296875,-0.6501703491210937,0.663229248046875,0.054568153381347656,0.0635688934326172,0.026046575546264647
976,21852.0,-0.016,-0.011,0.015,1.378820556640625,-0.6502327880859375,0.6632367553710937,0.054308368682861326,0.06381403350830078,0.026023311614990233
977,21862.0,-0.015,-0.01,0.015,1.3788857421875,-0.6516400146484375,0.6625486450195313,0.054597698211669925,0.06363251876831055,0.026023616790771486
978,21872.0,-0.015,-0.01,0.015,1.3786993408203125,-0.6500931396484375,0.663232666015625,0.054576839447021484,0.06359098815917968,0.026013093948364256
979,21882.0,-0.015,-0.013,0.015,1.3786788330078126,-0.6500673217773437,0.6631732788085938,0.054597572326660154,0.06358570861816407,0.026060686111450196
980,21892.0,-0.015,-0.012,0.016,1.3787674560546874,-0.6501974487304687,0.6632244262695313,0.05444264602661133,0.06366615676879883,0.025951393127441408
981,21902.0,-0.014,-0.012,0.016,1.37864892578125,-0.6501339111328125,0.6632079467773437,0.05453142166137695,0.06343645858764649,0.026050060272216798
982,21912.0,-0.014,-0.012,0.016,1.378671630859375,-0.6501651000976563,0.6631817626953125,0.05452051544189453,0.06354456329345703,0.02603816795349121
983,21922.0,-0.015,-0.012,0.016,1.378814208984375,-0.65019091796875,0.6632936401367188,0.05451731872558594,0.06353264999389649,0.026044591903686524
984,21932.0,-0.015,-0.012,0.017,1.3788280029296875,-0.6502200927734375,0.66328662109375,0.054392749786376954,0.06355751419067383,0.026055330276489257
985,21942.0,-0.015,-0.013,0.017,1.3787425537109375,-0.650164794921875,0.663221923828125,0.05456616973876953,0.06339028549194337,0.02603338050842285
986,21952.0,-0.015,-0.013,0.017,1.3787362060546875,-0.6501835327148437,0.6632379760742187,0.05450005722045898,0.06352643966674805,0.02606940269470215
987,21962.0,-0.016,-0.013,0.017,1.3787362060546875,-0.6501201782226562,0.6632491455078126,0.054535247802734374,0.06352151870727539,0.026041215896606445
988,21972.0,-0.015,-0.013,0.017,1.37890966796875,-0.6501683959960938,0.6633526000976563,0.054590282440185545,0.06354775619506836,0.026124454498291014
989,21982.0,-0.016,-0.012,0.017,1.3787801513671876,-0.6499973754882813,0.6633353881835937,0.05430091094970703,0.06389859008789063,0.026096254348754882
990,21992.0,-0.015,-0.012,0.017,1.37888916015625,-0.650038330078125,0.6633910522460937,0.05455512619018555,0.06357249832153321,0.026138553619384764
991,22002.0,-0.015,-0.013,0.017,1.3789593505859374,-0.6516444702148437,0.6625720825195313,0.054524208068847654,0.06355886840820313,0.026091053009033204
992,22012.0,-0.014,-0.012,0.017,1.3790225830078124,-0.6517416381835938,0.6626213989257812,0.05456157302856445,0.06357266616821289,0.02605321502685547
993,22022.0,-0.015,-0.012,0.017,1.379053466796875,-0.6516898193359375,0.662613525390625,0.05429144287109375,0.06383329772949219,0.026075178146362305
994,22032.0,-0.015,-0.013,0.017,1.379023681640625,-0.6517054443359375,0.6625995483398438,0.054604202270507815,0.06360601425170899,0.02606974792480469
995,22042.0,-0.016,-0.013,0.017,1.37903955078125,-0.6517592163085938,0.6626345825195312,0.054523292541503905,0.063572021484375,0.026042531967163086
996,22052.0,-0.015,-0.012,0.017,1.379061767578125,-0.6517169799804687,0.6626461791992188,0.054544361114501956,0.06356570816040039,0.026019075393676757
997,22062.0,-0.015,-0.011,0.016,1.378892333984375,-0.6516746826171875,0.6625265502929687,0.054423652648925784,0.06363043594360351,0.0259963436126709
998,22072.0,-0.016,-0.013,0.016,1.3788653564453126,-0.65015576171875,0.663325439453125,0.0544588623046875,0.0636639518737793,0.026098064422607422
999,22082.0,-0.014,-0.012,0.016,1.378858642578125,-0.6501917114257812,0.66332568359375,0.054535247802734374,0.06356155776977539,0.02607744598388672
1000,22092.0,-0.015,-0.013,0.016,1.37873974609375,-0.6501118774414063,0.6632369384765625,0.054537284851074216,0.06353451919555664,0.026105745315551758
1001,22102.0,-0.016,-0.012,0.016,1.3787576904296874,-0.6501221923828125,0.6632069091796875,0.05446731567382813,0.06358196640014649,0.026056863784790038
1002,22112.0,-0.015,-0.012,0.016,1.3787554931640624,-0.6500675659179688,0.6632579956054687,0.05454920959472656,0.06364351272583008,0.026114240646362304
1003,22122.0,-0.016,-0.012,0.016,1.3787620849609374,-0.6500317993164062,0.6632478637695313,0.0545810775756836,0.06356670379638672,0.026119081497192383
1004,22132.0,-0.015,-0.012,0.016,1.3787767333984375,-0.6499939575195313,0.663254150390625,0.05455415344238281,0.0635497932434082,0.026087081909179688
1005,22142.0,-0.015,-0.013,0.016,1.378763427734375,-0.6500022583007813,0.6632464599609375,0.05449474716186523,0.06354517364501953,0.02609478759765625
1006,22152.0,-0.016,-0.013,0.016,1.3787557373046875,-0.6499007568359375,0.6632802124023438,0.05448432922363281,0.06364088439941407,0.02610888862609863
1007,22162.0,-0.014,-0.012,0.016,1.3788975830078125,-0.6499918212890625,0.6633434448242187,0.05452775955200195,0.06354890441894531,0.02607464027404785
1008,22172.0,-0.015,-0.013,0.016,1.3787598876953124,-0.6499038696289062,0.6632466430664062,0.05454969024658203,0.06355003356933593,0.0260345344543457
1009,22182.0,-0.014,-0.012,0.016,1.378887451171875,-0.64995556640625,0.663374755859375,0.054532001495361325,0.06354532623291016,0.026059255599975586
1010,22192.0,-0.015,-0.013,0.015,1.37874853515625,-0.64987646484375,0.6632550659179688,0.05433428192138672,0.06379412460327148,0.026109710693359375
1011,22202.0,-0.015,-0.013,0.015,1.3787659912109376,-0.6498587646484375,0.6632980346679688,0.05458377456665039,0.06356173706054688,0.02603085517883301
1012,22212.0,-0.015,-0.01,0.015,1.3788680419921875,-0.64994091796875,0.663333251953125,0.05455642700195312,0.06358051681518555,0.026061201095581056
1013,22222.0,-0.015,-0.012,0.015,1.3789183349609375,-0.6499447021484375,0.6633515625,0.05454863739013672,0.06357217788696289,0.02606869888305664
1014,22232.0,-0.014,-0.011,0.015,1.378775390625,-0.6499367065429688,0.6632714233398438,0.054313690185546874,0.06381125640869141,0.026096101760864257
1015,22242.0,-0.016,-0.011,0.015,1.378873779296875,-0.6499798583984375,0.663320556640625,0.05456191635131836,0.06366691207885743,0.02610957145690918
1016,22252.0,-0.015,-0.011,0.015,1.378773193359375,-0.6499951782226563,0.6632313232421875,0.05453729248046875,0.06356779098510743,0.026068376541137694
1017,22262.0,-0.015,-0.011,0.015,1.378731201171875,-0.6499478759765625,0.66322509765625,0.05452137756347656,0.06356718826293946,0.026081443786621094
1018,22272.0,-0.015,-0.012,0.015,1.378905517578125,-0.6500343017578125,0.6633025512695313,0.0543477897644043,0.06380468368530273,0.026130367279052734
1019,22282.0,-0.015,-0.012,0.014,1.3788916015625,-0.6500855712890625,0.6633085327148438,0.05452761077880859,0.06367045974731446,0.026080747604370118
1020,22292.0,-0.014,-0.011,0.014,1.37876806640625,-0.6499803466796875,0.6632294311523438,0.05453271484375,0.06357866287231445,0.026026456832885743
1021,22302.0,-0.014,-0.012,0.014,1.3787479248046874,-0.6499721069335938,0.6632185668945313,0.054517807006835936,0.06357636260986328,0.026049976348876954
1022,22312.0,-0.015,-0.013,0.014,1.378772216796875,-0.6500015258789062,0.66323486328125,0.05449752807617188,0.06356536483764648,0.026049263000488283
1023,22322.0,-0.014,-0.012,0.014,1.3788829345703124,-0.6500228271484375,0.6633480834960938,0.054529541015625,0.0634441909790039,0.02599874496459961
1024,22332.0,-0.015,-0.011,0.014,1.3789013671875,-0.6500634155273437,0.6633253173828125,0.054497486114501954,0.06357181549072266,0.026048818588256837
1025,22342.0,-0.015,-0.011,0.014,1.378735107421875,-0.6499649047851562,0.6632368774414062,0.05450033187866211,0.06357143783569336,0.02605690383911133
1026,22352.0,-0.014,-0.011,0.014,1.378868896484375,-0.6500748291015624,0.6633328857421875,0.054412036895751956,0.06362192916870117,0.026026985168457032
1027,22362.0,-0.015,-0.012,0.014,1.37884521484375,-0.6500341796875,0.663318115234375,0.054487850189208986,0.06347058868408204,0.026032161712646485
1028,22372.0,-0.014,-0.011,0.016,1.37886962890625,-0.6501146850585937,0.6632965087890625,0.05450847244262695,0.06357342529296875,0.026047670364379882
1029,22382.0,-0.014,-0.011,0.016,1.3787403564453125,-0.6501220703125,0.6631841430664063,0.054511219024658206,0.06357596588134766,0.026045305252075195
1030,22392.0,-0.015,-0.01,0.016,1.378737060546875,-0.6501033325195312,0.6631868286132813,0.05450668716430664,0.063587646484375,0.026039642333984377
1031,22402.0,-0.015,-0.011,0.016,1.3788824462890625,-0.650174560546875,0.6633167724609375,0.05432572174072266,0.06382800674438477,0.02606492805480957
1032,22412.0,-0.015,-0.012,0.016,1.3787313232421874,-0.650057373046875,0.6632088623046875,0.05451750946044922,0.0636443862915039,0.026103548049926758
1033,22422.0,-0.015,-0.01,0.016,1.3790828857421875,-0.6516844482421875,0.6626201782226563,0.05449936294555664,0.06356521606445313,0.026063838958740235
1034,22432.0,-0.014,-0.011,0.016,1.3788994140625,-0.6516049194335938,0.6625208740234375,0.05447677230834961,0.06356364059448243,0.02605601692199707
1035,22442.0,-0.015,-0.011,0.016,1.37905517578125,-0.6516734619140625,0.6626429443359375,0.05425178146362305,0.0637958755493164,0.026099754333496095
1036,22452.0,-0.015,-0.011,0.016,1.3790850830078125,-0.65164013671875,0.6626627807617187,0.0544515495300293,0.06367377853393555,0.026072021484375
1037,22462.0,-0.016,-0.011,0.016,1.37875830078125,-0.6500737915039062,0.6632392578125,0.054455379486083984,0.0635738296508789,0.02600739288330078
1038,22472.0,-0.016,-0.012,0.016,1.37886767578125,-0.6502188720703125,0.6632382202148438,0.054471961975097655,0.06356027221679687,0.0259825496673584
1039,22482.0,-0.016,-0.012,0.016,1.3788607177734375,-0.6503504638671875,0.6632398681640626,0.05442213821411133,0.06364271545410156,0.025965187072753908
1040,22492.0,-0.015,-0.012,0.016,1.3787286376953125,-0.6503158569335937,0.6631177368164063,0.05445022583007812,0.0634983139038086,0.02603076171875
1041,22502.0,-0.015,-0.012,0.017,1.3787264404296875,-0.6503392333984375,0.6630924072265625,0.05447551727294922,0.06357514572143555,0.026051000595092775
1042,22512.0,-0.014,-0.011,0.017,1.37873046875,-0.6504014282226562,0.6630790405273438,0.05447854232788086,0.0635728530883789,0.025981836318969727
1043,22522.0,-0.016,-0.011,0.017,1.378885498046875,-0.6515413208007812,0.6625060424804687,0.05441472625732422,0.06362583541870118,0.025992612838745117
1044,22532.0,-0.015,-0.012,0.017,1.378930908203125,-0.651575927734375,0.66253564453125,0.05459318161010742,0.06367562866210938,0.026103994369506837
1045,22542.0,-0.014,-0.011,0.017,1.378892578125,-0.6515950927734375,0.662529541015625,0.05450904846191406,0.06358425140380859,0.02607571792602539
1046,22552.0,-0.014,-0.011,0.016,1.379063232421875,-0.651688232421875,0.6626229858398438,0.05449654769897461,0.06359253692626952,0.026069820404052733
1047,22562.0,-0.015,-0.011,0.016,1.3788895263671874,-0.6515625610351562,0.6624918212890625,0.05448605728149414,0.06359314346313477,0.026065093994140625
1048,22572.0,-0.015,-0.011,0.016,1.379026123046875,-0.6516437377929688,0.6625863647460938,0.05430770492553711,0.06382217025756835,0.026058080673217774
1049,22582.0,-0.015,-0.01,0.016,1.3790072021484374,-0.6516820678710937,0.6625913696289063,0.05450793075561523,0.0635866584777832,0.026039199829101564
1050,22592.0,-0.016,-0.011,0.016,1.3788885498046874,-0.6515885620117188,0.6625111694335938,0.054530838012695315,0.06359758377075195,0.02603297233581543
1051,22602.0,-0.015,-0.011,0.016,1.3788846435546875,-0.6515703735351562,0.6625008544921875,0.05450105285644531,0.06360219955444336,0.026066638946533202
1052,22612.0,-0.016,-0.011,0.016,1.3789083251953125,-0.6515892333984376,0.662510986328125,0.054300796508789065,0.06383853912353515,0.026092153549194336
1053,22622.0,-0.015,-0.011,0.016,1.3788463134765625,-0.6501652221679688,0.6632550659179688,0.05450865173339844,0.06360708236694336,0.026059396743774416
1054,22632.0,-0.015,-0.011,0.015,1.3788690185546875,-0.6502134399414062,0.6632269287109375,0.05449935531616211,0.06360726165771484,0.026035915374755858
1055,22642.0,-0.015,-0.01,0.015,1.3788966064453125,-0.6501791381835937,0.6632662963867187,0.05452593994140625,0.06360635375976563,0.02606329345703125
1056,22652.0,-0.015,-0.01,0.015,1.3788646240234375,-0.6501715698242188,0.66322900390625,0.05457146453857422,0.06355372238159179,0.026022342681884764
1057,22662.0,-0.014,-0.011,0.015,1.378865966796875,-0.650139892578125,0.66324853515625,0.05465884780883789,0.06364739608764648,0.02604544448852539
1058,22672.0,-0.015,-0.012,0.015,1.3788699951171874,-0.650126953125,0.663268798828125,0.05456252288818359,0.06357030868530274,0.026051185607910157
1059,22682.0,-0.014,-0.011,0.015,1.3787225341796876,-0.6500772705078125,0.6631791381835938,0.05454345703125,0.06359905242919922,0.02607004737854004
1060,22692.0,-0.015,-0.012,0.015,1.3788519287109375,-0.6501417236328125,0.6632573852539062,0.05450766754150391,0.06365871047973633,0.026055431365966795
1061,22702.0,-0.015,-0.011,0.015,1.3788797607421874,-0.6501988525390625,0.66328369140625,0.05458562088012695,0.06366928100585938,0.0261375789642334
1062,22712.0,-0.015,-0.011,0.015,1.3788770751953126,-0.6501642456054687,0.6632560424804688,0.054594196319580075,0.06361769485473633,0.026103256225585937
1063,22722.0,-0.015,-0.012,0.016,1.3786954345703124,-0.6500843505859375,0.6631696166992187,0.05454173278808594,0.06357770538330078,0.026092437744140624
1064,22732.0,-0.015,-0.012,0.016,1.3788385009765625,-0.6501362915039063,0.6632600708007812,0.05459031295776367,0.06358265686035157,0.026061899185180665
1065,22742.0,-0.014,-0.012,0.016,1.378727294921875,-0.650111083984375,0.6631881103515626,0.054525249481201174,0.06346120452880859,0.026086633682250976
1066,22752.0,-0.015,-0.011,0.016,1.3788690185546875,-0.65018603515625,0.663245361328125,0.05452600479125977,0.06355487060546874,0.026088846206665038
1067,22762.0,-0.016,-0.012,0.015,1.3788765869140625,-0.6502114868164063,0.6632623291015625,0.054561729431152346,0.06357537841796874,0.026052793502807616
1068,22772.0,-0.015,-0.012,0.015,1.3788594970703125,-0.6501731567382812,0.6632616577148438,0.054548702239990234,0.0635899543762207,0.02607847023010254
1069,22782.0,-0.015,-0.011,0.015,1.37886865234375,-0.6501828002929687,0.6632730102539063,0.05457466125488281,0.06345488739013672,0.02603464698791504
1070,22792.0,-0.016,-0.012,0.015,1.3788609619140626,-0.650150146484375,0.6632603759765625,0.05453262710571289,0.06359055328369141,0.026071559906005858
1071,22802.0,-0.014,-0.012,0.015,1.378887451171875,-0.6500709838867188,0.6633155517578125,0.05452260971069336,0.0635805778503418,0.026070796966552734
1072,22812.0,-0.014,-0.011,0.015,1.37889697265625,-0.6500520629882812,0.6633096313476563,0.05453944396972656,0.06358659362792969,0.02605045700073242
1073,22822.0,-0.014,-0.011,0.014,1.378892333984375,-0.65003662109375,0.6633328857421875,0.05444638442993164,0.06370576095581054,0.02610598945617676
1074,22832.0,-0.015,-0.01,0.014,1.3788785400390624,-0.6499595336914062,0.663313232421875,0.0545949592590332,0.06366026306152343,0.02603993797302246
1075,22842.0,-0.015,-0.012,0.014,1.3787652587890624,-0.6497757568359375,0.6632792358398437,0.054516471862792966,0.06358162307739258,0.02599549674987793
1076,22852.0,-0.015,-0.011,0.014,1.3788465576171876,-0.6498419799804688,0.6633550415039062,0.0545121955871582,0.06357761383056641,0.02605068016052246
1077,22862.0,-0.015,-0.011,0.014,1.3787891845703124,-0.6498179321289063,0.66330712890625,0.05427027130126953,0.06391234970092774,0.026060300827026366
1078,22872.0,-0.016,-0.011,0.013,1.37877978515625,-0.6498023071289063,0.66331640625,0.05449765777587891,0.06369258499145508,0.02603765296936035
1079,22882.0,-0.016,-0.012,0.013,1.3788948974609374,-0.6498590698242187,0.6634385986328125,0.05449773788452148,0.06357712936401368,0.02603455924987793
1080,22892.0,-0.015,-0.011,0.013,1.3790684814453125,-0.6516302490234375,0.6626332397460938,0.05448665237426758,0.0635807991027832,0.026011388778686525
1081,22902.0,-0.014,-0.011,0.014,1.378929443359375,-0.6515714721679687,0.6625471801757813,0.05438692855834961,0.06366096878051758,0.026014135360717772
1082,22912.0,-0.014,-0.011,0.014,1.3789171142578125,-0.651571044921875,0.6625407104492187,0.05450726318359375,0.06356166076660157,0.025981794357299803
1083,22922.0,-0.016,-0.012,0.013,1.379062255859375,-0.6516690063476562,0.6626372680664062,0.05449510192871094,0.06357819366455078,0.026065196990966797
1084,22932.0,-0.015,-0.011,0.013,1.37904638671875,-0.6517140502929688,0.6626075439453125,0.05449156951904297,0.06357741928100585,0.02604984664916992
1085,22942.0,-0.016,-0.012,0.014,1.379053955078125,-0.6516669311523438,0.6626395263671875,0.05440851974487305,0.06364643478393554,0.026030221939086915
1086,22952.0,-0.016,-0.011,0.014,1.3790670166015624,-0.6516170654296874,0.6626652221679687,0.05450551223754883,0.06349560928344726,0.026058961868286133
1087,22962.0,-0.015,-0.011,0.014,1.37904296875,-0.6516038818359375,0.6626583862304688,0.05448896408081055,0.06359492111206054,0.026036914825439454
1088,22972.0,-0.015,-0.011,0.014,1.378938720703125,-0.651594970703125,0.6625549926757812,0.05453889465332031,0.06358952713012696,0.026035985946655273
1089,22982.0,-0.016,-0.012,0.014,1.3789176025390626,-0.6501693725585938,0.6633392944335937,0.0545338134765625,0.06356518936157227,0.026039506912231444
1090,22992.0,-0.016,-0.011,0.015,1.3789351806640624,-0.6501397094726562,0.663341552734375,0.05429397201538086,0.06389769744873047,0.026095409393310547
1091,23002.0,-0.014,-0.011,0.015,1.3787864990234375,-0.6500213623046875,0.6632772827148438,0.05451808547973633,0.06357861709594727,0.026059555053710937
1092,23012.0,-0.015,-0.012,0.015,1.3787286376953125,-0.649975341796875,0.6632537231445312,0.05450242233276367,0.06357257843017577,0.026036497116088866
1093,23022.0,-0.016,-0.011,0.015,1.3788990478515626,-0.6515675659179687,0.6625706176757813,0.054520221710205076,0.06358894348144531,0.02607094192504883
1094,23032.0,-0.016,-0.011,0.015,1.3787335205078124,-0.6499381103515625,0.663277587890625,0.05442968368530274,0.06368789291381836,0.026122526168823244
1095,23042.0,-0.015,-0.01,0.015,1.378861083984375,-0.6499943237304687,0.6633935546875,0.054549850463867185,0.06357612991333007,0.02604795265197754
1096,23052.0,-0.015,-0.01,0.015,1.37888720703125,-0.6515697021484375,0.6625396728515625,0.05452992248535156,0.06357139587402344,0.026062654495239257
1097,23062.0,-0.016,-0.011,0.016,1.3789139404296875,-0.651594482421875,0.6625472412109376,0.054554725646972654,0.06356947708129883,0.026040767669677733
1098,23072.0,-0.015,-0.011,0.014,1.3790198974609376,-0.6516720581054688,0.66264599609375,0.05443910598754883,0.06363923263549805,0.02605624580383301
1099,23082.0,-0.014,-0.01,0.014,1.3790133056640625,-0.6516246948242187,0.6626389770507812,0.05460527420043945,0.06363843154907227,0.026073844909667968
1100,23092.0,-0.016,-0.011,0.014,1.378857177734375,-0.6515562133789062,0.6625323486328125,0.05452814865112305,0.06358598709106446,0.026070823669433595
1101,23102.0,-0.016,-0.011,0.014,1.3790255126953126,-0.6516467895507813,0.6626364135742188,0.05455710220336914,0.06357714462280273,0.026050689697265626
1102,23112.0,-0.015,-0.009,0.014,1.3790216064453125,-0.6517057495117188,0.66262255859375,0.054449169158935544,0.06362960052490234,0.026061405181884767
1103,23122.0,-0.016,-0.011,0.015,1.3788468017578126,-0.6500849609375,0.663325927734375,0.054539852142333985,0.06368607330322265,0.026109493255615235
1104,23132.0,-0.015,-0.009,0.015,1.3790098876953125,-0.651648681640625,0.6626588134765625,0.054530052185058596,0.06357995223999023,0.026078624725341795
1105,23142.0,-0.015,-0.009,0.015,1.37869287109375,-0.6499999389648438,0.6632527465820313,0.054530498504638675,0.06359458541870117,0.026070394515991212
1106,23152.0,-0.015,-0.012,0.015,1.37899951171875,-0.65163671875,0.6626293334960938,0.05457641983032226,0.06359841537475586,0.026060897827148436
1107,23162.0,-0.015,-0.012,0.013,1.3788270263671876,-0.650104736328125,0.6633316040039062,0.054592918395996094,0.06347832107543945,0.026013620376586916
1108,23172.0,-0.016,-0.012,0.013,1.379093505859375,-0.6517720336914062,0.6627058715820312,0.05455836486816406,0.0635864601135254,0.026020843505859374
1109,23182.0,-0.015,-0.012,0.013,1.37898876953125,-0.651716552734375,0.6625906982421875,0.05456615829467774,0.06358404541015625,0.02603577995300293
1110,23192.0,-0.014,-0.011,0.013,1.379009033203125,-0.6517676391601562,0.662599853515625,0.05451904678344727,0.06358098983764648,0.026075798034667967
1111,23202.0,-0.015,-0.012,0.013,1.3790125732421874,-0.6517012939453125,0.6626004638671875,0.05451303100585937,0.06345655822753907,0.02605943489074707
1112,23212.0,-0.015,-0.011,0.014,1.378913818359375,-0.6516556396484375,0.662580322265625,0.05451961898803711,0.06358475875854493,0.026063034057617188
1113,23222.0,-0.016,-0.013,0.014,1.37905810546875,-0.6516865234375,0.6626134033203125,0.054523654937744144,0.06359286880493165,0.026087608337402344
1114,23232.0,-0.015,-0.011,0.015,1.37904248046875,-0.6516853637695312,0.6625950927734375,0.05453411483764648,0.06358806228637695,0.026067819595336914
1115,23242.0,-0.014,-0.011,0.015,1.3789088134765626,-0.6516146850585938,0.6625521850585937,0.05434024047851563,0.06387307357788086,0.026140214920043946
1116,23252.0,-0.016,-0.012,0.014,1.3788935546875,-0.6516100463867187,0.6625472412109376,0.0545650634765625,0.06365205383300782,0.026103145599365236
1117,23262.0,-0.014,-0.012,0.014,1.37900390625,-0.6516406860351562,0.6625906982421875,0.05454303741455078,0.06359477233886719,0.026050611495971678
1118,23272.0,-0.014,-0.012,0.014,1.37880810546875,-0.6497366943359375,0.6634237060546875,0.05455438232421875,0.0635897216796875,0.026045684814453126
1119,23282.0,-0.016,-0.011,0.014,1.378705078125,-0.6497319946289063,0.66334375,0.05428634262084961,0.06383772277832031,0.026057031631469725
1120,23292.0,-0.016,-0.011,0.016,1.3787506103515625,-0.6497261962890625,0.6633657836914062,0.054440715789794925,0.0637509765625,0.026010366439819337
1121,23302.0,-0.016,-0.011,0.016,1.37879150390625,-0.6498046264648437,0.663352783203125,0.05450824737548828,0.06357367706298828,0.026020675659179687
1122,23312.0,-0.016,-0.012,0.016,1.37880224609375,-0.651632080078125,0.66244287109375,0.05451665115356445,0.06358700942993165,0.02606223487854004
1123,23322.0,-0.016,-0.011,0.016,1.378736083984375,-0.6498502197265625,0.6633347778320312,0.05456234741210937,0.06353017044067383,0.026035144805908204
1124,23332.0,-0.015,-0.011,0.016,1.378784423828125,-0.6516219482421876,0.66244921875,0.05458013534545898,0.06364247131347656,0.026126914978027344
1125,23342.0,-0.016,-0.011,0.016,1.378944580078125,-0.65167724609375,0.6625403442382812,0.05453567123413086,0.06358531188964844,0.026086397171020508
1126,23352.0,-0.015,-0.011,0.016,1.378835205078125,-0.6515772705078124,0.662455322265625,0.05451150131225586,0.06358981704711913,0.026072717666625975
1127,23362.0,-0.015,-0.011,0.016,1.37882666015625,-0.6515388793945313,0.662490478515625,0.054455024719238285,0.06363131713867187,0.026037723541259765
1128,23372.0,-0.016,-0.011,0.016,1.3789854736328124,-0.651669677734375,0.6625795288085937,0.054542522430419925,0.06344850540161133,0.026031789779663087
1129,23382.0,-0.016,-0.012,0.016,1.3789825439453125,-0.651670166015625,0.6625731811523438,0.05454644012451172,0.06357958984375,0.026036399841308594
1130,23392.0,-0.015,-0.011,0.016,1.37863818359375,-0.6501284790039062,0.6631190185546875,0.05455231475830078,0.06358208084106445,0.026034233093261718
1131,23402.0,-0.016,-0.011,0.016,1.3788026123046875,-0.6515848999023437,0.6624713745117188,0.05451123046875,0.06358812713623047,0.026078752517700195
1132,23412.0,-0.015,-0.011,0.016,1.378799072265625,-0.650294677734375,0.6632092895507813,0.05432198715209961,0.06387025833129883,0.02608260726928711
1133,23422.0,-0.016,-0.012,0.016,1.3786676025390625,-0.6501505126953125,0.663141357421875,0.05452668762207031,0.06356902694702149,0.026074214935302733
1134,23432.0,-0.015,-0.011,0.016,1.3788082275390625,-0.6502448120117188,0.6632154541015625,0.054526588439941404,0.0635876808166504,0.02607411766052246
1135,23442.0,-0.015,-0.011,0.016,1.378642333984375,-0.6501665649414062,0.663089599609375,0.05457645797729492,0.0635798568725586,0.02606433868408203
1136,23452.0,-0.015,-0.011,0.017,1.378679443359375,-0.6501455688476563,0.6631387329101562,0.0543371467590332,0.06385557174682617,0.026067251205444335
1137,23462.0,-0.015,-0.011,0.017,1.3786627197265624,-0.65008642578125,0.6631268920898438,0.05455661773681641,0.0636004524230957,0.0260548095703125
1138,23472.0,-0.016,-0.012,0.017,1.378804443359375,-0.650211669921875,0.6632291870117187,0.05455525970458985,0.06357674026489257,0.026034793853759765
1139,23482.0,-0.015,-0.012,0.018,1.378833251953125,-0.650228271484375,0.6632044677734374,0.054527359008789064,0.06358866119384765,0.026087186813354493
1140,23492.0,-0.016,-0.012,0.018,1.378826416015625,-0.6516236572265625,0.66243701171875,0.05450635528564453,0.06355666732788086,0.026066781997680664
1141,23502.0,-0.017,-0.012,0.018,1.3787935791015624,-0.6501812133789062,0.6632069702148438,0.054616455078125,0.06363683700561523,0.026065109252929687
1142,23512.0,-0.015,-0.011,0.017,1.37861767578125,-0.6500890502929687,0.66312451171875,0.05452033615112305,0.06357992172241211,0.02606091499328613
1143,23522.0,-0.015,-0.011,0.017,1.3787584228515626,-0.650150390625,0.6632308349609375,0.054500930786132815,0.06357279586791992,0.026070541381835937
1144,23532.0,-0.015,-0.011,0.017,1.3785831298828124,-0.6500776977539062,0.6630943603515626,0.05436149597167969,0.06362630462646485,0.02604030227661133
1145,23542.0,-0.016,-0.012,0.018,1.37876513671875,-0.6502025756835937,0.6632072143554687,0.054477420806884766,0.06364778518676757,0.02611625099182129
1146,23552.0,-0.016,-0.012,0.018,1.3787459716796875,-0.6502291259765625,0.663172607421875,0.05450437164306641,0.06355723190307618,0.026025114059448243
1147,23562.0,-0.015,-0.011,0.016,1.378722900390625,-0.6502545166015625,0.6631549682617187,0.054518699645996094,0.06355987930297852,0.026032705307006836
1148,23572.0,-0.017,-0.012,0.016,1.37875927734375,-0.6502600708007813,0.6631688232421875,0.054502677917480466,0.06356876754760742,0.026075918197631835
1149,23582.0,-0.016,-0.012,0.016,1.3787789306640625,-0.650337890625,0.6631525268554688,0.05454129791259766,0.06346697616577149,0.026004741668701172
1150,23592.0,-0.015,-0.012,0.016,1.3787879638671876,-0.6504163818359375,0.6631266479492187,0.054502948760986325,0.0635718116760254,0.026066755294799803
1151,23602.0,-0.015,-0.011,0.017,1.3786358642578125,-0.650359375,0.663032470703125,0.05454242706298828,0.0636069564819336,0.0260502986907959
1152,23612.0,-0.016,-0.012,0.017,1.3787666015625,-0.6505003051757813,0.6630780029296875,0.054549030303955075,0.06360919952392578,0.02604933738708496
1153,23622.0,-0.015,-0.011,0.017,1.3787496337890626,-0.6505016479492187,0.6630869750976562,0.054518798828125,0.06354869079589844,0.025969976425170897
1154,23632.0,-0.016,-0.012,0.017,1.3787713623046876,-0.6505642700195312,0.6630563354492187,0.05455369567871094,0.06361249542236327,0.026125587463378907
1155,23642.0,-0.016,-0.011,0.017,1.378792724609375,-0.6505906372070313,0.663062744140625,0.05453497314453125,0.06358681488037109,0.026074464797973634
1156,23652.0,-0.015,-0.011,0.017,1.3786500244140625,-0.6505396118164063,0.6629807739257813,0.05455290222167969,0.06357514572143555,0.02605306816101074
1157,23662.0,-0.016,-0.011,0.017,1.3786490478515625,-0.6506109008789063,0.6629468994140625,0.05432366561889648,0.0638273582458496,0.026112913131713867
1158,23672.0,-0.015,-0.011,0.017,1.378824462890625,-0.6515989379882813,0.6624469604492188,0.05458917999267578,0.06364627075195313,0.026126323699951173
1159,23682.0,-0.016,-0.012,0.017,1.3786627197265624,-0.6506495361328125,0.6629075317382812,0.05454819107055664,0.06356034851074219,0.026041547775268556
1160,23692.0,-0.016,-0.012,0.016,1.3786497802734374,-0.650717529296875,0.66288525390625,0.054530372619628904,0.06356461715698242,0.02606269645690918
1161,23702.0,-0.015,-0.01,0.016,1.3788997802734375,-0.6516052856445312,0.6625289916992188,0.054339298248291014,0.0638198127746582,0.026060758590698244
1162,23712.0,-0.015,-0.01,0.016,1.378962890625,-0.6516995239257812,0.66252587890625,0.05457762908935547,0.06365110778808594,0.026123170852661134
1163,23722.0,-0.014,-0.011,0.016,1.3788173828125,-0.6516085815429687,0.6624569702148437,0.05453704833984375,0.06356391525268555,0.026082042694091798
1164,23732.0,-0.015,-0.012,0.016,1.3790194091796875,-0.65171875,0.66261962890625,0.054519859313964844,0.06355894851684571,0.02607381248474121
1165,23742.0,-0.014,-0.011,0.016,1.3789801025390624,-0.6516925048828125,0.6625425415039062,0.05445249176025391,0.06364080429077149,0.026028812408447264
1166,23752.0,-0.016,-0.011,0.016,1.37903515625,-0.6517034301757813,0.6625973510742188,0.054572689056396485,0.06346614074707031,0.026038522720336913
1167,23762.0,-0.014,-0.011,0.016,1.378839599609375,-0.6515978393554688,0.6624376220703125,0.05452753067016602,0.06358080291748047,0.026034881591796875
1168,23772.0,-0.016,-0.011,0.016,1.3788238525390626,-0.6516326904296875,0.6624479370117188,0.05448064422607422,0.06357658767700196,0.026034805297851564
1169,23782.0,-0.015,-0.012,0.015,1.37879736328125,-0.6515863037109375,0.6624210815429687,0.05444438171386719,0.06363429260253907,0.02601152992248535
1170,23792.0,-0.014,-0.011,0.015,1.378952392578125,-0.6516796264648438,0.662532470703125,0.05455724716186523,0.06348041152954101,0.026066650390625
1171,23802.0,-0.014,-0.011,0.015,1.3787911376953126,-0.6516044311523438,0.66244482421875,0.05452278137207031,0.06357081222534179,0.026028499603271485
1172,23812.0,-0.016,-0.011,0.015,1.378610107421875,-0.650574462890625,0.6629242553710938,0.054513202667236325,0.06357272338867187,0.026077754974365236
1173,23822.0,-0.015,-0.011,0.015,1.3787620849609374,-0.6505694580078125,0.6630532836914063,0.05451893997192383,0.06358250808715821,0.026064090728759766
1174,23832.0,-0.016,-0.012,0.015,1.3786026611328126,-0.6504136962890625,0.6629989013671875,0.05447288513183594,0.06370015335083008,0.02608642387390137
1175,23842.0,-0.017,-0.011,0.015,1.3787520751953124,-0.6504326171875,0.6631289672851562,0.05452658462524414,0.06357294464111328,0.026091344833374025
1176,23852.0,-0.016,-0.011,0.015,1.3786080322265626,-0.650329345703125,0.6630234985351563,0.05450844955444336,0.0635767593383789,0.026079654693603516
1177,23862.0,-0.016,-0.011,0.015,1.3788114013671875,-0.6503707275390626,0.6631693725585938,0.05451176834106446,0.06358747863769532,0.026095741271972655
1178,23872.0,-0.017,-0.012,0.015,1.37883349609375,-0.6502996826171875,0.6632257080078126,0.05436287307739258,0.06381327056884765,0.02607013511657715
1179,23882.0,-0.017,-0.012,0.015,1.3789931640625,-0.6517055053710937,0.6625971069335937,0.05450934219360352,0.0635920066833496,0.02607619857788086
1180,23892.0,-0.016,-0.012,0.015,1.3788330078125,-0.6501461181640625,0.6632875366210937,0.05452003860473633,0.06358279418945313,0.02609521484375
1181,23902.0,-0.018,-0.012,0.015,1.379043212890625,-0.6516345825195312,0.6626414794921875,0.05450829315185547,0.06359930801391601,0.02609571075439453
1182,23912.0,-0.018,-0.012,0.015,1.3790318603515626,-0.6516787109375,0.6626312866210937,0.05438254928588867,0.0636331901550293,0.026099939346313477
1183,23922.0,-0.016,-0.012,0.015,1.3790489501953125,-0.65173583984375,0.6626298217773438,0.05448255920410156,0.06365492630004883,0.02609165573120117
1184,23932.0,-0.017,-0.013,0.015,1.3788385009765625,-0.650022705078125,0.6633419799804687,0.05454619979858399,0.06359986877441406,0.02610830307006836
1185,23942.0,-0.017,-0.011,0.015,1.3789063720703125,-0.6516976928710938,0.6625543823242187,0.05460892105102539,0.06359598541259766,0.026059688568115233
1186,23952.0,-0.017,-0.012,0.015,1.3787593994140626,-0.649976318359375,0.6633163452148437,0.054517959594726564,0.06363434600830079,0.026074382781982423
1187,23962.0,-0.017,-0.012,0.015,1.37894189453125,-0.6499712524414063,0.663465576171875,0.05460280990600586,0.0634215545654297,0.026040151596069337
1188,23972.0,-0.016,-0.012,0.015,1.3789793701171875,-0.65163623046875,0.662638916015625,0.05456284332275391,0.06356432342529297,0.026086448669433594
1189,23982.0,-0.016,-0.012,0.015,1.3788526611328125,-0.6498473510742188,0.6634463500976563,0.05456656646728516,0.06360113525390625,0.026080005645751952
1190,23992.0,-0.017,-0.012,0.015,1.3789976806640625,-0.6516817626953125,0.6626299438476563,0.0545606575012207,0.06357853698730469,0.0260526180267334
1191,24002.0,-0.017,-0.012,0.015,1.379009033203125,-0.6516505737304688,0.662628173828125,0.0544315071105957,0.06361567687988282,0.02602341842651367
1192,24012.0,-0.016,-0.012,0.015,1.379022216796875,-0.6516907958984375,0.6626287231445313,0.054550060272216795,0.06358282089233398,0.0261093635559082
1193,24022.0,-0.016,-0.012,0.015,1.379025634765625,-0.65166357421875,0.6626227416992188,0.05461541748046875,0.06359708404541016,0.026081382751464845
1194,24032.0,-0.017,-0.011,0.015,1.37888232421875,-0.6516199951171875,0.6624956665039062,0.05459128570556641,0.06360302734375,0.026112585067749022
1195,24042.0,-0.017,-0.012,0.015,1.3790220947265626,-0.65168701171875,0.662606201171875,0.054615184783935546,0.06346456146240234,0.026130922317504884
1196,24052.0,-0.018,-0.012,0.015,1.3788665771484374,-0.6515662231445313,0.6625362548828125,0.05456521224975586,0.0635728874206543,0.026122146606445313
1197,24062.0,-0.016,-0.012,0.015,1.379010498046875,-0.6516727294921875,0.662610107421875,0.05455948257446289,0.06355296325683593,0.026056604385375978
1198,24072.0,-0.017,-0.011,0.015,1.378986083984375,-0.6516347045898437,0.6625775146484375,0.054569549560546875,0.06355344772338867,0.0260476016998291
1199,24082.0,-0.017,-0.012,0.015,1.378964111328125,-0.6516795043945313,0.6625638427734375,0.054318283081054686,0.0638549346923828,0.026122360229492186
1200,24092.0,-0.017,-0.011,0.015,1.378812255859375,-0.6515231323242188,0.66246240234375,0.05464153671264648,0.06364759826660156,0.026030942916870116
1201,24102.0,-0.016,-0.011,0.015,1.378964111328125,-0.6516553344726562,0.6625540771484375,0.05454966354370117,0.06360050201416016,0.026072515487670898
1202,24112.0,-0.017,-0.012,0.015,1.3787720947265625,-0.6515419311523437,0.6624417114257812,0.054533687591552735,0.06357296371459961,0.026050649642944335
1203,24122.0,-0.018,-0.012,0.015,1.3789522705078125,-0.6516243896484375,0.6625525512695313,0.05447286987304688,0.06370037460327148,0.026130741119384765
1204,24132.0,-0.017,-0.012,0.015,1.3789312744140625,-0.6516339721679687,0.6625631713867187,0.054569324493408206,0.06365138244628907,0.02613647651672363
1205,24142.0,-0.017,-0.012,0.015,1.3788759765625,-0.6515859985351562,0.6624910888671875,0.05456555938720703,0.0635981674194336,0.026038703918457032
1206,24152.0,-0.017,-0.013,0.015,1.3787591552734375,-0.6515010986328125,0.6624132690429687,0.05456503295898438,0.06357980728149414,0.026044239044189454
1207,24162.0,-0.017,-0.013,0.015,1.378884521484375,-0.6516527709960938,0.6624953002929688,0.05447048568725586,0.0636501121520996,0.026072330474853515
1208,24172.0,-0.017,-0.013,0.014,1.3788719482421874,-0.6517001342773437,0.6624952392578125,0.054580718994140624,0.06344504928588868,0.026054227828979492
1209,24182.0,-0.018,-0.01,0.014,1.3788621826171874,-0.6517174072265625,0.6624993896484375,0.05453689575195313,0.06358926010131837,0.02605390167236328
1210,24192.0,-0.017,-0.01,0.014,1.378904052734375,-0.65172705078125,0.6625263671875,0.05452935028076172,0.0635934181213379,0.026073699951171876
1211,24202.0,-0.018,-0.01,0.014,1.37879638671875,-0.6516294555664063,0.6624390258789062,0.054486526489257815,0.06365369033813477,0.026041391372680665
1212,24212.0,-0.017,-0.01,0.014,1.3787886962890625,-0.6515982666015625,0.662452880859375,0.05453193664550781,0.06341857147216796,0.02599820327758789
1213,24222.0,-0.017,-0.01,0.014,1.3788272705078124,-0.6516358642578125,0.6624593505859375,0.054521404266357425,0.06357035064697265,0.026075572967529298
1214,24232.0,-0.018,-0.011,0.014,1.3788470458984374,-0.6516256103515625,0.6624464721679687,0.054528343200683595,0.06356032943725586,0.026048261642456053
1215,24242.0,-0.018,-0.011,0.014,1.3789569091796876,-0.6516865844726563,0.662526611328125,0.05450216293334961,0.06355623626708984,0.026037425994873048
1216,24252.0,-0.017,-0.01,0.014,1.37863671875,-0.6500267944335938,0.66318798828125,0.05427007293701172,0.0638219108581543,0.026060443878173828
1217,24262.0,-0.018,-0.011,0.014,1.378827880859375,-0.6502114868164063,0.6632195434570313,0.05449441909790039,0.06361712646484376,0.026020755767822267
1218,24272.0,-0.018,-0.011,0.014,1.378637451171875,-0.6500941162109375,0.6631130981445312,0.05449646377563477,0.0635515022277832,0.026017269134521483
1219,24282.0,-0.018,-0.01,0.014,1.378809326171875,-0.6501919555664063,0.663205078125,0.05449129104614258,0.06354911804199219,0.02603848648071289
1220,24292.0,-0.018,-0.011,0.013,1.378942626953125,-0.6516848754882812,0.662528076171875,0.054320064544677735,0.06379891586303711,0.02606143569946289
1221,24302.0,-0.018,-0.011,0.014,1.3789520263671875,-0.6517014770507813,0.6625233154296875,0.054518241882324216,0.06356217193603515,0.02596428108215332
1222,24312.0,-0.018,-0.011,0.014,1.3789754638671874,-0.651747802734375,0.6625306396484375,0.054506591796875,0.06357486343383789,0.026026811599731445
1223,24322.0,-0.018,-0.011,0.014,1.378783447265625,-0.6501920776367187,0.6632021484375,0.05452632141113281,0.06354462432861328,0.026010059356689454
1224,24332.0,-0.018,-0.01,0.014,1.3788233642578125,-0.65021533203125,0.6632183227539062,0.054414432525634764,0.0636145248413086,0.02599298095703125
1225,24342.0,-0.018,-0.01,0.014,1.378802001953125,-0.6502408447265625,0.6631829833984375,0.05460808563232422,0.06367023849487305,0.025965553283691406
1226,24352.0,-0.018,-0.01,0.016,1.378627685546875,-0.650097900390625,0.6631206665039062,0.05455127334594727,0.06357424545288086,0.026040056228637695
1227,24362.0,-0.018,-0.01,0.016,1.378767578125,-0.6500850219726563,0.663195068359375,0.054493511199951175,0.06356182861328125,0.025996414184570313
1228,24372.0,-0.019,-0.011,0.016,1.3786396484375,-0.6499430541992187,0.66316357421875,0.05437689590454101,0.0636170654296875,0.02596509552001953
1229,24382.0,-0.018,-0.01,0.016,1.378635009765625,-0.6498541870117187,0.6631890869140625,0.05454403305053711,0.06364291000366211,0.0260028076171875
1230,24392.0,-0.018,-0.01,0.017,1.3787764892578125,-0.6499332885742187,0.663284423828125,0.054458106994628906,0.06353932189941407,0.02596306610107422
1231,24402.0,-0.018,-0.01,0.017,1.3786614990234376,-0.64992333984375,0.6631859130859376,0.054493141174316403,0.06354861831665039,0.02601746940612793
1232,24412.0,-0.018,-0.01,0.017,1.378937255859375,-0.6517254028320313,0.6625054321289062,0.05447871780395508,0.0635600700378418,0.02600584030151367
1233,24422.0,-0.018,-0.011,0.017,1.3789571533203124,-0.6517514038085938,0.662515380859375,0.05447905349731445,0.06355472564697266,0.025922367095947266
1234,24432.0,-0.019,-0.011,0.017,1.378826416015625,-0.6516290283203126,0.6624369506835938,0.0544704704284668,0.0635479850769043,0.02600321388244629
1235,24442.0,-0.019,-0.011,0.016,1.3788197021484374,-0.6501185302734375,0.6632423706054688,0.054496700286865235,0.06355421447753906,0.02604457473754883
1236,24452.0,-0.018,-0.01,0.016,1.3786978759765625,-0.650058837890625,0.66312109375,0.05448993682861328,0.06354236602783203,0.02599656867980957
1237,24462.0,-0.018,-0.011,0.016,1.378674072265625,-0.650077392578125,0.6631133422851563,0.0545224609375,0.06353921127319336,0.02590943717956543
1238,24472.0,-0.018,-0.011,0.016,1.378802978515625,-0.6500911865234374,0.6632345581054687,0.054500030517578124,0.06358580780029296,0.02602316093444824
1239,24482.0,-0.018,-0.011,0.015,1.3786663818359375,-0.6498814697265625,0.6631582641601562,0.054501285552978514,0.06357385635375977,0.026004743576049805
1240,24492.0,-0.017,-0.009,0.015,1.3789874267578126,-0.6516270751953125,0.6625535888671875,0.05454560852050781,0.06360295867919921,0.02601835060119629
1241,24502.0,-0.017,-0.01,0.015,1.378994873046875,-0.6516907958984375,0.6625773315429687,0.05441878128051758,0.06369400024414062,0.026047815322875978
1242,24512.0,-0.017,-0.009,0.015,1.3788837890625,-0.6516142578125,0.6625317993164063,0.054509662628173826,0.06367653656005859,0.025963031768798828
1243,24522.0,-0.017,-0.009,0.015,1.3790010986328125,-0.651701416015625,0.6626556396484375,0.05450508499145508,0.0635626106262207,0.0260126895904541
1244,24532.0,-0.018,-0.01,0.015,1.3789915771484376,-0.6517207641601562,0.6625939331054688,0.05450774383544922,0.06355912017822266,0.026062807083129882
1245,24542.0,-0.017,-0.01,0.015,1.378851806640625,-0.6516536865234375,0.6625198364257813,0.05431621551513672,0.06380759811401367,0.026053812026977537
1246,24552.0,-0.017,-0.009,0.015,1.379000732421875,-0.6516824951171875,0.6626093139648438,0.054613052368164064,0.06367183303833007,0.026090301513671876
1247,24562.0,-0.017,-0.009,0.015,1.379020751953125,-0.6517163696289062,0.6626170654296875,0.05451853179931641,0.06357515335083008,0.026043205261230468
1248,24572.0,-0.018,-0.01,0.015,1.3790440673828126,-0.65167919921875,0.6626323852539062,0.054508197784423826,0.06357849884033204,0.026036293029785156
1249,24582.0,-0.017,-0.01,0.015,1.379004150390625,-0.65167626953125,0.6625948486328125,0.054429794311523436,0.06362296676635742,0.025985151290893554
1250,24592.0,-0.018,-0.011,0.015,1.3790260009765625,-0.65169384765625,0.6626162719726563,0.05457455062866211,0.06343799209594726,0.026046239852905273
1251,24602.0,-0.018,-0.009,0.015,1.378815185546875,-0.6502564086914062,0.6632589111328125,0.054552486419677734,0.06355560302734375,0.026004627227783204
1252,24612.0,-0.018,-0.009,0.014,1.3788555908203124,-0.6502876586914063,0.663264892578125,0.05451021575927734,0.06356385040283204,0.02603244972229004
1253,24622.0,-0.018,-0.01,0.014,1.3788236083984375,-0.650282470703125,0.6632421264648437,0.05452336502075195,0.06356647491455078,0.026048530578613283
1254,24632.0,-0.018,-0.009,0.014,1.3788173828125,-0.650271240234375,0.6632574462890625,0.054529434204101564,0.06353466033935547,0.0259156494140625
1255,24642.0,-0.019,-0.01,0.014,1.3788358154296876,-0.6502783813476563,0.6632638549804688,0.05450766372680664,0.06356884384155273,0.0260073356628418
1256,24652.0,-0.018,-0.01,0.014,1.3788441162109375,-0.6502750854492187,0.6632669067382813,0.05448813247680664,0.06354891586303711,0.025931949615478515
1257,24662.0,-0.018,-0.01,0.015,1.37882177734375,-0.65020703125,0.6632706298828125,0.05447275924682617,0.06354151153564454,0.0260003604888916
1258,24672.0,-0.018,-0.01,0.015,1.3788248291015626,-0.6502962646484375,0.6632322387695313,0.05442416381835938,0.0636143798828125,0.026120813369750976
1259,24682.0,-0.018,-0.008,0.015,1.3786761474609375,-0.6501624145507813,0.6631656494140625,0.054543319702148436,0.06355583572387695,0.026040815353393556
1260,24692.0,-0.018,-0.009,0.015,1.378704345703125,-0.6502007446289062,0.6631668090820313,0.05449429702758789,0.06352809524536132,0.02606192970275879
1261,24702.0,-0.018,-0.008,0.015,1.3787181396484376,-0.6502382202148438,0.6631563110351563,0.0544955940246582,0.06352820587158203,0.02601877784729004
1262,24712.0,-0.018,-0.009,0.015,1.378887451171875,-0.6502496337890625,0.6632752075195313,0.054238719940185545,0.06384308242797851,0.02608995246887207
1263,24722.0,-0.017,-0.009,0.015,1.3788740234375,-0.6501917114257812,0.6633024291992188,0.054343818664550785,0.06371012496948242,0.026125499725341797
1264,24732.0,-0.017,-0.008,0.015,1.378726318359375,-0.6501742553710937,0.6631715087890625,0.054471256256103516,0.06351928329467774,0.026029146194458008
1265,24742.0,-0.018,-0.009,0.015,1.3789095458984375,-0.6502449340820312,0.6632853393554687,0.05448918151855469,0.06354079818725586,0.026043170928955077
1266,24752.0,-0.018,-0.008,0.017,1.3787498779296874,-0.6501519775390625,0.6632236328125,0.05449578857421875,0.06353071594238281,0.02601764106750488
1267,24762.0,-0.018,-0.009,0.017,1.3788687744140624,-0.6502799072265625,0.6632662353515625,0.05441627502441406,0.06375677871704101,0.026068897247314454
1268,24772.0,-0.018,-0.009,0.017,1.3788763427734374,-0.6502575073242187,0.663267578125,0.05452228164672852,0.06358305358886719,0.026046911239624024
1269,24782.0,-0.018,-0.009,0.017,1.3788837890625,-0.6502589721679688,0.6632978515625,0.054515628814697265,0.06356153106689454,0.026058252334594727
1270,24792.0,-0.019,-0.009,0.016,1.378882080078125,-0.6502644653320313,0.6632648315429688,0.05441279602050781,0.06363245010375977,0.0260484561920166
1271,24802.0,-0.017,-0.008,0.016,1.378733154296875,-0.6501767578125,0.663182373046875,0.05436096954345703,0.06375841522216796,0.026076040267944335
1272,24812.0,-0.018,-0.009,0.016,1.3788477783203126,-0.6502675170898438,0.6632793579101562,0.054527591705322266,0.06358815002441406,0.026063653945922853
1273,24822.0,-0.018,-0.009,0.016,1.3788890380859375,-0.650222412109375,0.6633020629882812,0.054519474029541014,0.0635952491760254,0.026059560775756836
1274,24832.0,-0.019,-0.009,0.017,1.3787374267578125,-0.6502066650390625,0.663193359375,0.054549144744873046,0.06357801055908203,0.026037242889404295
1275,24842.0,-0.018,-0.009,0.017,1.378868896484375,-0.6502413330078125,0.6632977294921875,0.05450760269165039,0.0634567756652832,0.0260584774017334
1276,24852.0,-0.017,-0.009,0.017,1.37884521484375,-0.6502481079101563,0.663277099609375,0.054521827697753905,0.06356773376464844,0.026060510635375976
1277,24862.0,-0.017,-0.009,0.017,1.3788697509765624,-0.6502227172851562,0.6633445434570312,0.054510704040527345,0.06358489990234376,0.02604524803161621
1278,24872.0,-0.019,-0.01,0.017,1.3790296630859376,-0.6516791381835938,0.6626519165039062,0.05454388427734375,0.06357020950317382,0.026032903671264648
1279,24882.0,-0.019,-0.009,0.016,1.3790234375,-0.65164453125,0.662649658203125,0.05429678344726562,0.06383657455444336,0.026068286895751955
1280,24892.0,-0.018,-0.009,0.016,1.3790440673828126,-0.65164208984375,0.6626737060546875,0.054484886169433595,0.06354925537109375,0.026009271621704102
1281,24902.0,-0.019,-0.009,0.016,1.379027587890625,-0.65164208984375,0.6626637573242188,0.05452558135986328,0.0635706901550293,0.026033636093139648
1282,24912.0,-0.018,-0.009,0.016,1.3790152587890625,-0.6516725463867188,0.6626492309570312,0.054504776000976564,0.06357403945922852,0.026008581161499022
1283,24922.0,-0.019,-0.009,0.015,1.3788326416015626,-0.6516146850585938,0.6625372924804688,0.05427962493896484,0.06383076858520507,0.026110034942626953
1284,24932.0,-0.019,-0.009,0.015,1.378859619140625,-0.6516193237304687,0.6625458984375,0.05455923843383789,0.06367117309570312,0.026164356231689452
1285,24942.0,-0.018,-0.009,0.015,1.37865673828125,-0.6497552490234375,0.663313232421875,0.0545248908996582,0.06358331680297852,0.02603901481628418
1286,24952.0,-0.019,-0.01,0.015,1.378826904296875,-0.6515972290039063,0.6625166015625,0.054510704040527345,0.06358748245239258,0.026071943283081055
1287,24962.0,-0.018,-0.009,0.014,1.378765869140625,-0.6499680786132812,0.6632883911132812,0.054490615844726566,0.06353606414794923,0.026064016342163085
1288,24972.0,-0.019,-0.009,0.014,1.3787890625,-0.6500646362304687,0.6632493286132812,0.05452687454223633,0.06366022491455078,0.02611868095397949
1289,24982.0,-0.019,-0.009,0.014,1.3786378173828124,-0.649947509765625,0.6631865844726562,0.054463802337646486,0.06356574630737305,0.026013565063476563
1290,24992.0,-0.02,-0.009,0.014,1.3788294677734374,-0.6500567016601563,0.6632676391601563,0.054511539459228514,0.06358580017089843,0.02606822967529297
1291,25002.0,-0.019,-0.009,0.014,1.378685302734375,-0.650024658203125,0.6631624145507813,0.05440391540527344,0.0636330337524414,0.026053459167480468
1292,25012.0,-0.02,-0.01,0.015,1.378884521484375,-0.6501376342773437,0.6633271484375,0.05455805969238281,0.06345284652709961,0.0260169734954834
1293,25022.0,-0.018,-0.009,0.015,1.3788912353515625,-0.650123291015625,0.6633189697265625,0.054506038665771486,0.06358116912841796,0.026066722869873046
1294,25032.0,-0.02,-0.009,0.014,1.3787664794921874,-0.6500482788085937,0.6632255859375,0.054508831024169924,0.06358379364013672,0.026068538665771485
1295,25042.0,-0.018,-0.009,0.014,1.378927734375,-0.6501740112304687,0.6633143310546875,0.054359561920166014,0.06364502334594727,0.025999588012695314
1296,25052.0,-0.018,-0.009,0.016,1.3789217529296875,-0.650142333984375,0.6633242797851563,0.054500030517578124,0.06354057312011718,0.026024768829345703
1297,25062.0,-0.019,-0.008,0.016,1.37888623046875,-0.650177001953125,0.663312744140625,0.05448056411743164,0.0635817985534668,0.026050325393676757
1298,25072.0,-0.019,-0.008,0.016,1.3788768310546875,-0.6501378784179688,0.6633341064453125,0.05450372695922852,0.0635850944519043,0.02602652359008789
1299,25082.0,-0.02,-0.009,0.016,1.378880859375,-0.6501510620117188,0.6633235473632813,0.054510074615478514,0.06360035705566407,0.02602670669555664
1300,25092.0,-0.019,-0.009,0.016,1.3788623046875,-0.6501842041015625,0.6632974853515625,0.05424689483642578,0.06386129379272461,0.025987916946411133
1301,25102.0,-0.019,-0.008,0.015,1.37886767578125,-0.650205078125,0.6633169555664062,0.054498210906982425,0.06369144439697266,0.026069854736328123
1302,25112.0,-0.019,-0.009,0.015,1.3788067626953124,-0.6501942749023437,0.663306884765625,0.05448383712768555,0.06360372161865234,0.02602377700805664
1303,25122.0,-0.019,-0.009,0.015,1.37866357421875,-0.6500781860351562,0.6632130126953125,0.054509883880615236,0.06358348846435546,0.026058744430541993
1304,25132.0,-0.019,-0.009,0.015,1.3789901123046875,-0.6516665649414063,0.6626177368164062,0.05433682632446289,0.06385456848144531,0.026039501190185547
1305,25142.0,-0.02,-0.009,0.015,1.37881640625,-0.6515770874023438,0.6625335083007813,0.0545064697265625,0.06356499481201172,0.026066308975219728
1306,25152.0,-0.02,-0.009,0.015,1.3788516845703125,-0.651560791015625,0.6625694580078125,0.054530406951904295,0.06355104446411133,0.026008384704589844
1307,25162.0,-0.02,-0.009,0.015,1.378980712890625,-0.6515879516601563,0.6626217651367188,0.05452505874633789,0.06356165313720703,0.026047473907470704
1308,25172.0,-0.019,-0.01,0.015,1.378961181640625,-0.651605224609375,0.66260888671875,0.05440861129760742,0.06363166809082031,0.026039701461791992
1309,25182.0,-0.019,-0.009,0.016,1.3789815673828125,-0.6516050415039063,0.6626287231445313,0.054452259063720705,0.06367080688476562,0.026034122467041017
1310,25192.0,-0.019,-0.009,0.016,1.3788446044921876,-0.6515619506835938,0.6625695190429688,0.054491451263427734,0.06355291748046875,0.026006500244140626
1311,25202.0,-0.019,-0.01,0.016,1.3790098876953125,-0.6516685791015625,0.6626629028320312,0.054532501220703126,0.063545166015625,0.026023702621459963
1312,25212.0,-0.019,-0.009,0.016,1.3788936767578126,-0.6516178588867187,0.6625535888671875,0.05443082046508789,0.06364700317382813,0.0259992733001709
1313,25222.0,-0.019,-0.01,0.016,1.3790517578125,-0.6516953735351563,0.662642822265625,0.05460431289672851,0.06369039535522461,0.026004955291748046
1314,25232.0,-0.02,-0.009,0.016,1.3790723876953126,-0.6517571411132812,0.662674072265625,0.05460117340087891,0.06358684158325195,0.02609316825866699
1315,25242.0,-0.02,-0.01,0.016,1.3791041259765624,-0.6517476806640625,0.6627064819335937,0.054587539672851564,0.06358261108398437,0.02608418083190918
1316,25252.0,-0.019,-0.009,0.016,1.37901904296875,-0.6516842651367187,0.6626536254882812,0.05458313751220703,0.0635821418762207,0.026069513320922853
1317,25262.0,-0.019,-0.009,0.016,1.379119140625,-0.6517506103515625,0.662699951171875,0.05439780807495117,0.06384688186645508,0.02610285949707031
1318,25272.0,-0.019,-0.01,0.017,1.3790384521484376,-0.651789794921875,0.6625868530273438,0.0545343132019043,0.06357296752929688,0.026082353591918947
1319,25282.0,-0.019,-0.009,0.017,1.37905615234375,-0.6517644653320313,0.6626430053710938,0.0545570068359375,0.06357921600341797,0.02605474662780762
1320,25292.0,-0.019,-0.01,0.017,1.3790531005859374,-0.6517680053710937,0.6626285400390625,0.05451654052734375,0.06357045364379883,0.026060667037963867
1321,25302.0,-0.019,-0.009,0.017,1.3789173583984375,-0.651708740234375,0.6625950317382813,0.054285633087158204,0.06383126831054688,0.026056049346923828
1322,25312.0,-0.019,-0.009,0.017,1.378915771484375,-0.6517013549804688,0.6625675048828125,0.05450918579101562,0.0635698356628418,0.026067354202270507
1323,25322.0,-0.019,-0.009,0.016,1.3789989013671875,-0.6516650390625,0.6626926879882813,0.05451372528076172,0.06356634521484375,0.026064132690429686
1324,25332.0,-0.019,-0.011,0.016,1.379112548828125,-0.6516988525390625,0.6627391357421875,0.05453391647338867,0.06356758880615235,0.026040521621704102
1325,25342.0,-0.019,-0.01,0.016,1.379112060546875,-0.6517099609375,0.66273046875,0.05442043304443359,0.0636572380065918,0.02605885887145996
1326,25352.0,-0.019,-0.01,0.016,1.378969482421875,-0.65165185546875,0.6626727905273437,0.05437572860717774,0.06377739334106446,0.026042648315429687
1327,25362.0,-0.02,-0.01,0.015,1.379081298828125,-0.6517122192382813,0.662709716796875,0.0544686393737793,0.06356183242797851,0.026000457763671873
1328,25372.0,-0.019,-0.009,0.015,1.378941162109375,-0.651655517578125,0.6626439819335938,0.054486385345458986,0.06356036376953125,0.026039144515991212
1329,25382.0,-0.02,-0.01,0.015,1.3790355224609374,-0.6516842651367187,0.6626690673828125,0.054491485595703125,0.06354275894165039,0.026045251846313476
1330,25392.0,-0.019,-0.01,0.015,1.3788380126953126,-0.6502158813476563,0.6633096313476563,0.05438882064819336,0.06377867889404297,0.02604387092590332
1331,25402.0,-0.019,-0.01,0.015,1.37887548828125,-0.6516591796875,0.662592041015625,0.054502643585205075,0.0635715103149414,0.026053272247314452
1332,25412.0,-0.02,-0.01,0.015,1.3790054931640625,-0.651675537109375,0.6626611938476562,0.05449042892456055,0.06356352615356445,0.026060075759887696
1333,25422.0,-0.018,-0.01,0.015,1.379046142578125,-0.6517095336914063,0.6626608276367187,0.0544971923828125,0.06356546783447266,0.026047077178955078
1334,25432.0,-0.019,-0.011,0.015,1.3788450927734375,-0.65008837890625,0.6633536987304688,0.05428353881835937,0.0638253631591797,0.026082618713378906
1335,25442.0,-0.019,-0.01,0.015,1.3788414306640624,-0.6501062622070313,0.66333642578125,0.054509403228759766,0.06358912658691407,0.02606265068054199
1336,25452.0,-0.019,-0.011,0.016,1.3788529052734375,-0.6500997924804688,0.6633095092773438,0.054501529693603515,0.0635508804321289,0.02599998092651367
1337,25462.0,-0.019,-0.011,0.016,1.37891015625,-0.6515804443359375,0.662562255859375,0.054489200592041015,0.06352645492553712,0.02600027847290039
1338,25472.0,-0.019,-0.01,0.016,1.3790335693359375,-0.6516787719726562,0.6626212768554688,0.05436379623413086,0.06362638473510743,0.025918508529663088
1339,25482.0,-0.019,-0.011,0.016,1.37907470703125,-0.6516907958984375,0.6626337890625,0.05443624496459961,0.06355136489868164,0.025978897094726564
1340,25492.0,-0.02,-0.01,0.016,1.3791214599609376,-0.6516548461914062,0.6626270751953125,0.05451154327392578,0.06357505798339844,0.025993396759033203
1341,25502.0,-0.02,-0.01,0.016,1.3791099853515625,-0.6516256103515625,0.6626842041015625,0.05449907684326172,0.06356487655639649,0.0259844970703125
1342,25512.0,-0.02,-0.011,0.016,1.37910400390625,-0.6516605834960938,0.662684326171875,0.05437483596801758,0.06370797729492188,0.026076711654663087
1343,25522.0,-0.02,-0.011,0.016,1.379064453125,-0.651666015625,0.6626424560546875,0.054263881683349606,0.06376617813110351,0.026123104095458986
1344,25532.0,-0.019,-0.011,0.016,1.3790523681640625,-0.6516934814453125,0.662647705078125,0.05447391510009766,0.06355025482177734,0.026016693115234375
1345,25542.0,-0.02,-0.01,0.016,1.3789212646484375,-0.6515535888671875,0.6625424194335937,0.054500930786132815,0.06358162307739258,0.026072914123535157
1346,25552.0,-0.019,-0.009,0.016,1.3789371337890626,-0.6516029663085937,0.6625468139648437,0.05451552581787109,0.0637325325012207,0.026073657989501953
1347,25562.0,-0.019,-0.01,0.016,1.379061279296875,-0.6516892700195313,0.6626304321289063,0.054607017517089844,0.06362903594970704,0.026125904083251952
1348,25572.0,-0.018,-0.01,0.016,1.3788779296875,-0.6515970458984375,0.6625348510742187,0.054432407379150394,0.06358756256103516,0.025965024948120117
1349,25582.0,-0.019,-0.009,0.015,1.37902587890625,-0.6516683959960937,0.6626192016601562,0.05443929672241211,0.06360599517822266,0.025992893218994142
1350,25592.0,-0.02,-0.01,0.015,1.3790087890625,-0.6516386108398438,0.662625244140625,0.05444356918334961,0.06356689071655273,0.025945791244506834
1351,25602.0,-0.019,-0.011,0.015,1.37902490234375,-0.6516488647460937,0.66264404296875,0.0544429702758789,0.06357583236694336,0.025908472061157227
1352,25612.0,-0.019,-0.009,0.015,1.3790130615234375,-0.651680419921875,0.662613525390625,0.054448863983154294,0.06359951019287109,0.02596482849121094
1353,25622.0,-0.02,-0.01,0.015,1.378873046875,-0.6516053466796875,0.6625451049804687,0.054473567962646484,0.06358926391601563,0.025954652786254882
1354,25632.0,-0.019,-0.009,0.015,1.3789913330078125,-0.651670166015625,0.662585205078125,0.05440000915527344,0.0636731185913086,0.025931949615478515
1355,25642.0,-0.019,-0.011,0.015,1.3788560791015625,-0.6515968627929688,0.6625135498046875,0.0544286994934082,0.06361360931396484,0.025931367874145506
1356,25652.0,-0.02,-0.011,0.015,1.379012451171875,-0.6516498413085937,0.6626187133789062,0.05443990325927734,0.06364511871337891,0.025977155685424805
1357,25662.0,-0.018,-0.01,0.015,1.379038818359375,-0.6516618041992187,0.662644287109375,0.054427005767822265,0.06364252090454102,0.0259849910736084
1358,25672.0,-0.019,-0.01,0.014,1.378898193359375,-0.6516310424804688,0.6625287475585937,0.05442807388305664,0.06364810943603516,0.025996023178100586
1359,25682.0,-0.019,-0.01,0.014,1.37903173828125,-0.6517218017578125,0.6626112060546875,0.05435422134399414,0.06384565353393555,0.026068872451782226
1360,25692.0,-0.018,-0.01,0.014,1.3790208740234375,-0.6517149047851563,0.6626435546875,0.05445628356933594,0.06368307876586914,0.026047014236450197
1361,25702.0,-0.019,-0.011,0.014,1.379046142578125,-0.6517146606445312,0.6626332397460938,0.054430778503417966,0.0636536636352539,0.026018047332763673
1362,25712.0,-0.019,-0.01,0.013,1.37905712890625,-0.6516994018554687,0.66261474609375,0.05441082763671875,0.06362770080566406,0.026036161422729492
1363,25722.0,-0.019,-0.009,0.013,1.37887353515625,-0.651618896484375,0.6625299072265625,0.05422003936767578,0.06390414810180664,0.026042930603027342
1364,25732.0,-0.02,-0.01,0.013,1.3790665283203125,-0.6517109985351562,0.6626214599609375,0.05441889953613281,0.06361158752441406,0.026069721221923827
1365,25742.0,-0.019,-0.009,0.013,1.379091796875,-0.6517010498046875,0.6626354370117188,0.05447026443481445,0.0636746711730957,0.026034374237060547
1366,25752.0,-0.018,-0.01,0.013,1.379116943359375,-0.6517145385742188,0.6626734008789062,0.054429149627685545,0.06366872024536133,0.02601140785217285
1367,25762.0,-0.019,-0.009,0.013,1.378996337890625,-0.6516470947265625,0.6626082763671876,0.05432288360595703,0.06389518356323243,0.026043771743774414
1368,25772.0,-0.02,-0.01,0.013,1.37914453125,-0.6517125244140625,0.6626870727539063,0.054457992553710935,0.06378582763671875,0.026043272018432616
1369,25782.0,-0.018,-0.01,0.013,1.3791109619140625,-0.6517019653320313,0.6626709594726562,0.05445650863647461,0.06366220855712891,0.02600707244873047
1370,25792.0,-0.018,-0.01,0.013,1.3790654296875,-0.6517161865234375,0.6626802978515625,0.054417232513427734,0.06365570449829101,0.026029987335205076
1371,25802.0,-0.02,-0.01,0.013,1.37907177734375,-0.6517200927734375,0.6626595458984375,0.05442047882080078,0.0635978546142578,0.02596284294128418
1372,25812.0,-0.02,-0.01,0.013,1.379050537109375,-0.65173388671875,0.6626342163085938,0.05441832733154297,0.06367373275756837,0.026035507202148436
1373,25822.0,-0.02,-0.011,0.013,1.3790570068359376,-0.6517372436523438,0.6626650390625,0.05445966339111328,0.06356454849243164,0.025966630935668946
1374,25832.0,-0.02,-0.01,0.013,1.3790572509765624,-0.6516798706054687,0.66264892578125,0.054442710876464843,0.06358429718017578,0.025963701248168946
1375,25842.0,-0.02,-0.011,0.015,1.378906005859375,-0.6516582641601563,0.6625578002929687,0.05444298553466797,0.06358077239990234,0.026000139236450195
1376,25852.0,-0.021,-0.011,0.015,1.3789080810546874,-0.6516239624023438,0.6625530395507813,0.05447772979736328,0.06347613143920898,0.0259425048828125
1377,25862.0,-0.019,-0.01,0.015,1.379052734375,-0.6516741943359375,0.6626351928710937,0.05445048141479492,0.06357983779907227,0.02598711395263672
1378,25872.0,-0.021,-0.011,0.015,1.3790345458984374,-0.6516642456054688,0.6626265869140625,0.054488319396972656,0.06359792709350585,0.026011314392089844
1379,25882.0,-0.019,-0.01,0.015,1.3790255126953126,-0.651640869140625,0.6626361694335937,0.05446550750732422,0.06360410690307618,0.02598399543762207
1380,25892.0,-0.02,-0.01,0.015,1.379014404296875,-0.6516546020507813,0.6625836181640625,0.05439923477172852,0.06357333755493164,0.02602987289428711
1381,25902.0,-0.02,-0.009,0.015,1.378837890625,-0.6516083984375,0.6624744873046875,0.054483455657958986,0.06358611679077149,0.026000181198120118
1382,25912.0,-0.02,-0.01,0.015,1.378976318359375,-0.6516790771484375,0.6625472412109376,0.05445795440673828,0.06359680938720703,0.02597876167297363
1383,25922.0,-0.021,-0.011,0.015,1.378978759765625,-0.651679443359375,0.6625546264648438,0.05449942398071289,0.06357360076904296,0.025983497619628905
1384,25932.0,-0.021,-0.01,0.015,1.378976318359375,-0.6516592407226562,0.6625700073242188,0.05444456481933594,0.06367586517333984,0.026037496566772463
1385,25942.0,-0.021,-0.011,0.015,1.3789552001953125,-0.6516393432617188,0.6625447998046875,0.05449003601074219,0.06368656921386719,0.026015552520751953
1386,25952.0,-0.02,-0.01,0.015,1.3789832763671874,-0.6517332153320312,0.6625418701171875,0.05453797912597656,0.06360004043579101,0.026018453598022462
1387,25962.0,-0.019,-0.01,0.015,1.3788524169921874,-0.6516249389648437,0.662480712890625,0.05450701904296875,0.06359498596191407,0.026028493881225585
1388,25972.0,-0.02,-0.01,0.015,1.3788458251953124,-0.6516163330078125,0.6624613037109375,0.05429738235473633,0.06382065200805664,0.026062400817871093
1389,25982.0,-0.021,-0.01,0.016,1.378857666015625,-0.6516536865234375,0.6624812622070313,0.054636669158935544,0.0636683464050293,0.02605744171142578
1390,25992.0,-0.021,-0.011,0.016,1.3789693603515625,-0.6517363891601563,0.6625418701171875,0.05457556915283203,0.0635571403503418,0.026069591522216797
1391,26002.0,-0.02,-0.01,0.016,1.378981689453125,-0.651680908203125,0.6625472412109376,0.054574882507324216,0.06361260223388672,0.026049606323242186
1392,26012.0,-0.02,-0.011,0.016,1.37883740234375,-0.6516266479492188,0.6624510498046875,0.054467025756835936,0.0636513557434082,0.025994035720825197
1393,26022.0,-0.021,-0.011,0.016,1.3788338623046874,-0.6515823974609375,0.6624705810546875,0.05444170761108398,0.06343522262573242,0.02602363395690918
1394,26032.0,-0.02,-0.01,0.016,1.3786497802734374,-0.6501404418945312,0.663152587890625,0.05449366760253906,0.06359065246582031,0.026037580490112306
1395,26042.0,-0.02,-0.01,0.016,1.3787869873046874,-0.6503863525390625,0.6631776733398438,0.05454176712036133,0.06359453582763672,0.02605091667175293
1396,26052.0,-0.021,-0.01,0.017,1.378813232421875,-0.6503892822265624,0.6632022094726563,0.05450796890258789,0.06357203674316406,0.026052637100219725
1397,26062.0,-0.021,-0.01,0.017,1.378637939453125,-0.6503134155273438,0.6630637817382813,0.054486339569091796,0.06349752807617187,0.0260131893157959
1398,26072.0,-0.021,-0.01,0.015,1.3786749267578124,-0.650275146484375,0.6631019287109375,0.05455389404296875,0.06355789184570312,0.02606288528442383
1399,26082.0,-0.021,-0.01,0.015,1.3787698974609375,-0.6503534545898437,0.6631866455078125,0.0545494384765625,0.06356358337402344,0.026136983871459962
1400,26092.0,-0.021,-0.01,0.015,1.3786317138671875,-0.6501729125976563,0.6631474609375,0.054534858703613284,0.06355894470214844,0.026077491760253906
1401,26102.0,-0.021,-0.01,0.015,1.3789302978515625,-0.65169091796875,0.6625385131835938,0.05436596298217773,0.06379855728149414,0.026132518768310548
1402,26112.0,-0.021,-0.009,0.016,1.3789644775390626,-0.6517149047851563,0.6625697631835937,0.05458913040161133,0.06359074020385742,0.026095327377319337
1403,26122.0,-0.02,-0.01,0.016,1.378975830078125,-0.6517278442382812,0.66254833984375,0.05457180786132813,0.06357039642333985,0.026034702301025392
1404,26132.0,-0.022,-0.01,0.016,1.378821044921875,-0.65160888671875,0.6624658813476563,0.05454095458984375,0.06358489990234376,0.026017780303955077
1405,26142.0,-0.021,-0.01,0.016,1.3789881591796875,-0.651740234375,0.662571533203125,0.05447777557373047,0.06372161483764649,0.026079174041748046
1406,26152.0,-0.021,-0.01,0.016,1.3790198974609376,-0.6517093505859375,0.662568115234375,0.054535808563232424,0.06358044052124023,0.026005813598632813
1407,26162.0,-0.021,-0.012,0.016,1.378889892578125,-0.6515868530273438,0.662513671875,0.05453258895874023,0.0635933837890625,0.02600984001159668
1408,26172.0,-0.021,-0.012,0.016,1.378857177734375,-0.6499904174804687,0.6633129272460937,0.05450483703613281,0.06357431030273437,0.02602582359313965
1409,26182.0,-0.021,-0.012,0.016,1.3787130126953124,-0.6499815063476563,0.6631925048828125,0.054506149291992184,0.0635428581237793,0.026064006805419922
1410,26192.0,-0.021,-0.01,0.016,1.378837158203125,-0.6499790649414062,0.6633037719726562,0.0544989128112793,0.06365054702758789,0.026093889236450195
1411,26202.0,-0.02,-0.01,0.016,1.37883544921875,-0.6500379638671875,0.6633019409179688,0.054518218994140624,0.06356964111328126,0.026090644836425782
1412,26212.0,-0.021,-0.01,0.016,1.378845458984375,-0.6501380615234374,0.6632225341796875,0.05451665496826172,0.06356280136108398,0.02606654167175293
1413,26222.0,-0.02,-0.01,0.016,1.378820556640625,-0.6501460571289063,0.6632363891601563,0.05442030334472656,0.0636402816772461,0.026045537948608397
1414,26232.0,-0.02,-0.01,0.016,1.378804931640625,-0.650160888671875,0.663203857421875,0.054502338409423826,0.06366679763793945,0.026117902755737304
1415,26242.0,-0.022,-0.01,0.015,1.378806884765625,-0.65023583984375,0.6632182006835937,0.05451269149780273,0.06356014633178711,0.026003589630126955
1416,26252.0,-0.021,-0.011,0.014,1.3786143798828125,-0.650155517578125,0.6630731201171876,0.05450149154663086,0.06356370544433594,0.026020803451538087
1417,26262.0,-0.021,-0.01,0.014,1.3786435546875,-0.6501676635742187,0.6630797119140625,0.054490631103515624,0.06357868576049805,0.026027257919311524
1418,26272.0,-0.021,-0.01,0.014,1.3786519775390624,-0.6500421752929687,0.6631146240234375,0.0544410285949707,0.06345183181762695,0.02598981285095215
1419,26282.0,-0.021,-0.01,0.014,1.3789271240234375,-0.6516591796875,0.6625216064453125,0.05447951507568359,0.06358712005615234,0.026021900177001952
1420,26292.0,-0.02,-0.01,0.014,1.3789476318359375,-0.6516973876953125,0.662500244140625,0.05446297454833984,0.06358334732055664,0.026011573791503907
1421,26302.0,-0.021,-0.01,0.014,1.378965576171875,-0.6517020263671875,0.6625169677734375,0.05448876190185547,0.06357831573486328,0.02601891326904297
1422,26312.0,-0.021,-0.01,0.014,1.3787764892578125,-0.6515900268554687,0.6624202270507813,0.05446817016601563,0.06343399047851563,0.02601460075378418
1423,26322.0,-0.022,-0.01,0.014,1.3786412353515625,-0.6498007202148437,0.6632329711914062,0.05449741744995117,0.0635726318359375,0.02602143669128418
1424,26332.0,-0.022,-0.01,0.014,1.37877490234375,-0.650036376953125,0.6632636108398438,0.05454840469360352,0.06356760025024415,0.026012372970581055
1425,26342.0,-0.02,-0.01,0.014,1.3789498291015625,-0.6516842041015625,0.662555908203125,0.05452751922607422,0.06357996368408203,0.026038143157958986
1426,26352.0,-0.021,-0.01,0.014,1.3787852783203125,-0.6501459350585937,0.6632345581054687,0.05429663467407227,0.06383532333374023,0.02609153938293457
1427,26362.0,-0.02,-0.01,0.014,1.3786212158203126,-0.6500669555664063,0.6631134033203125,0.05449954223632812,0.0636639404296875,0.026055721282958983
1428,26372.0,-0.02,-0.01,0.015,1.3788096923828126,-0.65010107421875,0.6632672119140625,0.05456010818481445,0.06358927917480468,0.026105459213256837
1429,26382.0,-0.02,-0.01,0.015,1.378638916015625,-0.6500517578125,0.6631469116210937,0.05452020263671875,0.06357542800903321,0.026029197692871094
1430,26392.0,-0.021,-0.01,0.015,1.3788231201171874,-0.6500977783203125,0.6632666625976562,0.05430180740356445,0.06383402252197265,0.026045013427734375
1431,26402.0,-0.021,-0.01,0.015,1.3788060302734375,-0.6500884399414063,0.6632518310546875,0.05449733734130859,0.06373793029785156,0.026034626007080078
1432,26412.0,-0.02,-0.01,0.016,1.3788077392578124,-0.6500408325195313,0.6632409057617188,0.05451881790161133,0.06356905746459961,0.025987554550170898
1433,26422.0,-0.02,-0.01,0.016,1.3786768798828124,-0.6499779663085937,0.6631724853515625,0.05452909851074219,0.06358133316040039,0.0260532169342041
1434,26432.0,-0.02,-0.01,0.016,1.3786824951171874,-0.6500352172851562,0.6631704711914063,0.05440104293823242,0.06362298583984374,0.026039350509643556
1435,26442.0,-0.02,-0.01,0.016,1.3788245849609375,-0.650171142578125,0.663244384765625,0.05451651000976562,0.06347999572753907,0.026035057067871094
1436,26452.0,-0.02,-0.01,0.016,1.3786893310546875,-0.65007861328125,0.6631591186523438,0.054470283508300785,0.06355967330932617,0.02605643844604492
1437,26462.0,-0.021,-0.011,0.016,1.3787393798828125,-0.650135986328125,0.6631619262695313,0.05451396942138672,0.06357726287841797,0.026087017059326173
1438,26472.0,-0.021,-0.011,0.016,1.37883984375,-0.6501961669921875,0.663251708984375,0.054464576721191406,0.06363117599487304,0.02605271911621094
1439,26482.0,-0.02,-0.011,0.016,1.378673583984375,-0.6500791625976563,0.6631544799804687,0.0543881950378418,0.06354334259033204,0.02612143135070801
1440,26492.0,-0.02,-0.01,0.016,1.378966796875,-0.65167919921875,0.662571533203125,0.05452447128295899,0.06353850555419922,0.026179683685302733
1441,26502.0,-0.021,-0.01,0.017,1.3788433837890626,-0.6516141967773438,0.66248388671875,0.05452920150756836,0.06357052230834961,0.02608648109436035
1442,26512.0,-0.02,-0.01,0.018,1.3789766845703124,-0.6516608276367187,0.6625894165039062,0.05459804534912109,0.06364828109741211,0.026017635345458985
1443,26522.0,-0.02,-0.01,0.018,1.378945068359375,-0.6516829223632813,0.6625674438476562,0.05442719650268555,0.06392769241333007,0.026007354736328123
1444,26532.0,-0.02,-0.01,0.018,1.3787926025390624,-0.6515986328125,0.662467041015625,0.05455275344848633,0.06360519790649415,0.026058599472045897
1445,26542.0,-0.02,-0.01,0.018,1.3789666748046876,-0.6516785888671875,0.662590576171875,0.05455596923828125,0.06360663986206054,0.026056276321411134
1446,26552.0,-0.02,-0.009,0.017,1.378937744140625,-0.6516430053710938,0.6625560913085937,0.0545394287109375,0.06359373092651367,0.026064321517944335
1447,26562.0,-0.021,-0.01,0.018,1.3788092041015625,-0.6515986938476562,0.6624874877929687,0.054231456756591793,0.06390729141235352,0.02607637405395508
1448,26572.0,-0.019,-0.01,0.018,1.37879248046875,-0.6503255615234375,0.6632137451171874,0.054627574920654294,0.06363706588745117,0.02611146354675293
1449,26582.0,-0.02,-0.009,0.018,1.3788277587890625,-0.6515960083007812,0.6624815673828125,0.054481372833251954,0.06355122375488281,0.026069257736206056
1450,26592.0,-0.021,-0.01,0.016,1.3789671630859375,-0.6516947021484375,0.6625637817382812,0.05446713638305664,0.06354051971435547,0.026129800796508788
1451,26602.0,-0.02,-0.009,0.016,1.3788231201171874,-0.6516212768554688,0.6624710083007812,0.0543978157043457,0.06358224487304688,0.026040550231933593
1452,26612.0,-0.021,-0.01,0.016,1.3790015869140626,-0.65171875,0.6625755004882813,0.05459188079833984,0.06363247299194336,0.026196733474731445
1453,26622.0,-0.021,-0.011,0.016,1.3789752197265626,-0.6516923217773437,0.6625750732421875,0.05454153060913086,0.06357303619384766,0.026126453399658203
1454,26632.0,-0.02,-0.009,0.016,1.37897607421875,-0.651664794921875,0.6625884399414063,0.054499969482421876,0.06352782440185546,0.02606524658203125
1455,26642.0,-0.02,-0.009,0.017,1.3789873046875,-0.6516823120117188,0.6625706176757813,0.054476192474365234,0.06351498413085938,0.026074310302734376
1456,26652.0,-0.021,-0.01,0.017,1.378881591796875,-0.6516542358398437,0.662487060546875,0.05451573181152344,0.06345877075195312,0.026104475021362306
1457,26662.0,-0.02,-0.01,0.017,1.3790069580078126,-0.6517079467773438,0.6625873413085938,0.05454409790039062,0.06356930160522462,0.026063283920288085
1458,26672.0,-0.02,-0.011,0.017,1.378845703125,-0.6515994873046875,0.6624985961914063,0.054545886993408205,0.06356535720825195,0.026068214416503907
1459,26682.0,-0.02,-0.01,0.015,1.37887255859375,-0.6516368408203125,0.6624913330078125,0.054544971466064456,0.06357060241699218,0.026085582733154297
1460,26692.0,-0.02,-0.009,0.015,1.378820068359375,-0.65035302734375,0.6632190551757813,0.05456838226318359,0.06348017501831055,0.02603710174560547
1461,26702.0,-0.02,-0.009,0.015,1.378827392578125,-0.6503077392578125,0.66323681640625,0.054590972900390625,0.06356500625610352,0.026054630279541014
1462,26712.0,-0.02,-0.009,0.015,1.3788477783203126,-0.65161328125,0.6624848022460937,0.054556751251220705,0.06357392883300782,0.026051305770874025
1463,26722.0,-0.021,-0.011,0.015,1.378823486328125,-0.6502626342773438,0.6632589111328125,0.05452162170410156,0.06355859375,0.026088945388793944
1464,26732.0,-0.02,-0.009,0.016,1.37868212890625,-0.6502667846679687,0.6631370849609375,0.0543085823059082,0.06379982376098634,0.026105840682983397
1465,26742.0,-0.02,-0.009,0.016,1.378666748046875,-0.650236572265625,0.6631478881835937,0.05449540328979492,0.06354853057861329,0.026081111907958983
1466,26752.0,-0.022,-0.011,0.016,1.3788046875,-0.6501691284179687,0.66327197265625,0.05450777053833008,0.06355305862426758,0.02609602165222168
1467,26762.0,-0.021,-0.01,0.016,1.37884033203125,-0.6515690307617188,0.6625101318359375,0.05450457000732422,0.06353913116455077,0.026110574722290038
1468,26772.0,-0.02,-0.011,0.016,1.37880810546875,-0.6515842895507813,0.6625151977539062,0.054360721588134764,0.06376929092407227,0.026139408111572265
1469,26782.0,-0.021,-0.011,0.016,1.37895166015625,-0.6516334838867187,0.6625673828125,0.0544822998046875,0.06361537551879883,0.02618067741394043
1470,26792.0,-0.021,-0.011,0.016,1.378941162109375,-0.651664306640625,0.6625654907226562,0.05450722122192383,0.0635289535522461,0.0261122932434082
1471,26802.0,-0.023,-0.011,0.016,1.378823486328125,-0.6515931396484375,0.6625184936523437,0.054540752410888675,0.06352622604370117,0.02607350730895996
1472,26812.0,-0.023,-0.011,0.017,1.3789818115234376,-0.651666748046875,0.6625863037109375,0.05431236267089844,0.06376636505126954,0.02615298843383789
1473,26822.0,-0.021,-0.011,0.017,1.3789808349609376,-0.6516578369140625,0.6625833740234375,0.054592777252197265,0.06359750366210938,0.02613365364074707
1474,26832.0,-0.021,-0.012,0.017,1.3788411865234376,-0.6501550903320312,0.6632837524414062,0.05456411361694336,0.06352754592895508,0.026066835403442384
1475,26842.0,-0.021,-0.012,0.017,1.3786771240234375,-0.6500715942382812,0.663177001953125,0.05453465652465821,0.06353194046020508,0.026084480285644532
1476,26852.0,-0.019,-0.01,0.017,1.3788563232421875,-0.6502348022460938,0.6632114868164063,0.054448074340820315,0.06360823822021484,0.026054325103759764
1477,26862.0,-0.02,-0.009,0.017,1.3788138427734375,-0.6501299438476562,0.6632315063476563,0.05462989807128906,0.06344598388671875,0.026033220291137697
1478,26872.0,-0.02,-0.009,0.017,1.3786922607421874,-0.6501318969726563,0.663140625,0.054605224609375,0.06357282638549805,0.02605388832092285
1479,26882.0,-0.02,-0.012,0.017,1.378822021484375,-0.6502135620117188,0.6631905517578125,0.054550399780273436,0.06356781005859374,0.02606138801574707
1480,26892.0,-0.021,-0.011,0.017,1.3788111572265624,-0.650167236328125,0.6632399291992187,0.05447063064575195,0.06361951446533202,0.026054779052734376
1481,26902.0,-0.019,-0.011,0.016,1.3788211669921875,-0.6501698608398437,0.6632369384765625,0.05449750518798828,0.0635389404296875,0.0262606201171875
1482,26912.0,-0.019,-0.011,0.016,1.378805419921875,-0.6501831665039063,0.6632012329101562,0.054571048736572265,0.06353163528442383,0.02612483024597168
1483,26922.0,-0.021,-0.011,0.016,1.3787861328125,-0.6501041870117188,0.663243896484375,0.0545256462097168,0.0635640640258789,0.02610615348815918
1484,26932.0,-0.021,-0.011,0.016,1.378762939453125,-0.65009228515625,0.6632295532226562,0.05453836822509766,0.06358247756958008,0.0260283203125
1485,26942.0,-0.02,-0.011,0.015,1.37875341796875,-0.6500712280273437,0.6632339477539062,0.05432181930541992,0.06390181350708007,0.026096031188964842
1486,26952.0,-0.02,-0.011,0.015,1.3787442626953126,-0.650047119140625,0.6632562866210937,0.054566844940185544,0.0636199073791504,0.02607363700866699
1487,26962.0,-0.021,-0.011,0.015,1.3786279296875,-0.6499768676757812,0.6632064208984375,0.05457344436645508,0.06363589096069336,0.02608879280090332
1488,26972.0,-0.02,-0.011,0.015,1.378778564453125,-0.65008203125,0.6632622680664062,0.05454973602294922,0.06362565231323242,0.026061141967773437
1489,26982.0,-0.02,-0.011,0.015,1.378794189453125,-0.6500215454101562,0.663306396484375,0.05433788681030274,0.06391041564941406,0.026065336227416993
1490,26992.0,-0.021,-0.011,0.016,1.37878271484375,-0.650041748046875,0.6632697143554688,0.054565155029296875,0.06361553573608399,0.02606209945678711
1491,27002.0,-0.02,-0.01,0.016,1.378643798828125,-0.649945556640625,0.6631968994140625,0.05454145431518555,0.06360630416870117,0.026070436477661132
1492,27012.0,-0.02,-0.011,0.016,1.379041748046875,-0.6517229614257812,0.6626768798828125,0.054540496826171875,0.06354807662963867,0.026157407760620116
1493,27022.0,-0.02,-0.011,0.016,1.378982177734375,-0.651702392578125,0.662592041015625,0.054460464477539064,0.06364820861816406,0.026148481369018553
1494,27032.0,-0.019,-0.011,0.017,1.378997802734375,-0.6516997680664063,0.6626631469726563,0.054533557891845705,0.06361265563964844,0.0261682071685791
1495,27042.0,-0.019,-0.011,0.017,1.378864990234375,-0.6516593627929688,0.6625607299804688,0.05446712493896484,0.06352516555786134,0.02604400634765625
1496,27052.0,-0.019,-0.011,0.017,1.3789234619140625,-0.6516149291992187,0.6625863647460938,0.05449145889282227,0.06355032348632812,0.026095741271972655
1497,27062.0,-0.02,-0.011,0.017,1.3790419921875,-0.6517014770507813,0.6626526489257812,0.05439255523681641,0.06360457992553711,0.02605935859680176
1498,27072.0,-0.019,-0.011,0.017,1.3790279541015624,-0.6517000732421875,0.6626514892578125,0.05448910903930664,0.06366484069824219,0.026117301940917968
1499,27082.0,-0.019,-0.011,0.017,1.379040771484375,-0.6516753540039063,0.6626668090820312,0.05448814392089844,0.06356620788574219,0.026111957550048828
1500,27092.0,-0.02,-0.011,0.017,1.379078857421875,-0.651734375,0.6626517944335938,0.05450713348388672,0.06356690979003907,0.026075099945068358
1501,27102.0,-0.019,-0.011,0.017,1.3790948486328125,-0.651723876953125,0.662640625,0.05446152496337891,0.06356662368774414,0.026070505142211913
1502,27112.0,-0.02,-0.011,0.017,1.37906982421875,-0.651719970703125,0.6626497192382812,0.054411815643310546,0.0634472885131836,0.026056909561157228
1503,27122.0,-0.02,-0.011,0.016,1.3790816650390625,-0.6517612915039063,0.6626275024414062,0.054470787048339846,0.06354451370239257,0.02603911781311035
1504,27132.0,-0.019,-0.011,0.016,1.3789302978515625,-0.6499351196289063,0.663432373046875,0.05452006530761719,0.06357725143432617,0.026083625793457032
1505,27142.0,-0.019,-0.011,0.016,1.3791016845703126,-0.6517275390625,0.66265966796875,0.054514972686767575,0.0635662498474121,0.02603072738647461
1506,27152.0,-0.021,-0.012,0.016,1.3789095458984375,-0.6515811767578125,0.6625582885742187,0.05454396438598633,0.06343990325927734,0.02602172088623047
1507,27162.0,-0.021,-0.012,0.015,1.37888671875,-0.6515927734375,0.66252490234375,0.054508419036865235,0.06358032989501954,0.02604126167297363
1508,27172.0,-0.021,-0.011,0.015,1.378888916015625,-0.6516021728515625,0.6624976806640624,0.05451198577880859,0.06356465148925781,0.02606126594543457
1509,27182.0,-0.02,-0.012,0.015,1.379035888671875,-0.651656494140625,0.6626162719726563,0.05452816390991211,0.0635888900756836,0.02606475830078125
1510,27192.0,-0.021,-0.011,0.015,1.3788409423828125,-0.6499481811523438,0.6633311157226562,0.05429781723022461,0.06388077163696289,0.026064355850219725
1511,27202.0,-0.021,-0.012,0.015,1.3788187255859374,-0.6499999389648438,0.6633067016601563,0.054504436492919923,0.06367686462402344,0.026110990524291992
