,stateZ_timestamp,cf_x,cf_y,cf_z,obs_x,obs_y,obs_z,cf_mocap_data_x,cf_mocap_data_y,cf_mocap_data_z
0,795783.0,-1.062,0.084,0.02,0.000504538818359375,-3.8476181030273436e-05,0.0006570343017578126,-0.00106273681640625,8.486025238037109e-05,1.3728748321533203e-05
1,795793.0,-1.062,0.084,0.019,0.0005045087280273437,-3.8491741180419924e-05,0.0006570415039062501,-0.001062625,8.466957092285156e-05,1.381341552734375e-05
2,795803.0,-1.062,0.084,0.018,0.00050453466796875,-3.853379440307617e-05,0.0006570189819335938,-0.0010625706787109374,8.460454559326172e-05,1.3895168304443358e-05
3,795813.0,-1.062,0.084,0.018,0.0005044961547851563,-3.8503417968750004e-05,0.0006570274047851562,-0.0010627376708984375,8.487588500976563e-05,1.3727300643920899e-05
4,795823.0,-1.062,0.084,0.017,0.0005045188903808593,-3.849192428588867e-05,0.0006570453491210938,-0.001062743896484375,8.485547637939452e-05,1.3715671539306642e-05
5,795833.0,-1.062,0.084,0.018,0.0005044950256347657,-3.85115852355957e-05,0.0006570205688476563,-0.0010630119628906249,8.491200256347656e-05,1.3666649818420411e-05
6,795843.0,-1.062,0.084,0.017,0.0005045207824707031,-3.851735687255859e-05,0.0006570215454101562,-0.001062566650390625,8.458056640625e-05,1.3905994415283204e-05
7,795853.0,-1.062,0.084,0.017,0.0005045215759277344,-3.8509761810302734e-05,0.0006570181884765625,-0.0010627421875,8.487897491455078e-05,1.3726705551147461e-05
8,795863.0,-1.062,0.084,0.017,0.0005044969787597656,-3.848216247558594e-05,0.0006570210571289062,-0.0010627503662109373,8.489128112792969e-05,1.374189567565918e-05
9,795873.0,-1.062,0.084,0.018,0.0005045296020507813,-3.848142623901367e-05,0.0006570380859375,-0.0010630128173828124,8.490965270996095e-05,1.3653132438659668e-05
10,795883.0,-1.062,0.084,0.018,0.0005045306701660156,-3.848939895629883e-05,0.0006570440673828125,-0.0010627288818359376,8.479793548583984e-05,1.3795165061950684e-05
11,795893.0,-1.062,0.084,0.018,0.0005045258178710938,-3.850686264038086e-05,0.000657029052734375,-0.001062752197265625,8.486262512207031e-05,1.3741215705871582e-05
12,795903.0,-1.062,0.084,0.017,0.0005045216369628906,-3.849213027954102e-05,0.0006570249633789062,-0.001062734130859375,8.487100219726562e-05,1.3728607177734374e-05
13,795913.0,-1.062,0.084,0.018,0.0005045055236816406,-3.851290512084961e-05,0.0006570206909179688,-0.0010627596435546875,8.486710357666015e-05,1.3713502883911133e-05
14,795923.0,-1.062,0.084,0.018,0.0005044883422851563,-3.851850128173828e-05,0.00065703955078125,-0.0010626020507812498,8.46501922607422e-05,1.3776106834411621e-05
15,795933.0,-1.062,0.084,0.018,0.00050452978515625,-3.850470352172851e-05,0.000657027099609375,-0.0010627430419921874,8.48780288696289e-05,1.3714399337768554e-05
16,795943.0,-1.062,0.084,0.018,0.0005045350341796875,-3.8495338439941406e-05,0.0006570189208984375,-0.001062765869140625,8.487335205078125e-05,1.371424674987793e-05
17,795953.0,-1.062,0.084,0.017,0.0005045240173339843,-3.848953247070312e-05,0.0006570232543945312,-0.0010627337646484376,8.488904571533203e-05,1.3723966598510741e-05
18,795963.0,-1.062,0.084,0.018,0.0005045120544433594,-3.850718307495117e-05,0.0006570217895507812,-0.001062523193359375,8.41895751953125e-05,1.3757301330566406e-05
19,795973.0,-1.062,0.084,0.018,0.000504508026123047,-3.850653076171875e-05,0.0006570150146484375,-0.001062710205078125,8.487926483154296e-05,1.3711264610290527e-05
20,795983.0,-1.062,0.084,0.018,0.0005045072326660156,-3.8517795562744145e-05,0.0006569785766601563,-0.0010627564697265625,8.489134979248047e-05,1.373418140411377e-05
21,795993.0,-1.062,0.084,0.017,0.0005044994506835937,-3.8460296630859376e-05,0.0006569799804687499,-0.001062759521484375,8.487598419189453e-05,1.3729105949401855e-05
22,796003.0,-1.062,0.084,0.017,0.0005045180969238281,-3.8488544464111323e-05,0.00065699169921875,-0.001063023193359375,8.490757751464843e-05,1.3617837905883788e-05
23,796013.0,-1.062,0.084,0.017,0.0005044903564453125,-3.8492961883544925e-05,0.0006569671630859375,-0.0010625699462890625,8.459869384765626e-05,1.3863106727600098e-05
24,796023.0,-1.062,0.084,0.017,0.0005045030517578126,-3.849013900756836e-05,0.0006569714965820313,-0.0010627276611328124,8.48802490234375e-05,1.3727890968322753e-05
25,796033.0,-1.062,0.084,0.016,0.00050446337890625,-3.849526214599609e-05,0.0006569613647460937,-0.001062668701171875,8.48929443359375e-05,1.3751579284667968e-05
26,796043.0,-1.061,0.084,0.017,0.0005044584350585938,-3.850564956665039e-05,0.0006569632568359375,-0.0010630155029296875,8.49233627319336e-05,1.363828468322754e-05
27,796053.0,-1.061,0.084,0.017,0.0005045010681152345,-3.8514190673828124e-05,0.0006569833374023437,-0.001062562744140625,8.457344055175781e-05,1.3874823570251465e-05
28,796063.0,-1.061,0.084,0.017,0.0005044669494628907,-3.8500659942626955e-05,0.0006569544677734375,-0.0010627493896484374,8.488242340087891e-05,1.3708563804626465e-05
29,796073.0,-1.061,0.084,0.016,0.0005044483337402343,-3.8481857299804687e-05,0.0006569716186523438,-0.001062700439453125,8.487225341796875e-05,1.3708170890808105e-05
30,796083.0,-1.061,0.084,0.016,0.0005044568786621095,-3.8544082641601565e-05,0.0006569592895507812,-0.0010627565917968752,8.488752746582032e-05,1.3726281166076661e-05
31,796093.0,-1.061,0.084,0.017,0.0005044577026367187,-3.853054428100586e-05,0.0006569690551757813,-0.0010628320312499999,8.483356475830079e-05,1.3699437141418457e-05
32,796103.0,-1.061,0.084,0.017,0.0005044576110839843,-3.853071212768555e-05,0.0006569680786132812,-0.0010627386474609374,8.488686370849608e-05,1.3724142074584962e-05
33,796113.0,-1.061,0.084,0.017,0.0005044606323242188,-3.850493240356445e-05,0.0006569604492187499,-0.0010627315673828125,8.487839508056642e-05,1.3721018791198731e-05
34,796123.0,-1.061,0.084,0.017,0.0005044630126953125,-3.8515567779541014e-05,0.0006569639892578125,-0.0010627459716796874,8.489389038085938e-05,1.371695613861084e-05
35,796133.0,-1.061,0.084,0.019,0.0005044238586425781,-3.8536781311035155e-05,0.0006569556884765625,-0.0010627369384765626,8.421322631835937e-05,1.370999050140381e-05
36,796143.0,-1.061,0.084,0.018,0.0005044660949707031,-3.854422760009766e-05,0.0006569764404296875,-0.0010626575927734374,8.488879394531249e-05,1.3748910903930665e-05
37,796153.0,-1.061,0.084,0.018,0.0005044612426757813,-3.853830337524414e-05,0.0006569678344726563,-0.0010627332763671875,8.488092803955079e-05,1.3712964057922363e-05
38,796163.0,-1.061,0.084,0.018,0.0005044305725097657,-3.851958084106445e-05,0.0006569619750976563,-0.00106274267578125,8.488931274414062e-05,1.3707347869873047e-05
39,796173.0,-1.061,0.084,0.018,0.0005044195251464843,-3.8540435791015626e-05,0.0006569514770507813,-0.0010626130371093748,8.421417999267577e-05,1.3769598007202147e-05
40,796183.0,-1.061,0.084,0.018,0.0005044680175781249,-3.853349304199219e-05,0.0006569663085937501,-0.0010627698974609375,8.48836898803711e-05,1.3702375411987304e-05
41,796193.0,-1.061,0.084,0.018,0.0005044233093261718,-3.853028869628906e-05,0.0006569697875976562,-0.0010627510986328127,8.488331604003906e-05,1.3716681480407714e-05
42,796203.0,-1.061,0.084,0.018,0.0005044429321289062,-3.852927780151367e-05,0.0006569563598632813,-0.0010627537841796874,8.489775848388671e-05,1.372067642211914e-05
43,796213.0,-1.061,0.084,0.018,0.0005044459228515625,-3.851238250732422e-05,0.0006569863891601563,-0.0010626103515625,8.46676025390625e-05,1.3806867599487304e-05
44,796223.0,-1.061,0.084,0.019,0.0005044700012207031,-3.851480865478515e-05,0.0006569712524414062,-0.0010625726318359374,8.457780456542969e-05,1.385566234588623e-05
45,796233.0,-1.061,0.084,0.019,0.0005044573974609376,-3.850927734375e-05,0.0006569553222656251,-0.001062732666015625,8.487857818603515e-05,1.3726605415344237e-05
46,796243.0,-1.061,0.085,0.018,0.0005044869995117187,-3.849578094482422e-05,0.0006569898681640624,-0.001062731201171875,8.488242340087891e-05,1.3714083671569825e-05
47,796253.0,-1.061,0.085,0.018,0.0005044508666992188,-3.8521305084228516e-05,0.0006569530029296875,-0.0010630443115234377,8.495482635498047e-05,1.3603492736816406e-05
48,796263.0,-1.061,0.085,0.019,0.0005044775695800781,-3.8487617492675786e-05,0.00065696240234375,-0.00106270556640625,8.482671356201171e-05,1.3790112495422362e-05
49,796273.0,-1.061,0.084,0.019,0.0005044599304199218,-3.846573638916016e-05,0.0006569880981445313,-0.00106276611328125,8.489565277099609e-05,1.3714001655578614e-05
50,796283.0,-1.062,0.084,0.018,0.0005044732971191406,-3.848661422729492e-05,0.0006570016479492187,-0.0010627620849609377,8.489313507080078e-05,1.3713760375976563e-05
51,796293.0,-1.062,0.084,0.018,0.0005044846191406251,-3.8479774475097656e-05,0.0006570028686523437,-0.00106303173828125,8.493496704101562e-05,1.3658378601074218e-05
52,796303.0,-1.062,0.084,0.018,0.0005044728088378906,-3.848276138305664e-05,0.000656989501953125,-0.0010627020263671875,8.4201416015625e-05,1.3737221717834473e-05
53,796313.0,-1.062,0.084,0.019,0.000504499542236328,-3.847525787353516e-05,0.0006570032958984376,-0.0010627480468749998,8.487916564941405e-05,1.3714507102966307e-05
54,796323.0,-1.062,0.084,0.019,0.0005044862365722656,-3.8447360992431646e-05,0.0006570333251953125,-0.001062745849609375,8.489537811279297e-05,1.3722285270690918e-05
55,796333.0,-1.062,0.084,0.019,0.0005044921569824219,-3.848313140869141e-05,0.0006570015869140625,-0.0010627252197265625,8.488450622558594e-05,1.3723193168640137e-05
56,796343.0,-1.062,0.084,0.019,0.0005044954833984375,-3.8466857910156246e-05,0.0006570057373046875,-0.0010626917724609374,8.472229003906249e-05,1.374858570098877e-05
57,796353.0,-1.062,0.084,0.019,0.0005044980773925782,-3.8485153198242186e-05,0.0006570146484375,-0.0010627686767578123,8.487923431396484e-05,1.373417854309082e-05
58,796363.0,-1.062,0.084,0.019,0.0005044950561523438,-3.8500568389892574e-05,0.00065700341796875,-0.0010627576904296875,8.489596557617188e-05,1.3721095085144044e-05
59,796373.0,-1.061,0.084,0.019,0.0005045214538574219,-3.849913024902344e-05,0.0006570105590820312,-0.001062727783203125,8.489044952392578e-05,1.3738105773925781e-05
60,796383.0,-1.062,0.084,0.019,0.000504511932373047,-3.850101089477539e-05,0.00065701611328125,-0.001062591552734375,8.422336578369142e-05,1.3776602745056152e-05
61,796393.0,-1.061,0.084,0.018,0.0005045162353515626,-3.847909164428711e-05,0.0006570423583984375,-0.0010625095214843749,8.46025848388672e-05,1.3916423797607422e-05
62,796403.0,-1.062,0.084,0.02,0.0005045477600097657,-3.851082992553711e-05,0.0006570011596679688,-0.0010627392578125,8.488829803466797e-05,1.3731000900268554e-05
63,796413.0,-1.062,0.084,0.02,0.0005045852050781249,-3.846700668334961e-05,0.0006570636596679687,-0.001062735595703125,8.487469482421875e-05,1.373823833465576e-05
64,796423.0,-1.062,0.084,0.019,0.0005045857849121094,-3.848641586303711e-05,0.000657019775390625,-0.0010629830322265625,8.491355133056641e-05,1.3683233261108399e-05
65,796433.0,-1.062,0.084,0.019,0.0005045646362304688,-3.845512008666992e-05,0.0006570230712890625,-0.001062622802734375,8.458055114746094e-05,1.3867820739746093e-05
66,796443.0,-1.062,0.085,0.02,0.0005045587463378907,-3.846636581420899e-05,0.0006570309448242187,-0.0010627839355468749,8.490283966064453e-05,1.3708067893981934e-05
67,796453.0,-1.062,0.084,0.019,0.0005045877075195313,-3.846989440917969e-05,0.0006570270385742187,-0.0010627938232421873,8.487854766845702e-05,1.367320728302002e-05
68,796463.0,-1.062,0.084,0.019,0.0005045625305175782,-3.8467208862304685e-05,0.000657027099609375,-0.00106306103515625,8.495693969726563e-05,1.3628357887268067e-05
69,796473.0,-1.062,0.085,0.019,0.0005045719604492187,-3.8468704223632816e-05,0.000657008056640625,-0.001062649658203125,8.461614990234376e-05,1.3797155380249024e-05
70,796483.0,-1.062,0.085,0.02,0.0005045694580078125,-3.8503330230712886e-05,0.0006570112915039063,-0.0010627869873046875,8.489984130859376e-05,1.3699568748474122e-05
71,796493.0,-1.062,0.084,0.02,0.0005045499267578125,-3.846480560302734e-05,0.0006570269165039062,-0.001062774658203125,8.488707733154296e-05,1.3716262817382812e-05
72,796503.0,-1.062,0.084,0.019,0.0005045525817871094,-3.84718132019043e-05,0.0006570052490234375,-0.00106274609375,8.489674377441406e-05,1.3730612754821778e-05
73,796513.0,-1.062,0.084,0.019,0.0005045577087402345,-3.8470947265625e-05,0.0006569989013671875,-0.00106270166015625,8.421157836914064e-05,1.376294708251953e-05
74,796523.0,-1.062,0.084,0.019,0.0005045578002929687,-3.847643280029297e-05,0.0006570228271484375,-0.0010627584228515626,8.48812713623047e-05,1.3734939575195314e-05
75,796533.0,-1.062,0.084,0.02,0.0005045635681152344,-3.8457450866699215e-05,0.0006570072021484376,-0.00106273828125,8.487741088867188e-05,1.3728878021240235e-05
76,796543.0,-1.062,0.084,0.02,0.0005045314331054688,-3.845574569702148e-05,0.0006570267333984376,-0.001062782470703125,8.48852310180664e-05,1.3708678245544434e-05
77,796553.0,-1.062,0.084,0.019,0.0005045093078613281,-3.843782424926758e-05,0.0006569986572265625,-0.0010627061767578124,8.418939971923828e-05,1.3722691535949706e-05
78,796563.0,-1.062,0.084,0.019,0.0005045435791015625,-3.8429244995117185e-05,0.0006570272216796875,-0.001062780517578125,8.488441467285155e-05,1.371030044555664e-05
79,796573.0,-1.062,0.084,0.019,0.00050450927734375,-3.843804550170898e-05,0.0006570049438476563,-0.0010627724609375,8.488990783691406e-05,1.3687008857727051e-05
80,796583.0,-1.062,0.084,0.018,0.0005045339660644531,-3.845401000976562e-05,0.0006570117187499999,-0.0010627913818359376,8.49115982055664e-05,1.365515422821045e-05
81,796593.0,-1.062,0.084,0.018,0.0005045113220214844,-3.8442710876464846e-05,0.0006570184326171875,-0.001062692626953125,8.470616149902344e-05,1.3700135231018065e-05
82,796603.0,-1.062,0.084,0.018,0.0005045163269042969,-3.8445686340332036e-05,0.000656996337890625,-0.0010625834960937498,8.461589813232421e-05,1.3860344886779786e-05
83,796613.0,-1.062,0.084,0.018,0.000504473876953125,-3.838364791870117e-05,0.0006569939575195313,-0.0010627775878906248,8.489376831054687e-05,1.3681155204772948e-05
84,796623.0,-1.062,0.084,0.018,0.0005044898071289062,-3.8424083709716794e-05,0.000657007568359375,-0.00106280517578125,8.49098892211914e-05,1.3699617385864258e-05
85,796633.0,-1.062,0.084,0.018,0.00050445458984375,-3.8422386169433595e-05,0.0006569498901367188,-0.0010627142333984375,8.47205810546875e-05,1.3685465812683106e-05
86,796643.0,-1.062,0.084,0.017,0.0005044536132812501,-3.8389125823974606e-05,0.0006569447631835937,-0.0010626531982421874,8.459803771972656e-05,1.3851725578308106e-05
87,796653.0,-1.062,0.084,0.017,0.0005043852233886719,-3.833005142211914e-05,0.0006568558349609374,-0.00106280078125,8.490824890136718e-05,1.3717052459716796e-05
88,796663.0,-1.062,0.084,0.019,0.0005043722534179688,-3.832321166992188e-05,0.0006568544311523438,-0.0010627908935546876,8.489682006835937e-05,1.3678885459899903e-05
89,796673.0,-1.062,0.084,0.019,0.00050435595703125,-3.8300079345703127e-05,0.0006568709716796876,-0.0010629788818359376,8.49354476928711e-05,1.3626736640930176e-05
90,796683.0,-1.061,0.084,0.018,0.0005043554382324219,-3.8293937683105466e-05,0.0006568475341796876,-0.001063299072265625,8.384027099609374e-05,1.4196219444274903e-05
91,796693.0,-1.061,0.084,0.018,0.0005043390197753907,-3.833749771118164e-05,0.0006568400268554687,-0.0010627586669921876,8.488819885253907e-05,1.3701604843139649e-05
92,796703.0,-1.062,0.084,0.018,0.0005043372497558593,-3.8329097747802736e-05,0.0006568543701171875,-0.0010627518310546875,8.48981704711914e-05,1.372446632385254e-05
93,796713.0,-1.062,0.084,0.018,0.0005043167419433594,-3.8316177368164064e-05,0.0006568252563476562,-0.0010629739990234374,8.489359283447266e-05,1.3698498725891112e-05
94,796723.0,-1.062,0.084,0.017,0.0005043495178222657,-3.8324234008789066e-05,0.000656827392578125,-0.001062694091796875,8.480995178222655e-05,1.3858186721801757e-05
95,796733.0,-1.062,0.084,0.017,0.0005042920532226563,-3.8318401336669926e-05,0.0006568356323242187,-0.0010627384033203124,8.487926483154296e-05,1.3734442710876465e-05
96,796743.0,-1.062,0.084,0.017,0.000504289794921875,-3.8320930480957033e-05,0.000656853759765625,-0.001062717041015625,8.48835678100586e-05,1.3703911781311035e-05
97,796753.0,-1.062,0.084,0.018,0.0005042538146972656,-3.830422592163086e-05,0.000656819580078125,-0.001062779296875,8.487258148193359e-05,1.3687846183776855e-05
98,796763.0,-1.062,0.084,0.018,0.000504222412109375,-3.8257736206054686e-05,0.0006568095092773437,-0.0010626062011718752,8.464419555664062e-05,1.38104305267334e-05
99,796773.0,-1.062,0.084,0.017,0.0005042619934082031,-3.832967376708984e-05,0.000656842529296875,-0.0010627127685546875,8.489012908935547e-05,1.3747957229614257e-05
100,796783.0,-1.062,0.084,0.017,0.0005042891540527343,-3.834638977050781e-05,0.0006568656005859375,-0.0010627514648437499,8.489180755615234e-05,1.3740039825439454e-05
101,796793.0,-1.062,0.084,0.018,0.0005042817993164062,-3.8348842620849607e-05,0.0006568656005859375,-0.001062766357421875,8.488753509521484e-05,1.3716858863830567e-05
102,796803.0,-1.062,0.085,0.018,0.00050426416015625,-3.8353404998779295e-05,0.0006568754272460937,-0.00106270068359375,8.471637725830078e-05,1.374087142944336e-05
103,796813.0,-1.062,0.084,0.017,0.0005042887878417969,-3.836714935302735e-05,0.000656896728515625,-0.0010628033447265626,8.489651489257813e-05,1.3697856903076172e-05
104,796823.0,-1.062,0.084,0.017,0.0005043151245117188,-3.8381259918212886e-05,0.0006569087524414063,-0.0010628116455078124,8.489498901367187e-05,1.3725040435791015e-05
105,796833.0,-1.062,0.084,0.017,0.0005043111572265625,-3.8363319396972654e-05,0.0006569130249023437,-0.0010628228759765625,8.49094696044922e-05,1.3703359603881836e-05
106,796843.0,-1.062,0.084,0.018,0.0005042860412597656,-3.8392829895019534e-05,0.0006568922119140625,-0.00106309130859375,8.492972564697266e-05,1.3585783004760743e-05
107,796853.0,-1.062,0.085,0.018,0.0005043236083984375,-3.8395606994628904e-05,0.0006569331665039062,-0.0010626912841796873,8.461569213867187e-05,1.3831889152526856e-05
108,796863.0,-1.062,0.084,0.017,0.0005043358764648438,-3.838665008544922e-05,0.0006569281616210938,-0.001062821533203125,8.489167022705078e-05,1.3730462074279786e-05
109,796873.0,-1.062,0.084,0.017,0.0005043299865722656,-3.83756217956543e-05,0.0006569531860351563,-0.0010628223876953124,8.489933013916015e-05,1.3701280593872071e-05
110,796883.0,-1.062,0.084,0.019,0.000504347442626953,-3.8406848907470704e-05,0.0006569672241210938,-0.0010630957031249999,8.494488525390625e-05,1.3623191833496093e-05
111,796893.0,-1.062,0.084,0.018,0.00050438427734375,-3.845185089111328e-05,0.0006569666137695312,-0.0010626409912109377,8.460610961914062e-05,1.3848007202148437e-05
112,796903.0,-1.062,0.084,0.018,0.0005043689270019531,-3.8437431335449215e-05,0.0006569781494140625,-0.0010628258056640625,8.490265655517578e-05,1.3694883346557618e-05
113,796913.0,-1.062,0.084,0.018,0.000504415283203125,-3.8429386138916016e-05,0.0006570138549804687,-0.00106280859375,8.48970947265625e-05,1.3741266250610353e-05
114,796923.0,-1.062,0.084,0.018,0.0005043998718261719,-3.841627502441406e-05,0.0006569893188476563,-0.0010628131103515626,8.486912536621095e-05,1.3714708328247071e-05
115,796933.0,-1.062,0.084,0.018,0.000504395751953125,-3.8438011169433597e-05,0.0006569778442382812,-0.0010626624755859374,8.470233154296874e-05,1.381570816040039e-05
116,796943.0,-1.062,0.084,0.018,0.0005044443664550781,-3.843896484375e-05,0.0006569985351562499,-0.0010627858886718751,8.489083099365234e-05,1.3743312835693359e-05
117,796953.0,-1.062,0.084,0.018,0.0005044123840332031,-3.842399978637695e-05,0.0006570297241210938,-0.0010627641601562501,8.487532806396485e-05,1.3730008125305176e-05
118,796963.0,-1.062,0.084,0.017,0.0005044396667480468,-3.8444652557373046e-05,0.0006570309448242187,-0.001062771240234375,8.488924407958984e-05,1.3784575462341308e-05
119,796973.0,-1.062,0.084,0.017,0.0005044574890136718,-3.846573638916016e-05,0.0006570164794921876,-0.0010625968017578126,8.461064910888671e-05,1.3823514938354492e-05
120,796983.0,-1.062,0.084,0.017,0.0005044564819335938,-3.8440200805664066e-05,0.0006570455932617187,-0.0010627613525390624,8.48873062133789e-05,1.3735344886779784e-05
121,796993.0,-1.062,0.084,0.017,0.0005044776611328125,-3.84958610534668e-05,0.0006570225219726562,-0.0010627471923828125,8.486914825439452e-05,1.3759060859680176e-05
122,797003.0,-1.062,0.084,0.016,0.0005044686584472657,-3.842631530761718e-05,0.0006570252685546875,-0.0010627706298828126,8.490387725830079e-05,1.3753865242004394e-05
123,797013.0,-1.062,0.084,0.017,0.0005044595947265626,-3.844678115844727e-05,0.000657034912109375,-0.0010626046142578126,8.462818908691407e-05,1.3821515083312987e-05
124,797023.0,-1.062,0.084,0.017,0.0005044669189453125,-3.8455432891845705e-05,0.0006570451049804687,-0.00106258056640625,8.457784271240234e-05,1.3877487182617188e-05
125,797033.0,-1.062,0.084,0.017,0.0005044577941894532,-3.8444351196289064e-05,0.0006570210571289062,-0.001062786865234375,8.489671325683594e-05,1.37747220993042e-05
126,797043.0,-1.062,0.084,0.017,0.00050443701171875,-3.8427467346191406e-05,0.0006570324096679687,-0.0010627667236328125,8.488906097412109e-05,1.3761992454528809e-05
127,797053.0,-1.062,0.084,0.016,0.0005044314575195312,-3.843695068359375e-05,0.0006570132446289062,-0.0010626464843750002,8.468669891357423e-05,1.3803675651550292e-05
128,797063.0,-1.062,0.084,0.018,0.0005044308471679687,-3.84372673034668e-05,0.0006569984741210938,-0.0010626025390625,8.457643127441407e-05,1.385800552368164e-05
129,797073.0,-1.062,0.084,0.018,0.0005044833374023437,-3.844358062744141e-05,0.000657042236328125,-0.0010628150634765625,8.489179229736328e-05,1.3719153404235841e-05
130,797083.0,-1.062,0.084,0.018,0.0005044561462402344,-3.842819595336914e-05,0.0006570328369140625,-0.001062812744140625,8.490659332275391e-05,1.372451114654541e-05
131,797093.0,-1.062,0.084,0.017,0.0005044535827636719,-3.8427982330322266e-05,0.0006570302124023437,-0.0010631298828125,8.490779876708984e-05,1.3634510040283203e-05
132,797103.0,-1.062,0.084,0.019,0.0005044523315429687,-3.844002151489258e-05,0.0006570126342773438,-0.0010633243408203126,8.38088150024414e-05,1.4172646522521972e-05
133,797113.0,-1.062,0.084,0.019,0.0005044664001464844,-3.842677688598633e-05,0.0006570606689453124,-0.0010628044433593751,8.487987518310547e-05,1.3718056678771971e-05
134,797123.0,-1.062,0.084,0.018,0.0005044537353515625,-3.841202545166016e-05,0.0006570438842773437,-0.001062779296875,8.489316558837891e-05,1.3729901313781737e-05
135,797133.0,-1.062,0.084,0.018,0.0005044497375488281,-3.84466438293457e-05,0.0006570026245117188,-0.001063026611328125,8.491314697265626e-05,1.3652283668518067e-05
136,797143.0,-1.062,0.084,0.019,0.0005044518737792969,-3.8440601348876956e-05,0.0006570142211914063,-0.0010627153320312498,8.48241958618164e-05,1.3804388999938964e-05
137,797153.0,-1.062,0.084,0.019,0.0005044879150390625,-3.843463516235352e-05,0.0006570424194335938,-0.0010627557373046874,8.48773193359375e-05,1.3734500885009765e-05
138,797163.0,-1.062,0.084,0.019,0.0005044891662597656,-3.843696212768555e-05,0.0006570215454101562,-0.0010627105712890626,8.487468719482421e-05,1.3750048637390136e-05
139,797173.0,-1.062,0.084,0.019,0.0005044701232910156,-3.8422283172607425e-05,0.0006570255737304687,-0.001062763671875,8.487035369873047e-05,1.373930835723877e-05
140,797183.0,-1.061,0.084,0.018,0.0005044724731445312,-3.842655563354492e-05,0.000657027587890625,-0.0010626259765625,8.463446044921875e-05,1.3813551902770995e-05
141,797193.0,-1.061,0.084,0.019,0.000504484100341797,-3.8441738128662115e-05,0.0006570264282226562,-0.00106271240234375,8.488591766357421e-05,1.3736348152160643e-05
142,797203.0,-1.061,0.084,0.019,0.000504492431640625,-3.8437953948974614e-05,0.0006570234375000001,-0.001062694091796875,8.489002227783203e-05,1.3728452682495116e-05
143,797213.0,-1.061,0.084,0.019,0.0005044489440917968,-3.843498229980469e-05,0.0006570238037109375,-0.001062786865234375,8.486992645263672e-05,1.3723589897155763e-05
144,797223.0,-1.061,0.084,0.018,0.0005044504699707031,-3.842927169799805e-05,0.0006570079956054688,-0.0010630478515625,8.383773803710938e-05,1.4166245460510254e-05
145,797233.0,-1.061,0.084,0.019,0.0005044795532226562,-3.841273117065429e-05,0.0006570039672851562,-0.00106274755859375,8.488135528564452e-05,1.3710290908813476e-05
146,797243.0,-1.061,0.084,0.019,0.0005044793701171875,-3.843569946289062e-05,0.0006570208129882813,-0.0010627618408203126,8.488785552978516e-05,1.369958209991455e-05
147,797253.0,-1.061,0.084,0.019,0.0005045144348144532,-3.841839599609375e-05,0.0006570171508789062,-0.0010627615966796876,8.488107299804687e-05,1.3724865913391113e-05
148,797263.0,-1.061,0.084,0.018,0.0005044859008789062,-3.842007064819336e-05,0.0006570111694335938,-0.0010630146484375,8.49061279296875e-05,1.3672873497009277e-05
149,797273.0,-1.061,0.084,0.018,0.0005045010986328125,-3.843164825439453e-05,0.0006570046997070312,-0.001062640625,8.458867645263673e-05,1.3836849212646483e-05
150,797283.0,-1.061,0.084,0.019,0.0005044935607910156,-3.841173171997071e-05,0.0006570100708007812,-0.0010627490234375002,8.486112976074219e-05,1.371486473083496e-05
151,797293.0,-1.061,0.084,0.019,0.0005044546813964844,-3.846968078613281e-05,0.0006570068969726562,-0.0010627659912109376,8.487299346923828e-05,1.3731181144714356e-05
152,797303.0,-1.061,0.084,0.018,0.0005045104675292969,-3.842291259765625e-05,0.0006570315551757813,-0.0010630318603515624,8.488837432861328e-05,1.3674790382385254e-05
153,797313.0,-1.061,0.084,0.018,0.000504476806640625,-3.846965408325195e-05,0.000657008056640625,-0.0010625463867187498,8.458678436279297e-05,1.3920134544372558e-05
154,797323.0,-1.061,0.084,0.019,0.0005044561157226562,-3.843214416503906e-05,0.000657008056640625,-0.0010627562255859375,8.48835220336914e-05,1.3720848083496094e-05
155,797333.0,-1.061,0.084,0.018,0.0005045022888183593,-3.8429054260253904e-05,0.0006570228271484375,-0.0010627498779296875,8.487628173828126e-05,1.3720359802246093e-05
156,797343.0,-1.061,0.084,0.018,0.0005044908447265625,-3.841923141479492e-05,0.0006570321655273438,-0.001062759521484375,8.48719482421875e-05,1.3734519958496094e-05
157,797353.0,-1.061,0.084,0.018,0.0005044767456054688,-3.843321990966797e-05,0.0006570402221679687,-0.0010626845703125,8.41973876953125e-05,1.3758213996887206e-05
158,797363.0,-1.061,0.084,0.018,0.0005044593505859375,-3.84484748840332e-05,0.0006569927978515625,-0.0010627315673828125,8.488860321044922e-05,1.3735230445861817e-05
159,797373.0,-1.061,0.084,0.018,0.0005044961853027343,-3.844914627075195e-05,0.0006570098876953125,-0.0010627266845703125,8.48669662475586e-05,1.3722049713134764e-05
160,797383.0,-1.061,0.085,0.018,0.0005044630126953125,-3.845700454711914e-05,0.0006570157470703126,-0.0010627197265625,8.48656997680664e-05,1.3726554870605468e-05
161,797393.0,-1.061,0.085,0.018,0.000504487060546875,-3.845474243164063e-05,0.00065703271484375,-0.001062620849609375,8.422647094726563e-05,1.3754274368286133e-05
162,797403.0,-1.061,0.085,0.017,0.0005044909973144532,-3.844578170776367e-05,0.000657010498046875,-0.0010627537841796874,8.487653350830078e-05,1.3713699340820313e-05
163,797413.0,-1.061,0.085,0.018,0.0005044819641113282,-3.845878601074219e-05,0.000657038330078125,-0.0010627530517578125,8.48707275390625e-05,1.3725914001464844e-05
164,797423.0,-1.061,0.085,0.018,0.0005044917602539063,-3.8463027954101566e-05,0.0006570183715820312,-0.001062760498046875,8.486894226074218e-05,1.373104190826416e-05
165,797433.0,-1.061,0.085,0.017,0.0005045700073242188,-3.837633514404297e-05,0.0006570977783203124,-0.0010626226806640625,8.466541290283203e-05,1.3830116271972656e-05
166,797443.0,-1.062,0.085,0.017,0.0005045705871582031,-3.8405418395996095e-05,0.0006570899658203125,-0.0010625759277343748,8.458546447753906e-05,1.3855410575866698e-05
167,797453.0,-1.061,0.085,0.018,0.0005045569152832032,-3.840596389770508e-05,0.0006570955810546874,-0.001062771484375,8.486428833007812e-05,1.3712799072265625e-05
168,797463.0,-1.061,0.085,0.018,0.0005045603637695312,-3.837044906616211e-05,0.0006570839843750001,-0.0010627333984375,8.488269805908203e-05,1.37150297164917e-05
169,797473.0,-1.061,0.085,0.018,0.0005045634765625,-3.838917922973633e-05,0.0006570829467773438,-0.0010630428466796875,8.490594482421874e-05,1.3688236236572266e-05
170,797483.0,-1.061,0.085,0.017,0.0005045416259765625,-3.839205169677734e-05,0.0006570941162109375,-0.001062666015625,8.460416412353515e-05,1.3825450897216796e-05
171,797493.0,-1.062,0.085,0.017,0.0005045514221191406,-3.8385833740234376e-05,0.0006570961914062499,-0.0010628062744140626,8.486383819580078e-05,1.3710047721862793e-05
172,797503.0,-1.062,0.085,0.019,0.0005045478210449219,-3.8392967224121096e-05,0.0006570803833007812,-0.0010627913818359376,8.490348815917969e-05,1.3706015586853028e-05
173,797513.0,-1.062,0.085,0.019,0.0005045310058593751,-3.8383094787597654e-05,0.0006570924682617188,-0.001062781982421875,8.489707183837891e-05,1.370749282836914e-05
174,797523.0,-1.062,0.085,0.018,0.0005045574645996094,-3.841144943237305e-05,0.0006570833740234375,-0.00106311279296875,8.384851074218749e-05,1.4303255081176757e-05
175,797533.0,-1.062,0.085,0.018,0.0005045548095703125,-3.839381790161133e-05,0.0006570950317382812,-0.001062768310546875,8.487053680419921e-05,1.3730657577514649e-05
176,797543.0,-1.062,0.085,0.019,0.0005045465698242188,-3.841048049926758e-05,0.0006570797119140624,-0.00106272998046875,8.487128448486327e-05,1.3716493606567382e-05
177,797553.0,-1.062,0.085,0.019,0.0005045800781250001,-3.839699172973633e-05,0.0006570889282226563,-0.0010629239501953125,8.489490509033203e-05,1.3693022727966308e-05
178,797563.0,-1.062,0.085,0.019,0.0005045572814941406,-3.840298080444336e-05,0.0006570866088867188,-0.0010625029296874998,8.462337493896484e-05,1.3901800155639647e-05
179,797573.0,-1.062,0.085,0.019,0.0005045317687988281,-3.839793014526367e-05,0.0006570760498046874,-0.001062723388671875,8.48779525756836e-05,1.3743766784667969e-05
180,797583.0,-1.062,0.085,0.02,0.000504532958984375,-3.839068603515625e-05,0.0006570665283203125,-0.0010627412109375,8.487947845458984e-05,1.3716133117675781e-05
181,797593.0,-1.062,0.085,0.02,0.0005045548400878907,-3.837847900390625e-05,0.0006570819091796875,-0.001062765625,8.48795394897461e-05,1.3734532356262206e-05
182,797603.0,-1.062,0.085,0.019,0.0005045564880371094,-3.8410903930664064e-05,0.0006570841674804687,-0.001062623046875,8.424293518066405e-05,1.3761961936950683e-05
183,797613.0,-1.062,0.085,0.019,0.0005045193481445313,-3.837757492065429e-05,0.0006570739135742188,-0.001062602294921875,8.458575439453125e-05,1.3893622398376465e-05
184,797623.0,-1.062,0.085,0.019,0.0005044697570800781,-3.850260162353516e-05,0.0006569988403320313,-0.001062764892578125,8.487712860107421e-05,1.3721378326416015e-05
185,797633.0,-1.062,0.085,0.019,0.0005044811401367187,-3.849594497680664e-05,0.0006569874267578125,-0.00106273876953125,8.4872314453125e-05,1.373514461517334e-05
186,797643.0,-1.062,0.085,0.019,0.0005044380187988281,-3.848500442504882e-05,0.00065698876953125,-0.001062615966796875,8.466444396972657e-05,1.3822442054748535e-05
187,797653.0,-1.062,0.085,0.019,0.0005044698486328125,-3.847600555419922e-05,0.0006569913330078125,-0.00106272900390625,8.489012145996094e-05,1.372350788116455e-05
188,797663.0,-1.062,0.085,0.018,0.0005044728698730468,-3.84875373840332e-05,0.0006569866943359375,-0.001062762451171875,8.489588165283203e-05,1.3721179962158204e-05
189,797673.0,-1.062,0.085,0.018,0.0005045045166015624,-3.8478256225585935e-05,0.0006570074462890625,-0.0010627380371093752,8.48878402709961e-05,1.3741975784301756e-05
190,797683.0,-1.062,0.084,0.018,0.0005044622802734375,-3.849557876586914e-05,0.0006569986572265625,-0.00106303466796875,8.493540954589844e-05,1.3648811340332032e-05
191,797693.0,-1.062,0.084,0.018,0.000504478515625,-3.84932861328125e-05,0.0006569947509765624,-0.0010625865478515626,8.455375671386719e-05,1.3875466346740723e-05
192,797703.0,-1.062,0.084,0.017,0.00050444921875,-3.848650741577148e-05,0.0006569854736328125,-0.0010627514648437499,8.489196777343749e-05,1.3732177734375e-05
193,797713.0,-1.062,0.084,0.017,0.0005044734802246094,-3.849699401855469e-05,0.0006570033569335938,-0.0010627642822265625,8.489093017578126e-05,1.372455310821533e-05
194,797723.0,-1.062,0.084,0.018,0.0005044822387695313,-3.848889541625976e-05,0.0006570049438476563,-0.0010630152587890625,8.4903564453125e-05,1.3625245094299317e-05
195,797733.0,-1.062,0.084,0.018,0.0005044597473144531,-3.84840087890625e-05,0.0006570003662109375,-0.001062718505859375,8.479906463623046e-05,1.3794398307800293e-05
196,797743.0,-1.062,0.084,0.018,0.0005044724426269532,-3.846725082397461e-05,0.0006570035400390625,-0.0010627528076171875,8.488893127441406e-05,1.370193099975586e-05
197,797753.0,-1.062,0.084,0.017,0.0005044784851074218,-3.850761795043945e-05,0.0006569905395507812,-0.001062734130859375,8.487673187255859e-05,1.3714735031127929e-05
198,797763.0,-1.062,0.084,0.019,0.0005044883728027344,-3.848448944091796e-05,0.0006570148925781249,-0.0010627645263671874,8.487445831298828e-05,1.370686435699463e-05
199,797773.0,-1.061,0.084,0.019,0.0005044985961914063,-3.851161193847656e-05,0.0006570010375976563,-0.00106266796875,8.419827270507812e-05,1.3728588104248048e-05
200,797783.0,-1.062,0.084,0.018,0.0005044557800292969,-3.848340225219726e-05,0.0006570010986328126,-0.0010627513427734375,8.486087799072266e-05,1.3703938484191893e-05
201,797793.0,-1.062,0.084,0.018,0.0005044616088867187,-3.848619079589844e-05,0.000657000244140625,-0.0010627338867187498,8.488306427001953e-05,1.3699116706848145e-05
202,797803.0,-1.062,0.084,0.018,0.0005044835815429687,-3.847194290161133e-05,0.0006570093383789063,-0.0010627183837890626,8.487397766113282e-05,1.3727693557739259e-05
203,797813.0,-1.062,0.084,0.019,0.0005044835205078125,-3.848723983764649e-05,0.0006570032958984376,-0.0010626778564453126,8.468067169189452e-05,1.3722787857055664e-05
204,797823.0,-1.062,0.084,0.018,0.0005044797973632813,-3.844915390014648e-05,0.0006570018920898437,-0.0010627304687500002,8.48672103881836e-05,1.3715320587158203e-05
205,797833.0,-1.062,0.084,0.018,0.000504483642578125,-3.846074676513672e-05,0.0006570089721679687,-0.0010627232666015625,8.489570617675782e-05,1.3719701766967772e-05
206,797843.0,-1.062,0.085,0.018,0.0005044913330078124,-3.84483757019043e-05,0.0006569811401367187,-0.0010627203369140625,8.487684631347655e-05,1.3729504585266113e-05
207,797853.0,-1.062,0.084,0.019,0.0005044846191406251,-3.848381423950195e-05,0.0006570088500976563,-0.0010630440673828126,8.491929626464844e-05,1.363479709625244e-05
208,797863.0,-1.062,0.084,0.019,0.0005044687805175782,-3.8453670501708984e-05,0.0006570176391601562,-0.0010626065673828124,8.45725326538086e-05,1.3888579368591309e-05
209,797873.0,-1.062,0.084,0.018,0.0005044846801757813,-3.846433639526367e-05,0.0006570155029296874,-0.001062739013671875,8.486688995361328e-05,1.3723753929138182e-05
210,797883.0,-1.062,0.084,0.018,0.000504529052734375,-3.849016189575195e-05,0.0006570054321289062,-0.0010627592773437499,8.487778472900391e-05,1.3729866981506347e-05
211,797893.0,-1.062,0.084,0.019,0.0005045021362304688,-3.848373031616211e-05,0.00065701220703125,-0.001063024169921875,8.383942413330078e-05,1.4177900314331054e-05
212,797903.0,-1.062,0.084,0.019,0.0005045143127441405,-3.84868049621582e-05,0.0006570009155273437,-0.0010625985107421876,8.460635375976562e-05,1.3844663619995117e-05
213,797913.0,-1.062,0.084,0.019,0.0005044961242675782,-3.847797012329102e-05,0.0006570311279296875,-0.0010627420654296875,8.489168548583985e-05,1.3744742393493652e-05
214,797923.0,-1.062,0.084,0.018,0.0005045080871582032,-3.847229766845703e-05,0.0006570259399414063,-0.001062740234375,8.489365386962891e-05,1.3727519989013673e-05
215,797933.0,-1.062,0.084,0.018,0.0005044972839355469,-3.84522590637207e-05,0.0006570040283203124,-0.0010627291259765626,8.488627624511718e-05,1.3718928337097168e-05
216,797943.0,-1.062,0.084,0.019,0.0005045025329589844,-3.847526550292969e-05,0.0006570072631835937,-0.0010626715087890626,8.4174072265625e-05,1.3723739624023437e-05
217,797953.0,-1.062,0.084,0.019,0.0005045239868164063,-3.8461051940917973e-05,0.0006570301513671874,-0.0010627237548828125,8.488549041748048e-05,1.3726451873779296e-05
218,797963.0,-1.062,0.085,0.019,0.0005045196228027343,-3.844530487060547e-05,0.0006570186157226563,-0.0010627349853515624,8.486830139160156e-05,1.3726703643798828e-05
219,797973.0,-1.062,0.085,0.019,0.0005045281982421875,-3.84605484008789e-05,0.0006570356445312499,-0.0010627230224609374,8.486529541015625e-05,1.3745985031127928e-05
220,797983.0,-1.062,0.085,0.02,0.0005045123901367188,-3.847097396850586e-05,0.00065704541015625,-0.0010626873779296874,8.421044158935546e-05,1.37285737991333e-05
221,797993.0,-1.062,0.085,0.019,0.0005044885253906251,-3.8447593688964844e-05,0.000657008056640625,-0.00106272802734375,8.488665771484374e-05,1.373594093322754e-05
222,798003.0,-1.062,0.084,0.019,0.000504515869140625,-3.8452186584472655e-05,0.0006570363159179687,-0.001062715087890625,8.488797760009765e-05,1.3731711387634277e-05
223,798013.0,-1.062,0.085,0.019,0.0005045083312988281,-3.845001220703125e-05,0.0006570193481445312,-0.0010627352294921874,8.486949920654297e-05,1.3752259254455567e-05
224,798023.0,-1.062,0.085,0.018,0.0005045117492675781,-3.8470890045166017e-05,0.0006570389404296874,-0.0010625911865234374,8.424237823486327e-05,1.3769692420959472e-05
225,798033.0,-1.062,0.084,0.02,0.0005045033264160155,-3.8449890136718746e-05,0.0006570150756835938,-0.0010627330322265625,8.487701416015625e-05,1.3724295616149902e-05
226,798043.0,-1.062,0.085,0.019,0.0005044995727539062,-3.847120666503906e-05,0.0006570208740234374,-0.0010627442626953126,8.488048553466797e-05,1.3715300559997558e-05
227,798053.0,-1.062,0.084,0.019,0.0005044945068359376,-3.8456264495849606e-05,0.0006570339965820312,-0.0010627459716796874,8.487057495117188e-05,1.3725299835205079e-05
228,798063.0,-1.062,0.084,0.019,0.0005045152893066406,-3.8453395843505854e-05,0.0006570493774414062,-0.0010626763916015624,8.466897583007813e-05,1.3746321678161622e-05
229,798073.0,-1.062,0.084,0.019,0.0005045296020507813,-3.849267196655273e-05,0.0006570536499023437,-0.001062585205078125,8.458218383789063e-05,1.3873800277709961e-05
230,798083.0,-1.062,0.085,0.019,0.0005045272216796876,-3.845218276977539e-05,0.000657071533203125,-0.0010627001953124999,8.486604309082031e-05,1.3738969802856444e-05
231,798093.0,-1.062,0.085,0.019,0.0005045041809082032,-3.845658111572266e-05,0.0006570462646484375,-0.0010627615966796876,8.48879165649414e-05,1.3733484268188478e-05
232,798103.0,-1.062,0.085,0.018,0.0005045245666503906,-3.847578811645508e-05,0.0006570596313476562,-0.0010630283203125,8.491576385498047e-05,1.3698895454406739e-05
233,798113.0,-1.062,0.085,0.019,0.0005045418395996094,-3.848586654663086e-05,0.0006570672607421875,-0.0010625068359375002,8.457293701171875e-05,1.3903286933898927e-05
234,798123.0,-1.062,0.085,0.019,0.0005045221862792969,-3.8446483612060545e-05,0.0006570465087890624,-0.001062730224609375,8.486344146728515e-05,1.372734546661377e-05
235,798133.0,-1.062,0.085,0.019,0.0005045311889648437,-3.845766448974609e-05,0.0006570689697265625,-0.001062747802734375,8.488482666015624e-05,1.3728343963623046e-05
236,798143.0,-1.062,0.085,0.018,0.0005045486450195312,-3.8474067687988276e-05,0.0006570584106445313,-0.00106301025390625,8.491177368164063e-05,1.3670963287353516e-05
237,798153.0,-1.062,0.085,0.018,0.0005045309143066407,-3.845919418334961e-05,0.0006570701904296875,-0.0010625700683593751,8.458345794677734e-05,1.386956024169922e-05
238,798163.0,-1.062,0.083,0.019,0.0005045462646484375,-3.847048950195313e-05,0.0006570684814453125,-0.0010627421875,8.487574768066406e-05,1.3742968559265138e-05
239,798173.0,-1.062,0.083,0.019,0.0005045215759277344,-3.84792251586914e-05,0.0006570806274414062,-0.001062744384765625,8.48774185180664e-05,1.3725545883178712e-05
240,798183.0,-1.062,0.084,0.018,0.0005045418395996094,-3.8455097198486324e-05,0.0006570905151367188,-0.001062669921875,8.488387298583983e-05,1.376503562927246e-05
241,798193.0,-1.062,0.084,0.018,0.000504539794921875,-3.848089218139648e-05,0.0006570872802734376,-0.0010626146240234374,8.427120971679687e-05,1.3765573501586915e-05
242,798203.0,-1.062,0.084,0.019,0.0005045350036621093,-3.846876907348633e-05,0.0006570822143554687,-0.0010627424316406251,8.487360382080079e-05,1.3738194465637207e-05
243,798213.0,-1.062,0.084,0.019,0.0005045337524414063,-3.8469474792480465e-05,0.0006570797119140624,-0.001062694091796875,8.489452362060547e-05,1.374388313293457e-05
244,798223.0,-1.062,0.084,0.019,0.0005045389404296875,-3.847038269042969e-05,0.0006570932006835937,-0.0010627452392578125,8.487834930419921e-05,1.3716773986816406e-05
245,798233.0,-1.062,0.084,0.019,0.0005045423889160157,-3.845867919921875e-05,0.0006570689086914062,-0.0010626165771484375,8.421595001220702e-05,1.3759047508239745e-05
246,798243.0,-1.062,0.084,0.018,0.0005045324096679687,-3.847041320800781e-05,0.0006570704956054687,-0.0010627191162109375,8.487076568603516e-05,1.3735508918762207e-05
247,798253.0,-1.062,0.084,0.019,0.0005045588073730469,-3.8490653991699214e-05,0.0006570725708007813,-0.001062698486328125,8.486753845214844e-05,1.3738293647766113e-05
248,798263.0,-1.063,0.084,0.018,0.0005045390319824218,-3.84592170715332e-05,0.0006570768432617187,-0.0010627608642578125,8.489248657226563e-05,1.3754298210144042e-05
249,798273.0,-1.063,0.083,0.018,0.0005045475769042968,-3.8479824066162105e-05,0.0006570983276367187,-0.0010629685058593749,8.492033386230468e-05,1.3730985641479493e-05
250,798283.0,-1.062,0.084,0.018,0.0005045575561523438,-3.84825439453125e-05,0.000657091796875,-0.0010625567626953126,8.457518005371094e-05,1.3919298171997069e-05
251,798293.0,-1.062,0.084,0.019,0.0005045354309082031,-3.8449188232421875e-05,0.0006570811157226563,-0.0010627579345703125,8.488108825683594e-05,1.3743005752563475e-05
252,798303.0,-1.062,0.084,0.018,0.0005045177612304688,-3.84671516418457e-05,0.0006570828247070313,-0.0010627330322265625,8.486367034912109e-05,1.3741678237915038e-05
253,798313.0,-1.062,0.084,0.018,0.0005045651855468751,-3.847344970703125e-05,0.0006570678100585937,-0.0010625996093750001,8.466416931152345e-05,1.3793620109558105e-05
254,798323.0,-1.062,0.084,0.018,0.0005045741271972656,-3.850772857666015e-05,0.0006571032714843749,-0.00106255712890625,8.459529113769532e-05,1.388826560974121e-05
255,798333.0,-1.062,0.084,0.019,0.0005045407104492188,-3.849016571044922e-05,0.0006570989990234375,-0.0010627576904296875,8.488533782958985e-05,1.3743988990783691e-05
256,798343.0,-1.062,0.084,0.019,0.0005045340270996094,-3.850626373291016e-05,0.0006570772705078125,-0.001062756103515625,8.488796997070312e-05,1.3722466468811037e-05
257,798353.0,-1.062,0.084,0.019,0.0005045567626953125,-3.846501541137695e-05,0.0006570868530273437,-0.001062761962890625,8.488329315185547e-05,1.3747343063354492e-05
258,798363.0,-1.062,0.084,0.018,0.0005045583801269531,-3.847361755371094e-05,0.0006570765991210937,-0.001062751220703125,8.420624542236329e-05,1.3713513374328614e-05
259,798373.0,-1.062,0.084,0.018,0.0005045945434570312,-3.847864532470703e-05,0.0006571165771484376,-0.001062745849609375,8.488978576660157e-05,1.372879695892334e-05
260,798383.0,-1.062,0.084,0.018,0.0005045567016601562,-3.8485988616943357e-05,0.0006570768432617187,-0.0010627550048828126,8.489305114746094e-05,1.371638298034668e-05
261,798393.0,-1.062,0.085,0.018,0.000504553924560547,-3.849010848999023e-05,0.0006570943603515625,-0.0010627606201171875,8.488404083251953e-05,1.3719914436340331e-05
262,798403.0,-1.062,0.085,0.018,0.0005045869140625,-3.848539733886719e-05,0.0006570928344726562,-0.0010627239990234373,8.420359802246094e-05,1.3723844528198243e-05
263,798413.0,-1.062,0.085,0.017,0.000504560546875,-3.846912002563477e-05,0.0006570882568359375,-0.0010627415771484374,8.488047790527343e-05,1.370673370361328e-05
264,798423.0,-1.062,0.085,0.019,0.000504582763671875,-3.845654678344727e-05,0.0006570758056640625,-0.0010627469482421875,8.48817367553711e-05,1.3732575416564942e-05
265,798433.0,-1.062,0.085,0.018,0.0005045696105957032,-3.847368240356446e-05,0.00065708447265625,-0.0010627197265625,8.490780639648437e-05,1.3742834091186523e-05
266,798443.0,-1.062,0.085,0.018,0.0005045787658691407,-3.848241043090821e-05,0.0006570776367187499,-0.0010625830078125,8.423344421386719e-05,1.3764031410217284e-05
267,798453.0,-1.061,0.085,0.018,0.0005045649414062499,-3.84792251586914e-05,0.00065705419921875,-0.0010625949707031251,8.45936279296875e-05,1.3880658149719237e-05
268,798463.0,-1.061,0.085,0.017,0.0005045919494628907,-3.847901153564453e-05,0.0006570712280273437,-0.0010627305908203124,8.490689849853515e-05,1.3729140281677247e-05
269,798473.0,-1.061,0.085,0.019,0.0005045665283203124,-3.845238494873047e-05,0.0006570765380859375,-0.0010626746826171876,8.491573333740236e-05,1.3743313789367676e-05
270,798483.0,-1.061,0.085,0.018,0.0005045690002441406,-3.845698547363281e-05,0.0006570560302734376,-0.0010625889892578123,8.42238998413086e-05,1.3740793228149413e-05
271,798493.0,-1.061,0.085,0.018,0.0005045650024414062,-3.8460311889648434e-05,0.0006570384521484375,-0.0010625753173828126,8.457925415039062e-05,1.390030288696289e-05
272,798503.0,-1.061,0.085,0.018,0.0005045989685058594,-3.8453399658203124e-05,0.0006570509643554687,-0.0010626153564453125,8.488689422607422e-05,1.3761968612670898e-05
273,798513.0,-1.061,0.085,0.019,0.0005045841979980469,-3.843463134765625e-05,0.000657044189453125,-0.0010627456054687501,8.489832305908203e-05,1.3733114242553711e-05
274,798523.0,-1.061,0.086,0.019,0.0005045874328613281,-3.846527862548828e-05,0.0006570439453125,-0.0010629661865234374,8.48992919921875e-05,1.3677765846252441e-05
275,798533.0,-1.061,0.086,0.018,0.0005045896606445312,-3.844611358642578e-05,0.00065704345703125,-0.001062723388671875,8.421781158447265e-05,1.3721867561340333e-05
276,798543.0,-1.061,0.085,0.018,0.0005045885009765625,-3.8430225372314455e-05,0.0006570563354492187,-0.0010626895751953125,8.48593978881836e-05,1.3738368988037109e-05
277,798553.0,-1.061,0.085,0.019,0.0005045841369628907,-3.845608520507812e-05,0.0006570460815429688,-0.001062694580078125,8.488718414306641e-05,1.3726161003112794e-05
278,798563.0,-1.061,0.085,0.019,0.000504594970703125,-3.8466583251953124e-05,0.0006570255126953125,-0.001062968017578125,8.489551544189452e-05,1.3668139457702637e-05
279,798573.0,-1.061,0.086,0.019,0.0005045722351074219,-3.8428901672363285e-05,0.0006570502319335938,-0.001062694091796875,8.481719970703125e-05,1.3797112464904785e-05
280,798583.0,-1.061,0.085,0.019,0.0005045975036621094,-3.847118377685547e-05,0.0006570577392578125,-0.0010626395263671875,8.485981750488281e-05,1.3756432533264161e-05
281,798593.0,-1.061,0.086,0.018,0.0005045572509765624,-3.846124649047852e-05,0.0006570415649414062,-0.0010627237548828125,8.486013793945312e-05,1.3726579666137695e-05
282,798603.0,-1.061,0.086,0.018,0.000504580810546875,-3.8463050842285156e-05,0.0006570490112304687,-0.0010627432861328126,8.487355804443359e-05,1.3731008529663085e-05
283,798613.0,-1.062,0.085,0.018,0.0005045887451171875,-3.850271987915039e-05,0.0006570446166992188,-0.0010626922607421877,8.418891906738281e-05,1.3735593795776368e-05
284,798623.0,-1.062,0.085,0.018,0.0005046024169921876,-3.848175811767579e-05,0.0006570476684570312,-0.0010627398681640626,8.488902282714844e-05,1.3718117713928223e-05
285,798633.0,-1.061,0.085,0.017,0.0005045851440429687,-3.850246810913086e-05,0.00065703857421875,-0.0010627508544921876,8.487445068359376e-05,1.373851203918457e-05
286,798643.0,-1.061,0.085,0.019,0.0005045883178710937,-3.848833465576172e-05,0.0006570391235351563,-0.0010627294921874998,8.486982727050782e-05,1.373434829711914e-05
287,798653.0,-1.062,0.085,0.018,0.0005045780029296874,-3.848402786254883e-05,0.0006570512084960937,-0.0010630739746093749,8.384390258789062e-05,1.4197976112365722e-05
288,798663.0,-1.062,0.085,0.018,0.0005045971984863281,-3.8513923645019527e-05,0.0006570737915039062,-0.0010627437744140625,8.488347625732422e-05,1.3732666015625e-05
289,798673.0,-1.062,0.085,0.018,0.0005046013793945312,-3.852158737182617e-05,0.00065706787109375,-0.0010627430419921874,8.488106536865235e-05,1.3739676475524902e-05
290,798683.0,-1.062,0.085,0.017,0.0005045939636230468,-3.8479282379150386e-05,0.0006570535888671874,-0.0010627625732421875,8.488729095458984e-05,1.3753942489624023e-05
291,798693.0,-1.062,0.085,0.019,0.0005045894165039062,-3.850494766235352e-05,0.0006570613403320312,-0.0010630123291015625,8.492736053466797e-05,1.3669699668884276e-05
292,798703.0,-1.062,0.085,0.019,0.0005046073608398437,-3.849930191040039e-05,0.0006570752563476563,-0.0010626932373046876,8.419786834716797e-05,1.3727734565734864e-05
293,798713.0,-1.062,0.085,0.018,0.0005045806579589843,-3.850916290283203e-05,0.0006570502319335938,-0.0010627491455078124,8.488802337646484e-05,1.3732471466064453e-05
294,798723.0,-1.062,0.085,0.018,0.0005045919494628907,-3.854390335083008e-05,0.0006570665893554688,-0.0010626837158203123,8.49024887084961e-05,1.3766256332397462e-05
295,798733.0,-1.062,0.085,0.018,0.0005045862121582031,-3.850127410888672e-05,0.0006570711059570312,-0.0010630546875,8.49052505493164e-05,1.3659993171691893e-05
296,798743.0,-1.062,0.085,0.018,0.0005046069030761719,-3.85262336730957e-05,0.0006570682983398437,-0.0010625855712890623,8.457891845703124e-05,1.3916227340698242e-05
297,798753.0,-1.062,0.085,0.017,0.0005046003112792968,-3.853112411499023e-05,0.0006570734252929688,-0.001062761962890625,8.490846252441405e-05,1.3729454994201661e-05
298,798763.0,-1.062,0.085,0.017,0.0005045995178222656,-3.852147293090821e-05,0.0006570784301757812,-0.0010627615966796876,8.489527893066407e-05,1.3747109413146971e-05
299,798773.0,-1.062,0.085,0.017,0.0005045862426757812,-3.849393081665039e-05,0.0006570859375,-0.0010627484130859375,8.489891815185546e-05,1.3743475914001464e-05
300,798783.0,-1.062,0.084,0.017,0.0005046015625,-3.852822113037109e-05,0.0006570758056640625,-0.00106276123046875,8.41838607788086e-05,1.3728527069091798e-05
301,798793.0,-1.062,0.084,0.017,0.0005046077880859376,-3.852456283569336e-05,0.0006571064453125,-0.0010627567138671874,8.489993286132813e-05,1.3734628677368164e-05
302,798803.0,-1.062,0.084,0.017,0.0005045980834960937,-3.853029251098633e-05,0.0006570551757812499,-0.0010627860107421875,8.491732025146483e-05,1.3740283012390137e-05
303,798813.0,-1.062,0.084,0.017,0.0005045946350097656,-3.85356330871582e-05,0.0006570762329101563,-0.0010627900390625,8.489551544189452e-05,1.3746044158935548e-05
304,798823.0,-1.062,0.084,0.018,0.0005046048583984375,-3.8544597625732426e-05,0.000657079833984375,-0.0010625699462890625,8.484198760986328e-05,1.3882596969604492e-05
305,798833.0,-1.062,0.084,0.017,0.0005046014709472656,-3.853224182128906e-05,0.0006570961303710937,-0.00106276953125,8.488486480712891e-05,1.37609806060791e-05
306,798843.0,-1.062,0.084,0.017,0.0005046278076171875,-3.855400848388671e-05,0.0006570922851562499,-0.0010627874755859375,8.492271423339844e-05,1.3746260643005372e-05
307,798853.0,-1.062,0.084,0.017,0.0005046351318359375,-3.852032089233398e-05,0.0006571014404296875,-0.0010627685546875,8.489830017089844e-05,1.3746673583984376e-05
308,798863.0,-1.062,0.084,0.018,0.0005046550903320313,-3.856425476074219e-05,0.0006571085205078125,-0.001062609130859375,8.464536285400391e-05,1.3817132949829102e-05
309,798873.0,-1.062,0.084,0.018,0.0005046652221679688,-3.8577259063720705e-05,0.0006571153564453125,-0.0010625760498046875,8.461756896972656e-05,1.3881092071533203e-05
310,798883.0,-1.062,0.084,0.018,0.0005046426696777344,-3.85467643737793e-05,0.0006570897827148437,-0.001062741943359375,8.490802001953125e-05,1.3764101028442382e-05
311,798893.0,-1.062,0.084,0.017,0.0005046338806152344,-3.856484603881836e-05,0.0006571098022460937,-0.0010627607421875,8.491640472412109e-05,1.3782654762268067e-05
312,798903.0,-1.062,0.084,0.017,0.0005046553344726562,-3.859107208251953e-05,0.0006571077880859375,-0.0010625665283203124,8.421966552734375e-05,1.377315616607666e-05
313,798913.0,-1.062,0.084,0.019,0.0005046801452636719,-3.854557037353516e-05,0.0006571127319335938,-0.00106258251953125,8.459856414794923e-05,1.3878068923950194e-05
314,798923.0,-1.062,0.084,0.018,0.0005046792297363282,-3.854010009765625e-05,0.000657122802734375,-0.001062764892578125,8.492178344726562e-05,1.3751669883728028e-05
315,798933.0,-1.062,0.084,0.018,0.0005046697387695312,-3.855600357055664e-05,0.0006571199340820313,-0.0010627789306640624,8.492201995849609e-05,1.3750885963439941e-05
316,798943.0,-1.062,0.084,0.018,0.0005046888427734375,-3.857021713256835e-05,0.0006571259155273438,-0.0010630159912109376,8.494744873046876e-05,1.3667828559875488e-05
317,798953.0,-1.062,0.084,0.019,0.0005046821289062499,-3.857263946533203e-05,0.0006571265258789063,-0.0010627899169921874,8.484495544433594e-05,1.3795646667480468e-05
318,798963.0,-1.062,0.084,0.018,0.0005046643676757813,-3.8535209655761715e-05,0.0006571130981445312,-0.0010626977539062502,8.494482421875e-05,1.379521369934082e-05
319,798973.0,-1.062,0.084,0.018,0.0005046442260742188,-3.8521732330322265e-05,0.000657065185546875,-0.00106275390625,8.492450714111329e-05,1.3741806983947754e-05
320,798983.0,-1.062,0.084,0.018,0.0005046173095703125,-3.8490070343017583e-05,0.0006570632934570313,-0.0010629967041015625,8.494602203369141e-05,1.3705330848693848e-05
321,798993.0,-1.062,0.084,0.018,0.0005045055847167968,-3.837678909301758e-05,0.0006569216918945312,-0.00106274853515625,8.484017944335938e-05,1.3827629089355468e-05
322,799003.0,-1.062,0.084,0.019,0.0005045077514648438,-3.8344161987304684e-05,0.0006569321899414062,-0.0010627155761718749,8.490704345703125e-05,1.3752429962158204e-05
323,799013.0,-1.062,0.083,0.019,0.000504486572265625,-3.8340953826904296e-05,0.0006569102783203125,-0.001062766357421875,8.492736053466797e-05,1.3763996124267578e-05
324,799023.0,-1.062,0.083,0.018,0.0005044393920898437,-3.833225631713867e-05,0.0006568978271484375,-0.0010627398681640626,8.4909423828125e-05,1.374365234375e-05
325,799033.0,-1.062,0.083,0.018,0.0005044524841308594,-3.8320552825927735e-05,0.000656895263671875,-0.0010625819091796876,8.468882751464844e-05,1.3860910415649415e-05
326,799043.0,-1.062,0.083,0.019,0.0005044333190917969,-3.833556365966797e-05,0.0006569075927734375,-0.00106268310546875,8.491378784179688e-05,1.3754237174987792e-05
327,799053.0,-1.062,0.083,0.019,0.0005043717651367187,-3.828741073608399e-05,0.0006568969116210937,-0.0010626389160156252,8.49120635986328e-05,1.3790395736694337e-05
328,799063.0,-1.062,0.084,0.019,0.0005043765563964844,-3.830084228515625e-05,0.0006568870239257813,-0.0010627493896484374,8.491016387939452e-05,1.375815773010254e-05
329,799073.0,-1.062,0.084,0.018,0.0005043641967773438,-3.83177604675293e-05,0.0006568722534179688,-0.0010625814208984374,8.465968322753906e-05,1.3820219993591308e-05
330,799083.0,-1.062,0.084,0.019,0.0005043399353027344,-3.830279541015625e-05,0.0006569122924804688,-0.0010627398681640626,8.490193939208984e-05,1.3746071815490722e-05
331,799093.0,-1.062,0.084,0.019,0.0005043334350585938,-3.831215667724609e-05,0.0006568823242187501,-0.0010627424316406251,8.488975524902344e-05,1.3735627174377441e-05
332,799103.0,-1.062,0.083,0.019,0.0005043401489257813,-3.82795295715332e-05,0.0006568915405273437,-0.0010627547607421875,8.489997100830078e-05,1.3714482307434082e-05
333,799113.0,-1.062,0.084,0.018,0.0005043067321777344,-3.829513931274414e-05,0.0006568950805664062,-0.0010629470214843751,8.491458129882813e-05,1.3695857048034669e-05
334,799123.0,-1.062,0.084,0.018,0.0005043323974609374,-3.833221435546875e-05,0.0006568798828124999,-0.001062578857421875,8.460578918457032e-05,1.3906336784362793e-05
335,799133.0,-1.062,0.084,0.02,0.0005043044433593749,-3.829656982421875e-05,0.0006568804321289062,-0.0010627686767578123,8.491563415527344e-05,1.373297119140625e-05
336,799143.0,-1.062,0.084,0.02,0.0005043372802734375,-3.830932235717773e-05,0.0006568928833007812,-0.0010627569580078124,8.491181182861327e-05,1.3723003387451172e-05
337,799153.0,-1.062,0.083,0.019,0.0005043062133789063,-3.8299446105957026e-05,0.0006568942260742188,-0.001062986572265625,8.49276123046875e-05,1.3695227622985839e-05
338,799163.0,-1.062,0.083,0.019,0.0005042832946777344,-3.830290222167969e-05,0.0006568644409179686,-0.0010625758056640624,8.459761047363282e-05,1.3875425338745117e-05
339,799173.0,-1.061,0.085,0.02,0.0005043268432617187,-3.8315799713134766e-05,0.0006568920288085938,-0.00106276318359375,8.489209747314453e-05,1.372883415222168e-05
340,799183.0,-1.062,0.084,0.019,0.0005042799987792968,-3.825152206420898e-05,0.0006568945312499999,-0.0010627608642578125,8.491059112548828e-05,1.3716123580932616e-05
341,799193.0,-1.062,0.084,0.019,0.0005043657836914063,-3.839790344238281e-05,0.0006569364624023437,-0.0010627669677734375,8.49019775390625e-05,1.3733010292053223e-05
342,799203.0,-1.062,0.084,0.019,0.0005042959289550781,-3.831372833251953e-05,0.0006568765869140625,-0.0010627670898437501,8.420686340332032e-05,1.3720046043395997e-05
343,799213.0,-1.062,0.084,0.018,0.0005042817687988282,-3.830083847045898e-05,0.0006568544921875001,-0.0010627530517578125,8.490580749511719e-05,1.3747421264648438e-05
344,799223.0,-1.062,0.084,0.019,0.0005042840576171875,-3.8325634002685546e-05,0.0006568697509765625,-0.001062735595703125,8.490299987792969e-05,1.3747852325439453e-05
345,799233.0,-1.062,0.084,0.019,0.0005042960205078126,-3.8300991058349606e-05,0.0006568677368164062,-0.0010629600830078126,8.490773010253906e-05,1.3658710479736328e-05
346,799243.0,-1.062,0.084,0.019,0.0005043117370605468,-3.83405532836914e-05,0.0006568779296875,-0.0010627447509765624,8.425786590576172e-05,1.3691480636596681e-05
347,799253.0,-1.062,0.084,0.018,0.0005043014526367188,-3.829041290283204e-05,0.0006568497924804687,-0.001062751220703125,8.489738464355469e-05,1.3716373443603515e-05
348,799263.0,-1.062,0.085,0.019,0.0005042914733886718,-3.829148483276367e-05,0.0006568590087890624,-0.001062772216796875,8.48839111328125e-05,1.3717574119567872e-05
349,799273.0,-1.061,0.085,0.019,0.0005042896423339843,-3.827217102050781e-05,0.0006568717651367187,-0.0010627348632812502,8.489999389648438e-05,1.3738386154174805e-05
350,799283.0,-1.062,0.085,0.019,0.0005042864074707031,-3.830615997314453e-05,0.0006568570556640625,-0.0010626282958984374,8.466449737548829e-05,1.3800302505493164e-05
351,799293.0,-1.062,0.085,0.018,0.0005042789001464844,-3.82938461303711e-05,0.0006568700561523438,-0.00106256689453125,8.462395477294923e-05,1.3878554344177246e-05
352,799303.0,-1.062,0.084,0.018,0.0005043013916015626,-3.830614852905274e-05,0.0006568655395507812,-0.0010627558593749998,8.488274383544923e-05,1.3711983680725098e-05
353,799313.0,-1.062,0.084,0.019,0.0005042640686035156,-3.830255126953125e-05,0.0006568488769531249,-0.0010627531738281251,8.488246154785156e-05,1.373044490814209e-05
354,799323.0,-1.062,0.084,0.018,0.000504270263671875,-3.8315105438232426e-05,0.0006568382568359376,-0.0010629676513671876,8.489332580566407e-05,1.3693267822265626e-05
355,799333.0,-1.062,0.084,0.018,0.0005043397521972657,-3.8370296478271485e-05,0.0006569219970703125,-0.0010625579833984375,8.462683868408203e-05,1.3915338516235352e-05
356,799343.0,-1.062,0.084,0.018,0.0005042474365234375,-3.8297996520996095e-05,0.000656837646484375,-0.00106275341796875,8.488864135742187e-05,1.3719645500183106e-05
357,799353.0,-1.062,0.084,0.019,0.0005042615966796875,-3.831408309936524e-05,0.0006568607788085937,-0.0010627652587890627,8.488448333740234e-05,1.3728307723999024e-05
358,799363.0,-1.062,0.084,0.018,0.0005042601928710939,-3.829230117797852e-05,0.0006568377685546874,-0.0010629844970703123,8.493144989013672e-05,1.36969575881958e-05
359,799373.0,-1.062,0.084,0.018,0.00050433984375,-3.8395664215087887e-05,0.0006569277954101562,-0.001062746826171875,8.421826171875001e-05,1.3739851951599122e-05
360,799383.0,-1.062,0.084,0.018,0.0005042366027832032,-3.8295806884765626e-05,0.0006568561401367188,-0.0010627542724609377,8.489945983886718e-05,1.371711540222168e-05
361,799393.0,-1.062,0.084,0.019,0.0005043555908203124,-3.839908599853516e-05,0.0006569489135742187,-0.0010627159423828125,8.489727783203125e-05,1.3728337287902833e-05
362,799403.0,-1.062,0.084,0.018,0.0005043703002929687,-3.840683364868164e-05,0.0006569378662109375,-0.001062988525390625,8.492877197265625e-05,1.3653557777404786e-05
363,799413.0,-1.062,0.084,0.018,0.0005043502197265624,-3.8420043945312505e-05,0.0006569451904296875,-0.0010627083740234375,8.421446990966797e-05,1.3737621307373047e-05
364,799423.0,-1.062,0.084,0.018,0.00050433984375,-3.839519119262695e-05,0.0006569049072265625,-0.0010627530517578125,8.489218139648437e-05,1.3738100051879882e-05
365,799433.0,-1.062,0.085,0.017,0.0005043458251953125,-3.842940521240234e-05,0.00065693408203125,-0.0010627453613281251,8.488732147216798e-05,1.3713568687438965e-05
366,799443.0,-1.062,0.084,0.019,0.0005043671569824219,-3.8420875549316406e-05,0.0006569526977539063,-0.0010627540283203124,8.48984832763672e-05,1.3724172592163086e-05
367,799453.0,-1.062,0.085,0.019,0.0005043940734863282,-3.844288635253906e-05,0.0006569680175781249,-0.0010626313476562498,8.465548706054688e-05,1.380216121673584e-05
368,799463.0,-1.062,0.085,0.019,0.0005043619995117188,-3.840077972412109e-05,0.00065697021484375,-0.0010627208251953123,8.489910125732422e-05,1.3734429359436035e-05
369,799473.0,-1.062,0.085,0.018,0.0005043894653320312,-3.842220306396484e-05,0.0006569960327148437,-0.001062697998046875,8.488442993164062e-05,1.3722537994384765e-05
370,799483.0,-1.062,0.084,0.02,0.000504406494140625,-3.845930480957031e-05,0.000656987060546875,-0.0010627296142578125,8.490394592285157e-05,1.3735873222351075e-05
371,799493.0,-1.062,0.084,0.019,0.0005043994445800781,-3.8453948974609376e-05,0.0006569768676757812,-0.0010625872802734375,8.419230651855469e-05,1.3739834785461426e-05
372,799503.0,-1.062,0.084,0.019,0.0005044239807128906,-3.8468513488769535e-05,0.0006570160522460937,-0.001062744140625,8.489369201660156e-05,1.3752202987670899e-05
373,799513.0,-1.062,0.085,0.019,0.0005044190368652344,-3.847709655761719e-05,0.000657017333984375,-0.0010627318115234373,8.490690612792969e-05,1.3717663764953614e-05
374,799523.0,-1.062,0.084,0.019,0.0005044381103515625,-3.845295333862304e-05,0.0006570429077148438,-0.0010627640380859375,8.48758773803711e-05,1.3711391448974609e-05
375,799533.0,-1.062,0.084,0.019,0.0005044322814941407,-3.84847526550293e-05,0.0006570053100585937,-0.001063014892578125,8.490982055664062e-05,1.3671391487121582e-05
376,799543.0,-1.062,0.084,0.018,0.0005044337463378907,-3.8479339599609375e-05,0.0006570469360351563,-0.0010627597656250002,8.4815185546875e-05,1.3781195640563964e-05
377,799553.0,-1.062,0.084,0.018,0.0005044185485839844,-3.8451053619384765e-05,0.0006570025024414063,-0.0010627237548828125,8.488207244873048e-05,1.3730358123779298e-05
378,799563.0,-1.062,0.084,0.018,0.0005044381103515625,-3.845552444458008e-05,0.0006570270385742187,-0.0010627303466796876,8.490123748779296e-05,1.3745450973510742e-05
379,799573.0,-1.062,0.084,0.018,0.0005044152526855469,-3.847271728515625e-05,0.0006570068359375,-0.0010629888916015625,8.49122085571289e-05,1.3654741287231444e-05
380,799583.0,-1.062,0.084,0.018,0.0005044384460449219,-3.8456207275390623e-05,0.0006570010375976563,-0.001062587890625,8.459232330322265e-05,1.387337303161621e-05
381,799593.0,-1.062,0.084,0.018,0.0005044348449707031,-3.848365783691406e-05,0.00065702294921875,-0.0010627318115234373,8.48812713623047e-05,1.3720415115356444e-05
382,799603.0,-1.062,0.084,0.017,0.00050447607421875,-3.850313186645508e-05,0.0006570352172851563,-0.0010627515869140625,8.489603424072267e-05,1.3733860969543457e-05
383,799613.0,-1.062,0.084,0.02,0.0005044506225585937,-3.8449649810791016e-05,0.0006570459594726563,-0.0010627379150390625,8.488078308105469e-05,1.3719571113586426e-05
384,799623.0,-1.062,0.084,0.019,0.0005044442443847656,-3.8486587524414065e-05,0.0006570120239257813,-0.00106268896484375,8.420136260986328e-05,1.3754278182983399e-05
385,799633.0,-1.062,0.084,0.019,0.0005044491577148438,-3.8469593048095706e-05,0.0006570469970703126,-0.0010627486572265625,8.488582611083985e-05,1.3750288009643555e-05
386,799643.0,-1.062,0.084,0.019,0.0005044460449218749,-3.8476665496826174e-05,0.000657020751953125,-0.001062738525390625,8.488277435302734e-05,1.3715674400329589e-05
387,799653.0,-1.062,0.084,0.018,0.0005044748229980469,-3.845760345458985e-05,0.0006570273437500001,-0.0010627322998046876,8.488932037353515e-05,1.3716666221618653e-05
388,799663.0,-1.062,0.084,0.019,0.0005044367065429688,-3.844270706176758e-05,0.0006570269775390625,-0.0010628226318359375,8.484507751464845e-05,1.3704935073852539e-05
389,799673.0,-1.062,0.084,0.019,0.0005044708557128907,-3.845567321777344e-05,0.0006570449829101562,-0.0010627703857421875,8.489090728759765e-05,1.3742966651916505e-05
390,799683.0,-1.062,0.084,0.018,0.0005044616088867187,-3.84687385559082e-05,0.0006570127563476562,-0.00106272265625,8.489949798583985e-05,1.374688720703125e-05
391,799693.0,-1.062,0.084,0.018,0.0005044257507324219,-3.843939971923828e-05,0.0006570012817382812,-0.0010627855224609375,8.48850326538086e-05,1.3714838027954102e-05
392,799703.0,-1.062,0.084,0.019,0.0005044525451660157,-3.844799041748047e-05,0.00065699169921875,-0.001062618408203125,8.421508026123046e-05,1.3763447761535645e-05
393,799713.0,-1.062,0.084,0.019,0.0005044404296875,-3.8464355468750006e-05,0.0006570146484375,-0.0010626005859375,8.458997344970703e-05,1.387651252746582e-05
394,799723.0,-1.063,0.084,0.019,0.0005044622192382813,-3.845560455322266e-05,0.0006570131225585938,-0.0010627889404296875,8.491561126708984e-05,1.3724781036376954e-05
395,799733.0,-1.062,0.085,0.018,0.0005044835815429687,-3.8448051452636716e-05,0.000657026123046875,-0.001062780517578125,8.491162109375e-05,1.3708483695983887e-05
396,799743.0,-1.063,0.084,0.02,0.0005044817810058594,-3.8442546844482425e-05,0.0006570466308593749,-0.001063052001953125,8.494416809082031e-05,1.3654406547546387e-05
397,799753.0,-1.062,0.084,0.02,0.0005044482421875,-3.844690322875977e-05,0.0006570175170898438,-0.0010625965576171873,8.460995483398437e-05,1.3861838340759278e-05
398,799763.0,-1.062,0.084,0.019,0.0005044581909179688,-3.8455703735351565e-05,0.0006570048828125001,-0.0010627591552734375,8.487474822998047e-05,1.3707358360290528e-05
399,799773.0,-1.063,0.084,0.019,0.0005044489135742188,-3.843188858032227e-05,0.0006570112915039063,-0.0010627337646484376,8.489055633544922e-05,1.3728989601135253e-05
400,799783.0,-1.063,0.084,0.019,0.0005044859008789062,-3.844538497924805e-05,0.0006570270385742187,-0.0010629998779296875,8.489562225341797e-05,1.363021945953369e-05
401,799793.0,-1.062,0.083,0.019,0.000504424346923828,-3.843220901489257e-05,0.0006570074462890625,-0.0010627691650390626,8.480852508544921e-05,1.3768174171447754e-05
402,799803.0,-1.062,0.084,0.019,0.000504456787109375,-3.846662902832031e-05,0.0006570160522460937,-0.0010627564697265625,8.4888671875e-05,1.3726114273071288e-05
403,799813.0,-1.062,0.084,0.018,0.0005044819030761719,-3.8427246093749996e-05,0.0006570073852539062,-0.001062759521484375,8.488592529296875e-05,1.3732894897460937e-05
404,799823.0,-1.063,0.084,0.018,0.0005044740905761719,-3.8437595367431636e-05,0.0006570133666992188,-0.0010630228271484375,8.494081115722656e-05,1.3656314849853514e-05
405,799833.0,-1.062,0.083,0.019,0.0005044800415039063,-3.84677848815918e-05,0.0006570112915039063,-0.001062731689453125,8.483724212646485e-05,1.377790355682373e-05
406,799843.0,-1.062,0.084,0.019,0.0005044927673339844,-3.8461097717285154e-05,0.0006570090942382812,-0.001062765869140625,8.490847778320312e-05,1.3728664398193361e-05
407,799853.0,-1.062,0.084,0.018,0.0005044445495605469,-3.84162368774414e-05,0.0006570152587890625,-0.0010627359619140627,8.48880157470703e-05,1.3728766441345216e-05
408,799863.0,-1.063,0.084,0.018,0.0005044463500976562,-3.843218994140625e-05,0.0006569898071289062,-0.0010627340087890624,8.48760757446289e-05,1.373288631439209e-05
409,799873.0,-1.063,0.084,0.018,0.0005044653930664063,-3.846689224243164e-05,0.0006569970703125,-0.001062599365234375,8.420552825927734e-05,1.3761355400085449e-05
410,799883.0,-1.063,0.083,0.018,0.0005044428100585937,-3.845815658569336e-05,0.0006569923706054687,-0.0010627592773437499,8.489474487304687e-05,1.3717987060546877e-05
411,799893.0,-1.062,0.083,0.018,0.0005044669494628907,-3.8455188751220705e-05,0.0006569976806640625,-0.001062759521484375,8.490668487548827e-05,1.3735186576843263e-05
412,799903.0,-1.062,0.083,0.017,0.0005044781799316407,-3.843859100341797e-05,0.0006570267333984376,-0.0010627432861328126,8.489136505126952e-05,1.3720433235168456e-05
413,799913.0,-1.062,0.083,0.017,0.0005044860229492188,-3.8463104248046875e-05,0.0006570044555664063,-0.0010625910644531248,8.466616058349609e-05,1.3817305564880371e-05
414,799923.0,-1.063,0.084,0.018,0.0005044679870605469,-3.843402099609375e-05,0.0006570022583007813,-0.0010627618408203126,8.489682006835937e-05,1.3721269607543945e-05
415,799933.0,-1.063,0.084,0.018,0.0005044708557128907,-3.8435890197753904e-05,0.0006570141601562501,-0.0010627297363281249,8.48894805908203e-05,1.373501968383789e-05
416,799943.0,-1.062,0.084,0.017,0.0005044635314941406,-3.841840744018555e-05,0.0006570180664062501,-0.0010627689208984375,8.491552734375e-05,1.3745821952819824e-05
417,799953.0,-1.062,0.084,0.017,0.0005044775390625001,-3.8421092987060546e-05,0.0006570089721679687,-0.001063020751953125,8.492311096191405e-05,1.3651701927185059e-05
418,799963.0,-1.062,0.084,0.018,0.000504483184814453,-3.841769790649414e-05,0.0006570064086914063,-0.0010625772705078124,8.45985107421875e-05,1.3880200386047363e-05
419,799973.0,-1.063,0.084,0.018,0.00050447314453125,-3.843350601196289e-05,0.000657012939453125,-0.0010626607666015624,8.489895629882813e-05,1.3750665664672852e-05
420,799983.0,-1.062,0.083,0.018,0.0005044859619140624,-3.8443359375e-05,0.0006569989624023438,-0.0010627557373046874,8.489990234375e-05,1.3730911254882813e-05
421,799993.0,-1.062,0.084,0.017,0.0005045153503417969,-3.842574310302734e-05,0.000657009521484375,-0.001063029541015625,8.493424987792969e-05,1.3677289009094237e-05
422,800003.0,-1.063,0.084,0.017,0.0005044800720214843,-3.844263839721679e-05,0.0006570069580078125,-0.001062610107421875,8.457429504394531e-05,1.3880475997924805e-05
423,800013.0,-1.063,0.084,0.019,0.0005044881286621094,-3.843906784057617e-05,0.0006570109252929687,-0.0010627685546875,8.488327789306641e-05,1.3724903106689452e-05
424,800023.0,-1.061,0.084,0.018,0.0005045000610351562,-3.846120071411133e-05,0.0006570051879882812,-0.00106274609375,8.488657379150391e-05,1.3712892532348634e-05
425,800033.0,-1.062,0.084,0.018,0.0005044846801757813,-3.84447135925293e-05,0.0006570175170898438,-0.0010627613525390624,8.490055847167969e-05,1.3725505828857422e-05
426,800043.0,-1.062,0.084,0.018,0.000504491455078125,-3.841740798950195e-05,0.0006570052490234375,-0.00106260400390625,8.421741485595704e-05,1.3760017395019533e-05
427,800053.0,-1.062,0.084,0.018,0.0005044945068359376,-3.847633743286133e-05,0.0006570223999023438,-0.0010627187499999999,8.489341735839844e-05,1.3740559577941896e-05
428,800063.0,-1.061,0.084,0.018,0.0005044958190917969,-3.842991256713867e-05,0.0006570148315429688,-0.0010627532958984375,8.48867645263672e-05,1.3734539985656739e-05
429,800073.0,-1.062,0.084,0.018,0.0005044913330078124,-3.8437446594238287e-05,0.0006570176391601562,-0.0010627227783203126,8.488886260986328e-05,1.3740599632263184e-05
430,800083.0,-1.062,0.084,0.017,0.0005044907836914062,-3.8418148040771486e-05,0.0006570304565429688,-0.0010627440185546875,8.419023895263672e-05,1.371748924255371e-05
431,800093.0,-1.062,0.084,0.017,0.0005044905395507812,-3.844482040405273e-05,0.000657035400390625,-0.00106276806640625,8.490061187744142e-05,1.3730926513671876e-05
432,800103.0,-1.062,0.084,0.019,0.0005044768981933594,-3.8445564270019526e-05,0.0006570015258789062,-0.001062757568359375,8.489358520507812e-05,1.3696414947509766e-05
433,800113.0,-1.062,0.084,0.019,0.0005044833679199219,-3.841248703002929e-05,0.0006569879150390625,-0.001062744140625,8.487006378173828e-05,1.3721823692321777e-05
434,800123.0,-1.062,0.084,0.019,0.0005044848327636719,-3.841664123535156e-05,0.0006570299072265625,-0.0010626093750000002,8.421913146972657e-05,1.3747357368469238e-05
435,800133.0,-1.062,0.084,0.018,0.0005044883728027344,-3.8434600830078126e-05,0.0006570285034179687,-0.001062601806640625,8.46191635131836e-05,1.384425926208496e-05
436,800143.0,-1.062,0.084,0.019,0.0005044904479980469,-3.845909881591797e-05,0.0006570135498046875,-0.00106274853515625,8.489413452148438e-05,1.3731718063354492e-05
437,800153.0,-1.062,0.084,0.019,0.0005045041198730468,-3.845185852050781e-05,0.0006570102539062501,-0.0010627025146484374,8.490451812744141e-05,1.3734647750854491e-05
438,800163.0,-1.062,0.084,0.019,0.0005045118713378906,-3.844704437255859e-05,0.0006570220947265625,-0.0010626086425781249,8.46728515625e-05,1.3794645309448242e-05
439,800173.0,-1.062,0.084,0.018,0.0005044715576171875,-3.842931365966797e-05,0.000657008056640625,-0.0010625986328125002,8.460228729248047e-05,1.385377311706543e-05
440,800183.0,-1.062,0.084,0.019,0.0005044782104492188,-3.842993545532226e-05,0.0006570142211914063,-0.0010627456054687501,8.488437652587891e-05,1.3717131614685058e-05
441,800193.0,-1.062,0.084,0.019,0.000504486358642578,-3.843164443969726e-05,0.0006570200805664062,-0.001062744384765625,8.490095520019533e-05,1.3738597869873046e-05
442,800203.0,-1.062,0.084,0.019,0.000504480712890625,-3.844868850708008e-05,0.0006569919433593751,-0.0010627348632812502,8.490179443359374e-05,1.3714150428771972e-05
443,800213.0,-1.062,0.084,0.018,0.0005044997253417969,-3.844017410278321e-05,0.000657012939453125,-0.0010627270507812502,8.420160675048827e-05,1.3745967864990234e-05
444,800223.0,-1.062,0.084,0.018,0.000504473907470703,-3.844384765625e-05,0.0006570037231445312,-0.0010626976318359376,8.48807601928711e-05,1.373941421508789e-05
445,800233.0,-1.062,0.084,0.019,0.0005044740295410157,-3.842502975463867e-05,0.0006569696044921875,-0.001062751708984375,8.490003204345703e-05,1.371883201599121e-05
446,800243.0,-1.063,0.084,0.019,0.0005044825439453124,-3.844940185546875e-05,0.0006570306396484376,-0.0010630103759765625,8.490279388427735e-05,1.3630183219909667e-05
447,800253.0,-1.062,0.084,0.019,0.0005044962768554687,-3.8430141448974607e-05,0.000657017578125,-0.0010627236328125001,8.479996490478515e-05,1.3806607246398927e-05
448,800263.0,-1.063,0.084,0.018,0.0005044887084960937,-3.843909454345703e-05,0.0006570079956054688,-0.0010627545166015625,8.487867736816406e-05,1.371506118774414e-05
449,800273.0,-1.063,0.084,0.019,0.0005044912719726562,-3.8415771484375e-05,0.0006570363159179687,-0.0010627103271484376,8.488130187988282e-05,1.372793197631836e-05
450,800283.0,-1.062,0.084,0.019,0.0005044865112304687,-3.843431472778321e-05,0.0006570146484375,-0.001062746826171875,8.487776184082031e-05,1.3718320846557616e-05
451,800293.0,-1.062,0.084,0.019,0.0005044605407714844,-3.841740417480469e-05,0.0006570067138671875,-0.001062592529296875,8.464791107177734e-05,1.3807613372802734e-05
452,800303.0,-1.062,0.084,0.018,0.0005044774780273438,-3.8432899475097656e-05,0.000657006103515625,-0.0010626057128906249,8.456281280517578e-05,1.3862110137939454e-05
453,800313.0,-1.063,0.084,0.018,0.0005044873046875,-3.8450134277343747e-05,0.0006570033569335938,-0.0010627838134765627,8.487932586669922e-05,1.3737222671508789e-05
454,800323.0,-1.063,0.084,0.02,0.0005045038757324218,-3.843896102905273e-05,0.0006570189208984375,-0.0010626920166015626,8.489038848876954e-05,1.3746983528137207e-05
455,800333.0,-1.062,0.084,0.019,0.0005044963684082031,-3.8417629241943356e-05,0.00065702197265625,-0.0010626077880859376,8.4238037109375e-05,1.3768290519714355e-05
456,800343.0,-1.062,0.084,0.019,0.0005045003662109375,-3.8440349578857416e-05,0.0006570150146484375,-0.0010627469482421875,8.489252471923827e-05,1.3716354370117186e-05
457,800353.0,-1.062,0.084,0.019,0.0005044705505371094,-3.8426040649414066e-05,0.0006570155639648437,-0.0010627128906250001,8.488026428222656e-05,1.3729743957519531e-05
458,800363.0,-1.062,0.084,0.02,0.0005045118408203125,-3.842567062377929e-05,0.0006570093383789063,-0.0010627404785156249,8.489362335205078e-05,1.3729544639587402e-05
459,800373.0,-1.063,0.084,0.02,0.0005044866027832031,-3.842876434326172e-05,0.0006570136108398438,-0.0010629953613281251,8.493482971191405e-05,1.3647103309631347e-05
460,800383.0,-1.063,0.084,0.019,0.0005045061645507813,-3.844927215576172e-05,0.0006569903564453125,-0.0010625947265624999,8.458642578125e-05,1.3847597122192383e-05
461,800393.0,-1.062,0.084,0.019,0.0005045098266601562,-3.841496276855469e-05,0.0006570294189453125,-0.0010627523193359374,8.487745666503907e-05,1.3735364913940431e-05
462,800403.0,-1.062,0.084,0.019,0.0005044841918945312,-3.845242309570312e-05,0.0006569938354492187,-0.0010627525634765624,8.4886962890625e-05,1.3732678413391113e-05
463,800413.0,-1.062,0.085,0.019,0.0005044883117675781,-3.843872451782226e-05,0.0006569921264648437,-0.00106299169921875,8.490025329589843e-05,1.3685575485229492e-05
464,800423.0,-1.062,0.084,0.018,0.0005044707946777343,-3.846210861206055e-05,0.0006569959106445312,-0.0010627153320312498,8.42069320678711e-05,1.3728814125061035e-05
465,800433.0,-1.062,0.084,0.018,0.0005044939575195313,-3.8464881896972654e-05,0.0006570283203125,-0.0010626314697265624,8.490455627441406e-05,1.3793405532836914e-05
466,800443.0,-1.062,0.085,0.018,0.0005044965515136719,-3.845706939697266e-05,0.0006569929809570313,-0.0010627274169921874,8.488866424560546e-05,1.3731385231018066e-05
467,800453.0,-1.062,0.084,0.018,0.0005045225524902343,-3.843829345703125e-05,0.0006570154418945312,-0.001062704833984375,8.49017333984375e-05,1.3732481002807617e-05
468,800463.0,-1.062,0.084,0.018,0.0005044816589355468,-3.842866516113281e-05,0.0006570034790039062,-0.001062717041015625,8.420580291748047e-05,1.3723220825195312e-05
469,800473.0,-1.062,0.084,0.018,0.0005045098876953124,-3.845793533325195e-05,0.0006570072631835937,-0.0010627448730468748,8.489862823486329e-05,1.3737895965576171e-05
470,800483.0,-1.062,0.085,0.017,0.0005044873046875,-3.845954513549805e-05,0.0006570015258789062,-0.00106273876953125,8.488257598876953e-05,1.373813247680664e-05
471,800493.0,-1.062,0.084,0.019,0.0005045062866210938,-3.843256378173828e-05,0.0006570169677734375,-0.0010627564697265625,8.487740325927734e-05,1.3717147827148437e-05
472,800503.0,-1.062,0.084,0.018,0.0005045036926269532,-3.845439529418945e-05,0.000657008056640625,-0.00106272412109375,8.420397949218749e-05,1.3750501632690429e-05
473,800513.0,-1.062,0.084,0.018,0.0005044796752929687,-3.843495559692383e-05,0.0006570011596679688,-0.0010627904052734375,8.488977050781251e-05,1.3733105659484863e-05
474,800523.0,-1.063,0.084,0.018,0.0005044914855957031,-3.8438735961914065e-05,0.0006570039672851562,-0.0010627410888671876,8.489979553222656e-05,1.3734660148620604e-05
475,800533.0,-1.063,0.084,0.017,0.0005045096130371093,-3.843972396850586e-05,0.0006569938354492187,-0.0010627452392578125,8.49000701904297e-05,1.3736911773681641e-05
476,800543.0,-1.063,0.084,0.018,0.0005044999084472657,-3.843984985351563e-05,0.0006570162353515625,-0.0010629638671874999,8.491570281982421e-05,1.3687280654907227e-05
477,800553.0,-1.063,0.085,0.018,0.0005045086364746094,-3.844954681396484e-05,0.0006570169677734375,-0.0010625081787109373,8.459877014160157e-05,1.3923185348510742e-05
478,800563.0,-1.063,0.084,0.018,0.00050449169921875,-3.843844604492187e-05,0.0006569955444335938,-0.001062757080078125,8.48958740234375e-05,1.3729805946350099e-05
479,800573.0,-1.062,0.084,0.017,0.0005044823608398438,-3.845082855224609e-05,0.0006570060424804688,-0.0010627742919921874,8.488978576660157e-05,1.3744842529296876e-05
480,800583.0,-1.063,0.084,0.018,0.0005045209350585938,-3.8440299987792966e-05,0.0006570234375000001,-0.0010629759521484374,8.492404937744141e-05,1.3694055557250977e-05
481,800593.0,-1.062,0.084,0.017,0.0005044827270507812,-3.844206619262695e-05,0.0006569854125976564,-0.001062578857421875,8.458782958984374e-05,1.3879434585571289e-05
482,800603.0,-1.063,0.084,0.017,0.0005044758605957032,-3.844485092163086e-05,0.0006570057373046875,-0.0010627332763671875,8.488390350341798e-05,1.3694881439208983e-05
483,800613.0,-1.063,0.084,0.017,0.0005044814758300781,-3.8438621520996094e-05,0.0006569987182617188,-0.001062747314453125,8.487388610839843e-05,1.3731229782104491e-05
484,800623.0,-1.063,0.084,0.018,0.0005044981689453125,-3.8448184967041014e-05,0.0006570341186523437,-0.0010629725341796874,8.492448425292968e-05,1.3690318107604981e-05
485,800633.0,-1.063,0.084,0.017,0.0005044882202148437,-3.8461318969726564e-05,0.00065700048828125,-0.0010627783203125002,8.481315612792968e-05,1.375681209564209e-05
486,800643.0,-1.063,0.085,0.017,0.0005044844970703125,-3.842455673217774e-05,0.0006570180664062501,-0.001062734375,8.489207458496094e-05,1.371147060394287e-05
487,800653.0,-1.063,0.085,0.017,0.0005044872131347657,-3.842183685302734e-05,0.0006570021362304688,-0.0010627546386718749,8.488660430908202e-05,1.3713642120361329e-05
488,800663.0,-1.063,0.084,0.016,0.0005044757080078125,-3.844116973876953e-05,0.0006570117187499999,-0.0010627447509765624,8.49056625366211e-05,1.3721750259399415e-05
489,800673.0,-1.062,0.085,0.018,0.0005044794006347655,-3.848295211791992e-05,0.0006570202026367187,-0.001062762939453125,8.482567596435547e-05,1.3790700912475585e-05
490,800683.0,-1.062,0.085,0.017,0.0005045023498535156,-3.845717620849609e-05,0.000657009765625,-0.0010627469482421875,8.48946304321289e-05,1.372036075592041e-05
491,800693.0,-1.062,0.085,0.017,0.0005045030517578126,-3.844947052001954e-05,0.0006570009155273437,-0.0010627354736328124,8.48891830444336e-05,1.3697214126586914e-05
492,800703.0,-1.062,0.085,0.017,0.0005045156555175781,-3.848454666137695e-05,0.000657026123046875,-0.0010627668457031249,8.489501953125001e-05,1.371382999420166e-05
493,800713.0,-1.063,0.085,0.018,0.0005044898681640625,-3.8442733764648436e-05,0.0006570025024414063,-0.0010625899658203125,8.421977996826172e-05,1.3757121086120606e-05
494,800723.0,-1.063,0.084,0.017,0.0005044889831542969,-3.846487426757812e-05,0.0006570259399414063,-0.001062583984375,8.459182739257813e-05,1.3870744705200195e-05
495,800733.0,-1.062,0.085,0.017,0.0005044609985351562,-3.8451568603515626e-05,0.0006570288696289063,-0.001062745849609375,8.486840057373046e-05,1.3708067893981934e-05
496,800743.0,-1.062,0.085,0.017,0.0005045012512207031,-3.845514297485352e-05,0.0006570343017578126,-0.00106274267578125,8.488967895507812e-05,1.372353172302246e-05
497,800753.0,-1.062,0.085,0.017,0.0005044667663574218,-3.845560455322266e-05,0.0006570053100585937,-0.0010625892333984374,8.419651794433594e-05,1.377822208404541e-05
498,800763.0,-1.063,0.084,0.017,0.0005044848937988281,-3.844393157958984e-05,0.0006569908447265626,-0.0010625504150390626,8.460224914550781e-05,1.388034439086914e-05
499,800773.0,-1.063,0.084,0.017,0.0005044615478515625,-3.8443725585937495e-05,0.0006569860229492187,-0.0010627054443359376,8.488504028320312e-05,1.3709842681884765e-05
500,800783.0,-1.062,0.085,0.017,0.0005045014343261719,-3.8433761596679686e-05,0.0006570403442382812,-0.00106273974609375,8.488195037841797e-05,1.3719010353088379e-05
501,800793.0,-1.063,0.084,0.017,0.0005044790954589844,-3.843297576904297e-05,0.0006569880981445313,-0.00106299365234375,8.491291046142578e-05,1.3674299240112305e-05
502,800803.0,-1.063,0.084,0.018,0.0005044923400878907,-3.845605850219727e-05,0.0006569886474609376,-0.0010627673339843751,8.419800567626954e-05,1.3728647232055665e-05
503,800813.0,-1.063,0.084,0.018,0.0005045193481445313,-3.845890808105469e-05,0.0006570246582031249,-0.001062751708984375,8.487244415283204e-05,1.3728331565856933e-05
504,800823.0,-1.063,0.085,0.017,0.0005045057983398438,-3.8466968536376955e-05,0.0006570264282226562,-0.0010627589111328124,8.487760162353515e-05,1.3699735641479492e-05
505,800833.0,-1.063,0.085,0.017,0.0005044609680175781,-3.8440486907958984e-05,0.0006570023803710937,-0.0010629490966796876,8.491410064697266e-05,1.367827033996582e-05
506,800843.0,-1.063,0.084,0.019,0.0005044857177734375,-3.8451828002929684e-05,0.000657002197265625,-0.0010627470703125,8.419705200195313e-05,1.370943832397461e-05
507,800853.0,-1.062,0.084,0.019,0.0005044397583007813,-3.8432594299316404e-05,0.0006569981079101562,-0.0010627447509765624,8.489079284667969e-05,1.3725323677062988e-05
508,800863.0,-1.062,0.084,0.018,0.0005044870910644531,-3.8454181671142575e-05,0.00065698876953125,-0.0010627386474609374,8.487936401367188e-05,1.3718202590942382e-05
509,800873.0,-1.062,0.084,0.018,0.0005045009765625,-3.8454269409179686e-05,0.000657012451171875,-0.00106276025390625,8.488748168945312e-05,1.3706696510314943e-05
510,800883.0,-1.063,0.084,0.018,0.0005044967041015625,-3.8493934631347656e-05,0.0006570078735351562,-0.001062591552734375,8.422901916503907e-05,1.3764620780944824e-05
511,800893.0,-1.063,0.084,0.019,0.0005044649658203125,-3.846627044677734e-05,0.00065700048828125,-0.0010626693115234375,8.488192749023437e-05,1.3766761779785155e-05
512,800903.0,-1.063,0.084,0.018,0.0005044974060058594,-3.8467048645019534e-05,0.0006569964599609375,-0.0010627574462890625,8.489810180664062e-05,1.3723332405090333e-05
513,800913.0,-1.062,0.084,0.018,0.0005044825134277345,-3.8458084106445316e-05,0.0006570185546875,-0.001062739013671875,8.488088989257812e-05,1.3728920936584472e-05
514,800923.0,-1.063,0.084,0.018,0.0005044908142089843,-3.845476150512695e-05,0.0006569948120117188,-0.001062626953125,8.463766479492188e-05,1.3814285278320312e-05
515,800933.0,-1.063,0.084,0.019,0.000504493408203125,-3.84708366394043e-05,0.0006570140991210937,-0.0010627421875,8.487960052490235e-05,1.3713600158691406e-05
516,800943.0,-1.063,0.084,0.019,0.0005044934997558594,-3.848840713500976e-05,0.000657011474609375,-0.001062662353515625,8.488743591308594e-05,1.3763396263122559e-05
517,800953.0,-1.063,0.084,0.018,0.0005045014038085937,-3.8456642150878904e-05,0.0006570319213867187,-0.00106272802734375,8.486624908447265e-05,1.3721442222595216e-05
518,800963.0,-1.063,0.084,0.018,0.0005044848327636719,-3.847393798828125e-05,0.0006569976196289062,-0.0010629591064453125,8.491368103027344e-05,1.366079044342041e-05
519,800973.0,-1.063,0.084,0.019,0.00050448876953125,-3.8444900512695316e-05,0.000657012451171875,-0.0010625286865234376,8.461128234863282e-05,1.3900485038757325e-05
520,800983.0,-1.062,0.084,0.019,0.0005044938049316406,-3.847724914550781e-05,0.0006570139770507812,-0.0010627396240234376,8.486916351318359e-05,1.3721653938293457e-05
521,800993.0,-1.062,0.084,0.018,0.0005044840087890625,-3.84664192199707e-05,0.000657005615234375,-0.0010627259521484376,8.487916564941405e-05,1.3726643562316894e-05
522,801003.0,-1.062,0.084,0.018,0.0005044888916015625,-3.8438011169433597e-05,0.0006569832763671875,-0.0010626298828125,8.42439422607422e-05,1.3769752502441406e-05
523,801013.0,-1.062,0.085,0.018,0.0005044889831542969,-3.8479480743408205e-05,0.0006570176391601562,-0.0010625701904296875,8.458142089843749e-05,1.3862103462219237e-05
524,801023.0,-1.062,0.084,0.019,0.0005045205078125,-3.848363876342773e-05,0.0006570408325195313,-0.0010627552490234376,8.488868713378907e-05,1.3723739624023437e-05
525,801033.0,-1.062,0.084,0.018,0.0005044992980957031,-3.8487720489501955e-05,0.0006570165405273437,-0.0010627451171875,8.487686920166016e-05,1.3718596458435058e-05
526,801043.0,-1.062,0.085,0.018,0.0005044543762207031,-3.848159790039062e-05,0.0006569808349609376,-0.00106275048828125,8.487966918945313e-05,1.3733940124511719e-05
527,801053.0,-1.062,0.085,0.018,0.000504486572265625,-3.846991729736328e-05,0.0006569971923828125,-0.001062739013671875,8.477488708496093e-05,1.3779130935668945e-05
528,801063.0,-1.063,0.084,0.019,0.000504458465576172,-3.847551345825195e-05,0.00065698974609375,-0.0010627542724609377,8.487006378173828e-05,1.3734410285949708e-05
529,801073.0,-1.063,0.084,0.019,0.0005044853820800781,-3.848704528808594e-05,0.00065701123046875,-0.0010627581787109376,8.487545013427735e-05,1.3743950843811035e-05
530,801083.0,-1.063,0.084,0.018,0.0005044870910644531,-3.8447139739990236e-05,0.0006570137939453124,-0.0010630133056640624,8.488209533691405e-05,1.3621085166931152e-05
531,801093.0,-1.063,0.084,0.018,0.0005044845581054688,-3.8467727661132815e-05,0.0006570328979492187,-0.0010627059326171874,8.419664001464843e-05,1.375127124786377e-05
532,801103.0,-1.062,0.085,0.018,0.0005044557495117188,-3.847257614135742e-05,0.0006570159912109375,-0.001062751220703125,8.4876953125e-05,1.3729647636413573e-05
533,801113.0,-1.063,0.084,0.019,0.0005044699707031251,-3.8481334686279294e-05,0.000657009033203125,-0.00106271240234375,8.486390686035156e-05,1.372563934326172e-05
534,801123.0,-1.063,0.084,0.018,0.0005044883728027344,-3.8471858978271485e-05,0.0006569967041015625,-0.001062752685546875,8.486682891845704e-05,1.3711370468139648e-05
535,801133.0,-1.062,0.084,0.018,0.0005044598693847656,-3.847841644287109e-05,0.0006569967041015625,-0.00106262646484375,8.42279052734375e-05,1.375900936126709e-05
536,801143.0,-1.062,0.084,0.018,0.0005044806518554688,-3.84886245727539e-05,0.0006570024414062499,-0.00106273681640625,8.487042236328125e-05,1.3716093063354492e-05
537,801153.0,-1.062,0.084,0.019,0.0005044646911621094,-3.848127365112305e-05,0.0006569947509765624,-0.00106276513671875,8.487148284912109e-05,1.3730770111083984e-05
538,801163.0,-1.062,0.085,0.019,0.0005044641723632812,-3.84747428894043e-05,0.0006570108032226562,-0.0010627431640625,8.488523864746094e-05,1.3718225479125978e-05
539,801173.0,-1.062,0.085,0.018,0.0005044662475585937,-3.849132156372071e-05,0.000656997802734375,-0.0010626508789062501,8.46673355102539e-05,1.3800356864929199e-05
540,801183.0,-1.062,0.085,0.018,0.00050444384765625,-3.847969055175781e-05,0.0006570147705078125,-0.00106252099609375,8.458534240722656e-05,1.3906747817993163e-05
541,801193.0,-1.062,0.084,0.018,0.0005044858703613281,-3.850016021728515e-05,0.0006570117187499999,-0.0010627645263671874,8.48846206665039e-05,1.371609687805176e-05
542,801203.0,-1.062,0.084,0.019,0.000504491455078125,-3.849743270874023e-05,0.0006569976806640625,-0.0010627415771484374,8.487964630126953e-05,1.3717327117919921e-05
543,801213.0,-1.062,0.084,0.019,0.0005044797058105469,-3.847277069091797e-05,0.0006570183715820312,-0.0010630384521484375,8.490872955322265e-05,1.3658030509948731e-05
544,801223.0,-1.062,0.085,0.019,0.0005044819946289063,-3.850791931152344e-05,0.000656993408203125,-0.001062742919921875,8.41976776123047e-05,1.37122802734375e-05
545,801233.0,-1.062,0.085,0.018,0.000504484130859375,-3.851534271240235e-05,0.0006570084838867187,-0.0010627374267578125,8.486235809326172e-05,1.3719504356384277e-05
546,801243.0,-1.062,0.084,0.019,0.0005044634399414062,-3.848634719848633e-05,0.0006569945068359375,-0.0010627388916015625,8.488114929199218e-05,1.3737730979919434e-05
547,801253.0,-1.062,0.085,0.019,0.0005044822387695313,-3.849649047851562e-05,0.0006570195922851563,-0.0010630311279296875,8.491033172607422e-05,1.36144437789917e-05
548,801263.0,-1.062,0.084,0.019,0.0005045017700195312,-3.849607086181641e-05,0.0006569946899414062,-0.00106252685546875,8.459072875976563e-05,1.389569568634033e-05
549,801273.0,-1.062,0.085,0.018,0.0005044801025390625,-3.846873474121094e-05,0.0006570020141601563,-0.0010627493896484374,8.488577270507812e-05,1.372833251953125e-05
550,801283.0,-1.062,0.085,0.02,0.0005044835510253907,-3.848297119140625e-05,0.0006570134887695313,-0.00106267138671875,8.488574981689454e-05,1.3774450302124025e-05
551,801293.0,-1.062,0.084,0.019,0.0005045061035156249,-3.8473804473876955e-05,0.0006569989013671875,-0.0010627432861328126,8.488421630859374e-05,1.3715293884277343e-05
552,801303.0,-1.062,0.084,0.019,0.0005044822082519531,-3.847567367553711e-05,0.0006570230102539063,-0.0010626169433593752,8.4201416015625e-05,1.3724658012390136e-05
553,801313.0,-1.062,0.084,0.019,0.0005044840087890625,-3.848217010498047e-05,0.0006569971923828125,-0.001062767578125,8.4903564453125e-05,1.3701922416687012e-05
554,801323.0,-1.062,0.085,0.018,0.0005045020446777344,-3.8473102569580077e-05,0.00065701904296875,-0.0010627628173828126,8.488423156738282e-05,1.372199249267578e-05
555,801333.0,-1.062,0.085,0.019,0.0005044789733886719,-3.844474029541016e-05,0.000657005615234375,-0.0010627388916015625,8.489360809326171e-05,1.3721939086914062e-05
556,801343.0,-1.062,0.084,0.019,0.0005044944152832032,-3.846575927734375e-05,0.0006569990844726562,-0.0010626134033203125,8.467879486083985e-05,1.384013843536377e-05
557,801353.0,-1.062,0.084,0.019,0.00050447509765625,-3.848550033569336e-05,0.0006569955444335938,-0.0010627325439453127,8.489200592041016e-05,1.3723402976989747e-05
558,801363.0,-1.062,0.084,0.018,0.0005044873962402344,-3.84855842590332e-05,0.0006569957275390626,-0.00106274609375,8.49148178100586e-05,1.3722743034362793e-05
559,801373.0,-1.062,0.085,0.019,0.0005044825439453124,-3.845742034912109e-05,0.0006569965209960938,-0.001062725830078125,8.488933563232421e-05,1.3718262672424317e-05
560,801383.0,-1.062,0.084,0.019,0.0005044782409667968,-3.8466102600097655e-05,0.0006569693603515625,-0.001063043701171875,8.493769836425781e-05,1.3580505371093749e-05
561,801393.0,-1.062,0.084,0.019,0.0005044797058105469,-3.848419952392578e-05,0.0006569921875,-0.0010625213623046874,8.460163116455078e-05,1.3879285812377931e-05
562,801403.0,-1.062,0.085,0.018,0.0005044723815917968,-3.850731658935547e-05,0.000656989013671875,-0.0010627506103515626,8.489865112304686e-05,1.371928596496582e-05
563,801413.0,-1.062,0.085,0.018,0.0005044853820800781,-3.847733306884766e-05,0.0006569942626953125,-0.0010627685546875,8.489637756347657e-05,1.3724609375e-05
564,801423.0,-1.062,0.085,0.018,0.0005044927368164062,-3.848402786254883e-05,0.000656987060546875,-0.0010630367431640627,8.492871856689453e-05,1.3647729873657226e-05
565,801433.0,-1.062,0.083,0.018,0.0005044867553710938,-3.849607849121094e-05,0.0006569859008789063,-0.00106251220703125,8.460403442382812e-05,1.3878703117370606e-05
566,801443.0,-1.062,0.083,0.018,0.0005044922790527344,-3.847317886352539e-05,0.0006570033569335938,-0.0010627362060546875,8.489199829101562e-05,1.3722830772399902e-05
567,801453.0,-1.062,0.083,0.017,0.0005044981079101562,-3.849579620361328e-05,0.0006569976806640625,-0.0010627377929687501,8.48880157470703e-05,1.3749639511108398e-05
568,801463.0,-1.062,0.083,0.018,0.0005044680786132812,-3.84764289855957e-05,0.0006569949340820313,-0.001062742919921875,8.48877410888672e-05,1.3713639259338378e-05
569,801473.0,-1.062,0.083,0.017,0.0005044915161132813,-3.847719192504883e-05,0.0006569985351562499,-0.0010627550048828126,8.42194595336914e-05,1.3699369430541992e-05
570,801483.0,-1.062,0.083,0.017,0.0005044773559570312,-3.8483203887939454e-05,0.0006569984130859375,-0.0010627381591796874,8.48865966796875e-05,1.3700703620910643e-05
571,801493.0,-1.062,0.083,0.017,0.000504463134765625,-3.8479633331298825e-05,0.0006569955444335938,-0.0010627386474609374,8.488618469238281e-05,1.3703274726867675e-05
572,801503.0,-1.062,0.083,0.017,0.0005044561462402344,-3.8450103759765624e-05,0.0006569979858398437,-0.0010627099609375,8.48681640625e-05,1.3725894927978516e-05
573,801513.0,-1.062,0.083,0.017,0.0005045128784179687,-3.8473930358886714e-05,0.0006570100708007812,-0.0010626982421875,8.483275604248047e-05,1.3799867630004883e-05
574,801523.0,-1.062,0.083,0.017,0.00050450244140625,-3.848732376098633e-05,0.0006569978637695313,-0.0010627546386718749,8.489114379882813e-05,1.372087287902832e-05
575,801533.0,-1.062,0.083,0.017,0.0005045173950195313,-3.8477264404296876e-05,0.0006570061645507812,-0.0010627489013671876,8.489007568359375e-05,1.3720280647277831e-05
576,801543.0,-1.062,0.083,0.016,0.0005044720764160156,-3.847970199584961e-05,0.0006569754028320313,-0.0010627348632812502,8.489435577392577e-05,1.3716018676757813e-05
577,801553.0,-1.062,0.083,0.018,0.0005044957885742187,-3.846567535400391e-05,0.0006569940185546876,-0.001062526123046875,8.463314056396485e-05,1.3764646530151367e-05
578,801563.0,-1.062,0.083,0.018,0.0005045053710937501,-3.8473209381103515e-05,0.0006570156860351563,-0.0010627471923828125,8.48875503540039e-05,1.3709594726562499e-05
579,801573.0,-1.062,0.084,0.018,0.0005045008239746094,-3.846532440185547e-05,0.0006570095825195313,-0.0010627596435546875,8.488664245605469e-05,1.3707094192504883e-05
580,801583.0,-1.062,0.083,0.017,0.0005044725341796875,-3.846082305908203e-05,0.0006569765625,-0.0010627496337890624,8.489037322998047e-05,1.3704171180725097e-05
581,801593.0,-1.062,0.083,0.018,0.0005044865112304687,-3.844743728637695e-05,0.0006569822387695312,-0.001062607421875,8.418562316894531e-05,1.3729516029357911e-05
582,801603.0,-1.062,0.083,0.018,0.0005044829711914063,-3.845241546630859e-05,0.00065702490234375,-0.0010625732421875001,8.459751892089844e-05,1.3854991912841797e-05
583,801613.0,-1.062,0.083,0.018,0.0005044871215820312,-3.846471786499023e-05,0.0006570101928710937,-0.0010627380371093752,8.488677978515626e-05,1.3721248626708984e-05
584,801623.0,-1.062,0.083,0.017,0.0005044976806640626,-3.8473396301269534e-05,0.00065698974609375,-0.001062756103515625,8.488073730468749e-05,1.3715336799621582e-05
585,801633.0,-1.062,0.083,0.018,0.0005045013732910156,-3.8458892822265626e-05,0.0006570054321289062,-0.0010630167236328125,8.491184997558594e-05,1.3661189079284668e-05
586,801643.0,-1.062,0.083,0.018,0.0005045036315917969,-3.8467941284179686e-05,0.0006570047607421875,-0.001062610107421875,8.457933044433593e-05,1.3862339973449707e-05
587,801653.0,-1.062,0.083,0.017,0.0005045232849121094,-3.84585189819336e-05,0.0006570005493164063,-0.0010627808837890625,8.489067840576171e-05,1.3731733322143555e-05
588,801663.0,-1.062,0.083,0.017,0.00050450927734375,-3.8438781738281245e-05,0.0006570372924804687,-0.0010627586669921876,8.489190673828124e-05,1.3730512619018555e-05
589,801673.0,-1.062,0.083,0.017,0.0005045249633789063,-3.843985366821289e-05,0.000657006103515625,-0.0010630206298828124,8.493082427978515e-05,1.370362949371338e-05
590,801683.0,-1.062,0.084,0.019,0.0005045269470214844,-3.847475433349609e-05,0.0006570009155273437,-0.0010627080078124999,8.480078887939454e-05,1.380952262878418e-05
591,801693.0,-1.062,0.084,0.018,0.0005045361328125,-3.843132019042969e-05,0.000657017333984375,-0.0010627579345703125,8.490842437744141e-05,1.3742621421813967e-05
592,801703.0,-1.062,0.084,0.018,0.0005045592041015625,-3.8445835113525386e-05,0.000657025634765625,-0.0010627130126953125,8.489795684814454e-05,1.3714708328247071e-05
593,801713.0,-1.062,0.084,0.018,0.00050453125,-3.844881820678711e-05,0.0006570286865234375,-0.001062755126953125,8.488356018066407e-05,1.3716362953186034e-05
594,801723.0,-1.062,0.084,0.019,0.0005045407104492188,-3.843525314331055e-05,0.00065702685546875,-0.0010626008300781249,8.465739440917969e-05,1.3827152252197266e-05
595,801733.0,-1.062,0.084,0.018,0.0005045371704101563,-3.844342422485351e-05,0.000657029296875,-0.0010627456054687501,8.489452362060547e-05,1.3747257232666016e-05
596,801743.0,-1.062,0.084,0.018,0.0005045653991699218,-3.843050003051758e-05,0.0006570514526367188,-0.00106272607421875,8.490683746337891e-05,1.3753998756408691e-05
597,801753.0,-1.062,0.084,0.018,0.0005045431213378906,-3.84391975402832e-05,0.0006570155639648437,-0.001062746337890625,8.487748718261719e-05,1.373171901702881e-05
598,801763.0,-1.062,0.084,0.018,0.0005045741271972656,-3.84530143737793e-05,0.0006570382080078126,-0.0010626048583984376,8.421141052246094e-05,1.377407932281494e-05
599,801773.0,-1.062,0.084,0.018,0.0005045726623535156,-3.845612335205078e-05,0.0006570313720703125,-0.0010627427978515624,8.489980316162109e-05,1.3741373062133788e-05
600,801783.0,-1.062,0.084,0.018,0.0005045823669433593,-3.846507263183594e-05,0.0006570497436523437,-0.0010627786865234374,8.491410064697266e-05,1.3751545906066893e-05
601,801793.0,-1.062,0.084,0.018,0.0005045719604492187,-3.8435054779052734e-05,0.0006570322265625001,-0.00106272900390625,8.489007568359375e-05,1.3724440574645996e-05
602,801803.0,-1.062,0.084,0.017,0.0005045776672363281,-3.84389533996582e-05,0.0006570401611328125,-0.0010630186767578125,8.492874908447266e-05,1.3675285339355468e-05
603,801813.0,-1.062,0.084,0.018,0.000504570068359375,-3.8461532592773435e-05,0.0006570196533203126,-0.00106269580078125,8.459657287597657e-05,1.3859223365783691e-05
604,801823.0,-1.062,0.084,0.018,0.0005045657653808594,-3.844526672363281e-05,0.0006570369262695313,-0.0010627500000000001,8.489144897460937e-05,1.3750415802001952e-05
605,801833.0,-1.062,0.084,0.018,0.0005045778198242188,-3.845958709716797e-05,0.0006570429077148438,-0.0010627611083984373,8.48973159790039e-05,1.3736440658569335e-05
606,801843.0,-1.062,0.084,0.017,0.0005045674743652344,-3.844449615478516e-05,0.0006570305786132813,-0.0010630072021484377,8.493938446044922e-05,1.3677732467651366e-05
607,801853.0,-1.062,0.084,0.017,0.0005045759887695313,-3.843005752563477e-05,0.0006570453491210938,-0.0010625281982421875,8.459514617919922e-05,1.3897503852844239e-05
608,801863.0,-1.062,0.083,0.018,0.00050456787109375,-3.845737075805664e-05,0.0006570406494140625,-0.0010627618408203126,8.490619659423829e-05,1.3738004684448243e-05
609,801873.0,-1.062,0.083,0.018,0.0005045726623535156,-3.845709991455078e-05,0.0006570415039062501,-0.0010626671142578126,8.490336608886718e-05,1.3782438278198242e-05
610,801883.0,-1.062,0.084,0.018,0.0005045830078125,-3.845179367065429e-05,0.00065705419921875,-0.001062761474609375,8.490290069580079e-05,1.3757118225097656e-05
611,801893.0,-1.062,0.084,0.018,0.0005045670471191405,-3.8462158203125e-05,0.0006570523681640626,-0.0010627219238281249,8.419551086425781e-05,1.3752331733703614e-05
612,801903.0,-1.062,0.084,0.019,0.0005045682983398438,-3.84487419128418e-05,0.0006570494995117187,-0.0010627618408203126,8.488967895507812e-05,1.3735916137695313e-05
613,801913.0,-1.062,0.084,0.019,0.0005045775146484374,-3.847725296020508e-05,0.0006570361938476562,-0.0010627607421875,8.48810806274414e-05,1.3722079277038574e-05
614,801923.0,-1.062,0.084,0.018,0.0005045787658691407,-3.844075012207031e-05,0.0006570427856445312,-0.0010627686767578123,8.489861297607422e-05,1.3746677398681641e-05
615,801933.0,-1.062,0.084,0.018,0.0005045777893066406,-3.846390914916992e-05,0.0006570301513671874,-0.0010626954345703125,8.420603179931641e-05,1.3718330383300782e-05
616,801943.0,-1.062,0.084,0.019,0.0005045930480957031,-3.845009231567382e-05,0.000657058837890625,-0.0010627764892578125,8.490535736083984e-05,1.375244903564453e-05
617,801953.0,-1.061,0.083,0.018,0.0005045800781250001,-3.842753982543946e-05,0.0006570479736328125,-0.0010627384033203124,8.488263702392577e-05,1.3742585182189941e-05
618,801963.0,-1.061,0.083,0.018,0.000504591094970703,-3.845352554321289e-05,0.000657047607421875,-0.0010627584228515626,8.489659881591796e-05,1.375096321105957e-05
619,801973.0,-1.061,0.083,0.018,0.0005045782470703126,-3.846617126464843e-05,0.0006570404052734375,-0.001063082763671875,8.383209991455077e-05,1.4242407798767089e-05
620,801983.0,-1.061,0.083,0.017,0.0005045758666992187,-3.845049667358398e-05,0.0006570411376953124,-0.001062619873046875,8.462622833251954e-05,1.3874467849731444e-05
621,801993.0,-1.061,0.083,0.019,0.000504578857421875,-3.845093536376953e-05,0.0006570358276367187,-0.0010627030029296877,8.487778472900391e-05,1.3744330406188965e-05
622,802003.0,-1.061,0.083,0.019,0.000504594207763672,-3.843356704711914e-05,0.0006570386352539063,-0.0010627546386718749,8.488765716552735e-05,1.3748961448669434e-05
623,802013.0,-1.062,0.083,0.018,0.000504584716796875,-3.8462692260742184e-05,0.0006570492553710937,-0.00106261572265625,8.4677978515625e-05,1.3811676025390625e-05
624,802023.0,-1.061,0.084,0.018,0.0005045822448730469,-3.8475906372070306e-05,0.0006570717163085938,-0.0010625194091796874,8.4593994140625e-05,1.3946207046508788e-05
625,802033.0,-1.062,0.083,0.019,0.0005045648193359375,-3.844720840454101e-05,0.0006570150756835938,-0.0010627689208984375,8.488672637939453e-05,1.3755139350891113e-05
626,802043.0,-1.062,0.083,0.019,0.0005045750427246094,-3.8488964080810547e-05,0.0006570468139648438,-0.0010627464599609374,8.488268280029297e-05,1.3749903678894043e-05
627,802053.0,-1.061,0.084,0.019,0.0005045720214843749,-3.8486328124999994e-05,0.0006570479125976563,-0.0010629826660156249,8.488134002685546e-05,1.3695540428161622e-05
628,802063.0,-1.061,0.083,0.018,0.0005045852355957031,-3.845057678222656e-05,0.0006570469970703126,-0.0010627406005859375,8.418038177490235e-05,1.3752779006958009e-05
629,802073.0,-1.062,0.083,0.021,0.0005045851745605469,-3.8510925292968746e-05,0.000657060546875,-0.0010626835937500002,8.488589477539063e-05,1.3787696838378907e-05
630,802083.0,-1.062,0.083,0.02,0.0005045763244628905,-3.849908447265625e-05,0.0006570574340820312,-0.0010627464599609374,8.487749481201172e-05,1.3741619110107422e-05
631,802093.0,-1.062,0.084,0.02,0.0005045916137695312,-3.852363204956055e-05,0.000657023681640625,-0.0010630042724609375,8.488484191894531e-05,1.3644418716430664e-05
632,802103.0,-1.061,0.084,0.02,0.000504574737548828,-3.8487663269042966e-05,0.0006570543823242187,-0.0010627380371093752,8.47967987060547e-05,1.3805603981018068e-05
633,802113.0,-1.062,0.084,0.02,0.0005045798645019531,-3.848855972290039e-05,0.0006570555419921875,-0.0010627744140625,8.488870239257812e-05,1.3737168312072754e-05
634,802123.0,-1.061,0.084,0.02,0.0005045643615722656,-3.851855850219726e-05,0.0006570597534179687,-0.001062767822265625,8.488535308837891e-05,1.3746813774108887e-05
635,802133.0,-1.062,0.084,0.02,0.0005045580444335937,-3.8480857849121095e-05,0.0006570451049804687,-0.0010626911621093751,8.488224792480469e-05,1.3749346733093262e-05
636,802143.0,-1.062,0.083,0.02,0.000504561767578125,-3.849002838134766e-05,0.0006570411376953124,-0.0010626376953125,8.464002990722656e-05,1.3799851417541504e-05
637,802153.0,-1.061,0.084,0.019,0.0005045640869140625,-3.8515384674072265e-05,0.0006570256958007812,-0.0010627601318359374,8.48705062866211e-05,1.372225570678711e-05
638,802163.0,-1.062,0.084,0.021,0.000504578857421875,-3.852252960205079e-05,0.000657040283203125,-0.001062775634765625,8.486656188964843e-05,1.3727103233337402e-05
639,802173.0,-1.061,0.084,0.02,0.0005045840759277343,-3.850226974487304e-05,0.0006570564575195312,-0.001062757568359375,8.487664794921874e-05,1.3728514671325684e-05
640,802183.0,-1.061,0.084,0.02,0.0005045653076171876,-3.851956558227539e-05,0.00065704541015625,-0.0010625876464843752,8.418282318115234e-05,1.3792204856872557e-05
641,802193.0,-1.062,0.084,0.02,0.0005045628662109375,-3.849872589111328e-05,0.0006570446166992188,-0.0010627672119140625,8.4877685546875e-05,1.3730353355407714e-05
642,802203.0,-1.062,0.084,0.019,0.0005045383605957032,-3.849892807006836e-05,0.0006570430908203125,-0.0010627484130859375,8.487812805175782e-05,1.372657871246338e-05
643,802213.0,-1.062,0.084,0.02,0.0005045473632812501,-3.849603271484375e-05,0.0006570530395507812,-0.00106272265625,8.486048889160157e-05,1.3712855339050293e-05
644,802223.0,-1.062,0.084,0.019,0.0005045649414062499,-3.852098846435547e-05,0.0006570650634765624,-0.0010630408935546876,8.49145278930664e-05,1.3678434371948243e-05
645,802233.0,-1.062,0.084,0.019,0.0005045662536621094,-3.851663970947266e-05,0.0006570529174804688,-0.0010625764160156251,8.458181762695313e-05,1.3866981506347657e-05
646,802243.0,-1.062,0.084,0.019,0.0005045303649902344,-3.849081802368164e-05,0.0006570458374023437,-0.0010626431884765625,8.488441467285155e-05,1.3759096145629882e-05
647,802253.0,-1.061,0.084,0.019,0.00050453466796875,-3.851707458496094e-05,0.0006570236206054687,-0.0010627572021484374,8.48681640625e-05,1.371641445159912e-05
648,802263.0,-1.061,0.084,0.018,0.0005045497436523438,-3.84807357788086e-05,0.0006570408935546875,-0.001063032470703125,8.490938568115235e-05,1.362057113647461e-05
649,802273.0,-1.062,0.084,0.018,0.0005045149841308593,-3.850342178344727e-05,0.000657017822265625,-0.0010626387939453126,8.45633087158203e-05,1.3864535331726074e-05
650,802283.0,-1.062,0.084,0.017,0.0005045114440917968,-3.8479885101318364e-05,0.0006570305786132813,-0.001062751953125,8.487547302246094e-05,1.3720301628112794e-05
651,802293.0,-1.062,0.084,0.017,0.000504509735107422,-3.850929260253906e-05,0.0006570071411132813,-0.0010627503662109373,8.486713409423828e-05,1.3730813026428222e-05
652,802303.0,-1.061,0.084,0.019,0.0005045155944824219,-3.849834823608399e-05,0.0006570267944335938,-0.0010627705078125,8.488712310791017e-05,1.3722129821777343e-05
653,802313.0,-1.061,0.084,0.018,0.0005045137634277344,-3.850325775146484e-05,0.0006570205688476563,-0.0010627242431640624,8.421327209472657e-05,1.3703650474548339e-05
654,802323.0,-1.062,0.084,0.018,0.0005045357360839844,-3.850579833984375e-05,0.0006570438842773437,-0.0010627333984375,8.488806915283204e-05,1.3730744361877441e-05
655,802333.0,-1.061,0.083,0.018,0.0005045172729492188,-3.850748443603515e-05,0.00065702197265625,-0.0010627489013671876,8.487525939941406e-05,1.3723441123962403e-05
656,802343.0,-1.062,0.084,0.018,0.000504521209716797,-3.850113296508789e-05,0.0006570209960937499,-0.001062751953125,8.488288116455078e-05,1.374062156677246e-05
657,802353.0,-1.062,0.084,0.018,0.0005045291748046875,-3.8494789123535154e-05,0.0006570285034179687,-0.0010627177734375,8.421066284179688e-05,1.3705156326293944e-05
658,802363.0,-1.062,0.084,0.017,0.0005045174865722656,-3.8506519317626954e-05,0.0006570079345703124,-0.0010627509765625,8.489382934570312e-05,1.373907470703125e-05
659,802373.0,-1.061,0.084,0.017,0.0005045170288085938,-3.8523761749267576e-05,0.0006570278930664063,-0.0010627398681640626,8.48831558227539e-05,1.3734865188598632e-05
660,802383.0,-1.061,0.084,0.019,0.000504525390625,-3.84630012512207e-05,0.0006570227661132813,-0.0010627540283203124,8.487529754638672e-05,1.3739625930786132e-05
661,802393.0,-1.062,0.084,0.019,0.0005045448303222656,-3.8466449737548825e-05,0.0006570270385742187,-0.0010625966796875,8.421001434326172e-05,1.3764085769653321e-05
662,802403.0,-1.062,0.084,0.018,0.0005045400695800782,-3.8524574279785156e-05,0.0006570296630859374,-0.0010625609130859375,8.458847808837891e-05,1.386483383178711e-05
663,802413.0,-1.062,0.084,0.018,0.0005045357055664063,-3.8492549896240234e-05,0.0006570438842773437,-0.0010627144775390625,8.488021850585938e-05,1.3723424911499023e-05
664,802423.0,-1.062,0.084,0.018,0.0005045519104003906,-3.85367202758789e-05,0.0006570371704101563,-0.0010627327880859375,8.488188934326172e-05,1.3718095779418945e-05
665,802433.0,-1.062,0.084,0.019,0.0005045432434082031,-3.8542354583740236e-05,0.0006570366821289062,-0.001062620849609375,8.422148132324219e-05,1.3766011238098146e-05
666,802443.0,-1.062,0.084,0.018,0.0005045493774414062,-3.8535457611083984e-05,0.0006570482788085938,-0.0010625753173828126,8.460088348388673e-05,1.385402488708496e-05
667,802453.0,-1.062,0.084,0.018,0.0005045671081542969,-3.852636337280274e-05,0.00065705322265625,-0.0010627359619140627,8.487865447998047e-05,1.370363998413086e-05
668,802463.0,-1.062,0.084,0.018,0.0005045953063964844,-3.85262336730957e-05,0.0006570610961914063,-0.0010627540283203124,8.488644409179688e-05,1.3711624145507812e-05
669,802473.0,-1.062,0.084,0.019,0.0005045835876464844,-3.8542510986328125e-05,0.0006570758666992188,-0.001063033447265625,8.49339599609375e-05,1.3654491424560548e-05
670,802483.0,-1.062,0.084,0.019,0.0005046141052246093,-3.854333114624024e-05,0.0006570935668945313,-0.0010627103271484376,8.417758178710938e-05,1.3730965614318846e-05
671,802493.0,-1.062,0.084,0.019,0.0005046190490722657,-3.8525493621826175e-05,0.0006570853881835937,-0.0010627346191406251,8.48968048095703e-05,1.369819450378418e-05
672,802503.0,-1.062,0.084,0.018,0.0005046133117675782,-3.8547725677490235e-05,0.0006570801391601563,-0.0010627384033203124,8.48875503540039e-05,1.3713998794555664e-05
673,802513.0,-1.062,0.084,0.018,0.0005046840515136719,-3.8581523895263674e-05,0.0006570962524414062,-0.0010630010986328125,8.491620635986329e-05,1.3679738998413086e-05
674,802523.0,-1.062,0.084,0.019,0.0005046930236816406,-3.860294723510742e-05,0.0006571068725585938,-0.0010627346191406251,8.483384704589845e-05,1.377188491821289e-05
675,802533.0,-1.062,0.084,0.018,0.0005046977844238282,-3.8589035034179685e-05,0.0006570928955078125,-0.0010627530517578125,8.486605834960938e-05,1.3713003158569335e-05
676,802543.0,-1.062,0.084,0.018,0.0005047061157226562,-3.856621551513672e-05,0.0006571168823242187,-0.0010627420654296875,8.488457489013673e-05,1.3686943054199218e-05
677,802553.0,-1.062,0.084,0.018,0.0005046824951171876,-3.85312843322754e-05,0.000657106201171875,-0.001062773681640625,8.48809814453125e-05,1.3714856147766113e-05
678,802563.0,-1.062,0.084,0.018,0.0005046782226562499,-3.8526714324951176e-05,0.0006571034545898438,-0.0010626134033203125,8.421967315673828e-05,1.377808952331543e-05
679,802573.0,-1.062,0.084,0.018,0.0005046551818847656,-3.8557315826416015e-05,0.000657077392578125,-0.0010627229003906248,8.486934661865235e-05,1.3704227447509767e-05
680,802583.0,-1.062,0.084,0.018,0.0005046294555664063,-3.8490253448486325e-05,0.0006570464477539063,-0.00106274267578125,8.487173461914063e-05,1.3718856811523437e-05
681,802593.0,-1.062,0.084,0.017,0.0005046395874023438,-3.849596786499023e-05,0.0006570607299804688,-0.00106274658203125,8.488331604003906e-05,1.3715105056762695e-05
682,802603.0,-1.062,0.084,0.019,0.0005045806274414063,-3.84732666015625e-05,0.0006570267944335938,-0.001062617919921875,8.467264556884765e-05,1.3776055335998535e-05
683,802613.0,-1.062,0.084,0.018,0.0005044902038574218,-3.836350250244141e-05,0.0006568950805664062,-0.001062654296875,8.489290618896485e-05,1.3742327690124511e-05
684,802623.0,-1.062,0.084,0.018,0.0005044826049804687,-3.837999725341797e-05,0.0006568981323242188,-0.0010627364501953126,8.487194061279296e-05,1.372116756439209e-05
685,802633.0,-1.062,0.084,0.018,0.0005044612121582032,-3.835063934326172e-05,0.0006569075317382812,-0.001062749267578125,8.489329528808594e-05,1.3715291023254394e-05
686,802643.0,-1.062,0.084,0.017,0.0005044569091796875,-3.835071563720703e-05,0.0006568911132812501,-0.0010629898681640626,8.492662811279297e-05,1.3670400619506835e-05
687,802653.0,-1.062,0.084,0.018,0.0005043899536132812,-3.836507034301758e-05,0.0006568920288085938,-0.0010626054687499999,8.458097839355468e-05,1.3893671989440918e-05
688,802663.0,-1.062,0.084,0.018,0.0005044123229980468,-3.8317798614501955e-05,0.0006569013061523438,-0.0010627259521484376,8.488631439208984e-05,1.3707465171813964e-05
689,802673.0,-1.062,0.084,0.018,0.0005044304809570312,-3.837336730957031e-05,0.0006568999633789062,-0.00106273095703125,8.489044952392578e-05,1.3726902008056641e-05
690,802683.0,-1.062,0.084,0.017,0.0005044198303222657,-3.835533905029297e-05,0.0006569020385742188,-0.0010630025634765625,8.491822052001952e-05,1.3682870864868165e-05
691,802693.0,-1.062,0.084,0.019,0.0005045109252929687,-3.849214553833008e-05,0.0006570104370117188,-0.001062631103515625,8.457002258300782e-05,1.392630672454834e-05
692,802703.0,-1.062,0.084,0.019,0.0005045254211425782,-3.848611450195313e-05,0.0006570078735351562,-0.0010627563476562501,8.486119842529296e-05,1.3715208053588866e-05
693,802713.0,-1.062,0.084,0.019,0.0005045025329589844,-3.847705078125e-05,0.0006570033569335938,-0.0010627470703125,8.489706420898439e-05,1.3727631568908692e-05
694,802723.0,-1.062,0.084,0.018,0.0005045239868164063,-3.850386428833008e-05,0.0006570377807617187,-0.0010627275390625,8.488542938232421e-05,1.3712297439575196e-05
695,802733.0,-1.062,0.084,0.018,0.0005045130310058594,-3.851548385620117e-05,0.000657068115234375,-0.0010627456054687501,8.482444000244141e-05,1.3779900550842285e-05
696,802743.0,-1.063,0.084,0.02,0.000504541748046875,-3.848486709594726e-05,0.000657051513671875,-0.00106274609375,8.48723373413086e-05,1.3711435317993165e-05
697,802753.0,-1.063,0.084,0.019,0.0005045472412109376,-3.854141616821289e-05,0.0006570650024414062,-0.001062735595703125,8.48894271850586e-05,1.3736844062805176e-05
698,802763.0,-1.063,0.084,0.019,0.0005045475769042968,-3.85256118774414e-05,0.0006570586547851562,-0.0010627362060546875,8.490555572509765e-05,1.3723385810852052e-05
699,802773.0,-1.063,0.084,0.019,0.0005045302124023438,-3.8512416839599614e-05,0.0006570540771484375,-0.0010627479248046876,8.478964996337891e-05,1.38138484954834e-05
700,802783.0,-1.063,0.084,0.02,0.000504549072265625,-3.852184295654297e-05,0.0006570890502929687,-0.0010627410888671876,8.488992309570311e-05,1.3746578216552734e-05
701,802793.0,-1.063,0.084,0.02,0.0005045216369628906,-3.85030746459961e-05,0.0006570596313476562,-0.0010627329101562499,8.488227081298828e-05,1.3724557876586914e-05
702,802803.0,-1.063,0.084,0.019,0.0005045585021972657,-3.849794769287109e-05,0.0006570704956054687,-0.001062714111328125,8.489727020263672e-05,1.3745844841003418e-05
703,802813.0,-1.063,0.084,0.019,0.0005045264892578125,-3.849862289428711e-05,0.0006570640258789062,-0.0010626025390625,8.422311401367187e-05,1.3745996475219726e-05
704,802823.0,-1.063,0.084,0.019,0.0005045301208496094,-3.851004409790039e-05,0.0006570532836914063,-0.0010625631103515624,8.458915710449219e-05,1.3848819732666017e-05
705,802833.0,-1.063,0.084,0.019,0.000504533660888672,-3.8487373352050786e-05,0.000657049560546875,-0.0010627330322265625,8.487823486328124e-05,1.3720454216003418e-05
706,802843.0,-1.063,0.084,0.019,0.0005045345458984375,-3.8507247924804685e-05,0.0006570770874023438,-0.0010627442626953126,8.489340209960938e-05,1.3714773178100585e-05
707,802853.0,-1.063,0.084,0.019,0.0005045433959960938,-3.8513980865478516e-05,0.0006570721435546874,-0.0010625800781250002,8.424129486083984e-05,1.3765106201171875e-05
708,802863.0,-1.063,0.084,0.018,0.00050453662109375,-3.8511432647705074e-05,0.0006570690307617187,-0.0010625341796875,8.461228942871093e-05,1.3914923667907714e-05
709,802873.0,-1.063,0.084,0.019,0.0005045499572753907,-3.8504444122314455e-05,0.0006570770263671875,-0.0010627500000000001,8.488294219970703e-05,1.3711505889892578e-05
710,802883.0,-1.063,0.084,0.019,0.000504554931640625,-3.8483703613281256e-05,0.0006570615844726563,-0.0010627318115234373,8.48864517211914e-05,1.3742177963256837e-05
711,802893.0,-1.063,0.084,0.018,0.0005045296020507813,-3.846477127075195e-05,0.0006570584106445313,-0.00106275244140625,8.489965057373047e-05,1.372659969329834e-05
712,802903.0,-1.063,0.084,0.018,0.000504528289794922,-3.851274108886719e-05,0.0006570413208007813,-0.001062694580078125,8.418572998046875e-05,1.3738448143005372e-05
713,802913.0,-1.063,0.084,0.019,0.0005045386047363282,-3.850365447998047e-05,0.0006570762939453126,-0.001062708740234375,8.488583374023439e-05,1.3731952667236327e-05
714,802923.0,-1.063,0.084,0.018,0.0005045547485351562,-3.8480293273925785e-05,0.0006570475463867187,-0.0010627510986328127,8.489021301269531e-05,1.372365665435791e-05
715,802933.0,-1.063,0.084,0.018,0.0005045316467285156,-3.845904159545899e-05,0.0006570389404296874,-0.001063023193359375,8.491235351562499e-05,1.3621426582336426e-05
716,802943.0,-1.063,0.084,0.017,0.0005045370178222657,-3.848257827758789e-05,0.0006570465698242187,-0.0010627137451171874,8.48073501586914e-05,1.378108310699463e-05
717,802953.0,-1.063,0.084,0.017,0.0005045411987304688,-3.8457996368408204e-05,0.0006570428466796874,-0.0010627491455078124,8.488256835937499e-05,1.370944881439209e-05
718,802963.0,-1.063,0.084,0.017,0.0005045201416015626,-3.845792388916015e-05,0.0006570339965820312,-0.0010627520751953126,8.48967514038086e-05,1.3722577095031738e-05
719,802973.0,-1.063,0.084,0.017,0.0005045406799316407,-3.8474582672119136e-05,0.0006570540771484375,-0.0010627471923828125,8.487847900390624e-05,1.3740654945373535e-05
720,802983.0,-1.063,0.084,0.017,0.0005045242309570313,-3.848129653930664e-05,0.0006570394897460937,-0.0010626160888671874,8.41916961669922e-05,1.3760494232177735e-05
721,802993.0,-1.063,0.084,0.016,0.0005045686645507812,-3.847550964355469e-05,0.0006570506591796876,-0.0010627421875,8.487615203857423e-05,1.3729091644287108e-05
722,803003.0,-1.063,0.084,0.018,0.0005045407409667969,-3.845261764526367e-05,0.0006570319213867187,-0.0010627178955078126,8.487177276611329e-05,1.3710202217102051e-05
723,803013.0,-1.063,0.084,0.017,0.0005045281066894531,-3.844469451904297e-05,0.0006570108642578125,-0.0010627410888671876,8.486725616455078e-05,1.3707313537597657e-05
724,803023.0,-1.063,0.084,0.017,0.0005045165405273437,-3.844734191894531e-05,0.0006570244750976563,-0.0010625350341796876,8.414764404296874e-05,1.3699130058288573e-05
725,803033.0,-1.063,0.084,0.017,0.0005045440979003907,-3.8449085235595706e-05,0.0006570479736328125,-0.0010627601318359374,8.48851089477539e-05,1.3714337348937989e-05
726,803043.0,-1.063,0.084,0.018,0.00050452099609375,-3.8444839477539064e-05,0.0006570297241210938,-0.001062697998046875,8.489010620117188e-05,1.3718659400939943e-05
727,803053.0,-1.062,0.084,0.018,0.000504549102783203,-3.842023468017578e-05,0.0006570398559570313,-0.001062750732421875,8.489949798583985e-05,1.3719290733337402e-05
728,803063.0,-1.063,0.084,0.018,0.0005045470886230469,-3.843722915649414e-05,0.0006570257568359374,-0.001063038330078125,8.493020629882812e-05,1.360081672668457e-05
729,803073.0,-1.063,0.084,0.017,0.0005045617370605469,-3.8436973571777344e-05,0.0006570342407226562,-0.00106256201171875,8.456798553466797e-05,1.385671329498291e-05
730,803083.0,-1.063,0.084,0.017,0.0005045659179687501,-3.844480514526367e-05,0.0006570208129882813,-0.0010627576904296875,8.48869400024414e-05,1.372772216796875e-05
731,803093.0,-1.063,0.084,0.017,0.0005045136718749999,-3.842724227905273e-05,0.0006570133666992188,-0.0010627606201171875,8.48693618774414e-05,1.3702206611633301e-05
732,803103.0,-1.063,0.084,0.017,0.00050453857421875,-3.8452190399169925e-05,0.0006570347900390625,-0.0010630379638671874,8.492955780029297e-05,1.3628201484680176e-05
733,803113.0,-1.063,0.084,0.017,0.0005045621948242187,-3.844450759887695e-05,0.00065703857421875,-0.0010627374267578125,8.418771362304687e-05,1.3734850883483886e-05
734,803123.0,-1.062,0.084,0.017,0.0005045539855957031,-3.8431949615478515e-05,0.0006570280761718749,-0.0010627481689453125,8.487858581542969e-05,1.3704086303710937e-05
735,803133.0,-1.063,0.084,0.019,0.0005045663757324219,-3.8443111419677735e-05,0.0006570404052734375,-0.00106272412109375,8.487676239013672e-05,1.3716079711914063e-05
736,803143.0,-1.062,0.084,0.018,0.0005045494689941407,-3.846508026123047e-05,0.0006570263061523437,-0.0010627670898437501,8.486685180664063e-05,1.3701778411865234e-05
737,803153.0,-1.062,0.084,0.018,0.0005045563354492187,-3.846166610717774e-05,0.00065702880859375,-0.0010627608642578125,8.421874237060546e-05,1.3711071968078613e-05
738,803163.0,-1.062,0.084,0.018,0.0005045604858398437,-3.8447887420654294e-05,0.0006570148925781249,-0.0010627540283203124,8.490222930908204e-05,1.3715890884399414e-05
739,803173.0,-1.062,0.084,0.018,0.0005045719909667968,-3.843507385253906e-05,0.00065705322265625,-0.0010627166748046874,8.486756896972657e-05,1.3689266204833985e-05
740,803183.0,-1.062,0.084,0.018,0.0005045455322265625,-3.845437240600586e-05,0.00065702490234375,-0.0010627697753906248,8.487181854248047e-05,1.3708493232727051e-05
741,803193.0,-1.062,0.084,0.018,0.0005045471496582031,-3.8455402374267576e-05,0.0006569989624023438,-0.00106280810546875,8.481863403320312e-05,1.3695319175720215e-05
742,803203.0,-1.062,0.084,0.018,0.0005045523376464844,-3.845774459838867e-05,0.0006570462646484375,-0.00106272021484375,8.48820037841797e-05,1.3717287063598633e-05
743,803213.0,-1.063,0.084,0.017,0.0005045733032226562,-3.8462398529052734e-05,0.0006570476684570312,-0.00106276953125,8.487407684326172e-05,1.3709320068359375e-05
744,803223.0,-1.063,0.084,0.019,0.0005045595397949219,-3.841035461425781e-05,0.0006570355834960937,-0.0010627457275390626,8.4883544921875e-05,1.372823715209961e-05
745,803233.0,-1.063,0.084,0.019,0.0005045444946289063,-3.845410919189453e-05,0.0006570271606445312,-0.0010626060791015626,8.41784439086914e-05,1.3801865577697754e-05
746,803243.0,-1.063,0.084,0.018,0.0005045467224121094,-3.846211242675781e-05,0.0006570206909179688,-0.0010626986083984375,8.457243347167968e-05,1.3826032638549806e-05
747,803253.0,-1.062,0.084,0.018,0.0005045591735839843,-3.844527816772461e-05,0.0006570169067382813,-0.0010627410888671876,8.487009429931641e-05,1.371438217163086e-05
748,803263.0,-1.063,0.084,0.018,0.0005045452880859375,-3.84609375e-05,0.0006570192260742187,-0.001062743408203125,8.487361145019531e-05,1.3716736793518065e-05
749,803273.0,-1.062,0.084,0.019,0.0005045640258789062,-3.8459018707275386e-05,0.0006570425415039063,-0.0010625523681640624,8.416650390625e-05,1.3715436935424804e-05
750,803283.0,-1.062,0.084,0.019,0.00050455908203125,-3.844742202758789e-05,0.0006570519409179687,-0.001062577392578125,8.459546661376953e-05,1.3871400833129883e-05
751,803293.0,-1.063,0.084,0.018,0.0005045681762695312,-3.847409820556641e-05,0.0006570177001953125,-0.0010627589111328124,8.488284301757811e-05,1.3714485168457031e-05
752,803303.0,-1.062,0.084,0.018,0.0005045579833984375,-3.8458835601806644e-05,0.0006570231323242187,-0.001062771240234375,8.486940002441407e-05,1.3721468925476075e-05
753,803313.0,-1.062,0.084,0.018,0.0005045590515136718,-3.8445114135742194e-05,0.0006570411987304687,-0.0010627379150390625,8.488751220703125e-05,1.373245906829834e-05
754,803323.0,-1.062,0.084,0.018,0.0005045672607421875,-3.8461883544921874e-05,0.0006570528564453125,-0.001062717041015625,8.419818878173828e-05,1.374142837524414e-05
755,803333.0,-1.062,0.084,0.018,0.0005045810241699219,-3.8447967529296874e-05,0.0006570272216796875,-0.0010627628173828126,8.48675308227539e-05,1.3712197303771974e-05
756,803343.0,-1.062,0.084,0.018,0.0005045862121582031,-3.846782302856445e-05,0.0006570340576171875,-0.0010627659912109376,8.487241363525391e-05,1.3717100143432618e-05
757,803353.0,-1.062,0.084,0.019,0.0005045719909667968,-3.847428512573242e-05,0.000657023193359375,-0.00106274755859375,8.488204956054687e-05,1.3719420433044433e-05
758,803363.0,-1.062,0.084,0.019,0.0005045929260253906,-3.8472499847412105e-05,0.0006570272216796875,-0.0010627293701171877,8.48038787841797e-05,1.3785662651062012e-05
759,803373.0,-1.062,0.084,0.018,0.000504578857421875,-3.8458209991455075e-05,0.0006570427856445312,-0.0010627481689453125,8.488329315185547e-05,1.3717914581298828e-05
760,803383.0,-1.062,0.084,0.018,0.0005045549926757813,-3.848323822021484e-05,0.0006570330810546875,-0.00106273095703125,8.487083435058594e-05,1.3722176551818848e-05
761,803393.0,-1.062,0.084,0.018,0.0005045235290527343,-3.8450668334960934e-05,0.0006570299682617188,-0.0010627546386718749,8.488517761230469e-05,1.3723423957824707e-05
762,803403.0,-1.062,0.084,0.018,0.0005045205078125,-3.845322799682617e-05,0.0006570198364257812,-0.00106259716796875,8.41956558227539e-05,1.3789937019348145e-05
763,803413.0,-1.062,0.084,0.018,0.0005045092468261718,-3.84864387512207e-05,0.0006570276489257813,-0.001062586181640625,8.458522796630858e-05,1.3850672721862794e-05
764,803423.0,-1.062,0.084,0.018,0.0005045178222656251,-3.849664688110352e-05,0.0006570206298828125,-0.00106275048828125,8.48914794921875e-05,1.3711495399475097e-05
765,803433.0,-1.062,0.084,0.017,0.0005045085449218751,-3.8490070343017583e-05,0.0006570242309570313,-0.0010627249755859377,8.487054443359375e-05,1.3720105171203614e-05
766,803443.0,-1.062,0.084,0.018,0.000504511962890625,-3.850578689575195e-05,0.0006570285034179687,-0.0010625872802734375,8.420226287841796e-05,1.3748661994934083e-05
767,803453.0,-1.062,0.084,0.018,0.0005045139160156251,-3.851490783691406e-05,0.0006570181884765625,-0.0010627218017578125,8.487582397460937e-05,1.3731142044067383e-05
768,803463.0,-1.062,0.084,0.018,0.0005044952087402344,-3.84842758178711e-05,0.0006570135498046875,-0.001062706787109375,8.488554382324219e-05,1.3725258827209473e-05
769,803473.0,-1.063,0.084,0.017,0.0005045016784667968,-3.847605514526367e-05,0.0006570186157226563,-0.0010627546386718749,8.490769958496094e-05,1.3738100051879882e-05
770,803483.0,-1.063,0.084,0.019,0.0005045149230957031,-3.848997116088868e-05,0.0006569984130859375,-0.001063009033203125,8.492116546630859e-05,1.3636890411376954e-05
771,803493.0,-1.063,0.083,0.018,0.0005045083923339844,-3.849629592895508e-05,0.0006570087890625001,-0.0010627160644531251,8.423707580566406e-05,1.3703227996826172e-05
772,803503.0,-1.063,0.083,0.018,0.0005044879760742188,-3.849272537231446e-05,0.0006570006713867188,-0.0010627352294921874,8.486090087890626e-05,1.3721305847167968e-05
773,803513.0,-1.063,0.083,0.018,0.0005045204772949218,-3.849438095092773e-05,0.0006569866333007812,-0.0010627327880859375,8.487956237792969e-05,1.372398281097412e-05
774,803523.0,-1.063,0.083,0.017,0.0005044939270019531,-3.84924545288086e-05,0.0006569926147460937,-0.001062992919921875,8.49162826538086e-05,1.3666839599609374e-05
775,803533.0,-1.063,0.083,0.019,0.0005045195312500001,-3.850524520874023e-05,0.0006570114135742188,-0.001062706298828125,8.479460906982423e-05,1.3779261589050292e-05
776,803543.0,-1.063,0.083,0.018,0.0005045088500976562,-3.8469066619873044e-05,0.0006570101928710937,-0.0010627650146484374,8.489459991455078e-05,1.36978759765625e-05
777,803553.0,-1.063,0.083,0.018,0.0005044761047363281,-3.848322677612305e-05,0.0006570001220703125,-0.0010627589111328124,8.489508056640625e-05,1.3693120002746581e-05
778,803563.0,-1.063,0.083,0.018,0.0005044922790527344,-3.849579620361328e-05,0.000657008544921875,-0.0010627625732421875,8.48970947265625e-05,1.3721362113952636e-05
779,803573.0,-1.063,0.083,0.019,0.0005044634094238282,-3.8487075805664066e-05,0.0006570117187499999,-0.001063076171875,8.381929016113281e-05,1.4184853553771974e-05
780,803583.0,-1.063,0.083,0.019,0.0005044793701171875,-3.8494964599609377e-05,0.0006570026245117188,-0.0010627486572265625,8.487059020996093e-05,1.3738382339477539e-05
781,803593.0,-1.063,0.083,0.019,0.0005044924011230468,-3.85008544921875e-05,0.0006570015258789062,-0.0010627293701171877,8.487484741210938e-05,1.3728342056274413e-05
782,803603.0,-1.063,0.083,0.018,0.0005045021972656249,-3.849292373657227e-05,0.00065700927734375,-0.00106274951171875,8.488224792480469e-05,1.37311429977417e-05
783,803613.0,-1.063,0.083,0.018,0.00050450390625,-3.851760482788086e-05,0.0006569750366210938,-0.0010625996093750001,8.420722961425781e-05,1.3757888793945311e-05
784,803623.0,-1.063,0.083,0.019,0.0005044991455078124,-3.8476123809814454e-05,0.00065700732421875,-0.0010627448730468748,8.48737564086914e-05,1.3726420402526856e-05
785,803633.0,-1.063,0.083,0.019,0.0005045175170898437,-3.847123336791992e-05,0.0006570031127929687,-0.0010627586669921876,8.488059997558594e-05,1.3699983596801759e-05
786,803643.0,-1.063,0.083,0.018,0.000504515869140625,-3.846997833251954e-05,0.000656998046875,-0.0010627318115234373,8.486597442626953e-05,1.372465991973877e-05
787,803653.0,-1.063,0.083,0.018,0.0005045632934570312,-3.848650360107422e-05,0.0006570251464843751,-0.00106301416015625,8.490591430664063e-05,1.3658873558044433e-05
788,803663.0,-1.063,0.083,0.02,0.0005045328674316406,-3.852479553222656e-05,0.0006570158081054688,-0.0010625745849609377,8.459496307373048e-05,1.3860260009765625e-05
789,803673.0,-1.063,0.083,0.019,0.0005045496520996093,-3.849880981445312e-05,0.000657021484375,-0.0010627462158203124,8.488101196289061e-05,1.3728816986083985e-05
790,803683.0,-1.063,0.083,0.019,0.0005045589294433593,-3.846806335449219e-05,0.0006570309448242187,-0.00106274267578125,8.488135528564452e-05,1.3717024803161621e-05
791,803693.0,-1.063,0.083,0.019,0.0005045517578124999,-3.8520549774169925e-05,0.0006570322875976562,-0.001062617431640625,8.419100952148438e-05,1.3748793601989747e-05
792,803703.0,-1.063,0.083,0.019,0.0005045499267578125,-3.850245666503906e-05,0.0006570180664062501,-0.0010625982666015625,8.458457183837891e-05,1.386693286895752e-05
793,803713.0,-1.063,0.083,0.019,0.0005045293579101562,-3.8471912384033205e-05,0.0006570305175781251,-0.001062759521484375,8.489762115478514e-05,1.3729022026062012e-05
794,803723.0,-1.063,0.083,0.019,0.0005045485839843749,-3.850078582763672e-05,0.0006570191040039063,-0.00106275830078125,8.487757873535156e-05,1.3714330673217774e-05
795,803733.0,-1.063,0.083,0.018,0.0005045467224121094,-3.8461185455322265e-05,0.0006570450439453125,-0.0010627584228515626,8.487367248535156e-05,1.3706192016601564e-05
796,803743.0,-1.063,0.084,0.018,0.0005045579223632812,-3.8503170013427734e-05,0.0006570277099609375,-0.0010627335205078126,8.418571472167969e-05,1.3709137916564942e-05
797,803753.0,-1.062,0.084,0.019,0.0005045619506835937,-3.847700119018554e-05,0.0006570203247070312,-0.0010627297363281249,8.487920379638672e-05,1.3708457946777345e-05
798,803763.0,-1.062,0.084,0.019,0.0005045411376953125,-3.8502094268798834e-05,0.0006570402221679687,-0.0010627301025390625,8.487653350830078e-05,1.371628475189209e-05
799,803773.0,-1.063,0.083,0.018,0.0005045435180664063,-3.852507781982422e-05,0.0006570211791992188,-0.001062665283203125,8.489118957519532e-05,1.3751530647277832e-05
800,803783.0,-1.063,0.083,0.018,0.0005045225219726563,-3.8467620849609376e-05,0.0006570251464843751,-0.00106272900390625,8.420500946044921e-05,1.3694890022277831e-05
801,803793.0,-1.063,0.083,0.018,0.0005045392150878907,-3.8495822906494144e-05,0.000657027099609375,-0.0010627197265625,8.48619613647461e-05,1.3711839675903321e-05
802,803803.0,-1.062,0.083,0.018,0.0005045278320312499,-3.849493789672852e-05,0.0006570252685546875,-0.0010627427978515624,8.488686370849608e-05,1.3720671653747558e-05
803,803813.0,-1.062,0.083,0.018,0.0005045540466308594,-3.8470886230468754e-05,0.0006570474243164062,-0.0010627065429687499,8.488726043701172e-05,1.371431827545166e-05
804,803823.0,-1.062,0.083,0.017,0.0005045431213378906,-3.848801040649414e-05,0.0006570259399414063,-0.001062588623046875,8.464771270751952e-05,1.3786991119384766e-05
805,803833.0,-1.062,0.083,0.017,0.0005045199890136719,-3.848932647705078e-05,0.0006570014038085937,-0.0010627220458984375,8.455393218994141e-05,1.3801957130432129e-05
806,803843.0,-1.062,0.083,0.018,0.0005045246276855469,-3.847214889526367e-05,0.0006570214233398437,-0.0010627117919921876,8.487674713134765e-05,1.3716073989868164e-05
807,803853.0,-1.062,0.083,0.018,0.0005045145263671875,-3.846975708007813e-05,0.0006570281982421875,-0.001062755126953125,8.48775634765625e-05,1.3717939376831055e-05
808,803863.0,-1.062,0.083,0.017,0.0005045196533203125,-3.849588394165039e-05,0.0006570275268554687,-0.0010625920410156251,8.417523956298828e-05,1.376963233947754e-05
809,803873.0,-1.063,0.083,0.017,0.0005045551147460938,-3.84975471496582e-05,0.0006570103149414063,-0.00106274169921875,8.487770080566406e-05,1.3713283538818359e-05
810,803883.0,-1.062,0.083,0.018,0.0005045126037597656,-3.846586227416992e-05,0.0006570225219726562,-0.0010627431640625,8.487905883789063e-05,1.3710454940795897e-05
811,803893.0,-1.062,0.083,0.017,0.0005045414123535155,-3.848397445678711e-05,0.0006570272827148437,-0.001062749267578125,8.488331604003906e-05,1.3716291427612305e-05
812,803903.0,-1.062,0.083,0.017,0.0005045473327636719,-3.8468185424804686e-05,0.0006570238037109375,-0.001063054443359375,8.491580963134765e-05,1.361414337158203e-05
813,803913.0,-1.062,0.083,0.017,0.0005045680847167969,-3.848165512084961e-05,0.000657008056640625,-0.0010633121337890626,8.380413818359376e-05,1.4221429824829102e-05
814,803923.0,-1.062,0.083,0.017,0.0005045552062988281,-3.84837646484375e-05,0.0006570137939453124,-0.0010627733154296875,8.48643798828125e-05,1.3723359107971192e-05
815,803933.0,-1.062,0.083,0.018,0.0005045396728515626,-3.8479530334472655e-05,0.0006570379028320312,-0.0010627557373046874,8.487895965576171e-05,1.370191192626953e-05
816,803943.0,-1.062,0.083,0.018,0.0005045679931640625,-3.848446655273437e-05,0.000657010986328125,-0.0010630360107421874,8.492291259765624e-05,1.3622952461242674e-05
817,803953.0,-1.062,0.083,0.017,0.0005045958862304688,-3.849740219116211e-05,0.0006570369262695313,-0.001062721435546875,8.416038513183594e-05,1.3748300552368164e-05
818,803963.0,-1.062,0.083,0.017,0.0005046309814453124,-3.8485134124755866e-05,0.0006570410156249999,-0.0010627508544921876,8.487195587158202e-05,1.3727783203125e-05
819,803973.0,-1.062,0.083,0.018,0.000504646728515625,-3.845632934570312e-05,0.0006570541381835937,-0.0010627518310546875,8.488826751708985e-05,1.3704846382141114e-05
820,803983.0,-1.062,0.083,0.018,0.00050452685546875,-3.8381912231445314e-05,0.00065690185546875,-0.0010627471923828125,8.487780761718749e-05,1.3705182075500488e-05
821,803993.0,-1.062,0.083,0.017,0.0005045436706542968,-3.837171936035156e-05,0.0006569061889648437,-0.0010626727294921875,8.467447662353515e-05,1.3715805053710937e-05
822,804003.0,-1.062,0.083,0.017,0.0005045309143066407,-3.837465286254883e-05,0.0006569127197265625,-0.0010627515869140625,8.487329101562501e-05,1.3717375755310059e-05
823,804013.0,-1.062,0.083,0.017,0.0005045124816894532,-3.8360214233398435e-05,0.0006569092407226562,-0.0010627447509765624,8.48653793334961e-05,1.3721270561218262e-05
824,804023.0,-1.062,0.083,0.017,0.0005044922485351563,-3.835439300537109e-05,0.0006569080200195313,-0.0010627348632812502,8.487952423095702e-05,1.3722784996032715e-05
825,804033.0,-1.062,0.083,0.016,0.0005044847717285155,-3.832864761352539e-05,0.0006568931274414063,-0.0010626008300781249,8.421210479736328e-05,1.3760034561157225e-05
826,804043.0,-1.062,0.083,0.016,0.0005044605712890625,-3.832014465332031e-05,0.0006568914184570312,-0.0010627697753906248,8.487918853759766e-05,1.3717870712280272e-05
827,804053.0,-1.062,0.083,0.016,0.000504464599609375,-3.831949234008789e-05,0.0006568730468750001,-0.0010627633056640624,8.489003753662109e-05,1.3732101440429688e-05
828,804063.0,-1.063,0.083,0.017,0.0005044199218749999,-3.832303237915039e-05,0.000656872802734375,-0.001062768798828125,8.487081146240234e-05,1.369712734222412e-05
829,804073.0,-1.062,0.083,0.017,0.0005044067077636719,-3.8313533782958986e-05,0.0006568634643554687,-0.0010630076904296875,8.492630004882812e-05,1.3674296379089356e-05
830,804083.0,-1.063,0.083,0.017,0.0005043832092285157,-3.830773544311523e-05,0.0006568291625976562,-0.0010626505126953125,8.457566833496094e-05,1.3864356994628906e-05
831,804093.0,-1.063,0.083,0.017,0.0005043686828613281,-3.832117462158203e-05,0.0006568458251953126,-0.0010627733154296875,8.488459777832032e-05,1.3705291748046876e-05
832,804103.0,-1.063,0.083,0.018,0.0005043274841308594,-3.829991912841797e-05,0.0006568394165039062,-0.001062762451171875,8.48821029663086e-05,1.3707665443420411e-05
833,804113.0,-1.063,0.083,0.017,0.0005043154907226563,-3.827568054199219e-05,0.0006568294677734375,-0.0010626398925781251,8.465719604492187e-05,1.3800137519836427e-05
834,804123.0,-1.063,0.083,0.017,0.0005043026123046875,-3.8304691314697265e-05,0.0006568360595703125,-0.001062521240234375,8.459727478027345e-05,1.390086555480957e-05
835,804133.0,-1.063,0.083,0.017,0.0005042735900878906,-3.827595520019531e-05,0.0006568375244140625,-0.0010627597656250002,8.488123321533203e-05,1.371751308441162e-05
836,804143.0,-1.063,0.083,0.017,0.0005042272644042968,-3.830519866943359e-05,0.0006568052978515625,-0.0010627576904296875,8.488106536865235e-05,1.3720717430114746e-05
837,804153.0,-1.063,0.083,0.018,0.0005042238159179688,-3.829208374023438e-05,0.0006568284301757813,-0.0010627449951171875,8.488526153564454e-05,1.3699130058288573e-05
838,804163.0,-1.063,0.083,0.018,0.0005042204284667969,-3.828727722167969e-05,0.0006568211059570313,-0.0010632733154296874,8.381734466552735e-05,1.4208568572998047e-05
839,804173.0,-1.063,0.083,0.017,0.0005042723083496094,-3.83423957824707e-05,0.0006568699340820312,-0.0010627684326171875,8.489084625244141e-05,1.37371244430542e-05
840,804183.0,-1.063,0.083,0.017,0.0005042167053222656,-3.828304672241211e-05,0.0006568052978515625,-0.0010627183837890626,8.488623809814454e-05,1.3740490913391114e-05
841,804193.0,-1.063,0.083,0.018,0.0005042933044433594,-3.8377887725830076e-05,0.0006568841552734375,-0.00106271923828125,8.487726593017578e-05,1.375610065460205e-05
842,804203.0,-1.063,0.083,0.018,0.0005043026428222657,-3.837520217895508e-05,0.0006569014892578125,-0.0010627822265625,8.481909942626953e-05,1.370976734161377e-05
843,804213.0,-1.063,0.082,0.017,0.0005043186950683593,-3.8371540069580083e-05,0.0006569266357421875,-0.0010627415771484374,8.489225769042969e-05,1.3730294227600097e-05
844,804223.0,-1.063,0.083,0.017,0.00050430224609375,-3.8371452331542965e-05,0.0006569079589843751,-0.0010627563476562501,8.487446594238281e-05,1.3738625526428223e-05
845,804233.0,-1.063,0.083,0.018,0.0005043217468261719,-3.8383701324462895e-05,0.0006569325561523438,-0.00106276318359375,8.4884521484375e-05,1.3735729217529297e-05
846,804243.0,-1.063,0.083,0.018,0.0005043337097167969,-3.84041748046875e-05,0.0006569502563476562,-0.0010626251220703124,8.467631530761719e-05,1.378747272491455e-05
847,804253.0,-1.062,0.083,0.018,0.0005043775939941406,-3.843299484252929e-05,0.0006569588012695312,-0.00106258056640625,8.459359741210939e-05,1.3869153022766114e-05
848,804263.0,-1.062,0.083,0.018,0.000504354248046875,-3.842210006713867e-05,0.0006569507446289063,-0.001062751953125,8.48881607055664e-05,1.3731378555297851e-05
849,804273.0,-1.063,0.083,0.017,0.0005043431091308594,-3.8392337799072264e-05,0.0006569722900390626,-0.0010627723388671874,8.487631225585937e-05,1.3735955238342285e-05
850,804283.0,-1.062,0.083,0.019,0.0005043784179687501,-3.8449062347412115e-05,0.0006569564208984375,-0.0010626175537109374,8.421421813964844e-05,1.3784588813781738e-05
851,804293.0,-1.063,0.083,0.018,0.000504365478515625,-3.8428031921386716e-05,0.0006569747314453125,-0.0010625186767578125,8.458659362792968e-05,1.3928479194641114e-05
852,804303.0,-1.062,0.083,0.018,0.0005043576354980469,-3.84109115600586e-05,0.0006569893798828125,-0.0010627376708984375,8.488179779052734e-05,1.373734188079834e-05
853,804313.0,-1.063,0.083,0.018,0.0005044017333984375,-3.842702865600586e-05,0.0006569922485351562,-0.0010627510986328127,8.488117218017579e-05,1.3740755081176759e-05
854,804323.0,-1.063,0.083,0.018,0.0005044173889160157,-3.842877578735351e-05,0.0006569927978515625,-0.0010629910888671874,8.490000915527343e-05,1.3681944847106933e-05
855,804333.0,-1.062,0.084,0.018,0.0005044299011230469,-3.841851043701172e-05,0.0006569909057617186,-0.0010627335205078126,8.421473693847655e-05,1.3744590759277344e-05
856,804343.0,-1.062,0.084,0.018,0.00050442529296875,-3.843113327026367e-05,0.0006569947509765624,-0.001062688232421875,8.488016510009766e-05,1.3718520164489747e-05
857,804353.0,-1.062,0.084,0.017,0.0005044110412597656,-3.845014953613282e-05,0.0006569656372070313,-0.001062739990234375,8.488608551025391e-05,1.370591163635254e-05
858,804363.0,-1.062,0.084,0.017,0.0005044399719238282,-3.8438461303710936e-05,0.0006569971923828125,-0.001062998046875,8.491014099121095e-05,1.371372413635254e-05
859,804373.0,-1.062,0.084,0.018,0.0005044308776855468,-3.8445457458496094e-05,0.0006569922485351562,-0.0010626868896484376,8.418345642089843e-05,1.3742240905761719e-05
860,804383.0,-1.062,0.084,0.018,0.0005044234313964843,-3.842092514038086e-05,0.0006569938354492187,-0.001062751220703125,8.489356994628906e-05,1.3699559211730957e-05
861,804393.0,-1.062,0.084,0.018,0.0005044503784179688,-3.844750213623046e-05,0.0006570046386718749,-0.0010627547607421875,8.4875244140625e-05,1.3735544204711915e-05
862,804403.0,-1.062,0.084,0.018,0.0005044753112792969,-3.843149948120117e-05,0.0006570324096679687,-0.0010627333984375,8.488449096679688e-05,1.3734991073608398e-05
863,804413.0,-1.062,0.084,0.019,0.0005044769897460938,-3.8432712554931645e-05,0.000657027587890625,-0.001062486572265625,8.419844055175782e-05,1.374755859375e-05
864,804423.0,-1.062,0.084,0.019,0.00050445849609375,-3.844719696044922e-05,0.0006570156249999999,-0.0010627403564453125,8.488713073730468e-05,1.3752633094787598e-05
865,804433.0,-1.062,0.084,0.018,0.0005045140686035156,-3.844804000854493e-05,0.0006570113525390625,-0.001062741455078125,8.489599609375e-05,1.3726389884948732e-05
866,804443.0,-1.062,0.084,0.018,0.0005044616394042969,-3.844068908691406e-05,0.0006569935913085938,-0.0010627164306640624,8.488951873779296e-05,1.3730512619018555e-05
867,804453.0,-1.062,0.084,0.019,0.0005044898376464844,-3.843152618408203e-05,0.0006570183715820312,-0.00106257421875,8.423152160644532e-05,1.3757195472717286e-05
868,804463.0,-1.062,0.084,0.019,0.0005044936523437499,-3.84152717590332e-05,0.0006570305786132813,-0.0010627506103515626,8.489942169189453e-05,1.3719637870788575e-05
869,804473.0,-1.063,0.084,0.019,0.000504514892578125,-3.843501281738281e-05,0.0006569996948242187,-0.0010627044677734374,8.488518524169922e-05,1.375477409362793e-05
870,804483.0,-1.063,0.083,0.018,0.0005045323181152344,-3.8446292877197264e-05,0.0006570174560546875,-0.00106263916015625,8.489405059814453e-05,1.3751657485961914e-05
871,804493.0,-1.063,0.084,0.018,0.0005045015869140626,-3.8473072052001954e-05,0.0006570111083984375,-0.00106302392578125,8.490463256835939e-05,1.3653682708740235e-05
872,804503.0,-1.063,0.084,0.018,0.0005045090637207032,-3.8427169799804686e-05,0.000657005859375,-0.001062598876953125,8.457463073730469e-05,1.388952922821045e-05
873,804513.0,-1.063,0.084,0.018,0.0005045314331054688,-3.847221374511719e-05,0.0006570053100585937,-0.001062747314453125,8.488264465332031e-05,1.3742233276367187e-05
874,804523.0,-1.063,0.084,0.018,0.0005045193481445313,-3.8452648162841796e-05,0.000656998291015625,-0.001062752197265625,8.49126434326172e-05,1.3718615531921387e-05
875,804533.0,-1.063,0.084,0.018,0.000504486572265625,-3.8475563049316406e-05,0.0006570042724609375,-0.001063034912109375,8.490843963623048e-05,1.3654255867004394e-05
876,804543.0,-1.063,0.083,0.018,0.0005044778442382812,-3.8455856323242184e-05,0.0006569979858398437,-0.0010625992431640625,8.459754180908203e-05,1.3891898155212402e-05
877,804553.0,-1.063,0.083,0.017,0.0005044929504394531,-3.845582962036133e-05,0.0006569933471679688,-0.0010627448730468748,8.488530731201172e-05,1.3715927124023437e-05
878,804563.0,-1.063,0.084,0.017,0.0005045030212402344,-3.8446380615234375e-05,0.0006569979248046876,-0.0010627423095703125,8.488018798828125e-05,1.3710257530212402e-05
879,804573.0,-1.063,0.084,0.017,0.0005045391235351563,-3.846227264404297e-05,0.0006570040893554688,-0.0010627584228515626,8.48808364868164e-05,1.3711878776550294e-05
880,804583.0,-1.063,0.084,0.016,0.0005045140991210938,-3.843568420410156e-05,0.0006570233154296875,-0.001062741455078125,8.419480133056641e-05,1.3744295120239257e-05
881,804593.0,-1.064,0.083,0.018,0.000504518798828125,-3.845133209228516e-05,0.000657021484375,-0.0010627470703125,8.488679504394531e-05,1.3741775512695312e-05
882,804603.0,-1.064,0.084,0.018,0.0005045223388671874,-3.845592498779297e-05,0.0006569967651367188,-0.0010627592773437499,8.488562011718751e-05,1.3719395637512206e-05
883,804613.0,-1.064,0.083,0.018,0.000504547607421875,-3.845569610595703e-05,0.0006569969482421874,-0.0010627501220703125,8.488316345214844e-05,1.3728850364685058e-05
884,804623.0,-1.064,0.084,0.017,0.0005045169067382812,-3.845620346069336e-05,0.0006570223999023438,-0.0010627606201171875,8.42038345336914e-05,1.3741908073425293e-05
885,804633.0,-1.064,0.083,0.018,0.0005045504455566406,-3.844873809814453e-05,0.0006570199584960937,-0.001062762451171875,8.488982391357421e-05,1.3721484184265137e-05
886,804643.0,-1.064,0.084,0.018,0.0005045481262207031,-3.8459407806396486e-05,0.0006570046386718749,-0.0010627342529296875,8.487509155273438e-05,1.3705878257751465e-05
887,804653.0,-1.064,0.084,0.018,0.0005045440673828125,-3.845095443725586e-05,0.00065701611328125,-0.001062758544921875,8.48727035522461e-05,1.3688899993896486e-05
888,804663.0,-1.064,0.084,0.017,0.0005045506591796876,-3.844160079956055e-05,0.0006570344848632812,-0.0010626114501953127,8.466426849365235e-05,1.3811139106750489e-05
889,804673.0,-1.064,0.084,0.017,0.0005045440063476562,-3.844398880004883e-05,0.0006570397338867188,-0.00106261328125,8.454487609863282e-05,1.3874098777770996e-05
890,804683.0,-1.064,0.084,0.019,0.0005045447082519531,-3.8468433380126956e-05,0.0006570247192382812,-0.001062755126953125,8.486104583740234e-05,1.3711541175842286e-05
891,804693.0,-1.064,0.084,0.019,0.0005045298461914063,-3.843317794799805e-05,0.0006570271606445312,-0.0010627703857421875,8.489073944091797e-05,1.3717745780944825e-05
892,804703.0,-1.064,0.084,0.018,0.000504539794921875,-3.8444580078125e-05,0.0006570191040039063,-0.0010630440673828126,8.381966400146485e-05,1.4169060707092285e-05
893,804713.0,-1.063,0.084,0.018,0.0005045362548828125,-3.847169876098633e-05,0.000657005615234375,-0.0010626746826171876,8.458513641357422e-05,1.3808954238891601e-05
894,804723.0,-1.063,0.084,0.019,0.0005045390625,-3.847132873535156e-05,0.000657022216796875,-0.0010627448730468748,8.487248992919922e-05,1.3725356101989745e-05
895,804733.0,-1.064,0.084,0.019,0.0005045325012207031,-3.8445194244384766e-05,0.0006570006103515625,-0.0010627431640625,8.488956451416016e-05,1.3715307235717773e-05
896,804743.0,-1.064,0.083,0.019,0.0005045437316894532,-3.8437213897705075e-05,0.0006570078124999999,-0.0010630142822265624,8.488236999511718e-05,1.3657706260681152e-05
897,804753.0,-1.064,0.083,0.018,0.0005045530395507812,-3.846564865112305e-05,0.0006570068359375,-0.0010626954345703125,8.419287109375e-05,1.3700965881347657e-05
898,804763.0,-1.064,0.084,0.019,0.0005044901123046876,-3.8427547454833985e-05,0.000657007080078125,-0.0010627484130859375,8.48670883178711e-05,1.3704747200012207e-05
899,804773.0,-1.064,0.083,0.019,0.0005045388488769531,-3.844232177734375e-05,0.0006570264892578124,-0.00106275732421875,8.487686157226562e-05,1.3724360466003418e-05
900,804783.0,-1.064,0.083,0.018,0.0005045269470214844,-3.843073272705078e-05,0.0006570083618164062,-0.0010630506591796875,8.491007995605469e-05,1.3642690658569335e-05
901,804793.0,-1.064,0.083,0.018,0.0005045035095214844,-3.8440925598144535e-05,0.0006570096435546875,-0.00106269970703125,8.422335052490234e-05,1.371973705291748e-05
902,804803.0,-1.064,0.083,0.018,0.0005045126953125,-3.844915390014648e-05,0.0006570310668945312,-0.0010627194824218752,8.488979339599608e-05,1.3732730865478516e-05
903,804813.0,-1.064,0.083,0.018,0.0005045306701660156,-3.8456382751464846e-05,0.0006570089111328125,-0.0010627641601562501,8.487181091308593e-05,1.3712250709533692e-05
904,804823.0,-1.064,0.084,0.018,0.000504511932373047,-3.8450592041015625e-05,0.0006570251464843751,-0.0010627373046874999,8.487371826171875e-05,1.3697260856628418e-05
905,804833.0,-1.064,0.084,0.018,0.0005045225830078125,-3.843332290649414e-05,0.0006570466308593749,-0.0010625921630859373,8.420222473144532e-05,1.3771489143371582e-05
906,804843.0,-1.063,0.083,0.017,0.0005045107421875,-3.8451789855957036e-05,0.0006570203247070312,-0.001062752197265625,8.487845611572266e-05,1.3704995155334472e-05
907,804853.0,-1.063,0.083,0.019,0.0005045067138671875,-3.8439109802246094e-05,0.0006570252685546875,-0.0010627576904296875,8.487425994873046e-05,1.3718192100524901e-05
908,804863.0,-1.063,0.083,0.019,0.0005044955444335938,-3.845858383178711e-05,0.0006570044555664063,-0.0010626588134765623,8.488345336914062e-05,1.3723655700683595e-05
909,804873.0,-1.063,0.083,0.018,0.0005045027770996094,-3.8431087493896485e-05,0.00065703955078125,-0.00106262255859375,8.46996841430664e-05,1.3787525177001954e-05
910,804883.0,-1.063,0.083,0.018,0.0005044907531738281,-3.844439697265625e-05,0.0006570068969726562,-0.0010627554931640626,8.487687683105468e-05,1.3711605072021485e-05
911,804893.0,-1.062,0.083,0.018,0.0005044754943847655,-3.84688720703125e-05,0.0006570258178710938,-0.0010627606201171875,8.48914794921875e-05,1.3717610359191895e-05
912,804903.0,-1.062,0.083,0.018,0.0005044801635742188,-3.843623733520508e-05,0.0006570106201171875,-0.0010627020263671875,8.48868408203125e-05,1.3724689483642578e-05
913,804913.0,-1.062,0.083,0.018,0.0005044695434570312,-3.8457675933837894e-05,0.0006569892578124999,-0.00106300634765625,8.488712310791017e-05,1.3623358726501466e-05
914,804923.0,-1.062,0.083,0.018,0.0005044934997558594,-3.847848892211914e-05,0.0006570142211914063,-0.0010627160644531251,8.481132507324218e-05,1.3814099311828613e-05
915,804933.0,-1.062,0.083,0.017,0.0005044856567382813,-3.8442428588867184e-05,0.0006570198974609375,-0.0010627590332031249,8.48916244506836e-05,1.3701720237731934e-05
916,804943.0,-1.062,0.083,0.018,0.0005044719848632812,-3.844591522216797e-05,0.0006570048828125001,-0.0010626949462890624,8.486112213134765e-05,1.374799919128418e-05
917,804953.0,-1.062,0.083,0.018,0.0005044606018066406,-3.846360015869141e-05,0.0006570164184570312,-0.0010630264892578126,8.491987609863281e-05,1.3633602142333985e-05
918,804963.0,-1.062,0.083,0.018,0.0005044822692871094,-3.842117309570312e-05,0.0006570335693359375,-0.0010625936279296875,8.458429718017577e-05,1.385307788848877e-05
919,804973.0,-1.062,0.083,0.017,0.0005044596557617187,-3.843666458129883e-05,0.000657001708984375,-0.0010627293701171877,8.488175964355469e-05,1.3723451614379882e-05
920,804983.0,-1.062,0.083,0.018,0.0005044570617675781,-3.8416244506835934e-05,0.0006570151977539063,-0.0010627480468749998,8.489905548095703e-05,1.3726696014404298e-05
921,804993.0,-1.062,0.083,0.017,0.0005044744567871093,-3.844298934936523e-05,0.0006570078124999999,-0.001062728759765625,8.486294555664064e-05,1.3718294143676758e-05
922,805003.0,-1.062,0.083,0.017,0.0005044621276855469,-3.843212127685547e-05,0.0006570066528320313,-0.001063281982421875,8.382016754150391e-05,1.4198695182800293e-05
923,805013.0,-1.062,0.083,0.017,0.000504465576171875,-3.8456020355224605e-05,0.0006570183715820312,-0.0010626103515625,8.489103698730468e-05,1.3763110160827636e-05
924,805023.0,-1.062,0.083,0.017,0.0005044565124511718,-3.8431495666503906e-05,0.000657017578125,-0.001062751708984375,8.488240814208985e-05,1.373112964630127e-05
925,805033.0,-1.062,0.083,0.018,0.0005044639587402345,-3.8423011779785156e-05,0.0006570197143554688,-0.0010626982421875,8.488508605957032e-05,1.3728302001953125e-05
926,805043.0,-1.062,0.084,0.017,0.0005044520263671875,-3.8404418945312497e-05,0.0006570261840820313,-0.0010627607421875,8.480413055419922e-05,1.3780620574951172e-05
927,805053.0,-1.062,0.084,0.017,0.0005044613647460937,-3.84498176574707e-05,0.00065700048828125,-0.0010627386474609374,8.48763198852539e-05,1.3705407142639161e-05
928,805063.0,-1.062,0.084,0.017,0.0005044932861328125,-3.8461105346679686e-05,0.0006570193481445312,-0.0010627659912109376,8.487747192382812e-05,1.3711874961853027e-05
929,805073.0,-1.062,0.084,0.019,0.0005044573669433594,-3.8413768768310546e-05,0.0006569890747070313,-0.0010627398681640626,8.489850616455077e-05,1.3726844787597656e-05
930,805083.0,-1.062,0.084,0.019,0.0005044581298828125,-3.842810440063476e-05,0.0006569942016601562,-0.0010626015625,8.467623901367186e-05,1.3801929473876953e-05
931,805093.0,-1.062,0.084,0.018,0.0005044639282226563,-3.8427730560302733e-05,0.00065699072265625,-0.0010625914306640625,8.457971954345702e-05,1.3906630516052245e-05
932,805103.0,-1.062,0.084,0.018,0.0005044833679199219,-3.843034744262695e-05,0.00065702001953125,-0.001062754150390625,8.487847137451173e-05,1.3701337814331055e-05
933,805113.0,-1.062,0.084,0.019,0.0005044951782226562,-3.8468105316162114e-05,0.0006570146484375,-0.0010627590332031249,8.489070129394531e-05,1.3707881927490235e-05
934,805123.0,-1.062,0.084,0.019,0.0005044932861328125,-3.846151351928711e-05,0.0006570209960937499,-0.0010626114501953127,8.422435760498047e-05,1.375209903717041e-05
935,805133.0,-1.062,0.084,0.019,0.0005044786987304688,-3.8451263427734374e-05,0.0006570172119140624,-0.0010625345458984375,8.461183166503906e-05,1.3934185981750488e-05
936,805143.0,-1.062,0.084,0.019,0.0005044625854492187,-3.845384216308594e-05,0.0006570033569335938,-0.0010627354736328124,8.488346862792968e-05,1.3718158721923828e-05
937,805153.0,-1.062,0.084,0.018,0.0005044591064453126,-3.845706558227539e-05,0.0006570142211914063,-0.0010627176513671875,8.487748718261719e-05,1.3702322959899902e-05
938,805163.0,-1.062,0.084,0.019,0.0005045111083984375,-3.846308898925782e-05,0.0006570049438476563,-0.0010629952392578125,8.4919677734375e-05,1.365565299987793e-05
939,805173.0,-1.062,0.084,0.019,0.0005044657287597656,-3.844718933105469e-05,0.000657002685546875,-0.0010627274169921874,8.422892761230468e-05,1.3732747077941895e-05
940,805183.0,-1.062,0.084,0.018,0.0005044936828613281,-3.846289443969726e-05,0.0006570046386718749,-0.0010626165771484375,8.489140319824219e-05,1.3751270294189453e-05
941,805193.0,-1.062,0.084,0.018,0.0005044638061523438,-3.845679473876954e-05,0.0006569827270507812,-0.0010627545166015625,8.489134216308595e-05,1.3728567123413086e-05
942,805203.0,-1.062,0.084,0.019,0.0005044946594238281,-3.849812698364258e-05,0.000656982421875,-0.0010629855957031249,8.491759490966797e-05,1.3647746086120607e-05
943,805213.0,-1.062,0.084,0.018,0.0005044950866699218,-3.8458869934082036e-05,0.0006570090942382812,-0.0010626903076171874,8.42270278930664e-05,1.37503080368042e-05
944,805223.0,-1.062,0.084,0.018,0.0005044842224121094,-3.84830322265625e-05,0.0006570059204101563,-0.0010627369384765626,8.490415191650391e-05,1.372291851043701e-05
945,805233.0,-1.062,0.084,0.018,0.0005044785766601563,-3.846639633178711e-05,0.0006569878540039063,-0.0010627515869140625,8.489105987548829e-05,1.3730192184448242e-05
946,805243.0,-1.061,0.084,0.018,0.0005044810180664062,-3.846932601928711e-05,0.0006569972534179688,-0.0010627476806640626,8.488149261474609e-05,1.3731001853942872e-05
947,805253.0,-1.061,0.085,0.018,0.0005044719543457031,-3.849514389038086e-05,0.0006570212402343751,-0.0010626169433593752,8.466980743408204e-05,1.3824517250061036e-05
948,805263.0,-1.061,0.085,0.018,0.0005044666137695313,-3.848627853393555e-05,0.0006569775390625,-0.0010627436523437499,8.489601135253906e-05,1.3729062080383301e-05
949,805273.0,-1.061,0.084,0.018,0.0005044703063964844,-3.847128295898437e-05,0.0006569998168945312,-0.001062731201171875,8.48951644897461e-05,1.3718930244445801e-05
950,805283.0,-1.061,0.084,0.018,0.0005044776611328125,-3.8527229309082037e-05,0.0006569898681640624,-0.0010627484130859375,8.488640594482422e-05,1.3737737655639648e-05
951,805293.0,-1.061,0.084,0.019,0.0005044971313476563,-3.8479400634765626e-05,0.0006569985351562499,-0.0010626059570312501,8.423251342773437e-05,1.3784533500671387e-05
952,805303.0,-1.061,0.084,0.019,0.0005044852294921876,-3.848755645751953e-05,0.0006570104370117188,-0.001062577392578125,8.459169006347657e-05,1.3894305229187013e-05
953,805313.0,-1.061,0.084,0.018,0.0005044759826660157,-3.8504631042480466e-05,0.0006569959106445312,-0.0010627633056640624,8.48909912109375e-05,1.3727457046508788e-05
954,805323.0,-1.061,0.084,0.018,0.0005044678955078124,-3.849073791503906e-05,0.0006569855346679688,-0.001062744140625,8.489757537841796e-05,1.3695569992065428e-05
955,805333.0,-1.061,0.084,0.018,0.000504478271484375,-3.84749755859375e-05,0.0006570113525390625,-0.0010629842529296875,8.489928436279297e-05,1.3669074058532714e-05
956,805343.0,-1.061,0.084,0.018,0.000504506591796875,-3.8500553131103516e-05,0.0006570115356445313,-0.0010625504150390626,8.46045913696289e-05,1.3893725395202638e-05
957,805353.0,-1.061,0.084,0.018,0.0005044915161132813,-3.848617172241211e-05,0.0006570037231445312,-0.001062743408203125,8.48878402709961e-05,1.3707149505615234e-05
958,805363.0,-1.061,0.084,0.018,0.0005044692687988282,-3.847151565551758e-05,0.0006569920043945312,-0.00106274951171875,8.488569641113282e-05,1.373582077026367e-05
959,805373.0,-1.061,0.084,0.017,0.0005044339294433594,-3.8498119354248046e-05,0.0006569716796875001,-0.0010629931640625,8.490490722656251e-05,1.3648402214050293e-05
960,805383.0,-1.061,0.084,0.018,0.0005044675598144531,-3.847856903076172e-05,0.0006569913330078125,-0.0010626044921875,8.460729980468749e-05,1.3863237380981445e-05
961,805393.0,-1.061,0.084,0.018,0.0005045016784667968,-3.8499092102050784e-05,0.0006570048828125001,-0.0010627592773437499,8.48873291015625e-05,1.3742485046386719e-05
962,805403.0,-1.061,0.084,0.017,0.0005044586791992187,-3.849746322631836e-05,0.0006570087280273438,-0.0010627556152343748,8.489061737060547e-05,1.3729743003845215e-05
963,805413.0,-1.061,0.084,0.017,0.0005044681091308594,-3.847281265258789e-05,0.0006569976196289062,-0.0010627437744140625,8.489324951171876e-05,1.3726725578308104e-05
964,805423.0,-1.061,0.084,0.018,0.0005044769897460938,-3.847463607788086e-05,0.0006569810791015625,-0.0010626951904296874,8.417784118652344e-05,1.3749908447265626e-05
965,805433.0,-1.061,0.084,0.018,0.0005044900512695313,-3.8510787963867185e-05,0.0006570062866210937,-0.00106274462890625,8.490170288085938e-05,1.3739729881286622e-05
966,805443.0,-1.063,0.084,0.018,0.0005044970092773438,-3.85228385925293e-05,0.0006570079345703124,-0.0010627572021484374,8.48720245361328e-05,1.3713545799255371e-05
967,805453.0,-1.063,0.084,0.017,0.0005044452514648438,-3.845446014404297e-05,0.0006569868774414062,-0.0010627469482421875,8.489539337158203e-05,1.3742090225219726e-05
968,805463.0,-1.063,0.084,0.017,0.000504476806640625,-3.8477432250976566e-05,0.0006569793090820313,-0.0010626995849609376,8.420223236083984e-05,1.3753068923950196e-05
969,805473.0,-1.063,0.084,0.019,0.0005044598693847656,-3.846783828735351e-05,0.00065699755859375,-0.0010627484130859375,8.488426971435546e-05,1.372652530670166e-05
970,805483.0,-1.063,0.084,0.018,0.0005044356689453126,-3.845385360717773e-05,0.0006570028686523437,-0.0010627370605468748,8.48680419921875e-05,1.3717381477355958e-05
971,805493.0,-1.063,0.084,0.018,0.0005044873657226563,-3.848179626464844e-05,0.0006569825439453125,-0.0010626771240234373,8.488845062255859e-05,1.3720996856689454e-05
972,805503.0,-1.063,0.084,0.018,0.0005044676208496094,-3.8495098114013675e-05,0.000656993408203125,-0.0010630618896484373,8.381553649902344e-05,1.415670108795166e-05
973,805513.0,-1.063,0.084,0.019,0.0005044869689941406,-3.846364593505859e-05,0.0006570156249999999,-0.001062567138671875,8.46309814453125e-05,1.3840161323547363e-05
974,805523.0,-1.063,0.084,0.018,0.0005044905700683594,-3.847556686401367e-05,0.0006570059204101563,-0.0010627424316406251,8.487716674804688e-05,1.3710705757141114e-05
975,805533.0,-1.063,0.084,0.018,0.0005044761352539062,-3.846969223022461e-05,0.000656997802734375,-0.0010627374267578125,8.488673400878905e-05,1.373835849761963e-05
976,805543.0,-1.063,0.084,0.018,0.0005044667053222657,-3.849215316772461e-05,0.0006569962158203125,-0.00106299365234375,8.491766357421874e-05,1.364543342590332e-05
977,805553.0,-1.063,0.084,0.017,0.0005044828491210937,-3.8475639343261716e-05,0.0006569834594726562,-0.0010625572509765624,8.459080505371094e-05,1.3862820625305175e-05
978,805563.0,-1.063,0.084,0.018,0.0005044936218261719,-3.8474479675292967e-05,0.0006569951171875,-0.0010627557373046874,8.487753295898437e-05,1.371971035003662e-05
979,805573.0,-1.063,0.084,0.018,0.0005044805603027344,-3.8476882934570314e-05,0.0006570184936523438,-0.0010627298583984375,8.487673950195313e-05,1.3704721450805663e-05
980,805583.0,-1.063,0.084,0.018,0.0005045059814453124,-3.8484859466552736e-05,0.0006570205688476563,-0.0010630043945312499,8.491307067871094e-05,1.362164306640625e-05
981,805593.0,-1.063,0.084,0.017,0.0005044781494140625,-3.846368789672851e-05,0.000657022216796875,-0.0010627155761718749,8.421111297607421e-05,1.3711479187011719e-05
982,805603.0,-1.063,0.084,0.02,0.00050449755859375,-3.845857620239258e-05,0.0006570029296875,-0.0010627459716796874,8.485736083984375e-05,1.370509147644043e-05
983,805613.0,-1.063,0.084,0.019,0.0005044766845703125,-3.844731903076172e-05,0.0006570164184570312,-0.0010627423095703125,8.488854217529297e-05,1.3709730148315429e-05
984,805623.0,-1.063,0.084,0.019,0.0005044799499511718,-3.842794799804688e-05,0.00065701953125,-0.0010630098876953124,8.491622924804687e-05,1.3654211997985839e-05
985,805633.0,-1.063,0.084,0.019,0.0005044858398437499,-3.847846603393554e-05,0.0006570208129882813,-0.001062714111328125,8.419093322753906e-05,1.3703042030334473e-05
986,805643.0,-1.063,0.084,0.019,0.0005044873657226563,-3.846454620361328e-05,0.0006570256958007812,-0.0010627694091796876,8.489208221435547e-05,1.3732290267944336e-05
987,805653.0,-1.063,0.084,0.019,0.0005044865417480469,-3.846479415893555e-05,0.000657003662109375,-0.0010626951904296874,8.487316131591798e-05,1.3716697692871093e-05
988,805663.0,-1.063,0.084,0.019,0.0005044604187011719,-3.840494155883789e-05,0.0006569896240234375,-0.0010627392578125,8.488096618652343e-05,1.3728153228759767e-05
989,805673.0,-1.063,0.084,0.018,0.0005045066223144531,-3.843844985961914e-05,0.0006570288696289063,-0.0010625966796875,8.419621276855468e-05,1.3747184753417969e-05
990,805683.0,-1.063,0.084,0.018,0.0005044892578125,-3.844592666625977e-05,0.0006570103759765626,-0.001062521484375,8.458431243896484e-05,1.3888375282287598e-05
991,805693.0,-1.063,0.084,0.019,0.0005044949951171875,-3.844668579101562e-05,0.0006570346069335937,-0.00106272900390625,8.489141082763672e-05,1.3733149528503419e-05
992,805703.0,-1.063,0.084,0.018,0.0005044725646972657,-3.844502258300781e-05,0.0006570273437500001,-0.0010627591552734375,8.488106536865235e-05,1.3719554901123046e-05
993,805713.0,-1.063,0.084,0.018,0.00050448486328125,-3.843617248535156e-05,0.0006570391235351563,-0.0010626130371093748,8.41969985961914e-05,1.3770109176635741e-05
994,805723.0,-1.062,0.084,0.018,0.0005044834594726562,-3.845151901245117e-05,0.0006569985961914062,-0.001062767822265625,8.488803100585937e-05,1.3735320091247558e-05
995,805733.0,-1.063,0.084,0.019,0.0005044876403808593,-3.843785476684571e-05,0.0006570082397460938,-0.0010627630615234376,8.486676788330078e-05,1.3724091529846192e-05
996,805743.0,-1.063,0.084,0.018,0.0005044764404296875,-3.84170036315918e-05,0.0006570189819335938,-0.00106273974609375,8.487975311279297e-05,1.3719818115234377e-05
997,805753.0,-1.062,0.084,0.018,0.0005045069580078126,-3.845453643798828e-05,0.0006570098266601563,-0.00106301123046875,8.49039535522461e-05,1.363169002532959e-05
998,805763.0,-1.062,0.084,0.018,0.0005044800415039063,-3.844560623168945e-05,0.0006570274047851562,-0.0010626036376953124,8.456967926025392e-05,1.3886199951171875e-05
999,805773.0,-1.063,0.084,0.017,0.0005044481506347656,-3.842978286743164e-05,0.0006569940795898438,-0.001062747314453125,8.48854751586914e-05,1.3738486289978027e-05
1000,805783.0,-1.062,0.084,0.02,0.000504450439453125,-3.8445114135742194e-05,0.0006570209960937499,-0.0010626739501953125,8.489852142333983e-05,1.3743256568908692e-05
1001,805793.0,-1.063,0.084,0.019,0.0005044769897460938,-3.843259048461914e-05,0.000657031494140625,-0.0010630302734374998,8.492665100097656e-05,1.3652609825134277e-05
1002,805803.0,-1.063,0.084,0.019,0.0005044764404296875,-3.8447376251220704e-05,0.0006570279541015624,-0.0010627297363281249,8.421974182128906e-05,1.3711989402770997e-05
1003,805813.0,-1.063,0.084,0.019,0.0005044588623046875,-3.8441783905029295e-05,0.0006570040283203124,-0.0010627701416015625,8.487247467041017e-05,1.3721631050109863e-05
1004,805823.0,-1.063,0.084,0.018,0.000504455352783203,-3.843686294555664e-05,0.0006569988403320313,-0.00106271484375,8.486631774902343e-05,1.3724505424499512e-05
1005,805833.0,-1.063,0.084,0.018,0.0005044584350585938,-3.8435272216796874e-05,0.0006570215454101562,-0.0010626868896484376,8.489956665039062e-05,1.375373935699463e-05
1006,805843.0,-1.063,0.084,0.018,0.0005044431762695312,-3.842934036254883e-05,0.0006570141601562501,-0.0010626195068359375,8.423723602294922e-05,1.3746508598327636e-05
1007,805853.0,-1.063,0.084,0.017,0.0005044518127441406,-3.84515495300293e-05,0.0006570015258789062,-0.0010627421875,8.48895263671875e-05,1.3729326248168946e-05
1008,805863.0,-1.063,0.083,0.018,0.0005044651794433593,-3.846841430664062e-05,0.0006570183715820312,-0.00106275537109375,8.48817138671875e-05,1.3742476463317871e-05
1009,805873.0,-1.063,0.083,0.018,0.0005044450073242187,-3.844919586181641e-05,0.0006569833984375,-0.0010627777099609375,8.487044525146484e-05,1.3707378387451171e-05
1010,805883.0,-1.063,0.083,0.017,0.0005044167785644531,-3.844250106811523e-05,0.0006569971313476563,-0.0010625794677734375,8.465292358398439e-05,1.3802142143249512e-05
1011,805893.0,-1.063,0.083,0.017,0.0005044147033691406,-3.841934585571289e-05,0.0006569852905273437,-0.001062744140625,8.487843322753906e-05,1.3716248512268066e-05
1012,805903.0,-1.063,0.083,0.017,0.0005044272766113281,-3.843822860717774e-05,0.0006570148925781249,-0.0010627528076171875,8.487515258789062e-05,1.3719192504882813e-05
1013,805913.0,-1.063,0.083,0.018,0.0005044520874023437,-3.842337417602539e-05,0.0006570230102539063,-0.00106275341796875,8.486388397216797e-05,1.3718633651733399e-05
1014,805923.0,-1.063,0.083,0.018,0.0005044568786621095,-3.8451263427734374e-05,0.0006569873046875,-0.001063025390625,8.492729949951172e-05,1.3657288551330567e-05
1015,805933.0,-1.063,0.083,0.017,0.000504439208984375,-3.8431537628173824e-05,0.0006570098266601563,-0.001062541015625,8.458261871337891e-05,1.3841700553894043e-05
1016,805943.0,-1.063,0.083,0.017,0.0005044093627929688,-3.840729904174805e-05,0.0006570054931640625,-0.001062742919921875,8.489274597167969e-05,1.3717798233032227e-05
1017,805953.0,-1.063,0.083,0.019,0.0005044506225585937,-3.8439697265625e-05,0.0006569899291992187,-0.0010627510986328127,8.488182830810547e-05,1.3707982063293459e-05
1018,805963.0,-1.063,0.083,0.019,0.0005044508972167969,-3.842543029785156e-05,0.0006569879150390625,-0.00106266015625,8.487622070312501e-05,1.3833230018615721e-05
1019,805973.0,-1.063,0.083,0.018,0.0005044036865234374,-3.8430545806884765e-05,0.000656999267578125,-0.00106262353515625,8.457657623291015e-05,1.3823060989379884e-05
1020,805983.0,-1.063,0.083,0.018,0.0005044629211425781,-3.8462806701660156e-05,0.0006570235595703126,-0.0010627559814453125,8.488934326171875e-05,1.3713066101074219e-05
1021,805993.0,-1.063,0.083,0.018,0.0005044263916015626,-3.8443675994873045e-05,0.0006570071411132813,-0.0010627650146484374,8.487961578369141e-05,1.3710459709167481e-05
1022,806003.0,-1.063,0.083,0.018,0.0005044416198730469,-3.847802352905273e-05,0.000656994140625,-0.0010627464599609374,8.487564086914062e-05,1.3714086532592774e-05
1023,806013.0,-1.063,0.083,0.017,0.0005044301147460938,-3.8419921875e-05,0.0006569942626953125,-0.0010627056884765624,8.482050323486329e-05,1.3790047645568848e-05
1024,806023.0,-1.063,0.083,0.017,0.0005044502563476562,-3.842705535888672e-05,0.0006569940795898438,-0.0010627598876953126,8.48869857788086e-05,1.3722304344177247e-05
1025,806033.0,-1.063,0.083,0.017,0.000504441162109375,-3.844812774658203e-05,0.0006570020141601563,-0.001062752197265625,8.487297821044922e-05,1.3723743438720705e-05
1026,806043.0,-1.063,0.083,0.018,0.000504445068359375,-3.842577743530273e-05,0.000657012939453125,-0.001062743896484375,8.490129852294923e-05,1.3726694107055665e-05
1027,806053.0,-1.063,0.083,0.017,0.0005044371643066406,-3.841875457763671e-05,0.0006570054931640625,-0.0010627827148437501,8.482106018066406e-05,1.3786754608154297e-05
1028,806063.0,-1.064,0.083,0.017,0.000504451416015625,-3.8437786102294924e-05,0.0006570146484375,-0.0010627480468749998,8.487432861328124e-05,1.37453031539917e-05
1029,806073.0,-1.064,0.082,0.017,0.0005044208984375001,-3.843204879760742e-05,0.0006569759521484375,-0.0010627498779296875,8.487032318115234e-05,1.3722856521606446e-05
1030,806083.0,-1.064,0.082,0.018,0.0005044825744628906,-3.845935440063476e-05,0.0006570339965820312,-0.0010627509765625,8.48775405883789e-05,1.3712112426757811e-05
1031,806093.0,-1.064,0.082,0.018,0.0005044433288574218,-3.843122863769531e-05,0.0006570161743164062,-0.0010626126708984376,8.465454864501953e-05,1.3838740348815918e-05
1032,806103.0,-1.064,0.082,0.018,0.0005044586791992187,-3.845269775390625e-05,0.0006570145263671875,-0.0010627607421875,8.488717651367187e-05,1.371484088897705e-05
1033,806113.0,-1.064,0.082,0.017,0.0005044555969238281,-3.844091796875e-05,0.0006569949951171875,-0.00106275390625,8.487844848632812e-05,1.3715212821960448e-05
1034,806123.0,-1.064,0.082,0.017,0.0005044601440429688,-3.8441059112548834e-05,0.0006569974975585937,-0.0010627801513671876,8.486327362060548e-05,1.3713451385498046e-05
1035,806133.0,-1.064,0.082,0.017,0.000504453857421875,-3.843025588989258e-05,0.0006570161743164062,-0.0010625970458984376,8.466925811767578e-05,1.3798488616943358e-05
1036,806143.0,-1.063,0.083,0.017,0.0005044639892578125,-3.843901062011719e-05,0.00065702587890625,-0.0010625996093750001,8.457275390625001e-05,1.3859244346618652e-05
1037,806153.0,-1.063,0.083,0.016,0.0005044880676269531,-3.8438030242919924e-05,0.0006570243530273438,-0.00106275537109375,8.487368774414062e-05,1.3722060203552245e-05
1038,806163.0,-1.063,0.083,0.016,0.0005044823303222656,-3.842707443237304e-05,0.00065704248046875,-0.00106275048828125,8.487590026855468e-05,1.3717498779296874e-05
1039,806173.0,-1.063,0.083,0.018,0.0005044651794433593,-3.841251754760742e-05,0.0006569999389648437,-0.0010630388183593751,8.492201995849609e-05,1.3638798713684081e-05
1040,806183.0,-1.063,0.083,0.017,0.0005044643249511719,-3.843561553955078e-05,0.0006570087280273438,-0.0010625834960937498,8.456764221191407e-05,1.3868868827819824e-05
1041,806193.0,-1.063,0.083,0.017,0.0005044640197753906,-3.842235565185547e-05,0.0006570126342773438,-0.0010626131591796875,8.489170837402343e-05,1.3749672889709472e-05
1042,806203.0,-1.063,0.083,0.017,0.0005044810180664062,-3.843471145629883e-05,0.0006570274658203125,-0.0010627412109375,8.485810852050781e-05,1.3706731796264647e-05
1043,806213.0,-1.063,0.083,0.016,0.0005044668579101562,-3.844123458862304e-05,0.0006570047607421875,-0.001063021240234375,8.493091583251954e-05,1.3614691734313966e-05
1044,806223.0,-1.063,0.083,0.018,0.0005044791259765626,-3.8443679809570315e-05,0.0006570086669921876,-0.0010627470703125,8.415742492675782e-05,1.37233304977417e-05
1045,806233.0,-1.063,0.083,0.018,0.0005044800415039063,-3.8444328308105474e-05,0.0006570142211914063,-0.0010627584228515626,8.488871002197266e-05,1.372433090209961e-05
1046,806243.0,-1.063,0.083,0.017,0.0005044611206054687,-3.844931411743164e-05,0.0006570117797851562,-0.001062734375,8.487610626220703e-05,1.3727615356445313e-05
1047,806253.0,-1.063,0.083,0.017,0.0005045023193359375,-3.844982147216797e-05,0.0006570270385742187,-0.00106276025390625,8.487534332275391e-05,1.3726478576660155e-05
1048,806263.0,-1.063,0.083,0.019,0.0005044620666503906,-3.845657730102539e-05,0.0006570020751953125,-0.001062619140625,8.41992416381836e-05,1.3758320808410645e-05
1049,806273.0,-1.063,0.083,0.019,0.0005045073547363282,-3.845825958251953e-05,0.0006570071411132813,-0.00106274755859375,8.489274597167969e-05,1.3713560104370117e-05
1050,806283.0,-1.063,0.083,0.019,0.0005044722900390625,-3.847302627563477e-05,0.0006569957885742187,-0.00106276025390625,8.485865020751953e-05,1.3726106643676758e-05
1051,806293.0,-1.063,0.083,0.018,0.0005044710693359375,-3.8483188629150396e-05,0.000656999267578125,-0.001062746826171875,8.488133239746094e-05,1.3704831123352052e-05
1052,806303.0,-1.063,0.083,0.018,0.0005044404296875,-3.8467750549316405e-05,0.0006570076293945313,-0.0010626314697265624,8.423065948486328e-05,1.3771584510803222e-05
1053,806313.0,-1.063,0.083,0.019,0.0005044504089355468,-3.8460594177246095e-05,0.0006570022583007813,-0.001062761962890625,8.487967681884766e-05,1.371427345275879e-05
1054,806323.0,-1.062,0.084,0.019,0.0005044404296875,-3.845108795166016e-05,0.0006569954223632812,-0.0010627587890625,8.488565826416015e-05,1.3704678535461426e-05
1055,806333.0,-1.063,0.083,0.019,0.0005044674377441406,-3.847181701660157e-05,0.0006570227661132813,-0.0010627620849609377,8.487936401367188e-05,1.3698269844055175e-05
1056,806343.0,-1.063,0.083,0.019,0.000504484130859375,-3.844039535522461e-05,0.0006570237426757812,-0.00106262109375,8.420954132080079e-05,1.3736248970031739e-05
1057,806353.0,-1.063,0.083,0.019,0.0005044482421875,-3.8483470916748044e-05,0.0006570042724609375,-0.001062735107421875,8.457540893554688e-05,1.3794538497924803e-05
1058,806363.0,-1.063,0.083,0.019,0.0005044562377929688,-3.848216629028321e-05,0.0006569942016601562,-0.0010627425537109373,8.486141967773438e-05,1.3732269287109374e-05
1059,806373.0,-1.063,0.083,0.018,0.0005044649963378907,-3.8488155364990236e-05,0.0006569829711914062,-0.0010627430419921874,8.485884857177735e-05,1.3719614028930664e-05
1060,806383.0,-1.063,0.083,0.018,0.00050446923828125,-3.849568557739258e-05,0.0006570028686523437,-0.0010630385742187501,8.490673065185547e-05,1.3606776237487792e-05
1061,806393.0,-1.063,0.083,0.019,0.0005045025024414063,-3.848203277587891e-05,0.00065703369140625,-0.0010626116943359377,8.460727691650391e-05,1.3867956161499023e-05
1062,806403.0,-1.063,0.083,0.019,0.0005044687805175782,-3.850539779663086e-05,0.0006570128784179687,-0.0010627572021484374,8.489260864257812e-05,1.3725882530212402e-05
1063,806413.0,-1.063,0.083,0.019,0.0005044601135253907,-3.850507736206055e-05,0.0006569842529296875,-0.0010627562255859375,8.48661117553711e-05,1.3709029197692872e-05
1064,806423.0,-1.063,0.082,0.018,0.0005044521789550781,-3.849540710449219e-05,0.0006570011596679688,-0.00106299462890625,8.488486480712891e-05,1.3648975372314453e-05
1065,806433.0,-1.063,0.082,0.018,0.0005044751281738281,-3.848514175415039e-05,0.0006570222778320313,-0.0010627099609375,8.420279693603517e-05,1.3771272659301759e-05
1066,806443.0,-1.063,0.082,0.019,0.0005044522399902344,-3.849371337890625e-05,0.0006570093994140624,-0.0010627681884765624,8.487556457519531e-05,1.3709164619445802e-05
1067,806453.0,-1.063,0.082,0.019,0.000504473876953125,-3.850191879272461e-05,0.0006570134887695313,-0.00106277197265625,8.487715148925782e-05,1.3712879180908202e-05
1068,806463.0,-1.063,0.082,0.018,0.0005044891052246093,-3.850696945190429e-05,0.0006570147705078125,-0.0010627601318359374,8.4869873046875e-05,1.3717042922973633e-05
1069,806473.0,-1.063,0.082,0.018,0.0005044950561523438,-3.848005676269532e-05,0.0006570116577148437,-0.0010627020263671875,8.422295379638673e-05,1.3720887184143066e-05
1070,806483.0,-1.063,0.082,0.019,0.0005044810791015625,-3.8494579315185545e-05,0.0006570092163085937,-0.0010627451171875,8.486226654052734e-05,1.3710458755493165e-05
1071,806493.0,-1.063,0.082,0.018,0.0005044793090820312,-3.850667572021484e-05,0.000657013671875,-0.001062751708984375,8.488848114013673e-05,1.3757189750671387e-05
1072,806503.0,-1.063,0.082,0.018,0.0005044735107421874,-3.849404525756836e-05,0.0006569982299804687,-0.0010627655029296875,8.48690948486328e-05,1.3713352203369141e-05
1073,806513.0,-1.063,0.082,0.018,0.0005044928283691407,-3.8508148193359376e-05,0.0006570104370117188,-0.0010626251220703124,8.421052551269531e-05,1.3758963584899901e-05
1074,806523.0,-1.063,0.082,0.019,0.0005044371643066406,-3.850794219970703e-05,0.0006570068969726562,-0.0010625911865234374,8.45978240966797e-05,1.3873280525207519e-05
1075,806533.0,-1.063,0.083,0.019,0.0005044880065917969,-3.8506191253662105e-05,0.0006570018310546875,-0.0010627590332031249,8.487714385986328e-05,1.3706100463867188e-05
1076,806543.0,-1.063,0.082,0.018,0.0005044732360839845,-3.851796340942383e-05,0.000656977294921875,-0.0010627685546875,8.489556884765626e-05,1.3731975555419922e-05
1077,806553.0,-1.063,0.082,0.018,0.000504478271484375,-3.851383590698242e-05,0.0006570243530273438,-0.001063067626953125,8.382711029052734e-05,1.416056728363037e-05
1078,806563.0,-1.063,0.083,0.018,0.0005045019226074219,-3.850508499145508e-05,0.0006570126953125,-0.0010627741699218748,8.489560699462891e-05,1.3728553771972658e-05
1079,806573.0,-1.063,0.083,0.019,0.0005044849548339844,-3.853474807739258e-05,0.0006569863891601563,-0.001062679931640625,8.489833068847656e-05,1.3755954742431642e-05
1080,806583.0,-1.063,0.083,0.019,0.0005044783630371093,-3.849919128417969e-05,0.00065701318359375,-0.001062727783203125,8.488137817382813e-05,1.373307991027832e-05
1081,806593.0,-1.063,0.083,0.019,0.0005044690246582031,-3.8496013641357424e-05,0.0006570120849609376,-0.0010630101318359374,8.491236877441406e-05,1.3675884246826172e-05
1082,806603.0,-1.063,0.083,0.018,0.0005044770812988282,-3.851777267456055e-05,0.0006569900512695312,-0.0010626956787109375,8.422038269042968e-05,1.371254539489746e-05
1083,806613.0,-1.063,0.083,0.02,0.0005045240478515625,-3.851679992675782e-05,0.0006570289916992188,-0.00106269384765625,8.487296295166015e-05,1.3740363121032716e-05
1084,806623.0,-1.063,0.083,0.019,0.0005045151062011719,-3.850533294677734e-05,0.00065701953125,-0.0010627451171875,8.488458251953125e-05,1.3713924407958986e-05
1085,806633.0,-1.063,0.083,0.019,0.000504498779296875,-3.850495910644531e-05,0.000657012939453125,-0.001063000244140625,8.491999053955078e-05,1.365830898284912e-05
1086,806643.0,-1.063,0.084,0.019,0.0005044858093261719,-3.848676300048828e-05,0.0006570197143554688,-0.0010627283935546873,8.481748962402344e-05,1.3809744834899901e-05
1087,806653.0,-1.063,0.084,0.018,0.00050448828125,-3.849372863769531e-05,0.0006570057983398438,-0.0010627496337890624,8.488094329833984e-05,1.3724759101867676e-05
1088,806663.0,-1.063,0.084,0.02,0.0005045119018554688,-3.850381088256836e-05,0.0006570208129882813,-0.00106273681640625,8.487911224365235e-05,1.3720884323120117e-05
1089,806673.0,-1.063,0.084,0.02,0.0005045111083984375,-3.8499607086181644e-05,0.000657005859375,-0.001062741943359375,8.488056945800782e-05,1.3728664398193361e-05
1090,806683.0,-1.063,0.084,0.019,0.0005045390319824218,-3.852476501464844e-05,0.000657036376953125,-0.0010625177001953126,8.419052886962891e-05,1.3755061149597169e-05
1091,806693.0,-1.062,0.084,0.019,0.0005045245056152344,-3.8494205474853516e-05,0.0006570450439453125,-0.001062728271484375,8.490069580078124e-05,1.3754292488098144e-05
1092,806703.0,-1.062,0.084,0.019,0.0005045296325683593,-3.8486583709716796e-05,0.000657030029296875,-0.0010627357177734375,8.488285064697265e-05,1.3718358039855957e-05
1093,806713.0,-1.062,0.084,0.018,0.0005044960632324219,-3.848806381225586e-05,0.0006570048217773438,-0.001062760009765625,8.488911437988281e-05,1.3733668327331543e-05
1094,806723.0,-1.062,0.085,0.018,0.0005045296936035156,-3.851764297485351e-05,0.000657041748046875,-0.0010626027832031251,8.420381164550782e-05,1.3768447875976562e-05
1095,806733.0,-1.062,0.085,0.018,0.0005045135192871095,-3.850096130371094e-05,0.0006570184326171875,-0.0010627274169921874,8.487603759765625e-05,1.3715057373046875e-05
1096,806743.0,-1.062,0.085,0.019,0.0005045197448730469,-3.849513244628906e-05,0.0006570081787109375,-0.001062736083984375,8.489943695068359e-05,1.3734872817993164e-05
1097,806753.0,-1.062,0.085,0.018,0.000504498779296875,-3.847181701660157e-05,0.0006570390625,-0.0010627480468749998,8.490218353271484e-05,1.3740813255310058e-05
1098,806763.0,-1.062,0.085,0.018,0.0005045143127441405,-3.8461639404296874e-05,0.0006570352172851563,-0.0010629476318359374,8.49071273803711e-05,1.3679987907409668e-05
1099,806773.0,-1.062,0.085,0.018,0.0005045389099121093,-3.84795150756836e-05,0.0006570363159179687,-0.0010625523681640624,8.460073852539063e-05,1.388096523284912e-05
1100,806783.0,-1.062,0.085,0.017,0.0005045184326171875,-3.8470535278320315e-05,0.0006570394897460937,-0.0010627596435546875,8.489462280273438e-05,1.373051166534424e-05
1101,806793.0,-1.062,0.085,0.019,0.0005044847717285155,-3.846942138671875e-05,0.0006570170288085937,-0.0010627286376953126,8.491957855224609e-05,1.3725452423095703e-05
1102,806803.0,-1.062,0.085,0.018,0.0005044785766601563,-3.846958541870117e-05,0.0006570182495117187,-0.0010629954833984373,8.49225311279297e-05,1.371345615386963e-05
1103,806813.0,-1.062,0.085,0.018,0.0005045140380859376,-3.847146224975586e-05,0.0006570403442382812,-0.00106270068359375,8.456875610351562e-05,1.3860952377319336e-05
1104,806823.0,-1.063,0.084,0.018,0.0005044713745117188,-3.8471858978271485e-05,0.0006570066528320313,-0.0010627432861328126,8.490169525146484e-05,1.371731948852539e-05
1105,806833.0,-1.063,0.084,0.018,0.0005045001831054688,-3.846940231323242e-05,0.0006569998168945312,-0.0010627370605468748,8.488741302490234e-05,1.372890853881836e-05
1106,806843.0,-1.063,0.084,0.018,0.0005044970703125,-3.846711730957032e-05,0.0006570162353515625,-0.0010629598388671876,8.491886138916016e-05,1.3676682472229003e-05
1107,806853.0,-1.064,0.084,0.017,0.0005044969177246093,-3.845303726196289e-05,0.0006570333251953125,-0.0010627093505859375,8.420558166503906e-05,1.3744064331054687e-05
1108,806863.0,-1.064,0.084,0.017,0.0005045249633789063,-3.849180603027344e-05,0.0006570100708007812,-0.0010627181396484376,8.488317108154297e-05,1.3723076820373536e-05
1109,806873.0,-1.064,0.084,0.017,0.0005044900817871094,-3.846223831176758e-05,0.0006569953002929687,-0.00106275244140625,8.4881591796875e-05,1.3737109184265137e-05
1110,806883.0,-1.064,0.085,0.018,0.0005044897766113281,-3.843732452392578e-05,0.0006570273437500001,-0.0010627572021484374,8.487908172607423e-05,1.3742568969726563e-05
1111,806893.0,-1.064,0.085,0.018,0.0005044984130859375,-3.8480587005615235e-05,0.000657002197265625,-0.0010632598876953126,8.38472671508789e-05,1.4187556266784667e-05
1112,806903.0,-1.064,0.085,0.017,0.0005045185852050781,-3.8488121032714844e-05,0.0006570148315429688,-0.00106273974609375,8.490667724609376e-05,1.3728938102722168e-05
1113,806913.0,-1.064,0.084,0.017,0.0005045076293945312,-3.84620132446289e-05,0.0006570102539062501,-0.001062744140625,8.486745452880859e-05,1.3720731735229491e-05
1114,806923.0,-1.064,0.084,0.018,0.0005045206909179687,-3.8422389984130864e-05,0.0006570519409179687,-0.001062741943359375,8.488928222656251e-05,1.3733134269714356e-05
1115,806933.0,-1.064,0.084,0.018,0.0005045002136230468,-3.845371627807617e-05,0.0006570194091796875,-0.0010626036376953124,8.420330810546874e-05,1.3758660316467286e-05
1116,806943.0,-1.064,0.085,0.017,0.0005044973144531249,-3.845709991455078e-05,0.0006570084228515625,-0.0010625860595703126,8.458513641357422e-05,1.3898534774780273e-05
1117,806953.0,-1.064,0.085,0.017,0.0005045035705566407,-3.846738815307618e-05,0.0006570157470703126,-0.0010627366943359376,8.487566375732423e-05,1.3727328300476074e-05
1118,806963.0,-1.064,0.085,0.017,0.0005045058288574219,-3.8442947387695314e-05,0.0006570245971679688,-0.00106273681640625,8.48909683227539e-05,1.3728191375732422e-05
1119,806973.0,-1.064,0.085,0.018,0.0005044920959472656,-3.8458568572998053e-05,0.0006570249633789062,-0.0010625899658203125,8.421544647216797e-05,1.378384780883789e-05
1120,806983.0,-1.064,0.085,0.018,0.0005044818420410157,-3.843802642822266e-05,0.0006570269775390625,-0.0010625518798828123,8.460222625732422e-05,1.3883848190307617e-05
1121,806993.0,-1.064,0.085,0.018,0.0005045123596191406,-3.841477966308594e-05,0.0006570244750976563,-0.00106274169921875,8.489396667480469e-05,1.3741832733154296e-05
1122,807003.0,-1.064,0.085,0.018,0.0005044912719726562,-3.845466232299804e-05,0.0006570165405273437,-0.0010627459716796874,8.488406372070313e-05,1.375185775756836e-05
1123,807013.0,-1.063,0.084,0.019,0.0005044868164062501,-3.843247985839843e-05,0.0006570111694335938,-0.0010630003662109376,8.490068054199219e-05,1.3669710159301757e-05
1124,807023.0,-1.063,0.084,0.019,0.0005044950561523438,-3.845027923583985e-05,0.0006570314331054688,-0.0010627108154296877,8.481489562988282e-05,1.3812743186950683e-05
1125,807033.0,-1.063,0.084,0.019,0.0005044704589843751,-3.844000244140625e-05,0.0006570098876953125,-0.0010627731933593749,8.48921890258789e-05,1.3727544784545898e-05
1126,807043.0,-1.063,0.084,0.018,0.0005044865112304687,-3.8448593139648435e-05,0.0006570350952148438,-0.0010627401123046876,8.48970947265625e-05,1.373308277130127e-05
1127,807053.0,-1.063,0.084,0.019,0.0005044854736328125,-3.8451568603515626e-05,0.0006570053100585937,-0.00106303515625,8.493430328369141e-05,1.367741870880127e-05
1128,807063.0,-1.063,0.084,0.018,0.0005044719848632812,-3.844756317138672e-05,0.0006570087890625001,-0.0010626895751953125,8.421217346191406e-05,1.3726275444030762e-05
1129,807073.0,-1.063,0.084,0.018,0.0005045049438476562,-3.8441375732421874e-05,0.0006570223388671875,-0.0010627427978515624,8.487210845947265e-05,1.3715795516967774e-05
1130,807083.0,-1.063,0.084,0.018,0.0005044881896972656,-3.844076156616211e-05,0.0006570040283203124,-0.001062747314453125,8.48983383178711e-05,1.3722583770751953e-05
1131,807093.0,-1.063,0.084,0.018,0.0005044737548828126,-3.8441570281982424e-05,0.0006570252685546875,-0.001062768310546875,8.488056182861328e-05,1.3702325820922851e-05
1132,807103.0,-1.063,0.084,0.018,0.0005044859619140624,-3.844712066650391e-05,0.0006570221557617188,-0.0010626265869140626,8.420305633544922e-05,1.3768599510192872e-05
1133,807113.0,-1.063,0.084,0.018,0.0005044611816406251,-3.842860794067383e-05,0.00065702978515625,-0.00106276171875,8.488803100585937e-05,1.3735170364379884e-05
1134,807123.0,-1.063,0.084,0.018,0.0005044991455078124,-3.843779754638672e-05,0.0006570403442382812,-0.0010627679443359374,8.486771392822266e-05,1.3705164909362792e-05
1135,807133.0,-1.063,0.084,0.018,0.0005044967651367187,-3.8447101593017574e-05,0.000657025390625,-0.0010627330322265625,8.486436462402344e-05,1.3730922698974608e-05
1136,807143.0,-1.063,0.084,0.019,0.0005044781494140625,-3.845912170410156e-05,0.0006570170288085937,-0.0010626309814453126,8.465850830078126e-05,1.3783221244812012e-05
1137,807153.0,-1.063,0.084,0.018,0.0005044824523925782,-3.8447113037109376e-05,0.0006570078735351562,-0.0010627622070312499,8.489707946777344e-05,1.3725383758544922e-05
1138,807163.0,-1.063,0.084,0.018,0.0005044712219238281,-3.845017242431641e-05,0.0006570103149414063,-0.001062731201171875,8.488777923583985e-05,1.3701658248901367e-05
1139,807173.0,-1.063,0.084,0.018,0.0005044786376953125,-3.8435089111328126e-05,0.000657010986328125,-0.0010627191162109375,8.488237762451172e-05,1.3749503135681152e-05
1140,807183.0,-1.063,0.084,0.019,0.0005044860534667969,-3.842644882202149e-05,0.0006570339355468749,-0.001063050537109375,8.491374969482422e-05,1.3604491233825685e-05
1141,807193.0,-1.063,0.084,0.019,0.0005044834289550782,-3.8431167602539064e-05,0.0006570145874023437,-0.0010626970214843749,8.420840454101563e-05,1.3718609809875488e-05
1142,807203.0,-1.063,0.084,0.018,0.0005044781799316407,-3.843368911743164e-05,0.0006570218505859376,-0.001062738525390625,8.48741226196289e-05,1.3714394569396973e-05
1143,807213.0,-1.063,0.084,0.018,0.0005045070495605469,-3.844668960571289e-05,0.000657016357421875,-0.00106274462890625,8.487902069091797e-05,1.3690147399902343e-05
1144,807223.0,-1.063,0.084,0.018,0.0005044620666503906,-3.844423675537109e-05,0.0006569848632812501,-0.001063041748046875,8.492913055419922e-05,1.3610109329223633e-05
1145,807233.0,-1.063,0.084,0.019,0.0005045086364746094,-3.8462795257568354e-05,0.0006570172119140624,-0.0010625570068359376,8.458457183837891e-05,1.3869101524353027e-05
1146,807243.0,-1.063,0.084,0.019,0.0005044749450683593,-3.846776962280273e-05,0.0006570073852539062,-0.0010627498779296875,8.488767242431641e-05,1.3720419883728028e-05
1147,807253.0,-1.063,0.084,0.019,0.0005044561767578125,-3.84349594116211e-05,0.0006569927978515625,-0.0010627421875,8.487418365478516e-05,1.3712261199951173e-05
1148,807263.0,-1.063,0.084,0.018,0.0005044928894042969,-3.842980575561523e-05,0.0006570215454101562,-0.001062701416015625,8.487812042236328e-05,1.3740862846374512e-05
1149,807273.0,-1.063,0.084,0.018,0.0005044909973144532,-3.844441986083984e-05,0.0006570254516601562,-0.001062711669921875,8.480939483642578e-05,1.3790184974670411e-05
1150,807283.0,-1.062,0.084,0.018,0.0005044964294433593,-3.846080780029297e-05,0.000657,-0.00106273583984375,8.486653900146485e-05,1.3719223022460937e-05
1151,807293.0,-1.062,0.084,0.018,0.0005045123291015626,-3.844454956054688e-05,0.0006570062866210937,-0.0010627288818359376,8.487064361572267e-05,1.3727302551269532e-05
1152,807303.0,-1.062,0.084,0.017,0.0005045043029785157,-3.8450595855712894e-05,0.0006570362548828125,-0.001062721435546875,8.488328552246093e-05,1.371001720428467e-05
1153,807313.0,-1.062,0.084,0.017,0.0005044878845214845,-3.847417068481445e-05,0.0006570123901367187,-0.0010626689453125,8.479415130615234e-05,1.3818258285522461e-05
1154,807323.0,-1.063,0.084,0.018,0.0005045061645507813,-3.847053909301758e-05,0.0006570324096679687,-0.00106274169921875,8.48761215209961e-05,1.3727718353271484e-05
1155,807333.0,-1.063,0.084,0.018,0.0005045107116699219,-3.8452320098876954e-05,0.0006570265502929688,-0.0010627453613281251,8.489434814453126e-05,1.3718491554260254e-05
1156,807343.0,-1.063,0.084,0.017,0.0005044844055175781,-3.844139480590821e-05,0.0006570078124999999,-0.0010627574462890625,8.488041687011719e-05,1.3726808547973634e-05
1157,807353.0,-1.063,0.084,0.017,0.0005045131225585938,-3.846009826660156e-05,0.0006570113525390625,-0.0010630301513671876,8.491280364990235e-05,1.3581348419189453e-05
1158,807363.0,-1.063,0.084,0.018,0.0005045195312500001,-3.847405242919922e-05,0.0006570305786132813,-0.0010626639404296876,8.456525421142578e-05,1.385844326019287e-05
1159,807373.0,-1.062,0.084,0.018,0.0005045218505859375,-3.848473739624023e-05,0.0006570256958007812,-0.001062760009765625,8.488510131835937e-05,1.3736310958862306e-05
1160,807383.0,-1.062,0.084,0.017,0.0005044949951171875,-3.845761489868164e-05,0.000657002685546875,-0.0010627581787109376,8.48860092163086e-05,1.3716506958007812e-05
1161,807393.0,-1.062,0.084,0.017,0.0005045060729980468,-3.847653961181641e-05,0.000657001953125,-0.0010625906982421876,8.42061538696289e-05,1.3746926307678223e-05
1162,807403.0,-1.062,0.084,0.018,0.0005044977722167969,-3.846397399902344e-05,0.0006570334472656249,-0.0010625469970703125,8.456535339355468e-05,1.3858128547668456e-05
1163,807413.0,-1.063,0.084,0.018,0.0005044923400878907,-3.847849655151367e-05,0.000657012451171875,-0.00106273876953125,8.487033081054688e-05,1.3712939262390137e-05
1164,807423.0,-1.063,0.084,0.018,0.0005045034484863282,-3.847436904907227e-05,0.0006570186157226563,-0.001062740234375,8.487065124511718e-05,1.370359230041504e-05
1165,807433.0,-1.063,0.084,0.018,0.0005044984436035156,-3.845105743408203e-05,0.0006570119018554688,-0.0010630008544921874,8.489872741699219e-05,1.3598681449890137e-05
1166,807443.0,-1.063,0.084,0.017,0.0005044837646484375,-3.845346450805664e-05,0.0006570233154296875,-0.0010627005615234375,8.419886779785156e-05,1.373136329650879e-05
1167,807453.0,-1.062,0.084,0.018,0.0005044853210449218,-3.847075653076172e-05,0.0006570110473632811,-0.0010627377929687501,8.488575744628906e-05,1.3721123695373535e-05
1168,807463.0,-1.063,0.084,0.018,0.0005045053710937501,-3.8461128234863276e-05,0.00065700341796875,-0.001062752197265625,8.489066314697266e-05,1.3727643013000488e-05
1169,807473.0,-1.062,0.084,0.018,0.0005044985656738281,-3.846501541137695e-05,0.000657003662109375,-0.0010630246582031251,8.49211883544922e-05,1.3611717224121095e-05
1170,807483.0,-1.063,0.084,0.017,0.0005044813842773438,-3.8446105957031246e-05,0.0006569882202148437,-0.001062779052734375,8.479518890380859e-05,1.3772194862365723e-05
1171,807493.0,-1.063,0.084,0.018,0.0005044858093261719,-3.845485687255859e-05,0.0006570212402343751,-0.0010627590332031249,8.488604736328124e-05,1.3727699279785157e-05
1172,807503.0,-1.062,0.084,0.018,0.0005045009460449219,-3.847896194458008e-05,0.0006570145263671875,-0.0010627396240234376,8.488394165039062e-05,1.3723736763000488e-05
1173,807513.0,-1.062,0.084,0.017,0.0005045105285644531,-3.8458213806152345e-05,0.0006569943237304687,-0.0010627496337890624,8.488438415527344e-05,1.3713220596313476e-05
1174,807523.0,-1.062,0.084,0.017,0.0005045207519531249,-3.8459693908691404e-05,0.0006569955444335938,-0.0010625683593749999,8.418064117431641e-05,1.3748506546020508e-05
1175,807533.0,-1.062,0.084,0.017,0.0005045077209472656,-3.8501037597656253e-05,0.0006570097045898438,-0.0010625828857421876,8.455650329589844e-05,1.3891697883605958e-05
1176,807543.0,-1.062,0.084,0.018,0.0005044991149902344,-3.847468566894531e-05,0.0006569953613281249,-0.0010627388916015625,8.488253784179687e-05,1.3697835922241211e-05
1177,807553.0,-1.062,0.084,0.018,0.0005044954223632813,-3.84488525390625e-05,0.0006569929809570313,-0.0010627297363281249,8.488710021972656e-05,1.3715242385864259e-05
1178,807563.0,-1.062,0.084,0.018,0.0005044707641601562,-3.8442356109619144e-05,0.0006569890747070313,-0.00106300732421875,8.38341064453125e-05,1.4171078681945801e-05
1179,807573.0,-1.062,0.084,0.017,0.0005045073547363282,-3.8460723876953125e-05,0.0006570073852539062,-0.0010627435302734377,8.489434814453126e-05,1.3711736679077149e-05
1180,807583.0,-1.062,0.084,0.018,0.0005045036010742187,-3.846872329711914e-05,0.0006570132446289062,-0.00106274609375,8.487850189208984e-05,1.3751959800720216e-05
1181,807593.0,-1.062,0.083,0.018,0.0005045105285644531,-3.8451568603515626e-05,0.0006569884643554687,-0.00106269921875,8.489990234375e-05,1.3714461326599122e-05
1182,807603.0,-1.062,0.084,0.017,0.0005045140380859376,-3.84759407043457e-05,0.0006570005493164063,-0.001063,8.49154052734375e-05,1.366273021697998e-05
1183,807613.0,-1.062,0.084,0.017,0.0005044938354492188,-3.845919036865234e-05,0.0006570010986328126,-0.001062648193359375,8.459344482421875e-05,1.3848516464233398e-05
1184,807623.0,-1.062,0.084,0.017,0.0005045063171386719,-3.847057342529297e-05,0.0006570084838867187,-0.0010627362060546875,8.48876953125e-05,1.373250961303711e-05
1185,807633.0,-1.062,0.084,0.018,0.0005044758911132813,-3.8478630065917964e-05,0.0006569974365234375,-0.0010627423095703125,8.489076232910156e-05,1.3701704025268555e-05
1186,807643.0,-1.062,0.084,0.018,0.0005045155944824219,-3.848974990844727e-05,0.0006569899291992187,-0.0010629564208984375,8.488957977294922e-05,1.3672801971435546e-05
1187,807653.0,-1.062,0.084,0.018,0.0005044837646484375,-3.8475318908691406e-05,0.0006569979858398437,-0.0010624895019531251,8.4584228515625e-05,1.3887540817260742e-05
1188,807663.0,-1.062,0.084,0.017,0.0005044823303222656,-3.8466835021972656e-05,0.0006569876708984374,-0.0010627557373046874,8.48807601928711e-05,1.3729968070983888e-05
1189,807673.0,-1.062,0.084,0.018,0.0005044722290039062,-3.848318099975586e-05,0.0006569735717773437,-0.0010627219238281249,8.489122009277343e-05,1.3710301399230957e-05
1190,807683.0,-1.062,0.084,0.018,0.0005045014343261719,-3.84737434387207e-05,0.0006570102539062501,-0.0010627418212890624,8.489725494384766e-05,1.3717458724975586e-05
1191,807693.0,-1.062,0.084,0.018,0.0005044949035644532,-3.850473022460937e-05,0.0006570025634765625,-0.00106271728515625,8.418242645263673e-05,1.3739129066467287e-05
1192,807703.0,-1.062,0.084,0.017,0.000504496337890625,-3.847167205810547e-05,0.0006570040893554688,-0.0010627174072265625,8.490928649902344e-05,1.3717650413513183e-05
1193,807713.0,-1.062,0.084,0.019,0.0005044932861328125,-3.84849967956543e-05,0.0006569893188476563,-0.001062771240234375,8.48888931274414e-05,1.373360538482666e-05
1194,807723.0,-1.062,0.084,0.019,0.0005045155334472656,-3.847794723510743e-05,0.000657016845703125,-0.0010627340087890624,8.48876953125e-05,1.3720207214355469e-05
1195,807733.0,-1.062,0.084,0.018,0.0005044935302734374,-3.8463344573974606e-05,0.000656987548828125,-0.001062660888671875,8.419091796875e-05,1.3727452278137208e-05
1196,807743.0,-1.062,0.084,0.018,0.0005044580383300781,-3.8476417541503904e-05,0.0006569923095703125,-0.0010626832275390625,8.486998748779297e-05,1.3735001564025878e-05
1197,807753.0,-1.062,0.084,0.018,0.0005044910278320313,-3.8496795654296875e-05,0.0006569783935546874,-0.0010627401123046876,8.48887710571289e-05,1.3733180999755859e-05
1198,807763.0,-1.062,0.084,0.018,0.0005045023193359375,-3.84500732421875e-05,0.0006569989013671875,-0.0010627288818359376,8.487144470214845e-05,1.3699000358581543e-05
1199,807773.0,-1.062,0.084,0.018,0.0005044699401855469,-3.847176742553711e-05,0.0006569971313476563,-0.0010625863037109376,8.466056060791016e-05,1.383016300201416e-05
1200,807783.0,-1.062,0.084,0.017,0.0005044721374511719,-3.846916961669922e-05,0.00065696533203125,-0.0010625447998046874,8.461557006835937e-05,1.3891345977783203e-05
1201,807793.0,-1.062,0.084,0.017,0.0005044962768554687,-3.849489212036133e-05,0.0006570082397460938,-0.0010627523193359374,8.49009780883789e-05,1.3721238136291505e-05
1202,807803.0,-1.062,0.084,0.018,0.0005044660034179688,-3.849239730834961e-05,0.0006570003051757813,-0.0010627203369140625,8.487799072265625e-05,1.3745785713195801e-05
1203,807813.0,-1.062,0.085,0.018,0.0005045064392089844,-3.850313568115234e-05,0.0006570253295898437,-0.0010625725097656248,8.421036529541015e-05,1.3792081832885743e-05
1204,807823.0,-1.062,0.085,0.018,0.0005045105590820312,-3.847111129760742e-05,0.0006570198974609375,-0.001062595703125,8.459378814697266e-05,1.3852883338928222e-05
1205,807833.0,-1.062,0.085,0.018,0.0005044827575683594,-3.84814338684082e-05,0.0006569912719726563,-0.001062727294921875,8.489834594726563e-05,1.3735739707946778e-05
1206,807843.0,-1.062,0.085,0.017,0.0005044766235351562,-3.8473503112792966e-05,0.0006570106201171875,-0.00106275390625,8.487767791748046e-05,1.3736536026000975e-05
1207,807853.0,-1.062,0.085,0.018,0.0005045099792480469,-3.8490550994873045e-05,0.000657,-0.0010627664794921876,8.489069366455078e-05,1.3728153228759767e-05
1208,807863.0,-1.062,0.085,0.018,0.0005045019836425782,-3.846624755859375e-05,0.0006570234985351563,-0.0010627344970703125,8.41993408203125e-05,1.3732078552246095e-05
1209,807873.0,-1.062,0.085,0.017,0.0005045226440429688,-3.8472858428955076e-05,0.0006570247192382812,-0.0010627406005859375,8.487411499023438e-05,1.3712952613830566e-05
1210,807883.0,-1.062,0.085,0.017,0.0005045020446777344,-3.850849151611328e-05,0.0006570045776367187,-0.0010627531738281251,8.486425018310547e-05,1.3707148551940916e-05
1211,807893.0,-1.062,0.085,0.018,0.000504510498046875,-3.847797393798828e-05,0.0006570153198242188,-0.0010630168457031251,8.49020538330078e-05,1.3638981819152831e-05
1212,807903.0,-1.062,0.085,0.018,0.0005044887084960937,-3.8469589233398436e-05,0.0006570051879882812,-0.0010627069091796875,8.41729507446289e-05,1.3705119132995607e-05
1213,807913.0,-1.062,0.085,0.018,0.0005045008850097656,-3.84787826538086e-05,0.0006570046997070312,-0.0010627666015624998,8.487835693359375e-05,1.3711119651794433e-05
1214,807923.0,-1.062,0.085,0.017,0.0005045018310546875,-3.84671630859375e-05,0.0006570269165039062,-0.001062757080078125,8.488121795654297e-05,1.3725225448608397e-05
1215,807933.0,-1.062,0.085,0.019,0.00050450048828125,-3.8480339050292966e-05,0.0006570034790039062,-0.0010627578125,8.486420440673829e-05,1.371714210510254e-05
1216,807943.0,-1.062,0.085,0.018,0.0005044703979492187,-3.8479507446289065e-05,0.0006570084838867187,-0.0010625983886718752,8.420576477050781e-05,1.37676362991333e-05
1217,807953.0,-1.062,0.085,0.018,0.0005045044555664062,-3.849348068237304e-05,0.0006570062255859374,-0.0010627911376953126,8.487084197998048e-05,1.3745494842529296e-05
1218,807963.0,-1.062,0.085,0.018,0.0005045132446289063,-3.8470504760742185e-05,0.0006570177001953125,-0.0010627132568359374,8.486615753173827e-05,1.370308780670166e-05
1219,807973.0,-1.062,0.085,0.018,0.0005045160827636719,-3.848643112182617e-05,0.0006570408935546875,-0.0010627587890625,8.488624572753905e-05,1.374008083343506e-05
1220,807983.0,-1.062,0.085,0.019,0.0005045093078613281,-3.844676971435547e-05,0.0006570182495117187,-0.0010626116943359377,8.420716094970703e-05,1.3750200271606445e-05
1221,807993.0,-1.063,0.085,0.019,0.0005044943542480469,-3.8474319458007815e-05,0.0006570125732421876,-0.001062755126953125,8.48943328857422e-05,1.3727005958557128e-05
1222,808003.0,-1.063,0.085,0.019,0.0005045246887207031,-3.8488403320312506e-05,0.0006570100708007812,-0.001062762451171875,8.48666000366211e-05,1.371016502380371e-05
1223,808013.0,-1.063,0.085,0.018,0.0005045073547363282,-3.843605041503906e-05,0.0006569923706054687,-0.0010627348632812502,8.487669372558595e-05,1.3738471984863281e-05
1224,808023.0,-1.063,0.085,0.019,0.0005045116577148438,-3.846284866333008e-05,0.0006570042114257813,-0.0010630501708984374,8.489773559570312e-05,1.3662721633911133e-05
1225,808033.0,-1.063,0.084,0.019,0.0005044969177246093,-3.848162078857422e-05,0.000657012939453125,-0.0010625718994140625,8.45655288696289e-05,1.3869400024414063e-05
1226,808043.0,-1.063,0.084,0.019,0.0005045172119140625,-3.8466079711914065e-05,0.0006569976806640625,-0.0010627423095703125,8.488086700439452e-05,1.372049617767334e-05
1227,808053.0,-1.063,0.084,0.018,0.000504504913330078,-3.8477188110351566e-05,0.0006570209960937499,-0.0010627420654296875,8.488716888427735e-05,1.3726303100585938e-05
1228,808063.0,-1.063,0.084,0.018,0.0005045087890625,-3.848138046264649e-05,0.0006570120239257813,-0.0010630247802734375,8.490646362304688e-05,1.3616978645324707e-05
1229,808073.0,-1.063,0.084,0.019,0.0005044930114746093,-3.846378707885742e-05,0.000657003662109375,-0.0010625280761718749,8.45906753540039e-05,1.3899427413940429e-05
1230,808083.0,-1.063,0.084,0.019,0.0005045022277832031,-3.8466293334960936e-05,0.0006570260620117188,-0.0010627348632812502,8.488436889648437e-05,1.370237922668457e-05
1231,808093.0,-1.063,0.084,0.018,0.0005045050354003906,-3.846152114868164e-05,0.0006570194091796875,-0.0010627053222656252,8.488639068603515e-05,1.3708584785461427e-05
1232,808103.0,-1.063,0.084,0.018,0.0005045265502929688,-3.846960067749024e-05,0.0006569942626953125,-0.0010627255859375,8.487595367431641e-05,1.372275161743164e-05
1233,808113.0,-1.063,0.084,0.019,0.0005044960021972657,-3.846741485595703e-05,0.0006570122680664062,-0.001062740234375,8.417774200439452e-05,1.3695139884948731e-05
1234,808123.0,-1.063,0.084,0.019,0.0005045130004882813,-3.8442405700683594e-05,0.00065700146484375,-0.0010627489013671876,8.487181854248047e-05,1.3741930961608887e-05
1235,808133.0,-1.063,0.084,0.018,0.0005045088500976562,-3.845244216918945e-05,0.0006570146484375,-0.0010627222900390625,8.486609649658203e-05,1.370537757873535e-05
1236,808143.0,-1.063,0.084,0.018,0.0005045323791503906,-3.848395156860351e-05,0.0006570081176757813,-0.0010627569580078124,8.489214324951173e-05,1.3708356857299805e-05
1237,808153.0,-1.063,0.084,0.019,0.0005044745788574218,-3.8446483612060545e-05,0.0006569891357421875,-0.0010625269775390626,8.423558807373047e-05,1.3770420074462891e-05
1238,808163.0,-1.063,0.084,0.019,0.0005044965209960938,-3.8458610534667964e-05,0.0006570130615234375,-0.0010627464599609374,8.488397216796875e-05,1.372117042541504e-05
1239,808173.0,-1.063,0.084,0.018,0.0005044953002929688,-3.844995498657226e-05,0.0006570082397460938,-0.0010626920166015626,8.486953735351562e-05,1.3732137680053712e-05
1240,808183.0,-1.063,0.084,0.018,0.0005045061340332031,-3.8415870666503904e-05,0.0006570169067382813,-0.0010627587890625,8.489874267578125e-05,1.3729053497314453e-05
1241,808193.0,-1.063,0.084,0.018,0.0005045088806152344,-3.845595169067383e-05,0.0006570141601562501,-0.0010630299072265626,8.384066772460938e-05,1.4127604484558106e-05
1242,808203.0,-1.063,0.084,0.018,0.0005045255126953126,-3.845020294189453e-05,0.0006570110473632811,-0.0010626201171875,8.461076354980469e-05,1.3840211868286132e-05
1243,808213.0,-1.063,0.085,0.018,0.0005044979858398437,-3.846020126342774e-05,0.0006570059814453125,-0.0010627596435546875,8.488529968261718e-05,1.3749363899230958e-05
1244,808223.0,-1.062,0.085,0.018,0.0005045133666992188,-3.8448028564453125e-05,0.0006570285034179687,-0.0010627347412109375,8.488639068603515e-05,1.3730963706970215e-05
1245,808233.0,-1.062,0.085,0.017,0.0005045235290527343,-3.8455375671386716e-05,0.0006570356445312499,-0.0010625834960937498,8.42223358154297e-05,1.3750835418701172e-05
1246,808243.0,-1.062,0.085,0.019,0.0005044901123046876,-3.8482040405273435e-05,0.0006570113525390625,-0.0010625830078125,8.458924102783204e-05,1.3889168739318847e-05
1247,808253.0,-1.063,0.085,0.018,0.0005045109558105468,-3.844409942626953e-05,0.0006569993896484376,-0.00106273828125,8.486672973632812e-05,1.373189640045166e-05
1248,808263.0,-1.063,0.085,0.018,0.0005044954223632813,-3.844888687133789e-05,0.0006569890747070313,-0.0010627655029296875,8.489903259277344e-05,1.3752110481262207e-05
1249,808273.0,-1.063,0.084,0.018,0.0005045127868652344,-3.8452323913574216e-05,0.0006570079956054688,-0.0010629923095703123,8.491523742675782e-05,1.3654982566833496e-05
1250,808283.0,-1.063,0.085,0.017,0.0005045079956054688,-3.8466026306152346e-05,0.0006570014038085937,-0.0010627177734375,8.480481719970703e-05,1.382304573059082e-05
1251,808293.0,-1.063,0.084,0.018,0.000504504150390625,-3.8423549652099614e-05,0.0006570139770507812,-0.00106274267578125,8.488080596923828e-05,1.3716739654541016e-05
1252,808303.0,-1.063,0.085,0.018,0.0005045109558105468,-3.8444488525390625e-05,0.0006570068969726562,-0.0010627371826171874,8.488255310058594e-05,1.3726221084594727e-05
1253,808313.0,-1.063,0.085,0.017,0.0005044867858886719,-3.844052505493164e-05,0.0006570057983398438,-0.001062999267578125,8.491759490966797e-05,1.3660610198974609e-05
1254,808323.0,-1.063,0.085,0.017,0.0005045253295898437,-3.8434165954589844e-05,0.0006569918212890626,-0.0010627017822265625,8.419697570800782e-05,1.3742160797119141e-05
1255,808333.0,-1.063,0.084,0.018,0.0005044715270996094,-3.8428085327148435e-05,0.0006569866333007812,-0.001062751220703125,8.488762664794922e-05,1.3739544868469239e-05
1256,808343.0,-1.063,0.084,0.017,0.0005044706115722656,-3.843301391601563e-05,0.0006570217895507812,-0.0010627630615234376,8.487456512451172e-05,1.3722707748413085e-05
1257,808353.0,-1.063,0.085,0.017,0.0005044936828613281,-3.843428802490234e-05,0.0006569913330078125,-0.0010627525634765624,8.49025421142578e-05,1.3735607147216796e-05
1258,808363.0,-1.063,0.084,0.017,0.000504480224609375,-3.8437545776367186e-05,0.0006569888305664062,-0.00106261767578125,8.423206329345703e-05,1.3803939819335937e-05
1259,808373.0,-1.062,0.085,0.018,0.0005044945983886718,-3.84262580871582e-05,0.0006569991455078124,-0.0010627176513671875,8.487714385986328e-05,1.37028169631958e-05
1260,808383.0,-1.062,0.085,0.018,0.0005044698486328125,-3.842207336425781e-05,0.0006570292358398437,-0.0010627481689453125,8.48892593383789e-05,1.3727160453796386e-05
1261,808393.0,-1.062,0.085,0.018,0.0005045127868652344,-3.847040557861328e-05,0.0006570146484375,-0.0010626318359375,8.487881469726563e-05,1.3767638206481934e-05
1262,808403.0,-1.062,0.085,0.017,0.0005045018920898437,-3.843325424194336e-05,0.0006569959106445312,-0.0010625340576171875,8.465658569335938e-05,1.378046989440918e-05
1263,808413.0,-1.063,0.084,0.017,0.0005045157470703126,-3.8438240051269525e-05,0.0006570146484375,-0.00106274169921875,8.488248443603516e-05,1.3741243362426757e-05
1264,808423.0,-1.063,0.084,0.018,0.0005045115966796875,-3.846312713623047e-05,0.000657000244140625,-0.0010627250976562499,8.488818359375e-05,1.3724200248718262e-05
1265,808433.0,-1.063,0.084,0.018,0.0005045223693847656,-3.845317459106445e-05,0.0006570094604492187,-0.0010627451171875,8.488864135742187e-05,1.3729203224182129e-05
1266,808443.0,-1.063,0.084,0.017,0.0005045045166015624,-3.846501159667968e-05,0.0006570125122070312,-0.0010630017089843752,8.492101287841797e-05,1.3684208869934083e-05
1267,808453.0,-1.062,0.085,0.017,0.0005045278625488281,-3.84442024230957e-05,0.0006570305175781251,-0.001062764404296875,8.478833770751953e-05,1.3813776969909668e-05
1268,808463.0,-1.063,0.084,0.019,0.0005045242309570313,-3.8457130432128905e-05,0.0006570100708007812,-0.001062669189453125,8.491573333740236e-05,1.3763818740844726e-05
1269,808473.0,-1.062,0.085,0.019,0.0005045223388671874,-3.844415664672852e-05,0.0006570088500976563,-0.0010627587890625,8.489579772949218e-05,1.3733057975769043e-05
1270,808483.0,-1.062,0.085,0.019,0.0005045227966308595,-3.8442413330078127e-05,0.0006570197143554688,-0.0010629937744140625,8.492835998535156e-05,1.3673063278198241e-05
1271,808493.0,-1.063,0.085,0.019,0.0005045134887695313,-3.844154357910156e-05,0.0006569995117187501,-0.001062531982421875,8.460003662109375e-05,1.3902493476867676e-05
1272,808503.0,-1.062,0.085,0.018,0.0005045151977539063,-3.846282196044922e-05,0.0006570233154296875,-0.00106273828125,8.487677764892577e-05,1.3737513542175292e-05
1273,808513.0,-1.063,0.084,0.019,0.0005045335083007813,-3.841135406494141e-05,0.0006570254516601562,-0.0010627174072265625,8.488611602783202e-05,1.3728527069091798e-05
1274,808523.0,-1.062,0.084,0.019,0.0005045187072753906,-3.8450668334960934e-05,0.0006570148315429688,-0.0010627603759765624,8.489990997314453e-05,1.3721853256225587e-05
1275,808533.0,-1.062,0.084,0.019,0.0005045433349609376,-3.8443359375e-05,0.0006570269775390625,-0.0010627381591796874,8.483739471435548e-05,1.3795893669128417e-05
1276,808543.0,-1.062,0.084,0.018,0.0005045061950683594,-3.845744323730469e-05,0.000656996826171875,-0.0010627659912109376,8.490895080566405e-05,1.373451042175293e-05
1277,808553.0,-1.062,0.084,0.019,0.0005045332946777343,-3.840948867797851e-05,0.0006570255126953125,-0.0010627305908203124,8.488279724121093e-05,1.3735298156738282e-05
1278,808563.0,-1.062,0.084,0.018,0.0005045246276855469,-3.8439868927001955e-05,0.0006570061645507812,-0.001062715087890625,8.488839721679688e-05,1.3741618156433104e-05
1279,808573.0,-1.062,0.084,0.018,0.0005045293579101562,-3.843585968017578e-05,0.0006570286865234375,-0.001062707275390625,8.480283355712891e-05,1.3811053276062012e-05
1280,808583.0,-1.062,0.084,0.018,0.0005045104370117187,-3.843471145629883e-05,0.0006570011596679688,-0.0010627330322265625,8.489429473876953e-05,1.3731438636779786e-05
1281,808593.0,-1.062,0.084,0.019,0.000504515869140625,-3.843779754638672e-05,0.0006570086059570312,-0.0010627487792968752,8.489770507812499e-05,1.3733859062194824e-05
1282,808603.0,-1.062,0.084,0.018,0.0005045133666992188,-3.843348693847656e-05,0.0006570157470703126,-0.0010627523193359374,8.489955139160155e-05,1.3750290870666504e-05
1283,808613.0,-1.062,0.085,0.018,0.0005045342407226563,-3.8451263427734374e-05,0.0006570191040039063,-0.0010629853515625,8.489539337158203e-05,1.364488124847412e-05
1284,808623.0,-1.062,0.085,0.018,0.000504516845703125,-3.844255065917969e-05,0.0006570066528320313,-0.0010624996337890624,8.460369873046875e-05,1.3915772438049318e-05
1285,808633.0,-1.062,0.084,0.018,0.0005044981994628907,-3.845578384399414e-05,0.000657008544921875,-0.00106277099609375,8.488492584228516e-05,1.3706831932067871e-05
1286,808643.0,-1.062,0.084,0.018,0.0005045132751464843,-3.843399047851562e-05,0.0006570053100585937,-0.001062720458984375,8.486962890625e-05,1.3713967323303224e-05
1287,808653.0,-1.062,0.084,0.018,0.0005045205078125,-3.844114685058594e-05,0.0006570189208984375,-0.0010630126953125002,8.490998840332031e-05,1.3625636100769042e-05
1288,808663.0,-1.062,0.084,0.018,0.0005045062561035156,-3.844187164306641e-05,0.0006570138549804687,-0.0010626773681640625,8.4579833984375e-05,1.3841558456420898e-05
1289,808673.0,-1.062,0.084,0.017,0.0005045201721191406,-3.8446212768554685e-05,0.0006570208740234374,-0.0010627514648437499,8.487844848632812e-05,1.3728240013122558e-05
1290,808683.0,-1.062,0.084,0.019,0.0005045321350097655,-3.8425659179687504e-05,0.0006570296020507812,-0.0010627408447265625,8.489141082763672e-05,1.3703219413757324e-05
1291,808693.0,-1.062,0.084,0.019,0.0005045253295898437,-3.8455974578857425e-05,0.00065700927734375,-0.0010627462158203124,8.488207244873048e-05,1.3725552558898925e-05
1292,808703.0,-1.062,0.084,0.018,0.0005045200500488282,-3.8452049255371094e-05,0.0006570048828125001,-0.001062719970703125,8.42374725341797e-05,1.3738323211669922e-05
1293,808713.0,-1.062,0.084,0.018,0.0005045167846679688,-3.845034027099609e-05,0.0006569950561523438,-0.0010627500000000001,8.49089584350586e-05,1.3705136299133301e-05
1294,808723.0,-1.062,0.084,0.018,0.0005045189208984375,-3.8459289550781246e-05,0.0006570251464843751,-0.0010627510986328127,8.48666763305664e-05,1.3733973503112792e-05
1295,808733.0,-1.062,0.084,0.018,0.000504522705078125,-3.843675231933594e-05,0.000657029541015625,-0.0010627404785156249,8.489562225341797e-05,1.3701383590698242e-05
1296,808743.0,-1.062,0.084,0.018,0.0005045081481933595,-3.843362045288086e-05,0.0006570141601562501,-0.0010627042236328126,8.48021469116211e-05,1.3785726547241211e-05
1297,808753.0,-1.062,0.084,0.018,0.0005045202026367187,-3.843852615356446e-05,0.0006570039672851562,-0.0010627203369140625,8.488251495361328e-05,1.3723508834838866e-05
1298,808763.0,-1.062,0.084,0.017,0.0005045271301269531,-3.8464241027832035e-05,0.0006569996337890625,-0.001062760498046875,8.489078521728516e-05,1.3722746849060059e-05
1299,808773.0,-1.062,0.084,0.019,0.0005045111083984375,-3.843155670166016e-05,0.0006570188598632813,-0.0010626904296875,8.487062072753906e-05,1.3726980209350586e-05
1300,808783.0,-1.062,0.084,0.018,0.0005045149841308593,-3.844477844238281e-05,0.00065700048828125,-0.0010626020507812498,8.463275909423829e-05,1.3793590545654297e-05
1301,808793.0,-1.062,0.084,0.018,0.0005045189208984375,-3.8419013977050785e-05,0.0006570008544921874,-0.0010627664794921876,8.487887573242188e-05,1.3733449935913087e-05
1302,808803.0,-1.062,0.084,0.018,0.0005045434265136719,-3.844655990600586e-05,0.0006570479736328125,-0.0010627607421875,8.489538574218749e-05,1.3718062400817872e-05
1303,808813.0,-1.062,0.084,0.019,0.0005045086975097656,-3.844074630737305e-05,0.0006570142822265626,-0.0010627496337890624,8.489614105224609e-05,1.3705883026123047e-05
1304,808823.0,-1.062,0.084,0.019,0.0005045075378417969,-3.842251968383789e-05,0.00065702001953125,-0.0010630244140625,8.380301666259765e-05,1.4163938522338868e-05
1305,808833.0,-1.062,0.084,0.018,0.0005045289611816405,-3.844839096069336e-05,0.0006570253295898437,-0.001062538330078125,8.460932159423829e-05,1.3842555046081542e-05
1306,808843.0,-1.062,0.083,0.018,0.0005045209655761719,-3.844934844970703e-05,0.0006570107421875,-0.001062740966796875,8.48623046875e-05,1.3724088668823243e-05
1307,808853.0,-1.062,0.084,0.018,0.0005045271606445313,-3.840956115722656e-05,0.0006570040283203124,-0.001062730712890625,8.488664245605469e-05,1.3739164352416993e-05
1308,808863.0,-1.062,0.083,0.018,0.0005045225219726563,-3.8452209472656245e-05,0.000657017822265625,-0.0010630570068359375,8.492296600341796e-05,1.3600744247436524e-05
1309,808873.0,-1.062,0.084,0.018,0.0005045194091796876,-3.841959762573242e-05,0.000657014404296875,-0.0010627022705078123,8.420337677001953e-05,1.3734975814819335e-05
1310,808883.0,-1.062,0.083,0.017,0.00050451806640625,-3.845283889770508e-05,0.0006570242919921875,-0.0010627554931640626,8.486980438232422e-05,1.373045539855957e-05
1311,808893.0,-1.062,0.084,0.017,0.0005045271301269531,-3.84298210144043e-05,0.0006570086059570312,-0.0010627514648437499,8.488393402099609e-05,1.371976375579834e-05
1312,808903.0,-1.062,0.084,0.018,0.0005045135803222657,-3.844202423095703e-05,0.00065701123046875,-0.001063037109375,8.492487335205077e-05,1.3614853858947755e-05
1313,808913.0,-1.062,0.084,0.018,0.0005045281066894531,-3.843420791625977e-05,0.0006570204467773438,-0.0010626884765625,8.479875946044922e-05,1.3811113357543945e-05
1314,808923.0,-1.062,0.084,0.018,0.0005044967651367187,-3.8442947387695314e-05,0.0006570024414062499,-0.0010627239990234373,8.486376953124999e-05,1.3711364746093749e-05
1315,808933.0,-1.062,0.084,0.017,0.0005045013732910156,-3.84271240234375e-05,0.000657021728515625,-0.0010627421875,8.490027618408204e-05,1.3739980697631837e-05
1316,808943.0,-1.062,0.084,0.017,0.0005044923095703126,-3.8445930480957037e-05,0.0006570198974609375,-0.0010627717285156251,8.488338470458983e-05,1.3705044746398927e-05
1317,808953.0,-1.062,0.084,0.018,0.0005045067749023437,-3.844022369384766e-05,0.0006570063476562499,-0.0010627156982421875,8.422692108154296e-05,1.3721800804138184e-05
1318,808963.0,-1.062,0.084,0.017,0.0005045180969238281,-3.8466232299804684e-05,0.0006570174560546875,-0.00106274169921875,8.490567016601562e-05,1.3721828460693359e-05
1319,808973.0,-1.062,0.084,0.017,0.000504509765625,-3.844196319580078e-05,0.00065702978515625,-0.0010627459716796874,8.488416290283203e-05,1.3720398902893065e-05
1320,808983.0,-1.062,0.084,0.017,0.0005044911804199219,-3.840513229370117e-05,0.0006570135498046875,-0.0010627453613281251,8.490357208251952e-05,1.3712807655334473e-05
1321,808993.0,-1.062,0.084,0.018,0.0005044939270019531,-3.8467342376708984e-05,0.0006570316772460938,-0.0010627132568359374,8.478571319580078e-05,1.3750097274780274e-05
1322,809003.0,-1.062,0.084,0.018,0.0005044909057617187,-3.84439697265625e-05,0.0006570250244140626,-0.001062750244140625,8.489098358154296e-05,1.3727035522460938e-05
1323,809013.0,-1.062,0.084,0.017,0.0005045138854980469,-3.8452075958251953e-05,0.0006570038452148438,-0.0010627701416015625,8.488873291015625e-05,1.3719019889831542e-05
1324,809023.0,-1.062,0.084,0.017,0.0005044991149902344,-3.845083618164063e-05,0.0006570169067382813,-0.0010627375488281249,8.489581298828125e-05,1.3717484474182129e-05
1325,809033.0,-1.062,0.084,0.019,0.0005045049743652343,-3.848970031738281e-05,0.0006569996948242187,-0.001063005615234375,8.490423583984375e-05,1.3647896766662598e-05
1326,809043.0,-1.062,0.084,0.018,0.000504485595703125,-3.843661117553711e-05,0.000657033203125,-0.0010625821533203127,8.457513427734376e-05,1.386260986328125e-05
1327,809053.0,-1.063,0.084,0.018,0.0005044988708496095,-3.846298217773438e-05,0.0006570307006835937,-0.0010627451171875,8.488125610351564e-05,1.3706058502197265e-05
1328,809063.0,-1.062,0.084,0.018,0.000504490234375,-3.8445568084716796e-05,0.0006570093383789063,-0.001062753662109375,8.48826675415039e-05,1.3703779220581054e-05
1329,809073.0,-1.062,0.084,0.018,0.0005044841613769532,-3.845382690429688e-05,0.0006570181884765625,-0.0010629951171875001,8.491909790039063e-05,1.366064167022705e-05
1330,809083.0,-1.062,0.084,0.019,0.0005044914245605468,-3.8455432891845705e-05,0.0006570037231445312,-0.0010625842285156251,8.45760498046875e-05,1.3852277755737303e-05
1331,809093.0,-1.062,0.084,0.019,0.0005044711914062499,-3.844714736938477e-05,0.0006570164794921876,-0.0010627381591796874,8.48738555908203e-05,1.3728110313415528e-05
1332,809103.0,-1.063,0.084,0.019,0.0005044853820800781,-3.846639633178711e-05,0.000657005126953125,-0.0010627374267578125,8.487782287597657e-05,1.370978832244873e-05
1333,809113.0,-1.063,0.084,0.018,0.0005044895935058595,-3.844815063476562e-05,0.0006569866333007812,-0.001062758544921875,8.488253784179687e-05,1.3723440170288086e-05
1334,809123.0,-1.063,0.084,0.019,0.0005044968566894531,-3.844785690307617e-05,0.0006570220947265625,-0.001062716796875,8.420611572265626e-05,1.3743175506591796e-05
1335,809133.0,-1.063,0.084,0.019,0.0005044890747070313,-3.844649887084961e-05,0.00065700537109375,-0.0010627679443359374,8.485464477539062e-05,1.3739630699157715e-05
1336,809143.0,-1.062,0.084,0.018,0.0005044775085449219,-3.842543029785156e-05,0.0006570159912109375,-0.001062747802734375,8.489434051513672e-05,1.3737682342529298e-05
1337,809153.0,-1.062,0.084,0.018,0.0005044823608398438,-3.8443786621093754e-05,0.0006570183715820312,-0.0010627406005859375,8.489613342285155e-05,1.372340202331543e-05
1338,809163.0,-1.062,0.084,0.019,0.000504462158203125,-3.8417198181152344e-05,0.0006570098266601563,-0.00106272607421875,8.480115509033203e-05,1.3796608924865722e-05
1339,809173.0,-1.062,0.084,0.019,0.0005044549865722656,-3.84565544128418e-05,0.0006569773559570312,-0.001062751708984375,8.489749145507811e-05,1.371614933013916e-05
1340,809183.0,-1.062,0.084,0.019,0.0005044535522460938,-3.843424987792969e-05,0.0006570205688476563,-0.0010627513427734375,8.488582611083985e-05,1.3717120170593261e-05
1341,809193.0,-1.063,0.084,0.018,0.0005044747009277343,-3.841819381713867e-05,0.0006570008544921874,-0.00106275390625,8.487685394287109e-05,1.3711015701293945e-05
1342,809203.0,-1.064,0.084,0.018,0.0005044350891113281,-3.8433132171630854e-05,0.0006569541015625,-0.0010626053466796874,8.464556121826172e-05,1.3815235137939453e-05
1343,809213.0,-1.064,0.084,0.019,0.0005044725036621094,-3.8447246551513675e-05,0.0006570147705078125,-0.0010625450439453125,8.460264587402344e-05,1.3882101058959961e-05
1344,809223.0,-1.064,0.084,0.018,0.0005044588317871094,-3.845955276489258e-05,0.0006569840698242188,-0.001062732421875,8.488459014892579e-05,1.3717559814453126e-05
1345,809233.0,-1.064,0.084,0.018,0.0005044820861816406,-3.8459728240966796e-05,0.0006569979858398437,-0.0010627288818359376,8.488175201416015e-05,1.3761618614196776e-05
1346,809243.0,-1.064,0.084,0.018,0.0005044745788574218,-3.8466567993164066e-05,0.0006569953002929687,-0.0010625955810546874,8.420184326171876e-05,1.3792412757873536e-05
1347,809253.0,-1.064,0.084,0.019,0.0005044595031738282,-3.846302032470703e-05,0.0006569935302734375,-0.0010625709228515626,8.459187316894531e-05,1.3880657196044923e-05
1348,809263.0,-1.064,0.084,0.019,0.0005044767761230469,-3.843882751464844e-05,0.0006570318603515624,-0.0010627286376953126,8.487411499023438e-05,1.373556327819824e-05
1349,809273.0,-1.064,0.084,0.018,0.0005044574279785156,-3.842246246337891e-05,0.0006570145263671875,-0.0010627442626953126,8.488246154785156e-05,1.3730156898498534e-05
1350,809283.0,-1.064,0.084,0.018,0.0005044869384765625,-3.8453453063964843e-05,0.0006570120849609376,-0.0010629755859375,8.492982482910157e-05,1.3647026062011719e-05
1351,809293.0,-1.064,0.084,0.018,0.000504468994140625,-3.846111679077149e-05,0.0006570183715820312,-0.0010627098388671873,8.418959808349609e-05,1.375492000579834e-05
1352,809303.0,-1.064,0.084,0.019,0.0005044727172851564,-3.846092987060547e-05,0.0006570011596679688,-0.00106270751953125,8.487171936035157e-05,1.3730591773986815e-05
1353,809313.0,-1.064,0.084,0.019,0.000504453857421875,-3.845995712280274e-05,0.0006569890747070313,-0.001062738525390625,8.488433074951172e-05,1.3755451202392578e-05
1354,809323.0,-1.064,0.084,0.018,0.0005044391479492187,-3.84792251586914e-05,0.00065698828125,-0.0010629984130859375,8.490755462646485e-05,1.3659106254577637e-05
1355,809333.0,-1.064,0.084,0.018,0.0005044584045410156,-3.8475334167480464e-05,0.0006570032958984376,-0.00106275439453125,8.481947326660157e-05,1.3788175582885742e-05
1356,809343.0,-1.064,0.084,0.02,0.0005044599304199218,-3.847737121582031e-05,0.0006569995727539063,-0.001062763671875,8.488683319091797e-05,1.3743513107299805e-05
1357,809353.0,-1.064,0.084,0.02,0.0005044571228027344,-3.847397232055664e-05,0.0006570020751953125,-0.0010627371826171874,8.487972259521484e-05,1.37417631149292e-05
1358,809363.0,-1.064,0.084,0.019,0.0005044602661132812,-3.8484043121337894e-05,0.000657011474609375,-0.001062749755859375,8.48812713623047e-05,1.3737064361572266e-05
1359,809373.0,-1.064,0.084,0.019,0.0005044618225097657,-3.849182891845703e-05,0.0006569971923828125,-0.001063325927734375,8.379359436035157e-05,1.4219895362854004e-05
1360,809383.0,-1.064,0.084,0.019,0.0005044720153808594,-3.850482559204101e-05,0.0006570030517578125,-0.001062735595703125,8.487654876708984e-05,1.3721376419067384e-05
1361,809393.0,-1.064,0.084,0.02,0.0005044920349121094,-3.8505279541015625e-05,0.0006570032958984376,-0.0010627601318359374,8.487443542480469e-05,1.3746176719665528e-05
1362,809403.0,-1.064,0.085,0.019,0.0005044767761230469,-3.8461364746093744e-05,0.0006569921875,-0.001062760009765625,8.487650299072266e-05,1.3728826522827149e-05
1363,809413.0,-1.064,0.085,0.019,0.00050448095703125,-3.850119018554687e-05,0.000657023681640625,-0.0010626312255859376,8.421641540527345e-05,1.3782866477966308e-05
1364,809423.0,-1.064,0.084,0.019,0.0005044752197265625,-3.8481227874755855e-05,0.000656994873046875,-0.001062698486328125,8.487476348876954e-05,1.3719961166381836e-05
1365,809433.0,-1.064,0.084,0.02,0.000504494384765625,-3.849637985229492e-05,0.0006570015869140625,-0.00106274462890625,8.486910247802734e-05,1.3727263450622558e-05
1366,809443.0,-1.064,0.085,0.02,0.0005044840698242188,-3.844901275634766e-05,0.0006570054931640625,-0.0010627357177734375,8.487706756591797e-05,1.3727807998657227e-05
1367,809453.0,-1.064,0.084,0.02,0.0005044481506347656,-3.8488307952880855e-05,0.0006569857788085938,-0.0010630018310546876,8.490309906005859e-05,1.3645859718322754e-05
1368,809463.0,-1.064,0.084,0.019,0.000504462158203125,-3.849332809448242e-05,0.0006569992065429687,-0.0010626752929687499,8.454871368408202e-05,1.3838245391845702e-05
1369,809473.0,-1.064,0.084,0.02,0.0005044776916503905,-3.8484073638916016e-05,0.0006569815063476562,-0.001062759521484375,8.487807464599609e-05,1.3714004516601561e-05
1370,809483.0,-1.064,0.084,0.02,0.0005044640197753906,-3.8498119354248046e-05,0.0006569906005859375,-0.0010627364501953126,8.487126159667968e-05,1.3712836265563964e-05
1371,809493.0,-1.064,0.084,0.02,0.0005044521179199218,-3.852847290039062e-05,0.0006569887084960937,-0.0010630227050781248,8.491732788085937e-05,1.361973476409912e-05
1372,809503.0,-1.064,0.084,0.02,0.0005044703979492187,-3.847644805908203e-05,0.0006570123901367187,-0.0010625718994140625,8.457209014892578e-05,1.3867033004760743e-05
1373,809513.0,-1.064,0.084,0.019,0.0005044937744140626,-3.8496013641357424e-05,0.0006570040893554688,-0.0010627578125,8.486846923828125e-05,1.3715183258056642e-05
1374,809523.0,-1.064,0.084,0.019,0.0005044761047363281,-3.8484851837158204e-05,0.0006569921875,-0.0010627794189453125,8.486619567871094e-05,1.371959114074707e-05
1375,809533.0,-1.064,0.084,0.019,0.0005044519653320313,-3.8499664306640626e-05,0.0006569805297851562,-0.0010626851806640625,8.488375854492187e-05,1.3752465248107909e-05
1376,809543.0,-1.064,0.084,0.019,0.0005044485168457032,-3.8475368499755856e-05,0.0006570050048828126,-0.0010627601318359374,8.415615081787109e-05,1.37130126953125e-05
1377,809553.0,-1.064,0.084,0.018,0.0005044581604003906,-3.849122619628906e-05,0.0006570020141601563,-0.0010627500000000001,8.48818588256836e-05,1.3721229553222657e-05
1378,809563.0,-1.064,0.084,0.02,0.0005044818725585938,-3.848264312744141e-05,0.0006569935913085938,-0.0010627780761718751,8.489706420898439e-05,1.373246383666992e-05
1379,809573.0,-1.063,0.085,0.019,0.0005044679870605469,-3.847553253173828e-05,0.0006570023803710937,-0.00106266455078125,8.4893310546875e-05,1.376060199737549e-05
1380,809583.0,-1.063,0.085,0.019,0.0005044645690917968,-3.8452919006347656e-05,0.0006569768676757812,-0.0010632916259765625,8.383229064941406e-05,1.4177821159362792e-05
1381,809593.0,-1.063,0.085,0.019,0.0005044625854492187,-3.849532699584961e-05,0.0006569937744140625,-0.0010627510986328127,8.489743804931641e-05,1.3729264259338379e-05
1382,809603.0,-1.063,0.085,0.018,0.0005044449768066406,-3.8479736328125e-05,0.0006569817504882812,-0.00106275048828125,8.487687683105468e-05,1.3723326683044434e-05
1383,809613.0,-1.063,0.084,0.019,0.0005044525451660157,-3.8471290588378906e-05,0.0006569981689453125,-0.0010627592773437499,8.487178039550781e-05,1.370989990234375e-05
1384,809623.0,-1.063,0.084,0.019,0.0005044666442871094,-3.850178527832031e-05,0.0006569873046875,-0.0010630281982421874,8.489128875732422e-05,1.365583324432373e-05
1385,809633.0,-1.063,0.084,0.018,0.0005044708862304688,-3.848673248291016e-05,0.0006570059814453125,-0.001062554443359375,8.459220123291016e-05,1.386334705352783e-05
1386,809643.0,-1.063,0.085,0.018,0.0005044417419433593,-3.847872924804688e-05,0.0006569909057617186,-0.0010627425537109373,8.487229919433593e-05,1.3715542793273927e-05
1387,809653.0,-1.063,0.084,0.019,0.0005044434814453125,-3.849300384521484e-05,0.0006569898071289062,-0.0010627633056640624,8.48849868774414e-05,1.3728312492370606e-05
1388,809663.0,-1.063,0.084,0.018,0.0005044667663574218,-3.852546691894531e-05,0.0006569722290039062,-0.001062617431640625,8.464243316650391e-05,1.3797757148742675e-05
1389,809673.0,-1.063,0.085,0.018,0.0005044672546386719,-3.853314208984375e-05,0.000656998779296875,-0.001062690673828125,8.456889343261719e-05,1.382472038269043e-05
1390,809683.0,-1.063,0.085,0.018,0.0005044929199218749,-3.850061798095703e-05,0.0006570169067382813,-0.0010627794189453125,8.488420867919921e-05,1.3728952407836915e-05
1391,809693.0,-1.063,0.084,0.019,0.000504480712890625,-3.8499362945556644e-05,0.0006569921264648437,-0.00106274755859375,8.487496948242187e-05,1.3714587211608886e-05
1392,809703.0,-1.063,0.085,0.019,0.00050447412109375,-3.851672744750976e-05,0.0006570093994140624,-0.00106305712890625,8.491143798828125e-05,1.3639062881469726e-05
1393,809713.0,-1.063,0.084,0.019,0.0005044682922363281,-3.852000045776367e-05,0.0006569827880859375,-0.0010627076416015624,8.481353759765625e-05,1.3801450729370118e-05
1394,809723.0,-1.063,0.084,0.018,0.0005044620666503906,-3.849309539794922e-05,0.0006569853515625,-0.0010626129150390624,8.488376617431641e-05,1.3760082244873047e-05
1395,809733.0,-1.063,0.084,0.018,0.0005044719543457031,-3.8499744415283205e-05,0.0006569749145507813,-0.001062723388671875,8.487613677978516e-05,1.3716811180114747e-05
1396,809743.0,-1.063,0.084,0.019,0.00050446630859375,-3.849556350708008e-05,0.0006569878540039063,-0.0010630499267578124,8.489318847656251e-05,1.3630938529968262e-05
1397,809753.0,-1.063,0.084,0.019,0.0005044651184082031,-3.852299118041992e-05,0.0006569984741210938,-0.0010627344970703125,8.481892395019531e-05,1.3817280769348143e-05
1398,809763.0,-1.063,0.084,0.019,0.0005044967956542968,-3.8528759002685546e-05,0.0006569915771484374,-0.001062755126953125,8.4872314453125e-05,1.3706172943115235e-05
1399,809773.0,-1.063,0.084,0.018,0.0005044719848632812,-3.8491672515869146e-05,0.00065697265625,-0.0010627596435546875,8.487870788574218e-05,1.3712964057922363e-05
1400,809783.0,-1.063,0.084,0.019,0.0005044652709960937,-3.8496612548828127e-05,0.0006569928588867188,-0.0010627487792968752,8.486585998535156e-05,1.3705724716186524e-05
1401,809793.0,-1.063,0.084,0.019,0.0005044595031738282,-3.8483200073242185e-05,0.0006569886474609376,-0.0010627086181640626,8.420705413818359e-05,1.3745172500610352e-05
1402,809803.0,-1.063,0.084,0.019,0.0005044751281738281,-3.8495235443115237e-05,0.000656990478515625,-0.0010627371826171874,8.486928558349609e-05,1.3709012031555177e-05
1403,809813.0,-1.063,0.085,0.018,0.0005044892883300781,-3.847800445556641e-05,0.0006570104370117188,-0.001062770263671875,8.486843872070313e-05,1.373586654663086e-05
1404,809823.0,-1.063,0.085,0.018,0.0005044730224609375,-3.848048400878906e-05,0.0006569945678710938,-0.0010627626953125,8.488256072998048e-05,1.3728632926940918e-05
1405,809833.0,-1.063,0.083,0.019,0.0005044754333496094,-3.848310470581055e-05,0.000656969482421875,-0.0010626348876953125,8.422188568115234e-05,1.3745591163635254e-05
1406,809843.0,-1.063,0.084,0.018,0.0005044738159179688,-3.8483856201171876e-05,0.0006569862670898438,-0.001062757080078125,8.488128662109375e-05,1.3720660209655762e-05
1407,809853.0,-1.063,0.084,0.018,0.0005044697265625,-3.849629211425781e-05,0.0006569790039062499,-0.0010627587890625,8.489022064208984e-05,1.3715364456176759e-05
1408,809863.0,-1.063,0.084,0.018,0.0005044736633300781,-3.847366714477539e-05,0.0006570008544921874,-0.001062756103515625,8.487804412841797e-05,1.371914005279541e-05
1409,809873.0,-1.063,0.084,0.019,0.0005044813232421876,-3.848586273193359e-05,0.000656971923828125,-0.001063029541015625,8.489552307128906e-05,1.3626592636108398e-05
1410,809883.0,-1.063,0.084,0.018,0.0005044590759277344,-3.846932983398438e-05,0.0006569951171875,-0.0010625540771484374,8.455488586425782e-05,1.3860960006713868e-05
1411,809893.0,-1.063,0.084,0.018,0.0005044801635742188,-3.850057220458984e-05,0.0006569788208007813,-0.0010627166748046874,8.486328125e-05,1.3715201377868653e-05
1412,809903.0,-1.063,0.084,0.018,0.0005044652099609375,-3.8488307952880855e-05,0.0006569854736328125,-0.0010627268066406251,8.488490295410155e-05,1.3716041564941407e-05
1413,809913.0,-1.063,0.084,0.017,0.0005044416198730469,-3.847802734375e-05,0.0006569768676757812,-0.00106302099609375,8.493397521972657e-05,1.3627771377563477e-05
1414,809923.0,-1.063,0.084,0.019,0.0005044523010253907,-3.847798156738282e-05,0.0006569940185546876,-0.0010625299072265625,8.458338165283203e-05,1.386683464050293e-05
1415,809933.0,-1.063,0.084,0.018,0.0005044450988769531,-3.847392272949219e-05,0.0006569998779296875,-0.001062764892578125,8.48869857788086e-05,1.3716421127319335e-05
1416,809943.0,-1.063,0.084,0.018,0.0005044735412597656,-3.8496307373046875e-05,0.0006569932250976563,-0.0010627769775390626,8.488163757324218e-05,1.3718523979187013e-05
1417,809953.0,-1.063,0.084,0.018,0.0005044524230957032,-3.8485450744628906e-05,0.0006569729614257812,-0.0010627647705078124,8.487626647949219e-05,1.3731890678405763e-05
1418,809963.0,-1.063,0.083,0.018,0.0005044814758300781,-3.845105743408203e-05,0.000657004150390625,-0.00106272119140625,8.420933532714845e-05,1.3724418640136718e-05
1419,809973.0,-1.063,0.083,0.018,0.0005044603271484374,-3.8477882385253905e-05,0.0006569717407226563,-0.0010627482910156249,8.487953186035156e-05,1.3736919403076172e-05
1420,809983.0,-1.063,0.084,0.018,0.0005044752502441406,-3.8487392425537106e-05,0.0006570042114257813,-0.0010627542724609377,8.487902069091797e-05,1.3711702346801758e-05
1421,809993.0,-1.063,0.084,0.017,0.0005044757080078125,-3.84607925415039e-05,0.0006569837646484375,-0.0010627569580078124,8.486884307861328e-05,1.3706125259399414e-05
1422,810003.0,-1.062,0.084,0.018,0.0005044683532714844,-3.8457859039306636e-05,0.0006569959716796875,-0.0010627357177734375,8.420879364013673e-05,1.3732501983642579e-05
1423,810013.0,-1.063,0.084,0.018,0.0005044712829589844,-3.846041107177734e-05,0.0006569846801757813,-0.0010627725830078126,8.487249755859374e-05,1.3707740783691407e-05
1424,810023.0,-1.063,0.084,0.017,0.0005044672851562499,-3.845857620239258e-05,0.00065698583984375,-0.0010627713623046875,8.488299560546875e-05,1.3714309692382812e-05
1425,810033.0,-1.063,0.084,0.017,0.0005044904479980469,-3.844896316528321e-05,0.0006569824829101563,-0.00106278759765625,8.488993072509765e-05,1.3715466499328614e-05
1426,810043.0,-1.063,0.084,0.017,0.0005045124206542969,-3.848916244506836e-05,0.0006570203247070312,-0.0010626459960937499,8.421813201904297e-05,1.3747625350952149e-05
1427,810053.0,-1.062,0.084,0.018,0.0005044927978515625,-3.8464916229248046e-05,0.0006570001831054688,-0.0010625986328125002,8.45910415649414e-05,1.3866501808166505e-05
1428,810063.0,-1.062,0.084,0.018,0.0005044979553222656,-3.847268295288086e-05,0.0006570059204101563,-0.001062764892578125,8.489945983886718e-05,1.3731539726257324e-05
1429,810073.0,-1.062,0.084,0.018,0.0005045052185058594,-3.8475242614746097e-05,0.0006570083618164062,-0.0010626412353515625,8.490223693847656e-05,1.3775462150573732e-05
1430,810083.0,-1.062,0.084,0.018,0.0005045213928222656,-3.847378158569336e-05,0.0006569764404296875,-0.0010626282958984374,8.465061950683592e-05,1.381454849243164e-05
1431,810093.0,-1.062,0.084,0.018,0.0005045136718749999,-3.845803451538086e-05,0.0006569970092773437,-0.0010625649414062498,8.457611846923828e-05,1.3864621162414551e-05
1432,810103.0,-1.062,0.084,0.018,0.0005045430297851563,-3.844093322753906e-05,0.0006570250244140626,-0.001062749755859375,8.487425231933594e-05,1.3734066009521484e-05
1433,810113.0,-1.062,0.084,0.018,0.0005045205688476563,-3.842809295654297e-05,0.0006570138549804687,-0.0010627462158203124,8.48666000366211e-05,1.37208251953125e-05
1434,810123.0,-1.062,0.084,0.017,0.0005045333862304688,-3.846223449707031e-05,0.0006570046386718749,-0.00106305029296875,8.493782806396484e-05,1.3617357254028322e-05
1435,810133.0,-1.062,0.084,0.017,0.0005045362548828125,-3.846427154541016e-05,0.0006570161743164062,-0.0010626988525390625,8.420552062988282e-05,1.3749007225036623e-05
1436,810143.0,-1.062,0.084,0.018,0.0005045348205566407,-3.847122955322266e-05,0.0006570151977539063,-0.0010627462158203124,8.488828277587892e-05,1.3727893829345704e-05
1437,810153.0,-1.062,0.084,0.018,0.0005045431518554687,-3.845155334472656e-05,0.0006570054321289062,-0.0010627119140625,8.488382720947265e-05,1.3740782737731932e-05
1438,810163.0,-1.062,0.084,0.018,0.0005045416259765625,-3.84537353515625e-05,0.0006570352172851563,-0.001063005859375,8.491776275634765e-05,1.3653663635253907e-05
1439,810173.0,-1.062,0.084,0.017,0.0005045514831542968,-3.845350646972656e-05,0.000657044677734375,-0.0010627152099609376,8.477574920654297e-05,1.3798184394836425e-05
1440,810183.0,-1.062,0.084,0.019,0.0005045632629394531,-3.846350860595703e-05,0.0006570390625,-0.0010627432861328126,8.48874053955078e-05,1.3707142829895019e-05
1441,810193.0,-1.062,0.084,0.019,0.0005045482482910156,-3.8444923400878906e-05,0.0006570482788085938,-0.0010627679443359374,8.488075256347656e-05,1.3721172332763671e-05
1442,810203.0,-1.062,0.084,0.019,0.0005045577392578125,-3.843961715698242e-05,0.0006570427246093749,-0.001062788818359375,8.489892578125e-05,1.372168254852295e-05
1443,810213.0,-1.062,0.084,0.018,0.0005045635375976563,-3.8435733795166015e-05,0.0006570416259765625,-0.0010626385498046875,8.420860290527344e-05,1.3753426551818849e-05
1444,810223.0,-1.062,0.084,0.019,0.0005045589294433593,-3.8446998596191405e-05,0.0006570071411132813,-0.001062783203125,8.486788940429687e-05,1.371556854248047e-05
1445,810233.0,-1.062,0.084,0.019,0.0005045542297363281,-3.844060897827149e-05,0.0006570424194335938,-0.0010627672119140625,8.48977508544922e-05,1.3703662872314453e-05
1446,810243.0,-1.062,0.084,0.019,0.0005045558776855469,-3.845811462402344e-05,0.0006570318603515624,-0.001062776611328125,8.488976287841797e-05,1.3717751502990723e-05
1447,810253.0,-1.062,0.084,0.018,0.0005045784301757813,-3.846639251708984e-05,0.000657009765625,-0.0010626303710937499,8.4232666015625e-05,1.371208953857422e-05
1448,810263.0,-1.062,0.084,0.018,0.0005045530090332031,-3.844496154785156e-05,0.0006570213623046876,-0.0010627684326171875,8.486958312988282e-05,1.3700604438781739e-05
1449,810273.0,-1.062,0.084,0.019,0.0005045700073242188,-3.8468502044677734e-05,0.0006570443115234374,-0.0010627839355468749,8.488235473632813e-05,1.371914005279541e-05
1450,810283.0,-1.062,0.084,0.018,0.0005045759277343749,-3.8470211029052735e-05,0.0006570562133789063,-0.0010628043212890625,8.49056625366211e-05,1.3714222908020021e-05
1451,810293.0,-1.062,0.084,0.018,0.0005045623168945312,-3.844734573364258e-05,0.0006570441284179688,-0.0010627791748046875,8.488863372802733e-05,1.370565414428711e-05
1452,810303.0,-1.062,0.085,0.018,0.0005045953369140626,-3.8465431213378906e-05,0.0006570459594726563,-0.00106272900390625,8.421221923828124e-05,1.3724184036254883e-05
1453,810313.0,-1.062,0.084,0.018,0.0005045635681152344,-3.8462001800537115e-05,0.0006570302734374999,-0.0010627822265625,8.488685607910157e-05,1.370610809326172e-05
1454,810323.0,-1.062,0.085,0.018,0.0005045805358886719,-3.845919036865234e-05,0.0006570233764648437,-0.001062782958984375,8.487577819824219e-05,1.3713728904724121e-05
1455,810333.0,-1.062,0.084,0.018,0.0005045862731933593,-3.847397613525391e-05,0.0006570498657226563,-0.0010630545654296874,8.490212249755859e-05,1.366196060180664e-05
1456,810343.0,-1.062,0.085,0.018,0.0005045705871582031,-3.846390914916992e-05,0.0006570377807617187,-0.001062575439453125,8.458731842041016e-05,1.3873366355895996e-05
1457,810353.0,-1.062,0.084,0.017,0.0005045830993652344,-3.8445186614990234e-05,0.0006570486450195312,-0.0010627071533203126,8.488220214843751e-05,1.3742071151733399e-05
1458,810363.0,-1.062,0.084,0.019,0.0005045815124511719,-3.846052932739258e-05,0.0006570470581054687,-0.0010627650146484374,8.488721466064453e-05,1.3717153549194334e-05
1459,810373.0,-1.062,0.084,0.018,0.0005045596313476562,-3.8468151092529294e-05,0.0006570341186523437,-0.00106275244140625,8.486572265625001e-05,1.3687483787536622e-05
1460,810383.0,-1.062,0.084,0.018,0.0005045715637207031,-3.846654891967773e-05,0.0006570231323242187,-0.0010627153320312498,8.481311798095704e-05,1.3816201210021973e-05
1461,810393.0,-1.062,0.084,0.018,0.0005045817565917968,-3.847904586791992e-05,0.0006570530395507812,-0.0010627666015624998,8.488536834716796e-05,1.3734031677246093e-05
1462,810403.0,-1.062,0.084,0.019,0.0005045616455078125,-3.849748229980469e-05,0.000657033203125,-0.0010627270507812502,8.489628601074218e-05,1.3719257354736328e-05
1463,810413.0,-1.062,0.084,0.019,0.000504604736328125,-3.850504302978516e-05,0.0006570632934570313,-0.001062756103515625,8.487952423095702e-05,1.3728672027587891e-05
1464,810423.0,-1.062,0.084,0.019,0.0005045675048828126,-3.850431823730469e-05,0.0006570447387695313,-0.001062707275390625,8.420948028564453e-05,1.3754416465759278e-05
1465,810433.0,-1.062,0.084,0.018,0.0005045791015625,-3.848775482177735e-05,0.0006570264892578124,-0.00106275439453125,8.48794174194336e-05,1.372685718536377e-05
1466,810443.0,-1.062,0.084,0.019,0.0005045882873535156,-3.850992202758789e-05,0.000657040283203125,-0.0010627558593749998,8.488184356689454e-05,1.3737717628479003e-05
1467,810453.0,-1.062,0.084,0.019,0.0005045789184570313,-3.8505092620849614e-05,0.000657013916015625,-0.0010627420654296875,8.487682342529298e-05,1.3709516525268555e-05
1468,810463.0,-1.062,0.084,0.018,0.0005045556640624999,-3.8502304077148435e-05,0.0006570498046875,-0.00106262890625,8.466232299804688e-05,1.3827206611633301e-05
1469,810473.0,-1.062,0.084,0.018,0.0005045599365234375,-3.849010467529297e-05,0.0006570385131835937,-0.0010625382080078126,8.459661102294921e-05,1.3889854431152343e-05
1470,810483.0,-1.062,0.084,0.018,0.0005045566101074219,-3.850234603881836e-05,0.0006570490722656251,-0.0010627530517578125,8.489077758789062e-05,1.3710730552673341e-05
1471,810493.0,-1.062,0.084,0.02,0.0005045645141601563,-3.849435806274414e-05,0.0006570372314453124,-0.0010627423095703125,8.487971496582031e-05,1.3727231025695801e-05
1472,810503.0,-1.063,0.084,0.019,0.0005045571594238282,-3.8506355285644526e-05,0.0006570451660156251,-0.00106253857421875,8.463925170898437e-05,1.3765556335449218e-05
1473,810513.0,-1.063,0.084,0.019,0.0005045619812011719,-3.8512115478515625e-05,0.0006570445556640625,-0.0010627227783203126,8.457579040527344e-05,1.3821785926818847e-05
1474,810523.0,-1.063,0.084,0.019,0.0005045767822265626,-3.853311920166016e-05,0.0006570429077148438,-0.0010627723388671874,8.489346313476563e-05,1.3700623512268068e-05
1475,810533.0,-1.063,0.084,0.019,0.0005045636291503906,-3.85044059753418e-05,0.0006570598754882812,-0.0010627563476562501,8.488289642333985e-05,1.3708986282348633e-05
1476,810543.0,-1.063,0.083,0.019,0.0005045755310058593,-3.849760818481445e-05,0.0006570449829101562,-0.0010630025634765625,8.492097473144532e-05,1.365040111541748e-05
1477,810553.0,-1.063,0.084,0.019,0.0005045683898925781,-3.8503765106201174e-05,0.0006570374755859375,-0.0010627373046874999,8.479979705810547e-05,1.380360507965088e-05
1478,810563.0,-1.063,0.084,0.018,0.0005045531616210937,-3.851510620117188e-05,0.0006570465698242187,-0.001062757080078125,8.488713073730468e-05,1.3711311340332031e-05
1479,810573.0,-1.063,0.084,0.018,0.000504597900390625,-3.852325057983398e-05,0.000657060546875,-0.0010627592773437499,8.489441680908203e-05,1.3718956947326661e-05
1480,810583.0,-1.063,0.084,0.019,0.0005045838012695313,-3.854481887817383e-05,0.000657053955078125,-0.0010629868164062498,8.49277801513672e-05,1.3675721168518066e-05
1481,810593.0,-1.063,0.084,0.019,0.0005045814514160156,-3.8530033111572266e-05,0.0006570373535156249,-0.001062693359375,8.420155334472657e-05,1.3730673789978028e-05
1482,810603.0,-1.063,0.083,0.018,0.000504600830078125,-3.85609016418457e-05,0.0006570618896484375,-0.00106275732421875,8.487744903564453e-05,1.373829460144043e-05
1483,810613.0,-1.063,0.083,0.018,0.000504597412109375,-3.8556610107421874e-05,0.0006570579223632812,-0.0010627346191406251,8.489657592773437e-05,1.3735970497131348e-05
1484,810623.0,-1.063,0.084,0.019,0.0005046111145019531,-3.851083755493164e-05,0.0006570612792968749,-0.0010627244873046874,8.488126373291016e-05,1.3715633392333984e-05
1485,810633.0,-1.063,0.084,0.019,0.0005046045227050782,-3.852933502197266e-05,0.0006570711059570312,-0.00106261279296875,8.46753158569336e-05,1.3812761306762695e-05
1486,810643.0,-1.063,0.084,0.018,0.0005046318359375001,-3.853316497802734e-05,0.0006570726318359375,-0.0010627469482421875,8.48764419555664e-05,1.3707130432128906e-05
1487,810653.0,-1.063,0.084,0.018,0.00050462890625,-3.8544559478759764e-05,0.0006570861206054687,-0.001062747802734375,8.488481140136719e-05,1.3725209236145018e-05
1488,810663.0,-1.063,0.084,0.019,0.0005046419677734375,-3.858407211303711e-05,0.0006570930786132812,-0.0010627666015624998,8.488268280029297e-05,1.372284984588623e-05
1489,810673.0,-1.063,0.084,0.018,0.0005046763000488281,-3.856562805175781e-05,0.0006571044921875,-0.0010626031494140624,8.465217590332031e-05,1.3789700508117677e-05
1490,810683.0,-1.063,0.084,0.018,0.0005046528930664063,-3.8568607330322264e-05,0.0006570866088867188,-0.0010627310791015625,8.48846435546875e-05,1.3736624717712403e-05
1491,810693.0,-1.063,0.084,0.018,0.0005046713562011719,-3.8574443817138666e-05,0.0006571065063476563,-0.0010627346191406251,8.488230895996093e-05,1.3720748901367187e-05
1492,810703.0,-1.063,0.084,0.017,0.0005046956481933593,-3.856068420410156e-05,0.000657120849609375,-0.0010627509765625,8.487349700927735e-05,1.3720714569091797e-05
1493,810713.0,-1.063,0.084,0.018,0.0005046944885253907,-3.856122207641602e-05,0.000657119384765625,-0.0010625328369140625,8.41915512084961e-05,1.3752413749694824e-05
1494,810723.0,-1.063,0.084,0.018,0.0005046702575683594,-3.853739166259765e-05,0.0006570872802734376,-0.0010626093750000002,8.457842254638672e-05,1.387352466583252e-05
1495,810733.0,-1.063,0.084,0.018,0.0005046803588867188,-3.85335693359375e-05,0.0006570970458984375,-0.00106274658203125,8.488832092285156e-05,1.3710648536682129e-05
1496,810743.0,-1.063,0.083,0.018,0.0005046793823242187,-3.855497360229492e-05,0.0006570845336914063,-0.0010627050781250001,8.489463806152343e-05,1.3736061096191407e-05
1497,810753.0,-1.063,0.083,0.018,0.0005046855163574218,-3.853312301635743e-05,0.000657079833984375,-0.0010630111083984376,8.491197967529297e-05,1.3688859939575195e-05
1498,810763.0,-1.063,0.083,0.018,0.0005046752929687501,-3.852900695800781e-05,0.0006570855102539063,-0.0010625269775390626,8.45872802734375e-05,1.3910564422607421e-05
1499,810773.0,-1.063,0.084,0.017,0.0005046567687988281,-3.851032638549805e-05,0.0006570619506835937,-0.001062743408203125,8.489608001708985e-05,1.3731060028076171e-05
1500,810783.0,-1.063,0.084,0.017,0.0005046734924316406,-3.8524890899658203e-05,0.0006570816040039062,-0.00106272412109375,8.488848114013673e-05,1.373456859588623e-05
1501,810793.0,-1.063,0.084,0.017,0.0005046534423828125,-3.855934524536133e-05,0.0006570693359375001,-0.00106275537109375,8.486298370361328e-05,1.3741253852844239e-05
1502,810803.0,-1.063,0.084,0.018,0.0005046603698730469,-3.8541084289550785e-05,0.0006570672607421875,-0.0010627379150390625,8.483858489990235e-05,1.380614185333252e-05
1503,810813.0,-1.062,0.084,0.018,0.0005046939697265626,-3.855941772460938e-05,0.0006570908203125,-0.001062788818359375,8.490476226806642e-05,1.372024154663086e-05
1504,810823.0,-1.062,0.083,0.018,0.0005046424560546875,-3.853731536865234e-05,0.0006570728759765625,-0.001062663818359375,8.48868408203125e-05,1.3745484352111817e-05
1505,810833.0,-1.062,0.083,0.018,0.0005046747131347656,-3.854377365112305e-05,0.0006570635375976562,-0.0010627337646484376,8.489466094970704e-05,1.3717400550842285e-05
1506,810843.0,-1.062,0.084,0.017,0.0005046729431152344,-3.852742004394531e-05,0.0006570765991210937,-0.001062744384765625,8.420326232910156e-05,1.3738550186157228e-05
1507,810853.0,-1.062,0.084,0.017,0.000504674774169922,-3.8541080474853516e-05,0.0006570789184570313,-0.001062765869140625,8.488329315185547e-05,1.3728322982788087e-05
1508,810863.0,-1.062,0.084,0.017,0.0005046980590820313,-3.859499740600586e-05,0.0006570814208984374,-0.0010627593994140625,8.490040588378907e-05,1.3734073638916014e-05
1509,810873.0,-1.062,0.083,0.016,0.0005046854553222656,-3.855222320556641e-05,0.0006571073608398438,-0.00106275830078125,8.488803100585937e-05,1.3726666450500487e-05
1510,810883.0,-1.062,0.084,0.017,0.0005046870422363281,-3.857802581787109e-05,0.0006571129760742187,-0.0010626021728515624,8.420805358886718e-05,1.3747620582580565e-05
