,motor_timestamp,m1,m2,m3,m4,bat_timestamp,bat_volt,cmd_timestamp,cmd_thrust,cmd_act_thrust,cmd_roll,cmd_pitch,cmd_yawrate,stabilizer_timestamp,des_x,des_y,des_z,des_timestamp,mocap_output_timestamp,mocap_x,mocap_y,mocap_z,mocap_qx,mocap_qy,mocap_qz,mocap_qw,obs_x,obs_y,obs_z,stateZ_timestamp,stateZ_x,stateZ_y,stateZ_z,stateZ_quat,stateZ_vx,stateZ_vy,stateZ_vz,stateZ_ax,stateZ_ay,stateZ_az
0,28523.0,0.0,0.0,0.0,0.0,28522.0,3.8903229236602783,,,,,,,,0.001,-0.003,0.5,2.182445526123047,,-1.59170654296875,0.04360465240478516,0.009503697395324707,,,,,,,,28520.0,0.0,0.0,0.0,-536870400.0,0.0,-1.0,0.0,46.0,-162.0,9793.0
1,28533.0,0.0,0.0,0.0,0.0,28532.0,3.8903229236602783,,,,,,,,0.001,-0.003,0.5,2.202467679977417,,-1.591721923828125,0.04361600112915039,0.009516997337341309,,,,,,,,28530.0,0.0,0.0,18.0,-536870400.0,0.0,-3.0,0.0,46.0,-149.0,9775.0
2,28543.0,0.0,0.0,0.0,0.0,28542.0,3.8903229236602783,,,,,,,,0.001,-0.004,0.5,2.218646764755249,,-1.5918900146484376,0.04289704895019531,0.009770468711853027,,,,,,,,28540.0,0.0,0.0,18.0,-536870400.0,1.0,-4.0,0.0,43.0,-135.0,9820.0
3,28553.0,0.0,0.0,0.0,0.0,28552.0,3.8903229236602783,,,,,,,,0.001,-0.004,0.5,2.2363545894622803,,-1.591697998046875,0.04360837554931641,0.009479547500610351,,,,,,,,28550.0,0.0,0.0,18.0,-536870400.0,1.0,-5.0,0.0,46.0,-136.0,9814.0
4,28563.0,0.0,0.0,0.0,0.0,28562.0,3.8903229236602783,,,,,,,,0.001,-0.005,0.5,2.2530744075775146,,-1.5917132568359376,0.043624847412109376,0.009499357223510743,,,,,,,,28560.0,0.0,0.0,18.0,-536346112.0,2.0,-7.0,0.0,36.0,-132.0,9790.0
5,28573.0,0.0,0.0,0.0,0.0,28572.0,3.8903229236602783,,,,,,,,0.001,-0.005,0.5,2.2685916423797607,,-1.591717041015625,0.04360906982421875,0.009480469703674317,,,,,,,,28570.0,0.0,0.0,14.0,-536346112.0,2.0,-8.0,-4.0,38.0,-145.0,9803.0
6,28583.0,0.0,0.0,0.0,0.0,28582.0,3.8903229236602783,,,,,,,,0.002,-0.006,0.5,2.2803890705108643,,-1.5917508544921875,0.04338824462890625,0.00945841884613037,,,,,,,,28580.0,0.0,0.0,14.0,-536346112.0,3.0,-10.0,-4.0,61.0,-131.0,9806.0
7,28593.0,0.0,0.0,0.0,0.0,28592.0,3.8903229236602783,,,,,,,,0.002,-0.006,0.5,2.2945363521575928,,-1.5917039794921874,0.04323740768432617,0.009598873138427734,,,,,,,,28590.0,0.0,0.0,14.0,-536346112.0,3.0,-11.0,-5.0,52.0,-164.0,9789.0
8,28603.0,0.0,0.0,0.0,0.0,28602.0,3.8903229236602783,,,,,,,,0.002,-0.007,0.5,2.311476469039917,,-1.591684326171875,0.04360383224487305,0.009508772850036621,,,,,,,,28600.0,0.0,0.0,14.0,-536346112.0,4.0,-13.0,-5.0,57.0,-131.0,9795.0
9,28613.0,0.0,0.0,0.0,0.0,28612.0,3.8903229236602783,,,,,,,,0.002,-0.007,0.5,2.3259756565093994,,-1.5916949462890626,0.04359451293945313,0.009460688591003418,,,,,,,,28610.0,0.0,0.0,14.0,-536346112.0,4.0,-14.0,-5.0,50.0,-140.0,9808.0
10,28623.0,0.0,0.0,0.0,0.0,28622.0,3.8903229236602783,,,,,,,,0.002,-0.007,0.5,2.3382315635681152,,-1.5917220458984376,0.04338167190551758,0.009457415580749511,,,,,,,,28620.0,0.0,0.0,16.0,-536346112.0,5.0,-15.0,-1.0,63.0,-138.0,9789.0
11,28633.0,0.0,0.0,0.0,0.0,28632.0,3.8903229236602783,,,,,,,,0.002,-0.008,0.5,2.3504886627197266,,-1.591718994140625,0.04321909332275391,0.009627132415771485,,,,,,,,28630.0,0.0,-1.0,16.0,-536346112.0,5.0,-17.0,-1.0,52.0,-133.0,9813.0
12,28643.0,0.0,0.0,0.0,0.0,28642.0,3.8903229236602783,,,,,,,,0.002,-0.008,0.5,2.362962484359741,,-1.5916778564453125,0.04358821868896484,0.00945462131500244,,,,,,,,28640.0,0.0,-1.0,16.0,-536346112.0,6.0,-18.0,-1.0,61.0,-146.0,9810.0
13,28653.0,0.0,0.0,0.0,0.0,28652.0,3.8903229236602783,,,,,,,,-0.02,0.007,0.5,2.376224994659424,,-1.59170263671875,0.04357498931884766,0.009464730262756347,,,,,,,,28650.0,0.0,-1.0,16.0,-536346112.0,7.0,-20.0,-1.0,46.0,-141.0,9795.0
14,28663.0,0.0,0.0,0.0,0.0,28662.0,3.8903229236602783,,,,,,,,-0.022,0.008,0.5,2.388226270675659,,-1.591684814453125,0.04328510284423828,0.009571063041687011,,,,,,,,28660.0,0.0,-1.0,15.0,-536346112.0,7.0,-21.0,-5.0,53.0,-137.0,9795.0
15,28673.0,0.0,0.0,0.0,0.0,28672.0,3.8903229236602783,,,,,,,,-0.023,0.009,0.5,2.4007351398468018,,-1.5918770751953124,0.04290341186523437,0.00974588680267334,,,,,,,,28670.0,0.0,-1.0,15.0,-536870400.0,8.0,-22.0,-5.0,61.0,-135.0,9808.0
16,28683.0,0.0,0.0,0.0,0.0,28682.0,3.8903229236602783,,,,,,,,-0.024,0.01,0.5,2.413074016571045,,-1.59168603515625,0.043569393157958984,0.009462359428405762,,,,,,,,28680.0,0.0,-2.0,15.0,-536346112.0,8.0,-24.0,-5.0,58.0,-149.0,9788.0
17,28693.0,0.0,0.0,0.0,0.0,28692.0,3.8903229236602783,,,,,,,,-0.025,0.01,0.5,2.425337076187134,,-1.5916602783203124,0.04356819915771484,0.009495769500732422,,,,,,,,28690.0,0.0,-2.0,15.0,-536346112.0,9.0,-25.0,-5.0,36.0,-128.0,9802.0
18,28703.0,0.0,0.0,0.0,0.0,28702.0,3.8903229236602783,,,,,,,,-0.026,0.012,0.5,2.4371800422668457,,-1.5917227783203125,0.04324626541137695,0.009583830833435059,,,,,,,,28700.0,0.0,-2.0,15.0,-536346112.0,9.0,-27.0,-5.0,38.0,-127.0,9796.0
19,28713.0,0.0,0.0,0.0,0.0,28712.0,3.8903229236602783,,,,,,,,-0.028,0.013,0.5,2.449002981185913,,-1.591828369140625,0.042881607055664066,0.009722911834716796,,,,,,,,28710.0,0.0,-2.0,15.0,-536346112.0,9.0,-28.0,-2.0,39.0,-136.0,9787.0
20,28723.0,0.0,0.0,0.0,0.0,28722.0,3.8903229236602783,,,,,,,,-0.03,0.014,0.5,2.462456226348877,,-1.591689208984375,0.0435868148803711,0.009486473083496094,,,,,,,,28720.0,1.0,-3.0,15.0,-536346112.0,10.0,-29.0,-2.0,51.0,-135.0,9794.0
21,28733.0,51485.0,38415.0,34557.0,50395.0,28732.0,3.8903229236602783,,,,,,,,-0.032,0.015,0.5,2.474421739578247,,-1.5923128662109376,0.04438245391845703,0.010265263557434082,,,,,,,,28730.0,1.0,-3.0,15.0,-536346112.0,10.0,-29.0,-2.0,60.0,-97.0,9809.0
22,28743.0,51603.0,37966.0,34016.0,50624.0,28742.0,3.8903229236602783,,,,,,,,-0.034,0.016,0.5,2.486057996749878,,-1.592318603515625,0.04435181427001953,0.010274812698364258,,,,,,,,28740.0,1.0,-3.0,15.0,-536346112.0,10.0,-29.0,-2.0,21.0,-128.0,9809.0
23,28753.0,54585.0,53245.0,52528.0,54091.0,28752.0,3.320234775543213,,,,,,,,-0.039,0.018,0.5,2.4980311393737793,,-1.5919334716796876,0.04387501525878906,0.009698770523071288,,,,,,,,28750.0,1.0,-4.0,17.0,-536346112.0,10.0,-29.0,4.0,63.0,-133.0,9823.0
24,28763.0,56457.0,55695.0,55249.0,55818.0,28762.0,3.1935484409332275,,,,,,,,-0.041,0.019,0.5,2.510693311691284,,-1.592412109375,0.04445410537719727,0.010063801765441895,,,,,,,,28760.0,1.0,-4.0,17.0,-536346112.0,10.0,-29.0,4.0,22.0,-142.0,9725.0
25,28773.0,61540.0,61205.0,60499.0,60292.0,28772.0,2.9296188354492188,,,,,,,,-0.044,0.02,0.5,2.5226950645446777,,-1.592482421875,0.04442179107666016,0.010118585586547851,,,,,,,,28770.0,1.0,-4.0,17.0,-536346112.0,10.0,-29.0,4.0,86.0,-275.0,9883.0
26,28783.0,61318.0,60373.0,60721.0,61342.0,28782.0,2.9296188354492188,,,,,,,,-0.047,0.021,0.5,2.534670114517212,,-1.5924482421875,0.04447784805297852,0.010100191116333007,,,,,,,,28780.0,1.0,-4.0,17.0,-536346112.0,10.0,-29.0,4.0,84.0,-177.0,9938.0
27,28793.0,64086.0,63148.0,62604.0,64187.0,28792.0,2.8134896755218506,,,,,,,,-0.054,0.023,0.5,2.547140598297119,,-1.5917412109375,0.04384011840820313,0.009632445335388184,,,,,,,,28790.0,1.0,-5.0,17.0,-536346112.0,10.0,-29.0,7.0,64.0,-142.0,9697.0
28,28803.0,65535.0,63286.0,61460.0,63818.0,28802.0,2.755425214767456,,,,,,,,-0.058,0.023,0.5,2.5603725910186768,,-1.5924825439453125,0.04447125244140625,0.010154139518737794,,,,,,,,28800.0,1.0,-5.0,17.0,-536346112.0,10.0,-29.0,7.0,154.0,-117.0,9804.0
29,28813.0,65535.0,64202.0,63462.0,64681.0,28812.0,2.729032278060913,,,,,,,,-0.061,0.024,0.5,2.5731828212738037,,-1.592466552734375,0.04444609451293945,0.01012248992919922,,,,,,,,28810.0,2.0,-5.0,17.0,-536346112.0,10.0,-29.0,7.0,47.0,-250.0,9904.0
30,28823.0,65535.0,64118.0,63615.0,64114.0,28822.0,2.7343108654022217,,,,,,,,-0.064,0.024,0.5,2.5852298736572266,,-1.592498291015625,0.04445561218261719,0.010168153762817383,,,,,,,,28820.0,2.0,-6.0,17.0,-536346624.0,10.0,-29.0,8.0,-124.0,-237.0,9958.0
31,28833.0,65535.0,64045.0,63296.0,63470.0,28832.0,2.771260976791382,,,,,,,,-0.068,0.024,0.5,2.5970687866210938,,-1.5921737060546874,0.0441280403137207,0.010126214981079101,,,,,,,,28830.0,2.0,-6.0,17.0,-536346624.0,10.0,-29.0,9.0,-176.0,-287.0,10022.0
32,28843.0,64821.0,65535.0,64199.0,63496.0,28842.0,2.771260976791382,,,,,,,,-0.075,0.025,0.5,2.609177827835083,,-1.59236181640625,0.043976329803466795,0.010184564590454102,,,,,,,,28840.0,2.0,-6.0,16.0,-536346624.0,10.0,-29.0,3.0,-62.0,-130.0,9516.0
33,28853.0,65185.0,61622.0,60209.0,63266.0,28852.0,2.8662755489349365,,,,,,,,-0.078,0.025,0.5,2.6215779781341553,,-1.5925743408203126,0.044260242462158206,0.010546036720275879,,,,,,,,28850.0,2.0,-7.0,16.0,-536345600.0,10.0,-29.0,0.0,-381.0,-115.0,9579.0
34,28863.0,61320.0,62616.0,63154.0,62589.0,28862.0,2.8821115493774414,,,,,,,,-0.081,0.024,0.5,2.6335527896881104,,-1.5927454833984376,0.044252204895019534,0.010656818389892578,,,,,,,,28860.0,2.0,-7.0,16.0,-536346623.0,10.0,-29.0,-1.0,-43.0,-318.0,9845.0
35,28873.0,59112.0,60905.0,60582.0,59676.0,28872.0,2.9982404708862305,,,,,,,,-0.083,0.024,0.5,2.6454010009765625,,-1.592603515625,0.044011440277099606,0.010709840774536133,,,,,,,,28870.0,2.0,-7.0,16.0,-536345600.0,9.0,-29.0,0.0,-47.0,-169.0,9953.0
36,28883.0,57053.0,60391.0,60331.0,57853.0,28882.0,3.056305170059204,,,,,,,,-0.086,0.024,0.5,2.6572265625,,-1.59260986328125,0.04371221923828125,0.010417208671569825,,,,,,,,28880.0,2.0,-7.0,14.0,-535296000.0,9.0,-29.0,-10.0,-198.0,-242.0,10470.0
37,28893.0,54299.0,59735.0,59498.0,55668.0,28892.0,3.14604115486145,,,,,,,,-0.091,0.023,0.5,2.669046401977539,,-1.5934031982421875,0.044266231536865236,0.011232818603515625,,,,,,,,28890.0,2.0,-8.0,14.0,-535294464.0,9.0,-29.0,-3.0,-266.0,-152.0,11003.0
38,28903.0,49362.0,59968.0,61789.0,55758.0,28902.0,3.14604115486145,,,,,,,,-0.092,0.022,0.5,2.68135666847229,,-1.5937205810546875,0.044249053955078124,0.011702624320983887,,,,,,,,28900.0,2.0,-8.0,14.0,-534243840.0,8.0,-29.0,9.0,-251.0,-104.0,11062.0
39,28913.0,44269.0,58417.0,61255.0,55270.0,28912.0,3.2199416160583496,,,,,,,,-0.094,0.022,0.5,2.6932497024536133,,-1.5939046630859375,0.04424143981933594,0.012240519523620605,,,,,,,,28910.0,-20.0,7.0,14.0,-526892543.0,-106.0,50.0,17.0,-533.0,-118.0,11221.0
40,28923.0,37809.0,58324.0,61628.0,53956.0,28922.0,3.2621703147888184,,,,,,,,-0.096,0.021,0.5,2.704765796661377,,-1.5938026123046876,0.043301872253417965,0.012581164360046387,,,,,,,,28920.0,-21.0,8.0,14.0,-524791294.0,-111.0,53.0,31.0,-835.0,-115.0,11444.0
41,28933.0,38273.0,57310.0,60302.0,53629.0,28932.0,3.304399013519287,,,,,,,,-0.097,0.019,0.5,2.7167348861694336,,-1.5943330078125,0.04388856506347656,0.013423481941223144,,,,,,,,28930.0,-22.0,8.0,16.0,-522690045.0,-119.0,55.0,55.0,-699.0,-2.0,11606.0
42,28943.0,39940.0,56733.0,58594.0,53172.0,28942.0,3.3413491249084473,,,,,,,,-0.099,0.018,0.5,2.7282683849334717,,-1.5945596923828125,0.04357197570800781,0.014284909248352051,,,,,,,,28940.0,-23.0,9.0,17.0,-520589820.0,-127.0,56.0,76.0,-845.0,166.0,11700.0
43,28953.0,42078.0,56909.0,56661.0,51664.0,28952.0,3.3677420616149902,,,,,,,,-0.099,0.017,0.5,2.74066424369812,,-1.595469970703125,0.044067153930664064,0.015880773544311524,,,,,,,,28950.0,-24.0,10.0,17.0,-518489594.0,-139.0,62.0,89.0,-1172.0,281.0,11950.0
44,28963.0,43998.0,57279.0,54540.0,49962.0,28962.0,3.394134998321533,,,,,,,,-0.099,0.015,0.5,2.7532052993774414,,-1.5958375244140626,0.04281739044189453,0.017329423904418946,,,,,,,,28960.0,-25.0,10.0,17.0,-517437945.0,-151.0,68.0,105.0,-1139.0,355.0,11818.0
45,28973.0,45893.0,57175.0,52497.0,50282.0,28972.0,3.394134998321533,,,,,,,,-0.1,0.015,0.5,2.76544189453125,,-1.5962147216796876,0.04376808929443359,0.018633394241333007,,,,,,,,28970.0,-26.0,12.0,11.0,-517436919.0,-163.0,73.0,87.0,-987.0,349.0,11900.0
46,28983.0,47632.0,57455.0,50702.0,49874.0,28982.0,3.4152493476867676,,,,,,,,-0.1,0.013,0.5,2.7774477005004883,,-1.5970850830078125,0.04383394241333008,0.020794450759887697,,,,,,,,28980.0,-27.0,13.0,11.0,-519533045.0,-181.0,77.0,101.0,-1077.0,400.0,11749.0
47,28993.0,48405.0,56782.0,48545.0,50761.0,28992.0,3.4310851097106934,,,,,,,,-0.099,0.011,0.5,2.79018235206604,,-1.5979361572265625,0.04407412338256836,0.0223038444519043,,,,,,,,28990.0,-28.0,13.0,9.0,-522677747.0,-205.0,83.0,104.0,-1075.0,316.0,11834.0
48,29003.0,49251.0,57539.0,47023.0,49729.0,29002.0,3.4310851097106934,,,,,,,,-0.099,0.01,0.5,2.802316188812256,,-1.5990806884765625,0.043786380767822264,0.02506814384460449,,,,,,,,29000.0,-30.0,14.0,9.0,-525824497.0,-220.0,87.0,117.0,-1124.0,237.0,11313.0
49,29013.0,48782.0,57322.0,46114.0,49964.0,29012.0,3.4416422843933105,,,,,,,,-0.099,0.01,0.5,2.8147099018096924,,-1.5997818603515626,0.044028480529785155,0.02698324203491211,,,,,,,,29010.0,-32.0,15.0,10.0,-530020847.0,-234.0,89.0,129.0,-1026.0,-56.0,11255.0
50,29023.0,49815.0,57465.0,44719.0,50585.0,29022.0,3.4416422843933105,,,,,,,,-0.098,0.008,0.5,2.8263769149780273,,-1.6006883544921875,0.044315864562988284,0.029759817123413086,,,,,,,,29020.0,-34.0,16.0,7.0,-534217197.0,-248.0,90.0,117.0,-970.0,-99.0,11062.0
51,29033.0,49300.0,57563.0,44394.0,50208.0,29032.0,3.446920871734619,,,,,,,,-0.097,0.007,0.5,2.8399863243103027,,-1.601460205078125,0.04434323883056641,0.031985845565795895,,,,,,,,29030.0,-36.0,17.0,6.0,-1071090155.0,-269.0,92.0,119.0,-869.0,-332.0,10845.0
52,29043.0,48432.0,57797.0,44842.0,50506.0,29042.0,3.4416422843933105,,,,,,,,-0.096,0.006,0.5,2.8532235622406006,,-1.6028458251953126,0.04405047225952148,0.03499226760864258,,,,,,,,29040.0,-39.0,18.0,7.0,-1066898921.0,-279.0,90.0,129.0,-753.0,-324.0,10861.0
53,29053.0,47172.0,57298.0,45473.0,51480.0,29052.0,3.446920871734619,,,,,,,,-0.096,0.006,0.5,2.865516185760498,,-1.603787109375,0.04401706314086914,0.03769673156738281,,,,,,,,29050.0,-41.0,19.0,8.0,-1062708710.0,-288.0,87.0,139.0,-626.0,-520.0,10873.0
54,29063.0,46694.0,56648.0,44916.0,51868.0,29062.0,3.4521994590759277,,,,,,,,-0.093,0.004,0.5,2.8776917457580566,,-1.6051134033203125,0.044431255340576174,0.04075260543823242,,,,,,,,29060.0,-44.0,20.0,13.0,-1059566052.0,-298.0,83.0,164.0,-570.0,-668.0,10777.0
55,29073.0,45425.0,56271.0,45971.0,52304.0,29072.0,3.4521994590759277,,,,,,,,-0.093,0.004,0.5,2.8902366161346436,,-1.6060850830078126,0.04438804244995117,0.043267616271972655,,,,,,,,29070.0,-47.0,21.0,13.0,-1057470946.0,-316.0,82.0,167.0,-543.0,-596.0,10792.0
56,29083.0,44902.0,55525.0,46326.0,53419.0,29082.0,3.4521994590759277,,,,,,,,-0.092,0.003,0.5,2.902674674987793,,-1.6075054931640624,0.04386333465576172,0.046976417541503904,,,,,,,,29080.0,-50.0,22.0,15.0,-1055377888.0,-320.0,75.0,178.0,-464.0,-756.0,10652.0
57,29093.0,43972.0,54646.0,46940.0,53971.0,29092.0,3.4574780464172363,,,,,,,,-0.091,0.003,0.5,2.9149169921875,,-1.6086339111328125,0.043246238708496094,0.049764930725097654,,,,,,,,29090.0,-54.0,23.0,17.0,-1054333406.0,-322.0,67.0,187.0,-347.0,-741.0,10412.0
58,29103.0,42741.0,54204.0,47849.0,54236.0,29102.0,3.4574780464172363,,,,,,,,-0.088,0.001,0.5,2.927133560180664,,-1.6098814697265624,0.04376035690307617,0.05326079177856445,,,,,,,,29100.0,-58.0,23.0,28.0,-1053288924.0,-330.0,60.0,240.0,-195.0,-726.0,10246.0
59,29113.0,41735.0,53373.0,46967.0,53685.0,29112.0,3.462756633758545,,,,,,,,-0.087,0.001,0.5,2.939842700958252,,-1.6105684814453125,0.04349286651611328,0.055898353576660155,,,,,,,,29110.0,-61.0,24.0,29.0,-1053291994.0,-343.0,47.0,240.0,-148.0,-786.0,10170.0
60,29123.0,40875.0,53347.0,47672.0,53541.0,29122.0,3.4680352210998535,,,,,,,,-0.086,0.0,0.5,2.952549695968628,,-1.61219970703125,0.0425731086730957,0.06007978057861328,,,,,,,,29120.0,-64.0,24.0,32.0,-1054864857.0,-339.0,38.0,246.0,47.0,-722.0,10217.0
61,29133.0,41722.0,52806.0,46766.0,53538.0,29132.0,3.4785923957824707,,,,,,,,-0.085,0.0,0.5,2.9649698734283447,,-1.613431884765625,0.04209620666503906,0.0627759895324707,,,,,,,,29130.0,-68.0,24.0,35.0,-1055909335.0,-333.0,29.0,252.0,214.0,-642.0,10151.0
62,29143.0,43248.0,52027.0,45363.0,54068.0,29142.0,3.4785923957824707,,,,,,,,-0.083,0.0,0.5,2.977266788482666,,-1.6141290283203125,0.042304481506347656,0.06668147277832032,,,,,,,,29140.0,-71.0,25.0,38.0,-1058002390.0,-326.0,21.0,258.0,250.0,-581.0,10083.0
63,29153.0,43327.0,51052.0,43237.0,53698.0,29152.0,3.4785923957824707,,,,,,,,-0.08,0.0,0.5,2.989466428756714,,-1.615062744140625,0.04209787750244141,0.06944983673095703,,,,,,,,29150.0,-75.0,25.0,51.0,-1059047893.0,-333.0,7.0,311.0,289.0,-476.0,10034.0
64,29163.0,43859.0,51466.0,42572.0,53170.0,29162.0,3.4838709831237793,,,,,,,,-0.08,0.0,0.5,3.002854585647583,,-1.616104736328125,0.041482807159423825,0.07366584014892578,,,,,,,,29160.0,-78.0,25.0,54.0,-1061139924.0,-319.0,1.0,316.0,469.0,-390.0,9902.0
65,29173.0,44322.0,51914.0,42258.0,52163.0,29172.0,3.4944281578063965,,,,,,,,-0.079,0.0,0.5,3.0153493881225586,,-1.6163504638671875,0.040476287841796875,0.07613863372802734,,,,,,,,29170.0,-81.0,24.0,58.0,-1062183379.0,-304.0,-6.0,320.0,630.0,-382.0,9809.0
66,29183.0,44593.0,52212.0,41695.0,51730.0,29182.0,3.4944281578063965,,,,,,,,-0.075,0.0,0.5,3.0273613929748535,,-1.617368896484375,0.04011199951171875,0.08047640228271484,,,,,,,,29180.0,-83.0,24.0,62.0,-1063226834.0,-288.0,-13.0,323.0,740.0,-368.0,9728.0
67,29193.0,43467.0,52986.0,42711.0,50662.0,29192.0,3.499706745147705,,,,,,,,-0.075,0.0,0.5,3.040278673171997,,-1.6178984375,0.03956948852539063,0.08317459869384766,,,,,,,,29190.0,-86.0,24.0,70.0,-1063223761.0,-277.0,-21.0,350.0,845.0,-414.0,9541.0
68,29203.0,41841.0,52991.0,43457.0,49841.0,29202.0,3.499706745147705,,,,,,,,-0.074,0.0,0.5,3.0527150630950928,,-1.61846240234375,0.03866836929321289,0.08715511322021484,,,,,,,,29200.0,-89.0,23.0,74.0,-1063220688.0,-267.0,-35.0,347.0,862.0,-348.0,9624.0
69,29213.0,39861.0,54073.0,45475.0,48338.0,29212.0,3.499706745147705,,,,,,,,-0.071,0.0,0.5,3.065833330154419,,-1.6187578125,0.037504512786865236,0.08972661590576173,,,,,,,,29210.0,-91.0,23.0,78.0,-1063218640.0,-249.0,-35.0,347.0,1012.0,-402.0,9511.0
70,29223.0,38389.0,53821.0,46538.0,48598.0,29222.0,3.5049853324890137,,,,,,,,-0.069,0.0,0.5,3.0779809951782227,,-1.6190472412109376,0.03700617599487305,0.09385987854003906,,,,,,,,29220.0,-92.0,22.0,81.0,-1064265167.0,-228.0,-42.0,346.0,1130.0,-449.0,9367.0
71,29233.0,39126.0,53769.0,46098.0,48401.0,29232.0,3.5102639198303223,,,,,,,,-0.069,0.0,0.5,3.091113328933716,,-1.619139892578125,0.036310287475585935,0.09639139556884765,,,,,,,,29230.0,-94.0,22.0,87.0,-1065313743.0,-214.0,-43.0,352.0,897.0,-409.0,9405.0
72,29243.0,36468.0,53305.0,47887.0,48951.0,29242.0,3.5102639198303223,,,,,,,,-0.069,0.0,0.5,3.1032874584198,,-1.619309814453125,0.03527620315551758,0.10018363952636719,,,,,,,,29240.0,-96.0,21.0,90.0,-1066362319.0,-198.0,-53.0,348.0,1111.0,-261.0,9386.0
73,29253.0,36748.0,53491.0,48123.0,48594.0,29252.0,3.5102639198303223,,,,,,,,-0.066,0.0,0.5,3.115311622619629,,-1.6193829345703126,0.03419453811645508,0.10253739166259766,,,,,,,,29250.0,-97.0,19.0,94.0,-1066363342.0,-180.0,-64.0,343.0,994.0,-64.0,9320.0
74,29263.0,36791.0,52921.0,48370.0,49458.0,29262.0,3.5102639198303223,,,,,,,,-0.065,0.001,0.5,3.1269402503967285,,-1.6189024658203126,0.03297873306274414,0.10636045837402344,,,,,,,,29260.0,-98.0,18.0,98.0,-1068461518.0,-158.0,-68.0,337.0,783.0,-315.0,9057.0
75,29273.0,38099.0,52499.0,47884.0,49995.0,29272.0,3.5102639198303223,,,,,,,,-0.063,0.001,0.5,3.1389718055725098,,-1.6189144287109376,0.0327539176940918,0.10854677581787109,,,,,,,,29270.0,-99.0,18.0,101.0,-1070560718.0,-142.0,-69.0,331.0,948.0,-273.0,9210.0
76,29283.0,37778.0,51921.0,48275.0,50535.0,29282.0,3.5049853324890137,,,,,,,,-0.062,0.001,0.5,3.1528055667877197,,-1.6184927978515624,0.03149362754821777,0.11216354370117188,,,,,,,,29280.0,-99.0,17.0,107.0,-1073707470.0,-125.0,-71.0,338.0,845.0,-82.0,9280.0
77,29293.0,38586.0,51906.0,48114.0,50534.0,29292.0,3.5049853324890137,,,,,,,,-0.062,0.001,0.5,3.165236711502075,,-1.6182847900390624,0.030398475646972657,0.11430717468261718,,,,,,,,29290.0,-99.0,15.0,110.0,-534740430.0,-108.0,-80.0,333.0,742.0,-19.0,9263.0
78,29303.0,39897.0,51825.0,47471.0,50675.0,29302.0,3.5049853324890137,,,,,,,,-0.06,0.002,0.5,3.1775529384613037,,-1.618328857421875,0.02928629684448242,0.11646092987060547,,,,,,,,29300.0,-100.0,15.0,113.0,-532644303.0,-95.0,-80.0,329.0,674.0,-51.0,9145.0
79,29313.0,40522.0,52052.0,47502.0,50575.0,29312.0,3.499706745147705,,,,,,,,-0.059,0.003,0.5,3.190577507019043,,-1.6169171142578125,0.028891876220703126,0.1198056640625,,,,,,,,29310.0,-100.0,14.0,116.0,-530548175.0,-80.0,-80.0,322.0,709.0,79.0,8821.0
80,29323.0,41681.0,51849.0,46976.0,50914.0,29322.0,3.499706745147705,,,,,,,,-0.058,0.004,0.5,3.203016757965088,,-1.616076416015625,0.027820554733276368,0.12287042999267578,,,,,,,,29320.0,-100.0,13.0,116.0,-529500623.0,-66.0,-77.0,294.0,550.0,84.0,8768.0
81,29333.0,43459.0,51937.0,46515.0,51531.0,29332.0,3.499706745147705,,,,,,,,-0.057,0.003,0.5,3.215351104736328,,-1.615525634765625,0.027164356231689453,0.12480660247802734,,,,,,,,29330.0,-99.0,11.0,119.0,-528452048.0,-50.0,-84.0,283.0,652.0,185.0,9016.0
82,29343.0,43388.0,52631.0,47218.0,51158.0,29342.0,3.4944281578063965,,,,,,,,-0.057,0.004,0.5,3.227586030960083,,-1.61490625,0.025231599807739258,0.12777165985107422,,,,,,,,29340.0,-99.0,10.0,122.0,-527404496.0,-39.0,-82.0,276.0,698.0,371.0,8857.0
83,29353.0,44285.0,53443.0,47079.0,50727.0,29352.0,3.4838709831237793,,,,,,,,-0.056,0.005,0.5,3.240713357925415,,-1.613791259765625,0.025333269119262695,0.1295797882080078,,,,,,,,29350.0,-99.0,10.0,124.0,-526356945.0,-30.0,-81.0,267.0,778.0,357.0,8966.0
84,29363.0,43965.0,53784.0,47711.0,50872.0,29362.0,3.4785923957824707,,,,,,,,-0.055,0.006,0.5,3.253398895263672,,-1.612593017578125,0.024262174606323243,0.13224391174316405,,,,,,,,29360.0,-98.0,9.0,127.0,-525309393.0,-16.0,-80.0,259.0,765.0,320.0,9041.0
85,29373.0,44748.0,54179.0,47652.0,50899.0,29372.0,3.473313808441162,,,,,,,,-0.055,0.006,0.5,3.2656173706054688,,-1.6117247314453125,0.02366156005859375,0.1340402374267578,,,,,,,,29370.0,-98.0,8.0,129.0,-525310417.0,-8.0,-74.0,247.0,539.0,240.0,9031.0
86,29383.0,43725.0,54309.0,48852.0,50934.0,29382.0,3.473313808441162,,,,,,,,-0.055,0.007,0.5,3.277784824371338,,-1.6107313232421876,0.022035478591918945,0.13666319274902344,,,,,,,,29380.0,-97.0,7.0,131.0,-525311442.0,7.0,-76.0,240.0,501.0,231.0,9259.0
87,29393.0,43677.0,54426.0,49289.0,51239.0,29392.0,3.4680352210998535,,,,,,,,-0.054,0.008,0.5,3.290889263153076,,-1.6090675048828125,0.021813642501831054,0.13812249755859374,,,,,,,,29390.0,-96.0,6.0,134.0,-525313490.0,15.0,-72.0,234.0,583.0,299.0,9351.0
88,29403.0,43216.0,54744.0,49921.0,50979.0,29402.0,3.4680352210998535,,,,,,,,-0.054,0.009,0.5,3.303257942199707,,-1.6084306640625,0.021418191909790038,0.139738037109375,,,,,,,,29400.0,-96.0,6.0,136.0,-525315539.0,24.0,-69.0,229.0,516.0,316.0,9319.0
89,29413.0,42997.0,54879.0,50429.0,51176.0,29412.0,3.462756633758545,,,,,,,,-0.053,0.009,0.5,3.315342903137207,,-1.6065982666015626,0.020456666946411132,0.14220098876953124,,,,,,,,29410.0,-95.0,5.0,138.0,-524269011.0,32.0,-66.0,222.0,460.0,316.0,9359.0
90,29423.0,43528.0,54696.0,50440.0,51793.0,29422.0,3.4574780464172363,,,,,,,,-0.053,0.011,0.5,3.3271028995513916,,-1.6053284912109376,0.01938926124572754,0.14423414611816407,,,,,,,,29420.0,-93.0,4.0,140.0,-524270035.0,44.0,-66.0,218.0,358.0,218.0,9323.0
91,29433.0,44147.0,54608.0,50291.0,51971.0,29432.0,3.4574780464172363,,,,,,,,-0.053,0.012,0.5,3.3395440578460693,,-1.6041717529296875,0.01882080078125,0.14572993469238282,,,,,,,,29430.0,-93.0,4.0,142.0,-524273108.0,50.0,-62.0,213.0,337.0,114.0,9345.0
92,29443.0,43490.0,54630.0,50968.0,52127.0,29442.0,3.4574780464172363,,,,,,,,-0.053,0.012,0.5,3.3513967990875244,,-1.6022203369140624,0.01840353012084961,0.14796327209472657,,,,,,,,29440.0,-92.0,3.0,144.0,-523226580.0,56.0,-60.0,208.0,233.0,311.0,9214.0
93,29453.0,43993.0,55052.0,50829.0,52030.0,29452.0,3.4521994590759277,,,,,,,,-0.052,0.012,0.5,3.363752603530884,,-1.601101318359375,0.01799911880493164,0.14958494567871095,,,,,,,,29450.0,-91.0,3.0,146.0,-522180052.0,60.0,-55.0,198.0,174.0,306.0,9411.0
94,29463.0,44566.0,55164.0,50923.0,52627.0,29462.0,3.4416422843933105,,,,,,,,-0.052,0.012,0.5,3.375492572784424,,-1.5995416259765625,0.017230327606201173,0.1515530242919922,,,,,,,,29460.0,-90.0,2.0,147.0,-522182101.0,64.0,-52.0,195.0,48.0,317.0,9652.0
95,29473.0,45002.0,55431.0,50629.0,52514.0,29472.0,3.4416422843933105,,,,,,,,-0.052,0.013,0.5,3.3871092796325684,,-1.597983642578125,0.01632870864868164,0.15301837158203124,,,,,,,,29470.0,-88.0,1.0,149.0,-522184149.0,73.0,-50.0,194.0,114.0,312.0,9659.0
96,29483.0,45922.0,55474.0,50227.0,52972.0,29482.0,3.4310851097106934,,,,,,,,-0.052,0.013,0.5,3.399786949157715,,-1.5959635009765625,0.016189407348632813,0.15485476684570312,,,,,,,,29480.0,-87.0,1.0,151.0,-522185173.0,77.0,-45.0,193.0,11.0,439.0,9809.0
97,29493.0,46483.0,55918.0,49699.0,52556.0,29492.0,3.4310851097106934,,,,,,,,-0.052,0.014,0.5,3.4124698638916016,,-1.595090576171875,0.016188135147094728,0.15624554443359376,,,,,,,,29490.0,-86.0,0.0,153.0,-522187221.0,79.0,-41.0,194.0,-100.0,378.0,9913.0
98,29503.0,46447.0,56043.0,49780.0,52740.0,29502.0,3.4310851097106934,,,,,,,,-0.052,0.014,0.5,3.424710512161255,,-1.593392333984375,0.015092867851257324,0.1583858642578125,,,,,,,,29500.0,-85.0,0.0,154.0,-522188246.0,82.0,-37.0,188.0,24.0,280.0,9797.0
99,29513.0,47263.0,56151.0,49056.0,52648.0,29512.0,3.4310851097106934,,,,,,,,-0.052,0.016,0.5,3.436803102493286,,-1.5922642822265625,0.014498673439025878,0.15966127014160156,,,,,,,,29510.0,-83.0,0.0,156.0,-523237846.0,90.0,-34.0,188.0,-93.0,195.0,9843.0
100,29523.0,46681.0,56225.0,49686.0,52907.0,29522.0,3.4258065223693848,,,,,,,,-0.05,0.016,0.5,3.448472499847412,,-1.5899970703125,0.014907814979553223,0.16166226196289063,,,,,,,,29520.0,-81.0,0.0,158.0,-524287446.0,92.0,-31.0,188.0,-159.0,224.0,9870.0
101,29533.0,46824.0,56154.0,49523.0,53136.0,29532.0,3.4258065223693848,,,,,,,,-0.049,0.017,0.5,3.461158514022827,,-1.58890478515625,0.014796052932739258,0.16291587829589843,,,,,,,,29530.0,-80.0,0.0,160.0,-524810710.0,93.0,-28.0,189.0,-133.0,228.0,9864.0
102,29543.0,45946.0,56262.0,50295.0,53044.0,29542.0,3.4258065223693848,,,,,,,,-0.05,0.018,0.5,3.472921371459961,,-1.5871912841796876,0.014251826286315918,0.16496142578125,,,,,,,,29540.0,-80.0,0.0,157.0,-525858262.0,92.0,-24.0,167.0,-146.0,132.0,9902.0
103,29553.0,46244.0,56286.0,50640.0,53377.0,29552.0,3.4310851097106934,,,,,,,,-0.05,0.018,0.5,3.484778642654419,,-1.5858385009765625,0.013656460762023925,0.16648579406738281,,,,,,,,29550.0,-79.0,0.0,159.0,-526905813.0,92.0,-20.0,168.0,-176.0,130.0,9892.0
104,29563.0,45149.0,56372.0,51554.0,53258.0,29562.0,3.4310851097106934,,,,,,,,-0.05,0.018,0.5,3.4965341091156006,,-1.584088623046875,0.014274205207824707,0.16835752868652343,,,,,,,,29560.0,-76.0,0.0,161.0,-526905813.0,98.0,-16.0,169.0,-249.0,25.0,9882.0
105,29573.0,45342.0,55935.0,51545.0,53803.0,29572.0,3.4310851097106934,,,,,,,,-0.05,0.019,0.5,3.5084545612335205,,-1.5828873291015626,0.014187870979309082,0.1697480010986328,,,,,,,,29570.0,-75.0,0.0,163.0,-526903765.0,97.0,-14.0,170.0,-227.0,47.0,9933.0
106,29583.0,44725.0,56263.0,52041.0,53402.0,29582.0,3.4310851097106934,,,,,,,,-0.05,0.019,0.5,3.5206987857818604,,-1.5812681884765625,0.014153955459594726,0.17176707458496093,,,,,,,,29580.0,-75.0,0.0,164.0,-526902741.0,93.0,-9.0,171.0,-135.0,112.0,10041.0
107,29593.0,43686.0,56284.0,52790.0,53343.0,29592.0,3.4310851097106934,,,,,,,,-0.05,0.02,0.5,3.533468723297119,,-1.5802010498046875,0.013847472190856934,0.17314212036132812,,,,,,,,29590.0,-74.0,0.0,166.0,-526901717.0,94.0,-6.0,174.0,-307.0,120.0,10014.0
108,29603.0,44445.0,55990.0,52407.0,53632.0,29602.0,3.4310851097106934,,,,,,,,-0.048,0.023,0.5,3.545250177383423,,-1.5791170654296875,0.013967167854309083,0.17486216735839843,,,,,,,,29600.0,-71.0,0.0,168.0,-526900693.0,99.0,-4.0,175.0,-310.0,184.0,9987.0
109,29613.0,43994.0,56049.0,52785.0,53535.0,29612.0,3.4310851097106934,,,,,,,,-0.047,0.024,0.5,3.5572469234466553,,-1.5773778076171876,0.014338213920593262,0.17689059448242186,,,,,,,,29610.0,-71.0,0.0,170.0,-526898646.0,93.0,0.0,176.0,-288.0,212.0,9873.0
110,29623.0,44419.0,56298.0,52531.0,53214.0,29622.0,3.4310851097106934,,,,,,,,-0.049,0.025,0.5,3.5695338249206543,,-1.5758194580078124,0.014413799285888672,0.17904631042480468,,,,,,,,29620.0,-69.0,0.0,171.0,-525849046.0,93.0,3.0,178.0,-328.0,225.0,10058.0
111,29633.0,44375.0,56510.0,52646.0,53208.0,29632.0,3.4258065223693848,,,,,,,,-0.048,0.025,0.5,3.581725835800171,,-1.5748734130859374,0.01419199275970459,0.18068849182128907,,,,,,,,29630.0,-69.0,0.0,173.0,-525848022.0,89.0,6.0,179.0,-505.0,117.0,10135.0
112,29643.0,44527.0,56474.0,52610.0,53255.0,29642.0,3.4258065223693848,,,,,,,,-0.049,0.025,0.5,3.5935423374176025,,-1.5733634033203125,0.014773589134216308,0.182724853515625,,,,,,,,29640.0,-69.0,0.0,175.0,-525845974.0,83.0,9.0,182.0,-531.0,118.0,10090.0
113,29653.0,44788.0,56463.0,52323.0,53328.0,29652.0,3.4258065223693848,,,,,,,,-0.049,0.026,0.5,3.605346441268921,,-1.5723863525390624,0.01495920467376709,0.18427279663085938,,,,,,,,29650.0,-66.0,0.0,176.0,-525845974.0,87.0,12.0,185.0,-396.0,218.0,10158.0
114,29663.0,45991.0,56442.0,51419.0,53348.0,29662.0,3.4258065223693848,,,,,,,,-0.048,0.027,0.5,3.617237091064453,,-1.5715081787109375,0.015166730880737304,0.18592384338378906,,,,,,,,29660.0,-65.0,1.0,178.0,-525844950.0,82.0,17.0,188.0,-427.0,170.0,10115.0
115,29673.0,44884.0,56757.0,52192.0,52869.0,29672.0,3.4258065223693848,,,,,,,,-0.049,0.027,0.5,3.6296608448028564,,-1.57035595703125,0.01509494686126709,0.18814170837402344,,,,,,,,29670.0,-64.0,0.0,180.0,-526892502.0,78.0,18.0,191.0,-551.0,117.0,10190.0
116,29683.0,45831.0,56508.0,51166.0,53048.0,29682.0,3.4258065223693848,,,,,,,,-0.049,0.028,0.5,3.641970157623291,,-1.568866943359375,0.015482481002807618,0.19058482360839843,,,,,,,,29680.0,-63.0,1.0,184.0,-527941078.0,74.0,22.0,203.0,-470.0,237.0,10153.0
117,29693.0,46431.0,56701.0,50743.0,52983.0,29692.0,3.420527935028076,,,,,,,,-0.048,0.028,0.5,3.653630018234253,,-1.5679759521484375,0.016084518432617188,0.19211375427246094,,,,,,,,29690.0,-62.0,1.0,186.0,-527940054.0,72.0,24.0,206.0,-553.0,232.0,10177.0
118,29703.0,45504.0,56642.0,51114.0,52988.0,29702.0,3.4258065223693848,,,,,,,,-0.047,0.028,0.5,3.665692090988159,,-1.5669576416015625,0.016616449356079102,0.19458790588378908,,,,,,,,29700.0,-62.0,1.0,188.0,-528988631.0,65.0,27.0,210.0,-545.0,99.0,10072.0
119,29713.0,45885.0,56719.0,50751.0,52847.0,29712.0,3.4258065223693848,,,,,,,,-0.043,0.027,0.5,3.6773340702056885,,-1.566225830078125,0.0166696834564209,0.19621157836914063,,,,,,,,29710.0,-60.0,2.0,190.0,-530037207.0,64.0,31.0,212.0,-577.0,204.0,10105.0
120,29723.0,46043.0,56339.0,50493.0,53247.0,29722.0,3.4310851097106934,,,,,,,,-0.046,0.029,0.5,3.6896634101867676,,-1.565118896484375,0.017041669845581055,0.19889625549316406,,,,,,,,29720.0,-60.0,2.0,192.0,-531085783.0,58.0,33.0,214.0,-575.0,-9.0,10108.0
121,29733.0,46261.0,56225.0,50228.0,53417.0,29732.0,3.4310851097106934,,,,,,,,-0.044,0.028,0.5,3.7016303539276123,,-1.564557373046875,0.017821666717529296,0.20027943420410158,,,,,,,,29730.0,-59.0,3.0,194.0,-532135382.0,55.0,34.0,217.0,-552.0,16.0,10014.0
122,29743.0,45936.0,56005.0,50593.0,53608.0,29742.0,3.4310851097106934,,,,,,,,-0.046,0.03,0.5,3.7135801315307617,,-1.5636956787109375,0.01846941566467285,0.20290530395507814,,,,,,,,29740.0,-58.0,4.0,196.0,-533183958.0,52.0,38.0,219.0,-527.0,-47.0,9933.0
123,29753.0,46270.0,55983.0,50322.0,53638.0,29752.0,3.4310851097106934,,,,,,,,-0.044,0.028,0.5,3.725277900695801,,-1.56315771484375,0.018833724975585938,0.20488534545898437,,,,,,,,29750.0,-57.0,3.0,198.0,-534233558.0,49.0,36.0,220.0,-473.0,-36.0,10038.0
124,29763.0,45792.0,56300.0,50854.0,53432.0,29762.0,3.4258065223693848,,,,,,,,-0.042,0.023,0.5,3.73687744140625,,-1.5627733154296874,0.018512014389038087,0.2072972412109375,,,,,,,,29760.0,-57.0,4.0,200.0,-535282134.0,45.0,39.0,217.0,-454.0,-76.0,10019.0
125,29773.0,45536.0,56150.0,51199.0,53740.0,29772.0,3.4258065223693848,,,,,,,,-0.042,0.028,0.5,3.748859405517578,,-1.5617813720703124,0.01977809715270996,0.20891206359863282,,,,,,,,29770.0,-57.0,4.0,202.0,-535282134.0,40.0,39.0,220.0,-416.0,-80.0,10054.0
126,29783.0,45138.0,56303.0,51581.0,53751.0,29782.0,3.420527935028076,,,,,,,,-0.042,0.028,0.5,3.76175856590271,,-1.561370361328125,0.020283483505249025,0.21090185546875,,,,,,,,29780.0,-56.0,5.0,204.0,-535283159.0,36.0,41.0,222.0,-405.0,-77.0,10049.0
127,29793.0,45032.0,56142.0,51534.0,53742.0,29792.0,3.4258065223693848,,,,,,,,-0.046,0.035,0.5,3.773491859436035,,-1.5608065185546875,0.021003133773803712,0.2135850372314453,,,,,,,,29790.0,-55.0,6.0,206.0,-536331735.0,34.0,42.0,225.0,-398.0,-38.0,10196.0
128,29803.0,44743.0,56067.0,51739.0,53813.0,29802.0,3.4258065223693848,,,,,,,,-0.046,0.033,0.5,3.785137176513672,,-1.5604169921875,0.021031425476074218,0.21552980041503905,,,,,,,,29800.0,-55.0,6.0,209.0,-536331735.0,29.0,43.0,228.0,-407.0,-121.0,10132.0
129,29813.0,44765.0,56204.0,51548.0,53430.0,29812.0,3.4258065223693848,,,,,,,,-0.048,0.032,0.5,3.7967891693115234,,-1.559851806640625,0.022023357391357423,0.21814305114746094,,,,,,,,29810.0,-55.0,7.0,212.0,-536332759.0,26.0,43.0,237.0,-390.0,-125.0,10088.0
130,29823.0,44061.0,56128.0,51966.0,53556.0,29822.0,3.4258065223693848,,,,,,,,-0.045,0.033,0.5,3.80928635597229,,-1.5594410400390626,0.022764408111572265,0.22099226379394532,,,,,,,,29820.0,-55.0,7.0,214.0,-1073203671.0,22.0,43.0,240.0,-458.0,-53.0,10125.0
131,29833.0,44541.0,56034.0,51523.0,53411.0,29832.0,3.4310851097106934,,,,,,,,-0.047,0.035,0.5,3.8214163780212402,,-1.559091796875,0.023199880599975586,0.2226905517578125,,,,,,,,29830.0,-54.0,8.0,217.0,-1073203671.0,20.0,43.0,243.0,-574.0,-153.0,10033.0
132,29843.0,44679.0,56122.0,51451.0,53195.0,29842.0,3.4310851097106934,,,,,,,,-0.049,0.032,0.5,3.833162307739258,,-1.5588948974609376,0.023721771240234377,0.225885009765625,,,,,,,,29840.0,-54.0,9.0,219.0,-1073204695.0,15.0,45.0,245.0,-579.0,-117.0,10059.0
133,29853.0,44651.0,56264.0,51522.0,52928.0,29852.0,3.4310851097106934,,,,,,,,-0.049,0.032,0.5,3.844775438308716,,-1.5586348876953124,0.024107952117919922,0.22792935180664062,,,,,,,,29850.0,-53.0,9.0,221.0,-1073204695.0,14.0,44.0,246.0,-438.0,-109.0,10066.0
134,29863.0,45145.0,56056.0,51262.0,53177.0,29862.0,3.4310851097106934,,,,,,,,-0.047,0.027,0.5,3.856668710708618,,-1.558413330078125,0.02520102310180664,0.2306532440185547,,,,,,,,29860.0,-54.0,9.0,224.0,-1073204695.0,9.0,43.0,249.0,-481.0,-295.0,10108.0
135,29873.0,45226.0,55969.0,51246.0,53218.0,29872.0,3.4310851097106934,,,,,,,,-0.04,0.012,0.5,3.8689870834350586,,-1.5582900390625,0.025655954360961915,0.23276002502441406,,,,,,,,29870.0,-53.0,11.0,226.0,-1073205719.0,7.0,50.0,251.0,-384.0,-315.0,10100.0
136,29883.0,45612.0,56121.0,51029.0,53212.0,29882.0,3.4258065223693848,,,,,,,,-0.041,0.013,0.5,3.8819336891174316,,-1.5582691650390625,0.0260964298248291,0.23565029907226562,,,,,,,,29880.0,-53.0,12.0,229.0,-1072157143.0,6.0,49.0,254.0,-367.0,-231.0,10057.0
137,29893.0,45716.0,56170.0,50877.0,53154.0,29892.0,3.4258065223693848,,,,,,,,-0.04,0.012,0.5,3.8939385414123535,,-1.5581260986328125,0.026597606658935548,0.2377609405517578,,,,,,,,29890.0,-53.0,12.0,231.0,-1072158168.0,3.0,49.0,255.0,-398.0,-269.0,10082.0
138,29903.0,45470.0,55930.0,50942.0,53339.0,29902.0,3.4310851097106934,,,,,,,,-0.041,0.012,0.5,3.9061243534088135,,-1.55803564453125,0.02740891456604004,0.23974713134765624,,,,,,,,29900.0,-52.0,12.0,234.0,-1071109592.0,1.0,46.0,258.0,-446.0,-307.0,10179.0
139,29913.0,45345.0,56005.0,50942.0,53251.0,29912.0,3.4310851097106934,,,,,,,,-0.041,0.01,0.5,3.917876958847046,,-1.5579940185546874,0.028159713745117186,0.24282682800292968,,,,,,,,29910.0,-52.0,12.0,236.0,-1071110616.0,0.0,46.0,261.0,-431.0,-245.0,10105.0
140,29923.0,45290.0,55966.0,51011.0,53194.0,29922.0,3.4310851097106934,,,,,,,,-0.042,0.011,0.5,3.930393695831299,,-1.558121337890625,0.02862908935546875,0.24590548706054688,,,,,,,,29920.0,-52.0,13.0,239.0,-1070063064.0,-2.0,45.0,264.0,-377.0,-263.0,10054.0
141,29933.0,45220.0,55840.0,51095.0,53281.0,29932.0,3.4310851097106934,,,,,,,,-0.042,0.012,0.5,3.94252347946167,,-1.5584793701171875,0.02864373016357422,0.24827497863769532,,,,,,,,29930.0,-52.0,13.0,242.0,-1070063064.0,-5.0,44.0,267.0,-233.0,-100.0,10084.0
142,29943.0,45441.0,55767.0,50979.0,53301.0,29942.0,3.4310851097106934,,,,,,,,-0.042,0.012,0.5,3.954524040222168,,-1.5581668701171876,0.03019817352294922,0.2512006530761719,,,,,,,,29940.0,-52.0,13.0,244.0,-1070064088.0,-7.0,42.0,267.0,-264.0,-191.0,9977.0
143,29953.0,45256.0,55711.0,51195.0,53389.0,29952.0,3.4310851097106934,,,,,,,,-0.042,0.012,0.5,3.9664642810821533,,-1.5582147216796876,0.030636802673339843,0.25335714721679686,,,,,,,,29950.0,-52.0,14.0,246.0,-1069015513.0,-9.0,44.0,268.0,-293.0,-285.0,10032.0
144,29963.0,46379.0,55741.0,50423.0,53563.0,29962.0,3.4258065223693848,,,,,,,,-0.043,0.018,0.5,3.9782962799072266,,-1.5583031005859376,0.031118556976318358,0.25655905151367187,,,,,,,,29960.0,-52.0,14.0,249.0,-1069016537.0,-11.0,42.0,270.0,-225.0,-278.0,10017.0
145,29973.0,45730.0,56036.0,50965.0,53452.0,29972.0,3.420527935028076,,,,,,,,-0.042,0.018,0.5,3.9909040927886963,,-1.5585198974609376,0.03125915145874023,0.25888211059570315,,,,,,,,29970.0,-52.0,16.0,252.0,-1069017561.0,-11.0,43.0,273.0,-105.0,-325.0,10056.0
146,29983.0,46072.0,55931.0,50654.0,53576.0,29982.0,3.420527935028076,,,,,,,,-0.042,0.018,0.5,4.00280237197876,,-1.55873388671875,0.03258552169799805,0.26183547973632815,,,,,,,,29980.0,-52.0,16.0,253.0,-1069017561.0,-12.0,42.0,268.0,-148.0,-377.0,9987.0
147,29993.0,46097.0,56376.0,50672.0,53271.0,29992.0,3.420527935028076,,,,,,,,-0.042,0.02,0.5,4.014840602874756,,-1.55891552734375,0.03311383819580078,0.26413381958007814,,,,,,,,29990.0,-50.0,16.0,256.0,-1069018585.0,-7.0,41.0,269.0,-97.0,-311.0,10081.0
148,30003.0,46558.0,56266.0,50346.0,53699.0,30002.0,3.4152493476867676,,,,,,,,-0.041,0.023,0.5,4.026567220687866,,-1.5590269775390626,0.03375381088256836,0.26740145874023435,,,,,,,,30000.0,-49.0,17.0,259.0,-1067971033.0,-7.0,39.0,272.0,-110.0,-341.0,10105.0
149,30013.0,46041.0,56198.0,50690.0,53811.0,30012.0,3.4152493476867676,,,,,,,,-0.041,0.023,0.5,4.039512634277344,,-1.5592462158203124,0.03384473419189453,0.269775390625,,,,,,,,30010.0,-50.0,18.0,261.0,-1067972057.0,-8.0,40.0,275.0,-84.0,-260.0,10098.0
150,30023.0,46077.0,56439.0,50618.0,53466.0,30022.0,3.4152493476867676,,,,,,,,-0.039,0.022,0.5,4.051469087600708,,-1.5594505615234375,0.0348895378112793,0.2729437561035156,,,,,,,,30020.0,-50.0,18.0,264.0,-1067973082.0,-9.0,39.0,278.0,-86.0,-294.0,10140.0
151,30033.0,46609.0,56233.0,49897.0,53460.0,30032.0,3.420527935028076,,,,,,,,-0.039,0.022,0.5,4.063354015350342,,-1.55962841796875,0.035283740997314454,0.275125244140625,,,,,,,,30030.0,-50.0,18.0,268.0,-1066924506.0,-9.0,37.0,284.0,-136.0,-269.0,10232.0
152,30043.0,46085.0,56141.0,50205.0,53593.0,30042.0,3.420527935028076,,,,,,,,-0.039,0.022,0.5,4.0749993324279785,,-1.55989306640625,0.03569126892089844,0.27768142700195314,,,,,,,,30040.0,-50.0,19.0,270.0,-1066925530.0,-10.0,36.0,288.0,-65.0,-192.0,10174.0
153,30053.0,46180.0,56232.0,50010.0,53424.0,30052.0,3.420527935028076,,,,,,,,-0.038,0.022,0.5,4.086747407913208,,-1.5601644287109375,0.03583502960205078,0.2814654846191406,,,,,,,,30050.0,-50.0,19.0,273.0,-1067449818.0,-10.0,34.0,292.0,-80.0,-329.0,10100.0
154,30063.0,45686.0,56044.0,50373.0,53606.0,30062.0,3.420527935028076,,,,,,,,-0.039,0.027,0.5,4.098867177963257,,-1.560683349609375,0.037001350402832034,0.28465695190429685,,,,,,,,30060.0,-50.0,19.0,276.0,-1066400218.0,-9.0,32.0,295.0,-33.0,-375.0,10041.0
155,30073.0,46550.0,55990.0,49715.0,53581.0,30072.0,3.420527935028076,,,,,,,,-0.039,0.029,0.5,4.111746549606323,,-1.560835693359375,0.03725297546386719,0.28709371948242185,,,,,,,,30070.0,-50.0,20.0,279.0,-1066400218.0,-8.0,30.0,295.0,3.0,-450.0,10006.0
156,30083.0,46494.0,56237.0,49906.0,53187.0,30082.0,3.420527935028076,,,,,,,,-0.039,0.029,0.5,4.123376369476318,,-1.5612137451171875,0.037883125305175784,0.29055874633789064,,,,,,,,30080.0,-48.0,23.0,282.0,-1066399194.0,-3.0,38.0,297.0,58.0,-429.0,9984.0
157,30093.0,46215.0,55777.0,50359.0,53908.0,30092.0,3.4152493476867676,,,,,,,,-0.039,0.03,0.5,4.135802984237671,,-1.561505126953125,0.03775498199462891,0.29291275024414065,,,,,,,,30090.0,-47.0,23.0,285.0,-1066398170.0,0.0,35.0,299.0,64.0,-458.0,9868.0
158,30103.0,46304.0,55850.0,50341.0,53738.0,30102.0,3.4152493476867676,,,,,,,,-0.039,0.031,0.5,4.14754056930542,,-1.5620445556640625,0.03779306793212891,0.295393798828125,,,,,,,,30100.0,-47.0,24.0,288.0,-1066398170.0,0.0,34.0,300.0,-20.0,-445.0,10008.0
159,30113.0,45993.0,56161.0,50592.0,53353.0,30112.0,3.4152493476867676,,,,,,,,-0.039,0.031,0.5,4.160072565078735,,-1.5620799560546874,0.03905846786499023,0.2991710205078125,,,,,,,,30110.0,-49.0,25.0,291.0,-1066398170.0,-4.0,32.0,302.0,20.0,-353.0,10073.0
160,30123.0,45885.0,56299.0,50844.0,53272.0,30122.0,3.4152493476867676,,,,,,,,-0.039,0.031,0.5,4.1719443798065186,,-1.56210205078125,0.039233280181884767,0.30168975830078126,,,,,,,,30120.0,-48.0,25.0,293.0,-1066398170.0,0.0,30.0,300.0,10.0,-341.0,10074.0
161,30133.0,45666.0,56033.0,50841.0,53406.0,30132.0,3.420527935028076,,,,,,,,-0.039,0.031,0.5,4.1836838722229,,-1.5630430908203126,0.039403919219970704,0.30555020141601563,,,,,,,,30130.0,-49.0,25.0,296.0,-1066398170.0,-2.0,28.0,302.0,58.0,-345.0,9970.0
162,30143.0,44944.0,56040.0,51449.0,53298.0,30142.0,3.420527935028076,,,,,,,,-0.038,0.031,0.5,4.195445775985718,,-1.563543212890625,0.03917335891723633,0.308451904296875,,,,,,,,30140.0,-49.0,26.0,299.0,-1066398171.0,0.0,28.0,304.0,58.0,-301.0,10048.0
163,30153.0,45083.0,55877.0,51321.0,53506.0,30152.0,3.420527935028076,,,,,,,,-0.039,0.03,0.5,4.207252264022827,,-1.5633450927734376,0.04055611419677734,0.3117396240234375,,,,,,,,30150.0,-48.0,26.0,302.0,-1066398171.0,0.0,25.0,307.0,25.0,-354.0,10112.0
164,30163.0,44505.0,55725.0,51606.0,53746.0,30162.0,3.420527935028076,,,,,,,,-0.039,0.03,0.5,4.2192909717559814,,-1.5637840576171875,0.040954174041748045,0.31541732788085936,,,,,,,,30160.0,-48.0,27.0,304.0,-1066398171.0,1.0,25.0,302.0,-1.0,-357.0,10074.0
165,30173.0,44958.0,55772.0,51470.0,53817.0,30172.0,3.420527935028076,,,,,,,,-0.043,0.03,0.5,4.232425928115845,,-1.564029541015625,0.04114306640625,0.3180398864746094,,,,,,,,30170.0,-49.0,27.0,307.0,-1067446747.0,0.0,22.0,305.0,88.0,-289.0,10112.0
166,30183.0,45231.0,55887.0,51329.0,53573.0,30182.0,3.420527935028076,,,,,,,,-0.043,0.031,0.5,4.244208812713623,,-1.5644964599609374,0.040803756713867184,0.3220889892578125,,,,,,,,30180.0,-49.0,28.0,310.0,-1067446747.0,1.0,22.0,308.0,64.0,-301.0,10198.0
167,30193.0,46075.0,55754.0,50855.0,53787.0,30192.0,3.4152493476867676,,,,,,,,-0.043,0.031,0.5,4.255979299545288,,-1.564419677734375,0.041537818908691404,0.32441134643554687,,,,,,,,30190.0,-48.0,28.0,313.0,-1068495323.0,3.0,20.0,312.0,52.0,-277.0,10199.0
168,30203.0,46322.0,55853.0,50597.0,53276.0,30202.0,3.420527935028076,,,,,,,,-0.043,0.033,0.5,4.267717599868774,,-1.564742919921875,0.04183438491821289,0.32724533081054685,,,,,,,,30200.0,-47.0,28.0,316.0,-1068495324.0,7.0,18.0,318.0,46.0,-229.0,10109.0
169,30213.0,46880.0,55718.0,50292.0,53435.0,30212.0,3.4152493476867676,,,,,,,,-0.043,0.033,0.5,4.280113458633423,,-1.56510546875,0.04204172515869141,0.3312320556640625,,,,,,,,30210.0,-47.0,28.0,319.0,-1068495324.0,7.0,17.0,321.0,57.0,-224.0,10032.0
170,30223.0,46676.0,55963.0,50365.0,53106.0,30222.0,3.4152493476867676,,,,,,,,-0.042,0.033,0.5,4.292065382003784,,-1.5655562744140625,0.04199273681640625,0.334007568359375,,,,,,,,30220.0,-43.0,27.0,323.0,-1068494300.0,19.0,13.0,323.0,47.0,-296.0,10028.0
171,30233.0,46715.0,55765.0,50404.0,53282.0,30232.0,3.4152493476867676,,,,,,,,-0.04,0.037,0.5,4.303761720657349,,-1.5658031005859374,0.0425162239074707,0.3378607788085938,,,,,,,,30230.0,-46.0,29.0,326.0,-1068494301.0,11.0,16.0,325.0,81.0,-278.0,10030.0
172,30243.0,45902.0,55982.0,51025.0,53000.0,30242.0,3.4152493476867676,,,,,,,,-0.041,0.035,0.5,4.315719842910767,,-1.56608544921875,0.04271355438232422,0.3420211181640625,,,,,,,,30240.0,-44.0,28.0,329.0,-1068494301.0,16.0,11.0,327.0,63.0,-394.0,10101.0
173,30253.0,45750.0,55854.0,51048.0,52965.0,30252.0,3.420527935028076,,,,,,,,-0.04,0.035,0.5,4.3273351192474365,,-1.5664024658203124,0.04294549942016602,0.34466757202148435,,,,,,,,30250.0,-46.0,30.0,332.0,-1068494301.0,14.0,13.0,328.0,64.0,-389.0,9990.0
174,30263.0,45530.0,56045.0,51253.0,52934.0,30262.0,3.4152493476867676,,,,,,,,-0.04,0.039,0.5,4.339609384536743,,-1.5670703125,0.04294326019287109,0.3488440856933594,,,,,,,,30260.0,-44.0,28.0,335.0,-1068494302.0,19.0,7.0,330.0,41.0,-289.0,10191.0
175,30273.0,45343.0,55780.0,51220.0,53074.0,30272.0,3.420527935028076,,,,,,,,-0.04,0.043,0.5,4.351475477218628,,-1.5673953857421874,0.0428798828125,0.3516908264160156,,,,,,,,30270.0,-43.0,27.0,339.0,-1068494302.0,22.0,4.0,334.0,31.0,-248.0,10251.0
176,30283.0,45319.0,55966.0,51193.0,52738.0,30282.0,3.420527935028076,,,,,,,,-0.039,0.043,0.5,4.363450527191162,,-1.5674190673828126,0.043443241119384766,0.35428753662109375,,,,,,,,30280.0,-42.0,23.0,342.0,-1068494302.0,24.0,-7.0,338.0,-76.0,-238.0,10205.0
177,30293.0,45942.0,55750.0,50632.0,52950.0,30292.0,3.420527935028076,,,,,,,,-0.039,0.042,0.5,4.3749940395355225,,-1.567714599609375,0.04349105453491211,0.35860610961914063,,,,,,,,30290.0,-42.0,28.0,344.0,-1068495326.0,25.0,2.0,334.0,-19.0,-278.0,10151.0
178,30303.0,45270.0,55355.0,51354.0,53577.0,30302.0,3.420527935028076,,,,,,,,-0.04,0.045,0.5,4.386736631393433,,-1.5681920166015626,0.043414436340332034,0.3614812927246094,,,,,,,,30300.0,-42.0,28.0,347.0,-1069543903.0,26.0,1.0,337.0,-18.0,-290.0,10084.0
179,30313.0,45781.0,55320.0,51085.0,53400.0,30312.0,3.420527935028076,,,,,,,,-0.04,0.045,0.5,4.398784399032593,,-1.568526611328125,0.043512470245361326,0.3656061706542969,,,,,,,,30310.0,-46.0,35.0,351.0,-1070593503.0,15.0,18.0,340.0,-6.0,-160.0,9923.0
180,30323.0,45023.0,55354.0,51757.0,53205.0,30322.0,3.420527935028076,,,,,,,,-0.04,0.044,0.5,4.411364793777466,,-1.5688388671875,0.043983642578125,0.3699977111816406,,,,,,,,30320.0,-46.0,33.0,354.0,-1070593503.0,14.0,12.0,341.0,43.0,-152.0,9946.0
181,30333.0,45231.0,55490.0,51734.0,52915.0,30332.0,3.420527935028076,,,,,,,,-0.04,0.045,0.5,4.423385143280029,,-1.5691107177734376,0.04401932144165039,0.3729130859375,,,,,,,,30330.0,-46.0,25.0,357.0,-1070593504.0,16.0,-9.0,342.0,-5.0,-229.0,10070.0
182,30343.0,46513.0,55624.0,50928.0,52885.0,30342.0,3.420527935028076,,,,,,,,-0.039,0.045,0.5,4.435164928436279,,-1.569377685546875,0.044146800994873045,0.37576531982421874,,,,,,,,30340.0,-48.0,32.0,360.0,-1070594528.0,11.0,6.0,338.0,-19.0,-159.0,10042.0
183,30353.0,45597.0,55524.0,51603.0,53314.0,30352.0,3.4152493476867676,,,,,,,,-0.042,0.043,0.5,4.447165250778198,,-1.570175048828125,0.04358720397949219,0.38001922607421873,,,,,,,,30350.0,-45.0,33.0,363.0,-1071643104.0,18.0,8.0,340.0,10.0,-165.0,9992.0
184,30363.0,45880.0,55108.0,51313.0,53831.0,30362.0,3.4152493476867676,,,,,,,,-0.042,0.044,0.5,4.46098780632019,,-1.570091552734375,0.044318267822265625,0.3831379089355469,,,,,,,,30360.0,-47.0,35.0,367.0,-1071643105.0,12.0,13.0,342.0,-11.0,-182.0,10014.0
185,30373.0,45399.0,55229.0,51613.0,53589.0,30372.0,3.4152493476867676,,,,,,,,-0.042,0.044,0.5,4.47369647026062,,-1.57040380859375,0.04436031723022461,0.3876304016113281,,,,,,,,30370.0,-49.0,32.0,370.0,-1071643105.0,9.0,4.0,345.0,-25.0,-207.0,9980.0
186,30383.0,46063.0,55168.0,50930.0,53446.0,30382.0,3.4152493476867676,,,,,,,,-0.042,0.044,0.5,4.4864280223846436,,-1.5708203125,0.044512191772460935,0.3906275634765625,,,,,,,,30380.0,-49.0,32.0,374.0,-1071643105.0,10.0,4.0,347.0,94.0,-152.0,9971.0
187,30393.0,45185.0,55343.0,51216.0,52857.0,30392.0,3.420527935028076,,,,,,,,-0.043,0.045,0.5,4.499983072280884,,-1.57174951171875,0.04385190963745117,0.39523892211914063,,,,,,,,30390.0,-45.0,29.0,377.0,-1071642082.0,18.0,-3.0,349.0,129.0,-271.0,10090.0
188,30403.0,45981.0,55173.0,50499.0,52792.0,30402.0,3.420527935028076,,,,,,,,-0.043,0.045,0.5,4.51267409324646,,-1.5714656982421875,0.044672103881835935,0.397792236328125,,,,,,,,30400.0,-47.0,27.0,381.0,-1071642082.0,13.0,-8.0,351.0,157.0,-195.0,10092.0
189,30413.0,45813.0,55324.0,50253.0,52211.0,30412.0,3.4258065223693848,,,,,,,,-0.043,0.045,0.5,4.525402069091797,,-1.57177734375,0.04467825317382813,0.4023978576660156,,,,,,,,30410.0,-40.0,12.0,384.0,-1070592482.0,29.0,-43.0,353.0,56.0,-155.0,10097.0
190,30423.0,46508.0,55361.0,49336.0,52042.0,30422.0,3.4258065223693848,,,,,,,,-0.043,0.045,0.5,4.537712812423706,,-1.57222998046875,0.044783660888671875,0.405374755859375,,,,,,,,30420.0,-41.0,13.0,390.0,-1070592483.0,28.0,-42.0,367.0,13.0,-140.0,9966.0
191,30433.0,44793.0,55013.0,50021.0,52248.0,30432.0,3.420527935028076,,,,,,,,-0.043,0.046,0.5,4.550572395324707,,-1.5727032470703124,0.04460193634033203,0.41002359008789063,,,,,,,,30430.0,-40.0,12.0,393.0,-1070592483.0,31.0,-43.0,368.0,-3.0,-180.0,9881.0
192,30443.0,44767.0,54257.0,49550.0,52598.0,30442.0,3.4310851097106934,,,,,,,,-0.042,0.046,0.5,4.563145160675049,,-1.5730172119140624,0.04460453414916992,0.41290859985351563,,,,,,,,30440.0,-41.0,12.0,397.0,-1071641059.0,28.0,-43.0,369.0,3.0,-136.0,9972.0
193,30453.0,44272.0,54203.0,49498.0,52372.0,30452.0,3.436363697052002,,,,,,,,-0.045,0.042,0.5,4.575354814529419,,-1.5733363037109376,0.045104515075683596,0.4174374084472656,,,,,,,,30450.0,-41.0,11.0,401.0,-1071641059.0,28.0,-45.0,371.0,-1.0,-97.0,9938.0
194,30463.0,43686.0,54301.0,49794.0,51996.0,30462.0,3.436363697052002,,,,,,,,-0.045,0.042,0.5,4.5883448123931885,,-1.573650146484375,0.04515570068359375,0.420502685546875,,,,,,,,30460.0,-41.0,10.0,404.0,-1072689635.0,29.0,-46.0,372.0,21.0,-201.0,9824.0
195,30473.0,42498.0,53613.0,50129.0,52291.0,30472.0,3.4416422843933105,,,,,,,,-0.047,0.042,0.5,4.601340293884277,,-1.57427783203125,0.04513019180297852,0.4252422790527344,,,,,,,,30470.0,-42.0,11.0,409.0,-1073739235.0,25.0,-43.0,376.0,15.0,-110.0,9791.0
196,30483.0,42374.0,53573.0,49986.0,51908.0,30482.0,3.446920871734619,,,,,,,,-0.047,0.042,0.5,4.613791465759277,,-1.5745235595703124,0.045378742218017576,0.42964840698242185,,,,,,,,30480.0,-42.0,12.0,413.0,-535819747.0,25.0,-40.0,376.0,-21.0,-160.0,9758.0
197,30493.0,42828.0,53110.0,49282.0,51802.0,30492.0,3.4521994590759277,,,,,,,,-0.048,0.043,0.5,4.626224517822266,,-1.5748974609375,0.04555901336669922,0.4326553649902344,,,,,,,,30490.0,-42.0,12.0,416.0,-534771172.0,25.0,-39.0,375.0,25.0,-83.0,9662.0
198,30503.0,42564.0,53131.0,49287.0,51388.0,30502.0,3.4574780464172363,,,,,,,,-0.049,0.043,0.5,4.63931131362915,,-1.5750413818359374,0.04564886093139649,0.4356411437988281,,,,,,,,30500.0,-42.0,12.0,420.0,-534771172.0,26.0,-39.0,374.0,0.0,-103.0,9611.0
199,30513.0,42935.0,53126.0,48999.0,51198.0,30512.0,3.4574780464172363,,,,,,,,-0.049,0.043,0.5,4.651822566986084,,-1.5753494873046876,0.04569570159912109,0.4387693481445312,,,,,,,,30510.0,-42.0,11.0,424.0,-533722596.0,26.0,-38.0,371.0,48.0,-74.0,9527.0
200,30523.0,39527.0,51568.0,51162.0,52557.0,30522.0,3.462756633758545,,,,,,,,-0.048,0.043,0.5,4.663952827453613,,-1.5761748046875,0.04573859405517578,0.44497061157226564,,,,,,,,30520.0,-43.0,18.0,427.0,-532674020.0,24.0,-21.0,368.0,110.0,99.0,9604.0
201,30533.0,43715.0,52877.0,48074.0,50986.0,30532.0,3.462756633758545,,,,,,,,-0.048,0.043,0.5,4.676296710968018,,-1.5763277587890625,0.046228218078613284,0.447652099609375,,,,,,,,30530.0,-42.0,18.0,431.0,-531625445.0,26.0,-19.0,366.0,104.0,25.0,9584.0
202,30543.0,42434.0,53135.0,48981.0,50545.0,30542.0,3.462756633758545,,,,,,,,-0.049,0.042,0.5,4.689953565597534,,-1.5765286865234376,0.04639483642578125,0.45079620361328127,,,,,,,,30540.0,-42.0,18.0,435.0,-531625445.0,26.0,-18.0,364.0,37.0,-11.0,9654.0
203,30553.0,41553.0,52333.0,49134.0,50928.0,30552.0,3.4680352210998535,,,,,,,,-0.049,0.043,0.5,4.701783895492554,,-1.577119873046875,0.04647218704223633,0.45507666015625,,,,,,,,30550.0,-42.0,20.0,438.0,-530576869.0,25.0,-11.0,362.0,60.0,110.0,9655.0
204,30563.0,40684.0,51980.0,49694.0,51092.0,30562.0,3.4680352210998535,,,,,,,,-0.048,0.043,0.5,4.713693380355835,,-1.577727294921875,0.04604425811767578,0.458611572265625,,,,,,,,30560.0,-42.0,24.0,443.0,-530576870.0,26.0,-3.0,367.0,49.0,139.0,9564.0
205,30573.0,42857.0,52256.0,47829.0,50453.0,30572.0,3.473313808441162,,,,,,,,-0.048,0.042,0.5,4.725360631942749,,-1.577591064453125,0.047066761016845704,0.4623973388671875,,,,,,,,30570.0,-41.0,23.0,447.0,-530577894.0,27.0,-1.0,364.0,92.0,102.0,9334.0
206,30583.0,42162.0,53022.0,48398.0,49425.0,30582.0,3.473313808441162,,,,,,,,-0.048,0.043,0.5,4.737497091293335,,-1.577942626953125,0.047323722839355466,0.46519879150390625,,,,,,,,30580.0,-41.0,23.0,451.0,-530577894.0,27.0,0.0,359.0,-37.0,-4.0,9345.0
207,30593.0,43827.0,52495.0,47003.0,49983.0,30592.0,3.473313808441162,,,,,,,,-0.048,0.043,0.5,4.750362873077393,,-1.5782528076171876,0.04755563735961914,0.4694579772949219,,,,,,,,30590.0,-39.0,22.0,454.0,-531626471.0,31.0,-1.0,354.0,-32.0,23.0,9268.0
208,30603.0,42198.0,52508.0,48271.0,49924.0,30602.0,3.473313808441162,,,,,,,,-0.048,0.043,0.5,4.763625383377075,,-1.578778564453125,0.04758641052246094,0.4722923278808594,,,,,,,,30600.0,-39.0,22.0,458.0,-531626471.0,31.0,0.0,349.0,58.0,58.0,9215.0
209,30613.0,42278.0,52481.0,48158.0,49949.0,30612.0,3.473313808441162,,,,,,,,-0.05,0.046,0.5,4.7763261795043945,,-1.579001708984375,0.048256099700927736,0.4762978820800781,,,,,,,,30610.0,-39.0,22.0,461.0,-531626471.0,30.0,1.0,343.0,26.0,13.0,9163.0
210,30623.0,42860.0,52378.0,47717.0,50000.0,30622.0,3.473313808441162,,,,,,,,-0.049,0.046,0.5,4.789661407470703,,-1.5793406982421876,0.048563846588134764,0.4790116577148438,,,,,,,,30620.0,-39.0,22.0,465.0,-532675047.0,31.0,1.0,338.0,-51.0,11.0,9350.0
211,30633.0,42454.0,52172.0,47908.0,50279.0,30632.0,3.473313808441162,,,,,,,,-0.05,0.046,0.5,4.802304744720459,,-1.5797037353515626,0.04885721969604492,0.4829529724121094,,,,,,,,30630.0,-38.0,22.0,468.0,-532675048.0,31.0,2.0,333.0,-73.0,-56.0,9207.0
212,30643.0,39349.0,51251.0,49970.0,51062.0,30642.0,3.473313808441162,,,,,,,,-0.049,0.046,0.5,4.814809799194336,,-1.580067626953125,0.049086063385009766,0.4857857666015625,,,,,,,,30640.0,-39.0,27.0,472.0,-532675048.0,29.0,14.0,332.0,-40.0,25.0,9153.0
213,30653.0,42962.0,52279.0,47297.0,49869.0,30652.0,3.473313808441162,,,,,,,,-0.051,0.046,0.5,4.827014446258545,,-1.5801956787109375,0.04960898208618164,0.489538330078125,,,,,,,,30650.0,-39.0,29.0,476.0,-532675048.0,29.0,18.0,326.0,-19.0,-14.0,9219.0
214,30663.0,42998.0,52056.0,47311.0,50115.0,30662.0,3.473313808441162,,,,,,,,-0.051,0.046,0.5,4.840006351470947,,-1.58066845703125,0.04990960311889649,0.4921734924316406,,,,,,,,30660.0,-39.0,29.0,479.0,-533723625.0,28.0,19.0,319.0,-25.0,-31.0,9039.0
215,30673.0,42723.0,51790.0,47649.0,50403.0,30672.0,3.473313808441162,,,,,,,,-0.051,0.046,0.5,4.852301359176636,,-1.5812413330078126,0.050405029296875,0.4959085693359375,,,,,,,,30670.0,-39.0,30.0,482.0,-533723625.0,28.0,21.0,312.0,-47.0,-66.0,9081.0
216,30683.0,42143.0,51681.0,47983.0,50268.0,30682.0,3.473313808441162,,,,,,,,-0.054,0.044,0.5,4.864715099334717,,-1.5811380615234376,0.050316390991210935,0.49815725708007813,,,,,,,,30680.0,-39.0,31.0,486.0,-533723625.0,28.0,23.0,310.0,-41.0,-90.0,9116.0
217,30693.0,43148.0,51853.0,47046.0,49927.0,30692.0,3.4785923957824707,,,,,,,,-0.054,0.044,0.5,4.876856327056885,,-1.582576904296875,0.0511691780090332,0.5018748474121094,,,,,,,,30690.0,-39.0,31.0,489.0,-533722601.0,28.0,24.0,303.0,-15.0,-117.0,9066.0
218,30703.0,42628.0,51846.0,47587.0,49935.0,30702.0,3.4785923957824707,,,,,,,,-0.058,0.045,0.5,4.889833450317383,,-1.581991455078125,0.05154227828979492,0.5039197692871094,,,,,,,,30700.0,-39.0,31.0,492.0,-534771178.0,29.0,24.0,296.0,45.0,-114.0,9005.0
219,30713.0,42149.0,52154.0,48009.0,49645.0,30712.0,3.4785923957824707,,,,,,,,-0.058,0.045,0.5,4.902078151702881,,-1.5825079345703126,0.052103439331054685,0.5073733215332031,,,,,,,,30710.0,-39.0,31.0,495.0,-534771178.0,28.0,24.0,289.0,28.0,-7.0,9073.0
220,30723.0,42047.0,51911.0,47929.0,49832.0,30722.0,3.4785923957824707,,,,,,,,-0.057,0.045,0.5,4.915191411972046,,-1.583042724609375,0.052506668090820316,0.5108610229492188,,,,,,,,30720.0,-39.0,31.0,498.0,-534771178.0,28.0,24.0,282.0,146.0,81.0,9252.0
221,30733.0,42155.0,51709.0,47873.0,50068.0,30732.0,3.4785923957824707,,,,,,,,-0.057,0.044,0.5,4.927515506744385,,-1.5833934326171875,0.05289442443847656,0.5131300048828125,,,,,,,,30730.0,-38.0,31.0,501.0,-535819754.0,29.0,24.0,280.0,120.0,-8.0,9084.0
222,30743.0,43066.0,52581.0,47087.0,49150.0,30742.0,3.4785923957824707,,,,,,,,-0.058,0.045,0.5,4.9404425621032715,,-1.5833468017578125,0.05333412170410156,0.5147813720703125,,,,,,,,30740.0,-39.0,29.0,504.0,-535819755.0,27.0,21.0,273.0,-10.0,-18.0,8937.0
223,30753.0,42846.0,52499.0,47566.0,49436.0,30752.0,3.473313808441162,,,,,,,,-0.059,0.045,0.5,4.952699661254883,,-1.5835728759765626,0.05367892074584961,0.5178736572265625,,,,,,,,30750.0,-39.0,30.0,507.0,-536868331.0,27.0,21.0,265.0,42.0,-98.0,9010.0
224,30763.0,42650.0,52142.0,47833.0,49944.0,30762.0,3.473313808441162,,,,,,,,-0.059,0.045,0.5,4.9650962352752686,,-1.5840447998046876,0.054206912994384765,0.5198943481445313,,,,,,,,30760.0,-39.0,30.0,509.0,-1073739243.0,28.0,21.0,257.0,-49.0,-176.0,9083.0
225,30773.0,40949.0,52980.0,49081.0,48716.0,30772.0,3.473313808441162,,,,,,,,-0.059,0.045,0.5,4.977102994918823,,-1.5846981201171875,0.05403987884521484,0.5229486694335937,,,,,,,,30770.0,-43.0,30.0,513.0,-1072690667.0,19.0,21.0,254.0,-101.0,-272.0,9182.0
226,30783.0,43249.0,51904.0,47263.0,50099.0,30782.0,3.473313808441162,,,,,,,,-0.058,0.045,0.5,4.990038633346558,,-1.584710205078125,0.05524497604370117,0.5255164184570312,,,,,,,,30780.0,-43.0,31.0,515.0,-1072691692.0,19.0,22.0,248.0,9.0,-185.0,9074.0
227,30793.0,42362.0,51997.0,48126.0,50001.0,30792.0,3.473313808441162,,,,,,,,-0.058,0.045,0.5,5.002280950546265,,-1.5851015625,0.055546836853027345,0.5272302856445312,,,,,,,,30790.0,-43.0,31.0,518.0,-1072691692.0,20.0,21.0,241.0,68.0,-86.0,9160.0
228,30803.0,42743.0,52091.0,47874.0,49976.0,30802.0,3.473313808441162,,,,,,,,-0.058,0.045,0.5,5.014873027801514,,-1.5853699951171876,0.05596682357788086,0.5288214721679687,,,,,,,,30800.0,-43.0,31.0,520.0,-1072691692.0,20.0,21.0,234.0,46.0,-106.0,9057.0
229,30813.0,41443.0,51670.0,49346.0,50849.0,30812.0,3.473313808441162,,,,,,,,-0.058,0.045,0.5,5.02678918838501,,-1.5860576171875,0.05611009979248047,0.531503662109375,,,,,,,,30810.0,-43.0,33.0,521.0,-1072691692.0,20.0,24.0,218.0,81.0,-80.0,9065.0
230,30823.0,43104.0,52596.0,48123.0,49857.0,30822.0,3.473313808441162,,,,,,,,-0.057999999897789936,0.04500000000920197,0.5,5.039277791976929,,-1.58591796875,0.056876731872558595,0.5330866088867188,,,,,,,,30820.0,-43.0,33.0,523.0,-1072691692.0,20.0,24.0,211.0,130.0,38.0,9256.0
231,30833.0,42364.0,51703.0,48821.0,50865.0,30832.0,3.473313808441162,,,,,,,,-0.057999977843457125,0.04500000003567283,0.5,5.051302909851074,,-1.586314453125,0.05741600036621094,0.5353895263671875,,,,,,,,30830.0,-42.0,33.0,525.0,-1072691693.0,20.0,24.0,206.0,69.0,-102.0,9168.0
232,30843.0,42050.0,51154.0,49265.0,51641.0,30842.0,3.4680352210998535,,,,,,,,-0.05799987148576473,0.04500000008567838,0.5,5.063759803771973,,-1.586426025390625,0.05764442825317383,0.5368906860351562,,,,,,,,30840.0,-40.0,37.0,527.0,-1072690669.0,24.0,29.0,199.0,-54.0,-105.0,9024.0
233,30853.0,44018.0,52542.0,47738.0,50253.0,30852.0,3.4680352210998535,,,,,,,,-0.057999563432611416,0.045000000163192784,0.5,5.07576060295105,,-1.586796630859375,0.05791500091552734,0.5390805053710938,,,,,,,,30850.0,-41.0,35.0,529.0,-1072690669.0,23.0,24.0,192.0,91.0,-57.0,9007.0
234,30863.0,44083.0,52737.0,47880.0,50073.0,30862.0,3.4680352210998535,,,,,,,,-0.05799887206725631,0.04500000026962111,0.5,5.088313817977905,,-1.5874532470703124,0.058561443328857425,0.5404510498046875,,,,,,,,30860.0,-41.0,35.0,531.0,-1072690669.0,24.0,24.0,185.0,-25.0,-172.0,9261.0
235,30873.0,44149.0,52221.0,48054.0,50850.0,30872.0,3.462756633758545,,,,,,,,-0.057997548359950676,0.04500000040375258,0.5,5.101135969161987,,-1.587521728515625,0.05911232376098633,0.5422196655273438,,,,,,,,30870.0,-40.0,35.0,533.0,-1072690669.0,24.0,23.0,180.0,-56.0,-252.0,9187.0
236,30883.0,42326.0,52279.0,49495.0,50955.0,30882.0,3.462756633758545,,,,,,,,-0.05799527877613724,0.045000000561942075,0.5,5.113497018814087,,-1.5877532958984375,0.059480815887451174,0.5435755615234374,,,,,,,,30880.0,-40.0,39.0,535.0,-1072690670.0,25.0,31.0,173.0,-25.0,-123.0,9194.0
237,30893.0,43001.0,52416.0,49111.0,50807.0,30892.0,3.462756633758545,,,,,,,,-0.05799169385082001,0.04500000073849725,0.5,5.12539529800415,,-1.588368408203125,0.05994076156616211,0.5454052124023437,,,,,,,,30890.0,-40.0,43.0,536.0,-1072690670.0,25.0,36.0,168.0,30.0,-225.0,9346.0
238,30903.0,44310.0,53089.0,47952.0,50031.0,30902.0,3.462756633758545,,,,,,,,-0.05798638152095944,0.04500000092623192,0.5,5.137381553649902,,-1.5886739501953124,0.06010354995727539,0.546777099609375,,,,,,,,30900.0,-39.0,43.0,539.0,-1071642094.0,28.0,35.0,165.0,123.0,-143.0,9202.0
239,30913.0,42917.0,53156.0,49218.0,50014.0,30912.0,3.462756633758545,,,,,,,,-0.05797890391985022,0.04500000111713272,0.5,5.149960041046143,,-1.58884619140625,0.060883499145507815,0.5481199340820313,,,,,,,,30910.0,-39.0,42.0,540.0,-1071642094.0,26.0,34.0,159.0,98.0,-44.0,9087.0
240,30923.0,42508.0,52372.0,49756.0,51217.0,30922.0,3.4574780464172363,,,,,,,,-0.05796879739309379,0.04500000089541783,0.5,5.1624462604522705,,-1.58892919921875,0.061151302337646485,0.5492041015625,,,,,,,,30920.0,-38.0,45.0,542.0,-1071642094.0,29.0,37.0,152.0,112.0,-90.0,9195.0
241,30933.0,41824.0,53575.0,50331.0,49890.0,30932.0,3.4574780464172363,,,,,,,,-0.057955565551892546,0.04499999868717072,0.5,5.1743268966674805,,-1.5893316650390625,0.06143620681762695,0.550845703125,,,,,,,,30930.0,-40.0,45.0,543.0,-1071643118.0,25.0,36.0,146.0,10.0,-97.0,9182.0
242,30943.0,43314.0,53124.0,49278.0,50483.0,30942.0,3.4574780464172363,,,,,,,,-0.057938671993479074,0.04499999059676273,0.5,5.1863322257995605,,-1.59005419921875,0.06152769470214844,0.5518175659179687,,,,,,,,30940.0,-40.0,45.0,545.0,-1070594543.0,25.0,35.0,141.0,-48.0,-65.0,9197.0
243,30953.0,43432.0,53368.0,49287.0,50303.0,30952.0,3.4574780464172363,,,,,,,,-0.057917532637439664,0.04499996842316761,0.5,5.19835352897644,,-1.590189697265625,0.06259752655029296,0.5530142822265625,,,,,,,,30950.0,-40.0,44.0,546.0,-1070595567.0,24.0,33.0,135.0,74.0,-99.0,9110.0
244,30963.0,42737.0,53014.0,49954.0,50840.0,30962.0,3.4574780464172363,,,,,,,,-0.05789150768788922,0.044999916090760816,0.5,5.2116124629974365,,-1.5903199462890625,0.06282540512084961,0.55385986328125,,,,,,,,30960.0,-40.0,45.0,548.0,-1070595567.0,24.0,32.0,128.0,-69.0,-217.0,9223.0
245,30973.0,43363.0,53030.0,49742.0,51078.0,30972.0,3.4521994590759277,,,,,,,,-0.057859893415362906,0.04499980313022615,0.5,5.223632097244263,,-1.59085107421875,0.06305096435546875,0.5551696166992187,,,,,,,,30970.0,-39.0,45.0,549.0,-1070071279.0,24.0,31.0,122.0,-77.0,-228.0,9262.0
246,30983.0,44179.0,54240.0,49463.0,49881.0,30982.0,3.4521994590759277,,,,,,,,-0.05782191446697025,0.04499957288215179,0.5,5.2354371547698975,,-1.591182861328125,0.06298326110839844,0.5559697265625,,,,,,,,30980.0,-43.0,43.0,550.0,-1070070255.0,17.0,27.0,115.0,-27.0,-191.0,9103.0
247,30993.0,44479.0,53634.0,49364.0,50854.0,30992.0,3.4521994590759277,,,,,,,,-0.05777671877796481,0.044999121647438065,0.5,5.247995376586914,,-1.591313720703125,0.06404776763916016,0.5568665771484375,,,,,,,,30990.0,-42.0,43.0,550.0,-1070070255.0,18.0,25.0,103.0,135.0,-93.0,9100.0
248,31003.0,43740.0,52708.0,50069.0,52068.0,31002.0,3.4521994590759277,,,,,,,,-0.057723380576308624,0.04499826334562918,0.5,5.260572910308838,,-1.5914263916015625,0.06432206726074219,0.5576218872070312,,,,,,,,31000.0,-42.0,44.0,551.0,-1069021679.0,18.0,25.0,96.0,-64.0,-169.0,9323.0
249,31013.0,45315.0,53820.0,49067.0,51025.0,31012.0,3.446920871734619,,,,,,,,-0.05766092442908939,0.04499667472279128,0.5,5.272745370864868,,-1.591869873046875,0.06479317474365234,0.5585167236328125,,,,,,,,31010.0,-42.0,44.0,552.0,-1069022704.0,17.0,24.0,91.0,-80.0,-345.0,9365.0
250,31023.0,44072.0,53271.0,49992.0,51915.0,31022.0,3.446920871734619,,,,,,,,-0.05758839335290552,0.0449938269351924,0.5,5.285009384155273,,-1.592117919921875,0.0647987289428711,0.5591624755859375,,,,,,,,31020.0,-42.0,44.0,553.0,-1069022704.0,18.0,23.0,87.0,-88.0,-319.0,9334.0
251,31033.0,44101.0,54037.0,50255.0,51453.0,31032.0,3.4416422843933105,,,,,,,,-0.05750497630680919,0.04498893752988774,0.5,5.297090768814087,,-1.5925682373046874,0.06536178588867188,0.560171875,,,,,,,,31030.0,-42.0,44.0,553.0,-1069022704.0,17.0,22.0,79.0,41.0,-195.0,9380.0
252,31043.0,44116.0,53929.0,50328.0,51627.0,31042.0,3.4416422843933105,,,,,,,,-0.057410159880949434,0.04498098604184865,0.5,5.310083627700806,,-1.5927235107421875,0.06550650787353515,0.5606453247070312,,,,,,,,31040.0,-43.0,45.0,554.0,-1069022704.0,14.0,20.0,76.0,-26.0,-222.0,9556.0
253,31053.0,44186.0,53993.0,50358.0,51862.0,31052.0,3.436363697052002,,,,,,,,-0.05730383672899142,0.04496878447356289,0.5,5.322218894958496,,-1.5933343505859374,0.06600331878662109,0.5615440063476562,,,,,,,,31050.0,-43.0,45.0,555.0,-1069022704.0,14.0,20.0,73.0,24.0,-198.0,9410.0
254,31063.0,43982.0,53722.0,50558.0,52284.0,31062.0,3.436363697052002,,,,,,,,-0.05718634101203817,0.04495105848187944,0.5,5.334518194198608,,-1.5940565185546876,0.06608742523193359,0.5620243530273438,,,,,,,,31060.0,-43.0,45.0,555.0,-1069022704.0,14.0,19.0,69.0,-122.0,-96.0,9480.0
255,31073.0,44727.0,54317.0,50261.0,51857.0,31072.0,3.436363697052002,,,,,,,,-0.05705841738027356,0.04492651426673858,0.5,5.346516847610474,,-1.594063720703125,0.06667340087890625,0.5624475708007812,,,,,,,,31070.0,-43.0,45.0,555.0,-1070071280.0,14.0,18.0,60.0,-142.0,-237.0,9479.0
256,31083.0,43964.0,54183.0,50952.0,52353.0,31082.0,3.4310851097106934,,,,,,,,-0.05692113810409244,0.04489388921720129,0.5,5.360499858856201,,-1.5943387451171875,0.06690164184570313,0.5628280029296875,,,,,,,,31080.0,-43.0,45.0,556.0,-1070071280.0,14.0,17.0,57.0,73.0,-212.0,9367.0
257,31093.0,44658.0,54109.0,50621.0,52447.0,31092.0,3.4310851097106934,,,,,,,,-0.056775782972753645,0.04485199271074729,0.5,5.372886896133423,,-1.594448974609375,0.06712316131591797,0.5634598999023438,,,,,,,,31090.0,-43.0,46.0,556.0,-1070071280.0,14.0,16.0,53.0,23.0,-189.0,9465.0
258,31103.0,45057.0,54643.0,50299.0,51949.0,31102.0,3.4310851097106934,,,,,,,,-0.05662369681215515,0.04479974341144962,0.5,5.384887456893921,,-1.595168212890625,0.06709967803955078,0.5640194091796875,,,,,,,,31100.0,-42.0,46.0,557.0,-1070071280.0,14.0,15.0,50.0,-60.0,-247.0,9582.0
259,31113.0,44965.0,55862.0,50727.0,50416.0,31112.0,3.4310851097106934,,,,,,,,-0.0564661398999148,0.0447362069260361,0.5,5.397014141082764,,-1.5957149658203125,0.06755689239501952,0.5646612548828125,,,,,,,,31110.0,-45.0,42.0,557.0,-1070071280.0,9.0,8.0,48.0,9.0,-203.0,9579.0
260,31123.0,45000.0,55017.0,50610.0,51853.0,31122.0,3.4310851097106934,,,,,,,,-0.0563041463338658,0.044660635009930644,0.5,5.410116672515869,,-1.595788818359375,0.06815045166015625,0.5650839233398437,,,,,,,,31120.0,-45.0,42.0,557.0,-1070070255.0,9.0,7.0,39.0,39.0,-105.0,9587.0
261,31133.0,45094.0,54272.0,50669.0,53021.0,31132.0,3.4258065223693848,,,,,,,,-0.05613840416264559,0.0445725051608734,0.5,5.42229151725769,,-1.596119384765625,0.06835028839111328,0.565416015625,,,,,,,,31130.0,-45.0,42.0,557.0,-1070070255.0,8.0,6.0,38.0,-54.0,-241.0,9666.0
262,31143.0,44385.0,55342.0,51312.0,51978.0,31142.0,3.420527935028076,,,,,,,,-0.05596916875193898,0.04447155746568055,0.5,5.43444299697876,,-1.596548095703125,0.06834187316894531,0.5659052734375,,,,,,,,31140.0,-47.0,42.0,557.0,-1070070255.0,3.0,4.0,36.0,-41.0,-291.0,9699.0
263,31153.0,44398.0,54950.0,51281.0,52556.0,31152.0,3.420527935028076,,,,,,,,-0.05579621754439948,0.044357824090433755,0.5,5.44642448425293,,-1.5968800048828125,0.06864696502685547,0.5665133666992187,,,,,,,,31150.0,-47.0,42.0,558.0,-1070070255.0,4.0,4.0,35.0,-58.0,-173.0,9743.0
264,31163.0,44569.0,54791.0,51148.0,52693.0,31162.0,3.420527935028076,,,,,,,,-0.05561885031637118,0.044231646073391244,0.5,5.460094928741455,,-1.5971549072265625,0.06894911193847657,0.566727783203125,,,,,,,,31160.0,-47.0,42.0,558.0,-1070070255.0,4.0,3.0,35.0,-177.0,-283.0,9665.0
265,31173.0,43750.0,55185.0,51773.0,52241.0,31172.0,3.420527935028076,,,,,,,,-0.05543593462979096,0.04409367238549147,0.5,5.472324371337891,,-1.59750146484375,0.0692072296142578,0.5671596069335938,,,,,,,,31170.0,-48.0,43.0,559.0,-1070070255.0,1.0,3.0,34.0,-103.0,-183.0,9663.0
266,31183.0,45118.0,54940.0,50740.0,52602.0,31182.0,3.420527935028076,,,,,,,,-0.055245991817769076,0.04394483781582063,0.5,5.484707593917847,,-1.5979368896484376,0.06943299102783203,0.5674276123046875,,,,,,,,31180.0,-49.0,43.0,559.0,-1070070255.0,0.0,3.0,33.0,-123.0,-96.0,9815.0
267,31193.0,44769.0,54391.0,50966.0,53245.0,31192.0,3.420527935028076,,,,,,,,-0.05504731511905067,0.04378631898150957,0.5,5.4966139793396,,-1.5986767578125,0.06915095520019532,0.5681122436523437,,,,,,,,31190.0,-49.0,43.0,559.0,-1071118831.0,0.0,2.0,34.0,2.0,-54.0,9881.0
268,31203.0,45652.0,54636.0,50065.0,52810.0,31202.0,3.420527935028076,,,,,,,,-0.0548381088926074,0.04361947113789212,0.5,5.509520530700684,,-1.598972900390625,0.06997953033447266,0.56821630859375,,,,,,,,31200.0,-48.0,43.0,561.0,-1071118831.0,0.0,1.0,38.0,-104.0,-230.0,9799.0
269,31213.0,45227.0,54590.0,50387.0,52859.0,31212.0,3.420527935028076,,,,,,,,-0.054616636364709856,0.0434457516944125,0.5,5.521984577178955,,-1.5994110107421875,0.07023551940917969,0.5687464599609375,,,,,,,,31210.0,-48.0,43.0,561.0,-1071118831.0,0.0,0.0,38.0,-67.0,-325.0,9906.0
270,31223.0,45410.0,54877.0,50163.0,52513.0,31222.0,3.420527935028076,,,,,,,,-0.05438136302936166,0.04326663862730497,0.5,5.534404754638672,,-1.599762451171875,0.07042599487304688,0.569093505859375,,,,,,,,31220.0,-48.0,43.0,561.0,-1071118831.0,0.0,0.0,39.0,-72.0,-151.0,9879.0
271,31233.0,45450.0,55017.0,50091.0,52323.0,31232.0,3.420527935028076,,,,,,,,-0.05413108346302446,0.043083552792787326,0.5,5.546482086181641,,-1.6005247802734375,0.06995428466796876,0.5698811645507813,,,,,,,,31230.0,-49.0,42.0,562.0,-1071119855.0,-1.0,-1.0,40.0,-15.0,-258.0,9765.0
272,31243.0,44658.0,54514.0,50349.0,52739.0,31242.0,3.420527935028076,,,,,,,,-0.05386502076736966,0.04289779236708746,0.5,5.559350490570068,,-1.6004754638671874,0.07078494262695313,0.5698748779296875,,,,,,,,31240.0,-49.0,43.0,563.0,-1071644142.0,-1.0,0.0,47.0,29.0,-328.0,9839.0
273,31253.0,44773.0,54441.0,50055.0,52660.0,31252.0,3.4258065223693848,,,,,,,,-0.05358289003981803,0.04271048554545832,0.5,5.571597337722778,,-1.6010760498046874,0.07107649993896484,0.5703447875976563,,,,,,,,31250.0,-48.0,43.0,564.0,-1071644142.0,0.0,-1.0,47.0,-37.0,-269.0,9931.0
274,31263.0,44406.0,54645.0,50166.0,52191.0,31262.0,3.4310851097106934,,,,,,,,-0.05328492015255729,0.042522564756597866,0.5,5.583803176879883,,-1.6014227294921874,0.07129813385009766,0.5705825805664062,,,,,,,,31260.0,-48.0,42.0,564.0,-1071643118.0,0.0,-3.0,48.0,-101.0,-245.0,9815.0
275,31273.0,43400.0,54565.0,50870.0,52297.0,31272.0,3.4310851097106934,,,,,,,,-0.052971831604643915,0.04233476261884591,0.5,5.595993757247925,,-1.601983154296875,0.07134725189208985,0.5710916748046875,,,,,,,,31270.0,-48.0,43.0,565.0,-1071643118.0,0.0,-2.0,48.0,-30.0,-173.0,9799.0
276,31283.0,43716.0,54411.0,50876.0,52513.0,31282.0,3.436363697052002,,,,,,,,-0.05264477207792557,0.04214762723917336,0.5,5.609042167663574,,-1.6020931396484375,0.0715512237548828,0.5714078369140625,,,,,,,,31280.0,-48.0,43.0,565.0,-1071643118.0,0.0,-3.0,48.0,6.0,-75.0,9866.0
277,31293.0,43964.0,54732.0,50690.0,52048.0,31292.0,3.436363697052002,,,,,,,,-0.05230521522787955,0.04196155259623957,0.5,5.621894598007202,,-1.60264599609375,0.07187483215332031,0.5718833618164062,,,,,,,,31290.0,-48.0,43.0,564.0,-1071644142.0,0.0,-3.0,41.0,37.0,4.0,9943.0
278,31303.0,44010.0,54365.0,50622.0,52438.0,31302.0,3.436363697052002,,,,,,,,-0.05195483172369875,0.04177681876350238,0.5,5.634212970733643,,-1.603093017578125,0.07211420440673828,0.572215576171875,,,,,,,,31300.0,-48.0,43.0,565.0,-1072692718.0,0.0,-4.0,42.0,-52.0,-78.0,9943.0
279,31313.0,42404.0,54077.0,51779.0,52672.0,31312.0,3.436363697052002,,,,,,,,-0.051595344190501456,0.04159363653600263,0.5,5.6463563442230225,,-1.603675537109375,0.07222348022460938,0.57277880859375,,,,,,,,31310.0,-49.0,45.0,565.0,-1072692718.0,-1.0,0.0,43.0,2.0,-144.0,9769.0
280,31323.0,43634.0,54488.0,51167.0,52281.0,31322.0,3.4310851097106934,,,,,,,,-0.0512283790396007,0.041412191442723505,0.5,5.659372568130493,,-1.6041971435546876,0.07246256256103516,0.5732041625976563,,,,,,,,31320.0,-50.0,46.0,566.0,-1072168430.0,-2.0,0.0,42.0,-112.0,-228.0,9795.0
281,31333.0,45034.0,54441.0,50003.0,52141.0,31332.0,3.436363697052002,,,,,,,,-0.05085531863390865,0.04123264404042924,0.5,5.671696424484253,,-1.6044805908203126,0.07274303436279297,0.5735550537109375,,,,,,,,31330.0,-49.0,46.0,566.0,-1073217006.0,-1.0,0.0,41.0,11.0,-77.0,9734.0
282,31343.0,43978.0,54634.0,51047.0,51993.0,31342.0,3.4310851097106934,,,,,,,,-0.05047717494888827,0.0410551165324496,0.5,5.6839048862457275,,-1.60476708984375,0.07287342071533204,0.5738478393554688,,,,,,,,31340.0,-50.0,46.0,566.0,-1073217006.0,-2.0,0.0,41.0,-28.0,-147.0,9753.0
283,31353.0,44396.0,54300.0,50628.0,52209.0,31352.0,3.436363697052002,,,,,,,,-0.050094499183761756,0.04087968309850813,0.5,5.6967504024505615,,-1.605469482421875,0.07291267395019531,0.5744403686523437,,,,,,,,31350.0,-49.0,46.0,567.0,-1073217006.0,-1.0,0.0,40.0,-5.0,-138.0,9667.0
284,31363.0,44247.0,54451.0,50638.0,52163.0,31362.0,3.436363697052002,,,,,,,,-0.04970733409595831,0.040706364663133786,0.5,5.709670782089233,,-1.6060440673828125,0.07259147644042968,0.5747745971679687,,,,,,,,31360.0,-50.0,46.0,567.0,-536346094.0,-3.0,0.0,39.0,-32.0,-201.0,9748.0
285,31373.0,44028.0,54910.0,50924.0,51929.0,31372.0,3.4258065223693848,,,,,,,,-0.04931521193223171,0.04053512842474083,0.5,5.721965551376343,,-1.6062359619140625,0.07356656646728515,0.5750082397460937,,,,,,,,31370.0,-51.0,46.0,568.0,-1073217006.0,-4.0,0.0,40.0,-35.0,-75.0,9778.0
286,31383.0,44890.0,54256.0,50039.0,52595.0,31382.0,3.4310851097106934,,,,,,,,-0.04891719681794078,0.04036589204785362,0.5,5.734105825424194,,-1.606521484375,0.07372830200195313,0.5753313598632812,,,,,,,,31380.0,-51.0,46.0,568.0,-1073217006.0,-4.0,0.0,40.0,-50.0,-58.0,9715.0
287,31393.0,45129.0,54503.0,49953.0,52502.0,31392.0,3.4258065223693848,,,,,,,,-0.04851196665288372,0.04019853202232383,0.5,5.746224403381348,,-1.607111328125,0.07381792449951172,0.5759241943359374,,,,,,,,31390.0,-51.0,46.0,569.0,-1073741294.0,-4.0,0.0,40.0,66.0,24.0,9841.0
288,31403.0,45016.0,55473.0,49956.0,51272.0,31402.0,3.4258065223693848,,,,,,,,-0.048097926271857425,0.04003289533946814,0.5,5.75924825668335,,-1.607832275390625,0.07342536926269531,0.5761072387695313,,,,,,,,31400.0,-54.0,44.0,569.0,-1072692718.0,-9.0,-2.0,40.0,24.0,-113.0,9842.0
289,31413.0,45466.0,54580.0,49402.0,52417.0,31412.0,3.4258065223693848,,,,,,,,-0.04767334108763822,0.03986881338679371,0.5,5.771249532699585,,-1.6079722900390625,0.07434172821044922,0.576507568359375,,,,,,,,31410.0,-54.0,44.0,570.0,-1072691694.0,-9.0,-3.0,40.0,55.0,-174.0,9793.0
290,31423.0,45698.0,53924.0,49099.0,53214.0,31422.0,3.4258065223693848,,,,,,,,-0.047236471230915386,0.03970607805384463,0.5,5.783911466598511,,-1.60841162109375,0.07452989959716796,0.5768970947265625,,,,,,,,31420.0,-54.0,44.0,570.0,-1072691694.0,-8.0,-3.0,42.0,-51.0,-249.0,9860.0
291,31433.0,43970.0,55209.0,50539.0,51884.0,31432.0,3.420527935028076,,,,,,,,-0.046785701199688084,0.039544414030596296,0.5,5.796243190765381,,-1.6089615478515624,0.07476126861572266,0.5772822265625,,,,,,,,31430.0,-58.0,45.0,571.0,-1071643118.0,-15.0,-2.0,42.0,27.0,-125.0,9859.0
292,31443.0,45675.0,54247.0,48962.0,52864.0,31442.0,3.4258065223693848,,,,,,,,-0.04631965531162991,0.03938345625908869,0.5,5.809921503067017,,-1.609583740234375,0.0748539276123047,0.577694580078125,,,,,,,,31440.0,-58.0,45.0,571.0,-1071642094.0,-14.0,-3.0,43.0,47.0,-248.0,9802.0
293,31453.0,45060.0,54546.0,49394.0,52588.0,31452.0,3.4258065223693848,,,,,,,,-0.04583728956049563,0.0392227349882021,0.5,5.823700904846191,,-1.6095462646484375,0.07508760070800781,0.577982177734375,,,,,,,,31450.0,-57.0,45.0,572.0,-1071641070.0,-12.0,-2.0,42.0,176.0,-193.0,9633.0
294,31463.0,44796.0,54879.0,49507.0,52187.0,31462.0,3.4258065223693848,,,,,,,,-0.04533795273133505,0.039061669973306054,0.5,5.83585786819458,,-1.6097818603515626,0.07516846466064453,0.578225830078125,,,,,,,,31460.0,-58.0,45.0,572.0,-1070592494.0,-13.0,-3.0,43.0,84.0,-251.0,9730.0
295,31473.0,44633.0,54749.0,49628.0,52326.0,31472.0,3.4258065223693848,,,,,,,,-0.04482141242006536,0.03889957435690275,0.5,5.848723411560059,,-1.61020654296875,0.07534513092041016,0.5785537719726562,,,,,,,,31470.0,-57.0,44.0,573.0,-1070592494.0,-11.0,-5.0,43.0,64.0,-243.0,9858.0
296,31483.0,43724.0,54648.0,50208.0,52485.0,31482.0,3.4258065223693848,,,,,,,,-0.04428784469421161,0.03873566782590927,0.5,5.861631393432617,,-1.6106121826171875,0.07535321044921875,0.5789579467773438,,,,,,,,31480.0,-58.0,45.0,573.0,-1070591470.0,-12.0,-5.0,43.0,15.0,-162.0,9871.0
297,31493.0,44494.0,54824.0,49601.0,52228.0,31492.0,3.4258065223693848,,,,,,,,-0.04373778926206491,0.03856909788449208,0.5,5.8735668659210205,,-1.611016357421875,0.07566533660888672,0.5793696899414063,,,,,,,,31490.0,-59.0,45.0,574.0,-1071640046.0,-11.0,-5.0,43.0,15.0,-101.0,9816.0
298,31503.0,44248.0,54661.0,50001.0,52694.0,31502.0,3.4258065223693848,,,,,,,,-0.04317207493183481,0.038398967558382416,0.5,5.885458469390869,,-1.6113387451171874,0.0757956314086914,0.5797228393554688,,,,,,,,31500.0,-59.0,45.0,573.0,-1071640046.0,-10.0,-6.0,37.0,77.0,-99.0,9909.0
299,31513.0,44448.0,54576.0,49712.0,52527.0,31512.0,3.4310851097106934,,,,,,,,-0.042591722594493134,0.03822436755831843,0.5,5.8979785442352295,,-1.611887939453125,0.07602841949462891,0.5801678466796875,,,,,,,,31510.0,-59.0,45.0,573.0,-1071640045.0,-9.0,-6.0,38.0,109.0,-212.0,9993.0
300,31523.0,44432.0,54545.0,49849.0,52654.0,31522.0,3.4258065223693848,,,,,,,,-0.04199783473262464,0.03804441083076502,0.5,5.910483121871948,,-1.6122449951171876,0.07595826721191407,0.5806460571289063,,,,,,,,31520.0,-59.0,45.0,574.0,-1071640045.0,-8.0,-7.0,39.0,82.0,-153.0,9912.0
301,31533.0,44953.0,54037.0,49372.0,53226.0,31532.0,3.4258065223693848,,,,,,,,-0.041391481399656246,0.03785826744857926,0.5,5.922467470169067,,-1.61282373046875,0.07616915130615234,0.5811968383789062,,,,,,,,31530.0,-58.0,45.0,574.0,-1072688621.0,-4.0,-6.0,39.0,23.0,-151.0,9808.0
302,31543.0,45010.0,54813.0,49766.0,52521.0,31542.0,3.4258065223693848,,,,,,,,-0.04077359266763647,0.0376651978918618,0.5,5.9346702098846436,,-1.612787109375,0.07631605529785156,0.5813263549804687,,,,,,,,31540.0,-58.0,45.0,574.0,-1072688621.0,-3.0,-6.0,40.0,132.0,-119.0,9771.0
303,31553.0,44948.0,54466.0,49853.0,52887.0,31552.0,3.4258065223693848,,,,,,,,-0.040144866725496026,0.03746458291185741,0.5,5.94649076461792,,-1.613278076171875,0.07656764221191406,0.5817679443359375,,,,,,,,31550.0,-57.0,47.0,573.0,-1072688621.0,-1.0,-5.0,31.0,120.0,-108.0,9724.0
304,31563.0,45164.0,55118.0,49640.0,52132.0,31562.0,3.4258065223693848,,,,,,,,-0.03950570121798504,0.037255948354218846,0.5,5.959272623062134,,-1.61405615234375,0.0763843765258789,0.582160400390625,,,,,,,,31560.0,-57.0,46.0,573.0,-1072688621.0,0.0,-6.0,30.0,127.0,-161.0,9834.0
305,31573.0,44966.0,54886.0,49911.0,52594.0,31572.0,3.420527935028076,,,,,,,,-0.03885615320814838,0.03703898355635653,0.5,5.971394062042236,,-1.6140958251953126,0.07674858093261719,0.582560302734375,,,,,,,,31570.0,-57.0,46.0,574.0,-1071639021.0,1.0,-6.0,31.0,82.0,-326.0,9888.0
306,31583.0,44091.0,54910.0,50422.0,52369.0,31582.0,3.4258065223693848,,,,,,,,-0.0381959305322796,0.03681355225000729,0.5,5.9834229946136475,,-1.614160888671875,0.0769896240234375,0.5829114379882813,,,,,,,,31580.0,-57.0,46.0,574.0,-1071640045.0,2.0,-6.0,31.0,104.0,-221.0,9871.0
307,31593.0,44495.0,54879.0,50226.0,52508.0,31592.0,3.4258065223693848,,,,,,,,-0.037524414537893604,0.03657969531394797,0.5,5.995296478271484,,-1.6143662109375,0.07705744934082032,0.5831787109375,,,,,,,,31590.0,-57.0,46.0,574.0,-1071640045.0,3.0,-7.0,28.0,1.0,-177.0,9932.0
308,31603.0,44278.0,54944.0,50357.0,52386.0,31602.0,3.4258065223693848,,,,,,,,-0.036840711492449246,0.03633762523071576,0.5,6.008020877838135,,-1.6146290283203124,0.07716567993164063,0.5834420776367187,,,,,,,,31600.0,-57.0,46.0,574.0,-1071640045.0,4.0,-7.0,29.0,61.0,-118.0,9787.0
309,31613.0,42397.0,56006.0,51693.0,50892.0,31612.0,3.4258065223693848,,,,,,,,-0.03614372753148638,0.036087712703061915,0.5,6.020517587661743,,-1.6153095703125,0.0769559326171875,0.5838336791992188,,,,,,,,31610.0,-63.0,45.0,574.0,-1071641069.0,-4.0,-9.0,29.0,160.0,-146.0,9679.0
310,31623.0,42926.0,54823.0,51390.0,52524.0,31622.0,3.4258065223693848,,,,,,,,-0.0354322601110721,0.03583046651971887,0.5,6.032721519470215,,-1.6151304931640624,0.0773487548828125,0.5842017822265625,,,,,,,,31620.0,-63.0,46.0,575.0,-1071641069.0,-3.0,-7.0,28.0,85.0,-204.0,9815.0
311,31633.0,43566.0,54833.0,50580.0,52086.0,31632.0,3.4258065223693848,,,,,,,,-0.03470509768544357,0.035566508342336337,0.5,6.044814348220825,,-1.615421875,0.07747972869873047,0.5846561889648437,,,,,,,,31630.0,-63.0,46.0,577.0,-1072689645.0,-3.0,-8.0,38.0,-102.0,-121.0,9915.0
312,31643.0,43981.0,54637.0,50192.0,52296.0,31642.0,3.4258065223693848,,,,,,,,-0.03396111882945432,0.03529654453020746,0.5,6.057554721832275,,-1.6157218017578125,0.07758565521240235,0.5849918212890625,,,,,,,,31640.0,-63.0,46.0,577.0,-1072690669.0,-2.0,-8.0,39.0,-75.0,-134.0,9763.0
313,31653.0,44257.0,55114.0,50053.0,51596.0,31652.0,3.4258065223693848,,,,,,,,-0.03319938228541642,0.03502133734753295,0.5,6.069966077804565,,-1.6163004150390625,0.07708766937255859,0.5855814819335937,,,,,,,,31650.0,-64.0,44.0,578.0,-1072690669.0,-3.0,-12.0,38.0,13.0,-209.0,9700.0
314,31663.0,44791.0,54609.0,49724.0,52184.0,31662.0,3.4258065223693848,,,,,,,,-0.03241920038913542,0.034741677861078346,0.5,6.082281827926636,,-1.616177734375,0.07777266693115234,0.5857155151367187,,,,,,,,31660.0,-64.0,44.0,578.0,-1072690669.0,-3.0,-12.0,37.0,34.0,-94.0,9730.0
315,31673.0,44909.0,54546.0,49815.0,52509.0,31672.0,3.4258065223693848,,,,,,,,-0.031620189917805464,0.0344583625309979,0.5,6.0942487716674805,,-1.616307373046875,0.07786173248291016,0.5861453247070313,,,,,,,,31670.0,-64.0,44.0,578.0,-1072690670.0,-2.0,-13.0,37.0,26.0,-196.0,9836.0
316,31683.0,44996.0,54597.0,49782.0,52393.0,31682.0,3.4258065223693848,,,,,,,,-0.03080229645517624,0.03417217496835678,0.5,6.106408596038818,,-1.6164554443359376,0.07793292999267579,0.586400390625,,,,,,,,31680.0,-64.0,44.0,578.0,-1072690670.0,-2.0,-13.0,31.0,39.0,-196.0,9819.0
317,31693.0,45485.0,53650.0,49349.0,53436.0,31692.0,3.4258065223693848,,,,,,,,-0.02996579070652683,0.0338838736602023,0.5,6.119156360626221,,-1.6166949462890625,0.07783438873291015,0.58681494140625,,,,,,,,31690.0,-61.0,45.0,578.0,-1072689646.0,3.0,-10.0,31.0,58.0,-93.0,9833.0
318,31703.0,44636.0,54237.0,50013.0,52806.0,31702.0,3.4258065223693848,,,,,,,,-0.029111237618569902,0.03359418574596268,0.5,6.131690263748169,,-1.6171572265625,0.07793162536621094,0.5872775268554687,,,,,,,,31700.0,-61.0,45.0,578.0,-1072689646.0,4.0,-11.0,31.0,87.0,-22.0,9748.0
319,31713.0,45122.0,54170.0,49612.0,52886.0,31712.0,3.4258065223693848,,,,,,,,-0.028239441466550646,0.03330380626254372,0.5,6.144069671630859,,-1.6171959228515624,0.07825338745117187,0.5874733276367188,,,,,,,,31710.0,-60.0,44.0,578.0,-1073737198.0,7.0,-12.0,30.0,62.0,-47.0,9718.0
320,31723.0,44747.0,54250.0,50005.0,52877.0,31722.0,3.4258065223693848,,,,,,,,-0.027351372068433338,0.033013401731641634,0.5,6.156798601150513,,-1.6173538818359374,0.07831382751464844,0.5877384033203125,,,,,,,,31720.0,-60.0,44.0,578.0,-1073737198.0,8.0,-12.0,28.0,12.0,-165.0,9828.0
321,31733.0,44181.0,54292.0,50446.0,52811.0,31732.0,3.4258065223693848,,,,,,,,-0.02644807879985856,0.03272361658797064,0.5,6.169171094894409,,-1.617880615234375,0.07841468048095702,0.588319091796875,,,,,,,,31730.0,-60.0,44.0,579.0,-1073737198.0,9.0,-12.0,27.0,64.0,-116.0,9837.0
322,31743.0,44755.0,54485.0,49920.0,52597.0,31742.0,3.4258065223693848,,,,,,,,-0.025530599985365582,0.03243508076195528,0.5,6.181320667266846,,-1.6178961181640625,0.07826914978027344,0.588716796875,,,,,,,,31740.0,-60.0,44.0,579.0,-536866286.0,10.0,-12.0,28.0,11.0,-121.0,9837.0
323,31753.0,44832.0,54826.0,49929.0,52070.0,31752.0,3.4258065223693848,,,,,,,,-0.024599875462305035,0.032148416730648846,0.5,6.193286418914795,,-1.6178695068359374,0.07854496765136719,0.5889467163085937,,,,,,,,31750.0,-60.0,44.0,579.0,-536866286.0,11.0,-12.0,28.0,50.0,-101.0,9716.0
324,31763.0,44014.0,54865.0,50409.0,51961.0,31762.0,3.4258065223693848,,,,,,,,-0.023656669696436622,0.03186424450609798,0.5,6.205355167388916,,-1.61799658203125,0.07861737823486328,0.5891533813476563,,,,,,,,31760.0,-60.0,44.0,580.0,-536866286.0,12.0,-12.0,31.0,95.0,-215.0,9854.0
325,31773.0,39066.0,56435.0,53620.0,49443.0,31772.0,3.4258065223693848,,,,,,,,-0.022701511546024226,0.03158318335667286,0.5,6.217744588851929,,-1.61842822265625,0.07860073852539062,0.589726318359375,,,,,,,,31770.0,-71.0,45.0,580.0,-536867311.0,-6.0,-9.0,31.0,47.0,-181.0,9822.0
326,31783.0,42504.0,54907.0,51658.0,51697.0,31782.0,3.4258065223693848,,,,,,,,-0.021734647922403975,0.03130579984347559,0.5,6.230558156967163,,-1.6187403564453124,0.07822784423828125,0.5899474487304688,,,,,,,,31780.0,-71.0,46.0,581.0,-535819759.0,-6.0,-8.0,30.0,35.0,-206.0,9746.0
327,31793.0,42661.0,55165.0,51564.0,51349.0,31792.0,3.4258065223693848,,,,,,,,-0.020756023023540453,0.031032559690545226,0.5,6.242426872253418,,-1.618428466796875,0.07895294189453125,0.5901871337890625,,,,,,,,31790.0,-72.0,45.0,581.0,-535819759.0,-6.0,-9.0,30.0,156.0,-69.0,9705.0
328,31803.0,43256.0,54731.0,50874.0,51369.0,31802.0,3.4310851097106934,,,,,,,,-0.01976528453714045,0.03076378979149539,0.5,6.2545998096466064,,-1.6185902099609375,0.07909564208984375,0.590381591796875,,,,,,,,31800.0,-72.0,46.0,582.0,-535819759.0,-6.0,-7.0,36.0,63.0,-10.0,9824.0
329,31813.0,43192.0,54580.0,50910.0,51522.0,31812.0,3.4310851097106934,,,,,,,,-0.018761815490585178,0.030499653347464087,0.5,6.266404390335083,,-1.61876611328125,0.07899810791015625,0.590838134765625,,,,,,,,31810.0,-72.0,46.0,583.0,-535820783.0,-5.0,-7.0,36.0,-36.0,-17.0,9808.0
330,31823.0,43684.0,54205.0,50520.0,51985.0,31822.0,3.4310851097106934,,,,,,,,-0.01774478824166309,0.030240139910720765,0.5,6.279093027114868,,-1.619042724609375,0.07877260589599609,0.5910831298828125,,,,,,,,31820.0,-72.0,46.0,583.0,-535820783.0,-5.0,-7.0,35.0,28.0,-59.0,9789.0
331,31833.0,44335.0,54049.0,49985.0,52167.0,31832.0,3.4310851097106934,,,,,,,,-0.01671323528105334,0.029985070765352527,0.5,6.291643142700195,,-1.6186544189453125,0.07936425018310547,0.5914276733398437,,,,,,,,31830.0,-71.0,45.0,584.0,-535820784.0,-2.0,-8.0,35.0,21.0,15.0,9862.0
332,31843.0,43919.0,54015.0,50249.0,52165.0,31842.0,3.4310851097106934,,,,,,,,-0.015666130230866097,0.02973411872717012,0.5,6.303944110870361,,-1.61869287109375,0.07941474151611329,0.591628662109375,,,,,,,,31840.0,-71.0,46.0,584.0,-535819760.0,-1.0,-6.0,36.0,26.0,-109.0,9910.0
333,31853.0,45194.0,53634.0,49011.0,52454.0,31852.0,3.4310851097106934,,,,,,,,-0.014602471723175948,0.029486840226783606,0.5,6.315904378890991,,-1.618716552734375,0.07958877563476563,0.5919183959960937,,,,,,,,31850.0,-71.0,45.0,585.0,-535819760.0,-1.0,-6.0,40.0,74.0,-67.0,9708.0
334,31863.0,44853.0,53948.0,49213.0,52161.0,31862.0,3.4310851097106934,,,,,,,,-0.013521361263614827,0.029242705318125697,0.5,6.328922271728516,,-1.619278076171875,0.07968759918212891,0.5922439575195313,,,,,,,,31860.0,-71.0,45.0,585.0,-535819760.0,0.0,-6.0,39.0,82.0,-184.0,9717.0
335,31873.0,44600.0,54146.0,49415.0,51962.0,31872.0,3.4310851097106934,,,,,,,,-0.012422065507621212,0.029001096132308734,0.5,6.341271638870239,,-1.6190023193359375,0.07984893798828124,0.5924221801757813,,,,,,,,31870.0,-71.0,45.0,586.0,-535818736.0,0.0,-5.0,38.0,146.0,-52.0,9557.0
336,31883.0,44984.0,54101.0,49059.0,52118.0,31882.0,3.4310851097106934,,,,,,,,-0.01130406241082152,0.02876130931800021,0.5,6.353402137756348,,-1.6191322021484376,0.07995824432373047,0.5926259765625,,,,,,,,31880.0,-71.0,45.0,586.0,-535817712.0,0.0,-5.0,36.0,40.0,-122.0,9600.0
337,31893.0,45262.0,54536.0,48743.0,51630.0,31892.0,3.4310851097106934,,,,,,,,-0.010167067808928988,0.02852256278273008,0.5,6.365496873855591,,-1.6190673828125,0.08005665588378906,0.59288525390625,,,,,,,,31890.0,-71.0,45.0,587.0,-535816689.0,1.0,-5.0,35.0,132.0,-81.0,9720.0
338,31903.0,44587.0,54724.0,49263.0,51418.0,31902.0,3.4310851097106934,,,,,,,,-0.00901104076271493,0.028284006719536365,0.5,6.378496885299683,,-1.619171630859375,0.08003993225097657,0.5932657470703125,,,,,,,,31900.0,-81.0,36.0,587.0,-1073736177.0,-15.0,-21.0,34.0,125.0,-43.0,9762.0
339,31913.0,43759.0,54797.0,49829.0,51408.0,31912.0,3.4310851097106934,,,,,,,,-0.007836167875151949,0.028044738597756125,0.5,6.390865325927734,,-1.6190003662109376,0.08024639129638672,0.5933292236328125,,,,,,,,31910.0,-81.0,36.0,587.0,-1072687601.0,-14.0,-20.0,34.0,110.0,-96.0,9782.0
340,31923.0,43947.0,54830.0,49644.0,51403.0,31922.0,3.4310851097106934,,,,,,,,-0.006642828589874743,0.027803821538641926,0.5,6.402985572814941,,-1.61900732421875,0.0803189926147461,0.5934619750976563,,,,,,,,31920.0,-81.0,36.0,588.0,-1072686577.0,-12.0,-20.0,33.0,-25.0,-105.0,9745.0
341,31933.0,43884.0,54646.0,50113.0,51979.0,31932.0,3.4310851097106934,,,,,,,,-0.005431545060956229,0.02756030529868433,0.5,6.415298938751221,,-1.61896142578125,0.08047797393798828,0.5936932373046875,,,,,,,,31930.0,-82.0,37.0,586.0,-1072686577.0,-11.0,-18.0,22.0,136.0,-70.0,9826.0
342,31943.0,43195.0,54594.0,50675.0,51958.0,31942.0,3.4310851097106934,,,,,,,,-0.004202921412759186,0.027313248950242855,0.5,6.430687665939331,,-1.6190740966796875,0.0803855972290039,0.5940746459960937,,,,,,,,31940.0,-82.0,37.0,586.0,-1072686577.0,-10.0,-18.0,23.0,125.0,-172.0,9787.0
343,31953.0,43680.0,54391.0,50399.0,52131.0,31952.0,3.4310851097106934,,,,,,,,-0.002957577988047057,0.027061744277455453,0.5,6.442751169204712,,-1.6191473388671875,0.08053288269042969,0.5942838745117187,,,,,,,,31950.0,-82.0,37.0,587.0,-1073735153.0,-8.0,-19.0,22.0,169.0,-75.0,9616.0
344,31963.0,44410.0,54218.0,49887.0,52359.0,31962.0,3.4310851097106934,,,,,,,,-0.0016960864575924703,0.026804938889357702,0.5,6.454945802688599,,-1.6190203857421874,0.08089619445800782,0.594345458984375,,,,,,,,31960.0,-82.0,37.0,587.0,-1073735153.0,-7.0,-19.0,20.0,139.0,-77.0,9676.0
345,31973.0,43360.0,53775.0,50672.0,52862.0,31972.0,3.4258065223693848,,,,,,,,-0.00041891142555416233,0.026542058085356673,0.5,6.467994689941406,,-1.618826416015625,0.0810303955078125,0.5944466552734375,,,,,,,,31970.0,-77.0,38.0,587.0,-536863217.0,2.0,-16.0,19.0,190.0,-88.0,9620.0
346,31983.0,44135.0,53904.0,50122.0,52735.0,31982.0,3.4258065223693848,,,,,,,,0.0008736365530353576,0.026272424585384545,0.5,6.480713367462158,,-1.6189716796875,0.08099565887451173,0.59463330078125,,,,,,,,31980.0,-79.0,38.0,588.0,-535814641.0,2.0,-15.0,22.0,191.0,-71.0,9684.0
347,31993.0,44005.0,54028.0,50358.0,52479.0,31992.0,3.4258065223693848,,,,,,,,0.002181432747765756,0.025995475354204472,0.5,6.492971658706665,,-1.61879638671875,0.08109722900390624,0.5948883056640625,,,,,,,,31990.0,-79.0,38.0,588.0,-534765041.0,4.0,-14.0,22.0,131.0,-54.0,9810.0
348,32003.0,43961.0,54326.0,50367.0,52164.0,32002.0,3.4258065223693848,,,,,,,,0.003504552443251284,0.025710774903090625,0.5,6.505419969558716,,-1.6184072265625,0.08144833374023437,0.5946847534179688,,,,,,,,32000.0,-78.0,39.0,589.0,-534765041.0,7.0,-13.0,21.0,179.0,-181.0,9626.0
349,32013.0,43387.0,54406.0,50835.0,52102.0,32012.0,3.4258065223693848,,,,,,,,0.004843266748087945,0.025418024638386168,0.5,6.517520427703857,,-1.6181607666015625,0.08157797241210937,0.5947619018554687,,,,,,,,32010.0,-78.0,39.0,589.0,-534765041.0,9.0,-13.0,19.0,219.0,-87.0,9687.0
350,32023.0,43214.0,54406.0,50735.0,51947.0,32022.0,3.4258065223693848,,,,,,,,0.006198020831820424,0.025117068038561948,0.5,6.530815362930298,,-1.6179525146484375,0.0816214141845703,0.5948523559570312,,,,,,,,32020.0,-78.0,38.0,590.0,-533716465.0,11.0,-12.0,23.0,228.0,-23.0,9727.0
351,32033.0,43840.0,54657.0,50157.0,51441.0,32032.0,3.4310851097106934,,,,,,,,0.007569396892468223,0.02480789166904423,0.5,6.543050765991211,,-1.617968017578125,0.08111729431152344,0.5951263427734375,,,,,,,,32030.0,-78.0,38.0,590.0,-533716465.0,14.0,-11.0,22.0,257.0,14.0,9779.0
352,32043.0,43676.0,54559.0,50285.0,51583.0,32042.0,3.4310851097106934,,,,,,,,0.008958065414617349,0.024490622275521325,0.5,6.555319309234619,,-1.6173133544921876,0.08180978393554687,0.5948978271484375,,,,,,,,32040.0,-79.0,35.0,590.0,-533716466.0,13.0,-16.0,21.0,5.0,-105.0,9749.0
353,32053.0,43533.0,54731.0,50355.0,51388.0,32052.0,3.4310851097106934,,,,,,,,0.010364729195184684,0.024165520413643927,0.5,6.56801700592041,,-1.6169508056640625,0.08198253631591797,0.5949351196289062,,,,,,,,32050.0,-79.0,35.0,591.0,-533717490.0,15.0,-15.0,21.0,104.0,-94.0,9798.0
354,32063.0,44514.0,54746.0,50119.0,51589.0,32062.0,3.4310851097106934,,,,,,,,0.011790065120563915,0.023832971253170937,0.5,6.580752372741699,,-1.616745361328125,0.08210711669921875,0.5948834838867187,,,,,,,,32060.0,-78.0,35.0,589.0,-533717490.0,18.0,-14.0,11.0,234.0,60.0,9637.0
355,32073.0,44777.0,54676.0,50014.0,51681.0,32072.0,3.4310851097106934,,,,,,,,0.013234668744462184,0.02349347331791913,0.5,6.5929625034332275,,-1.6168365478515625,0.08181539916992188,0.5949420166015625,,,,,,,,32070.0,-78.0,35.0,589.0,-533717490.0,20.0,-13.0,9.0,112.0,-100.0,9650.0
356,32083.0,44161.0,54653.0,50545.0,51762.0,32082.0,3.4310851097106934,,,,,,,,0.01469900634816191,0.023147625974541935,0.5,6.605143070220947,,-1.6161182861328125,0.08250455474853516,0.5948934326171875,,,,,,,,32080.0,-77.0,36.0,589.0,-533717490.0,23.0,-11.0,7.0,100.0,-7.0,9549.0
357,32093.0,44258.0,54640.0,50672.0,51993.0,32092.0,3.4258065223693848,,,,,,,,0.016183378408543066,0.022796116456014707,0.5,6.6188414096832275,,-1.6157310791015624,0.08271926879882813,0.594848388671875,,,,,,,,32090.0,-77.0,36.0,589.0,-534766066.0,24.0,-10.0,5.0,129.0,-157.0,9747.0
358,32103.0,44260.0,54587.0,51544.0,52755.0,32102.0,3.4258065223693848,,,,,,,,0.017687897329825793,0.02243970710238087,0.5,6.631482124328613,,-1.6154525146484375,0.08288135528564453,0.5948194580078126,,,,,,,,32100.0,-77.0,36.0,586.0,-534766066.0,27.0,-9.0,-15.0,128.0,-42.0,9693.0
359,32113.0,44909.0,54641.0,51075.0,52790.0,32112.0,3.4258065223693848,,,,,,,,0.019212481012295328,0.02207922333458692,0.5,6.643670082092285,,-1.61512109375,0.08278810882568359,0.5949520263671875,,,,,,,,32110.0,-76.0,36.0,586.0,-534766067.0,28.0,-9.0,-17.0,79.0,-17.0,9634.0
360,32123.0,43924.0,54949.0,52004.0,52681.0,32122.0,3.420527935028076,,,,,,,,0.02075686244935771,0.021715542668182666,0.5,6.655771970748901,,-1.6146063232421874,0.08310494232177734,0.5951290893554687,,,,,,,,32120.0,-76.0,36.0,586.0,-533718515.0,30.0,-8.0,-19.0,113.0,-33.0,9606.0
361,32133.0,44432.0,54829.0,51755.0,53156.0,32132.0,3.4152493476867676,,,,,,,,0.02232061418218951,0.02134958484802592,0.5,6.668500661849976,,-1.613841064453125,0.0833823471069336,0.5947999877929687,,,,,,,,32130.0,-76.0,38.0,585.0,-533718515.0,32.0,-2.0,-21.0,85.0,14.0,9810.0
362,32143.0,44153.0,55073.0,52019.0,52821.0,32142.0,3.4152493476867676,,,,,,,,0.023903185214025464,0.020982302969472122,0.5,6.681097984313965,,-1.613322021484375,0.08347721862792969,0.5947779541015625,,,,,,,,32140.0,-75.0,38.0,585.0,-533718515.0,34.0,-1.0,-21.0,79.0,-83.0,9871.0
363,32153.0,43845.0,54997.0,52520.0,53074.0,32152.0,3.4152493476867676,,,,,,,,0.025503946995367198,0.02061467527020885,0.5,6.6935670375823975,,-1.6128912353515625,0.08360548400878906,0.5948064575195312,,,,,,,,32150.0,-75.0,38.0,584.0,-532669939.0,36.0,-1.0,-27.0,102.0,-136.0,9824.0
364,32163.0,44685.0,55130.0,52088.0,53152.0,32162.0,3.409970760345459,,,,,,,,0.02712224441612348,0.020247697149258382,0.5,6.705906867980957,,-1.6126483154296876,0.08376615905761718,0.5949190673828125,,,,,,,,32160.0,-77.0,39.0,584.0,-532670963.0,32.0,1.0,-27.0,255.0,-56.0,9777.0
365,32173.0,44372.0,55566.0,52413.0,52570.0,32172.0,3.409970760345459,,,,,,,,0.028757447430745438,0.019882372907955335,0.5,6.71869158744812,,-1.6117662353515625,0.08418849945068359,0.5945780639648437,,,,,,,,32170.0,-76.0,39.0,583.0,-532670963.0,35.0,2.0,-28.0,114.0,15.0,9857.0
366,32183.0,44667.0,55625.0,52273.0,52461.0,32182.0,3.409970760345459,,,,,,,,0.03040899901476255,0.01951970671628693,0.5,6.731206655502319,,-1.6113515625,0.08438694763183593,0.5946249389648437,,,,,,,,32180.0,-77.0,39.0,583.0,-531623412.0,34.0,4.0,-28.0,85.0,40.0,9726.0
367,32193.0,44480.0,55510.0,51961.0,52264.0,32192.0,3.409970760345459,,,,,,,,0.03207645550036204,0.019160692365160114,0.5,6.743558645248413,,-1.610849853515625,0.08445953369140625,0.5947723388671875,,,,,,,,32190.0,-76.0,39.0,585.0,-531623412.0,36.0,5.0,-17.0,104.0,95.0,9813.0
368,32203.0,44788.0,55314.0,51659.0,52607.0,32202.0,3.409970760345459,,,,,,,,0.03375951640687835,0.018806301549640792,0.5,6.756032228469849,,-1.6106260986328125,0.08430510711669922,0.5948677978515625,,,,,,,,32200.0,-77.0,39.0,585.0,-532673012.0,35.0,5.0,-16.0,69.0,74.0,9826.0
369,32213.0,45013.0,55600.0,51562.0,52524.0,32212.0,3.4046921730041504,,,,,,,,0.03545804776483238,0.018457412751754068,0.5,6.769029140472412,,-1.6097132568359376,0.08520303344726562,0.5944991455078125,,,,,,,,32210.0,-76.0,39.0,585.0,-532673012.0,36.0,6.0,-17.0,19.0,86.0,9799.0
370,32223.0,45382.0,55530.0,51138.0,52474.0,32222.0,3.409970760345459,,,,,,,,0.0371720916916445,0.018114736799630896,0.5,6.781627178192139,,-1.609270263671875,0.08538349914550782,0.5945162963867188,,,,,,,,32220.0,-76.0,39.0,584.0,-532673012.0,37.0,6.0,-17.0,37.0,-45.0,9810.0
371,32233.0,44981.0,55584.0,51040.0,52259.0,32232.0,3.4046921730041504,,,,,,,,0.038901860326425904,0.017778759126348985,0.5,6.793665885925293,,-1.6087861328125,0.08558333587646484,0.5945125122070313,,,,,,,,32230.0,-76.0,39.0,586.0,-533722612.0,37.0,8.0,-5.0,28.0,-67.0,9787.0
372,32243.0,44786.0,55469.0,51091.0,51861.0,32242.0,3.4152493476867676,,,,,,,,0.04064771510625775,0.01744970324116614,0.5,6.806074142456055,,-1.6084229736328124,0.08548541259765625,0.5945009155273437,,,,,,,,32240.0,-76.0,39.0,586.0,-533722612.0,37.0,9.0,-5.0,72.0,-62.0,9910.0
373,32253.0,45701.0,55172.0,50361.0,52239.0,32252.0,3.4152493476867676,,,,,,,,0.04241013360673775,0.01712751795710658,0.5,6.818678140640259,,-1.607736083984375,0.0863017578125,0.5943546752929687,,,,,,,,32250.0,-76.0,39.0,586.0,-534771188.0,38.0,10.0,-4.0,25.0,-82.0,9827.0
374,32263.0,45439.0,54847.0,50628.0,52625.0,32262.0,3.4152493476867676,,,,,,,,0.04418966718165187,0.016811888790543062,0.5,6.830888032913208,,-1.6068603515625,0.08655937957763672,0.5943809814453125,,,,,,,,32260.0,-74.0,39.0,586.0,-534770164.0,41.0,10.0,-5.0,-44.0,-123.0,9790.0
375,32273.0,44732.0,54869.0,51255.0,52545.0,32272.0,3.4152493476867676,,,,,,,,0.045986893343525535,0.01650227184404854,0.5,6.842944860458374,,-1.606101806640625,0.08685533905029297,0.5943876953125,,,,,,,,32270.0,-73.0,40.0,586.0,-535818740.0,41.0,12.0,-5.0,96.0,-70.0,9844.0
376,32283.0,43510.0,54930.0,51806.0,52388.0,32282.0,3.420527935028076,,,,,,,,0.047802367049289286,0.016197946547880183,0.5,6.855565071105957,,-1.6057569580078126,0.08702498626708985,0.5945824584960937,,,,,,,,32280.0,-73.0,40.0,586.0,-535818740.0,42.0,12.0,-4.0,-29.0,-70.0,9807.0
377,32293.0,43967.0,54701.0,51469.0,52973.0,32292.0,3.4152493476867676,,,,,,,,0.049636575492560835,0.015898082241015965,0.5,6.868509531021118,,-1.6051357421875,0.08712171936035157,0.5945284423828125,,,,,,,,32290.0,-73.0,40.0,586.0,-535818741.0,43.0,13.0,-4.0,-83.0,-137.0,9859.0
378,32303.0,43875.0,55051.0,51462.0,52897.0,32302.0,3.409970760345459,,,,,,,,0.05148990467707227,0.015601758566972646,0.5,6.8810834884643555,,-1.6042139892578124,0.08765303039550781,0.5944017944335938,,,,,,,,32300.0,-72.0,40.0,586.0,-535818741.0,43.0,12.0,-3.0,-38.0,-163.0,9905.0
379,32313.0,44040.0,55206.0,51142.0,52833.0,32312.0,3.409970760345459,,,,,,,,0.05336261681213023,0.015307976493129198,0.5,6.89310622215271,,-1.60349072265625,0.0881147232055664,0.5943309936523438,,,,,,,,32310.0,-72.0,40.0,586.0,-535818740.0,44.0,12.0,-2.0,-49.0,-44.0,9903.0
380,32323.0,44532.0,55060.0,50247.0,52602.0,32322.0,3.409970760345459,,,,,,,,0.05525483906697371,0.015015671964386947,0.5,6.905363321304321,,-1.6032615966796875,0.08829730224609375,0.5944196166992187,,,,,,,,32320.0,-70.0,40.0,588.0,-535818740.0,48.0,11.0,9.0,50.0,126.0,10056.0
381,32333.0,44816.0,54988.0,49760.0,52791.0,32332.0,3.409970760345459,,,,,,,,0.05716656426351612,0.014723732010019804,0.5,6.919103622436523,,-1.602125,0.08866030883789063,0.594442138671875,,,,,,,,32330.0,-69.0,40.0,588.0,-536867316.0,49.0,12.0,11.0,48.0,-48.0,9971.0
382,32343.0,45214.0,55084.0,49458.0,52554.0,32342.0,3.409970760345459,,,,,,,,0.05909766304522653,0.014431012992847127,0.5,6.931763410568237,,-1.601753662109375,0.08894243621826171,0.5944989624023438,,,,,,,,32340.0,-69.0,40.0,588.0,-536867316.0,49.0,12.0,12.0,-22.0,-167.0,9912.0
383,32353.0,45774.0,55423.0,48879.0,52128.0,32352.0,3.409970760345459,,,,,,,,0.061047906086898106,0.014136360579265348,0.5,6.9441304206848145,,-1.6007779541015625,0.08918417358398438,0.5945572509765625,,,,,,,,32350.0,-69.0,37.0,589.0,-1072689652.0,50.0,6.0,13.0,-13.0,-259.0,9932.0
384,32363.0,46064.0,55261.0,48590.0,52467.0,32362.0,3.409970760345459,,,,,,,,0.06301699408725628,0.013838630921328036,0.5,6.95720362663269,,-1.6006094970703124,0.08930912017822265,0.5945704345703124,,,,,,,,32360.0,-68.0,38.0,588.0,-1072689652.0,51.0,7.0,12.0,83.0,-64.0,9967.0
385,32373.0,45835.0,55339.0,48460.0,52204.0,32372.0,3.4152493476867676,,,,,,,,0.06500459268035882,0.013536712480251442,0.5,6.970515727996826,,-1.5996536865234374,0.08976352691650391,0.5949693603515624,,,,,,,,32370.0,-68.0,38.0,588.0,-1071640051.0,51.0,7.0,14.0,62.0,-128.0,9948.0
386,32383.0,45222.0,55512.0,48776.0,52041.0,32382.0,3.4152493476867676,,,,,,,,0.06701036905870317,0.013229547885245226,0.5,6.9828269481658936,,-1.598896484375,0.09000042724609375,0.5948639526367188,,,,,,,,32380.0,-67.0,39.0,588.0,-1070591475.0,53.0,8.0,15.0,-80.0,-232.0,9945.0
387,32393.0,44702.0,55237.0,49071.0,52448.0,32392.0,3.4152493476867676,,,,,,,,0.06903402704315781,0.012916155212260041,0.5,6.994961261749268,,-1.5982603759765626,0.09019342041015625,0.5949940795898437,,,,,,,,32390.0,-66.0,40.0,589.0,-1069542899.0,54.0,8.0,16.0,-6.0,-182.0,9841.0
388,32403.0,44355.0,55346.0,49314.0,52286.0,32402.0,3.4152493476867676,,,,,,,,0.0710753375593719,0.012595648083328047,0.5,7.007812738418579,,-1.597677734375,0.0902708511352539,0.5952673950195313,,,,,,,,32400.0,-66.0,40.0,589.0,-1069542899.0,55.0,8.0,17.0,48.0,-251.0,9838.0
389,32413.0,44256.0,54976.0,49248.0,52439.0,32412.0,3.420527935028076,,,,,,,,0.07313416196005854,0.012267254027415887,0.5,7.020217657089233,,-1.5970855712890626,0.09064244842529297,0.59548876953125,,,,,,,,32410.0,-65.0,42.0,589.0,-1068493298.0,57.0,10.0,19.0,-23.0,-299.0,9891.0
390,32423.0,44127.0,54780.0,49379.0,52591.0,32422.0,3.420527935028076,,,,,,,,0.07521046631917366,0.011930330606399482,0.5,7.0347301959991455,,-1.595983154296875,0.09089949798583985,0.5953287963867188,,,,,,,,32420.0,-65.0,42.0,589.0,-1068493298.0,57.0,8.0,19.0,-31.0,-258.0,9887.0
391,32433.0,44210.0,54749.0,49316.0,52559.0,32432.0,3.420527935028076,,,,,,,,0.07730432565280801,0.011584378892552816,0.5,7.047463655471802,,-1.5951539306640625,0.09120252990722656,0.5954042358398437,,,,,,,,32430.0,-64.0,42.0,590.0,-1068493298.0,60.0,6.0,20.0,-38.0,-334.0,9883.0
392,32443.0,43688.0,54863.0,49698.0,52386.0,32442.0,3.420527935028076,,,,,,,,0.07941591791753394,0.01122905398357641,0.5,7.0609517097473145,,-1.59463818359375,0.09143738555908203,0.5954798583984375,,,,,,,,32440.0,-63.0,42.0,590.0,-1068494322.0,61.0,5.0,20.0,50.0,-236.0,9812.0
393,32453.0,44094.0,54847.0,49880.0,52582.0,32452.0,3.420527935028076,,,,,,,,0.08154550852139206,0.01086417235325813,0.5,7.073199987411499,,-1.594076416015625,0.09140287017822266,0.5957766723632812,,,,,,,,32450.0,-64.0,43.0,588.0,-1068494321.0,58.0,6.0,12.0,10.0,-258.0,9882.0
394,32463.0,43436.0,54764.0,50297.0,52404.0,32462.0,3.4258065223693848,,,,,,,,0.08369342688037451,0.010489715954525719,0.5,7.085255861282349,,-1.592894775390625,0.0917164306640625,0.5959620971679688,,,,,,,,32460.0,-64.0,43.0,588.0,-1068494321.0,60.0,5.0,13.0,32.0,-154.0,9729.0
395,32473.0,43789.0,54988.0,50218.0,52256.0,32472.0,3.420527935028076,,,,,,,,0.0858600371988659,0.01010583310981314,0.5,7.097909450531006,,-1.5920919189453124,0.09193667602539063,0.5961022338867188,,,,,,,,32470.0,-63.0,44.0,589.0,-1068495345.0,61.0,4.0,12.0,9.0,-270.0,9761.0
396,32483.0,42697.0,55137.0,51027.0,52054.0,32482.0,3.420527935028076,,,,,,,,0.08804570609584433,0.009712836334123294,0.5,7.110761642456055,,-1.591430908203125,0.09197621917724609,0.5962300415039062,,,,,,,,32480.0,-63.0,43.0,589.0,-1068495345.0,60.0,2.0,12.0,-16.0,-253.0,9853.0
397,32493.0,42539.0,54731.0,50847.0,52099.0,32492.0,3.4258065223693848,,,,,,,,0.0902507699069284,0.009311197331285645,0.5,7.123109817504883,,-1.5907547607421875,0.09157830810546876,0.5964965209960937,,,,,,,,32490.0,-63.0,43.0,590.0,-1069544945.0,61.0,1.0,17.0,-61.0,-126.0,9891.0
398,32503.0,43011.0,54756.0,50500.0,51999.0,32502.0,3.4258065223693848,,,,,,,,0.09247550445401748,0.00890153947528416,0.5,7.135432481765747,,-1.58977490234375,0.09224799346923829,0.5963375854492188,,,,,,,,32500.0,-62.0,44.0,590.0,-1069544945.0,61.0,0.0,18.0,-19.0,-119.0,9846.0
399,32513.0,43103.0,54584.0,50428.0,52167.0,32512.0,3.4258065223693848,,,,,,,,0.09472009980020205,0.00848462813034797,0.5,7.148327112197876,,-1.588711181640625,0.09234342193603516,0.596520263671875,,,,,,,,32510.0,-62.0,44.0,590.0,-1069545970.0,61.0,0.0,18.0,42.0,-219.0,9714.0
400,32523.0,43353.0,54841.0,50276.0,51814.0,32522.0,3.4258065223693848,,,,,,,,0.0969846420282067,0.00806135917346388,0.5,7.160971403121948,,-1.588179443359375,0.09248969268798828,0.5966491088867187,,,,,,,,32520.0,-61.0,44.0,590.0,-1069545970.0,62.0,-1.0,18.0,5.0,-240.0,9944.0
401,32533.0,43219.0,54526.0,50118.0,51928.0,32532.0,3.4258065223693848,,,,,,,,0.09926910344245271,0.00763274606228273,0.5,7.1733238697052,,-1.58739306640625,0.0922863540649414,0.5967546997070312,,,,,,,,32530.0,-61.0,45.0,592.0,-1070594546.0,61.0,0.0,24.0,-17.0,-177.0,9802.0
402,32543.0,44244.0,54627.0,49313.0,51780.0,32542.0,3.4258065223693848,,,,,,,,0.10157334185636266,0.007199905744775872,0.5,7.185552597045898,,-1.5865316162109375,0.09241909790039063,0.5969453735351562,,,,,,,,32540.0,-59.0,44.0,592.0,-1070594546.0,64.0,-1.0,24.0,-173.0,-248.0,9771.0
403,32553.0,44044.0,54421.0,49510.0,51957.0,32552.0,3.4258065223693848,,,,,,,,0.10389710885291015,0.006764043642256107,0.5,7.198397874832153,,-1.5858087158203125,0.09268911743164063,0.59696337890625,,,,,,,,32550.0,-59.0,44.0,592.0,-1070595570.0,62.0,-3.0,24.0,-114.0,-107.0,9809.0
404,32563.0,44762.0,54559.0,48886.0,51792.0,32562.0,3.4258065223693848,,,,,,,,0.10624006616382181,0.006326437864431517,0.5,7.210841178894043,,-1.585084228515625,0.09280664825439452,0.5971226196289062,,,,,,,,32560.0,-57.0,44.0,592.0,-1069545970.0,65.0,-4.0,23.0,-32.0,-64.0,9735.0
405,32573.0,43928.0,54550.0,49533.0,51833.0,32572.0,3.4258065223693848,,,,,,,,0.10860180866291153,0.005888422744769514,0.5,7.22326397895813,,-1.5845057373046876,0.09257235717773438,0.5971477661132812,,,,,,,,32570.0,-58.0,44.0,593.0,-1069545970.0,63.0,-5.0,23.0,-40.0,-134.0,9874.0
406,32583.0,44052.0,54318.0,49408.0,51956.0,32582.0,3.4258065223693848,,,,,,,,0.11098189196382524,0.005451371726810934,0.5,7.23549747467041,,-1.5834326171875,0.09276622009277344,0.5975369262695313,,,,,,,,32580.0,-56.0,44.0,593.0,-1069545970.0,66.0,-5.0,25.0,-234.0,-313.0,9754.0
407,32593.0,43760.0,54433.0,49548.0,51864.0,32592.0,3.4258065223693848,,,,,,,,0.11337986229032698,0.005016679595550022,0.5,7.248345613479614,,-1.58271337890625,0.09292091369628906,0.59749169921875,,,,,,,,32590.0,-55.0,44.0,593.0,-1069545970.0,66.0,-6.0,24.0,-205.0,-333.0,9732.0
408,32603.0,43860.0,54348.0,49504.0,51934.0,32602.0,3.4258065223693848,,,,,,,,0.11579528615890036,0.004585744036032895,0.5,7.261073112487793,,-1.5818201904296876,0.09302837371826173,0.59753759765625,,,,,,,,32600.0,-54.0,44.0,594.0,-1069545970.0,66.0,-7.0,23.0,-7.0,-175.0,9663.0
409,32613.0,43727.0,54419.0,49566.0,51653.0,32612.0,3.4310851097106934,,,,,,,,0.1182277773567112,0.004159946475132584,0.5,7.273369312286377,,-1.580947021484375,0.09292864227294922,0.5976954956054688,,,,,,,,32610.0,-54.0,44.0,594.0,-1069545971.0,66.0,-8.0,21.0,7.0,-52.0,9516.0
410,32623.0,43821.0,54614.0,49780.0,51645.0,32622.0,3.4310851097106934,,,,,,,,0.12067702019833121,0.003740625810327511,0.5,7.285491943359375,,-1.5803896484375,0.09239772033691407,0.5979716186523437,,,,,,,,32620.0,-49.0,42.0,593.0,-1069545971.0,73.0,-13.0,14.0,-127.0,-340.0,9551.0
411,32633.0,43999.0,54349.0,49816.0,51904.0,32632.0,3.4310851097106934,,,,,,,,0.12314279414729007,0.003328962047233708,0.5,7.298268556594849,,-1.57925390625,0.09294817352294922,0.5978132934570313,,,,,,,,32630.0,-49.0,42.0,593.0,-1069545971.0,73.0,-15.0,12.0,-17.0,-267.0,9615.0
412,32643.0,42130.0,54371.0,51211.0,51929.0,32642.0,3.4310851097106934,,,,,,,,0.1256249894009355,0.002925877113010532,0.5,7.310937404632568,,-1.578693603515625,0.09303144073486327,0.597803466796875,,,,,,,,32640.0,-49.0,43.0,593.0,-1069545971.0,72.0,-14.0,10.0,-128.0,-288.0,9601.0
413,32653.0,42670.0,54600.0,51056.0,51848.0,32652.0,3.4258065223693848,,,,,,,,0.12812361234984887,0.0025319609338672125,0.5,7.323314666748047,,-1.5778004150390625,0.09265483093261719,0.597859375,,,,,,,,32650.0,-48.0,43.0,593.0,-1069546995.0,72.0,-14.0,7.0,-76.0,-279.0,9524.0
414,32663.0,41916.0,54514.0,51760.0,51937.0,32662.0,3.4310851097106934,,,,,,,,0.1306387807323902,0.0021474284360984072,0.5,7.335543394088745,,-1.5772681884765625,0.09230694580078125,0.598200439453125,,,,,,,,32660.0,-47.0,43.0,593.0,-1070071283.0,72.0,-15.0,0.0,13.0,-100.0,9655.0
415,32673.0,41933.0,54402.0,51949.0,52258.0,32672.0,3.4258065223693848,,,,,,,,0.13317070920367957,0.0017721102860315252,0.5,7.348376035690308,,-1.57633984375,0.0927897720336914,0.5979285278320312,,,,,,,,32670.0,-48.0,44.0,593.0,-1071118836.0,70.0,-13.0,-1.0,-56.0,-136.0,9651.0
416,32683.0,42989.0,54476.0,51315.0,52173.0,32682.0,3.4258065223693848,,,,,,,,0.13571968684593,0.001405477186689312,0.5,7.360860347747803,,-1.575509765625,0.0928528060913086,0.5977979736328125,,,,,,,,32680.0,-48.0,44.0,593.0,-1071117812.0,67.0,-13.0,-3.0,-131.0,-68.0,9700.0
417,32693.0,42138.0,54672.0,51966.0,51911.0,32692.0,3.4258065223693848,,,,,,,,0.13828604880374806,0.0010466946620595469,0.5,7.3739173412323,,-1.574427490234375,0.092850830078125,0.5976621704101562,,,,,,,,32690.0,-48.0,45.0,593.0,-1072166388.0,66.0,-12.0,-4.0,-141.0,6.0,9862.0
418,32703.0,43148.0,54802.0,51429.0,51630.0,32702.0,3.4258065223693848,,,,,,,,0.140870144495075,0.0006947026275978055,0.5,7.385993719100952,,-1.57390478515625,0.09265536499023437,0.5977457275390625,,,,,,,,32700.0,-48.0,44.0,593.0,-1073213940.0,65.0,-14.0,-4.0,-221.0,-198.0,9623.0
419,32713.0,44416.0,54651.0,50690.0,51956.0,32712.0,3.4258065223693848,,,,,,,,0.14347230579503445,0.0003483123333585317,0.5,7.39862322807312,,-1.57327197265625,0.0925100326538086,0.5976161499023438,,,,,,,,32710.0,-46.0,44.0,592.0,-536342005.0,65.0,-13.0,-9.0,-232.0,-280.0,9591.0
420,32723.0,43817.0,54801.0,51280.0,51755.0,32722.0,3.4258065223693848,,,,,,,,0.14609282249948097,6.240510370403296e-06,0.5,7.411351919174194,,-1.5721417236328126,0.09260858917236328,0.5973255004882813,,,,,,,,32720.0,-46.0,44.0,592.0,-536342005.0,64.0,-13.0,-12.0,-129.0,-160.0,9611.0
421,32733.0,44403.0,54669.0,51088.0,52112.0,32732.0,3.420527935028076,,,,,,,,0.1487319234599511,-0.0003328734358190727,0.5,7.423404693603516,,-1.571688720703125,0.09262644195556641,0.5972393188476562,,,,,,,,32730.0,-45.0,44.0,592.0,-536342005.0,64.0,-13.0,-13.0,-260.0,-82.0,9639.0
422,32743.0,45042.0,54916.0,50700.0,51816.0,32742.0,3.420527935028076,,,,,,,,0.15138976350223102,-0.000670448171571178,0.5,7.4355528354644775,,-1.5710777587890625,0.09252511596679687,0.5972899169921875,,,,,,,,32740.0,-44.0,44.0,592.0,-536342005.0,63.0,-13.0,-15.0,-124.0,68.0,9767.0
423,32753.0,45200.0,54770.0,50229.0,51925.0,32752.0,3.420527935028076,,,,,,,,0.15406641703426013,-0.0010079393415618892,0.5,7.448376178741455,,-1.5699044189453124,0.09250724792480469,0.5970237426757813,,,,,,,,32750.0,-43.0,44.0,593.0,-1073212918.0,62.0,-13.0,-10.0,-187.0,15.0,9649.0
424,32763.0,45246.0,54618.0,50370.0,52069.0,32762.0,3.420527935028076,,,,,,,,0.1567618786512213,-0.0013468169316092418,0.5,7.460913181304932,,-1.569363525390625,0.09252789306640626,0.5968255004882812,,,,,,,,32760.0,-42.0,42.0,593.0,-1072164342.0,62.0,-17.0,-12.0,-278.0,-178.0,9444.0
425,32773.0,45168.0,54663.0,50595.0,52055.0,32772.0,3.420527935028076,,,,,,,,0.15947607043654718,-0.0016885414527786705,0.5,7.472752094268799,,-1.568888427734375,0.0924853744506836,0.5967653198242188,,,,,,,,32770.0,-39.0,42.0,592.0,-1072164342.0,65.0,-16.0,-16.0,-250.0,-281.0,9545.0
426,32783.0,44545.0,54577.0,51229.0,52470.0,32782.0,3.4152493476867676,,,,,,,,0.16220885508981048,-0.0020345393704691364,0.5,7.484740734100342,,-1.5684393310546876,0.09237968444824218,0.5966458129882812,,,,,,,,32780.0,-39.0,42.0,592.0,-1072164343.0,64.0,-16.0,-18.0,-82.0,-105.0,9635.0
427,32793.0,45129.0,54562.0,50659.0,52457.0,32792.0,3.4152493476867676,,,,,,,,0.16496005353386448,-0.002386178249265479,0.5,7.497594356536865,,-1.56805859375,0.09165414428710937,0.5967009887695313,,,,,,,,32790.0,-38.0,42.0,593.0,-1072164343.0,63.0,-17.0,-17.0,-194.0,-122.0,9660.0
428,32803.0,44199.0,54492.0,51267.0,52700.0,32802.0,3.4152493476867676,,,,,,,,0.16772946530303542,-0.002744742117926663,0.5,7.5101988315582275,,-1.5664400634765625,0.0922814483642578,0.59593896484375,,,,,,,,32800.0,-36.0,45.0,592.0,-1072165367.0,64.0,-11.0,-18.0,-115.0,-170.0,9594.0
429,32813.0,43520.0,54554.0,51839.0,52669.0,32812.0,3.4152493476867676,,,,,,,,0.17051688981847302,-0.003111407577614647,0.5,7.523122072219849,,-1.56563134765625,0.09224671173095703,0.5956083374023438,,,,,,,,32810.0,-36.0,44.0,592.0,-1072165367.0,63.0,-11.0,-20.0,-186.0,-144.0,9588.0
430,32823.0,43189.0,54546.0,52122.0,52722.0,32822.0,3.4152493476867676,,,,,,,,0.17332214662875325,-0.0034872211793607194,0.5,7.535306692123413,,-1.56519384765625,0.09208186340332031,0.5954363403320313,,,,,,,,32820.0,-35.0,46.0,592.0,-1073213943.0,62.0,-9.0,-21.0,-211.0,-196.0,9719.0
431,32833.0,43990.0,54696.0,51542.0,52647.0,32832.0,3.4152493476867676,,,,,,,,0.1761450928315781,-0.0038730785832029532,0.5,7.548392295837402,,-1.5647340087890624,0.0921148910522461,0.59517041015625,,,,,,,,32830.0,-34.0,45.0,592.0,-1073213943.0,61.0,-9.0,-23.0,-150.0,-104.0,9757.0
432,32843.0,42455.0,54663.0,52494.0,52396.0,32842.0,3.420527935028076,,,,,,,,0.1789856361798752,-0.0042697059812410315,0.5,7.5608909130096436,,-1.564114501953125,0.09231034851074219,0.5949547729492187,,,,,,,,32840.0,-34.0,47.0,592.0,-536342008.0,59.0,-7.0,-21.0,-183.0,-10.0,9862.0
433,32853.0,43457.0,55063.0,51872.0,51825.0,32852.0,3.420527935028076,,,,,,,,0.18184374278437743,-0.004677644220412516,0.5,7.5729169845581055,,-1.563624267578125,0.09227973937988282,0.5947841186523437,,,,,,,,32850.0,-35.0,44.0,592.0,-536342008.0,56.0,-12.0,-21.0,-225.0,-120.0,9830.0
434,32863.0,43219.0,55136.0,51968.0,51814.0,32862.0,3.420527935028076,,,,,,,,0.1847194388169215,-0.005097235999127696,0.5,7.5849997997283936,,-1.562910888671875,0.0921792984008789,0.5945390625,,,,,,,,32860.0,-34.0,45.0,591.0,-535293432.0,56.0,-9.0,-21.0,40.0,-128.0,9896.0
435,32873.0,43846.0,55360.0,51774.0,51602.0,32872.0,3.4152493476867676,,,,,,,,0.18761280615029258,-0.005528616436835464,0.5,7.598255634307861,,-1.5624866943359375,0.0919775161743164,0.5944808959960938,,,,,,,,32870.0,-33.0,46.0,591.0,-535292408.0,55.0,-7.0,-21.0,-138.0,-94.0,9808.0
436,32883.0,44462.0,55379.0,51951.0,52085.0,32882.0,3.4152493476867676,,,,,,,,0.19052397239532803,-0.005971707229883154,0.5,7.610936641693115,,-1.561625732421875,0.09207600402832031,0.59393798828125,,,,,,,,32880.0,-33.0,46.0,588.0,-535292408.0,53.0,-7.0,-35.0,-215.0,-212.0,9715.0
437,32893.0,44654.0,55220.0,51757.0,52417.0,32892.0,3.4152493476867676,,,,,,,,0.19345309626925478,-0.006426214515334629,0.5,7.62291145324707,,-1.5612891845703125,0.0920784912109375,0.59360888671875,,,,,,,,32890.0,-32.0,46.0,588.0,-536340984.0,52.0,-7.0,-36.0,-224.0,-118.0,9775.0
438,32903.0,45289.0,55537.0,51434.0,52221.0,32902.0,3.409970760345459,,,,,,,,0.1964003496141603,-0.006891630472985577,0.5,7.634849548339844,,-1.56060107421875,0.09206105041503906,0.5932024536132813,,,,,,,,32900.0,-34.0,45.0,588.0,-1073211896.0,46.0,-8.0,-36.0,-230.0,-123.0,9732.0
439,32913.0,44926.0,55393.0,51727.0,52477.0,32912.0,3.409970760345459,,,,,,,,0.19936589765177765,-0.007367238600026686,0.5,7.647516965866089,,-1.5603575439453126,0.09209791564941407,0.5930900268554687,,,,,,,,32910.0,-34.0,45.0,587.0,-1072163321.0,45.0,-8.0,-37.0,-184.0,-56.0,9746.0
440,32923.0,45207.0,55460.0,51452.0,52444.0,32922.0,3.409970760345459,,,,,,,,0.2023498791865791,-0.007852122506229409,0.5,7.659714698791504,,-1.55927978515625,0.0919238510131836,0.5925941162109375,,,,,,,,32920.0,-34.0,45.0,587.0,-1072163321.0,43.0,-8.0,-36.0,-237.0,-92.0,9744.0
441,32933.0,45253.0,55022.0,51449.0,53009.0,32932.0,3.409970760345459,,,,,,,,0.2053523884491037,-0.008345178005286724,0.5,7.671625375747681,,-1.5585283203125,0.09186658477783204,0.5923096923828125,,,,,,,,32930.0,-33.0,45.0,587.0,-1072163321.0,41.0,-8.0,-36.0,-302.0,-209.0,9769.0
442,32943.0,45695.0,55317.0,51278.0,52847.0,32942.0,3.4046921730041504,,,,,,,,0.20837346011068636,-0.008845128222291047,0.5,7.68394136428833,,-1.5586256103515626,0.09202030944824219,0.5925,,,,,,,,32940.0,-33.0,45.0,586.0,-1071114745.0,40.0,-8.0,-36.0,-180.0,-88.0,9653.0
443,32953.0,45392.0,55387.0,51622.0,52767.0,32952.0,3.4046921730041504,,,,,,,,0.21141305871622856,-0.00935054140024192,0.5,7.696518421173096,,-1.5583865966796875,0.09201893615722656,0.5922985229492187,,,,,,,,32950.0,-32.0,45.0,586.0,-1071115769.0,39.0,-9.0,-38.0,-217.0,-168.0,9801.0
444,32963.0,45064.0,55193.0,51877.0,53035.0,32962.0,3.4046921730041504,,,,,,,,0.21447107340012006,-0.009859851069956876,0.5,7.708643198013306,,-1.557681640625,0.09167040252685547,0.5914584350585937,,,,,,,,32960.0,-32.0,45.0,586.0,-1071115769.0,38.0,-9.0,-38.0,-138.0,-116.0,9829.0
445,32973.0,44368.0,54836.0,52422.0,53453.0,32972.0,3.4046921730041504,,,,,,,,0.21754731830589707,-0.010371378245760551,0.5,7.720752000808716,,-1.5570284423828125,0.09177454376220703,0.5911071166992188,,,,,,,,32970.0,-24.0,51.0,585.0,-1071116793.0,51.0,0.0,-38.0,-141.0,-156.0,9855.0
446,32983.0,44162.0,54717.0,52550.0,53629.0,32982.0,3.4046921730041504,,,,,,,,0.22064153866093555,-0.010883355319988366,0.5,7.732955455780029,,-1.5566861572265625,0.09173190307617188,0.59090283203125,,,,,,,,32980.0,-23.0,51.0,585.0,-1071117817.0,50.0,0.0,-38.0,-72.0,-152.0,9885.0
447,32993.0,44419.0,55120.0,52346.0,53173.0,32992.0,3.4046921730041504,,,,,,,,0.22375342200259074,-0.011393951347513795,0.5,7.744992256164551,,-1.5562559814453125,0.09150521850585938,0.5907161254882812,,,,,,,,32990.0,-23.0,50.0,584.0,-1071117817.0,50.0,-1.0,-36.0,-113.0,-211.0,9932.0
448,33003.0,43726.0,55311.0,52746.0,52935.0,33002.0,3.4046921730041504,,,,,,,,0.22688261364857598,-0.011901298431467512,0.5,7.757623910903931,,-1.55590771484375,0.09150736999511719,0.5903538818359375,,,,,,,,33000.0,-22.0,50.0,584.0,-1071117817.0,49.0,-2.0,-34.0,-175.0,-218.0,10044.0
449,33013.0,43008.0,55322.0,53108.0,52890.0,33012.0,3.4046921730041504,,,,,,,,0.2300287350752851,-0.012403518965891772,0.5,7.7699432373046875,,-1.5551004638671875,0.0915948257446289,0.5898849487304687,,,,,,,,33010.0,-23.0,52.0,584.0,-1072166393.0,46.0,0.0,-31.0,-40.0,-129.0,9901.0
450,33023.0,43256.0,55592.0,52990.0,52499.0,33022.0,3.4046921730041504,,,,,,,,0.2331914038355266,-0.012898753501926201,0.5,7.785676002502441,,-1.5550640869140624,0.0916765365600586,0.5900800170898437,,,,,,,,33020.0,-23.0,52.0,584.0,-1072166393.0,46.0,0.0,-31.0,-59.0,-169.0,9864.0
451,33033.0,43456.0,55627.0,52738.0,52228.0,33032.0,3.409970760345459,,,,,,,,0.23637025778162396,-0.013385242654853226,0.5,7.798316955566406,,-1.554160400390625,0.09121239471435547,0.58934814453125,,,,,,,,33030.0,-24.0,51.0,583.0,-1072166394.0,41.0,-2.0,-30.0,-87.0,-148.0,9786.0
452,33043.0,44071.0,55721.0,52372.0,52091.0,33042.0,3.409970760345459,,,,,,,,0.23956498270270238,-0.01386147884040477,0.5,7.810937404632568,,-1.55390087890625,0.09089988708496094,0.58945947265625,,,,,,,,33040.0,-24.0,50.0,583.0,-1071116794.0,41.0,-3.0,-30.0,-204.0,-104.0,9727.0
453,33053.0,44218.0,55876.0,52356.0,51888.0,33052.0,3.409970760345459,,,,,,,,0.24277533495545278,-0.014326331736743428,0.5,7.823074817657471,,-1.5532503662109376,0.09116868591308594,0.5888525390625,,,,,,,,33050.0,-23.0,50.0,583.0,-1071116794.0,40.0,-3.0,-31.0,-101.0,-185.0,9800.0
454,33063.0,44239.0,55749.0,52426.0,52018.0,33062.0,3.409970760345459,,,,,,,,0.24600115726712263,-0.014779137380671437,0.5,7.836496829986572,,-1.5529337158203125,0.0911302719116211,0.5887099609375,,,,,,,,33060.0,-23.0,50.0,582.0,-1071116794.0,39.0,-4.0,-31.0,-172.0,-131.0,9886.0
455,33073.0,45435.0,55601.0,51466.0,52334.0,33072.0,3.409970760345459,,,,,,,,0.24924238653568276,-0.015219744257794939,0.5,7.849889755249023,,-1.552623779296875,0.09103321838378907,0.5885809936523437,,,,,,,,33070.0,-19.0,52.0,582.0,-1070068218.0,45.0,-1.0,-31.0,-137.0,-27.0,9813.0
456,33083.0,45372.0,55533.0,51630.0,52665.0,33082.0,3.4046921730041504,,,,,,,,0.25249905318261573,-0.015648513663567738,0.5,7.861968040466309,,-1.55256494140625,0.09034085083007813,0.58861669921875,,,,,,,,33080.0,-18.0,52.0,582.0,-1070068218.0,44.0,-1.0,-30.0,-93.0,-181.0,9851.0
457,33093.0,45750.0,55232.0,51194.0,52883.0,33092.0,3.409970760345459,,,,,,,,0.255771272360737,-0.01606627563408264,0.5,7.873974800109863,,-1.55178662109375,0.09075836181640624,0.5880820922851563,,,,,,,,33090.0,-18.0,52.0,581.0,-1069019642.0,43.0,-2.0,-30.0,-159.0,-251.0,9856.0
458,33103.0,45358.0,55292.0,51434.0,52736.0,33102.0,3.409970760345459,,,,,,,,0.2590592280154884,-0.016474245531848,0.5,7.887525796890259,,-1.551499267578125,0.09064965057373046,0.5879325561523437,,,,,,,,33100.0,-18.0,48.0,581.0,-1069019642.0,41.0,-10.0,-28.0,-74.0,-209.0,9780.0
459,33113.0,45071.0,55249.0,51647.0,52841.0,33112.0,3.409970760345459,,,,,,,,0.2623631510992442,-0.016873909802970675,0.5,7.899723291397095,,-1.55125341796875,0.09056640625,0.5877640991210937,,,,,,,,33110.0,-18.0,48.0,581.0,-1067972090.0,40.0,-11.0,-28.0,-164.0,-262.0,9824.0
460,33123.0,45657.0,55365.0,51381.0,52884.0,33122.0,3.4046921730041504,,,,,,,,0.2656832949222206,-0.017266891245481128,0.5,7.911936044692993,,-1.5509556884765625,0.09014891815185547,0.5875234985351563,,,,,,,,33120.0,-15.0,48.0,581.0,-1067972090.0,44.0,-14.0,-28.0,-74.0,-223.0,9798.0
461,33133.0,45217.0,55298.0,51732.0,52964.0,33132.0,3.4046921730041504,,,,,,,,0.26901991517657675,-0.017654912782620366,0.5,7.924064636230469,,-1.5504127197265625,0.09017296600341797,0.5871785278320313,,,,,,,,33130.0,-15.0,47.0,581.0,-1067973114.0,42.0,-15.0,-28.0,-36.0,-332.0,9929.0
462,33143.0,44271.0,55308.0,52020.0,52715.0,33142.0,3.4046921730041504,,,,,,,,0.2723732510706801,-0.018039773350098348,0.5,7.936964273452759,,-1.550128173828125,0.09001226806640625,0.5870387573242187,,,,,,,,33140.0,-15.0,47.0,582.0,-1067973114.0,42.0,-17.0,-19.0,-125.0,-183.0,9889.0
463,33153.0,44489.0,55140.0,51832.0,52897.0,33152.0,3.4046921730041504,,,,,,,,0.2757435083302825,-0.018423321911831658,0.5,7.949380397796631,,-1.5498084716796876,0.08985565948486328,0.5868760375976563,,,,,,,,33150.0,-14.0,47.0,582.0,-1067974138.0,42.0,-18.0,-18.0,-116.0,-242.0,9968.0
464,33163.0,43605.0,55111.0,52336.0,52987.0,33162.0,3.4046921730041504,,,,,,,,0.27913084543516276,-0.01880742989586323,0.5,7.9621193408966064,,-1.549832763671875,0.08970677947998047,0.5871064453125,,,,,,,,33160.0,-14.0,47.0,581.0,-1067974138.0,42.0,-20.0,-16.0,-82.0,-365.0,9785.0
465,33173.0,43806.0,55030.0,52178.0,53127.0,33172.0,3.4046921730041504,,,,,,,,0.28253536414777497,-0.019193962396254344,0.5,7.974449872970581,,-1.549284912109375,0.08922919464111329,0.58643505859375,,,,,,,,33170.0,-14.0,46.0,581.0,-1068498426.0,42.0,-21.0,-17.0,-46.0,-279.0,9804.0
466,33183.0,44042.0,55244.0,52225.0,52946.0,33182.0,3.4046921730041504,,,,,,,,0.28595710499315324,-0.019584748537389285,0.5,7.986509799957275,,-1.54866162109375,0.08914120483398437,0.5862814331054688,,,,,,,,33180.0,-13.0,46.0,580.0,-1068498426.0,42.0,-23.0,-20.0,-9.0,-173.0,9938.0
467,33193.0,42623.0,55242.0,52948.0,52820.0,33192.0,3.409970760345459,,,,,,,,0.2893960479034523,-0.019981551443585363,0.5,7.998616933822632,,-1.5482763671875,0.08887791442871094,0.5861005249023438,,,,,,,,33190.0,-23.0,59.0,580.0,-1069022714.0,23.0,-1.0,-19.0,-166.0,-279.0,9786.0
468,33203.0,43031.0,55400.0,52946.0,52711.0,33202.0,3.4046921730041504,,,,,,,,0.29285211778604975,-0.020386038297168646,0.5,8.010503053665161,,-1.547900634765625,0.08830472564697266,0.5860715942382813,,,,,,,,33200.0,-23.0,58.0,580.0,-1070071290.0,23.0,-2.0,-20.0,-83.0,-329.0,9645.0
469,33213.0,43828.0,55567.0,52553.0,52457.0,33212.0,3.4046921730041504,,,,,,,,0.2963251943507546,-0.020799751000345507,0.5,8.022089004516602,,-1.5478380126953124,0.08780905151367188,0.5859616088867188,,,,,,,,33210.0,-23.0,58.0,580.0,-1070595578.0,23.0,-3.0,-21.0,-107.0,-299.0,9798.0
470,33223.0,44551.0,55357.0,51675.0,52349.0,33222.0,3.4046921730041504,,,,,,,,0.2998151251752819,-0.02122407797841616,0.5,8.033801078796387,,-1.5472353515625,0.08801890563964844,0.5857140502929687,,,,,,,,33220.0,-22.0,57.0,581.0,-1070595578.0,24.0,-7.0,-11.0,3.0,-163.0,9854.0
471,33233.0,45174.0,55336.0,51112.0,52137.0,33232.0,3.409970760345459,,,,,,,,0.3033217407280188,-0.02166022767238178,0.5,8.045274019241333,,-1.547001220703125,0.08780316162109375,0.5856279907226563,,,,,,,,33230.0,-22.0,57.0,581.0,-1069545978.0,24.0,-8.0,-10.0,-60.0,-246.0,9840.0
472,33243.0,45156.0,55274.0,51053.0,52269.0,33242.0,3.409970760345459,,,,,,,,0.3068448699235538,-0.022109204266206023,0.5,8.058836936950684,,-1.546793701171875,0.08719058227539063,0.5855363159179687,,,,,,,,33240.0,-22.0,57.0,581.0,-1069545978.0,24.0,-9.0,-10.0,-68.0,-196.0,9922.0
473,33253.0,45565.0,55256.0,50694.0,52242.0,33252.0,3.409970760345459,,,,,,,,0.3103843547694032,-0.02257178617659207,0.5,8.07101058959961,,-1.54678955078125,0.08668438720703125,0.5856053466796876,,,,,,,,33250.0,-17.0,53.0,581.0,-1068496378.0,32.0,-16.0,-8.0,42.0,-194.0,9881.0
474,33263.0,45708.0,55289.0,50594.0,52457.0,33262.0,3.4046921730041504,,,,,,,,0.3139400627708507,-0.02304850780021231,0.5,8.083251714706421,,-1.54611376953125,0.08680937194824219,0.5851814575195312,,,,,,,,33260.0,-17.0,53.0,581.0,-1067446778.0,32.0,-17.0,-8.0,1.0,-286.0,9885.0
475,33273.0,46303.0,55282.0,50140.0,52515.0,33272.0,3.4046921730041504,,,,,,,,0.3175118959832191,-0.02353964496449501,0.5,8.095160961151123,,-1.5457462158203126,0.08646952819824219,0.5851058349609375,,,,,,,,33270.0,-14.0,52.0,581.0,-1067445754.0,38.0,-21.0,-9.0,53.0,-300.0,9740.0
476,33283.0,46071.0,55212.0,50339.0,52623.0,33282.0,3.4046921730041504,,,,,,,,0.32109979591622023,-0.024045204463638364,0.5,8.107648611068726,,-1.5453641357421875,0.08606194305419922,0.5849909057617187,,,,,,,,33280.0,-14.0,52.0,581.0,-1066396155.0,39.0,-23.0,-9.0,62.0,-362.0,9783.0
477,33293.0,46003.0,55280.0,50333.0,52585.0,33292.0,3.4046921730041504,,,,,,,,0.32470374387486417,-0.02456491798266136,0.5,8.122359275817871,,-1.545166015625,0.08566433715820312,0.5850995483398438,,,,,,,,33290.0,-12.0,50.0,581.0,-1065346555.0,42.0,-28.0,-9.0,140.0,-249.0,9856.0
478,33303.0,45041.0,55021.0,51012.0,52963.0,33302.0,3.4046921730041504,,,,,,,,0.3283237567322569,-0.025098240626523258,0.5,8.134740114212036,,-1.5444691162109374,0.08516326141357422,0.5848619384765625,,,,,,,,33300.0,-12.0,49.0,580.0,-1064296955.0,43.0,-31.0,-8.0,266.0,-260.0,9851.0
479,33313.0,43650.0,55149.0,51861.0,52656.0,33312.0,3.4046921730041504,,,,,,,,0.33195987853457515,-0.025644354172570064,0.5,8.146281480789185,,-1.54405517578125,0.08476504516601563,0.5847855834960938,,,,,,,,33310.0,-12.0,49.0,581.0,-1064296954.0,45.0,-33.0,-4.0,308.0,-330.0,9870.0
480,33323.0,43310.0,54700.0,51967.0,52993.0,33322.0,3.409970760345459,,,,,,,,0.33561216870842075,-0.02620217505163168,0.5,8.158855676651001,,-1.543356689453125,0.08409466552734375,0.5847432250976563,,,,,,,,33320.0,-11.0,48.0,581.0,-1064295930.0,47.0,-35.0,-4.0,91.0,-306.0,9784.0
481,33333.0,43170.0,54915.0,52080.0,52721.0,33332.0,3.409970760345459,,,,,,,,0.33928068793948574,-0.026770366956340386,0.5,8.170597314834595,,-1.5433204345703124,0.08369742584228515,0.5848914184570313,,,,,,,,33330.0,-11.0,48.0,581.0,-1064295930.0,49.0,-38.0,-4.0,-58.0,-401.0,9778.0
482,33343.0,42349.0,54775.0,52658.0,52856.0,33342.0,3.409970760345459,,,,,,,,0.342965482995972,-0.02734735787365937,0.5,8.182441473007202,,-1.542388671875,0.08304878997802734,0.5846406860351563,,,,,,,,33340.0,-10.0,48.0,581.0,-1065344506.0,51.0,-40.0,-4.0,66.0,-393.0,9842.0
483,33353.0,42253.0,54630.0,52632.0,52859.0,33352.0,3.4152493476867676,,,,,,,,0.3466665718645796,-0.027931361247145195,0.5,8.194197416305542,,-1.54204052734375,0.08264028930664062,0.5845471801757812,,,,,,,,33350.0,-10.0,47.0,581.0,-1066393082.0,53.0,-42.0,-5.0,201.0,-210.0,9888.0
484,33363.0,39527.0,54144.0,54241.0,53262.0,33362.0,3.4152493476867676,,,,,,,,0.3503839305445467,-0.028520400897335166,0.5,8.206398010253906,,-1.541607177734375,0.08202449798583984,0.5844439086914063,,,,,,,,33360.0,-19.0,73.0,581.0,-1068491258.0,37.0,5.0,-3.0,9.0,-181.0,9910.0
485,33373.0,40515.0,54228.0,53621.0,53238.0,33372.0,3.4152493476867676,,,,,,,,0.3541174827094893,-0.029112339268709708,0.5,8.218543767929077,,-1.5413624267578125,0.08137837982177734,0.5845431518554688,,,,,,,,33370.0,-19.0,73.0,581.0,-1069539834.0,38.0,4.0,-3.0,2.0,-266.0,9905.0
486,33383.0,42267.0,54807.0,52737.0,52661.0,33382.0,3.409970760345459,,,,,,,,0.35786709321027727,-0.029704908530061372,0.5,8.230512142181396,,-1.5409503173828125,0.08071331787109375,0.584425048828125,,,,,,,,33380.0,-19.0,73.0,581.0,-1070589434.0,39.0,3.0,-2.0,218.0,-165.0,9874.0
487,33393.0,42909.0,55014.0,52292.0,52388.0,33392.0,3.409970760345459,,,,,,,,0.3616325660756257,-0.030295744031055463,0.5,8.242016553878784,,-1.5401142578125,0.08030141448974609,0.5842188720703125,,,,,,,,33390.0,-19.0,72.0,581.0,-1070589435.0,40.0,0.0,-1.0,117.0,-75.0,9900.0
488,33403.0,44957.0,55451.0,50967.0,51974.0,33402.0,3.409970760345459,,,,,,,,0.36541364729741493,-0.030882419608793052,0.5,8.253718614578247,,-1.539489501953125,0.07957595825195313,0.5841062622070312,,,,,,,,33400.0,-18.0,72.0,580.0,-1070589435.0,43.0,0.0,-5.0,202.0,-64.0,9889.0
489,33413.0,46160.0,55596.0,50008.0,52045.0,33412.0,3.4046921730041504,,,,,,,,0.36921003203660163,-0.03146248433409761,0.5,8.265429496765137,,-1.5387862548828124,0.0787052001953125,0.5842612915039063,,,,,,,,33410.0,-17.0,72.0,580.0,-1069539835.0,45.0,-2.0,-4.0,196.0,-91.0,9921.0
490,33423.0,47782.0,56053.0,48504.0,51689.0,33422.0,3.399413585662842,,,,,,,,0.3730213762253741,-0.03203350016037049,0.5,8.277880430221558,,-1.538163818359375,0.0779223403930664,0.5841929321289062,,,,,,,,33420.0,-17.0,72.0,580.0,-1068491259.0,47.0,-3.0,-3.0,181.0,-227.0,9849.0
491,33433.0,48577.0,56266.0,47415.0,51556.0,33432.0,3.399413585662842,,,,,,,,0.3768473191130591,-0.032593195717662615,0.5,8.29011583328247,,-1.53746142578125,0.07753090667724609,0.5839868774414062,,,,,,,,33430.0,-14.0,69.0,580.0,-1066393083.0,53.0,-10.0,-2.0,173.0,-213.0,9951.0
492,33443.0,48656.0,56282.0,47339.0,52185.0,33442.0,3.394134998321533,,,,,,,,0.38068751036279197,-0.033139661159631684,0.5,8.301639080047607,,-1.5368656005859376,0.07664900207519532,0.583794189453125,,,,,,,,33440.0,-13.0,69.0,579.0,-1063245306.0,56.0,-12.0,-6.0,174.0,-327.0,9831.0
493,33453.0,48521.0,56264.0,47292.0,52374.0,33452.0,3.394134998321533,,,,,,,,0.38454163543224223,-0.03367150594644468,0.5,8.313215494155884,,-1.536395263671875,0.07555506134033203,0.5838458251953125,,,,,,,,33450.0,-9.0,64.0,579.0,-1061147130.0,65.0,-23.0,-6.0,212.0,-521.0,9783.0
494,33463.0,47993.0,56369.0,47577.0,52428.0,33462.0,3.394134998321533,,,,,,,,0.38840943707701164,-0.0341879670012383,0.5,8.324981212615967,,-1.5360755615234376,0.07442305755615235,0.58378466796875,,,,,,,,33460.0,-8.0,62.0,578.0,-1057999354.0,68.0,-30.0,-6.0,274.0,-526.0,9899.0
495,33473.0,47923.0,56328.0,47304.0,52699.0,33472.0,3.394134998321533,,,,,,,,0.39229073121785046,-0.03468895935252127,0.5,8.337424993515015,,-1.5347628173828125,0.07419219207763672,0.583671142578125,,,,,,,,33470.0,-7.0,63.0,578.0,-1055901177.0,73.0,-32.0,-6.0,135.0,-558.0,9939.0
496,33483.0,46588.0,56020.0,48952.0,53513.0,33482.0,3.3888564109802246,,,,,,,,0.39618541595862294,-0.03517506657996751,0.5,8.34958791732788,,-1.5338724365234375,0.07311248016357422,0.5837295532226563,,,,,,,,33480.0,-6.0,64.0,577.0,-1053803001.0,77.0,-35.0,-10.0,181.0,-620.0,9931.0
497,33493.0,45019.0,55687.0,50028.0,53765.0,33492.0,3.394134998321533,,,,,,,,0.40009347317932364,-0.0356474736288441,0.5,8.361629486083984,,-1.5330877685546875,0.07227072143554687,0.5836729125976563,,,,,,,,33490.0,-6.0,64.0,577.0,-1052753400.0,79.0,-39.0,-9.0,251.0,-701.0,9988.0
498,33503.0,44608.0,55509.0,50467.0,54101.0,33502.0,3.3888564109802246,,,,,,,,0.40401496277979315,-0.03610784945163979,0.5,8.373485088348389,,-1.532646484375,0.07068697357177735,0.583835205078125,,,,,,,,33500.0,-5.0,63.0,577.0,-1052752376.0,84.0,-44.0,-7.0,259.0,-712.0,9971.0
499,33513.0,43569.0,55257.0,51072.0,54455.0,33512.0,3.3888564109802246,,,,,,,,0.40795000987901725,-0.036558191376825866,0.5,8.385076999664307,,-1.5316650390625,0.0703306884765625,0.5838240356445312,,,,,,,,33510.0,-4.0,64.0,577.0,-1052752375.0,90.0,-49.0,-5.0,386.0,-737.0,9891.0
500,33523.0,42897.0,55456.0,51543.0,53916.0,33522.0,3.394134998321533,,,,,,,,0.4118987876284266,-0.03700064489693644,0.5,8.397544145584106,,-1.530264892578125,0.06880580139160156,0.5837393188476563,,,,,,,,33520.0,-3.0,62.0,577.0,-1053800951.0,94.0,-56.0,-5.0,407.0,-646.0,9752.0
501,33533.0,43436.0,55428.0,51357.0,54040.0,33532.0,3.394134998321533,,,,,,,,0.4158615028558389,-0.03743746136735204,0.5,8.410169124603271,,-1.52920947265625,0.06737359619140625,0.5837283325195313,,,,,,,,33530.0,-3.0,62.0,576.0,-1054849527.0,97.0,-61.0,-8.0,357.0,-550.0,9912.0
502,33543.0,43436.0,55561.0,51277.0,53908.0,33542.0,3.394134998321533,,,,,,,,0.41983837955802683,-0.03787096546384286,0.5,8.422247409820557,,-1.5285855712890626,0.06636111450195313,0.5839013061523437,,,,,,,,33540.0,-1.0,62.0,576.0,-1055898102.0,103.0,-65.0,-7.0,373.0,-542.0,9927.0
503,33553.0,43992.0,55316.0,50958.0,54034.0,33552.0,3.394134998321533,,,,,,,,0.42382964115547245,-0.03830352078870816,0.5,8.434205293655396,,-1.5279913330078125,0.0652974395751953,0.58426416015625,,,,,,,,33550.0,-1.0,62.0,576.0,-1056947702.0,106.0,-68.0,-6.0,367.0,-617.0,9902.0
504,33563.0,43995.0,55638.0,51012.0,53552.0,33562.0,3.394134998321533,,,,,,,,0.4278354930556557,-0.03873749403912925,0.5,8.447121143341064,,-1.526453857421875,0.06381882095336915,0.5842676391601562,,,,,,,,33560.0,0.0,61.0,576.0,-1057996278.0,111.0,-73.0,-5.0,332.0,-505.0,9983.0
505,33573.0,44738.0,56003.0,50028.0,52775.0,33572.0,3.394134998321533,,,,,,,,0.43185610700914606,-0.0391752181945238,0.5,8.459252119064331,,-1.5254156494140625,0.06256328582763672,0.5842352905273438,,,,,,,,33570.0,0.0,57.0,577.0,-1059045878.0,114.0,-82.0,4.0,367.0,-361.0,10041.0
506,33583.0,43876.0,55957.0,50607.0,52783.0,33582.0,3.394134998321533,,,,,,,,0.43589160854958603,-0.03961895522007711,0.5,8.471735954284668,,-1.5244986572265624,0.060872364044189456,0.584409912109375,,,,,,,,33580.0,0.0,57.0,577.0,-1060095477.0,116.0,-86.0,6.0,313.0,-357.0,10088.0
507,33593.0,44759.0,56112.0,49683.0,52291.0,33592.0,3.399413585662842,,,,,,,,0.43994206850486195,-0.04007085882082867,0.5,8.48410701751709,,-1.5237366943359374,0.05981111145019531,0.5846682739257812,,,,,,,,33590.0,1.0,56.0,577.0,-1060095477.0,119.0,-89.0,8.0,166.0,-457.0,10014.0
508,33603.0,45244.0,55961.0,49226.0,52406.0,33602.0,3.399413585662842,,,,,,,,0.4440074991819409,-0.04053293781291789,0.5,8.497271060943604,,-1.521734619140625,0.05787527847290039,0.5849430541992188,,,,,,,,33600.0,3.0,55.0,577.0,-1061145077.0,125.0,-93.0,10.0,132.0,-324.0,9924.0
509,33613.0,45517.0,56018.0,48809.0,52008.0,33612.0,3.4046921730041504,,,,,,,,0.44808785539776746,-0.04100702070401639,0.5,8.509945631027222,,-1.52080712890625,0.056632286071777345,0.58492138671875,,,,,,,,33610.0,4.0,54.0,578.0,-1061145077.0,128.0,-97.0,12.0,339.0,-414.0,9838.0
510,33623.0,45076.0,55726.0,49136.0,52402.0,33622.0,3.4046921730041504,,,,,,,,0.4521830400920069,-0.041494722091727554,0.5,8.522371053695679,,-1.519578369140625,0.05463159561157226,0.58502392578125,,,,,,,,33620.0,4.0,52.0,578.0,-1061145077.0,130.0,-102.0,13.0,261.0,-403.0,9938.0
511,33633.0,45492.0,55755.0,48681.0,52304.0,33632.0,3.4046921730041504,,,,,,,,0.4562929138527237,-0.04199741149494991,0.5,8.534911394119263,,-1.518156005859375,0.05287123489379883,0.5855816650390625,,,,,,,,33630.0,6.0,52.0,578.0,-1061146101.0,134.0,-104.0,15.0,142.0,-468.0,10031.0
512,33643.0,44105.0,55361.0,49694.0,52805.0,33642.0,3.4046921730041504,,,,,,,,0.4604173073482886,-0.04251618522707505,0.5,8.547595500946045,,-1.5167435302734376,0.05143681335449219,0.5857135009765625,,,,,,,,33640.0,7.0,51.0,578.0,-1061146101.0,136.0,-108.0,17.0,145.0,-385.0,9931.0
513,33653.0,44761.0,55361.0,49160.0,52701.0,33652.0,3.4046921730041504,,,,,,,,0.46455603541656937,-0.04305184189979076,0.5,8.56040358543396,,-1.5156885986328126,0.050089653015136716,0.585724609375,,,,,,,,33650.0,7.0,50.0,578.0,-1061146101.0,137.0,-110.0,15.0,296.0,-362.0,9812.0
514,33663.0,44307.0,55256.0,49582.0,52931.0,33662.0,3.4046921730041504,,,,,,,,0.46870891143587884,-0.0436048621108442,0.5,8.57253122329712,,-1.514561767578125,0.04800094223022461,0.5860419311523437,,,,,,,,33660.0,11.0,47.0,578.0,-1062194677.0,145.0,-117.0,16.0,255.0,-308.0,9970.0
515,33673.0,44410.0,55124.0,49471.0,53026.0,33672.0,3.4046921730041504,,,,,,,,0.4728757606010809,-0.0441753928174861,0.5,8.584817171096802,,-1.513614013671875,0.04624664688110352,0.5865093383789063,,,,,,,,33670.0,14.0,46.0,578.0,-1062195700.0,150.0,-120.0,17.0,184.0,-321.0,9945.0
516,33683.0,43554.0,54808.0,50167.0,53308.0,33682.0,3.4046921730041504,,,,,,,,0.477056430851631,-0.04476323682921325,0.5,8.597453594207764,,-1.51132421875,0.04453379440307617,0.586705810546875,,,,,,,,33680.0,14.0,45.0,578.0,-1063244276.0,152.0,-122.0,18.0,246.0,-349.0,9878.0
517,33693.0,43602.0,54973.0,50208.0,52978.0,33692.0,3.4046921730041504,,,,,,,,0.4812508004353045,-0.04536784777251335,0.5,8.60997986793518,,-1.5103675537109376,0.043194320678710936,0.5866882934570312,,,,,,,,33690.0,15.0,44.0,578.0,-1064292852.0,154.0,-125.0,18.0,249.0,-290.0,9852.0
518,33703.0,43825.0,54557.0,49669.0,53030.0,33702.0,3.409970760345459,,,,,,,,0.4854587814145283,-0.04598833079147428,0.5,8.622217655181885,,-1.5087122802734374,0.04111573028564453,0.5871151733398438,,,,,,,,33700.0,19.0,41.0,580.0,-1066390004.0,160.0,-130.0,24.0,266.0,-108.0,9885.0
519,33713.0,43274.0,54559.0,50067.0,52951.0,33712.0,3.409970760345459,,,,,,,,0.48968031880815915,-0.04662344912674285,0.5,8.635667085647583,,-1.5074176025390624,0.03950861740112305,0.5875748291015624,,,,,,,,33710.0,20.0,42.0,580.0,-1067439604.0,162.0,-128.0,25.0,223.0,-134.0,9915.0
520,33723.0,42704.0,54836.0,50456.0,52548.0,33722.0,3.409970760345459,,,,,,,,0.49391538547716457,-0.04727163659130469,0.5,8.648486852645874,,-1.50575244140625,0.03739550399780273,0.5875302124023437,,,,,,,,33720.0,20.0,40.0,580.0,-1068488181.0,162.0,-131.0,26.0,200.0,-175.0,9938.0
521,33733.0,42806.0,54774.0,50222.0,52366.0,33732.0,3.4152493476867676,,,,,,,,0.49816397326563894,-0.047931015836361446,0.5,8.660635709762573,,-1.50457177734375,0.035973667144775394,0.5877565307617187,,,,,,,,33730.0,22.0,38.0,580.0,-1070586357.0,166.0,-133.0,27.0,-12.0,-140.0,9899.0
522,33743.0,42613.0,54940.0,50305.0,51965.0,33742.0,3.4152493476867676,,,,,,,,0.5024260812646237,-0.04859942217687581,0.5,8.672877788543701,,-1.502406005859375,0.03363323974609375,0.5883576049804687,,,,,,,,33740.0,22.0,38.0,581.0,-1071635957.0,165.0,-132.0,30.0,79.0,-59.0,9903.0
523,33753.0,43042.0,54850.0,49991.0,51945.0,33752.0,3.4152493476867676,,,,,,,,0.5067017023439501,-0.04927443262973444,0.5,8.685667753219604,,-1.5016375732421876,0.03221433639526367,0.5885899658203125,,,,,,,,33750.0,24.0,35.0,581.0,-1072684533.0,167.0,-135.0,31.0,97.0,-153.0,9907.0
524,33763.0,43255.0,54871.0,49832.0,51789.0,33762.0,3.4152493476867676,,,,,,,,0.5109908092724469,-0.04995339971318849,0.5,8.69850468635559,,-1.4994674072265626,0.029975828170776368,0.5887655639648437,,,,,,,,33760.0,26.0,34.0,582.0,-1073734133.0,171.0,-135.0,32.0,51.0,8.0,9931.0
525,33773.0,43480.0,55104.0,49438.0,51253.0,33772.0,3.420527935028076,,,,,,,,0.51529334180418,-0.050633489468524584,0.5,8.71077036857605,,-1.4981241455078125,0.028450042724609374,0.5890162353515624,,,,,,,,33770.0,26.0,33.0,582.0,-535815669.0,169.0,-135.0,33.0,-5.0,-114.0,9797.0
526,33783.0,43345.0,54854.0,49426.0,51277.0,33782.0,3.420527935028076,,,,,,,,0.5196091960430222,-0.051311723096508444,0.5,8.723063707351685,,-1.496384033203125,0.02631491279602051,0.5893728637695312,,,,,,,,33780.0,27.0,31.0,583.0,-535815669.0,170.0,-135.0,37.0,-98.0,-9.0,9916.0
527,33793.0,44036.0,54839.0,48770.0,51246.0,33792.0,3.420527935028076,,,,,,,,0.5239382172154954,-0.05198502155285521,0.5,8.736172199249268,,-1.4951734619140624,0.024607742309570312,0.5897892456054687,,,,,,,,33790.0,30.0,27.0,584.0,-534768118.0,173.0,-140.0,38.0,80.0,43.0,9906.0
528,33803.0,43855.0,54710.0,48922.0,51342.0,33802.0,3.420527935028076,,,,,,,,0.5282801962709774,-0.05265025262999572,0.5,8.749125003814697,,-1.4935484619140624,0.022600654602050782,0.590010986328125,,,,,,,,33800.0,33.0,25.0,584.0,-534768118.0,176.0,-142.0,38.0,8.0,15.0,9537.0
529,33813.0,44417.0,54495.0,48438.0,51695.0,33812.0,3.420527935028076,,,,,,,,0.5326348716765189,-0.05330427965779952,0.5,8.761457443237305,,-1.4919609375,0.021132930755615235,0.5899720458984375,,,,,,,,33810.0,33.0,24.0,584.0,-533720566.0,175.0,-140.0,36.0,-52.0,-49.0,9568.0
530,33823.0,43971.0,54515.0,48765.0,51783.0,33822.0,3.420527935028076,,,,,,,,0.5370019461449357,-0.05394419774561132,0.5,8.773618459701538,,-1.489923095703125,0.019026060104370118,0.5903079223632812,,,,,,,,33820.0,35.0,24.0,585.0,-533720566.0,177.0,-137.0,33.0,-20.0,54.0,9519.0
531,33833.0,44164.0,54640.0,48816.0,51719.0,33832.0,3.420527935028076,,,,,,,,0.5413811080745335,-0.05456758238874623,0.5,8.786252975463867,,-1.4890618896484376,0.017815717697143553,0.5909329223632812,,,,,,,,33830.0,36.0,22.0,584.0,-532671990.0,176.0,-137.0,28.0,160.0,206.0,9576.0
532,33843.0,43923.0,54212.0,49093.0,52254.0,33842.0,3.420527935028076,,,,,,,,0.5457720536013816,-0.05517268910316582,0.5,8.798912763595581,,-1.486745361328125,0.01531103515625,0.5906974487304687,,,,,,,,33840.0,37.0,20.0,585.0,-532671990.0,175.0,-137.0,25.0,-16.0,3.0,9495.0
533,33853.0,44701.0,54565.0,48644.0,52062.0,33852.0,3.4152493476867676,,,,,,,,0.550174507315823,-0.0557585882721332,0.5,8.81102967262268,,-1.4856546630859375,0.01413099479675293,0.591217529296875,,,,,,,,33850.0,39.0,19.0,585.0,-531623415.0,176.0,-136.0,22.0,-103.0,46.0,9441.0
534,33863.0,43750.0,54133.0,49496.0,52639.0,33862.0,3.4152493476867676,,,,,,,,0.5545882398731873,-0.05632522547675499,0.5,8.823368310928345,,-1.4832591552734375,0.011814446449279785,0.591026123046875,,,,,,,,33860.0,40.0,19.0,585.0,-531623415.0,177.0,-132.0,19.0,14.0,158.0,9480.0
535,33873.0,43238.0,54241.0,49754.0,52423.0,33872.0,3.4152493476867676,,,,,,,,0.5590130810598064,-0.056873404304331035,0.5,8.835966348648071,,-1.4818828125,0.010447480201721192,0.59097412109375,,,,,,,,33870.0,44.0,15.0,586.0,-530574839.0,183.0,-136.0,21.0,-57.0,58.0,9633.0
536,33883.0,43720.0,54547.0,49409.0,52066.0,33882.0,3.4152493476867676,,,,,,,,0.5634489273270283,-0.057404695344765236,0.5,8.848778009414673,,-1.4809072265625,0.009154437065124511,0.5911345825195312,,,,,,,,33880.0,46.0,12.0,586.0,-529526263.0,183.0,-137.0,19.0,1.0,154.0,9596.0
537,33893.0,42730.0,54911.0,50182.0,51661.0,33892.0,3.4152493476867676,,,,,,,,0.5678957432984243,-0.05792128134202898,0.5,8.861773014068604,,-1.4786451416015625,0.007007013797760009,0.5914848022460938,,,,,,,,33890.0,47.0,11.0,587.0,-529526263.0,184.0,-134.0,17.0,-107.0,129.0,9653.0
538,33903.0,43174.0,54516.0,49845.0,52171.0,33902.0,3.4152493476867676,,,,,,,,0.572353556796257,-0.05842575423451432,0.5,8.874175071716309,,-1.476908935546875,0.005223984718322754,0.5918126831054688,,,,,,,,33900.0,49.0,11.0,587.0,-528477687.0,185.0,-129.0,16.0,56.0,282.0,9898.0
539,33913.0,42097.0,54502.0,50730.0,52133.0,33912.0,3.4152493476867676,,,,,,,,0.5768224496628763,-0.058920881492017435,0.5,8.886913061141968,,-1.475091552734375,0.0036077930927276613,0.5914125366210937,,,,,,,,33910.0,50.0,10.0,587.0,-527429111.0,185.0,-127.0,15.0,95.0,147.0,9817.0
540,33923.0,42731.0,54829.0,50284.0,51696.0,33922.0,3.4152493476867676,,,,,,,,0.5813025500562669,-0.05940954123199761,0.5,8.899564504623413,,-1.473558349609375,0.0012111532688140868,0.5918766479492188,,,,,,,,33920.0,51.0,10.0,587.0,-526381559.0,183.0,-123.0,14.0,124.0,262.0,9507.0
541,33933.0,42726.0,55171.0,50394.0,51261.0,33932.0,3.4152493476867676,,,,,,,,0.5857940213527755,-0.05989467959822321,0.5,8.911757230758667,,-1.472111572265625,0.0007022424936294556,0.5919282836914063,,,,,,,,33930.0,52.0,6.0,587.0,-526381560.0,182.0,-124.0,11.0,84.0,242.0,9532.0
542,33943.0,42969.0,54968.0,50285.0,51580.0,33942.0,3.4152493476867676,,,,,,,,0.5902970478875642,-0.06037926618001707,0.5,8.923905849456787,,-1.469516357421875,-0.0014834491014480591,0.5916338500976562,,,,,,,,33940.0,52.0,6.0,587.0,-525334008.0,180.0,-120.0,9.0,-17.0,251.0,9568.0
543,33953.0,43455.0,55037.0,49922.0,51563.0,33952.0,3.4152493476867676,,,,,,,,0.5948118188848791,-0.060866248046395136,0.5,8.9358069896698,,-1.4681976318359375,-0.0026281135082244873,0.5916508178710937,,,,,,,,33950.0,57.0,3.0,587.0,-525334008.0,186.0,-120.0,7.0,144.0,421.0,9735.0
544,33963.0,43790.0,55054.0,50096.0,51825.0,33962.0,3.4152493476867676,,,,,,,,0.5993385120603708,-0.06135850301376153,0.5,8.949137687683105,,-1.466883056640625,-0.003940004587173462,0.5919174194335938,,,,,,,,33960.0,57.0,1.0,586.0,-524285432.0,184.0,-118.0,-2.0,-48.0,410.0,9843.0
545,33973.0,44984.0,55223.0,49175.0,51863.0,33972.0,3.409970760345459,,,,,,,,0.603877278368687,-0.061858792804249246,0.5,8.964596033096313,,-1.4648460693359375,-0.005644890308380127,0.5917061157226563,,,,,,,,33970.0,60.0,0.0,586.0,-524286456.0,186.0,-116.0,-2.0,-81.0,260.0,9843.0
546,33983.0,45027.0,55242.0,49130.0,51826.0,33982.0,3.409970760345459,,,,,,,,0.608428229226131,-0.06236971678534284,0.5,8.97998332977295,,-1.46269140625,-0.007322165966033935,0.5915946655273437,,,,,,,,33980.0,62.0,-1.0,586.0,-524286456.0,187.0,-113.0,-2.0,5.0,326.0,9727.0
547,33993.0,45485.0,55217.0,48727.0,52204.0,33992.0,3.4046921730041504,,,,,,,,0.6129914272768213,-0.0628936670078937,0.5,8.992312669754028,,-1.4616177978515625,-0.008328279495239259,0.59188916015625,,,,,,,,33990.0,64.0,-2.0,586.0,-524286456.0,187.0,-110.0,-3.0,-21.0,280.0,9810.0
548,34003.0,45215.0,55218.0,49438.0,52818.0,34002.0,3.4046921730041504,,,,,,,,0.6175668814177606,-0.06343278527686858,0.5,9.00411605834961,,-1.45925341796875,-0.010206851959228515,0.5914462280273437,,,,,,,,34000.0,66.0,-3.0,583.0,-524286456.0,187.0,-106.0,-17.0,-48.0,321.0,9795.0
549,34013.0,44795.0,55392.0,49709.0,52672.0,34012.0,3.4046921730041504,,,,,,,,0.6221545463871552,-0.06398892299508596,0.5,9.016852617263794,,-1.4582596435546875,-0.011144954681396485,0.5916005249023437,,,,,,,,34010.0,64.0,0.0,583.0,-524285432.0,182.0,-94.0,-17.0,-132.0,339.0,9798.0
550,34023.0,45223.0,55722.0,49396.0,52565.0,34022.0,3.399413585662842,,,,,,,,0.6267543267893226,-0.06456360451290188,0.5,9.029480218887329,,-1.455796875,-0.012595826148986817,0.591582275390625,,,,,,,,34020.0,66.0,0.0,583.0,-524285432.0,181.0,-91.0,-18.0,-35.0,232.0,9780.0
551,34033.0,45902.0,55693.0,48998.0,52782.0,34032.0,3.394134998321533,,,,,,,,0.6313660850179877,-0.06515799469468558,0.5,9.041415452957153,,-1.4544725341796876,-0.013597172737121582,0.5914559936523438,,,,,,,,34030.0,68.0,-1.0,582.0,-524285432.0,184.0,-87.0,-18.0,-78.0,123.0,9887.0
552,34043.0,45368.0,55692.0,49267.0,52788.0,34042.0,3.394134998321533,,,,,,,,0.635989652185015,-0.06577287137472382,0.5,9.053720235824585,,-1.4523590087890625,-0.015312506675720214,0.5910826416015625,,,,,,,,34040.0,68.0,-1.0,583.0,-524285432.0,181.0,-84.0,-16.0,26.0,222.0,9841.0
553,34053.0,44482.0,55568.0,49909.0,53016.0,34052.0,3.394134998321533,,,,,,,,0.6406248408957222,-0.06640860332011422,0.5,9.066624164581299,,-1.450740478515625,-0.016976320266723632,0.591210205078125,,,,,,,,34050.0,71.0,-2.0,582.0,-524284408.0,184.0,-80.0,-16.0,14.0,246.0,9759.0
554,34063.0,44886.0,55705.0,49512.0,52882.0,34062.0,3.394134998321533,,,,,,,,0.6452714585588135,-0.06706513424602718,0.5,9.079187393188477,,-1.448286376953125,-0.017727296829223634,0.5907456665039063,,,,,,,,34060.0,73.0,-3.0,582.0,-524284408.0,185.0,-77.0,-16.0,-40.0,183.0,9849.0
555,34073.0,44433.0,55785.0,49747.0,52889.0,34072.0,3.394134998321533,,,,,,,,0.6499293198931616,-0.06774197334081264,0.5,9.092232704162598,,-1.4465667724609375,-0.018854873657226563,0.5910147094726562,,,,,,,,34070.0,79.0,-6.0,582.0,-525332984.0,194.0,-78.0,-16.0,51.0,225.0,9849.0
556,34083.0,44916.0,55718.0,49323.0,52966.0,34082.0,3.394134998321533,,,,,,,,0.6545982573963001,-0.06843819266960131,0.5,9.104530811309814,,-1.4452542724609374,-0.019706798553466798,0.5912916259765625,,,,,,,,34080.0,82.0,-7.0,583.0,-525332983.0,196.0,-76.0,-8.0,40.0,213.0,9887.0
557,34093.0,44223.0,55695.0,49573.0,52640.0,34092.0,3.394134998321533,,,,,,,,0.6592781287514375,-0.06915243170335661,0.5,9.117312908172607,,-1.443470458984375,-0.021463123321533203,0.590569580078125,,,,,,,,34090.0,84.0,-8.0,583.0,-525332983.0,197.0,-73.0,-6.0,-136.0,255.0,9735.0
558,34103.0,43924.0,56082.0,49736.0,52173.0,34102.0,3.394134998321533,,,,,,,,0.6639688204695112,-0.06988290907795768,0.5,9.129815816879272,,-1.44119384765625,-0.022045906066894532,0.5902128295898438,,,,,,,,34100.0,81.0,-10.0,583.0,-525332983.0,188.0,-71.0,-6.0,-108.0,210.0,9898.0
559,34113.0,44278.0,55580.0,49361.0,52580.0,34112.0,3.399413585662842,,,,,,,,0.6686702474475961,-0.07062744154956674,0.5,9.141968727111816,,-1.4395865478515626,-0.022944570541381836,0.5903312377929687,,,,,,,,34110.0,85.0,-10.0,583.0,-525332983.0,192.0,-68.0,-6.0,17.0,220.0,9904.0
560,34123.0,44386.0,55749.0,49143.0,52397.0,34122.0,3.399413585662842,,,,,,,,0.6733823485398068,-0.07138346997237469,0.5,9.154149532318115,,-1.4376849365234374,-0.023944936752319335,0.5905050048828125,,,,,,,,34120.0,87.0,-11.0,583.0,-525334007.0,193.0,-65.0,-5.0,-35.0,274.0,9937.0
561,34133.0,43539.0,55751.0,49657.0,52275.0,34132.0,3.399413585662842,,,,,,,,0.6781050786429162,-0.07214809198768776,0.5,9.167174577713013,,-1.4365908203125,-0.024500995635986327,0.5904915771484375,,,,,,,,34130.0,83.0,-12.0,583.0,-525334007.0,183.0,-63.0,-2.0,-13.0,322.0,9843.0
562,34143.0,42798.0,55827.0,50110.0,51902.0,34142.0,3.4046921730041504,,,,,,,,0.6828383981580227,-0.07291810098445706,0.5,9.179803371429443,,-1.433604248046875,-0.02606431770324707,0.59001513671875,,,,,,,,34140.0,86.0,-14.0,583.0,-525334007.0,186.0,-63.0,-1.0,-2.0,208.0,9849.0
563,34153.0,44072.0,55637.0,49008.0,52204.0,34152.0,3.4046921730041504,,,,,,,,0.6875822609679604,-0.07369003077551427,0.5,9.191646099090576,,-1.4321934814453126,-0.026797208786010742,0.5899976806640626,,,,,,,,34150.0,84.0,-14.0,583.0,-525335030.0,181.0,-59.0,-1.0,4.0,146.0,10026.0
564,34163.0,43684.0,55296.0,49228.0,52637.0,34162.0,3.4046921730041504,,,,,,,,0.6923366022415575,-0.07446020533466692,0.5,9.204834938049316,,-1.4298734130859374,-0.027888206481933592,0.5897699584960937,,,,,,,,34160.0,90.0,-15.0,583.0,-525335030.0,189.0,-56.0,0.0,-19.0,156.0,9902.0
565,34173.0,43931.0,54808.0,48532.0,52845.0,34172.0,3.4046921730041504,,,,,,,,0.697101327423877,-0.07522479285959988,0.5,9.217815160751343,,-1.428814208984375,-0.02841697883605957,0.58967822265625,,,,,,,,34170.0,94.0,-14.0,585.0,-525334006.0,192.0,-51.0,10.0,-78.0,92.0,9843.0
566,34183.0,43575.0,54725.0,48874.0,52833.0,34182.0,3.4046921730041504,,,,,,,,0.7018763030905958,-0.07597986378065925,0.5,9.230193853378296,,-1.4264232177734375,-0.029394681930541993,0.590072265625,,,,,,,,34180.0,99.0,-13.0,585.0,-525334006.0,198.0,-46.0,11.0,-46.0,180.0,9881.0
567,34193.0,44773.0,54783.0,47643.0,52560.0,34192.0,3.409970760345459,,,,,,,,0.7066613520461542,-0.07672145151012102,0.5,9.242287158966064,,-1.425056640625,-0.02996211624145508,0.5901039428710938,,,,,,,,34190.0,101.0,-14.0,586.0,-525334006.0,198.0,-43.0,11.0,23.0,139.0,9743.0
568,34203.0,44342.0,54841.0,47964.0,52528.0,34202.0,3.409970760345459,,,,,,,,0.711456263932824,-0.07744588979962304,0.5,9.254332542419434,,-1.4225623779296874,-0.031006412506103517,0.5899419555664063,,,,,,,,34200.0,100.0,-16.0,586.0,-526381558.0,194.0,-43.0,11.0,55.0,184.0,9922.0
569,34213.0,44995.0,55119.0,47305.0,52110.0,34212.0,3.409970760345459,,,,,,,,0.716260808932181,-0.07815012614659987,0.5,9.266888856887817,,-1.42100927734375,-0.0320522575378418,0.589799072265625,,,,,,,,34210.0,102.0,-16.0,586.0,-526381558.0,195.0,-40.0,13.0,-8.0,182.0,10008.0
570,34223.0,44890.0,55210.0,47253.0,51862.0,34222.0,3.409970760345459,,,,,,,,0.721074752769008,-0.07883197271728087,0.5,9.279596090316772,,-1.4191072998046874,-0.032726242065429685,0.5897735595703125,,,,,,,,34220.0,103.0,-18.0,586.0,-526381558.0,193.0,-39.0,15.0,-12.0,148.0,9965.0
571,34233.0,44527.0,55246.0,47479.0,51776.0,34232.0,3.409970760345459,,,,,,,,0.7258978716519271,-0.0794902749622939,0.5,9.291543245315552,,-1.4169461669921875,-0.033295326232910157,0.5895013427734375,,,,,,,,34230.0,105.0,-18.0,586.0,-527429110.0,194.0,-37.0,16.0,34.0,265.0,9820.0
572,34243.0,43693.0,55395.0,47949.0,51403.0,34242.0,3.4152493476867676,,,,,,,,0.7307299658375852,-0.08012498583283871,0.5,9.303745746612549,,-1.4146788330078126,-0.03414517211914062,0.5893333129882813,,,,,,,,34240.0,107.0,-19.0,586.0,-527429110.0,195.0,-34.0,17.0,-64.0,119.0,9828.0
573,34253.0,43700.0,55289.0,47961.0,51471.0,34252.0,3.4152493476867676,,,,,,,,0.735570870676797,-0.0807371420028843,0.5,9.316442251205444,,-1.4134429931640624,-0.034844539642333985,0.5893467407226562,,,,,,,,34250.0,109.0,-19.0,587.0,-528477686.0,197.0,-32.0,17.0,-38.0,116.0,9776.0
574,34263.0,42663.0,55795.0,49055.0,51029.0,34262.0,3.4152493476867676,,,,,,,,0.7404204642761171,-0.08132874694338889,0.5,9.329247951507568,,-1.4112261962890624,-0.035460647583007814,0.589270751953125,,,,,,,,34260.0,92.0,-20.0,585.0,-528478709.0,164.0,-30.0,10.0,-42.0,134.0,9833.0
575,34273.0,42552.0,55343.0,49056.0,51671.0,34272.0,3.4152493476867676,,,,,,,,0.7452786712089151,-0.08190257357580795,0.5,9.341578006744385,,-1.4086495361328124,-0.03599893188476563,0.5894796142578125,,,,,,,,34270.0,93.0,-20.0,586.0,-528478709.0,165.0,-28.0,11.0,-97.0,173.0,9862.0
576,34283.0,42553.0,55364.0,49081.0,51566.0,34282.0,3.4152493476867676,,,,,,,,0.7501454615192943,-0.08246190665522886,0.5,9.35359001159668,,-1.407251220703125,-0.03644551086425781,0.5893956298828125,,,,,,,,34280.0,95.0,-20.0,586.0,-529527285.0,166.0,-26.0,11.0,-67.0,36.0,9807.0
577,34293.0,44501.0,54551.0,47515.0,52496.0,34292.0,3.4152493476867676,,,,,,,,0.7550208470570603,-0.08301024648114304,0.5,9.366536140441895,,-1.4056954345703125,-0.03684255599975586,0.58933837890625,,,,,,,,34290.0,115.0,-21.0,586.0,-529526261.0,199.0,-26.0,11.0,-81.0,-74.0,9872.0
578,34303.0,44532.0,54673.0,47628.0,52671.0,34302.0,3.409970760345459,,,,,,,,0.7599048779375696,-0.08355120184591626,0.5,9.379143476486206,,-1.402984375,-0.038412857055664065,0.58926318359375,,,,,,,,34300.0,117.0,-22.0,585.0,-529525237.0,200.0,-24.0,9.0,-18.0,26.0,9781.0
579,34313.0,44646.0,54304.0,47557.0,53020.0,34312.0,3.409970760345459,,,,,,,,0.7647976359745084,-0.08408843570028483,0.5,9.391252756118774,,-1.400169677734375,-0.0385978889465332,0.5886849975585937,,,,,,,,34310.0,120.0,-22.0,585.0,-529525237.0,204.0,-22.0,9.0,215.0,81.0,9738.0
580,34323.0,44616.0,54665.0,47507.0,52671.0,34322.0,3.409970760345459,,,,,,,,0.7696992248038965,-0.08462560871948953,0.5,9.40334153175354,,-1.39866455078125,-0.03904933547973633,0.5884564819335938,,,,,,,,34320.0,122.0,-22.0,586.0,-529524213.0,205.0,-20.0,8.0,172.0,111.0,9682.0
581,34333.0,44493.0,54808.0,47653.0,52509.0,34332.0,3.409970760345459,,,,,,,,0.7746097577844945,-0.08516632152196522,0.5,9.415887594223022,,-1.3971944580078124,-0.039463138580322264,0.58866455078125,,,,,,,,34330.0,124.0,-22.0,586.0,-529524213.0,207.0,-19.0,6.0,132.0,152.0,9743.0
582,34343.0,44518.0,55143.0,47587.0,52148.0,34342.0,3.409970760345459,,,,,,,,0.7795293449377171,-0.08571405635148689,0.5,9.428500175476074,,-1.3950491943359375,-0.04064499664306641,0.5887813720703124,,,,,,,,34340.0,125.0,-26.0,585.0,-530571765.0,206.0,-22.0,2.0,32.0,-65.0,9706.0
583,34353.0,44050.0,55313.0,48049.0,52123.0,34352.0,3.409970760345459,,,,,,,,0.7844580802420297,-0.08627211908041925,0.5,9.441025257110596,,-1.3930938720703125,-0.040488372802734374,0.5885182495117187,,,,,,,,34350.0,127.0,-26.0,585.0,-530571765.0,208.0,-21.0,1.0,101.0,50.0,9743.0
584,34363.0,43799.0,55599.0,48272.0,51754.0,34362.0,3.409970760345459,,,,,,,,0.7893960305214105,-0.08684358243078556,0.5,9.45295524597168,,-1.3905439453125,-0.04107395172119141,0.5880654296875,,,,,,,,34360.0,129.0,-26.0,585.0,-530571765.0,209.0,-20.0,0.0,76.0,43.0,9665.0
585,34373.0,43248.0,55513.0,48873.0,52098.0,34372.0,3.4046921730041504,,,,,,,,0.7943432269753838,-0.08743123133772228,0.5,9.465517044067383,,-1.3886591796875,-0.04154607009887695,0.5880635375976563,,,,,,,,34370.0,130.0,-26.0,585.0,-530571765.0,209.0,-17.0,0.0,68.0,-9.0,9761.0
586,34383.0,43020.0,55734.0,49016.0,51820.0,34382.0,3.4046921730041504,,,,,,,,0.7992996601099847,-0.08803751139305287,0.5,9.480681419372559,,-1.38734912109375,-0.04200970840454102,0.5881063232421875,,,,,,,,34380.0,130.0,-27.0,585.0,-531620341.0,208.0,-17.0,0.0,55.0,-60.0,9797.0
587,34393.0,43055.0,55923.0,49493.0,51874.0,34392.0,3.409970760345459,,,,,,,,0.8042652784735803,-0.08866448130207098,0.5,9.493098735809326,,-1.3850296630859376,-0.04231364059448242,0.587822998046875,,,,,,,,34390.0,132.0,-27.0,582.0,-531621365.0,210.0,-16.0,-14.0,83.0,-43.0,9816.0
588,34403.0,43012.0,55999.0,49493.0,51768.0,34402.0,3.409970760345459,,,,,,,,0.8092399912132971,-0.08931377026165575,0.5,9.506190776824951,,-1.3819039306640626,-0.043018150329589847,0.5874707641601562,,,,,,,,34400.0,135.0,-26.0,582.0,-531621365.0,213.0,-13.0,-14.0,11.0,0.0,9872.0
589,34413.0,43900.0,55625.0,48887.0,52474.0,34412.0,3.4046921730041504,,,,,,,,0.8142236740842482,-0.08998654112087197,0.5,9.518822193145752,,-1.380198974609375,-0.043394515991210934,0.5873639526367187,,,,,,,,34410.0,139.0,-27.0,582.0,-531621365.0,218.0,-13.0,-14.0,-107.0,-75.0,9676.0
590,34423.0,43638.0,55624.0,49050.0,52598.0,34422.0,3.4046921730041504,,,,,,,,0.819216178201766,-0.09068346011557475,0.5,9.531239986419678,,-1.3780106201171876,-0.043882068634033204,0.5875216674804687,,,,,,,,34420.0,142.0,-28.0,582.0,-531622388.0,220.0,-12.0,-15.0,-65.0,14.0,9638.0
591,34433.0,45051.0,55946.0,48507.0,52561.0,34432.0,3.4046921730041504,,,,,,,,0.8242173405595449,-0.09140467387669778,0.5,9.544181108474731,,-1.376047607421875,-0.0443802604675293,0.5869628295898438,,,,,,,,34430.0,145.0,-28.0,580.0,-531622388.0,224.0,-10.0,-28.0,2.0,31.0,9788.0
592,34443.0,45409.0,55933.0,48225.0,52563.0,34442.0,3.4046921730041504,,,,,,,,0.8292269951702804,-0.09214979429953817,0.5,9.55716848373413,,-1.37342578125,-0.044744384765625,0.5867581176757812,,,,,,,,34440.0,148.0,-28.0,579.0,-531622388.0,225.0,-9.0,-28.0,-51.0,-110.0,9861.0
593,34453.0,45470.0,56200.0,48319.0,52393.0,34452.0,3.399413585662842,,,,,,,,0.8342449836399107,-0.09291789174300448,0.5,9.569117069244385,,-1.3705086669921875,-0.04532846069335938,0.5866347045898438,,,,,,,,34450.0,150.0,-28.0,579.0,-531623412.0,227.0,-7.0,-28.0,38.0,56.0,9800.0
594,34463.0,44630.0,55955.0,49129.0,52959.0,34462.0,3.394134998321533,,,,,,,,0.8392711640523722,-0.0937074969034304,0.5,9.581498861312866,,-1.3688739013671876,-0.04583987808227539,0.5865037231445313,,,,,,,,34460.0,143.0,-29.0,579.0,-531623412.0,211.0,-8.0,-28.0,17.0,33.0,9682.0
595,34473.0,44917.0,56243.0,48654.0,52386.0,34472.0,3.394134998321533,,,,,,,,0.8443054172293757,-0.0945166115237145,0.5,9.59371829032898,,-1.3673526611328124,-0.04656758499145508,0.5865093994140625,,,,,,,,34470.0,145.0,-29.0,580.0,-532671988.0,212.0,-6.0,-23.0,-157.0,-52.0,9632.0
596,34483.0,44224.0,56177.0,49140.0,52336.0,34482.0,3.399413585662842,,,,,,,,0.8493476497173575,-0.09534272793311967,0.5,9.60674786567688,,-1.364476318359375,-0.046442310333251954,0.58609033203125,,,,,,,,34480.0,147.0,-29.0,579.0,-532671988.0,213.0,-5.0,-24.0,-146.0,0.0,9851.0
597,34493.0,44878.0,55637.0,48569.0,53090.0,34492.0,3.399413585662842,,,,,,,,0.8543977932080162,-0.09618285725158225,0.5,9.619118213653564,,-1.3622662353515624,-0.04688218307495117,0.5860040893554688,,,,,,,,34490.0,159.0,-31.0,579.0,-532671988.0,232.0,-8.0,-24.0,-10.0,-5.0,9861.0
598,34503.0,44047.0,55506.0,49237.0,53297.0,34502.0,3.399413585662842,,,,,,,,0.8594558004862541,-0.09703356593757397,0.5,9.631435871124268,,-1.3600572509765625,-0.04737025451660156,0.585635009765625,,,,,,,,34500.0,161.0,-31.0,579.0,-532671988.0,233.0,-7.0,-24.0,3.0,-60.0,9673.0
599,34513.0,44416.0,55967.0,49041.0,52959.0,34512.0,3.394134998321533,,,,,,,,0.864521638381247,-0.09789102021551276,0.5,9.643611192703247,,-1.3585137939453125,-0.048109878540039064,0.58559619140625,,,,,,,,34510.0,162.0,-31.0,579.0,-532671988.0,231.0,-6.0,-23.0,18.0,-22.0,9922.0
600,34523.0,44707.0,55844.0,48708.0,52733.0,34522.0,3.399413585662842,,,,,,,,0.8695952785345513,-0.09875103779148513,0.5,9.6580228805542,,-1.354980224609375,-0.048099952697753905,0.585244140625,,,,,,,,34520.0,165.0,-31.0,579.0,-532671988.0,233.0,-5.0,-22.0,-48.0,-121.0,9860.0
601,34533.0,43913.0,55872.0,49448.0,52946.0,34532.0,3.394134998321533,,,,,,,,0.8746766870596081,-0.09960914615715506,0.5,9.67085075378418,,-1.35342138671875,-0.04829730224609375,0.5851347045898437,,,,,,,,34530.0,166.0,-31.0,578.0,-532671988.0,232.0,-3.0,-22.0,35.0,-66.0,9693.0
602,34543.0,43941.0,55930.0,49394.0,52665.0,34542.0,3.399413585662842,,,,,,,,0.879765814239398,-0.10046064673899875,0.5,9.683908224105835,,-1.3508515625,-0.04859464645385742,0.5847073974609375,,,,,,,,34540.0,167.0,-31.0,578.0,-532671988.0,232.0,-2.0,-24.0,-45.0,-76.0,9766.0
603,34553.0,43407.0,55901.0,49787.0,52710.0,34552.0,3.399413585662842,,,,,,,,0.8848625850487247,-0.10130068470965749,0.5,9.697743892669678,,-1.34899658203125,-0.049001262664794924,0.58471923828125,,,,,,,,34550.0,169.0,-31.0,578.0,-532671988.0,232.0,0.0,-24.0,-20.0,17.0,9869.0
604,34563.0,43631.0,55782.0,49545.0,52744.0,34562.0,3.399413585662842,,,,,,,,0.8899668945458946,-0.10212439323409662,0.5,9.710069417953491,,-1.34589990234375,-0.049444576263427735,0.5844552612304688,,,,,,,,34560.0,170.0,-31.0,578.0,-532673012.0,230.0,-1.0,-21.0,54.0,81.0,9793.0
605,34573.0,44189.0,55741.0,49161.0,52717.0,34572.0,3.399413585662842,,,,,,,,0.8950786125576068,-0.10292732116539001,0.5,9.722671270370483,,-1.344157958984375,-0.04966206359863281,0.58431884765625,,,,,,,,34570.0,178.0,-31.0,578.0,-532673012.0,242.0,0.0,-21.0,-15.0,-104.0,9756.0
606,34583.0,44701.0,55865.0,48859.0,52508.0,34582.0,3.399413585662842,,,,,,,,0.9001975904725562,-0.10370581193760357,0.5,9.735694169998169,,-1.3411478271484376,-0.05015956115722656,0.583904296875,,,,,,,,34580.0,181.0,-31.0,578.0,-532673012.0,243.0,1.0,-21.0,-24.0,-73.0,9785.0
607,34593.0,44430.0,55991.0,49116.0,52292.0,34592.0,3.399413585662842,,,,,,,,0.905323669461796,-0.10445730230799376,0.5,9.750149488449097,,-1.340127197265625,-0.05013279724121094,0.58433154296875,,,,,,,,34590.0,183.0,-31.0,578.0,-532673012.0,243.0,2.0,-22.0,-90.0,-95.0,9782.0
608,34603.0,44106.0,55955.0,49504.0,52471.0,34602.0,3.399413585662842,,,,,,,,0.9104566893368747,-0.10518051756916737,0.5,9.762893438339233,,-1.3378861083984375,-0.05062385940551758,0.5842215576171875,,,,,,,,34600.0,182.0,-32.0,577.0,-532674036.0,238.0,2.0,-24.0,-40.0,-112.0,9789.0
609,34613.0,43890.0,56116.0,49601.0,52293.0,34612.0,3.399413585662842,,,,,,,,0.9155964972336773,-0.10587554953132484,0.5,9.776174545288086,,-1.334760009765625,-0.050972881317138674,0.5836337890625,,,,,,,,34610.0,184.0,-32.0,577.0,-532674036.0,238.0,3.0,-24.0,-102.0,6.0,9942.0
610,34623.0,44324.0,55987.0,49282.0,52447.0,34622.0,3.399413585662842,,,,,,,,0.920742955367098,-0.10654381406208895,0.5,9.788906335830688,,-1.33192333984375,-0.05135347747802734,0.5835984497070312,,,,,,,,34620.0,186.0,-31.0,577.0,-532674036.0,239.0,6.0,-23.0,-8.0,34.0,9751.0
611,34633.0,44515.0,56131.0,49133.0,52185.0,34632.0,3.399413585662842,,,,,,,,0.9258959472322369,-0.10718789522113913,0.5,9.801167964935303,,-1.3298685302734374,-0.05160176849365234,0.58352978515625,,,,,,,,34630.0,189.0,-31.0,576.0,-532674036.0,239.0,6.0,-23.0,-27.0,-16.0,9697.0
612,34643.0,44371.0,56043.0,49280.0,52309.0,34642.0,3.399413585662842,,,,,,,,0.9310553817651148,-0.10781129263321758,0.5,9.813566446304321,,-1.327548583984375,-0.051873184204101565,0.5835643920898438,,,,,,,,34640.0,190.0,-30.0,576.0,-532675060.0,237.0,8.0,-22.0,-60.0,44.0,9859.0
613,34653.0,45528.0,56184.0,48488.0,52215.0,34652.0,3.394134998321533,,,,,,,,0.9362211945658575,-0.10841809786363095,0.5,9.826794385910034,,-1.325392578125,-0.05220653915405273,0.583378662109375,,,,,,,,34650.0,194.0,-31.0,576.0,-533723636.0,241.0,8.0,-22.0,-107.0,-56.0,9804.0
614,34663.0,45121.0,55848.0,48739.0,52785.0,34662.0,3.394134998321533,,,,,,,,0.9413933481698392,-0.10901262609949768,0.5,9.839478492736816,,-1.322594970703125,-0.052481964111328126,0.5833350219726563,,,,,,,,34660.0,197.0,-31.0,576.0,-533723636.0,242.0,8.0,-22.0,-101.0,-76.0,9899.0
615,34673.0,44606.0,56272.0,49148.0,52202.0,34672.0,3.394134998321533,,,,,,,,0.9465718286686917,-0.10959927319892167,0.5,9.85171127319336,,-1.320840087890625,-0.05296324920654297,0.5836707153320313,,,,,,,,34670.0,198.0,-31.0,576.0,-533723636.0,240.0,10.0,-22.0,-121.0,44.0,10013.0
616,34683.0,44249.0,56042.0,49349.0,52479.0,34682.0,3.394134998321533,,,,,,,,0.9517566386213947,-0.11018244828224578,0.5,9.866286277770996,,-1.3184503173828126,-0.052982166290283204,0.5831969604492188,,,,,,,,34680.0,200.0,-30.0,575.0,-533722612.0,240.0,11.0,-19.0,-127.0,4.0,9958.0
617,34693.0,44684.0,56081.0,48814.0,52357.0,34692.0,3.394134998321533,,,,,,,,0.9569477875990873,-0.11076650437566717,0.5,9.878939390182495,,-1.3159207763671874,-0.053213027954101565,0.5831060791015625,,,,,,,,34690.0,203.0,-31.0,576.0,-534771188.0,241.0,11.0,-15.0,-9.0,-73.0,9869.0
618,34703.0,45312.0,55884.0,48181.0,52615.0,34702.0,3.394134998321533,,,,,,,,0.9621452815972793,-0.11135566805818979,0.5,9.891463041305542,,-1.31389990234375,-0.05344838333129883,0.5830031127929688,,,,,,,,34700.0,205.0,-30.0,575.0,-534771188.0,241.0,12.0,-15.0,-12.0,-162.0,10019.0
619,34713.0,44515.0,55822.0,48841.0,52716.0,34712.0,3.394134998321533,,,,,,,,0.9673491126301239,-0.1119539691421874,0.5,9.903695106506348,,-1.3112708740234376,-0.053666645050048825,0.582736572265625,,,,,,,,34710.0,208.0,-30.0,575.0,-534771188.0,242.0,12.0,-14.0,-70.0,-39.0,9865.0
620,34723.0,44034.0,56020.0,49169.0,52431.0,34722.0,3.394134998321533,,,,,,,,0.9725592497679001,-0.11256517147661803,0.5,9.916388273239136,,-1.3090506591796875,-0.054589763641357425,0.5831738891601562,,,,,,,,34720.0,210.0,-30.0,575.0,-534771188.0,242.0,13.0,-13.0,-14.0,-108.0,9887.0
621,34733.0,44258.0,55951.0,49451.0,52827.0,34732.0,3.394134998321533,,,,,,,,0.9777756326983837,-0.11319270600717739,0.5,9.929307222366333,,-1.30549462890625,-0.054306926727294924,0.582720703125,,,,,,,,34730.0,207.0,-27.0,573.0,-534771188.0,234.0,19.0,-22.0,-36.0,-54.0,9930.0
622,34743.0,43994.0,55898.0,49529.0,52657.0,34742.0,3.399413585662842,,,,,,,,0.9829981686054674,-0.11383960725402807,0.5,9.943623065948486,,-1.3040841064453126,-0.05416381454467773,0.5826212158203125,,,,,,,,34740.0,210.0,-27.0,573.0,-534771188.0,235.0,19.0,-20.0,-78.0,-82.0,9942.0
623,34753.0,44716.0,55675.0,48988.0,53132.0,34752.0,3.394134998321533,,,,,,,,0.9882267327937064,-0.11450845437023578,0.5,9.958468675613403,,-1.302072998046875,-0.05454027557373047,0.5826497192382812,,,,,,,,34750.0,218.0,-28.0,573.0,-534771188.0,246.0,17.0,-19.0,-54.0,-2.0,9938.0
624,34763.0,44437.0,55865.0,49230.0,52824.0,34762.0,3.394134998321533,,,,,,,,0.9934611730818317,-0.11520131791863718,0.5,9.973544597625732,,-1.299515869140625,-0.05543572998046875,0.5829977416992187,,,,,,,,34760.0,221.0,-28.0,573.0,-535819764.0,247.0,17.0,-18.0,-66.0,-161.0,9956.0
625,34773.0,44354.0,56023.0,49324.0,52509.0,34772.0,3.394134998321533,,,,,,,,0.9987013175819301,-0.11591971344887954,0.5,9.986409425735474,,-1.2972720947265626,-0.054996654510498046,0.5826397094726562,,,,,,,,34770.0,224.0,-28.0,574.0,-535818740.0,248.0,17.0,-7.0,-58.0,-142.0,9912.0
626,34783.0,44541.0,55960.0,48779.0,52125.0,34782.0,3.394134998321533,,,,,,,,1.0039469851145595,-0.11666456286887002,0.5,9.998963594436646,,-1.294329345703125,-0.05542195129394531,0.5827763061523438,,,,,,,,34780.0,226.0,-28.0,574.0,-535818740.0,249.0,18.0,-6.0,-52.0,-132.0,9968.0
627,34793.0,44042.0,56239.0,49137.0,51685.0,34792.0,3.394134998321533,,,,,,,,1.0091979972206606,-0.11743616448687526,0.5,10.011329889297485,,-1.2922236328125,-0.055788612365722655,0.5828488159179688,,,,,,,,34790.0,221.0,-32.0,574.0,-536868340.0,237.0,10.0,-4.0,-9.0,-143.0,9930.0
628,34803.0,43509.0,55986.0,49196.0,51955.0,34802.0,3.399413585662842,,,,,,,,1.0144541905488837,-0.1182341724550894,0.5,10.023688793182373,,-1.2898448486328125,-0.055933181762695315,0.58300830078125,,,,,,,,34800.0,223.0,-32.0,574.0,-536868340.0,235.0,11.0,-3.0,-99.0,-112.0,10036.0
629,34813.0,43690.0,55968.0,48955.0,51633.0,34812.0,3.4046921730041504,,,,,,,,1.0197154283450236,-0.11905758618712987,0.5,10.036614418029785,,-1.2880113525390624,-0.05639464569091797,0.582970703125,,,,,,,,34810.0,224.0,-31.0,574.0,-1073739252.0,234.0,11.0,-1.0,-9.0,-58.0,9872.0
630,34823.0,43244.0,55360.0,48809.0,51733.0,34822.0,3.409970760345459,,,,,,,,1.0249816098422186,-0.11990475017822284,0.5,10.049479961395264,,-1.2845445556640624,-0.056613502502441404,0.5829912719726562,,,,,,,,34820.0,229.0,-30.0,576.0,-1073738228.0,239.0,13.0,8.0,3.0,-63.0,9839.0
631,34833.0,42729.0,54892.0,49171.0,52335.0,34832.0,3.409970760345459,,,,,,,,1.0302526765522018,-0.1207733644240175,0.5,10.061859369277954,,-1.2827056884765624,-0.056761474609375,0.5828506469726562,,,,,,,,34830.0,230.0,-32.0,576.0,-1072689653.0,238.0,10.0,8.0,-26.0,-40.0,9958.0
632,34843.0,43148.0,54940.0,48900.0,52170.0,34842.0,3.409970760345459,,,,,,,,1.0355286147767115,-0.1216605054266386,0.5,10.075484037399292,,-1.2807574462890625,-0.05687724304199219,0.58321630859375,,,,,,,,34840.0,235.0,-31.0,576.0,-1072689653.0,242.0,11.0,9.0,-178.0,-151.0,9807.0
633,34853.0,42956.0,54187.0,49040.0,52710.0,34852.0,3.4152493476867676,,,,,,,,1.0408094540500226,-0.1225626575861954,0.5,10.089040994644165,,-1.2783184814453126,-0.05717345428466797,0.5832263793945313,,,,,,,,34850.0,238.0,-31.0,576.0,-1073738229.0,244.0,11.0,9.0,-67.0,-248.0,9811.0
634,34863.0,43220.0,54717.0,48743.0,52033.0,34862.0,3.4152493476867676,,,,,,,,1.0460952616530756,-0.12347575460112704,0.5,10.102197408676147,,-1.2749595947265624,-0.05767572402954101,0.5829841918945312,,,,,,,,34860.0,242.0,-30.0,576.0,-1073737205.0,248.0,11.0,10.0,-48.0,-210.0,9770.0
635,34873.0,43456.0,54326.0,48567.0,52452.0,34872.0,3.4152493476867676,,,,,,,,1.0513861337634582,-0.12439523034745424,0.5,10.115496397018433,,-1.273119873046875,-0.05780569076538086,0.5830183715820313,,,,,,,,34870.0,244.0,-30.0,576.0,-1073737205.0,249.0,11.0,9.0,12.0,-65.0,9753.0
636,34883.0,43058.0,54725.0,48886.0,51968.0,34882.0,3.4152493476867676,,,,,,,,1.0566821841803142,-0.12531607857886728,0.5,10.128863334655762,,-1.2700301513671874,-0.05833301162719726,0.5832371826171875,,,,,,,,34880.0,247.0,-30.0,576.0,-536866293.0,250.0,11.0,8.0,-194.0,-57.0,9723.0
637,34893.0,43346.0,55255.0,48685.0,51560.0,34892.0,3.409970760345459,,,,,,,,1.06198353185048,-0.12623292068731395,0.5,10.141186475753784,,-1.2686439208984375,-0.05901205825805664,0.5836544799804687,,,,,,,,34890.0,242.0,-29.0,577.0,-535817717.0,239.0,14.0,7.0,-191.0,-89.0,9653.0
638,34903.0,42755.0,55231.0,49588.0,52040.0,34902.0,3.409970760345459,,,,,,,,1.067290288104039,-0.12714008119721698,0.5,10.153685808181763,,-1.2651312255859375,-0.058787464141845706,0.5832506103515624,,,,,,,,34900.0,244.0,-28.0,575.0,-535816694.0,240.0,14.0,-4.0,81.0,-94.0,9708.0
639,34913.0,43897.0,55547.0,48832.0,51548.0,34912.0,3.409970760345459,,,,,,,,1.072602545646936,-0.12803167064003335,0.5,10.166532039642334,,-1.263196533203125,-0.058994129180908204,0.5832416381835938,,,,,,,,34910.0,243.0,-30.0,575.0,-535816694.0,233.0,10.0,-5.0,-37.0,-79.0,9605.0
640,34923.0,44143.0,55622.0,48673.0,51478.0,34922.0,3.409970760345459,,,,,,,,1.0779203669906297,-0.12890203150469848,0.5,10.182255983352661,,-1.2604302978515625,-0.05946410751342773,0.583328125,,,,,,,,34920.0,245.0,-30.0,575.0,-536865270.0,235.0,10.0,-7.0,58.0,-104.0,9750.0
641,34933.0,44515.0,55901.0,48503.0,51320.0,34932.0,3.4046921730041504,,,,,,,,1.0832437751509596,-0.12974622812333042,0.5,10.19503664970398,,-1.2587252197265626,-0.06021895217895508,0.5837960205078125,,,,,,,,34930.0,245.0,-32.0,574.0,-1073736182.0,233.0,7.0,-7.0,68.0,-34.0,9600.0
642,34943.0,44803.0,55216.0,48270.0,52268.0,34942.0,3.4046921730041504,,,,,,,,1.0885727481087368,-0.13056045926381843,0.5,10.208027362823486,,-1.2551019287109375,-0.06001763153076172,0.5831990356445312,,,,,,,,34940.0,253.0,-32.0,574.0,-1073735158.0,244.0,7.0,-9.0,32.0,-57.0,9798.0
643,34953.0,45303.0,55480.0,48154.0,52197.0,34952.0,3.399413585662842,,,,,,,,1.0939072173572104,-0.13134236011480516,0.5,10.220334768295288,,-1.25299658203125,-0.06030682754516602,0.5832528686523437,,,,,,,,34950.0,256.0,-32.0,574.0,-1072685558.0,245.0,7.0,-11.0,0.0,-216.0,9940.0
644,34963.0,45248.0,55481.0,48168.0,52220.0,34962.0,3.399413585662842,,,,,,,,1.099247070497706,-0.13209117102643952,0.5,10.23293685913086,,-1.249975830078125,-0.0605855712890625,0.5831761474609375,,,,,,,,34960.0,259.0,-32.0,574.0,-1072685558.0,248.0,6.0,-10.0,-19.0,-154.0,9761.0
645,34973.0,44717.0,55693.0,48567.0,51937.0,34972.0,3.399413585662842,,,,,,,,1.1045921575117557,-0.13280776254452253,0.5,10.24818730354309,,-1.248491455078125,-0.06054566955566406,0.5836179809570312,,,,,,,,34970.0,262.0,-33.0,574.0,-1071635958.0,251.0,4.0,-11.0,-6.0,-224.0,9787.0
646,34983.0,44519.0,55475.0,48728.0,52272.0,34982.0,3.399413585662842,,,,,,,,1.1099423000665805,-0.13349451880822627,0.5,10.260695934295654,,-1.2466104736328125,-0.06096296310424805,0.5832672119140625,,,,,,,,34980.0,264.0,-32.0,574.0,-1071634934.0,253.0,4.0,-11.0,-43.0,-211.0,9749.0
647,34993.0,44391.0,55025.0,48156.0,52501.0,34992.0,3.399413585662842,,,,,,,,1.1152973029846476,-0.13415509317281143,0.5,10.273235559463501,,-1.2421650390625,-0.061321853637695316,0.5829971923828124,,,,,,,,34990.0,267.0,-32.0,576.0,-1071634934.0,256.0,4.0,0.0,84.0,-256.0,9769.0
648,35003.0,43675.0,54975.0,48673.0,52654.0,35002.0,3.399413585662842,,,,,,,,1.1206569668242168,-0.13479406089768026,0.5,10.286830186843872,,-1.2400706787109375,-0.061607471466064455,0.5828269653320313,,,,,,,,35000.0,267.0,-32.0,576.0,-1071633910.0,255.0,3.0,-1.0,126.0,-194.0,9735.0
649,35013.0,43312.0,55123.0,49050.0,52405.0,35012.0,3.399413585662842,,,,,,,,1.1260210997895415,-0.1354165033694435,0.5,10.299422264099121,,-1.2396263427734375,-0.061507904052734375,0.582626708984375,,,,,,,,35010.0,270.0,-32.0,576.0,-1071633910.0,257.0,3.0,-1.0,307.0,-37.0,9749.0
650,35023.0,42474.0,54862.0,49555.0,52564.0,35022.0,3.4046921730041504,,,,,,,,1.131389530326344,-0.13602756268442023,0.5,10.31244421005249,,-1.234692138671875,-0.062416927337646484,0.582741943359375,,,,,,,,35020.0,271.0,-31.0,576.0,-1071633910.0,257.0,4.0,-2.0,118.0,-227.0,9704.0
651,35033.0,42953.0,54873.0,49407.0,52601.0,35032.0,3.4046921730041504,,,,,,,,1.1367621003360673,-0.13663236183286914,0.5,10.325605392456055,,-1.2323424072265625,-0.06300613021850586,0.5825590209960938,,,,,,,,35030.0,274.0,-31.0,575.0,-1071633910.0,260.0,4.0,-6.0,176.0,-178.0,9798.0
652,35043.0,43156.0,55078.0,49363.0,52288.0,35042.0,3.4046921730041504,,,,,,,,1.142138655619937,-0.1372359229538352,0.5,10.33822751045227,,-1.2291844482421874,-0.06332653427124023,0.5825449829101562,,,,,,,,35040.0,274.0,-31.0,575.0,-1072682486.0,259.0,3.0,-6.0,186.0,-76.0,9719.0
653,35053.0,43660.0,54806.0,48858.0,52400.0,35052.0,3.409970760345459,,,,,,,,1.1475190351791833,-0.13784308476398066,0.5,10.350685596466064,,-1.22706396484375,-0.06389981079101563,0.5826371459960937,,,,,,,,35050.0,281.0,-31.0,575.0,-1072681463.0,270.0,3.0,-7.0,118.0,-120.0,9613.0
654,35063.0,43164.0,55140.0,49310.0,51973.0,35062.0,3.409970760345459,,,,,,,,1.1529030610787458,-0.13845842042552736,0.5,10.363008737564087,,-1.223909912109375,-0.06433673858642579,0.5825781860351562,,,,,,,,35060.0,283.0,-30.0,575.0,-1072681463.0,272.0,3.0,-9.0,118.0,-188.0,9774.0
655,35073.0,43574.0,55173.0,49042.0,51936.0,35072.0,3.409970760345459,,,,,,,,1.1582905304854285,-0.13908615719867556,0.5,10.376344919204712,,-1.2213861083984374,-0.06458503723144532,0.5821498413085937,,,,,,,,35070.0,286.0,-31.0,575.0,-1073730039.0,275.0,1.0,-9.0,72.0,-204.0,9830.0
656,35083.0,44804.0,55382.0,48238.0,52052.0,35082.0,3.409970760345459,,,,,,,,1.163681211228843,-0.13973009927883212,0.5,10.389008283615112,,-1.217884033203125,-0.06493607330322265,0.5819876098632812,,,,,,,,35080.0,289.0,-31.0,573.0,-1073730039.0,277.0,1.0,-17.0,146.0,-82.0,9772.0
657,35093.0,44133.0,55502.0,48866.0,52154.0,35092.0,3.4046921730041504,,,,,,,,1.169074841833438,-0.14039355524067298,0.5,10.401546716690063,,-1.2164005126953126,-0.06544542694091797,0.582094970703125,,,,,,,,35090.0,292.0,-31.0,573.0,-1072681463.0,280.0,1.0,-18.0,210.0,-70.0,9681.0
658,35103.0,44388.0,55742.0,48813.0,52035.0,35102.0,3.399413585662842,,,,,,,,1.1744711364735585,-0.1410792714931982,0.5,10.41464900970459,,-1.214170166015625,-0.066236572265625,0.582313720703125,,,,,,,,35100.0,295.0,-31.0,573.0,-1072681463.0,283.0,1.0,-20.0,296.0,-210.0,9695.0
659,35113.0,44471.0,56014.0,48713.0,51463.0,35112.0,3.4046921730041504,,,,,,,,1.179869794760846,-0.14178937308870992,0.5,10.428237915039062,,-1.2098043212890626,-0.06622476959228515,0.5816835327148437,,,,,,,,35110.0,285.0,-33.0,573.0,-1072682487.0,264.0,-1.0,-21.0,217.0,-178.0,9693.0
660,35123.0,44624.0,56094.0,48640.0,51586.0,35122.0,3.399413585662842,,,,,,,,1.1852705157389345,-0.14252531312328098,0.5,10.440505981445312,,-1.206428955078125,-0.0666400375366211,0.5815194091796875,,,,,,,,35120.0,288.0,-33.0,573.0,-1071633911.0,267.0,-1.0,-21.0,200.0,-202.0,9743.0
661,35133.0,44179.0,56014.0,48933.0,51838.0,35132.0,3.399413585662842,,,,,,,,1.1906730149885412,-0.14328783181931382,0.5,10.45383358001709,,-1.2041068115234375,-0.06703203582763671,0.5813536376953125,,,,,,,,35130.0,299.0,-35.0,572.0,-1071632887.0,285.0,-6.0,-21.0,99.0,-199.0,9724.0
662,35143.0,45483.0,55886.0,47769.0,52086.0,35142.0,3.399413585662842,,,,,,,,1.196077043385314,-0.14407692619800117,0.5,10.46714186668396,,-1.2013582763671875,-0.06824774169921875,0.5816071166992187,,,,,,,,35140.0,301.0,-36.0,572.0,-1070584311.0,286.0,-8.0,-23.0,151.0,-180.0,9777.0
663,35153.0,44831.0,55599.0,48520.0,52715.0,35152.0,3.394134998321533,,,,,,,,1.2014824058422997,-0.14489183104048536,0.5,10.47972583770752,,-1.1980684814453124,-0.06811133575439453,0.5810836791992188,,,,,,,,35150.0,306.0,-35.0,572.0,-1070584311.0,292.0,-8.0,-24.0,144.0,-112.0,9800.0
664,35163.0,44114.0,55242.0,48980.0,53161.0,35162.0,3.394134998321533,,,,,,,,1.2068889783337111,-0.1457310116526216,0.5,10.492027759552002,,-1.1945067138671874,-0.06864775848388673,0.5807456665039062,,,,,,,,35160.0,309.0,-35.0,572.0,-1070584311.0,295.0,-9.0,-22.0,76.0,-245.0,9690.0
665,35173.0,44247.0,55107.0,48871.0,53368.0,35172.0,3.394134998321533,,,,,,,,1.2122967216124845,-0.14659216872327846,0.5,10.505003452301025,,-1.192116455078125,-0.06906040191650391,0.5805869750976562,,,,,,,,35170.0,311.0,-36.0,572.0,-1070584311.0,298.0,-9.0,-23.0,182.0,-227.0,9712.0
666,35183.0,44172.0,55296.0,49011.0,53141.0,35182.0,3.394134998321533,,,,,,,,1.2177056903462031,-0.14747225529132862,0.5,10.518537759780884,,-1.1886392822265626,-0.07020149230957032,0.5807022705078125,,,,,,,,35180.0,305.0,-33.0,572.0,-1070584311.0,284.0,-5.0,-24.0,105.0,-226.0,9819.0
667,35193.0,42584.0,55584.0,50270.0,52808.0,35192.0,3.394134998321533,,,,,,,,1.223116036836572,-0.14836750562223106,0.5,10.53511929512024,,-1.18585302734375,-0.07012665557861328,0.5802340087890625,,,,,,,,35190.0,309.0,-34.0,572.0,-1070584311.0,290.0,-7.0,-24.0,201.0,-173.0,9844.0
668,35203.0,43799.0,55588.0,49385.0,52769.0,35202.0,3.394134998321533,,,,,,,,1.2285280090164588,-0.1492734756100031,0.5,10.548086166381836,,-1.1821201171875,-0.07065982818603515,0.5798757934570312,,,,,,,,35200.0,315.0,-33.0,573.0,-1071631862.0,298.0,-7.0,-16.0,181.0,-253.0,9695.0
669,35213.0,43399.0,55524.0,49319.0,52570.0,35212.0,3.394134998321533,,,,,,,,1.233941942983324,-0.1501850941697307,0.5,10.560242891311646,,-1.1795396728515626,-0.0712329330444336,0.5797505493164062,,,,,,,,35210.0,317.0,-34.0,573.0,-1071632886.0,299.0,-8.0,-16.0,168.0,-229.0,9776.0
670,35223.0,43206.0,55534.0,49379.0,52357.0,35222.0,3.399413585662842,,,,,,,,1.2393582508708727,-0.15109672497243753,0.5,10.573221206665039,,-1.177693603515625,-0.07139394378662109,0.5796382446289062,,,,,,,,35220.0,321.0,-33.0,572.0,-1072681462.0,303.0,-8.0,-16.0,192.0,-189.0,9785.0
671,35233.0,43322.0,55115.0,49312.0,52882.0,35232.0,3.399413585662842,,,,,,,,1.244777405205181,-0.1520022379051908,0.5,10.586532354354858,,-1.1738004150390624,-0.07207391357421875,0.5793475341796875,,,,,,,,35230.0,323.0,-34.0,572.0,-1072681462.0,304.0,-9.0,-16.0,159.0,-100.0,9919.0
672,35243.0,43272.0,55626.0,49348.0,51913.0,35242.0,3.4046921730041504,,,,,,,,1.2501999209615966,-0.15289509073753604,0.5,10.599390745162964,,-1.1694755859375,-0.07295198059082031,0.5790142211914062,,,,,,,,35240.0,325.0,-34.0,572.0,-1072681462.0,307.0,-10.0,-15.0,225.0,-123.0,9870.0
673,35253.0,43568.0,55519.0,48873.0,51979.0,35252.0,3.4046921730041504,,,,,,,,1.2556263233284168,-0.1537686384787873,0.5,10.611522197723389,,-1.1668497314453126,-0.07343923187255859,0.5787940673828125,,,,,,,,35250.0,327.0,-34.0,572.0,-1072681462.0,308.0,-10.0,-12.0,132.0,-180.0,9931.0
674,35263.0,43904.0,55558.0,48597.0,51872.0,35262.0,3.4046921730041504,,,,,,,,1.2610570975925504,-0.15461671982439534,0.5,10.625369548797607,,-1.163283935546875,-0.0740191421508789,0.5787765502929687,,,,,,,,35260.0,334.0,-35.0,572.0,-1072681462.0,318.0,-11.0,-11.0,113.0,-188.0,9819.0
675,35273.0,43685.0,55662.0,48608.0,51503.0,35272.0,3.409970760345459,,,,,,,,1.2664926440737176,-0.1554341839579988,0.5,10.638891220092773,,-1.1607562255859376,-0.07447581481933593,0.5786181030273437,,,,,,,,35270.0,337.0,-35.0,572.0,-1072681462.0,321.0,-11.0,-11.0,108.0,-135.0,9787.0
676,35283.0,44559.0,55637.0,48043.0,51688.0,35282.0,3.409970760345459,,,,,,,,1.2719332418299334,-0.15621731387252136,0.5,10.651923179626465,,-1.156244140625,-0.07532971954345703,0.5781433715820312,,,,,,,,35280.0,339.0,-36.0,572.0,-1072681462.0,320.0,-13.0,-11.0,112.0,-18.0,9774.0
677,35293.0,44003.0,55590.0,48289.0,51423.0,35292.0,3.409970760345459,,,,,,,,1.2773790239568328,-0.15696411288021,0.5,10.665152788162231,,-1.1535853271484375,-0.07592237091064453,0.577895751953125,,,,,,,,35290.0,342.0,-37.0,572.0,-1072682486.0,322.0,-16.0,-9.0,88.0,-129.0,9666.0
678,35303.0,43283.0,55405.0,48987.0,51620.0,35302.0,3.409970760345459,,,,,,,,1.2828299662131482,-0.157674433903693,0.5,10.67839527130127,,-1.150441162109375,-0.07614104461669922,0.57809326171875,,,,,,,,35300.0,343.0,-38.0,572.0,-1071633910.0,323.0,-17.0,-11.0,67.0,-179.0,9574.0
679,35313.0,42417.0,55520.0,49767.0,51468.0,35312.0,3.409970760345459,,,,,,,,1.288285889526728,-0.1583499452339503,0.5,10.690858602523804,,-1.146861083984375,-0.07779632568359375,0.5781198120117188,,,,,,,,35310.0,348.0,-38.0,572.0,-1071633910.0,327.0,-18.0,-13.0,85.0,-158.0,9587.0
680,35323.0,42909.0,55328.0,49404.0,51808.0,35322.0,3.409970760345459,,,,,,,,1.293746475785141,-0.15899394030381336,0.5,10.703376293182373,,-1.142971923828125,-0.07768331909179688,0.57737890625,,,,,,,,35320.0,352.0,-38.0,572.0,-1071633911.0,332.0,-18.0,-14.0,60.0,-247.0,9793.0
681,35333.0,42038.0,55017.0,50103.0,52253.0,35332.0,3.409970760345459,,,,,,,,1.2992112952113728,-0.15961101207432327,0.5,10.71628451347351,,-1.1400406494140625,-0.07827782440185548,0.576908935546875,,,,,,,,35330.0,356.0,-38.0,570.0,-1071634935.0,336.0,-19.0,-25.0,71.0,-174.0,9754.0
682,35343.0,43375.0,55066.0,49666.0,52754.0,35342.0,3.4046921730041504,,,,,,,,1.3046798426059547,-0.16020662425198107,0.5,10.729328393936157,,-1.1362813720703124,-0.07902947235107421,0.5768289794921875,,,,,,,,35340.0,360.0,-39.0,570.0,-1071634935.0,339.0,-19.0,-26.0,47.0,-70.0,9549.0
683,35353.0,43151.0,55463.0,49975.0,52207.0,35352.0,3.4046921730041504,,,,,,,,1.3101515786387448,-0.16078662040440128,0.5,10.74195408821106,,-1.133797119140625,-0.07958462524414063,0.576572509765625,,,,,,,,35350.0,357.0,-37.0,570.0,-1071635959.0,330.0,-16.0,-28.0,-15.0,-89.0,9809.0
684,35363.0,43175.0,55475.0,50161.0,52413.0,35362.0,3.399413585662842,,,,,,,,1.3156259724394839,-0.16135672942091756,0.5,10.754828453063965,,-1.1293626708984374,-0.08018318939208985,0.5761082763671875,,,,,,,,35360.0,360.0,-39.0,569.0,-1072684535.0,331.0,-20.0,-27.0,73.0,-302.0,9907.0
685,35373.0,43333.0,55478.0,49959.0,52458.0,35372.0,3.399413585662842,,,,,,,,1.321102497116975,-0.16192247134108728,0.5,10.767804622650146,,-1.1265611572265626,-0.0807223663330078,0.575799560546875,,,,,,,,35370.0,366.0,-38.0,569.0,-1072684535.0,338.0,-18.0,-27.0,22.0,-185.0,9735.0
686,35383.0,43776.0,55180.0,49087.0,52428.0,35382.0,3.399413585662842,,,,,,,,1.3265806243550393,-0.16248906351866788,0.5,10.780104875564575,,-1.1221409912109375,-0.0817225570678711,0.5753660888671875,,,,,,,,35380.0,371.0,-39.0,571.0,-1072684535.0,343.0,-20.0,-16.0,23.0,-95.0,9682.0
687,35393.0,44299.0,55352.0,48630.0,52274.0,35392.0,3.399413585662842,,,,,,,,1.3320598200564855,-0.16306132863602107,0.5,10.792457818984985,,-1.1197353515625,-0.08197209167480468,0.5750393676757812,,,,,,,,35390.0,373.0,-39.0,571.0,-1072684535.0,343.0,-19.0,-18.0,7.0,-71.0,9590.0
688,35403.0,44427.0,55247.0,48526.0,52483.0,35402.0,3.399413585662842,,,,,,,,1.3375395428356402,-0.16364360625812557,0.5,10.80558705329895,,-1.1167059326171875,-0.08265847778320312,0.5746646118164063,,,,,,,,35400.0,376.0,-39.0,571.0,-1072684535.0,344.0,-20.0,-20.0,110.0,-22.0,9829.0
689,35413.0,43997.0,55563.0,48970.0,52101.0,35412.0,3.399413585662842,,,,,,,,1.3430192468051336,-0.1642396696557205,0.5,10.818124294281006,,-1.11219140625,-0.08384593963623047,0.5743555908203125,,,,,,,,35410.0,378.0,-39.0,570.0,-1072684535.0,344.0,-20.0,-19.0,-13.0,-137.0,9827.0
690,35423.0,44928.0,55901.0,48895.0,52447.0,35422.0,3.399413585662842,,,,,,,,1.3484983895937652,-0.16485264960172968,0.5,10.830688714981079,,-1.1090628662109374,-0.0843323745727539,0.5741634521484374,,,,,,,,35420.0,388.0,-39.0,567.0,-1072684535.0,357.0,-19.0,-38.0,76.0,-147.0,9806.0
691,35433.0,45208.0,55774.0,48628.0,52671.0,35432.0,3.399413585662842,,,,,,,,1.3539764459232535,-0.16548496674877283,0.5,10.843127727508545,,-1.1054095458984374,-0.08477854919433593,0.573886474609375,,,,,,,,35430.0,391.0,-39.0,566.0,-1072684535.0,359.0,-20.0,-37.0,53.0,-229.0,9959.0
692,35443.0,44549.0,56257.0,49146.0,52351.0,35442.0,3.394134998321533,,,,,,,,1.359452926425816,-0.16613827402946668,0.5,10.856361389160156,,-1.102131103515625,-0.08554830932617187,0.573103271484375,,,,,,,,35440.0,394.0,-39.0,566.0,-1071635959.0,361.0,-20.0,-36.0,42.0,-153.0,9753.0
693,35453.0,45081.0,56060.0,48803.0,52819.0,35452.0,3.3888564109802246,,,,,,,,1.3649274007689196,-0.16681341029329227,0.5,10.86893105506897,,-1.097233642578125,-0.08655127716064454,0.5726837158203125,,,,,,,,35450.0,391.0,-41.0,565.0,-1071635959.0,352.0,-23.0,-37.0,11.0,-107.0,9637.0
694,35463.0,44415.0,56480.0,49311.0,52320.0,35462.0,3.3888564109802246,,,,,,,,1.370399523632482,-0.1675103661181921,0.5,10.8819899559021,,-1.09440283203125,-0.08708136749267578,0.572200439453125,,,,,,,,35460.0,394.0,-41.0,564.0,-1071635959.0,352.0,-24.0,-44.0,148.0,-200.0,9821.0
695,35473.0,44190.0,56621.0,49769.0,52441.0,35472.0,3.3888564109802246,,,,,,,,1.3758690617140337,-0.16822826243251082,0.5,10.895146369934082,,-1.0903759765625,-0.08796942901611328,0.5718599853515625,,,,,,,,35470.0,403.0,-42.0,563.0,-1070587383.0,365.0,-26.0,-44.0,31.0,-276.0,9817.0
696,35483.0,44420.0,56285.0,49674.0,52902.0,35482.0,3.3888564109802246,,,,,,,,1.3813359197573756,-0.16896534232559995,0.5,10.908193826675415,,-1.086010498046875,-0.08868128967285156,0.5715858154296874,,,,,,,,35480.0,406.0,-42.0,563.0,-1070587383.0,365.0,-26.0,-45.0,42.0,-237.0,9751.0
697,35493.0,44222.0,56292.0,49763.0,53006.0,35492.0,3.3888564109802246,,,,,,,,1.38680016359198,-0.16971897613695303,0.5,10.920432806015015,,-1.082629638671875,-0.08951638793945313,0.5709788208007812,,,,,,,,35490.0,408.0,-43.0,562.0,-1070588407.0,363.0,-27.0,-45.0,82.0,-276.0,9766.0
698,35503.0,43002.0,56608.0,50723.0,52923.0,35502.0,3.3888564109802246,,,,,,,,1.3922620384146507,-0.170485679586947,0.5,10.933566570281982,,-1.078158935546875,-0.09042213439941406,0.5707022705078125,,,,,,,,35500.0,411.0,-43.0,563.0,-1070588406.0,365.0,-27.0,-42.0,99.0,-64.0,9862.0
699,35513.0,42472.0,56296.0,50809.0,53128.0,35512.0,3.383577823638916,,,,,,,,1.3977219809607622,-0.17126114448963053,0.5,10.947359800338745,,-1.0753607177734374,-0.09113098907470703,0.5702531127929688,,,,,,,,35510.0,417.0,-43.0,562.0,-1070589430.0,371.0,-28.0,-42.0,-92.0,-275.0,9814.0
700,35523.0,43460.0,56505.0,50268.0,53029.0,35522.0,3.3888564109802246,,,,,,,,1.403180624761227,-0.1720402814292296,0.5,10.959558486938477,,-1.072620361328125,-0.09222569274902344,0.5702239379882813,,,,,,,,35520.0,423.0,-42.0,562.0,-1071638006.0,376.0,-27.0,-41.0,-21.0,-110.0,9915.0
701,35533.0,43806.0,56220.0,49903.0,53175.0,35532.0,3.383577823638916,,,,,,,,1.408638798300448,-0.17281727369290423,0.5,10.972028970718384,,-1.0673382568359375,-0.0927743911743164,0.56971630859375,,,,,,,,35530.0,424.0,-42.0,561.0,-1071639030.0,373.0,-27.0,-40.0,13.0,-143.0,9817.0
702,35543.0,43543.0,56265.0,50088.0,53111.0,35542.0,3.3888564109802246,,,,,,,,1.4140975162271168,-0.1735856424129501,0.5,10.985512733459473,,-1.0645157470703126,-0.09333509063720703,0.5693436279296875,,,,,,,,35540.0,427.0,-43.0,561.0,-1071639030.0,374.0,-28.0,-40.0,78.0,-8.0,9939.0
703,35553.0,44311.0,56682.0,49592.0,52691.0,35552.0,3.3888564109802246,,,,,,,,1.4195579442298167,-0.1743384482721806,0.5,10.998440504074097,,-1.05992626953125,-0.09433395385742188,0.5690726318359375,,,,,,,,35550.0,433.0,-43.0,560.0,-1072688630.0,378.0,-28.0,-42.0,14.0,-161.0,10034.0
704,35563.0,44980.0,56593.0,48996.0,52819.0,35562.0,3.3888564109802246,,,,,,,,1.4250212896564043,-0.17506891484469128,0.5,11.011616706848145,,-1.055928466796875,-0.09567331695556641,0.5688173828125,,,,,,,,35560.0,439.0,-43.0,559.0,-1072688629.0,384.0,-29.0,-40.0,-160.0,-230.0,9965.0
705,35573.0,45674.0,56646.0,48510.0,52920.0,35572.0,3.383577823638916,,,,,,,,1.4304886918747854,-0.17577101904761566,0.5,11.024609088897705,,-1.05240478515625,-0.0959419937133789,0.5684313354492188,,,,,,,,35570.0,443.0,-43.0,559.0,-1072688629.0,386.0,-29.0,-39.0,-100.0,-176.0,10029.0
706,35583.0,44869.0,56744.0,49171.0,52763.0,35582.0,3.383577823638916,,,,,,,,1.43596112190536,-0.1764399983862972,0.5,11.04182767868042,,-1.049443359375,-0.09651860809326172,0.5683075561523437,,,,,,,,35580.0,436.0,-46.0,559.0,-1071641077.0,368.0,-34.0,-37.0,-93.0,-156.0,9908.0
707,35593.0,44524.0,57037.0,49376.0,52314.0,35592.0,3.383577823638916,,,,,,,,1.4414392997013814,-0.1770727336793893,0.5,11.054606199264526,,-1.0446226806640626,-0.09774818420410156,0.5679126586914063,,,,,,,,35590.0,445.0,-47.0,559.0,-1071641077.0,377.0,-35.0,-35.0,-101.0,-234.0,9846.0
708,35603.0,44774.0,57018.0,48875.0,52147.0,35602.0,3.3888564109802246,,,,,,,,1.446923635626327,-0.17766797817705876,0.5,11.068837881088257,,-1.0421429443359376,-0.09823069763183594,0.5678184814453126,,,,,,,,35600.0,450.0,-48.0,558.0,-1071641077.0,380.0,-36.0,-35.0,-177.0,-272.0,9793.0
709,35613.0,44915.0,56568.0,48598.0,52961.0,35612.0,3.3888564109802246,,,,,,,,1.452414200386001,-0.17822641814616902,0.5,11.081850528717041,,-1.037196533203125,-0.09923166656494141,0.5675264892578125,,,,,,,,35610.0,452.0,-48.0,558.0,-1070593525.0,378.0,-37.0,-34.0,-139.0,-272.0,9804.0
710,35623.0,44415.0,56721.0,49080.0,52713.0,35622.0,3.3888564109802246,,,,,,,,1.4579107251289427,-0.1787505647730513,0.5,11.095944881439209,,-1.0326458740234374,-0.10035122680664063,0.5672476196289062,,,,,,,,35620.0,456.0,-49.0,558.0,-1070593524.0,379.0,-38.0,-34.0,-49.0,-307.0,9893.0
711,35633.0,44684.0,56775.0,48947.0,52896.0,35632.0,3.3888564109802246,,,,,,,,1.4634126309088933,-0.17924449117093227,0.5,11.108684062957764,,-1.029587646484375,-0.10112744903564454,0.5671268310546875,,,,,,,,35630.0,464.0,-47.0,557.0,-1070593524.0,386.0,-36.0,-33.0,-149.0,-253.0,9829.0
712,35643.0,44391.0,56414.0,48982.0,53217.0,35642.0,3.3888564109802246,,,,,,,,1.468919084195407,-0.17971344152906998,0.5,11.1209716796875,,-1.0255040283203125,-0.10203567504882813,0.5671094970703126,,,,,,,,35640.0,469.0,-47.0,557.0,-1070593524.0,390.0,-35.0,-33.0,-176.0,-160.0,9879.0
713,35653.0,44586.0,56008.0,48858.0,53736.0,35652.0,3.3888564109802246,,,,,,,,1.4744290729054905,-0.18016334994326305,0.5,11.13412070274353,,-1.021811767578125,-0.10302787017822265,0.5669254150390625,,,,,,,,35650.0,471.0,-48.0,557.0,-1070593524.0,387.0,-37.0,-32.0,-108.0,-211.0,9972.0
714,35663.0,44121.0,56492.0,49365.0,53281.0,35662.0,3.3888564109802246,,,,,,,,1.479941495481329,-0.18060031398398202,0.5,11.147100687026978,,-1.0173224487304688,-0.10392850494384766,0.5665494384765625,,,,,,,,35660.0,476.0,-49.0,556.0,-1070593524.0,389.0,-39.0,-30.0,-225.0,-248.0,10203.0
715,35673.0,44383.0,56435.0,49140.0,53281.0,35672.0,3.383577823638916,,,,,,,,1.4854552560522813,-0.18103006742002287,0.5,11.159625768661499,,-1.0144786987304688,-0.104504150390625,0.5668536987304688,,,,,,,,35670.0,482.0,-48.0,556.0,-1070594547.0,393.0,-39.0,-26.0,-206.0,-213.0,10126.0
716,35683.0,43480.0,56402.0,49535.0,53073.0,35682.0,3.383577823638916,,,,,,,,1.490969292057116,-0.1814577604572425,0.5,11.171188116073608,,-1.0102359008789064,-0.10561653137207032,0.5665382080078125,,,,,,,,35680.0,484.0,-49.0,557.0,-1070594547.0,391.0,-40.0,-18.0,-122.0,-261.0,9925.0
717,35693.0,43453.0,56380.0,49521.0,52955.0,35692.0,3.383577823638916,,,,,,,,1.4964825785705067,-0.18188786050622463,0.5,11.182854652404785,,-1.0070512084960936,-0.10638756561279297,0.5665176391601563,,,,,,,,35690.0,487.0,-49.0,557.0,-1071643123.0,389.0,-40.0,-16.0,-141.0,-240.0,9935.0
718,35703.0,43533.0,56228.0,49319.0,52883.0,35702.0,3.3888564109802246,,,,,,,,1.5019941390200628,-0.1823240618085885,0.5,11.195984125137329,,-1.0037166748046875,-0.10716548156738281,0.566116943359375,,,,,,,,35700.0,490.0,-51.0,556.0,-1071644147.0,386.0,-43.0,-14.0,-165.0,-306.0,9976.0
719,35713.0,43573.0,56576.0,49266.0,52273.0,35712.0,3.3888564109802246,,,,,,,,1.5075030638204905,-0.18276920619853132,0.5,11.208853483200073,,-0.9991214599609375,-0.10827110290527343,0.5661390380859375,,,,,,,,35710.0,495.0,-52.0,556.0,-1071644147.0,390.0,-45.0,-12.0,-254.0,-312.0,9832.0
720,35723.0,43892.0,56445.0,48753.0,52258.0,35722.0,3.394134998321533,,,,,,,,1.5130085375074305,-0.18322521698073568,0.5,11.221293449401855,,-0.9960577392578125,-0.1089427490234375,0.566005126953125,,,,,,,,35720.0,501.0,-51.0,556.0,-1071119859.0,393.0,-43.0,-11.0,-281.0,-169.0,9956.0
721,35733.0,43912.0,56419.0,48747.0,52252.0,35732.0,3.394134998321533,,,,,,,,1.5185098739671492,-0.18369304745270693,0.5,11.23479437828064,,-0.9918507080078125,-0.11056287384033203,0.5661541748046875,,,,,,,,35730.0,506.0,-51.0,556.0,-1071119859.0,394.0,-43.0,-10.0,-254.0,-128.0,9870.0
722,35743.0,44272.0,56261.0,48504.0,52366.0,35742.0,3.394134998321533,,,,,,,,1.5240065584251485,-0.1841726450482386,0.5,11.247531175613403,,-0.986935302734375,-0.11129320526123047,0.5661326293945312,,,,,,,,35740.0,508.0,-52.0,556.0,-1071118835.0,391.0,-43.0,-10.0,-138.0,-280.0,9950.0
723,35753.0,44166.0,56231.0,48554.0,52408.0,35752.0,3.394134998321533,,,,,,,,1.5294982940766249,-0.18466293148307722,0.5,11.259376287460327,,-0.9837796630859375,-0.11217514038085938,0.5661693115234375,,,,,,,,35750.0,512.0,-52.0,556.0,-1071118835.0,391.0,-44.0,-8.0,-218.0,-220.0,9977.0
724,35763.0,44573.0,56297.0,48247.0,52202.0,35762.0,3.394134998321533,,,,,,,,1.5349850506846487,-0.185161798765832,0.5,11.27099084854126,,-0.9798157958984375,-0.1132838363647461,0.5659453125,,,,,,,,35760.0,519.0,-54.0,556.0,-1071118835.0,397.0,-47.0,-8.0,-177.0,-128.0,9980.0
725,35773.0,44377.0,55999.0,48420.0,52600.0,35772.0,3.394134998321533,,,,,,,,1.540467112145662,-0.18566612041167924,0.5,11.284010648727417,,-0.9770147705078125,-0.11398586273193359,0.5663529052734375,,,,,,,,35770.0,522.0,-56.0,556.0,-1071118835.0,394.0,-50.0,-6.0,-241.0,-211.0,10015.0
726,35783.0,43899.0,56242.0,48807.0,52149.0,35782.0,3.394134998321533,,,,,,,,1.545945120074968,-0.1861717766904739,0.5,11.297269821166992,,-0.9721022338867188,-0.11491161346435547,0.5660199584960938,,,,,,,,35780.0,526.0,-56.0,556.0,-1071117811.0,394.0,-50.0,-3.0,-76.0,-61.0,10079.0
727,35793.0,44407.0,56187.0,48229.0,52203.0,35792.0,3.394134998321533,,,,,,,,1.5514201107969559,-0.18667369253552846,0.5,11.309900283813477,,-0.9690912475585938,-0.1158459701538086,0.5661182861328125,,,,,,,,35790.0,530.0,-56.0,556.0,-1071117811.0,393.0,-50.0,-2.0,-182.0,-148.0,9779.0
728,35803.0,44134.0,56067.0,48438.0,52269.0,35802.0,3.394134998321533,,,,,,,,1.5568935147829905,-0.18716597799091633,0.5,11.322493553161621,,-0.9645783081054687,-0.11692963409423827,0.566114990234375,,,,,,,,35800.0,534.0,-57.0,556.0,-1071117811.0,393.0,-50.0,-1.0,-186.0,-223.0,9822.0
729,35813.0,43728.0,55968.0,48868.0,52309.0,35812.0,3.394134998321533,,,,,,,,1.5623670175434994,-0.18764247120166028,0.5,11.335190773010254,,-0.9622161254882813,-0.11759510803222656,0.5665020751953125,,,,,,,,35810.0,539.0,-57.0,555.0,-1071117811.0,394.0,-50.0,-2.0,-167.0,-235.0,9773.0
730,35823.0,43597.0,55859.0,48848.0,52265.0,35822.0,3.394134998321533,,,,,,,,1.5678424025553832,-0.18809728885868277,0.5,11.347707509994507,,-0.9589465942382812,-0.11845990753173828,0.5663493041992187,,,,,,,,35820.0,542.0,-58.0,555.0,-1071117811.0,393.0,-52.0,-3.0,-173.0,-169.0,9813.0
731,35833.0,43018.0,55719.0,49385.0,52420.0,35832.0,3.399413585662842,,,,,,,,1.5733213904493548,-0.1885253359515741,0.5,11.359601974487305,,-0.9543238525390625,-0.11965633392333984,0.566159912109375,,,,,,,,35830.0,546.0,-59.0,555.0,-1071117811.0,392.0,-53.0,-3.0,-243.0,-134.0,9798.0
732,35843.0,43367.0,55878.0,49184.0,52145.0,35842.0,3.399413585662842,,,,,,,,1.5788054885353082,-0.18892273181718444,0.5,11.371233940124512,,-0.951293701171875,-0.12045613098144531,0.5663306884765625,,,,,,,,35840.0,548.0,-58.0,555.0,-1071116787.0,387.0,-52.0,-3.0,-351.0,-198.0,9911.0
733,35853.0,43298.0,55342.0,48556.0,52355.0,35852.0,3.399413585662842,,,,,,,,1.5842958633558768,-0.1892871182185798,0.5,11.38293719291687,,-0.9471767578125,-0.12178756713867188,0.5664360961914062,,,,,,,,35850.0,553.0,-59.0,558.0,-1072165364.0,388.0,-53.0,10.0,-65.0,-75.0,9929.0
734,35863.0,43045.0,55603.0,48819.0,51896.0,35862.0,3.399413585662842,,,,,,,,1.5897932465301507,-0.1896178265496733,0.5,11.396138429641724,,-0.9439756469726562,-0.12244791412353516,0.5665437622070313,,,,,,,,35860.0,559.0,-59.0,558.0,-1072165364.0,391.0,-52.0,11.0,-303.0,-155.0,9810.0
735,35873.0,43336.0,55382.0,48458.0,51917.0,35872.0,3.4046921730041504,,,,,,,,1.595297880957126,-0.18991589409504123,0.5,11.4125657081604,,-0.939654052734375,-0.12354178619384766,0.5664003295898438,,,,,,,,35870.0,562.0,-60.0,558.0,-1072165364.0,388.0,-53.0,11.0,-254.0,-202.0,9872.0
736,35883.0,43247.0,55542.0,48601.0,51581.0,35882.0,3.4046921730041504,,,,,,,,1.600809510785925,-0.19018393237111653,0.5,11.42663311958313,,-0.9367692260742188,-0.12431713104248047,0.56644384765625,,,,,,,,35880.0,566.0,-61.0,558.0,-1073213940.0,387.0,-54.0,13.0,-251.0,-164.0,9860.0
737,35893.0,42737.0,55432.0,49033.0,51599.0,35892.0,3.4046921730041504,,,,,,,,1.6063274148617819,-0.19042586285788182,0.5,11.439332246780396,,-0.932716796875,-0.1255700225830078,0.566517333984375,,,,,,,,35890.0,569.0,-61.0,557.0,-1073212916.0,386.0,-54.0,6.0,-224.0,-114.0,9729.0
738,35903.0,43625.0,55633.0,48614.0,51521.0,35902.0,3.4046921730041504,,,,,,,,1.6118504795782844,-0.19064654675142384,0.5,11.451424360275269,,-0.9303072509765625,-0.12637026977539062,0.5667208862304688,,,,,,,,35900.0,566.0,-66.0,557.0,-1073212916.0,374.0,-60.0,6.0,-162.0,-80.0,9749.0
739,35913.0,43898.0,55774.0,48358.0,51351.0,35912.0,3.4046921730041504,,,,,,,,1.617377303702852,-0.1908513439064241,0.5,11.464459896087646,,-0.9252970581054687,-0.12737628936767578,0.566552978515625,,,,,,,,35910.0,571.0,-66.0,558.0,-536342005.0,374.0,-59.0,5.0,-210.0,7.0,9747.0
740,35923.0,44605.0,55825.0,47792.0,51241.0,35922.0,3.4046921730041504,,,,,,,,1.6229063251461613,-0.1910456413539583,0.5,11.483078956604004,,-0.9223201904296875,-0.1282239074707031,0.5664959716796875,,,,,,,,35920.0,577.0,-66.0,558.0,-536342005.0,377.0,-59.0,4.0,-238.0,-120.0,9818.0
741,35933.0,43840.0,55530.0,48462.0,51662.0,35932.0,3.4046921730041504,,,,,,,,1.628435957998627,-0.19123439330181147,0.5,11.502562046051025,,-0.918178466796875,-0.12961387634277344,0.5665991821289063,,,,,,,,35930.0,581.0,-66.0,558.0,-536342005.0,377.0,-58.0,4.0,-239.0,-80.0,9817.0
742,35943.0,44226.0,54912.0,47915.0,52323.0,35942.0,3.4046921730041504,,,,,,,,1.6339647275977764,-0.1914217122782268,0.5,11.524462223052979,,-0.9144237060546875,-0.1303304901123047,0.5666116943359375,,,,,,,,35940.0,584.0,-66.0,558.0,-536343029.0,374.0,-57.0,7.0,-376.0,-296.0,9620.0
743,35953.0,44316.0,55488.0,47965.0,51473.0,35952.0,3.4046921730041504,,,,,,,,1.639491391948235,-0.19161054538882594,0.5,11.54733395576477,,-0.91136328125,-0.13123318481445312,0.5667509765625,,,,,,,,35950.0,587.0,-67.0,558.0,-536343029.0,373.0,-57.0,6.0,-298.0,-175.0,9825.0
744,35963.0,43833.0,55163.0,48404.0,51927.0,35962.0,3.4046921730041504,,,,,,,,1.6450150167761814,-0.19180250756360673,0.5,11.56153416633606,,-0.9068821411132812,-0.13239744567871095,0.5663972778320312,,,,,,,,35960.0,588.0,-67.0,559.0,-535294454.0,366.0,-56.0,7.0,-234.0,-128.0,9903.0
745,35973.0,43724.0,55112.0,48576.0,51866.0,35972.0,3.4046921730041504,,,,,,,,1.6505350222855553,-0.19199783179416757,0.5,11.574190139770508,,-0.9041996459960937,-0.13310659790039062,0.5667194213867187,,,,,,,,35970.0,595.0,-67.0,559.0,-535295478.0,372.0,-54.0,7.0,-150.0,-6.0,9727.0
746,35983.0,43205.0,54832.0,49069.0,52124.0,35982.0,3.4046921730041504,,,,,,,,1.656051245060059,-0.1921953459091464,0.5,11.587869644165039,,-0.901802734375,-0.1337037048339844,0.5665094604492188,,,,,,,,35980.0,599.0,-66.0,559.0,-535295478.0,371.0,-53.0,6.0,-271.0,-48.0,9519.0
747,35993.0,42973.0,55278.0,49255.0,51556.0,35992.0,3.4046921730041504,,,,,,,,1.6615639570503673,-0.19239258378465657,0.5,11.59994649887085,,-0.8970442504882813,-0.13512928771972657,0.566216064453125,,,,,,,,35990.0,604.0,-67.0,559.0,-534246902.0,373.0,-53.0,3.0,-233.0,-100.0,9463.0
748,36003.0,43150.0,55058.0,49253.0,51836.0,36002.0,3.4046921730041504,,,,,,,,1.6670738261504199,-0.19258604504472088,0.5,11.61230731010437,,-0.8941012573242187,-0.13594540405273436,0.5660975341796874,,,,,,,,36000.0,608.0,-68.0,559.0,-534246902.0,373.0,-52.0,1.0,-316.0,-78.0,9701.0
749,36013.0,42945.0,55112.0,49622.0,51698.0,36012.0,3.4046921730041504,,,,,,,,1.6725818435833473,-0.1927715369501023,0.5,11.626147508621216,,-0.8901017456054687,-0.136938720703125,0.5658882446289063,,,,,,,,36010.0,600.0,-66.0,559.0,-533198327.0,353.0,-48.0,0.0,-401.0,-175.0,9665.0
750,36023.0,42707.0,55360.0,49689.0,51156.0,36022.0,3.4046921730041504,,,,,,,,1.6780892253898803,-0.19294456633701113,0.5,11.63884711265564,,-0.8878077392578125,-0.13748812866210938,0.5661531372070312,,,,,,,,36020.0,607.0,-67.0,557.0,-533198327.0,358.0,-48.0,-11.0,-154.0,-96.0,9696.0
751,36033.0,42892.0,55478.0,50207.0,51333.0,36032.0,3.409970760345459,,,,,,,,1.6835972973591844,-0.19310074603518051,0.5,11.651219844818115,,-0.8830301513671875,-0.13884230041503906,0.5655904541015625,,,,,,,,36030.0,612.0,-67.0,557.0,-533198327.0,360.0,-46.0,-13.0,-125.0,-25.0,9575.0
752,36043.0,43733.0,55274.0,49615.0,51651.0,36042.0,3.409970760345459,,,,,,,,1.6891073739030371,-0.19323618000466553,0.5,11.664216995239258,,-0.87915234375,-0.1399469451904297,0.5659112548828125,,,,,,,,36040.0,614.0,-69.0,556.0,-532149752.0,356.0,-47.0,-16.0,-271.0,-27.0,9557.0
753,36053.0,43816.0,55202.0,49866.0,51935.0,36052.0,3.4046921730041504,,,,,,,,1.6946206415690155,-0.19334779440631344,0.5,11.677119731903076,,-0.876256591796875,-0.1406312255859375,0.5657824096679688,,,,,,,,36050.0,619.0,-68.0,556.0,-532149752.0,359.0,-45.0,-18.0,-244.0,21.0,9604.0
754,36063.0,44114.0,55537.0,49727.0,51531.0,36062.0,3.4046921730041504,,,,,,,,1.7001380571364468,-0.19343358757360768,0.5,11.690110683441162,,-0.8739010009765625,-0.14132427978515624,0.56559375,,,,,,,,36060.0,621.0,-68.0,557.0,-532149752.0,355.0,-43.0,-17.0,-234.0,-17.0,9511.0
755,36073.0,43979.0,55740.0,49857.0,51404.0,36072.0,3.399413585662842,,,,,,,,1.7056602686517672,-0.19349277974615492,0.5,11.702303647994995,,-0.8695934448242187,-0.14220211791992188,0.5649317016601563,,,,,,,,36070.0,624.0,-72.0,556.0,-532149753.0,354.0,-47.0,-19.0,-231.0,-59.0,9678.0
756,36083.0,43917.0,55786.0,49971.0,51428.0,36082.0,3.399413585662842,,,,,,,,1.7111875655170297,-0.19352585266953198,0.5,11.716671705245972,,-0.8667630004882813,-0.14305508422851562,0.5650353393554688,,,,,,,,36080.0,626.0,-72.0,556.0,-532149753.0,350.0,-45.0,-20.0,-272.0,42.0,9505.0
757,36093.0,44580.0,55592.0,49390.0,51805.0,36092.0,3.399413585662842,,,,,,,,1.71671986105951,-0.19353447890402897,0.5,11.729569911956787,,-0.8626516723632812,-0.14406410217285157,0.5647100830078124,,,,,,,,36090.0,633.0,-72.0,556.0,-532149753.0,355.0,-44.0,-23.0,-265.0,-71.0,9374.0
758,36103.0,44581.0,55821.0,49564.0,51830.0,36102.0,3.394134998321533,,,,,,,,1.722256708176428,-0.19352134999488507,0.5,11.741944551467896,,-0.8599164428710937,-0.14496768188476564,0.564192626953125,,,,,,,,36100.0,638.0,-72.0,556.0,-532150777.0,358.0,-43.0,-27.0,-268.0,-76.0,9539.0
759,36113.0,44930.0,55562.0,49235.0,52145.0,36112.0,3.394134998321533,,,,,,,,1.7277973457943887,-0.1934899212526432,0.5,11.755129098892212,,-0.8559334106445312,-0.14573873901367188,0.5639005737304688,,,,,,,,36110.0,641.0,-73.0,556.0,-532150778.0,356.0,-41.0,-25.0,-287.0,-21.0,9578.0
760,36123.0,45762.0,55553.0,48539.0,52265.0,36122.0,3.394134998321533,,,,,,,,1.733340771228744,-0.193444097697495,0.5,11.767828464508057,,-0.8526925048828125,-0.14653024291992187,0.563404296875,,,,,,,,36120.0,642.0,-74.0,556.0,-532150778.0,352.0,-42.0,-26.0,-198.0,-142.0,9950.0
761,36133.0,45199.0,55790.0,49113.0,52247.0,36132.0,3.394134998321533,,,,,,,,1.7388858314091014,-0.19338789014729796,0.5,11.780395030975342,,-0.8488445434570312,-0.14743199157714842,0.5633190307617187,,,,,,,,36130.0,646.0,-75.0,556.0,-533200378.0,352.0,-41.0,-25.0,-111.0,-46.0,9861.0
762,36143.0,44897.0,55821.0,49208.0,52287.0,36142.0,3.3888564109802246,,,,,,,,1.744431324490842,-0.19332507219932443,0.5,11.794116258621216,,-0.8457947998046875,-0.14828033447265626,0.5628958129882813,,,,,,,,36140.0,644.0,-76.0,555.0,-533724666.0,343.0,-41.0,-25.0,-271.0,-37.0,9783.0
763,36153.0,44158.0,55943.0,49756.0,52189.0,36152.0,3.3888564109802246,,,,,,,,1.7499761027143101,-0.19325886787213242,0.5,11.806779146194458,,-0.8419185180664063,-0.14962844848632811,0.5625278930664063,,,,,,,,36150.0,650.0,-76.0,554.0,-533723642.0,347.0,-41.0,-31.0,-130.0,-31.0,9866.0
764,36163.0,44576.0,55952.0,49678.0,52435.0,36162.0,3.3888564109802246,,,,,,,,1.7555191675417545,-0.19319169610309195,0.5,11.819098711013794,,-0.8389636840820313,-0.14984461975097657,0.5621068725585937,,,,,,,,36160.0,657.0,-76.0,554.0,-533722618.0,353.0,-38.0,-30.0,-279.0,-3.0,9837.0
765,36173.0,44222.0,55806.0,49927.0,52652.0,36172.0,3.3888564109802246,,,,,,,,1.7610597490530828,-0.19312499254929832,0.5,11.831663608551025,,-0.834900634765625,-0.15079043579101561,0.5616317749023437,,,,,,,,36170.0,663.0,-76.0,553.0,-534771194.0,358.0,-38.0,-30.0,-187.0,-127.0,9845.0
766,36183.0,44419.0,55805.0,49834.0,52927.0,36182.0,3.3888564109802246,,,,,,,,1.7665973631984278,-0.19305912180904744,0.5,11.844713687896729,,-0.8319953002929688,-0.15157302856445312,0.5613612060546875,,,,,,,,36180.0,666.0,-76.0,553.0,-534770170.0,357.0,-37.0,-29.0,-69.0,-252.0,9894.0
767,36193.0,44764.0,55950.0,49381.0,52553.0,36192.0,3.3888564109802246,,,,,,,,1.7721318426195494,-0.19299338496799479,0.5,11.857508897781372,,-0.8283299560546875,-0.15274777221679686,0.561158935546875,,,,,,,,36190.0,668.0,-76.0,553.0,-534770170.0,356.0,-36.0,-25.0,-110.0,-194.0,9910.0
768,36203.0,44174.0,55896.0,49652.0,52501.0,36202.0,3.3888564109802246,,,,,,,,1.7776633391660794,-0.19292611904702955,0.5,11.869824647903442,,-0.8251943969726563,-0.15304678344726563,0.5605228271484375,,,,,,,,36200.0,673.0,-77.0,553.0,-534769146.0,359.0,-35.0,-24.0,-20.0,-81.0,9833.0
769,36213.0,44383.0,56039.0,49504.0,52257.0,36212.0,3.3888564109802246,,,,,,,,1.7831922986800277,-0.1928548771780505,0.5,11.882298231124878,,-0.8211017456054688,-0.15395597839355468,0.560096435546875,,,,,,,,36210.0,676.0,-77.0,553.0,-534769146.0,360.0,-34.0,-24.0,-91.0,-107.0,9829.0
770,36223.0,44013.0,56318.0,49678.0,51973.0,36222.0,3.3888564109802246,,,,,,,,1.7887194110348634,-0.1927766715227786,0.5,11.895413398742676,,-0.81819873046875,-0.15467381286621093,0.5597785034179688,,,,,,,,36220.0,682.0,-77.0,553.0,-534769146.0,365.0,-33.0,-24.0,-109.0,-72.0,9865.0
771,36233.0,44004.0,56001.0,49785.0,52372.0,36232.0,3.3888564109802246,,,,,,,,1.794245540499889,-0.19268825599167672,0.5,11.907997608184814,,-0.8141361694335938,-0.15579783630371094,0.5595079956054687,,,,,,,,36230.0,684.0,-78.0,552.0,-534769146.0,363.0,-34.0,-23.0,-51.0,-117.0,9926.0
772,36243.0,44170.0,56408.0,49773.0,51802.0,36242.0,3.394134998321533,,,,,,,,1.7997716430638278,-0.19258642302816137,0.5,11.921216487884521,,-0.8099652099609375,-0.15653024291992187,0.5587781982421876,,,,,,,,36240.0,689.0,-78.0,551.0,-534769146.0,366.0,-33.0,-28.0,-108.0,-224.0,9979.0
773,36253.0,44443.0,56144.0,49713.0,52327.0,36252.0,3.394134998321533,,,,,,,,1.8052986782861926,-0.19246828826960677,0.5,11.934020280838013,,-0.807020751953125,-0.15719200134277345,0.558527587890625,,,,,,,,36250.0,690.0,-79.0,551.0,-534769146.0,364.0,-33.0,-27.0,-1.0,-55.0,9937.0
774,36263.0,43838.0,56546.0,50118.0,51751.0,36262.0,3.3888564109802246,,,,,,,,1.810827523486713,-0.19233153875231213,0.5,11.94693636894226,,-0.8042868041992187,-0.1576970977783203,0.5581896362304688,,,,,,,,36260.0,696.0,-78.0,550.0,-534769146.0,367.0,-31.0,-26.0,54.0,-11.0,9872.0
775,36273.0,43978.0,56259.0,49943.0,52210.0,36272.0,3.3888564109802246,,,,,,,,1.8163588976346774,-0.1921746242481665,0.5,11.959432363510132,,-0.8001804809570312,-0.15897161865234374,0.5580828247070313,,,,,,,,36270.0,702.0,-79.0,550.0,-535817722.0,372.0,-31.0,-26.0,-28.0,-31.0,9924.0
776,36283.0,44678.0,56024.0,49530.0,52812.0,36282.0,3.3888564109802246,,,,,,,,1.8218933012283922,-0.19199687688141687,0.5,11.971585988998413,,-0.7957964477539062,-0.15981776428222655,0.557420654296875,,,,,,,,36280.0,703.0,-80.0,549.0,-535818746.0,369.0,-33.0,-30.0,-125.0,-65.0,9951.0
777,36293.0,45121.0,56394.0,49226.0,52181.0,36292.0,3.3888564109802246,,,,,,,,1.8274309768788608,-0.19179855082615538,0.5,11.984447956085205,,-0.7929624633789063,-0.160311767578125,0.55705322265625,,,,,,,,36290.0,708.0,-81.0,549.0,-535818746.0,372.0,-32.0,-28.0,-94.0,-82.0,9990.0
778,36303.0,44620.0,56627.0,49549.0,51815.0,36302.0,3.3888564109802246,,,,,,,,1.8329718933827333,-0.19158078101310066,0.5,11.997363805770874,,-0.7901259155273438,-0.16110185241699218,0.556761474609375,,,,,,,,36300.0,710.0,-81.0,548.0,-535818746.0,370.0,-33.0,-26.0,5.0,-74.0,9925.0
779,36313.0,43939.0,56071.0,50096.0,52562.0,36312.0,3.3888564109802246,,,,,,,,1.8385157539860482,-0.19134546669898994,0.5,12.009458780288696,,-0.786109130859375,-0.16222560119628907,0.5565335693359375,,,,,,,,36310.0,713.0,-82.0,548.0,-536867321.0,371.0,-33.0,-25.0,-81.0,-139.0,9807.0
780,36323.0,43909.0,56251.0,50032.0,52342.0,36322.0,3.3888564109802246,,,,,,,,1.8440620274478257,-0.1910950921284436,0.5,12.02226710319519,,-0.7833176879882813,-0.16293145751953125,0.5561262817382813,,,,,,,,36320.0,723.0,-80.0,547.0,-536867321.0,381.0,-30.0,-28.0,-55.0,-162.0,9767.0
781,36333.0,44394.0,55908.0,49770.0,52956.0,36332.0,3.3888564109802246,,,,,,,,1.849609998547404,-0.1908325016741506,0.5,12.035178422927856,,-0.7787385864257812,-0.16364102172851563,0.5556716918945312,,,,,,,,36330.0,728.0,-81.0,547.0,-1073738233.0,384.0,-30.0,-28.0,-85.0,-213.0,9785.0
782,36343.0,45248.0,55973.0,49029.0,52922.0,36342.0,3.3888564109802246,,,,,,,,1.8551588330843787,-0.19056065029723873,0.5,12.047942876815796,,-0.7757924194335938,-0.16427857971191406,0.555336181640625,,,,,,,,36340.0,731.0,-81.0,547.0,-1073738233.0,383.0,-30.0,-28.0,-179.0,-50.0,9899.0
783,36353.0,44915.0,56245.0,49332.0,52529.0,36352.0,3.3888564109802246,,,,,,,,1.8607076513022123,-0.19028235171110852,0.5,12.060017824172974,,-0.7713628540039063,-0.16574087524414063,0.5551104736328125,,,,,,,,36350.0,735.0,-81.0,546.0,-1073738233.0,384.0,-30.0,-27.0,-114.0,-114.0,9745.0
784,36363.0,44295.0,55959.0,49923.0,53169.0,36362.0,3.383577823638916,,,,,,,,1.8662556031121886,-0.19000004617241645,0.5,12.072359561920166,,-0.7688495483398438,-0.16643057250976562,0.555329833984375,,,,,,,,36360.0,732.0,-82.0,546.0,-1072689657.0,375.0,-30.0,-28.0,-40.0,-147.0,9727.0
785,36373.0,44559.0,56456.0,50108.0,52601.0,36372.0,3.3888564109802246,,,,,,,,1.8718019385368032,-0.1897156074610778,0.5,12.085331439971924,,-0.7641519165039062,-0.16713819885253905,0.55432080078125,,,,,,,,36370.0,740.0,-81.0,544.0,-1072689657.0,382.0,-28.0,-38.0,-17.0,-152.0,9866.0
786,36383.0,44787.0,56529.0,50029.0,52786.0,36382.0,3.383577823638916,,,,,,,,1.8773460674076805,-0.18943020461784899,0.5,12.098153829574585,,-0.7599041137695313,-0.16807850646972655,0.5539254150390625,,,,,,,,36380.0,744.0,-81.0,544.0,-1072689657.0,384.0,-28.0,-37.0,-98.0,-136.0,9827.0
787,36393.0,43608.0,56280.0,50910.0,53180.0,36392.0,3.383577823638916,,,,,,,,1.8828876034677726,-0.18914422879097037,0.5,12.110327959060669,,-0.7570501708984375,-0.16859054565429688,0.5536773071289063,,,,,,,,36390.0,747.0,-81.0,543.0,-1072689657.0,383.0,-29.0,-37.0,-111.0,-127.0,9839.0
788,36403.0,44460.0,56535.0,50361.0,52776.0,36402.0,3.383577823638916,,,,,,,,1.8884263895255051,-0.18885728959920395,0.5,12.123454332351685,,-0.7545380859375,-0.16926509094238282,0.5539904174804687,,,,,,,,36400.0,751.0,-82.0,543.0,-1072689657.0,384.0,-29.0,-37.0,-63.0,-39.0,9778.0
789,36413.0,44743.0,56756.0,50681.0,53019.0,36412.0,3.3782992362976074,,,,,,,,1.8939625020495972,-0.188568279294355,0.5,12.13594675064087,,-0.7498369140625,-0.1702801971435547,0.5531983642578125,,,,,,,,36410.0,750.0,-82.0,541.0,-1072690681.0,377.0,-29.0,-46.0,-233.0,-160.0,9743.0
790,36423.0,45550.0,56954.0,50107.0,52721.0,36422.0,3.3782992362976074,,,,,,,,1.8994962353945093,-0.18827549725086518,0.5,12.148681640625,,-0.7469283447265626,-0.1709944610595703,0.5527404174804688,,,,,,,,36420.0,757.0,-82.0,540.0,-1072689657.0,383.0,-30.0,-47.0,-37.0,-119.0,9851.0
791,36433.0,44444.0,56692.0,50951.0,53254.0,36432.0,3.3782992362976074,,,,,,,,1.9050280676114224,-0.18797682223186785,0.5,12.160979509353638,,-0.7426742553710938,-0.1719425048828125,0.5524984741210938,,,,,,,,36430.0,762.0,-83.0,540.0,-1072690681.0,386.0,-30.0,-47.0,-35.0,-74.0,9931.0
792,36443.0,44823.0,56931.0,50637.0,52946.0,36442.0,3.3782992362976074,,,,,,,,1.9105586113564854,-0.18766991607598194,0.5,12.173932552337646,,-0.740489990234375,-0.17228590393066406,0.552676513671875,,,,,,,,36440.0,766.0,-83.0,539.0,-1072690681.0,386.0,-31.0,-46.0,-76.0,-3.0,9948.0
793,36453.0,45113.0,56769.0,50397.0,53203.0,36452.0,3.3782992362976074,,,,,,,,1.9160885545996793,-0.1873524401983413,0.5,12.186663150787354,,-0.7354488525390624,-0.17392189025878907,0.5518875122070312,,,,,,,,36450.0,758.0,-84.0,538.0,-1071642105.0,368.0,-31.0,-47.0,-138.0,-193.0,10010.0
794,36463.0,44652.0,57216.0,51000.0,52832.0,36462.0,3.373020648956299,,,,,,,,1.921618596582738,-0.18702226573923342,0.5,12.198933124542236,,-0.73237158203125,-0.1745214385986328,0.5517638549804688,,,,,,,,36460.0,760.0,-84.0,538.0,-1071642105.0,365.0,-31.0,-45.0,-184.0,-223.0,9941.0
795,36473.0,44401.0,57241.0,51128.0,52788.0,36472.0,3.373020648956299,,,,,,,,1.927149384721264,-0.18667765932297914,0.5,12.21158242225647,,-0.7281012573242187,-0.17578982543945312,0.5514071044921875,,,,,,,,36470.0,772.0,-84.0,537.0,-1071642105.0,379.0,-32.0,-44.0,19.0,-171.0,10012.0
796,36483.0,45350.0,57020.0,50351.0,53130.0,36482.0,3.373020648956299,,,,,,,,1.9326814578892744,-0.18631742905395599,0.5,12.224624633789062,,-0.72571826171875,-0.1764394073486328,0.5515177001953125,,,,,,,,36480.0,775.0,-85.0,537.0,-1071642105.0,378.0,-33.0,-41.0,-56.0,-106.0,10041.0
797,36493.0,45538.0,56953.0,50102.0,53245.0,36492.0,3.373020648956299,,,,,,,,1.9382152008043176,-0.185941019289394,0.5,12.236980199813843,,-0.7213375244140625,-0.17702195739746093,0.5515170288085938,,,,,,,,36490.0,778.0,-86.0,538.0,-1071642104.0,377.0,-35.0,-31.0,-68.0,-161.0,10071.0
798,36503.0,44948.0,56636.0,50181.0,53366.0,36502.0,3.373020648956299,,,,,,,,1.9437508131274301,-0.18554854750560223,0.5,12.249661684036255,,-0.7181173706054688,-0.17798377990722655,0.5510869750976563,,,,,,,,36500.0,781.0,-86.0,538.0,-1071642104.0,377.0,-36.0,-28.0,-160.0,-128.0,10170.0
799,36513.0,44947.0,56620.0,50010.0,53410.0,36512.0,3.373020648956299,,,,,,,,1.9492882955118416,-0.1851407817731573,0.5,12.262117624282837,,-0.71365966796875,-0.17913621520996093,0.550949951171875,,,,,,,,36510.0,789.0,-88.0,537.0,-1071641080.0,384.0,-38.0,-24.0,-26.0,-150.0,10164.0
800,36523.0,45250.0,56665.0,49749.0,53185.0,36522.0,3.373020648956299,,,,,,,,1.9548274533132426,-0.1847190624864788,0.5,12.276059627532959,,-0.7110752563476562,-0.1798611602783203,0.5509055786132813,,,,,,,,36520.0,792.0,-88.0,537.0,-1070592504.0,384.0,-38.0,-21.0,-122.0,-336.0,10235.0
801,36533.0,45406.0,56577.0,49524.0,53216.0,36532.0,3.373020648956299,,,,,,,,1.9603679171402468,-0.18428517672647393,0.5,12.28860855102539,,-0.7070881958007813,-0.18042256164550782,0.5510894165039063,,,,,,,,36530.0,796.0,-89.0,537.0,-1070592504.0,386.0,-41.0,-17.0,-76.0,-335.0,10114.0
802,36543.0,44678.0,56321.0,49689.0,53224.0,36542.0,3.3782992362976074,,,,,,,,1.9659091779710527,-0.1838411975340175,0.5,12.30159306526184,,-0.7034144287109375,-0.18155262756347657,0.5506543579101563,,,,,,,,36540.0,800.0,-90.0,537.0,-1071640056.0,387.0,-41.0,-11.0,-42.0,-187.0,10132.0
803,36553.0,44100.0,56545.0,50006.0,52896.0,36552.0,3.3782992362976074,,,,,,,,1.971450633362401,-0.1833893030630987,0.5,12.314646244049072,,-0.6993367309570313,-0.1831287384033203,0.5506722412109375,,,,,,,,36550.0,794.0,-90.0,537.0,-1071641080.0,371.0,-42.0,-9.0,-45.0,-180.0,10011.0
804,36563.0,43409.0,56810.0,50390.0,52152.0,36562.0,3.383577823638916,,,,,,,,1.9769916404147463,-0.18293159189336977,0.5,12.327249526977539,,-0.6962203369140625,-0.1834339599609375,0.5504906005859375,,,,,,,,36560.0,805.0,-90.0,537.0,-1071640056.0,384.0,-42.0,-6.0,-109.0,-169.0,10107.0
805,36573.0,43804.0,56548.0,49882.0,52603.0,36572.0,3.383577823638916,,,,,,,,1.982531570698619,-0.18246991063616697,0.5,12.339363813400269,,-0.69243505859375,-0.18452720642089843,0.5510720825195312,,,,,,,,36570.0,808.0,-90.0,537.0,-1071640056.0,383.0,-42.0,-4.0,-66.0,-217.0,10023.0
806,36583.0,43293.0,56422.0,50217.0,52385.0,36582.0,3.383577823638916,,,,,,,,1.9880698623201278,-0.18200570842144492,0.5,12.351669788360596,,-0.6890995483398438,-0.1853765411376953,0.5509158935546875,,,,,,,,36580.0,810.0,-90.0,537.0,-1071641080.0,382.0,-42.0,-1.0,-19.0,-128.0,10110.0
807,36593.0,44069.0,56495.0,49550.0,52163.0,36592.0,3.3888564109802246,,,,,,,,1.9936060646972271,-0.18153993008501956,0.5,12.364495277404785,,-0.684314208984375,-0.186435546875,0.5505889282226563,,,,,,,,36590.0,812.0,-91.0,537.0,-1071641080.0,379.0,-43.0,0.0,-143.0,-114.0,9987.0
808,36603.0,43631.0,56376.0,49834.0,52241.0,36602.0,3.3888564109802246,,,,,,,,1.9991398723842673,-0.18107295616782815,0.5,12.37745475769043,,-0.6803580932617187,-0.1875935821533203,0.5505189208984375,,,,,,,,36600.0,818.0,-91.0,537.0,-1071641080.0,383.0,-44.0,2.0,-94.0,-197.0,10019.0
809,36613.0,43479.0,56375.0,49948.0,52133.0,36612.0,3.3888564109802246,,,,,,,,2.0046711453412027,-0.1806045935445274,0.5,12.390089988708496,,-0.6772703247070313,-0.18880250549316407,0.5509581298828125,,,,,,,,36610.0,824.0,-91.0,537.0,-1071641080.0,388.0,-43.0,4.0,-62.0,-109.0,9991.0
810,36623.0,44492.0,56174.0,49096.0,52320.0,36622.0,3.3888564109802246,,,,,,,,2.010199914295744,-0.1801341160101006,0.5,12.403314113616943,,-0.6740711669921875,-0.1892231903076172,0.5506375732421875,,,,,,,,36620.0,828.0,-92.0,537.0,-1071641080.0,389.0,-44.0,3.0,-93.0,-216.0,9694.0
811,36633.0,44073.0,55995.0,49506.0,52595.0,36632.0,3.3888564109802246,,,,,,,,2.0157263711669438,-0.1796603498820034,0.5,12.41597580909729,,-0.6698170166015625,-0.19033267211914062,0.5511928100585938,,,,,,,,36630.0,831.0,-91.0,537.0,-1071641080.0,388.0,-42.0,3.0,-191.0,-196.0,9723.0
812,36643.0,43898.0,56130.0,49683.0,52399.0,36642.0,3.3888564109802246,,,,,,,,2.0212508458114047,-0.1791817958902216,0.5,12.428667068481445,,-0.667229736328125,-0.1909552001953125,0.5514647827148438,,,,,,,,36640.0,832.0,-93.0,537.0,-1071641080.0,384.0,-46.0,2.0,-65.0,-199.0,9663.0
813,36653.0,44388.0,56270.0,49228.0,52259.0,36652.0,3.3888564109802246,,,,,,,,2.026773771513551,-0.17869677571540943,0.5,12.440941095352173,,-0.6625697631835937,-0.19214947509765626,0.5512471313476562,,,,,,,,36650.0,837.0,-93.0,537.0,-1071640056.0,388.0,-46.0,1.0,-84.0,-107.0,9834.0
814,36663.0,44010.0,56142.0,49584.0,52440.0,36662.0,3.3888564109802246,,,,,,,,2.032295642547452,-0.17820358973640676,0.5,12.45375657081604,,-0.659369384765625,-0.1930216979980469,0.5510458374023437,,,,,,,,36660.0,840.0,-94.0,537.0,-1071640056.0,388.0,-46.0,1.0,-18.0,-46.0,9736.0
815,36673.0,44485.0,56214.0,49142.0,52306.0,36672.0,3.3888564109802246,,,,,,,,2.037816967726573,-0.17770067197287903,0.5,12.466471910476685,,-0.6545753784179688,-0.19428335571289063,0.550931396484375,,,,,,,,36670.0,847.0,-94.0,537.0,-1071640056.0,394.0,-46.0,1.0,-118.0,-169.0,9660.0
816,36683.0,45081.0,56147.0,48622.0,52438.0,36682.0,3.3888564109802246,,,,,,,,2.043338224087964,-0.17718672887024123,0.5,12.47878885269165,,-0.6519376831054687,-0.19503028869628905,0.5513798217773438,,,,,,,,36680.0,850.0,-96.0,537.0,-1071639032.0,393.0,-48.0,1.0,-88.0,-126.0,9860.0
817,36693.0,44832.0,56264.0,49097.0,52405.0,36692.0,3.3888564109802246,,,,,,,,2.0488598147200827,-0.17666085037569523,0.5,12.49200177192688,,-0.6481279907226563,-0.19564993286132812,0.5519056396484375,,,,,,,,36690.0,854.0,-96.0,537.0,-1071639032.0,394.0,-49.0,1.0,-35.0,-226.0,10060.0
818,36703.0,44402.0,56374.0,49273.0,52342.0,36702.0,3.383577823638916,,,,,,,,2.054382034262905,-0.17612258450180324,0.5,12.50529146194458,,-0.64436083984375,-0.19706803894042968,0.55136181640625,,,,,,,,36700.0,857.0,-96.0,537.0,-1071639032.0,394.0,-49.0,3.0,-30.0,-198.0,9958.0
819,36713.0,43754.0,56225.0,49601.0,52293.0,36712.0,3.3888564109802246,,,,,,,,2.059905044838483,-0.17557196999779168,0.5,12.517804861068726,,-0.6396678466796875,-0.19821978759765624,0.5516625366210938,,,,,,,,36710.0,861.0,-97.0,538.0,-1071639032.0,395.0,-49.0,7.0,-65.0,-156.0,9957.0
820,36723.0,44394.0,56087.0,48979.0,52307.0,36722.0,3.3888564109802246,,,,,,,,2.0654288641852663,-0.17500952553073906,0.5,12.53004240989685,,-0.6351024169921875,-0.19956764221191406,0.5513318481445313,,,,,,,,36720.0,865.0,-96.0,538.0,-1071639032.0,397.0,-48.0,9.0,-126.0,-98.0,10038.0
821,36733.0,44535.0,56315.0,48708.0,51981.0,36732.0,3.3888564109802246,,,,,,,,2.0709533666647677,-0.17443619756608325,0.5,12.5424222946167,,-0.6322686157226562,-0.2004163818359375,0.5516093139648437,,,,,,,,36730.0,868.0,-97.0,538.0,-1071639032.0,397.0,-50.0,10.0,-36.0,-246.0,9868.0
822,36743.0,43816.0,55851.0,49255.0,52577.0,36742.0,3.3888564109802246,,,,,,,,2.0764782966848987,-0.1738532726509514,0.5,12.555418014526367,,-0.62999951171875,-0.2009789581298828,0.5523661499023438,,,,,,,,36740.0,874.0,-99.0,538.0,-1071639032.0,402.0,-52.0,10.0,19.0,-124.0,9898.0
823,36753.0,43733.0,55933.0,49259.0,52476.0,36752.0,3.3888564109802246,,,,,,,,2.082003293012177,-0.17326226274611384,0.5,12.568416357040405,,-0.6246480712890625,-0.2023470916748047,0.5521431274414063,,,,,,,,36750.0,878.0,-99.0,537.0,-1071639032.0,404.0,-53.0,7.0,-13.0,-141.0,9784.0
824,36763.0,43947.0,56122.0,49212.0,52358.0,36762.0,3.3888564109802246,,,,,,,,2.08752792154373,-0.17266477434011734,0.5,12.580410242080688,,-0.6200440063476562,-0.20360568237304688,0.5521355590820313,,,,,,,,36760.0,871.0,-100.0,538.0,-1071639032.0,386.0,-54.0,7.0,-74.0,-231.0,9784.0
825,36773.0,43684.0,56495.0,49449.0,51774.0,36772.0,3.3888564109802246,,,,,,,,2.0930517134470437,-0.17206237317297168,0.5,12.59337067604065,,-0.6170181274414063,-0.20457672119140624,0.5521016235351562,,,,,,,,36770.0,882.0,-100.0,538.0,-1071639032.0,399.0,-54.0,6.0,-94.0,-197.0,9970.0
826,36783.0,44760.0,56039.0,48550.0,52426.0,36782.0,3.3888564109802246,,,,,,,,2.0985742052009324,-0.17145645643000246,0.5,12.606583595275879,,-0.614369873046875,-0.20568359375,0.5523711547851563,,,,,,,,36780.0,887.0,-100.0,538.0,-1071639032.0,402.0,-54.0,7.0,-33.0,-108.0,9814.0
827,36793.0,44228.0,55977.0,48879.0,52558.0,36792.0,3.3888564109802246,,,,,,,,2.1040949770094803,-0.1708481432676071,0.5,12.618810176849365,,-0.6093442993164062,-0.20662747192382813,0.5525404663085938,,,,,,,,36790.0,889.0,-101.0,538.0,-1071639032.0,400.0,-55.0,7.0,-129.0,-59.0,9624.0
828,36803.0,43357.0,56005.0,49724.0,52628.0,36802.0,3.3888564109802246,,,,,,,,2.1096136863075112,-0.17023819262051088,0.5,12.63124394416809,,-0.6062520751953125,-0.20745806884765625,0.5525870971679687,,,,,,,,36800.0,890.0,-102.0,537.0,-1071639031.0,396.0,-56.0,2.0,-74.0,-102.0,9703.0
829,36813.0,44043.0,56160.0,49154.0,52478.0,36812.0,3.3888564109802246,,,,,,,,2.1151300936000617,-0.16962695460994376,0.5,12.64447569847107,,-0.601514892578125,-0.20872663879394532,0.552642333984375,,,,,,,,36810.0,896.0,-103.0,537.0,-1071639031.0,401.0,-58.0,2.0,-36.0,-165.0,9654.0
830,36823.0,44669.0,55892.0,48716.0,52810.0,36822.0,3.3888564109802246,,,,,,,,2.120644078624978,-0.16901435877487936,0.5,12.656974792480469,,-0.59889794921875,-0.20927732849121095,0.5526083984375,,,,,,,,36820.0,902.0,-105.0,537.0,-1071638007.0,407.0,-59.0,0.0,-121.0,-39.0,9761.0
831,36833.0,44613.0,55911.0,48772.0,52836.0,36832.0,3.3888564109802246,,,,,,,,2.1261556457258597,-0.1683999390669797,0.5,12.669246435165405,,-0.5940449829101563,-0.21081015014648438,0.5533421020507813,,,,,,,,36830.0,908.0,-105.0,537.0,-1072686583.0,411.0,-59.0,0.0,-71.0,-48.0,9869.0
832,36843.0,45112.0,56264.0,48470.0,52525.0,36842.0,3.383577823638916,,,,,,,,2.1316649182863725,-0.16778289238483318,0.5,12.681904554367065,,-0.5890166015625,-0.21221647644042968,0.5530223999023437,,,,,,,,36840.0,910.0,-107.0,537.0,-1072686583.0,409.0,-62.0,2.0,0.0,-226.0,9929.0
833,36853.0,45057.0,56055.0,48309.0,52596.0,36852.0,3.3888564109802246,,,,,,,,2.137172123024749,-0.1671621646022437,0.5,12.695079803466797,,-0.5858645629882813,-0.2134114074707031,0.5532522583007813,,,,,,,,36850.0,912.0,-107.0,537.0,-1072686583.0,408.0,-61.0,3.0,-111.0,-311.0,9889.0
834,36863.0,44137.0,56118.0,48994.0,52835.0,36862.0,3.383577823638916,,,,,,,,2.1426775658098722,-0.1665365558233775,0.5,12.707740545272827,,-0.5827349853515625,-0.21424909973144532,0.5537876586914062,,,,,,,,36860.0,916.0,-108.0,537.0,-1072686583.0,409.0,-62.0,4.0,-90.0,-200.0,9884.0
835,36873.0,43058.0,56122.0,49786.0,52831.0,36872.0,3.383577823638916,,,,,,,,2.1481816013473773,-0.16590483517108967,0.5,12.721213579177856,,-0.5781215209960937,-0.21522709655761718,0.5538339233398437,,,,,,,,36870.0,916.0,-106.0,538.0,-1072686583.0,404.0,-58.0,4.0,-104.0,-208.0,9743.0
836,36883.0,42800.0,56481.0,49993.0,52261.0,36882.0,3.383577823638916,,,,,,,,2.1536845995461573,-0.1652658548732207,0.5,12.733782291412354,,-0.574861572265625,-0.21638723754882813,0.553357666015625,,,,,,,,36880.0,924.0,-107.0,539.0,-1072685559.0,412.0,-59.0,9.0,-99.0,-72.0,9642.0
837,36893.0,42942.0,56010.0,49536.0,52787.0,36892.0,3.383577823638916,,,,,,,,2.159186911579458,-0.16461865377573387,0.5,12.746670961380005,,-0.5701163940429688,-0.21764532470703124,0.5534767456054688,,,,,,,,36890.0,928.0,-107.0,539.0,-1072685559.0,413.0,-59.0,9.0,46.0,-201.0,9733.0
838,36903.0,42873.0,55871.0,49504.0,53055.0,36902.0,3.383577823638916,,,,,,,,2.164688838590682,-0.16396254162170476,0.5,12.758842468261719,,-0.567008544921875,-0.21835198974609374,0.55370751953125,,,,,,,,36900.0,929.0,-108.0,539.0,-1072686583.0,411.0,-59.0,8.0,-40.0,-164.0,9713.0
839,36913.0,43578.0,55732.0,48941.0,52955.0,36912.0,3.3888564109802246,,,,,,,,2.1701906056761953,-0.16329715735953781,0.5,12.770938396453857,,-0.5622316284179687,-0.2196106872558594,0.55400390625,,,,,,,,36910.0,933.0,-108.0,539.0,-1073735159.0,412.0,-59.0,7.0,-57.0,-185.0,9797.0
840,36923.0,44608.0,56183.0,48003.0,52404.0,36922.0,3.3888564109802246,,,,,,,,2.1756923432416126,-0.16262249719282967,0.5,12.788005352020264,,-0.5588482666015625,-0.2204438018798828,0.5543807983398438,,,,,,,,36920.0,946.0,-111.0,539.0,-1073734135.0,429.0,-62.0,7.0,140.0,5.0,9950.0
841,36933.0,45433.0,55981.0,46871.0,52462.0,36932.0,3.3888564109802246,,,,,,,,2.181194077127253,-0.16193891082968437,0.5,12.800217628479004,,-0.5541366577148438,-0.22213893127441406,0.5538859252929688,,,,,,,,36930.0,950.0,-111.0,540.0,-1073734135.0,429.0,-62.0,14.0,89.0,-145.0,9920.0
842,36943.0,43754.0,55754.0,48212.0,52821.0,36942.0,3.3888564109802246,,,,,,,,2.1866957280992096,-0.1612470671772252,0.5,12.813199996948242,,-0.5510491943359375,-0.2229352569580078,0.5540922241210937,,,,,,,,36940.0,954.0,-111.0,541.0,-1073734134.0,431.0,-61.0,15.0,42.0,-153.0,9739.0
843,36953.0,44205.0,55958.0,47819.0,52485.0,36952.0,3.3888564109802246,,,,,,,,2.1921971204796664,-0.16054789333510444,0.5,12.825886011123657,,-0.5463517456054687,-0.2237674560546875,0.554361328125,,,,,,,,36950.0,958.0,-112.0,541.0,-1073734134.0,433.0,-61.0,14.0,-54.0,-127.0,9703.0
844,36963.0,43685.0,55863.0,48011.0,52532.0,36962.0,3.394134998321533,,,,,,,,2.1976979988998386,-0.15984249295744718,0.5,12.838182210922241,,-0.5424263916015625,-0.22526846313476562,0.5543055419921875,,,,,,,,36960.0,959.0,-114.0,541.0,-1073734134.0,429.0,-64.0,13.0,30.0,-111.0,9815.0
845,36973.0,43327.0,56218.0,48230.0,52021.0,36972.0,3.394134998321533,,,,,,,,2.2031980514833207,-0.15913205166611222,0.5,12.85094428062439,,-0.5377288818359375,-0.22622538757324218,0.5544816284179688,,,,,,,,36970.0,965.0,-115.0,541.0,-1073734134.0,434.0,-65.0,15.0,242.0,-78.0,9894.0
846,36983.0,43431.0,56259.0,48056.0,51973.0,36982.0,3.394134998321533,,,,,,,,2.2086969372595737,-0.1584177380968012,0.5,12.863637924194336,,-0.53296630859375,-0.22784774780273437,0.5546909790039063,,,,,,,,36980.0,970.0,-115.0,541.0,-1073734134.0,436.0,-65.0,15.0,41.0,-129.0,9866.0
847,36993.0,43469.0,56456.0,48079.0,51556.0,36992.0,3.394134998321533,,,,,,,,2.2141943153054235,-0.15770060928635804,0.5,12.876304149627686,,-0.5297123413085938,-0.22896517944335937,0.5543380126953125,,,,,,,,36990.0,970.0,-118.0,542.0,-1072686582.0,431.0,-68.0,16.0,-53.0,-91.0,9887.0
848,37003.0,42764.0,56473.0,48484.0,51574.0,37002.0,3.394134998321533,,,,,,,,2.2196898730369465,-0.15698152847640717,0.5,12.888245344161987,,-0.5261726684570313,-0.22920419311523438,0.5549908447265625,,,,,,,,37000.0,972.0,-117.0,542.0,-1072686581.0,429.0,-66.0,16.0,-60.0,-216.0,9712.0
849,37013.0,42981.0,56378.0,48285.0,51686.0,37012.0,3.394134998321533,,,,,,,,2.2251833512246675,-0.15626110209339222,0.5,12.900507926940918,,-0.5207523193359375,-0.2313454132080078,0.554397216796875,,,,,,,,37010.0,983.0,-118.0,542.0,-1072687605.0,441.0,-65.0,14.0,-96.0,-81.0,9773.0
850,37023.0,43024.0,55822.0,48063.0,52414.0,37022.0,3.399413585662842,,,,,,,,2.2306745636614695,-0.15553964080334776,0.5,12.913175821304321,,-0.5179049072265625,-0.232218505859375,0.55460986328125,,,,,,,,37020.0,987.0,-118.0,542.0,-1072687605.0,443.0,-65.0,13.0,-116.0,-120.0,9679.0
851,37033.0,42714.0,56028.0,48342.0,52129.0,37032.0,3.399413585662842,,,,,,,,2.2361634099376406,-0.15481714730966029,0.5,12.925947666168213,,-0.5131303100585938,-0.23362722778320313,0.5545721435546875,,,,,,,,37030.0,990.0,-118.0,542.0,-1072688629.0,440.0,-65.0,12.0,-94.0,-106.0,9801.0
852,37043.0,43161.0,56253.0,48061.0,52080.0,37042.0,3.394134998321533,,,,,,,,2.241649880420493,-0.15409333116793827,0.5,12.938166379928589,,-0.5093349914550781,-0.23431488037109374,0.5547460327148438,,,,,,,,37040.0,993.0,-119.0,542.0,-1072688629.0,440.0,-66.0,12.0,-49.0,-124.0,9870.0
853,37053.0,43609.0,56033.0,47744.0,52332.0,37052.0,3.394134998321533,,,,,,,,2.2471340532369837,-0.15336764855128032,0.5,12.950045347213745,,-0.5038216857910156,-0.23566665649414062,0.5546677856445312,,,,,,,,37050.0,999.0,-121.0,541.0,-1072689653.0,443.0,-67.0,6.0,-107.0,-206.0,9814.0
854,37063.0,43390.0,56060.0,48234.0,52477.0,37062.0,3.394134998321533,,,,,,,,2.2526160837531033,-0.1526393627972643,0.5,12.962939500808716,,-0.49926971435546874,-0.2370514373779297,0.5549482421875,,,,,,,,37060.0,1005.0,-122.0,541.0,-1072689652.0,446.0,-68.0,6.0,-126.0,-121.0,9880.0
855,37073.0,44938.0,56131.0,46904.0,52331.0,37072.0,3.394134998321533,,,,,,,,2.258096187683521,-0.15190761987813556,0.5,12.975925207138062,,-0.4962680053710937,-0.23801031494140626,0.5550400390625,,,,,,,,37070.0,1007.0,-122.0,541.0,-1072689652.0,444.0,-67.0,6.0,-6.0,-121.0,9876.0
856,37083.0,43751.0,56261.0,47960.0,52059.0,37082.0,3.394134998321533,,,,,,,,2.2635746194844852,-0.1511715318122243,0.5,12.989280462265015,,-0.49297174072265626,-0.23883705139160155,0.5547218627929688,,,,,,,,37080.0,1011.0,-122.0,541.0,-1072689652.0,443.0,-67.0,6.0,-95.0,-101.0,9730.0
857,37093.0,44330.0,56165.0,47939.0,52798.0,37092.0,3.394134998321533,,,,,,,,2.2690516480430194,-0.15043026055093162,0.5,13.001713037490845,,-0.487708251953125,-0.24031553649902343,0.5546802978515625,,,,,,,,37090.0,1017.0,-123.0,541.0,-1072689652.0,447.0,-67.0,5.0,-164.0,-186.0,9716.0
858,37103.0,46341.0,56076.0,46203.0,52853.0,37102.0,3.3888564109802246,,,,,,,,2.2745275318498765,-0.14968309505448235,0.5,13.01461124420166,,-0.48375347900390625,-0.2412732696533203,0.5546268920898437,,,,,,,,37100.0,1023.0,-123.0,540.0,-1072689652.0,450.0,-67.0,-3.0,-43.0,-34.0,9706.0
859,37113.0,44772.0,57425.0,47756.0,50700.0,37112.0,3.3888564109802246,,,,,,,,2.2800024958231253,-0.14892951507545454,0.5,13.027389287948608,,-0.4785271911621094,-0.242713623046875,0.5546517333984375,,,,,,,,37110.0,1025.0,-126.0,540.0,-1072690676.0,446.0,-71.0,-4.0,-95.0,-175.0,9720.0
860,37123.0,43933.0,56829.0,48436.0,51773.0,37122.0,3.3888564109802246,,,,,,,,2.285476711741425,-0.14816923651264535,0.5,13.039323806762695,,-0.4755710144042969,-0.24361953735351563,0.5550258178710937,,,,,,,,37120.0,1028.0,-127.0,540.0,-1071642100.0,445.0,-71.0,-4.0,-73.0,-268.0,9904.0
861,37133.0,45026.0,56746.0,47627.0,52054.0,37132.0,3.383577823638916,,,,,,,,2.2909502838749356,-0.1474022349460583,0.5,13.051420450210571,,-0.4707225036621094,-0.24517987060546875,0.5551323852539063,,,,,,,,37130.0,1035.0,-128.0,540.0,-1071642100.0,450.0,-72.0,-4.0,-202.0,-227.0,9805.0
862,37143.0,43697.0,57078.0,48826.0,51361.0,37142.0,3.383577823638916,,,,,,,,2.296423240904456,-0.14662874595294423,0.5,13.06427264213562,,-0.46779110717773437,-0.24651933288574218,0.55491455078125,,,,,,,,37140.0,1038.0,-128.0,539.0,-1071643124.0,448.0,-72.0,-6.0,-220.0,-145.0,9833.0
863,37153.0,44024.0,56758.0,48594.0,51843.0,37152.0,3.3888564109802246,,,,,,,,2.301895534642899,-0.14584924285205375,0.5,13.076672792434692,,-0.46252017211914065,-0.24832557678222655,0.5547597045898438,,,,,,,,37150.0,1042.0,-128.0,539.0,-1071643124.0,446.0,-72.0,-6.0,-144.0,-1.0,10022.0
864,37163.0,43904.0,56891.0,48869.0,51708.0,37162.0,3.383577823638916,,,,,,,,2.3073670454720725,-0.14506439445734437,0.5,13.088897943496704,,-0.457627197265625,-0.24890901184082032,0.5550161743164063,,,,,,,,37160.0,1046.0,-130.0,539.0,-1071644148.0,446.0,-73.0,-5.0,-215.0,-62.0,9837.0
865,37173.0,44200.0,55850.0,48703.0,53151.0,37172.0,3.383577823638916,,,,,,,,2.3128375938259516,-0.1442750070875609,0.5,13.10053038597107,,-0.45417108154296876,-0.2499801025390625,0.5550397338867188,,,,,,,,37170.0,1052.0,-130.0,539.0,-1071119860.0,449.0,-73.0,-5.0,-244.0,-199.0,9708.0
866,37183.0,42877.0,56692.0,50078.0,51842.0,37182.0,3.383577823638916,,,,,,,,2.3183069565463055,-0.14348195632027877,0.5,13.11274003982544,,-0.4509875793457031,-0.2510241241455078,0.5550908203125,,,,,,,,37180.0,1054.0,-130.0,539.0,-1071118836.0,445.0,-73.0,-7.0,-205.0,-170.0,9763.0
867,37193.0,44631.0,55464.0,48870.0,53399.0,37192.0,3.383577823638916,,,,,,,,2.323774886548581,-0.14268611470796827,0.5,13.125797033309937,,-0.4454353332519531,-0.2524205474853516,0.5548909301757813,,,,,,,,37190.0,1059.0,-130.0,539.0,-1072167412.0,445.0,-72.0,-8.0,-242.0,-146.0,9795.0
868,37203.0,45456.0,55779.0,48211.0,52944.0,37202.0,3.383577823638916,,,,,,,,2.329241133995108,-0.1418882818414604,0.5,13.138221740722656,,-0.4419260559082031,-0.25338978576660154,0.55508251953125,,,,,,,,37200.0,1065.0,-133.0,539.0,-1072166388.0,448.0,-76.0,-8.0,-214.0,-153.0,9891.0
869,37213.0,44187.0,55202.0,49330.0,53542.0,37212.0,3.383577823638916,,,,,,,,2.334705467095513,-0.14108912275489177,0.5,13.150321960449219,,-0.4370184326171875,-0.2546224060058594,0.5549598999023437,,,,,,,,37210.0,1070.0,-132.0,539.0,-1073214965.0,449.0,-73.0,-6.0,-262.0,-202.0,9873.0
870,37223.0,43949.0,55183.0,49458.0,53435.0,37222.0,3.383577823638916,,,,,,,,2.340167690742483,-0.14028911976656055,0.5,13.162616968154907,,-0.433826904296875,-0.2560191345214844,0.5549317626953125,,,,,,,,37220.0,1076.0,-131.0,538.0,-535296501.0,450.0,-71.0,-6.0,-269.0,-178.0,9850.0
871,37233.0,43916.0,55458.0,49527.0,53049.0,37232.0,3.383577823638916,,,,,,,,2.3456276614319753,-0.13948854153561846,0.5,13.176020860671997,,-0.42913824462890626,-0.25766455078125,0.5548134765625,,,,,,,,37230.0,1078.0,-131.0,539.0,-535296501.0,446.0,-70.0,-4.0,-255.0,-79.0,9582.0
872,37243.0,44609.0,56112.0,49054.0,52201.0,37242.0,3.383577823638916,,,,,,,,2.351085297285044,-0.138687431511693,0.5,13.188661813735962,,-0.4262922058105469,-0.257818603515625,0.5550186767578125,,,,,,,,37240.0,1083.0,-134.0,539.0,-534247926.0,445.0,-73.0,-5.0,-288.0,-78.0,9561.0
873,37253.0,43916.0,55466.0,49672.0,53116.0,37252.0,3.383577823638916,,,,,,,,2.3565405824479138,-0.13788561621083179,0.5,13.201115131378174,,-0.42038534545898437,-0.2592967224121094,0.5552905883789062,,,,,,,,37250.0,1088.0,-133.0,539.0,-533199350.0,446.0,-70.0,-7.0,-165.0,-24.0,9651.0
874,37263.0,42258.0,55853.0,50946.0,52671.0,37262.0,3.383577823638916,,,,,,,,2.361993565655158,-0.1370827320237442,0.5,13.214164972305298,,-0.417296875,-0.26077688598632814,0.5551647338867187,,,,,,,,37260.0,1091.0,-132.0,539.0,-533199350.0,443.0,-66.0,-9.0,-168.0,-50.0,9759.0
875,37273.0,41864.0,56423.0,51051.0,51766.0,37272.0,3.383577823638916,,,,,,,,2.3674443532508516,-0.13627826769625617,0.5,13.227094173431396,,-0.41233685302734374,-0.26199249267578123,0.5551879272460938,,,,,,,,37270.0,1093.0,-133.0,539.0,-532150774.0,440.0,-65.0,-6.0,-342.0,-145.0,9642.0
876,37283.0,44158.0,56009.0,49265.0,52442.0,37282.0,3.383577823638916,,,,,,,,2.372893097436001,-0.13547161834080296,0.5,13.239889860153198,,-0.4096920776367188,-0.2628796691894531,0.55525244140625,,,,,,,,37280.0,1098.0,-134.0,539.0,-532150775.0,440.0,-64.0,-7.0,-309.0,-33.0,9813.0
877,37293.0,44277.0,56833.0,49054.0,51313.0,37292.0,3.383577823638916,,,,,,,,2.3783399809023424,-0.1346621459583046,0.5,13.251703023910522,,-0.40428167724609376,-0.2644078369140625,0.5551380004882812,,,,,,,,37290.0,1102.0,-137.0,539.0,-532149751.0,439.0,-68.0,-7.0,-244.0,102.0,9698.0
878,37303.0,41793.0,56627.0,51053.0,51595.0,37302.0,3.383577823638916,,,,,,,,2.383785199291568,-0.13384924103236578,0.5,13.264480352401733,,-0.4011164855957031,-0.2652179870605469,0.5552688598632812,,,,,,,,37300.0,1104.0,-137.0,539.0,-532148727.0,435.0,-65.0,-7.0,-230.0,57.0,9671.0
879,37313.0,43399.0,56614.0,49581.0,51504.0,37312.0,3.383577823638916,,,,,,,,2.38922894306479,-0.1330323798245635,0.5,13.276917457580566,,-0.3960068359375,-0.26610888671875,0.5551010131835937,,,,,,,,37310.0,1110.0,-138.0,540.0,-531100151.0,436.0,-65.0,-3.0,-292.0,69.0,9772.0
880,37323.0,40946.0,56992.0,51242.0,50629.0,37322.0,3.3888564109802246,,,,,,,,2.3946713803709803,-0.13221117253034037,0.5,13.289225816726685,,-0.39288909912109377,-0.26772503662109376,0.5554105834960937,,,,,,,,37320.0,1110.0,-138.0,540.0,-531099127.0,429.0,-63.0,-3.0,-270.0,31.0,9790.0
881,37333.0,45594.0,55682.0,47669.0,52556.0,37332.0,3.3888564109802246,,,,,,,,2.4001126423692334,-0.13138539838963964,0.5,13.302797555923462,,-0.38820065307617185,-0.26873046875,0.5555978393554688,,,,,,,,37330.0,1117.0,-140.0,540.0,-531099127.0,433.0,-63.0,-4.0,-377.0,-8.0,9671.0
882,37343.0,44082.0,55967.0,48930.0,52267.0,37342.0,3.3888564109802246,,,,,,,,2.4055528122038052,-0.1305550250916549,0.5,13.315541744232178,,-0.3848088684082031,-0.26967208862304687,0.555343017578125,,,,,,,,37340.0,1122.0,-140.0,540.0,-532147703.0,433.0,-62.0,-5.0,-327.0,21.0,9690.0
883,37353.0,45358.0,56220.0,47897.0,51944.0,37352.0,3.3888564109802246,,,,,,,,2.410991918478863,-0.12972021125169664,0.5,13.327640295028687,,-0.379882568359375,-0.27046148681640625,0.55505908203125,,,,,,,,37350.0,1128.0,-142.0,540.0,-532147703.0,433.0,-62.0,-6.0,-375.0,-73.0,9734.0
884,37363.0,42791.0,56254.0,49953.0,52023.0,37362.0,3.3888564109802246,,,,,,,,2.4164299336651167,-0.12888129223826245,0.5,13.340258359909058,,-0.37693511962890625,-0.27114483642578124,0.5551146850585937,,,,,,,,37360.0,1130.0,-141.0,540.0,-532147703.0,428.0,-59.0,-7.0,-330.0,46.0,9654.0
885,37373.0,46030.0,55865.0,47228.0,52638.0,37372.0,3.3888564109802246,,,,,,,,2.4218667774322116,-0.12803875106102686,0.5,13.352968692779541,,-0.3703318176269531,-0.27268701171875,0.5559510498046875,,,,,,,,37370.0,1134.0,-142.0,539.0,-532147704.0,428.0,-58.0,-9.0,-251.0,38.0,9557.0
886,37383.0,44321.0,56080.0,48760.0,52458.0,37382.0,3.3888564109802246,,,,,,,,2.4273023244729544,-0.12719317727965357,0.5,13.365849018096924,,-0.3690152587890625,-0.27418099975585936,0.5552056274414062,,,,,,,,37380.0,1139.0,-142.0,539.0,-533197304.0,428.0,-57.0,-11.0,-360.0,-25.0,9804.0
887,37393.0,44574.0,55691.0,48488.0,52974.0,37392.0,3.3888564109802246,,,,,,,,2.4327364160083227,-0.1263452178462257,0.5,13.37847113609314,,-0.3641993408203125,-0.27514608764648435,0.555263916015625,,,,,,,,37390.0,1145.0,-143.0,539.0,-533197304.0,430.0,-56.0,-11.0,-313.0,-90.0,9815.0
888,37403.0,43533.0,56211.0,49472.0,52510.0,37402.0,3.383577823638916,,,,,,,,2.438168873866962,-0.12549552437919909,0.5,13.39109182357788,,-0.3608231201171875,-0.27595465087890625,0.5552412109375,,,,,,,,37400.0,1149.0,-143.0,539.0,-533198328.0,428.0,-55.0,-11.0,-275.0,-128.0,9872.0
889,37413.0,43762.0,56114.0,49178.0,52708.0,37412.0,3.383577823638916,,,,,,,,2.4435995158423993,-0.12464470154442812,0.5,13.404372692108154,,-0.35641925048828127,-0.27685382080078125,0.5553960571289063,,,,,,,,37410.0,1153.0,-143.0,539.0,-533198327.0,428.0,-53.0,-11.0,-260.0,-1.0,9929.0
890,37423.0,44394.0,56076.0,48582.0,52729.0,37422.0,3.383577823638916,,,,,,,,2.4490281709588957,-0.12379326098560738,0.5,13.417140483856201,,-0.3528419189453125,-0.2776238708496094,0.5550961303710937,,,,,,,,37420.0,1156.0,-143.0,539.0,-533198327.0,424.0,-52.0,-9.0,-386.0,-51.0,9787.0
891,37433.0,42895.0,56799.0,49751.0,51680.0,37432.0,3.383577823638916,,,,,,,,2.454454693325444,-0.12294158463490555,0.5,13.433249235153198,,-0.3480785827636719,-0.27869711303710937,0.555399169921875,,,,,,,,37430.0,1157.0,-145.0,539.0,-533198327.0,419.0,-52.0,-9.0,-241.0,-174.0,9885.0
892,37443.0,45092.0,55088.0,47806.0,54084.0,37442.0,3.383577823638916,,,,,,,,2.4598789734190247,-0.12208990030903401,0.5,13.446632862091064,,-0.34473455810546877,-0.27932009887695314,0.5552533569335938,,,,,,,,37440.0,1168.0,-145.0,539.0,-533199351.0,429.0,-51.0,-9.0,-255.0,-83.0,9725.0
893,37453.0,43059.0,56010.0,49524.0,53021.0,37452.0,3.383577823638916,,,,,,,,2.4653009458954216,-0.12123827134613298,0.5,13.459698915481567,,-0.3402550048828125,-0.2806240234375,0.55557666015625,,,,,,,,37450.0,1173.0,-145.0,539.0,-533199351.0,431.0,-50.0,-10.0,-246.0,-52.0,9827.0
894,37463.0,44009.0,56616.0,48901.0,52057.0,37462.0,3.383577823638916,,,,,,,,2.470720593353483,-0.12038660077094827,0.5,13.472919702529907,,-0.3369681091308594,-0.2811959533691406,0.5551610107421875,,,,,,,,37460.0,1175.0,-147.0,538.0,-533199351.0,426.0,-52.0,-11.0,-229.0,-25.0,9782.0
895,37473.0,42317.0,56888.0,50120.0,51745.0,37472.0,3.383577823638916,,,,,,,,2.4761379458462947,-0.1195346492037503,0.5,13.485687494277954,,-0.3325152587890625,-0.28272772216796876,0.5551303100585937,,,,,,,,37470.0,1176.0,-147.0,538.0,-533199351.0,421.0,-50.0,-11.0,-294.0,-8.0,9763.0
896,37483.0,44170.0,57088.0,48882.0,51566.0,37482.0,3.383577823638916,,,,,,,,2.4815530763063016,-0.11868206456232135,0.5,13.498276472091675,,-0.32935467529296875,-0.2834585571289063,0.5551351318359375,,,,,,,,37480.0,1181.0,-150.0,538.0,-533199351.0,422.0,-53.0,-15.0,-253.0,-92.0,9761.0
897,37493.0,43173.0,56313.0,49784.0,52743.0,37492.0,3.383577823638916,,,,,,,,2.4869660924012664,-0.11782842063785591,0.5,13.510615348815918,,-0.3246209411621094,-0.284328857421875,0.5552611083984375,,,,,,,,37490.0,1187.0,-149.0,537.0,-533199351.0,424.0,-50.0,-16.0,-326.0,-98.0,9780.0
898,37503.0,44067.0,56534.0,49057.0,52465.0,37502.0,3.383577823638916,,,,,,,,2.492377125632601,-0.11697326094082246,0.5,13.523201942443848,,-0.3217113952636719,-0.2846136779785156,0.5554812622070312,,,,,,,,37500.0,1193.0,-150.0,537.0,-533198327.0,427.0,-49.0,-17.0,-211.0,11.0,9795.0
899,37513.0,44811.0,56437.0,48349.0,52657.0,37512.0,3.383577823638916,,,,,,,,2.497786318702652,-0.11611614386137013,0.5,13.536345958709717,,-0.3163948059082031,-0.28559170532226563,0.5552052001953125,,,,,,,,37510.0,1198.0,-150.0,537.0,-533198327.0,427.0,-48.0,-17.0,-231.0,2.0,9925.0
900,37523.0,40002.0,58280.0,51775.0,49091.0,37522.0,3.383577823638916,,,,,,,,2.503193812297128,-0.11525668519086522,0.5,13.548781633377075,,-0.3136166687011719,-0.28603851318359375,0.555304931640625,,,,,,,,37520.0,1190.0,-151.0,537.0,-534246903.0,407.0,-47.0,-16.0,-259.0,-31.0,9894.0
901,37533.0,45266.0,56086.0,47657.0,53017.0,37532.0,3.383577823638916,,,,,,,,2.5085997324454827,-0.1143945943959369,0.5,13.56110405921936,,-0.30906259155273436,-0.28736663818359376,0.5553287963867187,,,,,,,,37530.0,1200.0,-151.0,537.0,-534246903.0,416.0,-47.0,-11.0,-450.0,-196.0,9675.0
902,37543.0,43993.0,56848.0,48827.0,51948.0,37542.0,3.383577823638916,,,,,,,,2.514004179537419,-0.11352970168385172,0.5,13.574570894241333,,-0.3060215759277344,-0.28873492431640624,0.5555982055664063,,,,,,,,37540.0,1204.0,-152.0,537.0,-534246902.0,415.0,-47.0,-13.0,-376.0,-230.0,9704.0
903,37553.0,44347.0,56925.0,48524.0,51902.0,37552.0,3.383577823638916,,,,,,,,2.5194072198981363,-0.11266197378294511,0.5,13.586871862411499,,-0.3010751953125,-0.28971865844726563,0.55498974609375,,,,,,,,37550.0,1206.0,-153.0,537.0,-534246902.0,410.0,-46.0,-14.0,-231.0,-79.0,9730.0
904,37563.0,43605.0,56934.0,49186.0,51905.0,37562.0,3.383577823638916,,,,,,,,2.5248088805764817,-0.11179151740045419,0.5,13.599374294281006,,-0.2979689025878906,-0.290027099609375,0.5550471801757813,,,,,,,,37560.0,1209.0,-153.0,537.0,-535295478.0,408.0,-46.0,-15.0,-318.0,-168.0,9652.0
905,37573.0,44070.0,56224.0,48845.0,52937.0,37572.0,3.383577823638916,,,,,,,,2.5302091477024495,-0.11091857041716156,0.5,13.61220407485962,,-0.292974365234375,-0.2911761474609375,0.5549095458984376,,,,,,,,37570.0,1214.0,-153.0,537.0,-535295478.0,410.0,-44.0,-15.0,-338.0,-16.0,9718.0
906,37583.0,46603.0,55838.0,46457.0,53562.0,37582.0,3.383577823638916,,,,,,,,2.5356079684515618,-0.11004348193798373,0.5,13.624628067016602,,-0.29072589111328123,-0.29180307006835937,0.5550426635742187,,,,,,,,37580.0,1222.0,-153.0,537.0,-535295478.0,415.0,-44.0,-17.0,-263.0,-79.0,9845.0
907,37593.0,44496.0,56476.0,48363.0,52768.0,37592.0,3.383577823638916,,,,,,,,2.541005256339506,-0.10916668325312427,0.5,13.6369948387146,,-0.2855595397949219,-0.2928743896484375,0.55472900390625,,,,,,,,37590.0,1225.0,-154.0,537.0,-535296502.0,413.0,-44.0,-17.0,-123.0,-107.0,9951.0
908,37603.0,44429.0,56682.0,48417.0,52454.0,37602.0,3.383577823638916,,,,,,,,2.546400899289552,-0.10828865249293516,0.5,13.649349689483643,,-0.2826784973144531,-0.29391796875,0.5547251586914063,,,,,,,,37600.0,1228.0,-154.0,536.0,-536345078.0,412.0,-44.0,-16.0,-276.0,-96.0,9853.0
909,37613.0,43601.0,56761.0,48888.0,52319.0,37612.0,3.383577823638916,,,,,,,,2.5517947696913206,-0.10740987622510746,0.5,13.661560297012329,,-0.2778958435058594,-0.29512115478515627,0.5548676147460937,,,,,,,,37610.0,1232.0,-154.0,537.0,-536346102.0,411.0,-43.0,-13.0,-222.0,-167.0,9901.0
910,37623.0,44384.0,57073.0,48175.0,51797.0,37622.0,3.383577823638916,,,,,,,,2.557186735519964,-0.10653081141283142,0.5,13.675693273544312,,-0.2746707763671875,-0.2953426208496094,0.5549522705078125,,,,,,,,37620.0,1233.0,-157.0,537.0,-536346102.0,405.0,-47.0,-12.0,-215.0,-244.0,9908.0
911,37633.0,43106.0,56538.0,49266.0,52596.0,37632.0,3.383577823638916,,,,,,,,2.562576671520502,-0.10565185102108442,0.5,13.687896966934204,,-0.2697881164550781,-0.2962725830078125,0.554931884765625,,,,,,,,37630.0,1238.0,-156.0,537.0,-1073741302.0,406.0,-45.0,-12.0,-330.0,-25.0,9779.0
912,37643.0,44516.0,56078.0,48067.0,53241.0,37642.0,3.383577823638916,,,,,,,,2.56796446948594,-0.10477329614556909,0.5,13.700345993041992,,-0.2671833190917969,-0.2967386169433594,0.5546725463867187,,,,,,,,37640.0,1246.0,-156.0,536.0,-1073740277.0,413.0,-44.0,-12.0,-246.0,-107.0,9783.0
913,37653.0,45429.0,56225.0,46996.0,52911.0,37652.0,3.383577823638916,,,,,,,,2.5733500467651713,-0.1038953368891858,0.5,13.713151931762695,,-0.2625701293945312,-0.29792156982421875,0.5543875122070312,,,,,,,,37650.0,1252.0,-158.0,536.0,-1073740277.0,417.0,-46.0,-12.0,-143.0,-193.0,9587.0
914,37663.0,44616.0,56191.0,47956.0,52889.0,37662.0,3.383577823638916,,,,,,,,2.578733352315718,-0.10301804338764382,0.5,13.725819110870361,,-0.2591961669921875,-0.29873431396484373,0.55502294921875,,,,,,,,37660.0,1257.0,-158.0,537.0,-1073740277.0,418.0,-46.0,-9.0,-107.0,-124.0,9668.0
915,37673.0,40154.0,58408.0,51341.0,48854.0,37672.0,3.383577823638916,,,,,,,,2.584114369849396,-0.10214136746536175,0.5,13.738071918487549,,-0.2546099853515625,-0.2994495849609375,0.554765869140625,,,,,,,,37670.0,1249.0,-160.0,537.0,-1073740277.0,398.0,-47.0,-10.0,-165.0,-102.0,9935.0
916,37683.0,43236.0,56837.0,48971.0,51992.0,37682.0,3.383577823638916,,,,,,,,2.5894931178842735,-0.1012651544679458,0.5,13.750322580337524,,-0.25166180419921874,-0.30071249389648436,0.5544541015625,,,,,,,,37680.0,1254.0,-160.0,537.0,-1073740277.0,400.0,-47.0,-8.0,-365.0,-265.0,9837.0
917,37693.0,43986.0,56092.0,48359.0,53005.0,37692.0,3.383577823638916,,,,,,,,2.5948696467894212,-0.1003891639501265,0.5,13.763139724731445,,-0.24709410095214843,-0.3013801574707031,0.554468994140625,,,,,,,,37690.0,1261.0,-159.0,537.0,-1073740277.0,407.0,-45.0,-7.0,-250.0,-178.0,9807.0
918,37703.0,44240.0,56232.0,48417.0,52909.0,37702.0,3.383577823638916,,,,,,,,2.600244033167165,-0.09951309716762151,0.5,13.775831937789917,,-0.24418310546875,-0.30176553344726564,0.5547246704101563,,,,,,,,37700.0,1265.0,-159.0,536.0,-1073740277.0,407.0,-44.0,-11.0,-245.0,-244.0,9969.0
919,37713.0,42995.0,56797.0,49332.0,51810.0,37712.0,3.3888564109802246,,,,,,,,2.6056163721385217,-0.09863662879078654,0.5,13.78794550895691,,-0.2415274200439453,-0.3031543884277344,0.5546882934570313,,,,,,,,37710.0,1267.0,-159.0,536.0,-536869365.0,403.0,-43.0,-10.0,-233.0,-215.0,9586.0
920,37723.0,44643.0,56542.0,48026.0,52283.0,37722.0,3.3888564109802246,,,,,,,,2.6109867682625327,-0.09775943996737733,0.5,13.800367832183838,,-0.23678053283691405,-0.3044803466796875,0.5546873779296875,,,,,,,,37720.0,1271.0,-161.0,536.0,-1073740277.0,403.0,-47.0,-13.0,-238.0,-279.0,9502.0
921,37733.0,43459.0,56565.0,49378.0,52453.0,37732.0,3.383577823638916,,,,,,,,2.6163553259169703,-0.09688124982888184,0.5,13.813514947891235,,-0.23215296936035157,-0.3055571594238281,0.5547737426757813,,,,,,,,37730.0,1274.0,-160.0,535.0,-536869365.0,402.0,-44.0,-16.0,-202.0,-194.0,9623.0
922,37743.0,45281.0,55712.0,47393.0,53222.0,37742.0,3.3888564109802246,,,,,,,,2.6217221399900055,-0.09600184275492442,0.5,13.82613492012024,,-0.22864242553710937,-0.3059123229980469,0.5544053955078125,,,,,,,,37740.0,1284.0,-160.0,537.0,-536868341.0,412.0,-44.0,-11.0,-188.0,-103.0,9846.0
923,37753.0,43969.0,56510.0,48648.0,52321.0,37752.0,3.383577823638916,,,,,,,,2.627087287680262,-0.09512108915661381,0.5,13.838170528411865,,-0.2248273468017578,-0.3064490966796875,0.55417431640625,,,,,,,,37750.0,1287.0,-160.0,536.0,-536868341.0,411.0,-43.0,-10.0,-97.0,-107.0,9912.0
924,37763.0,44840.0,56115.0,47955.0,52768.0,37762.0,3.383577823638916,,,,,,,,2.632450822082951,-0.09423895816698953,0.5,13.850548505783081,,-0.21923385620117186,-0.30823443603515627,0.5540537109375,,,,,,,,37760.0,1291.0,-161.0,536.0,-536868341.0,410.0,-42.0,-9.0,-172.0,-135.0,9781.0
925,37773.0,44174.0,56982.0,48639.0,51416.0,37772.0,3.383577823638916,,,,,,,,2.6378127680649257,-0.09335552137519489,0.5,13.863462924957275,,-0.21580621337890624,-0.30868896484375,0.5544823608398437,,,,,,,,37770.0,1292.0,-162.0,536.0,-536867317.0,406.0,-44.0,-9.0,-104.0,-142.0,9537.0
926,37783.0,45068.0,55878.0,48001.0,53312.0,37782.0,3.383577823638916,,,,,,,,2.643173120718262,-0.09247094754190226,0.5,13.876055240631104,,-0.21265927124023437,-0.30984161376953123,0.554293701171875,,,,,,,,37780.0,1300.0,-162.0,535.0,-536867317.0,414.0,-44.0,-15.0,-201.0,-248.0,9581.0
927,37793.0,44178.0,56457.0,48917.0,52514.0,37792.0,3.383577823638916,,,,,,,,2.6485318464504255,-0.09158548901622081,0.5,13.8883957862854,,-0.20917112731933593,-0.3105050659179687,0.5543958129882812,,,,,,,,37790.0,1305.0,-162.0,535.0,-536866293.0,415.0,-43.0,-17.0,-149.0,-135.0,9650.0
928,37803.0,44946.0,56714.0,48128.0,51986.0,37802.0,3.3888564109802246,,,,,,,,2.653888886538684,-0.09069946127369437,0.5,13.901057720184326,,-0.20569747924804688,-0.31144363403320313,0.5542268676757812,,,,,,,,37800.0,1306.0,-165.0,535.0,-536866293.0,412.0,-46.0,-18.0,-207.0,-166.0,9634.0
929,37813.0,44589.0,56407.0,48522.0,52776.0,37812.0,3.383577823638916,,,,,,,,2.659244162767711,-0.08981321755023518,0.5,13.914309740066528,,-0.20118211364746094,-0.3123705749511719,0.5539130859375,,,,,,,,37810.0,1311.0,-165.0,535.0,-536866293.0,414.0,-46.0,-19.0,-106.0,-167.0,9848.0
930,37823.0,42694.0,57144.0,50113.0,51554.0,37822.0,3.383577823638916,,,,,,,,2.6645975845999765,-0.08892712091434436,0.5,13.92702865600586,,-0.19778436279296874,-0.3130586853027344,0.5539739379882812,,,,,,,,37820.0,1312.0,-165.0,535.0,-536866293.0,411.0,-45.0,-19.0,-146.0,-221.0,9696.0
931,37833.0,44011.0,56301.0,49164.0,52878.0,37832.0,3.383577823638916,,,,,,,,2.6699490572119458,-0.08804151627355404,0.5,13.939329147338867,,-0.19302853393554686,-0.31399600219726564,0.5539469604492188,,,,,,,,37830.0,1319.0,-165.0,534.0,-536866293.0,415.0,-44.0,-20.0,-98.0,-292.0,9608.0
932,37843.0,43919.0,56289.0,49345.0,52945.0,37842.0,3.383577823638916,,,,,,,,2.6752984896738226,-0.08715670474366373,0.5,13.952086448669434,,-0.18999453735351562,-0.31511349487304685,0.553715576171875,,,,,,,,37840.0,1325.0,-165.0,534.0,-535817717.0,420.0,-43.0,-22.0,-88.0,-127.0,9562.0
933,37853.0,44774.0,56388.0,48685.0,52915.0,37852.0,3.383577823638916,,,,,,,,2.680645802559557,-0.08627292253340159,0.5,13.964902400970459,,-0.1853348083496094,-0.31626364135742185,0.5533505859375,,,,,,,,37850.0,1328.0,-166.0,534.0,-535817717.0,420.0,-44.0,-25.0,-28.0,-66.0,9620.0
934,37863.0,42207.0,56973.0,50840.0,52067.0,37862.0,3.383577823638916,,,,,,,,2.68599093434438,-0.08539032604272097,0.5,13.97713017463684,,-0.18199690246582031,-0.3168802795410156,0.5530719604492188,,,,,,,,37860.0,1331.0,-166.0,534.0,-535817717.0,418.0,-43.0,-27.0,-91.0,-146.0,9557.0
935,37873.0,43682.0,56660.0,49850.0,52798.0,37872.0,3.3782992362976074,,,,,,,,2.691333846071266,-0.08450898428471405,0.5,13.990168809890747,,-0.17749464416503907,-0.3175965576171875,0.5533137817382813,,,,,,,,37870.0,1336.0,-165.0,534.0,-535818741.0,420.0,-41.0,-28.0,-112.0,-119.0,9685.0
936,37883.0,43788.0,57030.0,49698.0,52058.0,37882.0,3.383577823638916,,,,,,,,2.6966745239331136,-0.08362887907400389,0.5,14.00365924835205,,-0.1741321563720703,-0.3184154052734375,0.553386474609375,,,,,,,,37880.0,1339.0,-166.0,533.0,-535818742.0,420.0,-42.0,-29.0,-107.0,-211.0,9657.0
937,37893.0,44213.0,56856.0,49471.0,52673.0,37892.0,3.3782992362976074,,,,,,,,2.7020129796084875,-0.08274991273862077,0.5,14.016098976135254,,-0.17103749084472655,-0.3189675598144531,0.5532071533203125,,,,,,,,37890.0,1344.0,-166.0,533.0,-535818742.0,422.0,-41.0,-30.0,-182.0,-114.0,9922.0
938,37903.0,44936.0,56927.0,48829.0,52564.0,37902.0,3.3782992362976074,,,,,,,,2.707349248388069,-0.08187192246808773,0.5,14.028411626815796,,-0.1661263427734375,-0.3202004699707031,0.553239990234375,,,,,,,,37900.0,1347.0,-168.0,533.0,-535818742.0,420.0,-42.0,-29.0,-191.0,-86.0,9887.0
939,37913.0,44210.0,57430.0,49363.0,51641.0,37912.0,3.3782992362976074,,,,,,,,2.712683385319295,-0.08099469986068135,0.5,14.041007280349731,,-0.16271104431152345,-0.32111611938476564,0.5529493408203126,,,,,,,,37910.0,1349.0,-169.0,533.0,-535818742.0,418.0,-43.0,-26.0,-94.0,-158.0,9805.0
940,37923.0,44936.0,56893.0,48770.0,52535.0,37922.0,3.3782992362976074,,,,,,,,2.71801545976195,-0.08011801382354759,0.5,14.05579948425293,,-0.15870947265625,-0.3227449645996094,0.5527705688476563,,,,,,,,37920.0,1354.0,-169.0,533.0,-535818742.0,421.0,-43.0,-27.0,-146.0,-134.0,9879.0
941,37933.0,45375.0,56723.0,48431.0,52775.0,37932.0,3.3782992362976074,,,,,,,,2.7233455488736173,-0.07924163474260626,0.5,14.068242073059082,,-0.15346109008789063,-0.3238121643066406,0.5527756958007812,,,,,,,,37930.0,1360.0,-170.0,532.0,-535818742.0,423.0,-43.0,-27.0,-195.0,-95.0,9643.0
942,37943.0,44160.0,57128.0,49454.0,52265.0,37942.0,3.3782992362976074,,,,,,,,2.7286737306212605,-0.07836535779001298,0.5,14.080412149429321,,-0.15034214782714844,-0.32451300048828124,0.5526183471679688,,,,,,,,37940.0,1363.0,-170.0,532.0,-535818742.0,422.0,-42.0,-28.0,-62.0,-38.0,9843.0
943,37953.0,45002.0,56541.0,48139.0,52845.0,37952.0,3.3782992362976074,,,,,,,,2.7340000769386092,-0.07748902337409676,0.5,14.093558073043823,,-0.1462763214111328,-0.32494744873046877,0.5522598266601563,,,,,,,,37950.0,1367.0,-171.0,532.0,-535818742.0,423.0,-42.0,-27.0,-72.0,53.0,10060.0
944,37963.0,44829.0,56589.0,48165.0,52749.0,37962.0,3.3782992362976074,,,,,,,,2.7393246476179813,-0.07661253304276062,0.5,14.106093883514404,,-0.14255548095703124,-0.326189208984375,0.5523792114257813,,,,,,,,37960.0,1372.0,-171.0,533.0,-535818742.0,424.0,-42.0,-14.0,-31.0,-103.0,9971.0
945,37973.0,44479.0,56746.0,48457.0,52412.0,37972.0,3.3782992362976074,,,,,,,,2.7446474854440703,-0.07573585959480611,0.5,14.120918273925781,,-0.13761683654785156,-0.3268759460449219,0.552687744140625,,,,,,,,37970.0,1376.0,-171.0,533.0,-535817718.0,425.0,-41.0,-12.0,-195.0,-222.0,9994.0
946,37983.0,45884.0,55813.0,47096.0,53629.0,37982.0,3.3782992362976074,,,,,,,,2.749968612954549,-0.07485905069202502,0.5,14.134699583053589,,-0.1343748779296875,-0.32761129760742186,0.55255224609375,,,,,,,,37980.0,1383.0,-172.0,533.0,-536866294.0,431.0,-41.0,-10.0,-141.0,-206.0,10001.0
947,37993.0,43694.0,57178.0,48795.0,51462.0,37992.0,3.383577823638916,,,,,,,,2.755288031059961,-0.07398222584859394,0.5,14.147362470626831,,-0.12972236633300782,-0.32863101196289063,0.5523244018554687,,,,,,,,37990.0,1385.0,-175.0,533.0,-536866294.0,427.0,-45.0,-9.0,-112.0,-250.0,9812.0
948,38003.0,43419.0,56675.0,48961.0,52253.0,38002.0,3.383577823638916,,,,,,,,2.7606057195875904,-0.07310556725150481,0.5,14.159707069396973,,-0.12614417266845704,-0.33009976196289065,0.551869873046875,,,,,,,,38000.0,1389.0,-175.0,533.0,-536866294.0,428.0,-44.0,-8.0,-83.0,-172.0,9905.0
949,38013.0,42792.0,56985.0,49439.0,51764.0,38012.0,3.383577823638916,,,,,,,,2.76592163964528,-0.07222930538775071,0.5,14.172648668289185,,-0.12312247467041015,-0.3302230529785156,0.5523499755859375,,,,,,,,38010.0,1391.0,-176.0,533.0,-536866293.0,427.0,-45.0,-7.0,-277.0,-119.0,9779.0
950,38023.0,44558.0,55879.0,48011.0,53359.0,38022.0,3.383577823638916,,,,,,,,2.7712357375463834,-0.07135370087592299,0.5,14.187827587127686,,-0.11803388214111328,-0.3316199340820313,0.5517523193359375,,,,,,,,38020.0,1396.0,-175.0,533.0,-535817717.0,429.0,-44.0,-8.0,-205.0,-155.0,9690.0
951,38033.0,44046.0,56439.0,48498.0,52643.0,38032.0,3.383577823638916,,,,,,,,2.7765479499093426,-0.07047902418813036,0.5,14.200207471847534,,-0.11508184814453125,-0.3322730712890625,0.5521646118164063,,,,,,,,38030.0,1403.0,-177.0,533.0,-535817717.0,434.0,-45.0,-9.0,-49.0,-111.0,9869.0
952,38043.0,43567.0,56390.0,49077.0,52615.0,38042.0,3.383577823638916,,,,,,,,2.7818582094550126,-0.06960553508176676,0.5,14.213463306427002,,-0.11053521728515625,-0.3332433471679688,0.5517056274414063,,,,,,,,38040.0,1404.0,-176.0,533.0,-535817717.0,430.0,-43.0,-10.0,-156.0,-26.0,9901.0
953,38053.0,44311.0,56218.0,48305.0,52916.0,38052.0,3.383577823638916,,,,,,,,2.7871664509785083,-0.06873346353258936,0.5,14.22593379020691,,-0.10513496398925781,-0.3344161376953125,0.552013427734375,,,,,,,,38050.0,1411.0,-177.0,533.0,-535817717.0,434.0,-44.0,-9.0,-88.0,-158.0,9933.0
954,38063.0,44149.0,56466.0,48390.0,52522.0,38062.0,3.383577823638916,,,,,,,,2.7924726169727374,-0.06786299377801522,0.5,14.238346099853516,,-0.10203811645507813,-0.3351069641113281,0.5517601318359375,,,,,,,,38060.0,1413.0,-178.0,532.0,-534769141.0,432.0,-44.0,-7.0,-98.0,-162.0,9916.0
955,38073.0,44663.0,55800.0,47986.0,53320.0,38072.0,3.383577823638916,,,,,,,,2.7977766624264855,-0.06699425276288726,0.5,14.250471591949463,,-0.09895000457763672,-0.3360724792480469,0.5518059692382813,,,,,,,,38070.0,1422.0,-178.0,532.0,-534769141.0,441.0,-43.0,-6.0,-199.0,-95.0,10040.0
956,38083.0,44695.0,56230.0,48062.0,52889.0,38082.0,3.383577823638916,,,,,,,,2.8030785584056037,-0.06612730386060002,0.5,14.263285160064697,,-0.09380056762695313,-0.33724560546875,0.55144921875,,,,,,,,38080.0,1425.0,-179.0,532.0,-534769141.0,440.0,-43.0,-5.0,-198.0,-232.0,9885.0
957,38093.0,44538.0,56390.0,48201.0,52616.0,38092.0,3.383577823638916,,,,,,,,2.808378294142918,-0.0652621462597738,0.5,14.275914430618286,,-0.08904654693603516,-0.3381994323730469,0.5516314697265625,,,,,,,,38090.0,1428.0,-180.0,532.0,-534770165.0,437.0,-44.0,-8.0,-171.0,-47.0,9718.0
958,38103.0,45400.0,56346.0,47497.0,52677.0,38102.0,3.383577823638916,,,,,,,,2.8136758774998327,-0.06439871990431796,0.5,14.28817343711853,,-0.08564447784423829,-0.3389392700195312,0.551712646484375,,,,,,,,38100.0,1434.0,-181.0,531.0,-534770165.0,441.0,-44.0,-9.0,-145.0,-36.0,9642.0
959,38113.0,43474.0,56463.0,49158.0,52598.0,38112.0,3.383577823638916,,,,,,,,2.8189713338076956,-0.0635369153969853,0.5,14.301703214645386,,-0.0805748519897461,-0.33988226318359377,0.5517048950195312,,,,,,,,38110.0,1439.0,-181.0,531.0,-534770165.0,443.0,-43.0,-10.0,-173.0,-116.0,9786.0
960,38123.0,43708.0,56736.0,49042.0,52142.0,38122.0,3.383577823638916,,,,,,,,2.824264703237134,-0.06267658786345175,0.5,14.317540884017944,,-0.0768134765625,-0.3402627258300781,0.5514305419921876,,,,,,,,38120.0,1443.0,-181.0,531.0,-534770165.0,444.0,-42.0,-10.0,-174.0,-70.0,9781.0
961,38133.0,42225.0,57053.0,50112.0,51507.0,38132.0,3.383577823638916,,,,,,,,2.829556036966891,-0.06181757345956271,0.5,14.332375049591064,,-0.07251113891601563,-0.34183538818359377,0.55154345703125,,,,,,,,38130.0,1445.0,-181.0,532.0,-533722613.0,440.0,-40.0,-8.0,-384.0,-231.0,9800.0
962,38143.0,45178.0,56349.0,47720.0,52531.0,38142.0,3.383577823638916,,,,,,,,2.8348453925197266,-0.06095970701368909,0.5,14.34585690498352,,-0.06937319946289063,-0.3426310424804688,0.55132421875,,,,,,,,38140.0,1452.0,-183.0,532.0,-533722613.0,445.0,-41.0,-8.0,-168.0,-86.0,10033.0
963,38153.0,43620.0,56492.0,48989.0,52290.0,38152.0,3.383577823638916,,,,,,,,2.8401328286942613,-0.06010283924180222,0.5,14.358582258224487,,-0.06440655517578125,-0.3438021850585937,0.5514393310546875,,,,,,,,38150.0,1456.0,-183.0,531.0,-533723638.0,445.0,-40.0,-6.0,-188.0,-83.0,9872.0
964,38163.0,43783.0,56657.0,48907.0,51981.0,38162.0,3.383577823638916,,,,,,,,2.84541840054393,-0.059246852055589286,0.5,14.371313571929932,,-0.059395477294921874,-0.3449681396484375,0.55129833984375,,,,,,,,38160.0,1460.0,-183.0,531.0,-533723638.0,445.0,-39.0,-6.0,-216.0,-165.0,9789.0
965,38173.0,42774.0,57764.0,49815.0,50269.0,38172.0,3.383577823638916,,,,,,,,2.850702154836752,-0.05839167069248681,0.5,14.384591341018677,,-0.05780116271972656,-0.3450350036621094,0.551638427734375,,,,,,,,38170.0,1461.0,-185.0,531.0,-533200374.0,438.0,-42.0,-10.0,-351.0,-212.0,9726.0
966,38183.0,44004.0,56296.0,48910.0,52746.0,38182.0,3.383577823638916,,,,,,,,2.855984126375081,-0.057537271709127716,0.5,14.397034406661987,,-0.05298194885253906,-0.3463436279296875,0.5513001708984375,,,,,,,,38180.0,1464.0,-184.0,531.0,-533199350.0,436.0,-38.0,-11.0,-247.0,-61.0,9561.0
967,38193.0,45455.0,56317.0,47859.0,52701.0,38192.0,3.383577823638916,,,,,,,,2.8612643354687326,-0.05668368626621813,0.5,14.409465551376343,,-0.04977145004272461,-0.3469520263671875,0.5512821044921875,,,,,,,,38190.0,1472.0,-185.0,530.0,-533199350.0,442.0,-39.0,-14.0,-255.0,-110.0,9523.0
968,38203.0,42640.0,57059.0,50300.0,51583.0,38202.0,3.383577823638916,,,,,,,,2.8665427867462343,-0.05583099855754725,0.5,14.425142526626587,,-0.04468407440185547,-0.3483737487792969,0.5509515991210937,,,,,,,,38200.0,1474.0,-185.0,530.0,-533198326.0,438.0,-38.0,-16.0,-228.0,-27.0,9700.0
969,38213.0,43583.0,56894.0,49468.0,51739.0,38212.0,3.383577823638916,,,,,,,,2.871819469367606,-0.0549793396608073,0.5,14.437700510025024,,-0.039638729095458985,-0.34933273315429686,0.5508082275390624,,,,,,,,38210.0,1476.0,-185.0,530.0,-533198326.0,434.0,-36.0,-16.0,-202.0,-119.0,9918.0
970,38223.0,42987.0,56859.0,49899.0,51747.0,38222.0,3.383577823638916,,,,,,,,2.87709435857873,-0.05412887747684718,0.5,14.450117111206055,,-0.036426673889160155,-0.3495415344238281,0.5511661376953125,,,,,,,,38220.0,1479.0,-185.0,530.0,-533198326.0,430.0,-34.0,-11.0,-367.0,-133.0,10000.0
971,38233.0,46597.0,55785.0,46688.0,53210.0,38232.0,3.383577823638916,,,,,,,,2.8823674184327914,-0.05327980374374604,0.5,14.462917804718018,,-0.031665102005004886,-0.35059307861328126,0.5510408935546875,,,,,,,,38230.0,1486.0,-186.0,530.0,-533198326.0,436.0,-35.0,-10.0,-454.0,-219.0,9799.0
972,38243.0,45448.0,56186.0,47731.0,52741.0,38242.0,3.383577823638916,,,,,,,,2.887638605408265,-0.052432319336894156,0.5,14.475139856338501,,-0.02833951377868652,-0.35123501586914063,0.551024169921875,,,,,,,,38240.0,1493.0,-188.0,530.0,-533198326.0,439.0,-36.0,-10.0,-108.0,-53.0,9677.0
973,38253.0,44330.0,56883.0,49008.0,51835.0,38252.0,3.3782992362976074,,,,,,,,2.892907872583217,-0.05158661917946995,0.5,14.487056493759155,,-0.023846296310424803,-0.35219851684570314,0.5508642578125,,,,,,,,38250.0,1495.0,-188.0,530.0,-533198326.0,434.0,-35.0,-11.0,-313.0,-107.0,9702.0
974,38263.0,44168.0,56854.0,49364.0,52173.0,38262.0,3.3782992362976074,,,,,,,,2.89817517398757,-0.05074287808276458,0.5,14.498889446258545,,-0.019680450439453125,-0.35267178344726563,0.5512771606445312,,,,,,,,38260.0,1498.0,-188.0,529.0,-533198326.0,432.0,-34.0,-17.0,-302.0,-108.0,9637.0
975,38273.0,46354.0,56148.0,47295.0,53027.0,38272.0,3.383577823638916,,,,,,,,2.90344046875076,-0.04990123871662824,0.5,14.511814832687378,,-0.01572981834411621,-0.35406060791015626,0.5509107666015625,,,,,,,,38270.0,1504.0,-190.0,529.0,-533199351.0,433.0,-35.0,-18.0,-198.0,-77.0,9846.0
976,38283.0,45055.0,56305.0,48660.0,52951.0,38282.0,3.3782992362976074,,,,,,,,2.908703724691311,-0.049061802690586645,0.5,14.523653268814087,,-0.012232553482055665,-0.3545616455078125,0.5509340209960938,,,,,,,,38280.0,1511.0,-190.0,529.0,-533199351.0,438.0,-34.0,-17.0,-226.0,-118.0,9880.0
977,38293.0,44300.0,56697.0,49221.0,52407.0,38292.0,3.3782992362976074,,,,,,,,2.913964921053701,-0.048224625427903275,0.5,14.535609722137451,,-0.008643108367919922,-0.3553475341796875,0.5508408203125,,,,,,,,38290.0,1515.0,-190.0,528.0,-533199351.0,437.0,-32.0,-15.0,-83.0,-31.0,9940.0
978,38303.0,42294.0,57030.0,50175.0,51609.0,38302.0,3.373020648956299,,,,,,,,2.9192240501805267,-0.047389715166200636,0.5,14.547797918319702,,-0.004392175674438476,-0.3561474914550781,0.5505785522460938,,,,,,,,38300.0,1517.0,-190.0,531.0,-533199351.0,432.0,-31.0,-1.0,-220.0,-65.0,9890.0
979,38313.0,42985.0,57295.0,49541.0,50839.0,38312.0,3.3782992362976074,,,,,,,,2.9244811180065295,-0.04655703605089419,0.5,14.559826612472534,,0.000768972098827362,-0.35737554931640625,0.5504134521484375,,,,,,,,38310.0,1519.0,-190.0,531.0,-533199351.0,429.0,-29.0,0.0,-249.0,-148.0,9842.0
980,38323.0,44120.0,56419.0,48630.0,52233.0,38322.0,3.3782992362976074,,,,,,,,2.9297361433664753,-0.045726514934074064,0.5,14.572455644607544,,0.0037006766796112063,-0.35767172241210937,0.5507561645507812,,,,,,,,38320.0,1524.0,-191.0,531.0,-533199351.0,430.0,-30.0,0.0,-223.0,-76.0,9727.0
981,38333.0,44064.0,56559.0,48647.0,51773.0,38332.0,3.383577823638916,,,,,,,,2.9349891562118935,-0.04489805118162797,0.5,14.584972858428955,,0.0093216552734375,-0.3586091003417969,0.5507069702148437,,,,,,,,38330.0,1530.0,-192.0,531.0,-533199351.0,432.0,-30.0,-1.0,-233.0,5.0,9804.0
982,38343.0,42452.0,56862.0,50339.0,51547.0,38342.0,3.383577823638916,,,,,,,,2.9402401949234895,-0.04407152855079988,0.5,14.597252368927002,,0.012237228393554688,-0.35949029541015626,0.5508956298828125,,,,,,,,38340.0,1532.0,-192.0,530.0,-532150775.0,428.0,-28.0,-9.0,-229.0,42.0,9683.0
983,38353.0,41429.0,57098.0,51037.0,50874.0,38352.0,3.3888564109802246,,,,,,,,2.94548930297892,-0.0432468280482361,0.5,14.61003589630127,,0.016310895919799805,-0.36027557373046876,0.5505892333984375,,,,,,,,38350.0,1533.0,-191.0,530.0,-532149751.0,422.0,-26.0,-10.0,-238.0,-60.0,9712.0
984,38363.0,45694.0,54853.0,47634.0,53993.0,38362.0,3.3888564109802246,,,,,,,,2.9507365252837925,-0.0424238406254072,0.5,14.623002052307129,,0.01946366310119629,-0.3608427124023437,0.5506160888671875,,,,,,,,38360.0,1543.0,-191.0,529.0,-532149751.0,431.0,-25.0,-11.0,-260.0,-74.0,9788.0
985,38373.0,44636.0,56395.0,48872.0,52177.0,38372.0,3.383577823638916,,,,,,,,2.9559819044938065,-0.04160247861578717,0.5,14.635064125061035,,0.02293010330200195,-0.36163479614257815,0.5504893188476563,,,,,,,,38370.0,1548.0,-194.0,529.0,-532149751.0,432.0,-27.0,-11.0,-309.0,-141.0,9812.0
986,38383.0,43104.0,56701.0,50128.0,51653.0,38382.0,3.383577823638916,,,,,,,,2.961225477646999,-0.04078268495924775,0.5,14.647041320800781,,0.027296598434448243,-0.36216275024414063,0.5498179321289063,,,,,,,,38380.0,1549.0,-193.0,529.0,-531101176.0,426.0,-25.0,-11.0,-283.0,-119.0,10001.0
987,38393.0,42314.0,56613.0,50480.0,51529.0,38392.0,3.383577823638916,,,,,,,,2.9664672733887105,-0.039964439478809705,0.5,14.658813953399658,,0.030874374389648438,-0.36256951904296875,0.5505103149414062,,,,,,,,38390.0,1551.0,-193.0,530.0,-531101176.0,421.0,-22.0,-4.0,-275.0,125.0,9998.0
988,38403.0,43595.0,55679.0,49439.0,52829.0,38402.0,3.383577823638916,,,,,,,,2.9717073100121336,-0.03914776175183303,0.5,14.676023721694946,,0.03559566116333008,-0.363345703125,0.5504240112304688,,,,,,,,38400.0,1557.0,-193.0,530.0,-531101176.0,425.0,-20.0,-3.0,-255.0,38.0,9879.0
989,38413.0,44143.0,55524.0,49211.0,53114.0,38412.0,3.3782992362976074,,,,,,,,2.9769455944600303,-0.03833271042621553,0.5,14.68843388557434,,0.038711063385009764,-0.3637899169921875,0.5504190673828125,,,,,,,,38410.0,1562.0,-193.0,530.0,-531101176.0,424.0,-18.0,-3.0,-156.0,66.0,9859.0
990,38423.0,43975.0,56068.0,49314.0,52137.0,38422.0,3.383577823638916,,,,,,,,2.9821821223456166,-0.037519379144566545,0.0,14.701655864715576,,0.043234134674072264,-0.36451052856445315,0.550226318359375,,,,,,,,38420.0,1569.0,-192.0,530.0,-531101176.0,429.0,-16.0,-3.0,-269.0,-27.0,9578.0
991,38433.0,43954.0,56744.0,49877.0,51487.0,38432.0,3.383577823638916,,,,,,,,2.9874168789605844,-0.03670788952866599,,14.714580535888672,,0.048192596435546874,-0.36538067626953125,0.5502960815429687,,,,,,,,38430.0,1570.0,-194.0,528.0,-531102200.0,424.0,-17.0,-14.0,-131.0,100.0,9693.0
992,38443.0,44116.0,56267.0,49672.0,52346.0,38442.0,3.383577823638916,,,,,,,,2.992649841153577,-0.03589838191822772,,14.726991891860962,,0.051122364044189454,-0.3660216979980469,0.5501805419921875,,,,,,,,38440.0,1574.0,-195.0,528.0,-531102201.0,422.0,-17.0,-15.0,-130.0,50.0,9800.0
993,38453.0,44473.0,56180.0,49401.0,52462.0,38452.0,3.383577823638916,,,,,,,,2.9978809798904433,-0.03509100473241543,,14.739462852478027,,0.055843154907226564,-0.36686322021484374,0.549773681640625,,,,,,,,38450.0,1577.0,-195.0,528.0,-530053625.0,419.0,-15.0,-15.0,-182.0,42.0,9820.0
994,38463.0,44508.0,56023.0,49486.0,52585.0,38462.0,3.383577823638916,,,,,,,,3.0031102632540763,-0.03428590341658801,,14.752046585083008,,0.05885142517089844,-0.36759371948242187,0.5499887084960937,,,,,,,,38460.0,1586.0,-195.0,528.0,-530054649.0,428.0,-13.0,-15.0,-232.0,49.0,9864.0
995,38473.0,44532.0,55886.0,49385.0,52776.0,38472.0,3.3782992362976074,,,,,,,,3.00833765961074,-0.03348320994458727,,14.764608383178711,,0.06361987686157226,-0.3679019470214844,0.549802001953125,,,,,,,,38470.0,1589.0,-195.0,528.0,-530054649.0,426.0,-11.0,-10.0,-196.0,9.0,9994.0
996,38483.0,43412.0,55655.0,50099.0,52874.0,38482.0,3.383577823638916,,,,,,,,3.0135631406634475,-0.032683033770373765,,14.777275562286377,,0.06685852813720704,-0.36824169921875,0.5499249267578125,,,,,,,,38480.0,1591.0,-195.0,528.0,-530054649.0,421.0,-9.0,-9.0,-200.0,-29.0,9757.0
997,38493.0,44036.0,56217.0,49706.0,52389.0,38492.0,3.3782992362976074,,,,,,,,3.0187866841310416,-0.03188545497107184,,14.790212631225586,,0.07169945526123046,-0.36878347778320314,0.54995751953125,,,,,,,,38490.0,1592.0,-195.0,528.0,-530054650.0,417.0,-9.0,-10.0,-283.0,-4.0,9585.0
998,38503.0,42892.0,56109.0,50750.0,52513.0,38502.0,3.3782992362976074,,,,,,,,3.0240082758318176,-0.031090520111865985,,14.802853107452393,,0.07494577026367187,-0.3689920959472656,0.5495264282226563,,,,,,,,38500.0,1596.0,-195.0,528.0,-530054650.0,417.0,-6.0,-12.0,-268.0,-5.0,9684.0
999,38513.0,44770.0,55892.0,49427.0,53102.0,38512.0,3.3782992362976074,,,,,,,,3.029227911008704,-0.030298241111791774,,14.815500736236572,,0.07946227264404297,-0.36979583740234373,0.5497218627929688,,,,,,,,38510.0,1606.0,-196.0,528.0,-529530362.0,425.0,-6.0,-12.0,-370.0,42.0,9907.0
1000,38523.0,43799.0,56411.0,50342.0,52274.0,38522.0,3.3782992362976074,,,,,,,,3.034445594803574,-0.02950859712124089,,14.827831029891968,,0.08284172821044922,-0.37003033447265626,0.549697509765625,,,,,,,,38520.0,1610.0,-195.0,527.0,-529530362.0,425.0,-3.0,-17.0,-160.0,121.0,9781.0
1001,38533.0,43356.0,56674.0,50697.0,51924.0,38532.0,3.3782992362976074,,,,,,,,3.039661341864724,-0.028721539160703857,,14.8399076461792,,0.08605138397216797,-0.3703476867675781,0.5497876586914062,,,,,,,,38530.0,1611.0,-195.0,527.0,-529530362.0,420.0,-1.0,-18.0,-259.0,195.0,9665.0
1002,38543.0,43790.0,56731.0,50377.0,51907.0,38542.0,3.3782992362976074,,,,,,,,3.0448751751471606,-0.027936997038278025,,14.852603912353516,,0.09055752563476563,-0.3711463317871094,0.5493370361328125,,,,,,,,38540.0,1615.0,-196.0,526.0,-529530362.0,419.0,-1.0,-19.0,-206.0,108.0,9709.0
1003,38553.0,44750.0,56584.0,49629.0,52141.0,38552.0,3.3782992362976074,,,,,,,,3.0500871240335314,-0.027154887879942483,,14.8651864528656,,0.09351653289794921,-0.37173809814453124,0.5494336547851563,,,,,,,,38550.0,1622.0,-197.0,526.0,-529530362.0,425.0,0.0,-19.0,-306.0,53.0,9941.0
1004,38563.0,44177.0,56591.0,49711.0,51864.0,38562.0,3.3782992362976074,,,,,,,,3.055297221958659,-0.026375125486203202,,14.877249956130981,,0.09778048706054687,-0.37205197143554686,0.5493375244140625,,,,,,,,38560.0,1627.0,-197.0,527.0,-529006075.0,426.0,1.0,-11.0,-287.0,44.0,10028.0
1005,38573.0,44089.0,56534.0,49716.0,51881.0,38572.0,3.3782992362976074,,,,,,,,3.060505503758229,-0.02559762968003418,,14.889412641525269,,0.10089678192138672,-0.37234848022460937,0.5493716430664063,,,,,,,,38570.0,1630.0,-196.0,527.0,-529006075.0,423.0,4.0,-9.0,-309.0,163.0,9814.0
1006,38583.0,44650.0,56885.0,49254.0,51303.0,38582.0,3.3782992362976074,,,,,,,,3.065712002979555,-0.02482233483618057,,14.902833461761475,,0.10560730743408203,-0.37312548828125,0.5493779296875,,,,,,,,38580.0,1634.0,-196.0,527.0,-529005051.0,423.0,6.0,-8.0,-307.0,86.0,9985.0
1007,38593.0,44457.0,57063.0,49291.0,50981.0,38592.0,3.3782992362976074,,,,,,,,3.070916749388554,-0.0240491968765036,,14.91868543624878,,0.11018438720703125,-0.37338348388671877,0.5488426513671875,,,,,,,,38590.0,1630.0,-200.0,527.0,-530053627.0,409.0,2.0,-6.0,-267.0,143.0,10074.0
1008,38603.0,43552.0,56341.0,49760.0,51819.0,38602.0,3.383577823638916,,,,,,,,3.0761197668831346,-0.023278198169895806,,14.931170463562012,,0.11338600921630859,-0.3733862609863281,0.5492371826171875,,,,,,,,38600.0,1639.0,-198.0,527.0,-530053627.0,417.0,6.0,-3.0,-237.0,12.0,9899.0
1009,38613.0,44039.0,56148.0,49355.0,52064.0,38612.0,3.383577823638916,,,,,,,,3.081321071981714,-0.022509349973307488,,14.943268060684204,,0.11642010498046874,-0.3737621765136719,0.5491475219726563,,,,,,,,38610.0,1641.0,-197.0,527.0,-531102203.0,414.0,8.0,-2.0,-504.0,-39.0,9795.0
1010,38623.0,44520.0,56187.0,49068.0,51948.0,38622.0,3.383577823638916,,,,,,,,3.086520673000751,-0.021742692274133918,,14.955495834350586,,0.12097389984130859,-0.3744483337402344,0.5488306274414062,,,,,,,,38620.0,1644.0,-198.0,527.0,-531102203.0,412.0,9.0,-3.0,-298.0,37.0,9613.0
1011,38633.0,44449.0,56281.0,49233.0,51842.0,38632.0,3.383577823638916,,,,,,,,3.091718569972102,-0.02097829112349113,,14.968313217163086,,0.12596901702880858,-0.37449981689453127,0.54901806640625,,,,,,,,38630.0,1647.0,-197.0,527.0,-532150779.0,410.0,11.0,-5.0,-249.0,-188.0,9565.0
1012,38643.0,43471.0,56214.0,50112.0,51887.0,38642.0,3.383577823638916,,,,,,,,3.096914755285381,-0.020216233764807495,,14.980334043502808,,0.12881524658203125,-0.3745538635253906,0.548940673828125,,,,,,,,38640.0,1651.0,-198.0,527.0,-532150779.0,408.0,11.0,-7.0,-313.0,-10.0,9677.0
1013,38653.0,43652.0,55671.0,49904.0,52714.0,38652.0,3.383577823638916,,,,,,,,3.102109214978097,-0.019456622044426303,,14.993358373641968,,0.13344551086425782,-0.37497296142578124,0.54902880859375,,,,,,,,38650.0,1657.0,-198.0,527.0,-532151803.0,411.0,12.0,-6.0,-235.0,-6.0,9883.0
1014,38663.0,43749.0,55519.0,49768.0,52875.0,38662.0,3.383577823638916,,,,,,,,3.107301930542484,-0.01869956472564581,,15.005702495574951,,0.13655763244628907,-0.3750262451171875,0.5488502807617187,,,,,,,,38660.0,1660.0,-196.0,527.0,-532676091.0,410.0,15.0,-5.0,-158.0,48.0,9989.0
1015,38673.0,44313.0,55668.0,49490.0,52742.0,38672.0,3.3782992362976074,,,,,,,,3.112492881077023,-0.017945169404537928,,15.017732381820679,,0.14001850891113282,-0.3753746643066406,0.5484170532226562,,,,,,,,38670.0,1664.0,-196.0,527.0,-532675068.0,410.0,17.0,-3.0,-245.0,52.0,9909.0
1016,38683.0,44228.0,55877.0,49558.0,52394.0,38682.0,3.3782992362976074,,,,,,,,3.1176820455859,-0.017193534740012284,,15.0304856300354,,0.14433091735839843,-0.3754775085449219,0.548873779296875,,,,,,,,38680.0,1668.0,-196.0,527.0,-531625468.0,410.0,18.0,-2.0,-200.0,-57.0,9878.0
1017,38693.0,44770.0,56093.0,49353.0,52258.0,38692.0,3.3782992362976074,,,,,,,,3.122869405222652,-0.016444743662544135,,15.043258666992188,,0.14733255004882811,-0.3757363891601562,0.5486679077148438,,,,,,,,38690.0,1672.0,-196.0,526.0,-531625468.0,410.0,19.0,-7.0,-144.0,-57.0,9880.0
1018,38703.0,44523.0,56091.0,49428.0,52036.0,38702.0,3.383577823638916,,,,,,,,3.128054945285141,-0.01569885812174949,,15.05530071258545,,0.15206355285644532,-0.3758451232910156,0.548927978515625,,,,,,,,38700.0,1674.0,-195.0,526.0,-531624444.0,408.0,22.0,-6.0,-144.0,-27.0,9859.0
1019,38713.0,44607.0,56601.0,49406.0,51553.0,38712.0,3.3782992362976074,,,,,,,,3.133238656796268,-0.014955915783249944,,15.067289352416992,,0.15669400024414062,-0.3757986755371094,0.5485952758789062,,,,,,,,38710.0,1679.0,-195.0,526.0,-531624444.0,410.0,22.0,-6.0,-143.0,102.0,9869.0
1020,38723.0,44759.0,56614.0,49098.0,51309.0,38722.0,3.383577823638916,,,,,,,,3.138420537545671,-0.014215928904334735,,15.079309701919556,,0.16000346374511717,-0.3760943298339844,0.54866748046875,,,,,,,,38720.0,1682.0,-196.0,526.0,-532671996.0,409.0,23.0,-5.0,-219.0,29.0,9719.0
1021,38733.0,44669.0,56405.0,49195.0,51674.0,38732.0,3.3782992362976074,,,,,,,,3.1436005925180504,-0.013478885422392936,,15.092215776443481,,0.16500469970703124,-0.37607470703125,0.5489343872070312,,,,,,,,38730.0,1690.0,-195.0,526.0,-532671996.0,417.0,24.0,-2.0,-121.0,-108.0,9759.0
1022,38743.0,44438.0,56270.0,49378.0,51925.0,38742.0,3.3782992362976074,,,,,,,,3.1487788336891365,-0.01274475209733155,,15.104567766189575,,0.168377685546875,-0.3762098083496094,0.548828369140625,,,,,,,,38740.0,1693.0,-194.0,526.0,-532671996.0,415.0,26.0,-3.0,-187.0,-69.0,9641.0
1023,38753.0,44004.0,56573.0,49674.0,51268.0,38752.0,3.383577823638916,,,,,,,,3.153955279225673,-0.012013479375810772,,15.116714715957642,,0.171098388671875,-0.37697119140625,0.5485427856445313,,,,,,,,38750.0,1694.0,-195.0,526.0,-533720572.0,412.0,25.0,-5.0,-86.0,-7.0,9673.0
1024,38763.0,43082.0,56500.0,50323.0,51527.0,38762.0,3.383577823638916,,,,,,,,3.1591299521763827,-0.011285007505543482,,15.12879228591919,,0.17562283325195313,-0.37697103881835936,0.54813916015625,,,,,,,,38760.0,1699.0,-195.0,526.0,-533720573.0,414.0,26.0,-6.0,-149.0,-89.0,9712.0
1025,38773.0,42638.0,56441.0,50388.0,51524.0,38772.0,3.383577823638916,,,,,,,,3.1643028787824163,-0.010559273333292353,,15.141483545303345,,0.17862467956542968,-0.37701666259765626,0.5486025390625,,,,,,,,38770.0,1703.0,-193.0,527.0,-533720573.0,414.0,30.0,-2.0,-49.0,100.0,9906.0
1026,38783.0,43096.0,55994.0,50057.0,52125.0,38782.0,3.383577823638916,,,,,,,,3.169474086564968,-0.009836217177459965,,15.153457164764404,,0.18343824768066405,-0.377109375,0.5485867919921875,,,,,,,,38780.0,1709.0,-192.0,527.0,-533720573.0,419.0,32.0,-1.0,41.0,-5.0,9890.0
1027,38793.0,43694.0,56084.0,49681.0,51907.0,38792.0,3.383577823638916,,,,,,,,3.1746436023623676,-0.00911578917748257,,15.16565752029419,,0.18654144287109375,-0.37752557373046874,0.5484671020507812,,,,,,,,38790.0,1710.0,-190.0,527.0,-534770173.0,415.0,34.0,-1.0,-60.0,-78.0,9695.0
1028,38803.0,42995.0,56308.0,50329.0,51535.0,38802.0,3.383577823638916,,,,,,,,3.179811450488218,-0.00839795458504132,,15.177634000778198,,0.19146534729003906,-0.3772332763671875,0.5479698486328125,,,,,,,,38800.0,1714.0,-191.0,527.0,-534770173.0,415.0,34.0,-3.0,-46.0,-26.0,9755.0
1029,38813.0,43522.0,55862.0,49915.0,52201.0,38812.0,3.383577823638916,,,,,,,,3.1849776511665704,-0.007682697569444133,,15.189547300338745,,0.19452137756347657,-0.37742523193359373,0.548222412109375,,,,,,,,38810.0,1719.0,-191.0,527.0,-534770173.0,418.0,33.0,-3.0,-64.0,9.0,9728.0
1030,38823.0,44183.0,56108.0,49480.0,52036.0,38822.0,3.383577823638916,,,,,,,,3.1901422193714875,-0.006970023250798735,,15.201902389526367,,0.19950909423828125,-0.37749127197265625,0.5482808227539062,,,,,,,,38820.0,1722.0,-190.0,526.0,-534770173.0,417.0,35.0,-6.0,-169.0,-107.0,9843.0
1031,38833.0,44581.0,56058.0,49185.0,52065.0,38832.0,3.383577823638916,,,,,,,,3.1953051641595027,-0.0062599578365528305,,15.214714765548706,,0.20410357666015624,-0.3778853759765625,0.5481311645507813,,,,,,,,38830.0,1728.0,-190.0,526.0,-534769149.0,420.0,35.0,-6.0,-121.0,-106.0,9843.0
1032,38843.0,44579.0,56354.0,49201.0,51594.0,38842.0,3.383577823638916,,,,,,,,3.2004664885381704,-0.005552546904985467,,15.2268705368042,,0.20737322998046875,-0.37768878173828124,0.5478267822265624,,,,,,,,38840.0,1731.0,-189.0,526.0,-534769149.0,419.0,36.0,-6.0,-187.0,-214.0,9857.0
1033,38853.0,44177.0,56262.0,49604.0,51694.0,38852.0,3.383577823638916,,,,,,,,3.205626189866139,-0.0048478520385872095,,15.238857746124268,,0.21050900268554687,-0.3777915344238281,0.5481734619140625,,,,,,,,38850.0,1733.0,-187.0,526.0,-534769149.0,417.0,39.0,-6.0,-160.0,-177.0,9551.0
1034,38863.0,45099.0,56385.0,48917.0,51857.0,38862.0,3.383577823638916,,,,,,,,3.210784260734254,-0.0041459461473986325,,15.251128196716309,,0.2153891906738281,-0.3779115600585938,0.5481038818359375,,,,,,,,38860.0,1737.0,-187.0,525.0,-535817725.0,418.0,40.0,-12.0,-112.0,-56.0,9634.0
1035,38873.0,45682.0,56149.0,48503.0,52259.0,38872.0,3.383577823638916,,,,,,,,3.2159406902369936,-0.0034469079260202387,,15.264114379882812,,0.21873184204101562,-0.37790435791015625,0.5478377075195312,,,,,,,,38870.0,1744.0,-189.0,525.0,-535816701.0,424.0,35.0,-15.0,-93.0,-10.0,9575.0
1036,38883.0,44310.0,56649.0,49601.0,51699.0,38882.0,3.383577823638916,,,,,,,,3.2210954655124007,-0.002750815950153855,,15.276185989379883,,0.22342950439453124,-0.3780684509277344,0.5477213134765625,,,,,,,,38880.0,1747.0,-189.0,525.0,-1073736189.0,424.0,35.0,-16.0,-91.0,-26.0,9881.0
1037,38893.0,43944.0,56893.0,50002.0,51550.0,38892.0,3.3782992362976074,,,,,,,,3.2262485734090154,-0.0020577429350136234,,15.287944078445435,,0.22672012329101562,-0.37817974853515623,0.5477281494140624,,,,,,,,38890.0,1749.0,-187.0,525.0,-1073736189.0,421.0,38.0,-16.0,-56.0,-158.0,9961.0
1038,38903.0,44738.0,56857.0,49428.0,51748.0,38902.0,3.3782992362976074,,,,,,,,3.2314000021315126,-0.0013677506486628813,,15.302275896072388,,0.23171707153320312,-0.37829022216796876,0.5475584106445313,,,,,,,,38900.0,1750.0,-188.0,524.0,-1072687613.0,418.0,35.0,-18.0,-180.0,-160.0,9822.0
1039,38913.0,44406.0,57205.0,49767.0,51100.0,38912.0,3.3782992362976074,,,,,,,,3.236549742722992,-0.000680885902168922,,15.314626216888428,,0.23507125854492186,-0.3783157043457031,0.5478036499023438,,,,,,,,38910.0,1756.0,-187.0,524.0,-1072686589.0,421.0,37.0,-18.0,-162.0,-214.0,9918.0
1040,38923.0,44851.0,56486.0,49306.0,52258.0,38922.0,3.3782992362976074,,,,,,,,3.2416977902602504,2.822067184833632e-06,,15.326608419418335,,0.2401518096923828,-0.37865609741210937,0.5473799438476562,,,,,,,,38920.0,1764.0,-188.0,524.0,-1071638013.0,428.0,35.0,-16.0,-66.0,-183.0,9990.0
1041,38933.0,43890.0,56792.0,49936.0,51836.0,38932.0,3.3782992362976074,,,,,,,,3.2468441446669094,0.0006833626333634032,,15.33854341506958,,0.24298735046386719,-0.3788181457519531,0.5470664672851563,,,,,,,,38930.0,1766.0,-187.0,524.0,-1071638013.0,427.0,34.0,-14.0,-35.0,-238.0,10051.0
1042,38943.0,43788.0,57001.0,49920.0,51483.0,38942.0,3.3782992362976074,,,,,,,,3.251988811085222,0.001360743195774415,,15.350935459136963,,0.24760598754882812,-0.3790268859863281,0.5471973876953125,,,,,,,,38940.0,1767.0,-188.0,524.0,-1070590461.0,423.0,32.0,-12.0,-164.0,-329.0,9869.0
1043,38953.0,43886.0,57061.0,49902.0,51500.0,38952.0,3.3782992362976074,,,,,,,,3.2571317997873765,0.0020349870682134993,,15.363694190979004,,0.2511830596923828,-0.3789242858886719,0.5471636352539062,,,,,,,,38950.0,1772.0,-184.0,523.0,-1070590461.0,426.0,36.0,-14.0,-232.0,-274.0,9815.0
1044,38963.0,44195.0,56753.0,49779.0,51912.0,38962.0,3.3782992362976074,,,,,,,,3.2622731256476083,0.0027061300699200014,,15.375680923461914,,0.2562783203125,-0.3792138671875,0.5467127075195313,,,,,,,,38960.0,1782.0,-185.0,523.0,-1070590461.0,437.0,34.0,-14.0,-129.0,-260.0,9785.0
1045,38973.0,44057.0,57057.0,49967.0,51419.0,38972.0,3.3782992362976074,,,,,,,,3.267412807233852,0.0033742161519791022,,15.388247013092041,,0.25931936645507814,-0.37913818359375,0.5466754760742187,,,,,,,,38970.0,1783.0,-185.0,523.0,-1069541884.0,432.0,32.0,-15.0,-75.0,-257.0,9800.0
1046,38983.0,44910.0,56786.0,49320.0,51808.0,38982.0,3.3782992362976074,,,,,,,,3.2725508656089213,0.004039292466210757,,15.40023922920227,,0.2645970153808594,-0.37940585327148435,0.5470880126953125,,,,,,,,38980.0,1785.0,-186.0,523.0,-1069541884.0,430.0,30.0,-15.0,-117.0,-212.0,9717.0
1047,38993.0,44161.0,57016.0,49925.0,51211.0,38992.0,3.3782992362976074,,,,,,,,3.27768732295369,0.004701404320133988,,15.41314959526062,,0.26961407470703125,-0.3797518920898437,0.54702294921875,,,,,,,,38990.0,1788.0,-186.0,523.0,-1069542908.0,428.0,28.0,-12.0,-163.0,-307.0,9551.0
1048,39003.0,44212.0,56724.0,49955.0,51747.0,39002.0,3.3782992362976074,,,,,,,,3.282822201136852,0.005360590458524127,,15.425334692001343,,0.27261996459960935,-0.3801229248046875,0.5469133911132813,,,,,,,,39000.0,1793.0,-184.0,523.0,-1069542908.0,431.0,30.0,-14.0,-186.0,-371.0,9641.0
1049,39013.0,44975.0,56731.0,49244.0,51902.0,39012.0,3.3782992362976074,,,,,,,,3.287955520356756,0.006016879070913812,,15.437404155731201,,0.27811380004882813,-0.3800250549316406,0.5466123046875,,,,,,,,39010.0,1799.0,-181.0,523.0,-1069542908.0,436.0,32.0,-16.0,-159.0,-303.0,9773.0
1050,39023.0,44523.0,56718.0,49640.0,51941.0,39022.0,3.3782992362976074,,,,,,,,3.2930872979708417,0.006670284849809208,,15.449612379074097,,0.281600830078125,-0.3803424987792969,0.5470125732421875,,,,,,,,39020.0,1801.0,-181.0,523.0,-1069542908.0,432.0,30.0,-16.0,-25.0,-201.0,9670.0
1051,39033.0,44553.0,56706.0,49551.0,51889.0,39032.0,3.373020648956299,,,,,,,,3.298217547608511,0.00732080732384275,,15.462628602981567,,0.2862337341308594,-0.38088836669921877,0.5468429565429688,,,,,,,,39030.0,1805.0,-182.0,524.0,-1069541884.0,433.0,28.0,-10.0,-76.0,-280.0,9913.0
1052,39043.0,45336.0,56287.0,48921.0,52418.0,39042.0,3.373020648956299,,,,,,,,3.3033462786358605,0.007968430573037692,,15.475369691848755,,0.2899903259277344,-0.3814284362792969,0.5469867553710938,,,,,,,,39040.0,1813.0,-182.0,524.0,-1069541884.0,441.0,26.0,-9.0,-164.0,-302.0,9882.0
1053,39053.0,44955.0,56264.0,49251.0,52434.0,39052.0,3.373020648956299,,,,,,,,3.308473496008165,0.008613124310441596,,15.48706603050232,,0.29476150512695315,-0.3816412658691406,0.5463035888671876,,,,,,,,39050.0,1819.0,-180.0,523.0,-1069541885.0,445.0,27.0,-9.0,-164.0,-408.0,9985.0
1054,39063.0,45052.0,56245.0,49119.0,52415.0,39062.0,3.373020648956299,,,,,,,,3.3135992005113515,0.009254846196410732,,15.499344110488892,,0.29786468505859376,-0.3817864990234375,0.5468043823242188,,,,,,,,39060.0,1821.0,-180.0,523.0,-1069541885.0,442.0,25.0,-7.0,-89.0,-312.0,9872.0
1055,39073.0,44566.0,56056.0,49304.0,52485.0,39072.0,3.3782992362976074,,,,,,,,3.3187233893599277,0.009893545148874923,,15.512099504470825,,0.30308514404296877,-0.38218313598632814,0.5468447875976562,,,,,,,,39070.0,1823.0,-180.0,523.0,-1069540861.0,439.0,24.0,-6.0,-169.0,-274.0,9989.0
1056,39083.0,44753.0,56101.0,49009.0,52260.0,39082.0,3.3782992362976074,,,,,,,,3.3238460570889163,0.010529165333479674,,15.525272607803345,,0.3063575439453125,-0.3824578857421875,0.5467545776367188,,,,,,,,39080.0,1829.0,-180.0,524.0,-1069540861.0,443.0,22.0,-2.0,-143.0,-164.0,10000.0
1057,39093.0,43836.0,55889.0,49744.0,52486.0,39092.0,3.3782992362976074,,,,,,,,3.328967196653705,0.01116165046779255,,15.537222146987915,,0.3114208984375,-0.38279852294921873,0.5465985717773437,,,,,,,,39090.0,1836.0,-179.0,524.0,-1069539837.0,449.0,23.0,-1.0,-40.0,-255.0,9855.0
1058,39103.0,43505.0,55904.0,50016.0,52430.0,39102.0,3.3782992362976074,,,,,,,,3.334086800636265,0.01179094805721416,,15.549426555633545,,0.3152724609375,-0.38299591064453126,0.546946533203125,,,,,,,,39100.0,1843.0,-178.0,524.0,-1069539837.0,455.0,22.0,0.0,-11.0,-265.0,9963.0
1059,39113.0,45204.0,56093.0,48673.0,52031.0,39112.0,3.3782992362976074,,,,,,,,3.3392048624499893,0.012417013197315016,,15.562674522399902,,0.3186504821777344,-0.38331512451171873,0.5469380493164062,,,,,,,,39110.0,1844.0,-178.0,524.0,-1069539837.0,451.0,22.0,0.0,-216.0,-273.0,9877.0
1060,39123.0,43373.0,56296.0,50718.0,52209.0,39122.0,3.3782992362976074,,,,,,,,3.344321377438712,0.013039811625563884,,15.575091123580933,,0.3235965881347656,-0.38382107543945315,0.5469688110351563,,,,,,,,39120.0,1846.0,-177.0,521.0,-1070588413.0,449.0,21.0,-11.0,-105.0,-317.0,9950.0
1061,39133.0,44436.0,56475.0,49845.0,51593.0,39132.0,3.383577823638916,,,,,,,,3.3494363437777652,0.013659321779727666,,15.586982488632202,,0.3268150634765625,-0.383895263671875,0.5466054077148438,,,,,,,,39130.0,1854.0,-177.0,521.0,-1070588413.0,456.0,21.0,-10.0,-107.0,-342.0,9872.0
1062,39143.0,44856.0,56181.0,49718.0,52139.0,39142.0,3.3782992362976074,,,,,,,,3.354549763104802,0.014275535713403759,,15.599223852157593,,0.3322777099609375,-0.3846658935546875,0.547119873046875,,,,,,,,39140.0,1858.0,-176.0,521.0,-1070588413.0,458.0,20.0,-9.0,6.0,-187.0,9807.0
1063,39153.0,43889.0,56412.0,50498.0,51803.0,39152.0,3.3782992362976074,,,,,,,,3.359661640833706,0.014888458822565637,,15.612268686294556,,0.3358522033691406,-0.384915283203125,0.5472063598632813,,,,,,,,39150.0,1861.0,-177.0,521.0,-1070589437.0,456.0,18.0,-9.0,-70.0,-209.0,9777.0
1064,39163.0,44048.0,56135.0,50354.0,52153.0,39162.0,3.3782992362976074,,,,,,,,3.3647719861337424,0.015498108441399983,,15.624539375305176,,0.34108255004882815,-0.3854380187988281,0.5472886352539063,,,,,,,,39160.0,1868.0,-177.0,521.0,-1071638013.0,462.0,18.0,-8.0,-97.0,-123.0,9777.0
1065,39173.0,44907.0,56162.0,49758.0,52038.0,39172.0,3.3782992362976074,,,,,,,,3.3698808115856567,0.01610451146201757,,15.63683032989502,,0.3442872314453125,-0.38553256225585936,0.5471846313476563,,,,,,,,39170.0,1873.0,-177.0,521.0,-1071638014.0,463.0,16.0,-8.0,-150.0,-201.0,9798.0
1066,39183.0,44338.0,56438.0,50367.0,51524.0,39182.0,3.3782992362976074,,,,,,,,3.3749881325540887,0.016707701212723303,,15.648865461349487,,0.3499659729003906,-0.38629946899414064,0.5468314819335938,,,,,,,,39180.0,1877.0,-177.0,521.0,-1071639038.0,465.0,16.0,-9.0,-153.0,-332.0,9719.0
1067,39193.0,44819.0,56167.0,49983.0,51968.0,39192.0,3.3782992362976074,,,,,,,,3.380093966339077,0.017307713886956084,,15.665480136871338,,0.35292715454101564,-0.38694891357421873,0.5472337646484375,,,,,,,,39190.0,1878.0,-177.0,521.0,-1072687614.0,461.0,16.0,-10.0,-231.0,-231.0,9653.0
1068,39203.0,44271.0,56243.0,50440.0,51793.0,39202.0,3.3782992362976074,,,,,,,,3.3851983311867184,0.017904584845435917,,15.677422523498535,,0.35822137451171876,-0.3874933166503906,0.5474688720703125,,,,,,,,39200.0,1884.0,-178.0,521.0,-1072688638.0,462.0,13.0,-9.0,-175.0,-234.0,9672.0
1069,39213.0,43988.0,56207.0,50683.0,51886.0,39212.0,3.3782992362976074,,,,,,,,3.390301245248875,0.018498345115634602,,15.689237356185913,,0.3618499450683594,-0.38787054443359376,0.5471580810546876,,,,,,,,39210.0,1889.0,-177.0,521.0,-1072688638.0,466.0,13.0,-10.0,-109.0,-250.0,9747.0
1070,39223.0,43482.0,56280.0,51041.0,51854.0,39222.0,3.3782992362976074,,,,,,,,3.3954027255835686,0.01908901838612389,,15.702136039733887,,0.36733261108398435,-0.38807284545898435,0.5473298950195312,,,,,,,,39220.0,1891.0,-176.0,521.0,-1072688639.0,462.0,14.0,-11.0,-149.0,-120.0,9738.0
1071,39233.0,43982.0,56061.0,50720.0,52172.0,39232.0,3.3782992362976074,,,,,,,,3.4005027872814435,0.019676618741776734,,15.714685440063477,,0.37052545166015627,-0.3888919982910156,0.5477099609375,,,,,,,,39230.0,1894.0,-175.0,521.0,-1073738239.0,461.0,15.0,-12.0,-24.0,-40.0,9748.0
1072,39243.0,43877.0,56046.0,50786.0,52250.0,39242.0,3.3782992362976074,,,,,,,,3.4056014427902244,0.02026114931440474,,15.726825714111328,,0.37548480224609376,-0.3896421203613281,0.5475487060546875,,,,,,,,39240.0,1900.0,-177.0,521.0,-536867327.0,464.0,12.0,-12.0,-86.0,-90.0,9709.0
1073,39253.0,44941.0,56082.0,49779.0,52220.0,39252.0,3.373020648956299,,,,,,,,3.4106987014897916,0.02084260193897534,,15.739551782608032,,0.3791642761230469,-0.39002252197265624,0.5476847534179687,,,,,,,,39250.0,1904.0,-179.0,522.0,-535818751.0,463.0,9.0,-7.0,-97.0,-151.0,9902.0
1074,39263.0,44261.0,55956.0,50415.0,52269.0,39262.0,3.373020648956299,,,,,,,,3.415794569547216,0.021420957815763746,,15.752086162567139,,0.38406829833984374,-0.390202880859375,0.5476695556640625,,,,,,,,39260.0,1910.0,-180.0,521.0,-535818751.0,467.0,8.0,-6.0,-176.0,-158.0,9975.0
1075,39273.0,45492.0,55842.0,49288.0,52436.0,39272.0,3.373020648956299,,,,,,,,3.4208890500559543,0.021996189091592806,,15.76467514038086,,0.3877869567871094,-0.39093035888671873,0.5475889282226563,,,,,,,,39270.0,1915.0,-179.0,521.0,-534770175.0,468.0,9.0,-4.0,-172.0,-49.0,9950.0
1076,39283.0,45876.0,56215.0,48943.0,51823.0,39282.0,3.373020648956299,,,,,,,,3.425982143438662,0.022568261196179655,,15.776701927185059,,0.3933946533203125,-0.39138079833984374,0.5477655029296875,,,,,,,,39280.0,1920.0,-181.0,521.0,-534770175.0,469.0,7.0,-3.0,-242.0,-99.0,9912.0
1077,39293.0,45075.0,56150.0,49622.0,51850.0,39292.0,3.3782992362976074,,,,,,,,3.4310738480708323,0.023137135708937103,,15.788492679595947,,0.3969376220703125,-0.39173480224609375,0.5479660034179688,,,,,,,,39290.0,1924.0,-181.0,521.0,-534770175.0,469.0,7.0,-5.0,-162.0,-159.0,10044.0
1078,39303.0,45699.0,55990.0,48918.0,52119.0,39302.0,3.3782992362976074,,,,,,,,3.4361641610646045,0.023702773492151486,,15.800975322723389,,0.4021051940917969,-0.39229193115234373,0.547713623046875,,,,,,,,39300.0,1931.0,-180.0,521.0,-534770176.0,473.0,8.0,-4.0,-57.0,-55.0,9907.0
1079,39313.0,44502.0,55961.0,49926.0,52127.0,39312.0,3.3782992362976074,,,,,,,,3.4412530791400093,0.024265137811075338,,15.813822746276855,,0.4077477111816406,-0.39282476806640626,0.5481063232421876,,,,,,,,39310.0,1936.0,-180.0,521.0,-534770176.0,474.0,8.0,-3.0,-104.0,-60.0,9968.0
1080,39323.0,42991.0,56348.0,51045.0,51507.0,39322.0,3.3782992362976074,,,,,,,,3.4463405995054948,0.024824197170763212,,15.825918674468994,,0.4114221496582031,-0.39317562866210937,0.5480736083984376,,,,,,,,39320.0,1925.0,-180.0,521.0,-534770176.0,450.0,10.0,-2.0,-136.0,-75.0,9808.0
1081,39333.0,43409.0,56273.0,50709.0,51648.0,39332.0,3.3782992362976074,,,,,,,,3.451426720671102,0.025379927631916283,,15.83779239654541,,0.41512997436523436,-0.3934858093261719,0.5483109741210938,,,,,,,,39330.0,1936.0,-179.0,520.0,-534770176.0,462.0,11.0,-2.0,-254.0,-198.0,9807.0
1082,39343.0,42523.0,56222.0,51276.0,51795.0,39342.0,3.3782992362976074,,,,,,,,3.4565114431257764,0.025932314420097413,,15.849807977676392,,0.4204608154296875,-0.3942784423828125,0.547718994140625,,,,,,,,39340.0,1939.0,-179.0,520.0,-533721600.0,459.0,12.0,-2.0,-255.0,-138.0,9886.0
1083,39353.0,42737.0,56361.0,51201.0,51474.0,39352.0,3.3782992362976074,,,,,,,,3.461594769824105,0.02648135270934328,,15.865740299224854,,0.42369833374023436,-0.3945810546875,0.547529541015625,,,,,,,,39350.0,1942.0,-178.0,520.0,-533721600.0,458.0,14.0,-1.0,-97.0,-84.0,9895.0
1084,39363.0,44015.0,56276.0,50200.0,51574.0,39362.0,3.3782992362976074,,,,,,,,3.4666767064459285,0.027027047536230506,,15.878159284591675,,0.42902337646484373,-0.3951319274902344,0.548130126953125,,,,,,,,39360.0,1943.0,-179.0,520.0,-533722624.0,452.0,14.0,0.0,-143.0,-45.0,9862.0
1085,39373.0,42694.0,56115.0,51055.0,51592.0,39372.0,3.383577823638916,,,,,,,,3.4717572614130296,0.027569412877102146,,15.890259504318237,,0.43250326538085937,-0.39547415161132815,0.5482217407226563,,,,,,,,39370.0,1954.0,-178.0,520.0,-532674048.0,464.0,15.0,0.0,-172.0,-47.0,9684.0
1086,39383.0,44663.0,55802.0,49463.0,52150.0,39382.0,3.383577823638916,,,,,,,,3.4768364456686487,0.02810846999274104,,15.903232097625732,,0.43808560180664063,-0.39625848388671875,0.547966552734375,,,,,,,,39380.0,1959.0,-177.0,520.0,-532674560.0,465.0,17.0,-1.0,-265.0,35.0,9735.0
1087,39393.0,42912.0,55978.0,50883.0,51874.0,39392.0,3.383577823638916,,,,,,,,3.4819142722459366,0.028644245205231924,,15.917278051376343,,0.4415585021972656,-0.3963813781738281,0.5479134521484375,,,,,,,,39390.0,1962.0,-177.0,520.0,-532674560.0,462.0,19.0,-1.0,-206.0,-1.0,9836.0
1088,39403.0,43665.0,56087.0,50305.0,51688.0,39402.0,3.383577823638916,,,,,,,,3.4869907556689994,0.029176767316167185,,15.929311275482178,,0.4468926086425781,-0.39681320190429686,0.5481160278320313,,,,,,,,39400.0,1963.0,-176.0,520.0,-531625984.0,457.0,20.0,-1.0,-195.0,40.0,9710.0
1089,39413.0,44569.0,56228.0,49509.0,51606.0,39412.0,3.383577823638916,,,,,,,,3.492065911243381,0.02970606490033796,,15.942101001739502,,0.4503729553222656,-0.39710693359375,0.5480846557617187,,,,,,,,39410.0,1969.0,-176.0,520.0,-531625984.0,460.0,22.0,-2.0,-242.0,-51.0,9550.0
1090,39423.0,44578.0,55649.0,49424.0,52279.0,39422.0,3.383577823638916,,,,,,,,3.4971397543007363,0.030232163713013807,,15.954109191894531,,0.4556710510253906,-0.3975782470703125,0.547884521484375,,,,,,,,39420.0,1980.0,-178.0,521.0,-531625984.0,470.0,20.0,0.0,-208.0,25.0,9699.0
1091,39433.0,44542.0,56078.0,49479.0,51735.0,39432.0,3.383577823638916,,,,,,,,3.5022122994644858,0.030755084432120938,,15.966097116470337,,0.45939901733398436,-0.3976399841308594,0.5479059448242187,,,,,,,,39430.0,1981.0,-178.0,521.0,-531625984.0,466.0,21.0,-1.0,-98.0,-78.0,9636.0
1092,39443.0,44918.0,56411.0,49354.0,51424.0,39442.0,3.3782992362976074,,,,,,,,3.5072835599994363,0.03127484092114319,,15.978073358535767,,0.46516009521484375,-0.39812680053710936,0.5481054077148437,,,,,,,,39440.0,1984.0,-178.0,521.0,-531625984.0,463.0,22.0,-2.0,-101.0,17.0,9847.0
1093,39453.0,45484.0,56046.0,48803.0,52000.0,39452.0,3.3782992362976074,,,,,,,,3.51235354729921,0.031791439148013294,,15.9900381565094,,0.4687752685546875,-0.3983522033691406,0.548155517578125,,,,,,,,39450.0,1991.0,-178.0,521.0,-532674560.0,467.0,22.0,-2.0,-103.0,34.0,9783.0
1094,39463.0,44608.0,56158.0,49670.0,51831.0,39462.0,3.3782992362976074,,,,,,,,3.5174222705517684,0.03230487683445672,,16.002633571624756,,0.47414605712890623,-0.3988280944824219,0.54790283203125,,,,,,,,39460.0,1995.0,-179.0,521.0,-532674560.0,466.0,22.0,-3.0,-128.0,24.0,9876.0
1095,39473.0,44624.0,55940.0,49394.0,52029.0,39472.0,3.383577823638916,,,,,,,,3.5224897366066896,0.032815143844765325,,16.015696048736572,,0.477621826171875,-0.3989793701171875,0.5478359375,,,,,,,,39470.0,2003.0,-178.0,521.0,-532673536.0,472.0,24.0,-3.0,-185.0,56.0,9741.0
1096,39483.0,43801.0,56076.0,50113.0,51779.0,39482.0,3.383577823638916,,,,,,,,3.5275559500496714,0.03332222325862464,,16.028467893600464,,0.48329034423828127,-0.3994552917480469,0.5479522705078125,,,,,,,,39480.0,2004.0,-178.0,521.0,-532674560.0,468.0,24.0,-3.0,-202.0,-55.0,9731.0
1097,39493.0,44247.0,56337.0,49808.0,51331.0,39492.0,3.383577823638916,,,,,,,,3.5326209134715993,0.0338260930149414,,16.041420221328735,,0.48892755126953125,-0.39973916625976563,0.5479325561523437,,,,,,,,39490.0,2008.0,-177.0,521.0,-532674560.0,467.0,27.0,-3.0,-114.0,-28.0,9816.0
1098,39503.0,43983.0,56038.0,50116.0,52054.0,39502.0,3.3782992362976074,,,,,,,,3.537684627903043,0.03432672796742112,,16.053924798965454,,0.4925354919433594,-0.3999932250976562,0.5479324951171874,,,,,,,,39500.0,2015.0,-177.0,521.0,-532674560.0,472.0,28.0,-3.0,-226.0,-122.0,9693.0
1099,39513.0,42898.0,55814.0,50686.0,51880.0,39512.0,3.383577823638916,,,,,,,,3.542747093371562,0.034824102161601395,,16.066548824310303,,0.495947265625,-0.40017095947265624,0.5476253051757812,,,,,,,,39510.0,2022.0,-177.0,522.0,-532674560.0,475.0,29.0,0.0,-220.0,-144.0,9825.0
1100,39523.0,44315.0,55854.0,49558.0,51813.0,39522.0,3.383577823638916,,,,,,,,3.547808309529834,0.035318191129403056,,16.079299449920654,,0.5014472351074218,-0.4006165466308594,0.5478062133789062,,,,,,,,39520.0,2025.0,-176.0,522.0,-532674560.0,474.0,30.0,1.0,-208.0,1.0,9849.0
1101,39533.0,43197.0,55872.0,50347.0,51846.0,39532.0,3.383577823638916,,,,,,,,3.552868276298023,0.03580897400169385,,16.093154191970825,,0.5052359924316406,-0.4007662048339844,0.5476837158203125,,,,,,,,39530.0,2029.0,-176.0,522.0,-532674560.0,472.0,31.0,1.0,-189.0,33.0,9796.0
1102,39543.0,43962.0,55522.0,49830.0,52285.0,39542.0,3.383577823638916,,,,,,,,3.5579269944642493,0.03629643526095539,,16.10621213912964,,0.5106115112304688,-0.4010841064453125,0.54756640625,,,,,,,,39540.0,2033.0,-175.0,522.0,-531625984.0,473.0,33.0,0.0,-181.0,52.0,9622.0
1103,39553.0,43936.0,55683.0,49956.0,51962.0,39552.0,3.383577823638916,,,,,,,,3.5629844661923387,0.036780565992530365,,16.118654489517212,,0.5140379028320312,-0.4008021240234375,0.547260498046875,,,,,,,,39550.0,2038.0,-173.0,522.0,-531627008.0,473.0,36.0,0.0,-280.0,-61.0,9713.0
1104,39563.0,43183.0,55777.0,50586.0,51801.0,39562.0,3.383577823638916,,,,,,,,3.568040695395557,0.0372613645405177,,16.132315158843994,,0.5198583984375,-0.4014737548828125,0.5475484619140625,,,,,,,,39560.0,2043.0,-173.0,522.0,-531627008.0,474.0,38.0,0.0,-122.0,32.0,9791.0
1105,39573.0,43417.0,55521.0,50365.0,52215.0,39572.0,3.383577823638916,,,,,,,,3.573095687947905,0.037738836528726616,,16.145593404769897,,0.523531494140625,-0.40169366455078126,0.5473878173828125,,,,,,,,39570.0,2048.0,-173.0,522.0,-531627008.0,474.0,39.0,0.0,-207.0,6.0,9744.0
1106,39583.0,44375.0,55516.0,49651.0,52221.0,39582.0,3.383577823638916,,,,,,,,3.578149451719448,0.03821299426328957,,16.15809726715088,,0.529072509765625,-0.40191543579101563,0.5472654418945313,,,,,,,,39580.0,2053.0,-174.0,522.0,-531627008.0,475.0,38.0,-1.0,-192.0,40.0,9801.0
1107,39593.0,44019.0,55558.0,49607.0,51776.0,39592.0,3.383577823638916,,,,,,,,3.5832019964378286,0.038683855586645936,,16.171385526657104,,0.5324741821289063,-0.40198004150390626,0.5469744873046875,,,,,,,,39590.0,2055.0,-172.0,524.0,-530578432.0,471.0,41.0,6.0,-264.0,76.0,9746.0
1108,39603.0,44315.0,55515.0,49365.0,51905.0,39602.0,3.383577823638916,,,,,,,,3.5882533333931064,0.039151442298129294,,16.18421244621277,,0.5385816040039062,-0.40210894775390627,0.5467446899414062,,,,,,,,39600.0,2063.0,-172.0,524.0,-530578432.0,476.0,42.0,4.0,-183.0,2.0,9790.0
1109,39613.0,43930.0,55436.0,49578.0,51784.0,39612.0,3.3888564109802246,,,,,,,,3.59330347501613,0.03961577829059637,,16.196837663650513,,0.5420802612304687,-0.402358154296875,0.546998291015625,,,,,,,,39610.0,2066.0,-172.0,524.0,-530579456.0,474.0,43.0,4.0,-261.0,-100.0,9845.0
1110,39623.0,43450.0,55937.0,50010.0,51359.0,39622.0,3.383577823638916,,,,,,,,3.59835243437073,0.04007688757278972,,16.209503173828125,,0.5457658081054687,-0.4024686279296875,0.5469122924804688,,,,,,,,39620.0,2073.0,-172.0,524.0,-531628031.0,477.0,43.0,4.0,-239.0,-27.0,9763.0
1111,39633.0,43963.0,55916.0,49476.0,51157.0,39632.0,3.3888564109802246,,,,,,,,3.603400224606266,0.04053479235207997,,16.222492933273315,,0.5511519775390625,-0.4026990661621094,0.5464667358398437,,,,,,,,39630.0,2075.0,-173.0,524.0,-531628031.0,473.0,44.0,4.0,-305.0,13.0,9822.0
1112,39643.0,43951.0,56220.0,50011.0,51307.0,39642.0,3.3888564109802246,,,,,,,,3.6084468584191414,0.040989511341904726,,16.234947204589844,,0.5567467651367187,-0.40266650390625,0.5461455688476563,,,,,,,,39640.0,2078.0,-172.0,521.0,-531103743.0,471.0,46.0,-8.0,-219.0,-46.0,9851.0
1113,39653.0,44252.0,56382.0,49739.0,51115.0,39652.0,3.3888564109802246,,,,,,,,3.6134923475696445,0.04144105843395076,,16.247714042663574,,0.5603316650390625,-0.4030133666992187,0.546259521484375,,,,,,,,39650.0,2086.0,-171.0,521.0,-531103743.0,475.0,47.0,-9.0,-110.0,-7.0,9603.0
1114,39663.0,44131.0,56527.0,49990.0,51230.0,39662.0,3.383577823638916,,,,,,,,3.618536702494332,0.04188944183942551,,16.261048555374146,,0.5659485473632813,-0.4030398254394531,0.5461060180664062,,,,,,,,39660.0,2090.0,-169.0,521.0,-532152319.0,475.0,51.0,-11.0,-157.0,58.0,9482.0
1115,39673.0,44585.0,56476.0,49862.0,51626.0,39672.0,3.3782992362976074,,,,,,,,3.6235799320446618,0.042334663760060544,,16.273911952972412,,0.5695535278320313,-0.40318191528320313,0.545884033203125,,,,,,,,39670.0,2092.0,-170.0,521.0,-532151295.0,471.0,50.0,-14.0,-111.0,54.0,9627.0
1116,39683.0,44786.0,56639.0,50014.0,51644.0,39682.0,3.3782992362976074,,,,,,,,3.628622043370755,0.042776720601805485,,16.286458492279053,,0.57476171875,-0.4031134033203125,0.545604736328125,,,,,,,,39680.0,2096.0,-171.0,520.0,-532151295.0,468.0,49.0,-21.0,-214.0,58.0,9807.0
1117,39693.0,44622.0,56450.0,50209.0,51962.0,39692.0,3.3782992362976074,,,,,,,,3.6336630419560003,0.04321560369675407,,16.299249410629272,,0.578864501953125,-0.40319580078125,0.5456752319335938,,,,,,,,39690.0,2103.0,-168.0,520.0,-533199872.0,473.0,53.0,-22.0,-220.0,-29.0,9704.0
1118,39703.0,44982.0,56003.0,49900.0,52707.0,39702.0,3.3782992362976074,,,,,,,,3.6387029317949913,0.04365130045579718,,16.318387031555176,,0.584272216796875,-0.40335678100585937,0.5453111572265625,,,,,,,,39700.0,2110.0,-169.0,519.0,-533199872.0,475.0,53.0,-24.0,-316.0,-92.0,9722.0
1119,39713.0,44251.0,56220.0,50757.0,52579.0,39712.0,3.373020648956299,,,,,,,,3.6437417156950755,0.04408379583942391,,16.331321477890015,,0.58787451171875,-0.40337158203125,0.5450180053710938,,,,,,,,39710.0,2114.0,-168.0,519.0,-533199872.0,474.0,54.0,-25.0,-257.0,-136.0,9803.0
1120,39723.0,44157.0,56543.0,50833.0,52208.0,39722.0,3.373020648956299,,,,,,,,3.6487793956716708,0.04451307400979939,,16.34381604194641,,0.593393310546875,-0.40330087280273436,0.5444700317382812,,,,,,,,39720.0,2110.0,-170.0,519.0,-533198848.0,460.0,51.0,-26.0,-187.0,0.0,9828.0
1121,39733.0,44560.0,56529.0,50401.0,52342.0,39732.0,3.373020648956299,,,,,,,,3.653815973400266,0.0449391200155288,,16.35597515106201,,0.5988953247070312,-0.4034292297363281,0.54455810546875,,,,,,,,39730.0,2114.0,-167.0,518.0,-533198848.0,458.0,55.0,-25.0,-194.0,-111.0,9878.0
1122,39743.0,44904.0,56226.0,50197.0,52703.0,39742.0,3.373020648956299,,,,,,,,3.6588514506842134,0.045361921362018914,,16.36796283721924,,0.6025856323242188,-0.40353033447265624,0.5442896118164062,,,,,,,,39740.0,2122.0,-167.0,518.0,-533199872.0,463.0,55.0,-25.0,-370.0,-73.0,9979.0
1123,39753.0,45473.0,56609.0,49869.0,52334.0,39752.0,3.3677420616149902,,,,,,,,3.663885829897271,0.04578146933455688,,16.38021159172058,,0.6062117919921876,-0.4035169677734375,0.544018310546875,,,,,,,,39750.0,2126.0,-167.0,518.0,-533199872.0,461.0,55.0,-24.0,-210.0,11.0,9841.0
1124,39763.0,45146.0,56620.0,50154.0,52340.0,39762.0,3.3677420616149902,,,,,,,,3.6689191143632587,0.04619775996653649,,16.392285346984863,,0.6119292602539063,-0.4035880432128906,0.543757568359375,,,,,,,,39760.0,2128.0,-166.0,517.0,-533199872.0,456.0,57.0,-26.0,-213.0,-119.0,9790.0
1125,39773.0,44836.0,56490.0,50516.0,52694.0,39772.0,3.3677420616149902,,,,,,,,3.6739513086417706,0.04661079457915839,,16.404158353805542,,0.6155137939453125,-0.4034175109863281,0.5434244384765625,,,,,,,,39770.0,2132.0,-165.0,517.0,-533199872.0,455.0,58.0,-27.0,-267.0,12.0,9677.0
1126,39783.0,44633.0,56380.0,50497.0,52782.0,39782.0,3.373020648956299,,,,,,,,3.6789824186979474,0.047020579858223395,,16.416221618652344,,0.6208187866210938,-0.4034677734375,0.5432142944335937,,,,,,,,39780.0,2140.0,-164.0,517.0,-533199872.0,460.0,60.0,-28.0,-297.0,-64.0,9715.0
1127,39793.0,44583.0,56622.0,50640.0,52758.0,39792.0,3.3677420616149902,,,,,,,,3.68401245194502,0.04742712747476414,,16.428884267807007,,0.6245512084960938,-0.40338418579101565,0.5431434326171874,,,,,,,,39790.0,2145.0,-164.0,516.0,-533199872.0,461.0,60.0,-29.0,-279.0,-44.0,9824.0
1128,39803.0,43872.0,56790.0,51199.0,52563.0,39802.0,3.3677420616149902,,,,,,,,3.6890414171596984,0.04783045329560295,,16.441240549087524,,0.6299263305664062,-0.40328622436523437,0.5427385864257812,,,,,,,,39800.0,2147.0,-163.0,516.0,-533199360.0,456.0,61.0,-29.0,-312.0,-96.0,9752.0
1129,39813.0,44121.0,56838.0,50844.0,52596.0,39812.0,3.3677420616149902,,,,,,,,3.694069324281499,0.048230576264123616,,16.457046508789062,,0.6337946166992188,-0.403465576171875,0.54215185546875,,,,,,,,39810.0,2149.0,-163.0,516.0,-534247936.0,453.0,60.0,-28.0,-272.0,-202.0,9943.0
1130,39823.0,45091.0,56903.0,50094.0,52431.0,39822.0,3.3677420616149902,,,,,,,,3.699096184116834,0.04862751705778851,,16.468775033950806,,0.6390266723632813,-0.4034305725097656,0.5421983032226563,,,,,,,,39820.0,2155.0,-162.0,516.0,-534247936.0,453.0,61.0,-27.0,-222.0,-46.0,9839.0
1131,39833.0,44430.0,56652.0,50572.0,52852.0,39832.0,3.3677420616149902,,,,,,,,3.704122007976324,0.04902129664517613,,16.482627868652344,,0.642785888671875,-0.4032824401855469,0.5421529541015625,,,,,,,,39830.0,2163.0,-161.0,515.0,-534247935.0,460.0,63.0,-26.0,-262.0,-56.0,9902.0
1132,39843.0,44362.0,56885.0,50501.0,52608.0,39842.0,3.3677420616149902,,,,,,,,3.7091468072787226,0.049411934870442015,,16.494847536087036,,0.648072265625,-0.40335107421875,0.5417410278320313,,,,,,,,39840.0,2167.0,-162.0,515.0,-534247935.0,459.0,62.0,-25.0,-210.0,-81.0,9951.0
1133,39853.0,45255.0,57141.0,49762.0,52277.0,39852.0,3.3677420616149902,,,,,,,,3.714170593156766,0.04979944918699791,,16.5088152885437,,0.65174951171875,-0.40298501586914065,0.5416216430664063,,,,,,,,39850.0,2169.0,-162.0,515.0,-534247935.0,453.0,60.0,-25.0,-289.0,-82.0,10051.0
1134,39863.0,44685.0,57252.0,50109.0,52097.0,39862.0,3.3677420616149902,,,,,,,,3.719193376099014,0.050183853645716675,,16.52159094810486,,0.6573438110351563,-0.403106689453125,0.5413264770507813,,,,,,,,39860.0,2173.0,-160.0,514.0,-534247935.0,452.0,63.0,-23.0,-233.0,-177.0,10078.0
1135,39873.0,44929.0,56986.0,49789.0,52519.0,39872.0,3.3677420616149902,,,,,,,,3.724215165657636,0.050565158217837206,,16.533862113952637,,0.6610436401367188,-0.4031689758300781,0.5411900024414062,,,,,,,,39870.0,2183.0,-159.0,514.0,-535296511.0,461.0,64.0,-20.0,-329.0,-264.0,10015.0
1136,39883.0,44824.0,57132.0,49743.0,52329.0,39882.0,3.3677420616149902,,,,,,,,3.7292359702454787,0.0509433685013939,,16.546394109725952,,0.6664437866210937,-0.40307952880859377,0.5406868286132812,,,,,,,,39880.0,2185.0,-160.0,514.0,-535296511.0,458.0,62.0,-18.0,-316.0,-233.0,9797.0
1137,39893.0,45286.0,57311.0,49484.0,52358.0,39892.0,3.3677420616149902,,,,,,,,3.7342557970373162,0.05131848582532851,,16.558700561523438,,0.6700510864257813,-0.4031924133300781,0.5405413818359375,,,,,,,,39890.0,2188.0,-159.0,513.0,-536345086.0,455.0,62.0,-24.0,-276.0,-184.0,9661.0
1138,39903.0,45423.0,57358.0,49382.0,52371.0,39902.0,3.3677420616149902,,,,,,,,3.7392746519807214,0.051690507730559554,,16.57131576538086,,0.6756500854492188,-0.4031390380859375,0.540522216796875,,,,,,,,39900.0,2192.0,-157.0,513.0,-536345086.0,453.0,66.0,-25.0,-278.0,-179.0,9671.0
1139,39913.0,45381.0,57265.0,49465.0,52558.0,39912.0,3.3677420616149902,,,,,,,,3.7442925399123186,0.05205942877521569,,16.583531379699707,,0.6791510620117187,-0.40315621948242186,0.5402119140625,,,,,,,,39910.0,2200.0,-159.0,512.0,-1073217022.0,459.0,61.0,-25.0,-153.0,-192.0,9817.0
1140,39923.0,44798.0,57188.0,49963.0,52700.0,39922.0,3.3677420616149902,,,,,,,,3.7493094647661853,0.052425241584682036,,16.595403909683228,,0.6847146606445312,-0.4031269226074219,0.5400119018554688,,,,,,,,39920.0,2206.0,-159.0,512.0,-1072168445.0,461.0,59.0,-25.0,-173.0,-226.0,9705.0
1141,39933.0,45292.0,57314.0,49667.0,52819.0,39932.0,3.3624634742736816,,,,,,,,3.7543254298535675,0.052787938048203545,,16.607372760772705,,0.6882944946289062,-0.4031718444824219,0.5394962158203125,,,,,,,,39930.0,2206.0,-159.0,512.0,-1072168445.0,454.0,59.0,-26.0,-144.0,-198.0,9845.0
1142,39943.0,44577.0,57213.0,50219.0,53092.0,39942.0,3.3624634742736816,,,,,,,,3.7593404381875173,0.05314751055395293,,16.619072198867798,,0.6936998901367187,-0.40326791381835936,0.539570556640625,,,,,,,,39940.0,2211.0,-157.0,511.0,-1072168445.0,455.0,61.0,-27.0,-222.0,-215.0,9812.0
1143,39953.0,43365.0,57171.0,50997.0,52980.0,39952.0,3.3677420616149902,,,,,,,,3.7643544928229535,0.05350395315429053,,16.631287574768066,,0.6973279418945313,-0.40320196533203123,0.5396710205078125,,,,,,,,39950.0,2219.0,-157.0,511.0,-1071119869.0,460.0,60.0,-26.0,-133.0,-125.0,9990.0
1144,39963.0,43525.0,56941.0,50863.0,53276.0,39962.0,3.3677420616149902,,,,,,,,3.7693675971821907,0.053857262562153015,,16.64319372177124,,0.7029393920898438,-0.40319692993164064,0.5394925537109375,,,,,,,,39960.0,2221.0,-156.0,511.0,-1072168444.0,456.0,59.0,-25.0,-168.0,-191.0,10034.0
1145,39973.0,43256.0,56755.0,51005.0,53522.0,39972.0,3.3677420616149902,,,,,,,,3.7743797553381286,0.054207438897035665,,16.654934883117676,,0.7083379516601562,-0.4033196411132812,0.5393394775390625,,,,,,,,39970.0,2226.0,-155.0,511.0,-1072167420.0,456.0,59.0,-23.0,-312.0,-361.0,9956.0
1146,39983.0,43564.0,56593.0,50525.0,53571.0,39982.0,3.3624634742736816,,,,,,,,3.779390972231797,0.054554486123116225,,16.667670965194702,,0.712038818359375,-0.40315396118164065,0.5394113159179688,,,,,,,,39980.0,2232.0,-153.0,512.0,-1073215996.0,458.0,61.0,-12.0,-219.0,-215.0,10097.0
1147,39993.0,43600.0,56545.0,50318.0,53366.0,39992.0,3.3677420616149902,,,,,,,,3.784401253807337,0.054898412150428816,,16.679875373840332,,0.71553857421875,-0.4032540588378906,0.5390564575195312,,,,,,,,39990.0,2238.0,-152.0,512.0,-536345084.0,460.0,61.0,-10.0,-182.0,-241.0,9880.0
1148,40003.0,43201.0,56725.0,50586.0,53099.0,40002.0,3.3677420616149902,,,,,,,,3.7894106070551534,0.055239228600051066,,16.692107677459717,,0.7210783081054688,-0.40320535278320313,0.5390394287109375,,,,,,,,40000.0,2240.0,-152.0,512.0,-535296507.0,456.0,62.0,-9.0,-189.0,-228.0,9980.0
1149,40013.0,42847.0,56798.0,50770.0,52966.0,40012.0,3.3677420616149902,,,,,,,,3.7944190399622175,0.055576950263362214,,16.70414972305298,,0.724856689453125,-0.40332144165039063,0.5389710083007813,,,,,,,,40010.0,2245.0,-151.0,512.0,-535296507.0,456.0,62.0,-7.0,-245.0,-114.0,10134.0
1150,40023.0,43558.0,57033.0,50260.0,52496.0,40022.0,3.373020648956299,,,,,,,,3.7994265613765665,0.05591159431107066,,16.715799570083618,,0.7301984252929687,-0.40329315185546877,0.5385048828125,,,,,,,,40020.0,2249.0,-151.0,511.0,-535295483.0,456.0,62.0,-9.0,-191.0,-36.0,9853.0
1151,40033.0,44954.0,57116.0,49095.0,52414.0,40032.0,3.373020648956299,,,,,,,,3.80443318080029,0.05624317932777417,,16.727505445480347,,0.7336473999023437,-0.403435302734375,0.5389008178710938,,,,,,,,40030.0,2255.0,-151.0,511.0,-535295483.0,458.0,61.0,-9.0,-207.0,-187.0,9983.0
1152,40043.0,44453.0,57235.0,49432.0,52237.0,40042.0,3.373020648956299,,,,,,,,3.809438908131045,0.0565717242607289,,16.739354372024536,,0.7390479736328125,-0.403515625,0.53889697265625,,,,,,,,40040.0,2260.0,-150.0,511.0,-535295483.0,458.0,62.0,-8.0,-234.0,-123.0,9979.0
1153,40053.0,45216.0,57264.0,48811.0,52109.0,40052.0,3.373020648956299,,,,,,,,3.8144437533760294,0.05689724737635245,,16.75155758857727,,0.742804931640625,-0.40338348388671874,0.5388480834960937,,,,,,,,40050.0,2263.0,-149.0,510.0,-535295483.0,454.0,62.0,-7.0,-283.0,-93.0,9959.0
1154,40063.0,45257.0,57247.0,48621.0,52186.0,40062.0,3.373020648956299,,,,,,,,3.819447726363992,0.05721976531458815,,16.763874769210815,,0.7482335815429687,-0.403390380859375,0.5389529418945312,,,,,,,,40060.0,2268.0,-148.0,510.0,-535295482.0,454.0,64.0,-6.0,-349.0,-34.0,10112.0
1155,40073.0,45112.0,57293.0,48229.0,51535.0,40072.0,3.373020648956299,,,,,,,,3.8244508364802914,0.057539292320146214,,16.775781393051147,,0.7518489379882812,-0.4035100708007813,0.538923095703125,,,,,,,,40070.0,2274.0,-149.0,512.0,-536344058.0,457.0,61.0,7.0,-250.0,-304.0,10146.0
1156,40083.0,44717.0,57019.0,48327.0,52034.0,40082.0,3.373020648956299,,,,,,,,3.82945309244725,0.05785583971200101,,16.788442850112915,,0.757443603515625,-0.4034451599121094,0.5389993896484375,,,,,,,,40080.0,2277.0,-149.0,513.0,-1072166394.0,453.0,61.0,9.0,-208.0,-141.0,9818.0
1157,40093.0,44262.0,57024.0,48726.0,52024.0,40092.0,3.373020648956299,,,,,,,,3.834454502167477,0.05816941563008291,,16.800519227981567,,0.7609305419921875,-0.4035163269042969,0.5389458618164062,,,,,,,,40090.0,2281.0,-150.0,513.0,-1072166394.0,451.0,58.0,9.0,-319.0,-164.0,9875.0
1158,40103.0,44349.0,56734.0,48485.0,52256.0,40102.0,3.3782992362976074,,,,,,,,3.8394550726418406,0.0584800250729403,,16.812915086746216,,0.7662135620117188,-0.4037095336914063,0.5387605590820312,,,,,,,,40100.0,2286.0,-145.0,513.0,-1071117818.0,452.0,63.0,9.0,-292.0,-170.0,9925.0
1159,40113.0,43972.0,56944.0,48846.0,52031.0,40112.0,3.3782992362976074,,,,,,,,3.8444548099669524,0.05878767021452616,,16.824912309646606,,0.769877197265625,-0.40370553588867186,0.53903271484375,,,,,,,,40110.0,2290.0,-146.0,512.0,-1071117818.0,451.0,61.0,7.0,-229.0,-194.0,10010.0
1160,40123.0,43869.0,56958.0,48878.0,51916.0,40122.0,3.3782992362976074,,,,,,,,3.849453719409998,0.05909235096441544,,16.83649730682373,,0.7752152709960938,-0.4037489929199219,0.5391130981445312,,,,,,,,40120.0,2294.0,-147.0,512.0,-1071117817.0,449.0,58.0,9.0,-144.0,-134.0,10046.0
1161,40133.0,43906.0,56981.0,48769.0,51798.0,40132.0,3.3782992362976074,,,,,,,,3.854451805552096,0.05939406571570115,,16.848293781280518,,0.778760498046875,-0.4039338684082031,0.5389857788085938,,,,,,,,40130.0,2297.0,-146.0,513.0,-1071117817.0,445.0,58.0,12.0,-269.0,-308.0,10116.0
1162,40143.0,43209.0,56909.0,49281.0,51836.0,40142.0,3.3782992362976074,,,,,,,,3.8594490724857056,0.05969281221017651,,16.860996961593628,,0.7843674926757812,-0.4039723205566406,0.5390825805664062,,,,,,,,40140.0,2299.0,-146.0,513.0,-1070069241.0,442.0,56.0,13.0,-237.0,-257.0,9681.0
1163,40153.0,43493.0,56735.0,49173.0,52279.0,40152.0,3.3782992362976074,,,,,,,,3.864445524047332,0.05998858844229798,,16.872960567474365,,0.7878671264648438,-0.40400228881835937,0.5391514282226563,,,,,,,,40150.0,2310.0,-145.0,512.0,-1070069241.0,453.0,56.0,9.0,-202.0,-298.0,9559.0
1164,40163.0,43774.0,56966.0,49104.0,51855.0,40162.0,3.3782992362976074,,,,,,,,3.869441164064303,0.06028139352235311,,16.88479709625244,,0.7932756958007813,-0.40404318237304687,0.5392182006835937,,,,,,,,40160.0,2315.0,-143.0,512.0,-1070069241.0,453.0,57.0,8.0,-238.0,-223.0,9744.0
1165,40173.0,43926.0,57035.0,49038.0,51709.0,40172.0,3.3782992362976074,,,,,,,,3.874435996593777,0.06057122842511517,,16.89667320251465,,0.7969297485351563,-0.40413345336914064,0.5393325805664062,,,,,,,,40170.0,2316.0,-143.0,512.0,-1071117817.0,447.0,56.0,7.0,-311.0,-285.0,9766.0
1166,40183.0,44007.0,56952.0,48928.0,51918.0,40182.0,3.3782992362976074,,,,,,,,3.879430026133485,0.060858096562342645,,16.908462524414062,,0.8017882690429687,-0.40411114501953127,0.5386876831054688,,,,,,,,40180.0,2318.0,-142.0,513.0,-1071117817.0,441.0,56.0,6.0,-210.0,-288.0,9731.0
1167,40193.0,44523.0,56935.0,48551.0,51890.0,40192.0,3.3782992362976074,,,,,,,,3.8844232577867714,0.061142004134549,,16.920767784118652,,0.8059369506835937,-0.4043475646972656,0.5393017578125,,,,,,,,40190.0,2329.0,-142.0,513.0,-1070069241.0,452.0,54.0,6.0,-149.0,-139.0,9724.0
1168,40203.0,44717.0,57114.0,48614.0,51639.0,40202.0,3.3782992362976074,,,,,,,,3.889415697368964,0.06142296023790099,,16.933238744735718,,0.811015380859375,-0.40454696655273437,0.5392322998046875,,,,,,,,40200.0,2331.0,-143.0,512.0,-1070069241.0,448.0,52.0,3.0,-246.0,-152.0,9587.0
1169,40213.0,43742.0,57392.0,49479.0,51219.0,40212.0,3.3782992362976074,,,,,,,,3.894407351447591,0.06170097672403289,,16.945192098617554,,0.8147019653320312,-0.4046669006347656,0.539309814453125,,,,,,,,40210.0,2334.0,-141.0,512.0,-1070069241.0,444.0,54.0,1.0,-289.0,-225.0,9676.0
1170,40223.0,45098.0,57220.0,48449.0,51499.0,40222.0,3.3782992362976074,,,,,,,,3.89939822731492,0.061976067832045484,,16.95721459388733,,0.8201355590820313,-0.40500372314453126,0.538894775390625,,,,,,,,40220.0,2336.0,-141.0,512.0,-1070069241.0,439.0,51.0,0.0,-383.0,-352.0,9552.0
1171,40233.0,44513.0,57465.0,49011.0,51129.0,40232.0,3.3782992362976074,,,,,,,,3.9043883328971876,0.06224824963114346,,16.968960523605347,,0.8239697265625,-0.4049064636230469,0.5393729248046875,,,,,,,,40230.0,2341.0,-139.0,512.0,-1070069241.0,440.0,53.0,-2.0,-346.0,-242.0,9653.0
1172,40243.0,44309.0,57219.0,49187.0,51541.0,40242.0,3.3782992362976074,,,,,,,,3.909377676610275,0.0625175393276565,,16.981239318847656,,0.8288676147460937,-0.40517230224609374,0.5393189086914062,,,,,,,,40240.0,2351.0,-139.0,512.0,-1069020665.0,449.0,52.0,-1.0,-198.0,-239.0,9946.0
1173,40253.0,44308.0,57100.0,49138.0,51693.0,40252.0,3.3782992362976074,,,,,,,,3.9143662671759074,0.06278395450037708,,16.993420124053955,,0.8324970092773437,-0.40528466796875,0.5393948974609375,,,,,,,,40250.0,2354.0,-139.0,512.0,-1069020665.0,445.0,49.0,0.0,-267.0,-280.0,9955.0
1174,40263.0,43100.0,57294.0,50061.0,51319.0,40262.0,3.3782992362976074,,,,,,,,3.919354113415474,0.06304751233249639,,17.005220890045166,,0.8364111938476563,-0.40490591430664064,0.538628662109375,,,,,,,,40260.0,2355.0,-139.0,512.0,-1069019641.0,439.0,47.0,1.0,-395.0,-334.0,9746.0
1175,40273.0,43375.0,57246.0,49826.0,51456.0,40272.0,3.3782992362976074,,,,,,,,3.9243412240399924,0.06330822890672322,,17.017324686050415,,0.8413839111328125,-0.40566445922851563,0.53929150390625,,,,,,,,40270.0,2361.0,-138.0,512.0,-1069019641.0,440.0,48.0,0.0,-349.0,-330.0,9724.0
1176,40283.0,43039.0,56951.0,50105.0,51945.0,40282.0,3.3782992362976074,,,,,,,,3.9293276074545163,0.06356611862275174,,17.02976369857788,,0.8465567626953125,-0.40595556640625,0.5393396606445312,,,,,,,,40280.0,2370.0,-137.0,512.0,-1069019641.0,449.0,46.0,0.0,-320.0,-275.0,9718.0
1177,40293.0,43146.0,56817.0,50054.0,52176.0,40292.0,3.3782992362976074,,,,,,,,3.934313271593499,0.06382119378391402,,17.04194712638855,,0.8500591430664063,-0.40627743530273436,0.5393512573242187,,,,,,,,40290.0,2372.0,-137.0,512.0,-1070068217.0,444.0,46.0,0.0,-454.0,-379.0,9671.0
1178,40303.0,42976.0,56768.0,50341.0,52141.0,40302.0,3.3782992362976074,,,,,,,,3.939298223800441,0.06407346438382248,,17.05759835243225,,0.8540808715820313,-0.40605621337890624,0.5386661987304687,,,,,,,,40300.0,2377.0,-136.0,512.0,-1070068217.0,443.0,45.0,-1.0,-447.0,-284.0,9933.0
1179,40313.0,42274.0,56697.0,50767.0,52226.0,40312.0,3.3782992362976074,,,,,,,,3.9442824707609105,0.06432293810557493,,17.070012092590332,,0.8586201171875,-0.4067224426269531,0.5390224609375,,,,,,,,40310.0,2375.0,-133.0,512.0,-1071115769.0,431.0,49.0,0.0,-385.0,-280.0,10034.0
1180,40323.0,43956.0,56205.0,49454.0,52860.0,40322.0,3.3782992362976074,,,,,,,,3.949266018493149,0.06456962052730386,,17.082457304000854,,0.8640264892578124,-0.4068836669921875,0.5394075317382813,,,,,,,,40320.0,2381.0,-133.0,512.0,-1072164345.0,433.0,47.0,1.0,-319.0,-208.0,9844.0
1181,40333.0,44365.0,55735.0,48971.0,53399.0,40332.0,3.3782992362976074,,,,,,,,3.9542488723953264,0.06481351551014865,,17.094387769699097,,0.8675707397460938,-0.40717831420898437,0.5393309936523437,,,,,,,,40330.0,2388.0,-132.0,513.0,-1072164345.0,436.0,48.0,4.0,-302.0,-250.0,9711.0
1182,40343.0,43821.0,55902.0,49574.0,53428.0,40342.0,3.373020648956299,,,,,,,,3.9592310373436597,0.0650546257296154,,17.1062753200531,,0.8727789306640625,-0.40748565673828124,0.5392850341796875,,,,,,,,40340.0,2392.0,-132.0,513.0,-536343033.0,435.0,48.0,2.0,-380.0,-288.0,9587.0
1183,40353.0,44390.0,56135.0,49243.0,53142.0,40352.0,3.373020648956299,,,,,,,,3.9642125178313457,0.06529295329999964,,17.118027687072754,,0.8763470458984375,-0.4074667358398438,0.5390906372070312,,,,,,,,40350.0,2394.0,-131.0,513.0,-535294457.0,431.0,49.0,0.0,-375.0,-112.0,9655.0
1184,40363.0,45152.0,56425.0,48594.0,52854.0,40362.0,3.373020648956299,,,,,,,,3.969193318135046,0.06552850043494947,,17.130194902420044,,0.8815081176757813,-0.40798895263671875,0.5391710205078125,,,,,,,,40360.0,2398.0,-133.0,513.0,-535295481.0,429.0,44.0,-1.0,-197.0,-120.0,9596.0
1185,40373.0,45720.0,56289.0,48076.0,53034.0,40372.0,3.373020648956299,,,,,,,,3.97417344249365,0.0657612700857747,,17.1434223651886,,0.8848573608398438,-0.4083257141113281,0.5391859741210937,,,,,,,,40370.0,2407.0,-131.0,513.0,-534247929.0,436.0,47.0,-1.0,-293.0,-198.0,9877.0
1186,40383.0,44835.0,56630.0,48758.0,52589.0,40382.0,3.373020648956299,,,,,,,,3.979152895283441,0.06599126650274044,,17.155608415603638,,0.8902642211914062,-0.4085694885253906,0.5393131103515625,,,,,,,,40380.0,2412.0,-131.0,513.0,-534248953.0,437.0,47.0,0.0,-174.0,-143.0,9927.0
1187,40393.0,44715.0,56783.0,48697.0,52482.0,40392.0,3.373020648956299,,,,,,,,3.9841316811745804,0.06621849567285681,,17.16796851158142,,0.892124267578125,-0.4079270324707031,0.5382642822265625,,,,,,,,40390.0,2415.0,-130.0,513.0,-533724665.0,434.0,49.0,0.0,-307.0,-167.0,9802.0
1188,40403.0,43576.0,56849.0,49635.0,52389.0,40402.0,3.373020648956299,,,,,,,,3.9891098052558887,0.06644296559973792,,17.180185556411743,,0.8988594360351563,-0.40913153076171876,0.5390704956054687,,,,,,,,40400.0,2419.0,-129.0,513.0,-533723641.0,434.0,50.0,0.0,-244.0,-77.0,9754.0
1189,40413.0,43607.0,57257.0,50047.0,52135.0,40412.0,3.373020648956299,,,,,,,,3.994087273118044,0.06666468640579645,,17.192451000213623,,0.90238134765625,-0.4093372802734375,0.5388656005859375,,,,,,,,40410.0,2417.0,-131.0,511.0,-533724665.0,423.0,47.0,-10.0,-210.0,-71.0,9715.0
1190,40423.0,43973.0,56996.0,49851.0,52534.0,40422.0,3.373020648956299,,,,,,,,3.999064090889207,0.06688367025301643,,17.208783388137817,,0.9075274047851563,-0.40967401123046876,0.5388273315429688,,,,,,,,40420.0,2428.0,-130.0,511.0,-534772217.0,434.0,48.0,-11.0,-220.0,-94.0,9729.0
1191,40433.0,43794.0,57163.0,50030.0,52280.0,40432.0,3.373020648956299,,,,,,,,4.0040402652214,0.06709993109438067,,17.221400499343872,,0.9111304321289062,-0.40987603759765623,0.53884765625,,,,,,,,40430.0,2430.0,-130.0,511.0,-534772217.0,431.0,48.0,-11.0,-272.0,-132.0,9805.0
1192,40443.0,43496.0,57208.0,50412.0,52412.0,40442.0,3.3677420616149902,,,,,,,,4.009015803230274,0.06731348428235676,,17.233739137649536,,0.9164458618164063,-0.4099665832519531,0.5386201782226563,,,,,,,,40440.0,2434.0,-129.0,511.0,-534773241.0,432.0,49.0,-11.0,-315.0,-123.0,9743.0
1193,40453.0,42987.0,57323.0,50761.0,52265.0,40452.0,3.3677420616149902,,,,,,,,4.013990712394861,0.06752434607246499,,17.245707511901855,,0.9196505126953125,-0.4103821105957031,0.53889111328125,,,,,,,,40450.0,2435.0,-130.0,511.0,-534248953.0,425.0,47.0,-10.0,-270.0,-132.0,9829.0
1194,40463.0,43058.0,57218.0,50694.0,52299.0,40462.0,3.3677420616149902,,,,,,,,4.018965000427192,0.06773253306793672,,17.25758171081543,,0.9249393920898438,-0.4106380310058594,0.53888525390625,,,,,,,,40460.0,2440.0,-130.0,511.0,-533200377.0,426.0,47.0,-9.0,-312.0,-151.0,10003.0
1195,40473.0,43363.0,56999.0,50383.0,52636.0,40472.0,3.3677420616149902,,,,,,,,4.023938675123956,0.06793806165523611,,17.269733667373657,,0.9270977172851562,-0.40996502685546876,0.5379895629882813,,,,,,,,40470.0,2446.0,-130.0,511.0,-533200377.0,429.0,48.0,-7.0,-249.0,-77.0,9737.0
1196,40483.0,43979.0,56828.0,49971.0,52867.0,40482.0,3.3677420616149902,,,,,,,,4.028911744213591,0.06814094747955882,,17.28261685371399,,0.9338365478515624,-0.41099029541015625,0.5385903930664062,,,,,,,,40480.0,2447.0,-129.0,511.0,-533199353.0,424.0,49.0,-8.0,-328.0,-9.0,9628.0
1197,40493.0,43482.0,56817.0,50449.0,52918.0,40492.0,3.3677420616149902,,,,,,,,4.033884215212182,0.06834120500452306,,17.295857906341553,,0.937197998046875,-0.4111986389160156,0.538730224609375,,,,,,,,40490.0,2451.0,-128.0,511.0,-533199353.0,423.0,51.0,-9.0,-253.0,37.0,9804.0
1198,40503.0,44016.0,56919.0,50324.0,53022.0,40502.0,3.3677420616149902,,,,,,,,4.038856095300383,0.06853884719168246,,17.308477640151978,,0.942364501953125,-0.4114942932128906,0.538635009765625,,,,,,,,40500.0,2458.0,-127.0,509.0,-532151801.0,428.0,52.0,-16.0,-301.0,-67.0,10008.0
1199,40513.0,44845.0,56472.0,49598.0,53582.0,40512.0,3.3677420616149902,,,,,,,,4.043827391231389,0.06873388532406445,,17.32168197631836,,0.945946044921875,-0.4116946105957031,0.5386490478515625,,,,,,,,40510.0,2464.0,-127.0,509.0,-532151801.0,430.0,53.0,-13.0,-341.0,-100.0,10057.0
1200,40523.0,45714.0,56844.0,49072.0,53116.0,40522.0,3.3624634742736816,,,,,,,,4.048798109276997,0.06892632898474935,,17.334452390670776,,0.9513462524414062,-0.4116913146972656,0.5387837524414063,,,,,,,,40520.0,2467.0,-126.0,509.0,-532676089.0,428.0,54.0,-11.0,-348.0,-26.0,10148.0
1201,40533.0,45362.0,56777.0,49231.0,53177.0,40532.0,3.3624634742736816,,,,,,,,4.053768255215285,0.06911618618774545,,17.34701442718506,,0.9547314453125,-0.41202285766601565,0.5387755737304688,,,,,,,,40530.0,2472.0,-126.0,509.0,-531626489.0,428.0,55.0,-8.0,-130.0,-2.0,9891.0
1202,40543.0,44690.0,56994.0,49803.0,52786.0,40542.0,3.3624634742736816,,,,,,,,4.058737834359722,0.06930346364529585,,17.360380172729492,,0.95820361328125,-0.4121453857421875,0.5387072143554688,,,,,,,,40540.0,2472.0,-127.0,509.0,-531626489.0,422.0,53.0,-7.0,-156.0,-37.0,9742.0
1203,40553.0,44739.0,56754.0,49805.0,53153.0,40552.0,3.3624634742736816,,,,,,,,4.06370685162593,0.06948816714438984,,17.372878551483154,,0.9633861694335938,-0.4124178161621094,0.5386802978515625,,,,,,,,40550.0,2479.0,-127.0,509.0,-531626489.0,427.0,54.0,-8.0,-139.0,11.0,9865.0
1204,40563.0,44939.0,56736.0,49448.0,53012.0,40562.0,3.3677420616149902,,,,,,,,4.068675311629198,0.06967030199658159,,17.388725757598877,,0.96892431640625,-0.41241693115234374,0.538705322265625,,,,,,,,40560.0,2485.0,-127.0,509.0,-531625465.0,431.0,54.0,-8.0,-242.0,-41.0,9813.0
1205,40573.0,45303.0,57063.0,49244.0,52726.0,40572.0,3.3624634742736816,,,,,,,,4.0736432188033405,0.06984987351991169,,17.4013831615448,,0.97234619140625,-0.41261309814453123,0.538838134765625,,,,,,,,40570.0,2488.0,-127.0,509.0,-531625465.0,427.0,55.0,-7.0,-130.0,89.0,10096.0
1206,40583.0,43781.0,57053.0,50325.0,52732.0,40582.0,3.3624634742736816,,,,,,,,4.078610577529968,0.07002688751014718,,17.414219617843628,,0.977587158203125,-0.41284841918945314,0.5387924194335938,,,,,,,,40580.0,2491.0,-125.0,508.0,-531625465.0,428.0,57.0,-7.0,-120.0,38.0,10128.0
1207,40593.0,44667.0,57085.0,49552.0,52435.0,40592.0,3.3677420616149902,,,,,,,,4.083577392266639,0.07020135066073,,17.42655873298645,,0.9811322021484375,-0.4128670043945312,0.5388741455078125,,,,,,,,40590.0,2496.0,-125.0,508.0,-531625465.0,428.0,57.0,-3.0,-83.0,-41.0,9905.0
1208,40603.0,44018.0,56923.0,49986.0,52724.0,40602.0,3.3677420616149902,,,,,,,,4.088543667662807,0.0703732708964542,,17.438717365264893,,0.9862293090820312,-0.4125814514160156,0.538482421875,,,,,,,,40600.0,2505.0,-126.0,508.0,-531625465.0,437.0,57.0,-2.0,-158.0,18.0,9821.0
1209,40613.0,43574.0,56952.0,50327.0,52702.0,40612.0,3.3677420616149902,,,,,,,,4.093509408653879,0.07054265759439166,,17.45146369934082,,0.9900371704101563,-0.4129077453613281,0.5386550903320313,,,,,,,,40610.0,2508.0,-123.0,508.0,-531625465.0,435.0,62.0,-3.0,-209.0,-7.0,9776.0
1210,40623.0,43106.0,57143.0,50645.0,52454.0,40622.0,3.3677420616149902,,,,,,,,4.098474620525852,0.0707095216761301,,17.46378993988037,,0.9953572998046875,-0.41317526245117187,0.539107177734375,,,,,,,,40620.0,2510.0,-123.0,508.0,-531625465.0,432.0,62.0,-3.0,-164.0,-28.0,9783.0
1211,40633.0,42705.0,57069.0,50879.0,52543.0,40632.0,3.3677420616149902,,,,,,,,4.103439308945829,0.07087387556700883,,17.47699475288391,,0.9989793701171875,-0.41319464111328125,0.5392021484375,,,,,,,,40630.0,2517.0,-123.0,508.0,-531625465.0,438.0,63.0,-1.0,-158.0,4.0,9956.0
1212,40643.0,43927.0,56917.0,49983.0,52689.0,40642.0,3.3677420616149902,,,,,,,,4.108403479956744,0.07103573302969014,,17.489728927612305,,1.0041438598632813,-0.4130623779296875,0.5391441040039062,,,,,,,,40640.0,2520.0,-122.0,508.0,-531626489.0,437.0,64.0,-1.0,-182.0,56.0,9813.0
1213,40653.0,42891.0,57034.0,50864.0,52459.0,40652.0,3.3677420616149902,,,,,,,,4.113367139937846,0.07119510889008397,,17.502617835998535,,1.0079207763671876,-0.41310003662109374,0.5390068969726562,,,,,,,,40650.0,2525.0,-123.0,508.0,-531626489.0,437.0,63.0,-1.0,-244.0,-80.0,9895.0
1214,40663.0,44105.0,56902.0,50045.0,52524.0,40662.0,3.3677420616149902,,,,,,,,4.118330295535358,0.07135201868244834,,17.515153408050537,,1.0133748779296874,-0.41323492431640624,0.5395606689453125,,,,,,,,40660.0,2533.0,-123.0,508.0,-530577913.0,445.0,63.0,0.0,-290.0,-4.0,9945.0
1215,40673.0,44132.0,56635.0,49910.0,52744.0,40672.0,3.3677420616149902,,,,,,,,4.12329295357021,0.07150647824671169,,17.527944326400757,,1.01683837890625,-0.41333135986328123,0.5396080932617188,,,,,,,,40670.0,2537.0,-121.0,509.0,-530578938.0,443.0,66.0,3.0,-164.0,177.0,9981.0
1216,40683.0,44106.0,56453.0,49970.0,52870.0,40682.0,3.3677420616149902,,,,,,,,4.128255120931525,0.0716585033142409,,17.54155445098877,,1.0221448974609375,-0.413287109375,0.5396692504882813,,,,,,,,40680.0,2539.0,-121.0,509.0,-530054650.0,439.0,67.0,4.0,-155.0,146.0,10028.0
1217,40693.0,43833.0,56670.0,49983.0,52307.0,40692.0,3.373020648956299,,,,,,,,4.128255120931525,0.0716585033142409,,19.548461437225342,,1.0258681640625,-0.41330307006835937,0.5396781005859375,,,,,,,,40690.0,2546.0,-121.0,509.0,-530054650.0,444.0,68.0,6.0,-247.0,-108.0,9905.0
1218,40703.0,44606.0,56414.0,49441.0,52571.0,40702.0,3.373020648956299,,,,,,,,,,,,,1.03105859375,-0.4132992858886719,0.5399202880859375,,,,,,,,40700.0,2551.0,-119.0,509.0,-530054650.0,444.0,71.0,6.0,-192.0,-33.0,9695.0
1219,40713.0,43528.0,56665.0,50268.0,52284.0,40712.0,3.373020648956299,,,,,,,,,,,,,1.03468115234375,-0.41328115844726565,0.5400599365234375,,,,,,,,40710.0,2553.0,-119.0,508.0,-530053626.0,440.0,72.0,2.0,-203.0,-4.0,9750.0
1220,40723.0,44441.0,56657.0,49714.0,52421.0,40722.0,3.373020648956299,,,,,,,,,,,,,1.0400804443359375,-0.4130379943847656,0.5400523681640625,,,,,,,,40720.0,2557.0,-118.0,508.0,-530053626.0,439.0,74.0,2.0,-198.0,53.0,9852.0
1221,40733.0,44664.0,56487.0,49489.0,52354.0,40732.0,3.3782992362976074,,,,,,,,,,,,,1.0438900146484376,-0.41302420043945315,0.5401593627929687,,,,,,,,40730.0,2558.0,-116.0,508.0,-530053626.0,433.0,78.0,2.0,-254.0,148.0,9844.0
1222,40743.0,44721.0,56755.0,49489.0,52200.0,40742.0,3.373020648956299,,,,,,,,,,,,,1.0491837158203126,-0.4128909912109375,0.5405819091796875,,,,,,,,40740.0,2570.0,-115.0,508.0,-530053626.0,446.0,80.0,3.0,-166.0,75.0,9976.0
1223,40753.0,45046.0,56892.0,49182.0,51907.0,40752.0,3.373020648956299,,,,,,,,,,,,,1.0526314697265624,-0.41289361572265626,0.5404540405273438,,,,,,,,40750.0,2571.0,-116.0,508.0,-530053627.0,440.0,80.0,4.0,-162.0,90.0,9907.0
1224,40763.0,44720.0,56817.0,49396.0,52038.0,40762.0,3.373020648956299,,,,,,,,,,,,,1.0580933837890625,-0.41271014404296874,0.5407210693359376,,,,,,,,40760.0,2573.0,-116.0,508.0,-530053627.0,435.0,79.0,5.0,-232.0,24.0,9710.0
1225,40773.0,43999.0,56988.0,49984.0,51823.0,40772.0,3.373020648956299,,,,,,,,,,,,,1.0618209228515625,-0.4125250244140625,0.5406482543945312,,,,,,,,40770.0,2579.0,-113.0,509.0,-531102203.0,438.0,84.0,4.0,-199.0,-133.0,9615.0
1226,40783.0,44489.0,56780.0,49642.0,52184.0,40782.0,3.373020648956299,,,,,,,,,,,,,1.06707568359375,-0.41239459228515624,0.5408896484375,,,,,,,,40780.0,2586.0,-114.0,509.0,-531102203.0,442.0,83.0,2.0,-298.0,-104.0,9782.0
1227,40793.0,43940.0,56742.0,50176.0,52196.0,40792.0,3.373020648956299,,,,,,,,,,,,,1.070676025390625,-0.41232666015625,0.5408887939453125,,,,,,,,40790.0,2590.0,-114.0,509.0,-531101179.0,442.0,82.0,2.0,-209.0,-64.0,9836.0
1228,40803.0,43060.0,56971.0,50696.0,51777.0,40802.0,3.373020648956299,,,,,,,,,,,,,1.07604248046875,-0.4121241455078125,0.5409671630859375,,,,,,,,40800.0,2591.0,-113.0,509.0,-532149755.0,434.0,84.0,4.0,-311.0,-104.0,10019.0
1229,40813.0,43584.0,56592.0,50130.0,52077.0,40812.0,3.3782992362976074,,,,,,,,,,,,,1.0795518798828125,-0.41165106201171875,0.5412848510742188,,,,,,,,40810.0,2597.0,-111.0,509.0,-532149755.0,438.0,87.0,6.0,-327.0,-43.0,10026.0
1230,40823.0,43392.0,56504.0,50347.0,52380.0,40822.0,3.373020648956299,,,,,,,,,,,,,1.0833319091796876,-0.41160064697265625,0.5410350952148437,,,,,,,,40820.0,2602.0,-111.0,509.0,-532149755.0,437.0,87.0,7.0,-268.0,-48.0,9983.0
1231,40833.0,42525.0,56328.0,50809.0,52389.0,40832.0,3.3782992362976074,,,,,,,,,,,,,1.08849951171875,-0.41152755737304686,0.5414404907226562,,,,,,,,40830.0,2607.0,-111.0,509.0,-532148731.0,439.0,87.0,9.0,-198.0,13.0,9999.0
1232,40843.0,42849.0,56073.0,50671.0,52586.0,40842.0,3.3782992362976074,,,,,,,,,,,,,1.0921661376953125,-0.41128509521484374,0.5415722045898438,,,,,,,,40840.0,2612.0,-110.0,509.0,-532148731.0,438.0,87.0,6.0,-341.0,-62.0,9728.0
1233,40853.0,43197.0,56335.0,50618.0,52384.0,40852.0,3.3782992362976074,,,,,,,,,,,,,1.0992264404296874,-0.4103536071777344,0.54130859375,,,,,,,,40850.0,2619.0,-109.0,509.0,-531100156.0,442.0,90.0,5.0,-348.0,-101.0,9758.0
1234,40863.0,44426.0,56169.0,49728.0,52621.0,40862.0,3.3782992362976074,,,,,,,,,,,,,1.103109619140625,-0.4103237609863281,0.5412351684570312,,,,,,,,40860.0,2623.0,-107.0,509.0,-531100156.0,441.0,92.0,3.0,-296.0,-75.0,9644.0
1235,40873.0,43180.0,56374.0,50755.0,52377.0,40872.0,3.3782992362976074,,,,,,,,,,,,,1.106391845703125,-0.4105171508789062,0.541786865234375,,,,,,,,40870.0,2624.0,-108.0,509.0,-531099132.0,435.0,90.0,2.0,-234.0,64.0,9706.0
1236,40883.0,45087.0,56347.0,49558.0,52487.0,40882.0,3.373020648956299,,,,,,,,,,,,,1.11177978515625,-0.4101634216308594,0.541987060546875,,,,,,,,40880.0,2631.0,-107.0,509.0,-531099132.0,438.0,92.0,1.0,-291.0,82.0,9962.0
1237,40893.0,43985.0,56051.0,50094.0,52685.0,40892.0,3.373020648956299,,,,,,,,,,,,,1.1155435791015624,-0.40980322265625,0.5417755126953125,,,,,,,,40890.0,2636.0,-105.0,510.0,-531099132.0,438.0,95.0,8.0,-313.0,-31.0,9982.0
1238,40903.0,43910.0,56466.0,50201.0,51986.0,40902.0,3.373020648956299,,,,,,,,,,,,,1.1209581298828124,-0.40934521484375,0.5420628051757812,,,,,,,,40900.0,2640.0,-103.0,510.0,-531099132.0,436.0,98.0,9.0,-480.0,-15.0,9725.0
1239,40913.0,44583.0,56515.0,49746.0,51871.0,40912.0,3.373020648956299,,,,,,,,,,,,,1.1243326416015624,-0.40927813720703127,0.5421243896484375,,,,,,,,40910.0,2643.0,-104.0,510.0,-532147708.0,432.0,97.0,8.0,-302.0,-45.0,9596.0
1240,40923.0,45244.0,56756.0,49185.0,51611.0,40922.0,3.373020648956299,,,,,,,,,,,,,1.1279771728515624,-0.4090088195800781,0.5421472778320312,,,,,,,,40920.0,2648.0,-101.0,510.0,-532147709.0,432.0,101.0,6.0,-259.0,26.0,9611.0
1241,40933.0,44570.0,56474.0,49654.0,52157.0,40932.0,3.373020648956299,,,,,,,,,,,,,1.133244140625,-0.4086196594238281,0.5422261962890625,,,,,,,,40930.0,2653.0,-101.0,510.0,-533196285.0,432.0,101.0,5.0,-227.0,-26.0,9576.0
1242,40943.0,44513.0,56825.0,49875.0,51577.0,40942.0,3.373020648956299,,,,,,,,,,,,,1.13867529296875,-0.407984375,0.542240478515625,,,,,,,,40940.0,2657.0,-102.0,510.0,-533196285.0,430.0,98.0,3.0,-464.0,-145.0,9697.0
1243,40953.0,44958.0,56908.0,49399.0,51576.0,40952.0,3.373020648956299,,,,,,,,,,,,,1.14380126953125,-0.4078803405761719,0.542309814453125,,,,,,,,40950.0,2659.0,-100.0,510.0,-534244861.0,426.0,100.0,3.0,-198.0,-64.0,9715.0
1244,40963.0,43254.0,56912.0,50706.0,51647.0,40962.0,3.373020648956299,,,,,,,,,,,,,1.147374755859375,-0.40757269287109377,0.5423223266601562,,,,,,,,40960.0,2661.0,-101.0,510.0,-535293437.0,420.0,97.0,2.0,-260.0,-177.0,9796.0
1245,40973.0,44203.0,56308.0,49885.0,52448.0,40972.0,3.373020648956299,,,,,,,,,,,,,1.1508388671875,-0.4073490600585937,0.5422532958984375,,,,,,,,40970.0,2671.0,-97.0,511.0,-535293437.0,431.0,103.0,4.0,-245.0,-146.0,9922.0
1246,40983.0,44587.0,56639.0,49578.0,51935.0,40982.0,3.373020648956299,,,,,,,,,,,,,1.1563004150390626,-0.4067218017578125,0.5422861938476562,,,,,,,,40980.0,2674.0,-97.0,511.0,-535293437.0,426.0,101.0,4.0,-499.0,-289.0,9719.0
1247,40993.0,43910.0,56441.0,50172.0,52241.0,40992.0,3.373020648956299,,,,,,,,,,,,,1.159644775390625,-0.406639404296875,0.5422409057617188,,,,,,,,40990.0,2677.0,-96.0,511.0,-535293437.0,424.0,101.0,3.0,-349.0,-259.0,9744.0
1248,41003.0,42581.0,56499.0,51260.0,52087.0,41002.0,3.373020648956299,,,,,,,,,,,,,1.163216064453125,-0.4063659973144531,0.5422723388671875,,,,,,,,41000.0,2679.0,-95.0,511.0,-535292413.0,418.0,102.0,3.0,-272.0,-201.0,9834.0
1249,41013.0,43821.0,56377.0,50397.0,52206.0,41012.0,3.373020648956299,,,,,,,,,,,,,1.1684298095703125,-0.40589083862304687,0.542231201171875,,,,,,,,41010.0,2687.0,-92.0,511.0,-535292413.0,423.0,105.0,2.0,-341.0,-85.0,9517.0
1250,41023.0,43991.0,56091.0,50310.0,52494.0,41022.0,3.373020648956299,,,,,,,,,,,,,1.173544677734375,-0.40506729125976565,0.5418921508789063,,,,,,,,41020.0,2692.0,-90.0,512.0,-535292414.0,423.0,108.0,3.0,-281.0,-91.0,9480.0
1251,41033.0,43514.0,55952.0,50575.0,52452.0,41032.0,3.3782992362976074,,,,,,,,,,,,,1.17701708984375,-0.40482693481445314,0.5418663330078125,,,,,,,,41030.0,2694.0,-89.0,512.0,-535292414.0,419.0,106.0,0.0,-306.0,-116.0,9455.0
1252,41043.0,43143.0,56326.0,51189.0,52261.0,41042.0,3.373020648956299,,,,,,,,,,,,,1.18055224609375,-0.40493316650390626,0.5419046020507813,,,,,,,,41040.0,2697.0,-89.0,512.0,-535292414.0,415.0,105.0,-2.0,-290.0,-171.0,9591.0
1253,41053.0,44218.0,56612.0,50419.0,51551.0,41052.0,3.3782992362976074,,,,,,,,,,,,,1.185909423828125,-0.4043453369140625,0.5421295776367188,,,,,,,,41050.0,2701.0,-88.0,512.0,-535292414.0,413.0,106.0,-4.0,-389.0,-232.0,9789.0
1254,41063.0,44455.0,56586.0,50442.0,51915.0,41062.0,3.373020648956299,,,,,,,,,,,,,1.1910018310546875,-0.4036589660644531,0.5416619873046875,,,,,,,,41060.0,2709.0,-87.0,511.0,-535292414.0,419.0,106.0,-6.0,-385.0,-120.0,9803.0
1255,41073.0,45073.0,56418.0,49893.0,52208.0,41072.0,3.373020648956299,,,,,,,,,,,,,1.194564453125,-0.403357421875,0.5416304321289063,,,,,,,,41070.0,2712.0,-88.0,511.0,-535292414.0,415.0,103.0,-6.0,-443.0,-162.0,9999.0
1256,41083.0,44912.0,56509.0,49953.0,52061.0,41082.0,3.373020648956299,,,,,,,,,,,,,1.1996732177734375,-0.40327752685546875,0.5417411499023438,,,,,,,,41080.0,2715.0,-86.0,511.0,-536340991.0,412.0,105.0,-4.0,-285.0,-27.0,10088.0
1257,41093.0,44892.0,56597.0,49923.0,51970.0,41092.0,3.373020648956299,,,,,,,,,,,,,1.2031033935546875,-0.40293994140625,0.5417211303710937,,,,,,,,41090.0,2720.0,-84.0,511.0,-536340991.0,413.0,106.0,-3.0,-301.0,-55.0,9679.0
1258,41103.0,45621.0,56493.0,49502.0,52205.0,41102.0,3.3677420616149902,,,,,,,,,,,,,1.208122802734375,-0.40240325927734377,0.5412138061523437,,,,,,,,41100.0,2727.0,-85.0,511.0,-1073212927.0,416.0,103.0,-3.0,-455.0,-204.0,9560.0
1259,41113.0,45173.0,56323.0,49812.0,52329.0,41112.0,3.373020648956299,,,,,,,,,,,,,1.2117679443359375,-0.40209542846679686,0.5413549194335937,,,,,,,,41110.0,2731.0,-83.0,511.0,-1072164351.0,415.0,104.0,-6.0,-253.0,-173.0,9580.0
1260,41123.0,45279.0,56354.0,49789.0,52652.0,41122.0,3.3677420616149902,,,,,,,,,,,,,1.2166864013671874,-0.4019774169921875,0.5411829223632812,,,,,,,,41120.0,2734.0,-83.0,511.0,-1072164351.0,412.0,103.0,-7.0,-267.0,-214.0,9774.0
1261,41133.0,43905.0,56415.0,50810.0,52634.0,41132.0,3.3677420616149902,,,,,,,,,,,,,1.2201763916015624,-0.40158792114257813,0.541126708984375,,,,,,,,41130.0,2736.0,-82.0,511.0,-1071115775.0,407.0,102.0,-7.0,-280.0,-278.0,9759.0
1262,41143.0,44024.0,56698.0,50721.0,52216.0,41142.0,3.3677420616149902,,,,,,,,,,,,,1.2252550048828126,-0.40106195068359374,0.5409268188476563,,,,,,,,41140.0,2739.0,-81.0,510.0,-1071116799.0,404.0,101.0,-12.0,-468.0,-398.0,9687.0
1263,41153.0,44923.0,56718.0,50244.0,52401.0,41152.0,3.3677420616149902,,,,,,,,,,,,,1.2289569091796875,-0.4006932373046875,0.5408845825195312,,,,,,,,41150.0,2746.0,-81.0,510.0,-1071116799.0,409.0,99.0,-13.0,-359.0,-247.0,9864.0
1264,41163.0,44012.0,56452.0,50920.0,52869.0,41162.0,3.3677420616149902,,,,,,,,,,,,,1.2321507568359376,-0.40058700561523436,0.54081884765625,,,,,,,,41160.0,2750.0,-80.0,510.0,-1071116799.0,406.0,98.0,-12.0,-263.0,-119.0,9825.0
1265,41173.0,44635.0,56508.0,50682.0,52877.0,41172.0,3.3624634742736816,,,,,,,,,,,,,1.2371741943359376,-0.40030322265625,0.5404189453125,,,,,,,,41170.0,2753.0,-80.0,510.0,-1070068223.0,405.0,96.0,-12.0,-254.0,-248.0,9909.0
1266,41183.0,43606.0,56492.0,51313.0,53021.0,41182.0,3.3624634742736816,,,,,,,,,,,,,1.2423251953125,-0.39984869384765626,0.5404547729492187,,,,,,,,41180.0,2755.0,-80.0,509.0,-1070068223.0,401.0,94.0,-11.0,-265.0,-163.0,9825.0
1267,41193.0,44253.0,56328.0,50720.0,52975.0,41192.0,3.3677420616149902,,,,,,,,,,,,,1.24579931640625,-0.39903936767578124,0.5401779174804687,,,,,,,,41190.0,2765.0,-77.0,509.0,-1071117823.0,411.0,96.0,-11.0,-264.0,-243.0,9857.0
1268,41203.0,44206.0,56323.0,50807.0,52941.0,41202.0,3.3677420616149902,,,,,,,,,,,,,1.2492559814453126,-0.3987091064453125,0.5399454345703125,,,,,,,,41200.0,2768.0,-76.0,509.0,-1071117823.0,408.0,97.0,-10.0,-268.0,-236.0,10054.0
1269,41213.0,44566.0,56373.0,50464.0,53099.0,41212.0,3.3624634742736816,,,,,,,,,,,,,1.254279052734375,-0.3989835205078125,0.5401234130859375,,,,,,,,41210.0,2772.0,-75.0,509.0,-1071117823.0,408.0,95.0,-7.0,-287.0,-233.0,9990.0
1270,41223.0,45052.0,56479.0,50083.0,52943.0,41222.0,3.3624634742736816,,,,,,,,,,,,,1.2577802734375,-0.39862896728515623,0.5399891357421875,,,,,,,,41220.0,2774.0,-75.0,509.0,-1071117823.0,404.0,93.0,-5.0,-253.0,-193.0,9970.0
1271,41233.0,45172.0,56654.0,50070.0,52773.0,41232.0,3.3624634742736816,,,,,,,,,,,,,1.2627435302734376,-0.39777398681640624,0.5397477416992188,,,,,,,,41230.0,2776.0,-75.0,508.0,-1071118847.0,399.0,91.0,-8.0,-295.0,-251.0,9863.0
1272,41243.0,45595.0,56514.0,49753.0,52926.0,41242.0,3.3624634742736816,,,,,,,,,,,,,1.266118408203125,-0.39768057250976563,0.5394260864257813,,,,,,,,41240.0,2786.0,-73.0,508.0,-1071118847.0,410.0,93.0,-8.0,-199.0,-213.0,9925.0
1273,41253.0,44190.0,56340.0,50795.0,53238.0,41252.0,3.3624634742736816,,,,,,,,,,,,,1.2711927490234376,-0.397738037109375,0.5395725708007812,,,,,,,,41250.0,2789.0,-73.0,508.0,-1071118847.0,408.0,91.0,-7.0,-255.0,-216.0,9899.0
1274,41263.0,44829.0,56847.0,50087.0,52663.0,41262.0,3.3624634742736816,,,,,,,,,,,,,1.2746136474609375,-0.3975568542480469,0.5395093383789062,,,,,,,,41260.0,2792.0,-71.0,508.0,-1071118847.0,405.0,91.0,-6.0,-169.0,-112.0,9919.0
1275,41273.0,44486.0,56958.0,50355.0,52480.0,41272.0,3.3624634742736816,,,,,,,,,,,,,1.2798104248046875,-0.39689169311523437,0.5392923583984375,,,,,,,,41270.0,2795.0,-71.0,509.0,-1071118847.0,402.0,89.0,-2.0,-285.0,-204.0,10022.0
1276,41283.0,44052.0,57045.0,50527.0,52157.0,41282.0,3.3624634742736816,,,,,,,,,,,,,1.284873779296875,-0.3964220886230469,0.5389351806640625,,,,,,,,41280.0,2800.0,-70.0,509.0,-1071118847.0,404.0,89.0,0.0,-245.0,-281.0,10018.0
1277,41293.0,44938.0,56914.0,49788.0,52290.0,41292.0,3.3624634742736816,,,,,,,,,,,,,1.28821142578125,-0.39660150146484374,0.5393233642578125,,,,,,,,41290.0,2809.0,-67.0,509.0,-1071118847.0,413.0,93.0,0.0,-227.0,-280.0,9854.0
1278,41303.0,44373.0,56638.0,50148.0,52378.0,41302.0,3.3677420616149902,,,,,,,,,,,,,1.2931800537109375,-0.39635055541992187,0.5390718383789063,,,,,,,,41300.0,2811.0,-67.0,509.0,-1071118847.0,409.0,90.0,1.0,-216.0,-145.0,9733.0
1279,41313.0,43426.0,56726.0,50871.0,52230.0,41312.0,3.3677420616149902,,,,,,,,,,,,,1.2965858154296874,-0.39579315185546876,0.538995849609375,,,,,,,,41310.0,2813.0,-66.0,509.0,-1071118847.0,406.0,89.0,0.0,-268.0,-175.0,9718.0
1280,41323.0,45213.0,56949.0,49870.0,52266.0,41322.0,3.3677420616149902,,,,,,,,,,,,,1.301542236328125,-0.39523504638671875,0.5385486450195313,,,,,,,,41320.0,2818.0,-65.0,507.0,-1071118847.0,406.0,89.0,-8.0,-283.0,-270.0,9819.0
1281,41333.0,44530.0,56930.0,50383.0,52020.0,41332.0,3.373020648956299,,,,,,,,,,,,,1.3050467529296874,-0.3955293273925781,0.5388535766601562,,,,,,,,41330.0,2825.0,-64.0,507.0,-1070069247.0,411.0,89.0,-8.0,-288.0,-229.0,9872.0
1282,41343.0,44089.0,57013.0,50884.0,52077.0,41342.0,3.3677420616149902,,,,,,,,,,,,,1.3085667724609376,-0.3952675476074219,0.53891259765625,,,,,,,,41340.0,2827.0,-64.0,507.0,-1070069247.0,407.0,86.0,-7.0,-383.0,-289.0,9871.0
1283,41353.0,44569.0,56467.0,50460.0,52882.0,41352.0,3.3677420616149902,,,,,,,,,,,,,1.313646240234375,-0.3949112548828125,0.53886669921875,,,,,,,,41350.0,2829.0,-65.0,507.0,-1070069247.0,403.0,83.0,-6.0,-179.0,-244.0,9911.0
1284,41363.0,44821.0,56468.0,50680.0,53148.0,41362.0,3.3677420616149902,,,,,,,,,,,,,1.3167423095703126,-0.39418218994140625,0.538434326171875,,,,,,,,41360.0,2833.0,-62.0,505.0,-1070069247.0,402.0,85.0,-14.0,-234.0,-184.0,9842.0
1285,41373.0,44137.0,56418.0,51158.0,53242.0,41372.0,3.3677420616149902,,,,,,,,,,,,,1.3220341796875,-0.3944938049316406,0.5386832275390625,,,,,,,,41370.0,2838.0,-61.0,505.0,-1070069247.0,403.0,85.0,-14.0,-218.0,-172.0,9858.0
1286,41383.0,45625.0,56584.0,50085.0,52925.0,41382.0,3.3677420616149902,,,,,,,,,,,,,1.325495361328125,-0.39426193237304685,0.5387747192382812,,,,,,,,41380.0,2844.0,-60.0,505.0,-1070069247.0,406.0,85.0,-13.0,-342.0,-300.0,9852.0
1287,41393.0,45319.0,56915.0,50496.0,52608.0,41392.0,3.3624634742736816,,,,,,,,,,,,,1.3305755615234376,-0.39401449584960935,0.5386477661132812,,,,,,,,41390.0,2846.0,-59.0,505.0,-1070069247.0,401.0,83.0,-12.0,-287.0,-225.0,9954.0
1288,41403.0,44553.0,56448.0,51022.0,53322.0,41402.0,3.3624634742736816,,,,,,,,,,,,,1.33577685546875,-0.3933271484375,0.5385971069335938,,,,,,,,41400.0,2850.0,-58.0,506.0,-1070069247.0,401.0,83.0,-3.0,-232.0,-224.0,10019.0
1289,41413.0,44877.0,56305.0,50523.0,53142.0,41412.0,3.3624634742736816,,,,,,,,,,,,,1.33905419921875,-0.3935322265625,0.5385860595703125,,,,,,,,41410.0,2856.0,-58.0,506.0,-1070069247.0,405.0,82.0,-2.0,-242.0,-254.0,9888.0
1290,41423.0,44232.0,56418.0,51038.0,52890.0,41422.0,3.3624634742736816,,,,,,,,,,,,,1.344230712890625,-0.39316015625,0.5385391235351562,,,,,,,,41420.0,2863.0,-56.0,506.0,-1071118847.0,408.0,82.0,-1.0,-271.0,-227.0,9818.0
1291,41433.0,44679.0,56605.0,50661.0,52639.0,41432.0,3.3624634742736816,,,,,,,,,,,,,1.3473671875,-0.39311105346679687,0.5383175659179688,,,,,,,,41430.0,2864.0,-55.0,506.0,-1071117823.0,403.0,83.0,-2.0,-264.0,-194.0,9856.0
1292,41443.0,44808.0,56511.0,50620.0,52730.0,41442.0,3.3624634742736816,,,,,,,,,,,,,1.350613037109375,-0.3926845703125,0.5382257690429687,,,,,,,,41440.0,2869.0,-54.0,505.0,-1071118847.0,404.0,81.0,-3.0,-146.0,4.0,10052.0
1293,41453.0,45138.0,56626.0,50300.0,52748.0,41452.0,3.3624634742736816,,,,,,,,,,,,,1.3576051025390625,-0.392469970703125,0.5385855102539062,,,,,,,,41450.0,2873.0,-54.0,505.0,-1071118847.0,404.0,80.0,-1.0,-154.0,-83.0,9873.0
1294,41463.0,44900.0,56678.0,50509.0,52564.0,41462.0,3.3624634742736816,,,,,,,,,,,,,1.359371337890625,-0.39235989379882813,0.5384689331054687,,,,,,,,41460.0,2876.0,-53.0,505.0,-1071118847.0,401.0,80.0,0.0,-197.0,-188.0,9889.0
1295,41473.0,44869.0,56840.0,50506.0,52316.0,41472.0,3.3624634742736816,,,,,,,,,,,,,1.36440234375,-0.3921433715820313,0.5383593139648437,,,,,,,,41470.0,2882.0,-53.0,505.0,-1071118847.0,404.0,77.0,0.0,-212.0,-306.0,9799.0
1296,41483.0,44985.0,56793.0,50342.0,52419.0,41482.0,3.3624634742736816,,,,,,,,,,,,,1.3693494873046874,-0.39136712646484373,0.5381034545898438,,,,,,,,41480.0,2884.0,-52.0,505.0,-1071118847.0,401.0,77.0,0.0,-155.0,-123.0,9814.0
1297,41493.0,45149.0,56746.0,50117.0,52519.0,41492.0,3.3624634742736816,,,,,,,,,,,,,1.3729566650390626,-0.39124932861328127,0.5382944946289062,,,,,,,,41490.0,2888.0,-51.0,505.0,-1071118848.0,401.0,77.0,0.0,-187.0,-129.0,9827.0
1298,41503.0,44024.0,56705.0,50975.0,52610.0,41502.0,3.3624634742736816,,,,,,,,,,,,,1.376190185546875,-0.39158544921875,0.538282958984375,,,,,,,,41500.0,2894.0,-52.0,505.0,-1071118848.0,404.0,74.0,0.0,-213.0,-213.0,9809.0
1299,41513.0,45207.0,56511.0,50070.0,52861.0,41512.0,3.3624634742736816,,,,,,,,,,,,,1.38119287109375,-0.3913544921875,0.5382705078125,,,,,,,,41510.0,2900.0,-50.0,505.0,-1070070271.0,407.0,75.0,0.0,-331.0,-138.0,9800.0
1300,41523.0,44981.0,56761.0,50276.0,52459.0,41522.0,3.3624634742736816,,,,,,,,,,,,,1.3861466064453125,-0.3908368530273437,0.5382986450195313,,,,,,,,41520.0,2902.0,-50.0,505.0,-1070070272.0,402.0,73.0,0.0,-160.0,-150.0,9684.0
1301,41533.0,44238.0,56473.0,50760.0,52958.0,41532.0,3.3624634742736816,,,,,,,,,,,,,1.389801025390625,-0.3906238098144531,0.53839892578125,,,,,,,,41530.0,2908.0,-51.0,505.0,-1070070272.0,405.0,70.0,0.0,-227.0,-267.0,9696.0
1302,41543.0,44502.0,56261.0,50600.0,53225.0,41542.0,3.3624634742736816,,,,,,,,,,,,,1.3931021728515625,-0.3906922912597656,0.5384634399414062,,,,,,,,41540.0,2913.0,-48.0,505.0,-1070070272.0,406.0,73.0,0.0,-261.0,-197.0,9806.0
1303,41553.0,44600.0,56468.0,50627.0,52905.0,41552.0,3.3624634742736816,,,,,,,,,,,,,1.3980711669921875,-0.3904815979003906,0.5385642700195312,,,,,,,,41550.0,2916.0,-48.0,505.0,-1071118847.0,405.0,72.0,0.0,-222.0,-141.0,9823.0
1304,41563.0,45110.0,56679.0,50174.0,52623.0,41562.0,3.3624634742736816,,,,,,,,,,,,,1.4014730224609375,-0.3903139343261719,0.5384627685546876,,,,,,,,41560.0,2919.0,-47.0,505.0,-1071118848.0,402.0,70.0,0.0,-279.0,-185.0,9734.0
1305,41573.0,44321.0,56436.0,50730.0,53031.0,41572.0,3.3624634742736816,,,,,,,,,,,,,1.4066298828125,-0.38977301025390626,0.5385507202148437,,,,,,,,41570.0,2925.0,-46.0,505.0,-1071118848.0,406.0,71.0,-2.0,-294.0,-269.0,9718.0
1306,41583.0,44501.0,56217.0,50650.0,53453.0,41582.0,3.3624634742736816,,,,,,,,,,,,,1.4114951171875,-0.38988409423828124,0.5385548706054688,,,,,,,,41580.0,2931.0,-46.0,505.0,-1071118847.0,409.0,69.0,-3.0,-178.0,-165.0,9726.0
1307,41593.0,44364.0,56424.0,50780.0,53200.0,41592.0,3.3624634742736816,,,,,,,,,,,,,1.4150316162109375,-0.3895921630859375,0.5387626953125,,,,,,,,41590.0,2934.0,-44.0,505.0,-1071118847.0,406.0,70.0,-4.0,-70.0,-154.0,9685.0
1308,41603.0,44020.0,56858.0,51021.0,52679.0,41602.0,3.3624634742736816,,,,,,,,,,,,,1.41830322265625,-0.3894864807128906,0.5387433471679688,,,,,,,,41600.0,2937.0,-43.0,505.0,-1071118847.0,405.0,72.0,-5.0,-178.0,-227.0,9779.0
1309,41613.0,44401.0,56809.0,50802.0,52762.0,41612.0,3.3624634742736816,,,,,,,,,,,,,1.42333447265625,-0.3886676025390625,0.5386885375976562,,,,,,,,41610.0,2941.0,-42.0,505.0,-1072166399.0,403.0,71.0,-6.0,-313.0,-213.0,9878.0
1310,41623.0,43410.0,56934.0,51508.0,52547.0,41622.0,3.3624634742736816,,,,,,,,,,,,,1.42853564453125,-0.38898687744140625,0.5389255981445312,,,,,,,,41620.0,2949.0,-42.0,505.0,-1072166399.0,410.0,69.0,-4.0,-340.0,-316.0,9802.0
1311,41633.0,42730.0,56746.0,51909.0,52875.0,41632.0,3.3624634742736816,,,,,,,,,,,,,1.4315633544921875,-0.3889397277832031,0.5387418823242187,,,,,,,,41630.0,2950.0,-41.0,505.0,-1072166399.0,404.0,70.0,-4.0,-255.0,-146.0,9817.0
1312,41643.0,44223.0,56628.0,50889.0,52974.0,41642.0,3.3624634742736816,,,,,,,,,,,,,1.436708251953125,-0.3885498962402344,0.53886279296875,,,,,,,,41640.0,2954.0,-40.0,505.0,-1072166399.0,404.0,69.0,-4.0,-229.0,-163.0,9829.0
1313,41653.0,44666.0,56846.0,50681.0,52539.0,41652.0,3.3624634742736816,,,,,,,,,,,,,1.4398465576171875,-0.3877041625976563,0.5385702514648437,,,,,,,,41650.0,2962.0,-40.0,505.0,-1072165375.0,410.0,68.0,-4.0,-334.0,-230.0,9922.0
1314,41663.0,44219.0,56835.0,51289.0,53006.0,41662.0,3.3624634742736816,,,,,,,,,,,,,1.4434447021484376,-0.3876405944824219,0.538955322265625,,,,,,,,41660.0,2964.0,-39.0,503.0,-1072165375.0,406.0,69.0,-11.0,-221.0,-124.0,10066.0
1315,41673.0,44434.0,56839.0,51142.0,52940.0,41672.0,3.3624634742736816,,,,,,,,,,,,,1.4485455322265626,-0.38793771362304685,0.5393056640625,,,,,,,,41670.0,2969.0,-39.0,503.0,-1072165375.0,406.0,67.0,-9.0,-397.0,-251.0,9941.0
1316,41683.0,43631.0,56903.0,51661.0,52820.0,41682.0,3.3624634742736816,,,,,,,,,,,,,1.4518209228515624,-0.38778515625,0.5393333740234375,,,,,,,,41680.0,2971.0,-37.0,503.0,-1072164351.0,401.0,69.0,-8.0,-386.0,-242.0,10077.0
1317,41693.0,44104.0,56988.0,51425.0,52868.0,41692.0,3.357184886932373,,,,,,,,,,,,,1.4568192138671876,-0.387240478515625,0.53955029296875,,,,,,,,41690.0,2975.0,-37.0,503.0,-1072164351.0,400.0,68.0,-5.0,-348.0,-243.0,9966.0
1318,41703.0,44585.0,56660.0,50819.0,53098.0,41702.0,3.3624634742736816,,,,,,,,,,,,,1.4616827392578124,-0.38684332275390626,0.5394443359375,,,,,,,,41700.0,2986.0,-36.0,504.0,-1073212927.0,413.0,68.0,1.0,-316.0,-218.0,10080.0
1319,41713.0,44282.0,56435.0,50830.0,53102.0,41712.0,3.3624634742736816,,,,,,,,,,,,,1.4652696533203124,-0.38696749877929687,0.5399111938476563,,,,,,,,41710.0,2989.0,-35.0,504.0,-1073212927.0,409.0,69.0,4.0,-415.0,-165.0,9862.0
1320,41723.0,45047.0,56302.0,50170.0,53163.0,41722.0,3.3624634742736816,,,,,,,,,,,,,1.468466064453125,-0.38681402587890623,0.539928955078125,,,,,,,,41720.0,2991.0,-35.0,504.0,-1073212927.0,405.0,68.0,5.0,-395.0,-93.0,9797.0
1321,41733.0,44749.0,56321.0,50394.0,53106.0,41732.0,3.3624634742736816,,,,,,,,,,,,,1.4733909912109375,-0.3863088684082031,0.5400823974609374,,,,,,,,41730.0,2994.0,-35.0,504.0,-1073212927.0,402.0,67.0,4.0,-323.0,-212.0,9744.0
1322,41743.0,45693.0,56289.0,49688.0,53090.0,41742.0,3.3624634742736816,,,,,,,,,,,,,1.4783275146484376,-0.38572225952148437,0.5401881713867187,,,,,,,,41740.0,3004.0,-32.0,504.0,-1073213951.0,412.0,70.0,3.0,-330.0,-169.0,9738.0
1323,41753.0,44947.0,55724.0,50205.0,53856.0,41752.0,3.3624634742736816,,,,,,,,,,,,,1.4815699462890626,-0.38607415771484377,0.5403820190429688,,,,,,,,41750.0,3007.0,-33.0,504.0,-1073213951.0,409.0,68.0,4.0,-410.0,-272.0,9727.0
1324,41763.0,44750.0,56271.0,50251.0,53304.0,41762.0,3.3624634742736816,,,,,,,,,,,,,1.4849959716796874,-0.38576254272460936,0.54062939453125,,,,,,,,41760.0,3012.0,-32.0,504.0,-1073213951.0,408.0,67.0,3.0,-298.0,-83.0,9851.0
1325,41773.0,45244.0,56228.0,49862.0,53359.0,41772.0,3.3624634742736816,,,,,,,,,,,,,1.4899305419921876,-0.38539910888671874,0.5409691772460937,,,,,,,,41770.0,3012.0,-31.0,504.0,-1073213951.0,401.0,68.0,4.0,-249.0,-26.0,9918.0
1326,41783.0,43983.0,56377.0,50900.0,53098.0,41782.0,3.3624634742736816,,,,,,,,,,,,,1.492984375,-0.3846427917480469,0.5407870483398437,,,,,,,,41780.0,3018.0,-30.0,504.0,-1073214975.0,403.0,68.0,5.0,-237.0,-166.0,9898.0
1327,41793.0,44557.0,56656.0,50348.0,52537.0,41792.0,3.3677420616149902,,,,,,,,,,,,,1.4980732421875,-0.3849371032714844,0.5412347412109375,,,,,,,,41790.0,3025.0,-28.0,504.0,-1073214975.0,409.0,71.0,5.0,-345.0,-143.0,9855.0
1328,41803.0,44594.0,56297.0,50319.0,52969.0,41802.0,3.3677420616149902,,,,,,,,,,,,,1.5013116455078126,-0.38463253784179685,0.5414448852539062,,,,,,,,41800.0,3029.0,-28.0,504.0,-1073214975.0,407.0,69.0,6.0,-317.0,-162.0,9994.0
1329,41813.0,44290.0,56548.0,50466.0,52638.0,41812.0,3.3677420616149902,,,,,,,,,,,,,1.506372802734375,-0.38416232299804687,0.5418493041992187,,,,,,,,41810.0,3031.0,-27.0,504.0,-1072166399.0,404.0,70.0,8.0,-153.0,-30.0,10041.0
1330,41823.0,43358.0,56615.0,51059.0,52525.0,41822.0,3.3677420616149902,,,,,,,,,,,,,1.50933056640625,-0.3834443664550781,0.5417156982421875,,,,,,,,41820.0,3033.0,-27.0,504.0,-1072166399.0,400.0,69.0,10.0,-295.0,-130.0,9948.0
1331,41833.0,43611.0,56668.0,50902.0,52282.0,41832.0,3.3677420616149902,,,,,,,,,,,,,1.514447021484375,-0.3836540832519531,0.542256591796875,,,,,,,,41830.0,3040.0,-23.0,504.0,-1073213951.0,404.0,74.0,9.0,-247.0,-104.0,9802.0
1332,41843.0,43283.0,56455.0,51190.0,52324.0,41842.0,3.373020648956299,,,,,,,,,,,,,1.5178204345703126,-0.3833284301757813,0.5425391235351562,,,,,,,,41840.0,3044.0,-23.0,504.0,-1072165375.0,404.0,72.0,8.0,-247.0,-38.0,9719.0
1333,41853.0,43507.0,56688.0,51025.0,51997.0,41852.0,3.373020648956299,,,,,,,,,,,,,1.5226043701171874,-0.3829684753417969,0.5426727905273437,,,,,,,,41850.0,3046.0,-23.0,504.0,-1072164351.0,399.0,71.0,8.0,-313.0,-134.0,9824.0
1334,41863.0,43450.0,56564.0,50957.0,52293.0,41862.0,3.373020648956299,,,,,,,,,,,,,1.5257156982421876,-0.382425048828125,0.5427157592773437,,,,,,,,41860.0,3047.0,-21.0,504.0,-1072164351.0,392.0,73.0,8.0,-329.0,-156.0,9842.0
1335,41873.0,43360.0,56656.0,51082.0,52109.0,41872.0,3.373020648956299,,,,,,,,,,,,,1.530765380859375,-0.3819588623046875,0.543260009765625,,,,,,,,41870.0,3052.0,-21.0,504.0,-1072163327.0,393.0,72.0,8.0,-383.0,-131.0,9773.0
1336,41883.0,43467.0,56740.0,50885.0,51707.0,41882.0,3.373020648956299,,,,,,,,,,,,,1.5339237060546875,-0.3820068359375,0.5432979736328125,,,,,,,,41880.0,3059.0,-19.0,505.0,-1072163327.0,396.0,74.0,12.0,-270.0,-132.0,9677.0
1337,41893.0,43566.0,56463.0,50753.0,52207.0,41892.0,3.373020648956299,,,,,,,,,,,,,1.5387120361328126,-0.3816753234863281,0.5434622192382812,,,,,,,,41890.0,3063.0,-18.0,505.0,-1072162303.0,396.0,74.0,10.0,-285.0,-98.0,9612.0
1338,41903.0,44888.0,56512.0,49646.0,52284.0,41902.0,3.373020648956299,,,,,,,,,,,,,1.5419949951171874,-0.38092660522460936,0.543855224609375,,,,,,,,41900.0,3064.0,-17.0,506.0,-1072162303.0,389.0,74.0,7.0,-225.0,-58.0,9598.0
1339,41913.0,45107.0,56741.0,49577.0,52299.0,41912.0,3.3677420616149902,,,,,,,,,,,,,1.54686474609375,-0.3805765380859375,0.5440784912109375,,,,,,,,41910.0,3069.0,-18.0,506.0,-1071113727.0,390.0,71.0,5.0,-343.0,-176.0,9514.0
1340,41923.0,44190.0,56688.0,49931.0,52211.0,41922.0,3.3677420616149902,,,,,,,,,,,,,1.5516312255859375,-0.3805018615722656,0.5440216064453125,,,,,,,,41920.0,3073.0,-17.0,507.0,-1071113727.0,389.0,72.0,10.0,-398.0,-241.0,9895.0
1341,41933.0,45730.0,56962.0,48746.0,51828.0,41932.0,3.3677420616149902,,,,,,,,,,,,,1.5547606201171875,-0.3802256774902344,0.544235595703125,,,,,,,,41930.0,3079.0,-15.0,507.0,-1070066175.0,390.0,73.0,11.0,-367.0,-386.0,9708.0
1342,41943.0,45300.0,56944.0,49123.0,52166.0,41942.0,3.3624634742736816,,,,,,,,,,,,,1.557998291015625,-0.3799675598144531,0.5444476318359375,,,,,,,,41940.0,3081.0,-16.0,507.0,-1070066175.0,385.0,69.0,10.0,-314.0,-303.0,9728.0
1343,41953.0,46422.0,57100.0,48125.0,51949.0,41952.0,3.3624634742736816,,,,,,,,,,,,,1.562889404296875,-0.3791394348144531,0.5445364379882812,,,,,,,,41950.0,3084.0,-15.0,507.0,-1069017599.0,383.0,69.0,9.0,-312.0,-366.0,9733.0
1344,41963.0,45098.0,56656.0,49209.0,52742.0,41962.0,3.3624634742736816,,,,,,,,,,,,,1.5660321044921874,-0.3791697998046875,0.54477001953125,,,,,,,,41960.0,3088.0,-15.0,508.0,-1067970047.0,382.0,66.0,7.0,-282.0,-248.0,9561.0
1345,41973.0,45517.0,56699.0,48826.0,52768.0,41972.0,3.3624634742736816,,,,,,,,,,,,,1.570846923828125,-0.3788018798828125,0.54493701171875,,,,,,,,41970.0,3096.0,-13.0,508.0,-1066922495.0,389.0,68.0,5.0,-158.0,-218.0,9534.0
1346,41983.0,45844.0,56427.0,48607.0,53221.0,41982.0,3.3624634742736816,,,,,,,,,,,,,1.5738104248046876,-0.37865020751953127,0.54485888671875,,,,,,,,41980.0,3099.0,-14.0,508.0,-1066923518.0,386.0,64.0,2.0,-139.0,-183.0,9597.0
1347,41993.0,45914.0,56822.0,48610.0,52736.0,41992.0,3.3624634742736816,,,,,,,,,,,,,1.578671142578125,-0.3778869323730469,0.545057861328125,,,,,,,,41990.0,3104.0,-11.0,508.0,-1065874942.0,387.0,66.0,0.0,-293.0,-427.0,9628.0
1348,42003.0,45082.0,56847.0,49325.0,52828.0,42002.0,3.3624634742736816,,,,,,,,,,,,,1.5819327392578124,-0.37793630981445314,0.5452581176757813,,,,,,,,42000.0,3106.0,-12.0,508.0,-1065875966.0,384.0,62.0,0.0,-234.0,-456.0,9671.0
1349,42013.0,44660.0,56611.0,49699.0,53139.0,42012.0,3.3624634742736816,,,,,,,,,,,,,1.5866041259765624,-0.37763516235351563,0.54533544921875,,,,,,,,42010.0,3108.0,-12.0,508.0,-1065875966.0,381.0,58.0,-1.0,-189.0,-419.0,9726.0
1350,42023.0,43993.0,56896.0,50247.0,52799.0,42022.0,3.3624634742736816,,,,,,,,,,,,,1.5897271728515625,-0.3774693603515625,0.5453588256835937,,,,,,,,42020.0,3116.0,-10.0,508.0,-1065876990.0,387.0,59.0,-1.0,-149.0,-387.0,9805.0
1351,42033.0,44372.0,56747.0,49976.0,53025.0,42032.0,3.3624634742736816,,,,,,,,,,,,,1.594236083984375,-0.37657583618164064,0.5455274658203125,,,,,,,,42030.0,3121.0,-10.0,508.0,-1066401278.0,389.0,57.0,-1.0,-207.0,-439.0,9922.0
1352,42043.0,43303.0,56817.0,50664.0,53024.0,42042.0,3.3624634742736816,,,,,,,,,,,,,1.597626220703125,-0.37655215454101565,0.54574853515625,,,,,,,,42040.0,3124.0,-9.0,508.0,-1065876989.0,387.0,54.0,0.0,-246.0,-345.0,9848.0
1353,42053.0,43098.0,56876.0,50744.0,52688.0,42052.0,3.3624634742736816,,,,,,,,,,,,,1.602308349609375,-0.3767134704589844,0.5458477783203125,,,,,,,,42050.0,3126.0,-9.0,509.0,-1065876989.0,384.0,52.0,3.0,-212.0,-288.0,9834.0
1354,42063.0,43199.0,56846.0,50692.0,52690.0,42062.0,3.3624634742736816,,,,,,,,,,,,,1.6055372314453125,-0.3764164733886719,0.545962158203125,,,,,,,,42060.0,3130.0,-8.0,509.0,-1065875965.0,385.0,51.0,3.0,-186.0,-288.0,9869.0
1355,42073.0,44147.0,56902.0,50016.0,52520.0,42072.0,3.3624634742736816,,,,,,,,,,,,,1.610198974609375,-0.37596060180664065,0.5459564819335937,,,,,,,,42070.0,3138.0,-8.0,509.0,-1066924541.0,392.0,49.0,4.0,-259.0,-348.0,9772.0
1356,42083.0,44166.0,56730.0,50072.0,52662.0,42082.0,3.3624634742736816,,,,,,,,,,,,,1.6131014404296875,-0.3753866271972656,0.5459736328125,,,,,,,,42080.0,3141.0,-7.0,509.0,-1066924541.0,389.0,47.0,4.0,-192.0,-418.0,9884.0
1357,42093.0,44239.0,56518.0,49727.0,52589.0,42092.0,3.3677420616149902,,,,,,,,,,,,,1.6180380859375,-0.3759015197753906,0.54633154296875,,,,,,,,42090.0,3143.0,-7.0,509.0,-1066924541.0,386.0,45.0,9.0,-251.0,-321.0,9989.0
1358,42103.0,44248.0,56986.0,49648.0,51860.0,42102.0,3.3677420616149902,,,,,,,,,,,,,1.62285986328125,-0.3756612854003906,0.5465487060546875,,,,,,,,42100.0,3145.0,-6.0,510.0,-1066923517.0,383.0,43.0,11.0,-253.0,-222.0,9945.0
1359,42113.0,44342.0,56851.0,49573.0,51926.0,42112.0,3.3677420616149902,,,,,,,,,,,,,1.6259180908203126,-0.37513180541992186,0.5465728149414063,,,,,,,,42110.0,3153.0,-4.0,510.0,-1067973117.0,388.0,45.0,13.0,-290.0,-235.0,9951.0
1360,42123.0,45199.0,56487.0,48701.0,52472.0,42122.0,3.3677420616149902,,,,,,,,,,,,,1.6292340087890624,-0.37537942504882815,0.546920654296875,,,,,,,,42120.0,3156.0,-4.0,510.0,-1067973117.0,388.0,42.0,15.0,-42.0,-141.0,9991.0
1361,42133.0,45011.0,56616.0,48715.0,52262.0,42132.0,3.3677420616149902,,,,,,,,,,,,,1.6338746337890624,-0.37528744506835937,0.5468682250976562,,,,,,,,42130.0,3158.0,-2.0,509.0,-1066924541.0,384.0,44.0,11.0,-301.0,-438.0,9845.0
1362,42143.0,44430.0,56592.0,49379.0,52476.0,42142.0,3.3677420616149902,,,,,,,,,,,,,1.63696435546875,-0.37515347290039064,0.5470513305664062,,,,,,,,42140.0,3161.0,-2.0,509.0,-1066924541.0,382.0,41.0,10.0,-181.0,-317.0,9651.0
1363,42153.0,44774.0,56605.0,49116.0,52448.0,42152.0,3.3677420616149902,,,,,,,,,,,,,1.6416702880859375,-0.37467605590820313,0.5470963745117188,,,,,,,,42150.0,3167.0,0.0,509.0,-1066924541.0,384.0,43.0,9.0,-164.0,-278.0,9634.0
1364,42163.0,45281.0,56595.0,48740.0,52500.0,42162.0,3.3677420616149902,,,,,,,,,,,,,1.6447740478515624,-0.37459991455078123,0.5472913208007812,,,,,,,,42160.0,3173.0,-1.0,509.0,-1066925565.0,389.0,40.0,7.0,-70.0,-209.0,9728.0
1365,42173.0,45264.0,56419.0,48773.0,52829.0,42172.0,3.3677420616149902,,,,,,,,,,,,,1.64955322265625,-0.3748795471191406,0.5473455200195313,,,,,,,,42170.0,3179.0,-1.0,509.0,-1066925565.0,392.0,37.0,5.0,-153.0,-218.0,9771.0
1366,42183.0,45026.0,56701.0,48989.0,52626.0,42182.0,3.3624634742736816,,,,,,,,,,,,,1.6527486572265624,-0.37482662963867186,0.547479248046875,,,,,,,,42180.0,3181.0,-1.0,510.0,-1067449853.0,389.0,35.0,7.0,-293.0,-332.0,9678.0
1367,42193.0,44493.0,56330.0,49365.0,53232.0,42192.0,3.3624634742736816,,,,,,,,,,,,,1.65908056640625,-0.3746600952148437,0.5478952026367188,,,,,,,,42190.0,3183.0,0.0,510.0,-1067449853.0,385.0,35.0,6.0,-157.0,-322.0,9722.0
1368,42203.0,44823.0,56803.0,49239.0,52468.0,42202.0,3.3624634742736816,,,,,,,,,,,,,1.6606787109375,-0.37468838500976565,0.54783203125,,,,,,,,42200.0,3189.0,0.0,510.0,-1067448828.0,389.0,34.0,5.0,-91.0,-208.0,9809.0
1369,42213.0,44417.0,56535.0,49468.0,52984.0,42212.0,3.3624634742736816,,,,,,,,,,,,,1.665246826171875,-0.3746887512207031,0.5477636108398437,,,,,,,,42210.0,3195.0,0.0,510.0,-1067448828.0,394.0,32.0,5.0,-144.0,-295.0,9841.0
1370,42223.0,44986.0,56716.0,48977.0,52668.0,42222.0,3.3624634742736816,,,,,,,,,,,,,1.6684144287109375,-0.3746122741699219,0.5479274291992188,,,,,,,,42220.0,3197.0,1.0,510.0,-1068497404.0,389.0,31.0,6.0,-232.0,-397.0,9694.0
1371,42233.0,43179.0,56603.0,50230.0,52680.0,42232.0,3.3677420616149902,,,,,,,,,,,,,1.6731162109375,-0.37459600830078127,0.5480220336914062,,,,,,,,42230.0,3200.0,1.0,510.0,-1068497404.0,389.0,30.0,5.0,-198.0,-422.0,9770.0
1372,42243.0,44282.0,56876.0,49581.0,52435.0,42242.0,3.3624634742736816,,,,,,,,,,,,,1.675912353515625,-0.37378640747070313,0.54790673828125,,,,,,,,42240.0,3201.0,2.0,510.0,-1068498428.0,384.0,29.0,5.0,-230.0,-228.0,9914.0
1373,42253.0,43226.0,56780.0,50307.0,52667.0,42252.0,3.3624634742736816,,,,,,,,,,,,,1.680932861328125,-0.3746422424316406,0.5482175903320312,,,,,,,,42250.0,3207.0,4.0,510.0,-1069547004.0,388.0,30.0,6.0,-136.0,-208.0,9922.0
1374,42263.0,43949.0,56686.0,49854.0,52620.0,42262.0,3.3624634742736816,,,,,,,,,,,,,1.685718994140625,-0.3746029357910156,0.5483877563476562,,,,,,,,42260.0,3213.0,4.0,512.0,-1069547004.0,391.0,30.0,14.0,-179.0,-251.0,9737.0
1375,42273.0,44359.0,56679.0,49047.0,52114.0,42272.0,3.3677420616149902,,,,,,,,,,,,,1.68895556640625,-0.37460458374023436,0.54853369140625,,,,,,,,42270.0,3218.0,5.0,512.0,-1070071292.0,393.0,29.0,14.0,-196.0,-249.0,9810.0
1376,42283.0,43570.0,56419.0,49597.0,52549.0,42282.0,3.3677420616149902,,,,,,,,,,,,,1.6921910400390625,-0.3745039672851562,0.5487784423828125,,,,,,,,42280.0,3219.0,5.0,512.0,-1070070268.0,387.0,28.0,15.0,-169.0,-328.0,9880.0
1377,42293.0,45025.0,56533.0,48451.0,52260.0,42292.0,3.3677420616149902,,,,,,,,,,,,,1.696532958984375,-0.3738479919433594,0.5486964111328125,,,,,,,,42290.0,3222.0,5.0,512.0,-1070070268.0,387.0,27.0,15.0,-254.0,-275.0,9895.0
1378,42303.0,43592.0,56610.0,49419.0,51972.0,42302.0,3.373020648956299,,,,,,,,,,,,,1.6998641357421875,-0.3746995544433594,0.5486853637695313,,,,,,,,42300.0,3230.0,5.0,512.0,-1070070268.0,393.0,25.0,15.0,-355.0,-163.0,9758.0
1379,42313.0,45430.0,56398.0,48063.0,52494.0,42312.0,3.3677420616149902,,,,,,,,,,,,,1.7046309814453124,-0.37477688598632813,0.5487761840820312,,,,,,,,42310.0,3234.0,6.0,512.0,-1070070268.0,393.0,26.0,13.0,-224.0,-229.0,9618.0
1380,42323.0,44670.0,56345.0,48523.0,52439.0,42322.0,3.373020648956299,,,,,,,,,,,,,1.70785888671875,-0.3742333679199219,0.5489342651367187,,,,,,,,42320.0,3236.0,6.0,512.0,-1070071292.0,391.0,24.0,11.0,-200.0,-392.0,9768.0
1381,42333.0,45941.0,56834.0,47700.0,51851.0,42332.0,3.3677420616149902,,,,,,,,,,,,,1.7122535400390626,-0.37379730224609375,0.5490130615234375,,,,,,,,42330.0,3238.0,7.0,512.0,-1070071292.0,387.0,25.0,11.0,-147.0,-342.0,9735.0
1382,42343.0,44623.0,56703.0,48695.0,52190.0,42342.0,3.3677420616149902,,,,,,,,,,,,,1.7157657470703125,-0.37482620239257813,0.5490958251953125,,,,,,,,42340.0,3245.0,7.0,512.0,-1070071292.0,392.0,23.0,11.0,-155.0,-335.0,9853.0
1383,42353.0,44956.0,56414.0,48512.0,52816.0,42352.0,3.3677420616149902,,,,,,,,,,,,,1.7205447998046874,-0.37482901000976565,0.5491519165039063,,,,,,,,42350.0,3250.0,8.0,512.0,-1069547004.0,394.0,23.0,8.0,-152.0,-247.0,9824.0
1384,42363.0,45189.0,56710.0,48310.0,52330.0,42362.0,3.3677420616149902,,,,,,,,,,,,,1.72542431640625,-0.3748480834960938,0.5494169311523438,,,,,,,,42360.0,3256.0,9.0,512.0,-1070594556.0,397.0,24.0,8.0,61.0,-85.0,9968.0
1385,42373.0,45047.0,56419.0,48427.0,52729.0,42372.0,3.3677420616149902,,,,,,,,,,,,,1.7284139404296874,-0.37459368896484374,0.5495615234375,,,,,,,,42370.0,3257.0,8.0,512.0,-1070594556.0,393.0,21.0,9.0,-94.0,-237.0,9983.0
1386,42383.0,43891.0,56775.0,49342.0,52184.0,42382.0,3.3677420616149902,,,,,,,,,,,,,1.73168359375,-0.375108154296875,0.54944287109375,,,,,,,,42380.0,3259.0,9.0,512.0,-1070594556.0,389.0,22.0,10.0,-198.0,-227.0,9824.0
1387,42393.0,43459.0,56456.0,49585.0,52645.0,42392.0,3.3677420616149902,,,,,,,,,,,,,1.7363504638671876,-0.37518231201171875,0.549561767578125,,,,,,,,42390.0,3266.0,10.0,511.0,-1070594555.0,395.0,22.0,3.0,-170.0,-278.0,9791.0
1388,42403.0,43894.0,56477.0,49578.0,52907.0,42402.0,3.3677420616149902,,,,,,,,,,,,,1.741164306640625,-0.3748221435546875,0.5497521362304687,,,,,,,,42400.0,3270.0,11.0,511.0,-1070594555.0,394.0,22.0,3.0,-79.0,-242.0,9825.0
1389,42413.0,44482.0,56572.0,49217.0,52662.0,42412.0,3.3677420616149902,,,,,,,,,,,,,1.7442740478515626,-0.3753168029785156,0.5497042846679687,,,,,,,,42410.0,3275.0,11.0,511.0,-1070594555.0,396.0,21.0,3.0,-169.0,-210.0,9878.0
1390,42423.0,44119.0,56690.0,49565.0,52444.0,42422.0,3.3677420616149902,,,,,,,,,,,,,1.7474208984375,-0.375455322265625,0.5496883544921874,,,,,,,,42420.0,3276.0,12.0,511.0,-1070595579.0,391.0,21.0,3.0,-148.0,-265.0,9932.0
1391,42433.0,44428.0,56953.0,49387.0,52278.0,42432.0,3.3624634742736816,,,,,,,,,,,,,1.7522010498046876,-0.3756015930175781,0.5496739501953125,,,,,,,,42430.0,3282.0,11.0,511.0,-1071644155.0,396.0,19.0,4.0,-163.0,-328.0,9942.0
1392,42443.0,43777.0,56667.0,49732.0,52511.0,42442.0,3.3677420616149902,,,,,,,,,,,,,1.75539453125,-0.3756045227050781,0.54973974609375,,,,,,,,42440.0,3287.0,12.0,511.0,-1071119867.0,397.0,20.0,4.0,-153.0,-207.0,9775.0
1393,42453.0,44017.0,56939.0,49651.0,52287.0,42452.0,3.3624634742736816,,,,,,,,,,,,,1.759849853515625,-0.37522714233398435,0.5499176635742188,,,,,,,,42450.0,3292.0,13.0,511.0,-1071119867.0,398.0,20.0,3.0,-207.0,-217.0,9645.0
1394,42463.0,45196.0,56794.0,48770.0,52471.0,42462.0,3.3624634742736816,,,,,,,,,,,,,1.76340185546875,-0.37576141357421877,0.5500330200195312,,,,,,,,42460.0,3293.0,14.0,511.0,-1071118843.0,393.0,22.0,2.0,-213.0,-258.0,9735.0
1395,42473.0,44114.0,56984.0,49523.0,52056.0,42472.0,3.3677420616149902,,,,,,,,,,,,,1.7680472412109376,-0.37595352172851565,0.5499825439453125,,,,,,,,42470.0,3299.0,13.0,511.0,-1071118843.0,396.0,19.0,1.0,-263.0,-308.0,9744.0
1396,42483.0,45109.0,56920.0,48527.0,52038.0,42482.0,3.3624634742736816,,,,,,,,,,,,,1.771233154296875,-0.3760589294433594,0.5499694213867188,,,,,,,,42480.0,3305.0,14.0,512.0,-1072167419.0,399.0,20.0,8.0,-163.0,-173.0,9722.0
1397,42493.0,44957.0,56616.0,48535.0,52303.0,42492.0,3.3677420616149902,,,,,,,,,,,,,1.7759892578125,-0.37573974609375,0.5500476684570312,,,,,,,,42490.0,3309.0,14.0,512.0,-1072167419.0,400.0,19.0,7.0,-184.0,-102.0,9745.0
1398,42503.0,44488.0,56558.0,48853.0,52473.0,42502.0,3.3677420616149902,,,,,,,,,,,,,1.7791572265625,-0.3758470764160156,0.5500966796875,,,,,,,,42500.0,3313.0,14.0,512.0,-1072166395.0,400.0,19.0,7.0,-208.0,-213.0,9667.0
1399,42513.0,44637.0,56598.0,48786.0,52387.0,42512.0,3.3677420616149902,,,,,,,,,,,,,1.783981689453125,-0.3764276123046875,0.5501317749023438,,,,,,,,42510.0,3306.0,14.0,513.0,-1072166395.0,380.0,18.0,6.0,-110.0,-71.0,9790.0
1400,42523.0,43638.0,56958.0,49667.0,51824.0,42522.0,3.3677420616149902,,,,,,,,,,,,,1.7871015625,-0.37656683349609377,0.550112548828125,,,,,,,,42520.0,3316.0,15.0,514.0,-1072166395.0,391.0,19.0,11.0,-203.0,-78.0,9811.0
1401,42533.0,44115.0,56257.0,48974.0,52646.0,42532.0,3.3677420616149902,,,,,,,,,,,,,1.79194970703125,-0.37656393432617186,0.550226806640625,,,,,,,,42530.0,3323.0,15.0,514.0,-1072166395.0,394.0,18.0,11.0,-232.0,-212.0,9775.0
1402,42543.0,43958.0,56132.0,49059.0,52828.0,42542.0,3.3677420616149902,,,,,,,,,,,,,1.7951090087890624,-0.3767382507324219,0.5502522583007813,,,,,,,,42540.0,3326.0,15.0,514.0,-1072166395.0,394.0,18.0,11.0,-178.0,-214.0,9674.0
1403,42553.0,44623.0,56465.0,48560.0,52310.0,42552.0,3.3677420616149902,,,,,,,,,,,,,1.7996641845703125,-0.3769489135742187,0.5501373291015625,,,,,,,,42550.0,3319.0,16.0,514.0,-1072165371.0,374.0,18.0,10.0,-234.0,-219.0,9659.0
1404,42563.0,43352.0,56540.0,49595.0,52245.0,42562.0,3.3677420616149902,,,,,,,,,,,,,1.8029964599609376,-0.37694366455078127,0.550343994140625,,,,,,,,42560.0,3323.0,17.0,512.0,-1072166395.0,373.0,20.0,-5.0,-280.0,-201.0,9791.0
1405,42573.0,44504.0,56611.0,49276.0,52480.0,42572.0,3.373020648956299,,,,,,,,,,,,,1.8075086669921876,-0.3767931213378906,0.5501536254882813,,,,,,,,42570.0,3331.0,17.0,511.0,-1072166395.0,380.0,19.0,-5.0,-276.0,-206.0,9648.0
1406,42583.0,45391.0,56180.0,48599.0,53015.0,42582.0,3.373020648956299,,,,,,,,,,,,,1.81087939453125,-0.37724053955078124,0.5503745727539062,,,,,,,,42580.0,3338.0,17.0,511.0,-1072167419.0,384.0,19.0,-7.0,-232.0,-103.0,9626.0
1407,42593.0,45339.0,56216.0,48823.0,53219.0,42592.0,3.3677420616149902,,,,,,,,,,,,,1.8155079345703125,-0.3774346008300781,0.5502337646484375,,,,,,,,42590.0,3341.0,17.0,511.0,-1073215995.0,384.0,19.0,-9.0,-209.0,-214.0,9593.0
1408,42603.0,45091.0,56205.0,49248.0,53497.0,42602.0,3.3624634742736816,,,,,,,,,,,,,1.8187069091796875,-0.37752517700195315,0.5502018432617187,,,,,,,,42600.0,3337.0,18.0,511.0,-1073215995.0,370.0,20.0,-11.0,-220.0,-186.0,9601.0
1409,42613.0,44169.0,56671.0,49984.0,52817.0,42612.0,3.3624634742736816,,,,,,,,,,,,,1.8234051513671874,-0.3776717529296875,0.5502239990234375,,,,,,,,42610.0,3342.0,19.0,512.0,-1073217019.0,371.0,20.0,-10.0,-132.0,-83.0,9667.0
1410,42623.0,44134.0,56572.0,50126.0,52983.0,42622.0,3.3624634742736816,,,,,,,,,,,,,1.8267894287109374,-0.3776294860839844,0.5504302978515625,,,,,,,,42620.0,3346.0,19.0,512.0,-536870396.0,373.0,20.0,-12.0,-178.0,-55.0,9694.0
1411,42633.0,43886.0,56590.0,50361.0,53337.0,42632.0,3.357184886932373,,,,,,,,,,,,,1.831412841796875,-0.377822998046875,0.5502415161132812,,,,,,,,42630.0,3351.0,20.0,511.0,-535820796.0,374.0,21.0,-12.0,-229.0,-139.0,9898.0
1412,42643.0,45360.0,56920.0,49307.0,52784.0,42642.0,3.357184886932373,,,,,,,,,,,,,1.8345391845703125,-0.37794140625,0.5501318359375,,,,,,,,42640.0,3356.0,21.0,511.0,-535820796.0,376.0,23.0,-11.0,-245.0,-274.0,9927.0
1413,42653.0,45255.0,56837.0,49511.0,52767.0,42652.0,3.357184886932373,,,,,,,,,,,,,1.8392265625,-0.378067138671875,0.550111083984375,,,,,,,,42650.0,3360.0,21.0,512.0,-535820796.0,377.0,24.0,-3.0,-193.0,-262.0,9953.0
1414,42663.0,44676.0,56960.0,49569.0,52337.0,42662.0,3.357184886932373,,,,,,,,,,,,,1.8425938720703126,-0.3780969543457031,0.5502378540039062,,,,,,,,42660.0,3365.0,23.0,512.0,-535820796.0,379.0,26.0,-2.0,-71.0,-118.0,9806.0
1415,42673.0,43963.0,56828.0,50042.0,52569.0,42672.0,3.357184886932373,,,,,,,,,,,,,1.8473221435546876,-0.37824822998046875,0.5500330200195312,,,,,,,,42670.0,3367.0,23.0,512.0,-535820796.0,376.0,26.0,-2.0,-138.0,-141.0,9875.0
1416,42683.0,44536.0,57012.0,49378.0,52131.0,42682.0,3.3624634742736816,,,,,,,,,,,,,1.85041650390625,-0.37842196655273436,0.5499400024414063,,,,,,,,42680.0,3371.0,23.0,512.0,-535820796.0,378.0,26.0,-2.0,-110.0,4.0,10023.0
1417,42693.0,44609.0,56968.0,49221.0,52240.0,42692.0,3.3624634742736816,,,,,,,,,,,,,1.85519384765625,-0.3785321960449219,0.549912353515625,,,,,,,,42690.0,3376.0,23.0,512.0,-535820796.0,380.0,26.0,-1.0,-151.0,-107.0,9914.0
1418,42703.0,44385.0,57293.0,49474.0,51692.0,42702.0,3.3624634742736816,,,,,,,,,,,,,1.858492919921875,-0.3785159301757812,0.5499053344726562,,,,,,,,42700.0,3378.0,23.0,512.0,-535820796.0,376.0,27.0,0.0,-174.0,-288.0,9917.0
1419,42713.0,44172.0,57240.0,49491.0,51832.0,42712.0,3.3624634742736816,,,,,,,,,,,,,1.863541748046875,-0.3785494689941406,0.5500687866210937,,,,,,,,42710.0,3383.0,24.0,512.0,-536869372.0,380.0,27.0,0.0,-73.0,-90.0,9863.0
1420,42723.0,45356.0,57140.0,48266.0,51770.0,42722.0,3.3677420616149902,,,,,,,,,,,,,1.8664788818359375,-0.37879449462890624,0.5498570556640625,,,,,,,,42720.0,3387.0,25.0,512.0,-1073740284.0,380.0,29.0,0.0,-45.0,-161.0,9782.0
1421,42733.0,45305.0,57082.0,48328.0,51833.0,42732.0,3.3677420616149902,,,,,,,,,,,,,1.87126953125,-0.3788710021972656,0.5498289794921875,,,,,,,,42730.0,3392.0,26.0,512.0,-1072691708.0,382.0,31.0,0.0,-179.0,-274.0,9751.0
1422,42743.0,44411.0,56819.0,49106.0,52328.0,42742.0,3.3677420616149902,,,,,,,,,,,,,1.87457763671875,-0.3789493103027344,0.5498724365234375,,,,,,,,42740.0,3393.0,26.0,512.0,-1072691708.0,378.0,29.0,-1.0,-308.0,-318.0,9748.0
1423,42753.0,44416.0,56986.0,49143.0,52065.0,42752.0,3.3677420616149902,,,,,,,,,,,,,1.8795789794921876,-0.3790403137207031,0.5499437866210938,,,,,,,,42750.0,3399.0,27.0,512.0,-1071643132.0,383.0,31.0,-2.0,-232.0,-220.0,9720.0
1424,42763.0,45409.0,56630.0,48372.0,52565.0,42762.0,3.3677420616149902,,,,,,,,,,,,,1.8827515869140625,-0.37911187744140623,0.5498548583984375,,,,,,,,42760.0,3403.0,27.0,512.0,-1071643132.0,383.0,29.0,-3.0,-136.0,-283.0,9667.0
1425,42773.0,44463.0,56733.0,49243.0,52426.0,42772.0,3.3677420616149902,,,,,,,,,,,,,1.887585693359375,-0.3792166748046875,0.5499382934570313,,,,,,,,42770.0,3406.0,27.0,512.0,-1071643132.0,382.0,29.0,-3.0,-145.0,-170.0,9673.0
1426,42783.0,44864.0,56807.0,49354.0,52655.0,42782.0,3.3624634742736816,,,,,,,,,,,,,1.8907581787109375,-0.37941128540039065,0.5498079223632812,,,,,,,,42780.0,3411.0,27.0,511.0,-1071643132.0,384.0,27.0,-9.0,-199.0,-209.0,9641.0
1427,42793.0,45800.0,56612.0,48798.0,52795.0,42792.0,3.3624634742736816,,,,,,,,,,,,,1.8957113037109374,-0.379477783203125,0.5497591552734375,,,,,,,,42790.0,3415.0,27.0,511.0,-1070593532.0,385.0,27.0,-10.0,-90.0,-277.0,9814.0
1428,42803.0,45660.0,56442.0,49006.0,53034.0,42802.0,3.3624634742736816,,,,,,,,,,,,,1.899021728515625,-0.37958273315429686,0.5498981323242188,,,,,,,,42800.0,3419.0,31.0,511.0,-1071642108.0,385.0,32.0,-10.0,-201.0,-277.0,9800.0
1429,42813.0,45049.0,55788.0,49645.0,54085.0,42812.0,3.357184886932373,,,,,,,,,,,,,1.9039195556640625,-0.3797794494628906,0.5498995971679688,,,,,,,,42810.0,3424.0,31.0,510.0,-1071642108.0,387.0,31.0,-10.0,-176.0,-302.0,9826.0
1430,42823.0,44437.0,56082.0,50293.0,53635.0,42822.0,3.357184886932373,,,,,,,,,,,,,1.9071947021484374,-0.37984628295898437,0.5499130859375,,,,,,,,42820.0,3427.0,32.0,510.0,-1071641084.0,387.0,31.0,-10.0,-139.0,-272.0,9814.0
1431,42833.0,44587.0,55901.0,50171.0,53843.0,42832.0,3.357184886932373,,,,,,,,,,,,,1.9121651611328125,-0.37999246215820315,0.5499837036132813,,,,,,,,42830.0,3431.0,31.0,510.0,-1071641084.0,388.0,29.0,-10.0,-76.0,-151.0,9840.0
1432,42843.0,44631.0,56372.0,50040.0,53350.0,42842.0,3.357184886932373,,,,,,,,,,,,,1.9153787841796874,-0.3801750183105469,0.5498565673828125,,,,,,,,42840.0,3434.0,32.0,510.0,-1072689660.0,388.0,30.0,-10.0,-31.0,-42.0,9992.0
1433,42853.0,43314.0,56352.0,51193.0,53249.0,42852.0,3.357184886932373,,,,,,,,,,,,,1.9219969482421875,-0.3803333435058594,0.5499964599609375,,,,,,,,42850.0,3438.0,33.0,510.0,-1073737212.0,389.0,30.0,-8.0,-57.0,-97.0,9870.0
1434,42863.0,44335.0,56776.0,50390.0,52611.0,42862.0,3.357184886932373,,,,,,,,,,,,,1.9235997314453126,-0.3804804382324219,0.5498440551757813,,,,,,,,42860.0,3444.0,33.0,510.0,-536866300.0,393.0,29.0,-8.0,-43.0,-199.0,9801.0
1435,42873.0,44157.0,56598.0,50232.0,52577.0,42872.0,3.357184886932373,,,,,,,,,,,,,1.9286090087890626,-0.38053872680664064,0.5500895385742187,,,,,,,,42870.0,3449.0,33.0,511.0,-535818749.0,395.0,30.0,-1.0,-231.0,-76.0,9675.0
1436,42883.0,44257.0,56729.0,50262.0,52299.0,42882.0,3.357184886932373,,,,,,,,,,,,,1.9318955078125,-0.38074761962890624,0.5499033813476563,,,,,,,,42880.0,3451.0,34.0,511.0,-535818749.0,392.0,30.0,-3.0,-143.0,-56.0,9712.0
1437,42893.0,43651.0,56774.0,50628.0,52061.0,42892.0,3.3624634742736816,,,,,,,,,,,,,1.936849365234375,-0.3809100646972656,0.5500364379882813,,,,,,,,42890.0,3455.0,34.0,511.0,-535819773.0,393.0,30.0,-3.0,-65.0,-159.0,9852.0
1438,42903.0,43200.0,56973.0,51068.0,51677.0,42902.0,3.3624634742736816,,,,,,,,,,,,,1.9402177734375,-0.38101177978515627,0.5501000366210937,,,,,,,,42900.0,3460.0,34.0,511.0,-535819773.0,396.0,30.0,-3.0,-120.0,-113.0,9791.0
1439,42913.0,44589.0,57044.0,50082.0,51774.0,42912.0,3.3624634742736816,,,,,,,,,,,,,1.9454178466796874,-0.38105194091796873,0.5503517456054687,,,,,,,,42910.0,3463.0,34.0,511.0,-535820797.0,396.0,30.0,-7.0,-253.0,-190.0,9732.0
1440,42923.0,44286.0,57050.0,50258.0,51838.0,42922.0,3.3624634742736816,,,,,,,,,,,,,1.948611083984375,-0.3812569580078125,0.5501672973632813,,,,,,,,42920.0,3465.0,35.0,510.0,-535821821.0,392.0,32.0,-7.0,-228.0,-168.0,9613.0
1441,42933.0,44553.0,57016.0,50053.0,51923.0,42932.0,3.3624634742736816,,,,,,,,,,,,,1.9535162353515625,-0.38147900390625,0.5501527099609375,,,,,,,,42930.0,3476.0,35.0,510.0,-535821821.0,404.0,31.0,-9.0,-373.0,-88.0,9684.0
1442,42943.0,45387.0,56800.0,49416.0,52300.0,42942.0,3.3624634742736816,,,,,,,,,,,,,1.9569453125,-0.38148959350585937,0.5502509155273437,,,,,,,,42940.0,3478.0,36.0,510.0,-535296510.0,401.0,32.0,-10.0,-266.0,-127.0,9571.0
1443,42953.0,45007.0,56919.0,49772.0,52168.0,42952.0,3.3624634742736816,,,,,,,,,,,,,1.9621649169921875,-0.38148275756835937,0.5504677124023437,,,,,,,,42950.0,3482.0,35.0,509.0,-535296510.0,401.0,31.0,-15.0,-174.0,-123.0,9893.0
1444,42963.0,45418.0,57011.0,49589.0,52241.0,42962.0,3.3624634742736816,,,,,,,,,,,,,1.9653095703125,-0.3817550964355469,0.5503522338867187,,,,,,,,42960.0,3482.0,36.0,509.0,-536345086.0,394.0,32.0,-14.0,-239.0,-75.0,9841.0
1445,42973.0,45035.0,56687.0,49795.0,52790.0,42972.0,3.3624634742736816,,,,,,,,,,,,,1.97032666015625,-0.38193780517578124,0.5503104858398438,,,,,,,,42970.0,3489.0,35.0,509.0,-536345086.0,399.0,30.0,-14.0,-270.0,-188.0,9703.0
1446,42983.0,45296.0,56795.0,49693.0,52888.0,42982.0,3.357184886932373,,,,,,,,,,,,,1.9736248779296874,-0.38205810546875,0.550298095703125,,,,,,,,42980.0,3497.0,37.0,509.0,-1073215998.0,405.0,33.0,-15.0,-258.0,-158.0,9880.0
1447,42993.0,45616.0,56554.0,49482.0,53260.0,42992.0,3.357184886932373,,,,,,,,,,,,,1.9788929443359375,-0.3819403076171875,0.550628662109375,,,,,,,,42990.0,3501.0,38.0,509.0,-1073215998.0,404.0,33.0,-15.0,-238.0,-137.0,9866.0
1448,43003.0,44936.0,56566.0,49936.0,53390.0,43002.0,3.357184886932373,,,,,,,,,,,,,1.9820614013671876,-0.38219198608398436,0.550459228515625,,,,,,,,43000.0,3496.0,35.0,509.0,-1072166398.0,388.0,29.0,-14.0,-217.0,-251.0,9827.0
1449,43013.0,45235.0,57035.0,49676.0,52695.0,43012.0,3.357184886932373,,,,,,,,,,,,,1.9869918212890625,-0.3824200439453125,0.55032421875,,,,,,,,43010.0,3504.0,36.0,508.0,-1072167422.0,395.0,30.0,-14.0,-168.0,-137.0,9838.0
1450,43023.0,44359.0,56837.0,50332.0,53050.0,43022.0,3.357184886932373,,,,,,,,,,,,,1.9903642578125,-0.38242547607421873,0.5504539794921876,,,,,,,,43020.0,3510.0,37.0,508.0,-1072167422.0,399.0,31.0,-14.0,-215.0,-76.0,9870.0
1451,43033.0,43806.0,56804.0,50673.0,53195.0,43032.0,3.357184886932373,,,,,,,,,,,,,1.9953717041015624,-0.38259249877929685,0.5504806518554688,,,,,,,,43030.0,3511.0,38.0,508.0,-1072167422.0,394.0,30.0,-13.0,-169.0,-203.0,9981.0
1452,43043.0,43826.0,56988.0,50323.0,52517.0,43042.0,3.357184886932373,,,,,,,,,,,,,1.9988736572265624,-0.382593994140625,0.5506184692382813,,,,,,,,43040.0,3516.0,38.0,510.0,-1072167422.0,395.0,30.0,-3.0,-192.0,-189.0,9903.0
1453,43053.0,44049.0,57040.0,50083.0,52409.0,43052.0,3.357184886932373,,,,,,,,,,,,,2.0036932373046876,-0.38284454345703123,0.5504835205078125,,,,,,,,43050.0,3520.0,38.0,510.0,-1072166398.0,393.0,29.0,-2.0,-152.0,-109.0,9849.0
1454,43063.0,43291.0,56719.0,50514.0,52636.0,43062.0,3.3624634742736816,,,,,,,,,,,,,2.0069801025390626,-0.38291665649414064,0.5505051879882813,,,,,,,,43060.0,3523.0,38.0,510.0,-1073214973.0,392.0,29.0,-1.0,-238.0,-193.0,9958.0
1455,43073.0,44073.0,56704.0,49923.0,52598.0,43072.0,3.3624634742736816,,,,,,,,,,,,,2.0120384521484374,-0.3829949951171875,0.5506454467773437,,,,,,,,43070.0,3528.0,38.0,510.0,-1073214973.0,394.0,29.0,-1.0,-164.0,-156.0,9899.0
1456,43083.0,44122.0,57020.0,49856.0,52094.0,43082.0,3.3624634742736816,,,,,,,,,,,,,2.015387939453125,-0.3830364990234375,0.5507041625976562,,,,,,,,43080.0,3531.0,39.0,509.0,-1073214973.0,391.0,28.0,-4.0,-226.0,-175.0,9852.0
1457,43093.0,44419.0,56889.0,49800.0,52426.0,43092.0,3.3624634742736816,,,,,,,,,,,,,2.0202725830078125,-0.38325445556640625,0.5506622314453125,,,,,,,,43090.0,3538.0,39.0,509.0,-1073213949.0,396.0,28.0,-4.0,-205.0,-183.0,9867.0
1458,43103.0,44541.0,56582.0,49618.0,52920.0,43102.0,3.3624634742736816,,,,,,,,,,,,,2.0235999755859373,-0.38335003662109374,0.5507117309570313,,,,,,,,43100.0,3542.0,40.0,509.0,-1073213949.0,396.0,29.0,-3.0,-265.0,-67.0,9878.0
1459,43113.0,44398.0,56565.0,49717.0,52910.0,43112.0,3.3624634742736816,,,,,,,,,,,,,2.0269019775390626,-0.3833946228027344,0.5507599487304687,,,,,,,,43110.0,3546.0,40.0,509.0,-1073213949.0,396.0,29.0,-2.0,-201.0,-44.0,9863.0
1460,43123.0,45728.0,56809.0,48591.0,52500.0,43122.0,3.3624634742736816,,,,,,,,,,,,,2.0319285888671876,-0.3835472412109375,0.5508697509765625,,,,,,,,43120.0,3548.0,41.0,510.0,-1073213949.0,391.0,30.0,4.0,-300.0,-159.0,9746.0
1461,43133.0,44900.0,56948.0,49054.0,51987.0,43132.0,3.3624634742736816,,,,,,,,,,,,,2.0367095947265623,-0.38374163818359375,0.5507252197265625,,,,,,,,43130.0,3552.0,40.0,510.0,-1072165373.0,390.0,28.0,3.0,-200.0,-165.0,9627.0
1462,43143.0,43607.0,56850.0,50043.0,52214.0,43142.0,3.3624634742736816,,,,,,,,,,,,,2.04019482421875,-0.38365557861328126,0.5509660034179688,,,,,,,,43140.0,3557.0,41.0,510.0,-1072165373.0,392.0,29.0,2.0,-272.0,-157.0,9698.0
1463,43153.0,43949.0,56511.0,49689.0,52530.0,43152.0,3.3677420616149902,,,,,,,,,,,,,2.0452430419921876,-0.38373150634765624,0.5511516723632812,,,,,,,,43150.0,3560.0,41.0,510.0,-1072166397.0,389.0,28.0,1.0,-238.0,-154.0,9796.0
1464,43163.0,44656.0,56733.0,49325.0,52405.0,43162.0,3.3624634742736816,,,,,,,,,,,,,2.04848193359375,-0.38381500244140626,0.5511342163085937,,,,,,,,43160.0,3565.0,43.0,510.0,-1072166397.0,390.0,31.0,1.0,-232.0,-63.0,9866.0
1465,43173.0,44952.0,56732.0,49214.0,52519.0,43172.0,3.3624634742736816,,,,,,,,,,,,,2.053388916015625,-0.3839903869628906,0.5511146850585937,,,,,,,,43170.0,3569.0,43.0,509.0,-1072166397.0,390.0,30.0,0.0,-326.0,-143.0,9822.0
1466,43183.0,43317.0,56252.0,50368.0,52964.0,43182.0,3.3677420616149902,,,,,,,,,,,,,2.056657470703125,-0.3840588073730469,0.55118701171875,,,,,,,,43180.0,3572.0,45.0,509.0,-1072166397.0,387.0,33.0,0.0,-314.0,-248.0,9824.0
1467,43193.0,44587.0,56400.0,49532.0,52595.0,43192.0,3.3677420616149902,,,,,,,,,,,,,2.061619384765625,-0.3840878295898438,0.5512970581054687,,,,,,,,43190.0,3577.0,45.0,509.0,-1072166397.0,388.0,32.0,0.0,-264.0,-270.0,9825.0
1468,43203.0,44109.0,56277.0,49871.0,52780.0,43202.0,3.3677420616149902,,,,,,,,,,,,,2.06486376953125,-0.38425,0.5512466430664062,,,,,,,,43200.0,3579.0,45.0,509.0,-1072166397.0,386.0,32.0,0.0,-275.0,-169.0,9826.0
1469,43213.0,43166.0,56466.0,50662.0,52451.0,43212.0,3.3677420616149902,,,,,,,,,,,,,2.06981591796875,-0.38432196044921874,0.551355712890625,,,,,,,,43210.0,3584.0,45.0,510.0,-1072166397.0,387.0,32.0,5.0,-246.0,-170.0,9929.0
1470,43223.0,43432.0,56075.0,50311.0,52708.0,43222.0,3.3677420616149902,,,,,,,,,,,,,2.07317724609375,-0.3842916259765625,0.5514534301757813,,,,,,,,43220.0,3588.0,46.0,510.0,-1073214973.0,386.0,32.0,6.0,-260.0,-146.0,9911.0
1471,43233.0,44338.0,56500.0,49646.0,51993.0,43232.0,3.3677420616149902,,,,,,,,,,,,,2.078116455078125,-0.38438479614257814,0.5515153198242188,,,,,,,,43230.0,3592.0,46.0,510.0,-1073214973.0,385.0,32.0,6.0,-219.0,-131.0,9918.0
1472,43243.0,43372.0,56402.0,50347.0,52147.0,43242.0,3.3677420616149902,,,,,,,,,,,,,2.080903076171875,-0.38495489501953123,0.5509483642578125,,,,,,,,43240.0,3597.0,47.0,510.0,-1073214973.0,386.0,31.0,6.0,-283.0,-308.0,9633.0
1473,43253.0,43228.0,56475.0,50501.0,51979.0,43252.0,3.3677420616149902,,,,,,,,,,,,,2.08591162109375,-0.3849601745605469,0.5510980224609375,,,,,,,,43250.0,3599.0,47.0,510.0,-536344062.0,384.0,31.0,3.0,-208.0,-301.0,9733.0
1474,43263.0,44053.0,56432.0,49929.0,51900.0,43262.0,3.373020648956299,,,,,,,,,,,,,2.0892509765625,-0.3848646850585937,0.5512996826171875,,,,,,,,43260.0,3604.0,47.0,510.0,-536344062.0,385.0,31.0,1.0,-139.0,-119.0,9571.0
1475,43273.0,43493.0,56148.0,50391.0,52349.0,43272.0,3.373020648956299,,,,,,,,,,,,,2.094181396484375,-0.3849503173828125,0.551244140625,,,,,,,,43270.0,3609.0,50.0,510.0,-536344062.0,386.0,37.0,0.0,-256.0,-43.0,9517.0
1476,43283.0,44691.0,56567.0,49523.0,51819.0,43282.0,3.373020648956299,,,,,,,,,,,,,2.09728173828125,-0.38516448974609374,0.551020263671875,,,,,,,,43280.0,3615.0,50.0,510.0,-536344062.0,390.0,36.0,-4.0,-233.0,-166.0,9446.0
1477,43293.0,44083.0,56151.0,50219.0,52734.0,43292.0,3.3677420616149902,,,,,,,,,,,,,2.102399658203125,-0.38501504516601565,0.5512495727539063,,,,,,,,43290.0,3618.0,50.0,510.0,-536344062.0,388.0,35.0,-6.0,-156.0,-133.0,9618.0
1478,43303.0,45020.0,56462.0,49766.0,52620.0,43302.0,3.3677420616149902,,,,,,,,,,,,,2.105530029296875,-0.38523684692382815,0.5510052490234375,,,,,,,,43300.0,3623.0,50.0,509.0,-536344062.0,389.0,35.0,-14.0,-337.0,-241.0,9860.0
1479,43313.0,44731.0,56602.0,50083.0,52470.0,43312.0,3.3677420616149902,,,,,,,,,,,,,2.1102021484375,-0.38552423095703126,0.5507857055664063,,,,,,,,43310.0,3626.0,50.0,509.0,-536344062.0,387.0,33.0,-13.0,-292.0,-240.0,9994.0
1480,43323.0,44222.0,56748.0,50521.0,52520.0,43322.0,3.3624634742736816,,,,,,,,,,,,,2.11327490234375,-0.3857989196777344,0.5504799194335938,,,,,,,,43320.0,3631.0,50.0,509.0,-1073214974.0,388.0,34.0,-11.0,-192.0,-53.0,9946.0
1481,43333.0,44513.0,56625.0,50161.0,52734.0,43332.0,3.3624634742736816,,,,,,,,,,,,,2.11817724609375,-0.3858481750488281,0.5504557495117187,,,,,,,,43330.0,3634.0,50.0,509.0,-1073214974.0,386.0,33.0,-10.0,-207.0,-173.0,9944.0
1482,43343.0,45212.0,56950.0,49198.0,52214.0,43342.0,3.3624634742736816,,,,,,,,,,,,,2.121663818359375,-0.3856473693847656,0.5506088256835937,,,,,,,,43340.0,3640.0,51.0,509.0,-1072166398.0,389.0,34.0,-5.0,-322.0,-190.0,9769.0
1483,43353.0,43752.0,56696.0,50291.0,52651.0,43352.0,3.3624634742736816,,,,,,,,,,,,,2.126226806640625,-0.3860921936035156,0.5501557006835938,,,,,,,,43350.0,3646.0,52.0,509.0,-1072166398.0,392.0,35.0,-6.0,-443.0,-272.0,9545.0
1484,43363.0,44567.0,57169.0,49834.0,52162.0,43362.0,3.357184886932373,,,,,,,,,,,,,2.129248291015625,-0.38630392456054685,0.5498695068359375,,,,,,,,43360.0,3649.0,52.0,509.0,-1072166398.0,391.0,34.0,-8.0,-280.0,-299.0,9578.0
1485,43373.0,43959.0,56860.0,50244.0,52496.0,43372.0,3.3624634742736816,,,,,,,,,,,,,2.134097412109375,-0.3864079284667969,0.5497625732421875,,,,,,,,43370.0,3655.0,51.0,509.0,-1072166398.0,395.0,32.0,-10.0,-178.0,-206.0,9693.0
1486,43383.0,45086.0,56904.0,49447.0,52786.0,43382.0,3.357184886932373,,,,,,,,,,,,,2.13699267578125,-0.38674810791015624,0.549397216796875,,,,,,,,43380.0,3655.0,52.0,510.0,-1072166398.0,388.0,33.0,-6.0,-246.0,-182.0,9597.0
1487,43393.0,44438.0,56926.0,49561.0,52450.0,43392.0,3.3624634742736816,,,,,,,,,,,,,2.14212548828125,-0.3866061096191406,0.549542236328125,,,,,,,,43390.0,3663.0,55.0,510.0,-1072166398.0,393.0,37.0,-8.0,-233.0,-215.0,9617.0
1488,43403.0,44562.0,56655.0,49476.0,52941.0,43402.0,3.3624634742736816,,,,,,,,,,,,,2.145451171875,-0.3866004638671875,0.549555419921875,,,,,,,,43400.0,3666.0,54.0,510.0,-1071117822.0,392.0,34.0,-10.0,-291.0,-316.0,9635.0
1489,43413.0,44720.0,56799.0,49415.0,52785.0,43412.0,3.3624634742736816,,,,,,,,,,,,,2.1500126953125,-0.3870021667480469,0.5490853881835938,,,,,,,,43410.0,3670.0,54.0,510.0,-1071117822.0,392.0,33.0,-12.0,-142.0,-170.0,9711.0
1490,43423.0,44970.0,57031.0,49286.0,52494.0,43422.0,3.3624634742736816,,,,,,,,,,,,,2.1531767578125,-0.38715008544921875,0.5490040283203125,,,,,,,,43420.0,3673.0,53.0,509.0,-1071117822.0,389.0,31.0,-18.0,-271.0,-223.0,9614.0
1491,43433.0,44485.0,56720.0,49875.0,53212.0,43432.0,3.3624634742736816,,,,,,,,,,,,,2.158128173828125,-0.38706414794921873,0.5490089721679687,,,,,,,,43430.0,3674.0,54.0,508.0,-1071117822.0,384.0,31.0,-19.0,-213.0,-120.0,9783.0
1492,43443.0,44954.0,57131.0,49547.0,52634.0,43442.0,3.3624634742736816,,,,,,,,,,,,,2.161409423828125,-0.38702093505859375,0.5490128784179688,,,,,,,,43440.0,3682.0,57.0,508.0,-1071117821.0,390.0,36.0,-19.0,-167.0,-120.0,9761.0
1493,43453.0,43862.0,56894.0,50479.0,52976.0,43452.0,3.3624634742736816,,,,,,,,,,,,,2.166261962890625,-0.38715234375,0.5489050903320313,,,,,,,,43450.0,3687.0,56.0,508.0,-1071117821.0,391.0,32.0,-19.0,-270.0,-296.0,9826.0
1494,43463.0,44607.0,57081.0,49950.0,52988.0,43462.0,3.357184886932373,,,,,,,,,,,,,2.169550048828125,-0.3871566162109375,0.5489384765625,,,,,,,,43460.0,3690.0,56.0,508.0,-1070069245.0,391.0,30.0,-18.0,-370.0,-346.0,9728.0
1495,43473.0,44825.0,57161.0,49486.0,52526.0,43472.0,3.357184886932373,,,,,,,,,,,,,2.174322509765625,-0.38716943359375,0.5487651977539062,,,,,,,,43470.0,3693.0,55.0,509.0,-1070069245.0,388.0,29.0,-11.0,-385.0,-284.0,9807.0
1496,43483.0,44208.0,57080.0,49995.0,52675.0,43482.0,3.357184886932373,,,,,,,,,,,,,2.1774638671875,-0.38738436889648437,0.5486058959960938,,,,,,,,43480.0,3699.0,59.0,509.0,-1070069245.0,392.0,33.0,-10.0,-282.0,-142.0,10015.0
1497,43493.0,44243.0,56752.0,49940.0,53132.0,43492.0,3.357184886932373,,,,,,,,,,,,,2.1805869140625,-0.3879673767089844,0.5481614990234375,,,,,,,,43490.0,3703.0,60.0,509.0,-1070069245.0,391.0,33.0,-9.0,-280.0,-240.0,9826.0
1498,43503.0,43776.0,56703.0,50291.0,53157.0,43502.0,3.357184886932373,,,,,,,,,,,,,2.185409423828125,-0.38788885498046877,0.548167724609375,,,,,,,,43500.0,3708.0,59.0,509.0,-1070069245.0,392.0,32.0,-9.0,-279.0,-328.0,9734.0
1499,43513.0,44136.0,56735.0,49927.0,52877.0,43512.0,3.3624634742736816,,,,,,,,,,,,,2.190389892578125,-0.38784457397460936,0.5483049926757813,,,,,,,,43510.0,3709.0,59.0,507.0,-1070069245.0,387.0,30.0,-19.0,-276.0,-303.0,9646.0
1500,43523.0,44454.0,57089.0,50093.0,52753.0,43522.0,3.3624634742736816,,,,,,,,,,,,,2.193302001953125,-0.38852951049804685,0.5476600952148437,,,,,,,,43520.0,3711.0,59.0,507.0,-1070069245.0,382.0,29.0,-20.0,-291.0,-305.0,9642.0
1501,43533.0,44433.0,56857.0,50242.0,53082.0,43532.0,3.3624634742736816,,,,,,,,,,,,,2.196492431640625,-0.38895794677734374,0.5474597778320313,,,,,,,,43530.0,3721.0,59.0,507.0,-1070069245.0,393.0,27.0,-22.0,-305.0,-247.0,9848.0
1502,43543.0,44877.0,56900.0,50027.0,53011.0,43542.0,3.3624634742736816,,,,,,,,,,,,,2.2016435546875,-0.38854486083984374,0.5479260864257812,,,,,,,,43540.0,3727.0,60.0,506.0,-1070069245.0,397.0,28.0,-21.0,-211.0,-131.0,9799.0
1503,43553.0,44887.0,56963.0,50116.0,53176.0,43552.0,3.357184886932373,,,,,,,,,,,,,2.206068603515625,-0.389505126953125,0.5472076416015625,,,,,,,,43550.0,3727.0,61.0,506.0,-1070069245.0,390.0,28.0,-25.0,-153.0,-178.0,9819.0
1504,43563.0,44339.0,57260.0,50778.0,52843.0,43562.0,3.357184886932373,,,,,,,,,,,,,2.209504150390625,-0.3894181213378906,0.5474669189453125,,,,,,,,43560.0,3729.0,61.0,505.0,-1070069245.0,385.0,27.0,-25.0,-319.0,-195.0,9843.0
1505,43573.0,44801.0,57167.0,50444.0,52988.0,43572.0,3.357184886932373,,,,,,,,,,,,,2.212473388671875,-0.3884783935546875,0.5478768920898438,,,,,,,,43570.0,3734.0,64.0,505.0,-1070069245.0,386.0,30.0,-24.0,-246.0,-315.0,10019.0
1506,43583.0,44853.0,57112.0,50468.0,53020.0,43582.0,3.357184886932373,,,,,,,,,,,,,2.217328857421875,-0.38908718872070314,0.5476216430664063,,,,,,,,43580.0,3743.0,63.0,505.0,-1070069245.0,396.0,28.0,-23.0,-186.0,-183.0,10016.0
1507,43593.0,44952.0,57038.0,50374.0,53096.0,43592.0,3.357184886932373,,,,,,,,,,,,,2.2216806640625,-0.3885620422363281,0.547830078125,,,,,,,,43590.0,3746.0,64.0,505.0,-1070069245.0,393.0,27.0,-21.0,-235.0,-233.0,9927.0
1508,43603.0,44457.0,57028.0,50545.0,52953.0,43602.0,3.3519062995910645,,,,,,,,,,,,,2.22474072265625,-0.38888800048828126,0.54761328125,,,,,,,,43600.0,3747.0,64.0,506.0,-1070069245.0,387.0,26.0,-12.0,-294.0,-263.0,9982.0
1509,43613.0,44615.0,56859.0,50281.0,52954.0,43612.0,3.357184886932373,,,,,,,,,,,,,2.229637451171875,-0.3891284484863281,0.5475452880859375,,,,,,,,43610.0,3751.0,65.0,506.0,-1070069245.0,386.0,27.0,-12.0,-398.0,-312.0,9732.0
1510,43623.0,44204.0,56793.0,50678.0,52995.0,43622.0,3.357184886932373,,,,,,,,,,,,,2.23296484375,-0.39027780151367186,0.5469305419921875,,,,,,,,43620.0,3762.0,65.0,506.0,-1070069245.0,399.0,26.0,-13.0,-298.0,-303.0,9753.0
1511,43633.0,44822.0,56785.0,50188.0,53080.0,43632.0,3.357184886932373,,,,,,,,,,,,,2.23724609375,-0.38931478881835935,0.5474805297851563,,,,,,,,43630.0,3763.0,65.0,505.0,-1070069245.0,394.0,25.0,-14.0,-150.0,-158.0,9719.0
1512,43643.0,43555.0,56687.0,51203.0,53240.0,43642.0,3.357184886932373,,,,,,,,,,,,,2.240998291015625,-0.3901796264648438,0.5470899658203126,,,,,,,,43640.0,3764.0,65.0,505.0,-1070068221.0,388.0,24.0,-18.0,-199.0,-152.0,9800.0
1513,43653.0,44124.0,57092.0,51067.0,52765.0,43652.0,3.357184886932373,,,,,,,,,,,,,2.2456201171875,-0.391394287109375,0.546422119140625,,,,,,,,43650.0,3770.0,65.0,504.0,-1070068221.0,390.0,22.0,-19.0,-320.0,-268.0,9753.0
1514,43663.0,43832.0,57034.0,51319.0,52873.0,43662.0,3.357184886932373,,,,,,,,,,,,,2.24867431640625,-0.3918092956542969,0.5463148193359375,,,,,,,,43660.0,3779.0,68.0,504.0,-1070068221.0,399.0,25.0,-19.0,-481.0,-383.0,9887.0
1515,43673.0,44471.0,56946.0,50916.0,52962.0,43672.0,3.357184886932373,,,,,,,,,,,,,2.253430419921875,-0.3910697021484375,0.5468184204101563,,,,,,,,43670.0,3783.0,68.0,504.0,-1070068221.0,398.0,25.0,-18.0,-219.0,-174.0,10001.0
1516,43683.0,41712.0,58521.0,52600.0,49597.0,43682.0,3.357184886932373,,,,,,,,,,,,,2.25607421875,-0.39109320068359377,0.5471723022460937,,,,,,,,43680.0,3778.0,67.0,505.0,-1070067197.0,381.0,21.0,-8.0,-219.0,-139.0,10007.0
1517,43693.0,42361.0,57511.0,52116.0,51579.0,43692.0,3.357184886932373,,,,,,,,,,,,,2.260424072265625,-0.3891883850097656,0.548151123046875,,,,,,,,43690.0,3779.0,68.0,505.0,-1070067197.0,375.0,22.0,-7.0,-202.0,-206.0,9893.0
1518,43703.0,44597.0,56631.0,50256.0,52761.0,43702.0,3.3624634742736816,,,,,,,,,,,,,2.2633671875,-0.38915814208984373,0.5482789306640625,,,,,,,,43700.0,3786.0,68.0,505.0,-1070067198.0,380.0,21.0,-6.0,-260.0,-270.0,9956.0
1519,43713.0,45215.0,56010.0,49722.0,53532.0,43712.0,3.3624634742736816,,,,,,,,,,,,,2.268806640625,-0.39139395141601563,0.5471755981445312,,,,,,,,43710.0,3792.0,68.0,505.0,-1070067198.0,382.0,20.0,-5.0,-380.0,-373.0,9669.0
1520,43723.0,44289.0,57166.0,50619.0,51722.0,43722.0,3.3624634742736816,,,,,,,,,,,,,2.27183251953125,-0.392186279296875,0.5466669311523438,,,,,,,,43720.0,3795.0,68.0,505.0,-1070067198.0,379.0,19.0,-5.0,-355.0,-352.0,9773.0
1521,43733.0,43513.0,56297.0,51261.0,52951.0,43732.0,3.3624634742736816,,,,,,,,,,,,,2.27628857421875,-0.3924161376953125,0.546681396484375,,,,,,,,43730.0,3798.0,71.0,505.0,-1070067198.0,378.0,24.0,-4.0,-177.0,-148.0,9932.0
1522,43743.0,45621.0,57120.0,49643.0,51653.0,43742.0,3.3624634742736816,,,,,,,,,,,,,2.279219970703125,-0.3921848449707031,0.5469417114257813,,,,,,,,43740.0,3802.0,69.0,505.0,-1070067198.0,377.0,19.0,-3.0,-274.0,-263.0,9632.0
1523,43753.0,45270.0,56241.0,49986.0,53011.0,43752.0,3.3624634742736816,,,,,,,,,,,,,2.283774169921875,-0.3923204956054688,0.5467969360351562,,,,,,,,43750.0,3805.0,69.0,505.0,-1070067198.0,374.0,18.0,-5.0,-311.0,-276.0,9607.0
1524,43763.0,45127.0,56558.0,50076.0,52708.0,43762.0,3.3624634742736816,,,,,,,,,,,,,2.286501953125,-0.3937451171875,0.547443603515625,,,,,,,,43760.0,3810.0,69.0,505.0,-1070067198.0,374.0,17.0,-7.0,-310.0,-139.0,9749.0
1525,43773.0,45137.0,56790.0,50033.0,52200.0,43772.0,3.3624634742736816,,,,,,,,,,,,,2.29121533203125,-0.39443301391601565,0.5470017700195312,,,,,,,,43770.0,3814.0,69.0,505.0,-1070068223.0,374.0,16.0,-4.0,-151.0,-225.0,9820.0
1526,43783.0,44347.0,56900.0,50697.0,51983.0,43782.0,3.3624634742736816,,,,,,,,,,,,,2.293957275390625,-0.3938731689453125,0.5467020263671875,,,,,,,,43780.0,3818.0,69.0,505.0,-1070068223.0,374.0,14.0,-4.0,-159.0,-71.0,9856.0
1527,43793.0,43690.0,56824.0,51135.0,52123.0,43792.0,3.3624634742736816,,,,,,,,,,,,,2.298978759765625,-0.3940691833496094,0.546381591796875,,,,,,,,43790.0,3821.0,69.0,505.0,-1070068223.0,372.0,13.0,-3.0,-285.0,-195.0,9777.0
1528,43803.0,45515.0,55738.0,49726.0,53564.0,43802.0,3.3624634742736816,,,,,,,,,,,,,2.302000732421875,-0.39410757446289063,0.5463788452148437,,,,,,,,43800.0,3828.0,69.0,505.0,-1070069247.0,377.0,12.0,-3.0,-278.0,-281.0,9858.0
1529,43813.0,43468.0,56825.0,51492.0,52048.0,43812.0,3.3624634742736816,,,,,,,,,,,,,2.304492431640625,-0.39408935546875,0.54647509765625,,,,,,,,43810.0,3830.0,69.0,505.0,-1070069247.0,373.0,11.0,-4.0,-248.0,-221.0,9829.0
1530,43823.0,43571.0,57017.0,51405.0,51754.0,43822.0,3.3624634742736816,,,,,,,,,,,,,2.30892529296875,-0.39244903564453126,0.5467799072265624,,,,,,,,43820.0,3833.0,69.0,505.0,-1070069247.0,371.0,11.0,-4.0,-252.0,-163.0,9810.0
1531,43833.0,43500.0,56723.0,51438.0,52212.0,43832.0,3.3624634742736816,,,,,,,,,,,,,2.313404296875,-0.39239236450195314,0.5477164916992188,,,,,,,,43830.0,3837.0,69.0,505.0,-1070069248.0,371.0,10.0,-4.0,-260.0,-205.0,9856.0
1532,43843.0,43299.0,56286.0,51607.0,52771.0,43842.0,3.3624634742736816,,,,,,,,,,,,,2.31470361328125,-0.39054092407226565,0.548474609375,,,,,,,,43840.0,3842.0,71.0,505.0,-1071117824.0,372.0,12.0,-3.0,-114.0,45.0,10001.0
1533,43853.0,45386.0,55626.0,50385.0,53730.0,43852.0,3.3624634742736816,,,,,,,,,,,,,2.319650634765625,-0.3913409729003906,0.5482468872070313,,,,,,,,43850.0,3848.0,71.0,505.0,-1071118848.0,376.0,12.0,-2.0,-202.0,-133.0,9937.0
1534,43863.0,42160.0,56503.0,52777.0,52495.0,43862.0,3.3624634742736816,,,,,,,,,,,,,2.32287646484375,-0.3924842529296875,0.54752294921875,,,,,,,,43860.0,3849.0,72.0,503.0,-1071118336.0,371.0,12.0,-7.0,-270.0,-297.0,9837.0
1535,43873.0,41763.0,56754.0,53013.0,52126.0,43872.0,3.3624634742736816,,,,,,,,,,,,,2.328612548828125,-0.3958474731445312,0.5458441162109375,,,,,,,,43870.0,3851.0,73.0,503.0,-1072166912.0,368.0,13.0,-7.0,-241.0,-216.0,9851.0
1536,43883.0,42296.0,57143.0,52784.0,51780.0,43882.0,3.357184886932373,,,,,,,,,,,,,2.331359619140625,-0.39533993530273437,0.546396484375,,,,,,,,43880.0,3853.0,72.0,503.0,-1072166911.0,365.0,12.0,-7.0,-138.0,-116.0,9644.0
1537,43893.0,45366.0,55870.0,50558.0,53646.0,43892.0,3.357184886932373,,,,,,,,,,,,,2.33588134765625,-0.3961913452148437,0.5452623291015625,,,,,,,,43890.0,3860.0,73.0,503.0,-1073215487.0,370.0,13.0,-9.0,-169.0,-87.0,9746.0
1538,43903.0,45609.0,56498.0,50502.0,52900.0,43902.0,3.357184886932373,,,,,,,,,,,,,2.33738720703125,-0.3964592590332031,0.5456514282226562,,,,,,,,43900.0,3866.0,71.0,503.0,-1073215487.0,373.0,9.0,-11.0,-430.0,-169.0,9763.0
1539,43913.0,43212.0,56919.0,52366.0,52285.0,43912.0,3.357184886932373,,,,,,,,,,,,,2.33738720703125,-0.3964592590332031,0.5456514282226562,,,,,,,,43910.0,3867.0,73.0,503.0,-536344575.0,367.0,12.0,-12.0,-239.0,-162.0,9688.0
1540,43923.0,46713.0,56483.0,49750.0,53219.0,43922.0,3.3519062995910645,,,,,,,,,,,,,2.33738720703125,-0.3964592590332031,0.5456514282226562,,,,,,,,43920.0,3871.0,73.0,503.0,-536344575.0,367.0,11.0,-13.0,-165.0,-116.0,9909.0
1541,43933.0,47314.0,57223.0,49010.0,52314.0,43932.0,3.3519062995910645,,,,,,,,,,,,,2.33738720703125,-0.3964592590332031,0.5456514282226562,,,,,,,,43930.0,3875.0,69.0,502.0,-1073215487.0,367.0,5.0,-13.0,-136.0,-139.0,9758.0
1542,43943.0,45814.0,55927.0,50315.0,54132.0,43942.0,3.3519062995910645,,,,,,,,,,,,,2.33738720703125,-0.3964592590332031,0.5456514282226562,,,,,,,,43940.0,3882.0,72.0,502.0,-536345599.0,373.0,10.0,-13.0,-406.0,-122.0,9837.0
1543,43953.0,45254.0,56384.0,50661.0,53640.0,43952.0,3.3519062995910645,,,,,,,,,,,,,2.33738720703125,-0.3964592590332031,0.5456514282226562,,,,,,,,43950.0,3887.0,72.0,502.0,-1073216511.0,374.0,9.0,-12.0,-231.0,-98.0,9917.0
1544,43963.0,45122.0,56848.0,50548.0,53166.0,43962.0,3.3519062995910645,,,,,,,,,,,,,2.36088037109375,-0.39832659912109375,0.5447191162109375,,,,,,,,43960.0,3890.0,72.0,502.0,-1073217535.0,374.0,9.0,-11.0,-93.0,-93.0,10038.0
1545,43973.0,41799.0,57542.0,52983.0,52313.0,43972.0,3.346627712249756,,,,,,,,,,,,,2.362263916015625,-0.3941465148925781,0.54701123046875,,,,,,,,43970.0,3886.0,73.0,502.0,-1073217535.0,359.0,11.0,-9.0,-175.0,-151.0,9993.0
1546,43983.0,44413.0,56891.0,50977.0,53241.0,43982.0,3.346627712249756,,,,,,,,,,,,,2.365867919921875,-0.39555206298828127,0.5467618408203125,,,,,,,,43980.0,3889.0,73.0,502.0,-1073741823.0,359.0,11.0,-6.0,-210.0,-248.0,10049.0
1547,43993.0,46999.0,55279.0,48537.0,54946.0,43992.0,3.3519062995910645,,,,,,,,,,,,,2.365867919921875,-0.39555206298828127,0.5467618408203125,,,,,,,,43990.0,3902.0,73.0,502.0,-1073740799.0,376.0,11.0,-4.0,-168.0,-173.0,10036.0
1548,44003.0,43894.0,57003.0,51103.0,52741.0,44002.0,3.3519062995910645,,,,,,,,,,,,,2.365867919921875,-0.39555206298828127,0.5467618408203125,,,,,,,,44000.0,3905.0,74.0,502.0,-1073740799.0,375.0,11.0,-1.0,-230.0,-113.0,10049.0
1549,44013.0,43924.0,56939.0,50987.0,52803.0,44012.0,3.3519062995910645,,,,,,,,,,,,,2.365867919921875,-0.39555206298828127,0.5467618408203125,,,,,,,,44010.0,3908.0,74.0,502.0,-1073739775.0,374.0,10.0,0.0,-103.0,-107.0,9909.0
1550,44023.0,43828.0,56636.0,50957.0,53160.0,44022.0,3.3519062995910645,,,,,,,,,,,,,2.380954833984375,-0.39787786865234376,0.54525390625,,,,,,,,44020.0,3910.0,74.0,502.0,-1073739775.0,371.0,10.0,2.0,-227.0,-250.0,9968.0
1551,44033.0,44904.0,56680.0,50053.0,53055.0,44032.0,3.3519062995910645,,,,,,,,,,,,,2.380954833984375,-0.39787786865234376,0.54525390625,,,,,,,,44030.0,3915.0,74.0,502.0,-1073739775.0,373.0,10.0,4.0,-146.0,-165.0,9951.0
1552,44043.0,45158.0,56408.0,49732.0,53415.0,44042.0,3.3519062995910645,,,,,,,,,,,,,2.39007080078125,-0.40096713256835936,0.5449674682617187,,,,,,,,44040.0,3921.0,74.0,502.0,-1073739776.0,378.0,10.0,6.0,-146.0,-144.0,9978.0
1553,44053.0,43172.0,57110.0,51078.0,52193.0,44052.0,3.357184886932373,,,,,,,,,,,,,2.39495068359375,-0.4001085510253906,0.5455864868164062,,,,,,,,44050.0,3924.0,74.0,502.0,-1073739776.0,376.0,9.0,7.0,-227.0,-233.0,9997.0
1554,44063.0,42594.0,56246.0,51415.0,53364.0,44062.0,3.357184886932373,,,,,,,,,,,,,2.39720166015625,-0.40093307495117186,0.5453176879882813,,,,,,,,44060.0,3927.0,76.0,502.0,-1073739776.0,376.0,13.0,9.0,-175.0,-206.0,9823.0
1555,44073.0,43662.0,56702.0,50611.0,52733.0,44072.0,3.357184886932373,,,,,,,,,,,,,2.40061376953125,-0.402097900390625,0.5447639770507813,,,,,,,,44070.0,3928.0,76.0,503.0,-1073739776.0,372.0,13.0,9.0,-178.0,-112.0,9809.0
1556,44083.0,45144.0,56088.0,49419.0,53532.0,44082.0,3.357184886932373,,,,,,,,,,,,,2.404967041015625,-0.402467041015625,0.5447836303710938,,,,,,,,44080.0,3936.0,75.0,503.0,-1073739264.0,381.0,11.0,9.0,-185.0,-101.0,9791.0
1557,44093.0,43637.0,56513.0,50466.0,52819.0,44092.0,3.3624634742736816,,,,,,,,,,,,,2.409501708984375,-0.4021428527832031,0.5451885375976563,,,,,,,,44090.0,3939.0,75.0,503.0,-1073739264.0,379.0,10.0,9.0,-203.0,-154.0,9725.0
1558,44103.0,31654.0,48536.0,38250.0,43829.0,44102.0,3.357184886932373,,,,,,,,,,,,,2.412427734375,-0.40220843505859377,0.5454056396484375,,,,,,,,44100.0,3942.0,75.0,503.0,-1073739264.0,377.0,10.0,9.0,-257.0,-206.0,9791.0
1559,44113.0,31494.0,48996.0,38415.0,43415.0,44112.0,3.3624634742736816,,,,,,,,,,,,,2.416886962890625,-0.4022291870117187,0.5455517578125,,,,,,,,44110.0,3944.0,74.0,502.0,-1072690688.0,376.0,9.0,0.0,-207.0,-120.0,9719.0
1560,44123.0,32648.0,46046.0,34852.0,43531.0,44122.0,3.4785923957824707,,,,,,,,,,,,,2.419890869140625,-0.40251751708984373,0.5455845336914062,,,,,,,,44120.0,3949.0,74.0,502.0,-1072690687.0,378.0,8.0,0.0,-98.0,-36.0,9620.0
1561,44133.0,32049.0,46356.0,35208.0,43285.0,44132.0,3.4785923957824707,,,,,,,,,,,,,2.424151123046875,-0.4021778259277344,0.5462069091796875,,,,,,,,44130.0,3952.0,75.0,502.0,-1072690687.0,377.0,9.0,-2.0,-199.0,-189.0,9432.0
1562,44143.0,32655.0,45402.0,33596.0,43434.0,44142.0,3.5208210945129395,,,,,,,,,,,,,2.42564892578125,-0.40233206176757813,0.5464515991210938,,,,,,,,44140.0,3956.0,75.0,502.0,-1072690687.0,379.0,8.0,-6.0,-142.0,-136.0,9293.0
1563,44153.0,31384.0,45703.0,34360.0,42630.0,44152.0,3.5313782691955566,,,,,,,,,,,,,2.42564892578125,-0.40233206176757813,0.5464515991210938,,,,,,,,44150.0,3957.0,75.0,501.0,-1072690687.0,374.0,9.0,-12.0,-147.0,-70.0,8963.0
1564,44163.0,33992.0,44615.0,31812.0,43981.0,44162.0,3.5366568565368652,,,,,,,,,,,,,2.42564892578125,-0.40233206176757813,0.5464515991210938,,,,,,,,44160.0,3964.0,75.0,503.0,-1071641086.0,380.0,8.0,-13.0,-110.0,-123.0,8684.0
1565,44173.0,33259.0,44860.0,33046.0,43845.0,44172.0,3.541935443878174,,,,,,,,,,,,,2.439589599609375,-0.4046416931152344,0.5448550415039063,,,,,,,,44170.0,3967.0,76.0,503.0,-1071641086.0,379.0,8.0,-25.0,106.0,30.0,8411.0
1566,44183.0,33972.0,44114.0,33027.0,45084.0,44182.0,3.5366568565368652,,,,,,,,,,,,,2.442135009765625,-0.4045252380371094,0.5444113159179688,,,,,,,,44180.0,3971.0,77.0,502.0,-1071640062.0,379.0,11.0,-40.0,-31.0,-17.0,8323.0
1567,44193.0,35264.0,45494.0,32271.0,44096.0,44192.0,3.5366568565368652,,,,,,,,,,,,,2.446531982421875,-0.40429244995117186,0.543853271484375,,,,,,,,44190.0,3974.0,77.0,502.0,-1070590462.0,380.0,9.0,-54.0,-84.0,-110.0,8214.0
1568,44203.0,35898.0,45473.0,32503.0,44335.0,44202.0,3.5366568565368652,,,,,,,,,,,,,2.4499375,-0.40458050537109375,0.5431309814453125,,,,,,,,44200.0,3978.0,77.0,501.0,-1070589437.0,381.0,9.0,-69.0,-30.0,-2.0,8015.0
1569,44213.0,36968.0,46294.0,32274.0,44153.0,44212.0,3.5313782691955566,,,,,,,,,,,,,2.45447216796875,-0.4056770935058594,0.54141748046875,,,,,,,,44210.0,3983.0,76.0,501.0,-1069540861.0,384.0,6.0,-88.0,73.0,-183.0,7704.0
1570,44223.0,39531.0,46541.0,30680.0,44690.0,44222.0,3.5208210945129395,,,,,,,,,,,,,2.457502685546875,-0.40450271606445315,0.5413433837890625,,,,,,,,44220.0,3990.0,75.0,500.0,-1069539837.0,390.0,3.0,-110.0,71.0,-116.0,7657.0
1571,44233.0,36612.0,48070.0,35214.0,43612.0,44232.0,3.515542507171631,,,,,,,,,,,,,2.460610595703125,-0.40606365966796876,0.5394090576171875,,,,,,,,44230.0,3990.0,74.0,498.0,-1068491261.0,386.0,2.0,-131.0,-8.0,-107.0,7802.0
1572,44243.0,36515.0,46927.0,35991.0,45152.0,44242.0,3.5102639198303223,,,,,,,,,,,,,2.4652041015625,-0.4061834716796875,0.5376491088867188,,,,,,,,44240.0,3993.0,77.0,499.0,-1067442685.0,385.0,5.0,-141.0,-24.0,-196.0,7523.0
1573,44253.0,38668.0,47580.0,34765.0,45046.0,44252.0,3.5102639198303223,,,,,,,,,,,,,2.46983544921875,-0.40707958984375,0.5350730590820313,,,,,,,,44250.0,3998.0,76.0,498.0,-1066394109.0,388.0,1.0,-163.0,-74.0,-150.0,7686.0
1574,44263.0,39441.0,47086.0,35427.0,46206.0,44262.0,3.499706745147705,,,,,,,,,,,,,2.47279345703125,-0.40616128540039065,0.5340211181640625,,,,,,,,44260.0,4005.0,75.0,496.0,-1066394109.0,396.0,0.0,-183.0,-78.0,-348.0,7703.0
1575,44273.0,36773.0,48253.0,39344.0,45569.0,44272.0,3.4944281578063965,,,,,,,,,,,,,2.477568359375,-0.4074368896484375,0.5308640747070312,,,,,,,,44270.0,4006.0,75.0,494.0,-1065346557.0,393.0,-2.0,-204.0,-35.0,-93.0,7626.0
1576,44283.0,35763.0,48829.0,41893.0,46135.0,44282.0,3.4838709831237793,,,,,,,,,,,,,2.480368896484375,-0.4072832336425781,0.529081787109375,,,,,,,,44280.0,4007.0,76.0,492.0,-1066396158.0,389.0,-1.0,-225.0,1.0,-293.0,7824.0
1577,44293.0,37036.0,47818.0,41819.0,47876.0,44292.0,3.4785923957824707,,,,,,,,,,,,,2.4838623046875,-0.4073947448730469,0.5270945434570312,,,,,,,,44290.0,4012.0,78.0,487.0,-1066397182.0,392.0,0.0,-257.0,-46.0,-284.0,7423.0
1578,44303.0,37589.0,47914.0,42692.0,48551.0,44302.0,3.4680352210998535,,,,,,,,,,,,,2.48822607421875,-0.40722500610351564,0.523826171875,,,,,,,,44300.0,4018.0,79.0,485.0,-1067446782.0,396.0,0.0,-280.0,-86.0,-317.0,7521.0
1579,44313.0,38436.0,49036.0,42934.0,48006.0,44312.0,3.4680352210998535,,,,,,,,,,,,,2.490984130859375,-0.40590347290039064,0.5220052490234375,,,,,,,,44310.0,4025.0,78.0,482.0,-1067448831.0,402.0,-2.0,-304.0,-163.0,-246.0,7478.0
1580,44323.0,38642.0,49536.0,43917.0,48350.0,44322.0,3.4574780464172363,,,,,,,,,,,,,2.49589208984375,-0.4087879638671875,0.51706884765625,,,,,,,,44320.0,4028.0,79.0,478.0,-1067974143.0,400.0,-2.0,-326.0,-144.0,-113.0,7820.0
1581,44333.0,34489.0,51997.0,48185.0,46244.0,44332.0,3.446920871734619,,,,,,,,,,,,,2.499100341796875,-0.4081866760253906,0.5146658935546875,,,,,,,,44330.0,4025.0,79.0,475.0,-1069019648.0,389.0,-3.0,-347.0,-200.0,-52.0,8065.0
1582,44343.0,39514.0,50377.0,45185.0,48885.0,44342.0,3.4416422843933105,,,,,,,,,,,,,2.503810791015625,-0.40825930786132814,0.5100042114257812,,,,,,,,44340.0,4033.0,80.0,471.0,-1070066688.0,395.0,-1.0,-365.0,-114.0,-48.0,7892.0
1583,44353.0,41784.0,51633.0,44222.0,48257.0,44352.0,3.4310851097106934,,,,,,,,,,,,,2.50652783203125,-0.40741561889648437,0.50794873046875,,,,,,,,44350.0,4040.0,79.0,467.0,-1071113215.0,399.0,-4.0,-384.0,-282.0,-73.0,8129.0
1584,44363.0,40889.0,52220.0,45856.0,48432.0,44362.0,3.420527935028076,,,,,,,,,,,,,2.511053955078125,-0.40874896240234376,0.5023536376953125,,,,,,,,44360.0,4043.0,80.0,463.0,-1071111167.0,397.0,-3.0,-400.0,-227.0,-24.0,8022.0
1585,44373.0,41550.0,52286.0,45944.0,48631.0,44372.0,3.420527935028076,,,,,,,,,,,,,2.515967041015625,-0.40851910400390623,0.4977236633300781,,,,,,,,44370.0,4047.0,80.0,460.0,-1071109118.0,395.0,-3.0,-414.0,-352.0,-85.0,8065.0
1586,44383.0,41723.0,52709.0,46555.0,48801.0,44382.0,3.4152493476867676,,,,,,,,,,,,,2.5189228515625,-0.41033953857421873,0.49336483764648437,,,,,,,,44380.0,4051.0,80.0,456.0,-1071107070.0,392.0,-4.0,-432.0,-395.0,-35.0,8074.0
1587,44393.0,42359.0,54892.0,46726.0,46393.0,44392.0,3.409970760345459,,,,,,,,,,,,,2.523737060546875,-0.40978466796875,0.48838861083984375,,,,,,,,44390.0,4048.0,78.0,452.0,-1071105021.0,378.0,-7.0,-448.0,-399.0,-76.0,8246.0
1588,44403.0,43424.0,53699.0,46590.0,49088.0,44402.0,3.399413585662842,,,,,,,,,,,,,2.5259423828125,-0.4090495300292969,0.4844503173828125,,,,,,,,44400.0,4054.0,79.0,447.0,-1071102973.0,378.0,-6.0,-464.0,-513.0,-126.0,8516.0
1589,44413.0,45027.0,53102.0,45519.0,50357.0,44412.0,3.394134998321533,,,,,,,,,,,,,2.52853662109375,-0.4094800720214844,0.4812817687988281,,,,,,,,44410.0,4060.0,79.0,443.0,-1070053373.0,378.0,-5.0,-474.0,-727.0,-168.0,8335.0
1590,44423.0,44944.0,53780.0,46173.0,50262.0,44422.0,3.3888564109802246,,,,,,,,,,,,,2.5318779296875,-0.40902883911132815,0.47696322631835936,,,,,,,,44420.0,4064.0,80.0,438.0,-1070051324.0,374.0,-5.0,-489.0,-531.0,-89.0,8298.0
1591,44433.0,43529.0,55034.0,47916.0,49104.0,44432.0,3.3888564109802246,,,,,,,,,,,,,2.5318779296875,-0.40902883911132815,0.47696322631835936,,,,,,,,44430.0,4064.0,79.0,433.0,-1070050300.0,364.0,-7.0,-504.0,-481.0,-46.0,8411.0
1592,44443.0,43419.0,54781.0,48501.0,50216.0,44442.0,3.383577823638916,,,,,,,,,,,,,2.5318779296875,-0.40902883911132815,0.47696322631835936,,,,,,,,44440.0,4066.0,79.0,428.0,-1069000700.0,356.0,-8.0,-518.0,-636.0,-221.0,8592.0
1593,44453.0,47271.0,52694.0,45270.0,53276.0,44452.0,3.3782992362976074,,,,,,,,,,,,,2.5318779296875,-0.40902883911132815,0.47696322631835936,,,,,,,,44450.0,4077.0,79.0,423.0,-1068999675.0,364.0,-9.0,-530.0,-809.0,-427.0,8532.0
1594,44463.0,43772.0,55513.0,49513.0,50830.0,44462.0,3.373020648956299,,,,,,,,,,,,,2.547803955078125,-0.4110104064941406,0.45314199829101565,,,,,,,,44460.0,4076.0,79.0,415.0,-1068998651.0,351.0,-9.0,-553.0,-698.0,-165.0,8625.0
1595,44473.0,42847.0,55115.0,50696.0,51943.0,44472.0,3.3677420616149902,,,,,,,,,,,,,2.550378662109375,-0.41219515991210937,0.4483171081542969,,,,,,,,44470.0,4078.0,81.0,410.0,-1068997627.0,342.0,-7.0,-564.0,-574.0,13.0,8974.0
1596,44483.0,44866.0,54293.0,49520.0,53286.0,44482.0,3.3624634742736816,,,,,,,,,,,,,2.554598876953125,-0.4121884460449219,0.44212515258789065,,,,,,,,44480.0,4083.0,82.0,404.0,-1070045179.0,339.0,-7.0,-572.0,-734.0,-147.0,9007.0
1597,44493.0,44074.0,54303.0,50536.0,53452.0,44492.0,3.3624634742736816,,,,,,,,,,,,,2.558384033203125,-0.4134998779296875,0.43467108154296874,,,,,,,,44490.0,4089.0,83.0,398.0,-1070044155.0,337.0,-6.0,-581.0,-778.0,-128.0,8866.0
1598,44503.0,42986.0,55019.0,51935.0,53273.0,44502.0,3.357184886932373,,,,,,,,,,,,,2.56016748046875,-0.41205377197265625,0.43034527587890625,,,,,,,,44500.0,4092.0,84.0,391.0,-1071091707.0,329.0,-4.0,-596.0,-800.0,-135.0,9078.0
1599,44513.0,44260.0,55122.0,51184.0,53378.0,44512.0,3.357184886932373,,,,,,,,,,,,,2.563184814453125,-0.4127835388183594,0.4253198547363281,,,,,,,,44510.0,4096.0,84.0,385.0,-1072139259.0,324.0,-4.0,-603.0,-897.0,-210.0,9197.0
1600,44523.0,45086.0,55030.0,50942.0,53772.0,44522.0,3.3519062995910645,,,,,,,,,,,,,2.56709814453125,-0.4141817016601563,0.41779092407226565,,,,,,,,44520.0,4100.0,84.0,379.0,-1072138235.0,318.0,-4.0,-609.0,-964.0,-226.0,9265.0
1601,44533.0,43038.0,55817.0,52702.0,53222.0,44532.0,3.346627712249756,,,,,,,,,,,,,2.5692744140625,-0.41377328491210935,0.41332305908203126,,,,,,,,44530.0,4099.0,86.0,373.0,-1073185787.0,304.0,-2.0,-614.0,-1240.0,-125.0,9247.0
1602,44543.0,48597.0,56090.0,48285.0,53164.0,44542.0,3.3413491249084473,,,,,,,,,,,,,2.572601318359375,-0.4128660583496094,0.40683636474609375,,,,,,,,44540.0,4106.0,81.0,367.0,-536314874.0,302.0,-10.0,-616.0,-1011.0,-162.0,9528.0
1603,44553.0,47632.0,55528.0,49249.0,53998.0,44552.0,3.3413491249084473,,,,,,,,,,,,,2.57635693359375,-0.4139533386230469,0.398748291015625,,,,,,,,44550.0,4111.0,82.0,361.0,-535265274.0,297.0,-9.0,-619.0,-848.0,-115.0,9524.0
1604,44563.0,46676.0,56525.0,50246.0,52853.0,44562.0,3.3413491249084473,,,,,,,,,,,,,2.578392578125,-0.41406918334960935,0.3938736877441406,,,,,,,,44560.0,4111.0,82.0,355.0,-535265274.0,284.0,-9.0,-622.0,-884.0,-53.0,9426.0
1605,44573.0,46564.0,57166.0,50488.0,52024.0,44572.0,3.3413491249084473,,,,,,,,,,,,,2.580456298828125,-0.41421417236328123,0.38873715209960935,,,,,,,,44570.0,4111.0,81.0,349.0,-536312826.0,271.0,-9.0,-625.0,-1007.0,-232.0,9511.0
1606,44583.0,48647.0,55172.0,48653.0,54659.0,44582.0,3.3413491249084473,,,,,,,,,,,,,2.583487060546875,-0.4149858703613281,0.38139767456054685,,,,,,,,44580.0,4122.0,82.0,343.0,-1073184762.0,277.0,-8.0,-628.0,-1057.0,-188.0,9650.0
1607,44593.0,46438.0,56755.0,50720.0,52698.0,44592.0,3.3413491249084473,,,,,,,,,,,,,2.585773193359375,-0.41524514770507814,0.3768013916015625,,,,,,,,44590.0,4123.0,82.0,336.0,-1073183738.0,265.0,-7.0,-628.0,-1134.0,-238.0,9771.0
1608,44603.0,44234.0,56704.0,52498.0,52727.0,44602.0,3.3413491249084473,,,,,,,,,,,,,2.588562744140625,-0.41476904296875,0.3700010070800781,,,,,,,,44600.0,4124.0,83.0,330.0,-1072135162.0,254.0,-6.0,-628.0,-1086.0,-284.0,9749.0
1609,44613.0,44511.0,56250.0,52352.0,53296.0,44612.0,3.3413491249084473,,,,,,,,,,,,,2.58964306640625,-0.41476556396484376,0.36519235229492186,,,,,,,,44610.0,4128.0,86.0,324.0,-1072134138.0,246.0,-1.0,-627.0,-968.0,-153.0,9736.0
1610,44623.0,42768.0,56911.0,53648.0,52310.0,44622.0,3.3413491249084473,,,,,,,,,,,,,2.59333837890625,-0.4154801940917969,0.356947998046875,,,,,,,,44620.0,4127.0,87.0,318.0,-1072133114.0,231.0,0.0,-628.0,-976.0,-149.0,9802.0
1611,44633.0,45092.0,55863.0,51910.0,53487.0,44632.0,3.346627712249756,,,,,,,,,,,,,2.595827392578125,-0.41558282470703123,0.3498482971191406,,,,,,,,44630.0,4133.0,88.0,312.0,-1072133114.0,229.0,0.0,-627.0,-1096.0,-240.0,9921.0
1612,44643.0,42899.0,56415.0,53494.0,52676.0,44642.0,3.346627712249756,,,,,,,,,,,,,2.596736083984375,-0.41565798950195315,0.3474958190917969,,,,,,,,44640.0,4135.0,88.0,305.0,-1072132090.0,218.0,0.0,-626.0,-1113.0,-137.0,9951.0
1613,44653.0,42979.0,56110.0,53466.0,53013.0,44652.0,3.346627712249756,,,,,,,,,,,,,2.59926416015625,-0.4159524230957031,0.3397874450683594,,,,,,,,44650.0,4136.0,90.0,299.0,-1073179641.0,207.0,4.0,-624.0,-1187.0,-112.0,10019.0
1614,44663.0,43434.0,57084.0,52991.0,51352.0,44662.0,3.3519062995910645,,,,,,,,,,,,,2.60042236328125,-0.4142999877929687,0.3335767822265625,,,,,,,,44660.0,4136.0,90.0,293.0,-1073178617.0,192.0,2.0,-622.0,-1154.0,-98.0,9978.0
1615,44673.0,46250.0,55230.0,50604.0,53490.0,44672.0,3.3519062995910645,,,,,,,,,,,,,2.60373828125,-0.41777203369140625,0.32478192138671874,,,,,,,,44670.0,4145.0,90.0,287.0,-536307705.0,194.0,3.0,-620.0,-1216.0,-77.0,10084.0
1616,44683.0,45919.0,56418.0,50905.0,51847.0,44682.0,3.3519062995910645,,,,,,,,,,,,,2.605093505859375,-0.4160289306640625,0.32064999389648435,,,,,,,,44680.0,4147.0,90.0,282.0,-536306681.0,184.0,2.0,-609.0,-1033.0,-111.0,9926.0
1617,44693.0,46176.0,56680.0,50598.0,51481.0,44692.0,3.3519062995910645,,,,,,,,,,,,,2.606153076171875,-0.41590792846679686,0.31336767578125,,,,,,,,44690.0,4149.0,89.0,276.0,-1073177593.0,174.0,1.0,-607.0,-1188.0,-184.0,10007.0
1618,44703.0,45096.0,56659.0,51369.0,51463.0,44702.0,3.357184886932373,,,,,,,,,,,,,2.60776318359375,-0.41625567626953125,0.3084476623535156,,,,,,,,44700.0,4148.0,89.0,270.0,-1072127993.0,158.0,1.0,-605.0,-1061.0,-153.0,9928.0
1619,44713.0,46269.0,56344.0,50786.0,52190.0,44712.0,3.357184886932373,,,,,,,,,,,,,2.610202392578125,-0.4174642028808594,0.301204345703125,,,,,,,,44710.0,4150.0,89.0,264.0,-1072127992.0,147.0,1.0,-604.0,-1259.0,-300.0,9862.0
1620,44723.0,44081.0,55454.0,52697.0,53697.0,44722.0,3.357184886932373,,,,,,,,,,,,,2.611076904296875,-0.416936279296875,0.2958802185058594,,,,,,,,44720.0,4150.0,96.0,258.0,-1072129016.0,134.0,11.0,-603.0,-1209.0,-209.0,9857.0
1621,44733.0,46160.0,56230.0,51534.0,52991.0,44732.0,3.357184886932373,,,,,,,,,,,,,2.61222509765625,-0.4174530029296875,0.29114501953125,,,,,,,,44730.0,4151.0,96.0,252.0,-1071080440.0,123.0,11.0,-603.0,-1074.0,-300.0,9758.0
1622,44743.0,39564.0,51212.0,56053.0,57766.0,44742.0,3.3519062995910645,,,,,,,,,,,,,2.613658935546875,-0.41734494018554685,0.28377447509765624,,,,,,,,44740.0,4153.0,120.0,246.0,-1071081464.0,114.0,46.0,-604.0,-978.0,-238.0,9738.0
1623,44753.0,45593.0,55819.0,52943.0,54554.0,44752.0,3.346627712249756,,,,,,,,,,,,,2.6144296875,-0.41729571533203125,0.2791534729003906,,,,,,,,44750.0,4154.0,120.0,240.0,-1071082487.0,103.0,45.0,-604.0,-1014.0,-304.0,9875.0
1624,44763.0,47993.0,56143.0,51354.0,54420.0,44762.0,3.3413491249084473,,,,,,,,,,,,,2.6155830078125,-0.416972412109375,0.2717223815917969,,,,,,,,44760.0,4157.0,118.0,235.0,-1070034935.0,98.0,41.0,-598.0,-907.0,-137.0,9776.0
1625,44773.0,47118.0,56431.0,52628.0,54586.0,44772.0,3.3360705375671387,,,,,,,,,,,,,2.61609716796875,-0.41695059204101564,0.26765994262695314,,,,,,,,44770.0,4159.0,121.0,229.0,-1070035959.0,90.0,43.0,-599.0,-831.0,-19.0,9787.0
1626,44783.0,47968.0,57354.0,52279.0,53725.0,44782.0,3.3360705375671387,,,,,,,,,,,,,2.617580322265625,-0.4184179992675781,0.25940594482421875,,,,,,,,44780.0,4160.0,121.0,223.0,-1068988407.0,81.0,42.0,-599.0,-823.0,-229.0,9953.0
1627,44793.0,51161.0,60438.0,49449.0,46597.0,44792.0,3.3360705375671387,,,,,,,,,,,,,2.618056396484375,-0.417713134765625,0.25502223205566404,,,,,,,,44790.0,4155.0,101.0,217.0,-1066891256.0,60.0,9.0,-597.0,-964.0,-324.0,9976.0
1628,44803.0,46103.0,54719.0,54272.0,57218.0,44802.0,3.33079195022583,,,,,,,,,,,,,2.61916259765625,-0.4182645263671875,0.24791253662109375,,,,,,,,44800.0,4164.0,117.0,211.0,-1066893303.0,67.0,32.0,-595.0,-982.0,-370.0,10066.0
1629,44813.0,46560.0,57902.0,54194.0,54406.0,44812.0,3.33079195022583,,,,,,,,,,,,,2.6192548828125,-0.41724102783203126,0.24327679443359376,,,,,,,,44810.0,4164.0,118.0,204.0,-1064796151.0,58.0,32.0,-597.0,-899.0,-169.0,10079.0
1630,44823.0,47045.0,58313.0,54317.0,54193.0,44822.0,3.3255133628845215,,,,,,,,,,,,,2.619389404296875,-0.41793978881835936,0.23599859619140626,,,,,,,,44820.0,4166.0,119.0,198.0,-1063747575.0,51.0,30.0,-594.0,-832.0,-343.0,10164.0
1631,44833.0,48191.0,58435.0,53804.0,54506.0,44832.0,3.320234775543213,,,,,,,,,,,,,2.620632568359375,-0.41831723022460937,0.22887786865234375,,,,,,,,44830.0,4168.0,118.0,192.0,-1062698999.0,46.0,25.0,-590.0,-911.0,-353.0,10210.0
1632,44843.0,43938.0,59734.0,56794.0,52579.0,44842.0,3.3149561882019043,,,,,,,,,,,,,2.6208974609375,-0.41884527587890624,0.2239192352294922,,,,,,,,44840.0,4162.0,118.0,186.0,-1062697975.0,22.0,22.0,-587.0,-914.0,-469.0,10163.0
1633,44853.0,46853.0,55951.0,55028.0,57568.0,44852.0,3.3149561882019043,,,,,,,,,,,,,2.621056884765625,-0.4184647216796875,0.21981143188476562,,,,,,,,44850.0,4170.0,126.0,182.0,-1062698999.0,31.0,32.0,-573.0,-1002.0,-440.0,10164.0
1634,44863.0,46040.0,58506.0,55741.0,54910.0,44862.0,3.3149561882019043,,,,,,,,,,,,,2.62072900390625,-0.41882681274414063,0.21274661254882812,,,,,,,,44860.0,4170.0,127.0,176.0,-1062698999.0,22.0,29.0,-569.0,-968.0,-395.0,10197.0
1635,44873.0,46656.0,58721.0,55779.0,54913.0,44872.0,3.3096776008605957,,,,,,,,,,,,,2.621564208984375,-0.4193026123046875,0.20570579528808594,,,,,,,,44870.0,4170.0,125.0,171.0,-1061650423.0,13.0,24.0,-565.0,-914.0,-477.0,10334.0
1636,44883.0,46693.0,58911.0,55985.0,54717.0,44882.0,3.3096776008605957,,,,,,,,,,,,,2.62174169921875,-0.41979852294921877,0.20114892578125,,,,,,,,44880.0,4170.0,127.0,165.0,-1062698999.0,1.0,22.0,-560.0,-903.0,-509.0,10290.0
1637,44893.0,46153.0,58277.0,56845.0,56151.0,44892.0,3.304399013519287,,,,,,,,,,,,,2.621721923828125,-0.41973831176757814,0.19698960876464844,,,,,,,,44890.0,4170.0,131.0,160.0,-1062698999.0,-6.0,26.0,-555.0,-961.0,-407.0,10300.0
1638,44903.0,49190.0,59238.0,55262.0,54733.0,44902.0,3.304399013519287,,,,,,,,,,,,,2.62079638671875,-0.4195362548828125,0.1909231414794922,,,,,,,,44900.0,4171.0,129.0,153.0,-1061650423.0,-13.0,20.0,-556.0,-910.0,-489.0,10288.0
1639,44913.0,54031.0,59731.0,50894.0,54076.0,44912.0,3.304399013519287,,,,,,,,,,,,,2.621199951171875,-0.4201952819824219,0.18588934326171874,,,,,,,,44910.0,4177.0,119.0,147.0,-1060602871.0,-8.0,0.0,-550.0,-938.0,-565.0,10423.0
1640,44923.0,49088.0,59244.0,55804.0,55662.0,44922.0,3.29384183883667,,,,,,,,,,,,,2.62103369140625,-0.421013671875,0.17907467651367187,,,,,,,,44920.0,4176.0,125.0,142.0,-1060602871.0,-18.0,6.0,-544.0,-822.0,-428.0,10404.0
1641,44933.0,53338.0,60520.0,52209.0,53896.0,44932.0,3.2885632514953613,,,,,,,,,,,,,2.620714599609375,-0.42109237670898436,0.17513816833496093,,,,,,,,44930.0,4177.0,117.0,137.0,-1059555319.0,-25.0,-10.0,-538.0,-894.0,-434.0,10535.0
1642,44943.0,52205.0,60597.0,53644.0,54558.0,44942.0,3.2832846641540527,,,,,,,,,,,,,2.619959716796875,-0.42293429565429685,0.16861689758300782,,,,,,,,44940.0,4176.0,114.0,130.0,-1057459191.0,-33.0,-19.0,-536.0,-868.0,-558.0,10595.0
1643,44953.0,54268.0,59767.0,51327.0,56460.0,44952.0,3.2832846641540527,,,,,,,,,,,,,2.619033447265625,-0.4221949462890625,0.16319706726074218,,,,,,,,44950.0,4181.0,111.0,125.0,-1056412663.0,-27.0,-27.0,-528.0,-769.0,-609.0,10523.0
1644,44963.0,54436.0,60547.0,51243.0,55618.0,44962.0,3.278006076812744,,,,,,,,,,,,,2.6194677734375,-0.4244994201660156,0.15804257202148436,,,,,,,,44960.0,4184.0,105.0,120.0,-1055365112.0,-26.0,-43.0,-521.0,-681.0,-638.0,10506.0
1645,44973.0,52520.0,60134.0,53245.0,56614.0,44972.0,3.278006076812744,,,,,,,,,,,,,2.61912451171875,-0.42431488037109377,0.15385374450683595,,,,,,,,44970.0,4184.0,104.0,114.0,-1054317560.0,-31.0,-48.0,-513.0,-783.0,-716.0,10720.0
1646,44983.0,52214.0,59712.0,53617.0,57770.0,44982.0,3.2727274894714355,,,,,,,,,,,,,2.618114501953125,-0.4240542907714844,0.14853294372558593,,,,,,,,44980.0,4187.0,105.0,109.0,-1054319608.0,-30.0,-50.0,-506.0,-669.0,-791.0,10812.0
1647,44993.0,53960.0,60924.0,51784.0,55854.0,44992.0,3.2727274894714355,,,,,,,,,,,,,2.61795556640625,-0.4255973815917969,0.14451509094238282,,,,,,,,44990.0,4188.0,95.0,104.0,-1054320633.0,-30.0,-72.0,-497.0,-638.0,-869.0,10664.0
1648,45003.0,51234.0,60280.0,54387.0,57240.0,45002.0,3.2727274894714355,,,,,,,,,,,,,2.617312255859375,-0.42662472534179685,0.13873008728027345,,,,,,,,45000.0,4188.0,95.0,99.0,-1054321658.0,-35.0,-77.0,-488.0,-686.0,-722.0,10764.0
1649,45013.0,48709.0,59832.0,56236.0,57942.0,45012.0,3.2727274894714355,,,,,,,,,,,,,2.616314697265625,-0.4275604248046875,0.1344526062011719,,,,,,,,45010.0,4188.0,97.0,94.0,-1055371258.0,-39.0,-76.0,-478.0,-651.0,-585.0,10936.0
1650,45023.0,50755.0,60082.0,54613.0,57664.0,45022.0,3.2727274894714355,,,,,,,,,,,,,2.615612060546875,-0.42853775024414065,0.12881785583496094,,,,,,,,45020.0,4190.0,94.0,89.0,-1056419835.0,-37.0,-84.0,-466.0,-651.0,-666.0,10959.0
1651,45033.0,49600.0,60145.0,55387.0,57545.0,45032.0,3.2727274894714355,,,,,,,,,,,,,2.614688720703125,-0.4287799987792969,0.1260889205932617,,,,,,,,45030.0,4189.0,91.0,85.0,-1058516987.0,-47.0,-95.0,-454.0,-663.0,-670.0,10981.0
1652,45043.0,48874.0,60355.0,55840.0,57169.0,45042.0,3.2727274894714355,,,,,,,,,,,,,2.61327294921875,-0.4294893798828125,0.12070186614990235,,,,,,,,45040.0,4188.0,91.0,81.0,-1060615164.0,-52.0,-96.0,-441.0,-669.0,-633.0,11143.0
1653,45053.0,47261.0,60846.0,56661.0,56283.0,45052.0,3.2727274894714355,,,,,,,,,,,,,2.612423095703125,-0.42969351196289063,0.11729711151123047,,,,,,,,45050.0,4188.0,90.0,76.0,-1061663740.0,-55.0,-100.0,-428.0,-667.0,-585.0,11157.0
1654,45063.0,47696.0,60751.0,56176.0,56498.0,45062.0,3.2727274894714355,,,,,,,,,,,,,2.610843017578125,-0.43003378295898437,0.11291763305664063,,,,,,,,45060.0,4187.0,90.0,72.0,-1063759869.0,-63.0,-101.0,-414.0,-526.0,-498.0,11148.0
1655,45073.0,46259.0,60558.0,56250.0,56027.0,45072.0,3.278006076812744,,,,,,,,,,,,,2.6098798828125,-0.4331387023925781,0.10796550750732421,,,,,,,,45070.0,4186.0,88.0,71.0,-1064808445.0,-71.0,-106.0,-385.0,-524.0,-392.0,11114.0
1656,45083.0,46145.0,61070.0,56120.0,54809.0,45082.0,3.278006076812744,,,,,,,,,,,,,2.60859228515625,-0.43231045532226564,0.10545358276367188,,,,,,,,45080.0,4186.0,83.0,67.0,-1065855998.0,-71.0,-118.0,-371.0,-582.0,-248.0,11040.0
1657,45093.0,48702.0,61149.0,54407.0,54350.0,45092.0,3.278006076812744,,,,,,,,,,,,,2.60712890625,-0.43306341552734373,0.10304472351074219,,,,,,,,45090.0,4185.0,81.0,63.0,-1066902527.0,-81.0,-122.0,-359.0,-794.0,-391.0,11155.0
1658,45103.0,50585.0,60621.0,52320.0,54967.0,45102.0,3.2885632514953613,,,,,,,,,,,,,2.60530419921875,-0.4344362487792969,0.09836165618896485,,,,,,,,45100.0,4184.0,80.0,60.0,-1067951103.0,-89.0,-124.0,-346.0,-794.0,-264.0,11150.0
1659,45113.0,50957.0,60912.0,51707.0,54210.0,45112.0,3.29384183883667,,,,,,,,,,,,,2.605173583984375,-0.4364732666015625,0.09549879455566407,,,,,,,,45110.0,4183.0,78.0,56.0,-1067951104.0,-93.0,-126.0,-331.0,-776.0,-299.0,11322.0
1660,45123.0,51030.0,61142.0,51222.0,53522.0,45122.0,3.29384183883667,,,,,,,,,,,,,2.602962158203125,-0.43653131103515624,0.09195543670654296,,,,,,,,45120.0,4182.0,78.0,51.0,-1067950592.0,-113.0,-130.0,-327.0,-686.0,-368.0,11392.0
1661,45133.0,51868.0,61035.0,49846.0,53936.0,45132.0,3.29384183883667,,,,,,,,,,,,,2.601885498046875,-0.4379184875488281,0.08932932281494141,,,,,,,,45130.0,4181.0,76.0,48.0,-1066902015.0,-122.0,-134.0,-312.0,-673.0,-417.0,11190.0
1662,45143.0,50366.0,61071.0,50934.0,53866.0,45142.0,3.29384183883667,,,,,,,,,,,,,2.600573974609375,-0.4410733642578125,0.08534645080566407,,,,,,,,45140.0,4180.0,74.0,45.0,-1064805886.0,-130.0,-142.0,-299.0,-665.0,-345.0,11500.0
1663,45153.0,50926.0,60601.0,49994.0,55041.0,45152.0,3.29384183883667,,,,,,,,,,,,,2.59994091796875,-0.44018844604492186,0.08448162078857421,,,,,,,,45150.0,4178.0,73.0,42.0,-1063758334.0,-144.0,-146.0,-283.0,-785.0,-374.0,11621.0
1664,45163.0,48898.0,59738.0,51733.0,56418.0,45162.0,3.304399013519287,,,,,,,,,,,,,2.596945068359375,-0.4428624877929688,0.0804144287109375,,,,,,,,45160.0,4178.0,72.0,37.0,-1063759357.0,-156.0,-148.0,-278.0,-859.0,-527.0,11503.0
1665,45173.0,48199.0,59475.0,52477.0,57196.0,45172.0,3.2991204261779785,,,,,,,,,,,,,2.595427490234375,-0.44193023681640625,0.07896199798583985,,,,,,,,45170.0,4178.0,70.0,33.0,-1062710780.0,-191.0,-178.0,-271.0,-745.0,-563.0,11466.0
1666,45183.0,47079.0,59443.0,53181.0,57094.0,45182.0,3.2991204261779785,,,,,,,,,,,,,2.593365966796875,-0.4432699279785156,0.07638505554199218,,,,,,,,45180.0,4176.0,68.0,30.0,-1063761404.0,-206.0,-186.0,-257.0,-610.0,-540.0,11631.0
1667,45193.0,45167.0,59423.0,54020.0,57188.0,45192.0,3.2991204261779785,,,,,,,,,,,,,2.592186279296875,-0.44284027099609374,0.07593910217285156,,,,,,,,45190.0,4175.0,66.0,27.0,-1065860603.0,-219.0,-195.0,-242.0,-507.0,-364.0,11852.0
1668,45203.0,43952.0,59023.0,54270.0,57334.0,45202.0,3.2991204261779785,,,,,,,,,,,,,2.592186279296875,-0.44284027099609374,0.07593910217285156,,,,,,,,45200.0,4174.0,65.0,25.0,-1067958778.0,-240.0,-207.0,-219.0,-509.0,-329.0,11959.0
1669,45213.0,45119.0,59426.0,53724.0,56969.0,45212.0,3.2991204261779785,,,,,,,,,,,,,2.592186279296875,-0.44284027099609374,0.07593910217285156,,,,,,,,45210.0,4177.0,65.0,20.0,-1070055929.0,-289.0,-245.0,-216.0,-548.0,-341.0,12179.0
1670,45223.0,44876.0,59263.0,53487.0,56781.0,45222.0,3.304399013519287,,,,,,,,,,,,,2.586033203125,-0.4478050537109375,0.07057051849365234,,,,,,,,45220.0,4176.0,63.0,17.0,-536331768.0,-308.0,-253.0,-200.0,-398.0,-142.0,12115.0
1671,45233.0,43716.0,59331.0,54212.0,56724.0,45232.0,3.2991204261779785,,,,,,,,,,,,,2.584082763671875,-0.44794894409179686,0.06928951263427735,,,,,,,,45230.0,4174.0,62.0,14.0,-533188088.0,-324.0,-262.0,-186.0,-372.0,-21.0,11893.0
1672,45243.0,46389.0,59928.0,51785.0,55527.0,45242.0,3.304399013519287,,,,,,,,,,,,,2.58219921875,-0.44938812255859373,0.06825930786132813,,,,,,,,45240.0,4173.0,61.0,11.0,-528995831.0,-339.0,-269.0,-173.0,-305.0,13.0,11846.0
1673,45253.0,47812.0,60295.0,49975.0,54481.0,45252.0,3.3096776008605957,,,,,,,,,,,,,2.579747314453125,-0.44865472412109375,0.06903099060058594,,,,,,,,45250.0,4178.0,62.0,8.0,-527946230.0,-397.0,-309.0,-162.0,-319.0,9.0,11688.0
1674,45263.0,49336.0,60598.0,47855.0,52968.0,45262.0,3.320234775543213,,,,,,,,,,,,,2.57821044921875,-0.4518896484375,0.06792073059082031,,,,,,,,45260.0,4177.0,61.0,5.0,-526899701.0,-415.0,-316.0,-153.0,-311.0,75.0,11863.0
1675,45273.0,51260.0,60553.0,45053.0,53242.0,45272.0,3.320234775543213,,,,,,,,,,,,,2.576978515625,-0.4536337585449219,0.06671727752685547,,,,,,,,45270.0,4176.0,59.0,2.0,-525853172.0,-432.0,-316.0,-141.0,-238.0,211.0,11878.0
1676,45283.0,51445.0,60752.0,44223.0,52607.0,45282.0,3.320234775543213,,,,,,,,,,,,,2.575050048828125,-0.4550256042480469,0.06692042541503906,,,,,,,,45280.0,4174.0,57.0,0.0,-525856244.0,-443.0,-321.0,-129.0,-231.0,154.0,12048.0
1677,45293.0,49926.0,60063.0,43198.0,53590.0,45292.0,3.320234775543213,,,,,,,,,,,,,2.57359130859375,-0.45525274658203124,0.06711540985107421,,,,,,,,45290.0,4171.0,54.0,4.0,-525859315.0,-466.0,-330.0,-81.0,-105.0,114.0,11924.0
1678,45303.0,49177.0,60377.0,44536.0,53313.0,45302.0,3.3255133628845215,,,,,,,,,,,,,2.5720771484375,-0.45538946533203123,0.06770116424560547,,,,,,,,45300.0,4179.0,54.0,-1.0,-527432177.0,-517.0,-345.0,-93.0,-43.0,43.0,11757.0
1679,45313.0,48869.0,59951.0,43989.0,53639.0,45312.0,3.3360705375671387,,,,,,,,,,,,,2.57071337890625,-0.4560322570800781,0.06837612915039062,,,,,,,,45310.0,4175.0,50.0,-2.0,-527429104.0,-523.0,-343.0,-79.0,54.0,-79.0,11709.0
1680,45323.0,48475.0,59454.0,43771.0,54629.0,45322.0,3.3360705375671387,,,,,,,,,,,,,2.568733642578125,-0.4541060485839844,0.06939299774169921,,,,,,,,45320.0,4172.0,47.0,-4.0,-527423983.0,-528.0,-338.0,-64.0,145.0,-14.0,11477.0
1681,45333.0,45342.0,58255.0,43457.0,55117.0,45332.0,3.3360705375671387,,,,,,,,,,,,,2.568733642578125,-0.4541060485839844,0.06939299774169921,,,,,,,,45330.0,4167.0,43.0,-4.0,-526371310.0,-529.0,-334.0,-50.0,361.0,-32.0,11368.0
1682,45343.0,45028.0,57730.0,44173.0,56122.0,45342.0,3.3360705375671387,,,,,,,,,,,,,2.568733642578125,-0.4541060485839844,0.06939299774169921,,,,,,,,45340.0,4169.0,41.0,0.0,-525319661.0,-570.0,-353.0,-8.0,283.0,-5.0,11447.0
1683,45353.0,43102.0,56601.0,44958.0,56276.0,45352.0,3.3519062995910645,,,,,,,,,,,,,2.56478564453125,-0.45736798095703124,0.0719657211303711,,,,,,,,45350.0,4162.0,36.0,1.0,-522168812.0,-561.0,-344.0,11.0,428.0,145.0,11328.0
1684,45363.0,42890.0,55018.0,44582.0,57161.0,45362.0,3.3519062995910645,,,,,,,,,,,,,2.56478564453125,-0.45736798095703124,0.0719657211303711,,,,,,,,45360.0,4155.0,31.0,1.0,-517968363.0,-550.0,-335.0,30.0,701.0,285.0,11191.0
1685,45373.0,41598.0,53508.0,44853.0,57418.0,45372.0,3.3624634742736816,,,,,,,,,,,,,2.56478564453125,-0.45736798095703124,0.0719657211303711,,,,,,,,45370.0,4148.0,26.0,3.0,-513768938.0,-536.0,-324.0,50.0,853.0,404.0,11187.0
1686,45383.0,39763.0,52645.0,43250.0,56097.0,45382.0,3.373020648956299,,,,,,,,,,,,,2.56478564453125,-0.45736798095703124,0.0719657211303711,,,,,,,,45380.0,4138.0,20.0,12.0,-508519914.0,-526.0,-318.0,110.0,1151.0,657.0,10901.0
1687,45393.0,39690.0,53115.0,43370.0,55451.0,45392.0,3.373020648956299,,,,,,,,,,,,,2.56478564453125,-0.45736798095703124,0.0719657211303711,,,,,,,,45390.0,4136.0,20.0,12.0,-503271913.0,-522.0,-318.0,115.0,1335.0,771.0,10555.0
1688,45403.0,39914.0,52932.0,42207.0,54435.0,45402.0,3.3888564109802246,,,,,,,,,,,,,2.56478564453125,-0.45736798095703124,0.0719657211303711,,,,,,,,45400.0,4127.0,14.0,15.0,-498022889.0,-496.0,-299.0,131.0,1528.0,995.0,10469.0
1689,45413.0,39615.0,52503.0,41449.0,53810.0,45412.0,3.399413585662842,,,,,,,,,,,,,2.56478564453125,-0.45736798095703124,0.0719657211303711,,,,,,,,45410.0,4117.0,8.0,18.0,-493823465.0,-464.0,-280.0,148.0,1609.0,988.0,10513.0
1690,45423.0,38219.0,52168.0,40255.0,52061.0,45422.0,3.409970760345459,,,,,,,,,,,,,2.56478564453125,-0.45736798095703124,0.0719657211303711,,,,,,,,45420.0,4108.0,2.0,26.0,-489624041.0,-440.0,-262.0,190.0,1872.0,1188.0,10340.0
1691,45433.0,36809.0,51677.0,41120.0,51490.0,45432.0,3.420527935028076,,,,,,,,,,,,,2.56478564453125,-0.45736798095703124,0.0719657211303711,,,,,,,,45430.0,4100.0,-1.0,28.0,-485425641.0,-410.0,-243.0,199.0,1856.0,1365.0,10132.0
1692,45443.0,36665.0,51429.0,40497.0,50573.0,45442.0,3.436363697052002,,,,,,,,,,,,,2.56478564453125,-0.45736798095703124,0.0719657211303711,,,,,,,,45440.0,4091.0,-5.0,31.0,-482276841.0,-371.0,-220.0,208.0,1898.0,1231.0,9928.0
1693,45453.0,36764.0,52761.0,40145.0,48313.0,45452.0,3.436363697052002,,,,,,,,,,,,,2.56478564453125,-0.45736798095703124,0.0719657211303711,,,,,,,,45450.0,4083.0,-11.0,34.0,-480176618.0,-332.0,-192.0,215.0,1929.0,1276.0,9754.0
1694,45463.0,34630.0,52864.0,41872.0,47523.0,45462.0,3.446920871734619,,,,,,,,,,,,,2.56478564453125,-0.45736798095703124,0.0719657211303711,,,,,,,,45460.0,4080.0,-13.0,37.0,-478078442.0,-312.0,-178.0,212.0,1765.0,1212.0,9215.0
1695,45473.0,33161.0,52897.0,41722.0,45858.0,45472.0,3.4521994590759277,,,,,,,,,,,,,2.56478564453125,-0.45736798095703124,0.0719657211303711,,,,,,,,45470.0,4077.0,-14.0,44.0,-477029867.0,-300.0,-167.0,232.0,1752.0,1303.0,9034.0
1696,45483.0,32704.0,49777.0,41291.0,47904.0,45482.0,3.4574780464172363,,,,,,,,,,,,,2.56478564453125,-0.45736798095703124,0.0719657211303711,,,,,,,,45480.0,4038.0,-4.0,50.0,-473875951.0,-117.0,-96.0,251.0,2082.0,1420.0,8984.0
1697,45493.0,36113.0,50087.0,38104.0,47437.0,45492.0,3.4680352210998535,,,,,,,,,,,,,2.56478564453125,-0.45736798095703124,0.0719657211303711,,,,,,,,45490.0,4034.0,-9.0,52.0,-472827375.0,-83.0,-70.0,241.0,1911.0,1432.0,8658.0
1698,45503.0,36450.0,50214.0,38303.0,47159.0,45502.0,3.473313808441162,,,,,,,,,,,,,2.56478564453125,-0.45736798095703124,0.0719657211303711,,,,,,,,45500.0,4030.0,-11.0,54.0,-471779824.0,-49.0,-47.0,227.0,1914.0,1316.0,8767.0
1699,45513.0,36227.0,51144.0,39969.0,46578.0,45512.0,3.473313808441162,,,,,,,,,,,,,2.56478564453125,-0.45736798095703124,0.0719657211303711,,,,,,,,45510.0,4028.0,-11.0,53.0,-472829425.0,-18.0,-26.0,202.0,1747.0,1194.0,8795.0
1700,45523.0,36469.0,51963.0,40106.0,45567.0,45522.0,3.4785923957824707,,,,,,,,,,,,,2.56478564453125,-0.45736798095703124,0.0719657211303711,,,,,,,,45520.0,4025.0,-17.0,55.0,-472830449.0,14.0,0.0,188.0,1904.0,1473.0,8603.0
1701,45533.0,38878.0,51992.0,39063.0,46336.0,45532.0,3.4680352210998535,,,,,,,,,,,,,2.56478564453125,-0.45736798095703124,0.0719657211303711,,,,,,,,45530.0,4019.0,-23.0,55.0,-473879026.0,65.0,37.0,167.0,1833.0,1376.0,8133.0
1702,45543.0,40180.0,52633.0,38658.0,46227.0,45542.0,3.462756633758545,,,,,,,,,,,,,2.56478564453125,-0.45736798095703124,0.0719657211303711,,,,,,,,45540.0,4017.0,-27.0,56.0,-475978226.0,96.0,62.0,146.0,1682.0,1095.0,8233.0
1703,45553.0,39678.0,53067.0,40211.0,46542.0,45552.0,3.4521994590759277,,,,,,,,,,,,,2.56478564453125,-0.45736798095703124,0.0719657211303711,,,,,,,,45550.0,4016.0,-29.0,56.0,-478077427.0,124.0,83.0,127.0,1509.0,1134.0,8299.0
1704,45563.0,41674.0,52809.0,38755.0,47191.0,45562.0,3.446920871734619,,,,,,,,,,,,,2.56478564453125,-0.45736798095703124,0.0719657211303711,,,,,,,,45560.0,4015.0,-31.0,58.0,-480176627.0,156.0,106.0,115.0,1599.0,1062.0,8476.0
1705,45573.0,40913.0,52714.0,41073.0,48137.0,45572.0,3.446920871734619,,,,,,,,,,,,,2.56478564453125,-0.45736798095703124,0.0719657211303711,,,,,,,,45570.0,4009.0,-38.0,56.0,-482274804.0,211.0,147.0,87.0,1502.0,928.0,8365.0
1706,45583.0,41338.0,52921.0,42066.0,48680.0,45582.0,3.436363697052002,,,,,,,,,,,,,2.56478564453125,-0.45736798095703124,0.0719657211303711,,,,,,,,45580.0,4008.0,-38.0,56.0,-485422580.0,243.0,168.0,66.0,1364.0,867.0,8505.0
1707,45593.0,42406.0,53729.0,41840.0,48511.0,45592.0,3.4310851097106934,,,,,,,,,,,,,2.56478564453125,-0.45736798095703124,0.0719657211303711,,,,,,,,45590.0,4009.0,-39.0,55.0,-487522805.0,266.0,186.0,46.0,1356.0,919.0,7852.0
1708,45603.0,43508.0,53676.0,41752.0,49425.0,45602.0,3.420527935028076,,,,,,,,,,,,,2.56478564453125,-0.45736798095703124,0.0719657211303711,,,,,,,,45600.0,4009.0,-41.0,56.0,-490671605.0,294.0,207.0,28.0,1493.0,879.0,8115.0
1709,45613.0,42982.0,54069.0,43595.0,49736.0,45612.0,3.4152493476867676,,,,,,,,,,,,,2.56478564453125,-0.45736798095703124,0.0719657211303711,,,,,,,,45610.0,4010.0,-42.0,55.0,-492771830.0,320.0,226.0,4.0,1295.0,689.0,8349.0
1710,45623.0,42667.0,54710.0,46119.0,51029.0,45622.0,3.399413585662842,,,,,,,,,,,,,2.56478564453125,-0.45736798095703124,0.0719657211303711,,,,,,,,45620.0,4004.0,-54.0,50.0,-494870005.0,372.0,264.0,-35.0,1111.0,614.0,8562.0
1711,45633.0,43430.0,55270.0,46632.0,50902.0,45632.0,3.399413585662842,,,,,,,,,,,,,2.56478564453125,-0.45736798095703124,0.0719657211303711,,,,,,,,45630.0,4005.0,-59.0,48.0,-496970229.0,395.0,284.0,-58.0,1124.0,454.0,8662.0
1712,45643.0,45120.0,55361.0,45939.0,51579.0,45642.0,3.383577823638916,,,,,,,,,,,,,2.56478564453125,-0.45736798095703124,0.0719657211303711,,,,,,,,45640.0,4008.0,-59.0,47.0,-500120054.0,416.0,299.0,-67.0,1092.0,547.0,8855.0
1713,45653.0,43003.0,54947.0,48849.0,53133.0,45652.0,3.373020648956299,,,,,,,,,,,,,2.56478564453125,-0.45736798095703124,0.0719657211303711,,,,,,,,45650.0,4010.0,-60.0,45.0,-502221302.0,439.0,316.0,-86.0,1028.0,519.0,8739.0
1714,45663.0,45138.0,55844.0,49603.0,54310.0,45662.0,3.3624634742736816,,,,,,,,,,,,,2.56478564453125,-0.45736798095703124,0.0719657211303711,,,,,,,,45660.0,4002.0,-73.0,37.0,-502223350.0,498.0,358.0,-139.0,903.0,701.0,8644.0
1715,45673.0,47158.0,55199.0,49245.0,55890.0,45672.0,3.3519062995910645,,,,,,,,,,,,,2.56478564453125,-0.45736798095703124,0.0719657211303711,,,,,,,,45670.0,4005.0,-75.0,34.0,-504324598.0,516.0,372.0,-161.0,774.0,574.0,8721.0
1716,45683.0,48010.0,56323.0,50000.0,56477.0,45682.0,3.3255133628845215,,,,,,,,,,,,,2.56478564453125,-0.45736798095703124,0.0719657211303711,,,,,,,,45680.0,4007.0,-74.0,31.0,-505376247.0,534.0,385.0,-183.0,652.0,429.0,8986.0
1717,45693.0,47567.0,56556.0,49782.0,55502.0,45692.0,3.3255133628845215,,,,,,,,,,,,,2.56478564453125,-0.45736798095703124,0.0719657211303711,,,,,,,,45690.0,4013.0,-71.0,34.0,-507477495.0,567.0,408.0,-164.0,639.0,619.0,9537.0
1718,45703.0,47504.0,57329.0,50917.0,55730.0,45702.0,3.3096776008605957,,,,,,,,,,,,,2.56478564453125,-0.45736798095703124,0.0719657211303711,,,,,,,,45700.0,4016.0,-70.0,31.0,-508529144.0,585.0,422.0,-177.0,479.0,525.0,9725.0
1719,45713.0,48773.0,58148.0,52286.0,56764.0,45712.0,3.3096776008605957,,,,,,,,,,,,,2.56478564453125,-0.45736798095703124,0.0719657211303711,,,,,,,,45710.0,4008.0,-85.0,20.0,-508531191.0,636.0,461.0,-236.0,636.0,467.0,9929.0
1720,45723.0,50162.0,58541.0,51956.0,56691.0,45722.0,3.304399013519287,,,,,,,,,,,,,2.56478564453125,-0.45736798095703124,0.0719657211303711,,,,,,,,45720.0,4013.0,-80.0,16.0,-510633464.0,650.0,470.0,-244.0,526.0,535.0,10092.0
1721,45733.0,49368.0,58685.0,51672.0,56459.0,45732.0,3.2832846641540527,,,,,,,,,,,,,2.56478564453125,-0.45736798095703124,0.0719657211303711,,,,,,,,45730.0,4020.0,-77.0,21.0,-512734712.0,688.0,500.0,-207.0,370.0,559.0,10280.0
1722,45743.0,49222.0,59166.0,52241.0,56320.0,45742.0,3.2832846641540527,,,,,,,,,,,,,2.56478564453125,-0.45736798095703124,0.0719657211303711,,,,,,,,45740.0,4024.0,-77.0,17.0,-514835961.0,702.0,514.0,-215.0,316.0,389.0,10460.0
1723,45753.0,50400.0,59864.0,53835.0,57399.0,45752.0,3.2832846641540527,,,,,,,,,,,,,2.56478564453125,-0.45736798095703124,0.0719657211303711,,,,,,,,45750.0,4018.0,-89.0,4.0,-515887608.0,753.0,554.0,-276.0,154.0,184.0,10490.0
1724,45763.0,50910.0,60169.0,54011.0,57294.0,45762.0,3.2832846641540527,,,,,,,,,,,,,2.56478564453125,-0.45736798095703124,0.0719657211303711,,,,,,,,45760.0,4023.0,-86.0,0.0,-519039481.0,764.0,564.0,-283.0,11.0,230.0,10631.0
1725,45773.0,49522.0,59585.0,52371.0,56568.0,45772.0,3.267448902130127,,,,,,,,,,,,,2.56478564453125,-0.45736798095703124,0.0719657211303711,,,,,,,,45770.0,4035.0,-82.0,10.0,-521141752.0,819.0,607.0,-199.0,-130.0,260.0,10913.0
1726,45783.0,50790.0,60384.0,51474.0,55807.0,45782.0,3.2621703147888184,,,,,,,,,,,,,2.56478564453125,-0.45736798095703124,0.0719657211303711,,,,,,,,45780.0,4041.0,-80.0,7.0,-523758073.0,825.0,617.0,-199.0,-316.0,208.0,10930.0
1727,45793.0,50541.0,60663.0,51515.0,54223.0,45792.0,3.2832846641540527,,,,,,,,,,,,,2.56478564453125,-0.45736798095703124,0.0719657211303711,,,,,,,,45790.0,4046.0,-74.0,3.0,-526897657.0,833.0,625.0,-200.0,-521.0,13.0,11009.0
1728,45803.0,50872.0,61070.0,50910.0,52910.0,45802.0,3.2832846641540527,,,,,,,,,,,,,2.56478564453125,-0.45736798095703124,0.0719657211303711,,,,,,,,45800.0,4055.0,-68.0,1.0,-532134393.0,829.0,628.0,-188.0,-637.0,-162.0,11113.0
1729,45813.0,47929.0,60990.0,49651.0,49175.0,45812.0,3.2885632514953613,,,,,,,,,,,,,2.56478564453125,-0.45736798095703124,0.0719657211303711,,,,,,,,45810.0,4075.0,-46.0,11.0,-1068995066.0,786.0,594.0,-97.0,-866.0,-563.0,10978.0
1730,45823.0,44587.0,60453.0,49937.0,48499.0,45822.0,3.2991204261779785,,,,,,,,,,,,,2.56478564453125,-0.45736798095703124,0.0719657211303711,,,,,,,,45820.0,4085.0,-43.0,16.0,-1063746042.0,806.0,615.0,-51.0,-982.0,-702.0,10980.0
1731,45833.0,41234.0,59551.0,51805.0,49415.0,45832.0,3.33079195022583,,,,,,,,,,,,,2.56478564453125,-0.45736798095703124,0.0719657211303711,,,,,,,,45830.0,4090.0,-39.0,14.0,-1058495994.0,806.0,621.0,-53.0,-1323.0,-700.0,10798.0
1732,45843.0,39217.0,58730.0,52438.0,49813.0,45842.0,3.357184886932373,,,,,,,,,,,,,2.56478564453125,-0.45736798095703124,0.0719657211303711,,,,,,,,45840.0,4098.0,-35.0,13.0,-1054293498.0,796.0,621.0,-48.0,-1435.0,-825.0,10591.0
1733,45853.0,38525.0,58703.0,54749.0,51632.0,45852.0,3.3624634742736816,,,,,,,,,,,,,2.56478564453125,-0.45736798095703124,0.0719657211303711,,,,,,,,45850.0,4097.0,-32.0,4.0,-1053239802.0,822.0,645.0,-101.0,-1570.0,-982.0,10629.0
1734,45863.0,35253.0,57245.0,54179.0,51568.0,45862.0,3.3624634742736816,,,,,,,,,,,,,2.56478564453125,-0.45736798095703124,0.0719657211303711,,,,,,,,45860.0,4109.0,-30.0,14.0,-1051135482.0,840.0,668.0,-28.0,-1749.0,-975.0,10555.0
1735,45873.0,34631.0,56575.0,54619.0,52359.0,45872.0,3.357184886932373,,,,,,,,,,,,,2.56478564453125,-0.45736798095703124,0.0719657211303711,,,,,,,,45870.0,4117.0,-22.0,14.0,-1049030138.0,823.0,660.0,-21.0,-2043.0,-1026.0,10438.0
1736,45883.0,35684.0,56760.0,53895.0,51831.0,45882.0,3.357184886932373,,,,,,,,,,,,,2.56478564453125,-0.45736798095703124,0.0719657211303711,,,,,,,,45880.0,4126.0,-16.0,14.0,-1046925818.0,801.0,654.0,-12.0,-2228.0,-1052.0,10421.0
1737,45893.0,37358.0,55976.0,54244.0,53166.0,45892.0,3.3624634742736816,,,,,,,,,,,,,2.56478564453125,-0.45736798095703124,0.0719657211303711,,,,,,,,45890.0,4130.0,-10.0,10.0,-1047969274.0,796.0,669.0,-38.0,-2342.0,-887.0,10248.0
1738,45903.0,37951.0,55750.0,51489.0,54167.0,45902.0,3.3677420616149902,,,,,,,,,,,,,2.56478564453125,-0.45736798095703124,0.0719657211303711,,,,,,,,45900.0,4140.0,-5.0,11.0,-1046913530.0,758.0,657.0,-17.0,-2681.0,-892.0,10058.0
1739,45913.0,39835.0,54971.0,50038.0,50754.0,45912.0,3.3624634742736816,,,,,,,,,,,,,2.56478564453125,-0.45736798095703124,0.0719657211303711,,,,,,,,45910.0,4152.0,-3.0,22.0,-1045859834.0,744.0,662.0,47.0,-2785.0,-1006.0,10060.0
1740,45923.0,40758.0,54980.0,48599.0,48983.0,45922.0,3.383577823638916,,,,,,,,,,,,,2.56478564453125,-0.45736798095703124,0.0719657211303711,,,,,,,,45920.0,4161.0,1.0,24.0,-1043757563.0,704.0,648.0,61.0,-2690.0,-960.0,10073.0
1741,45933.0,42766.0,54982.0,45967.0,47992.0,45932.0,3.383577823638916,,,,,,,,,,,,,2.56478564453125,-0.45736798095703124,0.0719657211303711,,,,,,,,45930.0,4170.0,3.0,27.0,-1040607739.0,656.0,627.0,81.0,-2944.0,-1025.0,9825.0
1742,45943.0,44422.0,54259.0,44216.0,47918.0,45942.0,3.399413585662842,,,,,,,,,,,,,2.72871533203125,-0.3576192932128906,0.08269784545898437,,,,,,,,45940.0,4177.0,12.0,28.0,-1037458941.0,613.0,626.0,83.0,-2983.0,-1112.0,9798.0
1743,45953.0,44502.0,53417.0,41176.0,46759.0,45952.0,3.409970760345459,,,,,,,,,,,,,2.72871533203125,-0.3576192932128906,0.08269784545898437,,,,,,,,45950.0,4186.0,11.0,36.0,-1032212989.0,565.0,609.0,127.0,-2987.0,-1271.0,9420.0
1744,45963.0,45432.0,52937.0,39283.0,46526.0,45962.0,3.4152493476867676,,,,,,,,,,,,,2.72871533203125,-0.3576192932128906,0.08269784545898437,,,,,,,,45960.0,4192.0,11.0,39.0,-1028016638.0,514.0,583.0,137.0,-3051.0,-1420.0,9330.0
1745,45973.0,46155.0,52894.0,36975.0,45478.0,45972.0,3.4310851097106934,,,,,,,,,,,,,2.7283095703125,-0.3542793884277344,0.08209876251220703,,,,,,,,45970.0,4198.0,10.0,42.0,-1022773759.0,461.0,555.0,147.0,-2863.0,-1654.0,9415.0
1746,45983.0,44916.0,51934.0,38055.0,46257.0,45982.0,3.4310851097106934,,,,,,,,,,,,,2.727643310546875,-0.35323147583007813,0.08184935760498047,,,,,,,,45980.0,4204.0,23.0,45.0,-1018578943.0,386.0,543.0,153.0,-2937.0,-1647.0,9159.0
1747,45993.0,43964.0,52595.0,38747.0,45720.0,45992.0,3.436363697052002,,,,,,,,,,,,,2.7271142578125,-0.3539942321777344,0.08089750671386718,,,,,,,,45990.0,4208.0,22.0,46.0,-1013336062.0,320.0,503.0,146.0,-2773.0,-1677.0,9061.0
1748,46003.0,43403.0,51912.0,38609.0,46050.0,46002.0,3.446920871734619,,,,,,,,,,,,,2.72570458984375,-0.3530595397949219,0.0801140365600586,,,,,,,,46000.0,4211.0,20.0,48.0,-1009141757.0,252.0,464.0,148.0,-2637.0,-1710.0,8963.0
1749,46013.0,41274.0,51274.0,40760.0,46721.0,46012.0,3.446920871734619,,,,,,,,,,,,,2.723128173828125,-0.35269338989257815,0.07985993957519531,,,,,,,,46010.0,4214.0,19.0,50.0,-1005998077.0,185.0,426.0,146.0,-2648.0,-1822.0,8723.0
1750,46023.0,40585.0,51221.0,41396.0,46605.0,46022.0,3.4521994590759277,,,,,,,,,,,,,2.7216943359375,-0.3527156982421875,0.07894933319091797,,,,,,,,46020.0,4215.0,17.0,52.0,-1003901948.0,124.0,388.0,140.0,-2637.0,-1929.0,8581.0
1751,46033.0,38210.0,50743.0,44311.0,47137.0,46032.0,3.4521994590759277,,,,,,,,,,,,,2.718773193359375,-0.35249102783203123,0.07979524230957032,,,,,,,,46030.0,4214.0,33.0,53.0,-1002853369.0,9.0,345.0,129.0,-2692.0,-1749.0,8826.0
1752,46043.0,38404.0,51947.0,46187.0,48122.0,46042.0,3.4521994590759277,,,,,,,,,,,,,2.718773193359375,-0.35249102783203123,0.07979524230957032,,,,,,,,46040.0,4214.0,27.0,46.0,-1001805818.0,-63.0,285.0,77.0,-2542.0,-1857.0,8741.0
1753,46053.0,39063.0,51317.0,46393.0,49337.0,46052.0,3.4521994590759277,,,,,,,,,,,,,2.712541259765625,-0.3532135009765625,0.07685663604736329,,,,,,,,46050.0,4211.0,29.0,45.0,-1002857465.0,-137.0,242.0,59.0,-2398.0,-1708.0,8817.0
1754,46063.0,39817.0,51385.0,46994.0,50346.0,46062.0,3.436363697052002,,,,,,,,,,,,,2.708586181640625,-0.3534325256347656,0.07579856872558594,,,,,,,,46060.0,4208.0,29.0,44.0,-1003908088.0,-205.0,198.0,40.0,-2360.0,-1784.0,8657.0
1755,46073.0,40383.0,51914.0,47805.0,50934.0,46072.0,3.4258065223693848,,,,,,,,,,,,,2.705718505859375,-0.3557218322753906,0.07337941741943359,,,,,,,,46070.0,4204.0,26.0,42.0,-1006009336.0,-273.0,151.0,15.0,-2349.0,-1573.0,8916.0
1756,46083.0,40542.0,50761.0,49511.0,52930.0,46082.0,3.4152493476867676,,,,,,,,,,,,,2.701759765625,-0.35556179809570315,0.07302910614013672,,,,,,,,46080.0,4202.0,27.0,38.0,-1010209784.0,-295.0,132.0,-13.0,-2165.0,-1479.0,8875.0
1757,46093.0,43051.0,53689.0,48450.0,51744.0,46092.0,3.399413585662842,,,,,,,,,,,,,2.69867578125,-0.35640420532226563,0.0718442153930664,,,,,,,,46090.0,4197.0,-2.0,35.0,-1012312059.0,-370.0,60.0,-37.0,-2211.0,-1605.0,8739.0
1758,46103.0,0.0,0.0,0.0,0.0,46102.0,3.383577823638916,,,,,,,,,,,,,2.69587353515625,-0.3578016662597656,0.07031558227539063,,,,,,,,46100.0,4191.0,-3.0,30.0,-1016511482.0,-440.0,12.0,-68.0,-2045.0,-1550.0,8899.0
1759,46113.0,0.0,0.0,0.0,0.0,46112.0,3.383577823638916,,,,,,,,,,,,,2.68908544921875,-0.3579208984375,0.06943682098388672,,,,,,,,46110.0,4184.0,-4.0,24.0,-1020710905.0,-512.0,-36.0,-107.0,-2098.0,-1455.0,9077.0
1760,46123.0,0.0,0.0,0.0,0.0,46122.0,3.658064603805542,,,,,,,,,,,,,2.68501220703125,-0.36021469116210936,0.06588172149658203,,,,,,,,46120.0,4179.0,-4.0,23.0,-1025960953.0,-532.0,-51.0,-115.0,-1544.0,-1075.0,8661.0
1761,46133.0,0.0,0.0,0.0,0.0,46132.0,3.7583577632904053,,,,,,,,,,,,,2.681384765625,-0.36143026733398437,0.06503619384765626,,,,,,,,46130.0,4172.0,-23.0,15.0,-1028063227.0,-604.0,-115.0,-166.0,-1255.0,-1058.0,8130.0
1762,46143.0,0.0,0.0,0.0,0.0,46142.0,3.774193525314331,,,,,,,,,,,,,2.678134033203125,-0.3627090759277344,0.06336104965209961,,,,,,,,46140.0,4166.0,-52.0,10.0,-1032264702.0,-632.0,-155.0,-200.0,-1094.0,-866.0,7903.0
1763,46153.0,0.0,0.0,0.0,0.0,46152.0,3.7794721126556396,,,,,,,,,,,,,2.673576416015625,-0.3635064392089844,0.0622577133178711,,,,,,,,46150.0,4158.0,-50.0,0.0,-1036464126.0,-690.0,-196.0,-266.0,-803.0,-753.0,7169.0
1764,46163.0,0.0,0.0,0.0,0.0,46162.0,3.7794721126556396,,,,,,,,,,,,,2.670327392578125,-0.364490478515625,0.059659423828125,,,,,,,,46160.0,4151.0,-52.0,-2.0,-1041714175.0,-699.0,-204.0,-295.0,-704.0,-592.0,6586.0
1765,46173.0,0.0,0.0,0.0,0.0,46172.0,3.7794721126556396,,,,,,,,,,,,,2.66153271484375,-0.36623501586914065,0.05550131225585937,,,,,,,,46170.0,4141.0,-51.0,0.0,-1048011264.0,-721.0,-214.0,-295.0,-522.0,-455.0,6834.0
1766,46183.0,0.0,0.0,0.0,0.0,46182.0,3.7794721126556396,,,,,,,,,,,,,2.6592158203125,-0.36889645385742187,0.052175186157226563,,,,,,,,46180.0,4135.0,-18.0,31.0,-1064808447.0,-517.0,-42.0,-130.0,2691.0,1276.0,11762.0
1767,46193.0,0.0,0.0,0.0,0.0,46192.0,3.7794721126556396,,,,,,,,,,,,,2.6560283203125,-0.3687929382324219,0.05236627197265625,,,,,,,,46190.0,4132.0,-14.0,31.0,-531095551.0,-391.0,15.0,1.0,32354.0,9296.0,-10952.0
