,motor_timestamp,m1,m2,m3,m4,bat_timestamp,bat_volt,cmd_timestamp,cmd_thrust,mocap_output_timestamp,mocap_x,mocap_y,mocap_z,mocap_qx,mocap_qy,mocap_qz,mocap_qw,stateZ_timestamp,stateZ_x,stateZ_y,stateZ_z,stateZ_quat,stateZ_vx,stateZ_vy,stateZ_vz,stateZ_rollrate,stateZ_pitchrate,stateZ_yawrate,state_timestamp,state_roll,state_pitch,state_yaw
0,176364.0,0.0,0.0,0.0,0.0,176363.0,3.710850477218628,176365.0,0.0,,,,,,,,,176362.0,0.0,0.0,0.0,-1073741824.0,2.0,0.0,0.0,2.0,-2.0,0.0,,,,
1,176374.0,0.0,0.0,0.0,0.0,176373.0,3.710850477218628,176375.0,0.0,,,,,,,,,176372.0,0.0,0.0,21.0,-1073741824.0,6.0,0.0,0.0,0.0,1.0,-1.0,,,,
2,176384.0,0.0,0.0,0.0,0.0,176383.0,3.7161290645599365,176385.0,0.0,,,,,,,,,176382.0,0.0,0.0,21.0,-1073741824.0,9.0,1.0,0.0,-1.0,0.0,-2.0,,,,
3,176394.0,0.0,0.0,0.0,0.0,176393.0,3.7161290645599365,176396.0,0.0,,,,,,,,,176392.0,0.0,0.0,21.0,-1073741824.0,12.0,1.0,0.0,3.0,2.0,2.0,,,,
4,176404.0,0.0,0.0,0.0,0.0,176403.0,3.710850477218628,176405.0,0.0,,,,,,,,,176402.0,0.0,0.0,22.0,-536345600.0,8.0,3.0,0.0,0.0,0.0,0.0,,,,
5,176414.0,0.0,0.0,0.0,0.0,176413.0,3.710850477218628,176415.0,0.0,,,,,,,,,176412.0,0.0,0.0,22.0,-536345600.0,10.0,4.0,0.0,2.0,0.0,1.0,,,,
6,176424.0,0.0,0.0,0.0,0.0,176423.0,3.710850477218628,176425.0,0.0,,,,,,,,,176422.0,0.0,0.0,19.0,-536345600.0,13.0,4.0,-3.0,3.0,6.0,-2.0,,,,
7,176434.0,0.0,0.0,0.0,0.0,176433.0,3.710850477218628,176435.0,0.0,,,,,,,,,176432.0,0.0,0.0,19.0,-536345600.0,16.0,4.0,-3.0,2.0,1.0,-3.0,,,,
8,176444.0,0.0,0.0,0.0,0.0,176443.0,3.7161290645599365,176445.0,0.0,,,,,,,,,176442.0,0.0,0.0,19.0,-536345600.0,19.0,5.0,-3.0,2.0,6.0,-2.0,,,,
9,176454.0,0.0,0.0,0.0,0.0,176453.0,3.7161290645599365,176455.0,0.0,,,,,,,,,176452.0,0.0,0.0,19.0,-536345600.0,22.0,5.0,-3.0,0.0,-2.0,0.0,,,,
10,176464.0,0.0,0.0,0.0,0.0,176463.0,3.7161290645599365,176465.0,0.0,,,,,,,,,176462.0,1.0,0.0,19.0,-536345600.0,24.0,6.0,-3.0,4.0,0.0,-1.0,,,,
11,176474.0,0.0,0.0,0.0,0.0,176473.0,3.7161290645599365,176475.0,0.0,,,,,,,,,176472.0,1.0,0.0,19.0,-536345600.0,27.0,6.0,-3.0,0.0,-1.0,3.0,,,,
12,176484.0,0.0,0.0,0.0,0.0,176483.0,3.7161290645599365,176485.0,0.0,,,,,,,,,176482.0,0.0,0.0,19.0,-1071115264.0,6.0,-1.0,-2.0,1.0,0.0,0.0,,,,
13,176494.0,0.0,0.0,0.0,0.0,176493.0,3.710850477218628,176495.0,0.0,,,,,,,,,176492.0,0.0,0.0,19.0,-1072163840.0,8.0,-1.0,-2.0,4.0,0.0,0.0,,,,
14,176504.0,0.0,0.0,0.0,0.0,176503.0,3.710850477218628,176505.0,0.0,,,,,,,,,176502.0,0.0,0.0,19.0,-1072163840.0,9.0,0.0,-3.0,0.0,0.0,2.0,,,,
15,176514.0,0.0,0.0,0.0,0.0,176513.0,3.710850477218628,176515.0,0.0,,,,,,,,,176512.0,0.0,0.0,18.0,-1072163840.0,10.0,-1.0,-7.0,2.0,3.0,0.0,,,,
16,176524.0,0.0,0.0,0.0,0.0,176523.0,3.7161290645599365,176525.0,0.0,,,,,,,,,176522.0,0.0,0.0,18.0,-1071114240.0,10.0,-2.0,-7.0,1.0,-3.0,0.0,,,,
17,176534.0,0.0,0.0,0.0,0.0,176533.0,3.710850477218628,176535.0,0.0,,,,,,,,,176532.0,0.0,0.0,18.0,-1071114240.0,11.0,-2.0,-7.0,0.0,1.0,-1.0,,,,
18,176544.0,0.0,0.0,0.0,0.0,176543.0,3.710850477218628,176545.0,0.0,,,,,,,,,176542.0,0.0,0.0,18.0,-1071114240.0,12.0,-2.0,-7.0,2.0,0.0,-1.0,,,,
19,176554.0,0.0,0.0,0.0,0.0,176553.0,3.710850477218628,176555.0,0.0,,,,,,,,,176552.0,0.0,0.0,18.0,-1071114240.0,14.0,-2.0,-4.0,-2.0,-4.0,-1.0,,,,
20,176564.0,0.0,0.0,0.0,0.0,176563.0,3.710850477218628,176565.0,0.0,,,,,,,,,176562.0,0.0,0.0,18.0,-1071114240.0,15.0,-2.0,-4.0,2.0,-2.0,0.0,,,,
21,176574.0,63165.0,64371.0,64325.0,63223.0,176573.0,3.710850477218628,176575.0,63771.25,,,,,,,,,176572.0,0.0,0.0,18.0,-1072161792.0,8.0,1.0,-4.0,2.0,-3.0,-1.0,,,,
22,176584.0,63704.0,65535.0,64370.0,62004.0,176583.0,3.710850477218628,176585.0,63942.546875,,,,,,,,,176582.0,0.0,0.0,18.0,-1072161792.0,6.0,1.0,-4.0,10.0,3.0,10.0,,,,
23,176594.0,63052.0,65462.0,64944.0,62998.0,176593.0,3.1935484409332275,176595.0,64114.7265625,,,,,,,,,176592.0,0.0,0.0,18.0,-1072160256.0,3.0,0.0,-9.0,-11.0,0.0,-15.0,,,,
24,176604.0,63591.0,63205.0,65149.0,65535.0,176603.0,3.1038124561309814,176605.0,64392.140625,,,,,,,,,176602.0,0.0,0.0,17.0,-1072160256.0,1.0,-1.0,-9.0,-14.0,-14.0,9.0,,,,
25,176614.0,61932.0,65535.0,65535.0,63350.0,176613.0,2.9612903594970703,176615.0,64556.95703125,,,,,,,,,176612.0,0.0,0.0,17.0,-1072161280.0,0.0,0.0,-8.0,23.0,55.0,-1.0,,,,
26,176624.0,63637.0,65535.0,65535.0,59227.0,176623.0,2.9296188354492188,176625.0,64704.41015625,,,,,,,,,176622.0,0.0,0.0,17.0,-1072160256.0,-1.0,0.0,-8.0,-7.0,25.0,8.0,,,,
27,176634.0,61759.0,65535.0,65535.0,63839.0,176633.0,2.9296188354492188,176635.0,64870.390625,,,,,,,,,176632.0,0.0,0.0,17.0,-1072160768.0,-3.0,0.0,-6.0,-43.0,-10.0,-18.0,,,,
28,176644.0,65501.0,65535.0,64047.0,61257.0,176643.0,2.966568946838379,176645.0,64860.67578125,,,,,,,,,176642.0,0.0,0.0,18.0,-1072160256.0,-6.0,0.0,0.0,35.0,-7.0,-15.0,,,,
29,176654.0,64337.0,65535.0,65535.0,61121.0,176653.0,3.0087978839874268,176655.0,64993.828125,,,,,,,,,176652.0,0.0,0.0,18.0,-1073209856.0,-2.0,3.0,0.0,12.0,58.0,62.0,,,,
30,176664.0,65535.0,64690.0,65535.0,64540.0,176663.0,3.0404694080352783,176665.0,65160.6640625,,,,,,,,,176662.0,0.0,0.0,18.0,-1072161792.0,-4.0,1.0,-2.0,0.0,-5.0,78.0,,,,
31,176674.0,65352.0,65535.0,65535.0,63134.0,176673.0,3.07214093208313,176675.0,65388.14453125,,,,,,,,,176672.0,0.0,0.0,18.0,-1073210368.0,-6.0,2.0,-3.0,34.0,-27.0,32.0,,,,
32,176684.0,64058.0,65535.0,65535.0,63936.0,176683.0,3.1038124561309814,176685.0,65535.0,,,,,,,,,176682.0,0.0,0.0,17.0,-1072161791.0,-7.0,0.0,-8.0,24.0,23.0,28.0,,,,
33,176694.0,65105.0,65535.0,65535.0,64055.0,176693.0,3.1038124561309814,176695.0,65535.0,,,,,,,,,176692.0,0.0,0.0,17.0,-1072161791.0,-8.0,1.0,-4.0,-49.0,32.0,53.0,,,,
34,176704.0,65535.0,65535.0,65339.0,62827.0,176703.0,3.135483980178833,176705.0,65535.0,,,,,,,,,176702.0,0.0,0.0,16.0,-1072161791.0,-10.0,0.0,-1.0,44.0,-57.0,13.0,,,,
35,176714.0,65535.0,65535.0,65535.0,62741.0,176713.0,3.161876916885376,176715.0,65535.0,,,,,,,,,176712.0,0.0,0.0,17.0,-1072162815.0,-10.0,2.0,3.0,121.0,-3.0,36.0,,,,
36,176724.0,61083.0,65535.0,65535.0,61181.0,176723.0,3.188269853591919,176725.0,65535.0,,,,,,,,,176722.0,0.0,0.0,17.0,-1072162815.0,-12.0,2.0,15.0,50.0,194.0,40.0,,,,
37,176734.0,65535.0,65535.0,65535.0,58647.0,176733.0,3.2199416160583496,176735.0,65535.0,,,,,,,,,176732.0,0.0,0.0,20.0,-1071113215.0,-16.0,-2.0,48.0,117.0,266.0,84.0,,,,
38,176744.0,64544.0,65535.0,65535.0,56680.0,176743.0,3.251613140106201,176745.0,65265.51171875,,,,,,,,,176742.0,0.0,0.0,20.0,-1071112190.0,-19.0,-2.0,69.0,328.0,258.0,74.0,,,,
39,176754.0,63757.0,65535.0,65535.0,52029.0,176753.0,3.251613140106201,176755.0,64942.1796875,,,,,,,,,176752.0,-3.0,-3.0,21.0,-1065864190.0,-55.0,-40.0,90.0,331.0,383.0,102.0,,,,
40,176764.0,64315.0,65535.0,65535.0,45919.0,176763.0,3.2832846641540527,176765.0,64499.578125,,,,,,,,,176762.0,-4.0,-4.0,22.0,-1064814590.0,-59.0,-42.0,117.0,528.0,535.0,118.0,,,,
41,176774.0,56639.0,65535.0,65535.0,48207.0,176773.0,3.304399013519287,176775.0,63987.08984375,,,,,,,,,176772.0,-1.0,-2.0,16.0,-1064815613.0,-37.0,-23.0,116.0,514.0,822.0,77.0,,,,
42,176784.0,60017.0,65535.0,65535.0,48413.0,176783.0,3.33079195022583,176785.0,64152.7109375,,,,,,,,,176782.0,-2.0,-1.0,18.0,-1062715389.0,-40.0,-22.0,153.0,410.0,823.0,41.0,,,,
43,176794.0,62475.0,65535.0,65535.0,46261.0,176793.0,3.3413491249084473,176795.0,63407.8984375,,,,,,,,,176792.0,-3.0,-2.0,19.0,-1061662717.0,-58.0,-26.0,188.0,416.0,877.0,90.0,,,,
44,176804.0,59205.0,65535.0,65535.0,44555.0,176803.0,3.3624634742736816,176805.0,62662.29296875,,,,,,,,,176802.0,-5.0,-2.0,21.0,-1060610045.0,-73.0,-28.0,221.0,463.0,766.0,51.0,,,,
45,176814.0,60032.0,65535.0,65535.0,39954.0,176813.0,3.3624634742736816,176816.0,62035.4765625,,,,,,,,,176812.0,-7.0,-4.0,18.0,-1057460220.0,-96.0,-47.0,222.0,549.0,659.0,92.0,,,,
46,176824.0,57714.0,65535.0,65535.0,42654.0,176823.0,3.373020648956299,176825.0,62082.2578125,,,,,,,,,176822.0,-9.0,-5.0,20.0,-1054311420.0,-113.0,-57.0,253.0,608.0,727.0,23.0,,,,
47,176834.0,63578.0,65535.0,60016.0,41780.0,176833.0,3.383577823638916,176835.0,61412.4296875,,,,,,,,,176832.0,-8.0,-10.0,23.0,-1049067516.0,-105.0,-96.0,284.0,354.0,537.0,22.0,,,,
48,176844.0,55388.0,65535.0,65535.0,46648.0,176843.0,3.3888564109802246,176845.0,60730.5390625,,,,,,,,,176842.0,-9.0,-11.0,26.0,-1048016892.0,-115.0,-104.0,314.0,229.0,201.0,42.0,,,,
49,176854.0,60543.0,65535.0,61561.0,45507.0,176853.0,3.3888564109802246,176855.0,60434.14453125,,,,,,,,,176852.0,-14.0,-16.0,27.0,-1043819516.0,-157.0,-148.0,331.0,-43.0,21.0,28.0,,,,
50,176864.0,56900.0,65535.0,63156.0,50052.0,176863.0,3.3888564109802246,176865.0,59708.27734375,,,,,,,,,176862.0,-13.0,-15.0,31.0,-1045917692.0,-152.0,-139.0,365.0,-384.0,-259.0,0.0,,,,
51,176874.0,60057.0,61213.0,60901.0,54113.0,176873.0,3.3888564109802246,176875.0,59071.6875,,,,,,,,,176872.0,-13.0,-18.0,35.0,-1045919740.0,-155.0,-159.0,395.0,-623.0,-612.0,148.0,,,,
52,176884.0,54511.0,61247.0,64587.0,53511.0,176883.0,3.3782992362976074,176885.0,58464.515625,,,,,,,,,176882.0,-14.0,-21.0,39.0,-1048018940.0,-161.0,-178.0,420.0,-913.0,-768.0,73.0,,,,
53,176894.0,58051.0,50977.0,61977.0,59511.0,176893.0,3.373020648956299,176895.0,57629.4453125,,,,,,,,,176892.0,-12.0,-19.0,45.0,-1053266939.0,-147.0,-157.0,458.0,-1210.0,-1005.0,253.0,,,,
54,176904.0,49154.0,53058.0,65535.0,57814.0,176903.0,3.373020648956299,176905.0,56892.79296875,,,,,,,,,176902.0,-12.0,-18.0,54.0,-1059563514.0,-139.0,-148.0,505.0,-1364.0,-1105.0,121.0,,,,
55,176914.0,54552.0,45010.0,62864.0,61134.0,176913.0,3.373020648956299,176915.0,55890.33203125,,,,,,,,,176912.0,-13.0,-16.0,59.0,-1066907642.0,-147.0,-124.0,534.0,-1461.0,-1186.0,278.0,,,,
56,176924.0,54054.0,46720.0,60672.0,59562.0,176923.0,3.383577823638916,176925.0,55252.53125,,,,,,,,,176922.0,-9.0,-19.0,65.0,-1071108089.0,-115.0,-138.0,560.0,-1456.0,-1282.0,194.0,,,,
57,176934.0,57715.0,44325.0,56983.0,59837.0,176933.0,3.383577823638916,176935.0,54715.9296875,,,,,,,,,176932.0,-9.0,-19.0,71.0,-532145144.0,-115.0,-130.0,587.0,-1289.0,-1338.0,249.0,,,,
58,176944.0,56837.0,47151.0,56231.0,56825.0,176943.0,3.3888564109802246,176945.0,54261.6953125,,,,,,,,,176942.0,-15.0,-25.0,76.0,-529002488.0,-142.0,-160.0,606.0,-1079.0,-1356.0,181.0,,,,
59,176954.0,57315.0,47019.0,55395.0,54915.0,176953.0,3.394134998321533,176955.0,53661.39453125,,,,,,,,,176952.0,-15.0,-26.0,83.0,-525334519.0,-138.0,-151.0,631.0,-972.0,-1266.0,223.0,,,,
60,176964.0,57279.0,47823.0,54737.0,52865.0,176963.0,3.399413585662842,176965.0,53176.15234375,,,,,,,,,176962.0,-16.0,-26.0,90.0,-521136118.0,-136.0,-139.0,652.0,-742.0,-1148.0,249.0,,,,
61,176974.0,56445.0,49123.0,54941.0,50375.0,176973.0,3.4046921730041504,176975.0,52721.4921875,,,,,,,,,176972.0,-18.0,-27.0,96.0,-517985270.0,-133.0,-132.0,672.0,-566.0,-948.0,250.0,,,,
62,176984.0,57491.0,50831.0,52819.0,47927.0,176983.0,3.409970760345459,176985.0,52267.54296875,,,,,,,,,176982.0,-18.0,-27.0,103.0,-514836469.0,-125.0,-119.0,691.0,-332.0,-797.0,235.0,,,,
63,176994.0,55534.0,51622.0,53936.0,46424.0,176993.0,3.409970760345459,176995.0,51879.4765625,,,,,,,,,176992.0,-21.0,-27.0,115.0,-513784820.0,-132.0,-107.0,732.0,-153.0,-609.0,208.0,,,,
64,177004.0,54998.0,52040.0,52980.0,43590.0,177003.0,3.4152493476867676,177005.0,50902.78125,,,,,,,,,177002.0,-22.0,-28.0,122.0,-512734195.0,-123.0,-95.0,750.0,10.0,-419.0,227.0,,,,
65,177014.0,54409.0,54155.0,52353.0,41115.0,177013.0,3.420527935028076,177015.0,50508.8828125,,,,,,,,,177012.0,-23.0,-28.0,130.0,-512732146.0,-115.0,-84.0,766.0,141.0,-272.0,196.0,,,,
66,177024.0,52278.0,52192.0,53546.0,42608.0,177023.0,3.4258065223693848,177025.0,50156.43359375,,,,,,,,,177022.0,-23.0,-28.0,138.0,-512731122.0,-101.0,-75.0,780.0,199.0,-144.0,155.0,,,,
67,177034.0,53120.0,51456.0,52106.0,42794.0,177033.0,3.4310851097106934,177035.0,49869.4453125,,,,,,,,,177032.0,-22.0,-25.0,142.0,-512730097.0,-85.0,-47.0,770.0,198.0,-18.0,160.0,,,,
68,177044.0,49659.0,49043.0,56747.0,45243.0,177043.0,3.4310851097106934,177045.0,50173.98046875,,,,,,,,,177042.0,-20.0,-30.0,149.0,-514826224.0,-63.0,-62.0,780.0,157.0,21.0,167.0,,,,
69,177054.0,56157.0,50965.0,50273.0,42421.0,177053.0,3.4310851097106934,177055.0,49954.53125,,,,,,,,,177052.0,-20.0,-26.0,157.0,-513777648.0,-55.0,-35.0,791.0,163.0,-36.0,188.0,,,,
70,177064.0,51121.0,50167.0,53609.0,44095.0,177063.0,3.4310851097106934,177065.0,49748.2421875,,,,,,,,,177062.0,-20.0,-24.0,165.0,-513776623.0,-46.0,-16.0,800.0,168.0,-2.0,97.0,,,,
71,177074.0,49926.0,46890.0,55704.0,45732.0,177073.0,3.4310851097106934,177075.0,49563.79296875,,,,,,,,,177072.0,-21.0,-24.0,173.0,-514825199.0,-40.0,-8.0,808.0,22.0,68.0,178.0,,,,
72,177084.0,56044.0,48430.0,48790.0,45060.0,177083.0,3.4310851097106934,177085.0,49581.30859375,,,,,,,,,177082.0,-21.0,-24.0,180.0,-514826222.0,-32.0,-3.0,811.0,26.0,-1.0,94.0,,,,
73,177094.0,49725.0,46073.0,54847.0,46863.0,177093.0,3.4310851097106934,177095.0,49377.14453125,,,,,,,,,177092.0,-21.0,-25.0,188.0,-514825198.0,-22.0,-1.0,820.0,14.0,-65.0,111.0,,,,
74,177104.0,49185.0,46445.0,54567.0,46539.0,177103.0,3.4310851097106934,177105.0,49184.95703125,,,,,,,,,177102.0,-24.0,-21.0,196.0,-513777646.0,-28.0,25.0,827.0,-59.0,5.0,77.0,,,,
75,177114.0,52328.0,44088.0,52468.0,47308.0,177113.0,3.4310851097106934,177115.0,49048.546875,,,,,,,,,177112.0,-24.0,-21.0,205.0,-513777645.0,-20.0,32.0,836.0,-57.0,-30.0,141.0,,,,
76,177124.0,49001.0,47385.0,54239.0,44859.0,177123.0,3.4310851097106934,177125.0,48871.89453125,,,,,,,,,177122.0,-24.0,-20.0,212.0,-513777645.0,-14.0,39.0,837.0,1.0,-57.0,81.0,,,,
77,177134.0,53302.0,44776.0,50570.0,46908.0,177133.0,3.4310851097106934,177135.0,48889.7421875,,,,,,,,,177132.0,-24.0,-17.0,220.0,-512729069.0,-6.0,58.0,842.0,132.0,-41.0,97.0,,,,
78,177144.0,49157.0,47041.0,53741.0,45213.0,177143.0,3.4310851097106934,177145.0,48788.828125,,,,,,,,,177142.0,-24.0,-16.0,229.0,-513776620.0,0.0,65.0,847.0,172.0,0.0,39.0,,,,
79,177154.0,52631.0,46203.0,50691.0,45283.0,177153.0,3.4310851097106934,177155.0,48702.515625,,,,,,,,,177152.0,-24.0,-16.0,237.0,-513776620.0,6.0,72.0,853.0,250.0,-3.0,95.0,,,,
80,177164.0,50660.0,47712.0,51716.0,44296.0,177163.0,3.4310851097106934,177165.0,48596.63671875,,,,,,,,,177162.0,-24.0,-15.0,246.0,-514825196.0,12.0,78.0,858.0,414.0,60.0,21.0,,,,
81,177174.0,54140.0,47030.0,48922.0,43820.0,177173.0,3.4310851097106934,177175.0,48478.87890625,,,,,,,,,177172.0,-24.0,-12.0,255.0,-515874796.0,18.0,91.0,864.0,429.0,85.0,82.0,,,,
82,177184.0,50353.0,49755.0,51153.0,42331.0,177183.0,3.436363697052002,177185.0,48398.8046875,,,,,,,,,177182.0,-24.0,-12.0,263.0,-517971948.0,26.0,95.0,868.0,576.0,104.0,-16.0,,,,
83,177194.0,51859.0,48381.0,50157.0,42935.0,177193.0,3.4310851097106934,177195.0,48333.62890625,,,,,,,,,177192.0,-24.0,-11.0,272.0,-520069100.0,30.0,101.0,871.0,573.0,190.0,34.0,,,,
84,177204.0,52787.0,48497.0,48889.0,42919.0,177203.0,3.4310851097106934,177205.0,48273.34375,,,,,,,,,177202.0,-24.0,-10.0,281.0,-522167276.0,36.0,105.0,875.0,560.0,238.0,6.0,,,,
85,177214.0,50642.0,46938.0,51780.0,43548.0,177213.0,3.436363697052002,177215.0,48227.70703125,,,,,,,,,177212.0,-23.0,-8.0,292.0,-524265452.0,43.0,112.0,890.0,467.0,190.0,48.0,,,,
86,177224.0,50127.0,49091.0,49863.0,42463.0,177223.0,3.436363697052002,177225.0,47886.3046875,,,,,,,,,177222.0,-23.0,-7.0,301.0,-526362604.0,48.0,117.0,891.0,565.0,125.0,-44.0,,,,
87,177234.0,49673.0,45457.0,51643.0,44743.0,177233.0,3.436363697052002,177235.0,47879.8125,,,,,,,,,177232.0,-23.0,-6.0,310.0,-528460780.0,54.0,117.0,895.0,415.0,236.0,24.0,,,,
88,177244.0,50307.0,47177.0,50677.0,43139.0,177243.0,3.436363697052002,177245.0,47825.10546875,,,,,,,,,177242.0,-22.0,-4.0,319.0,-529510380.0,60.0,125.0,896.0,413.0,215.0,6.0,,,,
89,177254.0,50533.0,47755.0,49751.0,43201.0,177253.0,3.436363697052002,177255.0,47810.7578125,,,,,,,,,177252.0,-22.0,-3.0,325.0,-531607532.0,64.0,126.0,884.0,380.0,193.0,-17.0,,,,
90,177264.0,49101.0,46265.0,51667.0,45527.0,177263.0,3.436363697052002,177265.0,48140.33203125,,,,,,,,,177262.0,-22.0,-2.0,334.0,-532657132.0,68.0,126.0,884.0,275.0,277.0,-59.0,,,,
91,177274.0,54111.0,46633.0,47823.0,44125.0,177273.0,3.436363697052002,177275.0,48173.890625,,,,,,,,,177272.0,-21.0,0.0,343.0,-533706732.0,73.0,127.0,886.0,279.0,235.0,22.0,,,,
92,177284.0,48231.0,47045.0,53043.0,44361.0,177283.0,3.4310851097106934,177285.0,48170.18359375,,,,,,,,,177282.0,-20.0,0.0,352.0,-534756332.0,78.0,128.0,885.0,283.0,192.0,-9.0,,,,
93,177294.0,49332.0,48316.0,51432.0,43800.0,177293.0,3.4310851097106934,177295.0,48220.4453125,,,,,,,,,177292.0,-21.0,3.0,361.0,-535805932.0,78.0,134.0,886.0,291.0,283.0,-53.0,,,,
94,177304.0,49627.0,47455.0,51707.0,44515.0,177303.0,3.4310851097106934,177305.0,48326.7421875,,,,,,,,,177302.0,-20.0,4.0,369.0,-536855532.0,80.0,135.0,883.0,230.0,309.0,-46.0,,,,
95,177314.0,50781.0,46261.0,50525.0,45825.0,177313.0,3.4310851097106934,177315.0,48348.203125,,,,,,,,,177312.0,-19.0,5.0,378.0,-1072678893.0,85.0,134.0,881.0,298.0,239.0,-35.0,,,,
96,177324.0,51786.0,48836.0,49334.0,43724.0,177323.0,3.4258065223693848,177325.0,48420.03515625,,,,,,,,,177322.0,-18.0,7.0,387.0,-1071631341.0,89.0,134.0,882.0,371.0,232.0,-62.0,,,,
97,177334.0,50132.0,49166.0,50800.0,43638.0,177333.0,3.4258065223693848,177335.0,48434.5703125,,,,,,,,,177332.0,-18.0,6.0,396.0,-1069535213.0,90.0,127.0,884.0,359.0,251.0,-74.0,,,,
98,177344.0,51014.0,47282.0,50802.0,44510.0,177343.0,3.4258065223693848,177345.0,48402.3828125,,,,,,,,,177342.0,-18.0,7.0,402.0,-1068487661.0,91.0,126.0,874.0,365.0,272.0,0.0,,,,
99,177354.0,50472.0,51342.0,50690.0,42252.0,177353.0,3.4258065223693848,177355.0,48689.41015625,,,,,,,,,177352.0,-18.0,10.0,411.0,-1067440109.0,92.0,130.0,874.0,412.0,266.0,-77.0,,,,
100,177364.0,51359.0,48623.0,50439.0,44439.0,177363.0,3.4258065223693848,177365.0,48715.08203125,,,,,,,,,177362.0,-17.0,11.0,420.0,-1066392558.0,95.0,127.0,877.0,356.0,234.0,-35.0,,,,
101,177374.0,49001.0,49245.0,52419.0,44119.0,177373.0,3.4258065223693848,177375.0,48696.8125,,,,,,,,,177372.0,-17.0,11.0,429.0,-1064296430.0,95.0,122.0,879.0,350.0,280.0,-71.0,,,,
102,177384.0,51520.0,47828.0,50412.0,44924.0,177383.0,3.420527935028076,177385.0,48671.98828125,,,,,,,,,177382.0,-16.0,12.0,438.0,-1063247854.0,97.0,118.0,882.0,288.0,210.0,-18.0,,,,
103,177394.0,51758.0,49238.0,49340.0,44156.0,177393.0,3.4258065223693848,177395.0,48623.05078125,,,,,,,,,177392.0,-15.0,13.0,447.0,-1062200302.0,98.0,115.0,882.0,246.0,265.0,-87.0,,,,
104,177404.0,52600.0,47228.0,49000.0,45836.0,177403.0,3.4258065223693848,177405.0,48666.82421875,,,,,,,,,177402.0,-15.0,14.0,455.0,-1061152750.0,99.0,113.0,882.0,221.0,176.0,-32.0,,,,
105,177414.0,49123.0,47539.0,52559.0,45591.0,177413.0,3.4258065223693848,177415.0,48703.44921875,,,,,,,,,177412.0,-14.0,16.0,464.0,-1060105199.0,100.0,111.0,883.0,84.0,267.0,-50.0,,,,
106,177424.0,49959.0,49433.0,51479.0,43893.0,177423.0,3.420527935028076,177425.0,48691.6328125,,,,,,,,,177422.0,-13.0,18.0,473.0,-1060106223.0,100.0,110.0,885.0,94.0,210.0,-35.0,,,,
107,177434.0,49728.0,46894.0,51062.0,45768.0,177433.0,3.420527935028076,177435.0,48363.93359375,,,,,,,,,177432.0,-12.0,19.0,484.0,-1059058671.0,101.0,105.0,897.0,87.0,221.0,-60.0,,,,
108,177444.0,49631.0,47851.0,50975.0,45135.0,177443.0,3.420527935028076,177445.0,48398.7265625,,,,,,,,,177442.0,-11.0,19.0,493.0,-1059058671.0,103.0,100.0,896.0,94.0,138.0,-55.0,,,,
109,177454.0,49277.0,46309.0,51351.0,46911.0,177453.0,3.420527935028076,177455.0,48462.44921875,,,,,,,,,177452.0,-10.0,20.0,502.0,-1059059695.0,104.0,96.0,896.0,42.0,212.0,-59.0,,,,
110,177464.0,49200.0,47052.0,51772.0,45944.0,177463.0,3.4258065223693848,177465.0,48492.8984375,,,,,,,,,177462.0,-11.0,21.0,511.0,-1058012144.0,97.0,91.0,899.0,46.0,213.0,-55.0,,,,
111,177474.0,50872.0,49176.0,50200.0,43584.0,177473.0,3.4258065223693848,177475.0,48458.05859375,,,,,,,,,177472.0,-11.0,21.0,519.0,-1058013168.0,96.0,85.0,895.0,49.0,164.0,-33.0,,,,
112,177484.0,48665.0,49179.0,52065.0,44459.0,177483.0,3.4258065223693848,177485.0,48592.04296875,,,,,,,,,177482.0,-10.0,22.0,528.0,-1057488880.0,96.0,81.0,896.0,106.0,115.0,-51.0,,,,
113,177494.0,49450.0,48380.0,52162.0,44400.0,177493.0,3.420527935028076,177495.0,48598.734375,,,,,,,,,177492.0,-9.0,21.0,537.0,-1056439280.0,96.0,74.0,895.0,104.0,186.0,3.0,,,,
114,177504.0,51628.0,50230.0,49176.0,43490.0,177503.0,3.420527935028076,177505.0,48631.1796875,,,,,,,,,177502.0,-9.0,21.0,546.0,-1056439280.0,94.0,67.0,897.0,99.0,168.0,-92.0,,,,
115,177514.0,48662.0,47774.0,53210.0,44826.0,177513.0,3.420527935028076,177515.0,48618.09375,,,,,,,,,177512.0,-9.0,25.0,555.0,-1056438256.0,90.0,70.0,896.0,71.0,77.0,17.0,,,,
116,177524.0,53443.0,49765.0,48147.0,43365.0,177523.0,3.420527935028076,177525.0,48680.2578125,,,,,,,,,177522.0,-9.0,25.0,563.0,-1056437232.0,88.0,66.0,894.0,114.0,122.0,-5.0,,,,
117,177534.0,47722.0,48364.0,53338.0,45620.0,177533.0,3.420527935028076,177535.0,48761.94140625,,,,,,,,,177532.0,-8.0,27.0,572.0,-1055388656.0,87.0,63.0,896.0,85.0,73.0,-63.0,,,,
118,177544.0,52058.0,47946.0,49814.0,45158.0,177543.0,3.420527935028076,177545.0,48744.81640625,,,,,,,,,177542.0,-8.0,27.0,581.0,-1055388657.0,85.0,58.0,897.0,2.0,117.0,-10.0,,,,
119,177554.0,49561.0,46987.0,51913.0,46531.0,177553.0,3.420527935028076,177555.0,48748.671875,,,,,,,,,177552.0,-7.0,27.0,590.0,-1055387633.0,84.0,53.0,897.0,-7.0,34.0,-33.0,,,,
120,177564.0,53051.0,48523.0,48505.0,44533.0,177563.0,3.420527935028076,177565.0,48653.1015625,,,,,,,,,177562.0,-6.0,28.0,600.0,-1055387633.0,83.0,48.0,902.0,17.0,-16.0,-13.0,,,,
121,177574.0,50467.0,48483.0,50311.0,45399.0,177573.0,3.420527935028076,177575.0,48665.6171875,,,,,,,,,177572.0,-5.0,28.0,609.0,-1055387633.0,82.0,43.0,903.0,-10.0,76.0,-71.0,,,,
122,177584.0,50576.0,47364.0,51326.0,45518.0,177583.0,3.420527935028076,177585.0,48696.2890625,,,,,,,,,177582.0,-6.0,27.0,618.0,-1055387633.0,77.0,34.0,902.0,-69.0,62.0,7.0,,,,
123,177594.0,49001.0,50031.0,51723.0,44189.0,177593.0,3.420527935028076,177595.0,48736.15234375,,,,,,,,,177592.0,-5.0,26.0,627.0,-1055387633.0,77.0,25.0,903.0,-49.0,73.0,-66.0,,,,
124,177604.0,49567.0,45965.0,50529.0,45679.0,177603.0,3.420527935028076,177605.0,47935.6875,,,,,,,,,177602.0,-5.0,28.0,642.0,-1055386609.0,75.0,25.0,937.0,-137.0,99.0,-13.0,,,,
125,177614.0,49055.0,48875.0,50263.0,43447.0,177613.0,3.420527935028076,177615.0,47910.90234375,,,,,,,,,177612.0,-4.0,26.0,652.0,-1055386609.0,74.0,15.0,938.0,-40.0,44.0,-56.0,,,,
126,177624.0,50489.0,46863.0,49661.0,44647.0,177623.0,3.4258065223693848,177625.0,47915.17578125,,,,,,,,,177622.0,-3.0,26.0,661.0,-1056435185.0,72.0,9.0,940.0,-165.0,97.0,-4.0,,,,
127,177634.0,46856.0,48878.0,51878.0,42272.0,177633.0,3.4258065223693848,177635.0,47471.12890625,,,,,,,,,177632.0,-3.0,29.0,671.0,-1057482738.0,69.0,13.0,943.0,-99.0,141.0,-44.0,,,,
128,177644.0,47619.0,45377.0,50759.0,44217.0,177643.0,3.4310851097106934,177645.0,46993.72265625,,,,,,,,,177642.0,-3.0,25.0,680.0,-1057482738.0,66.0,0.0,937.0,-189.0,91.0,25.0,,,,
129,177654.0,51833.0,47493.0,46391.0,41263.0,177653.0,3.4310851097106934,177655.0,46745.91796875,,,,,,,,,177652.0,-2.0,25.0,689.0,-1057481714.0,65.0,-4.0,937.0,-62.0,-17.0,43.0,,,,
130,177664.0,46470.0,45058.0,49920.0,43840.0,177663.0,3.436363697052002,177665.0,46322.43359375,,,,,,,,,177662.0,7.0,29.0,698.0,-1058531314.0,85.0,0.0,940.0,-103.0,40.0,-59.0,,,,
131,177674.0,47961.0,44751.0,47503.0,43129.0,177673.0,3.436363697052002,177675.0,45836.203125,,,,,,,,,177672.0,8.0,30.0,708.0,-1058531314.0,83.0,-2.0,940.0,-110.0,36.0,-32.0,,,,
132,177684.0,46717.0,43011.0,48879.0,42973.0,177683.0,3.4416422843933105,177685.0,45395.71484375,,,,,,,,,177682.0,8.0,26.0,717.0,-1058531314.0,81.0,-14.0,940.0,-126.0,2.0,35.0,,,,
133,177694.0,50465.0,45465.0,44679.0,40323.0,177693.0,3.446920871734619,177695.0,45233.640625,,,,,,,,,177692.0,9.0,26.0,725.0,-1059579890.0,80.0,-18.0,931.0,-92.0,-19.0,39.0,,,,
134,177704.0,45600.0,43202.0,47600.0,43002.0,177703.0,3.4521994590759277,177705.0,44851.9375,,,,,,,,,177702.0,10.0,25.0,735.0,-1059579890.0,79.0,-22.0,928.0,-128.0,50.0,-58.0,,,,
135,177714.0,44116.0,44442.0,48644.0,40698.0,177713.0,3.4521994590759277,177715.0,44475.61328125,,,,,,,,,177712.0,10.0,25.0,744.0,-1060628466.0,75.0,-25.0,926.0,-132.0,54.0,-32.0,,,,
136,177724.0,45468.0,41932.0,47048.0,41924.0,177723.0,3.4521994590759277,177726.0,44093.6796875,,,,,,,,,177722.0,10.0,26.0,753.0,-1060628466.0,72.0,-26.0,923.0,-210.0,95.0,0.0,,,,
137,177734.0,44544.0,42596.0,46826.0,40234.0,177733.0,3.4574780464172363,177735.0,43550.24609375,,,,,,,,,177732.0,11.0,25.0,763.0,-1061676018.0,71.0,-31.0,925.0,-196.0,36.0,10.0,,,,
138,177744.0,44239.0,43033.0,45635.0,39929.0,177743.0,3.4574780464172363,177745.0,43209.375,,,,,,,,,177742.0,11.0,26.0,773.0,-1062724594.0,67.0,-30.0,921.0,-216.0,121.0,-62.0,,,,
139,177754.0,43511.0,43061.0,46133.0,38747.0,177753.0,3.4680352210998535,177755.0,42863.26953125,,,,,,,,,177752.0,13.0,25.0,782.0,-1062723570.0,68.0,-35.0,918.0,-184.0,153.0,-27.0,,,,
140,177764.0,45041.0,40313.0,43965.0,40637.0,177763.0,3.4680352210998535,177765.0,42489.46875,,,,,,,,,177762.0,13.0,26.0,791.0,-1063772146.0,65.0,-35.0,914.0,-216.0,74.0,-12.0,,,,
141,177774.0,43786.0,42580.0,44366.0,37904.0,177773.0,3.4680352210998535,177775.0,42159.25,,,,,,,,,177772.0,14.0,18.0,796.0,-1063771122.0,64.0,-53.0,886.0,-263.0,119.0,-45.0,,,,
142,177784.0,46472.0,42820.0,42404.0,38816.0,177783.0,3.473313808441162,177785.0,42628.2734375,,,,,,,,,177782.0,14.0,16.0,805.0,-1064819698.0,61.0,-58.0,877.0,-162.0,55.0,-44.0,,,,
143,177794.0,42712.0,41290.0,45666.0,40016.0,177793.0,3.473313808441162,177795.0,42421.7265625,,,,,,,,,177792.0,14.0,16.0,814.0,-1065868275.0,58.0,-60.0,867.0,-244.0,70.0,-48.0,,,,
144,177804.0,44905.0,42493.0,43249.0,38345.0,177803.0,3.473313808441162,177805.0,42248.953125,,,,,,,,,177802.0,16.0,17.0,822.0,-1066916851.0,58.0,-57.0,857.0,-168.0,45.0,-37.0,,,,
145,177814.0,43326.0,40962.0,44578.0,39430.0,177813.0,3.473313808441162,177815.0,42074.71875,,,,,,,,,177812.0,16.0,15.0,831.0,-1066916851.0,55.0,-61.0,851.0,-215.0,7.0,-28.0,,,,
146,177824.0,44085.0,40279.0,43451.0,39345.0,177823.0,3.473313808441162,177825.0,41790.19921875,,,,,,,,,177822.0,17.0,15.0,840.0,-1067964403.0,53.0,-63.0,841.0,-239.0,-36.0,-13.0,,,,
147,177834.0,41707.0,40995.0,45019.0,38707.0,177833.0,3.473313808441162,177835.0,41607.96875,,,,,,,,,177832.0,17.0,15.0,848.0,-1069014003.0,50.0,-62.0,832.0,-157.0,-64.0,-36.0,,,,
148,177844.0,44457.0,41859.0,41659.0,37761.0,177843.0,3.473313808441162,177845.0,41434.0703125,,,,,,,,,177842.0,17.0,14.0,856.0,-1070062579.0,48.0,-65.0,819.0,-154.0,-59.0,-60.0,,,,
149,177854.0,42985.0,39499.0,43437.0,39411.0,177853.0,3.4785923957824707,177855.0,41333.3125,,,,,,,,,177852.0,17.0,11.0,865.0,-1070062580.0,44.0,-70.0,807.0,-153.0,-29.0,-31.0,,,,
150,177864.0,44908.0,40392.0,40360.0,37280.0,177863.0,3.4785923957824707,177865.0,40735.42578125,,,,,,,,,177862.0,18.0,10.0,875.0,-1071111156.0,42.0,-71.0,810.0,-189.0,23.0,-20.0,,,,
151,177874.0,43469.0,40785.0,41003.0,37187.0,177873.0,3.4838709831237793,177875.0,40611.88671875,,,,,,,,,177872.0,18.0,9.0,883.0,-1072159732.0,40.0,-71.0,799.0,-214.0,-38.0,-44.0,,,,
152,177884.0,39285.0,38181.0,44983.0,39511.0,177883.0,3.4838709831237793,177885.0,40490.15234375,,,,,,,,,177882.0,16.0,13.0,891.0,-1073208308.0,32.0,-62.0,785.0,-192.0,-68.0,-43.0,,,,
153,177894.0,42968.0,39480.0,41436.0,37840.0,177893.0,3.4838709831237793,177895.0,40431.5703125,,,,,,,,,177892.0,16.0,12.0,899.0,-536337396.0,29.0,-65.0,770.0,-117.0,33.0,-39.0,,,,
154,177904.0,41628.0,40962.0,42618.0,36400.0,177903.0,3.4838709831237793,177905.0,40402.84765625,,,,,,,,,177902.0,16.0,11.0,906.0,-535288820.0,27.0,-65.0,753.0,-238.0,22.0,-37.0,,,,
155,177914.0,38422.0,40624.0,45998.0,36824.0,177913.0,3.489149570465088,177915.0,40467.3359375,,,,,,,,,177912.0,16.0,8.0,914.0,-535288820.0,24.0,-69.0,739.0,-203.0,-90.0,-38.0,,,,
156,177924.0,45647.0,41803.0,38995.0,35339.0,177923.0,3.4838709831237793,177926.0,40446.6796875,,,,,,,,,177922.0,15.0,8.0,921.0,-534240244.0,21.0,-67.0,724.0,-235.0,14.0,-28.0,,,,
157,177934.0,43002.0,39760.0,41978.0,37080.0,177933.0,3.4838709831237793,177935.0,40455.828125,,,,,,,,,177932.0,15.0,7.0,928.0,-533191669.0,17.0,-68.0,709.0,-113.0,-60.0,36.0,,,,
158,177944.0,38430.0,38304.0,45850.0,39232.0,177943.0,3.4838709831237793,177945.0,40454.05078125,,,,,,,,,177942.0,15.0,4.0,937.0,-533191669.0,16.0,-72.0,704.0,-191.0,-88.0,-51.0,,,,
159,177954.0,43018.0,39102.0,40946.0,37474.0,177953.0,3.4838709831237793,177955.0,40135.35546875,,,,,,,,,177952.0,15.0,3.0,944.0,-532143093.0,14.0,-71.0,688.0,-203.0,-80.0,-22.0,,,,
160,177964.0,41288.0,40548.0,42630.0,36218.0,177963.0,3.4838709831237793,177965.0,40171.796875,,,,,,,,,177962.0,14.0,5.0,950.0,-531095541.0,10.0,-66.0,672.0,-137.0,-96.0,-8.0,,,,
161,177974.0,41864.0,37626.0,42412.0,38958.0,177973.0,3.4838709831237793,177975.0,40215.9296875,,,,,,,,,177972.0,14.0,4.0,957.0,-531095541.0,7.0,-65.0,657.0,-150.0,-164.0,-4.0,,,,
162,177984.0,40526.0,38250.0,43492.0,38716.0,177983.0,3.4838709831237793,177985.0,40246.25,,,,,,,,,177982.0,14.0,4.0,964.0,-530047989.0,5.0,-63.0,641.0,-128.0,-161.0,-34.0,,,,
163,177994.0,42241.0,39861.0,40697.0,36401.0,177993.0,3.4838709831237793,177996.0,39800.25390625,,,,,,,,,177992.0,15.0,3.0,973.0,-530047989.0,4.0,-63.0,641.0,-77.0,-172.0,-42.0,,,,
164,178004.0,40997.0,37831.0,42133.0,38331.0,178003.0,3.489149570465088,178005.0,39823.57421875,,,,,,,,,178002.0,15.0,3.0,979.0,-530049013.0,3.0,-59.0,627.0,-112.0,-126.0,-33.0,,,,
165,178014.0,40739.0,37645.0,42713.0,38259.0,178013.0,3.489149570465088,178015.0,39839.77734375,,,,,,,,,178012.0,15.0,3.0,985.0,-529000437.0,1.0,-58.0,611.0,-144.0,-59.0,9.0,,,,
166,178024.0,43876.0,38352.0,39996.0,37376.0,178023.0,3.489149570465088,178025.0,39900.51171875,,,,,,,,,178022.0,14.0,2.0,991.0,-529000437.0,0.0,-56.0,595.0,-161.0,-95.0,15.0,,,,
167,178034.0,43066.0,40132.0,40270.0,36532.0,178033.0,3.4838709831237793,178035.0,40000.6015625,,,,,,,,,178032.0,15.0,1.0,994.0,-527952885.0,-1.0,-55.0,562.0,-44.0,-146.0,-28.0,,,,
168,178044.0,41291.0,38047.0,43859.0,39359.0,178043.0,3.4838709831237793,178045.0,40639.90625,,,,,,,,,178042.0,14.0,1.0,1000.0,-527952885.0,-3.0,-53.0,543.0,-44.0,-89.0,-19.0,,,,
169,178054.0,43717.0,40463.0,41681.0,37451.0,178053.0,3.4785923957824707,178055.0,40828.01953125,,,,,,,,,178052.0,12.0,-2.0,1005.0,-527952885.0,-7.0,-57.0,526.0,-107.0,-23.0,18.0,,,,
170,178064.0,41228.0,40686.0,43998.0,38008.0,178063.0,3.473313808441162,178065.0,40980.375,,,,,,,,,178062.0,13.0,-2.0,1010.0,-527953909.0,-7.0,-55.0,509.0,-42.0,-120.0,-33.0,,,,
171,178074.0,44169.0,40945.0,41863.0,37479.0,178073.0,3.473313808441162,178075.0,41114.7890625,,,,,,,,,178072.0,11.0,-3.0,1015.0,-526905333.0,-10.0,-53.0,493.0,-77.0,-41.0,-33.0,,,,
172,178084.0,42923.0,40133.0,43479.0,37677.0,178083.0,3.473313808441162,178085.0,41053.09765625,,,,,,,,,178082.0,12.0,-5.0,1021.0,-526905334.0,-11.0,-54.0,483.0,-10.0,-95.0,52.0,,,,
173,178094.0,41307.0,41045.0,44417.0,37979.0,178093.0,3.473313808441162,178095.0,41187.1953125,,,,,,,,,178092.0,10.0,-4.0,1026.0,-526905333.0,-14.0,-49.0,466.0,-28.0,-82.0,-30.0,,,,
174,178104.0,41933.0,40311.0,44117.0,39019.0,178103.0,3.4680352210998535,178105.0,41345.30078125,,,,,,,,,178102.0,10.0,-5.0,1031.0,-526906358.0,-14.0,-48.0,451.0,-96.0,-92.0,-39.0,,,,
175,178114.0,42944.0,40422.0,44056.0,38566.0,178113.0,3.4680352210998535,178115.0,41497.15625,,,,,,,,,178112.0,10.0,-6.0,1035.0,-526906358.0,-15.0,-48.0,434.0,-44.0,-132.0,13.0,,,,
176,178124.0,42676.0,39844.0,45532.0,40328.0,178123.0,3.4680352210998535,178126.0,42095.81640625,,,,,,,,,178122.0,9.0,-6.0,1037.0,-526906358.0,-17.0,-45.0,406.0,-44.0,-111.0,0.0,,,,
177,178134.0,43996.0,41836.0,44448.0,38772.0,178133.0,3.4680352210998535,178135.0,42263.99609375,,,,,,,,,178132.0,8.0,-7.0,1041.0,-525858806.0,-19.0,-43.0,390.0,-65.0,-183.0,9.0,,,,
178,178144.0,44107.0,40459.0,44321.0,40981.0,178143.0,3.462756633758545,178145.0,42467.40234375,,,,,,,,,178142.0,8.0,-7.0,1045.0,-525858806.0,-20.0,-41.0,374.0,-62.0,-148.0,-33.0,,,,
179,178154.0,44485.0,40179.0,44797.0,41167.0,178153.0,3.4574780464172363,178155.0,42657.30859375,,,,,,,,,178152.0,9.0,-6.0,1048.0,-525859830.0,-18.0,-35.0,357.0,-30.0,-157.0,2.0,,,,
180,178164.0,42666.0,41264.0,46710.0,40932.0,178163.0,3.4574780464172363,178165.0,42893.625,,,,,,,,,178162.0,6.0,-6.0,1048.0,-525859830.0,-22.0,-33.0,319.0,-61.0,-88.0,-15.0,,,,
181,178174.0,47143.0,42053.0,44853.0,41455.0,178173.0,3.4574780464172363,178175.0,43876.15234375,,,,,,,,,178172.0,6.0,-6.0,1051.0,-524812278.0,-23.0,-30.0,307.0,-67.0,-108.0,22.0,,,,
182,178184.0,45797.0,43575.0,45633.0,41147.0,178183.0,3.446920871734619,178186.0,44038.9609375,,,,,,,,,178182.0,4.0,-4.0,1054.0,-524812278.0,-26.0,-24.0,295.0,-10.0,-108.0,-8.0,,,,
183,178194.0,46429.0,42949.0,45437.0,41861.0,178193.0,3.446920871734619,178195.0,44169.60546875,,,,,,,,,178192.0,4.0,-10.0,1057.0,-525336566.0,-25.0,-31.0,285.0,78.0,-108.0,-24.0,,,,
184,178204.0,44999.0,42681.0,47117.0,42307.0,178203.0,3.4416422843933105,178205.0,44276.57421875,,,,,,,,,178202.0,4.0,-8.0,1062.0,-525335542.0,-24.0,-24.0,289.0,65.0,-74.0,-11.0,,,,
185,178214.0,45586.0,41242.0,46028.0,42740.0,178213.0,3.4416422843933105,178215.0,43899.3046875,,,,,,,,,178212.0,2.0,-5.0,1065.0,-525335542.0,-26.0,-16.0,277.0,36.0,-75.0,9.0,,,,
186,178224.0,46857.0,44215.0,45131.0,39921.0,178223.0,3.4416422843933105,178225.0,44031.6640625,,,,,,,,,178222.0,2.0,-10.0,1068.0,-526384118.0,-27.0,-21.0,267.0,42.0,-98.0,-7.0,,,,
187,178234.0,48205.0,43103.0,43493.0,41767.0,178233.0,3.4416422843933105,178235.0,44142.234375,,,,,,,,,178232.0,2.0,-10.0,1071.0,-526383094.0,-26.0,-18.0,258.0,111.0,-114.0,-19.0,,,,
188,178244.0,43910.0,42560.0,48396.0,42098.0,178243.0,3.4416422843933105,178245.0,44241.12109375,,,,,,,,,178242.0,1.0,-16.0,1073.0,-527431670.0,-27.0,-25.0,247.0,109.0,-89.0,-17.0,,,,
189,178254.0,48856.0,43282.0,42892.0,40270.0,178253.0,3.4416422843933105,178255.0,43825.80859375,,,,,,,,,178252.0,0.0,-16.0,1079.0,-527431670.0,-29.0,-22.0,255.0,16.0,-71.0,21.0,,,,
190,178264.0,45314.0,43110.0,45982.0,41214.0,178263.0,3.4416422843933105,178265.0,43905.01171875,,,,,,,,,178262.0,0.0,-15.0,1081.0,-527430646.0,-27.0,-18.0,246.0,29.0,-69.0,-27.0,,,,
191,178274.0,47543.0,42287.0,44351.0,41759.0,178273.0,3.446920871734619,178275.0,43985.11328125,,,,,,,,,178272.0,-1.0,-15.0,1084.0,-527430646.0,-29.0,-15.0,239.0,-56.0,-54.0,-12.0,,,,
192,178284.0,44584.0,42510.0,47062.0,42016.0,178283.0,3.446920871734619,178285.0,44043.14453125,,,,,,,,,178282.0,-2.0,-17.0,1086.0,-527430646.0,-28.0,-16.0,232.0,-2.0,-146.0,11.0,,,,
193,178294.0,44846.0,40598.0,46912.0,43964.0,178293.0,3.446920871734619,178296.0,44080.50390625,,,,,,,,,178292.0,-2.0,-15.0,1089.0,-527429622.0,-28.0,-10.0,230.0,-121.0,-65.0,-35.0,,,,
194,178304.0,45141.0,43921.0,46233.0,40489.0,178303.0,3.446920871734619,178306.0,43946.36328125,,,,,,,,,178302.0,-3.0,-13.0,1092.0,-526381046.0,-28.0,-5.0,222.0,-82.0,-95.0,-30.0,,,,
195,178314.0,44514.0,42508.0,47134.0,41932.0,178313.0,3.446920871734619,178316.0,44022.359375,,,,,,,,,178312.0,-3.0,-17.0,1094.0,-526381046.0,-26.0,-8.0,216.0,-116.0,-44.0,-22.0,,,,
196,178324.0,48352.0,42074.0,44226.0,41584.0,178323.0,3.446920871734619,178325.0,44059.8984375,,,,,,,,,178322.0,-4.0,-15.0,1096.0,-526381046.0,-26.0,-4.0,210.0,-27.0,-95.0,55.0,,,,
197,178334.0,44771.0,43813.0,46835.0,40969.0,178333.0,3.446920871734619,178335.0,44097.4375,,,,,,,,,178332.0,-5.0,-16.0,1102.0,-526380022.0,-26.0,-1.0,225.0,40.0,-56.0,-29.0,,,,
198,178344.0,46396.0,43678.0,43962.0,39676.0,178343.0,3.446920871734619,178346.0,43428.7734375,,,,,,,,,178342.0,-6.0,-16.0,1104.0,-526380022.0,-26.0,0.0,219.0,61.0,-91.0,-17.0,,,,
199,178354.0,44711.0,43225.0,45889.0,39939.0,178353.0,3.446920871734619,178355.0,43441.796875,,,,,,,,,178352.0,-9.0,-16.0,1106.0,-526380022.0,-29.0,2.0,214.0,78.0,-78.0,-12.0,,,,
200,178364.0,45024.0,41706.0,45894.0,41172.0,178363.0,3.4521994590759277,178365.0,43449.0078125,,,,,,,,,178362.0,-9.0,-16.0,1108.0,-526380022.0,-28.0,5.0,208.0,97.0,-60.0,1.0,,,,
201,178374.0,48595.0,42543.0,42505.0,40277.0,178373.0,3.4521994590759277,178376.0,43480.27734375,,,,,,,,,178372.0,-9.0,-16.0,1110.0,-527427574.0,-26.0,7.0,203.0,129.0,-120.0,38.0,,,,
202,178384.0,46354.0,42566.0,44586.0,41678.0,178383.0,3.4521994590759277,178385.0,43796.8515625,,,,,,,,,178382.0,-4.0,-19.0,1111.0,-527427574.0,-16.0,5.0,186.0,180.0,-106.0,-28.0,,,,
203,178394.0,47778.0,42354.0,43640.0,41760.0,178393.0,3.4521994590759277,178395.0,43883.30078125,,,,,,,,,178392.0,-4.0,-20.0,1113.0,-528475126.0,-16.0,6.0,178.0,167.0,-102.0,-30.0,,,,
204,178404.0,47555.0,42743.0,44069.0,41565.0,178403.0,3.4521994590759277,178406.0,43983.90234375,,,,,,,,,178402.0,-4.0,-20.0,1114.0,-529523702.0,-14.0,8.0,171.0,87.0,-30.0,7.0,,,,
205,178414.0,47185.0,43133.0,45609.0,40313.0,178413.0,3.446920871734619,178415.0,44060.25,,,,,,,,,178412.0,-7.0,-24.0,1116.0,-529523703.0,-16.0,4.0,166.0,8.0,-22.0,33.0,,,,
206,178424.0,43257.0,43799.0,48131.0,41209.0,178423.0,3.446920871734619,178425.0,44099.4921875,,,,,,,,,178422.0,-9.0,-18.0,1118.0,-529523702.0,-16.0,14.0,163.0,108.0,-81.0,8.0,,,,
207,178434.0,45481.0,42307.0,46093.0,42479.0,178433.0,3.446920871734619,178436.0,44090.359375,,,,,,,,,178432.0,-10.0,-18.0,1119.0,-529523702.0,-16.0,15.0,156.0,-16.0,30.0,-44.0,,,,
208,178444.0,44580.0,43176.0,47704.0,41152.0,178443.0,3.446920871734619,178445.0,44153.3828125,,,,,,,,,178442.0,-11.0,-22.0,1121.0,-529523703.0,-15.0,12.0,149.0,-1.0,20.0,0.0,,,,
209,178454.0,45573.0,42323.0,46785.0,42315.0,178453.0,3.446920871734619,178455.0,44249.10546875,,,,,,,,,178452.0,-12.0,-22.0,1122.0,-529523703.0,-15.0,14.0,143.0,-118.0,68.0,-19.0,,,,
210,178464.0,47465.0,45219.0,45099.0,39465.0,178463.0,3.446920871734619,178465.0,44312.91796875,,,,,,,,,178462.0,-13.0,-21.0,1124.0,-529523702.0,-13.0,16.0,137.0,-59.0,-39.0,31.0,,,,
211,178474.0,46989.0,42991.0,45251.0,42245.0,178473.0,3.4416422843933105,178475.0,44369.58984375,,,,,,,,,178472.0,-13.0,-21.0,1125.0,-529523702.0,-12.0,18.0,129.0,13.0,34.0,-60.0,,,,
212,178484.0,45523.0,43149.0,47025.0,42279.0,178483.0,3.4416422843933105,178485.0,44494.69921875,,,,,,,,,178482.0,-12.0,-11.0,1126.0,-528475127.0,-9.0,33.0,124.0,-9.0,-16.0,-18.0,,,,
213,178494.0,45803.0,43555.0,47119.0,41739.0,178493.0,3.4416422843933105,178495.0,44554.3515625,,,,,,,,,178492.0,-15.0,-8.0,1128.0,-528475127.0,-11.0,38.0,119.0,20.0,-32.0,20.0,,,,
214,178504.0,46422.0,43782.0,46728.0,41516.0,178503.0,3.4416422843933105,178505.0,44612.99609375,,,,,,,,,178502.0,-17.0,-15.0,1129.0,-529523703.0,-12.0,31.0,113.0,63.0,-23.0,-19.0,,,,
215,178514.0,47782.0,44486.0,45992.0,42728.0,178513.0,3.4416422843933105,178515.0,45247.17578125,,,,,,,,,178512.0,-17.0,-14.0,1127.0,-529523703.0,-10.0,34.0,91.0,137.0,-63.0,-16.0,,,,
216,178524.0,47415.0,43235.0,47021.0,43709.0,178523.0,3.4416422843933105,178526.0,45345.0,,,,,,,,,178522.0,-19.0,-10.0,1128.0,-529523703.0,-11.0,41.0,85.0,168.0,-72.0,-12.0,,,,
217,178534.0,48179.0,44407.0,46373.0,42821.0,178533.0,3.436363697052002,178536.0,45445.1640625,,,,,,,,,178532.0,-18.0,-14.0,1129.0,-530571255.0,-8.0,36.0,77.0,197.0,-107.0,-5.0,,,,
218,178544.0,48618.0,45630.0,46236.0,41868.0,178543.0,3.4310851097106934,178545.0,45588.6015625,,,,,,,,,178542.0,-19.0,-11.0,1129.0,-531619831.0,-7.0,40.0,72.0,209.0,-91.0,-8.0,,,,
219,178554.0,46185.0,44753.0,48651.0,43215.0,178553.0,3.4310851097106934,178555.0,45701.16796875,,,,,,,,,178552.0,-19.0,-11.0,1130.0,-531619831.0,-5.0,42.0,67.0,179.0,-19.0,-19.0,,,,
220,178564.0,50482.0,44510.0,45374.0,42730.0,178563.0,3.4310851097106934,178565.0,45774.11328125,,,,,,,,,178562.0,-22.0,-15.0,1131.0,-532668407.0,-6.0,37.0,63.0,200.0,-90.0,50.0,,,,
221,178574.0,47324.0,44968.0,47876.0,43200.0,178573.0,3.4310851097106934,178575.0,45842.09765625,,,,,,,,,178572.0,-23.0,-14.0,1131.0,-533716983.0,-5.0,39.0,57.0,178.0,0.0,-36.0,,,,
222,178584.0,47871.0,46725.0,47139.0,42069.0,178583.0,3.4258065223693848,178585.0,45951.0078125,,,,,,,,,178582.0,-24.0,-14.0,1132.0,-534764535.0,-4.0,39.0,53.0,123.0,-23.0,-27.0,,,,
223,178594.0,45370.0,44108.0,50494.0,44140.0,178593.0,3.4258065223693848,178596.0,46028.28515625,,,,,,,,,178592.0,-24.0,-14.0,1131.0,-534764535.0,-2.0,40.0,44.0,94.0,19.0,10.0,,,,
224,178604.0,51143.0,44751.0,46393.0,42741.0,178603.0,3.4258065223693848,178605.0,46257.66015625,,,,,,,,,178602.0,-25.0,-15.0,1132.0,-534765559.0,-2.0,38.0,41.0,44.0,12.0,67.0,,,,
225,178614.0,45137.0,46171.0,50681.0,43259.0,178613.0,3.4258065223693848,178616.0,46312.57421875,,,,,,,,,178612.0,-25.0,-11.0,1132.0,-535813111.0,0.0,43.0,37.0,88.0,-46.0,-33.0,,,,
226,178624.0,49137.0,45813.0,47467.0,43167.0,178623.0,3.4258065223693848,178625.0,46396.58203125,,,,,,,,,178622.0,-26.0,-11.0,1133.0,-535813111.0,0.0,43.0,35.0,28.0,-19.0,9.0,,,,
227,178634.0,47124.0,44546.0,50122.0,43960.0,178633.0,3.420527935028076,178635.0,46438.40234375,,,,,,,,,178632.0,-28.0,-12.0,1133.0,-535813111.0,1.0,42.0,32.0,38.0,14.0,20.0,,,,
228,178644.0,49207.0,44521.0,47757.0,42427.0,178643.0,3.4258065223693848,178645.0,45978.5390625,,,,,,,,,178642.0,-28.0,-10.0,1136.0,-535813111.0,3.0,44.0,47.0,-24.0,31.0,57.0,,,,
229,178654.0,45377.0,46145.0,50501.0,41809.0,178653.0,3.4258065223693848,178655.0,45958.79296875,,,,,,,,,178652.0,-31.0,-9.0,1137.0,-535814135.0,1.0,45.0,45.0,121.0,-69.0,25.0,,,,
230,178664.0,50590.0,45378.0,45716.0,42180.0,178663.0,3.4258065223693848,178665.0,45966.28125,,,,,,,,,178662.0,-31.0,-8.0,1137.0,-535814135.0,3.0,47.0,46.0,51.0,-4.0,39.0,,,,
231,178674.0,44582.0,44820.0,51378.0,42932.0,178673.0,3.4258065223693848,178675.0,45928.25390625,,,,,,,,,178672.0,-31.0,-7.0,1138.0,-535814135.0,6.0,47.0,46.0,50.0,33.0,16.0,,,,
232,178684.0,51259.0,44207.0,47123.0,43575.0,178683.0,3.4258065223693848,178686.0,46541.19140625,,,,,,,,,178682.0,-31.0,-6.0,1134.0,-536862711.0,8.0,47.0,28.0,112.0,-42.0,67.0,,,,
233,178694.0,48535.0,47109.0,48739.0,41641.0,178693.0,3.4310851097106934,178695.0,46506.3125,,,,,,,,,178692.0,-29.0,-12.0,1135.0,-1073732598.0,12.0,40.0,27.0,146.0,-101.0,12.0,,,,
234,178704.0,48216.0,45734.0,48398.0,43712.0,178703.0,3.4258065223693848,178705.0,46515.06640625,,,,,,,,,178702.0,-31.0,-10.0,1135.0,-1072684022.0,13.0,42.0,24.0,116.0,-45.0,-11.0,,,,
235,178714.0,48802.0,44464.0,49114.0,43868.0,178713.0,3.4258065223693848,178715.0,46562.93359375,,,,,,,,,178712.0,-30.0,-5.0,1135.0,-1072684022.0,15.0,48.0,22.0,186.0,-26.0,12.0,,,,
236,178724.0,48772.0,45446.0,49052.0,43198.0,178723.0,3.4258065223693848,178725.0,46617.91796875,,,,,,,,,178722.0,-33.0,-6.0,1142.0,-1072684022.0,14.0,46.0,58.0,76.0,-39.0,46.0,,,,
237,178734.0,51064.0,43142.0,44120.0,43086.0,178733.0,3.4258065223693848,178735.0,45353.28515625,,,,,,,,,178732.0,-33.0,-5.0,1143.0,-1071635446.0,16.0,45.0,58.0,144.0,-38.0,40.0,,,,
238,178744.0,47008.0,44838.0,46980.0,42462.0,178743.0,3.4258065223693848,178745.0,45322.82421875,,,,,,,,,178742.0,-33.0,-5.0,1143.0,-1071635446.0,19.0,45.0,58.0,44.0,89.0,-65.0,,,,
239,178754.0,48821.0,43451.0,46791.0,41985.0,178753.0,3.4310851097106934,178755.0,45262.0390625,,,,,,,,,178752.0,-38.0,-6.0,1144.0,-1070586870.0,15.0,43.0,58.0,4.0,77.0,49.0,,,,
240,178764.0,47791.0,44247.0,46797.0,42069.0,178763.0,3.436363697052002,178765.0,45226.97265625,,,,,,,,,178762.0,-41.0,-6.0,1145.0,-1070586870.0,13.0,41.0,57.0,37.0,-33.0,-3.0,,,,
241,178774.0,50467.0,44607.0,43521.0,40413.0,178773.0,3.436363697052002,178775.0,44752.46875,,,,,,,,,178772.0,-41.0,-5.0,1148.0,-1070586870.0,16.0,41.0,70.0,49.0,-61.0,44.0,,,,
242,178784.0,43748.0,44670.0,49166.0,41244.0,178783.0,3.4416422843933105,178785.0,44707.21875,,,,,,,,,178782.0,-41.0,-5.0,1148.0,-1070586870.0,18.0,40.0,70.0,29.0,35.0,-61.0,,,,
243,178794.0,49432.0,42132.0,44964.0,42140.0,178793.0,3.4416422843933105,178795.0,44667.58984375,,,,,,,,,178792.0,-40.0,-5.0,1149.0,-1070586870.0,20.0,39.0,71.0,-30.0,-19.0,55.0,,,,
244,178804.0,44367.0,44509.0,48399.0,41109.0,178803.0,3.4416422843933105,178805.0,44596.3125,,,,,,,,,178802.0,-40.0,-4.0,1150.0,-1070586870.0,23.0,38.0,70.0,9.0,-60.0,-39.0,,,,
245,178814.0,49960.0,43666.0,46014.0,43292.0,178813.0,3.4416422843933105,178815.0,45733.80859375,,,,,,,,,178812.0,-48.0,-2.0,1144.0,-1070586870.0,15.0,40.0,33.0,29.0,-54.0,17.0,,,,
246,178824.0,44059.0,45297.0,51069.0,42727.0,178823.0,3.4416422843933105,178825.0,45788.70703125,,,,,,,,,178822.0,-49.0,-2.0,1144.0,-1070586870.0,17.0,38.0,31.0,54.0,-6.0,-61.0,,,,
247,178834.0,51419.0,43111.0,44913.0,43773.0,178833.0,3.4310851097106934,178835.0,45804.37109375,,,,,,,,,178832.0,-48.0,-2.0,1145.0,-1070586870.0,19.0,38.0,30.0,-57.0,-40.0,43.0,,,,
248,178844.0,45279.0,45315.0,49911.0,42751.0,178843.0,3.4310851097106934,178845.0,45814.48046875,,,,,,,,,178842.0,-48.0,-2.0,1145.0,-1070586870.0,22.0,35.0,30.0,90.0,-38.0,-55.0,,,,
249,178854.0,49899.0,46591.0,47877.0,41525.0,178853.0,3.4310851097106934,178855.0,46473.19140625,,,,,,,,,178852.0,-50.0,-3.0,1142.0,-1069538294.0,22.0,34.0,11.0,2.0,-30.0,44.0,,,,
250,178864.0,45942.0,45630.0,50742.0,43498.0,178863.0,3.4310851097106934,178865.0,46453.52734375,,,,,,,,,178862.0,-49.0,-2.0,1142.0,-1069538294.0,25.0,33.0,11.0,142.0,-111.0,-9.0,,,,
251,178874.0,50388.0,48938.0,46596.0,39862.0,178873.0,3.4258065223693848,178875.0,46446.34375,,,,,,,,,178872.0,-49.0,-2.0,1142.0,-1069537270.0,27.0,32.0,9.0,-3.0,-13.0,5.0,,,,
252,178884.0,44000.0,44156.0,53634.0,44126.0,178883.0,3.4258065223693848,178885.0,46479.73828125,,,,,,,,,178882.0,-55.0,-9.0,1142.0,-1069537270.0,23.0,23.0,10.0,102.0,-18.0,3.0,,,,
253,178894.0,53953.0,47319.0,44301.0,40223.0,178893.0,3.4258065223693848,178895.0,46449.29296875,,,,,,,,,178892.0,-56.0,-7.0,1148.0,-1069537270.0,24.0,23.0,44.0,-1.0,-70.0,112.0,,,,
254,178904.0,44316.0,43838.0,49918.0,43020.0,178903.0,3.4258065223693848,178905.0,45273.1796875,,,,,,,,,178902.0,-55.0,-3.0,1149.0,-1069537270.0,28.0,26.0,43.0,55.0,-70.0,-53.0,,,,
255,178914.0,49323.0,44503.0,46255.0,41019.0,178913.0,3.4258065223693848,178915.0,45275.9296875,,,,,,,,,178912.0,-54.0,-4.0,1149.0,-1068488694.0,30.0,23.0,42.0,17.0,-31.0,35.0,,,,
256,178924.0,46127.0,44863.0,49157.0,40921.0,178923.0,3.4310851097106934,178925.0,45267.66015625,,,,,,,,,178922.0,-57.0,-5.0,1149.0,-1068488694.0,30.0,22.0,41.0,-28.0,-61.0,10.0,,,,
257,178934.0,50052.0,42622.0,45848.0,42514.0,178933.0,3.436363697052002,178935.0,45259.609375,,,,,,,,,178932.0,-56.0,-1.0,1150.0,-1068488694.0,33.0,24.0,42.0,-3.0,-167.0,91.0,,,,
258,178944.0,46491.0,42895.0,47803.0,42971.0,178943.0,3.436363697052002,178945.0,45040.10546875,,,,,,,,,178942.0,-56.0,-4.0,1151.0,-1068487669.0,35.0,19.0,47.0,-31.0,6.0,-45.0,,,,
259,178954.0,47632.0,43892.0,47458.0,40974.0,178953.0,3.436363697052002,178955.0,44989.3203125,,,,,,,,,178952.0,-56.0,-4.0,1152.0,-1068487669.0,38.0,18.0,47.0,-74.0,-31.0,39.0,,,,
260,178964.0,49127.0,43131.0,46193.0,41337.0,178963.0,3.4416422843933105,178965.0,44947.41015625,,,,,,,,,178962.0,-58.0,-5.0,1152.0,-1069536245.0,38.0,15.0,47.0,-82.0,-65.0,64.0,,,,
261,178974.0,46877.0,44471.0,47361.0,40959.0,178973.0,3.4416422843933105,178975.0,44917.93359375,,,,,,,,,178972.0,-59.0,-5.0,1153.0,-1069536245.0,40.0,14.0,45.0,-22.0,-65.0,2.0,,,,
262,178984.0,44947.0,43375.0,49023.0,40859.0,178983.0,3.436363697052002,178985.0,44551.2734375,,,,,,,,,178982.0,-58.0,-1.0,1155.0,-1069535221.0,43.0,17.0,53.0,-104.0,-12.0,-24.0,,,,
263,178994.0,47979.0,42439.0,46129.0,41745.0,178993.0,3.4416422843933105,178995.0,44573.7578125,,,,,,,,,178992.0,-58.0,-5.0,1156.0,-1069536245.0,46.0,11.0,50.0,-134.0,-65.0,29.0,,,,
264,179004.0,47259.0,43601.0,46873.0,40703.0,179003.0,3.4416422843933105,179005.0,44609.859375,,,,,,,,,179002.0,-59.0,-3.0,1156.0,-1070583797.0,47.0,13.0,49.0,-119.0,-68.0,22.0,,,,
265,179014.0,45340.0,43158.0,48052.0,41886.0,179013.0,3.4416422843933105,179015.0,44609.5234375,,,,,,,,,179012.0,-59.0,-2.0,1157.0,-1070583797.0,51.0,13.0,48.0,-27.0,-46.0,-36.0,,,,
266,179024.0,44703.0,42093.0,49405.0,42135.0,179023.0,3.4416422843933105,179025.0,44584.21875,,,,,,,,,179022.0,-65.0,-5.0,1151.0,-1070583797.0,46.0,9.0,15.0,-131.0,27.0,7.0,,,,
267,179034.0,47948.0,44020.0,47826.0,42898.0,179033.0,3.4416422843933105,179035.0,45673.90625,,,,,,,,,179032.0,-63.0,-3.0,1151.0,-1071632373.0,50.0,10.0,11.0,-52.0,-91.0,-8.0,,,,
268,179044.0,48045.0,44133.0,48147.0,42671.0,179043.0,3.4416422843933105,179045.0,45749.8984375,,,,,,,,,179042.0,-63.0,-3.0,1151.0,-1071632373.0,53.0,10.0,6.0,-59.0,16.0,-14.0,,,,
269,179054.0,47817.0,45201.0,48199.0,42203.0,179053.0,3.4310851097106934,179055.0,45855.58984375,,,,,,,,,179052.0,-66.0,-2.0,1151.0,-1071632373.0,52.0,10.0,4.0,12.0,-57.0,-13.0,,,,
270,179064.0,47810.0,44562.0,48756.0,42536.0,179063.0,3.4310851097106934,179065.0,45916.34765625,,,,,,,,,179062.0,-66.0,-2.0,1151.0,-1071632373.0,55.0,10.0,2.0,-57.0,0.0,-1.0,,,,
271,179074.0,47893.0,44999.0,48203.0,42345.0,179073.0,3.4258065223693848,179075.0,45860.35546875,,,,,,,,,179072.0,-67.0,2.0,1152.0,-1072680949.0,56.0,15.0,3.0,-17.0,33.0,-35.0,,,,
272,179084.0,49314.0,44194.0,47628.0,42448.0,179083.0,3.4258065223693848,179085.0,45896.92578125,,,,,,,,,179082.0,-67.0,0.0,1152.0,-1072680949.0,59.0,12.0,0.0,-5.0,-11.0,44.0,,,,
273,179094.0,48603.0,44265.0,48301.0,42651.0,179093.0,3.4258065223693848,179095.0,45955.671875,,,,,,,,,179092.0,-66.0,0.0,1152.0,-1072680949.0,62.0,12.0,-1.0,64.0,8.0,20.0,,,,
274,179104.0,49522.0,46782.0,46914.0,40770.0,179103.0,3.4258065223693848,179105.0,45997.2734375,,,,,,,,,179102.0,-65.0,0.0,1152.0,-1071632373.0,65.0,12.0,-4.0,36.0,-16.0,-30.0,,,,
275,179114.0,46092.0,43544.0,50162.0,43418.0,179113.0,3.4258065223693848,179115.0,45804.03125,,,,,,,,,179112.0,-67.0,0.0,1153.0,-1071632373.0,66.0,9.0,2.0,23.0,31.0,14.0,,,,
276,179124.0,52903.0,44589.0,44741.0,40959.0,179123.0,3.4258065223693848,179125.0,45798.0546875,,,,,,,,,179122.0,-69.0,-2.0,1153.0,-1071632373.0,66.0,7.0,2.0,6.0,-6.0,81.0,,,,
277,179134.0,45845.0,46993.0,49915.0,40411.0,179133.0,3.4258065223693848,179135.0,45791.1953125,,,,,,,,,179132.0,-68.0,-2.0,1153.0,-1071632373.0,70.0,7.0,1.0,65.0,0.0,-44.0,,,,
278,179144.0,47533.0,44677.0,49257.0,41721.0,179143.0,3.4258065223693848,179145.0,45797.0703125,,,,,,,,,179142.0,-71.0,0.0,1153.0,-1071632373.0,69.0,8.0,0.0,-20.0,54.0,12.0,,,,
279,179154.0,49046.0,45014.0,47982.0,41206.0,179153.0,3.4258065223693848,179155.0,45812.41796875,,,,,,,,,179152.0,-71.0,1.0,1156.0,-1071632373.0,71.0,9.0,13.0,8.0,-2.0,20.0,,,,
280,179164.0,46571.0,45223.0,48627.0,41011.0,179163.0,3.4310851097106934,179165.0,45358.17578125,,,,,,,,,179162.0,-70.0,1.0,1156.0,-1071632373.0,75.0,9.0,13.0,8.0,-28.0,3.0,,,,
281,179174.0,47349.0,43207.0,47825.0,42999.0,179173.0,3.4258065223693848,179175.0,45345.875,,,,,,,,,179172.0,-70.0,1.0,1156.0,-1071632373.0,78.0,8.0,12.0,4.0,39.0,-47.0,,,,
282,179184.0,48834.0,42168.0,46702.0,43676.0,179183.0,3.4310851097106934,179185.0,45345.90234375,,,,,,,,,179182.0,-69.0,1.0,1156.0,-1071632373.0,81.0,8.0,10.0,-62.0,42.0,23.0,,,,
283,179194.0,47575.0,45791.0,47699.0,40411.0,179193.0,3.4310851097106934,179195.0,45369.26171875,,,,,,,,,179192.0,-68.0,1.0,1154.0,-1071632373.0,84.0,7.0,-4.0,-56.0,-50.0,-26.0,,,,
284,179204.0,49375.0,46113.0,46989.0,41007.0,179203.0,3.4310851097106934,179205.0,45871.28125,,,,,,,,,179202.0,-67.0,1.0,1154.0,-1071632373.0,87.0,7.0,-7.0,44.0,7.0,-22.0,,,,
285,179214.0,44427.0,44701.0,51859.0,42777.0,179213.0,3.4310851097106934,179215.0,45941.04296875,,,,,,,,,179212.0,-87.0,9.0,1154.0,-1071633397.0,67.0,14.0,-10.0,12.0,54.0,-43.0,,,,
286,179224.0,47666.0,44944.0,49200.0,42238.0,179223.0,3.4310851097106934,179225.0,46012.67578125,,,,,,,,,179222.0,-87.0,5.0,1154.0,-1071633397.0,69.0,9.0,-12.0,12.0,-19.0,30.0,,,,
287,179234.0,48267.0,45059.0,48279.0,42591.0,179233.0,3.4258065223693848,179235.0,46049.7421875,,,,,,,,,179232.0,-87.0,8.0,1154.0,-1071633397.0,72.0,12.0,-12.0,31.0,63.0,-50.0,,,,
288,179244.0,49894.0,46656.0,48444.0,41894.0,179243.0,3.4258065223693848,179245.0,46722.14453125,,,,,,,,,179242.0,-85.0,4.0,1150.0,-1071633397.0,76.0,8.0,-30.0,42.0,-57.0,21.0,,,,
289,179254.0,47115.0,46195.0,51165.0,42337.0,179253.0,3.420527935028076,179255.0,46703.22265625,,,,,,,,,179252.0,-84.0,5.0,1149.0,-1071633397.0,78.0,7.0,-29.0,58.0,-31.0,3.0,,,,
290,179264.0,49367.0,46551.0,48901.0,41937.0,179263.0,3.420527935028076,179265.0,46689.796875,,,,,,,,,179262.0,-83.0,5.0,1149.0,-1071633397.0,81.0,7.0,-29.0,55.0,-37.0,-11.0,,,,
291,179274.0,49661.0,44479.0,49207.0,43429.0,179273.0,3.420527935028076,179275.0,46694.28515625,,,,,,,,,179272.0,-84.0,14.0,1149.0,-1071633397.0,83.0,17.0,-28.0,4.0,-109.0,59.0,,,,
292,179284.0,47035.0,45233.0,50321.0,43519.0,179283.0,3.420527935028076,179285.0,46527.04296875,,,,,,,,,179282.0,-83.0,15.0,1149.0,-1071632373.0,86.0,16.0,-23.0,78.0,-149.0,-31.0,,,,
293,179294.0,48285.0,44003.0,49965.0,43827.0,179293.0,3.420527935028076,179295.0,46520.23828125,,,,,,,,,179292.0,-82.0,15.0,1149.0,-1070583797.0,90.0,16.0,-23.0,18.0,-15.0,-19.0,,,,
294,179304.0,50146.0,45678.0,48282.0,42006.0,179303.0,3.420527935028076,179305.0,46528.515625,,,,,,,,,179302.0,-81.0,15.0,1149.0,-1070583797.0,93.0,15.0,-23.0,69.0,-63.0,47.0,,,,
295,179314.0,51630.0,47112.0,46612.0,40778.0,179313.0,3.420527935028076,179315.0,46533.3984375,,,,,,,,,179312.0,-86.0,2.0,1149.0,-1070583797.0,90.0,0.0,-24.0,133.0,-125.0,25.0,,,,
296,179324.0,49996.0,46432.0,47242.0,42574.0,179323.0,3.420527935028076,179325.0,46561.04296875,,,,,,,,,179322.0,-84.0,2.0,1153.0,-1069534197.0,94.0,0.0,-2.0,79.0,17.0,-67.0,,,,
297,179334.0,50918.0,44080.0,46210.0,41936.0,179333.0,3.420527935028076,179335.0,45786.9375,,,,,,,,,179332.0,-83.0,2.0,1153.0,-1069534197.0,97.0,-1.0,-3.0,-5.0,22.0,44.0,,,,
298,179344.0,48115.0,44579.0,48149.0,42373.0,179343.0,3.420527935028076,179345.0,45804.4609375,,,,,,,,,179342.0,-82.0,2.0,1153.0,-1069534197.0,101.0,-3.0,-4.0,5.0,-42.0,-8.0,,,,
299,179354.0,47265.0,46265.0,48853.0,40937.0,179353.0,3.4258065223693848,179355.0,45830.0078125,,,,,,,,,179352.0,-81.0,1.0,1153.0,-1069534197.0,104.0,-4.0,-6.0,-4.0,-3.0,-27.0,,,,
300,179364.0,43898.0,44348.0,52760.0,42514.0,179363.0,3.4258065223693848,179365.0,45880.76953125,,,,,,,,,179362.0,-80.0,1.0,1153.0,-1069534197.0,107.0,-5.0,-9.0,-128.0,99.0,-33.0,,,,
301,179374.0,49508.0,42668.0,46968.0,43652.0,179373.0,3.4310851097106934,179375.0,45699.2734375,,,,,,,,,179372.0,-79.0,1.0,1154.0,-1069535221.0,111.0,-6.0,-3.0,-129.0,-31.0,34.0,,,,
302,179384.0,44168.0,41640.0,52154.0,44790.0,179383.0,3.4310851097106934,179385.0,45688.35546875,,,,,,,,,179382.0,-79.0,40.0,1154.0,-1071632373.0,113.0,34.0,-4.0,-133.0,33.0,-3.0,,,,
303,179394.0,44542.0,42904.0,51798.0,43856.0,179393.0,3.4310851097106934,179395.0,45775.1953125,,,,,,,,,179392.0,-78.0,41.0,1154.0,-1071632373.0,117.0,34.0,-6.0,-159.0,121.0,-24.0,,,,
304,179404.0,47343.0,41729.0,49193.0,44787.0,179403.0,3.4258065223693848,179405.0,45763.859375,,,,,,,,,179402.0,-76.0,41.0,1154.0,-1072680949.0,120.0,34.0,-7.0,-41.0,106.0,13.0,,,,
305,179414.0,46480.0,45038.0,50900.0,42922.0,179413.0,3.4258065223693848,179415.0,46335.89453125,,,,,,,,,179412.0,-77.0,42.0,1151.0,-1072681973.0,121.0,33.0,-23.0,1.0,202.0,-23.0,,,,
306,179424.0,49123.0,46761.0,49165.0,40263.0,179423.0,3.4258065223693848,179425.0,46328.23828125,,,,,,,,,179422.0,-76.0,41.0,1151.0,-1072681973.0,124.0,32.0,-22.0,232.0,96.0,47.0,,,,
307,179434.0,48554.0,45030.0,48966.0,42466.0,179433.0,3.420527935028076,179435.0,46254.921875,,,,,,,,,179432.0,-76.0,37.0,1150.0,-1071634421.0,125.0,27.0,-20.0,350.0,47.0,17.0,,,,
308,179444.0,51049.0,48055.0,45885.0,39995.0,179443.0,3.420527935028076,179445.0,46246.6640625,,,,,,,,,179442.0,-75.0,38.0,1150.0,-1070585845.0,129.0,27.0,-20.0,438.0,109.0,-36.0,,,,
309,179454.0,50121.0,46265.0,47813.0,41021.0,179453.0,3.420527935028076,179455.0,46305.52734375,,,,,,,,,179452.0,-74.0,35.0,1145.0,-1068488693.0,131.0,23.0,-49.0,455.0,174.0,-10.0,,,,
310,179464.0,49821.0,47267.0,49495.0,42381.0,179463.0,3.4258065223693848,179465.0,47241.72265625,,,,,,,,,179462.0,-74.0,35.0,1144.0,-1066392565.0,132.0,21.0,-50.0,456.0,102.0,-1.0,,,,
311,179474.0,55712.0,48054.0,43636.0,41862.0,179473.0,3.420527935028076,179475.0,47316.296875,,,,,,,,,179472.0,-71.0,34.0,1144.0,-1065343989.0,136.0,18.0,-50.0,471.0,34.0,10.0,,,,
312,179484.0,48413.0,48125.0,50495.0,42223.0,179483.0,3.4152493476867676,179485.0,47314.91015625,,,,,,,,,179482.0,-70.0,34.0,1143.0,-1063246837.0,138.0,16.0,-50.0,317.0,236.0,-57.0,,,,
313,179494.0,51029.0,45895.0,48891.0,43621.0,179493.0,3.4152493476867676,179495.0,47359.984375,,,,,,,,,179492.0,-75.0,40.0,1143.0,-1062199286.0,134.0,19.0,-50.0,163.0,51.0,51.0,,,,
314,179504.0,47397.0,44293.0,50619.0,44331.0,179503.0,3.409970760345459,179505.0,46660.2890625,,,,,,,,,179502.0,-73.0,42.0,1146.0,-1061151734.0,136.0,19.0,-28.0,108.0,135.0,-39.0,,,,
315,179514.0,46315.0,44761.0,51097.0,44043.0,179513.0,3.409970760345459,179515.0,46554.14453125,,,,,,,,,179512.0,-72.0,48.0,1146.0,-1061151734.0,138.0,21.0,-24.0,64.0,114.0,-24.0,,,,
316,179524.0,47186.0,43118.0,50842.0,45042.0,179523.0,3.4152493476867676,179525.0,46547.60546875,,,,,,,,,179522.0,-71.0,48.0,1146.0,-1061151734.0,140.0,17.0,-22.0,-64.0,91.0,-4.0,,,,
317,179534.0,49487.0,44099.0,48329.0,43909.0,179533.0,3.4152493476867676,179535.0,46456.86328125,,,,,,,,,179532.0,-68.0,46.0,1146.0,-1061152758.0,143.0,12.0,-20.0,-96.0,130.0,-6.0,,,,
318,179544.0,46400.0,46192.0,51648.0,42356.0,179543.0,3.4152493476867676,179545.0,46649.00390625,,,,,,,,,179542.0,-68.0,45.0,1144.0,-1061152758.0,144.0,7.0,-23.0,-35.0,128.0,-16.0,,,,
319,179554.0,47992.0,45606.0,49890.0,42688.0,179553.0,3.420527935028076,179555.0,46544.99609375,,,,,,,,,179552.0,-67.0,45.0,1144.0,-1062202358.0,145.0,5.0,-21.0,-90.0,103.0,2.0,,,,
320,179564.0,46272.0,45650.0,51846.0,42384.0,179563.0,3.4152493476867676,179565.0,46538.3984375,,,,,,,,,179562.0,-67.0,41.0,1144.0,-1062202358.0,145.0,-2.0,-20.0,-40.0,162.0,-6.0,,,,
321,179574.0,49933.0,44639.0,48665.0,42767.0,179573.0,3.4152493476867676,179575.0,46501.6640625,,,,,,,,,179572.0,-66.0,43.0,1144.0,-1062203382.0,145.0,-3.0,-19.0,0.0,128.0,38.0,,,,
322,179584.0,45325.0,46219.0,51923.0,42509.0,179583.0,3.420527935028076,179585.0,46494.6484375,,,,,,,,,179582.0,-66.0,41.0,1145.0,-1062203382.0,145.0,-8.0,-7.0,58.0,167.0,-43.0,,,,
323,179594.0,47815.0,44493.0,48925.0,43003.0,179593.0,3.420527935028076,179595.0,46059.0234375,,,,,,,,,179592.0,-66.0,42.0,1145.0,-1062204406.0,145.0,-10.0,-5.0,48.0,129.0,-49.0,,,,
324,179604.0,50721.0,44959.0,46393.0,42123.0,179603.0,3.420527935028076,179605.0,46049.4609375,,,,,,,,,179602.0,-61.0,39.0,1145.0,-1061155830.0,149.0,-16.0,-4.0,71.0,114.0,7.0,,,,
325,179614.0,48203.0,45643.0,48799.0,41411.0,179613.0,3.4258065223693848,179615.0,46014.59765625,,,,,,,,,179612.0,-61.0,37.0,1145.0,-1061156854.0,148.0,-21.0,-4.0,33.0,101.0,11.0,,,,
326,179624.0,47579.0,45987.0,48767.0,41679.0,179623.0,3.4258065223693848,179625.0,46003.8984375,,,,,,,,,179622.0,-58.0,41.0,1146.0,-1061156854.0,151.0,-20.0,0.0,127.0,44.0,-37.0,,,,
327,179634.0,47935.0,43301.0,48721.0,43419.0,179633.0,3.4258065223693848,179635.0,45844.33203125,,,,,,,,,179632.0,-57.0,41.0,1146.0,-1061156854.0,151.0,-23.0,0.0,-9.0,97.0,-11.0,,,,
328,179644.0,46986.0,45330.0,49458.0,41558.0,179643.0,3.4258065223693848,179645.0,45833.13671875,,,,,,,,,179642.0,-58.0,36.0,1146.0,-1061157878.0,149.0,-31.0,0.0,-44.0,29.0,-6.0,,,,
329,179654.0,47712.0,43742.0,48478.0,43352.0,179653.0,3.4258065223693848,179655.0,45821.45703125,,,,,,,,,179652.0,-57.0,35.0,1146.0,-1061157878.0,148.0,-35.0,0.0,-88.0,124.0,-37.0,,,,
330,179664.0,46125.0,43715.0,50045.0,43351.0,179663.0,3.4258065223693848,179665.0,45809.1640625,,,,,,,,,179662.0,-53.0,40.0,1146.0,-1061157879.0,152.0,-33.0,0.0,-109.0,153.0,-29.0,,,,
331,179674.0,44821.0,44983.0,50697.0,42675.0,179673.0,3.4258065223693848,179675.0,45794.640625,,,,,,,,,179672.0,-52.0,40.0,1146.0,-1062207479.0,151.0,-37.0,0.0,-223.0,114.0,-44.0,,,,
332,179684.0,46808.0,43460.0,49688.0,43168.0,179683.0,3.4258065223693848,179685.0,45781.7265625,,,,,,,,,179682.0,-51.0,38.0,1146.0,-1061683191.0,151.0,-41.0,1.0,-191.0,159.0,0.0,,,,
333,179694.0,49609.0,44753.0,46687.0,41903.0,179693.0,3.4258065223693848,179695.0,45738.80859375,,,,,,,,,179692.0,-50.0,36.0,1146.0,-1062730743.0,151.0,-45.0,3.0,-177.0,99.0,4.0,,,,
334,179704.0,45079.0,44621.0,50347.0,42669.0,179703.0,3.4258065223693848,179705.0,45679.02734375,,,,,,,,,179702.0,-48.0,36.0,1146.0,-1063779319.0,150.0,-48.0,4.0,-118.0,166.0,-59.0,,,,
335,179714.0,46596.0,44230.0,49768.0,42422.0,179713.0,3.4258065223693848,179715.0,45754.890625,,,,,,,,,179712.0,-50.0,41.0,1145.0,-1063778295.0,147.0,-44.0,1.0,-111.0,158.0,-33.0,,,,
336,179724.0,48533.0,45759.0,47765.0,40835.0,179723.0,3.4258065223693848,179725.0,45723.1484375,,,,,,,,,179722.0,-48.0,41.0,1145.0,-1064826871.0,147.0,-46.0,1.0,-68.0,126.0,-1.0,,,,
337,179734.0,47869.0,46933.0,48101.0,39985.0,179733.0,3.4258065223693848,179735.0,45722.6328125,,,,,,,,,179732.0,-48.0,42.0,1145.0,-1064825847.0,145.0,-47.0,1.0,-57.0,115.0,2.0,,,,
338,179744.0,46791.0,45947.0,48641.0,41445.0,179743.0,3.4258065223693848,179745.0,45706.734375,,,,,,,,,179742.0,-47.0,42.0,1145.0,-1064825847.0,144.0,-49.0,2.0,38.0,118.0,-56.0,,,,
339,179754.0,46915.0,44825.0,48895.0,42045.0,179753.0,3.4258065223693848,179755.0,45670.8515625,,,,,,,,,179752.0,-49.0,42.0,1147.0,-1064824823.0,139.0,-51.0,12.0,-10.0,107.0,-24.0,,,,
340,179764.0,45229.0,45289.0,48839.0,41803.0,179763.0,3.4258065223693848,179765.0,45290.625,,,,,,,,,179762.0,-48.0,42.0,1147.0,-1064824824.0,138.0,-52.0,13.0,40.0,84.0,-63.0,,,,
341,179774.0,48155.0,42677.0,47303.0,42925.0,179773.0,3.4258065223693848,179775.0,45265.51953125,,,,,,,,,179772.0,-47.0,41.0,1147.0,-1064824824.0,136.0,-54.0,13.0,13.0,93.0,-6.0,,,,
342,179784.0,49064.0,45124.0,45232.0,41532.0,179783.0,3.4310851097106934,179785.0,45238.98828125,,,,,,,,,179782.0,-45.0,41.0,1148.0,-1064823800.0,135.0,-56.0,13.0,33.0,37.0,-49.0,,,,
343,179794.0,45657.0,45337.0,48797.0,41041.0,179793.0,3.4310851097106934,179795.0,45208.96875,,,,,,,,,179792.0,-44.0,40.0,1148.0,-1064823800.0,134.0,-59.0,12.0,46.0,7.0,-23.0,,,,
344,179804.0,47596.0,42570.0,48904.0,43426.0,179803.0,3.4310851097106934,179805.0,45624.29296875,,,,,,,,,179802.0,-42.0,39.0,1146.0,-1064823800.0,133.0,-61.0,1.0,-23.0,19.0,-1.0,,,,
345,179814.0,48521.0,43505.0,47355.0,42971.0,179813.0,3.4310851097106934,179815.0,45588.38671875,,,,,,,,,179812.0,-40.0,36.0,1146.0,-1064823800.0,133.0,-66.0,2.0,-86.0,-4.0,4.0,,,,
346,179824.0,45508.0,45918.0,49658.0,41056.0,179823.0,3.4258065223693848,179825.0,45535.6953125,,,,,,,,,179822.0,-38.0,38.0,1146.0,-1064823800.0,133.0,-65.0,1.0,-75.0,-16.0,-27.0,,,,
347,179834.0,46937.0,43361.0,48817.0,43121.0,179833.0,3.4258065223693848,179835.0,45559.82421875,,,,,,,,,179832.0,-36.0,38.0,1146.0,-1064823800.0,131.0,-67.0,-1.0,-132.0,11.0,-40.0,,,,
348,179844.0,46887.0,45203.0,49727.0,42327.0,179843.0,3.4258065223693848,179845.0,46036.859375,,,,,,,,,179842.0,-39.0,34.0,1143.0,-1065872376.0,126.0,-73.0,-18.0,-164.0,8.0,-14.0,,,,
349,179854.0,45951.0,43669.0,50773.0,44167.0,179853.0,3.4258065223693848,179855.0,46140.83984375,,,,,,,,,179852.0,-35.0,32.0,1143.0,-1065872376.0,127.0,-76.0,-20.0,-191.0,44.0,-1.0,,,,
350,179864.0,47529.0,45195.0,48859.0,43213.0,179863.0,3.420527935028076,179865.0,46199.40625,,,,,,,,,179862.0,-33.0,33.0,1143.0,-1066920952.0,126.0,-75.0,-22.0,-161.0,22.0,-44.0,,,,
351,179874.0,45069.0,44371.0,52067.0,43461.0,179873.0,3.420527935028076,179875.0,46242.48046875,,,,,,,,,179872.0,-33.0,33.0,1143.0,-1067969528.0,124.0,-77.0,-23.0,-218.0,61.0,3.0,,,,
352,179884.0,47003.0,45725.0,49457.0,42899.0,179883.0,3.4152493476867676,179885.0,46271.55859375,,,,,,,,,179882.0,-32.0,29.0,1145.0,-1067968505.0,123.0,-81.0,-11.0,-188.0,41.0,-32.0,,,,
353,179894.0,45396.0,44534.0,50696.0,42838.0,179893.0,3.420527935028076,179895.0,45866.6171875,,,,,,,,,179892.0,-30.0,29.0,1145.0,-1069017081.0,121.0,-82.0,-13.0,-237.0,139.0,-25.0,,,,
354,179904.0,49459.0,43417.0,46915.0,43817.0,179903.0,3.4152493476867676,179905.0,45902.97265625,,,,,,,,,179902.0,-34.0,38.0,1145.0,-1070065657.0,115.0,-72.0,-14.0,-152.0,66.0,13.0,,,,
355,179914.0,47323.0,45389.0,48449.0,42483.0,179913.0,3.420527935028076,179915.0,45911.90625,,,,,,,,,179912.0,-33.0,35.0,1144.0,-1071113209.0,112.0,-75.0,-15.0,-123.0,47.0,-50.0,,,,
356,179924.0,47242.0,45318.0,48728.0,42432.0,179923.0,3.420527935028076,179925.0,45930.72265625,,,,,,,,,179922.0,-30.0,37.0,1144.0,-1071113209.0,113.0,-72.0,-13.0,-87.0,63.0,-45.0,,,,
357,179934.0,50321.0,44617.0,46529.0,42121.0,179933.0,3.420527935028076,179935.0,45897.53515625,,,,,,,,,179932.0,-30.0,33.0,1144.0,-1071113209.0,110.0,-77.0,-13.0,-120.0,106.0,21.0,,,,
358,179944.0,49849.0,44805.0,46377.0,42453.0,179943.0,3.420527935028076,179945.0,45871.59765625,,,,,,,,,179942.0,-29.0,32.0,1144.0,-1072161785.0,108.0,-78.0,-12.0,-22.0,-42.0,3.0,,,,
359,179954.0,49119.0,44945.0,46583.0,42757.0,179953.0,3.420527935028076,179955.0,45851.390625,,,,,,,,,179952.0,-28.0,31.0,1144.0,-1072161785.0,106.0,-78.0,-13.0,28.0,16.0,-44.0,,,,
360,179964.0,48705.0,46111.0,47415.0,41209.0,179963.0,3.420527935028076,179965.0,45860.6171875,,,,,,,,,179962.0,-32.0,37.0,1144.0,-1072161785.0,99.0,-71.0,-12.0,22.0,20.0,-25.0,,,,
361,179974.0,48629.0,44899.0,48503.0,43173.0,179973.0,3.420527935028076,179975.0,46301.57421875,,,,,,,,,179972.0,-31.0,31.0,1141.0,-1072161785.0,96.0,-77.0,-26.0,0.0,-74.0,0.0,,,,
362,179984.0,48377.0,43883.0,48465.0,44519.0,179983.0,3.420527935028076,179985.0,46311.296875,,,,,,,,,179982.0,-30.0,33.0,1141.0,-1072161785.0,94.0,-75.0,-27.0,-21.0,18.0,-12.0,,,,
363,179994.0,51287.0,45145.0,46639.0,42353.0,179993.0,3.420527935028076,179995.0,46356.7109375,,,,,,,,,179992.0,-29.0,32.0,1140.0,-1072161785.0,92.0,-76.0,-28.0,-27.0,-66.0,35.0,,,,
364,180004.0,47601.0,44099.0,49145.0,44651.0,180003.0,3.420527935028076,180005.0,46374.42578125,,,,,,,,,180002.0,-27.0,29.0,1140.0,-1072161785.0,92.0,-78.0,-28.0,-44.0,-80.0,-40.0,,,,
365,180014.0,46718.0,46756.0,50044.0,41986.0,180013.0,3.4152493476867676,180015.0,46376.80078125,,,,,,,,,180012.0,-26.0,27.0,1142.0,-1072162809.0,91.0,-79.0,-15.0,-43.0,-73.0,-42.0,,,,
366,180024.0,46518.0,44012.0,50320.0,42850.0,180023.0,3.4152493476867676,180025.0,45925.2421875,,,,,,,,,180022.0,-25.0,26.0,1142.0,-1072162809.0,88.0,-80.0,-14.0,-97.0,-1.0,7.0,,,,
367,180034.0,49698.0,43478.0,46144.0,41628.0,180033.0,3.420527935028076,180035.0,45907.27734375,,,,,,,,,180032.0,-25.0,25.0,1142.0,-1073211385.0,86.0,-81.0,-14.0,-115.0,-112.0,17.0,,,,
368,180044.0,45088.0,45200.0,50454.0,42874.0,180043.0,3.420527935028076,180045.0,45904.00390625,,,,,,,,,180042.0,-22.0,25.0,1142.0,-1073211385.0,87.0,-80.0,-14.0,-111.0,13.0,-58.0,,,,
369,180054.0,45698.0,44532.0,50172.0,43186.0,180053.0,3.420527935028076,180055.0,45897.5078125,,,,,,,,,180052.0,-21.0,24.0,1142.0,-536340473.0,85.0,-80.0,-15.0,-127.0,20.0,-33.0,,,,
370,180064.0,51020.0,45500.0,45766.0,42346.0,180063.0,3.420527935028076,180065.0,46158.6640625,,,,,,,,,180062.0,-24.0,13.0,1140.0,-535291898.0,80.0,-91.0,-23.0,-98.0,-24.0,4.0,,,,
371,180074.0,46372.0,46618.0,50084.0,41718.0,180073.0,3.420527935028076,180075.0,46198.265625,,,,,,,,,180072.0,-23.0,16.0,1140.0,-535291898.0,78.0,-87.0,-25.0,-121.0,-3.0,-37.0,,,,
372,180084.0,49684.0,46284.0,47156.0,41816.0,180083.0,3.420527935028076,180085.0,46235.7265625,,,,,,,,,180082.0,-23.0,14.0,1140.0,-535291898.0,75.0,-87.0,-26.0,-63.0,-19.0,-7.0,,,,
373,180094.0,47075.0,46751.0,49491.0,41759.0,180093.0,3.420527935028076,180095.0,46269.10546875,,,,,,,,,180092.0,-23.0,13.0,1140.0,-534243322.0,73.0,-88.0,-27.0,-111.0,54.0,-46.0,,,,
374,180104.0,47308.0,46844.0,50360.0,43524.0,180103.0,3.420527935028076,180105.0,47009.27734375,,,,,,,,,180102.0,-21.0,14.0,1135.0,-534243322.0,72.0,-86.0,-48.0,-143.0,15.0,-18.0,,,,
375,180114.0,48704.0,45658.0,49814.0,43972.0,180113.0,3.420527935028076,180115.0,47037.76953125,,,,,,,,,180112.0,-21.0,13.0,1135.0,-533194746.0,71.0,-85.0,-51.0,-115.0,62.0,-1.0,,,,
376,180124.0,49248.0,45758.0,49922.0,43572.0,180123.0,3.4152493476867676,180125.0,47125.48828125,,,,,,,,,180122.0,-23.0,14.0,1134.0,-533194746.0,66.0,-82.0,-51.0,-189.0,-29.0,35.0,,,,
377,180134.0,46886.0,44626.0,51348.0,45728.0,180133.0,3.409970760345459,180135.0,47147.5234375,,,,,,,,,180132.0,-22.0,14.0,1134.0,-532146170.0,64.0,-81.0,-51.0,-121.0,-118.0,-27.0,,,,
378,180144.0,49469.0,44667.0,49485.0,45043.0,180143.0,3.409970760345459,180145.0,47166.37109375,,,,,,,,,180142.0,-22.0,13.0,1131.0,-532146170.0,62.0,-80.0,-63.0,-107.0,-14.0,1.0,,,,
379,180154.0,49904.0,47156.0,49836.0,43588.0,180153.0,3.409970760345459,180155.0,47621.9921875,,,,,,,,,180152.0,-20.0,14.0,1130.0,-531097594.0,63.0,-77.0,-63.0,-116.0,-56.0,6.0,,,,
380,180164.0,49514.0,44992.0,50534.0,45556.0,180163.0,3.409970760345459,180165.0,47649.86328125,,,,,,,,,180162.0,-19.0,13.0,1130.0,-531097594.0,61.0,-75.0,-60.0,-112.0,-66.0,22.0,,,,
381,180174.0,53491.0,47381.0,46151.0,43377.0,180173.0,3.409970760345459,180175.0,47600.83203125,,,,,,,,,180172.0,-17.0,15.0,1129.0,-531098618.0,61.0,-71.0,-57.0,46.0,-137.0,10.0,,,,
382,180184.0,47511.0,46781.0,52009.0,43883.0,180183.0,3.4046921730041504,180185.0,47546.390625,,,,,,,,,180182.0,-15.0,12.0,1128.0,-531098618.0,61.0,-72.0,-55.0,-13.0,4.0,-19.0,,,,
383,180194.0,50453.0,46123.0,48885.0,43627.0,180193.0,3.4046921730041504,180195.0,47272.46484375,,,,,,,,,180192.0,-14.0,9.0,1129.0,-531098618.0,59.0,-73.0,-46.0,14.0,-118.0,39.0,,,,
384,180204.0,47222.0,46536.0,51504.0,43754.0,180203.0,3.4046921730041504,180205.0,47254.78515625,,,,,,,,,180202.0,-16.0,14.0,1129.0,-531099642.0,56.0,-66.0,-45.0,-28.0,66.0,-25.0,,,,
385,180214.0,53837.0,46623.0,46005.0,42471.0,180213.0,3.4046921730041504,180215.0,47234.9453125,,,,,,,,,180212.0,-16.0,9.0,1129.0,-531098618.0,54.0,-69.0,-43.0,24.0,-21.0,55.0,,,,
386,180224.0,47650.0,47164.0,50916.0,43098.0,180223.0,3.409970760345459,180225.0,47207.3984375,,,,,,,,,180222.0,-13.0,9.0,1128.0,-531099642.0,55.0,-66.0,-40.0,13.0,-12.0,-26.0,,,,
387,180234.0,50863.0,47007.0,47851.0,43439.0,180233.0,3.409970760345459,180236.0,47290.81640625,,,,,,,,,180232.0,-13.0,9.0,1127.0,-531099642.0,54.0,-65.0,-40.0,33.0,0.0,-16.0,,,,
388,180244.0,47940.0,46922.0,50912.0,43094.0,180243.0,3.409970760345459,180246.0,47217.69921875,,,,,,,,,180242.0,-13.0,4.0,1127.0,-531098618.0,51.0,-67.0,-38.0,-24.0,90.0,-19.0,,,,
389,180254.0,51025.0,46455.0,48617.0,42595.0,180253.0,3.409970760345459,180255.0,47173.8046875,,,,,,,,,180252.0,-14.0,6.0,1126.0,-531098618.0,49.0,-63.0,-33.0,-16.0,-23.0,67.0,,,,
390,180264.0,47729.0,45631.0,50565.0,44307.0,180263.0,3.409970760345459,180265.0,47058.5234375,,,,,,,,,180262.0,-13.0,6.0,1126.0,-531098618.0,47.0,-61.0,-30.0,-28.0,-30.0,-33.0,,,,
391,180274.0,48905.0,44921.0,49537.0,44593.0,180273.0,3.409970760345459,180275.0,46989.2734375,,,,,,,,,180272.0,-13.0,5.0,1127.0,-531098618.0,46.0,-60.0,-21.0,-9.0,-65.0,-9.0,,,,
392,180284.0,48467.0,44163.0,49459.0,44847.0,180283.0,3.4152493476867676,180285.0,46734.91015625,,,,,,,,,180282.0,-12.0,5.0,1126.0,-531099642.0,45.0,-58.0,-18.0,-87.0,-60.0,-5.0,,,,
393,180294.0,49774.0,43896.0,48694.0,44296.0,180293.0,3.4152493476867676,180296.0,46665.78125,,,,,,,,,180292.0,-9.0,17.0,1126.0,-530051066.0,47.0,-43.0,-16.0,-130.0,-95.0,40.0,,,,
394,180304.0,45363.0,45653.0,51841.0,43531.0,180303.0,3.4152493476867676,180305.0,46597.44140625,,,,,,,,,180302.0,-8.0,11.0,1126.0,-530051066.0,47.0,-48.0,-13.0,-51.0,-72.0,-39.0,,,,
395,180314.0,49377.0,43885.0,48737.0,44145.0,180313.0,3.4152493476867676,180315.0,46536.390625,,,,,,,,,180312.0,-9.0,8.0,1126.0,-530051066.0,44.0,-48.0,-10.0,-106.0,-60.0,26.0,,,,
396,180324.0,45711.0,45021.0,50129.0,42879.0,180323.0,3.4152493476867676,180325.0,45935.22265625,,,,,,,,,180322.0,-8.0,8.0,1129.0,-529003514.0,43.0,-47.0,6.0,-47.0,-85.0,-28.0,,,,
397,180334.0,49421.0,42491.0,46923.0,44673.0,180333.0,3.420527935028076,180335.0,45877.51171875,,,,,,,,,180332.0,-8.0,7.0,1129.0,-529003514.0,42.0,-45.0,6.0,-60.0,0.0,-3.0,,,,
398,180344.0,51600.0,45242.0,44892.0,41666.0,180343.0,3.420527935028076,180345.0,45850.59765625,,,,,,,,,180342.0,-8.0,7.0,1129.0,-529003514.0,41.0,-43.0,6.0,69.0,-106.0,26.0,,,,
399,180354.0,49742.0,44616.0,46730.0,42284.0,180353.0,3.420527935028076,180355.0,45843.88671875,,,,,,,,,180352.0,-7.0,6.0,1129.0,-529003514.0,40.0,-41.0,7.0,97.0,-52.0,10.0,,,,
400,180364.0,47858.0,45774.0,48158.0,42426.0,180363.0,3.420527935028076,180365.0,46054.22265625,,,,,,,,,180362.0,-1.0,17.0,1128.0,-529004538.0,46.0,-28.0,2.0,111.0,-9.0,-57.0,,,,
401,180374.0,47023.0,44555.0,49919.0,42399.0,180373.0,3.420527935028076,180375.0,45974.8125,,,,,,,,,180372.0,-2.0,16.0,1128.0,-530053114.0,43.0,-26.0,4.0,55.0,29.0,28.0,,,,
402,180384.0,50859.0,44419.0,46017.0,42353.0,180383.0,3.420527935028076,180385.0,45912.3359375,,,,,,,,,180382.0,-2.0,15.0,1128.0,-530053114.0,43.0,-25.0,8.0,198.0,-92.0,50.0,,,,
403,180394.0,47674.0,44068.0,48280.0,43174.0,180393.0,3.420527935028076,180395.0,45799.2734375,,,,,,,,,180392.0,2.0,26.0,1128.0,-530053114.0,46.0,-11.0,10.0,158.0,47.0,-30.0,,,,
404,180404.0,47032.0,45150.0,48798.0,41900.0,180403.0,3.420527935028076,180406.0,45720.85546875,,,,,,,,,180402.0,0.0,17.0,1126.0,-531101690.0,43.0,-20.0,1.0,170.0,43.0,-17.0,,,,
405,180414.0,46538.0,44478.0,50154.0,42894.0,180413.0,3.420527935028076,180415.0,46016.71875,,,,,,,,,180412.0,0.0,24.0,1126.0,-532149242.0,42.0,-11.0,1.0,150.0,75.0,5.0,,,,
406,180424.0,46562.0,46048.0,50132.0,41266.0,180423.0,3.420527935028076,180425.0,46002.30859375,,,,,,,,,180422.0,1.0,23.0,1126.0,-532149242.0,42.0,-11.0,1.0,115.0,74.0,9.0,,,,
407,180434.0,47312.0,45736.0,48786.0,42166.0,180433.0,3.420527935028076,180435.0,46000.171875,,,,,,,,,180432.0,2.0,21.0,1126.0,-533197818.0,42.0,-11.0,1.0,227.0,58.0,-44.0,,,,
408,180444.0,48126.0,45664.0,48536.0,41630.0,180443.0,3.420527935028076,180445.0,45989.8515625,,,,,,,,,180442.0,3.0,21.0,1126.0,-533197818.0,41.0,-10.0,1.0,165.0,123.0,0.0,,,,
409,180454.0,48279.0,46593.0,48311.0,41185.0,180453.0,3.420527935028076,180455.0,46092.2734375,,,,,,,,,180452.0,0.0,9.0,1126.0,-534245370.0,36.0,-22.0,-1.0,132.0,76.0,-20.0,,,,
410,180464.0,49038.0,45452.0,47794.0,41988.0,180463.0,3.420527935028076,180465.0,46068.09765625,,,,,,,,,180462.0,1.0,13.0,1126.0,-535293946.0,36.0,-18.0,0.0,154.0,37.0,-5.0,,,,
411,180474.0,49791.0,43913.0,47039.0,43369.0,180473.0,3.420527935028076,180475.0,46028.7109375,,,,,,,,,180472.0,1.0,12.0,1126.0,-535293946.0,35.0,-17.0,0.0,121.0,-27.0,9.0,,,,
412,180484.0,48585.0,45595.0,47817.0,42003.0,180483.0,3.420527935028076,180485.0,46000.65234375,,,,,,,,,180482.0,1.0,12.0,1126.0,-536342522.0,34.0,-17.0,0.0,63.0,49.0,-10.0,,,,
413,180494.0,45593.0,44897.0,49975.0,42095.0,180493.0,3.4152493476867676,180495.0,45640.796875,,,,,,,,,180492.0,1.0,4.0,1127.0,-536342522.0,32.0,-26.0,9.0,-7.0,66.0,-16.0,,,,
414,180504.0,49896.0,42576.0,46728.0,43360.0,180503.0,3.420527935028076,180505.0,45640.203125,,,,,,,,,180502.0,2.0,6.0,1128.0,-536342522.0,32.0,-23.0,8.0,-87.0,-6.0,36.0,,,,
415,180514.0,44420.0,45778.0,50420.0,42006.0,180513.0,3.420527935028076,180515.0,45656.3203125,,,,,,,,,180512.0,1.0,6.0,1128.0,-536342522.0,30.0,-23.0,7.0,57.0,-89.0,-73.0,,,,
416,180524.0,48963.0,43465.0,46819.0,43385.0,180523.0,3.420527935028076,180525.0,45658.15234375,,,,,,,,,180522.0,1.0,6.0,1128.0,-536342522.0,28.0,-23.0,5.0,-53.0,-22.0,-15.0,,,,
417,180534.0,49053.0,44331.0,46763.0,42585.0,180533.0,3.420527935028076,180535.0,45683.36328125,,,,,,,,,180532.0,3.0,5.0,1127.0,-535293946.0,29.0,-24.0,3.0,-55.0,-38.0,-15.0,,,,
418,180544.0,47634.0,44834.0,48830.0,41722.0,180543.0,3.420527935028076,180545.0,45755.21875,,,,,,,,,180542.0,4.0,7.0,1127.0,-535294970.0,28.0,-21.0,1.0,-57.0,-77.0,41.0,,,,
419,180554.0,48447.0,44871.0,47329.0,42469.0,180553.0,3.420527935028076,180555.0,45779.5390625,,,,,,,,,180552.0,4.0,6.0,1127.0,-535294970.0,27.0,-21.0,0.0,30.0,4.0,-34.0,,,,
420,180564.0,44210.0,44552.0,51768.0,42650.0,180563.0,3.420527935028076,180565.0,45795.609375,,,,,,,,,180562.0,1.0,7.0,1127.0,-535294971.0,23.0,-20.0,-1.0,-32.0,-12.0,-11.0,,,,
421,180574.0,49065.0,44545.0,47095.0,42571.0,180573.0,3.420527935028076,180575.0,45819.9375,,,,,,,,,180572.0,3.0,7.0,1127.0,-535294971.0,24.0,-19.0,-2.0,-17.0,-44.0,1.0,,,,
422,180584.0,50651.0,45475.0,46273.0,42861.0,180583.0,3.420527935028076,180585.0,46315.0078125,,,,,,,,,180582.0,3.0,7.0,1125.0,-535294971.0,23.0,-19.0,-14.0,25.0,15.0,-29.0,,,,
423,180594.0,49702.0,46726.0,47308.0,41384.0,180593.0,3.420527935028076,180595.0,46280.16015625,,,,,,,,,180592.0,1.0,1.0,1124.0,-535294971.0,19.0,-25.0,-11.0,45.0,-32.0,3.0,,,,
424,180604.0,47526.0,42910.0,49246.0,45114.0,180603.0,3.4152493476867676,180605.0,46199.0078125,,,,,,,,,180602.0,1.0,2.0,1124.0,-535294971.0,19.0,-23.0,-9.0,3.0,40.0,-16.0,,,,
425,180614.0,46816.0,47466.0,49938.0,40356.0,180613.0,3.4152493476867676,180615.0,46144.31640625,,,,,,,,,180612.0,1.0,2.0,1124.0,-535294971.0,18.0,-23.0,-8.0,53.0,17.0,-15.0,,,,
426,180624.0,47683.0,44397.0,48961.0,43027.0,180623.0,3.4152493476867676,180625.0,46017.17578125,,,,,,,,,180622.0,3.0,0.0,1125.0,-535294971.0,18.0,-24.0,-5.0,-32.0,22.0,28.0,,,,
427,180634.0,51241.0,44859.0,45663.0,42241.0,180633.0,3.4152493476867676,180635.0,46001.8515625,,,,,,,,,180632.0,3.0,0.0,1125.0,-535294971.0,17.0,-24.0,-4.0,75.0,-79.0,24.0,,,,
428,180644.0,46508.0,47000.0,49250.0,41102.0,180643.0,3.4152493476867676,180645.0,45965.77734375,,,,,,,,,180642.0,3.0,0.0,1124.0,-536343547.0,16.0,-24.0,-5.0,-29.0,-46.0,-46.0,,,,
429,180654.0,48085.0,43973.0,48547.0,43243.0,180653.0,3.4152493476867676,180655.0,45962.3046875,,,,,,,,,180652.0,3.0,0.0,1124.0,-536343547.0,16.0,-24.0,-4.0,-49.0,-34.0,11.0,,,,
430,180664.0,48582.0,42552.0,48366.0,44224.0,180663.0,3.4152493476867676,180665.0,45931.921875,,,,,,,,,180662.0,3.0,0.0,1123.0,-535294971.0,15.0,-23.0,-11.0,-68.0,-52.0,37.0,,,,
431,180674.0,48487.0,44219.0,48203.0,43711.0,180673.0,3.4152493476867676,180675.0,46155.1875,,,,,,,,,180672.0,9.0,18.0,1123.0,-535295995.0,21.0,-3.0,-13.0,-21.0,-95.0,-7.0,,,,
432,180684.0,45716.0,43758.0,50304.0,45002.0,180683.0,3.4152493476867676,180685.0,46195.74609375,,,,,,,,,180682.0,10.0,17.0,1123.0,-535295995.0,20.0,-4.0,-15.0,-44.0,-6.0,-76.0,,,,
433,180694.0,50068.0,42090.0,47634.0,45152.0,180693.0,3.4152493476867676,180695.0,46236.12890625,,,,,,,,,180692.0,10.0,19.0,1123.0,-534247419.0,20.0,-1.0,-17.0,-48.0,-15.0,57.0,,,,
434,180704.0,45785.0,44497.0,50949.0,43893.0,180703.0,3.4152493476867676,180705.0,46281.50390625,,,,,,,,,180702.0,10.0,19.0,1123.0,-534247419.0,19.0,-1.0,-18.0,48.0,-42.0,-38.0,,,,
435,180714.0,50541.0,46135.0,46493.0,41623.0,180713.0,3.4152493476867676,180715.0,46198.234375,,,,,,,,,180712.0,10.0,19.0,1123.0,-534247419.0,19.0,0.0,-16.0,72.0,7.0,10.0,,,,
436,180724.0,46422.0,46534.0,49976.0,41960.0,180723.0,3.4152493476867676,180725.0,46223.921875,,,,,,,,,180722.0,11.0,19.0,1123.0,-535295995.0,18.0,0.0,-17.0,170.0,24.0,-52.0,,,,
437,180734.0,50457.0,44839.0,46769.0,42963.0,180733.0,3.4152493476867676,180735.0,46257.88671875,,,,,,,,,180732.0,11.0,19.0,1123.0,-535295995.0,18.0,0.0,-17.0,168.0,20.0,14.0,,,,
438,180744.0,44462.0,47240.0,51960.0,41346.0,180743.0,3.4152493476867676,180745.0,46252.21875,,,,,,,,,180742.0,11.0,19.0,1123.0,-1073215483.0,17.0,0.0,-18.0,173.0,91.0,-39.0,,,,
439,180754.0,49323.0,45027.0,47865.0,42345.0,180753.0,3.4152493476867676,180755.0,46140.14453125,,,,,,,,,180752.0,11.0,19.0,1123.0,-1072166907.0,17.0,0.0,-14.0,179.0,62.0,9.0,,,,
440,180764.0,50686.0,48302.0,45762.0,39806.0,180763.0,3.4152493476867676,180765.0,46139.234375,,,,,,,,,180762.0,0.0,-8.0,1123.0,-1071117307.0,4.0,-30.0,-14.0,297.0,-13.0,-11.0,,,,
441,180774.0,49392.0,49206.0,46834.0,39044.0,180773.0,3.4152493476867676,180775.0,46119.80859375,,,,,,,,,180772.0,0.0,-8.0,1123.0,-1070068731.0,3.0,-31.0,-15.0,201.0,30.0,-34.0,,,,
442,180784.0,47977.0,46555.0,48131.0,41873.0,180783.0,3.4152493476867676,180785.0,46134.86328125,,,,,,,,,180782.0,0.0,-9.0,1123.0,-1069020155.0,3.0,-32.0,-17.0,30.0,20.0,-54.0,,,,
443,180794.0,51760.0,44352.0,45436.0,43204.0,180793.0,3.4152493476867676,180795.0,46188.26953125,,,,,,,,,180792.0,0.0,-9.0,1124.0,-1069020155.0,2.0,-33.0,-11.0,-65.0,-54.0,26.0,,,,
444,180804.0,45634.0,45354.0,49416.0,43400.0,180803.0,3.4152493476867676,180805.0,45951.1328125,,,,,,,,,180802.0,0.0,-9.0,1124.0,-1069021179.0,1.0,-34.0,-11.0,-162.0,-187.0,-94.0,,,,
445,180814.0,46631.0,42417.0,49621.0,45123.0,180813.0,3.4152493476867676,180815.0,45948.94140625,,,,,,,,,180812.0,1.0,-10.0,1124.0,-1070069756.0,1.0,-35.0,-11.0,-319.0,-86.0,-12.0,,,,
446,180824.0,45811.0,38493.0,51011.0,48445.0,180823.0,3.420527935028076,180825.0,45940.015625,,,,,,,,,180822.0,8.0,42.0,1124.0,-1073216508.0,9.0,22.0,-10.0,-377.0,-226.0,34.0,,,,
447,180834.0,41902.0,40224.0,53664.0,47794.0,180833.0,3.420527935028076,180835.0,45896.96875,,,,,,,,,180832.0,8.0,42.0,1124.0,-535297020.0,8.0,22.0,-10.0,-352.0,-188.0,-64.0,,,,
448,180844.0,46366.0,41050.0,49010.0,46026.0,180843.0,3.4152493476867676,180845.0,45613.7265625,,,,,,,,,180842.0,9.0,43.0,1125.0,-534773756.0,8.0,22.0,-1.0,-205.0,-175.0,-22.0,,,,
449,180854.0,45015.0,41043.0,51003.0,45223.0,180853.0,3.4152493476867676,180855.0,45571.10546875,,,,,,,,,180852.0,10.0,48.0,1125.0,-533724156.0,10.0,29.0,0.0,-112.0,-116.0,21.0,,,,
450,180864.0,49378.0,43144.0,46184.0,43342.0,180863.0,3.420527935028076,180865.0,45512.5390625,,,,,,,,,180862.0,10.0,48.0,1125.0,-533724156.0,10.0,30.0,1.0,193.0,-141.0,18.0,,,,
451,180874.0,45378.0,46556.0,49818.0,40072.0,180873.0,3.420527935028076,180875.0,45456.49609375,,,,,,,,,180872.0,11.0,42.0,1125.0,-534771708.0,11.0,23.0,4.0,324.0,31.0,-11.0,,,,
452,180884.0,50333.0,47777.0,44033.0,37885.0,180883.0,3.420527935028076,180885.0,45007.828125,,,,,,,,,180882.0,11.0,42.0,1127.0,-535821308.0,11.0,24.0,17.0,510.0,62.0,-15.0,,,,
453,180894.0,51572.0,48610.0,42618.0,36832.0,180893.0,3.420527935028076,180895.0,44908.0,,,,,,,,,180892.0,10.0,31.0,1127.0,-1072692220.0,11.0,11.0,19.0,743.0,-22.0,0.0,,,,
454,180904.0,50196.0,47750.0,43778.0,37652.0,180903.0,3.4258065223693848,180905.0,44844.078125,,,,,,,,,180902.0,10.0,35.0,1128.0,-1069546492.0,11.0,15.0,18.0,728.0,-2.0,-5.0,,,,
455,180914.0,47975.0,47073.0,45367.0,38889.0,180913.0,3.4258065223693848,180915.0,44826.53515625,,,,,,,,,180912.0,10.0,34.0,1128.0,-1067449340.0,11.0,13.0,17.0,654.0,87.0,-61.0,,,,
456,180924.0,49105.0,45555.0,45203.0,39457.0,180923.0,3.4258065223693848,180925.0,44830.99609375,,,,,,,,,180922.0,9.0,33.0,1126.0,-1064303612.0,10.0,10.0,4.0,446.0,147.0,13.0,,,,
457,180934.0,50852.0,44288.0,43750.0,42046.0,180933.0,3.4310851097106934,180935.0,45234.96484375,,,,,,,,,180932.0,11.0,30.0,1126.0,-1063256060.0,13.0,5.0,1.0,404.0,-9.0,1.0,,,,
458,180944.0,45306.0,44962.0,48800.0,42096.0,180943.0,3.4258065223693848,180945.0,45291.9765625,,,,,,,,,180942.0,11.0,29.0,1126.0,-1061158908.0,13.0,1.0,-3.0,153.0,97.0,-70.0,,,,
459,180954.0,43427.0,42519.0,51765.0,43797.0,180953.0,3.4258065223693848,180955.0,45377.88671875,,,,,,,,,180952.0,11.0,32.0,1126.0,-1061158908.0,12.0,1.0,-6.0,-74.0,95.0,-10.0,,,,
460,180964.0,49218.0,41930.0,46436.0,44228.0,180963.0,3.4258065223693848,180965.0,45453.36328125,,,,,,,,,180962.0,10.0,32.0,1126.0,-1060634620.0,12.0,-2.0,-8.0,-164.0,-33.0,32.0,,,,
461,180974.0,43248.0,42884.0,51090.0,44098.0,180973.0,3.420527935028076,180975.0,45330.671875,,,,,,,,,180972.0,11.0,34.0,1126.0,-1062207484.0,12.0,-2.0,-7.0,-255.0,9.0,-63.0,,,,
462,180984.0,45866.0,41084.0,49540.0,45110.0,180983.0,3.420527935028076,180985.0,45400.30859375,,,,,,,,,180982.0,11.0,34.0,1126.0,-1063256060.0,12.0,-5.0,-9.0,-304.0,-10.0,22.0,,,,
463,180994.0,45043.0,41515.0,50709.0,44473.0,180993.0,3.420527935028076,180995.0,45435.03125,,,,,,,,,180992.0,12.0,34.0,1126.0,-1064304636.0,13.0,-7.0,-10.0,-292.0,-44.0,39.0,,,,
464,181004.0,48638.0,42836.0,47014.0,43296.0,181003.0,3.420527935028076,181005.0,45446.15625,,,,,,,,,181002.0,12.0,34.0,1126.0,-1065353212.0,13.0,-10.0,-10.0,-168.0,-138.0,38.0,,,,
465,181014.0,45609.0,43925.0,48195.0,42567.0,181013.0,3.420527935028076,181015.0,45074.4765625,,,,,,,,,181012.0,12.0,34.0,1128.0,-1066400764.0,13.0,-12.0,-1.0,-117.0,-54.0,-67.0,,,,
466,181024.0,49327.0,43047.0,46129.0,41825.0,181023.0,3.420527935028076,181025.0,45082.75390625,,,,,,,,,181022.0,12.0,34.0,1128.0,-1066400764.0,13.0,-14.0,-2.0,-62.0,6.0,69.0,,,,
467,181034.0,45602.0,45494.0,48280.0,41028.0,181033.0,3.420527935028076,181035.0,45101.21484375,,,,,,,,,181032.0,12.0,34.0,1128.0,-1066400764.0,14.0,-16.0,-3.0,38.0,3.0,-51.0,,,,
468,181044.0,47750.0,45648.0,47048.0,39954.0,181043.0,3.420527935028076,181045.0,45100.8359375,,,,,,,,,181042.0,13.0,34.0,1128.0,-1066400764.0,14.0,-18.0,-5.0,115.0,15.0,16.0,,,,
469,181054.0,49030.0,44018.0,46056.0,41392.0,181053.0,3.420527935028076,181055.0,45124.60546875,,,,,,,,,181052.0,13.0,33.0,1128.0,-1066400764.0,14.0,-20.0,-6.0,183.0,50.0,19.0,,,,
470,181064.0,47695.0,45847.0,46817.0,40209.0,181063.0,3.420527935028076,181065.0,45142.52734375,,,,,,,,,181062.0,13.0,33.0,1128.0,-1065352188.0,14.0,-21.0,-10.0,207.0,-19.0,-18.0,,,,
471,181074.0,47049.0,46861.0,47689.0,39209.0,181073.0,3.420527935028076,181075.0,45202.5546875,,,,,,,,,181072.0,13.0,33.0,1128.0,-1064303612.0,14.0,-24.0,-11.0,181.0,39.0,4.0,,,,
472,181084.0,47384.0,42798.0,48444.0,42242.0,181083.0,3.420527935028076,181085.0,45217.7734375,,,,,,,,,181082.0,13.0,33.0,1128.0,-1064304636.0,14.0,-26.0,-14.0,156.0,52.0,43.0,,,,
473,181094.0,50233.0,44897.0,44959.0,41015.0,181093.0,3.420527935028076,181095.0,45276.48046875,,,,,,,,,181092.0,13.0,33.0,1128.0,-1063256060.0,15.0,-28.0,-15.0,83.0,26.0,26.0,,,,
474,181104.0,49208.0,47434.0,47078.0,40412.0,181103.0,3.420527935028076,181105.0,46033.3203125,,,,,,,,,181102.0,32.0,-7.0,1123.0,-1062206460.0,37.0,-79.0,-37.0,52.0,-29.0,-7.0,,,,
475,181114.0,50926.0,45436.0,45748.0,42090.0,181113.0,3.420527935028076,181115.0,46050.48828125,,,,,,,,,181112.0,33.0,-8.0,1123.0,-1062206460.0,37.0,-82.0,-37.0,-92.0,42.0,-7.0,,,,
476,181124.0,49551.0,44877.0,46845.0,42975.0,181123.0,3.4152493476867676,181125.0,46062.80078125,,,,,,,,,181122.0,33.0,-9.0,1122.0,-1062207484.0,37.0,-85.0,-40.0,-251.0,37.0,-14.0,,,,
477,181134.0,48978.0,45200.0,47748.0,42654.0,181133.0,3.4152493476867676,181135.0,46145.79296875,,,,,,,,,181132.0,33.0,-10.0,1122.0,-1063256060.0,37.0,-88.0,-44.0,-341.0,-22.0,21.0,,,,
478,181144.0,44869.0,42457.0,52117.0,46325.0,181143.0,3.4152493476867676,181145.0,46442.44921875,,,,,,,,,181142.0,28.0,10.0,1120.0,-1065353212.0,30.0,-64.0,-54.0,-464.0,133.0,-35.0,,,,
479,181154.0,43441.0,43351.0,54539.0,44957.0,181153.0,3.409970760345459,181155.0,46572.37890625,,,,,,,,,181152.0,28.0,10.0,1120.0,-1066926076.0,31.0,-65.0,-57.0,-658.0,197.0,34.0,,,,
480,181164.0,44695.0,41701.0,53159.0,47041.0,181163.0,3.409970760345459,181165.0,46649.55859375,,,,,,,,,181162.0,29.0,11.0,1119.0,-1069022204.0,31.0,-66.0,-58.0,-612.0,105.0,12.0,,,,
481,181174.0,46518.0,44270.0,51502.0,44470.0,181173.0,3.4046921730041504,181175.0,46690.69140625,,,,,,,,,181172.0,28.0,12.0,1119.0,-1071118332.0,29.0,-64.0,-60.0,-537.0,158.0,14.0,,,,
482,181184.0,43217.0,47043.0,54457.0,42347.0,181183.0,3.4046921730041504,181185.0,46766.0703125,,,,,,,,,181182.0,28.0,8.0,1112.0,-1073215484.0,29.0,-69.0,-91.0,-435.0,177.0,-25.0,,,,
483,181194.0,51155.0,45325.0,49381.0,45543.0,181193.0,3.4046921730041504,181195.0,47851.19921875,,,,,,,,,181192.0,28.0,10.0,1111.0,-534246396.0,28.0,-66.0,-92.0,-300.0,82.0,35.0,,,,
484,181204.0,48583.0,47429.0,51497.0,44175.0,181203.0,3.4046921730041504,181205.0,47921.6796875,,,,,,,,,181202.0,30.0,8.0,1111.0,-533197820.0,29.0,-68.0,-93.0,-212.0,126.0,-25.0,,,,
485,181214.0,54410.0,48082.0,46516.0,42884.0,181213.0,3.394134998321533,181215.0,47973.71484375,,,,,,,,,181212.0,29.0,5.0,1110.0,-533197820.0,27.0,-69.0,-90.0,-77.0,45.0,29.0,,,,
486,181224.0,49238.0,48628.0,51120.0,42862.0,181223.0,3.394134998321533,181225.0,47962.3046875,,,,,,,,,181222.0,30.0,4.0,1109.0,-533196796.0,26.0,-69.0,-89.0,89.0,56.0,-11.0,,,,
487,181234.0,52990.0,48516.0,46338.0,42448.0,181233.0,3.394134998321533,181235.0,47573.92578125,,,,,,,,,181232.0,30.0,3.0,1110.0,-533196796.0,26.0,-68.0,-74.0,148.0,-72.0,-10.0,,,,
488,181244.0,51251.0,47293.0,48267.0,43225.0,181243.0,3.399413585662842,181245.0,47509.06640625,,,,,,,,,181242.0,30.0,0.0,1109.0,-534245372.0,24.0,-71.0,-72.0,154.0,26.0,-4.0,,,,
489,181254.0,52731.0,46481.0,47461.0,43295.0,181253.0,3.399413585662842,181255.0,47492.0859375,,,,,,,,,181252.0,30.0,2.0,1109.0,-534245372.0,22.0,-66.0,-70.0,61.0,13.0,48.0,,,,
490,181264.0,50517.0,47383.0,49215.0,42821.0,181263.0,3.399413585662842,181265.0,47484.46875,,,,,,,,,181262.0,30.0,0.0,1108.0,-534245372.0,21.0,-67.0,-68.0,45.0,-106.0,23.0,,,,
491,181274.0,51285.0,45665.0,47357.0,45333.0,181273.0,3.399413585662842,181275.0,47410.70703125,,,,,,,,,181272.0,31.0,1.0,1107.0,-534245372.0,20.0,-65.0,-65.0,-21.0,25.0,-51.0,,,,
492,181284.0,49881.0,44753.0,50007.0,44943.0,181283.0,3.399413585662842,181285.0,47396.97265625,,,,,,,,,181282.0,31.0,4.0,1107.0,-534245372.0,19.0,-60.0,-65.0,-131.0,22.0,28.0,,,,
493,181294.0,47522.0,47496.0,51876.0,42802.0,181293.0,3.399413585662842,181295.0,47424.296875,,,,,,,,,181292.0,31.0,0.0,1106.0,-534245372.0,19.0,-64.0,-63.0,-174.0,-93.0,-3.0,,,,
494,181304.0,50932.0,43932.0,48778.0,45962.0,181303.0,3.399413585662842,181305.0,47401.7265625,,,,,,,,,181302.0,31.0,0.0,1106.0,-533197820.0,18.0,-63.0,-61.0,-198.0,-46.0,24.0,,,,
495,181314.0,44763.0,46873.0,53933.0,43899.0,181313.0,3.399413585662842,181315.0,47367.01953125,,,,,,,,,181312.0,33.0,-3.0,1105.0,-532149244.0,19.0,-66.0,-61.0,-187.0,-12.0,-52.0,,,,
496,181324.0,49664.0,43422.0,50132.0,46358.0,181323.0,3.399413585662842,181325.0,47394.3359375,,,,,,,,,181322.0,32.0,-3.0,1104.0,-532149244.0,17.0,-64.0,-59.0,-330.0,3.0,34.0,,,,
497,181334.0,46469.0,46743.0,51779.0,44353.0,181333.0,3.399413585662842,181335.0,47336.1796875,,,,,,,,,181332.0,33.0,-2.0,1104.0,-530052092.0,17.0,-60.0,-56.0,-219.0,35.0,-78.0,,,,
498,181344.0,49001.0,45869.0,50499.0,43931.0,181343.0,3.399413585662842,181345.0,47325.09765625,,,,,,,,,181342.0,34.0,-3.0,1103.0,-530052092.0,16.0,-59.0,-54.0,-254.0,49.0,22.0,,,,
499,181354.0,47215.0,46333.0,51541.0,44091.0,181353.0,3.4046921730041504,181355.0,47295.2890625,,,,,,,,,181352.0,33.0,-1.0,1102.0,-529003516.0,15.0,-54.0,-53.0,-81.0,8.0,-19.0,,,,
500,181364.0,47436.0,47222.0,49666.0,41504.0,181363.0,3.4046921730041504,181365.0,46457.0703125,,,,,,,,,181362.0,32.0,0.0,1107.0,-527954941.0,13.0,-50.0,-27.0,-99.0,53.0,-22.0,,,,
501,181374.0,46650.0,45430.0,50278.0,42934.0,181373.0,3.4046921730041504,181375.0,46323.38671875,,,,,,,,,181372.0,32.0,-1.0,1106.0,-527954941.0,11.0,-49.0,-23.0,-25.0,49.0,-19.0,,,,
502,181384.0,50631.0,44865.0,47237.0,42519.0,181383.0,3.409970760345459,181385.0,46313.21484375,,,,,,,,,181382.0,34.0,-2.0,1106.0,-527953917.0,12.0,-46.0,-19.0,28.0,2.0,51.0,,,,
503,181394.0,45809.0,48089.0,50119.0,40219.0,181393.0,3.409970760345459,181395.0,46059.95703125,,,,,,,,,181392.0,34.0,-1.0,1106.0,-527954941.0,12.0,-43.0,-13.0,112.0,-73.0,-44.0,,,,
504,181404.0,50953.0,44975.0,44721.0,41811.0,181403.0,3.4152493476867676,181405.0,45615.92578125,,,,,,,,,181402.0,34.0,-3.0,1108.0,-527954941.0,10.0,-42.0,1.0,153.0,-66.0,-2.0,,,,
505,181414.0,46282.0,46158.0,48858.0,40722.0,181413.0,3.4152493476867676,181415.0,45505.671875,,,,,,,,,181412.0,34.0,-3.0,1108.0,-529003517.0,9.0,-39.0,2.0,94.0,0.0,-38.0,,,,
506,181424.0,47159.0,44357.0,48171.0,42237.0,181423.0,3.420527935028076,181425.0,45481.94140625,,,,,,,,,181422.0,33.0,-4.0,1108.0,-529003517.0,7.0,-38.0,3.0,49.0,-86.0,-10.0,,,,
507,181434.0,48803.0,45507.0,46407.0,40979.0,181433.0,3.420527935028076,181435.0,45424.61328125,,,,,,,,,181432.0,33.0,-4.0,1108.0,-530052093.0,6.0,-36.0,3.0,143.0,-100.0,-14.0,,,,
508,181444.0,45872.0,45094.0,49250.0,42228.0,181443.0,3.420527935028076,181445.0,45611.57421875,,,,,,,,,181442.0,33.0,-4.0,1107.0,-530053117.0,5.0,-34.0,-3.0,46.0,-67.0,-40.0,,,,
509,181454.0,47850.0,42938.0,48052.0,43532.0,181453.0,3.420527935028076,181455.0,45593.71875,,,,,,,,,181452.0,33.0,-5.0,1107.0,-530053117.0,4.0,-33.0,-2.0,11.0,-79.0,31.0,,,,
510,181464.0,45626.0,44698.0,49810.0,42146.0,181463.0,3.420527935028076,181465.0,45570.5859375,,,,,,,,,181462.0,36.0,-1.0,1107.0,-530053117.0,9.0,-26.0,-2.0,-30.0,-38.0,-18.0,,,,
511,181474.0,49584.0,43714.0,46178.0,42820.0,181473.0,3.420527935028076,181475.0,45574.5859375,,,,,,,,,181472.0,37.0,-2.0,1107.0,-530053117.0,8.0,-24.0,-3.0,-52.0,-62.0,13.0,,,,
512,181484.0,45890.0,43184.0,49258.0,43904.0,181483.0,3.420527935028076,181485.0,45559.86328125,,,,,,,,,181482.0,36.0,-1.0,1102.0,-530054141.0,7.0,-22.0,-29.0,-49.0,-69.0,-13.0,,,,
513,181494.0,47445.0,44903.0,49439.0,44121.0,181493.0,3.420527935028076,181495.0,46477.2890625,,,,,,,,,181492.0,36.0,-2.0,1102.0,-529005565.0,7.0,-20.0,-30.0,-65.0,-65.0,-43.0,,,,
514,181504.0,46161.0,44963.0,51335.0,43413.0,181503.0,3.420527935028076,181505.0,46468.4140625,,,,,,,,,181502.0,36.0,-2.0,1102.0,-529005565.0,6.0,-18.0,-31.0,-52.0,5.0,9.0,,,,
515,181514.0,51432.0,44768.0,46660.0,43100.0,181513.0,3.4152493476867676,181515.0,46490.3515625,,,,,,,,,181512.0,36.0,-2.0,1102.0,-529005565.0,6.0,-17.0,-30.0,3.0,-59.0,61.0,,,,
516,181524.0,46771.0,45041.0,50703.0,43409.0,181523.0,3.409970760345459,181525.0,46481.55078125,,,,,,,,,181522.0,36.0,-2.0,1101.0,-529005565.0,6.0,-15.0,-29.0,87.0,-59.0,0.0,,,,
517,181534.0,48207.0,46513.0,47817.0,41655.0,181533.0,3.409970760345459,181535.0,46048.890625,,,,,,,,,181532.0,36.0,-2.0,1103.0,-529005565.0,6.0,-13.0,-17.0,133.0,-6.0,-40.0,,,,
518,181544.0,48311.0,45153.0,48327.0,42317.0,181543.0,3.409970760345459,181545.0,46027.70703125,,,,,,,,,181542.0,36.0,-2.0,1103.0,-530054141.0,5.0,-11.0,-16.0,106.0,40.0,6.0,,,,
519,181554.0,50390.0,43536.0,46638.0,43460.0,181553.0,3.409970760345459,181555.0,46006.28515625,,,,,,,,,181552.0,37.0,-2.0,1103.0,-530054141.0,5.0,-9.0,-16.0,45.0,-32.0,35.0,,,,
520,181564.0,50967.0,46151.0,45325.0,41493.0,181563.0,3.409970760345459,181565.0,45984.67578125,,,,,,,,,181562.0,37.0,-3.0,1102.0,-531102717.0,5.0,-7.0,-15.0,189.0,-49.0,2.0,,,,
521,181574.0,46302.0,45666.0,50098.0,42150.0,181573.0,3.409970760345459,181575.0,46054.05859375,,,,,,,,,181572.0,37.0,-3.0,1102.0,-531103741.0,5.0,-6.0,-17.0,131.0,-14.0,-32.0,,,,
522,181584.0,50376.0,47678.0,46476.0,39542.0,181583.0,3.4152493476867676,181585.0,46018.46875,,,,,,,,,181582.0,25.0,-32.0,1102.0,-533199869.0,-11.0,-47.0,-16.0,108.0,-107.0,36.0,,,,
523,181594.0,48002.0,47896.0,48320.0,39722.0,181593.0,3.409970760345459,181595.0,45985.19921875,,,,,,,,,181592.0,25.0,-32.0,1102.0,-533200893.0,-11.0,-46.0,-15.0,32.0,-40.0,-29.0,,,,
524,181604.0,51764.0,45802.0,44894.0,41300.0,181603.0,3.4152493476867676,181605.0,45940.66796875,,,,,,,,,181602.0,25.0,-28.0,1101.0,-533200893.0,-11.0,-38.0,-14.0,-38.0,-130.0,25.0,,,,
525,181614.0,44972.0,44268.0,51164.0,43260.0,181613.0,3.4152493476867676,181615.0,45916.91015625,,,,,,,,,181612.0,25.0,-28.0,1100.0,-533725181.0,-11.0,-36.0,-23.0,-186.0,-107.0,-23.0,,,,
526,181624.0,49831.0,44767.0,47125.0,43141.0,181623.0,3.4152493476867676,181625.0,46216.8203125,,,,,,,,,181622.0,25.0,-28.0,1100.0,-532675581.0,-11.0,-35.0,-23.0,-263.0,-241.0,4.0,,,,
527,181634.0,46489.0,42549.0,50253.0,45541.0,181633.0,3.4152493476867676,181635.0,46208.625,,,,,,,,,181632.0,25.0,-28.0,1099.0,-531625981.0,-11.0,-34.0,-24.0,-314.0,-216.0,-12.0,,,,
528,181644.0,46869.0,41785.0,49957.0,46309.0,181643.0,3.409970760345459,181645.0,46230.0234375,,,,,,,,,181642.0,28.0,-19.0,1099.0,-529527805.0,-5.0,-18.0,-26.0,-374.0,-231.0,-4.0,,,,
529,181654.0,46351.0,41909.0,49931.0,46877.0,181653.0,3.409970760345459,181655.0,46267.90625,,,,,,,,,181652.0,28.0,-19.0,1099.0,-528479229.0,-5.0,-17.0,-28.0,-387.0,-218.0,-46.0,,,,
530,181664.0,46970.0,42186.0,50928.0,46464.0,181663.0,3.409970760345459,181665.0,46637.77734375,,,,,,,,,181662.0,27.0,-20.0,1097.0,-527429629.0,-5.0,-15.0,-36.0,-307.0,-168.0,17.0,,,,
531,181674.0,52075.0,44781.0,46097.0,43531.0,181673.0,3.409970760345459,181675.0,46621.06640625,,,,,,,,,181672.0,27.0,-19.0,1096.0,-525331453.0,-4.0,-10.0,-35.0,-220.0,-225.0,34.0,,,,
532,181684.0,45416.0,46684.0,52036.0,42268.0,181683.0,3.4046921730041504,181685.0,46601.81640625,,,,,,,,,181682.0,27.0,-18.0,1096.0,-525331453.0,-3.0,-7.0,-34.0,-92.0,-141.0,-15.0,,,,
533,181694.0,48334.0,47202.0,48492.0,42208.0,181693.0,3.4046921730041504,181695.0,46559.46875,,,,,,,,,181692.0,26.0,-21.0,1096.0,-525330429.0,-2.0,-8.0,-33.0,81.0,-140.0,-52.0,,,,
534,181704.0,51468.0,45664.0,45274.0,41938.0,181703.0,3.4046921730041504,181705.0,46086.60546875,,,,,,,,,181702.0,26.0,-19.0,1098.0,-525330429.0,-1.0,-2.0,-20.0,145.0,-48.0,4.0,,,,
535,181714.0,49193.0,46673.0,47119.0,41379.0,181713.0,3.409970760345459,181715.0,46091.26171875,,,,,,,,,181712.0,25.0,-19.0,1098.0,-526377981.0,0.0,0.0,-19.0,202.0,-36.0,-25.0,,,,
536,181724.0,52404.0,47730.0,44336.0,39778.0,181723.0,3.409970760345459,181725.0,46062.45703125,,,,,,,,,181722.0,25.0,-19.0,1097.0,-526377981.0,0.0,3.0,-19.0,318.0,-129.0,21.0,,,,
537,181734.0,46092.0,47384.0,49402.0,41286.0,181733.0,3.409970760345459,181735.0,46041.30078125,,,,,,,,,181732.0,25.0,-19.0,1097.0,-528475134.0,2.0,6.0,-18.0,261.0,33.0,-83.0,,,,
538,181744.0,51657.0,46581.0,45087.0,40747.0,181743.0,3.409970760345459,181745.0,46018.54296875,,,,,,,,,181742.0,21.0,-25.0,1097.0,-529523710.0,-1.0,-1.0,-20.0,228.0,-16.0,33.0,,,,
539,181754.0,44688.0,47870.0,50872.0,40850.0,181753.0,3.4152493476867676,181755.0,46070.19140625,,,,,,,,,181752.0,22.0,-26.0,1096.0,-530572286.0,1.0,0.0,-19.0,187.0,22.0,-78.0,,,,
540,181764.0,50186.0,45950.0,46214.0,41774.0,181763.0,3.409970760345459,181765.0,46031.265625,,,,,,,,,181762.0,22.0,-25.0,1096.0,-530572286.0,2.0,2.0,-16.0,53.0,-21.0,2.0,,,,
541,181774.0,43577.0,46617.0,51755.0,41899.0,181773.0,3.409970760345459,181775.0,45962.0625,,,,,,,,,181772.0,21.0,-25.0,1096.0,-530572286.0,4.0,3.0,-16.0,65.0,-10.0,-66.0,,,,
542,181784.0,51935.0,44045.0,44715.0,43065.0,181783.0,3.409970760345459,181785.0,45940.19140625,,,,,,,,,181782.0,21.0,-25.0,1096.0,-530572286.0,5.0,5.0,-14.0,-152.0,-88.0,27.0,,,,
543,181794.0,44308.0,44182.0,50316.0,43062.0,181793.0,3.409970760345459,181795.0,45467.6015625,,,,,,,,,181792.0,21.0,-25.0,1098.0,-530572286.0,7.0,7.0,-1.0,-99.0,-88.0,-50.0,,,,
544,181804.0,47853.0,41049.0,47633.0,45169.0,181803.0,3.409970760345459,181805.0,45426.9765625,,,,,,,,,181802.0,24.0,-18.0,1098.0,-529522686.0,13.0,20.0,0.0,-131.0,-136.0,26.0,,,,
545,181814.0,43268.0,41532.0,51602.0,45150.0,181813.0,3.4152493476867676,181815.0,45388.41796875,,,,,,,,,181812.0,24.0,-18.0,1098.0,-529522686.0,16.0,20.0,-1.0,-252.0,-105.0,-24.0,,,,
546,181824.0,44455.0,42321.0,50355.0,44445.0,181823.0,3.4152493476867676,181825.0,45394.546875,,,,,,,,,181822.0,24.0,-17.0,1098.0,-528473086.0,17.0,24.0,-2.0,-130.0,-108.0,-2.0,,,,
547,181834.0,48524.0,43402.0,48062.0,43696.0,181833.0,3.420527935028076,181835.0,45921.56640625,,,,,,,,,181832.0,24.0,-17.0,1095.0,-527424510.0,19.0,26.0,-17.0,-73.0,-75.0,28.0,,,,
548,181844.0,47324.0,45732.0,48312.0,42156.0,181843.0,3.4152493476867676,181845.0,45881.79296875,,,,,,,,,181842.0,24.0,-13.0,1095.0,-527424510.0,22.0,34.0,-18.0,58.0,-148.0,-21.0,,,,
549,181854.0,47033.0,45743.0,48439.0,42373.0,181853.0,3.4152493476867676,181855.0,45897.73046875,,,,,,,,,181852.0,25.0,-13.0,1095.0,-527423486.0,24.0,36.0,-20.0,105.0,-38.0,-38.0,,,,
550,181864.0,48742.0,46614.0,47240.0,41116.0,181863.0,3.4152493476867676,181865.0,45928.7109375,,,,,,,,,181862.0,25.0,-18.0,1094.0,-528472062.0,27.0,30.0,-21.0,184.0,-30.0,-12.0,,,,
551,181874.0,49303.0,45699.0,47127.0,41763.0,181873.0,3.409970760345459,181875.0,45973.11328125,,,,,,,,,181872.0,25.0,-16.0,1097.0,-529520639.0,30.0,34.0,-7.0,220.0,31.0,0.0,,,,
552,181884.0,51589.0,46017.0,44025.0,40265.0,181883.0,3.4152493476867676,181885.0,45474.0703125,,,,,,,,,181882.0,25.0,-15.0,1097.0,-529520638.0,32.0,37.0,-8.0,315.0,-79.0,44.0,,,,
553,181894.0,45714.0,46822.0,47998.0,41310.0,181893.0,3.409970760345459,181895.0,45461.24609375,,,,,,,,,181892.0,26.0,-16.0,1097.0,-531617790.0,35.0,38.0,-8.0,333.0,46.0,-94.0,,,,
554,181904.0,50532.0,44088.0,45318.0,41882.0,181903.0,3.4152493476867676,181905.0,45455.953125,,,,,,,,,181902.0,26.0,-14.0,1097.0,-532666367.0,37.0,41.0,-8.0,294.0,43.0,49.0,,,,
555,181914.0,45976.0,44916.0,48592.0,42268.0,181913.0,3.4152493476867676,181916.0,45438.1484375,,,,,,,,,181912.0,26.0,-14.0,1097.0,-533714943.0,40.0,41.0,-9.0,236.0,60.0,-39.0,,,,
556,181924.0,49332.0,46070.0,46156.0,40622.0,181923.0,3.4152493476867676,181925.0,45545.01953125,,,,,,,,,181922.0,26.0,-12.0,1096.0,-533714943.0,42.0,45.0,-11.0,140.0,28.0,13.0,,,,
557,181934.0,44790.0,45218.0,49726.0,42290.0,181933.0,3.4152493476867676,181935.0,45506.2734375,,,,,,,,,181932.0,27.0,-13.0,1096.0,-534763519.0,46.0,44.0,-11.0,171.0,50.0,-52.0,,,,
558,181944.0,46885.0,43399.0,48925.0,42739.0,181943.0,3.4152493476867676,181945.0,45487.33984375,,,,,,,,,181942.0,27.0,-12.0,1096.0,-534764543.0,47.0,45.0,-12.0,-4.0,46.0,40.0,,,,
559,181954.0,49189.0,44517.0,46011.0,42231.0,181953.0,3.4152493476867676,181955.0,45487.5859375,,,,,,,,,181952.0,28.0,-11.0,1095.0,-534764543.0,50.0,46.0,-14.0,46.0,-53.0,-9.0,,,,
560,181964.0,48107.0,45041.0,47221.0,42399.0,181963.0,3.4152493476867676,181965.0,45692.76953125,,,,,,,,,181962.0,29.0,-9.0,1094.0,-535812095.0,53.0,49.0,-20.0,37.0,-52.0,-23.0,,,,
561,181974.0,45301.0,44401.0,50229.0,42953.0,181973.0,3.4152493476867676,181975.0,45721.00390625,,,,,,,,,181972.0,29.0,-9.0,1094.0,-535812095.0,56.0,49.0,-22.0,15.0,47.0,-20.0,,,,
562,181984.0,49598.0,44208.0,45910.0,43232.0,181983.0,3.4152493476867676,181985.0,45737.3125,,,,,,,,,181982.0,28.0,-10.0,1094.0,-535813119.0,56.0,46.0,-22.0,-35.0,-34.0,14.0,,,,
563,181994.0,45762.0,44658.0,49428.0,43112.0,181993.0,3.4152493476867676,181995.0,45740.4609375,,,,,,,,,181992.0,29.0,-10.0,1094.0,-535813119.0,58.0,47.0,-22.0,34.0,84.0,-34.0,,,,
564,182004.0,49021.0,45999.0,46459.0,41489.0,182003.0,3.4152493476867676,182005.0,45742.21484375,,,,,,,,,182002.0,29.0,-8.0,1090.0,-535813119.0,60.0,49.0,-44.0,48.0,79.0,-10.0,,,,
565,182014.0,46196.0,45578.0,50096.0,43998.0,182013.0,3.4152493476867676,182015.0,46467.52734375,,,,,,,,,182012.0,30.0,-5.0,1089.0,-535813119.0,63.0,54.0,-46.0,96.0,60.0,-49.0,,,,
566,182024.0,47414.0,48138.0,49330.0,41242.0,182023.0,3.409970760345459,182025.0,46531.18359375,,,,,,,,,182022.0,30.0,-6.0,1089.0,-535813119.0,64.0,52.0,-48.0,155.0,133.0,-57.0,,,,
567,182034.0,46368.0,47418.0,50702.0,41788.0,182033.0,3.409970760345459,182035.0,46569.17578125,,,,,,,,,182032.0,30.0,-4.0,1088.0,-536862719.0,67.0,55.0,-47.0,89.0,128.0,-1.0,,,,
568,182044.0,53197.0,46871.0,44571.0,41561.0,182043.0,3.4046921730041504,182045.0,46550.71484375,,,,,,,,,182042.0,31.0,-3.0,1088.0,-1073733631.0,69.0,55.0,-46.0,284.0,-33.0,63.0,,,,
569,182054.0,47633.0,46921.0,49981.0,43773.0,182053.0,3.4046921730041504,182055.0,47077.44140625,,,,,,,,,182052.0,32.0,-2.0,1084.0,-1072685055.0,71.0,56.0,-64.0,195.0,121.0,-71.0,,,,
570,182064.0,50085.0,48211.0,48125.0,42167.0,182063.0,3.4046921730041504,182065.0,47147.69140625,,,,,,,,,182062.0,32.0,-1.0,1084.0,-1071636479.0,72.0,56.0,-65.0,257.0,52.0,-8.0,,,,
571,182074.0,48107.0,46799.0,50481.0,43385.0,182073.0,3.399413585662842,182075.0,47193.73828125,,,,,,,,,182072.0,33.0,-2.0,1083.0,-1070588927.0,75.0,53.0,-64.0,222.0,60.0,4.0,,,,
572,182084.0,51591.0,47849.0,47535.0,41781.0,182083.0,3.399413585662842,182085.0,47189.34765625,,,,,,,,,182082.0,34.0,-2.0,1082.0,-1069540351.0,77.0,52.0,-61.0,187.0,-9.0,49.0,,,,
573,182094.0,48235.0,49183.0,50253.0,42897.0,182093.0,3.399413585662842,182095.0,47642.72265625,,,,,,,,,182092.0,37.0,-4.0,1079.0,-1068491775.0,83.0,46.0,-73.0,211.0,56.0,-78.0,,,,
574,182104.0,51402.0,44404.0,48790.0,45820.0,182103.0,3.399413585662842,182105.0,47604.3984375,,,,,,,,,182102.0,38.0,-4.0,1078.0,-1068491775.0,85.0,44.0,-72.0,38.0,93.0,57.0,,,,
575,182114.0,48635.0,47143.0,50733.0,43921.0,182113.0,3.394134998321533,182115.0,47608.640625,,,,,,,,,182112.0,38.0,-3.0,1078.0,-1067443199.0,87.0,43.0,-72.0,104.0,-3.0,-3.0,,,,
576,182124.0,49210.0,47800.0,49752.0,43758.0,182123.0,3.394134998321533,182125.0,47630.8203125,,,,,,,,,182122.0,36.0,4.0,1077.0,-1068491775.0,84.0,54.0,-72.0,-21.0,112.0,-16.0,,,,
577,182134.0,49093.0,46365.0,50019.0,45191.0,182133.0,3.394134998321533,182135.0,47667.79296875,,,,,,,,,182132.0,37.0,5.0,1082.0,-1068492799.0,84.0,54.0,-42.0,15.0,83.0,-26.0,,,,
578,182144.0,48852.0,45160.0,49026.0,43538.0,182143.0,3.394134998321533,182146.0,46644.17578125,,,,,,,,,182142.0,38.0,6.0,1081.0,-1068492799.0,87.0,52.0,-41.0,-11.0,8.0,49.0,,,,
579,182154.0,47502.0,46608.0,49916.0,42534.0,182153.0,3.394134998321533,182155.0,46640.3203125,,,,,,,,,182152.0,38.0,5.0,1081.0,-1068492799.0,88.0,49.0,-39.0,-26.0,57.0,-13.0,,,,
580,182164.0,46791.0,46293.0,50023.0,43241.0,182163.0,3.399413585662842,182165.0,46587.82421875,,,,,,,,,182162.0,40.0,6.0,1080.0,-1068492799.0,90.0,49.0,-38.0,64.0,23.0,-20.0,,,,
581,182174.0,49213.0,44265.0,48345.0,44401.0,182173.0,3.4046921730041504,182175.0,46556.1875,,,,,,,,,182172.0,40.0,7.0,1080.0,-1067445247.0,91.0,47.0,-35.0,37.0,88.0,0.0,,,,
582,182184.0,46337.0,46791.0,49805.0,42083.0,182183.0,3.4046921730041504,182185.0,46254.421875,,,,,,,,,182182.0,41.0,10.0,1081.0,-1067445247.0,93.0,49.0,-25.0,105.0,46.0,-15.0,,,,
583,182194.0,49013.0,44537.0,47615.0,43575.0,182193.0,3.409970760345459,182195.0,46185.08203125,,,,,,,,,182192.0,42.0,10.0,1081.0,-1067445247.0,94.0,48.0,-20.0,45.0,108.0,-8.0,,,,
584,182204.0,50002.0,45330.0,46470.0,42362.0,182203.0,3.409970760345459,182205.0,46041.578125,,,,,,,,,182202.0,44.0,14.0,1081.0,-1067445247.0,98.0,52.0,-16.0,166.0,32.0,20.0,,,,
585,182214.0,47082.0,45100.0,48944.0,42558.0,182213.0,3.409970760345459,182215.0,45921.99609375,,,,,,,,,182212.0,45.0,17.0,1080.0,-1066396671.0,98.0,54.0,-14.0,167.0,53.0,2.0,,,,
586,182224.0,46649.0,44777.0,48359.0,42055.0,182223.0,3.409970760345459,182226.0,45460.35546875,,,,,,,,,182222.0,46.0,18.0,1083.0,-1066397695.0,100.0,52.0,-3.0,195.0,88.0,-9.0,,,,
587,182234.0,48083.0,46579.0,47381.0,39757.0,182233.0,3.4152493476867676,182235.0,45450.234375,,,,,,,,,182232.0,46.0,15.0,1082.0,-1065349119.0,99.0,44.0,-2.0,144.0,67.0,17.0,,,,
588,182244.0,49300.0,46978.0,45616.0,39702.0,182243.0,3.4152493476867676,182245.0,45399.83203125,,,,,,,,,182242.0,48.0,15.0,1082.0,-1064300543.0,101.0,42.0,0.0,246.0,-35.0,44.0,,,,
589,182254.0,47032.0,45444.0,47526.0,41310.0,182253.0,3.420527935028076,182255.0,45328.015625,,,,,,,,,182252.0,49.0,15.0,1082.0,-1063251967.0,102.0,39.0,2.0,217.0,89.0,-37.0,,,,
590,182264.0,48811.0,43945.0,46267.0,41897.0,182263.0,3.420527935028076,182265.0,45230.01171875,,,,,,,,,182262.0,50.0,16.0,1082.0,-1063251967.0,103.0,37.0,0.0,146.0,74.0,25.0,,,,
591,182274.0,47652.0,43262.0,47476.0,42794.0,182273.0,3.420527935028076,182275.0,45296.41015625,,,,,,,,,182272.0,52.0,9.0,1082.0,-1062204415.0,106.0,23.0,1.0,60.0,30.0,24.0,,,,
592,182284.0,49376.0,46716.0,44722.0,40110.0,182283.0,3.420527935028076,182285.0,45231.48046875,,,,,,,,,182282.0,53.0,9.0,1082.0,-1062204415.0,108.0,19.0,2.0,113.0,-30.0,-28.0,,,,
593,182294.0,45972.0,42972.0,48394.0,43442.0,182293.0,3.420527935028076,182295.0,45195.25,,,,,,,,,182292.0,54.0,12.0,1082.0,-1062204415.0,108.0,20.0,1.0,-79.0,180.0,-20.0,,,,
594,182304.0,46694.0,43564.0,48266.0,42220.0,182303.0,3.420527935028076,182305.0,45186.54296875,,,,,,,,,182302.0,55.0,12.0,1082.0,-1062204415.0,109.0,17.0,0.0,-120.0,2.0,30.0,,,,
595,182314.0,46322.0,44346.0,48898.0,43406.0,182313.0,3.420527935028076,182315.0,45743.9375,,,,,,,,,182312.0,56.0,15.0,1079.0,-1063252991.0,110.0,19.0,-19.0,-163.0,27.0,-44.0,,,,
596,182324.0,44291.0,45399.0,50835.0,42759.0,182323.0,3.420527935028076,182325.0,45821.95703125,,,,,,,,,182322.0,58.0,16.0,1079.0,-1063252991.0,111.0,17.0,-20.0,-145.0,76.0,-36.0,,,,
597,182334.0,46536.0,43760.0,49752.0,43272.0,182333.0,3.4152493476867676,182335.0,45830.50390625,,,,,,,,,182332.0,59.0,16.0,1078.0,-1064302592.0,112.0,14.0,-22.0,-211.0,110.0,21.0,,,,
598,182344.0,42943.0,47019.0,52041.0,41437.0,182343.0,3.409970760345459,182345.0,45860.08984375,,,,,,,,,182342.0,59.0,16.0,1078.0,-1064302592.0,111.0,12.0,-22.0,-139.0,39.0,-34.0,,,,
599,182354.0,47621.0,45125.0,50053.0,44221.0,182353.0,3.409970760345459,182355.0,46755.859375,,,,,,,,,182352.0,61.0,17.0,1073.0,-1065351168.0,113.0,11.0,-47.0,-88.0,99.0,0.0,,,,
600,182364.0,49148.0,47944.0,47962.0,41850.0,182363.0,3.409970760345459,182365.0,46726.46875,,,,,,,,,182362.0,62.0,17.0,1072.0,-1065352192.0,114.0,9.0,-48.0,-29.0,82.0,-47.0,,,,
601,182374.0,48088.0,48278.0,48992.0,41730.0,182373.0,3.4046921730041504,182375.0,46772.28515625,,,,,,,,,182372.0,62.0,19.0,1072.0,-1065352192.0,112.0,9.0,-50.0,-15.0,74.0,-16.0,,,,
602,182384.0,49364.0,44004.0,48918.0,44934.0,182383.0,3.4046921730041504,182385.0,46805.8125,,,,,,,,,182382.0,63.0,19.0,1071.0,-1065352192.0,112.0,7.0,-50.0,55.0,96.0,6.0,,,,
603,182394.0,52219.0,47241.0,45737.0,42103.0,182393.0,3.399413585662842,182395.0,46825.296875,,,,,,,,,182392.0,64.0,19.0,1071.0,-1065353216.0,113.0,4.0,-48.0,83.0,20.0,24.0,,,,
604,182404.0,48775.0,46909.0,48447.0,42953.0,182403.0,3.399413585662842,182405.0,46771.84765625,,,,,,,,,182402.0,66.0,19.0,1071.0,-1065353216.0,114.0,3.0,-49.0,150.0,-34.0,-4.0,,,,
605,182414.0,48947.0,46047.0,48783.0,43435.0,182413.0,3.399413585662842,182415.0,46803.84765625,,,,,,,,,182412.0,67.0,22.0,1070.0,-1064304640.0,113.0,5.0,-51.0,103.0,69.0,-16.0,,,,
606,182424.0,50632.0,46374.0,47402.0,43096.0,182423.0,3.399413585662842,182425.0,46876.80859375,,,,,,,,,182422.0,67.0,22.0,1070.0,-1064304640.0,112.0,3.0,-51.0,82.0,38.0,12.0,,,,
607,182434.0,50455.0,46447.0,47661.0,42941.0,182433.0,3.399413585662842,182435.0,46876.9453125,,,,,,,,,182432.0,70.0,22.0,1069.0,-1064304640.0,115.0,0.0,-47.0,19.0,-6.0,39.0,,,,
608,182444.0,45755.0,46179.0,50697.0,43165.0,182443.0,3.399413585662842,182445.0,46449.69140625,,,,,,,,,182442.0,71.0,22.0,1071.0,-1064304640.0,115.0,-1.0,-35.0,52.0,34.0,-37.0,,,,
609,182454.0,47059.0,45255.0,50723.0,42523.0,182453.0,3.399413585662842,182455.0,46390.53125,,,,,,,,,182452.0,72.0,22.0,1070.0,-1063256064.0,115.0,-4.0,-34.0,-37.0,54.0,48.0,,,,
610,182464.0,46398.0,45272.0,50598.0,43196.0,182463.0,3.4046921730041504,182465.0,46366.0390625,,,,,,,,,182462.0,71.0,24.0,1070.0,-1063780352.0,111.0,-3.0,-33.0,-71.0,-45.0,5.0,,,,
611,182474.0,51919.0,44879.0,45159.0,43395.0,182473.0,3.4046921730041504,182475.0,46338.3984375,,,,,,,,,182472.0,72.0,24.0,1070.0,-1063780352.0,111.0,-6.0,-30.0,-116.0,62.0,42.0,,,,
612,182484.0,43707.0,45831.0,52041.0,42465.0,182483.0,3.4046921730041504,182485.0,46011.546875,,,,,,,,,182482.0,73.0,24.0,1071.0,-1063780352.0,111.0,-8.0,-22.0,-102.0,78.0,-50.0,,,,
613,182494.0,49545.0,41881.0,47215.0,45339.0,182493.0,3.409970760345459,182495.0,45995.0390625,,,,,,,,,182492.0,70.0,30.0,1070.0,-1064827904.0,104.0,0.0,-21.0,-190.0,20.0,67.0,,,,
614,182504.0,44269.0,46161.0,50943.0,42383.0,182503.0,3.409970760345459,182505.0,45939.4140625,,,,,,,,,182502.0,71.0,29.0,1070.0,-1064827904.0,104.0,-4.0,-19.0,-60.0,47.0,-90.0,,,,
615,182514.0,50781.0,46233.0,45653.0,40829.0,182513.0,3.409970760345459,182515.0,45874.69140625,,,,,,,,,182512.0,71.0,31.0,1070.0,-1065876480.0,102.0,-4.0,-17.0,-109.0,43.0,36.0,,,,
616,182524.0,45924.0,45382.0,49464.0,42546.0,182523.0,3.409970760345459,182525.0,45829.0,,,,,,,,,182522.0,71.0,28.0,1068.0,-1065876480.0,101.0,-9.0,-25.0,81.0,-63.0,-7.0,,,,
617,182534.0,47925.0,45883.0,48241.0,42255.0,182533.0,3.409970760345459,182535.0,46076.05078125,,,,,,,,,182532.0,73.0,30.0,1068.0,-1065876480.0,102.0,-8.0,-27.0,53.0,-4.0,-2.0,,,,
618,182544.0,48265.0,45171.0,48243.0,42813.0,182543.0,3.409970760345459,182545.0,46123.7578125,,,,,,,,,182542.0,74.0,30.0,1068.0,-1065876480.0,102.0,-10.0,-27.0,31.0,-48.0,33.0,,,,
619,182554.0,50862.0,43342.0,46718.0,43538.0,182553.0,3.409970760345459,182555.0,46115.6875,,,,,,,,,182552.0,75.0,30.0,1068.0,-1064827904.0,102.0,-12.0,-26.0,96.0,-82.0,59.0,,,,
620,182564.0,45716.0,48912.0,49850.0,39814.0,182563.0,3.4046921730041504,182565.0,46073.90625,,,,,,,,,182562.0,80.0,29.0,1067.0,-1064828928.0,107.0,-16.0,-23.0,119.0,-92.0,-49.0,,,,
621,182574.0,49361.0,45963.0,46701.0,41411.0,182573.0,3.4046921730041504,182575.0,45859.32421875,,,,,,,,,182572.0,81.0,29.0,1068.0,-1065353216.0,106.0,-17.0,-18.0,65.0,-53.0,25.0,,,,
622,182584.0,48323.0,44749.0,47607.0,42537.0,182583.0,3.409970760345459,182585.0,45804.41796875,,,,,,,,,182582.0,83.0,28.0,1068.0,-1064304640.0,108.0,-20.0,-18.0,130.0,-141.0,19.0,,,,
623,182594.0,46755.0,45545.0,49309.0,41603.0,182593.0,3.409970760345459,182595.0,45803.84375,,,,,,,,,182592.0,84.0,28.0,1068.0,-1064303616.0,108.0,-23.0,-18.0,7.0,-37.0,15.0,,,,
624,182604.0,48299.0,45899.0,47107.0,41847.0,182603.0,3.409970760345459,182605.0,45788.76171875,,,,,,,,,182602.0,81.0,26.0,1067.0,-1064303616.0,102.0,-27.0,-18.0,74.0,-116.0,-6.0,,,,
625,182614.0,46262.0,44464.0,50588.0,43466.0,182613.0,3.409970760345459,182615.0,46195.2265625,,,,,,,,,182612.0,83.0,27.0,1065.0,-1064303616.0,104.0,-28.0,-31.0,-139.0,77.0,-16.0,,,,
626,182624.0,47776.0,45612.0,48918.0,42526.0,182623.0,3.409970760345459,182625.0,46208.08984375,,,,,,,,,182622.0,84.0,27.0,1064.0,-1064303616.0,104.0,-31.0,-33.0,-105.0,-82.0,38.0,,,,
627,182634.0,47323.0,44741.0,49197.0,43707.0,182633.0,3.409970760345459,182635.0,46242.4921875,,,,,,,,,182632.0,85.0,27.0,1064.0,-1065352192.0,104.0,-33.0,-34.0,-161.0,46.0,-21.0,,,,
628,182644.0,47641.0,46821.0,49063.0,41555.0,182643.0,3.4046921730041504,182645.0,46270.4140625,,,,,,,,,182642.0,86.0,26.0,1064.0,-1065352192.0,104.0,-35.0,-34.0,-147.0,42.0,-12.0,,,,
629,182654.0,47647.0,42813.0,48279.0,45361.0,182653.0,3.4046921730041504,182655.0,46025.92578125,,,,,,,,,182652.0,87.0,26.0,1065.0,-1066400768.0,105.0,-37.0,-27.0,-256.0,45.0,-27.0,,,,
630,182664.0,44693.0,41981.0,51025.0,46369.0,182663.0,3.4046921730041504,182665.0,46017.01953125,,,,,,,,,182662.0,89.0,61.0,1064.0,-1068497920.0,106.0,14.0,-25.0,-196.0,91.0,-38.0,,,,
631,182674.0,46970.0,43716.0,49338.0,43868.0,182673.0,3.4046921730041504,182675.0,45973.3203125,,,,,,,,,182672.0,89.0,60.0,1064.0,-1069547520.0,105.0,11.0,-23.0,-102.0,-12.0,19.0,,,,
632,182684.0,45608.0,44040.0,50052.0,43912.0,182683.0,3.4046921730041504,182685.0,45903.37890625,,,,,,,,,182682.0,90.0,59.0,1064.0,-1069547520.0,104.0,8.0,-21.0,1.0,-3.0,-22.0,,,,
633,182694.0,47470.0,45594.0,47582.0,42730.0,182693.0,3.4046921730041504,182695.0,45844.578125,,,,,,,,,182692.0,93.0,62.0,1064.0,-1069546496.0,107.0,10.0,-21.0,126.0,33.0,-60.0,,,,
634,182704.0,47160.0,44812.0,47882.0,41454.0,182703.0,3.409970760345459,182705.0,45327.90625,,,,,,,,,182702.0,94.0,61.0,1066.0,-1068498944.0,108.0,9.0,-6.0,207.0,18.0,14.0,,,,
635,182714.0,48262.0,44644.0,46480.0,41766.0,182713.0,3.409970760345459,182715.0,45288.80859375,,,,,,,,,182712.0,93.0,58.0,1066.0,-1067450368.0,104.0,3.0,-6.0,368.0,-61.0,3.0,,,,
636,182724.0,50995.0,47647.0,43895.0,38571.0,182723.0,3.4152493476867676,182725.0,45277.17578125,,,,,,,,,182722.0,94.0,54.0,1066.0,-1065352192.0,104.0,-5.0,-6.0,481.0,-51.0,1.0,,,,
637,182734.0,48157.0,48569.0,45837.0,38429.0,182733.0,3.4152493476867676,182735.0,45248.54296875,,,,,,,,,182732.0,95.0,53.0,1066.0,-1064303616.0,104.0,-8.0,-7.0,522.0,-79.0,-49.0,,,,
638,182744.0,49889.0,43757.0,44625.0,42745.0,182743.0,3.4152493476867676,182745.0,45254.9296875,,,,,,,,,182742.0,96.0,53.0,1066.0,-1062205952.0,106.0,-10.0,-8.0,427.0,-59.0,0.0,,,,
639,182754.0,47524.0,47480.0,46488.0,39496.0,182753.0,3.4152493476867676,182755.0,45247.046875,,,,,,,,,182752.0,99.0,57.0,1066.0,-1060108800.0,108.0,-7.0,-9.0,416.0,1.0,-71.0,,,,
640,182764.0,44504.0,44288.0,50102.0,42082.0,182763.0,3.4152493476867676,182765.0,45244.5234375,,,,,,,,,182762.0,100.0,57.0,1066.0,-1059060224.0,108.0,-11.0,-10.0,246.0,-9.0,14.0,,,,
641,182774.0,49252.0,43728.0,45476.0,42532.0,182773.0,3.4152493476867676,182775.0,45247.50390625,,,,,,,,,182772.0,99.0,60.0,1066.0,-1058011648.0,105.0,-10.0,-13.0,190.0,-39.0,18.0,,,,
642,182784.0,45415.0,44115.0,49083.0,42583.0,182783.0,3.4152493476867676,182785.0,45299.3671875,,,,,,,,,182782.0,100.0,60.0,1066.0,-1058011648.0,106.0,-13.0,-16.0,5.0,43.0,-28.0,,,,
643,182794.0,45794.0,42718.0,49154.0,43790.0,182793.0,3.4152493476867676,182795.0,45364.04296875,,,,,,,,,182792.0,103.0,62.0,1065.0,-1058011648.0,109.0,-13.0,-19.0,-48.0,-19.0,20.0,,,,
644,182804.0,46712.0,41286.0,48656.0,44982.0,182803.0,3.4152493476867676,182805.0,45409.6640625,,,,,,,,,182802.0,103.0,64.0,1065.0,-1058011648.0,108.0,-14.0,-20.0,-160.0,19.0,39.0,,,,
645,182814.0,42265.0,44375.0,52157.0,42839.0,182813.0,3.4152493476867676,182815.0,45409.94140625,,,,,,,,,182812.0,104.0,59.0,1065.0,-1059060224.0,108.0,-26.0,-23.0,-182.0,35.0,-45.0,,,,
646,182824.0,44692.0,43876.0,50576.0,42768.0,182823.0,3.409970760345459,182825.0,45478.125,,,,,,,,,182822.0,105.0,59.0,1062.0,-1060108800.0,109.0,-29.0,-38.0,-206.0,61.0,-3.0,,,,
647,182834.0,48390.0,44232.0,48260.0,42874.0,182833.0,3.4152493476867676,182835.0,45939.7890625,,,,,,,,,182832.0,107.0,62.0,1062.0,-1060108800.0,110.0,-28.0,-41.0,-136.0,2.0,49.0,,,,
648,182844.0,46390.0,45058.0,49712.0,42956.0,182843.0,3.409970760345459,182845.0,46029.52734375,,,,,,,,,182842.0,108.0,61.0,1062.0,-1061157888.0,110.0,-31.0,-44.0,-30.0,-115.0,7.0,,,,
649,182854.0,48902.0,45916.0,47210.0,42344.0,182853.0,3.409970760345459,182855.0,46093.078125,,,,,,,,,182852.0,109.0,61.0,1061.0,-1061157888.0,111.0,-34.0,-46.0,0.0,-13.0,-36.0,,,,
650,182864.0,47595.0,44337.0,49475.0,43229.0,182863.0,3.409970760345459,182865.0,46159.15625,,,,,,,,,182862.0,110.0,61.0,1061.0,-1061157376.0,111.0,-38.0,-48.0,70.0,-12.0,32.0,,,,
651,182874.0,48430.0,47012.0,48758.0,41936.0,182873.0,3.4046921730041504,182875.0,46534.53125,,,,,,,,,182872.0,110.0,58.0,1058.0,-1060109312.0,110.0,-44.0,-59.0,86.0,-14.0,-2.0,,,,
652,182884.0,50735.0,45497.0,47071.0,43001.0,182883.0,3.4046921730041504,182885.0,46576.3359375,,,,,,,,,182882.0,111.0,60.0,1058.0,-1060109312.0,109.0,-44.0,-60.0,121.0,-56.0,54.0,,,,
653,182894.0,48746.0,47346.0,48556.0,41856.0,182893.0,3.399413585662842,182895.0,46626.5234375,,,,,,,,,182892.0,112.0,56.0,1057.0,-1060109312.0,109.0,-52.0,-62.0,188.0,-38.0,-23.0,,,,
654,182904.0,49880.0,45776.0,47244.0,43740.0,182903.0,3.399413585662842,182905.0,46660.40234375,,,,,,,,,182902.0,113.0,56.0,1056.0,-1059060736.0,110.0,-56.0,-62.0,26.0,-38.0,1.0,,,,
655,182914.0,47263.0,47003.0,50647.0,42615.0,182913.0,3.399413585662842,182915.0,46882.16015625,,,,,,,,,182912.0,116.0,60.0,1055.0,-1059059712.0,112.0,-52.0,-68.0,46.0,37.0,-38.0,,,,
656,182924.0,48869.0,45559.0,49605.0,43623.0,182923.0,3.399413585662842,182925.0,46914.046875,,,,,,,,,182922.0,116.0,61.0,1054.0,-1059060224.0,112.0,-54.0,-69.0,-51.0,25.0,17.0,,,,
657,182934.0,48587.0,46769.0,49269.0,43103.0,182933.0,3.399413585662842,182935.0,46932.546875,,,,,,,,,182932.0,117.0,60.0,1053.0,-1059060736.0,112.0,-58.0,-68.0,55.0,-53.0,4.0,,,,
658,182944.0,47808.0,50242.0,49930.0,39820.0,182943.0,3.394134998321533,182945.0,46950.1328125,,,,,,,,,182942.0,117.0,56.0,1053.0,-1059059712.0,110.0,-68.0,-67.0,-78.0,30.0,-17.0,,,,
659,182954.0,44610.0,44508.0,54572.0,45354.0,182953.0,3.394134998321533,182955.0,47261.98828125,,,,,,,,,182952.0,118.0,57.0,1050.0,-1059060736.0,111.0,-69.0,-77.0,-103.0,22.0,48.0,,,,
660,182964.0,54033.0,45985.0,45847.0,43299.0,182963.0,3.399413585662842,182965.0,47291.98828125,,,,,,,,,182962.0,120.0,55.0,1049.0,-1060109312.0,112.0,-74.0,-75.0,-138.0,48.0,68.0,,,,
661,182974.0,45362.0,48176.0,52658.0,42856.0,182973.0,3.394134998321533,182975.0,47263.546875,,,,,,,,,182972.0,121.0,54.0,1049.0,-1060109312.0,112.0,-77.0,-74.0,-97.0,-9.0,-46.0,,,,
662,182984.0,48914.0,43668.0,50844.0,45586.0,182983.0,3.394134998321533,182985.0,47253.76953125,,,,,,,,,182982.0,123.0,58.0,1048.0,-1061157888.0,114.0,-74.0,-74.0,-155.0,76.0,61.0,,,,
663,182994.0,47944.0,44404.0,51098.0,45662.0,182993.0,3.394134998321533,182995.0,47277.62109375,,,,,,,,,182992.0,124.0,57.0,1047.0,-1061157888.0,114.0,-77.0,-72.0,-112.0,54.0,35.0,,,,
664,183004.0,50475.0,44789.0,48065.0,42815.0,183003.0,3.394134998321533,183005.0,46536.7265625,,,,,,,,,183002.0,127.0,56.0,1050.0,-1062206464.0,117.0,-81.0,-49.0,-147.0,4.0,60.0,,,,
665,183014.0,46014.0,46344.0,50706.0,42968.0,183013.0,3.394134998321533,183015.0,46508.9609375,,,,,,,,,183012.0,128.0,56.0,1050.0,-1062206463.0,118.0,-84.0,-48.0,-23.0,-5.0,-31.0,,,,
666,183024.0,46700.0,43526.0,51372.0,44306.0,183023.0,3.399413585662842,183025.0,46476.79296875,,,,,,,,,183022.0,126.0,56.0,1049.0,-1063255039.0,113.0,-85.0,-47.0,-201.0,75.0,32.0,,,,
667,183034.0,46303.0,47363.0,50383.0,41663.0,183033.0,3.399413585662842,183035.0,46428.33984375,,,,,,,,,183032.0,130.0,56.0,1049.0,-1063255039.0,117.0,-87.0,-45.0,-66.0,-50.0,-16.0,,,,
668,183044.0,46363.0,44399.0,52213.0,44533.0,183043.0,3.399413585662842,183045.0,46877.6640625,,,,,,,,,183042.0,131.0,51.0,1046.0,-1063256063.0,116.0,-96.0,-55.0,-174.0,92.0,0.0,,,,
669,183054.0,50224.0,46802.0,47902.0,42156.0,183053.0,3.4046921730041504,183055.0,46771.33984375,,,,,,,,,183052.0,131.0,50.0,1045.0,-1064304639.0,115.0,-98.0,-51.0,-40.0,-111.0,41.0,,,,
670,183064.0,48119.0,44917.0,49687.0,44073.0,183063.0,3.399413585662842,183065.0,46699.375,,,,,,,,,183062.0,132.0,49.0,1045.0,-1064304639.0,115.0,-100.0,-47.0,-180.0,59.0,-7.0,,,,
671,183074.0,46968.0,44072.0,51026.0,44346.0,183073.0,3.399413585662842,183075.0,46603.18359375,,,,,,,,,183072.0,132.0,55.0,1044.0,-1065353215.0,114.0,-93.0,-45.0,-116.0,24.0,25.0,,,,
672,183084.0,50250.0,44924.0,48780.0,42550.0,183083.0,3.399413585662842,183085.0,46626.75390625,,,,,,,,,183082.0,133.0,54.0,1043.0,-1066401791.0,114.0,-96.0,-47.0,-174.0,-8.0,85.0,,,,
673,183094.0,48079.0,45585.0,49651.0,43185.0,183093.0,3.399413585662842,183095.0,46625.80859375,,,,,,,,,183092.0,135.0,53.0,1043.0,-1066401791.0,114.0,-98.0,-46.0,-44.0,-147.0,17.0,,,,
674,183104.0,49393.0,45093.0,48411.0,43443.0,183103.0,3.399413585662842,183105.0,46585.08984375,,,,,,,,,183102.0,140.0,61.0,1043.0,-1067449343.0,121.0,-87.0,-45.0,-137.0,-2.0,-17.0,,,,
675,183114.0,48836.0,43758.0,48978.0,44756.0,183113.0,3.399413585662842,183115.0,46582.20703125,,,,,,,,,183112.0,142.0,60.0,1042.0,-1067449343.0,122.0,-89.0,-46.0,-95.0,-31.0,38.0,,,,
676,183124.0,46185.0,44661.0,51911.0,43651.0,183123.0,3.399413585662842,183125.0,46602.17578125,,,,,,,,,183122.0,142.0,60.0,1046.0,-1067449343.0,120.0,-89.0,-23.0,-121.0,10.0,-8.0,,,,
677,183134.0,51147.0,45071.0,45259.0,41767.0,183133.0,3.399413585662842,183135.0,45811.98828125,,,,,,,,,183132.0,145.0,59.0,1046.0,-1068497919.0,123.0,-91.0,-22.0,2.0,-91.0,45.0,,,,
678,183144.0,45323.0,44991.0,50711.0,42143.0,183143.0,3.399413585662842,183145.0,45792.91796875,,,,,,,,,183142.0,146.0,58.0,1045.0,-1068497919.0,123.0,-92.0,-22.0,3.0,43.0,-22.0,,,,
679,183154.0,47716.0,46284.0,48166.0,40890.0,183153.0,3.409970760345459,183155.0,45764.47265625,,,,,,,,,183152.0,143.0,57.0,1045.0,-1068497919.0,117.0,-93.0,-21.0,24.0,6.0,6.0,,,,
680,183164.0,44655.0,44777.0,51231.0,42253.0,183163.0,3.409970760345459,183165.0,45729.61328125,,,,,,,,,183162.0,144.0,52.0,1045.0,-1068497919.0,118.0,-100.0,-20.0,-10.0,81.0,-3.0,,,,
681,183174.0,52005.0,45303.0,46075.0,41725.0,183173.0,3.409970760345459,183175.0,46277.73046875,,,,,,,,,183172.0,146.0,51.0,1041.0,-1068498943.0,118.0,-101.0,-35.0,-23.0,52.0,71.0,,,,
682,183184.0,44325.0,44367.0,51787.0,44321.0,183183.0,3.409970760345459,183185.0,46200.84765625,,,,,,,,,183182.0,147.0,52.0,1041.0,-1068498943.0,119.0,-101.0,-34.0,55.0,8.0,-57.0,,,,
683,183194.0,49499.0,45617.0,47189.0,42403.0,183193.0,3.4046921730041504,183195.0,46177.87890625,,,,,,,,,183192.0,148.0,49.0,1041.0,-1068498943.0,118.0,-105.0,-31.0,0.0,39.0,-23.0,,,,
684,183204.0,49305.0,44943.0,47593.0,42591.0,183203.0,3.4046921730041504,183205.0,46108.02734375,,,,,,,,,183202.0,148.0,50.0,1040.0,-1068498943.0,117.0,-104.0,-31.0,-45.0,56.0,0.0,,,,
685,183214.0,48656.0,45734.0,47738.0,42036.0,183213.0,3.4046921730041504,183215.0,46041.93359375,,,,,,,,,183212.0,150.0,49.0,1040.0,-1068498943.0,118.0,-104.0,-29.0,-89.0,-33.0,-3.0,,,,
686,183224.0,47612.0,45418.0,48642.0,42356.0,183223.0,3.4046921730041504,183225.0,46007.52734375,,,,,,,,,183222.0,151.0,46.0,1040.0,-1068498943.0,117.0,-108.0,-28.0,-24.0,24.0,-38.0,,,,
687,183234.0,48493.0,43787.0,48201.0,43391.0,183233.0,3.4046921730041504,183235.0,45968.25,,,,,,,,,183232.0,152.0,46.0,1040.0,-1067974655.0,118.0,-108.0,-27.0,-160.0,7.0,6.0,,,,
688,183244.0,43482.0,44118.0,52556.0,43672.0,183243.0,3.4046921730041504,183245.0,45957.828125,,,,,,,,,183242.0,156.0,45.0,1040.0,-1069547519.0,121.0,-109.0,-27.0,-180.0,-6.0,-28.0,,,,
689,183254.0,48957.0,43973.0,47725.0,43149.0,183253.0,3.4046921730041504,183255.0,45951.33203125,,,,,,,,,183252.0,156.0,45.0,1039.0,-1069023231.0,120.0,-109.0,-29.0,-234.0,48.0,-7.0,,,,
690,183264.0,44447.0,44345.0,51653.0,43563.0,183263.0,3.4046921730041504,183265.0,46002.66796875,,,,,,,,,183262.0,156.0,50.0,1039.0,-1070071807.0,119.0,-102.0,-30.0,-112.0,-13.0,-28.0,,,,
691,183274.0,48044.0,45162.0,48212.0,42610.0,183273.0,3.4046921730041504,183275.0,46007.90234375,,,,,,,,,183272.0,157.0,45.0,1038.0,-1071120383.0,117.0,-108.0,-30.0,-192.0,-51.0,8.0,,,,
692,183284.0,47715.0,44645.0,49037.0,42491.0,183283.0,3.4046921730041504,183285.0,45972.95703125,,,,,,,,,183282.0,158.0,40.0,1038.0,-1071120383.0,117.0,-114.0,-29.0,-137.0,21.0,18.0,,,,
693,183294.0,50672.0,43986.0,46964.0,42410.0,183293.0,3.4046921730041504,183295.0,46008.7109375,,,,,,,,,183292.0,159.0,41.0,1038.0,-1072168959.0,118.0,-112.0,-30.0,-115.0,-35.0,71.0,,,,
694,183304.0,44822.0,45694.0,50770.0,41270.0,183303.0,3.4046921730041504,183305.0,45639.1015625,,,,,,,,,183302.0,161.0,40.0,1039.0,-1072693247.0,118.0,-112.0,-20.0,-10.0,-40.0,-32.0,,,,
695,183314.0,48074.0,43000.0,47966.0,43380.0,183313.0,3.4046921730041504,183315.0,45605.7109375,,,,,,,,,183312.0,162.0,42.0,1039.0,-1072693247.0,117.0,-107.0,-19.0,-64.0,-31.0,-11.0,,,,
696,183324.0,47952.0,43700.0,47836.0,42780.0,183323.0,3.409970760345459,183325.0,45567.703125,,,,,,,,,183322.0,163.0,41.0,1039.0,-1073741823.0,117.0,-107.0,-19.0,-40.0,-29.0,40.0,,,,
697,183334.0,47471.0,44489.0,48905.0,41395.0,183333.0,3.409970760345459,183335.0,45565.5859375,,,,,,,,,183332.0,164.0,40.0,1039.0,-1073741823.0,117.0,-107.0,-19.0,-116.0,0.0,18.0,,,,
698,183344.0,47124.0,45516.0,48168.0,41092.0,183343.0,3.409970760345459,183345.0,45475.24609375,,,,,,,,,183342.0,165.0,39.0,1039.0,-536870911.0,118.0,-107.0,-19.0,44.0,-117.0,-4.0,,,,
699,183354.0,45266.0,43114.0,50452.0,43216.0,183353.0,3.409970760345459,183355.0,45512.95703125,,,,,,,,,183352.0,166.0,38.0,1039.0,-536869887.0,118.0,-107.0,-19.0,-132.0,20.0,-18.0,,,,
700,183364.0,44901.0,44557.0,50635.0,41915.0,183363.0,3.409970760345459,183365.0,45502.20703125,,,,,,,,,183362.0,149.0,70.0,1038.0,-534249471.0,92.0,-61.0,-19.0,-101.0,-57.0,0.0,,,,
701,183374.0,44137.0,42689.0,51577.0,43581.0,183373.0,3.409970760345459,183375.0,45496.359375,,,,,,,,,183372.0,150.0,70.0,1038.0,-534773759.0,92.0,-61.0,-20.0,-122.0,72.0,-5.0,,,,
702,183384.0,47779.0,42197.0,48873.0,44419.0,183383.0,3.409970760345459,183385.0,45817.2109375,,,,,,,,,183382.0,151.0,66.0,1036.0,-534249471.0,92.0,-65.0,-30.0,-14.0,-124.0,46.0,,,,
703,183394.0,46252.0,45520.0,50054.0,41726.0,183393.0,3.409970760345459,183395.0,45888.703125,,,,,,,,,183392.0,152.0,65.0,1036.0,-534773759.0,92.0,-64.0,-33.0,69.0,-65.0,-22.0,,,,
704,183404.0,49212.0,44388.0,47302.0,42502.0,183403.0,3.409970760345459,183405.0,45851.6015625,,,,,,,,,183402.0,155.0,63.0,1036.0,-534772735.0,95.0,-66.0,-34.0,216.0,-161.0,-1.0,,,,
705,183414.0,49941.0,43835.0,47035.0,42885.0,183413.0,3.4046921730041504,183415.0,45924.26171875,,,,,,,,,183412.0,156.0,62.0,1035.0,-535821311.0,96.0,-65.0,-35.0,233.0,-157.0,39.0,,,,
706,183424.0,50233.0,46253.0,46661.0,40401.0,183423.0,3.409970760345459,183425.0,45887.515625,,,,,,,,,183422.0,158.0,61.0,1035.0,-536868862.0,97.0,-65.0,-37.0,316.0,-252.0,17.0,,,,
707,183434.0,51434.0,45758.0,46570.0,42270.0,183433.0,3.4046921730041504,183435.0,46508.29296875,,,,,,,,,183432.0,159.0,61.0,1031.0,-1072690174.0,97.0,-65.0,-56.0,382.0,-275.0,26.0,,,,
708,183444.0,50774.0,46436.0,46986.0,42088.0,183443.0,3.4046921730041504,183445.0,46571.09375,,,,,,,,,183442.0,165.0,54.0,1031.0,-1070591998.0,105.0,-74.0,-59.0,374.0,-253.0,-36.0,,,,
709,183454.0,49900.0,48298.0,47472.0,40870.0,183453.0,3.399413585662842,183455.0,46635.98046875,,,,,,,,,183452.0,164.0,51.0,1030.0,-1069542398.0,104.0,-77.0,-60.0,236.0,-189.0,-52.0,,,,
710,183464.0,47862.0,43760.0,50914.0,44264.0,183463.0,3.399413585662842,183465.0,46700.76953125,,,,,,,,,183462.0,165.0,51.0,1030.0,-1068492799.0,105.0,-78.0,-59.0,144.0,-83.0,48.0,,,,
711,183474.0,54454.0,45396.0,42628.0,40514.0,183473.0,3.399413585662842,183475.0,45748.66015625,,,,,,,,,183472.0,166.0,49.0,1034.0,-1068492798.0,107.0,-80.0,-32.0,87.0,-124.0,65.0,,,,
712,183484.0,45202.0,44408.0,50664.0,42758.0,183483.0,3.399413585662842,183485.0,45758.02734375,,,,,,,,,183482.0,167.0,49.0,1034.0,-1067444222.0,109.0,-82.0,-33.0,6.0,-98.0,-35.0,,,,
713,183494.0,44919.0,44459.0,51939.0,41671.0,183493.0,3.4046921730041504,183495.0,45747.82421875,,,,,,,,,183492.0,169.0,48.0,1033.0,-1067443198.0,111.0,-83.0,-34.0,-47.0,5.0,61.0,,,,
714,183504.0,47336.0,42568.0,49928.0,43232.0,183503.0,3.4046921730041504,183505.0,45766.4765625,,,,,,,,,183502.0,170.0,47.0,1033.0,-1068491774.0,113.0,-85.0,-36.0,-167.0,37.0,50.0,,,,
715,183514.0,42992.0,45784.0,54450.0,42850.0,183513.0,3.4046921730041504,183515.0,46519.828125,,,,,,,,,183512.0,171.0,46.0,1029.0,-1068491774.0,114.0,-86.0,-57.0,-154.0,-18.0,-17.0,,,,
716,183524.0,39826.0,42316.0,58166.0,45836.0,183523.0,3.4046921730041504,183525.0,46536.4609375,,,,,,,,,183522.0,133.0,114.0,1028.0,-1071639550.0,63.0,6.0,-56.0,-209.0,131.0,-16.0,,,,
717,183534.0,41593.0,43209.0,56799.0,44419.0,183533.0,3.399413585662842,183535.0,46505.9296875,,,,,,,,,183532.0,134.0,114.0,1028.0,-1072688126.0,64.0,6.0,-54.0,-158.0,79.0,47.0,,,,
718,183544.0,42855.0,44291.0,55093.0,43653.0,183543.0,3.399413585662842,183545.0,46473.68359375,,,,,,,,,183542.0,136.0,114.0,1027.0,-1072689150.0,68.0,5.0,-55.0,-48.0,-11.0,8.0,,,,
719,183554.0,46674.0,45564.0,51334.0,42396.0,183553.0,3.399413585662842,183555.0,46492.42578125,,,,,,,,,183552.0,136.0,112.0,1023.0,-1072688126.0,68.0,3.0,-73.0,250.0,-119.0,8.0,,,,
720,183564.0,51520.0,46812.0,47426.0,42690.0,183563.0,3.399413585662842,183565.0,47112.02734375,,,,,,,,,183562.0,138.0,112.0,1023.0,-1071639550.0,70.0,2.0,-72.0,410.0,-264.0,-21.0,,,,
721,183574.0,49370.0,47686.0,48816.0,42484.0,183573.0,3.394134998321533,183575.0,47089.18359375,,,,,,,,,183572.0,140.0,110.0,1022.0,-1069541374.0,74.0,0.0,-74.0,673.0,-326.0,-49.0,,,,
722,183584.0,53584.0,46002.0,46096.0,43002.0,183583.0,3.394134998321533,183585.0,47171.5546875,,,,,,,,,183582.0,142.0,107.0,1021.0,-1066394622.0,77.0,-5.0,-73.0,743.0,-364.0,26.0,,,,
723,183594.0,54577.0,49109.0,44083.0,40859.0,183593.0,3.394134998321533,183595.0,47157.0859375,,,,,,,,,183592.0,144.0,106.0,1020.0,-1064295422.0,81.0,-8.0,-71.0,914.0,-558.0,6.0,,,,
724,183604.0,51060.0,45262.0,46512.0,42578.0,183603.0,3.394134998321533,183605.0,46353.9296875,,,,,,,,,183602.0,146.0,107.0,1024.0,-1060099070.0,85.0,-10.0,-50.0,903.0,-461.0,-26.0,,,,
725,183614.0,56826.0,47614.0,41184.0,39988.0,183613.0,3.394134998321533,183615.0,46403.125,,,,,,,,,183612.0,146.0,103.0,1023.0,-1056951294.0,88.0,-19.0,-49.0,884.0,-578.0,46.0,,,,
726,183624.0,52897.0,48327.0,44831.0,39477.0,183623.0,3.399413585662842,183625.0,46383.15234375,,,,,,,,,183622.0,148.0,99.0,1023.0,-1053803518.0,92.0,-28.0,-49.0,721.0,-421.0,-17.0,,,,
727,183634.0,46146.0,44100.0,51546.0,43804.0,183633.0,3.399413585662842,183635.0,46399.94921875,,,,,,,,,183632.0,149.0,100.0,1022.0,-1050656766.0,97.0,-31.0,-47.0,585.0,-317.0,-18.0,,,,
728,183644.0,51667.0,43991.0,45801.0,41729.0,183643.0,3.399413585662842,183645.0,45797.62109375,,,,,,,,,183642.0,150.0,101.0,1025.0,-1049607166.0,101.0,-37.0,-30.0,206.0,-179.0,44.0,,,,
729,183654.0,41091.0,45631.0,54763.0,41487.0,183653.0,3.399413585662842,183655.0,45743.5078125,,,,,,,,,183652.0,152.0,100.0,1025.0,-1048557566.0,107.0,-43.0,-30.0,166.0,-209.0,-14.0,,,,
730,183664.0,46830.0,42232.0,50748.0,43210.0,183663.0,3.4046921730041504,183665.0,45755.10546875,,,,,,,,,183662.0,153.0,99.0,1024.0,-1048557566.0,112.0,-51.0,-29.0,-107.0,6.0,67.0,,,,
731,183674.0,43538.0,44360.0,53060.0,41858.0,183673.0,3.4046921730041504,183675.0,45704.58203125,,,,,,,,,183672.0,154.0,98.0,1024.0,-1048557566.0,117.0,-58.0,-28.0,-132.0,44.0,8.0,,,,
732,183684.0,43126.0,43226.0,53336.0,43016.0,183683.0,3.409970760345459,183685.0,45676.4375,,,,,,,,,183682.0,151.0,96.0,1023.0,-1049606142.0,116.0,-67.0,-28.0,-300.0,149.0,3.0,,,,
733,183694.0,41268.0,44508.0,54918.0,41998.0,183693.0,3.409970760345459,183695.0,45673.4140625,,,,,,,,,183692.0,153.0,99.0,1023.0,-1050655742.0,122.0,-69.0,-28.0,-306.0,178.0,-8.0,,,,
734,183704.0,45356.0,42734.0,51456.0,43050.0,183703.0,3.409970760345459,183705.0,45649.984375,,,,,,,,,183702.0,155.0,98.0,1023.0,-1051704318.0,128.0,-75.0,-28.0,-272.0,153.0,30.0,,,,
735,183714.0,45751.0,43603.0,50425.0,42813.0,183713.0,3.409970760345459,183715.0,45648.61328125,,,,,,,,,183712.0,156.0,99.0,1023.0,-1052753918.0,132.0,-78.0,-28.0,-150.0,64.0,8.0,,,,
736,183724.0,46276.0,44900.0,49410.0,41898.0,183723.0,3.4046921730041504,183725.0,45621.66796875,,,,,,,,,183722.0,158.0,94.0,1022.0,-1052753918.0,137.0,-89.0,-29.0,-129.0,104.0,-54.0,,,,
737,183734.0,47805.0,44641.0,49891.0,42455.0,183733.0,3.409970760345459,183735.0,46198.80078125,,,,,,,,,183732.0,159.0,94.0,1019.0,-1053802494.0,140.0,-93.0,-45.0,-97.0,51.0,14.0,,,,
738,183744.0,46862.0,45374.0,49950.0,42566.0,183743.0,3.4046921730041504,183745.0,46188.140625,,,,,,,,,183742.0,163.0,92.0,1018.0,-1053802494.0,149.0,-99.0,-47.0,-28.0,-27.0,-40.0,,,,
739,183754.0,49885.0,44447.0,47921.0,42679.0,183753.0,3.4046921730041504,183755.0,46233.765625,,,,,,,,,183752.0,165.0,91.0,1018.0,-1053802494.0,153.0,-104.0,-48.0,53.0,-22.0,-4.0,,,,
740,183764.0,47588.0,46288.0,49250.0,41934.0,183763.0,3.4046921730041504,183765.0,46265.75,,,,,,,,,183762.0,167.0,89.0,1018.0,-1053802494.0,158.0,-111.0,-50.0,100.0,-104.0,-43.0,,,,
741,183774.0,47774.0,46332.0,49286.0,42208.0,183773.0,3.399413585662842,183775.0,46400.52734375,,,,,,,,,183772.0,168.0,87.0,1016.0,-1052753918.0,162.0,-118.0,-55.0,86.0,-71.0,-38.0,,,,
742,183784.0,47908.0,44746.0,50068.0,43126.0,183783.0,3.399413585662842,183785.0,46462.87890625,,,,,,,,,183782.0,170.0,86.0,1016.0,-1052753918.0,167.0,-123.0,-57.0,28.0,9.0,-17.0,,,,
743,183794.0,54681.0,44535.0,43957.0,42911.0,183793.0,3.399413585662842,183795.0,46521.703125,,,,,,,,,183792.0,174.0,83.0,1015.0,-1052753918.0,174.0,-131.0,-58.0,-24.0,-45.0,60.0,,,,
744,183804.0,45395.0,45709.0,51801.0,43327.0,183803.0,3.399413585662842,183805.0,46558.17578125,,,,,,,,,183802.0,176.0,76.0,1015.0,-1052752894.0,179.0,-144.0,-60.0,-99.0,39.0,-42.0,,,,
745,183814.0,47553.0,45063.0,51097.0,42663.0,183813.0,3.399413585662842,183815.0,46594.546875,,,,,,,,,183812.0,179.0,76.0,1011.0,-1052753918.0,185.0,-147.0,-77.0,-181.0,124.0,17.0,,,,
746,183824.0,46370.0,47888.0,52640.0,41782.0,183823.0,3.399413585662842,183825.0,47170.96484375,,,,,,,,,183822.0,179.0,76.0,1010.0,-1053802494.0,187.0,-151.0,-77.0,-240.0,128.0,-23.0,,,,
747,183834.0,48112.0,45358.0,51160.0,44214.0,183833.0,3.399413585662842,183836.0,47211.11328125,,,,,,,,,183832.0,180.0,77.0,1010.0,-1054852094.0,190.0,-152.0,-77.0,-375.0,221.0,-7.0,,,,
748,183844.0,43100.0,46206.0,55428.0,44158.0,183843.0,3.394134998321533,183845.0,47223.3984375,,,,,,,,,183842.0,185.0,76.0,1009.0,-1056949246.0,198.0,-156.0,-76.0,-332.0,263.0,-56.0,,,,
749,183854.0,46398.0,44208.0,53248.0,45010.0,183853.0,3.3888564109802246,183855.0,47216.53125,,,,,,,,,183852.0,185.0,77.0,1008.0,-1057999871.0,199.0,-156.0,-75.0,-512.0,336.0,0.0,,,,
750,183864.0,45941.0,47695.0,53045.0,43139.0,183863.0,3.394134998321533,183865.0,47455.77734375,,,,,,,,,183862.0,189.0,72.0,1006.0,-1060098047.0,206.0,-165.0,-80.0,-397.0,300.0,-52.0,,,,
751,183874.0,48790.0,45432.0,51362.0,44124.0,183873.0,3.3888564109802246,183875.0,47427.05078125,,,,,,,,,183872.0,190.0,71.0,1005.0,-1061147647.0,209.0,-168.0,-78.0,-389.0,308.0,26.0,,,,
752,183884.0,45099.0,46501.0,53863.0,44145.0,183883.0,3.3888564109802246,183885.0,47402.84765625,,,,,,,,,183882.0,192.0,70.0,1004.0,-1062197247.0,211.0,-170.0,-80.0,-291.0,227.0,-48.0,,,,
753,183894.0,45800.0,48506.0,52250.0,43272.0,183893.0,3.3888564109802246,183895.0,47457.68359375,,,,,,,,,183892.0,195.0,69.0,1004.0,-1063246847.0,216.0,-172.0,-79.0,-255.0,282.0,-34.0,,,,
754,183904.0,45403.0,45923.0,53387.0,44063.0,183903.0,3.3888564109802246,183905.0,47194.7578125,,,,,,,,,183902.0,196.0,67.0,1005.0,-1064296447.0,216.0,-175.0,-69.0,-241.0,226.0,8.0,,,,
755,183914.0,47377.0,46785.0,51395.0,43043.0,183913.0,3.3888564109802246,183915.0,47150.9375,,,,,,,,,183912.0,198.0,67.0,1004.0,-1065346047.0,218.0,-176.0,-66.0,-179.0,180.0,-19.0,,,,
756,183924.0,47474.0,46356.0,50942.0,43568.0,183923.0,3.394134998321533,183925.0,47085.6640625,,,,,,,,,183922.0,202.0,64.0,1003.0,-1066394623.0,222.0,-178.0,-63.0,-110.0,155.0,-9.0,,,,
757,183934.0,50896.0,47234.0,47872.0,42170.0,183933.0,3.394134998321533,183935.0,47043.0234375,,,,,,,,,183932.0,204.0,62.0,1003.0,-1066395647.0,225.0,-182.0,-61.0,-53.0,82.0,-3.0,,,,
758,183944.0,48474.0,46964.0,49242.0,43244.0,183943.0,3.394134998321533,183945.0,46981.0703125,,,,,,,,,183942.0,207.0,56.0,1002.0,-1066395647.0,227.0,-189.0,-60.0,-95.0,168.0,-19.0,,,,
759,183954.0,48179.0,47191.0,49453.0,42793.0,183953.0,3.394134998321533,183955.0,46904.0703125,,,,,,,,,183952.0,210.0,53.0,1002.0,-1067445247.0,230.0,-192.0,-57.0,-172.0,166.0,-8.0,,,,
760,183964.0,47975.0,44927.0,50495.0,44115.0,183963.0,3.399413585662842,183965.0,46878.82421875,,,,,,,,,183962.0,213.0,52.0,1001.0,-1067445247.0,232.0,-193.0,-55.0,-212.0,118.0,10.0,,,,
761,183974.0,48077.0,46925.0,50377.0,41973.0,183973.0,3.394134998321533,183976.0,46838.96875,,,,,,,,,183972.0,216.0,49.0,1001.0,-1068493823.0,234.0,-196.0,-54.0,-192.0,96.0,-13.0,,,,
762,183984.0,45916.0,45202.0,51260.0,44938.0,183983.0,3.394134998321533,183985.0,46829.48046875,,,,,,,,,183982.0,217.0,49.0,1000.0,-1069543423.0,234.0,-194.0,-53.0,-352.0,187.0,-26.0,,,,
763,183994.0,49494.0,42796.0,47970.0,45452.0,183993.0,3.399413585662842,183996.0,46428.18359375,,,,,,,,,183992.0,218.0,51.0,1002.0,-1071641599.0,233.0,-189.0,-41.0,-366.0,131.0,2.0,,,,
764,184004.0,44322.0,44064.0,51680.0,45590.0,184003.0,3.399413585662842,184006.0,46414.36328125,,,,,,,,,184002.0,224.0,42.0,1001.0,-1072690175.0,239.0,-201.0,-40.0,-476.0,308.0,-47.0,,,,
765,184014.0,47500.0,44032.0,50398.0,43534.0,184013.0,3.399413585662842,184016.0,46366.75390625,,,,,,,,,184012.0,226.0,44.0,1001.0,-536868863.0,239.0,-195.0,-38.0,-370.0,149.0,58.0,,,,
766,184024.0,44780.0,43338.0,52014.0,45068.0,184023.0,3.399413585662842,184025.0,46300.953125,,,,,,,,,184022.0,227.0,37.0,1001.0,-534772735.0,238.0,-201.0,-36.0,-440.0,283.0,-25.0,,,,
767,184034.0,43271.0,46299.0,51783.0,42319.0,184033.0,3.399413585662842,184035.0,45918.1171875,,,,,,,,,184032.0,230.0,38.0,1002.0,-533725184.0,238.0,-197.0,-23.0,-405.0,267.0,-74.0,,,,
768,184044.0,45942.0,43366.0,49978.0,43998.0,184043.0,3.4046921730041504,184045.0,45821.80078125,,,,,,,,,184042.0,233.0,40.0,1002.0,-531102720.0,239.0,-190.0,-21.0,-369.0,201.0,20.0,,,,
769,184054.0,45038.0,44022.0,50848.0,43164.0,184053.0,3.4046921730041504,184055.0,45768.03125,,,,,,,,,184052.0,232.0,37.0,1002.0,-530053120.0,235.0,-190.0,-21.0,-278.0,189.0,-28.0,,,,
770,184064.0,48216.0,46632.0,47198.0,40894.0,184063.0,3.4046921730041504,184065.0,45735.3203125,,,,,,,,,184062.0,239.0,28.0,1001.0,-529004544.0,241.0,-199.0,-22.0,-184.0,150.0,-12.0,,,,
771,184074.0,46046.0,45632.0,48772.0,42458.0,184073.0,3.4046921730041504,184075.0,45727.9296875,,,,,,,,,184072.0,239.0,27.0,1001.0,-529003520.0,236.0,-196.0,-22.0,-151.0,164.0,-51.0,,,,
772,184084.0,44811.0,47801.0,49109.0,41511.0,184083.0,3.4046921730041504,184085.0,45808.9453125,,,,,,,,,184082.0,241.0,27.0,1001.0,-527954432.0,234.0,-190.0,-24.0,-114.0,132.0,-66.0,,,,
773,184094.0,42970.0,44638.0,51320.0,44148.0,184093.0,3.4046921730041504,184095.0,45769.140625,,,,,,,,,184092.0,245.0,26.0,1000.0,-527953408.0,236.0,-187.0,-23.0,-202.0,175.0,-34.0,,,,
774,184104.0,48400.0,44190.0,47422.0,43048.0,184103.0,3.4046921730041504,184105.0,45765.07421875,,,,,,,,,184102.0,247.0,24.0,1000.0,-526904832.0,235.0,-185.0,-23.0,-116.0,69.0,20.0,,,,
775,184114.0,46504.0,45834.0,47844.0,42678.0,184113.0,3.4046921730041504,184115.0,45715.453125,,,,,,,,,184112.0,254.0,29.0,1000.0,-525855232.0,239.0,-174.0,-22.0,-121.0,136.0,-85.0,,,,
776,184124.0,45647.0,44863.0,48355.0,42459.0,184123.0,3.4046921730041504,184125.0,45331.1015625,,,,,,,,,184122.0,255.0,29.0,1002.0,-525855231.0,236.0,-168.0,-10.0,-146.0,126.0,2.0,,,,
777,184134.0,45562.0,42826.0,48712.0,43936.0,184133.0,3.409970760345459,184135.0,45259.68359375,,,,,,,,,184132.0,256.0,20.0,1002.0,-525854207.0,233.0,-175.0,-10.0,-135.0,99.0,-22.0,,,,
778,184144.0,45973.0,45883.0,48011.0,41045.0,184143.0,3.409970760345459,184145.0,45228.1875,,,,,,,,,184142.0,262.0,18.0,1002.0,-524805631.0,237.0,-173.0,-12.0,-142.0,156.0,-12.0,,,,
779,184154.0,47230.0,44240.0,48086.0,41508.0,184153.0,3.409970760345459,184155.0,45266.92578125,,,,,,,,,184152.0,262.0,14.0,1001.0,-523756031.0,232.0,-173.0,-12.0,-178.0,147.0,5.0,,,,
780,184164.0,45131.0,43903.0,49815.0,42527.0,184163.0,3.409970760345459,184165.0,45344.21484375,,,,,,,,,184162.0,265.0,14.0,1001.0,-523756031.0,231.0,-167.0,-17.0,-142.0,94.0,-25.0,,,,
781,184174.0,45499.0,44085.0,48213.0,43555.0,184173.0,3.409970760345459,184175.0,45338.09765625,,,,,,,,,184172.0,268.0,15.0,1000.0,-522707455.0,230.0,-160.0,-17.0,-150.0,140.0,-34.0,,,,
782,184184.0,44892.0,43654.0,49874.0,42940.0,184183.0,3.409970760345459,184185.0,45340.015625,,,,,,,,,184182.0,269.0,16.0,1000.0,-521657855.0,227.0,-154.0,-19.0,-190.0,159.0,-6.0,,,,
783,184194.0,45489.0,44569.0,49547.0,41819.0,184193.0,3.409970760345459,184195.0,45356.26171875,,,,,,,,,184192.0,271.0,11.0,1000.0,-521656831.0,223.0,-156.0,-21.0,-181.0,116.0,0.0,,,,
784,184204.0,45462.0,44102.0,49176.0,42928.0,184203.0,3.409970760345459,184205.0,45417.78125,,,,,,,,,184202.0,277.0,8.0,1000.0,-520608255.0,227.0,-153.0,-25.0,-147.0,151.0,-4.0,,,,
785,184214.0,47104.0,46364.0,47752.0,40700.0,184213.0,3.409970760345459,184215.0,45480.58984375,,,,,,,,,184212.0,276.0,6.0,999.0,-520608255.0,221.0,-150.0,-29.0,-106.0,89.0,-37.0,,,,
786,184224.0,46745.0,44241.0,48149.0,43029.0,184223.0,3.409970760345459,184225.0,45541.6328125,,,,,,,,,184222.0,283.0,6.0,999.0,-519558655.0,224.0,-144.0,-30.0,-82.0,57.0,-2.0,,,,
787,184234.0,44462.0,44786.0,50218.0,42906.0,184233.0,3.4046921730041504,184236.0,45593.5078125,,,,,,,,,184232.0,285.0,8.0,999.0,-519558655.0,221.0,-135.0,-30.0,-90.0,161.0,-19.0,,,,
788,184244.0,45610.0,45208.0,50220.0,41194.0,184243.0,3.4046921730041504,184245.0,45558.0703125,,,,,,,,,184242.0,284.0,4.0,999.0,-519557631.0,214.0,-135.0,-32.0,-122.0,101.0,21.0,,,,
789,184254.0,46302.0,44966.0,49650.0,41386.0,184253.0,3.4046921730041504,184255.0,45576.59765625,,,,,,,,,184252.0,289.0,2.0,998.0,-518509055.0,215.0,-131.0,-35.0,-52.0,41.0,17.0,,,,
790,184264.0,46637.0,45131.0,48015.0,42781.0,184263.0,3.4046921730041504,184265.0,45641.6796875,,,,,,,,,184262.0,291.0,1.0,998.0,-518509055.0,213.0,-126.0,-38.0,39.0,15.0,-52.0,,,,
791,184274.0,46480.0,45384.0,48294.0,42622.0,184273.0,3.4046921730041504,184276.0,45695.73828125,,,,,,,,,184272.0,289.0,0.0,998.0,-518509055.0,203.0,-122.0,-42.0,-38.0,86.0,-24.0,,,,
792,184284.0,45169.0,46887.0,49547.0,41617.0,184283.0,3.4046921730041504,184285.0,45805.78125,,,,,,,,,184282.0,294.0,0.0,997.0,-518509054.0,205.0,-116.0,-44.0,8.0,84.0,-46.0,,,,
793,184294.0,46623.0,44779.0,49689.0,44289.0,184293.0,3.4046921730041504,184295.0,46345.64453125,,,,,,,,,184292.0,296.0,-1.0,994.0,-518508030.0,202.0,-112.0,-61.0,-58.0,109.0,3.0,,,,
794,184304.0,50255.0,46661.0,47233.0,41603.0,184303.0,3.4046921730041504,184305.0,46438.53515625,,,,,,,,,184302.0,298.0,2.0,993.0,-518508030.0,199.0,-101.0,-64.0,66.0,10.0,2.0,,,,
795,184314.0,45054.0,47048.0,51114.0,42752.0,184313.0,3.399413585662842,184315.0,46492.14453125,,,,,,,,,184312.0,301.0,0.0,993.0,-518508030.0,197.0,-97.0,-67.0,22.0,71.0,-46.0,,,,
796,184324.0,47660.0,45966.0,48782.0,43976.0,184323.0,3.394134998321533,184325.0,46596.8671875,,,,,,,,,184322.0,304.0,0.0,992.0,-518508030.0,195.0,-92.0,-69.0,82.0,29.0,-10.0,,,,
797,184334.0,48088.0,46054.0,48954.0,42964.0,184333.0,3.394134998321533,184335.0,46515.28125,,,,,,,,,184332.0,307.0,0.0,992.0,-518508030.0,194.0,-87.0,-66.0,1.0,70.0,-14.0,,,,
798,184344.0,46715.0,47925.0,50393.0,41091.0,184343.0,3.394134998321533,184345.0,46531.8046875,,,,,,,,,184342.0,308.0,-2.0,991.0,-519555582.0,188.0,-85.0,-67.0,28.0,72.0,4.0,,,,
799,184354.0,48497.0,46155.0,48885.0,42767.0,184353.0,3.394134998321533,184355.0,46576.1875,,,,,,,,,184352.0,309.0,-2.0,991.0,-519555582.0,184.0,-79.0,-67.0,52.0,28.0,33.0,,,,
800,184364.0,46431.0,47217.0,51259.0,41453.0,184363.0,3.394134998321533,184365.0,46590.1875,,,,,,,,,184362.0,311.0,-3.0,990.0,-519555582.0,181.0,-75.0,-68.0,158.0,41.0,-4.0,,,,
801,184374.0,48349.0,46839.0,48603.0,42801.0,184373.0,3.394134998321533,184376.0,46648.65625,,,,,,,,,184372.0,313.0,-4.0,989.0,-519555582.0,178.0,-71.0,-71.0,126.0,-8.0,-28.0,,,,
802,184384.0,48557.0,46129.0,48379.0,42979.0,184383.0,3.394134998321533,184385.0,46511.3125,,,,,,,,,184382.0,313.0,-6.0,990.0,-520604158.0,171.0,-69.0,-66.0,14.0,42.0,13.0,,,,
803,184394.0,49928.0,44434.0,48408.0,43386.0,184393.0,3.394134998321533,184395.0,46539.03515625,,,,,,,,,184392.0,315.0,-7.0,989.0,-520604158.0,169.0,-65.0,-67.0,49.0,-82.0,36.0,,,,
804,184404.0,51261.0,46475.0,45573.0,42983.0,184403.0,3.394134998321533,184405.0,46573.03125,,,,,,,,,184402.0,317.0,-8.0,988.0,-520604158.0,165.0,-61.0,-66.0,122.0,-69.0,-40.0,,,,
805,184414.0,48474.0,44716.0,48650.0,44348.0,184413.0,3.394134998321533,184415.0,46547.1953125,,,,,,,,,184412.0,321.0,-11.0,988.0,-521652734.0,165.0,-60.0,-65.0,55.0,-73.0,21.0,,,,
806,184424.0,50500.0,45198.0,49368.0,44410.0,184423.0,3.394134998321533,184425.0,47369.2734375,,,,,,,,,184422.0,323.0,-12.0,982.0,-521653758.0,162.0,-56.0,-89.0,34.0,-132.0,18.0,,,,
807,184434.0,48055.0,46833.0,50995.0,43653.0,184433.0,3.399413585662842,184435.0,47384.0390625,,,,,,,,,184432.0,324.0,-12.0,982.0,-521653758.0,158.0,-52.0,-88.0,1.0,-14.0,-10.0,,,,
808,184444.0,50992.0,45752.0,48544.0,44232.0,184443.0,3.3888564109802246,184445.0,47380.93359375,,,,,,,,,184442.0,322.0,-3.0,981.0,-521653758.0,150.0,-36.0,-88.0,11.0,-80.0,43.0,,,,
809,184454.0,47601.0,46929.0,51319.0,43839.0,184453.0,3.3888564109802246,184455.0,47422.40625,,,,,,,,,184452.0,325.0,-3.0,980.0,-521654782.0,149.0,-32.0,-88.0,71.0,-46.0,-30.0,,,,
810,184464.0,47475.0,47057.0,49309.0,43515.0,184463.0,3.3888564109802246,184465.0,46839.82421875,,,,,,,,,184462.0,327.0,-4.0,982.0,-521654782.0,146.0,-28.0,-70.0,59.0,-32.0,-38.0,,,,
811,184474.0,48252.0,45816.0,49680.0,43696.0,184473.0,3.3888564109802246,184475.0,46861.265625,,,,,,,,,184472.0,329.0,-6.0,981.0,-521654782.0,144.0,-27.0,-70.0,53.0,-20.0,24.0,,,,
812,184484.0,50892.0,44122.0,47674.0,44716.0,184483.0,3.3888564109802246,184485.0,46851.23828125,,,,,,,,,184482.0,331.0,-7.0,981.0,-522703358.0,142.0,-24.0,-70.0,140.0,-109.0,19.0,,,,
813,184494.0,50302.0,46634.0,46828.0,43664.0,184493.0,3.394134998321533,184495.0,46857.296875,,,,,,,,,184492.0,333.0,-7.0,980.0,-522703358.0,139.0,-21.0,-68.0,184.0,-36.0,-36.0,,,,
814,184504.0,49624.0,48586.0,47554.0,41604.0,184503.0,3.394134998321533,184505.0,46842.41796875,,,,,,,,,184502.0,336.0,-11.0,979.0,-523752958.0,139.0,-21.0,-66.0,189.0,-54.0,-10.0,,,,
815,184514.0,49504.0,46092.0,47924.0,43900.0,184513.0,3.394134998321533,184515.0,46855.84375,,,,,,,,,184512.0,338.0,-11.0,978.0,-524801534.0,136.0,-18.0,-66.0,196.0,-67.0,-19.0,,,,
816,184524.0,48900.0,48372.0,48300.0,41716.0,184523.0,3.394134998321533,184525.0,46822.50390625,,,,,,,,,184522.0,337.0,-13.0,978.0,-525850110.0,130.0,-17.0,-63.0,179.0,-3.0,-15.0,,,,
817,184534.0,50201.0,47155.0,48305.0,41339.0,184533.0,3.394134998321533,184535.0,46750.58203125,,,,,,,,,184532.0,341.0,-13.0,977.0,-525850110.0,131.0,-14.0,-60.0,149.0,-80.0,35.0,,,,
818,184544.0,48896.0,45568.0,49590.0,42602.0,184543.0,3.394134998321533,184545.0,46664.06640625,,,,,,,,,184542.0,342.0,-13.0,977.0,-526898686.0,128.0,-11.0,-57.0,191.0,-110.0,19.0,,,,
819,184554.0,50665.0,47131.0,46261.0,43223.0,184553.0,3.394134998321533,184555.0,46820.73828125,,,,,,,,,184552.0,343.0,-13.0,975.0,-526899710.0,125.0,-8.0,-61.0,145.0,-28.0,-47.0,,,,
820,184564.0,50215.0,45813.0,47815.0,43245.0,184563.0,3.394134998321533,184565.0,46772.51171875,,,,,,,,,184562.0,346.0,-14.0,974.0,-527948286.0,125.0,-7.0,-60.0,88.0,-75.0,24.0,,,,
821,184574.0,49902.0,44252.0,49084.0,43846.0,184573.0,3.394134998321533,184575.0,46771.25390625,,,,,,,,,184572.0,348.0,-14.0,974.0,-527948286.0,123.0,-5.0,-59.0,39.0,-171.0,34.0,,,,
822,184584.0,46599.0,46867.0,50303.0,43223.0,184583.0,3.394134998321533,184585.0,46748.265625,,,,,,,,,184582.0,349.0,-14.0,973.0,-527949310.0,120.0,-3.0,-58.0,74.0,-55.0,-56.0,,,,
823,184594.0,47772.0,45916.0,50232.0,44636.0,184593.0,3.394134998321533,184595.0,47139.21484375,,,,,,,,,184592.0,350.0,-14.0,970.0,-527949310.0,118.0,0.0,-68.0,-18.0,-64.0,14.0,,,,
824,184604.0,49254.0,44844.0,49768.0,44598.0,184603.0,3.394134998321533,184605.0,47116.19921875,,,,,,,,,184602.0,351.0,-14.0,969.0,-527949310.0,116.0,1.0,-68.0,37.0,-166.0,7.0,,,,
825,184614.0,48577.0,44389.0,50053.0,45457.0,184613.0,3.394134998321533,184615.0,47119.72265625,,,,,,,,,184612.0,370.0,-18.0,969.0,-527950334.0,136.0,-1.0,-68.0,-16.0,-49.0,0.0,,,,
826,184624.0,51876.0,45834.0,47016.0,43822.0,184623.0,3.3888564109802246,184625.0,47137.4453125,,,,,,,,,184622.0,370.0,-17.0,968.0,-527950334.0,132.0,2.0,-66.0,79.0,-166.0,0.0,,,,
827,184634.0,48967.0,44447.0,49287.0,45703.0,184633.0,3.3888564109802246,184635.0,47101.94921875,,,,,,,,,184632.0,371.0,-13.0,967.0,-527951358.0,130.0,9.0,-64.0,1.0,-59.0,-2.0,,,,
828,184644.0,46839.0,48689.0,51059.0,41977.0,184643.0,3.3888564109802246,184645.0,47141.48046875,,,,,,,,,184642.0,372.0,-16.0,966.0,-528999934.0,128.0,7.0,-64.0,79.0,30.0,-32.0,,,,
829,184654.0,47927.0,46951.0,50399.0,43179.0,184653.0,3.394134998321533,184655.0,47114.4453125,,,,,,,,,184652.0,373.0,-11.0,966.0,-528999934.0,126.0,14.0,-62.0,11.0,125.0,10.0,,,,
830,184664.0,52384.0,47508.0,47010.0,41302.0,184663.0,3.394134998321533,184665.0,47051.6328125,,,,,,,,,184662.0,374.0,-16.0,965.0,-528998910.0,125.0,10.0,-61.0,179.0,0.0,22.0,,,,
831,184674.0,47976.0,50010.0,49680.0,40574.0,184673.0,3.3888564109802246,184675.0,47060.1875,,,,,,,,,184672.0,376.0,-15.0,964.0,-530047486.0,123.0,14.0,-57.0,127.0,136.0,-38.0,,,,
832,184684.0,46792.0,48528.0,49520.0,41376.0,184683.0,3.3888564109802246,184685.0,46554.87890625,,,,,,,,,184682.0,377.0,-16.0,966.0,-530047486.0,121.0,14.0,-43.0,165.0,134.0,-31.0,,,,
833,184694.0,48401.0,48093.0,48429.0,41021.0,184693.0,3.394134998321533,184695.0,46486.26171875,,,,,,,,,184692.0,378.0,-15.0,966.0,-531095038.0,118.0,16.0,-40.0,181.0,115.0,-3.0,,,,
834,184704.0,48921.0,49187.0,47577.0,39939.0,184703.0,3.394134998321533,184705.0,46406.3515625,,,,,,,,,184702.0,379.0,-15.0,965.0,-531095038.0,116.0,18.0,-35.0,174.0,86.0,-32.0,,,,
835,184714.0,47875.0,48119.0,47531.0,41579.0,184713.0,3.399413585662842,184715.0,46276.1796875,,,,,,,,,184712.0,380.0,-15.0,965.0,-532142590.0,113.0,19.0,-33.0,197.0,94.0,-36.0,,,,
836,184724.0,49744.0,45322.0,46732.0,43582.0,184723.0,3.399413585662842,184725.0,46345.4453125,,,,,,,,,184722.0,378.0,-14.0,964.0,-533191166.0,108.0,21.0,-34.0,86.0,23.0,4.0,,,,
837,184734.0,47645.0,47745.0,48451.0,41267.0,184733.0,3.399413585662842,184735.0,46277.94140625,,,,,,,,,184732.0,379.0,-14.0,964.0,-533191166.0,105.0,21.0,-33.0,81.0,-15.0,-39.0,,,,
838,184744.0,48379.0,45453.0,48147.0,42949.0,184743.0,3.399413585662842,184745.0,46232.578125,,,,,,,,,184742.0,378.0,-14.0,963.0,-533191166.0,100.0,22.0,-33.0,14.0,-55.0,31.0,,,,
839,184754.0,47495.0,44023.0,49949.0,43469.0,184753.0,3.399413585662842,184755.0,46234.0390625,,,,,,,,,184752.0,381.0,-14.0,963.0,-533192190.0,100.0,22.0,-34.0,76.0,-168.0,-2.0,,,,
840,184764.0,47456.0,45166.0,48366.0,43916.0,184763.0,3.399413585662842,184765.0,46226.27734375,,,,,,,,,184762.0,382.0,-10.0,963.0,-533192190.0,98.0,28.0,-34.0,0.0,-137.0,-30.0,,,,
841,184774.0,48509.0,43925.0,47825.0,45125.0,184773.0,3.399413585662842,184775.0,46346.67578125,,,,,,,,,184772.0,384.0,-16.0,962.0,-534241790.0,97.0,21.0,-37.0,-57.0,-112.0,-3.0,,,,
842,184784.0,51966.0,43604.0,46738.0,43028.0,184783.0,3.399413585662842,184785.0,46334.55078125,,,,,,,,,184782.0,385.0,-11.0,961.0,-533193214.0,95.0,28.0,-36.0,13.0,-220.0,72.0,,,,
843,184794.0,46925.0,45091.0,49839.0,43281.0,184793.0,3.399413585662842,184795.0,46284.11328125,,,,,,,,,184792.0,388.0,-13.0,961.0,-533194238.0,95.0,26.0,-37.0,3.0,-143.0,-30.0,,,,
844,184804.0,48275.0,45049.0,47699.0,44213.0,184803.0,3.394134998321533,184805.0,46309.1796875,,,,,,,,,184802.0,389.0,-10.0,961.0,-533195262.0,94.0,30.0,-36.0,28.0,-160.0,0.0,,,,
845,184814.0,48304.0,44048.0,48082.0,43270.0,184813.0,3.399413585662842,184815.0,45926.16796875,,,,,,,,,184812.0,389.0,-10.0,962.0,-534243838.0,91.0,30.0,-25.0,55.0,-179.0,-3.0,,,,
846,184824.0,48377.0,45251.0,47803.0,42201.0,184823.0,3.399413585662842,184825.0,45908.0234375,,,,,,,,,184822.0,389.0,-9.0,962.0,-534244862.0,88.0,32.0,-24.0,35.0,-85.0,23.0,,,,
847,184834.0,49573.0,46123.0,46525.0,41175.0,184833.0,3.399413585662842,184835.0,45849.203125,,,,,,,,,184832.0,389.0,-8.0,962.0,-534244862.0,87.0,33.0,-23.0,189.0,-166.0,-15.0,,,,
848,184844.0,47243.0,45205.0,47635.0,43109.0,184843.0,3.399413585662842,184845.0,45798.55078125,,,,,,,,,184842.0,392.0,-6.0,961.0,-535293438.0,88.0,36.0,-25.0,85.0,-11.0,-15.0,,,,
849,184854.0,46867.0,47949.0,47885.0,39015.0,184853.0,3.399413585662842,184855.0,45429.015625,,,,,,,,,184852.0,392.0,-5.0,963.0,-535294462.0,87.0,37.0,-14.0,136.0,-58.0,-25.0,,,,
850,184864.0,46628.0,45168.0,47670.0,42190.0,184863.0,3.4046921730041504,184865.0,45414.546875,,,,,,,,,184862.0,393.0,-4.0,963.0,-535294462.0,85.0,37.0,-13.0,108.0,38.0,-7.0,,,,
851,184874.0,49331.0,45677.0,45645.0,40955.0,184873.0,3.4046921730041504,184875.0,45402.4609375,,,,,,,,,184872.0,394.0,0.0,963.0,-536343038.0,85.0,42.0,-15.0,142.0,-30.0,-2.0,,,,
852,184884.0,47176.0,44806.0,47068.0,42590.0,184883.0,3.4046921730041504,184885.0,45410.80859375,,,,,,,,,184882.0,395.0,0.0,963.0,-1073213950.0,84.0,42.0,-17.0,190.0,-97.0,-23.0,,,,
853,184894.0,46246.0,46840.0,47642.0,41132.0,184893.0,3.4046921730041504,184895.0,45465.14453125,,,,,,,,,184892.0,396.0,0.0,963.0,-1072165374.0,84.0,42.0,-22.0,210.0,23.0,-27.0,,,,
854,184904.0,49511.0,47511.0,45713.0,40089.0,184903.0,3.4046921730041504,184905.0,45706.90234375,,,,,,,,,184902.0,398.0,-9.0,962.0,-1071116798.0,84.0,29.0,-28.0,135.0,-40.0,-20.0,,,,
855,184914.0,50800.0,44578.0,45748.0,41698.0,184913.0,3.4046921730041504,184915.0,45706.67578125,,,,,,,,,184912.0,399.0,-9.0,961.0,-1070068222.0,83.0,28.0,-28.0,167.0,-121.0,60.0,,,,
856,184924.0,47331.0,47499.0,47131.0,40871.0,184923.0,3.4046921730041504,184925.0,45708.296875,,,,,,,,,184922.0,400.0,-9.0,961.0,-1070069246.0,83.0,27.0,-27.0,129.0,6.0,-79.0,,,,
857,184934.0,48309.0,45577.0,46743.0,41975.0,184933.0,3.4046921730041504,184935.0,45651.375,,,,,,,,,184932.0,397.0,-4.0,961.0,-1070069246.0,77.0,33.0,-27.0,59.0,-53.0,18.0,,,,
858,184944.0,46031.0,42641.0,47961.0,42231.0,184943.0,3.4046921730041504,184945.0,44716.16796875,,,,,,,,,184942.0,398.0,-3.0,966.0,-1069020670.0,77.0,32.0,-1.0,-4.0,-120.0,-27.0,,,,
859,184954.0,49711.0,43581.0,44509.0,41047.0,184953.0,3.4046921730041504,184955.0,44712.73046875,,,,,,,,,184952.0,399.0,-3.0,966.0,-1069021694.0,77.0,31.0,-2.0,-23.0,-146.0,39.0,,,,
860,184964.0,43090.0,43918.0,50376.0,41328.0,184963.0,3.4046921730041504,184965.0,44678.1640625,,,,,,,,,184962.0,399.0,-2.0,966.0,-1069021694.0,76.0,30.0,-4.0,22.0,-141.0,-32.0,,,,
861,184974.0,48746.0,40560.0,45540.0,44006.0,184973.0,3.409970760345459,184975.0,44713.95703125,,,,,,,,,184972.0,397.0,-1.0,966.0,-1070071294.0,71.0,31.0,-6.0,-87.0,-174.0,54.0,,,,
862,184984.0,45681.0,42431.0,48577.0,42535.0,184983.0,3.409970760345459,184985.0,44806.62890625,,,,,,,,,184982.0,398.0,0.0,965.0,-1070595582.0,73.0,33.0,-12.0,-81.0,-124.0,-15.0,,,,
863,184994.0,49391.0,42539.0,44297.0,43257.0,184993.0,3.409970760345459,184995.0,44871.74609375,,,,,,,,,184992.0,399.0,1.0,965.0,-1070594558.0,73.0,32.0,-14.0,-88.0,-156.0,12.0,,,,
864,185004.0,45830.0,42298.0,48024.0,43360.0,185003.0,3.409970760345459,185005.0,44878.39453125,,,,,,,,,185002.0,400.0,1.0,965.0,-1070594558.0,73.0,31.0,-14.0,-2.0,-135.0,-20.0,,,,
865,185014.0,45165.0,45149.0,47959.0,41159.0,185013.0,3.409970760345459,185015.0,44858.7578125,,,,,,,,,185012.0,403.0,10.0,965.0,-1071642110.0,76.0,41.0,-17.0,-19.0,-127.0,-31.0,,,,
866,185024.0,47164.0,43392.0,46356.0,42764.0,185023.0,3.409970760345459,185025.0,44919.80859375,,,,,,,,,185022.0,403.0,7.0,965.0,-1071642110.0,76.0,36.0,-20.0,18.0,-66.0,-6.0,,,,
867,185034.0,49976.0,43684.0,45158.0,39846.0,185033.0,3.409970760345459,185035.0,44666.0625,,,,,,,,,185032.0,403.0,7.0,966.0,-1070592510.0,76.0,35.0,-14.0,111.0,-155.0,65.0,,,,
868,185044.0,47377.0,45277.0,46427.0,39743.0,185043.0,3.409970760345459,185045.0,44706.4375,,,,,,,,,185042.0,404.0,7.0,966.0,-1070592510.0,76.0,34.0,-15.0,205.0,-127.0,-37.0,,,,
869,185054.0,46729.0,45635.0,46035.0,40333.0,185053.0,3.409970760345459,185055.0,44683.28515625,,,,,,,,,185052.0,406.0,9.0,966.0,-1069542910.0,79.0,36.0,-18.0,204.0,-102.0,-24.0,,,,
870,185064.0,47877.0,44911.0,45545.0,40547.0,185063.0,3.409970760345459,185065.0,44720.2265625,,,,,,,,,185062.0,407.0,10.0,965.0,-1068494334.0,80.0,35.0,-20.0,189.0,15.0,-1.0,,,,
871,185074.0,50561.0,46797.0,43895.0,38415.0,185073.0,3.409970760345459,185075.0,44917.02734375,,,,,,,,,185072.0,406.0,6.0,964.0,-1068494334.0,79.0,28.0,-28.0,236.0,-34.0,16.0,,,,
872,185084.0,46880.0,44430.0,46636.0,41914.0,185083.0,3.409970760345459,185085.0,44965.56640625,,,,,,,,,185082.0,407.0,6.0,964.0,-1067445758.0,80.0,27.0,-29.0,210.0,-46.0,-41.0,,,,
873,185094.0,45282.0,46086.0,47650.0,40970.0,185093.0,3.409970760345459,185095.0,44997.46484375,,,,,,,,,185092.0,407.0,17.0,964.0,-1066397182.0,80.0,39.0,-31.0,162.0,11.0,-23.0,,,,
874,185104.0,49413.0,43959.0,44047.0,42641.0,185103.0,3.409970760345459,185105.0,45015.39453125,,,,,,,,,185102.0,408.0,18.0,963.0,-1066397182.0,82.0,37.0,-34.0,68.0,-58.0,-25.0,,,,
875,185114.0,45362.0,45356.0,49300.0,42262.0,185113.0,3.4046921730041504,185115.0,45570.40234375,,,,,,,,,185112.0,409.0,18.0,960.0,-1066396158.0,83.0,36.0,-54.0,81.0,-66.0,-30.0,,,,
876,185124.0,48178.0,44682.0,47468.0,42544.0,185123.0,3.4046921730041504,185125.0,45718.11328125,,,,,,,,,185122.0,410.0,13.0,960.0,-1065347581.0,85.0,27.0,-58.0,51.0,-34.0,23.0,,,,
877,185134.0,47526.0,43610.0,48230.0,43794.0,185133.0,3.399413585662842,185135.0,45790.53515625,,,,,,,,,185132.0,411.0,14.0,959.0,-1065347582.0,86.0,25.0,-60.0,-51.0,-84.0,-17.0,,,,
878,185144.0,47118.0,44204.0,48782.0,43404.0,185143.0,3.399413585662842,185145.0,45877.64453125,,,,,,,,,185142.0,415.0,14.0,959.0,-1065347581.0,91.0,24.0,-64.0,3.0,-49.0,11.0,,,,
879,185154.0,45971.0,44469.0,50295.0,43393.0,185153.0,3.399413585662842,185155.0,46032.07421875,,,,,,,,,185152.0,416.0,15.0,959.0,-1065347582.0,92.0,22.0,-61.0,-93.0,-8.0,0.0,,,,
880,185164.0,50082.0,44452.0,46852.0,41894.0,185163.0,3.399413585662842,185165.0,45820.21484375,,,,,,,,,185162.0,417.0,15.0,958.0,-1066395134.0,94.0,20.0,-64.0,42.0,-164.0,41.0,,,,
881,185174.0,48058.0,44226.0,47900.0,43908.0,185173.0,3.394134998321533,185175.0,46023.6328125,,,,,,,,,185172.0,418.0,15.0,957.0,-1066395134.0,95.0,18.0,-67.0,-10.0,-3.0,-25.0,,,,
882,185184.0,47358.0,45386.0,48900.0,42280.0,185183.0,3.399413585662842,185185.0,45981.48828125,,,,,,,,,185182.0,419.0,15.0,957.0,-1066395134.0,97.0,16.0,-69.0,-5.0,-38.0,16.0,,,,
883,185194.0,48272.0,44478.0,48828.0,42878.0,185193.0,3.394134998321533,185195.0,46114.98828125,,,,,,,,,185192.0,415.0,15.0,956.0,-1066395134.0,92.0,14.0,-70.0,40.0,-30.0,48.0,,,,
884,185204.0,49734.0,46668.0,47182.0,40688.0,185203.0,3.394134998321533,185205.0,46068.109375,,,,,,,,,185202.0,416.0,15.0,955.0,-1066395134.0,94.0,12.0,-70.0,6.0,-13.0,-8.0,,,,
885,185214.0,45188.0,47476.0,50958.0,40870.0,185213.0,3.394134998321533,185215.0,46123.62109375,,,,,,,,,185212.0,417.0,16.0,955.0,-1065346558.0,95.0,10.0,-70.0,-6.0,20.0,-34.0,,,,
886,185224.0,48343.0,44075.0,48827.0,43215.0,185223.0,3.394134998321533,185225.0,46115.68359375,,,,,,,,,185222.0,418.0,16.0,954.0,-1065346558.0,97.0,8.0,-71.0,63.0,-18.0,58.0,,,,
887,185234.0,44795.0,46465.0,51531.0,42033.0,185233.0,3.394134998321533,185235.0,46206.72265625,,,,,,,,,185232.0,417.0,12.0,953.0,-1065346558.0,96.0,1.0,-73.0,24.0,31.0,-19.0,,,,
888,185244.0,48937.0,45861.0,46909.0,41173.0,185243.0,3.394134998321533,185245.0,45720.4921875,,,,,,,,,185242.0,418.0,12.0,955.0,-1065346558.0,98.0,0.0,-61.0,-6.0,-23.0,9.0,,,,
889,185254.0,45404.0,45370.0,50328.0,42294.0,185253.0,3.399413585662842,185255.0,45849.98828125,,,,,,,,,185252.0,421.0,11.0,955.0,-1065346558.0,102.0,-4.0,-63.0,57.0,-38.0,-12.0,,,,
890,185264.0,48905.0,46753.0,46797.0,40769.0,185263.0,3.399413585662842,185265.0,45806.49609375,,,,,,,,,185262.0,422.0,11.0,954.0,-1065346558.0,103.0,-6.0,-63.0,-33.0,-42.0,11.0,,,,
891,185274.0,45524.0,41794.0,50620.0,45430.0,185273.0,3.399413585662842,185275.0,45842.25,,,,,,,,,185272.0,421.0,16.0,953.0,-1065346558.0,103.0,-2.0,-63.0,-75.0,29.0,7.0,,,,
892,185284.0,49622.0,45666.0,48498.0,42250.0,185283.0,3.399413585662842,185285.0,46509.62109375,,,,,,,,,185282.0,422.0,17.0,949.0,-1066395134.0,105.0,-3.0,-84.0,-149.0,-38.0,37.0,,,,
893,185294.0,44508.0,46280.0,52246.0,43450.0,185293.0,3.399413585662842,185295.0,46621.4140625,,,,,,,,,185292.0,423.0,16.0,948.0,-1066394110.0,107.0,-6.0,-85.0,-52.0,-78.0,-45.0,,,,
894,185304.0,48071.0,44513.0,49233.0,44515.0,185303.0,3.394134998321533,185305.0,46583.09765625,,,,,,,,,185302.0,424.0,16.0,947.0,-1066394110.0,108.0,-8.0,-86.0,-97.0,5.0,43.0,,,,
895,185314.0,49285.0,47225.0,48305.0,41813.0,185313.0,3.394134998321533,185315.0,46657.01953125,,,,,,,,,185312.0,426.0,18.0,946.0,-1067442686.0,111.0,-6.0,-86.0,-66.0,-16.0,-1.0,,,,
896,185324.0,49378.0,43372.0,49638.0,44220.0,185323.0,3.394134998321533,185325.0,46652.80078125,,,,,,,,,185322.0,427.0,18.0,945.0,-1067442686.0,113.0,-8.0,-86.0,-108.0,-48.0,71.0,,,,
897,185334.0,46731.0,47221.0,49755.0,42457.0,185333.0,3.3888564109802246,185335.0,46541.34765625,,,,,,,,,185332.0,432.0,20.0,945.0,-1067442686.0,120.0,-7.0,-81.0,41.0,6.0,-50.0,,,,
898,185344.0,48631.0,44775.0,48479.0,44259.0,185343.0,3.3888564109802246,185345.0,46536.45703125,,,,,,,,,185342.0,433.0,20.0,944.0,-1067442686.0,121.0,-8.0,-80.0,-36.0,66.0,38.0,,,,
899,185354.0,49294.0,46422.0,47802.0,42610.0,185353.0,3.394134998321533,185355.0,46532.6640625,,,,,,,,,185352.0,433.0,19.0,944.0,-1067442686.0,122.0,-11.0,-79.0,33.0,-46.0,-2.0,,,,
900,185364.0,46314.0,46392.0,50478.0,42788.0,185363.0,3.3888564109802246,185365.0,46493.69140625,,,,,,,,,185362.0,435.0,19.0,943.0,-1067442686.0,124.0,-12.0,-77.0,-6.0,110.0,-5.0,,,,
901,185374.0,52201.0,45889.0,44993.0,41173.0,185373.0,3.394134998321533,185375.0,46064.62109375,,,,,,,,,185372.0,435.0,20.0,944.0,-1067443710.0,124.0,-12.0,-63.0,73.0,0.0,62.0,,,,
902,185384.0,47185.0,44275.0,49613.0,43015.0,185383.0,3.394134998321533,185385.0,46022.55078125,,,,,,,,,185382.0,437.0,19.0,944.0,-1067443710.0,127.0,-15.0,-62.0,21.0,65.0,-16.0,,,,
903,185394.0,46932.0,47368.0,48950.0,40790.0,185393.0,3.394134998321533,185395.0,46010.0625,,,,,,,,,185392.0,439.0,18.0,943.0,-1067443710.0,129.0,-18.0,-61.0,26.0,78.0,-38.0,,,,
904,185404.0,46550.0,45634.0,49378.0,42306.0,185403.0,3.399413585662842,185405.0,45967.765625,,,,,,,,,185402.0,440.0,18.0,942.0,-1067443710.0,131.0,-20.0,-59.0,-82.0,138.0,9.0,,,,
905,185414.0,51713.0,43823.0,46071.0,41241.0,185413.0,3.399413585662842,185415.0,45712.55078125,,,,,,,,,185412.0,442.0,18.0,943.0,-1067443710.0,134.0,-21.0,-52.0,63.0,-90.0,78.0,,,,
906,185424.0,47789.0,44589.0,47649.0,42793.0,185423.0,3.399413585662842,185425.0,45705.67578125,,,,,,,,,185422.0,444.0,18.0,942.0,-1067443710.0,136.0,-23.0,-52.0,-51.0,54.0,-49.0,,,,
907,185434.0,45836.0,43610.0,50424.0,42826.0,185433.0,3.399413585662842,185435.0,45674.5,,,,,,,,,185432.0,444.0,19.0,942.0,-1067444735.0,135.0,-22.0,-51.0,-62.0,44.0,25.0,,,,
908,185444.0,46294.0,43766.0,49972.0,42692.0,185443.0,3.399413585662842,185445.0,45681.421875,,,,,,,,,185442.0,445.0,19.0,941.0,-1067444735.0,137.0,-24.0,-50.0,-119.0,29.0,-2.0,,,,
909,185454.0,49443.0,44551.0,46975.0,41539.0,185453.0,3.399413585662842,185455.0,45627.26953125,,,,,,,,,185452.0,445.0,22.0,941.0,-1068493311.0,136.0,-21.0,-48.0,-118.0,37.0,40.0,,,,
910,185464.0,43899.0,45133.0,51693.0,42919.0,185463.0,3.399413585662842,185465.0,45911.05078125,,,,,,,,,185462.0,447.0,22.0,938.0,-1068493311.0,138.0,-22.0,-58.0,-39.0,38.0,-43.0,,,,
911,185474.0,47848.0,44584.0,48112.0,43140.0,185473.0,3.4046921730041504,185475.0,45921.08203125,,,,,,,,,185472.0,448.0,23.0,938.0,-1068493311.0,140.0,-22.0,-57.0,-115.0,57.0,23.0,,,,
912,185484.0,44080.0,46114.0,50962.0,42408.0,185483.0,3.399413585662842,185485.0,45891.96484375,,,,,,,,,185482.0,450.0,23.0,937.0,-1069541886.0,141.0,-22.0,-58.0,-70.0,112.0,-56.0,,,,
913,185494.0,49072.0,45524.0,47270.0,41858.0,185493.0,3.399413585662842,185495.0,45931.921875,,,,,,,,,185492.0,451.0,23.0,937.0,-1069542910.0,142.0,-24.0,-58.0,-67.0,66.0,39.0,,,,
914,185504.0,46352.0,43942.0,50346.0,43124.0,185503.0,3.399413585662842,185505.0,45941.54296875,,,,,,,,,185502.0,454.0,23.0,936.0,-1069542911.0,145.0,-23.0,-60.0,21.0,41.0,-3.0,,,,
915,185514.0,47531.0,47639.0,48109.0,40705.0,185513.0,3.399413585662842,185515.0,45996.77734375,,,,,,,,,185512.0,456.0,23.0,935.0,-1069542910.0,147.0,-24.0,-60.0,49.0,69.0,-33.0,,,,
916,185524.0,48063.0,44085.0,48469.0,43287.0,185523.0,3.394134998321533,185525.0,45976.59375,,,,,,,,,185522.0,457.0,22.0,935.0,-1069542910.0,148.0,-27.0,-59.0,53.0,61.0,27.0,,,,
917,185534.0,48409.0,44517.0,48457.0,42377.0,185533.0,3.399413585662842,185535.0,45940.16015625,,,,,,,,,185532.0,457.0,22.0,934.0,-1069543935.0,147.0,-27.0,-60.0,103.0,70.0,11.0,,,,
918,185544.0,49761.0,48351.0,47561.0,38855.0,185543.0,3.394134998321533,185545.0,46132.1484375,,,,,,,,,185542.0,459.0,22.0,933.0,-1068495359.0,148.0,-28.0,-66.0,73.0,87.0,17.0,,,,
919,185554.0,47090.0,47400.0,48864.0,41362.0,185553.0,3.399413585662842,185555.0,46179.81640625,,,,,,,,,185552.0,461.0,21.0,932.0,-1068495359.0,149.0,-31.0,-68.0,122.0,51.0,-46.0,,,,
920,185564.0,49926.0,44608.0,47264.0,43190.0,185563.0,3.399413585662842,185565.0,46247.70703125,,,,,,,,,185562.0,464.0,22.0,931.0,-1068495359.0,153.0,-31.0,-71.0,32.0,-3.0,34.0,,,,
921,185574.0,47283.0,47145.0,49633.0,41207.0,185573.0,3.394134998321533,185575.0,46317.3515625,,,,,,,,,185572.0,466.0,22.0,931.0,-1068495359.0,155.0,-30.0,-75.0,19.0,95.0,-28.0,,,,
922,185584.0,50695.0,45129.0,47531.0,42413.0,185583.0,3.394134998321533,185585.0,46442.6171875,,,,,,,,,185582.0,469.0,21.0,930.0,-1068495359.0,157.0,-33.0,-79.0,-53.0,37.0,50.0,,,,
923,185594.0,45109.0,45265.0,53001.0,43933.0,185593.0,3.394134998321533,185595.0,46827.10546875,,,,,,,,,185592.0,472.0,21.0,928.0,-1068495359.0,160.0,-34.0,-90.0,-57.0,78.0,-40.0,,,,
924,185604.0,47423.0,47323.0,49959.0,42887.0,185603.0,3.394134998321533,185605.0,46898.4296875,,,,,,,,,185602.0,471.0,18.0,927.0,-1068496383.0,157.0,-40.0,-91.0,-126.0,124.0,-22.0,,,,
925,185614.0,46802.0,44058.0,51474.0,45554.0,185613.0,3.3888564109802246,185615.0,46972.609375,,,,,,,,,185612.0,472.0,21.0,926.0,-1069544959.0,157.0,-36.0,-91.0,-198.0,153.0,-7.0,,,,
926,185624.0,49633.0,45229.0,49683.0,43391.0,185623.0,3.3888564109802246,185625.0,46984.43359375,,,,,,,,,185622.0,475.0,21.0,925.0,-1069545983.0,159.0,-37.0,-90.0,-135.0,51.0,33.0,,,,
927,185634.0,46309.0,46447.0,51191.0,45033.0,185633.0,3.3888564109802246,185635.0,47245.75390625,,,,,,,,,185632.0,476.0,21.0,923.0,-1070594559.0,159.0,-38.0,-96.0,-143.0,107.0,-57.0,,,,
928,185644.0,47217.0,45997.0,51757.0,43993.0,185643.0,3.3888564109802246,185645.0,47241.56640625,,,,,,,,,185642.0,476.0,20.0,922.0,-1070595582.0,156.0,-39.0,-94.0,-113.0,104.0,48.0,,,,
929,185654.0,47667.0,46601.0,51387.0,43101.0,185653.0,3.3888564109802246,185655.0,47189.46484375,,,,,,,,,185652.0,479.0,22.0,921.0,-1071644159.0,158.0,-37.0,-92.0,-18.0,57.0,-18.0,,,,
930,185664.0,50647.0,47397.0,47699.0,43029.0,185663.0,3.3888564109802246,185665.0,47193.37109375,,,,,,,,,185662.0,480.0,20.0,920.0,-1071119870.0,158.0,-39.0,-91.0,-15.0,70.0,-6.0,,,,
931,185674.0,47072.0,47434.0,51220.0,43638.0,185673.0,3.3888564109802246,185675.0,47341.23828125,,,,,,,,,185672.0,482.0,20.0,918.0,-1071119870.0,158.0,-39.0,-94.0,71.0,-9.0,-48.0,,,,
932,185684.0,50143.0,47125.0,47707.0,44413.0,185683.0,3.3888564109802246,185685.0,47347.84375,,,,,,,,,185682.0,484.0,19.0,917.0,-1070071294.0,158.0,-40.0,-93.0,13.0,37.0,-16.0,,,,
933,185694.0,47917.0,49685.0,50067.0,41707.0,185693.0,3.3888564109802246,185695.0,47344.33203125,,,,,,,,,185692.0,486.0,19.0,916.0,-1070071294.0,160.0,-41.0,-90.0,50.0,124.0,-42.0,,,,
934,185704.0,49064.0,47110.0,50070.0,42868.0,185703.0,3.3888564109802246,185705.0,47278.4375,,,,,,,,,185702.0,488.0,19.0,915.0,-1070070270.0,159.0,-41.0,-87.0,-17.0,36.0,30.0,,,,
935,185714.0,50303.0,45847.0,48995.0,43879.0,185713.0,3.3888564109802246,185715.0,47256.2109375,,,,,,,,,185712.0,489.0,18.0,917.0,-1070070270.0,159.0,-42.0,-70.0,109.0,-40.0,9.0,,,,
936,185724.0,47520.0,47154.0,49010.0,43004.0,185723.0,3.3888564109802246,185725.0,46672.125,,,,,,,,,185722.0,495.0,20.0,917.0,-1070070270.0,165.0,-40.0,-67.0,33.0,88.0,-31.0,,,,
937,185734.0,47817.0,45387.0,50271.0,43093.0,185733.0,3.394134998321533,185735.0,46642.78125,,,,,,,,,185732.0,497.0,20.0,916.0,-1070070270.0,165.0,-40.0,-65.0,-7.0,58.0,36.0,,,,
938,185744.0,46704.0,44870.0,51360.0,43406.0,185743.0,3.394134998321533,185745.0,46585.7734375,,,,,,,,,185742.0,497.0,21.0,915.0,-1070070270.0,162.0,-39.0,-64.0,-58.0,102.0,0.0,,,,
939,185754.0,50623.0,47661.0,46943.0,40993.0,185753.0,3.394134998321533,185755.0,46555.81640625,,,,,,,,,185752.0,498.0,21.0,915.0,-1070069246.0,161.0,-39.0,-63.0,-6.0,80.0,-8.0,,,,
940,185764.0,44655.0,46719.0,52509.0,43817.0,185763.0,3.394134998321533,185765.0,46925.109375,,,,,,,,,185762.0,498.0,18.0,912.0,-1070069246.0,159.0,-43.0,-71.0,-101.0,140.0,-34.0,,,,
941,185774.0,47590.0,45386.0,50440.0,44024.0,185773.0,3.394134998321533,185775.0,46860.67578125,,,,,,,,,185772.0,502.0,19.0,911.0,-1071117822.0,161.0,-42.0,-68.0,-128.0,48.0,14.0,,,,
942,185784.0,47716.0,46196.0,49318.0,44002.0,185783.0,3.394134998321533,185785.0,46808.203125,,,,,,,,,185782.0,504.0,19.0,910.0,-1071116798.0,161.0,-43.0,-64.0,-156.0,162.0,-40.0,,,,
943,185794.0,52167.0,44515.0,45857.0,44313.0,185793.0,3.394134998321533,185795.0,46713.82421875,,,,,,,,,185792.0,505.0,18.0,910.0,-1071116798.0,163.0,-44.0,-64.0,-148.0,92.0,39.0,,,,
944,185804.0,46266.0,45338.0,51294.0,43098.0,185803.0,3.394134998321533,185805.0,46499.625,,,,,,,,,185802.0,508.0,18.0,910.0,-1072165374.0,163.0,-44.0,-57.0,-30.0,-29.0,-16.0,,,,
945,185814.0,47982.0,45668.0,48026.0,44116.0,185813.0,3.394134998321533,185815.0,46448.1640625,,,,,,,,,185812.0,511.0,18.0,910.0,-1072165374.0,164.0,-43.0,-54.0,-68.0,42.0,-47.0,,,,
946,185824.0,48068.0,44630.0,48580.0,44330.0,185823.0,3.394134998321533,185825.0,46402.55859375,,,,,,,,,185822.0,512.0,19.0,909.0,-1072165374.0,164.0,-42.0,-53.0,-56.0,31.0,19.0,,,,
947,185834.0,50070.0,43440.0,47528.0,44710.0,185833.0,3.399413585662842,185835.0,46437.703125,,,,,,,,,185832.0,514.0,19.0,909.0,-1072165374.0,164.0,-42.0,-53.0,-43.0,-44.0,10.0,,,,
948,185844.0,46704.0,46250.0,48760.0,42842.0,185843.0,3.399413585662842,185845.0,46139.02734375,,,,,,,,,185842.0,517.0,19.0,909.0,-1073213950.0,163.0,-42.0,-46.0,45.0,-9.0,-59.0,,,,
949,185854.0,46026.0,46690.0,48988.0,42844.0,185853.0,3.399413585662842,185855.0,46137.9453125,,,,,,,,,185852.0,517.0,16.0,909.0,-1072165374.0,161.0,-45.0,-46.0,-16.0,35.0,-36.0,,,,
950,185864.0,46838.0,45464.0,48572.0,43618.0,185863.0,3.399413585662842,185865.0,46123.8515625,,,,,,,,,185862.0,520.0,16.0,909.0,-1072165374.0,162.0,-45.0,-44.0,37.0,43.0,-17.0,,,,
951,185874.0,47333.0,47643.0,47339.0,42033.0,185873.0,3.399413585662842,185875.0,46087.9609375,,,,,,,,,185872.0,522.0,15.0,908.0,-1072165374.0,161.0,-45.0,-44.0,-19.0,126.0,-70.0,,,,
952,185884.0,46436.0,47902.0,49458.0,40528.0,185883.0,3.399413585662842,185885.0,46081.23046875,,,,,,,,,185882.0,519.0,15.0,908.0,-1072164349.0,155.0,-45.0,-43.0,28.0,87.0,4.0,,,,
953,185894.0,48503.0,46123.0,47181.0,43321.0,185893.0,3.399413585662842,185895.0,46282.0625,,,,,,,,,185892.0,521.0,14.0,906.0,-1072164349.0,154.0,-45.0,-49.0,17.0,107.0,-36.0,,,,
954,185904.0,44146.0,48472.0,50602.0,41776.0,185903.0,3.399413585662842,185905.0,46249.1875,,,,,,,,,185902.0,523.0,17.0,906.0,-1072164349.0,153.0,-41.0,-49.0,0.0,124.0,-54.0,,,,
955,185914.0,46989.0,46069.0,49091.0,42903.0,185913.0,3.399413585662842,185915.0,46263.05078125,,,,,,,,,185912.0,524.0,17.0,905.0,-1072163325.0,151.0,-40.0,-48.0,-57.0,131.0,8.0,,,,
956,185924.0,48672.0,44912.0,48838.0,42398.0,185923.0,3.399413585662842,185925.0,46205.1328125,,,,,,,,,185922.0,528.0,17.0,905.0,-1072163325.0,154.0,-39.0,-47.0,-24.0,36.0,28.0,,,,
957,185934.0,46633.0,46235.0,49187.0,42177.0,185933.0,3.394134998321533,185935.0,46058.85546875,,,,,,,,,185932.0,530.0,17.0,906.0,-1073211901.0,152.0,-40.0,-42.0,-14.0,28.0,-43.0,,,,
958,185944.0,45585.0,45101.0,49295.0,44403.0,185943.0,3.394134998321533,185945.0,46096.23046875,,,,,,,,,185942.0,532.0,18.0,905.0,-1073211901.0,153.0,-38.0,-45.0,-43.0,-6.0,-35.0,,,,
959,185954.0,49233.0,44475.0,46817.0,43995.0,185953.0,3.394134998321533,185955.0,46130.78125,,,,,,,,,185952.0,531.0,18.0,905.0,-1073210877.0,148.0,-37.0,-47.0,-26.0,-43.0,8.0,,,,
960,185964.0,46271.0,45729.0,49417.0,43347.0,185963.0,3.394134998321533,185965.0,46191.40234375,,,,,,,,,185962.0,534.0,18.0,904.0,-1073211901.0,148.0,-36.0,-49.0,-71.0,-53.0,-30.0,,,,
961,185974.0,48660.0,45500.0,47328.0,44240.0,185973.0,3.394134998321533,185976.0,46432.828125,,,,,,,,,185972.0,538.0,18.0,902.0,-536340989.0,150.0,-36.0,-56.0,-36.0,-58.0,-14.0,,,,
962,185984.0,49268.0,44966.0,46720.0,45162.0,185983.0,3.394134998321533,185985.0,46529.67578125,,,,,,,,,185982.0,539.0,17.0,902.0,-536340989.0,148.0,-37.0,-59.0,-2.0,-36.0,-38.0,,,,
963,185994.0,47851.0,46701.0,48081.0,43687.0,185993.0,3.394134998321533,185995.0,46580.41796875,,,,,,,,,185992.0,541.0,18.0,901.0,-536340989.0,148.0,-35.0,-62.0,-25.0,-65.0,-52.0,,,,
964,186004.0,46290.0,45698.0,50116.0,44348.0,186003.0,3.394134998321533,186005.0,46613.84765625,,,,,,,,,186002.0,543.0,18.0,901.0,-536342013.0,147.0,-34.0,-63.0,-17.0,14.0,0.0,,,,
965,186014.0,50082.0,44836.0,48466.0,43184.0,186013.0,3.394134998321533,186015.0,46642.4765625,,,,,,,,,186012.0,540.0,17.0,900.0,-535292412.0,139.0,-35.0,-63.0,0.0,-43.0,59.0,,,,
966,186024.0,45949.0,46247.0,50743.0,41509.0,186023.0,3.394134998321533,186025.0,46112.5546875,,,,,,,,,186022.0,541.0,15.0,902.0,-535292413.0,137.0,-37.0,-48.0,96.0,-55.0,-20.0,,,,
967,186034.0,48206.0,47144.0,46898.0,42284.0,186033.0,3.3888564109802246,186035.0,46133.7265625,,,,,,,,,186032.0,543.0,15.0,902.0,-536342013.0,137.0,-37.0,-48.0,85.0,-9.0,-28.0,,,,
968,186044.0,46903.0,47265.0,48307.0,42097.0,186043.0,3.3888564109802246,186045.0,46143.91015625,,,,,,,,,186042.0,544.0,14.0,901.0,-536342013.0,135.0,-37.0,-49.0,30.0,71.0,-26.0,,,,
969,186054.0,47353.0,45733.0,48635.0,42823.0,186053.0,3.394134998321533,186055.0,46136.23046875,,,,,,,,,186052.0,546.0,17.0,901.0,-536342012.0,135.0,-32.0,-50.0,49.0,-27.0,-6.0,,,,
970,186064.0,46964.0,47058.0,48080.0,41954.0,186063.0,3.394134998321533,186065.0,46014.828125,,,,,,,,,186062.0,547.0,17.0,901.0,-1073211900.0,134.0,-32.0,-46.0,40.0,50.0,-27.0,,,,
971,186074.0,47461.0,46909.0,48275.0,41375.0,186073.0,3.394134998321533,186075.0,46005.7890625,,,,,,,,,186072.0,547.0,17.0,901.0,-1073211900.0,130.0,-32.0,-46.0,66.0,-42.0,1.0,,,,
972,186084.0,46886.0,45662.0,48516.0,43180.0,186083.0,3.394134998321533,186085.0,46061.66015625,,,,,,,,,186082.0,548.0,18.0,900.0,-1073211900.0,128.0,-31.0,-48.0,-31.0,21.0,-8.0,,,,
973,186094.0,43996.0,46582.0,51612.0,42074.0,186093.0,3.394134998321533,186095.0,46066.51953125,,,,,,,,,186092.0,549.0,17.0,900.0,-1072163324.0,127.0,-31.0,-49.0,-9.0,-26.0,-6.0,,,,
974,186104.0,47003.0,43687.0,48441.0,42573.0,186103.0,3.394134998321533,186105.0,45426.72265625,,,,,,,,,186102.0,549.0,19.0,903.0,-1073211900.0,125.0,-28.0,-31.0,-59.0,-25.0,20.0,,,,
975,186114.0,46466.0,44500.0,49170.0,41784.0,186113.0,3.394134998321533,186115.0,45480.8828125,,,,,,,,,186112.0,552.0,19.0,902.0,-1073211900.0,125.0,-27.0,-33.0,55.0,-181.0,10.0,,,,
976,186124.0,47402.0,44052.0,46570.0,43972.0,186123.0,3.399413585662842,186125.0,45499.61328125,,,,,,,,,186122.0,553.0,20.0,902.0,-1073212924.0,124.0,-25.0,-35.0,-12.0,-79.0,-25.0,,,,
977,186134.0,46370.0,44096.0,48910.0,42960.0,186133.0,3.399413585662842,186135.0,45584.59765625,,,,,,,,,186132.0,553.0,19.0,901.0,-1073212924.0,121.0,-27.0,-38.0,2.0,-133.0,12.0,,,,
978,186144.0,47350.0,43670.0,48316.0,42972.0,186143.0,3.399413585662842,186145.0,45577.7265625,,,,,,,,,186142.0,554.0,18.0,901.0,-1073213948.0,120.0,-27.0,-39.0,-18.0,-138.0,15.0,,,,
979,186154.0,51356.0,43412.0,45094.0,43370.0,186153.0,3.399413585662842,186155.0,45808.0546875,,,,,,,,,186152.0,559.0,25.0,899.0,-1073213948.0,125.0,-18.0,-46.0,19.0,-137.0,31.0,,,,
980,186164.0,47738.0,44662.0,47444.0,43456.0,186163.0,3.399413585662842,186165.0,45825.3671875,,,,,,,,,186162.0,561.0,21.0,899.0,-1073214972.0,125.0,-22.0,-46.0,34.0,-102.0,-42.0,,,,
981,186174.0,47558.0,44788.0,48038.0,42964.0,186173.0,3.399413585662842,186175.0,45837.1796875,,,,,,,,,186172.0,561.0,21.0,898.0,-1073214972.0,122.0,-23.0,-48.0,65.0,-127.0,22.0,,,,
982,186184.0,47387.0,45639.0,48025.0,42465.0,186183.0,3.399413585662842,186185.0,45879.12109375,,,,,,,,,186182.0,562.0,19.0,898.0,-1072167420.0,122.0,-25.0,-49.0,84.0,-117.0,-35.0,,,,
983,186194.0,46680.0,43738.0,48128.0,42714.0,186193.0,3.399413585662842,186195.0,45315.1875,,,,,,,,,186192.0,565.0,21.0,901.0,-1072167420.0,123.0,-22.0,-33.0,49.0,-42.0,0.0,,,,
984,186204.0,50125.0,43991.0,45423.0,41493.0,186203.0,3.399413585662842,186205.0,45258.62109375,,,,,,,,,186202.0,566.0,21.0,900.0,-1072167420.0,123.0,-22.0,-32.0,75.0,-106.0,53.0,,,,
985,186214.0,45747.0,44801.0,47661.0,42647.0,186213.0,3.399413585662842,186215.0,45214.06640625,,,,,,,,,186212.0,567.0,21.0,900.0,-1072168444.0,123.0,-23.0,-30.0,79.0,6.0,-61.0,,,,
986,186224.0,46401.0,46631.0,46419.0,41189.0,186223.0,3.399413585662842,186225.0,45160.2109375,,,,,,,,,186222.0,569.0,20.0,900.0,-1071119868.0,123.0,-23.0,-29.0,64.0,49.0,-35.0,,,,
987,186234.0,45241.0,44339.0,48205.0,42023.0,186233.0,3.4046921730041504,186235.0,44952.00390625,,,,,,,,,186232.0,568.0,19.0,900.0,-1071119868.0,120.0,-26.0,-23.0,38.0,31.0,-4.0,,,,
988,186244.0,48313.0,46513.0,46039.0,38811.0,186243.0,3.4046921730041504,186245.0,44919.49609375,,,,,,,,,186242.0,569.0,20.0,900.0,-1071119868.0,121.0,-24.0,-24.0,31.0,0.0,21.0,,,,
989,186254.0,44691.0,47891.0,47971.0,39091.0,186253.0,3.4046921730041504,186255.0,44911.90625,,,,,,,,,186252.0,570.0,18.0,900.0,-1071119868.0,120.0,-28.0,-25.0,97.0,53.0,-56.0,,,,
990,186264.0,44717.0,45011.0,48649.0,41447.0,186263.0,3.4046921730041504,186265.0,44956.09765625,,,,,,,,,186262.0,573.0,20.0,900.0,-1071119868.0,122.0,-25.0,-27.0,-4.0,65.0,0.0,,,,
991,186274.0,47322.0,45574.0,46880.0,40984.0,186273.0,3.4046921730041504,186275.0,45190.9921875,,,,,,,,,186272.0,573.0,18.0,898.0,-1070070268.0,120.0,-27.0,-35.0,26.0,-65.0,-9.0,,,,
992,186284.0,45263.0,44633.0,48773.0,42515.0,186283.0,3.4046921730041504,186285.0,45296.296875,,,,,,,,,186282.0,574.0,18.0,898.0,-1070070268.0,120.0,-28.0,-39.0,-17.0,2.0,-25.0,,,,
993,186294.0,48511.0,44573.0,46431.0,41933.0,186293.0,3.4046921730041504,186295.0,45362.60546875,,,,,,,,,186292.0,575.0,18.0,898.0,-1070070268.0,118.0,-28.0,-43.0,16.0,-81.0,4.0,,,,
994,186304.0,46961.0,43517.0,47689.0,43473.0,186303.0,3.4046921730041504,186305.0,45410.82421875,,,,,,,,,186302.0,576.0,18.0,897.0,-1070070268.0,118.0,-29.0,-46.0,-72.0,-87.0,-24.0,,,,
995,186314.0,46031.0,44037.0,47929.0,43851.0,186313.0,3.399413585662842,186315.0,45462.515625,,,,,,,,,186312.0,580.0,19.0,897.0,-1070071292.0,122.0,-26.0,-48.0,-13.0,-84.0,-37.0,,,,
996,186324.0,46050.0,43570.0,48302.0,42998.0,186323.0,3.4046921730041504,186325.0,45230.62890625,,,,,,,,,186322.0,581.0,18.0,897.0,-1071644156.0,121.0,-28.0,-42.0,-128.0,-53.0,14.0,,,,
997,186334.0,51090.0,41570.0,44358.0,44034.0,186333.0,3.399413585662842,186335.0,45263.453125,,,,,,,,,186332.0,582.0,18.0,897.0,-1071644156.0,121.0,-29.0,-43.0,0.0,-169.0,54.0,,,,
998,186344.0,45096.0,43578.0,49064.0,43526.0,186343.0,3.399413585662842,186345.0,45316.41015625,,,,,,,,,186342.0,583.0,18.0,897.0,-1071643132.0,122.0,-29.0,-46.0,-70.0,-58.0,-14.0,,,,
999,186354.0,44167.0,45065.0,50371.0,41997.0,186353.0,3.399413585662842,186355.0,45400.71484375,,,,,,,,,186352.0,584.0,17.0,896.0,-1071643132.0,122.0,-30.0,-50.0,48.0,-97.0,-13.0,,,,
1000,186364.0,50566.0,43666.0,45556.0,43812.0,186363.0,3.399413585662842,186365.0,45900.94140625,,,,,,,,,186362.0,576.0,15.0,894.0,-1071643132.0,108.0,-34.0,-66.0,-56.0,-41.0,38.0,,,,
1001,186374.0,45951.0,45757.0,50253.0,41883.0,186373.0,3.399413585662842,186375.0,45961.73828125,,,,,,,,,186372.0,577.0,14.0,893.0,-1071643132.0,108.0,-36.0,-69.0,-30.0,-39.0,-25.0,,,,
1002,186384.0,50396.0,45918.0,45752.0,42002.0,186383.0,3.394134998321533,186385.0,46017.88671875,,,,,,,,,186382.0,580.0,15.0,892.0,-1071642108.0,112.0,-33.0,-70.0,50.0,-113.0,12.0,,,,
1003,186394.0,46910.0,44946.0,48792.0,43444.0,186393.0,3.394134998321533,186395.0,46023.05859375,,,,,,,,,186392.0,581.0,15.0,892.0,-1072690684.0,112.0,-34.0,-71.0,-8.0,25.0,-16.0,,,,
1004,186404.0,47120.0,46916.0,47684.0,40852.0,186403.0,3.394134998321533,186405.0,45643.6796875,,,,,,,,,186402.0,582.0,14.0,893.0,-1071642108.0,113.0,-34.0,-60.0,-26.0,-90.0,-25.0,,,,
1005,186414.0,45607.0,44075.0,48765.0,44325.0,186413.0,3.394134998321533,186415.0,45693.84765625,,,,,,,,,186412.0,584.0,23.0,892.0,-1072690684.0,114.0,-21.0,-61.0,-32.0,24.0,-13.0,,,,
1006,186424.0,48209.0,44713.0,47659.0,42211.0,186423.0,3.394134998321533,186425.0,45698.68359375,,,,,,,,,186422.0,586.0,22.0,892.0,-1072690684.0,116.0,-23.0,-62.0,-11.0,-45.0,22.0,,,,
1007,186434.0,45090.0,45298.0,49942.0,42678.0,186433.0,3.394134998321533,186435.0,45752.1015625,,,,,,,,,186432.0,587.0,22.0,891.0,-1072690684.0,116.0,-23.0,-63.0,22.0,-121.0,-30.0,,,,
1008,186444.0,47395.0,47187.0,46971.0,41699.0,186443.0,3.394134998321533,186445.0,45813.08984375,,,,,,,,,186442.0,587.0,20.0,890.0,-1072689660.0,115.0,-26.0,-66.0,74.0,-25.0,-26.0,,,,
1009,186454.0,46345.0,47475.0,49349.0,41347.0,186453.0,3.399413585662842,186455.0,46129.125,,,,,,,,,186452.0,589.0,22.0,888.0,-1072689660.0,117.0,-23.0,-75.0,-9.0,-30.0,-2.0,,,,
1010,186464.0,49567.0,44911.0,46973.0,43029.0,186463.0,3.399413585662842,186465.0,46120.30859375,,,,,,,,,186462.0,589.0,20.0,888.0,-1072689660.0,116.0,-25.0,-75.0,38.0,-52.0,31.0,,,,
1011,186474.0,51202.0,44710.0,45564.0,42972.0,186473.0,3.394134998321533,186475.0,46112.0546875,,,,,,,,,186472.0,591.0,20.0,887.0,-1072689660.0,119.0,-26.0,-75.0,77.0,-36.0,36.0,,,,
1012,186484.0,48562.0,47816.0,47752.0,40482.0,186483.0,3.394134998321533,186485.0,46153.75,,,,,,,,,186482.0,593.0,21.0,886.0,-1071641084.0,120.0,-24.0,-75.0,151.0,-34.0,-14.0,,,,
1013,186494.0,49073.0,44355.0,46771.0,43445.0,186493.0,3.394134998321533,186495.0,45911.87890625,,,,,,,,,186492.0,594.0,21.0,887.0,-1071640060.0,120.0,-24.0,-68.0,75.0,-66.0,32.0,,,,
1014,186504.0,47503.0,45621.0,48463.0,42213.0,186503.0,3.394134998321533,186505.0,45950.57421875,,,,,,,,,186502.0,597.0,20.0,886.0,-1070591484.0,124.0,-26.0,-69.0,112.0,-9.0,0.0,,,,
1015,186514.0,48366.0,45016.0,48148.0,42342.0,186513.0,3.394134998321533,186515.0,45968.66796875,,,,,,,,,186512.0,598.0,20.0,885.0,-1070591484.0,125.0,-27.0,-70.0,-2.0,9.0,25.0,,,,
1016,186524.0,49839.0,44349.0,47417.0,42231.0,186523.0,3.394134998321533,186525.0,45959.484375,,,,,,,,,186522.0,600.0,20.0,884.0,-1070591484.0,126.0,-27.0,-70.0,44.0,-94.0,52.0,,,,
1017,186534.0,45085.0,45777.0,50533.0,43149.0,186533.0,3.394134998321533,186535.0,46136.26953125,,,,,,,,,186532.0,601.0,20.0,883.0,-1070591484.0,127.0,-28.0,-75.0,-34.0,1.0,-34.0,,,,
1018,186544.0,46659.0,46035.0,49161.0,42677.0,186543.0,3.394134998321533,186545.0,46133.25,,,,,,,,,186542.0,602.0,19.0,882.0,-1070591484.0,128.0,-28.0,-75.0,-31.0,-10.0,9.0,,,,
1019,186554.0,48223.0,43517.0,49139.0,43837.0,186553.0,3.394134998321533,186555.0,46179.98046875,,,,,,,,,186552.0,603.0,23.0,882.0,-1070591484.0,129.0,-24.0,-76.0,-67.0,21.0,35.0,,,,
1020,186564.0,47299.0,45539.0,50027.0,41939.0,186563.0,3.394134998321533,186565.0,46201.6328125,,,,,,,,,186562.0,604.0,22.0,881.0,-1070591484.0,130.0,-25.0,-77.0,-50.0,-40.0,13.0,,,,
1021,186574.0,45908.0,45974.0,50140.0,43426.0,186573.0,3.394134998321533,186575.0,46362.87890625,,,,,,,,,186572.0,606.0,22.0,880.0,-1071640060.0,131.0,-26.0,-82.0,-13.0,75.0,-42.0,,,,
1022,186584.0,48248.0,44308.0,48650.0,44402.0,186583.0,3.394134998321533,186585.0,46402.1015625,,,,,,,,,186582.0,606.0,25.0,879.0,-1071640060.0,132.0,-21.0,-82.0,-30.0,43.0,27.0,,,,
1023,186594.0,45477.0,46811.0,51069.0,42227.0,186593.0,3.394134998321533,186595.0,46396.87890625,,,,,,,,,186592.0,607.0,24.0,878.0,-1071640060.0,131.0,-23.0,-82.0,-2.0,-15.0,-26.0,,,,
1024,186604.0,47822.0,46078.0,48092.0,44004.0,186603.0,3.3888564109802246,186605.0,46499.75,,,,,,,,,186602.0,608.0,24.0,877.0,-1071640060.0,133.0,-23.0,-85.0,-11.0,63.0,-21.0,,,,
1025,186614.0,48272.0,46808.0,48222.0,42750.0,186613.0,3.3888564109802246,186615.0,46513.9375,,,,,,,,,186612.0,611.0,24.0,876.0,-1071640060.0,136.0,-24.0,-85.0,103.0,-19.0,-2.0,,,,
1026,186624.0,47676.0,48252.0,47584.0,43580.0,186623.0,3.3888564109802246,186625.0,46773.984375,,,,,,,,,186622.0,613.0,23.0,874.0,-1071641084.0,138.0,-25.0,-93.0,78.0,-49.0,-66.0,,,,
1027,186634.0,46832.0,46140.0,49162.0,45158.0,186633.0,3.3888564109802246,186635.0,46823.57421875,,,,,,,,,186632.0,615.0,23.0,873.0,-1071640060.0,140.0,-26.0,-93.0,136.0,66.0,-10.0,,,,
1028,186644.0,56414.0,48030.0,41690.0,41242.0,186643.0,3.3888564109802246,186645.0,46844.5078125,,,,,,,,,186642.0,617.0,23.0,872.0,-1070591484.0,140.0,-26.0,-93.0,63.0,51.0,25.0,,,,
1029,186654.0,50220.0,43644.0,48020.0,45624.0,186653.0,3.3888564109802246,186655.0,46877.46484375,,,,,,,,,186652.0,618.0,21.0,871.0,-1070592508.0,141.0,-29.0,-93.0,126.0,-42.0,6.0,,,,
1030,186664.0,49560.0,47706.0,47326.0,41220.0,186663.0,3.3888564109802246,186665.0,46453.671875,,,,,,,,,186662.0,620.0,19.0,872.0,-1070592508.0,143.0,-32.0,-80.0,132.0,6.0,-5.0,,,,
1031,186674.0,48024.0,46314.0,48274.0,43148.0,186673.0,3.3888564109802246,186675.0,46440.68359375,,,,,,,,,186672.0,621.0,23.0,871.0,-1069543932.0,143.0,-27.0,-79.0,63.0,143.0,-27.0,,,,
1032,186684.0,49878.0,46156.0,47792.0,42390.0,186683.0,3.3888564109802246,186685.0,46554.53515625,,,,,,,,,186682.0,623.0,21.0,870.0,-1069543932.0,145.0,-30.0,-83.0,2.0,14.0,13.0,,,,
1033,186694.0,47108.0,47156.0,49798.0,42306.0,186693.0,3.3888564109802246,186695.0,46592.5546875,,,,,,,,,186692.0,624.0,21.0,870.0,-1069543932.0,146.0,-31.0,-84.0,-31.0,75.0,-41.0,,,,
1034,186704.0,49529.0,46319.0,49011.0,43105.0,186703.0,3.3888564109802246,186705.0,46991.82421875,,,,,,,,,186702.0,623.0,20.0,867.0,-1069543932.0,142.0,-33.0,-94.0,-30.0,37.0,53.0,,,,
1035,186714.0,44581.0,46161.0,53363.0,43807.0,186713.0,3.3888564109802246,186715.0,46978.85546875,,,,,,,,,186712.0,624.0,20.0,866.0,-1069544956.0,143.0,-35.0,-94.0,-85.0,95.0,-30.0,,,,
1036,186724.0,45467.0,46393.0,52121.0,43871.0,186723.0,3.3888564109802246,186725.0,46963.9921875,,,,,,,,,186722.0,624.0,29.0,865.0,-1069544956.0,142.0,-22.0,-93.0,-108.0,62.0,15.0,,,,
1037,186734.0,46384.0,44048.0,52354.0,45246.0,186733.0,3.3888564109802246,186735.0,47008.875,,,,,,,,,186732.0,626.0,25.0,864.0,-1070593532.0,142.0,-27.0,-93.0,-131.0,53.0,17.0,,,,
1038,186744.0,49913.0,43923.0,50083.0,44133.0,186743.0,3.3888564109802246,186745.0,47013.66015625,,,,,,,,,186742.0,628.0,26.0,863.0,-1070593532.0,145.0,-26.0,-93.0,-60.0,-48.0,78.0,,,,
1039,186754.0,51824.0,45240.0,46644.0,45184.0,186753.0,3.383577823638916,186755.0,47223.3515625,,,,,,,,,186752.0,631.0,27.0,861.0,-1071642108.0,146.0,-26.0,-97.0,-117.0,30.0,-26.0,,,,
1040,186764.0,48015.0,47113.0,49929.0,43795.0,186763.0,3.383577823638916,186765.0,47213.15234375,,,,,,,,,186762.0,632.0,26.0,860.0,-1071642108.0,147.0,-27.0,-96.0,-19.0,6.0,-14.0,,,,
1041,186774.0,50535.0,46357.0,48209.0,43807.0,186773.0,3.383577823638916,186775.0,47227.26171875,,,,,,,,,186772.0,632.0,22.0,859.0,-1071642108.0,145.0,-34.0,-97.0,45.0,-9.0,29.0,,,,
1042,186784.0,47614.0,48336.0,49864.0,43290.0,186783.0,3.383577823638916,186785.0,47276.19140625,,,,,,,,,186782.0,634.0,23.0,858.0,-1071642108.0,147.0,-33.0,-97.0,71.0,3.0,-63.0,,,,
1043,186794.0,48897.0,47505.0,48529.0,43825.0,186793.0,3.383577823638916,186795.0,47189.48046875,,,,,,,,,186792.0,636.0,22.0,858.0,-1071642108.0,147.0,-34.0,-94.0,65.0,9.0,12.0,,,,
1044,186804.0,48089.0,46603.0,49539.0,44685.0,186803.0,3.383577823638916,186805.0,47229.39453125,,,,,,,,,186802.0,639.0,31.0,857.0,-1071642108.0,150.0,-21.0,-93.0,155.0,-11.0,-39.0,,,,
1045,186814.0,48742.0,49852.0,48364.0,41950.0,186813.0,3.383577823638916,186815.0,47227.74609375,,,,,,,,,186812.0,640.0,28.0,856.0,-1070593532.0,149.0,-26.0,-93.0,112.0,44.0,-29.0,,,,
1046,186824.0,48005.0,45975.0,49699.0,45077.0,186823.0,3.383577823638916,186825.0,47189.6875,,,,,,,,,186822.0,642.0,27.0,855.0,-1070593532.0,152.0,-28.0,-91.0,71.0,75.0,-1.0,,,,
1047,186834.0,49812.0,47758.0,48010.0,41260.0,186833.0,3.383577823638916,186835.0,46710.24609375,,,,,,,,,186832.0,644.0,26.0,856.0,-1069544956.0,152.0,-29.0,-75.0,105.0,52.0,13.0,,,,
1048,186844.0,46515.0,49129.0,50951.0,39809.0,186843.0,3.383577823638916,186845.0,46601.3515625,,,,,,,,,186842.0,646.0,24.0,856.0,-1069545980.0,153.0,-33.0,-71.0,71.0,-9.0,-14.0,,,,
1049,186854.0,47113.0,46549.0,48559.0,43847.0,186853.0,3.3888564109802246,186855.0,46517.85546875,,,,,,,,,186852.0,647.0,24.0,855.0,-1069545980.0,153.0,-34.0,-66.0,62.0,88.0,-34.0,,,,
1050,186864.0,47332.0,46862.0,49048.0,42630.0,186863.0,3.3888564109802246,186865.0,46468.3515625,,,,,,,,,186862.0,648.0,24.0,854.0,-1069545980.0,152.0,-35.0,-65.0,17.0,136.0,15.0,,,,
1051,186874.0,48221.0,47003.0,48769.0,41859.0,186873.0,3.394134998321533,186875.0,46463.08984375,,,,,,,,,186872.0,650.0,27.0,854.0,-1069545980.0,154.0,-30.0,-65.0,-23.0,88.0,-1.0,,,,
1052,186884.0,48986.0,44880.0,48130.0,44304.0,186883.0,3.394134998321533,186885.0,46575.78515625,,,,,,,,,186882.0,652.0,27.0,852.0,-1069547004.0,154.0,-31.0,-67.0,-42.0,94.0,28.0,,,,
1053,186894.0,48703.0,46435.0,48529.0,42569.0,186893.0,3.394134998321533,186895.0,46559.16015625,,,,,,,,,186892.0,653.0,23.0,852.0,-1069022716.0,154.0,-37.0,-67.0,-14.0,11.0,-2.0,,,,
1054,186904.0,44877.0,45629.0,52079.0,43587.0,186903.0,3.3888564109802246,186905.0,46543.00390625,,,,,,,,,186902.0,657.0,27.0,851.0,-1069022716.0,156.0,-32.0,-65.0,-79.0,6.0,22.0,,,,
1055,186914.0,47492.0,45388.0,48568.0,44536.0,186913.0,3.3888564109802246,186915.0,46496.58203125,,,,,,,,,186912.0,657.0,24.0,850.0,-1069022716.0,154.0,-38.0,-64.0,-87.0,49.0,-18.0,,,,
1056,186924.0,50562.0,44940.0,48216.0,44074.0,186923.0,3.394134998321533,186925.0,46948.5859375,,,,,,,,,186922.0,660.0,22.0,847.0,-1069022716.0,157.0,-42.0,-77.0,-85.0,0.0,40.0,,,,
1057,186934.0,48809.0,45827.0,49639.0,43469.0,186933.0,3.3888564109802246,186935.0,46936.3828125,,,,,,,,,186932.0,661.0,21.0,846.0,-1069022716.0,157.0,-43.0,-75.0,4.0,-99.0,-8.0,,,,
1058,186944.0,49127.0,47133.0,47547.0,43857.0,186943.0,3.3888564109802246,186945.0,46916.1875,,,,,,,,,186942.0,663.0,22.0,845.0,-1070071292.0,157.0,-41.0,-75.0,-39.0,4.0,-24.0,,,,
1059,186954.0,46336.0,47032.0,50172.0,44248.0,186953.0,3.3888564109802246,186955.0,46947.96875,,,,,,,,,186952.0,665.0,20.0,845.0,-1070071292.0,157.0,-46.0,-74.0,-48.0,41.0,-37.0,,,,
1060,186964.0,47022.0,47710.0,50584.0,43068.0,186963.0,3.3888564109802246,186965.0,47096.35546875,,,,,,,,,186962.0,667.0,19.0,843.0,-1070071292.0,157.0,-47.0,-79.0,-35.0,-8.0,11.0,,,,
1061,186974.0,45892.0,48420.0,50696.0,43316.0,186973.0,3.3888564109802246,186975.0,47081.55859375,,,,,,,,,186972.0,669.0,22.0,842.0,-1070071292.0,158.0,-43.0,-78.0,-77.0,62.0,-67.0,,,,
1062,186984.0,48717.0,47427.0,48295.0,43849.0,186983.0,3.383577823638916,186985.0,47072.78125,,,,,,,,,186982.0,670.0,21.0,841.0,-1070071292.0,158.0,-44.0,-76.0,0.0,21.0,-5.0,,,,
1063,186994.0,46911.0,46695.0,49871.0,44419.0,186993.0,3.383577823638916,186995.0,46974.69921875,,,,,,,,,186992.0,670.0,22.0,841.0,-1071118844.0,155.0,-43.0,-73.0,-37.0,102.0,-25.0,,,,
1064,187004.0,46380.0,49614.0,49782.0,40400.0,187003.0,3.383577823638916,187005.0,46544.64453125,,,,,,,,,187002.0,673.0,19.0,842.0,-1070070268.0,156.0,-47.0,-58.0,-71.0,94.0,-34.0,,,,
1065,187014.0,46875.0,43397.0,49793.0,45759.0,187013.0,3.383577823638916,187015.0,46456.72265625,,,,,,,,,187012.0,674.0,19.0,841.0,-1071118844.0,156.0,-47.0,-56.0,-21.0,131.0,-3.0,,,,
1066,187024.0,49883.0,46233.0,47779.0,41805.0,187023.0,3.3888564109802246,187025.0,46425.5703125,,,,,,,,,187022.0,675.0,22.0,841.0,-1071117819.0,154.0,-43.0,-55.0,15.0,87.0,25.0,,,,
1067,187034.0,47545.0,50109.0,48767.0,39123.0,187033.0,3.3888564109802246,187035.0,46386.45703125,,,,,,,,,187032.0,678.0,20.0,840.0,-1071117820.0,153.0,-46.0,-52.0,-9.0,22.0,-1.0,,,,
1068,187044.0,47497.0,47245.0,48141.0,42453.0,187043.0,3.3888564109802246,187045.0,46334.49609375,,,,,,,,,187042.0,678.0,20.0,840.0,-1071117820.0,153.0,-46.0,-52.0,1.0,50.0,-24.0,,,,
1069,187054.0,48054.0,44542.0,48226.0,43718.0,187053.0,3.394134998321533,187055.0,46135.109375,,,,,,,,,187052.0,681.0,19.0,840.0,-1071116796.0,152.0,-47.0,-44.0,0.0,59.0,23.0,,,,
1070,187064.0,44365.0,46051.0,51455.0,42449.0,187063.0,3.394134998321533,187065.0,46080.66015625,,,,,,,,,187062.0,684.0,22.0,840.0,-1071117820.0,156.0,-42.0,-44.0,-66.0,-3.0,-25.0,,,,
1071,187074.0,48266.0,45050.0,47458.0,43554.0,187073.0,3.394134998321533,187075.0,46082.1328125,,,,,,,,,187072.0,688.0,17.0,839.0,-1071116796.0,157.0,-50.0,-42.0,-82.0,29.0,-10.0,,,,
1072,187084.0,45043.0,45325.0,50013.0,43719.0,187083.0,3.394134998321533,187085.0,46025.6875,,,,,,,,,187082.0,686.0,18.0,839.0,-1071116796.0,153.0,-49.0,-42.0,-78.0,28.0,-19.0,,,,
1073,187094.0,46842.0,46558.0,49312.0,42572.0,187093.0,3.394134998321533,187095.0,46321.12890625,,,,,,,,,187092.0,689.0,18.0,836.0,-1072165371.0,152.0,-48.0,-51.0,-117.0,-23.0,2.0,,,,
1074,187104.0,46911.0,45907.0,48567.0,43883.0,187103.0,3.394134998321533,187105.0,46317.44921875,,,,,,,,,187102.0,689.0,18.0,836.0,-1072165371.0,152.0,-48.0,-51.0,-88.0,-38.0,-35.0,,,,
1075,187114.0,50378.0,44718.0,46510.0,43574.0,187113.0,3.394134998321533,187115.0,46295.94140625,,,,,,,,,187112.0,694.0,20.0,835.0,-1073214971.0,154.0,-43.0,-51.0,-113.0,-29.0,44.0,,,,
1076,187124.0,47651.0,44759.0,49479.0,43275.0,187123.0,3.394134998321533,187125.0,46291.92578125,,,,,,,,,187122.0,695.0,21.0,835.0,-1073214971.0,155.0,-42.0,-51.0,20.0,-137.0,6.0,,,,
1077,187134.0,49185.0,45909.0,46691.0,42855.0,187133.0,3.3888564109802246,187135.0,46160.13671875,,,,,,,,,187132.0,698.0,20.0,835.0,-536344059.0,154.0,-42.0,-47.0,-19.0,-16.0,-22.0,,,,
1078,187144.0,44995.0,46803.0,49713.0,42885.0,187143.0,3.394134998321533,187145.0,46099.73828125,,,,,,,,,187142.0,698.0,20.0,835.0,-536344059.0,154.0,-42.0,-47.0,7.0,23.0,-53.0,,,,
1079,187154.0,49932.0,45780.0,46456.0,42328.0,187153.0,3.394134998321533,187155.0,46124.80859375,,,,,,,,,187152.0,693.0,22.0,834.0,-536344059.0,140.0,-38.0,-46.0,11.0,25.0,36.0,,,,
1080,187164.0,44989.0,48931.0,50127.0,40205.0,187163.0,3.394134998321533,187165.0,46063.41796875,,,,,,,,,187162.0,693.0,22.0,834.0,-536344059.0,141.0,-38.0,-46.0,36.0,72.0,-57.0,,,,
1081,187174.0,48352.0,45964.0,47730.0,42590.0,187173.0,3.394134998321533,187175.0,46159.28515625,,,,,,,,,187172.0,696.0,21.0,833.0,-1073213947.0,140.0,-38.0,-49.0,16.0,87.0,5.0,,,,
1082,187184.0,45496.0,47412.0,49554.0,42106.0,187183.0,3.394134998321533,187185.0,46142.859375,,,,,,,,,187182.0,697.0,21.0,833.0,-1073213947.0,141.0,-38.0,-50.0,68.0,48.0,-44.0,,,,
1083,187194.0,48494.0,48598.0,46880.0,40648.0,187193.0,3.394134998321533,187195.0,46155.2578125,,,,,,,,,187192.0,700.0,20.0,832.0,-1072165371.0,139.0,-38.0,-51.0,44.0,26.0,-39.0,,,,
1084,187204.0,46544.0,45996.0,48760.0,43300.0,187203.0,3.394134998321533,187205.0,46150.34375,,,,,,,,,187202.0,700.0,20.0,832.0,-1072165371.0,139.0,-38.0,-51.0,43.0,17.0,2.0,,,,
1085,187214.0,50494.0,45016.0,46052.0,42778.0,187213.0,3.394134998321533,187215.0,46085.2265625,,,,,,,,,187212.0,704.0,20.0,831.0,-1072165371.0,140.0,-38.0,-49.0,45.0,-78.0,38.0,,,,
1086,187224.0,49858.0,46248.0,46054.0,41104.0,187223.0,3.394134998321533,187225.0,45816.09375,,,,,,,,,187222.0,707.0,20.0,832.0,-1072165371.0,144.0,-38.0,-41.0,75.0,-157.0,7.0,,,,
1087,187234.0,48147.0,44633.0,46891.0,43861.0,187233.0,3.394134998321533,187235.0,45883.28515625,,,,,,,,,187232.0,710.0,19.0,831.0,-1072166395.0,143.0,-39.0,-44.0,39.0,-112.0,-17.0,,,,
1088,187244.0,47501.0,44703.0,47687.0,43401.0,187243.0,3.394134998321533,187245.0,45823.67578125,,,,,,,,,187242.0,710.0,19.0,831.0,-1072166395.0,143.0,-39.0,-44.0,-27.0,-87.0,17.0,,,,
1089,187254.0,47975.0,43923.0,47555.0,44439.0,187253.0,3.394134998321533,187255.0,45973.69140625,,,,,,,,,187252.0,712.0,18.0,830.0,-1072167419.0,142.0,-40.0,-49.0,-79.0,-121.0,4.0,,,,
1090,187264.0,48182.0,44364.0,47724.0,43658.0,187263.0,3.394134998321533,187265.0,45982.50390625,,,,,,,,,187262.0,712.0,18.0,830.0,-1072167419.0,142.0,-40.0,-51.0,-93.0,-53.0,13.0,,,,
1091,187274.0,44041.0,44491.0,51723.0,43989.0,187273.0,3.394134998321533,187275.0,46061.80859375,,,,,,,,,187272.0,710.0,34.0,829.0,-1073215995.0,136.0,-16.0,-53.0,-47.0,-98.0,-7.0,,,,
1092,187284.0,47375.0,43501.0,48815.0,44717.0,187283.0,3.394134998321533,187285.0,46102.875,,,,,,,,,187282.0,712.0,34.0,829.0,-1073215995.0,136.0,-15.0,-56.0,-84.0,-29.0,15.0,,,,
1093,187294.0,45060.0,44344.0,51160.0,43792.0,187293.0,3.3888564109802246,187295.0,46089.85546875,,,,,,,,,187292.0,714.0,29.0,828.0,-1073215995.0,137.0,-23.0,-56.0,-10.0,0.0,-5.0,,,,
1094,187304.0,46642.0,45298.0,49456.0,43204.0,187303.0,3.3888564109802246,187305.0,46150.26171875,,,,,,,,,187302.0,716.0,29.0,828.0,-1073215995.0,137.0,-23.0,-57.0,-18.0,24.0,6.0,,,,
1095,187314.0,49446.0,45624.0,47462.0,42144.0,187313.0,3.394134998321533,187315.0,46169.8828125,,,,,,,,,187312.0,716.0,29.0,827.0,-536345083.0,135.0,-22.0,-58.0,79.0,-51.0,35.0,,,,
1096,187324.0,46681.0,47781.0,48927.0,41359.0,187323.0,3.3888564109802246,187325.0,46187.171875,,,,,,,,,187322.0,719.0,29.0,826.0,-536345083.0,138.0,-21.0,-58.0,165.0,-8.0,-41.0,,,,
1097,187334.0,47679.0,48303.0,46843.0,41907.0,187333.0,3.3888564109802246,187335.0,46183.9609375,,,,,,,,,187332.0,719.0,29.0,826.0,-1073217019.0,134.0,-21.0,-59.0,185.0,-10.0,-38.0,,,,
1098,187344.0,46802.0,47444.0,48070.0,42460.0,187343.0,3.3888564109802246,187346.0,46194.9375,,,,,,,,,187342.0,720.0,29.0,825.0,-1072168443.0,134.0,-21.0,-60.0,154.0,52.0,-18.0,,,,
1099,187354.0,45630.0,48458.0,48582.0,40106.0,187353.0,3.394134998321533,187355.0,45694.1640625,,,,,,,,,187352.0,720.0,31.0,828.0,-1071118843.0,132.0,-19.0,-45.0,207.0,-51.0,-24.0,,,,
1100,187364.0,46703.0,48055.0,46341.0,41581.0,187363.0,3.394134998321533,187365.0,45670.63671875,,,,,,,,,187362.0,720.0,28.0,827.0,-1071118843.0,131.0,-22.0,-45.0,188.0,45.0,-40.0,,,,
1101,187374.0,49764.0,47148.0,45292.0,40520.0,187373.0,3.394134998321533,187375.0,45681.859375,,,,,,,,,187372.0,721.0,28.0,827.0,-1070070267.0,129.0,-23.0,-45.0,181.0,-39.0,24.0,,,,
1102,187384.0,46776.0,46704.0,47530.0,41690.0,187383.0,3.394134998321533,187385.0,45675.75,,,,,,,,,187382.0,724.0,29.0,826.0,-1069021691.0,132.0,-22.0,-46.0,127.0,-17.0,-28.0,,,,
1103,187394.0,46917.0,45987.0,48141.0,43391.0,187393.0,3.394134998321533,187395.0,46109.078125,,,,,,,,,187392.0,725.0,31.0,824.0,-1069022715.0,131.0,-20.0,-60.0,117.0,-58.0,-10.0,,,,
1104,187404.0,48905.0,44929.0,47213.0,43789.0,187403.0,3.394134998321533,187405.0,46209.546875,,,,,,,,,187402.0,727.0,29.0,823.0,-1067974139.0,132.0,-23.0,-63.0,-4.0,-46.0,16.0,,,,
1105,187414.0,47873.0,44591.0,48769.0,43643.0,187413.0,3.3888564109802246,187415.0,46219.09375,,,,,,,,,187412.0,728.0,30.0,822.0,-1067974139.0,132.0,-23.0,-64.0,47.0,-232.0,18.0,,,,
1106,187424.0,47909.0,44757.0,47023.0,45379.0,187423.0,3.3888564109802246,187425.0,46267.6796875,,,,,,,,,187422.0,731.0,29.0,822.0,-1068498427.0,134.0,-26.0,-65.0,-44.0,-86.0,-33.0,,,,
1107,187434.0,46129.0,44377.0,49887.0,43919.0,187433.0,3.3888564109802246,187435.0,46078.87109375,,,,,,,,,187432.0,732.0,28.0,822.0,-1068497403.0,134.0,-28.0,-59.0,5.0,-139.0,26.0,,,,
1108,187444.0,46301.0,43865.0,50047.0,43963.0,187443.0,3.3888564109802246,187445.0,46044.02734375,,,,,,,,,187442.0,734.0,28.0,821.0,-1068497403.0,135.0,-29.0,-59.0,-100.0,-91.0,15.0,,,,
1109,187454.0,47429.0,44849.0,49087.0,42895.0,187453.0,3.3888564109802246,187455.0,46065.921875,,,,,,,,,187452.0,735.0,31.0,821.0,-1068496379.0,135.0,-25.0,-58.0,-70.0,-121.0,43.0,,,,
1110,187464.0,44827.0,45931.0,50403.0,43171.0,187463.0,3.3888564109802246,187465.0,46083.9921875,,,,,,,,,187462.0,737.0,27.0,820.0,-1069544955.0,137.0,-31.0,-60.0,-32.0,-59.0,-38.0,,,,
1111,187474.0,48205.0,44629.0,47583.0,44039.0,187473.0,3.3888564109802246,187475.0,46114.78515625,,,,,,,,,187472.0,739.0,27.0,820.0,-1069544955.0,138.0,-32.0,-60.0,-51.0,7.0,38.0,,,,
1112,187484.0,46453.0,47643.0,49067.0,40473.0,187483.0,3.3888564109802246,187485.0,45909.92578125,,,,,,,,,187482.0,740.0,26.0,820.0,-1069544955.0,138.0,-35.0,-54.0,-28.0,-11.0,-8.0,,,,
1113,187494.0,47203.0,46271.0,47939.0,42187.0,187493.0,3.3888564109802246,187495.0,45900.671875,,,,,,,,,187492.0,740.0,22.0,819.0,-1069543931.0,137.0,-41.0,-55.0,-1.0,69.0,7.0,,,,
1114,187504.0,48193.0,45831.0,47451.0,42249.0,187503.0,3.394134998321533,187505.0,45931.51953125,,,,,,,,,187502.0,742.0,26.0,819.0,-1069544955.0,137.0,-36.0,-55.0,-31.0,102.0,10.0,,,,
1115,187514.0,46347.0,46733.0,48905.0,41675.0,187513.0,3.394134998321533,187515.0,45915.4453125,,,,,,,,,187512.0,743.0,24.0,818.0,-1069544955.0,138.0,-39.0,-55.0,96.0,-2.0,-15.0,,,,
1116,187524.0,48434.0,48288.0,45850.0,41832.0,187523.0,3.394134998321533,187525.0,46101.25390625,,,,,,,,,187522.0,746.0,24.0,817.0,-1069544955.0,141.0,-40.0,-61.0,50.0,119.0,-41.0,,,,
1117,187534.0,45350.0,47360.0,49252.0,42390.0,187533.0,3.394134998321533,187535.0,46088.98046875,,,,,,,,,187532.0,747.0,23.0,817.0,-1069544955.0,141.0,-41.0,-61.0,12.0,94.0,-25.0,,,,
1118,187544.0,48150.0,46420.0,47896.0,41854.0,187543.0,3.394134998321533,187545.0,46080.74609375,,,,,,,,,187542.0,747.0,15.0,816.0,-1068497403.0,140.0,-54.0,-61.0,11.0,43.0,36.0,,,,
1119,187554.0,47464.0,48340.0,48546.0,40110.0,187553.0,3.3888564109802246,187555.0,46115.09765625,,,,,,,,,187552.0,751.0,18.0,815.0,-1069545979.0,144.0,-50.0,-61.0,-33.0,22.0,-4.0,,,,
1120,187564.0,46691.0,46269.0,48451.0,43013.0,187563.0,3.3888564109802246,187565.0,46106.31640625,,,,,,,,,187562.0,753.0,18.0,815.0,-1069545979.0,145.0,-51.0,-62.0,23.0,-39.0,-25.0,,,,
1121,187574.0,47109.0,43863.0,48501.0,45379.0,187573.0,3.3888564109802246,187575.0,46213.2578125,,,,,,,,,187572.0,753.0,19.0,814.0,-1069545979.0,143.0,-49.0,-65.0,-91.0,14.0,2.0,,,,
1122,187584.0,46310.0,46406.0,49860.0,42472.0,187583.0,3.3888564109802246,187585.0,46262.26171875,,,,,,,,,187582.0,754.0,18.0,814.0,-1069545979.0,142.0,-51.0,-67.0,-136.0,-11.0,3.0,,,,
1123,187594.0,46246.0,44088.0,50078.0,44888.0,187593.0,3.3888564109802246,187595.0,46325.08984375,,,,,,,,,187592.0,754.0,18.0,813.0,-1069545979.0,141.0,-52.0,-69.0,-194.0,37.0,19.0,,,,
1124,187604.0,50085.0,45137.0,47337.0,42853.0,187603.0,3.3888564109802246,187605.0,46353.3828125,,,,,,,,,187602.0,757.0,18.0,812.0,-1070594555.0,144.0,-52.0,-69.0,-154.0,-28.0,48.0,,,,
1125,187614.0,45754.0,45784.0,51294.0,43800.0,187613.0,3.3888564109802246,187615.0,46658.21875,,,,,,,,,187612.0,758.0,17.0,810.0,-1071643131.0,143.0,-54.0,-78.0,-174.0,8.0,-4.0,,,,
1126,187624.0,42847.0,46341.0,53585.0,43823.0,187623.0,3.3888564109802246,187625.0,46649.234375,,,,,,,,,187622.0,760.0,18.0,809.0,-1071643131.0,144.0,-52.0,-76.0,-131.0,-10.0,-10.0,,,,
1127,187634.0,47623.0,45093.0,49799.0,44097.0,187633.0,3.3888564109802246,187635.0,46653.87109375,,,,,,,,,187632.0,764.0,19.0,808.0,-1072691707.0,148.0,-50.0,-76.0,-204.0,42.0,37.0,,,,
1128,187644.0,46238.0,44454.0,51584.0,44340.0,187643.0,3.383577823638916,187645.0,46654.64453125,,,,,,,,,187642.0,764.0,18.0,808.0,-1072691707.0,146.0,-50.0,-76.0,-131.0,-29.0,21.0,,,,
1129,187654.0,46299.0,46071.0,49209.0,42309.0,187653.0,3.383577823638916,187655.0,45972.6484375,,,,,,,,,187652.0,767.0,14.0,810.0,-1073740283.0,149.0,-56.0,-54.0,-37.0,-52.0,-1.0,,,,
1130,187664.0,46456.0,45926.0,48000.0,43234.0,187663.0,3.383577823638916,187665.0,45904.29296875,,,,,,,,,187662.0,769.0,13.0,810.0,-536869371.0,149.0,-56.0,-52.0,-19.0,24.0,-6.0,,,,
1131,187674.0,46470.0,46788.0,48350.0,42064.0,187673.0,3.3888564109802246,187675.0,45918.5859375,,,,,,,,,187672.0,771.0,10.0,809.0,-536869371.0,150.0,-61.0,-51.0,-47.0,2.0,-14.0,,,,
1132,187684.0,50018.0,49644.0,45040.0,38834.0,187683.0,3.3888564109802246,187685.0,45884.72265625,,,,,,,,,187682.0,772.0,5.0,809.0,-536869371.0,150.0,-67.0,-50.0,9.0,52.0,-12.0,,,,
1133,187694.0,47038.0,46542.0,47960.0,41860.0,187693.0,3.394134998321533,187695.0,45850.62109375,,,,,,,,,187692.0,773.0,9.0,808.0,-535820795.0,150.0,-61.0,-50.0,-29.0,101.0,0.0,,,,
1134,187704.0,50634.0,46788.0,44894.0,41080.0,187703.0,3.394134998321533,187705.0,45849.95703125,,,,,,,,,187702.0,775.0,5.0,808.0,-536869371.0,150.0,-66.0,-49.0,38.0,48.0,31.0,,,,
1135,187714.0,43775.0,47131.0,50739.0,41727.0,187713.0,3.394134998321533,187715.0,45843.32421875,,,,,,,,,187712.0,776.0,6.0,807.0,-535821819.0,151.0,-63.0,-49.0,-14.0,66.0,-30.0,,,,
1136,187724.0,47262.0,45548.0,47888.0,42730.0,187723.0,3.394134998321533,187725.0,45857.8046875,,,,,,,,,187722.0,777.0,6.0,807.0,-536870395.0,150.0,-62.0,-49.0,-47.0,105.0,-4.0,,,,
1137,187734.0,46568.0,47214.0,48726.0,40980.0,187733.0,3.394134998321533,187735.0,45872.37109375,,,,,,,,,187732.0,779.0,6.0,806.0,-535297531.0,150.0,-60.0,-50.0,-95.0,117.0,2.0,,,,
1138,187744.0,48726.0,45252.0,48054.0,43780.0,187743.0,3.394134998321533,187745.0,46453.1796875,,,,,,,,,187742.0,781.0,5.0,803.0,-535296507.0,151.0,-61.0,-66.0,-156.0,55.0,48.0,,,,
1139,187754.0,49570.0,45866.0,46694.0,43662.0,187753.0,3.394134998321533,187755.0,46448.484375,,,,,,,,,187752.0,784.0,5.0,802.0,-535296507.0,153.0,-60.0,-66.0,-53.0,-19.0,18.0,,,,
1140,187764.0,45773.0,46553.0,50547.0,42983.0,187763.0,3.3888564109802246,187765.0,46464.57421875,,,,,,,,,187762.0,785.0,4.0,802.0,-534247931.0,153.0,-60.0,-66.0,-151.0,76.0,-10.0,,,,
1141,187774.0,47049.0,43233.0,49533.0,46137.0,187773.0,3.3888564109802246,187775.0,46488.734375,,,,,,,,,187772.0,787.0,10.0,801.0,-534247931.0,152.0,-49.0,-66.0,-163.0,-29.0,24.0,,,,
1142,187784.0,41950.0,44802.0,53434.0,44206.0,187783.0,3.3888564109802246,187785.0,46098.79296875,,,,,,,,,187782.0,789.0,9.0,802.0,-533199355.0,153.0,-48.0,-54.0,-220.0,97.0,-17.0,,,,
1143,187794.0,49182.0,44930.0,46994.0,43490.0,187793.0,3.3888564109802246,187795.0,46149.93359375,,,,,,,,,187792.0,791.0,9.0,802.0,-532150779.0,154.0,-47.0,-56.0,-176.0,47.0,27.0,,,,
1144,187804.0,44648.0,43996.0,50796.0,45360.0,187803.0,3.3888564109802246,187805.0,46200.2109375,,,,,,,,,187802.0,793.0,10.0,801.0,-531102203.0,154.0,-45.0,-58.0,-109.0,45.0,-27.0,,,,
1145,187814.0,46012.0,46682.0,49540.0,42626.0,187813.0,3.3888564109802246,187815.0,46215.03515625,,,,,,,,,187812.0,795.0,10.0,801.0,-531102203.0,154.0,-42.0,-58.0,-20.0,53.0,-5.0,,,,
1146,187824.0,50774.0,48100.0,45086.0,40520.0,187823.0,3.3888564109802246,187825.0,46120.0078125,,,,,,,,,187822.0,796.0,5.0,800.0,-531101179.0,154.0,-48.0,-54.0,49.0,10.0,0.0,,,,
1147,187834.0,48236.0,45314.0,47510.0,43264.0,187833.0,3.394134998321533,187835.0,46081.45703125,,,,,,,,,187832.0,798.0,7.0,800.0,-531101179.0,153.0,-43.0,-53.0,62.0,-18.0,24.0,,,,
1148,187844.0,44454.0,46108.0,51120.0,42730.0,187843.0,3.394134998321533,187845.0,46103.25,,,,,,,,,187842.0,799.0,6.0,799.0,-531101179.0,153.0,-42.0,-53.0,85.0,52.0,-5.0,,,,
1149,187854.0,50853.0,46679.0,44933.0,41911.0,187853.0,3.3888564109802246,187855.0,46094.078125,,,,,,,,,187852.0,800.0,6.0,799.0,-532149755.0,151.0,-41.0,-53.0,148.0,-10.0,18.0,,,,
1150,187864.0,45268.0,46754.0,49804.0,42622.0,187863.0,3.394134998321533,187865.0,46112.4296875,,,,,,,,,187862.0,801.0,5.0,798.0,-532149755.0,150.0,-40.0,-53.0,130.0,62.0,-52.0,,,,
1151,187874.0,48350.0,47642.0,47204.0,42284.0,187873.0,3.394134998321533,187875.0,46370.16015625,,,,,,,,,187872.0,803.0,5.0,796.0,-533198331.0,150.0,-39.0,-60.0,83.0,18.0,-34.0,,,,
1152,187884.0,51861.0,54315.0,44373.0,34947.0,187883.0,3.394134998321533,187886.0,46374.9765625,,,,,,,,,187882.0,800.0,-10.0,796.0,-533198331.0,142.0,-62.0,-60.0,75.0,100.0,8.0,,,,
1153,187894.0,45433.0,46353.0,50571.0,43183.0,187893.0,3.3888564109802246,187895.0,46385.3671875,,,,,,,,,187892.0,800.0,-4.0,795.0,-534245883.0,140.0,-51.0,-59.0,-22.0,80.0,-15.0,,,,
1154,187904.0,49585.0,45115.0,46775.0,44109.0,187903.0,3.3888564109802246,187906.0,46396.1015625,,,,,,,,,187902.0,806.0,-6.0,795.0,-534245883.0,145.0,-52.0,-59.0,14.0,-11.0,26.0,,,,
1155,187914.0,44932.0,46784.0,50508.0,42828.0,187913.0,3.3888564109802246,187916.0,46263.69921875,,,,,,,,,187912.0,806.0,-4.0,795.0,-534245883.0,143.0,-48.0,-55.0,-56.0,47.0,-36.0,,,,
1156,187924.0,47422.0,47792.0,48704.0,41410.0,187923.0,3.3888564109802246,187926.0,46332.71484375,,,,,,,,,187922.0,808.0,-6.0,794.0,-533197307.0,142.0,-50.0,-57.0,-163.0,48.0,6.0,,,,
1157,187934.0,50458.0,45092.0,46162.0,43760.0,187933.0,3.3888564109802246,187936.0,46368.7890625,,,,,,,,,187932.0,810.0,-12.0,794.0,-533197307.0,144.0,-57.0,-58.0,-219.0,-6.0,29.0,,,,
1158,187944.0,47400.0,46672.0,48234.0,43206.0,187943.0,3.3888564109802246,187945.0,46378.12890625,,,,,,,,,187942.0,812.0,-10.0,793.0,-532148731.0,144.0,-53.0,-58.0,-159.0,-48.0,-26.0,,,,
1159,187954.0,46464.0,44472.0,49420.0,44252.0,187953.0,3.3888564109802246,187956.0,46152.06640625,,,,,,,,,187952.0,814.0,-11.0,794.0,-532148731.0,143.0,-52.0,-51.0,-250.0,15.0,9.0,,,,
1160,187964.0,44052.0,41428.0,51768.0,47592.0,187963.0,3.3888564109802246,187965.0,46210.44140625,,,,,,,,,187962.0,815.0,-3.0,794.0,-531100155.0,141.0,-39.0,-53.0,-216.0,-89.0,14.0,,,,
1161,187974.0,43873.0,44001.0,51895.0,45311.0,187973.0,3.3888564109802246,187975.0,46270.58984375,,,,,,,,,187972.0,817.0,-2.0,793.0,-530051579.0,142.0,-35.0,-55.0,-246.0,5.0,-16.0,,,,
1162,187984.0,47483.0,46017.0,48353.0,43159.0,187983.0,3.3888564109802246,187986.0,46253.5234375,,,,,,,,,187982.0,818.0,-2.0,792.0,-529003003.0,141.0,-33.0,-54.0,-175.0,-26.0,-9.0,,,,
1163,187994.0,48211.0,42889.0,47305.0,46631.0,187993.0,3.3888564109802246,187995.0,46259.59765625,,,,,,,,,187992.0,823.0,-2.0,792.0,-527954427.0,145.0,-30.0,-53.0,-53.0,-101.0,-21.0,,,,
1164,188004.0,48658.0,46280.0,47626.0,43636.0,188003.0,3.3888564109802246,188005.0,46550.5703125,,,,,,,,,188002.0,824.0,-3.0,790.0,-527955451.0,144.0,-29.0,-61.0,26.0,-94.0,-12.0,,,,
1165,188014.0,46173.0,46481.0,49795.0,43983.0,188013.0,3.3888564109802246,188015.0,46608.85546875,,,,,,,,,188012.0,826.0,-2.0,789.0,-527955451.0,145.0,-25.0,-63.0,108.0,1.0,-44.0,,,,
1166,188024.0,50856.0,47318.0,45982.0,42452.0,188023.0,3.3888564109802246,188025.0,46652.21484375,,,,,,,,,188022.0,828.0,-3.0,789.0,-527955450.0,144.0,-23.0,-63.0,93.0,51.0,5.0,,,,
1167,188034.0,48039.0,46659.0,48099.0,43995.0,188033.0,3.3888564109802246,188035.0,46698.2890625,,,,,,,,,188032.0,829.0,-3.0,788.0,-527955450.0,144.0,-21.0,-65.0,215.0,21.0,-23.0,,,,
1168,188044.0,51292.0,49386.0,44764.0,40706.0,188043.0,3.3888564109802246,188045.0,46537.2578125,,,,,,,,,188042.0,831.0,-8.0,788.0,-529004026.0,144.0,-26.0,-59.0,201.0,57.0,-32.0,,,,
1169,188054.0,48627.0,49749.0,46853.0,40819.0,188053.0,3.3888564109802246,188055.0,46512.859375,,,,,,,,,188052.0,833.0,-9.0,787.0,-530052602.0,145.0,-26.0,-57.0,246.0,82.0,-53.0,,,,
1170,188064.0,48328.0,47070.0,47572.0,42998.0,188063.0,3.3888564109802246,188066.0,46492.828125,,,,,,,,,188062.0,835.0,-10.0,787.0,-531101178.0,144.0,-25.0,-56.0,170.0,131.0,-26.0,,,,
1171,188074.0,46367.0,49149.0,49319.0,41261.0,188073.0,3.3888564109802246,188075.0,46524.48828125,,,,,,,,,188072.0,835.0,-13.0,786.0,-532148730.0,142.0,-28.0,-56.0,99.0,100.0,-37.0,,,,
1172,188084.0,46674.0,48246.0,49208.0,42636.0,188083.0,3.3888564109802246,188085.0,46691.57421875,,,,,,,,,188082.0,837.0,-13.0,785.0,-532148730.0,142.0,-27.0,-60.0,-3.0,155.0,-39.0,,,,
1173,188094.0,49017.0,45919.0,47803.0,44069.0,188093.0,3.3888564109802246,188095.0,46702.484375,,,,,,,,,188092.0,838.0,-12.0,784.0,-532147706.0,140.0,-23.0,-60.0,13.0,59.0,22.0,,,,
1174,188104.0,46570.0,47692.0,49842.0,42728.0,188103.0,3.3888564109802246,188106.0,46708.1484375,,,,,,,,,188102.0,840.0,-12.0,784.0,-532147706.0,140.0,-22.0,-59.0,-18.0,65.0,-12.0,,,,
1175,188114.0,47558.0,48378.0,48712.0,42280.0,188113.0,3.383577823638916,188115.0,46732.7734375,,,,,,,,,188112.0,841.0,-17.0,783.0,-532147706.0,138.0,-28.0,-60.0,-148.0,46.0,-38.0,,,,
1176,188124.0,46409.0,43919.0,50641.0,45947.0,188123.0,3.383577823638916,188126.0,46729.69921875,,,,,,,,,188122.0,844.0,-13.0,782.0,-532147706.0,139.0,-21.0,-58.0,-180.0,42.0,30.0,,,,
1177,188134.0,48259.0,44803.0,48377.0,45997.0,188133.0,3.383577823638916,188135.0,46859.51953125,,,,,,,,,188132.0,846.0,-12.0,781.0,-531098106.0,139.0,-18.0,-61.0,-112.0,-103.0,7.0,,,,
1178,188144.0,48174.0,45546.0,48262.0,45402.0,188143.0,3.383577823638916,188145.0,46846.40234375,,,,,,,,,188142.0,847.0,-13.0,781.0,-531099130.0,138.0,-17.0,-60.0,-153.0,-33.0,-31.0,,,,
1179,188154.0,47466.0,46134.0,48890.0,44906.0,188153.0,3.383577823638916,188156.0,46849.484375,,,,,,,,,188152.0,849.0,-12.0,780.0,-530050554.0,137.0,-14.0,-59.0,-98.0,-63.0,-34.0,,,,
1180,188164.0,49439.0,46395.0,47887.0,43723.0,188163.0,3.383577823638916,188165.0,46861.8125,,,,,,,,,188162.0,849.0,-14.0,779.0,-530050554.0,135.0,-15.0,-59.0,-124.0,-70.0,30.0,,,,
1181,188174.0,48364.0,46742.0,47732.0,43710.0,188173.0,3.383577823638916,188175.0,46637.88671875,,,,,,,,,188172.0,851.0,-14.0,780.0,-529001978.0,133.0,-13.0,-51.0,-30.0,-47.0,-15.0,,,,
1182,188184.0,49977.0,46275.0,46869.0,43331.0,188183.0,3.383577823638916,188185.0,46613.46484375,,,,,,,,,188182.0,851.0,-13.0,780.0,-529001978.0,130.0,-9.0,-50.0,25.0,-21.0,29.0,,,,
1183,188194.0,48342.0,47034.0,48004.0,42912.0,188193.0,3.383577823638916,188195.0,46573.6484375,,,,,,,,,188192.0,852.0,-13.0,779.0,-529001978.0,129.0,-7.0,-47.0,110.0,-31.0,10.0,,,,
1184,188204.0,49285.0,47959.0,47309.0,41775.0,188203.0,3.383577823638916,188205.0,46582.390625,,,,,,,,,188202.0,853.0,-13.0,779.0,-529001978.0,128.0,-5.0,-47.0,72.0,14.0,22.0,,,,
1185,188214.0,48436.0,51662.0,48204.0,38442.0,188213.0,3.3888564109802246,188215.0,46686.33984375,,,,,,,,,188212.0,851.0,-20.0,778.0,-530050554.0,122.0,-14.0,-49.0,128.0,58.0,4.0,,,,
1186,188224.0,48549.0,47619.0,48199.0,42269.0,188223.0,3.3888564109802246,188225.0,46659.78515625,,,,,,,,,188222.0,854.0,-17.0,777.0,-530050554.0,123.0,-7.0,-47.0,100.0,26.0,29.0,,,,
1187,188234.0,49468.0,46814.0,47534.0,42608.0,188233.0,3.3888564109802246,188235.0,46606.37890625,,,,,,,,,188232.0,856.0,-18.0,777.0,-530050554.0,125.0,-7.0,-44.0,120.0,-20.0,55.0,,,,
1188,188244.0,48679.0,46775.0,47447.0,43179.0,188243.0,3.3888564109802246,188245.0,46520.46875,,,,,,,,,188242.0,858.0,-18.0,776.0,-531099130.0,124.0,-5.0,-40.0,139.0,-22.0,0.0,,,,
1189,188254.0,49662.0,47556.0,46448.0,42194.0,188253.0,3.3888564109802246,188255.0,46465.6875,,,,,,,,,188252.0,861.0,-20.0,776.0,-531099130.0,125.0,-8.0,-38.0,69.0,-12.0,-4.0,,,,
1190,188264.0,47621.0,43313.0,49207.0,45955.0,188263.0,3.3888564109802246,188265.0,46524.96875,,,,,,,,,188262.0,862.0,-16.0,775.0,-532147706.0,125.0,0.0,-38.0,9.0,-13.0,47.0,,,,
1191,188274.0,48101.0,44233.0,48885.0,44909.0,188273.0,3.3888564109802246,188275.0,46532.15625,,,,,,,,,188272.0,864.0,-14.0,775.0,-532147706.0,125.0,3.0,-38.0,-87.0,-86.0,45.0,,,,
1192,188284.0,48420.0,46416.0,47586.0,43822.0,188283.0,3.3888564109802246,188285.0,46561.5703125,,,,,,,,,188282.0,866.0,-14.0,774.0,-532148730.0,124.0,4.0,-39.0,0.0,-72.0,-11.0,,,,
1193,188294.0,47684.0,48138.0,48926.0,41660.0,188293.0,3.3888564109802246,188295.0,46602.203125,,,,,,,,,188292.0,865.0,-19.0,774.0,-532148731.0,120.0,-1.0,-40.0,-109.0,17.0,0.0,,,,
1194,188304.0,47827.0,46423.0,48023.0,43095.0,188303.0,3.3888564109802246,188305.0,46342.80078125,,,,,,,,,188302.0,867.0,-20.0,775.0,-531100154.0,120.0,-2.0,-32.0,-99.0,-76.0,2.0,,,,
1195,188314.0,47563.0,47783.0,48185.0,41949.0,188313.0,3.3888564109802246,188315.0,46370.1328125,,,,,,,,,188312.0,868.0,-25.0,775.0,-531100154.0,120.0,-8.0,-33.0,-127.0,27.0,-18.0,,,,
1196,188324.0,48084.0,46236.0,48280.0,42780.0,188323.0,3.3888564109802246,188325.0,46345.62890625,,,,,,,,,188322.0,870.0,-23.0,774.0,-531100154.0,120.0,-3.0,-31.0,-33.0,-32.0,27.0,,,,
1197,188334.0,45871.0,44849.0,49827.0,44929.0,188333.0,3.3888564109802246,188335.0,46369.171875,,,,,,,,,188332.0,871.0,-21.0,774.0,-530051578.0,118.0,0.0,-32.0,-55.0,-20.0,-3.0,,,,
1198,188344.0,47467.0,46657.0,48693.0,43423.0,188343.0,3.3888564109802246,188345.0,46560.99609375,,,,,,,,,188342.0,873.0,-21.0,772.0,-530051579.0,119.0,2.0,-37.0,-23.0,15.0,-27.0,,,,
1199,188354.0,48578.0,46462.0,48098.0,43166.0,188353.0,3.3888564109802246,188355.0,46576.13671875,,,,,,,,,188352.0,874.0,-21.0,772.0,-530051578.0,119.0,4.0,-37.0,-10.0,39.0,24.0,,,,
1200,188364.0,47391.0,46153.0,49507.0,43077.0,188363.0,3.3888564109802246,188365.0,46532.4296875,,,,,,,,,188362.0,875.0,-21.0,772.0,-530051578.0,118.0,5.0,-34.0,45.0,-20.0,36.0,,,,
1201,188374.0,51761.0,44449.0,44843.0,44935.0,188373.0,3.3888564109802246,188375.0,46497.98828125,,,,,,,,,188372.0,881.0,-19.0,771.0,-530051579.0,124.0,9.0,-32.0,98.0,-78.0,42.0,,,,
1202,188384.0,44348.0,44930.0,51264.0,45338.0,188383.0,3.3888564109802246,188385.0,46470.2265625,,,,,,,,,188382.0,882.0,-14.0,771.0,-530051579.0,123.0,19.0,-31.0,96.0,-22.0,-39.0,,,,
1203,188394.0,49216.0,48114.0,47852.0,41194.0,188393.0,3.383577823638916,188395.0,46594.82421875,,,,,,,,,188392.0,882.0,-18.0,770.0,-531101179.0,121.0,14.0,-34.0,71.0,32.0,36.0,,,,
1204,188404.0,46066.0,44244.0,50580.0,45638.0,188403.0,3.3888564109802246,188405.0,46632.9375,,,,,,,,,188402.0,885.0,-14.0,770.0,-531101179.0,123.0,20.0,-35.0,59.0,-17.0,11.0,,,,
1205,188414.0,52629.0,47375.0,44519.0,42053.0,188413.0,3.383577823638916,188415.0,46644.1796875,,,,,,,,,188412.0,885.0,-17.0,769.0,-531101179.0,121.0,18.0,-35.0,36.0,0.0,26.0,,,,
1206,188424.0,49323.0,46427.0,47183.0,43571.0,188423.0,3.3888564109802246,188425.0,46626.76171875,,,,,,,,,188422.0,887.0,-15.0,769.0,-531100155.0,121.0,22.0,-34.0,174.0,-86.0,4.0,,,,
1207,188434.0,48643.0,45439.0,48385.0,44517.0,188433.0,3.3888564109802246,188435.0,46746.9609375,,,,,,,,,188432.0,888.0,-17.0,768.0,-532149755.0,120.0,19.0,-37.0,36.0,45.0,14.0,,,,
1208,188444.0,47058.0,46872.0,49890.0,43240.0,188443.0,3.3888564109802246,188445.0,46765.109375,,,,,,,,,188442.0,891.0,-16.0,768.0,-532149755.0,122.0,22.0,-37.0,7.0,5.0,8.0,,,,
1209,188454.0,44405.0,45183.0,52759.0,44837.0,188453.0,3.383577823638916,188455.0,46796.18359375,,,,,,,,,188452.0,892.0,-11.0,768.0,-532149755.0,121.0,31.0,-37.0,18.0,94.0,14.0,,,,
1210,188464.0,51884.0,48158.0,45382.0,41728.0,188463.0,3.383577823638916,188465.0,46788.43359375,,,,,,,,,188462.0,895.0,-15.0,767.0,-532149755.0,123.0,25.0,-36.0,69.0,52.0,26.0,,,,
1211,188474.0,47248.0,47354.0,49014.0,43160.0,188473.0,3.383577823638916,188475.0,46694.8203125,,,,,,,,,188472.0,896.0,-15.0,767.0,-532148731.0,122.0,26.0,-33.0,51.0,13.0,-28.0,,,,
1212,188484.0,46316.0,45464.0,50238.0,44754.0,188483.0,3.383577823638916,188485.0,46693.51171875,,,,,,,,,188482.0,898.0,-14.0,767.0,-532148731.0,123.0,28.0,-32.0,120.0,113.0,-9.0,,,,
1213,188494.0,50807.0,46995.0,45535.0,43475.0,188493.0,3.383577823638916,188495.0,46703.09765625,,,,,,,,,188492.0,900.0,-14.0,767.0,-533197307.0,122.0,29.0,-32.0,77.0,83.0,-13.0,,,,
1214,188504.0,43652.0,43336.0,54132.0,45960.0,188503.0,3.383577823638916,188505.0,46770.2734375,,,,,,,,,188502.0,898.0,-9.0,766.0,-533196283.0,117.0,37.0,-34.0,120.0,28.0,61.0,,,,
1215,188514.0,49799.0,48757.0,47159.0,41533.0,188513.0,3.383577823638916,188515.0,46812.1796875,,,,,,,,,188512.0,900.0,-9.0,766.0,-533196283.0,117.0,37.0,-33.0,142.0,33.0,-10.0,,,,
1216,188524.0,48805.0,48189.0,47943.0,42355.0,188523.0,3.383577823638916,188525.0,46823.4765625,,,,,,,,,188522.0,901.0,-10.0,765.0,-534244859.0,117.0,35.0,-34.0,153.0,15.0,-28.0,,,,
1217,188534.0,48476.0,45554.0,48906.0,44360.0,188533.0,3.383577823638916,188535.0,46824.1015625,,,,,,,,,188532.0,903.0,-10.0,765.0,-534244859.0,116.0,36.0,-34.0,109.0,8.0,34.0,,,,
1218,188544.0,48300.0,46216.0,48804.0,43976.0,188543.0,3.383577823638916,188545.0,46824.51171875,,,,,,,,,188542.0,904.0,-10.0,765.0,-535293435.0,114.0,35.0,-33.0,64.0,6.0,-5.0,,,,
1219,188554.0,53168.0,47662.0,43936.0,42446.0,188553.0,3.383577823638916,188555.0,46803.62109375,,,,,,,,,188552.0,905.0,-11.0,764.0,-535293435.0,114.0,35.0,-31.0,97.0,-6.0,8.0,,,,
1220,188564.0,44988.0,45644.0,52100.0,44864.0,188563.0,3.383577823638916,188565.0,46899.921875,,,,,,,,,188562.0,906.0,-10.0,763.0,-535293435.0,113.0,35.0,-33.0,80.0,11.0,-12.0,,,,
1221,188574.0,51422.0,46206.0,45796.0,44028.0,188573.0,3.383577823638916,188575.0,46863.6484375,,,,,,,,,188572.0,909.0,-11.0,763.0,-536342011.0,114.0,33.0,-31.0,28.0,-55.0,-3.0,,,,
1222,188584.0,45031.0,47903.0,51679.0,42763.0,188583.0,3.383577823638916,188585.0,46844.9609375,,,,,,,,,188582.0,908.0,-12.0,763.0,-536342011.0,110.0,32.0,-30.0,22.0,9.0,-19.0,,,,
1223,188594.0,49319.0,45179.0,48233.0,44457.0,188593.0,3.383577823638916,188595.0,46797.14453125,,,,,,,,,188592.0,910.0,-11.0,763.0,-1073212923.0,110.0,32.0,-27.0,-20.0,-2.0,41.0,,,,
1224,188604.0,47915.0,46111.0,49475.0,44199.0,188603.0,3.383577823638916,188605.0,46925.0859375,,,,,,,,,188602.0,913.0,-11.0,762.0,-1073212923.0,112.0,31.0,-30.0,89.0,-35.0,9.0,,,,
1225,188614.0,47925.0,48051.0,48825.0,42927.0,188613.0,3.383577823638916,188615.0,46932.62109375,,,,,,,,,188612.0,913.0,-9.0,761.0,-1073212923.0,110.0,35.0,-30.0,48.0,-37.0,-29.0,,,,
1226,188624.0,47074.0,44694.0,51026.0,45106.0,188623.0,3.383577823638916,188625.0,46975.3203125,,,,,,,,,188622.0,915.0,-7.0,761.0,-1073213947.0,110.0,38.0,-31.0,4.0,10.0,47.0,,,,
1227,188634.0,49385.0,47349.0,48399.0,42939.0,188633.0,3.383577823638916,188635.0,47018.91015625,,,,,,,,,188632.0,917.0,-6.0,761.0,-1073213947.0,110.0,38.0,-32.0,65.0,20.0,9.0,,,,
1228,188644.0,47959.0,45685.0,49317.0,45115.0,188643.0,3.383577823638916,188645.0,47019.92578125,,,,,,,,,188642.0,918.0,-1.0,760.0,-1073212923.0,110.0,44.0,-31.0,71.0,-99.0,5.0,,,,
1229,188654.0,47890.0,48356.0,48742.0,41408.0,188653.0,3.383577823638916,188655.0,46599.1015625,,,,,,,,,188652.0,919.0,-5.0,762.0,-1072165372.0,108.0,39.0,-18.0,91.0,45.0,9.0,,,,
1230,188664.0,47218.0,46856.0,49754.0,42520.0,188663.0,3.383577823638916,188665.0,46587.58203125,,,,,,,,,188662.0,920.0,-2.0,762.0,-1072165372.0,108.0,41.0,-17.0,114.0,59.0,10.0,,,,
1231,188674.0,47008.0,47634.0,49658.0,42160.0,188673.0,3.383577823638916,188675.0,46615.81640625,,,,,,,,,188672.0,920.0,-2.0,762.0,-1072165372.0,105.0,41.0,-17.0,41.0,59.0,11.0,,,,
1232,188684.0,51073.0,46073.0,46053.0,43197.0,188683.0,3.383577823638916,188685.0,46599.64453125,,,,,,,,,188682.0,922.0,-2.0,762.0,-1071115772.0,105.0,40.0,-16.0,96.0,-34.0,37.0,,,,
1233,188694.0,46690.0,48284.0,49270.0,41724.0,188693.0,3.383577823638916,188695.0,46492.77734375,,,,,,,,,188692.0,924.0,-3.0,762.0,-1071115772.0,105.0,37.0,-13.0,131.0,54.0,-44.0,,,,
1234,188704.0,49522.0,46914.0,47406.0,42226.0,188703.0,3.3888564109802246,188705.0,46517.375,,,,,,,,,188702.0,925.0,-3.0,762.0,-1071115772.0,104.0,37.0,-14.0,94.0,0.0,23.0,,,,
1235,188714.0,47545.0,46581.0,48431.0,43527.0,188713.0,3.3888564109802246,188715.0,46521.765625,,,,,,,,,188712.0,926.0,-3.0,762.0,-1070067196.0,103.0,34.0,-14.0,92.0,-51.0,-30.0,,,,
1236,188724.0,50333.0,46067.0,46379.0,43305.0,188723.0,3.3888564109802246,188725.0,46521.15234375,,,,,,,,,188722.0,927.0,-3.0,762.0,-1070067196.0,102.0,34.0,-13.0,25.0,11.0,-2.0,,,,
1237,188734.0,50081.0,48081.0,45819.0,41727.0,188733.0,3.3888564109802246,188735.0,46427.36328125,,,,,,,,,188732.0,929.0,-6.0,762.0,-1070067196.0,103.0,28.0,-10.0,125.0,-113.0,-18.0,,,,
1238,188744.0,49791.0,45839.0,46603.0,43415.0,188743.0,3.3888564109802246,188745.0,46412.60546875,,,,,,,,,188742.0,930.0,-5.0,762.0,-1069019644.0,102.0,27.0,-9.0,12.0,-43.0,14.0,,,,
1239,188754.0,45629.0,47305.0,50289.0,42321.0,188753.0,3.3888564109802246,188755.0,46386.25390625,,,,,,,,,188752.0,931.0,-5.0,762.0,-1069019644.0,101.0,26.0,-8.0,45.0,40.0,-39.0,,,,
1240,188764.0,47589.0,47925.0,48409.0,41525.0,188763.0,3.3888564109802246,188765.0,46362.2265625,,,,,,,,,188762.0,932.0,-5.0,762.0,-1069019644.0,99.0,24.0,-6.0,-76.0,18.0,-7.0,,,,
1241,188774.0,48374.0,45870.0,48520.0,43172.0,188773.0,3.3888564109802246,188775.0,46484.72265625,,,,,,,,,188772.0,933.0,-5.0,761.0,-1069019644.0,99.0,23.0,-9.0,34.0,-69.0,56.0,,,,
1242,188784.0,46926.0,46488.0,49024.0,43362.0,188783.0,3.3888564109802246,188785.0,46450.83203125,,,,,,,,,188782.0,934.0,-5.0,761.0,-1069019644.0,98.0,22.0,-8.0,-20.0,25.0,-39.0,,,,
1243,188794.0,47479.0,47135.0,48875.0,42191.0,188793.0,3.3888564109802246,188795.0,46420.4375,,,,,,,,,188792.0,935.0,-4.0,761.0,-1069019644.0,97.0,22.0,-6.0,-43.0,21.0,15.0,,,,
1244,188804.0,47208.0,44498.0,49676.0,44198.0,188803.0,3.3888564109802246,188805.0,46395.62109375,,,,,,,,,188802.0,936.0,-4.0,761.0,-1069019644.0,96.0,21.0,-5.0,-117.0,32.0,40.0,,,,
1245,188814.0,47093.0,44155.0,49071.0,45101.0,188813.0,3.3888564109802246,188815.0,46355.8671875,,,,,,,,,188812.0,936.0,3.0,761.0,-1070068220.0,95.0,31.0,-3.0,15.0,-61.0,19.0,,,,
1246,188824.0,47064.0,46354.0,48252.0,42738.0,188823.0,3.3888564109802246,188825.0,46102.05078125,,,,,,,,,188822.0,938.0,1.0,762.0,-1070068220.0,95.0,28.0,4.0,-69.0,29.0,-34.0,,,,
1247,188834.0,48015.0,45069.0,47809.0,43239.0,188833.0,3.3888564109802246,188835.0,46033.98046875,,,,,,,,,188832.0,939.0,2.0,762.0,-1070068220.0,94.0,27.0,6.0,-18.0,-30.0,24.0,,,,
1248,188844.0,46415.0,43879.0,49043.0,44659.0,188843.0,3.3888564109802246,188845.0,45999.4375,,,,,,,,,188842.0,941.0,2.0,762.0,-1070068220.0,94.0,26.0,7.0,-28.0,-27.0,-6.0,,,,
1249,188854.0,49055.0,46597.0,46509.0,41487.0,188853.0,3.3888564109802246,188855.0,45912.55859375,,,,,,,,,188852.0,942.0,2.0,762.0,-1070068220.0,95.0,26.0,11.0,7.0,-49.0,23.0,,,,
1250,188864.0,45494.0,45790.0,48782.0,42590.0,188863.0,3.3888564109802246,188865.0,45664.60546875,,,,,,,,,188862.0,944.0,2.0,763.0,-1070068220.0,95.0,25.0,18.0,72.0,-52.0,-48.0,,,,
1251,188874.0,46509.0,43493.0,48369.0,44157.0,188873.0,3.3888564109802246,188875.0,45632.234375,,,,,,,,,188872.0,945.0,5.0,763.0,-1070068220.0,94.0,29.0,19.0,54.0,-94.0,22.0,,,,
1252,188884.0,46674.0,45420.0,47386.0,42928.0,188883.0,3.394134998321533,188885.0,45602.6484375,,,,,,,,,188882.0,946.0,6.0,763.0,-1070069244.0,93.0,29.0,20.0,118.0,-45.0,-50.0,,,,
1253,188894.0,47366.0,45404.0,46984.0,42546.0,188893.0,3.394134998321533,188895.0,45575.14453125,,,,,,,,,188892.0,947.0,6.0,764.0,-1070069244.0,94.0,27.0,21.0,48.0,-6.0,-12.0,,,,
1254,188904.0,49566.0,45916.0,45908.0,41710.0,188903.0,3.394134998321533,188905.0,45775.82421875,,,,,,,,,188902.0,948.0,6.0,763.0,-1069020668.0,93.0,26.0,15.0,115.0,-77.0,39.0,,,,
1255,188914.0,49265.0,46379.0,45505.0,41947.0,188913.0,3.394134998321533,188915.0,45774.3046875,,,,,,,,,188912.0,949.0,6.0,763.0,-1069020668.0,93.0,25.0,14.0,197.0,-44.0,-18.0,,,,
1256,188924.0,48204.0,50822.0,46318.0,37836.0,188923.0,3.394134998321533,188925.0,45795.62890625,,,,,,,,,188922.0,947.0,0.0,763.0,-1067972092.0,87.0,13.0,13.0,131.0,24.0,-38.0,,,,
1257,188934.0,48743.0,47695.0,46039.0,40491.0,188933.0,3.394134998321533,188935.0,45742.4375,,,,,,,,,188932.0,948.0,0.0,763.0,-1067972092.0,86.0,12.0,15.0,52.0,48.0,-15.0,,,,
1258,188944.0,49823.0,46439.0,45533.0,41173.0,188943.0,3.394134998321533,188945.0,45742.36328125,,,,,,,,,188942.0,950.0,-1.0,763.0,-1066923516.0,88.0,8.0,15.0,47.0,-34.0,41.0,,,,
1259,188954.0,47024.0,48338.0,47818.0,40788.0,188953.0,3.394134998321533,188955.0,45992.29296875,,,,,,,,,188952.0,951.0,0.0,762.0,-1066923516.0,88.0,6.0,8.0,3.0,68.0,-36.0,,,,
1260,188964.0,46032.0,47252.0,49146.0,41530.0,188963.0,3.394134998321533,188965.0,45990.0546875,,,,,,,,,188962.0,952.0,0.0,762.0,-1066923516.0,87.0,4.0,7.0,-51.0,41.0,-16.0,,,,
1261,188974.0,43675.0,45379.0,52135.0,43095.0,188973.0,3.3888564109802246,188975.0,46071.953125,,,,,,,,,188972.0,946.0,4.0,762.0,-1066923516.0,76.0,12.0,6.0,-90.0,-34.0,2.0,,,,
1262,188984.0,48945.0,45417.0,46711.0,43203.0,188983.0,3.3888564109802246,188985.0,46069.94921875,,,,,,,,,188982.0,948.0,5.0,762.0,-1067972092.0,77.0,12.0,3.0,-108.0,-102.0,13.0,,,,
1263,188994.0,42873.0,46481.0,51809.0,44337.0,188993.0,3.3888564109802246,188995.0,46375.56640625,,,,,,,,,188992.0,949.0,5.0,761.0,-1067972092.0,76.0,10.0,-4.0,-105.0,17.0,-75.0,,,,
1264,189004.0,45721.0,42533.0,50739.0,46539.0,189003.0,3.3888564109802246,189005.0,46383.4921875,,,,,,,,,189002.0,949.0,9.0,761.0,-1067972092.0,75.0,14.0,-5.0,-176.0,-64.0,15.0,,,,
1265,189014.0,47192.0,45874.0,49020.0,44086.0,189013.0,3.383577823638916,189015.0,46543.484375,,,,,,,,,189012.0,950.0,9.0,761.0,-1069020667.0,75.0,13.0,-7.0,-87.0,-143.0,-27.0,,,,
1266,189024.0,46965.0,46047.0,49337.0,43859.0,189023.0,3.383577823638916,189025.0,46552.89453125,,,,,,,,,189022.0,951.0,9.0,761.0,-1070070268.0,74.0,12.0,-11.0,-144.0,-97.0,-13.0,,,,
1267,189034.0,51137.0,42907.0,45617.0,46719.0,189033.0,3.383577823638916,189035.0,46595.23046875,,,,,,,,,189032.0,954.0,12.0,761.0,-1070070267.0,78.0,15.0,-12.0,-11.0,-204.0,5.0,,,,
1268,189044.0,48234.0,46604.0,48196.0,43386.0,189043.0,3.383577823638916,189045.0,46605.26171875,,,,,,,,,189042.0,955.0,12.0,761.0,-1070070267.0,77.0,15.0,-13.0,37.0,-152.0,-11.0,,,,
1269,189054.0,49114.0,48130.0,47634.0,42058.0,189053.0,3.3782992362976074,189055.0,46734.9296875,,,,,,,,,189052.0,955.0,12.0,761.0,-1070595579.0,77.0,14.0,-15.0,113.0,-145.0,2.0,,,,
1270,189064.0,49571.0,46395.0,47493.0,43489.0,189063.0,3.3782992362976074,189065.0,46737.43359375,,,,,,,,,189062.0,956.0,12.0,761.0,-1070594555.0,77.0,13.0,-17.0,112.0,-119.0,21.0,,,,
1271,189074.0,49467.0,45607.0,47437.0,43937.0,189073.0,3.383577823638916,189075.0,46612.6953125,,,,,,,,,189072.0,957.0,12.0,760.0,-1070594555.0,77.0,12.0,-18.0,180.0,-75.0,30.0,,,,
1272,189084.0,47863.0,49145.0,48521.0,40927.0,189083.0,3.3782992362976074,189085.0,46614.40234375,,,,,,,,,189082.0,958.0,12.0,761.0,-1069545979.0,78.0,11.0,-12.0,167.0,-132.0,-7.0,,,,
1273,189094.0,49522.0,48124.0,46042.0,42684.0,189093.0,3.383577823638916,189095.0,46593.12109375,,,,,,,,,189092.0,959.0,13.0,761.0,-1069544956.0,78.0,10.0,-11.0,176.0,-12.0,-4.0,,,,
1274,189104.0,46390.0,47196.0,50534.0,42296.0,189103.0,3.383577823638916,189105.0,46604.34375,,,,,,,,,189102.0,959.0,13.0,761.0,-1068496379.0,79.0,9.0,-11.0,148.0,80.0,14.0,,,,
1275,189114.0,49219.0,49419.0,47781.0,39713.0,189113.0,3.383577823638916,189116.0,46533.36328125,,,,,,,,,189112.0,960.0,13.0,761.0,-1067447803.0,79.0,8.0,-8.0,42.0,95.0,-13.0,,,,
1276,189124.0,36772.0,63500.0,59670.0,25482.0,189123.0,3.383577823638916,189125.0,46356.36328125,,,,,,,,,189122.0,929.0,7.0,762.0,-1067449851.0,28.0,-2.0,-2.0,73.0,13.0,58.0,,,,
1277,189134.0,42391.0,49955.0,52061.0,40753.0,189133.0,3.383577823638916,189135.0,46290.0703125,,,,,,,,,189132.0,929.0,7.0,762.0,-1067449852.0,28.0,-4.0,0.0,53.0,86.0,-61.0,,,,
1278,189144.0,46236.0,47304.0,49960.0,41696.0,189143.0,3.3888564109802246,189145.0,46299.625,,,,,,,,,189142.0,931.0,7.0,762.0,-1065876987.0,29.0,-5.0,0.0,-90.0,33.0,26.0,,,,
1279,189154.0,46893.0,47343.0,48801.0,41847.0,189153.0,3.3888564109802246,189155.0,46221.72265625,,,,,,,,,189152.0,931.0,6.0,762.0,-1065876987.0,30.0,-10.0,2.0,-50.0,-183.0,-2.0,,,,
1280,189164.0,48781.0,45775.0,47615.0,43689.0,189163.0,3.3888564109802246,189165.0,46465.23828125,,,,,,,,,189162.0,931.0,6.0,761.0,-1066401275.0,29.0,-11.0,-3.0,-184.0,-176.0,-5.0,,,,
1281,189174.0,44873.0,45159.0,50619.0,45261.0,189173.0,3.3888564109802246,189175.0,46478.99609375,,,,,,,,,189172.0,935.0,8.0,760.0,-1067448827.0,35.0,-8.0,-3.0,-128.0,-405.0,-55.0,,,,
1282,189184.0,50581.0,44803.0,45459.0,45133.0,189183.0,3.383577823638916,189185.0,46494.0234375,,,,,,,,,189182.0,936.0,8.0,760.0,-1068496379.0,36.0,-10.0,-3.0,-168.0,-463.0,-9.0,,,,
1283,189194.0,48573.0,42237.0,47921.0,47285.0,189193.0,3.383577823638916,189195.0,46504.94140625,,,,,,,,,189192.0,937.0,9.0,760.0,-1068494331.0,38.0,-10.0,-3.0,-174.0,-478.0,4.0,,,,
1284,189204.0,51093.0,43143.0,46723.0,45833.0,189203.0,3.383577823638916,189205.0,46698.515625,,,,,,,,,189202.0,937.0,10.0,759.0,-1069541883.0,39.0,-10.0,-8.0,-216.0,-588.0,78.0,,,,
1285,189214.0,47946.0,44602.0,48442.0,45842.0,189213.0,3.383577823638916,189215.0,46708.6875,,,,,,,,,189212.0,938.0,10.0,759.0,-1070588411.0,42.0,-11.0,-8.0,-111.0,-566.0,3.0,,,,
1286,189224.0,48978.0,45002.0,48124.0,44976.0,189223.0,3.383577823638916,189225.0,46770.53125,,,,,,,,,189222.0,940.0,10.0,759.0,-1070585340.0,45.0,-12.0,-10.0,-131.0,-425.0,12.0,,,,
1287,189234.0,47953.0,45851.0,49159.0,44213.0,189233.0,3.3782992362976074,189235.0,46794.453125,,,,,,,,,189232.0,940.0,10.0,759.0,-1071632891.0,48.0,-12.0,-11.0,-55.0,-379.0,11.0,,,,
1288,189244.0,47086.0,44620.0,50344.0,45178.0,189243.0,3.383577823638916,189245.0,46807.4609375,,,,,,,,,189242.0,941.0,10.0,759.0,-1071630843.0,51.0,-12.0,-10.0,-50.0,-243.0,40.0,,,,
1289,189254.0,49358.0,48594.0,48244.0,40368.0,189253.0,3.383577823638916,189255.0,46641.734375,,,,,,,,,189252.0,941.0,10.0,760.0,-1071629820.0,54.0,-12.0,-5.0,-37.0,-179.0,61.0,,,,
1290,189264.0,45909.0,47951.0,50343.0,42417.0,189263.0,3.383577823638916,189265.0,46655.546875,,,,,,,,,189262.0,942.0,10.0,760.0,-1071628796.0,58.0,-12.0,-5.0,122.0,-76.0,-20.0,,,,
1291,189274.0,49689.0,47915.0,47421.0,41687.0,189273.0,3.383577823638916,189275.0,46678.89453125,,,,,,,,,189272.0,942.0,10.0,760.0,-1071628796.0,62.0,-13.0,-5.0,70.0,64.0,18.0,,,,
1292,189284.0,47882.0,47976.0,48858.0,42040.0,189283.0,3.383577823638916,189285.0,46689.5,,,,,,,,,189282.0,943.0,10.0,759.0,-1071628796.0,66.0,-13.0,-6.0,62.0,119.0,-4.0,,,,
1293,189294.0,45269.0,50859.0,51489.0,39703.0,189293.0,3.383577823638916,189295.0,46830.59765625,,,,,,,,,189292.0,939.0,8.0,759.0,-1070581244.0,61.0,-17.0,-9.0,19.0,162.0,6.0,,,,
1294,189304.0,48735.0,48899.0,48231.0,41475.0,189303.0,3.383577823638916,189305.0,46835.14453125,,,,,,,,,189302.0,939.0,8.0,759.0,-1070581244.0,65.0,-18.0,-9.0,31.0,136.0,-2.0,,,,
1295,189314.0,47459.0,49137.0,49437.0,41519.0,189313.0,3.383577823638916,189315.0,46888.62109375,,,,,,,,,189312.0,940.0,8.0,759.0,-1070582268.0,68.0,-19.0,-10.0,45.0,87.0,-23.0,,,,
1296,189324.0,47102.0,46548.0,49796.0,44234.0,189323.0,3.383577823638916,189325.0,46920.48046875,,,,,,,,,189322.0,942.0,7.0,758.0,-1070582268.0,75.0,-20.0,-11.0,-97.0,6.0,-10.0,,,,
1297,189334.0,48917.0,45625.0,47809.0,44329.0,189333.0,3.383577823638916,189335.0,46670.015625,,,,,,,,,189332.0,942.0,7.0,760.0,-1070582268.0,78.0,-21.0,-3.0,-47.0,28.0,0.0,,,,
1298,189344.0,50700.0,45394.0,46398.0,44160.0,189343.0,3.383577823638916,189345.0,46663.90234375,,,,,,,,,189342.0,944.0,8.0,760.0,-1070582268.0,82.0,-20.0,-2.0,-86.0,-82.0,31.0,,,,
1299,189354.0,47689.0,45993.0,48433.0,44697.0,189353.0,3.383577823638916,189355.0,46703.05078125,,,,,,,,,189352.0,945.0,7.0,760.0,-1071630844.0,85.0,-21.0,-3.0,-47.0,-129.0,-23.0,,,,
1300,189364.0,48423.0,43965.0,48605.0,45971.0,189363.0,3.383577823638916,189365.0,46741.8125,,,,,,,,,189362.0,945.0,7.0,760.0,-1071630844.0,89.0,-22.0,-4.0,-84.0,-99.0,7.0,,,,
1301,189374.0,52076.0,44210.0,45188.0,45798.0,189373.0,3.383577823638916,189375.0,46818.06640625,,,,,,,,,189372.0,949.0,10.0,760.0,-1071629820.0,97.0,-16.0,-7.0,-129.0,-127.0,18.0,,,,
1302,189384.0,49018.0,41542.0,47848.0,48248.0,189383.0,3.383577823638916,189385.0,46664.2421875,,,,,,,,,189382.0,951.0,10.0,760.0,-1072678396.0,103.0,-16.0,-2.0,-105.0,-166.0,27.0,,,,
1303,189394.0,50157.0,47037.0,46731.0,42739.0,189393.0,3.383577823638916,189395.0,46666.7578125,,,,,,,,,189392.0,951.0,10.0,760.0,-1072677372.0,106.0,-15.0,-2.0,-70.0,-111.0,15.0,,,,
1304,189404.0,46189.0,45623.0,50257.0,44607.0,189403.0,3.383577823638916,189405.0,46669.734375,,,,,,,,,189402.0,953.0,10.0,760.0,-1072677372.0,110.0,-16.0,-2.0,10.0,-17.0,-34.0,,,,
1305,189414.0,50362.0,46748.0,47140.0,42682.0,189413.0,3.383577823638916,189415.0,46733.8359375,,,,,,,,,189412.0,953.0,10.0,760.0,-1072676348.0,113.0,-17.0,-3.0,-50.0,25.0,57.0,,,,
1306,189424.0,48087.0,47095.0,48583.0,43599.0,189423.0,3.383577823638916,189425.0,46841.26171875,,,,,,,,,189422.0,954.0,9.0,760.0,-1072676348.0,117.0,-17.0,-6.0,22.0,103.0,-33.0,,,,
1307,189434.0,48276.0,46590.0,49192.0,43306.0,189433.0,3.383577823638916,189435.0,46841.0234375,,,,,,,,,189432.0,956.0,9.0,760.0,-1072677372.0,123.0,-17.0,-6.0,1.0,151.0,28.0,,,,
1308,189444.0,47755.0,47807.0,49305.0,42701.0,189443.0,3.383577823638916,189445.0,46892.0625,,,,,,,,,189442.0,958.0,9.0,760.0,-1072677372.0,127.0,-17.0,-7.0,85.0,152.0,-5.0,,,,
1309,189454.0,50504.0,47918.0,46948.0,42238.0,189453.0,3.383577823638916,189455.0,46902.23046875,,,,,,,,,189452.0,960.0,7.0,760.0,-1072678396.0,133.0,-22.0,-7.0,23.0,195.0,16.0,,,,
1310,189464.0,46990.0,47850.0,50880.0,43788.0,189463.0,3.383577823638916,189465.0,47377.25,,,,,,,,,189462.0,960.0,8.0,758.0,-1072678396.0,136.0,-19.0,-21.0,-15.0,271.0,-29.0,,,,
1311,189474.0,48925.0,48205.0,49725.0,42637.0,189473.0,3.383577823638916,189476.0,47373.21875,,,,,,,,,189472.0,962.0,8.0,757.0,-1072679420.0,139.0,-19.0,-19.0,18.0,229.0,38.0,,,,
1312,189484.0,50656.0,49028.0,47898.0,41726.0,189483.0,3.3782992362976074,189485.0,47327.859375,,,,,,,,,189482.0,963.0,6.0,757.0,-1072680444.0,143.0,-23.0,-17.0,81.0,186.0,44.0,,,,
1313,189494.0,50423.0,49291.0,47291.0,42351.0,189493.0,3.3782992362976074,189495.0,47339.5859375,,,,,,,,,189492.0,966.0,6.0,757.0,-1072681468.0,148.0,-24.0,-16.0,29.0,184.0,-33.0,,,,
1314,189504.0,48570.0,47382.0,49502.0,43954.0,189503.0,3.3782992362976074,189505.0,47352.3046875,,,,,,,,,189502.0,967.0,5.0,757.0,-1072681468.0,150.0,-24.0,-16.0,-41.0,184.0,-12.0,,,,
1315,189514.0,48737.0,44095.0,48333.0,44743.0,189513.0,3.3782992362976074,189515.0,46477.10546875,,,,,,,,,189512.0,970.0,6.0,761.0,-1072682492.0,157.0,-22.0,10.0,-20.0,135.0,41.0,,,,
1316,189524.0,48639.0,47931.0,47679.0,41715.0,189523.0,3.3782992362976074,189525.0,46491.078125,,,,,,,,,189522.0,972.0,4.0,761.0,-1072683516.0,160.0,-26.0,10.0,-3.0,84.0,5.0,,,,
1317,189534.0,46981.0,46061.0,49245.0,43665.0,189533.0,3.3782992362976074,189536.0,46488.5,,,,,,,,,189532.0,973.0,4.0,762.0,-1072683516.0,162.0,-26.0,10.0,-56.0,149.0,-33.0,,,,
1318,189544.0,47889.0,43083.0,48889.0,46051.0,189543.0,3.383577823638916,189545.0,46478.7265625,,,,,,,,,189542.0,976.0,7.0,762.0,-1072683516.0,166.0,-20.0,10.0,-98.0,151.0,46.0,,,,
1319,189554.0,45124.0,45272.0,52264.0,45128.0,189553.0,3.383577823638916,189555.0,46947.28125,,,,,,,,,189552.0,978.0,9.0,759.0,-1073733116.0,169.0,-15.0,-2.0,-138.0,180.0,-8.0,,,,
1320,189564.0,48417.0,49305.0,48699.0,41475.0,189563.0,3.383577823638916,189565.0,46974.25,,,,,,,,,189562.0,979.0,5.0,759.0,-1073733116.0,171.0,-24.0,-3.0,-128.0,207.0,-13.0,,,,
1321,189574.0,47153.0,47189.0,50235.0,43419.0,189573.0,3.383577823638916,189575.0,46999.16796875,,,,,,,,,189572.0,981.0,4.0,759.0,-536863228.0,174.0,-24.0,-3.0,-59.0,202.0,-3.0,,,,
1322,189584.0,50366.0,46974.0,47290.0,43258.0,189583.0,3.3782992362976074,189585.0,46972.7421875,,,,,,,,,189582.0,983.0,5.0,759.0,-535815676.0,176.0,-23.0,-1.0,-34.0,190.0,29.0,,,,
1323,189594.0,45647.0,44305.0,51899.0,45409.0,189593.0,3.3782992362976074,189595.0,46815.1953125,,,,,,,,,189592.0,986.0,7.0,760.0,-535815676.0,179.0,-17.0,3.0,-38.0,170.0,44.0,,,,
1324,189604.0,51849.0,45087.0,46061.0,44127.0,189603.0,3.383577823638916,189605.0,46781.84765625,,,,,,,,,189602.0,987.0,6.0,760.0,-535816700.0,181.0,-19.0,4.0,-11.0,135.0,62.0,,,,
1325,189614.0,48273.0,48525.0,48731.0,41611.0,189613.0,3.383577823638916,189615.0,46785.34765625,,,,,,,,,189612.0,990.0,4.0,760.0,-535817724.0,183.0,-22.0,5.0,65.0,149.0,15.0,,,,
1326,189624.0,48114.0,47222.0,48970.0,42838.0,189623.0,3.383577823638916,189625.0,46786.15625,,,,,,,,,189622.0,991.0,4.0,760.0,-535817725.0,184.0,-22.0,6.0,63.0,176.0,-1.0,,,,
1327,189634.0,52517.0,48629.0,44919.0,40731.0,189633.0,3.383577823638916,189635.0,46699.94921875,,,,,,,,,189632.0,994.0,1.0,760.0,-535818749.0,187.0,-28.0,9.0,30.0,244.0,4.0,,,,
1328,189644.0,47093.0,43829.0,50169.0,45893.0,189643.0,3.383577823638916,189645.0,46746.265625,,,,,,,,,189642.0,996.0,6.0,760.0,-535819773.0,187.0,-17.0,9.0,35.0,172.0,10.0,,,,
1329,189654.0,50753.0,48169.0,45949.0,41921.0,189653.0,3.383577823638916,189655.0,46698.7109375,,,,,,,,,189652.0,999.0,3.0,760.0,-536868349.0,190.0,-22.0,10.0,109.0,183.0,5.0,,,,
1330,189664.0,49004.0,46492.0,48054.0,43150.0,189663.0,3.383577823638916,189665.0,46675.01171875,,,,,,,,,189662.0,1000.0,4.0,760.0,-536869373.0,190.0,-19.0,12.0,11.0,251.0,-11.0,,,,
1331,189674.0,45296.0,47658.0,51280.0,42226.0,189673.0,3.383577823638916,189675.0,46615.1953125,,,,,,,,,189672.0,1002.0,5.0,760.0,-536870397.0,190.0,-17.0,15.0,-7.0,126.0,9.0,,,,
1332,189684.0,45723.0,44739.0,49501.0,43293.0,189683.0,3.383577823638916,189685.0,45814.44140625,,,,,,,,,189682.0,1004.0,5.0,764.0,-536346109.0,190.0,-16.0,39.0,-82.0,304.0,-4.0,,,,
1333,189694.0,48405.0,47449.0,46715.0,40319.0,189693.0,3.383577823638916,189695.0,45722.58203125,,,,,,,,,189692.0,1006.0,3.0,765.0,-536345085.0,189.0,-20.0,42.0,-28.0,202.0,22.0,,,,
1334,189704.0,46295.0,43351.0,48735.0,44155.0,189703.0,3.3888564109802246,189705.0,45634.75,,,,,,,,,189702.0,1009.0,5.0,765.0,-535295485.0,192.0,-15.0,45.0,-97.0,177.0,27.0,,,,
1335,189714.0,45959.0,45269.0,48939.0,42001.0,189713.0,3.3888564109802246,189715.0,45542.48046875,,,,,,,,,189712.0,1010.0,3.0,766.0,-535294461.0,190.0,-19.0,48.0,-23.0,211.0,4.0,,,,
1336,189724.0,49300.0,44102.0,45512.0,42462.0,189723.0,3.394134998321533,189725.0,45344.359375,,,,,,,,,189722.0,1012.0,3.0,767.0,-535293437.0,189.0,-18.0,54.0,-129.0,150.0,26.0,,,,
1337,189734.0,45097.0,45173.0,48501.0,42141.0,189733.0,3.394134998321533,189735.0,45228.8515625,,,,,,,,,189732.0,1016.0,6.0,768.0,-534244861.0,191.0,-12.0,57.0,17.0,66.0,-21.0,,,,
1338,189744.0,45871.0,43031.0,48729.0,43117.0,189743.0,3.394134998321533,189745.0,45187.7265625,,,,,,,,,189742.0,1017.0,9.0,768.0,-534244861.0,189.0,-5.0,58.0,27.0,126.0,22.0,,,,
1339,189754.0,49195.0,46757.0,44771.0,39713.0,189753.0,3.394134998321533,189755.0,45109.8203125,,,,,,,,,189752.0,1019.0,5.0,769.0,-534243837.0,188.0,-11.0,60.0,14.0,120.0,27.0,,,,
1340,189764.0,45525.0,44951.0,48497.0,41383.0,189763.0,3.399413585662842,189766.0,45089.3046875,,,,,,,,,189762.0,1021.0,5.0,769.0,-534243837.0,187.0,-11.0,60.0,6.0,121.0,27.0,,,,
1341,189774.0,51404.0,47034.0,43146.0,40164.0,189773.0,3.399413585662842,189775.0,45437.234375,,,,,,,,,189772.0,1023.0,3.0,768.0,-535291389.0,187.0,-16.0,49.0,52.0,119.0,-5.0,,,,
1342,189784.0,49455.0,48001.0,45383.0,39093.0,189783.0,3.399413585662842,189785.0,45483.31640625,,,,,,,,,189782.0,1025.0,-1.0,769.0,-535291389.0,184.0,-25.0,46.0,109.0,69.0,15.0,,,,
1343,189794.0,46416.0,44170.0,48222.0,43344.0,189793.0,3.394134998321533,189795.0,45538.11328125,,,,,,,,,189792.0,1028.0,2.0,769.0,-535291389.0,186.0,-16.0,43.0,28.0,116.0,-5.0,,,,
1344,189804.0,47309.0,45069.0,47643.0,42219.0,189803.0,3.394134998321533,189805.0,45560.4453125,,,,,,,,,189802.0,1030.0,1.0,770.0,-535290365.0,185.0,-16.0,41.0,0.0,152.0,25.0,,,,
1345,189814.0,48813.0,44929.0,46521.0,41545.0,189813.0,3.394134998321533,189816.0,45452.07421875,,,,,,,,,189812.0,1032.0,1.0,770.0,-535290365.0,183.0,-16.0,44.0,-1.0,59.0,57.0,,,,
1346,189824.0,42844.0,42146.0,51456.0,45506.0,189823.0,3.394134998321533,189826.0,45488.79296875,,,,,,,,,189822.0,1035.0,6.0,771.0,-535289341.0,182.0,-6.0,43.0,-27.0,175.0,-33.0,,,,
1347,189834.0,47839.0,44407.0,47193.0,42597.0,189833.0,3.3888564109802246,189835.0,45509.29296875,,,,,,,,,189832.0,1038.0,6.0,771.0,-535289341.0,182.0,-5.0,41.0,-64.0,170.0,-2.0,,,,
1348,189844.0,46777.0,44877.0,48497.0,42077.0,189843.0,3.394134998321533,189845.0,45557.23046875,,,,,,,,,189842.0,1040.0,7.0,772.0,-535288317.0,181.0,-4.0,39.0,-47.0,111.0,24.0,,,,
1349,189854.0,45812.0,45662.0,49000.0,42250.0,189853.0,3.3888564109802246,189855.0,45681.3359375,,,,,,,,,189852.0,1042.0,7.0,771.0,-535288317.0,179.0,-3.0,34.0,-12.0,99.0,18.0,,,,
1350,189864.0,46974.0,47648.0,48328.0,39894.0,189863.0,3.3888564109802246,189865.0,45681.3359375,,,,,,,,,189862.0,1043.0,4.0,772.0,-535288318.0,176.0,-8.0,33.0,23.0,164.0,1.0,,,,
1351,189874.0,47411.0,44283.0,48057.0,43157.0,189873.0,3.3888564109802246,189876.0,45727.25,,,,,,,,,189872.0,1046.0,6.0,772.0,-535287293.0,175.0,-4.0,32.0,7.0,164.0,10.0,,,,
1352,189884.0,45295.0,47403.0,49521.0,40809.0,189883.0,3.3888564109802246,189885.0,45727.25,,,,,,,,,189882.0,1046.0,7.0,772.0,-535286270.0,170.0,-2.0,30.0,66.0,95.0,-30.0,,,,
1353,189894.0,45302.0,44082.0,50538.0,43374.0,189893.0,3.3888564109802246,189895.0,45757.80859375,,,,,,,,,189892.0,1049.0,10.0,773.0,-535286270.0,170.0,4.0,27.0,67.0,110.0,13.0,,,,
1354,189904.0,46676.0,45816.0,48400.0,42532.0,189903.0,3.3888564109802246,189906.0,45856.3828125,,,,,,,,,189902.0,1051.0,10.0,773.0,-535286269.0,168.0,4.0,26.0,117.0,100.0,-22.0,,,,
1355,189914.0,47985.0,49045.0,46941.0,39581.0,189913.0,3.3888564109802246,189915.0,45856.3828125,,,,,,,,,189912.0,1054.0,6.0,773.0,-535285246.0,166.0,-1.0,25.0,52.0,70.0,-43.0,,,,
1356,189924.0,47961.0,46695.0,47735.0,41253.0,189923.0,3.3888564109802246,189925.0,45888.12890625,,,,,,,,,189922.0,1055.0,2.0,774.0,-536333821.0,162.0,-9.0,23.0,91.0,108.0,5.0,,,,
1357,189934.0,51229.0,44857.0,45053.0,42729.0,189933.0,3.3888564109802246,189935.0,45911.83203125,,,,,,,,,189932.0,1057.0,5.0,774.0,-536333821.0,160.0,-4.0,21.0,114.0,23.0,80.0,,,,
1358,189944.0,44934.0,46124.0,49334.0,42744.0,189943.0,3.3888564109802246,189945.0,45967.8203125,,,,,,,,,189942.0,1059.0,4.0,775.0,-1073203710.0,158.0,-6.0,27.0,111.0,72.0,-68.0,,,,
1359,189954.0,47110.0,45228.0,48372.0,42354.0,189953.0,3.3888564109802246,189955.0,45784.3046875,,,,,,,,,189952.0,1062.0,3.0,775.0,-1072155134.0,156.0,-8.0,27.0,76.0,53.0,42.0,,,,
1360,189964.0,46194.0,44848.0,49244.0,43066.0,189963.0,3.3888564109802246,189965.0,45766.28515625,,,,,,,,,189962.0,1063.0,2.0,776.0,-1072155133.0,153.0,-8.0,24.0,81.0,32.0,-12.0,,,,
1361,189974.0,50629.0,47027.0,45273.0,40567.0,189973.0,3.3888564109802246,189975.0,45838.26171875,,,,,,,,,189972.0,1065.0,5.0,776.0,-1072155133.0,149.0,-4.0,23.0,-43.0,33.0,17.0,,,,
1362,189984.0,44631.0,46583.0,51077.0,43349.0,189983.0,3.3888564109802246,189985.0,45874.4765625,,,,,,,,,189982.0,1066.0,5.0,773.0,-1072155133.0,146.0,-4.0,7.0,51.0,45.0,-38.0,,,,
1363,189994.0,47011.0,44187.0,49877.0,44897.0,189993.0,3.3888564109802246,189995.0,46410.44140625,,,,,,,,,189992.0,1067.0,5.0,774.0,-1072155133.0,141.0,-3.0,4.0,-147.0,60.0,6.0,,,,
1364,190004.0,45767.0,46933.0,50425.0,43227.0,190003.0,3.3888564109802246,190005.0,46493.34375,,,,,,,,,190002.0,1069.0,6.0,774.0,-1072155133.0,138.0,-2.0,0.0,-36.0,17.0,-26.0,,,,
1365,190014.0,49060.0,46410.0,48578.0,42748.0,190013.0,3.383577823638916,190015.0,46588.20703125,,,,,,,,,190012.0,1071.0,6.0,774.0,-1072155133.0,136.0,-2.0,-2.0,-87.0,10.0,39.0,,,,
1366,190024.0,46575.0,46657.0,49983.0,42741.0,190023.0,3.383577823638916,190025.0,46699.9375,,,,,,,,,190022.0,1073.0,6.0,774.0,-1073202685.0,133.0,-2.0,-3.0,39.0,0.0,-16.0,,,,
1367,190034.0,45266.0,47982.0,50916.0,41992.0,190033.0,3.3782992362976074,190035.0,46489.03125,,,,,,,,,190032.0,1074.0,6.0,775.0,-1073202685.0,130.0,-2.0,2.0,-49.0,3.0,-42.0,,,,
1368,190044.0,47223.0,45657.0,49917.0,43555.0,190043.0,3.3782992362976074,190045.0,46539.09765625,,,,,,,,,190042.0,1076.0,6.0,775.0,-1073203709.0,128.0,-3.0,1.0,-102.0,61.0,21.0,,,,
1369,190054.0,51479.0,46671.0,45661.0,42741.0,190053.0,3.3782992362976074,190055.0,46588.58984375,,,,,,,,,190052.0,1078.0,6.0,775.0,-1073202685.0,125.0,-2.0,0.0,9.0,-48.0,32.0,,,,
1370,190064.0,50080.0,51176.0,46446.0,39034.0,190063.0,3.3782992362976074,190065.0,46638.05078125,,,,,,,,,190062.0,1080.0,2.0,775.0,-1073202685.0,123.0,-11.0,-1.0,9.0,29.0,-52.0,,,,
1371,190074.0,49173.0,48111.0,48435.0,42653.0,190073.0,3.3782992362976074,190075.0,46684.33203125,,,,,,,,,190072.0,1081.0,0.0,773.0,-1073202685.0,119.0,-14.0,-12.0,71.0,12.0,-22.0,,,,
1372,190084.0,46380.0,45054.0,51880.0,45310.0,190083.0,3.383577823638916,190085.0,47093.25,,,,,,,,,190082.0,1082.0,5.0,772.0,-1073202685.0,114.0,-4.0,-13.0,81.0,-6.0,17.0,,,,
1373,190094.0,48198.0,50278.0,49528.0,40668.0,190093.0,3.3782992362976074,190095.0,47156.78125,,,,,,,,,190092.0,1083.0,5.0,772.0,-1072154109.0,111.0,-5.0,-12.0,57.0,-17.0,-21.0,,,,
1374,190104.0,48731.0,47977.0,48817.0,43063.0,190103.0,3.3782992362976074,190105.0,47168.5703125,,,,,,,,,190102.0,1085.0,5.0,772.0,-1072154109.0,108.0,-4.0,-11.0,151.0,-86.0,-9.0,,,,
1375,190114.0,47227.0,46729.0,50395.0,43997.0,190113.0,3.3782992362976074,190115.0,47147.35546875,,,,,,,,,190112.0,1086.0,5.0,772.0,-1072154109.0,104.0,-4.0,-8.0,40.0,-7.0,-23.0,,,,
1376,190124.0,45307.0,46439.0,52303.0,44207.0,190123.0,3.3782992362976074,190125.0,47087.28515625,,,,,,,,,190122.0,1088.0,9.0,772.0,-1072154109.0,102.0,2.0,-7.0,33.0,-31.0,-7.0,,,,
1377,190134.0,47049.0,46345.0,51139.0,43815.0,190133.0,3.3782992362976074,190135.0,47064.015625,,,,,,,,,190132.0,1089.0,9.0,772.0,-1072155133.0,99.0,2.0,-6.0,-60.0,-10.0,23.0,,,,
1378,190144.0,49243.0,46855.0,48737.0,43469.0,190143.0,3.3782992362976074,190145.0,47087.765625,,,,,,,,,190142.0,1090.0,9.0,772.0,-1072155133.0,96.0,2.0,-5.0,53.0,-127.0,24.0,,,,
1379,190154.0,51111.0,45721.0,47071.0,45741.0,190153.0,3.3782992362976074,190155.0,47076.80859375,,,,,,,,,190152.0,1094.0,8.0,772.0,-1072155133.0,97.0,0.0,-3.0,-28.0,1.0,-33.0,,,,
1380,190164.0,48231.0,45025.0,50731.0,45629.0,190163.0,3.3782992362976074,190165.0,47411.48046875,,,,,,,,,190162.0,1096.0,8.0,770.0,-1072155133.0,95.0,0.0,-12.0,26.0,-68.0,26.0,,,,
1381,190174.0,49064.0,45248.0,50034.0,45134.0,190173.0,3.3782992362976074,190175.0,47404.140625,,,,,,,,,190172.0,1096.0,10.0,770.0,-1072155133.0,91.0,1.0,-10.0,-7.0,-128.0,51.0,,,,
1382,190184.0,48677.0,49871.0,49431.0,41673.0,190183.0,3.373020648956299,190185.0,47370.93359375,,,,,,,,,190182.0,1097.0,10.0,770.0,-1072156157.0,88.0,1.0,-10.0,67.0,-117.0,-16.0,,,,
1383,190194.0,50250.0,47724.0,48204.0,43482.0,190193.0,3.373020648956299,190195.0,47413.55859375,,,,,,,,,190192.0,1100.0,7.0,770.0,-1071107581.0,88.0,-3.0,-9.0,28.0,-62.0,-5.0,,,,
1384,190204.0,50222.0,47208.0,48446.0,43248.0,190203.0,3.373020648956299,190205.0,47415.91015625,,,,,,,,,190202.0,1101.0,7.0,770.0,-1071108605.0,84.0,-3.0,-4.0,31.0,-57.0,29.0,,,,
1385,190214.0,48787.0,48815.0,49271.0,42211.0,190213.0,3.373020648956299,190215.0,47281.3359375,,,,,,,,,190212.0,1102.0,7.0,770.0,-1071108605.0,81.0,-3.0,-2.0,-6.0,-54.0,-29.0,,,,
1386,190224.0,50761.0,47801.0,47593.0,42737.0,190223.0,3.373020648956299,190225.0,47223.7265625,,,,,,,,,190222.0,1103.0,7.0,770.0,-1071108606.0,78.0,-4.0,0.0,60.0,-80.0,31.0,,,,
1387,190234.0,53164.0,46994.0,45164.0,43290.0,190233.0,3.373020648956299,190235.0,47223.7265625,,,,,,,,,190232.0,1112.0,1.0,770.0,-1071109630.0,90.0,-16.0,3.0,31.0,34.0,4.0,,,,
1388,190244.0,47999.0,47753.0,49899.0,42605.0,190243.0,3.373020648956299,190245.0,47153.27734375,,,,,,,,,190242.0,1112.0,1.0,771.0,-1070061054.0,87.0,-17.0,7.0,0.0,-3.0,18.0,,,,
1389,190254.0,47706.0,46392.0,49892.0,43986.0,190253.0,3.3782992362976074,190255.0,47064.90625,,,,,,,,,190252.0,1113.0,1.0,771.0,-1070061054.0,84.0,-17.0,10.0,-10.0,48.0,-21.0,,,,
1390,190264.0,47341.0,46835.0,50633.0,43023.0,190263.0,3.3782992362976074,190265.0,46994.87109375,,,,,,,,,190262.0,1114.0,3.0,771.0,-1070061054.0,81.0,-13.0,12.0,5.0,5.0,45.0,,,,
1391,190274.0,47202.0,46268.0,50226.0,43888.0,190273.0,3.3782992362976074,190275.0,46958.08203125,,,,,,,,,190272.0,1115.0,3.0,771.0,-1071108606.0,78.0,-13.0,15.0,-91.0,76.0,-15.0,,,,
1392,190284.0,46852.0,47028.0,50222.0,42282.0,190283.0,3.3782992362976074,190285.0,46896.0,,,,,,,,,190282.0,1116.0,3.0,773.0,-1071108606.0,75.0,-14.0,25.0,-140.0,68.0,1.0,,,,
1393,190294.0,49055.0,47125.0,48715.0,41553.0,190293.0,3.3782992362976074,190295.0,46596.52734375,,,,,,,,,190292.0,1113.0,2.0,773.0,-1071108606.0,66.0,-17.0,25.0,-142.0,67.0,31.0,,,,
1394,190304.0,42237.0,46287.0,54195.0,43429.0,190303.0,3.3782992362976074,190305.0,46612.30859375,,,,,,,,,190302.0,1113.0,4.0,773.0,-1072157182.0,63.0,-13.0,27.0,-105.0,-75.0,3.0,,,,
1395,190314.0,48268.0,46850.0,48636.0,42514.0,190313.0,3.3782992362976074,190315.0,46537.90234375,,,,,,,,,190312.0,1115.0,2.0,773.0,-1072157182.0,61.0,-17.0,27.0,-86.0,-8.0,-2.0,,,,
1396,190324.0,49911.0,46353.0,47075.0,42673.0,190323.0,3.383577823638916,190325.0,46567.22265625,,,,,,,,,190322.0,1115.0,2.0,774.0,-1073205758.0,58.0,-17.0,29.0,-88.0,-35.0,17.0,,,,
1397,190334.0,46879.0,44877.0,50153.0,44191.0,190333.0,3.383577823638916,190335.0,46503.9765625,,,,,,,,,190332.0,1116.0,1.0,774.0,-1073205758.0,54.0,-17.0,29.0,-65.0,-104.0,8.0,,,,
1398,190344.0,48804.0,49096.0,47890.0,40182.0,190343.0,3.383577823638916,190345.0,46525.1484375,,,,,,,,,190342.0,1116.0,1.0,774.0,-536334846.0,51.0,-17.0,31.0,27.0,-176.0,-4.0,,,,
1399,190354.0,46530.0,46676.0,49926.0,42852.0,190353.0,3.383577823638916,190355.0,46493.3984375,,,,,,,,,190352.0,1117.0,1.0,774.0,-536335870.0,48.0,-17.0,30.0,-57.0,-126.0,-15.0,,,,
1400,190364.0,49807.0,45709.0,47129.0,43263.0,190363.0,3.383577823638916,190365.0,46496.21484375,,,,,,,,,190362.0,1117.0,1.0,775.0,-536335870.0,46.0,-17.0,32.0,-7.0,-215.0,47.0,,,,
1401,190374.0,56543.0,35599.0,40229.0,53909.0,190373.0,3.383577823638916,190375.0,46477.96875,,,,,,,,,190372.0,1139.0,4.0,774.0,-535289342.0,81.0,-12.0,29.0,-27.0,-97.0,-26.0,,,,
1402,190384.0,52195.0,44467.0,45471.0,44011.0,190383.0,3.383577823638916,190385.0,46570.703125,,,,,,,,,190382.0,1140.0,4.0,775.0,-535289342.0,79.0,-12.0,30.0,7.0,-154.0,53.0,,,,
1403,190394.0,48010.0,46128.0,48760.0,43286.0,190393.0,3.383577823638916,190395.0,46536.05078125,,,,,,,,,190392.0,1141.0,4.0,775.0,-535290366.0,77.0,-11.0,31.0,32.0,-98.0,-10.0,,,,
1404,190404.0,48041.0,46669.0,48391.0,42895.0,190403.0,3.383577823638916,190405.0,46546.421875,,,,,,,,,190402.0,1142.0,3.0,775.0,-536338942.0,75.0,-11.0,32.0,33.0,-40.0,-12.0,,,,
1405,190414.0,47751.0,46751.0,48551.0,41279.0,190413.0,3.383577823638916,190415.0,46499.23046875,,,,,,,,,190412.0,1142.0,3.0,778.0,-536339966.0,73.0,-11.0,45.0,-19.0,166.0,7.0,,,,
1406,190424.0,41921.0,54235.0,54425.0,33591.0,190423.0,3.383577823638916,190425.0,46083.4140625,,,,,,,,,190422.0,1125.0,5.0,778.0,-536337918.0,38.0,-8.0,45.0,35.0,138.0,52.0,,,,
1407,190434.0,42725.0,48835.0,52997.0,39459.0,190433.0,3.383577823638916,190435.0,46043.93359375,,,,,,,,,190432.0,1125.0,5.0,779.0,-536337918.0,36.0,-8.0,47.0,56.0,238.0,-4.0,,,,
1408,190444.0,42850.0,50648.0,52306.0,38220.0,190443.0,3.3888564109802246,190445.0,46004.546875,,,,,,,,,190442.0,1122.0,5.0,779.0,-536336894.0,29.0,-8.0,47.0,42.0,217.0,-53.0,,,,
1409,190454.0,44101.0,47813.0,51997.0,40697.0,190453.0,3.3888564109802246,190455.0,46006.296875,,,,,,,,,190452.0,1124.0,7.0,780.0,-536335870.0,29.0,-4.0,47.0,42.0,188.0,-6.0,,,,
1410,190464.0,48497.0,47835.0,47397.0,40983.0,190463.0,3.3888564109802246,190465.0,46152.37109375,,,,,,,,,190462.0,1124.0,7.0,779.0,-536334846.0,26.0,-4.0,41.0,51.0,-16.0,5.0,,,,
1411,190474.0,45990.0,46392.0,49462.0,42980.0,190473.0,3.3888564109802246,190475.0,46178.01953125,,,,,,,,,190472.0,1125.0,7.0,780.0,-1073205758.0,24.0,-4.0,40.0,65.0,7.0,-77.0,,,,
1412,190484.0,49539.0,43851.0,46909.0,44741.0,190483.0,3.3888564109802246,190485.0,46206.58203125,,,,,,,,,190482.0,1126.0,10.0,780.0,-1073205758.0,22.0,0.0,38.0,34.0,-127.0,16.0,,,,
1413,190494.0,46328.0,47808.0,49190.0,42034.0,190493.0,3.3888564109802246,190495.0,46260.87109375,,,,,,,,,190492.0,1127.0,8.0,780.0,-1073205758.0,20.0,-2.0,35.0,27.0,-288.0,-74.0,,,,
1414,190504.0,50670.0,44774.0,46934.0,44566.0,190503.0,3.383577823638916,190505.0,46340.33203125,,,,,,,,,190502.0,1127.0,8.0,779.0,-1072158206.0,18.0,-2.0,22.0,18.0,-322.0,-2.0,,,,
1415,190514.0,48982.0,44792.0,47602.0,45828.0,190513.0,3.383577823638916,190515.0,46736.54296875,,,,,,,,,190512.0,1131.0,7.0,779.0,-1072159230.0,21.0,-3.0,20.0,73.0,-425.0,-41.0,,,,
1416,190524.0,51473.0,46339.0,45843.0,43641.0,190523.0,3.3782992362976074,190525.0,46801.3671875,,,,,,,,,190522.0,1131.0,7.0,779.0,-1072161278.0,20.0,-3.0,19.0,17.0,-387.0,-8.0,,,,
1417,190534.0,48303.0,43471.0,49725.0,45961.0,190533.0,3.3782992362976074,190535.0,46824.7734375,,,,,,,,,190532.0,1131.0,9.0,780.0,-1072162301.0,18.0,0.0,19.0,0.0,-341.0,23.0,,,,
1418,190544.0,51439.0,45225.0,47403.0,44117.0,190543.0,3.3782992362976074,190545.0,46865.90234375,,,,,,,,,190542.0,1131.0,9.0,779.0,-1072164349.0,16.0,0.0,13.0,11.0,-288.0,40.0,,,,
1419,190554.0,47610.0,47594.0,49860.0,43144.0,190553.0,3.3782992362976074,190555.0,47046.2578125,,,,,,,,,190552.0,1132.0,9.0,779.0,-1072165374.0,16.0,0.0,13.0,131.0,-323.0,0.0,,,,
1420,190564.0,47535.0,47071.0,50425.0,43289.0,190563.0,3.373020648956299,190565.0,47052.71875,,,,,,,,,190562.0,1132.0,9.0,780.0,-1072166398.0,15.0,-1.0,13.0,40.0,-118.0,1.0,,,,
1421,190574.0,47162.0,47614.0,50884.0,42736.0,190573.0,3.3782992362976074,190575.0,47080.3203125,,,,,,,,,190572.0,1132.0,9.0,780.0,-1072166398.0,14.0,-1.0,12.0,94.0,-38.0,8.0,,,,
1422,190584.0,48178.0,48494.0,49604.0,40704.0,190583.0,3.373020648956299,190585.0,47099.875,,,,,,,,,190582.0,1131.0,8.0,782.0,-1071118846.0,10.0,-3.0,23.0,-14.0,45.0,20.0,,,,
1423,190594.0,46220.0,48986.0,50628.0,40982.0,190593.0,3.373020648956299,190595.0,46745.4453125,,,,,,,,,190592.0,1131.0,8.0,782.0,-1071118846.0,10.0,-4.0,25.0,136.0,-52.0,8.0,,,,
1424,190604.0,49194.0,48598.0,47602.0,41386.0,190603.0,3.3782992362976074,190605.0,46704.71484375,,,,,,,,,190602.0,1132.0,7.0,782.0,-1071118846.0,11.0,-7.0,26.0,41.0,155.0,-46.0,,,,
1425,190614.0,46903.0,49075.0,50061.0,40749.0,190613.0,3.3782992362976074,190615.0,46695.79296875,,,,,,,,,190612.0,1132.0,7.0,783.0,-1071117822.0,11.0,-7.0,27.0,65.0,75.0,5.0,,,,
1426,190624.0,49179.0,47145.0,48001.0,42375.0,190623.0,3.383577823638916,190625.0,46697.9609375,,,,,,,,,190622.0,1132.0,6.0,783.0,-1070069246.0,11.0,-9.0,27.0,-6.0,28.0,-20.0,,,,
1427,190634.0,51045.0,48667.0,45123.0,41265.0,190633.0,3.383577823638916,190635.0,46675.00390625,,,,,,,,,190632.0,1132.0,6.0,784.0,-1070069246.0,10.0,-10.0,32.0,46.0,-31.0,-13.0,,,,
1428,190644.0,47399.0,46095.0,49389.0,43357.0,190643.0,3.383577823638916,190645.0,46525.3359375,,,,,,,,,190642.0,1135.0,4.0,784.0,-1070069246.0,14.0,-13.0,32.0,-36.0,-7.0,-43.0,,,,
1429,190654.0,51295.0,44699.0,45709.0,44321.0,190653.0,3.383577823638916,190655.0,46560.3828125,,,,,,,,,190652.0,1135.0,4.0,785.0,-1070069245.0,13.0,-14.0,33.0,-34.0,-179.0,37.0,,,,
1430,190664.0,47810.0,45574.0,48516.0,44156.0,190663.0,3.383577823638916,190665.0,46506.45703125,,,,,,,,,190662.0,1135.0,4.0,785.0,-1070069246.0,13.0,-15.0,34.0,-82.0,-120.0,-29.0,,,,
1431,190674.0,51969.0,46319.0,45087.0,43609.0,190673.0,3.3782992362976074,190675.0,46514.453125,,,,,,,,,190672.0,1135.0,4.0,784.0,-1070070269.0,12.0,-16.0,27.0,-107.0,-208.0,3.0,,,,
1432,190684.0,48604.0,39868.0,47962.0,50622.0,190683.0,3.383577823638916,190685.0,46746.10546875,,,,,,,,,190682.0,1143.0,7.0,784.0,-1071644157.0,26.0,-9.0,27.0,-160.0,-137.0,-56.0,,,,
1433,190694.0,48641.0,48911.0,47851.0,41657.0,190693.0,3.3782992362976074,190695.0,46764.5234375,,,,,,,,,190692.0,1143.0,7.0,784.0,-1071643133.0,26.0,-10.0,26.0,-113.0,-189.0,-53.0,,,,
1434,190704.0,46213.0,45063.0,51019.0,44909.0,190703.0,3.3782992362976074,190705.0,46765.625,,,,,,,,,190702.0,1144.0,7.0,785.0,-1072691709.0,27.0,-10.0,26.0,-177.0,-138.0,23.0,,,,
1435,190714.0,50195.0,42279.0,47629.0,46257.0,190713.0,3.3782992362976074,190715.0,46801.0859375,,,,,,,,,190712.0,1144.0,13.0,786.0,-1073739261.0,27.0,0.0,33.0,-37.0,-170.0,71.0,,,,
1436,190724.0,47226.0,45884.0,48890.0,43860.0,190723.0,3.3782992362976074,190725.0,46590.6171875,,,,,,,,,190722.0,1144.0,13.0,786.0,-536868349.0,28.0,0.0,38.0,23.0,-42.0,-36.0,,,,
1437,190734.0,47258.0,45872.0,49110.0,43320.0,190733.0,3.3782992362976074,190735.0,46465.97265625,,,,,,,,,190732.0,1145.0,13.0,787.0,-536867325.0,29.0,0.0,41.0,9.0,25.0,25.0,,,,
1438,190744.0,48214.0,48644.0,48456.0,40082.0,190743.0,3.383577823638916,190745.0,46390.515625,,,,,,,,,190742.0,1145.0,13.0,787.0,-1073738237.0,29.0,0.0,42.0,35.0,102.0,-9.0,,,,
1439,190754.0,48393.0,46207.0,48563.0,42237.0,190753.0,3.383577823638916,190755.0,46349.40234375,,,,,,,,,190752.0,1145.0,13.0,788.0,-1073738237.0,30.0,0.0,43.0,102.0,80.0,44.0,,,,
1440,190764.0,50094.0,52858.0,45516.0,36836.0,190763.0,3.383577823638916,190765.0,46350.5546875,,,,,,,,,190762.0,1142.0,2.0,788.0,-1072690685.0,25.0,-19.0,44.0,187.0,143.0,-41.0,,,,
1441,190774.0,48805.0,49923.0,46995.0,39469.0,190773.0,3.383577823638916,190775.0,46326.40234375,,,,,,,,,190772.0,1143.0,2.0,788.0,-1071642109.0,26.0,-19.0,44.0,200.0,114.0,-47.0,,,,
1442,190784.0,47508.0,49030.0,49088.0,39438.0,190783.0,3.383577823638916,190785.0,46298.37890625,,,,,,,,,190782.0,1142.0,0.0,789.0,-1071643133.0,25.0,-24.0,46.0,168.0,146.0,14.0,,,,
1443,190794.0,51412.0,49090.0,44840.0,39438.0,190793.0,3.3888564109802246,190795.0,46266.0,,,,,,,,,190792.0,1143.0,0.0,789.0,-1070594557.0,26.0,-26.0,48.0,80.0,86.0,-7.0,,,,
1444,190804.0,49333.0,48219.0,47417.0,41291.0,190803.0,3.3888564109802246,190805.0,46195.29296875,,,,,,,,,190802.0,1143.0,0.0,788.0,-1070594557.0,26.0,-26.0,38.0,41.0,51.0,5.0,,,,
1445,190814.0,45532.0,47792.0,51052.0,41772.0,190813.0,3.3888564109802246,190815.0,46565.4609375,,,,,,,,,190812.0,1144.0,-1.0,788.0,-1069547005.0,27.0,-28.0,40.0,24.0,33.0,-41.0,,,,
1446,190824.0,47770.0,46080.0,48986.0,43252.0,190823.0,3.383577823638916,190825.0,46537.95703125,,,,,,,,,190822.0,1144.0,-1.0,789.0,-1069547005.0,27.0,-29.0,40.0,-203.0,-47.0,14.0,,,,
1447,190834.0,48751.0,43155.0,47569.0,46773.0,190833.0,3.383577823638916,190835.0,46522.6953125,,,,,,,,,190832.0,1147.0,1.0,789.0,-1070595581.0,32.0,-24.0,39.0,-198.0,-40.0,-24.0,,,,
1448,190844.0,48826.0,45018.0,49256.0,45688.0,190843.0,3.383577823638916,190845.0,46562.65234375,,,,,,,,,190842.0,1147.0,1.0,786.0,-1071644157.0,32.0,-25.0,20.0,-277.0,-77.0,3.0,,,,
1449,190854.0,45190.0,41524.0,52604.0,49766.0,190853.0,3.3782992362976074,190855.0,47197.77734375,,,,,,,,,190852.0,1147.0,4.0,786.0,-1072691709.0,32.0,-18.0,18.0,-288.0,-117.0,-14.0,,,,
1450,190864.0,46854.0,46322.0,51480.0,44600.0,190863.0,3.3782992362976074,190865.0,47271.87109375,,,,,,,,,190862.0,1148.0,4.0,786.0,-1073740285.0,32.0,-18.0,18.0,-294.0,-137.0,0.0,,,,
1451,190874.0,49731.0,43721.0,48759.0,46797.0,190873.0,3.373020648956299,190875.0,47314.87890625,,,,,,,,,190872.0,1148.0,4.0,787.0,-535819773.0,32.0,-18.0,18.0,-295.0,-143.0,9.0,,,,
1452,190884.0,49878.0,46154.0,46828.0,43628.0,190883.0,3.373020648956299,190885.0,47252.73828125,,,,,,,,,190882.0,1149.0,1.0,787.0,-534771197.0,33.0,-23.0,20.0,-115.0,-226.0,21.0,,,,
1453,190894.0,48930.0,46322.0,47304.0,43820.0,190893.0,3.373020648956299,190895.0,46622.13671875,,,,,,,,,190892.0,1149.0,2.0,791.0,-534770173.0,34.0,-21.0,38.0,-86.0,-110.0,-3.0,,,,
1454,190904.0,47268.0,47052.0,49552.0,42660.0,190903.0,3.373020648956299,190905.0,46594.765625,,,,,,,,,190902.0,1149.0,1.0,791.0,-533721597.0,35.0,-21.0,39.0,7.0,-40.0,-4.0,,,,
1455,190914.0,49570.0,47942.0,47662.0,41126.0,190913.0,3.3782992362976074,190915.0,46633.84375,,,,,,,,,190912.0,1149.0,0.0,792.0,-533720573.0,35.0,-22.0,39.0,96.0,27.0,25.0,,,,
1456,190924.0,48844.0,50256.0,47646.0,39566.0,190923.0,3.3782992362976074,190926.0,46578.09375,,,,,,,,,190922.0,1150.0,0.0,792.0,-533720573.0,36.0,-21.0,41.0,110.0,10.0,-8.0,,,,
1457,190934.0,46334.0,47998.0,49584.0,43664.0,190933.0,3.383577823638916,190935.0,46578.09375,,,,,,,,,190932.0,1149.0,3.0,790.0,-534769149.0,35.0,-14.0,31.0,203.0,83.0,-31.0,,,,
1458,190944.0,46877.0,48413.0,49699.0,42611.0,190943.0,3.3782992362976074,190945.0,46895.6796875,,,,,,,,,190942.0,1149.0,6.0,791.0,-534770173.0,36.0,-9.0,32.0,155.0,113.0,-56.0,,,,
1459,190954.0,50088.0,48046.0,46456.0,42986.0,190953.0,3.3782992362976074,190955.0,46900.9375,,,,,,,,,190952.0,1151.0,6.0,791.0,-535818749.0,39.0,-8.0,33.0,133.0,89.0,-4.0,,,,
1460,190964.0,45824.0,48478.0,50900.0,42542.0,190963.0,3.3782992362976074,190965.0,46894.09375,,,,,,,,,190962.0,1151.0,6.0,791.0,-535818749.0,39.0,-8.0,33.0,93.0,55.0,-48.0,,,,
1461,190974.0,49372.0,49538.0,46992.0,42266.0,190973.0,3.3782992362976074,190975.0,46936.4921875,,,,,,,,,190972.0,1151.0,5.0,791.0,-536868349.0,39.0,-9.0,29.0,111.0,61.0,-25.0,,,,
1462,190984.0,48825.0,47025.0,48485.0,44009.0,190983.0,3.3782992362976074,190985.0,47042.6015625,,,,,,,,,190982.0,1151.0,4.0,791.0,-1073739261.0,40.0,-9.0,29.0,39.0,95.0,-23.0,,,,
1463,190994.0,47084.0,47888.0,49710.0,43626.0,190993.0,3.3782992362976074,190995.0,47086.2890625,,,,,,,,,190992.0,1152.0,4.0,791.0,-1073739260.0,41.0,-10.0,29.0,10.0,3.0,-24.0,,,,
1464,191004.0,48016.0,46746.0,49530.0,44196.0,191003.0,3.373020648956299,191005.0,47077.984375,,,,,,,,,191002.0,1153.0,4.0,792.0,-1073739260.0,42.0,-10.0,29.0,-5.0,19.0,-31.0,,,,
1465,191014.0,48530.0,46658.0,48236.0,42524.0,191013.0,3.373020648956299,191015.0,47122.17578125,,,,,,,,,191012.0,1153.0,4.0,796.0,-1073739260.0,42.0,-10.0,47.0,-29.0,-96.0,9.0,,,,
1466,191024.0,48567.0,43561.0,47539.0,46293.0,191023.0,3.373020648956299,191025.0,46487.95703125,,,,,,,,,191022.0,1154.0,4.0,796.0,-1073739260.0,43.0,-10.0,47.0,-81.0,-74.0,-17.0,,,,
1467,191034.0,47458.0,44674.0,48214.0,45394.0,191033.0,3.3782992362976074,191035.0,46490.26171875,,,,,,,,,191032.0,1154.0,4.0,797.0,-1073739260.0,43.0,-10.0,47.0,-96.0,-81.0,-24.0,,,,
1468,191044.0,49060.0,45020.0,47888.0,43780.0,191043.0,3.3782992362976074,191045.0,46435.3125,,,,,,,,,191042.0,1155.0,4.0,797.0,-536868348.0,44.0,-10.0,49.0,-128.0,-66.0,44.0,,,,
1469,191054.0,50801.0,44493.0,46445.0,43801.0,191053.0,3.3782992362976074,191055.0,46437.28125,,,,,,,,,191052.0,1155.0,4.0,798.0,-535818748.0,45.0,-10.0,51.0,-17.0,-192.0,25.0,,,,
1470,191064.0,49150.0,46160.0,47278.0,43736.0,191063.0,3.3782992362976074,191065.0,46385.67578125,,,,,,,,,191062.0,1155.0,3.0,797.0,-535818748.0,45.0,-10.0,45.0,-45.0,-103.0,3.0,,,,
1471,191074.0,45648.0,46636.0,50218.0,43742.0,191073.0,3.3782992362976074,191075.0,46581.08203125,,,,,,,,,191072.0,1156.0,3.0,797.0,-535817724.0,46.0,-9.0,45.0,7.0,-61.0,-17.0,,,,
1472,191084.0,45059.0,48903.0,51745.0,40705.0,191083.0,3.3782992362976074,191085.0,46561.77734375,,,,,,,,,191082.0,1149.0,5.0,798.0,-535817724.0,34.0,-5.0,46.0,-41.0,-31.0,6.0,,,,
1473,191094.0,46683.0,47487.0,49661.0,42481.0,191093.0,3.3782992362976074,191095.0,46603.5078125,,,,,,,,,191092.0,1150.0,6.0,798.0,-535817724.0,35.0,-4.0,46.0,4.0,-33.0,0.0,,,,
1474,191104.0,48647.0,48397.0,48567.0,42637.0,191103.0,3.3782992362976074,191105.0,46578.31640625,,,,,,,,,191102.0,1150.0,6.0,796.0,-535817724.0,36.0,-3.0,32.0,107.0,-2.0,-22.0,,,,
1475,191114.0,47734.0,48530.0,49568.0,42516.0,191113.0,3.3782992362976074,191115.0,47062.859375,,,,,,,,,191112.0,1150.0,6.0,797.0,-535817724.0,37.0,-3.0,31.0,60.0,9.0,-29.0,,,,
1476,191124.0,49587.0,48623.0,47779.0,42479.0,191123.0,3.3782992362976074,191125.0,47087.62109375,,,,,,,,,191122.0,1151.0,4.0,797.0,-535817724.0,38.0,-6.0,31.0,76.0,-23.0,0.0,,,,
1477,191134.0,48392.0,48248.0,48984.0,42916.0,191133.0,3.3782992362976074,191135.0,47117.1484375,,,,,,,,,191132.0,1151.0,4.0,797.0,-536866300.0,39.0,-6.0,32.0,42.0,14.0,-35.0,,,,
1478,191144.0,49937.0,47799.0,47565.0,42519.0,191143.0,3.3782992362976074,191145.0,47135.52734375,,,,,,,,,191142.0,1152.0,4.0,798.0,-536866300.0,40.0,-6.0,37.0,71.0,-53.0,20.0,,,,
1479,191154.0,48773.0,46933.0,48473.0,43561.0,191153.0,3.373020648956299,191155.0,46955.99609375,,,,,,,,,191152.0,1152.0,4.0,799.0,-1073737212.0,41.0,-6.0,39.0,80.0,-114.0,7.0,,,,
1480,191164.0,46391.0,46755.0,50117.0,44317.0,191163.0,3.373020648956299,191165.0,46935.87109375,,,,,,,,,191162.0,1152.0,4.0,799.0,-1073737212.0,42.0,-6.0,40.0,53.0,-32.0,-32.0,,,,
1481,191174.0,50715.0,44577.0,46661.0,45475.0,191173.0,3.3782992362976074,191175.0,46895.04296875,,,,,,,,,191172.0,1157.0,3.0,800.0,-1072687612.0,51.0,-8.0,42.0,15.0,-63.0,13.0,,,,
1482,191184.0,50342.0,44146.0,46806.0,45154.0,191183.0,3.3782992362976074,191185.0,46857.6328125,,,,,,,,,191182.0,1157.0,4.0,800.0,-1072687612.0,52.0,-6.0,43.0,-2.0,-147.0,50.0,,,,
1483,191194.0,46775.0,46419.0,49075.0,43795.0,191193.0,3.3782992362976074,191195.0,46612.5546875,,,,,,,,,191192.0,1158.0,4.0,802.0,-1072687612.0,54.0,-6.0,53.0,-34.0,-98.0,-33.0,,,,
1484,191204.0,46944.0,46044.0,49270.0,43654.0,191203.0,3.3782992362976074,191205.0,46516.47265625,,,,,,,,,191202.0,1158.0,4.0,802.0,-1072686588.0,55.0,-6.0,56.0,-69.0,-55.0,-10.0,,,,
1485,191214.0,48794.0,45306.0,47714.0,43846.0,191213.0,3.383577823638916,191215.0,46478.79296875,,,,,,,,,191212.0,1159.0,3.0,803.0,-1072686588.0,57.0,-6.0,57.0,-82.0,-1.0,9.0,,,,
1486,191224.0,49072.0,44666.0,47654.0,44192.0,191223.0,3.383577823638916,191225.0,46415.8359375,,,,,,,,,191222.0,1160.0,3.0,804.0,-1073735164.0,59.0,-7.0,58.0,-90.0,-64.0,35.0,,,,
1487,191234.0,46320.0,46720.0,49304.0,42848.0,191233.0,3.383577823638916,191235.0,46396.23046875,,,,,,,,,191232.0,1160.0,3.0,805.0,-536864252.0,60.0,-7.0,62.0,-44.0,2.0,-7.0,,,,
1488,191244.0,42438.0,44974.0,53436.0,44340.0,191243.0,3.383577823638916,191245.0,46298.078125,,,,,,,,,191242.0,1157.0,11.0,805.0,-535815676.0,55.0,7.0,61.0,-79.0,31.0,-40.0,,,,
1489,191254.0,48595.0,45777.0,47543.0,43173.0,191253.0,3.383577823638916,191255.0,46297.31640625,,,,,,,,,191252.0,1158.0,10.0,806.0,-535815676.0,57.0,6.0,62.0,-19.0,6.0,28.0,,,,
1490,191264.0,46965.0,46291.0,48545.0,43059.0,191263.0,3.383577823638916,191265.0,46272.58984375,,,,,,,,,191262.0,1158.0,10.0,806.0,-535815676.0,59.0,6.0,63.0,16.0,61.0,-10.0,,,,
1491,191274.0,48447.0,46807.0,48119.0,42811.0,191273.0,3.383577823638916,191275.0,46215.75390625,,,,,,,,,191272.0,1159.0,10.0,805.0,-535815676.0,60.0,6.0,54.0,65.0,53.0,10.0,,,,
1492,191284.0,48088.0,48198.0,48122.0,41876.0,191283.0,3.383577823638916,191285.0,46546.953125,,,,,,,,,191282.0,1160.0,11.0,806.0,-535815676.0,63.0,8.0,54.0,166.0,-5.0,-16.0,,,,
1493,191294.0,47218.0,46486.0,48896.0,43360.0,191293.0,3.383577823638916,191295.0,46571.99609375,,,,,,,,,191292.0,1161.0,12.0,806.0,-535815676.0,64.0,11.0,56.0,174.0,0.0,-2.0,,,,
1494,191304.0,48410.0,47844.0,47298.0,42336.0,191303.0,3.383577823638916,191305.0,46490.25,,,,,,,,,191302.0,1161.0,10.0,807.0,-1073735164.0,66.0,7.0,58.0,169.0,56.0,-45.0,,,,
1495,191314.0,49413.0,47011.0,46129.0,42819.0,191313.0,3.3782992362976074,191315.0,46472.171875,,,,,,,,,191312.0,1163.0,11.0,808.0,-1072686588.0,69.0,8.0,59.0,125.0,-15.0,-4.0,,,,
1496,191324.0,49910.0,44230.0,46830.0,44354.0,191323.0,3.383577823638916,191325.0,46343.328125,,,,,,,,,191322.0,1163.0,10.0,809.0,-1072686588.0,71.0,5.0,62.0,222.0,-57.0,37.0,,,,
1497,191334.0,47436.0,48858.0,48276.0,40802.0,191333.0,3.383577823638916,191335.0,46331.27734375,,,,,,,,,191332.0,1165.0,10.0,809.0,-1071638012.0,73.0,6.0,62.0,197.0,-28.0,-12.0,,,,
1498,191344.0,47185.0,46805.0,48419.0,42755.0,191343.0,3.383577823638916,191345.0,46343.71875,,,,,,,,,191342.0,1165.0,10.0,810.0,-1070589436.0,74.0,5.0,63.0,100.0,-2.0,-21.0,,,,
1499,191354.0,47776.0,44694.0,48394.0,44260.0,191353.0,3.383577823638916,191356.0,46281.9140625,,,,,,,,,191352.0,1166.0,10.0,810.0,-1070589436.0,76.0,4.0,64.0,69.0,1.0,38.0,,,,
1500,191364.0,50645.0,44691.0,44783.0,42985.0,191363.0,3.383577823638916,191365.0,46281.9140625,,,,,,,,,191362.0,1167.0,10.0,814.0,-1069540860.0,79.0,3.0,78.0,14.0,5.0,23.0,,,,
1501,191374.0,45532.0,46764.0,48528.0,42568.0,191373.0,3.383577823638916,191375.0,45776.31640625,,,,,,,,,191372.0,1168.0,11.0,814.0,-1069540860.0,81.0,4.0,75.0,42.0,9.0,-58.0,,,,
1502,191384.0,46088.0,44328.0,49288.0,43904.0,191383.0,3.383577823638916,191385.0,45848.21875,,,,,,,,,191382.0,1169.0,12.0,815.0,-1069540860.0,82.0,4.0,73.0,-65.0,62.0,-4.0,,,,
1503,191394.0,46898.0,45616.0,48100.0,42994.0,191393.0,3.3888564109802246,191395.0,45902.94140625,,,,,,,,,191392.0,1170.0,11.0,816.0,-1069540860.0,84.0,2.0,72.0,-65.0,51.0,-5.0,,,,
1504,191404.0,45114.0,45124.0,50682.0,43524.0,191403.0,3.3888564109802246,191405.0,45892.5390625,,,,,,,,,191402.0,1170.0,13.0,816.0,-1070589436.0,85.0,4.0,66.0,-147.0,110.0,0.0,,,,
1505,191414.0,49151.0,46631.0,46111.0,42884.0,191413.0,3.383577823638916,191415.0,46111.84375,,,,,,,,,191412.0,1172.0,12.0,816.0,-1070590460.0,87.0,1.0,66.0,14.0,-28.0,-16.0,,,,
1506,191424.0,47552.0,45062.0,47956.0,43718.0,191423.0,3.383577823638916,191425.0,46072.63671875,,,,,,,,,191422.0,1173.0,12.0,817.0,-1070590460.0,89.0,0.0,67.0,-46.0,94.0,-8.0,,,,
1507,191434.0,45329.0,46733.0,49489.0,42737.0,191433.0,3.383577823638916,191435.0,46072.0,,,,,,,,,191432.0,1174.0,11.0,818.0,-1070590460.0,92.0,0.0,67.0,-55.0,46.0,-41.0,,,,
1508,191444.0,47908.0,45196.0,47490.0,43746.0,191443.0,3.383577823638916,191445.0,46085.67578125,,,,,,,,,191442.0,1176.0,12.0,822.0,-1070590460.0,94.0,-1.0,86.0,0.0,106.0,0.0,,,,
1509,191454.0,47632.0,48142.0,46122.0,39672.0,191453.0,3.383577823638916,191455.0,45392.23046875,,,,,,,,,191452.0,1177.0,12.0,823.0,-1071640060.0,96.0,-2.0,86.0,56.0,110.0,-16.0,,,,
1510,191464.0,47689.0,44939.0,46499.0,42481.0,191463.0,3.3888564109802246,191465.0,45402.3203125,,,,,,,,,191462.0,1178.0,13.0,824.0,-1071640060.0,98.0,1.0,86.0,127.0,-31.0,13.0,,,,
1511,191474.0,46590.0,46236.0,46968.0,41622.0,191473.0,3.3888564109802246,191475.0,45354.90234375,,,,,,,,,191472.0,1179.0,13.0,824.0,-1070591484.0,99.0,0.0,86.0,117.0,93.0,-26.0,,,,
1512,191484.0,46953.0,47157.0,46487.0,40807.0,191483.0,3.3888564109802246,191485.0,45351.19140625,,,,,,,,,191482.0,1180.0,12.0,825.0,-1070591484.0,100.0,-3.0,85.0,129.0,109.0,-32.0,,,,
1513,191494.0,45774.0,45642.0,48180.0,41880.0,191493.0,3.3888564109802246,191495.0,45369.19921875,,,,,,,,,191492.0,1181.0,12.0,824.0,-1069543932.0,101.0,-4.0,75.0,45.0,98.0,4.0,,,,
1514,191504.0,49629.0,45235.0,45417.0,42447.0,191503.0,3.394134998321533,191505.0,45682.375,,,,,,,,,191502.0,1182.0,12.0,825.0,-1069543932.0,102.0,-5.0,73.0,40.0,65.0,38.0,,,,
1515,191514.0,46943.0,48143.0,46915.0,40963.0,191513.0,3.394134998321533,191515.0,45741.30078125,,,,,,,,,191512.0,1183.0,13.0,826.0,-1069543932.0,103.0,-4.0,69.0,147.0,38.0,-56.0,,,,
1516,191524.0,46230.0,44508.0,48536.0,43866.0,191523.0,3.3888564109802246,191525.0,45785.08203125,,,,,,,,,191522.0,1184.0,12.0,826.0,-1068495356.0,104.0,-6.0,66.0,8.0,109.0,-4.0,,,,
1517,191534.0,47864.0,45086.0,47038.0,43536.0,191533.0,3.383577823638916,191535.0,45881.12109375,,,,,,,,,191532.0,1186.0,12.0,823.0,-1068496380.0,106.0,-6.0,45.0,-24.0,63.0,2.0,,,,
1518,191544.0,47999.0,46071.0,48107.0,44323.0,191543.0,3.383577823638916,191545.0,46625.69140625,,,,,,,,,191542.0,1187.0,13.0,824.0,-1068496380.0,107.0,-7.0,42.0,-135.0,132.0,-25.0,,,,
1519,191554.0,48709.0,47089.0,47235.0,43679.0,191553.0,3.3782992362976074,191555.0,46678.91796875,,,,,,,,,191552.0,1188.0,13.0,824.0,-1069544955.0,107.0,-8.0,41.0,-59.0,48.0,-26.0,,,,
1520,191564.0,47791.0,45731.0,48775.0,44627.0,191563.0,3.3782992362976074,191565.0,46731.96875,,,,,,,,,191562.0,1190.0,13.0,825.0,-1069545979.0,109.0,-8.0,42.0,-111.0,101.0,-4.0,,,,
1521,191574.0,46521.0,48413.0,49393.0,42429.0,191573.0,3.3782992362976074,191575.0,46689.31640625,,,,,,,,,191572.0,1191.0,13.0,824.0,-1069545979.0,110.0,-9.0,34.0,-55.0,87.0,-37.0,,,,
1522,191584.0,46756.0,44756.0,50336.0,46076.0,191583.0,3.3782992362976074,191585.0,46981.80859375,,,,,,,,,191582.0,1192.0,13.0,824.0,-1070594555.0,110.0,-10.0,34.0,-88.0,66.0,12.0,,,,
1523,191594.0,50609.0,47433.0,46933.0,43197.0,191593.0,3.3782992362976074,191595.0,47043.0859375,,,,,,,,,191592.0,1195.0,9.0,824.0,-1070594555.0,114.0,-20.0,33.0,27.0,61.0,10.0,,,,
1524,191604.0,46629.0,50049.0,49799.0,41715.0,191603.0,3.373020648956299,191605.0,47048.72265625,,,,,,,,,191602.0,1196.0,8.0,825.0,-1070595579.0,114.0,-21.0,35.0,5.0,6.0,-39.0,,,,
1525,191614.0,48967.0,48201.0,47815.0,43125.0,191613.0,3.373020648956299,191615.0,47027.984375,,,,,,,,,191612.0,1197.0,11.0,825.0,-1070595579.0,113.0,-16.0,35.0,19.0,110.0,-23.0,,,,
1526,191624.0,46872.0,47340.0,49912.0,43080.0,191623.0,3.373020648956299,191625.0,46801.76171875,,,,,,,,,191622.0,1198.0,12.0,827.0,-1070071291.0,112.0,-14.0,41.0,27.0,117.0,10.0,,,,
1527,191634.0,47056.0,49022.0,49620.0,41706.0,191633.0,3.3782992362976074,191635.0,46851.94921875,,,,,,,,,191632.0,1200.0,12.0,827.0,-1070071291.0,114.0,-15.0,39.0,-2.0,118.0,-3.0,,,,
1528,191644.0,49764.0,46164.0,47072.0,44736.0,191643.0,3.3782992362976074,191645.0,46934.39453125,,,,,,,,,191642.0,1201.0,15.0,828.0,-1070070267.0,113.0,-10.0,38.0,-11.0,120.0,4.0,,,,
1529,191654.0,47670.0,46882.0,49052.0,44148.0,191653.0,3.3782992362976074,191655.0,46938.453125,,,,,,,,,191652.0,1202.0,12.0,828.0,-1070070267.0,113.0,-16.0,36.0,58.0,75.0,-14.0,,,,
1530,191664.0,49494.0,47924.0,47604.0,43158.0,191663.0,3.373020648956299,191665.0,47045.29296875,,,,,,,,,191662.0,1203.0,9.0,827.0,-1069021691.0,113.0,-22.0,26.0,-15.0,98.0,-1.0,,,,
1531,191674.0,45164.0,48066.0,52074.0,44008.0,191673.0,3.373020648956299,191675.0,47328.55078125,,,,,,,,,191672.0,1205.0,10.0,827.0,-1069020667.0,115.0,-21.0,24.0,-32.0,109.0,-26.0,,,,
1532,191684.0,51373.0,47877.0,46337.0,44105.0,191683.0,3.373020648956299,191685.0,47423.11328125,,,,,,,,,191682.0,1206.0,12.0,828.0,-1069020667.0,113.0,-18.0,24.0,-65.0,93.0,-19.0,,,,
1533,191694.0,50811.0,48359.0,47139.0,43431.0,191693.0,3.373020648956299,191696.0,47435.79296875,,,,,,,,,191692.0,1208.0,12.0,828.0,-1070068219.0,114.0,-18.0,25.0,-22.0,50.0,8.0,,,,
1534,191704.0,47355.0,47529.0,50071.0,44917.0,191703.0,3.373020648956299,191705.0,47468.90234375,,,,,,,,,191702.0,1209.0,9.0,828.0,-1070068219.0,114.0,-25.0,21.0,-24.0,36.0,-31.0,,,,
1535,191714.0,48009.0,47975.0,49571.0,45009.0,191713.0,3.373020648956299,191716.0,47641.15234375,,,,,,,,,191712.0,1210.0,9.0,828.0,-1070068219.0,113.0,-25.0,21.0,-19.0,62.0,-44.0,,,,
1536,191724.0,48127.0,48337.0,49973.0,44127.0,191723.0,3.3677420616149902,191726.0,47641.17578125,,,,,,,,,191722.0,1212.0,11.0,828.0,-1070068219.0,114.0,-21.0,21.0,-72.0,56.0,-8.0,,,,
1537,191734.0,50250.0,46552.0,48522.0,45440.0,191733.0,3.3677420616149902,191736.0,47691.890625,,,,,,,,,191732.0,1213.0,9.0,828.0,-1070068219.0,112.0,-26.0,22.0,-59.0,42.0,38.0,,,,
1538,191744.0,50441.0,49385.0,47553.0,43273.0,191743.0,3.3677420616149902,191746.0,47663.37890625,,,,,,,,,191742.0,1213.0,11.0,828.0,-1070067195.0,110.0,-23.0,23.0,-37.0,57.0,-27.0,,,,
1539,191754.0,48759.0,49003.0,48033.0,42757.0,191753.0,3.373020648956299,191755.0,47138.8203125,,,,,,,,,191752.0,1215.0,11.0,832.0,-1071115771.0,111.0,-23.0,40.0,-30.0,96.0,-31.0,,,,
1540,191764.0,48096.0,46216.0,49344.0,44988.0,191763.0,3.373020648956299,191766.0,47161.49609375,,,,,,,,,191762.0,1216.0,9.0,832.0,-1071115771.0,108.0,-27.0,41.0,-39.0,53.0,26.0,,,,
1541,191774.0,46973.0,48417.0,50047.0,43079.0,191773.0,3.373020648956299,191775.0,47129.4296875,,,,,,,,,191772.0,1218.0,10.0,833.0,-1071115771.0,109.0,-25.0,42.0,-24.0,46.0,5.0,,,,
1542,191784.0,48528.0,47268.0,48378.0,44378.0,191783.0,3.373020648956299,191785.0,47138.796875,,,,,,,,,191782.0,1219.0,9.0,833.0,-1071115771.0,108.0,-27.0,44.0,-35.0,92.0,-20.0,,,,
1543,191794.0,49974.0,47730.0,47184.0,43660.0,191793.0,3.373020648956299,191795.0,47137.55078125,,,,,,,,,191792.0,1220.0,9.0,831.0,-1071114747.0,107.0,-28.0,33.0,43.0,-55.0,13.0,,,,
1544,191804.0,47239.0,46143.0,50659.0,45967.0,191803.0,3.373020648956299,191805.0,47502.7578125,,,,,,,,,191802.0,1223.0,8.0,831.0,-1071115771.0,110.0,-28.0,34.0,-33.0,17.0,5.0,,,,
1545,191814.0,45574.0,50614.0,51882.0,42102.0,191813.0,3.3782992362976074,191815.0,47543.2265625,,,,,,,,,191812.0,1226.0,9.0,832.0,-1071115771.0,112.0,-27.0,36.0,-65.0,55.0,-34.0,,,,
1546,191824.0,48868.0,47306.0,48932.0,44846.0,191823.0,3.373020648956299,191825.0,47488.0,,,,,,,,,191822.0,1227.0,8.0,832.0,-1071115771.0,110.0,-28.0,37.0,-126.0,78.0,-1.0,,,,
1547,191834.0,51151.0,46941.0,47273.0,44659.0,191833.0,3.373020648956299,191835.0,47506.17578125,,,,,,,,,191832.0,1228.0,8.0,834.0,-1072163322.0,109.0,-28.0,46.0,-19.0,5.0,45.0,,,,
1548,191844.0,47834.0,49182.0,49084.0,42680.0,191843.0,3.373020648956299,191845.0,47195.796875,,,,,,,,,191842.0,1231.0,9.0,834.0,-1072163323.0,112.0,-26.0,50.0,-4.0,8.0,-22.0,,,,
1549,191854.0,49021.0,47749.0,47507.0,44063.0,191853.0,3.373020648956299,191855.0,47085.76171875,,,,,,,,,191852.0,1232.0,9.0,835.0,-1072163323.0,111.0,-26.0,53.0,3.0,55.0,-35.0,,,,
1550,191864.0,48189.0,48109.0,48647.0,43015.0,191863.0,3.3782992362976074,191865.0,46990.73828125,,,,,,,,,191862.0,1234.0,2.0,836.0,-1072163322.0,110.0,-38.0,55.0,-71.0,102.0,-13.0,,,,
1551,191874.0,49151.0,46601.0,47493.0,44351.0,191873.0,3.3782992362976074,191875.0,46899.3203125,,,,,,,,,191872.0,1235.0,1.0,836.0,-1072163322.0,109.0,-40.0,59.0,-25.0,29.0,12.0,,,,
1552,191884.0,49554.0,48000.0,47584.0,42450.0,191883.0,3.3782992362976074,191885.0,46897.65625,,,,,,,,,191882.0,1237.0,4.0,836.0,-1072163322.0,108.0,-35.0,58.0,-4.0,96.0,25.0,,,,
1553,191894.0,46444.0,49062.0,49086.0,42708.0,191893.0,3.3782992362976074,191895.0,46825.41015625,,,,,,,,,191892.0,1238.0,3.0,837.0,-1072162299.0,107.0,-35.0,60.0,58.0,97.0,-59.0,,,,
1554,191904.0,47859.0,45759.0,48793.0,44577.0,191903.0,3.3782992362976074,191905.0,46747.546875,,,,,,,,,191902.0,1239.0,3.0,837.0,-1072162298.0,105.0,-35.0,61.0,-90.0,152.0,21.0,,,,
1555,191914.0,46768.0,47554.0,49050.0,43424.0,191913.0,3.383577823638916,191915.0,46699.5,,,,,,,,,191912.0,1238.0,5.0,838.0,-1072161274.0,100.0,-31.0,61.0,-37.0,61.0,-20.0,,,,
1556,191924.0,48662.0,46642.0,47414.0,44102.0,191923.0,3.383577823638916,191925.0,46705.53125,,,,,,,,,191922.0,1240.0,10.0,839.0,-1073209850.0,100.0,-22.0,64.0,-114.0,138.0,-26.0,,,,
1557,191934.0,45862.0,46790.0,49988.0,43764.0,191933.0,3.383577823638916,191935.0,46601.53515625,,,,,,,,,191932.0,1242.0,3.0,839.0,-1073209850.0,100.0,-34.0,64.0,-104.0,68.0,4.0,,,,
1558,191944.0,46315.0,46787.0,50035.0,43415.0,191943.0,3.383577823638916,191945.0,46638.4453125,,,,,,,,,191942.0,1243.0,3.0,840.0,-536338938.0,98.0,-33.0,64.0,-114.0,88.0,14.0,,,,
1559,191954.0,45727.0,49401.0,49425.0,42027.0,191953.0,3.383577823638916,191955.0,46645.49609375,,,,,,,,,191952.0,1245.0,4.0,841.0,-535289338.0,98.0,-32.0,64.0,-105.0,125.0,-61.0,,,,
1560,191964.0,47893.0,45531.0,48381.0,44883.0,191963.0,3.383577823638916,191965.0,46672.1796875,,,,,,,,,191962.0,1246.0,4.0,841.0,-535289338.0,96.0,-30.0,62.0,-130.0,58.0,9.0,,,,
1561,191974.0,49445.0,46337.0,47207.0,44171.0,191973.0,3.383577823638916,191975.0,46790.8984375,,,,,,,,,191972.0,1246.0,0.0,842.0,-535289338.0,93.0,-36.0,62.0,-35.0,-56.0,33.0,,,,
1562,191984.0,46817.0,48147.0,48777.0,43251.0,191983.0,3.3782992362976074,191985.0,46748.15234375,,,,,,,,,191982.0,1249.0,2.0,842.0,-534240762.0,94.0,-31.0,61.0,-17.0,-41.0,-50.0,,,,
1563,191994.0,48845.0,47901.0,47087.0,43379.0,191993.0,3.3782992362976074,191995.0,46803.69140625,,,,,,,,,191992.0,1250.0,0.0,843.0,-534240762.0,91.0,-34.0,61.0,33.0,-79.0,-25.0,,,,
1564,192004.0,47829.0,46295.0,48783.0,44217.0,192003.0,3.3782992362976074,192005.0,46781.953125,,,,,,,,,192002.0,1251.0,0.0,843.0,-534240762.0,89.0,-34.0,61.0,-23.0,-23.0,10.0,,,,
1565,192014.0,49049.0,48291.0,46489.0,42079.0,192013.0,3.3782992362976074,192015.0,46477.3828125,,,,,,,,,192012.0,1251.0,0.0,846.0,-534240762.0,86.0,-33.0,71.0,19.0,-65.0,-9.0,,,,
1566,192024.0,46946.0,47052.0,48586.0,43432.0,192023.0,3.3782992362976074,192025.0,46504.84375,,,,,,,,,192022.0,1252.0,0.0,847.0,-534240762.0,84.0,-33.0,70.0,-15.0,34.0,-11.0,,,,
1567,192034.0,48703.0,48989.0,46733.0,41523.0,192033.0,3.3782992362976074,192035.0,46487.375,,,,,,,,,192032.0,1256.0,2.0,847.0,-534241786.0,88.0,-26.0,68.0,75.0,-69.0,-14.0,,,,
1568,192044.0,47774.0,46322.0,47900.0,44272.0,192043.0,3.3782992362976074,192045.0,46567.6171875,,,,,,,,,192042.0,1257.0,6.0,848.0,-534241786.0,86.0,-19.0,66.0,-65.0,25.0,-10.0,,,,
1569,192054.0,46132.0,47828.0,49064.0,43376.0,192053.0,3.3782992362976074,192056.0,46600.07421875,,,,,,,,,192052.0,1258.0,5.0,849.0,-534241786.0,84.0,-19.0,66.0,-51.0,-28.0,-45.0,,,,
1570,192064.0,48269.0,47605.0,47513.0,43077.0,192063.0,3.3782992362976074,192065.0,46616.890625,,,,,,,,,192062.0,1259.0,7.0,850.0,-534241786.0,82.0,-15.0,65.0,-95.0,33.0,-17.0,,,,
1571,192074.0,48316.0,46144.0,47872.0,44124.0,192073.0,3.3782992362976074,192075.0,46614.32421875,,,,,,,,,192072.0,1260.0,7.0,850.0,-534241786.0,81.0,-14.0,65.0,-14.0,-50.0,36.0,,,,
1572,192084.0,44186.0,45070.0,51630.0,45670.0,192083.0,3.3782992362976074,192085.0,46639.19140625,,,,,,,,,192082.0,1261.0,6.0,851.0,-534241786.0,79.0,-15.0,65.0,-72.0,-44.0,1.0,,,,
1573,192094.0,47369.0,48833.0,47941.0,42497.0,192093.0,3.3782992362976074,192095.0,46660.4921875,,,,,,,,,192092.0,1261.0,7.0,852.0,-533193210.0,76.0,-12.0,67.0,14.0,-19.0,-37.0,,,,
1574,192104.0,47492.0,47294.0,48344.0,43058.0,192103.0,3.3782992362976074,192105.0,46547.15234375,,,,,,,,,192102.0,1262.0,10.0,853.0,-533193210.0,75.0,-6.0,67.0,-22.0,42.0,3.0,,,,
1575,192114.0,48976.0,46878.0,46888.0,43574.0,192113.0,3.3782992362976074,192115.0,46579.6328125,,,,,,,,,192112.0,1263.0,6.0,854.0,-533193210.0,74.0,-12.0,66.0,49.0,5.0,13.0,,,,
1576,192124.0,48748.0,49308.0,46582.0,41638.0,192123.0,3.3782992362976074,192125.0,46569.8515625,,,,,,,,,192122.0,1264.0,7.0,854.0,-533193210.0,72.0,-10.0,65.0,134.0,-74.0,-19.0,,,,
1577,192134.0,47316.0,48410.0,48072.0,42706.0,192133.0,3.3782992362976074,192135.0,46626.34765625,,,,,,,,,192132.0,1265.0,7.0,855.0,-534241786.0,70.0,-9.0,63.0,122.0,5.0,-40.0,,,,
1578,192144.0,47387.0,48945.0,47369.0,41875.0,192143.0,3.3782992362976074,192145.0,46394.5234375,,,,,,,,,192142.0,1268.0,12.0,857.0,-534241786.0,73.0,0.0,70.0,155.0,-19.0,-41.0,,,,
1579,192154.0,47751.0,46303.0,47471.0,44095.0,192153.0,3.3782992362976074,192155.0,46405.984375,,,,,,,,,192152.0,1269.0,12.0,858.0,-534241786.0,71.0,1.0,71.0,148.0,-54.0,-4.0,,,,
1580,192164.0,46774.0,48322.0,48038.0,42546.0,192163.0,3.3782992362976074,192165.0,46420.421875,,,,,,,,,192162.0,1270.0,12.0,859.0,-535290362.0,69.0,1.0,71.0,109.0,-11.0,-35.0,,,,
1581,192174.0,50101.0,47233.0,45029.0,43149.0,192173.0,3.3782992362976074,192175.0,46378.16015625,,,,,,,,,192172.0,1270.0,12.0,859.0,-535290361.0,68.0,2.0,71.0,116.0,-31.0,-15.0,,,,
1582,192184.0,47143.0,46707.0,47831.0,43931.0,192183.0,3.383577823638916,192185.0,46403.5234375,,,,,,,,,192182.0,1271.0,12.0,860.0,-536338937.0,66.0,2.0,69.0,155.0,-71.0,-19.0,,,,
1583,192194.0,49261.0,46617.0,46263.0,43831.0,192193.0,3.383577823638916,192195.0,46493.21484375,,,,,,,,,192192.0,1275.0,-1.0,860.0,-1072162297.0,69.0,-21.0,69.0,110.0,-78.0,14.0,,,,
1584,192204.0,46817.0,48089.0,48421.0,42553.0,192203.0,3.383577823638916,192205.0,46470.16015625,,,,,,,,,192202.0,1275.0,-1.0,861.0,-1072162297.0,67.0,-21.0,67.0,89.0,-39.0,-16.0,,,,
1585,192214.0,48327.0,47793.0,47119.0,42889.0,192213.0,3.3782992362976074,192215.0,46532.71484375,,,,,,,,,192212.0,1275.0,0.0,862.0,-1071113721.0,64.0,-19.0,65.0,18.0,-10.0,-9.0,,,,
1586,192224.0,48842.0,47234.0,46798.0,43350.0,192223.0,3.3782992362976074,192225.0,46556.53515625,,,,,,,,,192222.0,1276.0,0.0,864.0,-1071113721.0,63.0,-20.0,74.0,-16.0,-76.0,20.0,,,,
1587,192234.0,45219.0,47271.0,49845.0,42849.0,192233.0,3.3782992362976074,192235.0,46296.9609375,,,,,,,,,192232.0,1277.0,1.0,865.0,-1071114745.0,61.0,-16.0,74.0,-49.0,-27.0,8.0,,,,
1588,192244.0,45198.0,46752.0,49302.0,43972.0,192243.0,3.3782992362976074,192245.0,46306.41015625,,,,,,,,,192242.0,1277.0,1.0,865.0,-1071114745.0,60.0,-17.0,77.0,-128.0,-18.0,-44.0,,,,
1589,192254.0,46820.0,44756.0,48216.0,44992.0,192253.0,3.3782992362976074,192255.0,46196.09765625,,,,,,,,,192252.0,1277.0,2.0,866.0,-1072163321.0,57.0,-15.0,77.0,-176.0,-33.0,21.0,,,,
1590,192264.0,48366.0,45696.0,46780.0,44070.0,192263.0,3.3782992362976074,192265.0,46228.65234375,,,,,,,,,192262.0,1279.0,3.0,867.0,-1073211897.0,57.0,-14.0,80.0,-179.0,-63.0,22.0,,,,
1591,192274.0,44070.0,45558.0,50228.0,44776.0,192273.0,3.3782992362976074,192275.0,46158.11328125,,,,,,,,,192272.0,1279.0,3.0,868.0,-536340985.0,56.0,-14.0,78.0,-177.0,11.0,-25.0,,,,
1592,192284.0,46957.0,46975.0,47431.0,43345.0,192283.0,3.3782992362976074,192285.0,46177.34375,,,,,,,,,192282.0,1280.0,2.0,868.0,-535292409.0,55.0,-14.0,79.0,-105.0,-53.0,-24.0,,,,
1593,192294.0,46161.0,46015.0,48893.0,43691.0,192293.0,3.3782992362976074,192295.0,46190.44140625,,,,,,,,,192292.0,1280.0,2.0,869.0,-535292409.0,53.0,-14.0,79.0,-115.0,-29.0,8.0,,,,
1594,192304.0,48016.0,46160.0,46898.0,43450.0,192303.0,3.383577823638916,192305.0,46131.78125,,,,,,,,,192302.0,1281.0,2.0,870.0,-534244857.0,52.0,-13.0,80.0,-45.0,-128.0,19.0,,,,
1595,192314.0,45964.0,48670.0,48570.0,41380.0,192313.0,3.383577823638916,192315.0,46146.90625,,,,,,,,,192312.0,1290.0,6.0,869.0,-534244857.0,65.0,-6.0,70.0,-19.0,2.0,-16.0,,,,
1596,192324.0,51039.0,46121.0,44609.0,43983.0,192323.0,3.383577823638916,192325.0,46438.27734375,,,,,,,,,192322.0,1291.0,6.0,870.0,-534244857.0,64.0,-6.0,68.0,73.0,-87.0,28.0,,,,
1597,192334.0,48944.0,47186.0,46586.0,43284.0,192333.0,3.383577823638916,192335.0,46500.671875,,,,,,,,,192332.0,1291.0,6.0,870.0,-534245881.0,64.0,-5.0,65.0,126.0,-87.0,5.0,,,,
1598,192344.0,48207.0,47635.0,47251.0,43391.0,192343.0,3.3782992362976074,192345.0,46621.16796875,,,,,,,,,192342.0,1292.0,6.0,871.0,-534245881.0,63.0,-4.0,63.0,134.0,-70.0,-6.0,,,,
1599,192354.0,46690.0,47856.0,48582.0,43460.0,192353.0,3.3782992362976074,192355.0,46647.80078125,,,,,,,,,192352.0,1293.0,6.0,875.0,-535294457.0,62.0,-4.0,81.0,108.0,51.0,-35.0,,,,
1600,192364.0,47949.0,47977.0,46737.0,41485.0,192363.0,3.3782992362976074,192365.0,46037.203125,,,,,,,,,192362.0,1293.0,6.0,876.0,-535294457.0,61.0,-4.0,80.0,174.0,11.0,20.0,,,,
1601,192374.0,49575.0,46541.0,45751.0,42229.0,192373.0,3.3782992362976074,192375.0,46024.796875,,,,,,,,,192372.0,1288.0,-6.0,877.0,-1073213945.0,50.0,-25.0,77.0,133.0,-22.0,64.0,,,,
1602,192384.0,45799.0,49365.0,48237.0,40979.0,192383.0,3.3782992362976074,192385.0,46095.87890625,,,,,,,,,192382.0,1288.0,-7.0,878.0,-1072165369.0,49.0,-25.0,76.0,128.0,10.0,-35.0,,,,
1603,192394.0,47200.0,48440.0,47224.0,41788.0,192393.0,3.383577823638916,192395.0,46163.19921875,,,,,,,,,192392.0,1289.0,-6.0,879.0,-1072165369.0,48.0,-25.0,74.0,59.0,5.0,-16.0,,,,
1604,192404.0,45350.0,46818.0,48866.0,42534.0,192403.0,3.383577823638916,192405.0,45892.12109375,,,,,,,,,192402.0,1289.0,-9.0,881.0,-1071116793.0,47.0,-29.0,80.0,-77.0,83.0,-5.0,,,,
1605,192414.0,47428.0,45498.0,47138.0,43752.0,192413.0,3.383577823638916,192415.0,45954.46484375,,,,,,,,,192412.0,1290.0,-7.0,882.0,-1071116793.0,47.0,-26.0,81.0,-166.0,-27.0,30.0,,,,
1606,192424.0,44392.0,45772.0,49006.0,44434.0,192423.0,3.383577823638916,192425.0,45901.6796875,,,,,,,,,192422.0,1290.0,-8.0,882.0,-1072165369.0,46.0,-28.0,81.0,-183.0,-53.0,-50.0,,,,
1607,192434.0,45305.0,46619.0,48155.0,43513.0,192433.0,3.383577823638916,192435.0,45898.89453125,,,,,,,,,192432.0,1291.0,-9.0,883.0,-1072165369.0,45.0,-28.0,81.0,-234.0,-43.0,-49.0,,,,
1608,192444.0,45178.0,45008.0,49218.0,44256.0,192443.0,3.383577823638916,192445.0,45915.2578125,,,,,,,,,192442.0,1292.0,-8.0,882.0,-536343033.0,45.0,-26.0,69.0,-287.0,-83.0,17.0,,,,
1609,192454.0,46506.0,45760.0,48530.0,44308.0,192453.0,3.383577823638916,192455.0,46276.23828125,,,,,,,,,192452.0,1292.0,-7.0,883.0,-535294457.0,44.0,-24.0,68.0,-303.0,-122.0,-5.0,,,,
1610,192464.0,48351.0,46139.0,46499.0,44259.0,192463.0,3.383577823638916,192465.0,46312.96875,,,,,,,,,192462.0,1292.0,-7.0,884.0,-534246905.0,43.0,-24.0,67.0,-225.0,-107.0,1.0,,,,
1611,192474.0,46995.0,46481.0,48011.0,43797.0,192473.0,3.3782992362976074,192475.0,46321.4453125,,,,,,,,,192472.0,1295.0,-5.0,884.0,-533198329.0,46.0,-20.0,67.0,-148.0,-203.0,-2.0,,,,
1612,192484.0,49288.0,45316.0,45788.0,45016.0,192483.0,3.3782992362976074,192485.0,46352.28515625,,,,,,,,,192482.0,1295.0,-6.0,884.0,-532150777.0,45.0,-19.0,60.0,-109.0,-185.0,7.0,,,,
1613,192494.0,46513.0,47705.0,48713.0,43469.0,192493.0,3.3782992362976074,192495.0,46600.1796875,,,,,,,,,192492.0,1297.0,-4.0,885.0,-532151801.0,47.0,-15.0,59.0,-99.0,-126.0,-17.0,,,,
1614,192504.0,47556.0,46696.0,48018.0,44074.0,192503.0,3.3782992362976074,192505.0,46586.5859375,,,,,,,,,192502.0,1298.0,-4.0,885.0,-531627513.0,47.0,-14.0,58.0,-10.0,-130.0,4.0,,,,
1615,192514.0,49180.0,48442.0,46500.0,42466.0,192513.0,3.3782992362976074,192515.0,46647.953125,,,,,,,,,192512.0,1297.0,-4.0,886.0,-531626489.0,46.0,-13.0,55.0,54.0,-98.0,8.0,,,,
1616,192524.0,51029.0,47325.0,45111.0,43287.0,192523.0,3.3782992362976074,192525.0,46688.140625,,,,,,,,,192522.0,1298.0,-4.0,886.0,-531626489.0,46.0,-11.0,54.0,96.0,-122.0,38.0,,,,
1617,192534.0,47474.0,49430.0,48244.0,42096.0,192533.0,3.373020648956299,192535.0,46811.25,,,,,,,,,192532.0,1298.0,-4.0,887.0,-532675065.0,47.0,-10.0,53.0,133.0,-40.0,-21.0,,,,
1618,192544.0,47939.0,49423.0,47635.0,42395.0,192543.0,3.373020648956299,192545.0,46848.51171875,,,,,,,,,192542.0,1295.0,-9.0,887.0,-532674041.0,41.0,-16.0,53.0,147.0,-28.0,-28.0,,,,
1619,192554.0,44664.0,49316.0,50838.0,42434.0,192553.0,3.373020648956299,192555.0,46813.46484375,,,,,,,,,192552.0,1296.0,-9.0,888.0,-533722617.0,42.0,-15.0,54.0,64.0,114.0,-30.0,,,,
1620,192564.0,49482.0,49010.0,46878.0,41926.0,192563.0,3.373020648956299,192566.0,46824.5390625,,,,,,,,,192562.0,1295.0,-10.0,888.0,-533723641.0,40.0,-15.0,55.0,57.0,61.0,39.0,,,,
1621,192574.0,50439.0,48125.0,45457.0,43103.0,192573.0,3.373020648956299,192575.0,46781.828125,,,,,,,,,192572.0,1295.0,-9.0,889.0,-533723641.0,40.0,-13.0,54.0,55.0,-49.0,4.0,,,,
1622,192584.0,47906.0,49092.0,47382.0,43024.0,192583.0,3.373020648956299,192585.0,46851.73046875,,,,,,,,,192582.0,1295.0,-9.0,889.0,-533723641.0,40.0,-12.0,51.0,36.0,-3.0,-34.0,,,,
1623,192594.0,46081.0,48073.0,49669.0,43953.0,192593.0,3.373020648956299,192595.0,46944.5546875,,,,,,,,,192592.0,1298.0,-3.0,890.0,-533723641.0,43.0,-2.0,50.0,-17.0,-7.0,-30.0,,,,
1624,192604.0,49410.0,47136.0,46840.0,44498.0,192603.0,3.373020648956299,192605.0,46971.18359375,,,,,,,,,192602.0,1298.0,0.0,890.0,-533723641.0,44.0,4.0,49.0,-60.0,-111.0,17.0,,,,
1625,192614.0,44493.0,46107.0,51495.0,45993.0,192613.0,3.373020648956299,192615.0,47022.390625,,,,,,,,,192612.0,1299.0,-2.0,890.0,-533722617.0,45.0,1.0,45.0,-88.0,-65.0,-23.0,,,,
1626,192624.0,47758.0,46882.0,48758.0,45090.0,192623.0,3.373020648956299,192625.0,47122.76171875,,,,,,,,,192622.0,1300.0,0.0,891.0,-533722617.0,46.0,6.0,44.0,-89.0,-102.0,3.0,,,,
1627,192634.0,48029.0,46509.0,48625.0,45609.0,192633.0,3.373020648956299,192635.0,47193.296875,,,,,,,,,192632.0,1300.0,-2.0,891.0,-533722617.0,46.0,3.0,42.0,-17.0,-169.0,12.0,,,,
1628,192644.0,49621.0,47795.0,47401.0,44387.0,192643.0,3.373020648956299,192645.0,47301.328125,,,,,,,,,192642.0,1301.0,0.0,891.0,-532673017.0,48.0,9.0,41.0,-10.0,-115.0,10.0,,,,
1629,192654.0,47309.0,48287.0,49111.0,44521.0,192653.0,3.373020648956299,192655.0,47307.35546875,,,,,,,,,192652.0,1302.0,0.0,893.0,-532673017.0,49.0,10.0,48.0,76.0,-127.0,-29.0,,,,
1630,192664.0,49097.0,47879.0,47793.0,43607.0,192663.0,3.373020648956299,192665.0,47094.7421875,,,,,,,,,192662.0,1302.0,0.0,894.0,-533720569.0,50.0,11.0,50.0,101.0,-77.0,40.0,,,,
1631,192674.0,48265.0,47705.0,48465.0,43729.0,192673.0,3.373020648956299,192675.0,47041.453125,,,,,,,,,192672.0,1303.0,1.0,894.0,-533720569.0,51.0,11.0,50.0,143.0,-46.0,29.0,,,,
1632,192684.0,50649.0,48755.0,46275.0,42641.0,192683.0,3.373020648956299,192685.0,47080.01953125,,,,,,,,,192682.0,1303.0,-4.0,895.0,-534769145.0,52.0,4.0,50.0,188.0,-124.0,50.0,,,,
1633,192694.0,46562.0,49384.0,49226.0,43016.0,192693.0,3.373020648956299,192695.0,47047.359375,,,,,,,,,192692.0,1304.0,-4.0,895.0,-534768121.0,53.0,4.0,50.0,165.0,13.0,-39.0,,,,
1634,192704.0,47984.0,49876.0,48036.0,42116.0,192703.0,3.373020648956299,192705.0,47003.8046875,,,,,,,,,192702.0,1303.0,-4.0,896.0,-535816697.0,52.0,4.0,52.0,187.0,-19.0,-6.0,,,,
1635,192714.0,47974.0,48612.0,48394.0,43284.0,192713.0,3.3782992362976074,192715.0,47066.98828125,,,,,,,,,192712.0,1304.0,-4.0,897.0,-536865273.0,53.0,4.0,51.0,97.0,44.0,-2.0,,,,
1636,192724.0,51098.0,46142.0,45736.0,45340.0,192723.0,3.3782992362976074,192725.0,47079.46484375,,,,,,,,,192722.0,1303.0,-4.0,897.0,-1073737209.0,52.0,5.0,52.0,52.0,-52.0,34.0,,,,
1637,192734.0,46064.0,49218.0,50470.0,42612.0,192733.0,3.373020648956299,192735.0,47091.08203125,,,,,,,,,192732.0,1303.0,-4.0,898.0,-1073737209.0,53.0,5.0,50.0,43.0,37.0,19.0,,,,
1638,192744.0,47504.0,48862.0,48614.0,43660.0,192743.0,3.373020648956299,192746.0,47160.6875,,,,,,,,,192742.0,1304.0,-4.0,899.0,-1073736185.0,55.0,5.0,57.0,-18.0,71.0,-43.0,,,,
1639,192754.0,47411.0,45763.0,48941.0,45537.0,192753.0,3.373020648956299,192755.0,46913.625,,,,,,,,,192752.0,1303.0,-1.0,900.0,-1073737209.0,54.0,9.0,58.0,-63.0,-3.0,28.0,,,,
1640,192764.0,46607.0,47611.0,49143.0,44079.0,192763.0,3.373020648956299,192765.0,46860.8125,,,,,,,,,192762.0,1304.0,0.0,900.0,-1073737209.0,55.0,11.0,59.0,-92.0,-58.0,-12.0,,,,
1641,192774.0,47623.0,47385.0,48151.0,44301.0,192773.0,3.373020648956299,192775.0,46865.19140625,,,,,,,,,192772.0,1305.0,0.0,901.0,-536865273.0,58.0,11.0,61.0,-113.0,-23.0,-16.0,,,,
1642,192784.0,47580.0,46860.0,48452.0,44380.0,192783.0,3.373020648956299,192786.0,46818.09765625,,,,,,,,,192782.0,1306.0,0.0,904.0,-535816697.0,59.0,10.0,73.0,-34.0,-88.0,16.0,,,,
1643,192794.0,47138.0,46472.0,48138.0,44180.0,192793.0,3.373020648956299,192795.0,46482.3125,,,,,,,,,192792.0,1307.0,1.0,905.0,-535816697.0,61.0,13.0,73.0,-5.0,-107.0,6.0,,,,
1644,192804.0,46225.0,47037.0,48429.0,43785.0,192803.0,3.373020648956299,192806.0,46369.26171875,,,,,,,,,192802.0,1307.0,2.0,905.0,-535816697.0,61.0,14.0,74.0,-20.0,-56.0,-4.0,,,,
1645,192814.0,49909.0,46523.0,45541.0,43735.0,192813.0,3.3782992362976074,192815.0,46427.34765625,,,,,,,,,192812.0,1308.0,1.0,906.0,-535815673.0,64.0,12.0,75.0,73.0,-79.0,20.0,,,,
1646,192824.0,49205.0,47237.0,45835.0,42927.0,192823.0,3.3782992362976074,192826.0,46301.640625,,,,,,,,,192822.0,1309.0,1.0,907.0,-535815673.0,65.0,13.0,76.0,109.0,-93.0,22.0,,,,
1647,192834.0,49208.0,47064.0,46386.0,42894.0,192833.0,3.383577823638916,192835.0,46388.69921875,,,,,,,,,192832.0,1310.0,4.0,907.0,-535815673.0,68.0,18.0,78.0,96.0,-102.0,39.0,,,,
1648,192844.0,47753.0,47909.0,46431.0,42867.0,192843.0,3.383577823638916,192846.0,46240.2265625,,,,,,,,,192842.0,1311.0,4.0,908.0,-536864249.0,69.0,18.0,78.0,166.0,-81.0,-27.0,,,,
1649,192854.0,49464.0,47490.0,45382.0,42852.0,192853.0,3.3782992362976074,192855.0,46297.05078125,,,,,,,,,192852.0,1311.0,6.0,909.0,-1073734138.0,71.0,21.0,79.0,149.0,-40.0,-2.0,,,,
1650,192864.0,45303.0,47219.0,49343.0,43219.0,192863.0,3.3782992362976074,192866.0,46271.97265625,,,,,,,,,192862.0,1312.0,9.0,910.0,-1072685561.0,73.0,25.0,78.0,117.0,10.0,-9.0,,,,
1651,192874.0,48048.0,46444.0,46992.0,43604.0,192873.0,3.383577823638916,192875.0,46272.7734375,,,,,,,,,192872.0,1314.0,9.0,911.0,-1072685561.0,77.0,24.0,84.0,51.0,46.0,21.0,,,,
1652,192884.0,46219.0,46787.0,48059.0,43235.0,192883.0,3.383577823638916,192885.0,46075.65234375,,,,,,,,,192882.0,1315.0,10.0,912.0,-1071636985.0,79.0,25.0,84.0,80.0,21.0,-9.0,,,,
1653,192894.0,50561.0,47617.0,43451.0,42667.0,192893.0,3.383577823638916,192895.0,46074.89453125,,,,,,,,,192892.0,1316.0,10.0,913.0,-1071636986.0,81.0,24.0,84.0,102.0,51.0,-15.0,,,,
1654,192904.0,45569.0,46453.0,48917.0,43093.0,192903.0,3.383577823638916,192906.0,46008.96484375,,,,,,,,,192902.0,1317.0,7.0,914.0,-1071636986.0,83.0,18.0,85.0,117.0,59.0,13.0,,,,
1655,192914.0,46512.0,48578.0,47796.0,41366.0,192913.0,3.383577823638916,192915.0,46063.41796875,,,,,,,,,192912.0,1318.0,7.0,914.0,-1070589434.0,86.0,17.0,80.0,64.0,18.0,2.0,,,,
1656,192924.0,46220.0,47830.0,48038.0,42548.0,192923.0,3.383577823638916,192926.0,46159.86328125,,,,,,,,,192922.0,1319.0,7.0,915.0,-1070589434.0,87.0,16.0,80.0,40.0,65.0,-24.0,,,,
1657,192934.0,46927.0,47153.0,48055.0,42725.0,192933.0,3.383577823638916,192935.0,46215.125,,,,,,,,,192932.0,1317.0,8.0,915.0,-1070589434.0,84.0,16.0,79.0,38.0,70.0,26.0,,,,
1658,192944.0,49551.0,46483.0,45481.0,43153.0,192943.0,3.383577823638916,192945.0,46167.703125,,,,,,,,,192942.0,1319.0,8.0,916.0,-1070589434.0,88.0,17.0,78.0,104.0,24.0,38.0,,,,
1659,192954.0,46160.0,47624.0,48174.0,42930.0,192953.0,3.383577823638916,192956.0,46222.98828125,,,,,,,,,192952.0,1320.0,9.0,917.0,-1070589434.0,90.0,16.0,78.0,83.0,11.0,-20.0,,,,
1660,192964.0,45299.0,46755.0,47601.0,41997.0,192963.0,3.383577823638916,192966.0,45413.6953125,,,,,,,,,192962.0,1323.0,11.0,922.0,-1069540858.0,94.0,18.0,101.0,68.0,49.0,-5.0,,,,
1661,192974.0,47162.0,45918.0,46418.0,42134.0,192973.0,3.383577823638916,192975.0,45408.9375,,,,,,,,,192972.0,1324.0,12.0,923.0,-1069540858.0,97.0,18.0,101.0,25.0,44.0,34.0,,,,
1662,192984.0,47981.0,44567.0,45597.0,43407.0,192983.0,3.383577823638916,192985.0,45388.53125,,,,,,,,,192982.0,1325.0,12.0,924.0,-1069540858.0,98.0,17.0,100.0,-26.0,6.0,40.0,,,,
1663,192994.0,46710.0,47146.0,46354.0,41322.0,192993.0,3.3888564109802246,192996.0,45383.21484375,,,,,,,,,192992.0,1326.0,12.0,925.0,-1069541882.0,100.0,16.0,100.0,42.0,-16.0,19.0,,,,
1664,193004.0,46218.0,45930.0,46880.0,42528.0,193003.0,3.3888564109802246,193006.0,45389.29296875,,,,,,,,,193002.0,1329.0,23.0,925.0,-1069540858.0,103.0,32.0,94.0,-6.0,61.0,-8.0,,,,
1665,193014.0,46065.0,46413.0,47861.0,41945.0,193013.0,3.3888564109802246,193016.0,45571.44921875,,,,,,,,,193012.0,1330.0,27.0,926.0,-1069541882.0,105.0,37.0,90.0,100.0,-20.0,33.0,,,,
1666,193024.0,43759.0,44163.0,49991.0,44507.0,193023.0,3.3888564109802246,193026.0,45605.34375,,,,,,,,,193022.0,1330.0,28.0,927.0,-1069541882.0,106.0,37.0,88.0,-21.0,61.0,24.0,,,,
1667,193034.0,46546.0,46260.0,47670.0,42228.0,193033.0,3.383577823638916,193036.0,45676.6796875,,,,,,,,,193032.0,1332.0,28.0,928.0,-1069541882.0,108.0,36.0,87.0,63.0,30.0,41.0,,,,
1668,193044.0,47702.0,45964.0,45984.0,42982.0,193043.0,3.383577823638916,193045.0,45658.27734375,,,,,,,,,193042.0,1333.0,28.0,930.0,-1069541882.0,110.0,34.0,91.0,189.0,-32.0,8.0,,,,
1669,193054.0,47540.0,45536.0,45796.0,43144.0,193053.0,3.383577823638916,193055.0,45504.05859375,,,,,,,,,193052.0,1334.0,29.0,931.0,-1068493306.0,111.0,33.0,90.0,173.0,18.0,9.0,,,,
1670,193064.0,47492.0,47080.0,45808.0,41752.0,193063.0,3.383577823638916,193066.0,45533.2890625,,,,,,,,,193062.0,1335.0,29.0,932.0,-1068493306.0,112.0,31.0,89.0,211.0,59.0,-1.0,,,,
1671,193074.0,45892.0,49152.0,46956.0,40076.0,193073.0,3.383577823638916,193076.0,45519.41015625,,,,,,,,,193072.0,1333.0,18.0,933.0,-1067444730.0,108.0,12.0,87.0,200.0,103.0,-41.0,,,,
1672,193084.0,46805.0,48341.0,46411.0,40699.0,193083.0,3.383577823638916,193086.0,45564.35546875,,,,,,,,,193082.0,1335.0,18.0,931.0,-1066397178.0,110.0,11.0,74.0,182.0,118.0,-8.0,,,,
1673,193094.0,50753.0,47679.0,44017.0,41303.0,193093.0,3.3888564109802246,193096.0,45938.2421875,,,,,,,,,193092.0,1337.0,22.0,932.0,-1065348602.0,113.0,15.0,70.0,247.0,57.0,40.0,,,,
1674,193104.0,45014.0,49328.0,48804.0,41026.0,193103.0,3.3888564109802246,193106.0,46043.68359375,,,,,,,,,193102.0,1337.0,17.0,933.0,-1064300026.0,113.0,4.0,66.0,146.0,94.0,-45.0,,,,
1675,193114.0,46801.0,48093.0,47561.0,42253.0,193113.0,3.383577823638916,193116.0,46177.1484375,,,,,,,,,193112.0,1340.0,24.0,933.0,-1064300026.0,117.0,14.0,62.0,160.0,54.0,-16.0,,,,
1676,193124.0,45698.0,45472.0,49314.0,44508.0,193123.0,3.383577823638916,193126.0,46248.796875,,,,,,,,,193122.0,1342.0,24.0,934.0,-1063252474.0,118.0,10.0,59.0,24.0,118.0,21.0,,,,
1677,193134.0,46587.0,46597.0,48849.0,43055.0,193133.0,3.383577823638916,193136.0,46272.30078125,,,,,,,,,193132.0,1343.0,28.0,935.0,-1063252474.0,119.0,14.0,59.0,-53.0,88.0,39.0,,,,
1678,193144.0,48612.0,47308.0,46208.0,43060.0,193143.0,3.3782992362976074,193145.0,46297.59375,,,,,,,,,193142.0,1345.0,28.0,936.0,-1063252474.0,122.0,12.0,55.0,-21.0,-26.0,18.0,,,,
1679,193154.0,43191.0,45669.0,52251.0,44489.0,193153.0,3.3782992362976074,193156.0,46400.5,,,,,,,,,193152.0,1347.0,28.0,936.0,-1064301050.0,123.0,9.0,53.0,-40.0,52.0,15.0,,,,
1680,193164.0,47660.0,45902.0,47898.0,44536.0,193163.0,3.3782992362976074,193166.0,46499.80859375,,,,,,,,,193162.0,1347.0,30.0,937.0,-1064301050.0,123.0,10.0,50.0,-143.0,70.0,30.0,,,,
1681,193174.0,44399.0,46037.0,50597.0,45087.0,193173.0,3.3782992362976074,193176.0,46530.7578125,,,,,,,,,193172.0,1348.0,30.0,937.0,-1064302074.0,122.0,6.0,46.0,-104.0,52.0,-17.0,,,,
1682,193184.0,46951.0,46955.0,48825.0,44013.0,193183.0,3.373020648956299,193186.0,46686.0625,,,,,,,,,193182.0,1348.0,29.0,937.0,-1064302074.0,121.0,2.0,45.0,-111.0,89.0,12.0,,,,
1683,193194.0,46066.0,47976.0,49320.0,43414.0,193193.0,3.3782992362976074,193195.0,46694.359375,,,,,,,,,193192.0,1351.0,32.0,938.0,-1065350650.0,124.0,5.0,47.0,-18.0,56.0,-16.0,,,,
1684,193204.0,48351.0,48201.0,47183.0,42973.0,193203.0,3.373020648956299,193206.0,46677.16796875,,,,,,,,,193202.0,1352.0,32.0,938.0,-1065350650.0,124.0,3.0,48.0,10.0,7.0,0.0,,,,
1685,193214.0,47094.0,48914.0,48222.0,42438.0,193213.0,3.373020648956299,193216.0,46667.0625,,,,,,,,,193212.0,1355.0,31.0,933.0,-1065350650.0,127.0,0.0,17.0,63.0,89.0,-12.0,,,,
1686,193224.0,50122.0,47298.0,47898.0,45534.0,193223.0,3.373020648956299,193226.0,47713.515625,,,,,,,,,193222.0,1356.0,30.0,933.0,-1065351674.0,127.0,-3.0,18.0,106.0,60.0,3.0,,,,
1687,193234.0,48809.0,49815.0,48991.0,43397.0,193233.0,3.373020648956299,193236.0,47753.5625,,,,,,,,,193232.0,1357.0,30.0,933.0,-1064303098.0,128.0,-6.0,22.0,135.0,83.0,16.0,,,,
1688,193244.0,50829.0,49189.0,46907.0,43703.0,193243.0,3.3677420616149902,193246.0,47657.70703125,,,,,,,,,193242.0,1360.0,29.0,934.0,-1064303098.0,130.0,-10.0,24.0,124.0,78.0,18.0,,,,
1689,193254.0,48273.0,50399.0,48907.0,43041.0,193253.0,3.3677420616149902,193256.0,47655.42578125,,,,,,,,,193252.0,1361.0,28.0,934.0,-1063254522.0,131.0,-14.0,24.0,150.0,68.0,-9.0,,,,
1690,193264.0,46551.0,49587.0,50225.0,43157.0,193263.0,3.3624634742736816,193265.0,47380.7109375,,,,,,,,,193262.0,1361.0,29.0,936.0,-1063255546.0,129.0,-14.0,33.0,125.0,147.0,-24.0,,,,
1691,193274.0,52509.0,49277.0,44575.0,43159.0,193273.0,3.3677420616149902,193276.0,47380.32421875,,,,,,,,,193272.0,1363.0,29.0,936.0,-1061682682.0,129.0,-17.0,34.0,34.0,86.0,13.0,,,,
1692,193284.0,45086.0,48420.0,51218.0,44828.0,193283.0,3.3677420616149902,193286.0,47388.23828125,,,,,,,,,193282.0,1365.0,30.0,937.0,-1061681658.0,130.0,-19.0,36.0,-36.0,117.0,-50.0,,,,
1693,193294.0,51291.0,47609.0,46027.0,44365.0,193293.0,3.3677420616149902,193296.0,47323.37109375,,,,,,,,,193292.0,1366.0,30.0,937.0,-1061681658.0,130.0,-21.0,39.0,-56.0,93.0,35.0,,,,
1694,193304.0,45757.0,47679.0,50643.0,45105.0,193303.0,3.3677420616149902,193306.0,47296.3125,,,,,,,,,193302.0,1369.0,30.0,938.0,-1062730234.0,131.0,-24.0,42.0,-55.0,72.0,-34.0,,,,
1695,193314.0,47661.0,45285.0,48821.0,47217.0,193313.0,3.3677420616149902,193316.0,47246.140625,,,,,,,,,193312.0,1370.0,30.0,938.0,-1062729210.0,131.0,-25.0,42.0,-165.0,20.0,2.0,,,,
1696,193324.0,46441.0,48133.0,50121.0,44229.0,193323.0,3.373020648956299,193326.0,47231.61328125,,,,,,,,,193322.0,1372.0,31.0,938.0,-1062729210.0,131.0,-26.0,42.0,-138.0,104.0,-9.0,,,,
1697,193334.0,48030.0,48286.0,48878.0,43786.0,193333.0,3.3677420616149902,193336.0,47245.4296875,,,,,,,,,193332.0,1373.0,32.0,939.0,-1063777786.0,131.0,-27.0,44.0,-169.0,80.0,19.0,,,,
1698,193344.0,49030.0,45930.0,48286.0,45530.0,193343.0,3.3677420616149902,193346.0,47194.50390625,,,,,,,,,193342.0,1375.0,33.0,939.0,-1063777786.0,131.0,-28.0,41.0,-72.0,-36.0,57.0,,,,
1699,193354.0,46810.0,48930.0,49534.0,44022.0,193353.0,3.373020648956299,193356.0,47324.51953125,,,,,,,,,193352.0,1377.0,31.0,939.0,-1064826362.0,131.0,-34.0,43.0,-95.0,-15.0,-39.0,,,,
1700,193364.0,47540.0,48896.0,48890.0,43670.0,193363.0,3.373020648956299,193366.0,47249.265625,,,,,,,,,193362.0,1377.0,29.0,940.0,-1064826362.0,129.0,-38.0,44.0,-70.0,53.0,-9.0,,,,
1701,193374.0,48203.0,47549.0,48843.0,44437.0,193373.0,3.3677420616149902,193376.0,47258.9453125,,,,,,,,,193372.0,1378.0,30.0,940.0,-1064826362.0,129.0,-38.0,46.0,-44.0,69.0,24.0,,,,
1702,193384.0,49587.0,48381.0,47593.0,43455.0,193383.0,3.373020648956299,193386.0,47254.1484375,,,,,,,,,193382.0,1381.0,28.0,941.0,-1064826362.0,130.0,-43.0,49.0,-37.0,72.0,35.0,,,,
1703,193394.0,49006.0,49150.0,48324.0,43428.0,193393.0,3.373020648956299,193396.0,47477.11328125,,,,,,,,,193392.0,1383.0,27.0,939.0,-1064825338.0,130.0,-45.0,40.0,8.0,74.0,25.0,,,,
1704,193404.0,51383.0,49523.0,45779.0,43259.0,193403.0,3.373020648956299,193406.0,47486.53125,,,,,,,,,193402.0,1384.0,30.0,940.0,-1065873914.0,129.0,-43.0,43.0,11.0,68.0,-1.0,,,,
1705,193414.0,47076.0,49216.0,49990.0,43390.0,193413.0,3.373020648956299,193416.0,47418.11328125,,,,,,,,,193412.0,1386.0,25.0,940.0,-1064825338.0,129.0,-51.0,46.0,-7.0,95.0,1.0,,,,
1706,193424.0,49876.0,47998.0,47130.0,44444.0,193423.0,3.3677420616149902,193425.0,47362.5546875,,,,,,,,,193422.0,1388.0,25.0,941.0,-1064825338.0,130.0,-52.0,48.0,-27.0,33.0,10.0,,,,
1707,193434.0,48488.0,48194.0,48294.0,44424.0,193433.0,3.3677420616149902,193436.0,47350.66015625,,,,,,,,,193432.0,1389.0,25.0,942.0,-1064824314.0,129.0,-54.0,53.0,-135.0,110.0,-16.0,,,,
1708,193444.0,48244.0,48324.0,48670.0,43518.0,193443.0,3.373020648956299,193445.0,47189.328125,,,,,,,,,193442.0,1392.0,36.0,942.0,-1065872890.0,129.0,-39.0,54.0,-110.0,26.0,27.0,,,,
1709,193454.0,48224.0,45984.0,48686.0,45798.0,193453.0,3.373020648956299,193456.0,47173.3203125,,,,,,,,,193452.0,1393.0,36.0,943.0,-1066921466.0,128.0,-40.0,56.0,-152.0,3.0,35.0,,,,
1710,193464.0,45358.0,46624.0,50830.0,45668.0,193463.0,3.373020648956299,193466.0,47120.1015625,,,,,,,,,193462.0,1395.0,40.0,943.0,-1066921466.0,127.0,-36.0,58.0,-80.0,-5.0,-15.0,,,,
1711,193474.0,46466.0,47282.0,49674.0,44894.0,193473.0,3.373020648956299,193475.0,47079.8984375,,,,,,,,,193472.0,1395.0,39.0,943.0,-1067970042.0,125.0,-38.0,51.0,-115.0,-5.0,-14.0,,,,
1712,193484.0,47954.0,47258.0,49172.0,44996.0,193483.0,3.373020648956299,193486.0,47345.36328125,,,,,,,,,193482.0,1396.0,39.0,943.0,-1067970042.0,124.0,-39.0,51.0,-118.0,45.0,-13.0,,,,
1713,193494.0,48253.0,46905.0,49143.0,45031.0,193493.0,3.373020648956299,193496.0,47333.65234375,,,,,,,,,193492.0,1397.0,41.0,944.0,-1069018618.0,122.0,-36.0,52.0,-33.0,-13.0,46.0,,,,
1714,193504.0,47894.0,48776.0,49022.0,43620.0,193503.0,3.373020648956299,193506.0,47328.359375,,,,,,,,,193502.0,1399.0,39.0,944.0,-1069018618.0,122.0,-41.0,54.0,37.0,0.0,11.0,,,,
1715,193514.0,49441.0,50323.0,47299.0,41993.0,193513.0,3.3677420616149902,193515.0,47264.33984375,,,,,,,,,193512.0,1401.0,38.0,945.0,-1069018618.0,121.0,-42.0,55.0,47.0,20.0,-6.0,,,,
1716,193524.0,47842.0,47874.0,48554.0,44066.0,193523.0,3.3677420616149902,193526.0,47084.6796875,,,,,,,,,193522.0,1402.0,38.0,946.0,-1067970043.0,120.0,-43.0,60.0,149.0,15.0,11.0,,,,
1717,193534.0,50426.0,49170.0,46292.0,42512.0,193533.0,3.373020648956299,193536.0,47100.33984375,,,,,,,,,193532.0,1403.0,43.0,947.0,-1067970043.0,119.0,-36.0,62.0,112.0,-8.0,13.0,,,,
1718,193544.0,46889.0,49503.0,48697.0,42999.0,193543.0,3.373020648956299,193546.0,47022.83984375,,,,,,,,,193542.0,1405.0,37.0,948.0,-1067970043.0,118.0,-45.0,66.0,143.0,82.0,-45.0,,,,
1719,193554.0,48938.0,49202.0,47582.0,42114.0,193553.0,3.373020648956299,193555.0,46959.41015625,,,,,,,,,193552.0,1407.0,42.0,948.0,-1066921466.0,119.0,-39.0,69.0,116.0,46.0,24.0,,,,
1720,193564.0,48093.0,46363.0,48417.0,44495.0,193563.0,3.373020648956299,193566.0,46842.25,,,,,,,,,193562.0,1407.0,35.0,950.0,-1066920442.0,116.0,-50.0,79.0,96.0,19.0,26.0,,,,
1721,193574.0,46893.0,49175.0,48071.0,42029.0,193573.0,3.373020648956299,193575.0,46542.3828125,,,,,,,,,193572.0,1409.0,44.0,951.0,-1066920443.0,116.0,-38.0,80.0,103.0,-94.0,21.0,,,,
1722,193584.0,45459.0,47085.0,49445.0,44059.0,193583.0,3.373020648956299,193585.0,46512.578125,,,,,,,,,193582.0,1411.0,42.0,952.0,-1065872891.0,116.0,-42.0,84.0,76.0,-87.0,-18.0,,,,
1723,193594.0,47735.0,46621.0,47703.0,43445.0,193593.0,3.373020648956299,193595.0,46376.02734375,,,,,,,,,193592.0,1413.0,42.0,953.0,-1065872891.0,115.0,-44.0,86.0,-2.0,-8.0,16.0,,,,
1724,193604.0,46493.0,45625.0,48413.0,44765.0,193603.0,3.3782992362976074,193605.0,46324.45703125,,,,,,,,,193602.0,1414.0,43.0,952.0,-1065872891.0,115.0,-44.0,81.0,-73.0,-41.0,17.0,,,,
1725,193614.0,46085.0,46775.0,49313.0,43703.0,193613.0,3.3782992362976074,193616.0,46469.3359375,,,,,,,,,193612.0,1415.0,42.0,953.0,-1065872891.0,113.0,-47.0,83.0,-113.0,-55.0,7.0,,,,
1726,193624.0,47603.0,46685.0,47473.0,43939.0,193623.0,3.3782992362976074,193625.0,46425.6328125,,,,,,,,,193622.0,1419.0,42.0,954.0,-1066921467.0,115.0,-47.0,85.0,-38.0,-83.0,1.0,,,,
1727,193634.0,46630.0,46966.0,48166.0,43750.0,193633.0,3.3782992362976074,193635.0,46378.21484375,,,,,,,,,193632.0,1420.0,42.0,955.0,-1066921467.0,114.0,-49.0,86.0,-136.0,-7.0,-23.0,,,,
1728,193644.0,46004.0,45842.0,48590.0,44752.0,193643.0,3.3782992362976074,193645.0,46297.45703125,,,,,,,,,193642.0,1418.0,37.0,956.0,-1066921467.0,109.0,-57.0,86.0,-86.0,-19.0,12.0,,,,
1729,193654.0,45960.0,48146.0,48130.0,41760.0,193653.0,3.3782992362976074,193655.0,45999.8984375,,,,,,,,,193652.0,1419.0,36.0,958.0,-1066921467.0,108.0,-59.0,97.0,-101.0,97.0,-42.0,,,,
1730,193664.0,48218.0,45098.0,45944.0,44360.0,193663.0,3.3782992362976074,193666.0,45905.265625,,,,,,,,,193662.0,1421.0,35.0,959.0,-1067970043.0,107.0,-60.0,98.0,-49.0,80.0,-7.0,,,,
1731,193674.0,48965.0,47817.0,45635.0,41075.0,193673.0,3.383577823638916,193675.0,45873.28515625,,,,,,,,,193672.0,1424.0,45.0,960.0,-1067970043.0,110.0,-47.0,98.0,-23.0,29.0,33.0,,,,
1732,193684.0,45124.0,45592.0,48956.0,43740.0,193683.0,3.383577823638916,193685.0,45853.02734375,,,,,,,,,193682.0,1425.0,45.0,961.0,-1067970043.0,109.0,-48.0,100.0,54.0,-79.0,30.0,,,,
1733,193694.0,48311.0,45639.0,45705.0,43289.0,193693.0,3.383577823638916,193695.0,45736.703125,,,,,,,,,193692.0,1426.0,44.0,965.0,-1067970043.0,107.0,-50.0,115.0,4.0,1.0,-2.0,,,,
1734,193704.0,44620.0,46322.0,47690.0,42308.0,193703.0,3.383577823638916,193705.0,45235.7421875,,,,,,,,,193702.0,1427.0,44.0,966.0,-1067970043.0,106.0,-51.0,116.0,92.0,-17.0,-39.0,,,,
1735,193714.0,48505.0,44097.0,44497.0,43541.0,193713.0,3.383577823638916,193715.0,45160.41015625,,,,,,,,,193712.0,1422.0,49.0,967.0,-1067970043.0,97.0,-44.0,116.0,0.0,-18.0,42.0,,,,
1736,193724.0,42505.0,45707.0,49829.0,42431.0,193723.0,3.3888564109802246,193725.0,45118.66796875,,,,,,,,,193722.0,1425.0,46.0,968.0,-1067970043.0,98.0,-49.0,116.0,57.0,-90.0,14.0,,,,
1737,193734.0,46769.0,44679.0,45701.0,43227.0,193733.0,3.3888564109802246,193735.0,45094.10546875,,,,,,,,,193732.0,1425.0,48.0,965.0,-1067970043.0,96.0,-47.0,92.0,-26.0,-16.0,-8.0,,,,
1738,193744.0,46469.0,47209.0,47617.0,42209.0,193743.0,3.3888564109802246,193745.0,45876.59375,,,,,,,,,193742.0,1426.0,49.0,966.0,-1067970043.0,95.0,-47.0,92.0,43.0,-138.0,12.0,,,,
1739,193754.0,47912.0,44014.0,46452.0,45094.0,193753.0,3.3888564109802246,193755.0,45868.4375,,,,,,,,,193752.0,1427.0,50.0,967.0,-1067971067.0,94.0,-46.0,91.0,37.0,-112.0,23.0,,,,
1740,193764.0,46280.0,47132.0,46756.0,43196.0,193763.0,3.3888564109802246,193765.0,45841.37109375,,,,,,,,,193762.0,1428.0,49.0,968.0,-1067971067.0,93.0,-48.0,89.0,0.0,-106.0,-60.0,,,,
1741,193774.0,45993.0,45751.0,48393.0,43343.0,193773.0,3.383577823638916,193775.0,45870.7578125,,,,,,,,,193772.0,1429.0,49.0,968.0,-1067972091.0,93.0,-49.0,88.0,42.0,-128.0,19.0,,,,
1742,193784.0,47160.0,45676.0,45682.0,41794.0,193783.0,3.383577823638916,193785.0,45078.93359375,,,,,,,,,193782.0,1430.0,48.0,974.0,-1067972091.0,92.0,-51.0,112.0,34.0,-118.0,21.0,,,,
1743,193794.0,47102.0,44168.0,45502.0,43276.0,193793.0,3.383577823638916,193795.0,45012.41796875,,,,,,,,,193792.0,1431.0,47.0,975.0,-1067973115.0,92.0,-52.0,110.0,54.0,-150.0,38.0,,,,
1744,193804.0,44151.0,45509.0,47447.0,43033.0,193803.0,3.3888564109802246,193805.0,45035.1640625,,,,,,,,,193802.0,1432.0,47.0,976.0,-1066924539.0,91.0,-54.0,108.0,63.0,-121.0,-47.0,,,,
1745,193814.0,47477.0,46627.0,44583.0,41361.0,193813.0,3.3888564109802246,193815.0,45012.9609375,,,,,,,,,193812.0,1433.0,46.0,977.0,-1066925563.0,91.0,-55.0,106.0,75.0,-88.0,-10.0,,,,
1746,193824.0,44991.0,44759.0,47489.0,42977.0,193823.0,3.3888564109802246,193826.0,45054.53125,,,,,,,,,193822.0,1434.0,46.0,977.0,-1066925563.0,91.0,-57.0,98.0,22.0,-10.0,-32.0,,,,
1747,193834.0,45246.0,45424.0,47778.0,42636.0,193833.0,3.3888564109802246,193836.0,45271.66015625,,,,,,,,,193832.0,1413.0,57.0,978.0,-1066924539.0,62.0,-42.0,96.0,-36.0,-48.0,17.0,,,,
1748,193844.0,41863.0,47531.0,50973.0,40749.0,193843.0,3.3888564109802246,193845.0,45279.91015625,,,,,,,,,193842.0,1414.0,58.0,979.0,-1066924539.0,61.0,-42.0,94.0,-31.0,15.0,-1.0,,,,
1749,193854.0,44178.0,48276.0,48560.0,40166.0,193853.0,3.3888564109802246,193855.0,45295.2890625,,,,,,,,,193852.0,1414.0,57.0,980.0,-1066924539.0,61.0,-44.0,91.0,-30.0,-44.0,-22.0,,,,
1750,193864.0,43645.0,44945.0,49311.0,43391.0,193863.0,3.3888564109802246,193865.0,45323.84765625,,,,,,,,,193862.0,1417.0,53.0,980.0,-1066925563.0,63.0,-50.0,79.0,49.0,-119.0,17.0,,,,
1751,193874.0,46126.0,45928.0,47712.0,42946.0,193873.0,3.3888564109802246,193875.0,45678.9765625,,,,,,,,,193872.0,1419.0,51.0,980.0,-1066925563.0,65.0,-53.0,75.0,108.0,-167.0,20.0,,,,
1752,193884.0,46972.0,46848.0,46646.0,42678.0,193883.0,3.3888564109802246,193885.0,45786.86328125,,,,,,,,,193882.0,1420.0,53.0,981.0,-1067449851.0,66.0,-52.0,71.0,72.0,-250.0,-29.0,,,,
1753,193894.0,47492.0,45730.0,46748.0,43350.0,193893.0,3.383577823638916,193895.0,45830.73046875,,,,,,,,,193892.0,1421.0,52.0,982.0,-1067448827.0,66.0,-54.0,69.0,50.0,-253.0,22.0,,,,
1754,193904.0,46295.0,44017.0,48163.0,45053.0,193903.0,3.383577823638916,193905.0,45882.67578125,,,,,,,,,193902.0,1421.0,51.0,982.0,-1066399227.0,66.0,-56.0,66.0,91.0,-338.0,26.0,,,,
1755,193914.0,52338.0,45806.0,43330.0,43942.0,193913.0,3.3782992362976074,193915.0,46354.78125,,,,,,,,,193912.0,1426.0,53.0,981.0,-1066398203.0,72.0,-54.0,51.0,115.0,-427.0,58.0,,,,
1756,193924.0,45112.0,46924.0,49304.0,44332.0,193923.0,3.3782992362976074,193926.0,46418.90234375,,,,,,,,,193922.0,1427.0,54.0,981.0,-1066396156.0,74.0,-54.0,48.0,44.0,-318.0,-73.0,,,,
1757,193934.0,49170.0,44526.0,46700.0,45656.0,193933.0,3.373020648956299,193935.0,46513.46484375,,,,,,,,,193932.0,1428.0,53.0,982.0,-1066395131.0,75.0,-57.0,44.0,-2.0,-304.0,47.0,,,,
1758,193944.0,46338.0,46094.0,49618.0,44270.0,193943.0,3.373020648956299,193945.0,46580.0390625,,,,,,,,,193942.0,1429.0,52.0,982.0,-1066394108.0,77.0,-59.0,42.0,6.0,-179.0,13.0,,,,
1759,193954.0,47337.0,48363.0,48225.0,42667.0,193953.0,3.373020648956299,193955.0,46648.2890625,,,,,,,,,193952.0,1430.0,52.0,983.0,-1066393084.0,79.0,-61.0,44.0,-32.0,-153.0,-27.0,,,,
1760,193964.0,46036.0,46816.0,49334.0,44006.0,193963.0,3.373020648956299,193965.0,46548.41015625,,,,,,,,,193962.0,1430.0,50.0,984.0,-1066392060.0,80.0,-64.0,45.0,-50.0,-61.0,-18.0,,,,
1761,193974.0,45352.0,46854.0,49724.0,44234.0,193973.0,3.373020648956299,193975.0,46541.9140625,,,,,,,,,193972.0,1430.0,47.0,984.0,-1066392060.0,82.0,-69.0,45.0,1.0,-35.0,-15.0,,,,
1762,193984.0,45069.0,48485.0,50191.0,42527.0,193983.0,3.373020648956299,193985.0,46568.4609375,,,,,,,,,193982.0,1431.0,46.0,985.0,-1066392060.0,84.0,-71.0,42.0,-53.0,59.0,-6.0,,,,
1763,193994.0,44797.0,49115.0,50215.0,42309.0,193993.0,3.373020648956299,193995.0,46609.28125,,,,,,,,,193992.0,1432.0,45.0,986.0,-1066392059.0,87.0,-73.0,45.0,-16.0,115.0,-48.0,,,,
1764,194004.0,47470.0,47892.0,47938.0,42800.0,194003.0,3.373020648956299,194005.0,46525.0859375,,,,,,,,,194002.0,1426.0,53.0,986.0,-1066393083.0,79.0,-64.0,44.0,-56.0,127.0,22.0,,,,
1765,194014.0,45056.0,47654.0,50218.0,43140.0,194013.0,3.373020648956299,194015.0,46517.3046875,,,,,,,,,194012.0,1428.0,53.0,987.0,-1067441659.0,83.0,-65.0,45.0,23.0,106.0,-34.0,,,,
1766,194024.0,47916.0,48734.0,47302.0,42072.0,194023.0,3.373020648956299,194025.0,46506.86328125,,,,,,,,,194022.0,1429.0,52.0,987.0,-1067442683.0,85.0,-67.0,47.0,-6.0,2.0,-2.0,,,,
1767,194034.0,46043.0,48007.0,48813.0,42817.0,194033.0,3.373020648956299,194036.0,46420.5546875,,,,,,,,,194032.0,1430.0,49.0,988.0,-1067442683.0,88.0,-72.0,45.0,-14.0,37.0,-44.0,,,,
1768,194044.0,47152.0,46914.0,47768.0,43686.0,194043.0,3.373020648956299,194045.0,46380.97265625,,,,,,,,,194042.0,1431.0,49.0,989.0,-1066394107.0,91.0,-73.0,46.0,68.0,29.0,-27.0,,,,
1769,194054.0,46731.0,46503.0,48553.0,44041.0,194053.0,3.373020648956299,194055.0,46457.6640625,,,,,,,,,194052.0,1433.0,48.0,989.0,-1066394107.0,93.0,-74.0,41.0,-5.0,-84.0,14.0,,,,
1770,194064.0,45335.0,47729.0,49763.0,43381.0,194063.0,3.373020648956299,194065.0,46552.37109375,,,,,,,,,194062.0,1435.0,48.0,989.0,-1066394107.0,97.0,-76.0,39.0,30.0,-104.0,-13.0,,,,
1771,194074.0,46665.0,45301.0,49067.0,45475.0,194073.0,3.373020648956299,194075.0,46627.8515625,,,,,,,,,194072.0,1436.0,47.0,990.0,-1066393083.0,99.0,-78.0,37.0,-26.0,-99.0,0.0,,,,
1772,194084.0,48193.0,48225.0,48269.0,44025.0,194083.0,3.373020648956299,194085.0,47178.25,,,,,,,,,194082.0,1437.0,46.0,987.0,-1066393083.0,101.0,-79.0,20.0,-10.0,-177.0,23.0,,,,
1773,194094.0,50695.0,45049.0,46509.0,46731.0,194093.0,3.373020648956299,194095.0,47246.98046875,,,,,,,,,194092.0,1438.0,46.0,987.0,-1066392059.0,103.0,-81.0,18.0,-19.0,-167.0,48.0,,,,
1774,194104.0,47018.0,48180.0,49298.0,44808.0,194103.0,3.3677420616149902,194105.0,47326.6171875,,,,,,,,,194102.0,1449.0,48.0,988.0,-1067439611.0,119.0,-78.0,16.0,-95.0,-67.0,-42.0,,,,
1775,194114.0,49255.0,45729.0,48259.0,46281.0,194113.0,3.3677420616149902,194115.0,47381.23828125,,,,,,,,,194112.0,1451.0,48.0,988.0,-1067439611.0,122.0,-79.0,15.0,-156.0,-35.0,17.0,,,,
1776,194124.0,47186.0,46884.0,50444.0,45206.0,194123.0,3.3677420616149902,194125.0,47430.19921875,,,,,,,,,194122.0,1453.0,49.0,990.0,-1067439611.0,126.0,-78.0,28.0,-122.0,-70.0,27.0,,,,
1777,194134.0,49468.0,47532.0,46680.0,44260.0,194133.0,3.3677420616149902,194135.0,46985.10546875,,,,,,,,,194132.0,1454.0,48.0,991.0,-1068488187.0,129.0,-80.0,31.0,-61.0,-20.0,21.0,,,,
1778,194144.0,45693.0,46485.0,50199.0,45299.0,194143.0,3.3677420616149902,194145.0,46919.171875,,,,,,,,,194142.0,1456.0,49.0,991.0,-1068488187.0,132.0,-78.0,33.0,-78.0,77.0,0.0,,,,
1779,194154.0,44684.0,49956.0,50572.0,42364.0,194153.0,3.3677420616149902,194155.0,46894.96484375,,,,,,,,,194152.0,1457.0,49.0,991.0,-1068488187.0,134.0,-78.0,35.0,-45.0,167.0,-65.0,,,,
1780,194164.0,46706.0,47344.0,49370.0,43912.0,194163.0,3.373020648956299,194165.0,46833.9453125,,,,,,,,,194162.0,1458.0,46.0,991.0,-1069536763.0,137.0,-83.0,34.0,-77.0,283.0,11.0,,,,
1781,194174.0,46499.0,49781.0,48781.0,42427.0,194173.0,3.373020648956299,194175.0,46872.5859375,,,,,,,,,194172.0,1459.0,44.0,992.0,-1069537787.0,139.0,-86.0,35.0,35.0,255.0,-16.0,,,,
1782,194184.0,46050.0,49994.0,49666.0,41634.0,194183.0,3.373020648956299,194185.0,46836.92578125,,,,,,,,,194182.0,1460.0,43.0,992.0,-1069538811.0,141.0,-87.0,35.0,-14.0,356.0,-29.0,,,,
1783,194194.0,47859.0,49749.0,47299.0,42473.0,194193.0,3.373020648956299,194195.0,46845.3828125,,,,,,,,,194192.0,1462.0,43.0,992.0,-1069540859.0,144.0,-88.0,36.0,54.0,302.0,-47.0,,,,
1784,194204.0,49072.0,49194.0,46538.0,42576.0,194203.0,3.373020648956299,194205.0,46845.08203125,,,,,,,,,194202.0,1463.0,42.0,993.0,-1069541883.0,144.0,-89.0,37.0,50.0,256.0,-16.0,,,,
1785,194214.0,46776.0,50056.0,48020.0,41952.0,194213.0,3.3782992362976074,194215.0,46701.21875,,,,,,,,,194212.0,1466.0,42.0,994.0,-1069542907.0,148.0,-89.0,39.0,49.0,209.0,-27.0,,,,
1786,194224.0,44614.0,47468.0,50334.0,44504.0,194223.0,3.373020648956299,194225.0,46730.625,,,,,,,,,194222.0,1467.0,38.0,994.0,-1068494331.0,149.0,-94.0,39.0,52.0,199.0,-53.0,,,,
1787,194234.0,50888.0,48500.0,44476.0,42996.0,194233.0,3.373020648956299,194235.0,46715.02734375,,,,,,,,,194232.0,1469.0,40.0,995.0,-1068495354.0,151.0,-92.0,39.0,-1.0,168.0,2.0,,,,
1788,194244.0,45700.0,47676.0,49318.0,44226.0,194243.0,3.373020648956299,194245.0,46730.01171875,,,,,,,,,194242.0,1469.0,36.0,995.0,-1068496378.0,150.0,-98.0,38.0,-25.0,100.0,-17.0,,,,
1789,194254.0,48761.0,47281.0,46659.0,44383.0,194253.0,3.373020648956299,194255.0,46771.7890625,,,,,,,,,194252.0,1473.0,35.0,994.0,-1068496378.0,153.0,-98.0,30.0,-79.0,38.0,-6.0,,,,
1790,194264.0,44590.0,47126.0,50704.0,45656.0,194263.0,3.373020648956299,194265.0,47019.60546875,,,,,,,,,194262.0,1475.0,34.0,994.0,-1069544954.0,154.0,-99.0,29.0,-86.0,57.0,-49.0,,,,
1791,194274.0,50329.0,44799.0,45829.0,47275.0,194273.0,3.373020648956299,194275.0,47058.28125,,,,,,,,,194272.0,1476.0,39.0,994.0,-1069544954.0,154.0,-93.0,29.0,-182.0,19.0,9.0,,,,
1792,194284.0,43885.0,45679.0,51685.0,46975.0,194283.0,3.373020648956299,194285.0,47056.94921875,,,,,,,,,194282.0,1480.0,38.0,995.0,-1070593530.0,157.0,-93.0,28.0,-187.0,0.0,-30.0,,,,
1793,194294.0,48076.0,46390.0,48160.0,45746.0,194293.0,3.373020648956299,194295.0,47093.0625,,,,,,,,,194292.0,1481.0,37.0,995.0,-1070593530.0,158.0,-94.0,27.0,-211.0,11.0,11.0,,,,
1794,194304.0,45567.0,46991.0,50589.0,45465.0,194303.0,3.373020648956299,194305.0,47153.890625,,,,,,,,,194302.0,1482.0,40.0,995.0,-1071642106.0,157.0,-90.0,28.0,-175.0,65.0,-14.0,,,,
1795,194314.0,48730.0,47730.0,47716.0,44272.0,194313.0,3.373020648956299,194315.0,47112.99609375,,,,,,,,,194312.0,1483.0,41.0,995.0,-1072691706.0,157.0,-88.0,29.0,-179.0,41.0,33.0,,,,
1796,194324.0,45505.0,48621.0,50313.0,44001.0,194323.0,3.373020648956299,194325.0,47110.734375,,,,,,,,,194322.0,1485.0,40.0,996.0,-1073740282.0,158.0,-88.0,29.0,-82.0,101.0,-23.0,,,,
1797,194334.0,46980.0,48424.0,48464.0,44536.0,194333.0,3.3677420616149902,194335.0,47101.2578125,,,,,,,,,194332.0,1489.0,36.0,996.0,-1073740282.0,161.0,-92.0,31.0,-23.0,137.0,-46.0,,,,
1798,194344.0,46779.0,50101.0,48709.0,42571.0,194343.0,3.3677420616149902,194345.0,47040.3984375,,,,,,,,,194342.0,1489.0,38.0,996.0,-536870394.0,159.0,-88.0,31.0,-46.0,207.0,-30.0,,,,
1799,194354.0,46456.0,47742.0,49764.0,44346.0,194353.0,3.373020648956299,194355.0,47077.3515625,,,,,,,,,194352.0,1491.0,37.0,997.0,-536346106.0,159.0,-89.0,32.0,59.0,172.0,13.0,,,,
1800,194364.0,46221.0,50327.0,49687.0,41901.0,194363.0,3.373020648956299,194365.0,47034.3671875,,,,,,,,,194362.0,1492.0,31.0,997.0,-1073215994.0,158.0,-95.0,33.0,46.0,179.0,-20.0,,,,
1801,194374.0,49866.0,50428.0,45466.0,42328.0,194373.0,3.373020648956299,194375.0,47022.57421875,,,,,,,,,194372.0,1495.0,30.0,997.0,-1073214970.0,160.0,-95.0,33.0,74.0,208.0,-12.0,,,,
1802,194384.0,47713.0,49001.0,48453.0,42869.0,194383.0,3.373020648956299,194385.0,47009.3046875,,,,,,,,,194382.0,1496.0,32.0,997.0,-1073214970.0,159.0,-92.0,32.0,136.0,173.0,1.0,,,,
1803,194394.0,48284.0,50544.0,47398.0,42098.0,194393.0,3.373020648956299,194395.0,47081.265625,,,,,,,,,194392.0,1499.0,30.0,998.0,-1072165370.0,161.0,-93.0,33.0,112.0,124.0,4.0,,,,
1804,194404.0,46063.0,48865.0,49281.0,44019.0,194403.0,3.373020648956299,194405.0,47057.15625,,,,,,,,,194402.0,1500.0,32.0,998.0,-1072164346.0,159.0,-90.0,35.0,38.0,139.0,-34.0,,,,
1805,194414.0,47119.0,48403.0,48617.0,43877.0,194413.0,3.373020648956299,194415.0,47004.41015625,,,,,,,,,194412.0,1504.0,30.0,998.0,-1072164346.0,161.0,-91.0,38.0,3.0,123.0,-10.0,,,,
1806,194424.0,48177.0,48361.0,47623.0,43607.0,194423.0,3.373020648956299,194425.0,46942.72265625,,,,,,,,,194422.0,1505.0,26.0,999.0,-1071114746.0,159.0,-96.0,37.0,-52.0,114.0,-8.0,,,,
1807,194434.0,47394.0,46196.0,48520.0,45642.0,194433.0,3.373020648956299,194435.0,46938.4453125,,,,,,,,,194432.0,1508.0,30.0,999.0,-1072163322.0,160.0,-90.0,38.0,-125.0,-10.0,29.0,,,,
1808,194444.0,45009.0,48059.0,49775.0,44897.0,194443.0,3.373020648956299,194445.0,46935.6171875,,,,,,,,,194442.0,1510.0,30.0,999.0,-1072163322.0,159.0,-88.0,37.0,-93.0,35.0,-43.0,,,,
1809,194454.0,48093.0,46771.0,47527.0,45429.0,194453.0,3.373020648956299,194455.0,46955.78515625,,,,,,,,,194452.0,1510.0,29.0,1000.0,-1073211898.0,156.0,-88.0,37.0,-193.0,49.0,-9.0,,,,
1810,194464.0,45744.0,46546.0,49668.0,45846.0,194463.0,3.373020648956299,194465.0,46951.0859375,,,,,,,,,194462.0,1512.0,26.0,1000.0,-536340986.0,155.0,-92.0,36.0,-167.0,31.0,-6.0,,,,
1811,194474.0,45872.0,48332.0,49142.0,43654.0,194473.0,3.373020648956299,194475.0,46750.52734375,,,,,,,,,194472.0,1515.0,27.0,1002.0,-535292410.0,156.0,-89.0,41.0,-168.0,8.0,-3.0,,,,
1812,194484.0,47173.0,47407.0,48353.0,44131.0,194483.0,3.373020648956299,194485.0,46766.95703125,,,,,,,,,194482.0,1517.0,27.0,1002.0,-534243834.0,155.0,-87.0,42.0,-184.0,64.0,-1.0,,,,
1813,194494.0,47177.0,48463.0,48117.0,43311.0,194493.0,3.373020648956299,194495.0,46767.4296875,,,,,,,,,194492.0,1519.0,28.0,1003.0,-534242809.0,153.0,-84.0,41.0,-92.0,80.0,7.0,,,,
1814,194504.0,48496.0,48108.0,46934.0,43590.0,194503.0,3.373020648956299,194505.0,46782.9609375,,,,,,,,,194502.0,1519.0,27.0,1003.0,-533194234.0,150.0,-84.0,41.0,-57.0,24.0,29.0,,,,
1815,194514.0,47368.0,47890.0,47306.0,43852.0,194513.0,3.373020648956299,194515.0,46604.96484375,,,,,,,,,194512.0,1522.0,27.0,1004.0,-533194234.0,151.0,-83.0,49.0,12.0,78.0,-25.0,,,,
1816,194524.0,47060.0,49184.0,47418.0,42422.0,194523.0,3.373020648956299,194525.0,46521.76953125,,,,,,,,,194522.0,1522.0,25.0,1005.0,-533194234.0,147.0,-83.0,51.0,92.0,86.0,-15.0,,,,
1817,194534.0,46608.0,48946.0,47994.0,42204.0,194533.0,3.3782992362976074,194535.0,46438.22265625,,,,,,,,,194532.0,1525.0,24.0,1005.0,-533194234.0,147.0,-83.0,53.0,34.0,164.0,-8.0,,,,
1818,194544.0,48345.0,48383.0,46289.0,42527.0,194543.0,3.3782992362976074,194545.0,46386.3671875,,,,,,,,,194542.0,1527.0,23.0,1006.0,-534241786.0,146.0,-82.0,54.0,81.0,89.0,33.0,,,,
1819,194554.0,44622.0,49042.0,49246.0,42586.0,194553.0,3.3782992362976074,194555.0,46374.265625,,,,,,,,,194552.0,1529.0,21.0,1006.0,-534241786.0,144.0,-82.0,54.0,79.0,108.0,-29.0,,,,
1820,194564.0,49349.0,47599.0,45273.0,43091.0,194563.0,3.3782992362976074,194565.0,46328.83984375,,,,,,,,,194562.0,1531.0,19.0,1007.0,-534240762.0,144.0,-83.0,57.0,22.0,116.0,19.0,,,,
1821,194574.0,48156.0,48188.0,45876.0,42840.0,194573.0,3.3782992362976074,194575.0,46265.015625,,,,,,,,,194572.0,1534.0,18.0,1008.0,-534240762.0,144.0,-83.0,58.0,71.0,59.0,-11.0,,,,
1822,194584.0,50253.0,47299.0,44097.0,43179.0,194583.0,3.3782992362976074,194585.0,46207.203125,,,,,,,,,194582.0,1536.0,17.0,1008.0,-534240762.0,142.0,-82.0,59.0,5.0,-87.0,42.0,,,,
1823,194594.0,45870.0,46548.0,48084.0,44198.0,194593.0,3.3782992362976074,194595.0,46175.26171875,,,,,,,,,194592.0,1537.0,17.0,1010.0,-535289338.0,140.0,-82.0,67.0,-51.0,15.0,-41.0,,,,
1824,194604.0,47652.0,46066.0,46040.0,43662.0,194603.0,3.3782992362976074,194605.0,45855.59765625,,,,,,,,,194602.0,1539.0,16.0,1011.0,-535289338.0,138.0,-82.0,69.0,-132.0,-6.0,17.0,,,,
1825,194614.0,47371.0,45781.0,46615.0,43353.0,194613.0,3.3782992362976074,194615.0,45780.08984375,,,,,,,,,194612.0,1540.0,27.0,1012.0,-534240762.0,136.0,-66.0,68.0,-127.0,-69.0,55.0,,,,
1826,194624.0,43820.0,46536.0,49528.0,43212.0,194623.0,3.383577823638916,194625.0,45774.07421875,,,,,,,,,194622.0,1541.0,26.0,1012.0,-533192186.0,133.0,-65.0,65.0,-125.0,-65.0,0.0,,,,
1827,194634.0,47016.0,45770.0,46450.0,44096.0,194633.0,3.383577823638916,194635.0,45833.1796875,,,,,,,,,194632.0,1543.0,25.0,1013.0,-533193210.0,132.0,-65.0,62.0,-126.0,-39.0,2.0,,,,
1828,194644.0,45360.0,46042.0,49736.0,45106.0,194643.0,3.383577823638916,194645.0,46561.76171875,,,,,,,,,194642.0,1546.0,24.0,1010.0,-532144634.0,132.0,-64.0,39.0,-113.0,11.0,6.0,,,,
1829,194654.0,47229.0,47619.0,48353.0,43375.0,194653.0,3.383577823638916,194656.0,46644.3515625,,,,,,,,,194652.0,1546.0,23.0,1010.0,-532144634.0,129.0,-63.0,37.0,-85.0,0.0,60.0,,,,
1830,194664.0,46603.0,47677.0,48227.0,44141.0,194663.0,3.383577823638916,194665.0,46662.03515625,,,,,,,,,194662.0,1548.0,23.0,1011.0,-532144634.0,128.0,-61.0,36.0,-15.0,56.0,0.0,,,,
1831,194674.0,45968.0,49250.0,49038.0,42592.0,194673.0,3.3782992362976074,194676.0,46712.91015625,,,,,,,,,194672.0,1548.0,22.0,1011.0,-532144634.0,124.0,-61.0,35.0,14.0,94.0,-13.0,,,,
1832,194684.0,50057.0,48399.0,45567.0,42837.0,194683.0,3.3782992362976074,194685.0,46715.87890625,,,,,,,,,194682.0,1550.0,21.0,1011.0,-532143610.0,122.0,-60.0,33.0,154.0,10.0,46.0,,,,
1833,194694.0,48503.0,49793.0,47007.0,41761.0,194693.0,3.3782992362976074,194695.0,46766.26953125,,,,,,,,,194692.0,1552.0,20.0,1012.0,-532143610.0,122.0,-60.0,31.0,193.0,1.0,6.0,,,,
1834,194704.0,47240.0,50176.0,47638.0,42494.0,194703.0,3.3782992362976074,194705.0,46887.7421875,,,,,,,,,194702.0,1553.0,19.0,1012.0,-533192186.0,120.0,-59.0,28.0,212.0,32.0,-26.0,,,,
1835,194714.0,47787.0,49755.0,47927.0,42087.0,194713.0,3.3782992362976074,194716.0,46889.9140625,,,,,,,,,194712.0,1554.0,18.0,1012.0,-533192186.0,118.0,-58.0,25.0,225.0,23.0,9.0,,,,
1836,194724.0,47524.0,50128.0,47976.0,42232.0,194723.0,3.3782992362976074,194725.0,46965.75390625,,,,,,,,,194722.0,1556.0,20.0,1019.0,-534240762.0,116.0,-55.0,59.0,178.0,3.0,-9.0,,,,
1837,194734.0,45493.0,48587.0,47947.0,41153.0,194733.0,3.3782992362976074,194736.0,45795.2734375,,,,,,,,,194732.0,1558.0,18.0,1019.0,-535289338.0,115.0,-55.0,58.0,83.0,-40.0,12.0,,,,
1838,194744.0,45517.0,47859.0,46591.0,43233.0,194743.0,3.373020648956299,194745.0,45800.140625,,,,,,,,,194742.0,1558.0,19.0,1020.0,-535289338.0,112.0,-54.0,58.0,120.0,49.0,-88.0,,,,
1839,194754.0,46033.0,46513.0,47425.0,43049.0,194753.0,3.3782992362976074,194756.0,45755.875,,,,,,,,,194752.0,1559.0,19.0,1020.0,-535289338.0,110.0,-53.0,57.0,32.0,18.0,16.0,,,,
1840,194764.0,45563.0,47077.0,47337.0,43043.0,194763.0,3.383577823638916,194765.0,45755.2734375,,,,,,,,,194762.0,1561.0,19.0,1021.0,-536337914.0,108.0,-52.0,58.0,-43.0,-89.0,-18.0,,,,
1841,194774.0,45317.0,46721.0,47307.0,42659.0,194773.0,3.383577823638916,194775.0,45501.81640625,,,,,,,,,194772.0,1564.0,19.0,1023.0,-536337914.0,108.0,-51.0,64.0,-91.0,-45.0,-18.0,,,,
1842,194784.0,46743.0,45639.0,45933.0,43769.0,194783.0,3.383577823638916,194785.0,45521.36328125,,,,,,,,,194782.0,1565.0,19.0,1024.0,-535289338.0,106.0,-51.0,61.0,-71.0,-39.0,-18.0,,,,
1843,194794.0,45535.0,47271.0,47021.0,42297.0,194793.0,3.383577823638916,194795.0,45531.97265625,,,,,,,,,194792.0,1566.0,18.0,1024.0,-535290362.0,104.0,-51.0,60.0,-48.0,-89.0,-8.0,,,,
1844,194804.0,44857.0,46079.0,47219.0,44029.0,194803.0,3.3888564109802246,194805.0,45546.67578125,,,,,,,,,194802.0,1567.0,18.0,1025.0,-535290362.0,102.0,-50.0,58.0,-141.0,-86.0,-43.0,,,,
1845,194814.0,46421.0,45329.0,46417.0,44061.0,194813.0,3.383577823638916,194816.0,45557.0703125,,,,,,,,,194812.0,1568.0,19.0,1025.0,-534241786.0,100.0,-48.0,55.0,-91.0,-66.0,2.0,,,,
1846,194824.0,45589.0,46379.0,47757.0,42731.0,194823.0,3.383577823638916,194825.0,45614.3984375,,,,,,,,,194822.0,1570.0,19.0,1026.0,-534242810.0,100.0,-46.0,51.0,-43.0,-103.0,30.0,,,,
1847,194834.0,47852.0,46218.0,45374.0,43200.0,194833.0,3.383577823638916,194835.0,45661.6171875,,,,,,,,,194832.0,1571.0,19.0,1026.0,-534242810.0,99.0,-46.0,50.0,-101.0,-95.0,6.0,,,,
1848,194844.0,46191.0,48391.0,46729.0,41537.0,194843.0,3.383577823638916,194845.0,45712.34375,,,,,,,,,194842.0,1572.0,18.0,1027.0,-534242810.0,97.0,-45.0,48.0,32.0,-174.0,20.0,,,,
1849,194854.0,48309.0,45749.0,44891.0,43875.0,194853.0,3.383577823638916,194855.0,45706.296875,,,,,,,,,194852.0,1573.0,18.0,1027.0,-534243834.0,96.0,-44.0,44.0,78.0,-81.0,-19.0,,,,
1850,194864.0,45784.0,47016.0,47654.0,42950.0,194863.0,3.3782992362976074,194865.0,45851.3046875,,,,,,,,,194862.0,1574.0,17.0,1027.0,-534243834.0,94.0,-44.0,41.0,77.0,-148.0,8.0,,,,
1851,194874.0,47716.0,46320.0,45912.0,43500.0,194873.0,3.383577823638916,194875.0,45862.23828125,,,,,,,,,194872.0,1575.0,17.0,1028.0,-534244858.0,93.0,-43.0,37.0,30.0,-112.0,31.0,,,,
1852,194884.0,43599.0,47969.0,49923.0,42237.0,194883.0,3.3782992362976074,194885.0,45932.82421875,,,,,,,,,194882.0,1576.0,16.0,1028.0,-534244858.0,92.0,-43.0,34.0,16.0,-50.0,-5.0,,,,
1853,194894.0,46062.0,47766.0,48088.0,42176.0,194893.0,3.383577823638916,194895.0,46023.98046875,,,,,,,,,194892.0,1577.0,16.0,1029.0,-534244858.0,91.0,-42.0,31.0,39.0,-62.0,23.0,,,,
1854,194904.0,48113.0,46647.0,47343.0,44761.0,194903.0,3.383577823638916,194905.0,46716.90234375,,,,,,,,,194902.0,1578.0,16.0,1025.0,-535293434.0,90.0,-41.0,12.0,68.0,-120.0,51.0,,,,
1855,194914.0,46289.0,47071.0,49081.0,44499.0,194913.0,3.3782992362976074,194915.0,46735.60546875,,,,,,,,,194912.0,1579.0,15.0,1025.0,-535294458.0,89.0,-41.0,10.0,-35.0,-19.0,4.0,,,,
1856,194924.0,44258.0,49322.0,50338.0,43194.0,194923.0,3.373020648956299,194925.0,46778.4453125,,,,,,,,,194922.0,1580.0,15.0,1025.0,-535294458.0,88.0,-41.0,10.0,17.0,-30.0,-35.0,,,,
1857,194934.0,47027.0,48095.0,48725.0,43245.0,194933.0,3.373020648956299,194936.0,46773.75,,,,,,,,,194932.0,1581.0,15.0,1026.0,-535294458.0,87.0,-40.0,9.0,7.0,-22.0,27.0,,,,
1858,194944.0,46140.0,47276.0,49752.0,44148.0,194943.0,3.373020648956299,194945.0,46829.97265625,,,,,,,,,194942.0,1566.0,30.0,1028.0,-534245882.0,66.0,-19.0,21.0,20.0,-39.0,45.0,,,,
1859,194954.0,46274.0,47492.0,48590.0,43268.0,194953.0,3.373020648956299,194955.0,46406.26953125,,,,,,,,,194952.0,1567.0,30.0,1028.0,-534245883.0,65.0,-19.0,20.0,1.0,-118.0,30.0,,,,
1860,194964.0,44888.0,48556.0,49718.0,42562.0,194963.0,3.373020648956299,194965.0,46431.24609375,,,,,,,,,194962.0,1568.0,30.0,1028.0,-534245883.0,65.0,-19.0,19.0,9.0,-49.0,-21.0,,,,
1861,194974.0,47030.0,46964.0,47914.0,43864.0,194973.0,3.373020648956299,194975.0,46443.2578125,,,,,,,,,194972.0,1568.0,31.0,1029.0,-534245883.0,64.0,-16.0,18.0,123.0,-100.0,-1.0,,,,
1862,194984.0,47848.0,46700.0,47112.0,44240.0,194983.0,3.373020648956299,194985.0,46475.0546875,,,,,,,,,194982.0,1569.0,31.0,1031.0,-535295483.0,63.0,-16.0,30.0,119.0,-169.0,15.0,,,,
1863,194994.0,48599.0,48363.0,45725.0,41561.0,194993.0,3.3782992362976074,194995.0,46062.1015625,,,,,,,,,194992.0,1569.0,31.0,1031.0,-535295483.0,62.0,-15.0,29.0,176.0,-204.0,31.0,,,,
1864,195004.0,45847.0,47269.0,48089.0,43059.0,195003.0,3.373020648956299,195005.0,46066.421875,,,,,,,,,195002.0,1575.0,31.0,1032.0,-536345083.0,69.0,-15.0,28.0,166.0,-178.0,12.0,,,,
1865,195014.0,51470.0,46506.0,43596.0,42728.0,195013.0,3.3782992362976074,195015.0,46075.28515625,,,,,,,,,195012.0,1576.0,30.0,1032.0,-1073217019.0,69.0,-15.0,28.0,218.0,-286.0,81.0,,,,
1866,195024.0,46975.0,46485.0,47307.0,43517.0,195023.0,3.3782992362976074,195025.0,46071.5859375,,,,,,,,,195022.0,1577.0,30.0,1035.0,-1072691707.0,69.0,-16.0,45.0,241.0,-313.0,32.0,,,,
1867,195034.0,47722.0,46742.0,45078.0,42430.0,195033.0,3.3782992362976074,195035.0,45493.4140625,,,,,,,,,195032.0,1578.0,27.0,1035.0,-1071642107.0,69.0,-20.0,46.0,217.0,-249.0,-4.0,,,,
1868,195044.0,46460.0,45136.0,46532.0,43628.0,195043.0,3.3782992362976074,195045.0,45439.86328125,,,,,,,,,195042.0,1579.0,26.0,1036.0,-1070592507.0,71.0,-21.0,47.0,145.0,-174.0,21.0,,,,
1869,195054.0,48584.0,45130.0,45152.0,42674.0,195053.0,3.383577823638916,195055.0,45385.8828125,,,,,,,,,195052.0,1579.0,26.0,1036.0,-1069542907.0,70.0,-22.0,46.0,104.0,-211.0,77.0,,,,
1870,195064.0,44154.0,45044.0,49114.0,43256.0,195063.0,3.383577823638916,195065.0,45392.7109375,,,,,,,,,195062.0,1580.0,25.0,1037.0,-1069542907.0,71.0,-23.0,44.0,-6.0,-176.0,68.0,,,,
1871,195074.0,44256.0,46056.0,48106.0,41926.0,195073.0,3.383577823638916,195075.0,45086.96875,,,,,,,,,195072.0,1582.0,29.0,1039.0,-1069541884.0,75.0,-19.0,51.0,75.0,-222.0,45.0,,,,
1872,195084.0,46553.0,45191.0,46089.0,42683.0,195083.0,3.383577823638916,195085.0,45129.8671875,,,,,,,,,195082.0,1583.0,28.0,1040.0,-1069540860.0,76.0,-21.0,48.0,-106.0,-20.0,-14.0,,,,
1873,195094.0,46289.0,44667.0,46667.0,43113.0,195093.0,3.383577823638916,195095.0,45184.17578125,,,,,,,,,195092.0,1584.0,28.0,1040.0,-1069540860.0,78.0,-22.0,43.0,-99.0,-79.0,57.0,,,,
1874,195104.0,43650.0,43698.0,49126.0,44610.0,195103.0,3.383577823638916,195105.0,45271.97265625,,,,,,,,,195102.0,1584.0,28.0,1040.0,-1070589436.0,80.0,-23.0,40.0,-82.0,-19.0,30.0,,,,
1875,195114.0,46673.0,45379.0,46401.0,42819.0,195113.0,3.383577823638916,195115.0,45318.33984375,,,,,,,,,195112.0,1584.0,31.0,1033.0,-1070589436.0,80.0,-19.0,-7.0,-92.0,-7.0,15.0,,,,
1876,195124.0,46306.0,47978.0,49306.0,44050.0,195123.0,3.3888564109802246,195125.0,46910.703125,,,,,,,,,195122.0,1585.0,30.0,1033.0,-1070589436.0,81.0,-20.0,-7.0,-40.0,-12.0,-1.0,,,,
1877,195134.0,47436.0,47002.0,48580.0,44706.0,195133.0,3.3782992362976074,195135.0,46931.29296875,,,,,,,,,195132.0,1585.0,29.0,1033.0,-1070589436.0,81.0,-22.0,-10.0,-25.0,16.0,14.0,,,,
1878,195144.0,46936.0,49616.0,48812.0,42732.0,195143.0,3.3782992362976074,195145.0,47024.87109375,,,,,,,,,195142.0,1585.0,30.0,1033.0,-1071638012.0,83.0,-21.0,-13.0,-9.0,31.0,-6.0,,,,
1879,195154.0,47951.0,48563.0,48313.0,43549.0,195153.0,3.373020648956299,195155.0,47094.140625,,,,,,,,,195152.0,1587.0,30.0,1031.0,-1071638012.0,86.0,-22.0,-22.0,99.0,50.0,-13.0,,,,
1880,195164.0,49213.0,51387.0,47919.0,41073.0,195163.0,3.3677420616149902,195165.0,47398.96875,,,,,,,,,195162.0,1589.0,29.0,1031.0,-1070589436.0,88.0,-23.0,-22.0,96.0,-19.0,27.0,,,,
1881,195174.0,51070.0,46876.0,46830.0,44888.0,195173.0,3.3677420616149902,195175.0,47416.98046875,,,,,,,,,195172.0,1590.0,29.0,1031.0,-1070589436.0,90.0,-24.0,-21.0,186.0,-40.0,83.0,,,,
1882,195184.0,50669.0,49537.0,46095.0,43347.0,195183.0,3.3677420616149902,195185.0,47412.35546875,,,,,,,,,195182.0,1590.0,29.0,1031.0,-1069540860.0,92.0,-25.0,-21.0,198.0,0.0,-18.0,,,,
1883,195194.0,47664.0,51940.0,48568.0,41620.0,195193.0,3.3624634742736816,195195.0,47448.359375,,,,,,,,,195192.0,1590.0,23.0,1030.0,-1068492284.0,91.0,-33.0,-23.0,151.0,3.0,-54.0,,,,
1884,195204.0,50601.0,48639.0,48409.0,45087.0,195203.0,3.3624634742736816,195205.0,48184.953125,,,,,,,,,195202.0,1591.0,22.0,1026.0,-1068491260.0,93.0,-35.0,-45.0,145.0,-13.0,42.0,,,,
1885,195214.0,50518.0,49978.0,48198.0,44454.0,195213.0,3.3624634742736816,195216.0,48287.40234375,,,,,,,,,195212.0,1592.0,22.0,1026.0,-1067442684.0,95.0,-37.0,-47.0,99.0,-38.0,-2.0,,,,
1886,195224.0,48969.0,50067.0,49445.0,44979.0,195223.0,3.3624634742736816,195225.0,48365.734375,,,,,,,,,195222.0,1594.0,21.0,1025.0,-1067442684.0,98.0,-40.0,-47.0,-12.0,28.0,-34.0,,,,
1887,195234.0,50227.0,48195.0,48935.0,46283.0,195233.0,3.357184886932373,195235.0,48410.765625,,,,,,,,,195232.0,1595.0,20.0,1025.0,-1067442684.0,100.0,-42.0,-46.0,0.0,-115.0,18.0,,,,
1888,195244.0,46791.0,48957.0,52423.0,45613.0,195243.0,3.357184886932373,195245.0,48446.50390625,,,,,,,,,195242.0,1600.0,21.0,1027.0,-1067442684.0,108.0,-42.0,-29.0,-73.0,-5.0,14.0,,,,
1889,195254.0,48380.0,49264.0,49492.0,44460.0,195253.0,3.357184886932373,195255.0,47899.1953125,,,,,,,,,195252.0,1601.0,20.0,1027.0,-1067442684.0,110.0,-44.0,-27.0,-195.0,52.0,12.0,,,,
1890,195264.0,45981.0,46445.0,51951.0,47131.0,195263.0,3.357184886932373,195265.0,47877.09765625,,,,,,,,,195262.0,1602.0,20.0,1027.0,-1068491261.0,112.0,-46.0,-23.0,-245.0,115.0,10.0,,,,
1891,195274.0,48276.0,48572.0,49866.0,44494.0,195273.0,3.357184886932373,195275.0,47802.75,,,,,,,,,195272.0,1599.0,31.0,1026.0,-1069539836.0,107.0,-30.0,-17.0,-220.0,93.0,16.0,,,,
1892,195284.0,46363.0,47319.0,51423.0,45591.0,195283.0,3.3624634742736816,195285.0,47674.00390625,,,,,,,,,195282.0,1600.0,32.0,1028.0,-1070589437.0,109.0,-30.0,-3.0,-201.0,49.0,25.0,,,,
1893,195294.0,45430.0,47984.0,51194.0,44376.0,195293.0,3.3624634742736816,195295.0,47246.0390625,,,,,,,,,195292.0,1601.0,31.0,1028.0,-1070589437.0,111.0,-31.0,-1.0,-170.0,101.0,8.0,,,,
1894,195304.0,46967.0,49043.0,49371.0,43345.0,195303.0,3.3624634742736816,195305.0,47213.2734375,,,,,,,,,195302.0,1602.0,31.0,1028.0,-1071638013.0,113.0,-31.0,0.0,-97.0,111.0,-14.0,,,,
1895,195314.0,47844.0,47134.0,49160.0,44614.0,195313.0,3.3677420616149902,195315.0,47188.04296875,,,,,,,,,195312.0,1604.0,31.0,1028.0,-1071639037.0,114.0,-31.0,1.0,-12.0,51.0,38.0,,,,
1896,195324.0,48730.0,46002.0,48540.0,45296.0,195323.0,3.3677420616149902,195325.0,47142.61328125,,,,,,,,,195322.0,1605.0,31.0,1028.0,-1072687613.0,116.0,-32.0,5.0,77.0,20.0,58.0,,,,
1897,195334.0,50030.0,50618.0,46864.0,41296.0,195333.0,3.373020648956299,195335.0,47202.609375,,,,,,,,,195332.0,1607.0,30.0,1028.0,-1071639037.0,120.0,-33.0,5.0,145.0,66.0,32.0,,,,
1898,195344.0,48478.0,48068.0,47740.0,44142.0,195343.0,3.373020648956299,195345.0,47107.59765625,,,,,,,,,195342.0,1609.0,30.0,1028.0,-1071639037.0,121.0,-33.0,9.0,249.0,-33.0,-18.0,,,,
1899,195354.0,52212.0,49572.0,44858.0,41346.0,195353.0,3.373020648956299,195355.0,46997.32421875,,,,,,,,,195352.0,1610.0,29.0,1028.0,-1070590461.0,122.0,-34.0,15.0,267.0,-40.0,73.0,,,,
1900,195364.0,48917.0,46471.0,47123.0,44921.0,195363.0,3.373020648956299,195365.0,46858.90234375,,,,,,,,,195362.0,1611.0,29.0,1028.0,-1069541885.0,124.0,-35.0,18.0,232.0,-31.0,-1.0,,,,
1901,195374.0,49469.0,48971.0,45937.0,42667.0,195373.0,3.373020648956299,195375.0,46761.5234375,,,,,,,,,195372.0,1609.0,18.0,1029.0,-1068493309.0,120.0,-52.0,24.0,148.0,14.0,-28.0,,,,
1902,195384.0,49068.0,47930.0,46486.0,42708.0,195383.0,3.373020648956299,195385.0,46548.01953125,,,,,,,,,195382.0,1611.0,18.0,1030.0,-1067444733.0,122.0,-52.0,22.0,79.0,71.0,12.0,,,,
1903,195394.0,48481.0,48003.0,47453.0,42419.0,195393.0,3.373020648956299,195395.0,46589.1328125,,,,,,,,,195392.0,1612.0,18.0,1030.0,-1067444733.0,124.0,-54.0,24.0,27.0,30.0,34.0,,,,
1904,195404.0,47165.0,47309.0,48073.0,43641.0,195403.0,3.3782992362976074,195405.0,46547.07421875,,,,,,,,,195402.0,1614.0,17.0,1030.0,-1067444733.0,125.0,-56.0,25.0,-48.0,-58.0,3.0,,,,
1905,195414.0,47602.0,46348.0,47202.0,44884.0,195413.0,3.3782992362976074,195415.0,46509.82421875,,,,,,,,,195412.0,1614.0,19.0,1031.0,-1067444733.0,125.0,-53.0,32.0,-193.0,98.0,-32.0,,,,
1906,195424.0,43737.0,44949.0,51083.0,45399.0,195423.0,3.3782992362976074,195425.0,46292.80859375,,,,,,,,,195422.0,1615.0,20.0,1031.0,-1068494333.0,126.0,-53.0,33.0,-272.0,60.0,-5.0,,,,
1907,195434.0,45787.0,46219.0,48945.0,44001.0,195433.0,3.3782992362976074,195435.0,46238.14453125,,,,,,,,,195432.0,1618.0,21.0,1032.0,-1069542909.0,129.0,-52.0,34.0,-313.0,30.0,4.0,,,,
1908,195444.0,46320.0,45748.0,48338.0,44394.0,195443.0,3.3782992362976074,195445.0,46200.15625,,,,,,,,,195442.0,1619.0,18.0,1032.0,-1070591485.0,130.0,-57.0,37.0,-231.0,-46.0,9.0,,,,
1909,195454.0,44658.0,46294.0,49400.0,44128.0,195453.0,3.3782992362976074,195455.0,46120.02734375,,,,,,,,,195452.0,1620.0,18.0,1033.0,-1071640061.0,132.0,-57.0,37.0,-287.0,10.0,-29.0,,,,
1910,195464.0,45792.0,45804.0,49358.0,44270.0,195463.0,3.3782992362976074,195465.0,46306.66796875,,,,,,,,,195462.0,1622.0,19.0,1032.0,-1072688637.0,133.0,-56.0,32.0,-235.0,74.0,24.0,,,,
1911,195474.0,45478.0,46248.0,49116.0,44230.0,195473.0,3.3782992362976074,195475.0,46268.96875,,,,,,,,,195472.0,1623.0,19.0,1032.0,-1072688637.0,135.0,-54.0,32.0,-190.0,52.0,-6.0,,,,
1912,195484.0,45385.0,47379.0,49345.0,42815.0,195483.0,3.3782992362976074,195485.0,46231.171875,,,,,,,,,195482.0,1625.0,18.0,1032.0,-536866301.0,136.0,-55.0,33.0,-144.0,99.0,5.0,,,,
1913,195494.0,49452.0,46564.0,45362.0,43390.0,195493.0,3.3782992362976074,195495.0,46192.11328125,,,,,,,,,195492.0,1626.0,18.0,1033.0,-535817725.0,137.0,-55.0,34.0,-20.0,17.0,15.0,,,,
1914,195504.0,51251.0,46591.0,44191.0,42571.0,195503.0,3.3782992362976074,195505.0,46151.375,,,,,,,,,195502.0,1629.0,18.0,1028.0,-535818749.0,140.0,-53.0,9.0,8.0,10.0,61.0,,,,
1915,195514.0,47062.0,48224.0,48624.0,44094.0,195513.0,3.3782992362976074,195515.0,47001.80859375,,,,,,,,,195512.0,1630.0,18.0,1028.0,-535818749.0,141.0,-53.0,11.0,108.0,25.0,-35.0,,,,
1916,195524.0,50035.0,49399.0,46037.0,42377.0,195523.0,3.3782992362976074,195526.0,46962.59765625,,,,,,,,,195522.0,1632.0,17.0,1029.0,-535818749.0,142.0,-53.0,10.0,90.0,-14.0,-5.0,,,,
1917,195534.0,44954.0,49756.0,50698.0,42528.0,195533.0,3.373020648956299,195535.0,46984.1015625,,,,,,,,,195532.0,1631.0,13.0,1029.0,-536867325.0,139.0,-58.0,9.0,56.0,90.0,-42.0,,,,
1918,195544.0,51750.0,47270.0,45082.0,43926.0,195543.0,3.373020648956299,195545.0,47007.9453125,,,,,,,,,195542.0,1632.0,13.0,1028.0,-1073738237.0,140.0,-58.0,7.0,24.0,28.0,43.0,,,,
1919,195554.0,45705.0,49435.0,50305.0,42919.0,195553.0,3.373020648956299,195556.0,47091.02734375,,,,,,,,,195552.0,1634.0,12.0,1028.0,-1073738237.0,141.0,-57.0,8.0,-43.0,93.0,-35.0,,,,
1920,195564.0,49718.0,47860.0,46412.0,44302.0,195563.0,3.373020648956299,195565.0,47073.37109375,,,,,,,,,195562.0,1637.0,12.0,1028.0,-1073738237.0,145.0,-57.0,10.0,-33.0,53.0,-11.0,,,,
1921,195574.0,46309.0,47617.0,49537.0,44585.0,195573.0,3.3677420616149902,195575.0,47012.09375,,,,,,,,,195572.0,1638.0,12.0,1029.0,-536868349.0,145.0,-57.0,11.0,-41.0,75.0,-28.0,,,,
1922,195584.0,47295.0,50575.0,48445.0,41581.0,195583.0,3.3677420616149902,195585.0,46974.30078125,,,,,,,,,195582.0,1642.0,8.0,1029.0,-536868349.0,149.0,-62.0,14.0,-101.0,62.0,-24.0,,,,
1923,195594.0,44774.0,47028.0,49446.0,43364.0,195593.0,3.3677420616149902,195595.0,46153.67578125,,,,,,,,,195592.0,1643.0,8.0,1033.0,-536868349.0,149.0,-61.0,36.0,-132.0,162.0,-19.0,,,,
1924,195604.0,46643.0,48109.0,47795.0,41933.0,195603.0,3.3677420616149902,195605.0,46120.52734375,,,,,,,,,195602.0,1643.0,6.0,1033.0,-535820797.0,148.0,-63.0,37.0,-163.0,87.0,12.0,,,,
1925,195614.0,47548.0,44754.0,47444.0,44630.0,195613.0,3.373020648956299,195615.0,46094.63671875,,,,,,,,,195612.0,1646.0,7.0,1034.0,-535820797.0,149.0,-60.0,38.0,-136.0,65.0,52.0,,,,
1926,195624.0,46151.0,47603.0,47485.0,42909.0,195623.0,3.373020648956299,195625.0,46037.41015625,,,,,,,,,195622.0,1647.0,6.0,1034.0,-534772221.0,150.0,-60.0,40.0,-94.0,127.0,-28.0,,,,
1927,195634.0,45684.0,47094.0,47864.0,42610.0,195633.0,3.3782992362976074,195635.0,45813.09765625,,,,,,,,,195632.0,1649.0,5.0,1036.0,-534773245.0,150.0,-60.0,48.0,-124.0,109.0,-19.0,,,,
1928,195644.0,44954.0,45450.0,48648.0,43768.0,195643.0,3.3782992362976074,195645.0,45705.5625,,,,,,,,,195642.0,1651.0,6.0,1036.0,-533724669.0,151.0,-58.0,49.0,-144.0,119.0,4.0,,,,
1929,195654.0,46702.0,45280.0,46920.0,43658.0,195653.0,3.383577823638916,195655.0,45640.47265625,,,,,,,,,195652.0,1652.0,5.0,1037.0,-533200381.0,151.0,-57.0,51.0,-138.0,59.0,14.0,,,,
1930,195664.0,42998.0,46186.0,50254.0,42834.0,195663.0,3.383577823638916,195665.0,45568.6328125,,,,,,,,,195662.0,1657.0,5.0,1037.0,-532151805.0,156.0,-55.0,53.0,-78.0,77.0,22.0,,,,
1931,195674.0,45932.0,47348.0,47202.0,41466.0,195673.0,3.383577823638916,195675.0,45487.1484375,,,,,,,,,195672.0,1659.0,5.0,1037.0,-532150781.0,156.0,-53.0,48.0,-32.0,11.0,4.0,,,,
1932,195684.0,48688.0,44458.0,45046.0,44240.0,195683.0,3.383577823638916,195685.0,45608.48828125,,,,,,,,,195682.0,1660.0,5.0,1037.0,-532150781.0,156.0,-52.0,47.0,-21.0,30.0,23.0,,,,
1933,195694.0,46615.0,46217.0,46533.0,43071.0,195693.0,3.383577823638916,195695.0,45609.35546875,,,,,,,,,195692.0,1662.0,4.0,1038.0,-532150781.0,156.0,-51.0,46.0,-47.0,4.0,-9.0,,,,
1934,195704.0,45609.0,45379.0,47737.0,43735.0,195703.0,3.383577823638916,195705.0,45615.91796875,,,,,,,,,195702.0,1659.0,6.0,1038.0,-531102205.0,148.0,-46.0,46.0,-20.0,74.0,-9.0,,,,
1935,195714.0,46951.0,46977.0,46447.0,41921.0,195713.0,3.383577823638916,195715.0,45574.5390625,,,,,,,,,195712.0,1660.0,6.0,1039.0,-531102205.0,148.0,-44.0,46.0,-45.0,102.0,16.0,,,,
1936,195724.0,46315.0,45963.0,46987.0,41595.0,195723.0,3.383577823638916,195725.0,45215.93359375,,,,,,,,,195722.0,1662.0,4.0,1041.0,-531101181.0,148.0,-46.0,53.0,8.0,17.0,56.0,,,,
1937,195734.0,43813.0,48763.0,48229.0,40191.0,195733.0,3.383577823638916,195735.0,45249.1171875,,,,,,,,,195732.0,1665.0,4.0,1041.0,-531101181.0,150.0,-44.0,50.0,0.0,55.0,-45.0,,,,
1938,195744.0,47684.0,47250.0,44806.0,41428.0,195743.0,3.383577823638916,195745.0,45292.98828125,,,,,,,,,195742.0,1666.0,3.0,1042.0,-531101181.0,149.0,-42.0,47.0,21.0,76.0,-18.0,,,,
1939,195754.0,45741.0,45707.0,47427.0,42449.0,195753.0,3.383577823638916,195755.0,45331.2734375,,,,,,,,,195752.0,1670.0,3.0,1042.0,-531101181.0,152.0,-42.0,46.0,18.0,77.0,33.0,,,,
1940,195764.0,49349.0,46453.0,44255.0,41807.0,195763.0,3.3888564109802246,195765.0,45466.44140625,,,,,,,,,195762.0,1671.0,2.0,1042.0,-531101181.0,151.0,-40.0,42.0,22.0,34.0,33.0,,,,
1941,195774.0,41875.0,46219.0,50779.0,42883.0,195773.0,3.3888564109802246,195775.0,45439.88671875,,,,,,,,,195772.0,1673.0,2.0,1043.0,-532149757.0,151.0,-39.0,42.0,-3.0,139.0,-3.0,,,,
1942,195784.0,48669.0,46375.0,44837.0,41695.0,195783.0,3.383577823638916,195785.0,45394.9765625,,,,,,,,,195782.0,1665.0,6.0,1043.0,-531100157.0,135.0,-31.0,41.0,-17.0,45.0,48.0,,,,
1943,195794.0,43222.0,46784.0,49570.0,42004.0,195793.0,3.383577823638916,195795.0,45395.26953125,,,,,,,,,195792.0,1666.0,5.0,1043.0,-531100157.0,135.0,-30.0,40.0,30.0,85.0,-8.0,,,,
1944,195804.0,45167.0,47371.0,47159.0,41871.0,195803.0,3.383577823638916,195805.0,45392.8984375,,,,,,,,,195802.0,1668.0,5.0,1045.0,-531099133.0,134.0,-28.0,43.0,-20.0,15.0,-35.0,,,,
1945,195814.0,46571.0,44961.0,46365.0,43079.0,195813.0,3.383577823638916,195815.0,45244.09765625,,,,,,,,,195812.0,1670.0,2.0,1045.0,-531099133.0,134.0,-32.0,40.0,-25.0,17.0,34.0,,,,
1946,195824.0,46877.0,44829.0,46399.0,43039.0,195823.0,3.383577823638916,195825.0,45286.5703125,,,,,,,,,195822.0,1672.0,5.0,1046.0,-531099133.0,134.0,-25.0,38.0,33.0,-103.0,36.0,,,,
1947,195834.0,48674.0,46322.0,44122.0,42082.0,195833.0,3.383577823638916,195835.0,45300.76171875,,,,,,,,,195832.0,1674.0,5.0,1046.0,-531100157.0,135.0,-24.0,38.0,57.0,-175.0,5.0,,,,
1948,195844.0,44703.0,46337.0,47533.0,42539.0,195843.0,3.383577823638916,195845.0,45278.91796875,,,,,,,,,195842.0,1676.0,5.0,1046.0,-531100157.0,134.0,-23.0,39.0,37.0,-85.0,-36.0,,,,
1949,195854.0,46686.0,45738.0,46130.0,42642.0,195853.0,3.383577823638916,195855.0,45299.3515625,,,,,,,,,195852.0,1679.0,4.0,1046.0,-532149757.0,136.0,-23.0,36.0,77.0,-95.0,0.0,,,,
1950,195864.0,47227.0,44459.0,45869.0,43633.0,195863.0,3.383577823638916,195865.0,45297.93359375,,,,,,,,,195862.0,1680.0,3.0,1047.0,-532149757.0,136.0,-22.0,34.0,70.0,-124.0,21.0,,,,
1951,195874.0,45497.0,47639.0,47439.0,40725.0,195873.0,3.383577823638916,195875.0,45325.31640625,,,,,,,,,195872.0,1682.0,3.0,1047.0,-532149757.0,135.0,-21.0,30.0,7.0,-17.0,4.0,,,,
1952,195884.0,47945.0,46509.0,45389.0,41717.0,195883.0,3.383577823638916,195885.0,45390.5703125,,,,,,,,,195882.0,1683.0,3.0,1047.0,-532150781.0,135.0,-20.0,29.0,53.0,-37.0,18.0,,,,
1953,195894.0,46471.0,44723.0,47219.0,44291.0,195893.0,3.383577823638916,195895.0,45676.828125,,,,,,,,,195892.0,1692.0,-3.0,1046.0,-533199358.0,146.0,-29.0,19.0,106.0,-57.0,7.0,,,,
1954,195904.0,47655.0,46211.0,46035.0,42879.0,195903.0,3.383577823638916,195905.0,45695.55078125,,,,,,,,,195902.0,1694.0,-3.0,1046.0,-533199358.0,146.0,-28.0,18.0,32.0,27.0,5.0,,,,
1955,195914.0,46245.0,47045.0,47287.0,42323.0,195913.0,3.3782992362976074,195915.0,45725.83984375,,,,,,,,,195912.0,1694.0,-1.0,1046.0,-533199358.0,145.0,-24.0,16.0,-13.0,114.0,-10.0,,,,
1956,195924.0,45845.0,47099.0,47923.0,42141.0,195923.0,3.3782992362976074,195925.0,45752.19921875,,,,,,,,,195922.0,1696.0,-1.0,1047.0,-533199358.0,144.0,-23.0,15.0,-48.0,154.0,2.0,,,,
1957,195934.0,46630.0,46160.0,47456.0,42802.0,195933.0,3.3782992362976074,195935.0,45762.5390625,,,,,,,,,195932.0,1696.0,0.0,1045.0,-533198334.0,141.0,-20.0,2.0,-37.0,142.0,37.0,,,,
1958,195944.0,45937.0,47629.0,48839.0,42283.0,195943.0,3.3782992362976074,195945.0,46172.66796875,,,,,,,,,195942.0,1698.0,0.0,1045.0,-533198334.0,142.0,-19.0,2.0,16.0,121.0,13.0,,,,
1959,195954.0,44944.0,47808.0,48812.0,43152.0,195953.0,3.3782992362976074,195955.0,46179.41796875,,,,,,,,,195952.0,1699.0,0.0,1045.0,-533197310.0,141.0,-18.0,0.0,-29.0,189.0,-63.0,,,,
1960,195964.0,46319.0,46469.0,48715.0,43413.0,195963.0,3.373020648956299,195965.0,46229.62109375,,,,,,,,,195962.0,1700.0,0.0,1045.0,-533197310.0,141.0,-17.0,-2.0,-51.0,152.0,20.0,,,,
1961,195974.0,46673.0,47791.0,48245.0,42455.0,195973.0,3.3782992362976074,195975.0,46291.91015625,,,,,,,,,195972.0,1704.0,0.0,1045.0,-532147710.0,142.0,-14.0,-5.0,23.0,91.0,23.0,,,,
1962,195984.0,45621.0,46933.0,47849.0,43181.0,195983.0,3.3782992362976074,195985.0,45896.015625,,,,,,,,,195982.0,1705.0,0.0,1047.0,-532147710.0,142.0,-13.0,6.0,53.0,40.0,-40.0,,,,
1963,195994.0,47371.0,47609.0,46597.0,42171.0,195993.0,3.373020648956299,195995.0,45937.43359375,,,,,,,,,195992.0,1708.0,0.0,1047.0,-533196286.0,143.0,-13.0,2.0,103.0,48.0,-7.0,,,,
1964,196004.0,47843.0,45887.0,46529.0,43773.0,196003.0,3.3782992362976074,196005.0,46008.2578125,,,,,,,,,196002.0,1710.0,-1.0,1047.0,-533196286.0,142.0,-13.0,0.0,66.0,37.0,14.0,,,,
1965,196014.0,46529.0,47631.0,47307.0,42753.0,196013.0,3.3782992362976074,196015.0,46055.0546875,,,,,,,,,196012.0,1712.0,-1.0,1047.0,-533195262.0,142.0,-12.0,0.0,74.0,9.0,-35.0,,,,
1966,196024.0,46302.0,45750.0,47394.0,42970.0,196023.0,3.3782992362976074,196025.0,45604.4453125,,,,,,,,,196022.0,1712.0,0.0,1050.0,-533195262.0,139.0,-9.0,12.0,44.0,45.0,23.0,,,,
1967,196034.0,47566.0,45356.0,46384.0,43134.0,196033.0,3.3782992362976074,196035.0,45610.52734375,,,,,,,,,196032.0,1713.0,1.0,1050.0,-534243838.0,136.0,-6.0,11.0,64.0,3.0,37.0,,,,
1968,196044.0,45857.0,45939.0,47277.0,43399.0,196043.0,3.3782992362976074,196045.0,45618.7578125,,,,,,,,,196042.0,1715.0,0.0,1050.0,-534243838.0,136.0,-6.0,9.0,65.0,-24.0,-10.0,,,,
1969,196054.0,49002.0,47026.0,44602.0,41974.0,196053.0,3.3782992362976074,196055.0,45651.87109375,,,,,,,,,196052.0,1716.0,1.0,1050.0,-534243838.0,134.0,-4.0,6.0,116.0,-40.0,12.0,,,,
1970,196064.0,46484.0,46784.0,47312.0,42292.0,196063.0,3.3782992362976074,196065.0,45718.921875,,,,,,,,,196062.0,1719.0,0.0,1045.0,-535292414.0,136.0,-7.0,-24.0,67.0,71.0,-1.0,,,,
1971,196074.0,46951.0,47421.0,48923.0,43765.0,196073.0,3.3782992362976074,196075.0,46765.68359375,,,,,,,,,196072.0,1719.0,0.0,1045.0,-535292414.0,133.0,-5.0,-25.0,7.0,8.0,25.0,,,,
1972,196084.0,49404.0,46138.0,47092.0,44594.0,196083.0,3.3782992362976074,196085.0,46807.0,,,,,,,,,196082.0,1721.0,0.0,1044.0,-535292414.0,133.0,-4.0,-26.0,19.0,0.0,49.0,,,,
1973,196094.0,45660.0,47962.0,49948.0,43758.0,196093.0,3.3677420616149902,196095.0,46832.69921875,,,,,,,,,196092.0,1723.0,0.0,1044.0,-535292414.0,131.0,-4.0,-27.0,45.0,39.0,-27.0,,,,
1974,196104.0,47148.0,47884.0,48604.0,43844.0,196103.0,3.3677420616149902,196105.0,46870.59375,,,,,,,,,196102.0,1725.0,2.0,1043.0,-535292414.0,131.0,-1.0,-34.0,3.0,74.0,-20.0,,,,
1975,196114.0,48958.0,46102.0,47964.0,45512.0,196113.0,3.3677420616149902,196115.0,47134.04296875,,,,,,,,,196112.0,1726.0,2.0,1042.0,-535292414.0,130.0,0.0,-34.0,16.0,31.0,35.0,,,,
1976,196124.0,44914.0,49400.0,51858.0,42468.0,196123.0,3.3677420616149902,196125.0,47160.7109375,,,,,,,,,196122.0,1727.0,2.0,1042.0,-535292414.0,129.0,0.0,-34.0,24.0,95.0,25.0,,,,
1977,196134.0,48613.0,48659.0,47769.0,43699.0,196133.0,3.3624634742736816,196135.0,47185.80078125,,,,,,,,,196132.0,1728.0,2.0,1042.0,-535291390.0,127.0,0.0,-35.0,-13.0,115.0,-23.0,,,,
1978,196144.0,47486.0,47812.0,49008.0,44586.0,196143.0,3.3677420616149902,196145.0,47223.28515625,,,,,,,,,196142.0,1731.0,2.0,1041.0,-535291390.0,127.0,0.0,-38.0,86.0,-11.0,-5.0,,,,
1979,196154.0,47206.0,47868.0,47932.0,42870.0,196153.0,3.3624634742736816,196155.0,46469.84375,,,,,,,,,196152.0,1732.0,3.0,1046.0,-535291390.0,125.0,0.0,-14.0,74.0,44.0,8.0,,,,
1980,196164.0,45098.0,47962.0,50144.0,42796.0,196163.0,3.3624634742736816,196165.0,46500.609375,,,,,,,,,196162.0,1732.0,3.0,1045.0,-536339966.0,122.0,2.0,-15.0,57.0,62.0,-3.0,,,,
1981,196174.0,48599.0,47327.0,46957.0,43157.0,196173.0,3.3677420616149902,196175.0,46510.734375,,,,,,,,,196172.0,1733.0,3.0,1045.0,-536339966.0,120.0,1.0,-14.0,64.0,27.0,7.0,,,,
1982,196184.0,50142.0,45926.0,45438.0,44450.0,196183.0,3.373020648956299,196185.0,46489.85546875,,,,,,,,,196182.0,1735.0,3.0,1045.0,-536338942.0,118.0,1.0,-13.0,117.0,-142.0,34.0,,,,
1983,196194.0,46897.0,47889.0,47865.0,43213.0,196193.0,3.373020648956299,196195.0,46466.8125,,,,,,,,,196192.0,1743.0,0.0,1043.0,-1072162302.0,127.0,-2.0,-24.0,79.0,28.0,-20.0,,,,
1984,196204.0,47855.0,48203.0,47719.0,43727.0,196203.0,3.373020648956299,196205.0,46876.12890625,,,,,,,,,196202.0,1743.0,1.0,1043.0,-1072162302.0,124.0,-1.0,-24.0,98.0,-7.0,-33.0,,,,
1985,196214.0,49739.0,46425.0,46335.0,45025.0,196213.0,3.373020648956299,196215.0,46881.71484375,,,,,,,,,196212.0,1745.0,0.0,1042.0,-1072162302.0,123.0,-2.0,-26.0,52.0,-54.0,9.0,,,,
1986,196224.0,47811.0,47739.0,48459.0,43723.0,196223.0,3.373020648956299,196225.0,46933.6875,,,,,,,,,196222.0,1746.0,0.0,1042.0,-1072162302.0,122.0,-2.0,-26.0,26.0,-16.0,18.0,,,,
1987,196234.0,49913.0,48421.0,45983.0,43499.0,196233.0,3.3677420616149902,196235.0,46954.82421875,,,,,,,,,196232.0,1748.0,0.0,1040.0,-1071113726.0,120.0,-3.0,-37.0,12.0,27.0,-19.0,,,,
1988,196244.0,46752.0,48108.0,49992.0,44564.0,196243.0,3.3677420616149902,196245.0,47354.29296875,,,,,,,,,196242.0,1751.0,2.0,1039.0,-1072162302.0,121.0,-1.0,-35.0,-21.0,84.0,-11.0,,,,
1989,196254.0,48698.0,48068.0,48302.0,44192.0,196253.0,3.3677420616149902,196255.0,47315.9453125,,,,,,,,,196252.0,1752.0,2.0,1039.0,-1072162302.0,120.0,-1.0,-33.0,-71.0,34.0,13.0,,,,
1990,196264.0,45832.0,47870.0,50822.0,44576.0,196263.0,3.3624634742736816,196265.0,47275.8828125,,,,,,,,,196262.0,1757.0,3.0,1039.0,-1072162302.0,124.0,0.0,-30.0,-59.0,90.0,-6.0,,,,
1991,196274.0,46501.0,47055.0,50557.0,44775.0,196273.0,3.3624634742736816,196275.0,47222.625,,,,,,,,,196272.0,1758.0,3.0,1038.0,-1072162302.0,122.0,0.0,-28.0,-71.0,99.0,24.0,,,,
1992,196284.0,48505.0,47843.0,47611.0,43717.0,196283.0,3.3624634742736816,196285.0,46919.30078125,,,,,,,,,196282.0,1758.0,3.0,1040.0,-1072161278.0,119.0,-1.0,-19.0,25.0,16.0,12.0,,,,
1993,196294.0,49817.0,46667.0,46465.0,44707.0,196293.0,3.3624634742736816,196295.0,46914.09765625,,,,,,,,,196292.0,1760.0,2.0,1039.0,-1072161278.0,118.0,-2.0,-17.0,18.0,-7.0,25.0,,,,
1994,196304.0,49082.0,46972.0,46668.0,44746.0,196303.0,3.3677420616149902,196305.0,46867.06640625,,,,,,,,,196302.0,1762.0,2.0,1039.0,-1072161278.0,117.0,-2.0,-15.0,22.0,67.0,-27.0,,,,
1995,196314.0,46982.0,48402.0,49212.0,42728.0,196313.0,3.3677420616149902,196315.0,46831.56640625,,,,,,,,,196312.0,1763.0,2.0,1039.0,-1072161278.0,115.0,-2.0,-12.0,12.0,75.0,25.0,,,,
1996,196324.0,48689.0,47773.0,48423.0,44007.0,196323.0,3.3677420616149902,196325.0,47223.734375,,,,,,,,,196322.0,1764.0,2.0,1036.0,-1072161278.0,113.0,-3.0,-25.0,11.0,27.0,32.0,,,,
1997,196334.0,46719.0,49867.0,49177.0,43089.0,196333.0,3.373020648956299,196335.0,47213.23828125,,,,,,,,,196332.0,1766.0,2.0,1036.0,-1072161278.0,111.0,-3.0,-24.0,64.0,22.0,-50.0,,,,
1998,196344.0,46039.0,49001.0,50197.0,43571.0,196343.0,3.373020648956299,196345.0,47202.3203125,,,,,,,,,196342.0,1757.0,7.0,1036.0,-1072160254.0,96.0,3.0,-21.0,76.0,12.0,-22.0,,,,
1999,196354.0,47134.0,47732.0,49554.0,44132.0,196353.0,3.3677420616149902,196355.0,47138.26171875,,,,,,,,,196352.0,1759.0,7.0,1036.0,-1072160254.0,95.0,2.0,-20.0,45.0,7.0,9.0,,,,
2000,196364.0,47596.0,48156.0,48462.0,44290.0,196363.0,3.3677420616149902,196365.0,47126.46875,,,,,,,,,196362.0,1761.0,7.0,1036.0,-1071111678.0,94.0,2.0,-17.0,64.0,-78.0,-22.0,,,,
2001,196374.0,46196.0,48474.0,49628.0,43902.0,196373.0,3.3677420616149902,196375.0,47050.58203125,,,,,,,,,196372.0,1762.0,7.0,1036.0,-1071111678.0,92.0,1.0,-15.0,33.0,-35.0,-30.0,,,,
2002,196384.0,49400.0,48040.0,46874.0,43750.0,196383.0,3.3677420616149902,196385.0,47016.546875,,,,,,,,,196382.0,1765.0,6.0,1035.0,-1071112702.0,93.0,0.0,-14.0,97.0,-154.0,10.0,,,,
2003,196394.0,48231.0,46659.0,47881.0,45189.0,196393.0,3.3677420616149902,196395.0,46990.96875,,,,,,,,,196392.0,1766.0,6.0,1035.0,-1071112702.0,91.0,0.0,-12.0,39.0,-155.0,0.0,,,,
2004,196404.0,49797.0,46691.0,45779.0,45549.0,196403.0,3.3677420616149902,196405.0,46954.3203125,,,,,,,,,196402.0,1767.0,6.0,1035.0,-1071113726.0,89.0,0.0,-11.0,61.0,-135.0,-36.0,,,,
2005,196414.0,47833.0,47885.0,49451.0,44475.0,196413.0,3.3677420616149902,196415.0,47411.22265625,,,,,,,,,196412.0,1769.0,11.0,1032.0,-1071113726.0,89.0,6.0,-24.0,-18.0,-118.0,30.0,,,,
2006,196424.0,49227.0,46217.0,47959.0,46149.0,196423.0,3.3677420616149902,196425.0,47388.56640625,,,,,,,,,196422.0,1770.0,10.0,1032.0,-1071114750.0,88.0,3.0,-21.0,-1.0,-160.0,19.0,,,,
2007,196434.0,47101.0,48215.0,49657.0,44415.0,196433.0,3.3677420616149902,196435.0,47347.64453125,,,,,,,,,196432.0,1772.0,13.0,1032.0,-1071114750.0,88.0,6.0,-18.0,75.0,-195.0,3.0,,,,
2008,196444.0,48253.0,47267.0,48161.0,45423.0,196443.0,3.3624634742736816,196445.0,47276.1171875,,,,,,,,,196442.0,1773.0,13.0,1032.0,-1071115774.0,86.0,5.0,-15.0,63.0,-84.0,-20.0,,,,
2009,196454.0,46624.0,48922.0,50062.0,44424.0,196453.0,3.3677420616149902,196455.0,47508.828125,,,,,,,,,196452.0,1774.0,13.0,1030.0,-1070067198.0,85.0,5.0,-20.0,59.0,-50.0,-35.0,,,,
2010,196464.0,48800.0,49478.0,48230.0,43248.0,196463.0,3.3677420616149902,196465.0,47439.06640625,,,,,,,,,196462.0,1775.0,13.0,1030.0,-1070067198.0,84.0,4.0,-19.0,28.0,-23.0,12.0,,,,
2011,196474.0,48174.0,48140.0,48796.0,44502.0,196473.0,3.3677420616149902,196475.0,47403.25,,,,,,,,,196472.0,1776.0,13.0,1030.0,-1070068222.0,83.0,3.0,-16.0,52.0,-87.0,11.0,,,,
2012,196484.0,50613.0,49667.0,45907.0,43225.0,196483.0,3.3677420616149902,196485.0,47353.79296875,,,,,,,,,196482.0,1780.0,2.0,1029.0,-1069019646.0,87.0,-11.0,-14.0,85.0,23.0,-19.0,,,,
2013,196494.0,47442.0,49640.0,48938.0,43184.0,196493.0,3.3677420616149902,196495.0,47301.0546875,,,,,,,,,196492.0,1781.0,2.0,1032.0,-1069019645.0,86.0,-12.0,6.0,111.0,14.0,-24.0,,,,
2014,196504.0,48021.0,49509.0,47643.0,41391.0,196503.0,3.3677420616149902,196505.0,46641.66015625,,,,,,,,,196502.0,1782.0,2.0,1033.0,-1069019645.0,85.0,-13.0,9.0,47.0,65.0,17.0,,,,
2015,196514.0,45500.0,49368.0,49338.0,41978.0,196513.0,3.3677420616149902,196515.0,46546.6015625,,,,,,,,,196512.0,1782.0,2.0,1033.0,-1069019645.0,84.0,-15.0,11.0,35.0,29.0,-27.0,,,,
2016,196524.0,46531.0,48359.0,48245.0,42837.0,196523.0,3.3677420616149902,196525.0,46493.765625,,,,,,,,,196522.0,1778.0,1.0,1033.0,-1067970045.0,76.0,-16.0,13.0,-38.0,83.0,-26.0,,,,
2017,196534.0,48612.0,48042.0,46076.0,42938.0,196533.0,3.373020648956299,196535.0,46417.78515625,,,,,,,,,196532.0,1779.0,2.0,1033.0,-1069018621.0,75.0,-17.0,15.0,-76.0,8.0,-3.0,,,,
2018,196544.0,48117.0,45881.0,46961.0,44397.0,196543.0,3.373020648956299,196545.0,46339.10546875,,,,,,,,,196542.0,1780.0,2.0,1033.0,-1069018621.0,75.0,-17.0,16.0,-111.0,11.0,13.0,,,,
2019,196554.0,44198.0,49722.0,49634.0,41770.0,196553.0,3.373020648956299,196555.0,46331.79296875,,,,,,,,,196552.0,1781.0,2.0,1033.0,-1069018621.0,74.0,-18.0,19.0,-172.0,-55.0,-62.0,,,,
2020,196564.0,45785.0,45507.0,48897.0,44763.0,196563.0,3.373020648956299,196565.0,46238.37890625,,,,,,,,,196562.0,1784.0,6.0,1033.0,-1070067197.0,75.0,-14.0,21.0,-224.0,-78.0,17.0,,,,
2021,196574.0,49495.0,44673.0,45341.0,45151.0,196573.0,3.373020648956299,196575.0,46165.72265625,,,,,,,,,196572.0,1785.0,4.0,1033.0,-1071115773.0,74.0,-16.0,23.0,-139.0,-222.0,36.0,,,,
2022,196584.0,45037.0,45145.0,49141.0,44553.0,196583.0,3.373020648956299,196585.0,45969.75,,,,,,,,,196582.0,1787.0,4.0,1034.0,-1071116797.0,75.0,-17.0,30.0,-128.0,-238.0,17.0,,,,
2023,196594.0,47579.0,46315.0,46117.0,43473.0,196593.0,3.373020648956299,196595.0,45871.82421875,,,,,,,,,196592.0,1787.0,4.0,1035.0,-1072166397.0,74.0,-18.0,31.0,-120.0,-195.0,-8.0,,,,
2024,196604.0,46283.0,45937.0,47631.0,43469.0,196603.0,3.3782992362976074,196605.0,45830.5078125,,,,,,,,,196602.0,1787.0,4.0,1035.0,-1072167421.0,72.0,-18.0,34.0,-80.0,-170.0,14.0,,,,
2025,196614.0,47446.0,46088.0,46670.0,42736.0,196613.0,3.3782992362976074,196615.0,45735.42578125,,,,,,,,,196612.0,1787.0,4.0,1035.0,-1072167421.0,72.0,-18.0,35.0,-71.0,-177.0,50.0,,,,
2026,196624.0,45443.0,46819.0,47571.0,42571.0,196623.0,3.3782992362976074,196625.0,45601.07421875,,,,,,,,,196622.0,1788.0,4.0,1031.0,-1073217022.0,71.0,-18.0,9.0,-73.0,-87.0,-14.0,,,,
2027,196634.0,48143.0,47537.0,47267.0,43341.0,196633.0,3.3782992362976074,196635.0,46572.875,,,,,,,,,196632.0,1791.0,3.0,1031.0,-1073741310.0,74.0,-19.0,9.0,24.0,-59.0,29.0,,,,
2028,196644.0,47149.0,50485.0,48065.0,40549.0,196643.0,3.3782992362976074,196645.0,46562.3046875,,,,,,,,,196642.0,1791.0,3.0,1031.0,-1073740286.0,73.0,-19.0,8.0,83.0,-51.0,0.0,,,,
2029,196654.0,47309.0,48635.0,47951.0,42349.0,196653.0,3.3782992362976074,196655.0,46561.8515625,,,,,,,,,196652.0,1791.0,2.0,1031.0,-1072691710.0,73.0,-19.0,10.0,71.0,-25.0,3.0,,,,
2030,196664.0,47094.0,49096.0,47980.0,41902.0,196663.0,3.373020648956299,196665.0,46518.61328125,,,,,,,,,196662.0,1793.0,1.0,1030.0,-1072691710.0,75.0,-20.0,4.0,36.0,12.0,0.0,,,,
2031,196674.0,47218.0,47900.0,48414.0,43232.0,196673.0,3.373020648956299,196675.0,46691.51171875,,,,,,,,,196672.0,1793.0,2.0,1030.0,-1072691710.0,74.0,-19.0,4.0,25.0,32.0,10.0,,,,
2032,196684.0,49712.0,48236.0,46296.0,42636.0,196683.0,3.373020648956299,196685.0,46720.78125,,,,,,,,,196682.0,1794.0,2.0,1030.0,-1072691710.0,74.0,-20.0,3.0,-19.0,49.0,26.0,,,,
2033,196694.0,44735.0,46755.0,50669.0,44701.0,196693.0,3.373020648956299,196695.0,46715.421875,,,,,,,,,196692.0,1796.0,1.0,1030.0,-1072691710.0,76.0,-20.0,2.0,-1.0,-70.0,4.0,,,,
2034,196704.0,49107.0,49175.0,46405.0,42301.0,196703.0,3.373020648956299,196705.0,46747.17578125,,,,,,,,,196702.0,1799.0,2.0,1030.0,-1072691710.0,80.0,-20.0,0.0,-23.0,-47.0,-9.0,,,,
2035,196714.0,44336.0,46750.0,50068.0,43922.0,196713.0,3.3677420616149902,196715.0,46269.1328125,,,,,,,,,196712.0,1800.0,1.0,1033.0,-1072691710.0,80.0,-20.0,16.0,-108.0,55.0,-28.0,,,,
2036,196724.0,46572.0,46072.0,48180.0,44128.0,196723.0,3.373020648956299,196725.0,46238.375,,,,,,,,,196722.0,1798.0,2.0,1033.0,-1072691710.0,76.0,-19.0,15.0,-131.0,-9.0,13.0,,,,
2037,196734.0,46202.0,45698.0,48178.0,44846.0,196733.0,3.373020648956299,196735.0,46231.5390625,,,,,,,,,196732.0,1800.0,2.0,1033.0,-1073740286.0,78.0,-20.0,19.0,-120.0,-75.0,-2.0,,,,
2038,196744.0,45733.0,47063.0,48337.0,43095.0,196743.0,3.373020648956299,196745.0,46057.1953125,,,,,,,,,196742.0,1801.0,2.0,1034.0,-536869374.0,78.0,-20.0,21.0,-139.0,6.0,-20.0,,,,
2039,196754.0,46392.0,47628.0,48404.0,43508.0,196753.0,3.373020648956299,196755.0,46483.5546875,,,,,,,,,196752.0,1801.0,1.0,1031.0,-535820798.0,79.0,-20.0,11.0,-52.0,-34.0,-14.0,,,,
2040,196764.0,48044.0,45498.0,47336.0,44758.0,196763.0,3.373020648956299,196765.0,46409.31640625,,,,,,,,,196762.0,1803.0,6.0,1032.0,-535820798.0,80.0,-13.0,13.0,-88.0,-21.0,38.0,,,,
2041,196774.0,46178.0,48026.0,48722.0,42470.0,196773.0,3.373020648956299,196775.0,46349.55078125,,,,,,,,,196772.0,1804.0,6.0,1032.0,-534772222.0,81.0,-13.0,13.0,-31.0,-42.0,21.0,,,,
2042,196784.0,47533.0,48247.0,47273.0,42303.0,196783.0,3.373020648956299,196785.0,46339.87109375,,,,,,,,,196782.0,1804.0,0.0,1032.0,-535819774.0,80.0,-21.0,12.0,42.0,-27.0,2.0,,,,
2043,196794.0,49660.0,48282.0,45260.0,42146.0,196793.0,3.373020648956299,196795.0,46337.54296875,,,,,,,,,196792.0,1805.0,1.0,1031.0,-535819774.0,82.0,-17.0,4.0,96.0,-79.0,12.0,,,,
2044,196804.0,47883.0,48769.0,47573.0,42255.0,196803.0,3.373020648956299,196805.0,46620.76953125,,,,,,,,,196802.0,1806.0,0.0,1031.0,-535819774.0,82.0,-20.0,2.0,75.0,-54.0,10.0,,,,
2045,196814.0,48257.0,48159.0,46873.0,43327.0,196813.0,3.373020648956299,196815.0,46654.03515625,,,,,,,,,196812.0,1808.0,0.0,1031.0,-535819774.0,84.0,-18.0,2.0,56.0,-46.0,-15.0,,,,
2046,196824.0,45840.0,46970.0,49368.0,44414.0,196823.0,3.373020648956299,196825.0,46648.44140625,,,,,,,,,196822.0,1809.0,1.0,1031.0,-535819774.0,84.0,-17.0,1.0,-30.0,32.0,-9.0,,,,
2047,196834.0,47458.0,47596.0,48198.0,43400.0,196833.0,3.373020648956299,196835.0,46663.4140625,,,,,,,,,196832.0,1810.0,1.0,1031.0,-535819774.0,85.0,-16.0,2.0,38.0,0.0,13.0,,,,
2048,196844.0,50709.0,47553.0,44069.0,43421.0,196843.0,3.373020648956299,196845.0,46438.953125,,,,,,,,,196842.0,1812.0,0.0,1032.0,-536868350.0,87.0,-17.0,8.0,14.0,-83.0,-4.0,,,,
2049,196854.0,47618.0,46652.0,47142.0,44260.0,196853.0,3.373020648956299,196855.0,46418.79296875,,,,,,,,,196852.0,1813.0,0.0,1032.0,-536868350.0,88.0,-17.0,9.0,-34.0,-2.0,-3.0,,,,
2050,196864.0,47079.0,47903.0,47469.0,43105.0,196863.0,3.373020648956299,196865.0,46389.72265625,,,,,,,,,196862.0,1814.0,0.0,1032.0,-535818750.0,89.0,-16.0,9.0,-45.0,13.0,-28.0,,,,
2051,196874.0,47236.0,45824.0,47580.0,44840.0,196873.0,3.373020648956299,196875.0,46370.49609375,,,,,,,,,196872.0,1815.0,0.0,1032.0,-535819774.0,89.0,-16.0,7.0,-66.0,-3.0,10.0,,,,
2052,196884.0,46941.0,46623.0,48269.0,44555.0,196883.0,3.373020648956299,196885.0,46597.76953125,,,,,,,,,196882.0,1815.0,0.0,1031.0,-535819774.0,90.0,-16.0,2.0,-97.0,-34.0,0.0,,,,
2053,196894.0,47870.0,48632.0,46810.0,43024.0,196893.0,3.373020648956299,196895.0,46584.8671875,,,,,,,,,196892.0,1816.0,0.0,1031.0,-535818750.0,91.0,-16.0,1.0,27.0,-8.0,-33.0,,,,
2054,196904.0,48623.0,48853.0,46335.0,42593.0,196903.0,3.373020648956299,196905.0,46601.18359375,,,,,,,,,196902.0,1817.0,0.0,1031.0,-535818749.0,91.0,-16.0,4.0,-22.0,38.0,-24.0,,,,
2055,196914.0,46735.0,48339.0,48439.0,42615.0,196913.0,3.373020648956299,196915.0,46532.9140625,,,,,,,,,196912.0,1802.0,-9.0,1031.0,-535819773.0,70.0,-28.0,5.0,-26.0,65.0,18.0,,,,
2056,196924.0,48717.0,49757.0,46387.0,41099.0,196923.0,3.373020648956299,196925.0,46490.26171875,,,,,,,,,196922.0,1803.0,-9.0,1032.0,-535819773.0,71.0,-27.0,11.0,0.0,-5.0,14.0,,,,
2057,196934.0,47851.0,49819.0,46343.0,41103.0,196933.0,3.373020648956299,196935.0,46279.109375,,,,,,,,,196932.0,1804.0,-9.0,1032.0,-535819773.0,71.0,-25.0,11.0,-33.0,68.0,-17.0,,,,
2058,196944.0,49812.0,48356.0,45320.0,41568.0,196943.0,3.373020648956299,196945.0,46264.8671875,,,,,,,,,196942.0,1804.0,-9.0,1032.0,-535819773.0,72.0,-25.0,10.0,-5.0,-67.0,43.0,,,,
2059,196954.0,47788.0,47978.0,46286.0,43072.0,196953.0,3.373020648956299,196955.0,46281.19921875,,,,,,,,,196952.0,1808.0,-11.0,1033.0,-535819773.0,76.0,-27.0,10.0,-15.0,-104.0,-36.0,,,,
2060,196964.0,46504.0,48402.0,47318.0,42880.0,196963.0,3.373020648956299,196965.0,46276.0703125,,,,,,,,,196962.0,1809.0,-11.0,1035.0,-535819773.0,77.0,-27.0,21.0,-75.0,-84.0,-46.0,,,,
2061,196974.0,46146.0,45796.0,47662.0,43860.0,196973.0,3.373020648956299,196975.0,45866.68359375,,,,,,,,,196972.0,1810.0,-12.0,1035.0,-534770173.0,77.0,-27.0,20.0,-117.0,-134.0,10.0,,,,
2062,196984.0,47069.0,44381.0,47119.0,44907.0,196983.0,3.3782992362976074,196985.0,45869.58984375,,,,,,,,,196982.0,1810.0,-12.0,1035.0,-534770173.0,78.0,-26.0,18.0,-144.0,-216.0,38.0,,,,
2063,196994.0,48610.0,43868.0,45110.0,46012.0,196993.0,3.3782992362976074,196995.0,45900.0078125,,,,,,,,,196992.0,1825.0,-2.0,1035.0,-533720573.0,98.0,-12.0,18.0,-127.0,-292.0,10.0,,,,
2064,197004.0,47050.0,44666.0,46614.0,45182.0,197003.0,3.3782992362976074,197005.0,45878.6640625,,,,,,,,,197002.0,1826.0,-2.0,1036.0,-533719549.0,99.0,-11.0,18.0,-127.0,-161.0,-3.0,,,,
2065,197014.0,46079.0,45613.0,47729.0,44187.0,197013.0,3.373020648956299,197015.0,45902.3046875,,,,,,,,,197012.0,1827.0,-2.0,1036.0,-532669949.0,101.0,-10.0,18.0,-71.0,-120.0,-3.0,,,,
2066,197024.0,47517.0,44797.0,46851.0,44263.0,197023.0,3.3782992362976074,197025.0,45857.27734375,,,,,,,,,197022.0,1828.0,-2.0,1036.0,-532669949.0,102.0,-9.0,17.0,-80.0,-66.0,59.0,,,,
2067,197034.0,47113.0,46627.0,46955.0,42749.0,197033.0,3.3782992362976074,197035.0,45861.99609375,,,,,,,,,197032.0,1828.0,-2.0,1036.0,-532668925.0,103.0,-8.0,17.0,4.0,3.0,34.0,,,,
2068,197044.0,44975.0,48031.0,48377.0,41961.0,197043.0,3.3782992362976074,197045.0,45836.6484375,,,,,,,,,197042.0,1829.0,-3.0,1036.0,-532668926.0,104.0,-7.0,15.0,-8.0,128.0,-29.0,,,,
2069,197054.0,46810.0,50292.0,46912.0,39526.0,197053.0,3.3782992362976074,197055.0,45885.0234375,,,,,,,,,197052.0,1827.0,-3.0,1035.0,-532669950.0,102.0,-6.0,4.0,114.0,174.0,2.0,,,,
2070,197064.0,45675.0,48519.0,48581.0,41985.0,197063.0,3.3782992362976074,197065.0,46190.06640625,,,,,,,,,197062.0,1828.0,-4.0,1035.0,-532669949.0,103.0,-6.0,3.0,148.0,184.0,-6.0,,,,
2071,197074.0,47840.0,49958.0,46396.0,40650.0,197073.0,3.3782992362976074,197075.0,46211.12109375,,,,,,,,,197072.0,1831.0,-3.0,1035.0,-533719550.0,107.0,-5.0,2.0,133.0,238.0,-9.0,,,,
2072,197084.0,46954.0,50264.0,47252.0,40454.0,197083.0,3.373020648956299,197085.0,46231.1171875,,,,,,,,,197082.0,1832.0,-4.0,1035.0,-533720573.0,109.0,-5.0,1.0,141.0,264.0,-20.0,,,,
2073,197094.0,48971.0,49185.0,45829.0,41043.0,197093.0,3.3782992362976074,197095.0,46257.0,,,,,,,,,197092.0,1833.0,-4.0,1036.0,-534770173.0,110.0,-4.0,1.0,142.0,159.0,20.0,,,,
2074,197104.0,47057.0,48733.0,47589.0,41529.0,197103.0,3.373020648956299,197105.0,46227.98046875,,,,,,,,,197102.0,1836.0,-4.0,1036.0,-534771197.0,112.0,-3.0,0.0,154.0,107.0,17.0,,,,
2075,197114.0,46966.0,49040.0,46924.0,42050.0,197113.0,3.373020648956299,197115.0,46245.51171875,,,,,,,,,197112.0,1837.0,-4.0,1036.0,-535819774.0,113.0,-2.0,-1.0,172.0,20.0,-33.0,,,,
2076,197124.0,48690.0,47600.0,45834.0,42964.0,197123.0,3.373020648956299,197125.0,46272.33203125,,,,,,,,,197122.0,1838.0,-4.0,1036.0,-535819773.0,114.0,-1.0,0.0,59.0,53.0,-29.0,,,,
2077,197134.0,47616.0,45514.0,47138.0,44732.0,197133.0,3.373020648956299,197135.0,46250.83984375,,,,,,,,,197132.0,1839.0,1.0,1036.0,-535819773.0,114.0,6.0,0.0,-6.0,3.0,40.0,,,,
2078,197144.0,47129.0,44273.0,45967.0,43875.0,197143.0,3.373020648956299,197145.0,45311.46875,,,,,,,,,197142.0,1840.0,0.0,1041.0,-535819773.0,114.0,4.0,23.0,-29.0,-94.0,40.0,,,,
2079,197154.0,45781.0,45201.0,46535.0,43911.0,197153.0,3.373020648956299,197155.0,45357.171875,,,,,,,,,197152.0,1841.0,0.0,1041.0,-535819774.0,114.0,5.0,20.0,19.0,-44.0,-15.0,,,,
2080,197164.0,46131.0,43925.0,46883.0,44673.0,197163.0,3.3782992362976074,197165.0,45403.98828125,,,,,,,,,197162.0,1843.0,0.0,1041.0,-535819774.0,117.0,5.0,18.0,-20.0,-73.0,-8.0,,,,
2081,197174.0,45515.0,45149.0,47431.0,43661.0,197173.0,3.3782992362976074,197175.0,45439.203125,,,,,,,,,197172.0,1844.0,0.0,1041.0,-535819774.0,117.0,5.0,17.0,-51.0,-52.0,10.0,,,,
2082,197184.0,44378.0,46646.0,49102.0,42194.0,197183.0,3.3782992362976074,197185.0,45580.77734375,,,,,,,,,197182.0,1846.0,0.0,1041.0,-535818750.0,118.0,6.0,12.0,-49.0,-2.0,20.0,,,,
2083,197194.0,47934.0,46376.0,45002.0,43044.0,197193.0,3.383577823638916,197195.0,45589.72265625,,,,,,,,,197192.0,1843.0,5.0,1041.0,-534771198.0,113.0,12.0,12.0,14.0,-1.0,-15.0,,,,
2084,197204.0,46140.0,48494.0,47228.0,40410.0,197203.0,3.3782992362976074,197205.0,45568.44140625,,,,,,,,,197202.0,1844.0,5.0,1041.0,-535819774.0,114.0,12.0,11.0,84.0,17.0,16.0,,,,
2085,197214.0,46375.0,47975.0,46657.0,41297.0,197213.0,3.383577823638916,197215.0,45576.9140625,,,,,,,,,197212.0,1847.0,3.0,1041.0,-535819774.0,117.0,10.0,10.0,59.0,41.0,-15.0,,,,
2086,197224.0,45526.0,47738.0,47114.0,41966.0,197223.0,3.3782992362976074,197225.0,45586.0234375,,,,,,,,,197222.0,1847.0,4.0,1038.0,-535819774.0,116.0,11.0,-8.0,120.0,46.0,-32.0,,,,
2087,197234.0,46045.0,47853.0,48189.0,42641.0,197233.0,3.3782992362976074,197235.0,46182.8359375,,,,,,,,,197232.0,1849.0,3.0,1038.0,-536868349.0,118.0,11.0,-10.0,119.0,96.0,2.0,,,,
2088,197244.0,48004.0,47382.0,47140.0,42402.0,197243.0,3.383577823638916,197245.0,46232.7421875,,,,,,,,,197242.0,1852.0,4.0,1038.0,-536868349.0,121.0,11.0,-11.0,155.0,64.0,39.0,,,,
2089,197254.0,45919.0,48537.0,48545.0,42099.0,197253.0,3.3782992362976074,197255.0,46275.3984375,,,,,,,,,197252.0,1854.0,3.0,1038.0,-1072690686.0,123.0,10.0,-12.0,218.0,-41.0,16.0,,,,
2090,197264.0,47765.0,49071.0,46061.0,42251.0,197263.0,3.373020648956299,197265.0,46287.0,,,,,,,,,197262.0,1855.0,3.0,1038.0,-1072690686.0,123.0,10.0,-13.0,188.0,15.0,-23.0,,,,
2091,197274.0,46424.0,48280.0,48896.0,43404.0,197273.0,3.373020648956299,197275.0,46751.41015625,,,,,,,,,197272.0,1856.0,6.0,1035.0,-1071642110.0,123.0,13.0,-27.0,98.0,100.0,-26.0,,,,
2092,197284.0,49325.0,48153.0,46177.0,43517.0,197283.0,3.373020648956299,197285.0,46793.7265625,,,,,,,,,197282.0,1858.0,6.0,1035.0,-1071643133.0,124.0,13.0,-30.0,40.0,24.0,-5.0,,,,
2093,197294.0,46396.0,48424.0,48546.0,44142.0,197293.0,3.373020648956299,197295.0,46877.0,,,,,,,,,197292.0,1859.0,4.0,1034.0,-1071643133.0,125.0,10.0,-31.0,78.0,-3.0,-25.0,,,,
2094,197304.0,46423.0,48563.0,48671.0,43987.0,197303.0,3.3677420616149902,197305.0,46911.16015625,,,,,,,,,197302.0,1862.0,5.0,1034.0,-1070594557.0,127.0,10.0,-31.0,67.0,95.0,-49.0,,,,
2095,197314.0,46467.0,48223.0,50023.0,44287.0,197313.0,3.3677420616149902,197315.0,47250.04296875,,,,,,,,,197312.0,1863.0,5.0,1032.0,-1070594557.0,128.0,9.0,-41.0,47.0,96.0,8.0,,,,
2096,197324.0,49828.0,49002.0,46774.0,43508.0,197323.0,3.3677420616149902,197325.0,47278.40625,,,,,,,,,197322.0,1865.0,5.0,1032.0,-1070595581.0,128.0,8.0,-42.0,-5.0,54.0,12.0,,,,
2097,197334.0,46063.0,49117.0,50121.0,43991.0,197333.0,3.3624634742736816,197335.0,47323.93359375,,,,,,,,,197332.0,1866.0,5.0,1031.0,-1070595581.0,128.0,7.0,-43.0,2.0,128.0,-15.0,,,,
2098,197344.0,49332.0,49588.0,47308.0,43204.0,197343.0,3.3624634742736816,197346.0,47358.50390625,,,,,,,,,197342.0,1864.0,7.0,1031.0,-1070071293.0,124.0,10.0,-44.0,-1.0,72.0,5.0,,,,
2099,197354.0,46924.0,48960.0,49558.0,44270.0,197353.0,3.3624634742736816,197355.0,47428.70703125,,,,,,,,,197352.0,1867.0,7.0,1032.0,-1070070269.0,126.0,8.0,-36.0,52.0,43.0,-18.0,,,,
2100,197364.0,46368.0,48930.0,49466.0,43816.0,197363.0,3.3624634742736816,197365.0,47145.1171875,,,,,,,,,197362.0,1868.0,7.0,1032.0,-1070070269.0,126.0,8.0,-37.0,-19.0,53.0,11.0,,,,
2101,197374.0,48380.0,48810.0,47996.0,43594.0,197373.0,3.3624634742736816,197375.0,47195.88671875,,,,,,,,,197372.0,1870.0,8.0,1032.0,-1070070269.0,125.0,8.0,-37.0,-17.0,135.0,-30.0,,,,
2102,197384.0,48718.0,49960.0,47324.0,42810.0,197383.0,3.3624634742736816,197386.0,47203.74609375,,,,,,,,,197382.0,1871.0,8.0,1031.0,-1070069245.0,125.0,7.0,-36.0,22.0,101.0,-3.0,,,,
2103,197394.0,49078.0,50266.0,47270.0,42138.0,197393.0,3.3677420616149902,197395.0,47188.23828125,,,,,,,,,197392.0,1873.0,6.0,1031.0,-1070069245.0,126.0,4.0,-36.0,138.0,-13.0,36.0,,,,
2104,197404.0,47907.0,50277.0,47215.0,42673.0,197403.0,3.3677420616149902,197406.0,47018.84375,,,,,,,,,197402.0,1874.0,6.0,1031.0,-1069020669.0,125.0,3.0,-31.0,151.0,85.0,-53.0,,,,
2105,197414.0,47047.0,51305.0,48087.0,41741.0,197413.0,3.3677420616149902,197416.0,47045.26171875,,,,,,,,,197412.0,1877.0,5.0,1031.0,-1069020669.0,127.0,0.0,-32.0,137.0,41.0,-54.0,,,,
2106,197424.0,48987.0,49131.0,47301.0,42937.0,197423.0,3.3677420616149902,197425.0,47089.22265625,,,,,,,,,197422.0,1878.0,7.0,1031.0,-1067972093.0,127.0,2.0,-33.0,119.0,69.0,-4.0,,,,
2107,197434.0,46495.0,50199.0,48689.0,43049.0,197433.0,3.3677420616149902,197435.0,47108.6484375,,,,,,,,,197432.0,1880.0,7.0,1031.0,-1067972093.0,126.0,0.0,-32.0,81.0,34.0,-48.0,,,,
2108,197444.0,51424.0,50570.0,44342.0,42380.0,197443.0,3.3677420616149902,197445.0,47179.875,,,,,,,,,197442.0,1882.0,5.0,1030.0,-1067971069.0,127.0,-2.0,-33.0,79.0,5.0,3.0,,,,
2109,197454.0,46603.0,49553.0,48939.0,43557.0,197453.0,3.3677420616149902,197455.0,47163.48828125,,,,,,,,,197452.0,1884.0,5.0,1029.0,-1066922492.0,127.0,-4.0,-30.0,79.0,37.0,-30.0,,,,
2110,197464.0,46598.0,49636.0,49254.0,42968.0,197463.0,3.3677420616149902,197465.0,47114.77734375,,,,,,,,,197462.0,1881.0,7.0,1029.0,-1066922492.0,121.0,-2.0,-30.0,-41.0,13.0,5.0,,,,
2111,197474.0,43981.0,49503.0,51583.0,43385.0,197473.0,3.3677420616149902,197475.0,47113.8671875,,,,,,,,,197472.0,1883.0,8.0,1029.0,-1066922492.0,121.0,-3.0,-28.0,-49.0,2.0,-41.0,,,,
2112,197484.0,46568.0,48028.0,49270.0,44502.0,197483.0,3.3677420616149902,197485.0,47092.99609375,,,,,,,,,197482.0,1884.0,8.0,1025.0,-1067971068.0,120.0,-5.0,-48.0,-130.0,47.0,-1.0,,,,
2113,197494.0,45548.0,49254.0,51020.0,45302.0,197493.0,3.3677420616149902,197495.0,47781.921875,,,,,,,,,197492.0,1885.0,11.0,1024.0,-1067971068.0,119.0,-2.0,-49.0,-72.0,12.0,-44.0,,,,
2114,197504.0,47397.0,51191.0,49569.0,43147.0,197503.0,3.3677420616149902,197505.0,47826.015625,,,,,,,,,197502.0,1887.0,10.0,1024.0,-1069019644.0,119.0,-4.0,-48.0,-128.0,-28.0,-15.0,,,,
2115,197514.0,47171.0,50111.0,50003.0,44015.0,197513.0,3.3624634742736816,197515.0,47825.9453125,,,,,,,,,197512.0,1888.0,10.0,1024.0,-1069019644.0,118.0,-5.0,-47.0,-96.0,52.0,-17.0,,,,
2116,197524.0,47795.0,47953.0,49817.0,45779.0,197523.0,3.3624634742736816,197525.0,47836.65234375,,,,,,,,,197522.0,1888.0,15.0,1023.0,-1069019644.0,115.0,0.0,-44.0,-82.0,-31.0,34.0,,,,
2117,197534.0,48070.0,47876.0,49484.0,44994.0,197533.0,3.3624634742736816,197535.0,47606.71484375,,,,,,,,,197532.0,1891.0,14.0,1024.0,-1070068220.0,117.0,-2.0,-34.0,33.0,-25.0,38.0,,,,
2118,197544.0,50287.0,52435.0,46367.0,40955.0,197543.0,3.3624634742736816,197545.0,47511.56640625,,,,,,,,,197542.0,1893.0,14.0,1023.0,-1070068220.0,118.0,-3.0,-33.0,55.0,-50.0,37.0,,,,
2119,197554.0,45376.0,49660.0,50788.0,44128.0,197553.0,3.3624634742736816,197555.0,47488.43359375,,,,,,,,,197552.0,1894.0,14.0,1023.0,-1069019644.0,117.0,-3.0,-30.0,105.0,-42.0,-20.0,,,,
2120,197564.0,50096.0,49446.0,46380.0,43806.0,197563.0,3.3624634742736816,197565.0,47432.82421875,,,,,,,,,197562.0,1896.0,14.0,1023.0,-1069019644.0,116.0,-5.0,-27.0,102.0,5.0,-2.0,,,,
2121,197574.0,48462.0,49332.0,48646.0,44244.0,197573.0,3.3624634742736816,197575.0,47671.5546875,,,,,,,,,197572.0,1898.0,14.0,1021.0,-1069019644.0,117.0,-6.0,-32.0,88.0,-61.0,2.0,,,,
2122,197584.0,47686.0,50512.0,49246.0,42916.0,197583.0,3.3624634742736816,197585.0,47590.72265625,,,,,,,,,197582.0,1900.0,13.0,1020.0,-1067971068.0,118.0,-8.0,-28.0,135.0,-114.0,25.0,,,,
2123,197594.0,48610.0,48546.0,48030.0,44842.0,197593.0,3.3624634742736816,197595.0,47507.66015625,,,,,,,,,197592.0,1901.0,13.0,1020.0,-1067972092.0,117.0,-9.0,-25.0,86.0,4.0,-4.0,,,,
2124,197604.0,46973.0,50133.0,49241.0,43481.0,197603.0,3.3624634742736816,197605.0,47457.1953125,,,,,,,,,197602.0,1904.0,11.0,1020.0,-1066923516.0,118.0,-13.0,-22.0,72.0,-32.0,-14.0,,,,
2125,197614.0,47852.0,49166.0,48408.0,44090.0,197613.0,3.3677420616149902,197615.0,47379.6796875,,,,,,,,,197612.0,1906.0,11.0,1018.0,-1066923516.0,118.0,-15.0,-31.0,-16.0,-9.0,-1.0,,,,
2126,197624.0,47899.0,50467.0,48719.0,43851.0,197623.0,3.3677420616149902,197625.0,47734.3671875,,,,,,,,,197622.0,1906.0,12.0,1017.0,-1066923516.0,116.0,-14.0,-31.0,-77.0,95.0,-44.0,,,,
2127,197634.0,47474.0,48606.0,49800.0,45060.0,197633.0,3.3677420616149902,197635.0,47735.08984375,,,,,,,,,197632.0,1907.0,13.0,1017.0,-1067972092.0,116.0,-15.0,-28.0,-94.0,50.0,19.0,,,,
2128,197644.0,48703.0,47689.0,48695.0,45685.0,197643.0,3.3624634742736816,197645.0,47693.015625,,,,,,,,,197642.0,1909.0,13.0,1017.0,-1067971068.0,116.0,-15.0,-26.0,-64.0,56.0,23.0,,,,
2129,197654.0,47079.0,50595.0,49233.0,43697.0,197653.0,3.3624634742736816,197655.0,47651.73046875,,,,,,,,,197652.0,1911.0,14.0,1016.0,-1067971068.0,116.0,-16.0,-24.0,-63.0,29.0,-20.0,,,,
2130,197664.0,46626.0,48520.0,48924.0,44174.0,197663.0,3.3624634742736816,197665.0,47061.7265625,,,,,,,,,197662.0,1912.0,13.0,1019.0,-1067971068.0,115.0,-18.0,-4.0,-45.0,50.0,-1.0,,,,
2131,197674.0,46479.0,49335.0,49101.0,42969.0,197673.0,3.3624634742736816,197675.0,46971.9609375,,,,,,,,,197672.0,1914.0,13.0,1019.0,-1069019644.0,116.0,-19.0,0.0,-60.0,86.0,9.0,,,,
2132,197684.0,49095.0,47251.0,46383.0,44615.0,197683.0,3.3677420616149902,197685.0,46836.0703125,,,,,,,,,197682.0,1915.0,13.0,1019.0,-1069019644.0,115.0,-20.0,2.0,-76.0,53.0,9.0,,,,
2133,197694.0,49133.0,48599.0,46045.0,43319.0,197693.0,3.3677420616149902,197695.0,46774.23046875,,,,,,,,,197692.0,1918.0,14.0,1019.0,-1069019644.0,116.0,-20.0,5.0,-22.0,-42.0,33.0,,,,
2134,197704.0,44318.0,47910.0,48980.0,43424.0,197703.0,3.3677420616149902,197705.0,46158.90625,,,,,,,,,197702.0,1919.0,14.0,1023.0,-1069019644.0,115.0,-21.0,23.0,-21.0,-1.0,-19.0,,,,
2135,197714.0,47648.0,49056.0,46110.0,41490.0,197713.0,3.3677420616149902,197715.0,46076.20703125,,,,,,,,,197712.0,1919.0,13.0,1023.0,-1069019644.0,113.0,-23.0,26.0,-21.0,20.0,-6.0,,,,
2136,197724.0,47345.0,47269.0,46265.0,43105.0,197723.0,3.373020648956299,197725.0,45996.1640625,,,,,,,,,197722.0,1922.0,13.0,1023.0,-1069019644.0,115.0,-24.0,29.0,-47.0,-23.0,-8.0,,,,
2137,197734.0,44245.0,49655.0,48565.0,41107.0,197733.0,3.3782992362976074,197735.0,45893.45703125,,,,,,,,,197732.0,1923.0,12.0,1023.0,-1069019644.0,114.0,-25.0,30.0,-7.0,-41.0,-26.0,,,,
2138,197744.0,46662.0,47264.0,46470.0,42976.0,197743.0,3.3782992362976074,197745.0,45843.73046875,,,,,,,,,197742.0,1924.0,13.0,1024.0,-1069019644.0,112.0,-25.0,31.0,-48.0,30.0,-22.0,,,,
2139,197754.0,47416.0,46850.0,45848.0,42990.0,197753.0,3.383577823638916,197755.0,45776.828125,,,,,,,,,197752.0,1926.0,13.0,1024.0,-1069019644.0,113.0,-25.0,32.0,1.0,-35.0,24.0,,,,
2140,197764.0,44294.0,47048.0,48912.0,42622.0,197763.0,3.3782992362976074,197765.0,45719.78125,,,,,,,,,197762.0,1927.0,13.0,1024.0,-1070068220.0,112.0,-26.0,31.0,-44.0,-2.0,13.0,,,,
2141,197774.0,45081.0,48311.0,47551.0,41985.0,197773.0,3.3782992362976074,197775.0,45732.73828125,,,,,,,,,197772.0,1928.0,15.0,1025.0,-1070068220.0,111.0,-24.0,32.0,-40.0,25.0,-20.0,,,,
2142,197784.0,46168.0,47322.0,47100.0,42162.0,197783.0,3.3782992362976074,197785.0,45688.91796875,,,,,,,,,197782.0,1929.0,15.0,1025.0,-1070068220.0,110.0,-25.0,31.0,-81.0,37.0,26.0,,,,
2143,197794.0,46070.0,45290.0,47588.0,43944.0,197793.0,3.3782992362976074,197795.0,45723.109375,,,,,,,,,197792.0,1930.0,14.0,1025.0,-1070068220.0,109.0,-26.0,30.0,-62.0,3.0,55.0,,,,
2144,197804.0,44665.0,49001.0,48765.0,40289.0,197803.0,3.3782992362976074,197805.0,45680.45703125,,,,,,,,,197802.0,1932.0,17.0,1025.0,-1070068221.0,110.0,-22.0,30.0,-4.0,-112.0,38.0,,,,
2145,197814.0,45787.0,48459.0,46989.0,41417.0,197813.0,3.3782992362976074,197816.0,45663.6171875,,,,,,,,,197812.0,1933.0,18.0,1026.0,-1071116797.0,108.0,-21.0,28.0,-71.0,-26.0,-10.0,,,,
2146,197824.0,44796.0,45466.0,48672.0,43798.0,197823.0,3.3782992362976074,197825.0,45683.1796875,,,,,,,,,197822.0,1935.0,16.0,1026.0,-1071116797.0,109.0,-25.0,25.0,-5.0,-25.0,16.0,,,,
2147,197834.0,45271.0,47277.0,47307.0,41277.0,197833.0,3.3782992362976074,197835.0,45283.01953125,,,,,,,,,197832.0,1935.0,15.0,1029.0,-1071116797.0,107.0,-26.0,37.0,-25.0,-79.0,43.0,,,,
2148,197844.0,45408.0,46348.0,46898.0,42478.0,197843.0,3.3782992362976074,197845.0,45283.18359375,,,,,,,,,197842.0,1937.0,14.0,1029.0,-1071117821.0,106.0,-27.0,36.0,-74.0,-41.0,7.0,,,,
2149,197854.0,47753.0,44735.0,44515.0,44097.0,197853.0,3.383577823638916,197855.0,45275.34765625,,,,,,,,,197852.0,1936.0,25.0,1029.0,-1072166397.0,104.0,-13.0,37.0,28.0,-87.0,18.0,,,,
2150,197864.0,46424.0,46388.0,46282.0,41742.0,197863.0,3.3782992362976074,197865.0,45209.7890625,,,,,,,,,197862.0,1938.0,22.0,1030.0,-1071117821.0,104.0,-17.0,36.0,-28.0,-37.0,14.0,,,,
2151,197874.0,46383.0,45087.0,45749.0,43629.0,197873.0,3.383577823638916,197875.0,45212.02734375,,,,,,,,,197872.0,1938.0,20.0,1026.0,-1071117821.0,103.0,-19.0,8.0,-44.0,-67.0,6.0,,,,
2152,197884.0,48082.0,46936.0,46350.0,42992.0,197883.0,3.383577823638916,197885.0,46090.5390625,,,,,,,,,197882.0,1941.0,20.0,1026.0,-1072166397.0,104.0,-19.0,6.0,-19.0,-9.0,24.0,,,,
2153,197894.0,46282.0,48628.0,48076.0,41546.0,197893.0,3.383577823638916,197895.0,46133.46875,,,,,,,,,197892.0,1942.0,22.0,1026.0,-1072167421.0,103.0,-18.0,5.0,46.0,-39.0,31.0,,,,
2154,197904.0,48586.0,46532.0,46446.0,43056.0,197903.0,3.3782992362976074,197905.0,46155.15234375,,,,,,,,,197902.0,1943.0,21.0,1026.0,-1071118845.0,104.0,-18.0,3.0,58.0,-35.0,81.0,,,,
2155,197914.0,46626.0,46622.0,47986.0,43502.0,197913.0,3.373020648956299,197915.0,46184.83203125,,,,,,,,,197912.0,1944.0,21.0,1026.0,-1071118846.0,104.0,-19.0,0.0,78.0,-52.0,34.0,,,,
2156,197924.0,44173.0,47143.0,48259.0,41869.0,197923.0,3.373020648956299,197925.0,45361.41015625,,,,,,,,,197922.0,1947.0,22.0,1031.0,-1071118846.0,106.0,-17.0,26.0,42.0,-51.0,-14.0,,,,
2157,197934.0,47567.0,46587.0,45491.0,41727.0,197933.0,3.373020648956299,197935.0,45343.53515625,,,,,,,,,197932.0,1951.0,22.0,1031.0,-1071118846.0,109.0,-18.0,25.0,42.0,5.0,33.0,,,,
2158,197944.0,45190.0,45814.0,48100.0,42264.0,197943.0,3.3782992362976074,197945.0,45342.20703125,,,,,,,,,197942.0,1951.0,26.0,1031.0,-1071118846.0,108.0,-13.0,23.0,6.0,-5.0,55.0,,,,
2159,197954.0,44776.0,46862.0,47946.0,41800.0,197953.0,3.3782992362976074,197955.0,45346.125,,,,,,,,,197952.0,1953.0,22.0,1032.0,-1071118846.0,109.0,-19.0,22.0,75.0,-84.0,42.0,,,,
2160,197964.0,46551.0,47029.0,46541.0,42423.0,197963.0,3.3782992362976074,197965.0,45636.6328125,,,,,,,,,197962.0,1954.0,23.0,1030.0,-1071118846.0,108.0,-18.0,14.0,48.0,44.0,-22.0,,,,
2161,197974.0,46538.0,46940.0,46586.0,42376.0,197973.0,3.3782992362976074,197975.0,45610.0,,,,,,,,,197972.0,1955.0,22.0,1030.0,-1070070270.0,108.0,-19.0,14.0,21.0,46.0,-12.0,,,,
2162,197984.0,48294.0,47122.0,44988.0,41968.0,197983.0,3.3782992362976074,197985.0,45593.62890625,,,,,,,,,197982.0,1956.0,22.0,1030.0,-1070070270.0,108.0,-20.0,13.0,19.0,11.0,9.0,,,,
2163,197994.0,44278.0,47358.0,48368.0,42432.0,197993.0,3.3782992362976074,197995.0,45609.11328125,,,,,,,,,197992.0,1958.0,21.0,1031.0,-1070070270.0,109.0,-22.0,10.0,-8.0,39.0,-9.0,,,,
2164,198004.0,47513.0,48027.0,46869.0,41871.0,198003.0,3.3782992362976074,198005.0,46070.37109375,,,,,,,,,198002.0,1959.0,21.0,1028.0,-1070070270.0,108.0,-22.0,-3.0,74.0,17.0,27.0,,,,
2165,198014.0,46832.0,47314.0,47282.0,42968.0,198013.0,3.3782992362976074,198015.0,46099.796875,,,,,,,,,198012.0,1960.0,21.0,1028.0,-1070070270.0,108.0,-23.0,-3.0,11.0,84.0,-4.0,,,,
2166,198024.0,42877.0,47951.0,50915.0,42725.0,198023.0,3.3782992362976074,198025.0,46117.703125,,,,,,,,,198022.0,1956.0,30.0,1028.0,-1070069246.0,100.0,-11.0,-5.0,-28.0,37.0,-12.0,,,,
2167,198034.0,44752.0,47114.0,49804.0,42926.0,198033.0,3.373020648956299,198035.0,46149.7578125,,,,,,,,,198032.0,1957.0,30.0,1028.0,-1070069246.0,100.0,-11.0,-6.0,-13.0,63.0,6.0,,,,
2168,198044.0,46546.0,47952.0,48278.0,41956.0,198043.0,3.373020648956299,198045.0,46183.43359375,,,,,,,,,198042.0,1960.0,29.0,1025.0,-1070069246.0,102.0,-13.0,-26.0,3.0,11.0,35.0,,,,
2169,198054.0,47722.0,46192.0,48022.0,45444.0,198053.0,3.373020648956299,198055.0,46845.2421875,,,,,,,,,198052.0,1961.0,29.0,1024.0,-1070069246.0,101.0,-13.0,-28.0,142.0,-139.0,35.0,,,,
2170,198064.0,51437.0,46343.0,44273.0,45531.0,198063.0,3.373020648956299,198065.0,46896.64453125,,,,,,,,,198062.0,1963.0,29.0,1024.0,-1070069246.0,103.0,-13.0,-31.0,115.0,-56.0,14.0,,,,
2171,198074.0,48178.0,47904.0,48110.0,43796.0,198073.0,3.373020648956299,198075.0,46997.578125,,,,,,,,,198072.0,1966.0,28.0,1024.0,-1070070270.0,105.0,-16.0,-33.0,114.0,-84.0,29.0,,,,
2172,198084.0,46938.0,47746.0,49472.0,44080.0,198083.0,3.3624634742736816,198085.0,47059.3359375,,,,,,,,,198082.0,1967.0,28.0,1024.0,-1069021695.0,104.0,-16.0,-35.0,81.0,-106.0,29.0,,,,
2173,198094.0,48919.0,47357.0,46971.0,44965.0,198093.0,3.3677420616149902,198095.0,47053.6796875,,,,,,,,,198092.0,1968.0,28.0,1024.0,-1069021695.0,104.0,-17.0,-31.0,43.0,-125.0,-2.0,,,,
2174,198104.0,45823.0,49795.0,49707.0,42747.0,198103.0,3.3624634742736816,198105.0,47018.6640625,,,,,,,,,198102.0,1969.0,28.0,1023.0,-1069022719.0,104.0,-19.0,-31.0,107.0,-70.0,-43.0,,,,
2175,198114.0,49638.0,48466.0,46798.0,43206.0,198113.0,3.3624634742736816,198115.0,47027.21484375,,,,,,,,,198112.0,1966.0,20.0,1023.0,-1067974143.0,98.0,-30.0,-29.0,80.0,-5.0,10.0,,,,
2176,198124.0,47673.0,47977.0,48465.0,43821.0,198123.0,3.3624634742736816,198125.0,46984.265625,,,,,,,,,198122.0,1966.0,22.0,1023.0,-1067974143.0,97.0,-28.0,-28.0,74.0,18.0,19.0,,,,
2177,198134.0,44848.0,48266.0,50120.0,43046.0,198133.0,3.3624634742736816,198135.0,46570.15625,,,,,,,,,198132.0,1967.0,22.0,1025.0,-1067974143.0,97.0,-30.0,-15.0,-13.0,62.0,-10.0,,,,
2178,198144.0,49343.0,48425.0,45587.0,42841.0,198143.0,3.3677420616149902,198145.0,46549.0078125,,,,,,,,,198142.0,1969.0,23.0,1024.0,-1067973119.0,98.0,-29.0,-17.0,-12.0,48.0,0.0,,,,
2179,198154.0,45156.0,45722.0,50032.0,45486.0,198153.0,3.3677420616149902,198155.0,46599.140625,,,,,,,,,198152.0,1970.0,23.0,1024.0,-1067973119.0,98.0,-30.0,-21.0,1.0,45.0,4.0,,,,
2180,198164.0,48365.0,47941.0,46975.0,43479.0,198163.0,3.3677420616149902,198165.0,46690.0,,,,,,,,,198162.0,1971.0,25.0,1024.0,-1067973119.0,98.0,-28.0,-23.0,-29.0,-2.0,0.0,,,,
2181,198174.0,48462.0,47116.0,47516.0,43874.0,198173.0,3.3677420616149902,198175.0,46742.390625,,,,,,,,,198172.0,1973.0,25.0,1024.0,-1067973119.0,99.0,-28.0,-20.0,-133.0,41.0,20.0,,,,
2182,198184.0,48286.0,47082.0,47758.0,43430.0,198183.0,3.3677420616149902,198185.0,46639.68359375,,,,,,,,,198182.0,1973.0,25.0,1024.0,-1069021695.0,98.0,-30.0,-19.0,-62.0,-43.0,35.0,,,,
2183,198194.0,48614.0,46670.0,46666.0,44586.0,198193.0,3.3677420616149902,198195.0,46634.625,,,,,,,,,198192.0,1974.0,24.0,1024.0,-1069021695.0,97.0,-32.0,-17.0,-63.0,-139.0,19.0,,,,
2184,198204.0,47427.0,47467.0,47575.0,43907.0,198203.0,3.3677420616149902,198205.0,46594.5,,,,,,,,,198202.0,1975.0,24.0,1024.0,-1069022719.0,97.0,-33.0,-17.0,-19.0,-41.0,0.0,,,,
2185,198214.0,47433.0,47339.0,47847.0,43757.0,198213.0,3.3677420616149902,198215.0,46594.375,,,,,,,,,198212.0,1976.0,24.0,1024.0,-1069022719.0,97.0,-34.0,-17.0,-44.0,-47.0,-15.0,,,,
2186,198224.0,49941.0,48519.0,46929.0,43343.0,198223.0,3.3677420616149902,198225.0,47183.4140625,,,,,,,,,198222.0,1979.0,15.0,1020.0,-1069547007.0,100.0,-46.0,-34.0,-35.0,-29.0,8.0,,,,
2187,198234.0,47976.0,46174.0,48668.0,45890.0,198233.0,3.3677420616149902,198235.0,47177.828125,,,,,,,,,198232.0,1980.0,17.0,1020.0,-1069547007.0,99.0,-43.0,-32.0,-34.0,-80.0,20.0,,,,
2188,198244.0,48916.0,49410.0,47462.0,42848.0,198243.0,3.3624634742736816,198245.0,47159.9453125,,,,,,,,,198242.0,1982.0,16.0,1020.0,-1069545983.0,101.0,-45.0,-31.0,12.0,-72.0,26.0,,,,
2189,198254.0,47342.0,48528.0,48788.0,43918.0,198253.0,3.3624634742736816,198255.0,47144.66015625,,,,,,,,,198252.0,1982.0,17.0,1019.0,-1069545983.0,99.0,-44.0,-30.0,-23.0,21.0,-53.0,,,,
2190,198264.0,46152.0,47344.0,48958.0,42786.0,198263.0,3.3624634742736816,198265.0,46310.0078125,,,,,,,,,198262.0,1984.0,17.0,1024.0,-1070594559.0,100.0,-45.0,-5.0,-58.0,-26.0,48.0,,,,
2191,198274.0,45823.0,47329.0,48923.0,43073.0,198273.0,3.3624634742736816,198275.0,46287.546875,,,,,,,,,198272.0,1984.0,13.0,1024.0,-1070594559.0,100.0,-50.0,-5.0,-81.0,18.0,-17.0,,,,
2192,198284.0,48370.0,46520.0,46132.0,44002.0,198283.0,3.3677420616149902,198285.0,46256.0,,,,,,,,,198282.0,1986.0,15.0,1024.0,-1070594559.0,101.0,-48.0,-3.0,-115.0,69.0,5.0,,,,
2193,198294.0,44024.0,48090.0,50068.0,42642.0,198293.0,3.3677420616149902,198295.0,46206.97265625,,,,,,,,,198292.0,1987.0,16.0,1024.0,-1070595583.0,102.0,-47.0,0.0,-87.0,33.0,-14.0,,,,
2194,198304.0,46446.0,45428.0,48068.0,44542.0,198303.0,3.373020648956299,198305.0,46121.1328125,,,,,,,,,198302.0,1988.0,15.0,1020.0,-1071644159.0,102.0,-48.0,-19.0,-129.0,50.0,13.0,,,,
2195,198314.0,45939.0,48537.0,49345.0,43391.0,198313.0,3.373020648956299,198315.0,46803.59375,,,,,,,,,198312.0,1989.0,15.0,1019.0,-1071644159.0,102.0,-49.0,-18.0,-114.0,49.0,-25.0,,,,
2196,198324.0,46267.0,46361.0,49445.0,45055.0,198323.0,3.373020648956299,198325.0,46782.5,,,,,,,,,198322.0,1989.0,20.0,1019.0,-1072692735.0,101.0,-41.0,-18.0,-152.0,56.0,8.0,,,,
2197,198334.0,47344.0,47682.0,48576.0,43502.0,198333.0,3.373020648956299,198335.0,46776.46875,,,,,,,,,198332.0,1991.0,20.0,1019.0,-1072168447.0,102.0,-41.0,-16.0,-91.0,-13.0,14.0,,,,
2198,198344.0,47173.0,46337.0,48345.0,45129.0,198343.0,3.3677420616149902,198345.0,46746.578125,,,,,,,,,198342.0,1993.0,20.0,1019.0,-1073217023.0,103.0,-40.0,-16.0,-42.0,-69.0,17.0,,,,
2199,198354.0,49010.0,49092.0,47526.0,43468.0,198353.0,3.3677420616149902,198355.0,47274.42578125,,,,,,,,,198352.0,1994.0,20.0,1016.0,-536870399.0,103.0,-40.0,-32.0,-11.0,-13.0,-7.0,,,,
2200,198364.0,48401.0,48841.0,48499.0,43515.0,198363.0,3.3677420616149902,198365.0,47314.9375,,,,,,,,,198362.0,1995.0,19.0,1015.0,-536870399.0,103.0,-40.0,-34.0,-6.0,15.0,16.0,,,,
2201,198374.0,50545.0,48175.0,46447.0,44261.0,198373.0,3.3677420616149902,198375.0,47357.58203125,,,,,,,,,198372.0,1998.0,20.0,1015.0,-536870399.0,106.0,-39.0,-33.0,29.0,-30.0,23.0,,,,
2202,198384.0,48052.0,47110.0,48898.0,45416.0,198383.0,3.3624634742736816,198385.0,47369.203125,,,,,,,,,198382.0,1999.0,19.0,1015.0,-1073741311.0,106.0,-39.0,-32.0,36.0,1.0,6.0,,,,
2203,198394.0,50548.0,50478.0,46672.0,43198.0,198393.0,3.3624634742736816,198395.0,47724.1171875,,,,,,,,,198392.0,2000.0,19.0,1012.0,-1073741311.0,106.0,-39.0,-41.0,128.0,-25.0,-4.0,,,,
2204,198404.0,49798.0,49046.0,47718.0,44234.0,198403.0,3.3624634742736816,198405.0,47699.40625,,,,,,,,,198402.0,2001.0,12.0,1012.0,-1072692735.0,106.0,-48.0,-39.0,81.0,40.0,-7.0,,,,
2205,198414.0,50183.0,49039.0,47431.0,44011.0,198413.0,3.357184886932373,198415.0,47666.21875,,,,,,,,,198412.0,2002.0,11.0,1012.0,-1072692735.0,106.0,-49.0,-38.0,77.0,-4.0,24.0,,,,
2206,198424.0,47809.0,50805.0,49489.0,42569.0,198423.0,3.357184886932373,198425.0,47668.82421875,,,,,,,,,198422.0,2003.0,11.0,1011.0,-1072692735.0,106.0,-49.0,-38.0,-45.0,38.0,-29.0,,,,
2207,198434.0,49050.0,48960.0,48502.0,44236.0,198433.0,3.357184886932373,198435.0,47687.09765625,,,,,,,,,198432.0,2000.0,14.0,1012.0,-1072692735.0,100.0,-45.0,-30.0,-13.0,-11.0,11.0,,,,
2208,198444.0,46443.0,48091.0,50399.0,44987.0,198443.0,3.357184886932373,198445.0,47480.4375,,,,,,,,,198442.0,2002.0,13.0,1012.0,-1072692735.0,101.0,-45.0,-30.0,6.0,32.0,-13.0,,,,
2209,198454.0,46793.0,48605.0,50027.0,44487.0,198453.0,3.357184886932373,198455.0,47478.26171875,,,,,,,,,198452.0,2003.0,13.0,1011.0,-1072168447.0,101.0,-45.0,-29.0,-90.0,27.0,-9.0,,,,
2210,198464.0,46733.0,49739.0,50189.0,43107.0,198463.0,3.3624634742736816,198465.0,47442.984375,,,,,,,,,198462.0,2004.0,13.0,1011.0,-1072168447.0,101.0,-45.0,-27.0,-146.0,81.0,-18.0,,,,
2211,198474.0,46896.0,47224.0,50616.0,45024.0,198473.0,3.3624634742736816,198475.0,47440.43359375,,,,,,,,,198472.0,2002.0,22.0,1014.0,-536346111.0,98.0,-32.0,-7.0,-151.0,27.0,41.0,,,,
2212,198484.0,49198.0,44702.0,47486.0,45558.0,198483.0,3.3624634742736816,198485.0,46736.02734375,,,,,,,,,198482.0,2004.0,23.0,1014.0,-535296511.0,98.0,-31.0,-5.0,-69.0,-21.0,63.0,,,,
2213,198494.0,46756.0,48908.0,48476.0,42804.0,198493.0,3.3624634742736816,198495.0,46736.15234375,,,,,,,,,198492.0,2005.0,22.0,1014.0,-535296511.0,98.0,-31.0,-4.0,-44.0,-21.0,2.0,,,,
2214,198504.0,45958.0,47256.0,49708.0,43786.0,198503.0,3.3624634742736816,198505.0,46677.54296875,,,,,,,,,198502.0,2007.0,21.0,1014.0,-535297535.0,99.0,-32.0,-3.0,16.0,-90.0,15.0,,,,
2215,198514.0,48715.0,46663.0,47255.0,44075.0,198513.0,3.3677420616149902,198515.0,46677.3046875,,,,,,,,,198512.0,2008.0,20.0,1014.0,-535297535.0,99.0,-32.0,-3.0,20.0,-17.0,25.0,,,,
2216,198524.0,49071.0,46387.0,45919.0,43227.0,198523.0,3.3677420616149902,198525.0,46151.0546875,,,,,,,,,198522.0,2013.0,20.0,1016.0,-535821823.0,105.0,-32.0,12.0,72.0,-122.0,43.0,,,,
2217,198534.0,45376.0,48338.0,49596.0,41250.0,198533.0,3.373020648956299,198535.0,46140.3515625,,,,,,,,,198532.0,2014.0,20.0,1016.0,-535820800.0,105.0,-32.0,13.0,79.0,-90.0,56.0,,,,
2218,198544.0,48250.0,47818.0,45756.0,42476.0,198543.0,3.373020648956299,198545.0,46075.640625,,,,,,,,,198542.0,2015.0,19.0,1016.0,-536869376.0,105.0,-31.0,14.0,140.0,-76.0,-24.0,,,,
2219,198554.0,47712.0,47110.0,47042.0,42392.0,198553.0,3.373020648956299,198555.0,46064.40234375,,,,,,,,,198552.0,2016.0,16.0,1016.0,-1073740288.0,105.0,-35.0,15.0,98.0,-55.0,31.0,,,,
2220,198564.0,48236.0,47482.0,46870.0,42984.0,198563.0,3.373020648956299,198565.0,46393.453125,,,,,,,,,198562.0,2017.0,16.0,1015.0,-1072691712.0,105.0,-35.0,4.0,68.0,-51.0,-3.0,,,,
2221,198574.0,47158.0,46348.0,48066.0,43964.0,198573.0,3.373020648956299,198575.0,46384.4453125,,,,,,,,,198572.0,2017.0,17.0,1015.0,-1072691712.0,104.0,-34.0,5.0,66.0,-18.0,21.0,,,,
2222,198584.0,48897.0,46917.0,46253.0,43501.0,198583.0,3.373020648956299,198585.0,46392.5703125,,,,,,,,,198582.0,2018.0,16.0,1015.0,-1072690688.0,104.0,-34.0,3.0,-22.0,15.0,-5.0,,,,
2223,198594.0,46949.0,45683.0,48123.0,44805.0,198593.0,3.373020648956299,198595.0,46390.41796875,,,,,,,,,198592.0,2017.0,19.0,1015.0,-1072690688.0,103.0,-30.0,2.0,22.0,-53.0,22.0,,,,
2224,198604.0,48572.0,48356.0,46702.0,42130.0,198603.0,3.373020648956299,198605.0,46440.765625,,,,,,,,,198602.0,2020.0,19.0,1015.0,-1072691200.0,106.0,-30.0,4.0,-53.0,89.0,2.0,,,,
2225,198614.0,46223.0,46519.0,49215.0,43299.0,198613.0,3.373020648956299,198615.0,46314.44921875,,,,,,,,,198612.0,2022.0,19.0,1015.0,-1072691200.0,106.0,-30.0,3.0,-32.0,77.0,23.0,,,,
2226,198624.0,46310.0,46616.0,49254.0,43060.0,198623.0,3.373020648956299,198625.0,46310.90234375,,,,,,,,,198622.0,2023.0,18.0,1015.0,-1072692224.0,107.0,-30.0,4.0,-31.0,60.0,28.0,,,,
2227,198634.0,46737.0,47559.0,48319.0,42589.0,198633.0,3.373020648956299,198635.0,46301.203125,,,,,,,,,198632.0,2019.0,19.0,1016.0,-1073740800.0,101.0,-30.0,6.0,10.0,12.0,36.0,,,,
2228,198644.0,46575.0,47871.0,47929.0,42365.0,198643.0,3.373020648956299,198645.0,46185.32421875,,,,,,,,,198642.0,2021.0,20.0,1016.0,-1073740800.0,102.0,-28.0,8.0,0.0,45.0,-14.0,,,,
2229,198654.0,45160.0,47730.0,49696.0,42150.0,198653.0,3.373020648956299,198655.0,46184.8046875,,,,,,,,,198652.0,2022.0,19.0,1016.0,-1073740800.0,102.0,-28.0,7.0,30.0,-3.0,0.0,,,,
2230,198664.0,47519.0,45631.0,47575.0,44043.0,198663.0,3.373020648956299,198665.0,46192.6171875,,,,,,,,,198662.0,2023.0,19.0,1016.0,-1072692224.0,102.0,-28.0,7.0,3.0,-41.0,39.0,,,,
2231,198674.0,47011.0,46047.0,48029.0,43641.0,198673.0,3.373020648956299,198675.0,46182.91015625,,,,,,,,,198672.0,2030.0,20.0,1016.0,-1073740800.0,110.0,-26.0,6.0,11.0,-38.0,9.0,,,,
2232,198684.0,47353.0,47803.0,46881.0,42775.0,198683.0,3.373020648956299,198685.0,46203.125,,,,,,,,,198682.0,2032.0,20.0,1016.0,-1072692224.0,112.0,-26.0,6.0,77.0,-51.0,-40.0,,,,
2233,198694.0,48846.0,45580.0,45546.0,43800.0,198693.0,3.373020648956299,198695.0,45943.984375,,,,,,,,,198692.0,2032.0,22.0,1017.0,-1072692224.0,112.0,-24.0,12.0,26.0,-11.0,-6.0,,,,
2234,198704.0,45288.0,47528.0,48574.0,42566.0,198703.0,3.373020648956299,198705.0,45989.734375,,,,,,,,,198702.0,2034.0,21.0,1017.0,-1072692224.0,113.0,-24.0,10.0,65.0,-57.0,-4.0,,,,
2235,198714.0,46341.0,46217.0,48169.0,43213.0,198713.0,3.373020648956299,198715.0,45985.11328125,,,,,,,,,198712.0,2035.0,22.0,1018.0,-1072692224.0,113.0,-23.0,8.0,61.0,23.0,21.0,,,,
2236,198724.0,46705.0,48525.0,47847.0,41011.0,198723.0,3.373020648956299,198725.0,46022.1171875,,,,,,,,,198722.0,2037.0,22.0,1018.0,-1072692224.0,114.0,-23.0,6.0,89.0,11.0,13.0,,,,
2237,198734.0,48041.0,46391.0,46671.0,43133.0,198733.0,3.373020648956299,198735.0,46059.70703125,,,,,,,,,198732.0,2038.0,22.0,1014.0,-1071643648.0,114.0,-23.0,-16.0,86.0,26.0,12.0,,,,
2238,198744.0,47042.0,48510.0,48476.0,43224.0,198743.0,3.373020648956299,198745.0,46813.82421875,,,,,,,,,198742.0,2044.0,17.0,1014.0,-1071643648.0,121.0,-30.0,-18.0,79.0,87.0,-21.0,,,,
2239,198754.0,47762.0,47562.0,48370.0,43798.0,198753.0,3.373020648956299,198755.0,46873.140625,,,,,,,,,198752.0,2045.0,17.0,1014.0,-1071643648.0,121.0,-30.0,-20.0,53.0,97.0,-6.0,,,,
2240,198764.0,48702.0,48078.0,47970.0,42978.0,198763.0,3.3677420616149902,198765.0,46932.45703125,,,,,,,,,198762.0,2046.0,17.0,1013.0,-1071643648.0,122.0,-31.0,-21.0,-3.0,128.0,20.0,,,,
2241,198774.0,44416.0,48580.0,51618.0,43234.0,198773.0,3.3677420616149902,198775.0,46962.203125,,,,,,,,,198772.0,2039.0,24.0,1013.0,-1071120384.0,111.0,-21.0,-21.0,6.0,65.0,0.0,,,,
2242,198784.0,48127.0,48323.0,48507.0,44319.0,198783.0,3.3624634742736816,198785.0,47319.203125,,,,,,,,,198782.0,2041.0,23.0,1011.0,-1071120384.0,111.0,-22.0,-28.0,-2.0,112.0,-13.0,,,,
2243,198794.0,47277.0,47853.0,49867.0,44071.0,198793.0,3.3624634742736816,198795.0,47267.0078125,,,,,,,,,198792.0,2042.0,23.0,1011.0,-1071119360.0,111.0,-23.0,-29.0,9.0,92.0,0.0,,,,
2244,198804.0,48393.0,49029.0,48847.0,42931.0,198803.0,3.3624634742736816,198805.0,47300.8515625,,,,,,,,,198802.0,2043.0,23.0,1011.0,-1071119360.0,111.0,-23.0,-28.0,-4.0,-20.0,22.0,,,,
2245,198814.0,47057.0,48469.0,49297.0,44369.0,198813.0,3.3624634742736816,198816.0,47298.296875,,,,,,,,,198812.0,2044.0,23.0,1010.0,-1071119360.0,111.0,-24.0,-28.0,68.0,-21.0,-4.0,,,,
2246,198824.0,48253.0,48287.0,48423.0,43865.0,198823.0,3.357184886932373,198825.0,47207.60546875,,,,,,,,,198822.0,2049.0,22.0,1010.0,-1071119360.0,115.0,-25.0,-25.0,54.0,-26.0,-11.0,,,,
2247,198834.0,49115.0,46721.0,47953.0,45131.0,198833.0,3.3624634742736816,198835.0,47230.05859375,,,,,,,,,198832.0,2050.0,22.0,1010.0,-1070070784.0,115.0,-26.0,-27.0,60.0,0.0,11.0,,,,
2248,198844.0,49322.0,48392.0,47472.0,43966.0,198843.0,3.3624634742736816,198845.0,47288.703125,,,,,,,,,198842.0,2049.0,24.0,1010.0,-1070070784.0,112.0,-24.0,-28.0,45.0,-40.0,-6.0,,,,
2249,198854.0,46584.0,48802.0,50014.0,43892.0,198853.0,3.3624634742736816,198855.0,47323.70703125,,,,,,,,,198852.0,2051.0,23.0,1010.0,-1070070784.0,114.0,-25.0,-29.0,27.0,59.0,-14.0,,,,
2250,198864.0,47975.0,48751.0,49439.0,43271.0,198863.0,3.3624634742736816,198865.0,47359.57421875,,,,,,,,,198862.0,2053.0,23.0,1008.0,-1070070784.0,114.0,-25.0,-39.0,79.0,-46.0,42.0,,,,
2251,198874.0,48617.0,48131.0,49379.0,44729.0,198873.0,3.3624634742736816,198875.0,47714.30078125,,,,,,,,,198872.0,2053.0,24.0,1007.0,-1070070784.0,113.0,-25.0,-39.0,70.0,-31.0,-1.0,,,,
2252,198884.0,47281.0,49269.0,49877.0,44513.0,198883.0,3.3624634742736816,198885.0,47735.359375,,,,,,,,,198882.0,2055.0,23.0,1007.0,-1070070784.0,114.0,-26.0,-39.0,14.0,2.0,-22.0,,,,
2253,198894.0,48580.0,47692.0,49516.0,45176.0,198893.0,3.357184886932373,198895.0,47741.50390625,,,,,,,,,198892.0,2057.0,24.0,1007.0,-1070070784.0,114.0,-25.0,-37.0,-4.0,38.0,34.0,,,,
2254,198904.0,50893.0,46303.0,47365.0,46275.0,198903.0,3.357184886932373,198905.0,47709.328125,,,,,,,,,198902.0,2058.0,24.0,1006.0,-1070070784.0,114.0,-26.0,-34.0,7.0,9.0,25.0,,,,
2255,198914.0,46682.0,48000.0,49320.0,44110.0,198913.0,3.357184886932373,198915.0,47028.9140625,,,,,,,,,198912.0,2063.0,22.0,1009.0,-1070070784.0,119.0,-30.0,-12.0,24.0,-49.0,-13.0,,,,
2256,198924.0,46288.0,48462.0,49806.0,43312.0,198923.0,3.357184886932373,198925.0,46967.04296875,,,,,,,,,198922.0,2064.0,23.0,1009.0,-1070070784.0,118.0,-29.0,-10.0,71.0,20.0,-6.0,,,,
2257,198934.0,48323.0,48723.0,47979.0,42635.0,198933.0,3.3624634742736816,198935.0,46915.921875,,,,,,,,,198932.0,2065.0,23.0,1009.0,-1069022208.0,118.0,-30.0,-10.0,-22.0,50.0,-4.0,,,,
2258,198944.0,49213.0,46869.0,47415.0,44123.0,198943.0,3.3624634742736816,198946.0,46905.4140625,,,,,,,,,198942.0,2066.0,22.0,1009.0,-1069022208.0,118.0,-31.0,-7.0,-6.0,37.0,23.0,,,,
2259,198954.0,48867.0,47535.0,46351.0,42019.0,198953.0,3.3677420616149902,198955.0,46193.28515625,,,,,,,,,198952.0,2065.0,23.0,1012.0,-1069022207.0,114.0,-30.0,12.0,37.0,91.0,40.0,,,,
2260,198964.0,45813.0,48937.0,47797.0,42057.0,198963.0,3.3677420616149902,198965.0,46151.75,,,,,,,,,198962.0,2069.0,23.0,1013.0,-1069022207.0,118.0,-31.0,13.0,60.0,85.0,-69.0,,,,
2261,198974.0,47292.0,46414.0,47830.0,42980.0,198973.0,3.3677420616149902,198975.0,46129.125,,,,,,,,,198972.0,2070.0,23.0,1013.0,-1069021184.0,117.0,-32.0,14.0,9.0,75.0,40.0,,,,
2262,198984.0,45013.0,47043.0,49189.0,43043.0,198983.0,3.373020648956299,198985.0,46072.3671875,,,,,,,,,198982.0,2070.0,18.0,1013.0,-1069021184.0,115.0,-39.0,16.0,2.0,31.0,-26.0,,,,
2263,198994.0,46967.0,47195.0,47425.0,42501.0,198993.0,3.373020648956299,198995.0,46022.87109375,,,,,,,,,198992.0,2072.0,18.0,1015.0,-1069021184.0,116.0,-40.0,29.0,-80.0,61.0,0.0,,,,
2264,199004.0,45110.0,47880.0,48032.0,41214.0,199003.0,3.3782992362976074,199005.0,45559.30859375,,,,,,,,,199002.0,2073.0,17.0,1015.0,-1069021184.0,116.0,-41.0,29.0,35.0,-32.0,-21.0,,,,
2265,199014.0,46326.0,45496.0,46756.0,43570.0,199013.0,3.373020648956299,199015.0,45537.75,,,,,,,,,199012.0,2074.0,18.0,1016.0,-1069021184.0,115.0,-41.0,29.0,-92.0,1.0,-20.0,,,,
2266,199024.0,44672.0,47690.0,48172.0,41506.0,199023.0,3.3782992362976074,199025.0,45510.79296875,,,,,,,,,199022.0,2075.0,17.0,1016.0,-1070069760.0,114.0,-42.0,30.0,-70.0,-33.0,-26.0,,,,
2267,199034.0,45723.0,44437.0,48107.0,43585.0,199033.0,3.3782992362976074,199035.0,45463.26953125,,,,,,,,,199032.0,2077.0,17.0,1016.0,-1070069760.0,113.0,-43.0,28.0,-127.0,4.0,39.0,,,,
2268,199044.0,48030.0,44962.0,44722.0,41838.0,199043.0,3.3782992362976074,199045.0,44888.46875,,,,,,,,,199042.0,2077.0,27.0,1020.0,-1071118336.0,112.0,-29.0,45.0,-67.0,-37.0,21.0,,,,
2269,199054.0,44347.0,44743.0,47469.0,42813.0,199053.0,3.3782992362976074,199055.0,44843.9609375,,,,,,,,,199052.0,2078.0,27.0,1020.0,-1071118336.0,111.0,-29.0,46.0,-73.0,-71.0,5.0,,,,
2270,199064.0,43746.0,44690.0,47980.0,42792.0,199063.0,3.383577823638916,199065.0,44802.80859375,,,,,,,,,199062.0,2078.0,27.0,1021.0,-1071118336.0,109.0,-30.0,47.0,-19.0,-35.0,-6.0,,,,
2271,199074.0,46175.0,45269.0,45743.0,41677.0,199073.0,3.383577823638916,199076.0,44716.58203125,,,,,,,,,199072.0,2079.0,26.0,1021.0,-1071118336.0,109.0,-31.0,47.0,1.0,-30.0,2.0,,,,
2272,199084.0,45405.0,45162.0,45032.0,42112.0,199083.0,3.383577823638916,199085.0,45035.890625,,,,,,,,,199082.0,2084.0,22.0,1020.0,-1071118336.0,113.0,-37.0,35.0,-65.0,-43.0,18.0,,,,
2273,199094.0,47979.0,45013.0,44919.0,42305.0,199093.0,3.383577823638916,199095.0,45054.171875,,,,,,,,,199092.0,2085.0,23.0,1020.0,-1071119359.0,113.0,-35.0,32.0,1.0,-32.0,29.0,,,,
2274,199104.0,45543.0,45537.0,46645.0,42607.0,199103.0,3.383577823638916,199105.0,45083.421875,,,,,,,,,199102.0,2086.0,21.0,1021.0,-1071119359.0,112.0,-37.0,30.0,69.0,28.0,-64.0,,,,
2275,199114.0,48600.0,44498.0,44508.0,42798.0,199113.0,3.383577823638916,199115.0,45101.9453125,,,,,,,,,199112.0,2086.0,22.0,1021.0,-1071119360.0,111.0,-36.0,28.0,81.0,-6.0,36.0,,,,
2276,199124.0,46887.0,45187.0,45895.0,42563.0,199123.0,3.383577823638916,199125.0,45133.21484375,,,,,,,,,199122.0,2090.0,22.0,1024.0,-1071119359.0,113.0,-37.0,40.0,13.0,-17.0,8.0,,,,
2277,199134.0,44494.0,46708.0,46890.0,40668.0,199133.0,3.383577823638916,199135.0,44690.3203125,,,,,,,,,199132.0,2092.0,22.0,1024.0,-1071119359.0,114.0,-36.0,38.0,46.0,-2.0,-36.0,,,,
2278,199144.0,45527.0,45517.0,46089.0,41583.0,199143.0,3.3782992362976074,199145.0,44679.2421875,,,,,,,,,199142.0,2093.0,22.0,1024.0,-1071119359.0,114.0,-36.0,35.0,1.0,42.0,-1.0,,,,
2279,199154.0,44078.0,44716.0,47626.0,42492.0,199153.0,3.3782992362976074,199155.0,44728.0625,,,,,,,,,199152.0,2098.0,22.0,1025.0,-1071119359.0,120.0,-36.0,32.0,84.0,23.0,4.0,,,,
2280,199164.0,45570.0,47762.0,45620.0,40184.0,199163.0,3.383577823638916,199165.0,44784.43359375,,,,,,,,,199162.0,2100.0,22.0,1025.0,-1070070784.0,119.0,-37.0,27.0,-48.0,69.0,-54.0,,,,
2281,199174.0,43855.0,44561.0,49733.0,43723.0,199173.0,3.383577823638916,199176.0,45468.140625,,,,,,,,,199172.0,2100.0,23.0,1022.0,-1071118336.0,119.0,-35.0,6.0,-37.0,124.0,16.0,,,,
2282,199184.0,47521.0,47555.0,46199.0,40889.0,199183.0,3.383577823638916,199185.0,45541.63671875,,,,,,,,,199182.0,2102.0,25.0,1022.0,-1071118336.0,118.0,-33.0,3.0,-39.0,101.0,18.0,,,,
2283,199194.0,46013.0,46443.0,47565.0,42355.0,199193.0,3.3782992362976074,199195.0,45594.9765625,,,,,,,,,199192.0,2103.0,25.0,1022.0,-1071118336.0,118.0,-33.0,1.0,4.0,57.0,11.0,,,,
2284,199204.0,46168.0,46084.0,47266.0,43082.0,199203.0,3.373020648956299,199205.0,45650.66015625,,,,,,,,,199202.0,2103.0,23.0,1022.0,-1071117312.0,116.0,-35.0,-4.0,88.0,82.0,-16.0,,,,
2285,199214.0,46401.0,47491.0,47397.0,41667.0,199213.0,3.373020648956299,199215.0,45739.86328125,,,,,,,,,199212.0,2106.0,23.0,1022.0,-1071117312.0,117.0,-36.0,-6.0,17.0,87.0,-2.0,,,,
2286,199224.0,47483.0,45727.0,46959.0,43131.0,199223.0,3.373020648956299,199225.0,45825.078125,,,,,,,,,199222.0,2107.0,22.0,1022.0,-1071117312.0,116.0,-36.0,-9.0,29.0,97.0,29.0,,,,
2287,199234.0,46027.0,47045.0,48123.0,42377.0,199233.0,3.373020648956299,199235.0,45893.32421875,,,,,,,,,199232.0,2108.0,22.0,1022.0,-1071116288.0,116.0,-37.0,-12.0,-20.0,33.0,5.0,,,,
2288,199244.0,47641.0,47391.0,46183.0,42653.0,199243.0,3.373020648956299,199245.0,45967.64453125,,,,,,,,,199242.0,2106.0,23.0,1022.0,-1071116287.0,110.0,-36.0,-18.0,94.0,-6.0,-25.0,,,,
2289,199254.0,46632.0,47158.0,48512.0,43602.0,199253.0,3.373020648956299,199255.0,46476.68359375,,,,,,,,,199252.0,2109.0,22.0,1019.0,-1070067712.0,112.0,-37.0,-33.0,10.0,91.0,-18.0,,,,
2290,199264.0,49059.0,46607.0,46357.0,44385.0,199263.0,3.373020648956299,199266.0,46602.84375,,,,,,,,,199262.0,2112.0,22.0,1019.0,-1070067712.0,113.0,-37.0,-36.0,-19.0,16.0,0.0,,,,
2291,199274.0,44774.0,48048.0,50290.0,43640.0,199273.0,3.373020648956299,199275.0,46688.28515625,,,,,,,,,199272.0,2112.0,23.0,1019.0,-1070067712.0,112.0,-36.0,-38.0,-53.0,73.0,-54.0,,,,
2292,199284.0,49108.0,47734.0,46630.0,43556.0,199283.0,3.3677420616149902,199285.0,46757.49609375,,,,,,,,,199282.0,2114.0,23.0,1018.0,-1071116288.0,111.0,-36.0,-39.0,-12.0,56.0,-7.0,,,,
2293,199294.0,47711.0,46867.0,47875.0,44751.0,199293.0,3.3624634742736816,199295.0,46801.12890625,,,,,,,,,199292.0,2115.0,23.0,1020.0,-1071116288.0,110.0,-37.0,-32.0,4.0,21.0,-17.0,,,,
2294,199304.0,48267.0,47899.0,46773.0,43205.0,199303.0,3.3624634742736816,199306.0,46536.9296875,,,,,,,,,199302.0,2116.0,22.0,1020.0,-1071116288.0,109.0,-38.0,-35.0,-32.0,-14.0,-15.0,,,,
2295,199314.0,45569.0,47667.0,50067.0,43181.0,199313.0,3.3624634742736816,199316.0,46621.77734375,,,,,,,,,199312.0,2117.0,23.0,1019.0,-1071115264.0,107.0,-37.0,-38.0,-44.0,69.0,3.0,,,,
2296,199324.0,49870.0,48518.0,46204.0,42216.0,199323.0,3.3624634742736816,199325.0,46702.71875,,,,,,,,,199322.0,2120.0,22.0,1019.0,-1071115264.0,108.0,-38.0,-38.0,1.0,16.0,23.0,,,,
2297,199334.0,45745.0,46809.0,49605.0,44701.0,199333.0,3.3624634742736816,199335.0,46715.05859375,,,,,,,,,199332.0,2121.0,22.0,1019.0,-1071115264.0,107.0,-39.0,-37.0,-7.0,-57.0,-16.0,,,,
2298,199344.0,51629.0,47095.0,43243.0,43529.0,199343.0,3.3624634742736816,199345.0,46374.1875,,,,,,,,,199342.0,2122.0,21.0,1020.0,-1071115264.0,106.0,-40.0,-24.0,77.0,-94.0,-5.0,,,,
2299,199354.0,46140.0,47564.0,48656.0,42880.0,199353.0,3.3624634742736816,199355.0,46310.953125,,,,,,,,,199352.0,2123.0,21.0,1020.0,-1071115776.0,104.0,-40.0,-24.0,5.0,26.0,-4.0,,,,
2300,199364.0,48083.0,46461.0,47329.0,43351.0,199363.0,3.3677420616149902,199365.0,46306.796875,,,,,,,,,199362.0,2124.0,25.0,1020.0,-1071116288.0,104.0,-35.0,-24.0,-4.0,-49.0,39.0,,,,
2301,199374.0,48011.0,47011.0,46795.0,43415.0,199373.0,3.3677420616149902,199375.0,46308.30078125,,,,,,,,,199372.0,2125.0,24.0,1019.0,-1071116288.0,102.0,-36.0,-24.0,24.0,-46.0,6.0,,,,
2302,199384.0,47477.0,47779.0,47069.0,43011.0,199383.0,3.3677420616149902,199386.0,46334.38671875,,,,,,,,,199382.0,2126.0,24.0,1019.0,-1071116288.0,101.0,-36.0,-25.0,11.0,53.0,-42.0,,,,
2303,199394.0,48186.0,48756.0,46540.0,41934.0,199393.0,3.3677420616149902,199395.0,46354.37890625,,,,,,,,,199392.0,2124.0,23.0,1019.0,-1071115776.0,96.0,-38.0,-27.0,34.0,48.0,-11.0,,,,
2304,199404.0,47036.0,48334.0,47792.0,42466.0,199403.0,3.373020648956299,199405.0,46407.984375,,,,,,,,,199402.0,2126.0,23.0,1019.0,-1071114752.0,96.0,-38.0,-28.0,43.0,-1.0,-2.0,,,,
2305,199414.0,46519.0,48517.0,48395.0,42317.0,199413.0,3.373020648956299,199415.0,46437.83984375,,,,,,,,,199412.0,2127.0,22.0,1018.0,-1070066176.0,95.0,-39.0,-28.0,-18.0,62.0,-23.0,,,,
2306,199424.0,48267.0,47399.0,46919.0,43203.0,199423.0,3.3677420616149902,199425.0,46447.83203125,,,,,,,,,199422.0,2128.0,22.0,1017.0,-1070066176.0,94.0,-39.0,-32.0,43.0,-3.0,6.0,,,,
2307,199434.0,46123.0,46253.0,48999.0,45077.0,199433.0,3.373020648956299,199435.0,46613.98828125,,,,,,,,,199432.0,2129.0,23.0,1017.0,-1070066176.0,92.0,-38.0,-31.0,21.0,-39.0,-23.0,,,,
2308,199444.0,45732.0,49808.0,49004.0,41920.0,199443.0,3.3677420616149902,199445.0,46616.94921875,,,,,,,,,199442.0,2130.0,22.0,1016.0,-1070066176.0,91.0,-40.0,-32.0,-15.0,-37.0,-47.0,,,,
2309,199454.0,45247.0,46319.0,50383.0,44659.0,199453.0,3.3677420616149902,199455.0,46652.94921875,,,,,,,,,199452.0,2131.0,22.0,1016.0,-1070066176.0,90.0,-40.0,-33.0,-62.0,34.0,19.0,,,,
2310,199464.0,48884.0,46464.0,47388.0,44036.0,199463.0,3.3677420616149902,199465.0,46693.71875,,,,,,,,,199462.0,2133.0,24.0,1016.0,-1071114752.0,90.0,-38.0,-33.0,-67.0,-53.0,53.0,,,,
2311,199474.0,46731.0,48543.0,49673.0,44437.0,199473.0,3.3677420616149902,199475.0,47346.77734375,,,,,,,,,199472.0,2135.0,23.0,1012.0,-1071115776.0,91.0,-39.0,-54.0,31.0,-112.0,-25.0,,,,
2312,199484.0,49224.0,48814.0,47314.0,44400.0,199483.0,3.3677420616149902,199485.0,47438.67578125,,,,,,,,,199482.0,2136.0,22.0,1011.0,-1071115776.0,90.0,-40.0,-55.0,27.0,-57.0,-30.0,,,,
2313,199494.0,46838.0,48832.0,49906.0,44376.0,199493.0,3.3624634742736816,199495.0,47488.73046875,,,,,,,,,199492.0,2137.0,22.0,1011.0,-1071115776.0,89.0,-41.0,-56.0,15.0,-27.0,-23.0,,,,
2314,199504.0,49455.0,48299.0,47921.0,44493.0,199503.0,3.3624634742736816,199505.0,47542.33203125,,,,,,,,,199502.0,2139.0,25.0,1010.0,-1071115776.0,88.0,-37.0,-55.0,37.0,-97.0,5.0,,,,
2315,199514.0,51999.0,49439.0,46379.0,44439.0,199513.0,3.3624634742736816,199516.0,48064.46484375,,,,,,,,,199512.0,2139.0,24.0,1007.0,-1071116800.0,87.0,-37.0,-70.0,75.0,-93.0,9.0,,,,
2316,199524.0,47097.0,50057.0,50367.0,44915.0,199523.0,3.357184886932373,199525.0,48109.08984375,,,,,,,,,199522.0,2142.0,24.0,1006.0,-1070068224.0,89.0,-38.0,-70.0,96.0,-86.0,-55.0,,,,
2317,199534.0,49315.0,49199.0,49377.0,44661.0,199533.0,3.357184886932373,199535.0,48138.08984375,,,,,,,,,199532.0,2142.0,22.0,1005.0,-1070068223.0,87.0,-41.0,-68.0,46.0,37.0,17.0,,,,
2318,199544.0,48522.0,50378.0,49724.0,43932.0,199543.0,3.3519062995910645,199545.0,48139.1953125,,,,,,,,,199542.0,2143.0,21.0,1004.0,-1070068223.0,86.0,-42.0,-65.0,21.0,-6.0,-9.0,,,,
2319,199554.0,49814.0,50810.0,48240.0,43528.0,199553.0,3.3519062995910645,199555.0,48098.58203125,,,,,,,,,199552.0,2143.0,22.0,1008.0,-1070068223.0,85.0,-42.0,-37.0,-5.0,71.0,-9.0,,,,
2320,199564.0,49346.0,49644.0,47110.0,42768.0,199563.0,3.3519062995910645,199565.0,47217.22265625,,,,,,,,,199562.0,2144.0,21.0,1008.0,-1070068223.0,84.0,-43.0,-34.0,14.0,28.0,-5.0,,,,
2321,199574.0,45505.0,50289.0,50701.0,42093.0,199573.0,3.3519062995910645,199575.0,47147.6015625,,,,,,,,,199572.0,2145.0,20.0,1008.0,-1070068223.0,83.0,-45.0,-31.0,7.0,103.0,-7.0,,,,
2322,199584.0,48620.0,49584.0,47116.0,43068.0,199583.0,3.357184886932373,199585.0,47097.46484375,,,,,,,,,199582.0,2148.0,20.0,1007.0,-1070068223.0,85.0,-45.0,-30.0,-53.0,-4.0,-27.0,,,,
2323,199594.0,45881.0,48327.0,49607.0,44485.0,199593.0,3.3624634742736816,199595.0,47075.6953125,,,,,,,,,199592.0,2146.0,20.0,1007.0,-1070067199.0,81.0,-45.0,-26.0,-70.0,84.0,-49.0,,,,
2324,199604.0,50224.0,48306.0,46304.0,44482.0,199603.0,3.3624634742736816,199605.0,47329.6953125,,,,,,,,,199602.0,2150.0,19.0,1005.0,-1070067199.0,84.0,-47.0,-32.0,-59.0,-12.0,-2.0,,,,
2325,199614.0,48585.0,48597.0,47361.0,44465.0,199613.0,3.3677420616149902,199615.0,47252.34765625,,,,,,,,,199612.0,2151.0,17.0,1005.0,-1070067199.0,83.0,-49.0,-29.0,18.0,-75.0,-46.0,,,,
2326,199624.0,47775.0,51607.0,47765.0,41693.0,199623.0,3.3624634742736816,199625.0,47210.08984375,,,,,,,,,199622.0,2155.0,17.0,1004.0,-1070068223.0,86.0,-50.0,-27.0,0.0,-4.0,-59.0,,,,
2327,199634.0,47184.0,47414.0,49096.0,44978.0,199633.0,3.3624634742736816,199635.0,47168.77734375,,,,,,,,,199632.0,2156.0,17.0,1004.0,-1070068223.0,85.0,-50.0,-27.0,-62.0,-37.0,-2.0,,,,
2328,199644.0,49762.0,48146.0,46376.0,43228.0,199643.0,3.3624634742736816,199645.0,46878.12890625,,,,,,,,,199642.0,2157.0,16.0,1006.0,-1070068223.0,84.0,-51.0,-16.0,-30.0,-51.0,18.0,,,,
2329,199654.0,50763.0,49029.0,44749.0,42803.0,199653.0,3.3677420616149902,199655.0,46836.41015625,,,,,,,,,199652.0,2157.0,16.0,1005.0,-1070068223.0,83.0,-52.0,-14.0,39.0,-37.0,15.0,,,,
2330,199664.0,44525.0,48757.0,49923.0,43927.0,199663.0,3.3677420616149902,199665.0,46783.22265625,,,,,,,,,199662.0,2158.0,15.0,1005.0,-1070068223.0,83.0,-52.0,-13.0,-29.0,-4.0,-73.0,,,,
2331,199674.0,48382.0,47934.0,47446.0,43338.0,199673.0,3.3677420616149902,199675.0,46775.65625,,,,,,,,,199672.0,2159.0,15.0,1005.0,-1071116798.0,82.0,-53.0,-12.0,-70.0,38.0,26.0,,,,
2332,199684.0,48926.0,46842.0,46414.0,44770.0,199683.0,3.3677420616149902,199685.0,46738.83984375,,,,,,,,,199682.0,2157.0,27.0,1006.0,-1071116798.0,77.0,-37.0,-4.0,-9.0,-92.0,4.0,,,,
2333,199694.0,48627.0,47327.0,46533.0,43405.0,199693.0,3.3677420616149902,199695.0,46473.38671875,,,,,,,,,199692.0,2158.0,26.0,1006.0,-1071116798.0,77.0,-37.0,-1.0,-77.0,-16.0,26.0,,,,
2334,199704.0,46495.0,48465.0,47455.0,43257.0,199703.0,3.3677420616149902,199705.0,46418.43359375,,,,,,,,,199702.0,2160.0,25.0,1006.0,-1071117823.0,78.0,-39.0,0.0,52.0,-74.0,-57.0,,,,
2335,199714.0,48293.0,47685.0,46489.0,42913.0,199713.0,3.3677420616149902,199715.0,46345.3828125,,,,,,,,,199712.0,2161.0,25.0,1006.0,-1071117822.0,77.0,-39.0,4.0,-53.0,-13.0,13.0,,,,
2336,199724.0,44585.0,48237.0,48983.0,43175.0,199723.0,3.373020648956299,199725.0,46245.72265625,,,,,,,,,199722.0,2162.0,24.0,1006.0,-1071117822.0,77.0,-40.0,6.0,14.0,-53.0,-51.0,,,,
2337,199734.0,46572.0,46288.0,47654.0,43890.0,199733.0,3.373020648956299,199735.0,46101.25390625,,,,,,,,,199732.0,2163.0,24.0,1007.0,-1071117822.0,76.0,-40.0,11.0,-12.0,-7.0,12.0,,,,
2338,199744.0,47428.0,48888.0,46544.0,41264.0,199743.0,3.373020648956299,199745.0,46031.8125,,,,,,,,,199742.0,2164.0,23.0,1007.0,-1072166398.0,76.0,-41.0,13.0,20.0,-65.0,1.0,,,,
2339,199754.0,48198.0,45776.0,45452.0,44402.0,199753.0,3.373020648956299,199755.0,45957.51953125,,,,,,,,,199752.0,2170.0,19.0,1007.0,-1071118846.0,83.0,-46.0,16.0,65.0,-161.0,9.0,,,,
2340,199764.0,46419.0,48369.0,46721.0,42027.0,199763.0,3.373020648956299,199765.0,45884.5859375,,,,,,,,,199762.0,2171.0,19.0,1007.0,-1071118846.0,82.0,-47.0,17.0,87.0,-36.0,-28.0,,,,
2341,199774.0,48832.0,48798.0,45316.0,41434.0,199773.0,3.373020648956299,199775.0,46095.15625,,,,,,,,,199772.0,2171.0,18.0,1006.0,-1071118846.0,82.0,-47.0,10.0,78.0,-58.0,9.0,,,,
2342,199784.0,45915.0,45823.0,48395.0,44151.0,199783.0,3.3782992362976074,199785.0,46071.02734375,,,,,,,,,199782.0,2172.0,18.0,1006.0,-1071118846.0,82.0,-48.0,9.0,18.0,-35.0,23.0,,,,
2343,199794.0,47033.0,49089.0,47083.0,41175.0,199793.0,3.373020648956299,199795.0,46095.8984375,,,,,,,,,199792.0,2173.0,17.0,1006.0,-1071119870.0,81.0,-48.0,6.0,70.0,-92.0,23.0,,,,
2344,199804.0,47157.0,48559.0,46481.0,42391.0,199803.0,3.373020648956299,199805.0,46147.5078125,,,,,,,,,199802.0,2174.0,17.0,1006.0,-1070071294.0,81.0,-49.0,3.0,-28.0,21.0,-44.0,,,,
2345,199814.0,46440.0,46148.0,48098.0,44182.0,199813.0,3.373020648956299,199815.0,46217.47265625,,,,,,,,,199812.0,2175.0,16.0,1006.0,-1070071294.0,81.0,-50.0,1.0,-53.0,13.0,11.0,,,,
2346,199824.0,44879.0,47027.0,49333.0,43789.0,199823.0,3.373020648956299,199825.0,46257.7109375,,,,,,,,,199822.0,2175.0,16.0,1006.0,-1071119870.0,81.0,-50.0,0.0,-133.0,28.0,0.0,,,,
2347,199834.0,44254.0,44602.0,50186.0,46118.0,199833.0,3.373020648956299,199835.0,46290.81640625,,,,,,,,,199832.0,2161.0,60.0,1006.0,-1073215998.0,60.0,10.0,-1.0,-143.0,-41.0,19.0,,,,
2348,199844.0,41240.0,45402.0,52784.0,45882.0,199843.0,3.373020648956299,199845.0,46327.18359375,,,,,,,,,199842.0,2162.0,59.0,1006.0,-536345086.0,59.0,8.0,-4.0,-51.0,35.0,-34.0,,,,
2349,199854.0,45317.0,47619.0,49271.0,43357.0,199853.0,3.3677420616149902,199855.0,46391.53515625,,,,,,,,,199852.0,2163.0,59.0,1006.0,-536345086.0,60.0,8.0,-4.0,-29.0,-5.0,0.0,,,,
2350,199864.0,45978.0,46626.0,47670.0,43902.0,199863.0,3.3677420616149902,199865.0,46044.11328125,,,,,,,,,199862.0,2163.0,59.0,1008.0,-536345086.0,60.0,8.0,5.0,115.0,-129.0,-10.0,,,,
2351,199874.0,48671.0,50035.0,45423.0,40043.0,199873.0,3.3677420616149902,199875.0,46043.86328125,,,,,,,,,199872.0,2164.0,59.0,1008.0,-1073217022.0,59.0,8.0,4.0,277.0,-92.0,18.0,,,,
2352,199884.0,47401.0,47193.0,46841.0,42801.0,199883.0,3.3677420616149902,199885.0,46059.37109375,,,,,,,,,199882.0,2164.0,59.0,1008.0,-1072692734.0,59.0,8.0,7.0,385.0,-215.0,30.0,,,,
2353,199894.0,54358.0,48176.0,40818.0,40560.0,199893.0,3.373020648956299,199895.0,45978.765625,,,,,,,,,199892.0,2174.0,36.0,1009.0,-1069545982.0,72.0,-25.0,9.0,569.0,-275.0,92.0,,,,
2354,199904.0,51888.0,52258.0,43332.0,39518.0,199903.0,3.373020648956299,199905.0,46749.796875,,,,,,,,,199902.0,2176.0,36.0,1004.0,-1067447807.0,74.0,-25.0,-14.0,603.0,-183.0,-11.0,,,,
2355,199914.0,51134.0,51478.0,44200.0,40216.0,199913.0,3.373020648956299,199915.0,46757.75,,,,,,,,,199912.0,2176.0,35.0,1004.0,-1065349631.0,74.0,-27.0,-17.0,598.0,-265.0,-6.0,,,,
2356,199924.0,51856.0,47688.0,43950.0,43806.0,199923.0,3.3677420616149902,199925.0,46825.77734375,,,,,,,,,199922.0,2177.0,35.0,1004.0,-1063251455.0,75.0,-29.0,-20.0,393.0,-145.0,15.0,,,,
2357,199934.0,53018.0,45978.0,43700.0,45004.0,199933.0,3.3677420616149902,199935.0,46925.18359375,,,,,,,,,199932.0,2178.0,35.0,1003.0,-1062202879.0,76.0,-31.0,-23.0,252.0,-175.0,72.0,,,,
2358,199944.0,47149.0,49681.0,48405.0,42745.0,199943.0,3.3677420616149902,199945.0,46995.203125,,,,,,,,,199942.0,2179.0,35.0,1001.0,-1061153279.0,78.0,-34.0,-35.0,172.0,-88.0,-8.0,,,,
2359,199954.0,44252.0,48490.0,52468.0,44402.0,199953.0,3.3624634742736816,199955.0,47403.546875,,,,,,,,,199952.0,2180.0,35.0,1001.0,-1061153279.0,78.0,-36.0,-39.0,-116.0,94.0,0.0,,,,
2360,199964.0,47518.0,46362.0,50030.0,46126.0,199963.0,3.3624634742736816,199965.0,47509.40625,,,,,,,,,199962.0,2180.0,35.0,1001.0,-1061153279.0,79.0,-39.0,-41.0,-269.0,-23.0,48.0,,,,
2361,199974.0,44212.0,47110.0,52692.0,46350.0,199973.0,3.357184886932373,199975.0,47591.0234375,,,,,,,,,199972.0,2181.0,36.0,1000.0,-1062201855.0,81.0,-40.0,-41.0,-305.0,52.0,-24.0,,,,
2362,199984.0,45633.0,48513.0,51435.0,44927.0,199983.0,3.357184886932373,199985.0,47627.953125,,,,,,,,,199982.0,2182.0,35.0,1000.0,-1063251455.0,82.0,-43.0,-41.0,-357.0,114.0,-10.0,,,,
2363,199994.0,46010.0,47766.0,51466.0,45034.0,199993.0,3.357184886932373,199995.0,47569.39453125,,,,,,,,,199992.0,2182.0,36.0,1000.0,-1065348607.0,82.0,-45.0,-36.0,-371.0,137.0,21.0,,,,
2364,200004.0,45344.0,46522.0,52120.0,46130.0,200003.0,3.357184886932373,200005.0,47529.3671875,,,,,,,,,200002.0,2183.0,35.0,1000.0,-1066398207.0,83.0,-47.0,-35.0,-317.0,62.0,49.0,,,,
2365,200014.0,48285.0,49815.0,49059.0,42877.0,200013.0,3.357184886932373,200015.0,47509.140625,,,,,,,,,200012.0,2184.0,35.0,999.0,-1067446783.0,85.0,-49.0,-34.0,-225.0,72.0,10.0,,,,
2366,200024.0,47713.0,48573.0,49445.0,44353.0,200023.0,3.357184886932373,200025.0,47521.5625,,,,,,,,,200022.0,2185.0,33.0,999.0,-1068495359.0,86.0,-52.0,-34.0,-99.0,17.0,10.0,,,,
2367,200034.0,50085.0,49071.0,47933.0,44311.0,200033.0,3.357184886932373,200035.0,47850.984375,,,,,,,,,200032.0,2188.0,33.0,997.0,-1068495359.0,89.0,-52.0,-42.0,-38.0,-22.0,18.0,,,,
2368,200044.0,50417.0,50021.0,47343.0,43639.0,200043.0,3.357184886932373,200045.0,47855.6171875,,,,,,,,,200042.0,2189.0,33.0,996.0,-1068495359.0,90.0,-54.0,-41.0,42.0,-32.0,-3.0,,,,
2369,200054.0,50117.0,48325.0,48095.0,44887.0,200053.0,3.357184886932373,200055.0,47856.859375,,,,,,,,,200052.0,2191.0,30.0,996.0,-1068495359.0,93.0,-58.0,-39.0,48.0,-49.0,40.0,,,,
2370,200064.0,51782.0,48932.0,46734.0,43852.0,200063.0,3.357184886932373,200065.0,47825.8125,,,,,,,,,200062.0,2194.0,29.0,996.0,-1068494336.0,97.0,-60.0,-36.0,157.0,-76.0,53.0,,,,
2371,200074.0,46089.0,50591.0,51349.0,43047.0,200073.0,3.357184886932373,200075.0,47769.37890625,,,,,,,,,200072.0,2195.0,29.0,995.0,-1067445760.0,98.0,-61.0,-33.0,130.0,-108.0,-10.0,,,,
2372,200084.0,50020.0,49622.0,47242.0,44024.0,200083.0,3.357184886932373,200085.0,47727.78125,,,,,,,,,200082.0,2196.0,28.0,995.0,-1067445760.0,99.0,-62.0,-30.0,77.0,-50.0,-21.0,,,,
2373,200094.0,49550.0,48380.0,47978.0,44788.0,200093.0,3.357184886932373,200095.0,47674.33984375,,,,,,,,,200092.0,2198.0,27.0,995.0,-1067444736.0,102.0,-65.0,-29.0,33.0,6.0,1.0,,,,
2374,200104.0,47217.0,47799.0,50699.0,44933.0,200103.0,3.357184886932373,200105.0,47662.0625,,,,,,,,,200102.0,2199.0,27.0,994.0,-1066396160.0,104.0,-65.0,-28.0,-27.0,15.0,32.0,,,,
2375,200114.0,47082.0,51046.0,49374.0,43166.0,200113.0,3.357184886932373,200115.0,47667.375,,,,,,,,,200112.0,2200.0,27.0,994.0,-1067444736.0,105.0,-67.0,-27.0,-48.0,74.0,-53.0,,,,
2376,200124.0,48209.0,48913.0,49653.0,44093.0,200123.0,3.3624634742736816,200125.0,47717.14453125,,,,,,,,,200122.0,2200.0,29.0,993.0,-1067445760.0,104.0,-65.0,-27.0,-123.0,128.0,24.0,,,,
2377,200134.0,46540.0,48586.0,51416.0,44194.0,200133.0,3.357184886932373,200135.0,47684.51953125,,,,,,,,,200132.0,2200.0,27.0,993.0,-1067445760.0,103.0,-68.0,-24.0,-150.0,159.0,38.0,,,,
2378,200144.0,48446.0,48740.0,49484.0,43806.0,200143.0,3.3624634742736816,200145.0,47619.4375,,,,,,,,,200142.0,2201.0,27.0,993.0,-1068495360.0,105.0,-68.0,-23.0,-193.0,176.0,18.0,,,,
2379,200154.0,49138.0,50002.0,47988.0,43316.0,200153.0,3.357184886932373,200155.0,47611.8359375,,,,,,,,,200152.0,2202.0,26.0,993.0,-1069544960.0,106.0,-71.0,-20.0,-112.0,78.0,-9.0,,,,
2380,200164.0,45096.0,48312.0,52930.0,45102.0,200163.0,3.357184886932373,200165.0,47860.50390625,,,,,,,,,200162.0,2203.0,25.0,991.0,-1069544960.0,107.0,-72.0,-26.0,-195.0,175.0,4.0,,,,
2381,200174.0,49198.0,48750.0,49054.0,44270.0,200173.0,3.357184886932373,200175.0,47818.0234375,,,,,,,,,200172.0,2201.0,26.0,991.0,-1070594560.0,102.0,-70.0,-24.0,-137.0,53.0,40.0,,,,
2382,200184.0,47022.0,50442.0,50588.0,43088.0,200183.0,3.3624634742736816,200185.0,47785.8359375,,,,,,,,,200182.0,2203.0,27.0,990.0,-1070594560.0,103.0,-69.0,-21.0,-194.0,125.0,-11.0,,,,
2383,200194.0,51776.0,47664.0,46362.0,45130.0,200193.0,3.357184886932373,200195.0,47733.55859375,,,,,,,,,200192.0,2206.0,26.0,990.0,-1071643136.0,106.0,-70.0,-20.0,-118.0,-47.0,47.0,,,,
2384,200204.0,49018.0,48102.0,48494.0,45230.0,200203.0,3.357184886932373,200205.0,47711.11328125,,,,,,,,,200202.0,2207.0,25.0,994.0,-1071643136.0,107.0,-70.0,5.0,-73.0,-71.0,-10.0,,,,
2385,200214.0,48765.0,49137.0,46567.0,42923.0,200213.0,3.357184886932373,200215.0,46848.953125,,,,,,,,,200212.0,2210.0,25.0,995.0,-1072692224.0,110.0,-70.0,8.0,-47.0,-41.0,-34.0,,,,
2386,200224.0,50378.0,46568.0,45744.0,44470.0,200223.0,3.357184886932373,200225.0,46790.08203125,,,,,,,,,200222.0,2211.0,24.0,995.0,-1072690688.0,110.0,-70.0,9.0,-13.0,-78.0,26.0,,,,
2387,200234.0,46747.0,45885.0,49451.0,44877.0,200233.0,3.357184886932373,200235.0,46740.578125,,,,,,,,,200232.0,2214.0,24.0,995.0,-1072691200.0,114.0,-70.0,12.0,19.0,-39.0,26.0,,,,
2388,200244.0,49752.0,50542.0,46202.0,40176.0,200243.0,3.3677420616149902,200245.0,46668.96484375,,,,,,,,,200242.0,2216.0,22.0,995.0,-1072691200.0,115.0,-72.0,14.0,-1.0,-49.0,39.0,,,,
2389,200254.0,48079.0,48115.0,47991.0,44555.0,200253.0,3.3677420616149902,200255.0,47185.21484375,,,,,,,,,200252.0,2218.0,21.0,992.0,-1072691200.0,117.0,-74.0,-1.0,23.0,7.0,-21.0,,,,
2390,200264.0,48628.0,48192.0,48618.0,43258.0,200263.0,3.3677420616149902,200265.0,47174.3046875,,,,,,,,,200262.0,2219.0,20.0,992.0,-1072691200.0,118.0,-74.0,-1.0,-38.0,64.0,39.0,,,,
2391,200274.0,48879.0,48623.0,47715.0,43439.0,200273.0,3.3677420616149902,200275.0,47164.37109375,,,,,,,,,200272.0,2219.0,22.0,992.0,-1072691200.0,117.0,-70.0,0.0,-64.0,17.0,10.0,,,,
2392,200284.0,46018.0,48406.0,50450.0,43778.0,200283.0,3.3624634742736816,200285.0,47163.2734375,,,,,,,,,200282.0,2220.0,21.0,992.0,-1072691200.0,118.0,-71.0,0.0,-147.0,129.0,0.0,,,,
2393,200294.0,44616.0,49366.0,50544.0,41802.0,200293.0,3.3624634742736816,200295.0,46582.625,,,,,,,,,200292.0,2219.0,22.0,995.0,-1073740800.0,115.0,-68.0,16.0,-90.0,182.0,-23.0,,,,
2394,200304.0,47494.0,46100.0,48350.0,44320.0,200303.0,3.3624634742736816,200305.0,46566.64453125,,,,,,,,,200302.0,2220.0,22.0,995.0,-536869888.0,115.0,-67.0,18.0,-135.0,106.0,43.0,,,,
2395,200314.0,45423.0,48399.0,49361.0,42881.0,200313.0,3.3677420616149902,200315.0,46516.109375,,,,,,,,,200312.0,2223.0,22.0,995.0,-536869888.0,117.0,-66.0,20.0,-64.0,83.0,-33.0,,,,
2396,200324.0,46178.0,47130.0,48956.0,43084.0,200323.0,3.3677420616149902,200325.0,46337.9609375,,,,,,,,,200322.0,2224.0,19.0,995.0,-535822336.0,117.0,-69.0,24.0,-101.0,124.0,16.0,,,,
2397,200334.0,46424.0,49290.0,48068.0,41554.0,200333.0,3.373020648956299,200335.0,46334.33203125,,,,,,,,,200332.0,2226.0,19.0,997.0,-535298048.0,119.0,-68.0,35.0,12.0,57.0,-22.0,,,,
2398,200344.0,48088.0,47646.0,45248.0,42750.0,200343.0,3.373020648956299,200345.0,45933.6796875,,,,,,,,,200342.0,2227.0,19.0,997.0,-535298048.0,118.0,-67.0,36.0,-75.0,64.0,-38.0,,,,
2399,200354.0,45013.0,47407.0,48833.0,42463.0,200353.0,3.373020648956299,200355.0,45929.15234375,,,,,,,,,200352.0,2228.0,18.0,998.0,-535296512.0,118.0,-67.0,34.0,-18.0,143.0,-31.0,,,,
2400,200364.0,49892.0,49072.0,43958.0,41050.0,200363.0,3.373020648956299,200365.0,45993.85546875,,,,,,,,,200362.0,2228.0,17.0,998.0,-535296512.0,115.0,-67.0,31.0,-32.0,74.0,-23.0,,,,
2401,200374.0,47355.0,46193.0,46987.0,43421.0,200373.0,3.3782992362976074,200375.0,45989.7578125,,,,,,,,,200372.0,2230.0,17.0,998.0,-535296512.0,117.0,-67.0,30.0,73.0,-2.0,34.0,,,,
2402,200384.0,46615.0,48529.0,48155.0,43605.0,200383.0,3.3782992362976074,200385.0,46726.796875,,,,,,,,,200382.0,2231.0,16.0,994.0,-535296512.0,117.0,-66.0,9.0,69.0,52.0,-56.0,,,,
2403,200394.0,49521.0,49059.0,45943.0,42377.0,200393.0,3.373020648956299,200395.0,46725.89453125,,,,,,,,,200392.0,2232.0,15.0,995.0,-535296512.0,115.0,-66.0,10.0,50.0,9.0,-11.0,,,,
2404,200404.0,48920.0,46894.0,46542.0,44380.0,200403.0,3.373020648956299,200405.0,46684.84375,,,,,,,,,200402.0,2233.0,15.0,995.0,-535295488.0,115.0,-66.0,10.0,2.0,-43.0,1.0,,,,
2405,200414.0,48328.0,48442.0,47490.0,42472.0,200413.0,3.373020648956299,200415.0,46683.80078125,,,,,,,,,200412.0,2237.0,16.0,995.0,-535296512.0,120.0,-63.0,9.0,-72.0,14.0,31.0,,,,
2406,200424.0,48137.0,48447.0,46775.0,43633.0,200423.0,3.3677420616149902,200425.0,46748.140625,,,,,,,,,200422.0,2238.0,15.0,995.0,-535296512.0,119.0,-63.0,8.0,-33.0,12.0,-58.0,,,,
2407,200434.0,47855.0,44977.0,48343.0,45813.0,200433.0,3.3677420616149902,200435.0,46747.41796875,,,,,,,,,200432.0,2241.0,16.0,995.0,-535296512.0,122.0,-59.0,7.0,-86.0,-23.0,41.0,,,,
2408,200444.0,45984.0,48966.0,49506.0,42928.0,200443.0,3.3677420616149902,200445.0,46846.8359375,,,,,,,,,200442.0,2242.0,16.0,995.0,-534247936.0,121.0,-59.0,4.0,-66.0,-7.0,-26.0,,,,
2409,200454.0,47539.0,47361.0,48351.0,44133.0,200453.0,3.3624634742736816,200455.0,46846.734375,,,,,,,,,200452.0,2245.0,16.0,995.0,-534247936.0,123.0,-57.0,3.0,-88.0,73.0,-1.0,,,,
2410,200464.0,48035.0,48315.0,46935.0,41995.0,200463.0,3.3624634742736816,200465.0,46320.85546875,,,,,,,,,200462.0,2246.0,15.0,998.0,-534247936.0,123.0,-57.0,19.0,-54.0,19.0,20.0,,,,
2411,200474.0,44292.0,48872.0,50362.0,41746.0,200473.0,3.3624634742736816,200475.0,46318.37890625,,,,,,,,,200472.0,2245.0,12.0,998.0,-534246912.0,118.0,-60.0,19.0,-78.0,90.0,-9.0,,,,
2412,200484.0,45439.0,47809.0,49155.0,42753.0,200483.0,3.3677420616149902,200485.0,46289.3671875,,,,,,,,,200482.0,2246.0,11.0,998.0,-533198336.0,118.0,-61.0,19.0,-22.0,146.0,-9.0,,,,
2413,200494.0,47548.0,48428.0,47872.0,41292.0,200493.0,3.3677420616149902,200495.0,46285.484375,,,,,,,,,200492.0,2247.0,10.0,998.0,-533198336.0,117.0,-60.0,20.0,-57.0,105.0,60.0,,,,
2414,200504.0,48753.0,47703.0,46421.0,41943.0,200503.0,3.3677420616149902,200505.0,46205.921875,,,,,,,,,200502.0,2247.0,11.0,1001.0,-533197824.0,114.0,-57.0,37.0,-12.0,13.0,49.0,,,,
2415,200514.0,45649.0,48335.0,47625.0,41143.0,200513.0,3.3677420616149902,200515.0,45688.25390625,,,,,,,,,200512.0,2250.0,11.0,1001.0,-533197824.0,116.0,-56.0,37.0,15.0,43.0,-14.0,,,,
2416,200524.0,45087.0,46967.0,48439.0,42067.0,200523.0,3.3677420616149902,200525.0,45640.67578125,,,,,,,,,200522.0,2251.0,11.0,1002.0,-533197824.0,115.0,-55.0,37.0,-26.0,52.0,2.0,,,,
2417,200534.0,49539.0,46709.0,44519.0,41761.0,200533.0,3.3677420616149902,200535.0,45632.62109375,,,,,,,,,200532.0,2253.0,10.0,1002.0,-533197824.0,116.0,-55.0,36.0,-26.0,5.0,45.0,,,,
2418,200544.0,49148.0,46754.0,44976.0,41738.0,200543.0,3.373020648956299,200545.0,45654.0,,,,,,,,,200542.0,2255.0,9.0,1002.0,-533197824.0,116.0,-53.0,34.0,-9.0,-59.0,47.0,,,,
2419,200554.0,45076.0,47446.0,48064.0,42018.0,200553.0,3.373020648956299,200555.0,45651.81640625,,,,,,,,,200552.0,2257.0,9.0,1003.0,-533197824.0,117.0,-52.0,34.0,3.0,-48.0,-29.0,,,,
2420,200564.0,47607.0,44649.0,46621.0,43727.0,200563.0,3.373020648956299,200565.0,45651.3828125,,,,,,,,,200562.0,2259.0,8.0,1003.0,-533197824.0,116.0,-52.0,32.0,-78.0,-46.0,45.0,,,,
2421,200574.0,45135.0,46685.0,48349.0,42407.0,200573.0,3.373020648956299,200575.0,45644.7265625,,,,,,,,,200572.0,2260.0,8.0,1003.0,-533197824.0,116.0,-51.0,32.0,-51.0,-78.0,-1.0,,,,
2422,200584.0,45557.0,44973.0,48315.0,43539.0,200583.0,3.373020648956299,200585.0,45596.9453125,,,,,,,,,200582.0,2261.0,7.0,1004.0,-532150272.0,115.0,-50.0,33.0,-95.0,28.0,25.0,,,,
2423,200594.0,47703.0,45001.0,45985.0,43211.0,200593.0,3.373020648956299,200595.0,45475.0078125,,,,,,,,,200592.0,2261.0,12.0,1005.0,-532150271.0,113.0,-41.0,36.0,-44.0,-64.0,51.0,,,,
2424,200604.0,46951.0,44749.0,46857.0,43223.0,200603.0,3.373020648956299,200605.0,45445.4609375,,,,,,,,,200602.0,2263.0,11.0,1005.0,-532150271.0,113.0,-40.0,35.0,-98.0,9.0,38.0,,,,
2425,200614.0,44772.0,46318.0,48862.0,41816.0,200613.0,3.3782992362976074,200615.0,45442.51171875,,,,,,,,,200612.0,2262.0,11.0,1005.0,-531101695.0,110.0,-38.0,32.0,-41.0,15.0,24.0,,,,
2426,200624.0,48171.0,44633.0,46029.0,43115.0,200623.0,3.373020648956299,200625.0,45487.30078125,,,,,,,,,200622.0,2263.0,11.0,1006.0,-531101695.0,109.0,-37.0,31.0,-70.0,4.0,60.0,,,,
2427,200634.0,48355.0,47555.0,45285.0,40753.0,200633.0,3.3782992362976074,200635.0,45487.640625,,,,,,,,,200632.0,2264.0,11.0,1003.0,-531101695.0,108.0,-35.0,15.0,84.0,-114.0,32.0,,,,
2428,200644.0,49159.0,47405.0,45499.0,41949.0,200643.0,3.3782992362976074,200645.0,46003.33203125,,,,,,,,,200642.0,2268.0,8.0,1004.0,-531101695.0,111.0,-38.0,14.0,33.0,17.0,16.0,,,,
2429,200654.0,47184.0,46452.0,48048.0,42372.0,200653.0,3.3782992362976074,200655.0,46014.3671875,,,,,,,,,200652.0,2269.0,6.0,1004.0,-531101695.0,111.0,-38.0,13.0,60.0,3.0,51.0,,,,
2430,200664.0,47762.0,46130.0,47536.0,42740.0,200663.0,3.373020648956299,200665.0,46042.1484375,,,,,,,,,200662.0,2272.0,6.0,1004.0,-532150271.0,113.0,-37.0,11.0,65.0,-49.0,49.0,,,,
2431,200674.0,48628.0,48592.0,46696.0,40364.0,200673.0,3.373020648956299,200675.0,46070.30859375,,,,,,,,,200672.0,2273.0,6.0,1004.0,-532150270.0,112.0,-34.0,8.0,42.0,-45.0,59.0,,,,
2432,200684.0,46559.0,47849.0,47605.0,41471.0,200683.0,3.3677420616149902,200685.0,45871.06640625,,,,,,,,,200682.0,2274.0,6.0,1005.0,-532150270.0,112.0,-33.0,13.0,107.0,-5.0,-12.0,,,,
2433,200694.0,46750.0,45822.0,48394.0,42726.0,200693.0,3.373020648956299,200695.0,45923.02734375,,,,,,,,,200692.0,2275.0,6.0,1006.0,-532150270.0,112.0,-32.0,12.0,2.0,24.0,52.0,,,,
2434,200704.0,45393.0,47933.0,49133.0,41345.0,200703.0,3.373020648956299,200705.0,45951.5078125,,,,,,,,,200702.0,2276.0,5.0,1006.0,-532150270.0,111.0,-31.0,12.0,32.0,-29.0,12.0,,,,
2435,200714.0,46375.0,45739.0,48853.0,42757.0,200713.0,3.373020648956299,200715.0,45931.9375,,,,,,,,,200712.0,2277.0,5.0,1006.0,-533198846.0,111.0,-30.0,12.0,3.0,61.0,40.0,,,,
2436,200724.0,44891.0,47117.0,50205.0,42143.0,200723.0,3.373020648956299,200725.0,46089.76953125,,,,,,,,,200722.0,2268.0,19.0,1005.0,-532150270.0,94.0,-7.0,7.0,49.0,-31.0,18.0,,,,
2437,200734.0,45706.0,46098.0,50052.0,42524.0,200733.0,3.373020648956299,200735.0,46095.3671875,,,,,,,,,200732.0,2270.0,19.0,1005.0,-532150270.0,94.0,-6.0,5.0,-95.0,53.0,63.0,,,,
2438,200744.0,45599.0,46249.0,49599.0,43089.0,200743.0,3.3677420616149902,200745.0,46134.61328125,,,,,,,,,200742.0,2270.0,19.0,1005.0,-532150270.0,94.0,-5.0,3.0,10.0,35.0,7.0,,,,
2439,200754.0,48369.0,45533.0,47673.0,43153.0,200753.0,3.3677420616149902,200755.0,46182.18359375,,,,,,,,,200752.0,2269.0,17.0,1005.0,-532150270.0,90.0,-7.0,2.0,0.0,-8.0,66.0,,,,
2440,200764.0,45858.0,46784.0,49594.0,42516.0,200763.0,3.3677420616149902,200765.0,46188.703125,,,,,,,,,200762.0,2273.0,17.0,1000.0,-532150269.0,94.0,-6.0,-32.0,153.0,-125.0,31.0,,,,
2441,200774.0,49505.0,48199.0,48455.0,43233.0,200773.0,3.3677420616149902,200775.0,47348.34375,,,,,,,,,200772.0,2274.0,17.0,999.0,-533198845.0,93.0,-5.0,-33.0,178.0,-92.0,27.0,,,,
2442,200784.0,51003.0,46735.0,47505.0,44345.0,200783.0,3.3677420616149902,200785.0,47397.1953125,,,,,,,,,200782.0,2275.0,17.0,999.0,-533199869.0,93.0,-4.0,-34.0,133.0,-147.0,66.0,,,,
2443,200794.0,52647.0,45275.0,45763.0,46119.0,200793.0,3.3624634742736816,200795.0,47451.85546875,,,,,,,,,200792.0,2281.0,14.0,999.0,-534248445.0,100.0,-7.0,-35.0,161.0,-236.0,38.0,,,,
2444,200804.0,48653.0,48375.0,48999.0,43921.0,200803.0,3.357184886932373,200805.0,47487.69140625,,,,,,,,,200802.0,2283.0,13.0,998.0,-535822333.0,102.0,-8.0,-36.0,279.0,-183.0,-18.0,,,,
2445,200814.0,50107.0,48281.0,48529.0,44023.0,200813.0,3.357184886932373,200815.0,47735.57421875,,,,,,,,,200812.0,2284.0,13.0,997.0,-535821309.0,101.0,-8.0,-42.0,165.0,-59.0,6.0,,,,
2446,200824.0,50752.0,47982.0,48208.0,44094.0,200823.0,3.357184886932373,200825.0,47759.71484375,,,,,,,,,200822.0,2285.0,14.0,996.0,-1073740797.0,102.0,-6.0,-41.0,192.0,-128.0,55.0,,,,
2447,200834.0,49401.0,49531.0,49269.0,42847.0,200833.0,3.357184886932373,200835.0,47762.46875,,,,,,,,,200832.0,2286.0,14.0,996.0,-1072691197.0,102.0,-6.0,-41.0,140.0,-5.0,12.0,,,,
2448,200844.0,47002.0,49310.0,51388.0,43440.0,200843.0,3.3519062995910645,200845.0,47785.1796875,,,,,,,,,200842.0,2287.0,14.0,995.0,-1072691197.0,102.0,-6.0,-43.0,160.0,27.0,-6.0,,,,
2449,200854.0,48753.0,48211.0,50141.0,43447.0,200853.0,3.3519062995910645,200855.0,47638.4765625,,,,,,,,,200852.0,2284.0,12.0,996.0,-1071643644.0,97.0,-9.0,-37.0,26.0,67.0,46.0,,,,
2450,200864.0,47972.0,48756.0,50476.0,43544.0,200863.0,3.357184886932373,200865.0,47687.62890625,,,,,,,,,200862.0,2285.0,12.0,996.0,-1071643644.0,98.0,-9.0,-37.0,63.0,127.0,13.0,,,,
2451,200874.0,49727.0,49523.0,49135.0,42451.0,200873.0,3.3519062995910645,200875.0,47709.00390625,,,,,,,,,200872.0,2286.0,12.0,996.0,-1071643644.0,98.0,-10.0,-33.0,12.0,101.0,34.0,,,,
2452,200884.0,46789.0,47433.0,51785.0,44505.0,200883.0,3.3519062995910645,200885.0,47628.125,,,,,,,,,200882.0,2287.0,12.0,995.0,-1071644668.0,98.0,-11.0,-31.0,-16.0,73.0,20.0,,,,
2453,200894.0,48490.0,49376.0,49610.0,42928.0,200893.0,3.357184886932373,200895.0,47601.71484375,,,,,,,,,200892.0,2289.0,13.0,994.0,-1071120380.0,100.0,-9.0,-32.0,-85.0,108.0,-20.0,,,,
2454,200904.0,49265.0,48051.0,49633.0,43755.0,200903.0,3.357184886932373,200905.0,47676.30078125,,,,,,,,,200902.0,2291.0,13.0,994.0,-1071120380.0,100.0,-10.0,-29.0,-48.0,26.0,36.0,,,,
2455,200914.0,47380.0,47036.0,50932.0,45144.0,200913.0,3.357184886932373,200915.0,47623.828125,,,,,,,,,200912.0,2292.0,16.0,994.0,-1072168956.0,101.0,-5.0,-27.0,-23.0,-95.0,5.0,,,,
2456,200924.0,49395.0,48121.0,48861.0,43987.0,200923.0,3.357184886932373,200925.0,47591.171875,,,,,,,,,200922.0,2293.0,16.0,993.0,-1072168956.0,101.0,-6.0,-25.0,7.0,-8.0,-15.0,,,,
2457,200934.0,51763.0,47987.0,46771.0,43723.0,200933.0,3.357184886932373,200935.0,47561.42578125,,,,,,,,,200932.0,2294.0,16.0,993.0,-1072168956.0,101.0,-6.0,-23.0,-33.0,-66.0,16.0,,,,
2458,200944.0,53677.0,45435.0,45795.0,46341.0,200943.0,3.357184886932373,200945.0,47812.98046875,,,,,,,,,200942.0,2302.0,11.0,991.0,-1072692220.0,111.0,-13.0,-30.0,91.0,-181.0,62.0,,,,
2459,200954.0,52263.0,48583.0,46033.0,44361.0,200953.0,3.357184886932373,200955.0,47810.36328125,,,,,,,,,200952.0,2303.0,12.0,991.0,-1071643644.0,112.0,-13.0,-29.0,148.0,-55.0,-35.0,,,,
2460,200964.0,50303.0,47241.0,49207.0,44489.0,200963.0,3.357184886932373,200965.0,47810.6796875,,,,,,,,,200962.0,2305.0,11.0,991.0,-1071643644.0,112.0,-13.0,-28.0,61.0,-24.0,49.0,,,,
2461,200974.0,49885.0,48103.0,48739.0,44489.0,200973.0,3.357184886932373,200975.0,47804.4296875,,,,,,,,,200972.0,2307.0,8.0,991.0,-1070594044.0,115.0,-19.0,-27.0,64.0,-53.0,-2.0,,,,
2462,200984.0,51484.0,49246.0,49402.0,43920.0,200983.0,3.357184886932373,200985.0,48513.2890625,,,,,,,,,200982.0,2309.0,9.0,986.0,-1070594044.0,116.0,-18.0,-46.0,31.0,37.0,42.0,,,,
2463,200994.0,49987.0,50857.0,50271.0,42905.0,200993.0,3.357184886932373,200995.0,48505.33203125,,,,,,,,,200992.0,2310.0,9.0,986.0,-1070594044.0,117.0,-19.0,-46.0,87.0,14.0,5.0,,,,
2464,201004.0,50630.0,48006.0,50218.0,45262.0,201003.0,3.357184886932373,201005.0,48529.50390625,,,,,,,,,201002.0,2307.0,5.0,985.0,-1070595068.0,111.0,-24.0,-44.0,-106.0,104.0,30.0,,,,
2465,201014.0,49355.0,49995.0,50865.0,43845.0,201013.0,3.3519062995910645,201015.0,48515.109375,,,,,,,,,201012.0,2309.0,7.0,985.0,-1070595067.0,112.0,-23.0,-42.0,-68.0,181.0,-5.0,,,,
2466,201024.0,49142.0,50134.0,51262.0,43494.0,201023.0,3.3519062995910645,201025.0,48508.0859375,,,,,,,,,201022.0,2310.0,7.0,986.0,-1070596091.0,112.0,-24.0,-29.0,-85.0,113.0,11.0,,,,
2467,201034.0,46402.0,47838.0,52564.0,45616.0,201033.0,3.3519062995910645,201035.0,48105.60546875,,,,,,,,,201032.0,2310.0,6.0,986.0,-1071120379.0,111.0,-25.0,-24.0,-127.0,137.0,-33.0,,,,
2468,201044.0,47599.0,50529.0,51507.0,42449.0,201043.0,3.3519062995910645,201045.0,48021.109375,,,,,,,,,201042.0,2313.0,7.0,986.0,-1071119356.0,114.0,-24.0,-22.0,-141.0,174.0,-3.0,,,,
2469,201054.0,48820.0,49170.0,50714.0,43228.0,201053.0,3.3519062995910645,201055.0,47983.91015625,,,,,,,,,201052.0,2313.0,5.0,986.0,-1072167932.0,112.0,-27.0,-18.0,-158.0,78.0,26.0,,,,
2470,201064.0,49135.0,47219.0,50177.0,45025.0,201063.0,3.3519062995910645,201065.0,47889.6484375,,,,,,,,,201062.0,2314.0,7.0,986.0,-1072167931.0,112.0,-24.0,-14.0,-14.0,2.0,50.0,,,,
2471,201074.0,50274.0,49048.0,48356.0,43098.0,201073.0,3.3519062995910645,201075.0,47694.19140625,,,,,,,,,201072.0,2318.0,6.0,986.0,-1072167931.0,115.0,-26.0,-9.0,-99.0,125.0,-51.0,,,,
2472,201084.0,50344.0,47976.0,48534.0,43774.0,201083.0,3.3519062995910645,201085.0,47657.44140625,,,,,,,,,201082.0,2320.0,6.0,986.0,-1073215483.0,115.0,-25.0,-5.0,-41.0,-16.0,41.0,,,,
2473,201094.0,51682.0,47050.0,47386.0,44194.0,201093.0,3.357184886932373,201095.0,47578.13671875,,,,,,,,,201092.0,2320.0,4.0,986.0,-1073215483.0,114.0,-28.0,-2.0,-56.0,-48.0,38.0,,,,
2474,201104.0,52727.0,48159.0,45567.0,43547.0,201103.0,3.357184886932373,201105.0,47500.8515625,,,,,,,,,201102.0,2321.0,3.0,986.0,-1073216507.0,114.0,-29.0,0.0,68.0,-81.0,-2.0,,,,
2475,201114.0,48287.0,46481.0,48839.0,43553.0,201113.0,3.357184886932373,201115.0,46790.64453125,,,,,,,,,201112.0,2323.0,3.0,990.0,-1072167931.0,113.0,-29.0,21.0,-40.0,-6.0,-6.0,,,,
2476,201124.0,47306.0,46990.0,49312.0,43312.0,201123.0,3.357184886932373,201125.0,46730.4609375,,,,,,,,,201122.0,2327.0,7.0,990.0,-1073216507.0,117.0,-22.0,23.0,-23.0,-84.0,10.0,,,,
2477,201134.0,49528.0,45514.0,47468.0,44166.0,201133.0,3.3624634742736816,201135.0,46669.5078125,,,,,,,,,201132.0,2330.0,8.0,990.0,-1073216507.0,120.0,-21.0,27.0,-80.0,57.0,-7.0,,,,
2478,201144.0,48157.0,48883.0,48035.0,41165.0,201143.0,3.3624634742736816,201145.0,46560.39453125,,,,,,,,,201142.0,2331.0,7.0,991.0,-536345595.0,120.0,-21.0,29.0,14.0,-34.0,-9.0,,,,
2479,201154.0,46301.0,47347.0,49907.0,42373.0,201153.0,3.3677420616149902,201155.0,46482.13671875,,,,,,,,,201152.0,2329.0,5.0,990.0,-536345595.0,114.0,-25.0,24.0,-96.0,18.0,-8.0,,,,
2480,201164.0,47229.0,47087.0,49419.0,42885.0,201163.0,3.3677420616149902,201165.0,46655.265625,,,,,,,,,201162.0,2330.0,5.0,990.0,-536345595.0,114.0,-25.0,25.0,-38.0,117.0,-31.0,,,,
2481,201174.0,49053.0,48495.0,47977.0,40943.0,201173.0,3.373020648956299,201176.0,46617.00390625,,,,,,,,,201172.0,2331.0,4.0,990.0,-535295995.0,114.0,-24.0,28.0,-60.0,70.0,28.0,,,,
2482,201184.0,46346.0,48196.0,49714.0,41912.0,201183.0,3.373020648956299,201186.0,46542.8671875,,,,,,,,,201182.0,2335.0,-1.0,990.0,-536344571.0,118.0,-34.0,28.0,35.0,0.0,5.0,,,,
2483,201194.0,48863.0,46521.0,47591.0,43089.0,201193.0,3.3677420616149902,201195.0,46516.72265625,,,,,,,,,201192.0,2335.0,0.0,991.0,-536344571.0,116.0,-32.0,28.0,3.0,138.0,-25.0,,,,
2484,201204.0,46411.0,46781.0,48729.0,41291.0,201203.0,3.373020648956299,201205.0,45803.890625,,,,,,,,,201202.0,2336.0,0.0,995.0,-536344571.0,115.0,-31.0,48.0,-34.0,104.0,-3.0,,,,
2485,201214.0,49055.0,47283.0,45779.0,41063.0,201213.0,3.373020648956299,201215.0,45795.3984375,,,,,,,,,201212.0,2337.0,0.0,995.0,-535294971.0,114.0,-30.0,48.0,-47.0,8.0,26.0,,,,
2486,201224.0,46306.0,46690.0,48204.0,41864.0,201223.0,3.373020648956299,201225.0,45766.10546875,,,,,,,,,201222.0,2338.0,-1.0,996.0,-535294971.0,113.0,-32.0,47.0,-35.0,78.0,-58.0,,,,
2487,201234.0,47979.0,45139.0,47371.0,42507.0,201233.0,3.373020648956299,201235.0,45749.78515625,,,,,,,,,201232.0,2341.0,-1.0,996.0,-535294971.0,116.0,-31.0,46.0,-77.0,22.0,34.0,,,,
2488,201244.0,46279.0,46007.0,48761.0,42993.0,201243.0,3.373020648956299,201245.0,46010.39453125,,,,,,,,,201242.0,2343.0,-1.0,995.0,-535294971.0,116.0,-29.0,38.0,-99.0,-36.0,-26.0,,,,
2489,201254.0,49637.0,46297.0,45827.0,42211.0,201253.0,3.3782992362976074,201255.0,45993.40234375,,,,,,,,,201252.0,2344.0,-1.0,996.0,-534246395.0,114.0,-29.0,40.0,-95.0,-39.0,8.0,,,,
2490,201264.0,46702.0,46266.0,48182.0,42570.0,201263.0,3.373020648956299,201265.0,45930.22265625,,,,,,,,,201262.0,2346.0,-1.0,996.0,-534246395.0,115.0,-28.0,40.0,-113.0,0.0,-49.0,,,,
2491,201274.0,46445.0,46557.0,48159.0,42403.0,201273.0,3.373020648956299,201275.0,45891.28125,,,,,,,,,201272.0,2347.0,-2.0,996.0,-534246396.0,114.0,-28.0,40.0,-144.0,-42.0,-31.0,,,,
2492,201284.0,48319.0,45119.0,46791.0,43215.0,201283.0,3.373020648956299,201285.0,45861.6015625,,,,,,,,,201282.0,2348.0,-2.0,999.0,-533197820.0,113.0,-27.0,49.0,-89.0,10.0,-17.0,,,,
2493,201294.0,48623.0,44779.0,45547.0,43163.0,201293.0,3.373020648956299,201295.0,45528.40234375,,,,,,,,,201292.0,2349.0,-2.0,999.0,-533197820.0,112.0,-27.0,49.0,-41.0,-16.0,2.0,,,,
2494,201304.0,45425.0,46343.0,48357.0,41883.0,201303.0,3.373020648956299,201305.0,45502.18359375,,,,,,,,,201302.0,2350.0,-3.0,1000.0,-533197820.0,111.0,-27.0,49.0,-9.0,27.0,-19.0,,,,
2495,201314.0,45981.0,46711.0,48021.0,41183.0,201313.0,3.373020648956299,201315.0,45474.8125,,,,,,,,,201312.0,2352.0,-3.0,1000.0,-533197820.0,111.0,-26.0,50.0,-30.0,54.0,-20.0,,,,
2496,201324.0,47431.0,45601.0,47145.0,41467.0,201323.0,3.373020648956299,201325.0,45411.9453125,,,,,,,,,201322.0,2353.0,-4.0,1001.0,-532149244.0,110.0,-25.0,49.0,-22.0,-6.0,24.0,,,,
2497,201334.0,45350.0,46794.0,47816.0,41168.0,201333.0,3.3782992362976074,201335.0,45282.703125,,,,,,,,,201332.0,2355.0,-3.0,1002.0,-532149244.0,111.0,-23.0,49.0,67.0,-17.0,-34.0,,,,
2498,201344.0,44623.0,47399.0,48703.0,40615.0,201343.0,3.3782992362976074,201345.0,45335.5625,,,,,,,,,201342.0,2356.0,-3.0,1002.0,-533197820.0,111.0,-22.0,46.0,-7.0,109.0,-43.0,,,,
2499,201354.0,48084.0,46028.0,46130.0,41290.0,201353.0,3.3782992362976074,201355.0,45383.3828125,,,,,,,,,201352.0,2358.0,-4.0,1003.0,-532149244.0,110.0,-21.0,42.0,3.0,58.0,28.0,,,,
2500,201364.0,46612.0,45604.0,47502.0,42006.0,201363.0,3.3782992362976074,201365.0,45431.07421875,,,,,,,,,201362.0,2359.0,-4.0,1003.0,-533197820.0,110.0,-20.0,40.0,-16.0,40.0,-12.0,,,,
2501,201374.0,46950.0,48148.0,47160.0,40886.0,201373.0,3.3782992362976074,201375.0,45786.19140625,,,,,,,,,201372.0,2362.0,-4.0,1002.0,-533197820.0,112.0,-19.0,30.0,60.0,-14.0,-42.0,,,,
2502,201384.0,46433.0,45999.0,48215.0,42465.0,201383.0,3.3782992362976074,201385.0,45778.765625,,,,,,,,,201382.0,2363.0,-4.0,1002.0,-533197820.0,111.0,-19.0,30.0,-76.0,84.0,-20.0,,,,
2503,201394.0,46537.0,47703.0,47409.0,41419.0,201393.0,3.3782992362976074,201395.0,45767.03125,,,,,,,,,201392.0,2364.0,-5.0,1002.0,-532148220.0,110.0,-18.0,27.0,28.0,-1.0,-28.0,,,,
2504,201404.0,45980.0,45260.0,49100.0,42944.0,201403.0,3.373020648956299,201405.0,45821.48046875,,,,,,,,,201402.0,2366.0,-5.0,1003.0,-533196796.0,110.0,-17.0,23.0,-14.0,70.0,-2.0,,,,
2505,201414.0,48798.0,45722.0,46250.0,42774.0,201413.0,3.373020648956299,201416.0,45886.234375,,,,,,,,,201412.0,2362.0,-2.0,1001.0,-532148220.0,102.0,-12.0,10.0,7.0,-16.0,40.0,,,,
2506,201424.0,47659.0,48199.0,48069.0,41369.0,201423.0,3.373020648956299,201425.0,46324.4609375,,,,,,,,,201422.0,2365.0,-2.0,1001.0,-532148220.0,103.0,-11.0,6.0,-32.0,28.0,-35.0,,,,
2507,201434.0,46541.0,47151.0,49293.0,42623.0,201433.0,3.373020648956299,201435.0,46402.90234375,,,,,,,,,201432.0,2366.0,-2.0,1001.0,-532148220.0,102.0,-10.0,3.0,-49.0,17.0,14.0,,,,
2508,201444.0,48420.0,44882.0,48336.0,44306.0,201443.0,3.3677420616149902,201445.0,46486.64453125,,,,,,,,,201442.0,2367.0,-2.0,1001.0,-532148220.0,101.0,-7.0,0.0,-17.0,-31.0,36.0,,,,
2509,201454.0,45817.0,48733.0,49441.0,42209.0,201453.0,3.3677420616149902,201455.0,46550.41015625,,,,,,,,,201452.0,2368.0,-2.0,1001.0,-532148220.0,100.0,-6.0,0.0,98.0,-36.0,-72.0,,,,
2510,201464.0,48210.0,46608.0,47764.0,42422.0,201463.0,3.3677420616149902,201465.0,46251.546875,,,,,,,,,201462.0,2372.0,-3.0,1003.0,-532148221.0,103.0,-7.0,7.0,53.0,-37.0,17.0,,,,
2511,201474.0,48808.0,46576.0,47046.0,42722.0,201473.0,3.3677420616149902,201475.0,46288.00390625,,,,,,,,,201472.0,2373.0,-3.0,1003.0,-533196796.0,102.0,-6.0,5.0,33.0,-71.0,18.0,,,,
2512,201484.0,48366.0,47552.0,47634.0,41720.0,201483.0,3.3677420616149902,201485.0,46318.6171875,,,,,,,,,201482.0,2374.0,-3.0,1003.0,-533197820.0,101.0,-5.0,2.0,8.0,-23.0,15.0,,,,
2513,201494.0,45465.0,48797.0,49569.0,41725.0,201493.0,3.3677420616149902,201495.0,46389.70703125,,,,,,,,,201492.0,2372.0,-2.0,1003.0,-533197820.0,96.0,-3.0,0.0,139.0,-43.0,-55.0,,,,
2514,201504.0,49800.0,47230.0,47744.0,43350.0,201503.0,3.3677420616149902,201505.0,47031.6015625,,,,,,,,,201502.0,2374.0,-4.0,999.0,-533197821.0,96.0,-5.0,-18.0,2.0,48.0,0.0,,,,
2515,201514.0,43995.0,50067.0,52173.0,42145.0,201513.0,3.3677420616149902,201515.0,47095.9609375,,,,,,,,,201512.0,2375.0,-4.0,999.0,-533197821.0,95.0,-4.0,-20.0,89.0,-48.0,-35.0,,,,
2516,201524.0,48758.0,48670.0,49164.0,42004.0,201523.0,3.3624634742736816,201525.0,47149.5703125,,,,,,,,,201522.0,2377.0,-5.0,999.0,-534246397.0,97.0,-4.0,-19.0,41.0,81.0,8.0,,,,
2517,201534.0,47850.0,49324.0,49042.0,42360.0,201533.0,3.3624634742736816,201535.0,47144.734375,,,,,,,,,201532.0,2378.0,-5.0,999.0,-534246397.0,96.0,-4.0,-22.0,92.0,-63.0,-18.0,,,,
2518,201544.0,49618.0,47662.0,46912.0,43164.0,201543.0,3.3624634742736816,201545.0,46839.453125,,,,,,,,,201542.0,2380.0,-6.0,1001.0,-534246397.0,97.0,-6.0,-12.0,14.0,14.0,-25.0,,,,
2519,201554.0,46952.0,47044.0,50024.0,43528.0,201553.0,3.357184886932373,201555.0,46887.12109375,,,,,,,,,201552.0,2381.0,-6.0,1001.0,-534246397.0,95.0,-4.0,-14.0,16.0,4.0,9.0,,,,
2520,201564.0,53735.0,46523.0,43947.0,43571.0,201563.0,3.3624634742736816,201565.0,46944.328125,,,,,,,,,201562.0,2383.0,-5.0,1000.0,-534246397.0,96.0,-3.0,-17.0,1.0,-44.0,52.0,,,,
2521,201574.0,43969.0,48497.0,52297.0,43373.0,201573.0,3.3624634742736816,201575.0,47034.18359375,,,,,,,,,201572.0,2385.0,-6.0,1000.0,-534246397.0,97.0,-3.0,-19.0,85.0,-71.0,-67.0,,,,
2522,201584.0,49828.0,47050.0,47778.0,43728.0,201583.0,3.3624634742736816,201585.0,47096.74609375,,,,,,,,,201582.0,2386.0,-6.0,1000.0,-534246397.0,96.0,-3.0,-21.0,-42.0,16.0,16.0,,,,
2523,201594.0,50684.0,47216.0,48618.0,45470.0,201593.0,3.3624634742736816,201595.0,47997.05078125,,,,,,,,,201592.0,2388.0,-5.0,995.0,-534246397.0,96.0,-1.0,-45.0,-31.0,-38.0,23.0,,,,
2524,201604.0,48452.0,49926.0,50024.0,43682.0,201603.0,3.3624634742736816,201605.0,48021.203125,,,,,,,,,201602.0,2389.0,-5.0,995.0,-534246397.0,96.0,-1.0,-44.0,18.0,-53.0,-41.0,,,,
2525,201614.0,47368.0,48172.0,51244.0,45312.0,201613.0,3.357184886932373,201615.0,48024.45703125,,,,,,,,,201612.0,2390.0,-5.0,994.0,-534246397.0,95.0,-1.0,-43.0,-16.0,-8.0,-49.0,,,,
2526,201624.0,47548.0,49014.0,51690.0,43828.0,201623.0,3.3519062995910645,201625.0,48020.0703125,,,,,,,,,201622.0,2385.0,1.0,994.0,-534246397.0,86.0,9.0,-43.0,10.0,-33.0,15.0,,,,
2527,201634.0,47490.0,50868.0,51606.0,42616.0,201633.0,3.3519062995910645,201635.0,48145.24609375,,,,,,,,,201632.0,2386.0,0.0,993.0,-534246397.0,85.0,8.0,-45.0,0.0,-30.0,-10.0,,,,
2528,201644.0,47654.0,50298.0,51364.0,43352.0,201643.0,3.3519062995910645,201645.0,48167.8046875,,,,,,,,,201642.0,2386.0,0.0,992.0,-534246397.0,84.0,9.0,-44.0,73.0,-67.0,-27.0,,,,
2529,201654.0,51481.0,47505.0,48293.0,45393.0,201653.0,3.3519062995910645,201655.0,48168.60546875,,,,,,,,,201652.0,2388.0,-1.0,992.0,-535294973.0,85.0,6.0,-42.0,63.0,-1.0,10.0,,,,
2530,201664.0,46557.0,50919.0,52361.0,42759.0,201663.0,3.3519062995910645,201666.0,48149.453125,,,,,,,,,201662.0,2389.0,-1.0,992.0,-535294973.0,84.0,7.0,-39.0,91.0,-23.0,-27.0,,,,
2531,201674.0,51406.0,48024.0,48284.0,44750.0,201673.0,3.3519062995910645,201675.0,48116.97265625,,,,,,,,,201672.0,2392.0,-3.0,996.0,-535294973.0,87.0,4.0,-8.0,64.0,6.0,8.0,,,,
2532,201684.0,48984.0,47846.0,47862.0,43688.0,201683.0,3.3519062995910645,201685.0,47095.73828125,,,,,,,,,201682.0,2392.0,0.0,996.0,-535295997.0,84.0,9.0,-7.0,194.0,-72.0,-12.0,,,,
2533,201694.0,49678.0,49336.0,46826.0,42420.0,201693.0,3.3519062995910645,201695.0,47065.33984375,,,,,,,,,201692.0,2393.0,0.0,996.0,-536344573.0,83.0,9.0,-3.0,72.0,-4.0,-56.0,,,,
2534,201704.0,48030.0,48428.0,48822.0,42636.0,201703.0,3.357184886932373,201705.0,46979.6953125,,,,,,,,,201702.0,2394.0,0.0,996.0,-1073215485.0,83.0,9.0,-1.0,84.0,-98.0,-4.0,,,,
2535,201714.0,52061.0,46855.0,45479.0,43297.0,201713.0,3.3624634742736816,201715.0,46923.22265625,,,,,,,,,201712.0,2399.0,-4.0,996.0,-1072166909.0,89.0,3.0,1.0,41.0,-168.0,76.0,,,,
2536,201724.0,48380.0,47940.0,48586.0,44410.0,201723.0,3.3624634742736816,201725.0,47329.53125,,,,,,,,,201722.0,2400.0,-4.0,994.0,-1072167933.0,88.0,3.0,-10.0,103.0,-40.0,-60.0,,,,
2537,201734.0,47137.0,47763.0,50473.0,43823.0,201733.0,3.3624634742736816,201735.0,47299.1640625,,,,,,,,,201732.0,2401.0,-4.0,993.0,-1072167933.0,88.0,3.0,-8.0,0.0,-92.0,-5.0,,,,
2538,201744.0,48621.0,46791.0,49027.0,44613.0,201743.0,3.3624634742736816,201745.0,47263.00390625,,,,,,,,,201742.0,2401.0,-3.0,993.0,-1072168957.0,88.0,2.0,-7.0,9.0,-120.0,-2.0,,,,
2539,201754.0,46860.0,49822.0,50130.0,42132.0,201753.0,3.3624634742736816,201755.0,47236.171875,,,,,,,,,201752.0,2402.0,-3.0,993.0,-1072693245.0,88.0,2.0,-5.0,3.0,-38.0,-22.0,,,,
2540,201764.0,47206.0,49234.0,49358.0,42626.0,201763.0,3.3624634742736816,201765.0,47106.859375,,,,,,,,,201762.0,2403.0,-3.0,994.0,-1072693245.0,88.0,2.0,-2.0,-7.0,4.0,-55.0,,,,
2541,201774.0,46934.0,47044.0,50602.0,43804.0,201773.0,3.3624634742736816,201775.0,47096.0078125,,,,,,,,,201772.0,2387.0,-2.0,994.0,-1072167934.0,63.0,4.0,0.0,-69.0,24.0,51.0,,,,
2542,201784.0,45775.0,50237.0,51217.0,41019.0,201783.0,3.3624634742736816,201785.0,47062.62890625,,,,,,,,,201782.0,2388.0,-2.0,994.0,-1072167934.0,63.0,4.0,0.0,-48.0,39.0,15.0,,,,
2543,201794.0,47236.0,49082.0,49540.0,42334.0,201793.0,3.3624634742736816,201795.0,47048.1484375,,,,,,,,,201792.0,2388.0,-1.0,994.0,-1072167934.0,63.0,4.0,1.0,-40.0,-7.0,-13.0,,,,
2544,201804.0,44673.0,48411.0,51949.0,42831.0,201803.0,3.3624634742736816,201805.0,46966.82421875,,,,,,,,,201802.0,2391.0,0.0,994.0,-1073216510.0,65.0,5.0,4.0,-35.0,-14.0,-20.0,,,,
2545,201814.0,49636.0,48692.0,46790.0,42546.0,201813.0,3.3624634742736816,201815.0,46916.33984375,,,,,,,,,201812.0,2392.0,0.0,994.0,-1073216510.0,66.0,5.0,5.0,-39.0,-127.0,-24.0,,,,
2546,201824.0,48344.0,46090.0,48398.0,44768.0,201823.0,3.3624634742736816,201825.0,46900.3203125,,,,,,,,,201822.0,2393.0,0.0,994.0,-1073217534.0,66.0,5.0,7.0,-3.0,-171.0,-22.0,,,,
2547,201834.0,48740.0,47612.0,47320.0,43700.0,201833.0,3.3624634742736816,201835.0,46843.88671875,,,,,,,,,201832.0,2394.0,0.0,994.0,-1073740798.0,66.0,5.0,8.0,89.0,-282.0,-8.0,,,,
2548,201844.0,49169.0,47619.0,46629.0,43803.0,201843.0,3.3624634742736816,201845.0,46805.296875,,,,,,,,,201842.0,2394.0,0.0,994.0,-1073739774.0,66.0,5.0,8.0,27.0,-156.0,-40.0,,,,
2549,201854.0,48234.0,47432.0,48752.0,44842.0,201853.0,3.3624634742736816,201855.0,47315.1484375,,,,,,,,,201852.0,2401.0,-4.0,992.0,-1072691198.0,76.0,0.0,-6.0,43.0,-227.0,-37.0,,,,
2550,201864.0,50611.0,46649.0,47321.0,44747.0,201863.0,3.3677420616149902,201865.0,47332.984375,,,,,,,,,201862.0,2402.0,-4.0,992.0,-1072690174.0,76.0,0.0,-6.0,32.0,-276.0,31.0,,,,
2551,201874.0,49369.0,49051.0,46983.0,43893.0,201873.0,3.3624634742736816,201875.0,47324.03125,,,,,,,,,201872.0,2403.0,-4.0,991.0,-1072689150.0,77.0,0.0,-6.0,78.0,-157.0,-66.0,,,,
2552,201884.0,48418.0,48908.0,48756.0,43250.0,201883.0,3.3624634742736816,201885.0,47333.171875,,,,,,,,,201882.0,2405.0,-3.0,991.0,-1072688126.0,81.0,0.0,-6.0,46.0,-98.0,-39.0,,,,
2553,201894.0,47993.0,48537.0,50305.0,43709.0,201893.0,3.3624634742736816,201895.0,47636.66015625,,,,,,,,,201892.0,2406.0,-3.0,990.0,-1072688126.0,82.0,0.0,-14.0,42.0,-123.0,35.0,,,,
2554,201904.0,49059.0,48063.0,49419.0,44015.0,201903.0,3.3624634742736816,201905.0,47639.6875,,,,,,,,,201902.0,2407.0,-3.0,990.0,-1072687102.0,83.0,-1.0,-13.0,-17.0,14.0,26.0,,,,
2555,201914.0,47378.0,50364.0,49860.0,42922.0,201913.0,3.3624634742736816,201915.0,47631.03515625,,,,,,,,,201912.0,2408.0,-3.0,989.0,-1072687102.0,85.0,-1.0,-14.0,53.0,-4.0,-52.0,,,,
2556,201924.0,46067.0,48087.0,52367.0,44151.0,201923.0,3.357184886932373,201925.0,47668.6328125,,,,,,,,,201922.0,2409.0,-3.0,989.0,-1071639551.0,86.0,-1.0,-14.0,-105.0,154.0,-3.0,,,,
2557,201934.0,43356.0,48570.0,52852.0,42310.0,201933.0,3.357184886932373,201935.0,46772.859375,,,,,,,,,201932.0,2393.0,12.0,994.0,-1072689151.0,64.0,21.0,11.0,-21.0,-18.0,17.0,,,,
2558,201944.0,46134.0,48156.0,49942.0,42872.0,201943.0,3.357184886932373,201945.0,46776.04296875,,,,,,,,,201942.0,2394.0,12.0,994.0,-1073737727.0,66.0,21.0,12.0,-122.0,204.0,-28.0,,,,
2559,201954.0,46077.0,48221.0,49865.0,42861.0,201953.0,3.3624634742736816,201955.0,46756.7421875,,,,,,,,,201952.0,2395.0,12.0,995.0,-1073737727.0,67.0,21.0,13.0,5.0,53.0,-6.0,,,,
2560,201964.0,48016.0,46974.0,48292.0,43566.0,201963.0,3.3624634742736816,201965.0,46712.1015625,,,,,,,,,201962.0,2398.0,12.0,995.0,-1073737727.0,72.0,20.0,14.0,-4.0,-20.0,15.0,,,,
2561,201974.0,46542.0,48204.0,49356.0,42614.0,201973.0,3.3624634742736816,201975.0,46679.45703125,,,,,,,,,201972.0,2400.0,12.0,995.0,-1073737727.0,74.0,20.0,16.0,70.0,-64.0,-27.0,,,,
2562,201984.0,51481.0,47831.0,45369.0,42247.0,201983.0,3.3624634742736816,201985.0,46732.75,,,,,,,,,201982.0,2400.0,13.0,994.0,-1073737727.0,75.0,21.0,15.0,115.0,-194.0,36.0,,,,
2563,201994.0,47242.0,47154.0,48192.0,44080.0,201993.0,3.3677420616149902,201995.0,46667.984375,,,,,,,,,201992.0,2403.0,12.0,995.0,-1072688127.0,79.0,19.0,16.0,240.0,-309.0,-39.0,,,,
2564,202004.0,51474.0,47726.0,44938.0,42418.0,202003.0,3.3624634742736816,202005.0,46639.15234375,,,,,,,,,202002.0,2404.0,11.0,995.0,-1071638527.0,80.0,18.0,16.0,187.0,-219.0,32.0,,,,
2565,202014.0,50966.0,46290.0,45320.0,43916.0,202013.0,3.3624634742736816,202015.0,46623.98046875,,,,,,,,,202012.0,2405.0,12.0,995.0,-1070588927.0,82.0,18.0,15.0,230.0,-293.0,11.0,,,,
2566,202024.0,49287.0,45553.0,47025.0,44631.0,202023.0,3.3624634742736816,202025.0,46624.4765625,,,,,,,,,202022.0,2406.0,12.0,995.0,-1070587902.0,84.0,17.0,16.0,138.0,-222.0,13.0,,,,
2567,202034.0,50683.0,46579.0,45459.0,43659.0,202033.0,3.3624634742736816,202035.0,46595.7265625,,,,,,,,,202032.0,2408.0,14.0,995.0,-1069538302.0,88.0,18.0,17.0,185.0,-267.0,35.0,,,,
2568,202044.0,46348.0,45858.0,49802.0,44268.0,202043.0,3.3624634742736816,202045.0,46569.97265625,,,,,,,,,202042.0,2409.0,14.0,996.0,-1069537278.0,90.0,17.0,18.0,74.0,-119.0,-13.0,,,,
2569,202054.0,50835.0,45293.0,45809.0,44247.0,202053.0,3.3624634742736816,202055.0,46546.1328125,,,,,,,,,202052.0,2409.0,14.0,996.0,-1068488702.0,93.0,16.0,18.0,-18.0,-168.0,81.0,,,,
2570,202064.0,46934.0,46456.0,49196.0,43166.0,202063.0,3.3624634742736816,202065.0,46438.3046875,,,,,,,,,202062.0,2410.0,14.0,996.0,-1068487678.0,96.0,15.0,21.0,27.0,-58.0,9.0,,,,
2571,202074.0,47897.0,47223.0,47981.0,42575.0,202073.0,3.3624634742736816,202075.0,46419.76171875,,,,,,,,,202072.0,2411.0,15.0,997.0,-1068487678.0,99.0,13.0,22.0,-12.0,-12.0,4.0,,,,
2572,202084.0,46332.0,44406.0,49456.0,45358.0,202083.0,3.3624634742736816,202085.0,46388.57421875,,,,,,,,,202082.0,2412.0,15.0,997.0,-1068487678.0,102.0,12.0,21.0,-109.0,103.0,5.0,,,,
2573,202094.0,42077.0,47693.0,53167.0,42587.0,202093.0,3.3624634742736816,202095.0,46381.4375,,,,,,,,,202092.0,2406.0,34.0,997.0,-1070585854.0,93.0,40.0,22.0,-71.0,96.0,-5.0,,,,
2574,202104.0,45443.0,45379.0,50581.0,44009.0,202103.0,3.3677420616149902,202105.0,46353.41015625,,,,,,,,,202102.0,2405.0,34.0,999.0,-1070585854.0,93.0,39.0,30.0,-76.0,135.0,23.0,,,,
2575,202114.0,45286.0,45296.0,49892.0,43822.0,202113.0,3.3677420616149902,202115.0,46074.5625,,,,,,,,,202112.0,2406.0,35.0,999.0,-1070586878.0,96.0,38.0,29.0,74.0,127.0,19.0,,,,
2576,202124.0,46702.0,48658.0,48170.0,40794.0,202123.0,3.3677420616149902,202125.0,46081.50390625,,,,,,,,,202122.0,2408.0,35.0,999.0,-1070586878.0,100.0,37.0,28.0,84.0,111.0,-24.0,,,,
2577,202134.0,48701.0,45231.0,46835.0,43497.0,202133.0,3.3677420616149902,202135.0,46066.94921875,,,,,,,,,202132.0,2409.0,35.0,1000.0,-1069539326.0,102.0,36.0,29.0,167.0,51.0,64.0,,,,
2578,202144.0,49643.0,48089.0,45749.0,40655.0,202143.0,3.3677420616149902,202145.0,46034.23828125,,,,,,,,,202142.0,2412.0,35.0,1000.0,-1069539326.0,108.0,34.0,28.0,328.0,-63.0,18.0,,,,
2579,202154.0,50975.0,48571.0,44415.0,40663.0,202153.0,3.3677420616149902,202155.0,46156.24609375,,,,,,,,,202152.0,2413.0,35.0,1000.0,-1067441150.0,110.0,33.0,25.0,339.0,-104.0,9.0,,,,
2580,202164.0,50072.0,48200.0,45192.0,41048.0,202163.0,3.373020648956299,202165.0,46128.953125,,,,,,,,,202162.0,2415.0,32.0,1000.0,-1066392574.0,113.0,25.0,26.0,437.0,-135.0,4.0,,,,
2581,202174.0,52011.0,46223.0,43545.0,42621.0,202173.0,3.3677420616149902,202175.0,46100.359375,,,,,,,,,202172.0,2417.0,33.0,1000.0,-1064294398.0,117.0,24.0,26.0,372.0,-114.0,31.0,,,,
2582,202184.0,45389.0,47951.0,49731.0,41213.0,202183.0,3.3677420616149902,202185.0,46071.7734375,,,,,,,,,202182.0,2419.0,33.0,1000.0,-1063245822.0,122.0,22.0,25.0,347.0,-111.0,-19.0,,,,
2583,202194.0,51214.0,45742.0,44062.0,41830.0,202193.0,3.3677420616149902,202195.0,45712.19140625,,,,,,,,,202192.0,2420.0,33.0,1003.0,-1062197246.0,124.0,18.0,35.0,147.0,20.0,20.0,,,,
2584,202204.0,44399.0,46235.0,49755.0,42471.0,202203.0,3.3677420616149902,202205.0,45715.82421875,,,,,,,,,202202.0,2421.0,34.0,1003.0,-1061148670.0,126.0,18.0,33.0,167.0,-99.0,-38.0,,,,
2585,202214.0,46982.0,45214.0,47746.0,42994.0,202213.0,3.3677420616149902,202215.0,45734.69140625,,,,,,,,,202212.0,2423.0,34.0,1003.0,-1061147646.0,130.0,14.0,31.0,5.0,30.0,12.0,,,,
2586,202224.0,45084.0,43830.0,49828.0,44270.0,202223.0,3.373020648956299,202225.0,45753.85546875,,,,,,,,,202222.0,2425.0,35.0,1004.0,-1061148670.0,133.0,12.0,31.0,-106.0,135.0,6.0,,,,
2587,202234.0,46334.0,45286.0,48778.0,42590.0,202233.0,3.373020648956299,202235.0,45747.765625,,,,,,,,,202232.0,2428.0,35.0,1005.0,-1061148669.0,139.0,9.0,34.0,-71.0,66.0,51.0,,,,
2588,202244.0,45362.0,45586.0,49076.0,42296.0,202243.0,3.373020648956299,202245.0,45580.29296875,,,,,,,,,202242.0,2428.0,34.0,1005.0,-1062197245.0,140.0,4.0,35.0,-164.0,171.0,-15.0,,,,
2589,202254.0,44886.0,43360.0,50248.0,43794.0,202253.0,3.373020648956299,202255.0,45572.515625,,,,,,,,,202252.0,2429.0,35.0,1005.0,-1062198269.0,142.0,2.0,34.0,-154.0,143.0,61.0,,,,
2590,202264.0,48464.0,43534.0,46864.0,43310.0,202263.0,3.373020648956299,202265.0,45543.64453125,,,,,,,,,202262.0,2430.0,36.0,1006.0,-1063246845.0,144.0,1.0,34.0,-118.0,146.0,62.0,,,,
2591,202274.0,44084.0,47536.0,49852.0,40676.0,202273.0,3.373020648956299,202275.0,45537.0625,,,,,,,,,202272.0,2433.0,35.0,1006.0,-1063247869.0,148.0,-3.0,33.0,-46.0,140.0,-4.0,,,,
2592,202284.0,46523.0,45963.0,48661.0,42353.0,202283.0,3.373020648956299,202285.0,45875.8125,,,,,,,,,202282.0,2434.0,35.0,1005.0,-1063247869.0,149.0,-5.0,22.0,-46.0,145.0,0.0,,,,
2593,202294.0,50432.0,47072.0,45136.0,40840.0,202293.0,3.373020648956299,202295.0,45870.98046875,,,,,,,,,202292.0,2436.0,34.0,1005.0,-1063248893.0,152.0,-9.0,21.0,-12.0,138.0,42.0,,,,
2594,202304.0,45668.0,46322.0,49670.0,42008.0,202303.0,3.373020648956299,202305.0,45917.87890625,,,,,,,,,202302.0,2439.0,34.0,1005.0,-1063248893.0,157.0,-12.0,19.0,28.0,44.0,20.0,,,,
2595,202314.0,49830.0,46868.0,44878.0,42076.0,202313.0,3.3677420616149902,202315.0,45913.328125,,,,,,,,,202312.0,2442.0,33.0,1005.0,-1063249917.0,160.0,-16.0,19.0,59.0,140.0,-8.0,,,,
2596,202324.0,48153.0,46021.0,47793.0,42389.0,202323.0,3.3677420616149902,202325.0,46089.07421875,,,,,,,,,202322.0,2443.0,33.0,1005.0,-1063249917.0,162.0,-18.0,13.0,35.0,158.0,20.0,,,,
2597,202334.0,46035.0,47647.0,48669.0,41985.0,202333.0,3.3677420616149902,202335.0,46084.44140625,,,,,,,,,202332.0,2444.0,32.0,1005.0,-1063250941.0,161.0,-22.0,12.0,63.0,134.0,-36.0,,,,
2598,202344.0,47282.0,44660.0,48716.0,43890.0,202343.0,3.3677420616149902,202345.0,46137.1484375,,,,,,,,,202342.0,2446.0,32.0,1005.0,-1063250941.0,163.0,-25.0,10.0,-60.0,194.0,30.0,,,,
2599,202354.0,50664.0,47522.0,44812.0,41534.0,202353.0,3.3677420616149902,202355.0,46133.0625,,,,,,,,,202352.0,2447.0,31.0,1005.0,-1063251965.0,165.0,-27.0,9.0,64.0,85.0,10.0,,,,
2600,202364.0,46744.0,48874.0,48838.0,41392.0,202363.0,3.3677420616149902,202365.0,46462.59375,,,,,,,,,202362.0,2449.0,28.0,1003.0,-1062203389.0,166.0,-35.0,0.0,-41.0,157.0,-44.0,,,,
2601,202374.0,48532.0,46254.0,47888.0,43170.0,202373.0,3.3677420616149902,202375.0,46461.5625,,,,,,,,,202372.0,2451.0,28.0,1003.0,-1063252989.0,167.0,-38.0,-1.0,-77.0,183.0,52.0,,,,
2602,202384.0,49101.0,45897.0,47823.0,43419.0,202383.0,3.3677420616149902,202385.0,46560.19140625,,,,,,,,,202382.0,2453.0,28.0,1003.0,-1063252989.0,169.0,-40.0,-3.0,-100.0,147.0,27.0,,,,
2603,202394.0,47501.0,49187.0,48137.0,41415.0,202393.0,3.3677420616149902,202395.0,46560.5546875,,,,,,,,,202392.0,2458.0,27.0,1003.0,-1063254013.0,174.0,-43.0,-7.0,-78.0,118.0,-10.0,,,,
2604,202404.0,44072.0,45958.0,52860.0,44022.0,202403.0,3.3624634742736816,202405.0,46728.6640625,,,,,,,,,202402.0,2461.0,26.0,1003.0,-1063254013.0,177.0,-46.0,-9.0,-181.0,220.0,9.0,,,,
2605,202414.0,48064.0,46556.0,47714.0,42602.0,202413.0,3.3624634742736816,202415.0,46234.2109375,,,,,,,,,202412.0,2462.0,27.0,1006.0,-1064303613.0,176.0,-46.0,3.0,-199.0,144.0,30.0,,,,
2606,202424.0,46077.0,46133.0,49537.0,43145.0,202423.0,3.3624634742736816,202425.0,46223.1953125,,,,,,,,,202422.0,2463.0,27.0,1006.0,-1065352189.0,176.0,-49.0,4.0,-241.0,180.0,-7.0,,,,
2607,202434.0,44843.0,47261.0,50335.0,42437.0,202433.0,3.3624634742736816,202435.0,46219.41015625,,,,,,,,,202432.0,2465.0,27.0,1006.0,-1065877501.0,177.0,-50.0,3.0,-172.0,156.0,-23.0,,,,
2608,202444.0,47383.0,47215.0,48449.0,42061.0,202443.0,3.3624634742736816,202446.0,46277.890625,,,,,,,,,202442.0,2466.0,25.0,1006.0,-1065876477.0,176.0,-53.0,2.0,-251.0,198.0,-4.0,,,,
2609,202454.0,46287.0,44891.0,48783.0,43911.0,202453.0,3.3624634742736816,202455.0,45968.8359375,,,,,,,,,202452.0,2471.0,26.0,1008.0,-1066925053.0,179.0,-53.0,8.0,-145.0,262.0,-25.0,,,,
2610,202464.0,51128.0,48470.0,44250.0,40384.0,202463.0,3.3677420616149902,202465.0,46058.21484375,,,,,,,,,202462.0,2473.0,27.0,1008.0,-1067972605.0,179.0,-53.0,6.0,-171.0,151.0,-5.0,,,,
2611,202474.0,46417.0,45835.0,48511.0,43453.0,202473.0,3.3677420616149902,202475.0,46054.671875,,,,,,,,,202472.0,2474.0,24.0,1008.0,-1067971581.0,178.0,-57.0,6.0,-61.0,85.0,4.0,,,,
2612,202484.0,47821.0,45443.0,47573.0,43435.0,202483.0,3.3677420616149902,202485.0,46068.19140625,,,,,,,,,202482.0,2477.0,24.0,1008.0,-1067971581.0,178.0,-57.0,6.0,-1.0,176.0,-31.0,,,,
2613,202494.0,48251.0,47277.0,46999.0,42393.0,202493.0,3.3677420616149902,202495.0,46230.09375,,,,,,,,,202492.0,2478.0,23.0,1007.0,-1067970557.0,177.0,-60.0,1.0,-74.0,168.0,-14.0,,,,
2614,202504.0,46946.0,46846.0,48236.0,42820.0,202503.0,3.3677420616149902,202505.0,46212.27734375,,,,,,,,,202502.0,2481.0,22.0,1007.0,-1069019133.0,177.0,-62.0,2.0,-53.0,122.0,-9.0,,,,
2615,202514.0,51422.0,45864.0,44524.0,42966.0,202513.0,3.3677420616149902,202515.0,46194.83984375,,,,,,,,,202512.0,2483.0,22.0,1007.0,-1069018109.0,177.0,-62.0,2.0,-70.0,187.0,2.0,,,,
2616,202524.0,45316.0,46702.0,49726.0,42956.0,202523.0,3.3677420616149902,202525.0,46175.05078125,,,,,,,,,202522.0,2485.0,20.0,1007.0,-1069018109.0,175.0,-64.0,0.0,-10.0,59.0,-25.0,,,,
2617,202534.0,46905.0,47961.0,47971.0,42179.0,202533.0,3.3677420616149902,202535.0,46254.125,,,,,,,,,202532.0,2487.0,21.0,1009.0,-1069018109.0,175.0,-64.0,10.0,-93.0,96.0,-43.0,,,,
2618,202544.0,46483.0,45631.0,48343.0,43087.0,202543.0,3.3677420616149902,202545.0,45886.13671875,,,,,,,,,202542.0,2489.0,20.0,1009.0,-1069017085.0,174.0,-65.0,7.0,-105.0,143.0,0.0,,,,
2619,202554.0,48882.0,46746.0,46208.0,41916.0,202553.0,3.3677420616149902,202555.0,45938.4375,,,,,,,,,202552.0,2489.0,19.0,1009.0,-1070065661.0,170.0,-66.0,4.0,-155.0,47.0,26.0,,,,
2620,202564.0,44581.0,45781.0,49901.0,43769.0,202563.0,3.3624634742736816,202565.0,46008.3359375,,,,,,,,,202562.0,2493.0,18.0,1009.0,-1070065661.0,171.0,-67.0,0.0,-146.0,128.0,-45.0,,,,
2621,202574.0,47743.0,45601.0,47435.0,43601.0,202573.0,3.3624634742736816,202575.0,46095.96875,,,,,,,,,202572.0,2495.0,18.0,1009.0,-1071113214.0,170.0,-67.0,-3.0,-122.0,122.0,0.0,,,,
2622,202584.0,46444.0,47086.0,50314.0,44564.0,202583.0,3.3677420616149902,202585.0,47102.25390625,,,,,,,,,202582.0,2497.0,17.0,1004.0,-1072161790.0,168.0,-68.0,-31.0,-189.0,132.0,-26.0,,,,
2623,202594.0,46165.0,47373.0,51065.0,43993.0,202593.0,3.3677420616149902,202595.0,47149.5390625,,,,,,,,,202592.0,2498.0,18.0,1004.0,-1072160766.0,166.0,-66.0,-31.0,-195.0,93.0,-7.0,,,,
2624,202604.0,48387.0,47857.0,48853.0,43619.0,202603.0,3.3624634742736816,202605.0,47179.484375,,,,,,,,,202602.0,2501.0,17.0,1004.0,-1073209342.0,165.0,-68.0,-32.0,-59.0,65.0,-21.0,,,,
2625,202614.0,48400.0,47382.0,49126.0,43956.0,202613.0,3.357184886932373,202615.0,47216.625,,,,,,,,,202612.0,2501.0,15.0,1003.0,-536338430.0,161.0,-69.0,-32.0,-75.0,55.0,6.0,,,,
2626,202624.0,48104.0,48488.0,49678.0,43318.0,202623.0,3.357184886932373,202625.0,47397.89453125,,,,,,,,,202622.0,2507.0,14.0,1002.0,-536338430.0,165.0,-69.0,-38.0,-110.0,108.0,-35.0,,,,
2627,202634.0,47213.0,48019.0,50991.0,43621.0,202633.0,3.357184886932373,202635.0,47461.890625,,,,,,,,,202632.0,2505.0,15.0,1002.0,-535288830.0,158.0,-68.0,-38.0,-103.0,71.0,8.0,,,,
2628,202644.0,49793.0,48635.0,47939.0,43541.0,202643.0,3.357184886932373,202645.0,47477.27734375,,,,,,,,,202642.0,2511.0,14.0,1001.0,-535288830.0,162.0,-68.0,-38.0,-3.0,19.0,1.0,,,,
2629,202654.0,48586.0,48878.0,48814.0,43762.0,202653.0,3.3519062995910645,202655.0,47510.89453125,,,,,,,,,202652.0,2512.0,13.0,1001.0,-535288830.0,159.0,-67.0,-36.0,-35.0,56.0,-48.0,,,,
2630,202664.0,47064.0,48190.0,50796.0,43910.0,202663.0,3.3519062995910645,202665.0,47490.1015625,,,,,,,,,202662.0,2512.0,10.0,1001.0,-535288830.0,153.0,-71.0,-34.0,-65.0,110.0,-22.0,,,,
2631,202674.0,46309.0,48339.0,51005.0,44131.0,202673.0,3.357184886932373,202675.0,47446.828125,,,,,,,,,202672.0,2514.0,10.0,1001.0,-535287806.0,152.0,-69.0,-32.0,-49.0,24.0,-31.0,,,,
2632,202684.0,48691.0,49355.0,48973.0,42637.0,202683.0,3.3519062995910645,202685.0,47414.7421875,,,,,,,,,202682.0,2516.0,10.0,1000.0,-534239230.0,150.0,-68.0,-29.0,-41.0,97.0,-32.0,,,,
2633,202694.0,45304.0,49848.0,51706.0,42606.0,202693.0,3.3519062995910645,202695.0,47366.7265625,,,,,,,,,202692.0,2517.0,9.0,1000.0,-534239230.0,147.0,-68.0,-27.0,-30.0,108.0,-35.0,,,,
2634,202704.0,49206.0,48232.0,48070.0,43804.0,202703.0,3.357184886932373,202705.0,47328.21875,,,,,,,,,202702.0,2520.0,6.0,1000.0,-534238206.0,145.0,-71.0,-26.0,-62.0,77.0,-20.0,,,,
2635,202714.0,47747.0,48119.0,48719.0,43015.0,202713.0,3.357184886932373,202715.0,46900.18359375,,,,,,,,,202712.0,2521.0,5.0,1002.0,-534238207.0,142.0,-70.0,-11.0,-84.0,119.0,-36.0,,,,
2636,202724.0,48969.0,48141.0,48015.0,42279.0,202723.0,3.357184886932373,202725.0,46851.38671875,,,,,,,,,202722.0,2519.0,8.0,1002.0,-533189631.0,134.0,-64.0,-9.0,-115.0,68.0,23.0,,,,
2637,202734.0,47291.0,47885.0,48631.0,43433.0,202733.0,3.3624634742736816,202735.0,46810.6875,,,,,,,,,202732.0,2524.0,8.0,1001.0,-533188606.0,136.0,-62.0,-9.0,-22.0,-21.0,-15.0,,,,
2638,202744.0,47770.0,47444.0,48320.0,43670.0,202743.0,3.3624634742736816,202745.0,46801.83984375,,,,,,,,,202742.0,2525.0,8.0,1001.0,-533189631.0,133.0,-61.0,-9.0,-56.0,15.0,-45.0,,,,
2639,202754.0,49483.0,47495.0,48267.0,44167.0,202753.0,3.3624634742736816,202755.0,47353.22265625,,,,,,,,,202752.0,2526.0,7.0,998.0,-533189631.0,130.0,-60.0,-24.0,-92.0,-41.0,22.0,,,,
2640,202764.0,45503.0,47333.0,51523.0,45045.0,202763.0,3.3624634742736816,202765.0,47351.4375,,,,,,,,,202762.0,2529.0,8.0,998.0,-532141055.0,128.0,-58.0,-24.0,-103.0,-35.0,-25.0,,,,
2641,202774.0,49700.0,48428.0,47686.0,43662.0,202773.0,3.3624634742736816,202775.0,47369.26953125,,,,,,,,,202772.0,2529.0,7.0,998.0,-532141055.0,124.0,-57.0,-26.0,-60.0,-117.0,1.0,,,,
2642,202784.0,47572.0,47286.0,49828.0,45018.0,202783.0,3.357184886932373,202785.0,47426.3359375,,,,,,,,,202782.0,2532.0,4.0,998.0,-532141055.0,124.0,-59.0,-26.0,-52.0,-50.0,-36.0,,,,
2643,202794.0,47560.0,48852.0,49584.0,43852.0,202793.0,3.357184886932373,202795.0,47462.5859375,,,,,,,,,202792.0,2533.0,4.0,997.0,-532142079.0,121.0,-58.0,-29.0,-50.0,-86.0,-33.0,,,,
2644,202804.0,50897.0,46181.0,47477.0,45745.0,202803.0,3.357184886932373,202805.0,47575.26171875,,,,,,,,,202802.0,2539.0,6.0,996.0,-531093503.0,124.0,-53.0,-29.0,-58.0,-29.0,11.0,,,,
2645,202814.0,50295.0,49691.0,48055.0,42327.0,202813.0,3.357184886932373,202815.0,47592.94140625,,,,,,,,,202812.0,2540.0,3.0,996.0,-531093503.0,121.0,-55.0,-26.0,19.0,-86.0,22.0,,,,
2646,202824.0,48245.0,49243.0,49175.0,43541.0,202823.0,3.357184886932373,202825.0,47551.21875,,,,,,,,,202822.0,2541.0,3.0,996.0,-531093503.0,118.0,-54.0,-25.0,24.0,-92.0,-16.0,,,,
2647,202834.0,47762.0,49008.0,49898.0,43448.0,202833.0,3.357184886932373,202835.0,47529.296875,,,,,,,,,202832.0,2542.0,2.0,996.0,-532143103.0,116.0,-52.0,-25.0,55.0,17.0,-26.0,,,,
2648,202844.0,48768.0,48342.0,50210.0,44504.0,202843.0,3.357184886932373,202845.0,47956.4921875,,,,,,,,,202842.0,2540.0,2.0,993.0,-532142079.0,108.0,-50.0,-35.0,9.0,59.0,31.0,,,,
2649,202854.0,48688.0,49756.0,50404.0,42916.0,202853.0,3.357184886932373,202855.0,47941.578125,,,,,,,,,202852.0,2542.0,4.0,993.0,-532142079.0,107.0,-46.0,-34.0,-27.0,-11.0,0.0,,,,
2650,202864.0,52900.0,50498.0,46018.0,42368.0,202863.0,3.357184886932373,202865.0,47946.5546875,,,,,,,,,202862.0,2544.0,2.0,992.0,-531093503.0,105.0,-46.0,-33.0,68.0,-28.0,-1.0,,,,
2651,202874.0,48421.0,49747.0,50175.0,43389.0,202873.0,3.3519062995910645,202875.0,47933.15625,,,,,,,,,202872.0,2546.0,1.0,992.0,-532142079.0,104.0,-46.0,-31.0,50.0,15.0,-2.0,,,,
2652,202884.0,48811.0,47311.0,49897.0,44553.0,202883.0,3.3519062995910645,202885.0,47643.68359375,,,,,,,,,202882.0,2547.0,1.0,993.0,-532142079.0,101.0,-45.0,-21.0,-45.0,-70.0,29.0,,,,
2653,202894.0,47107.0,48163.0,50635.0,44535.0,202893.0,3.3519062995910645,202895.0,47610.7578125,,,,,,,,,202892.0,2548.0,0.0,993.0,-532142079.0,98.0,-43.0,-19.0,-25.0,28.0,-30.0,,,,
2654,202904.0,49815.0,49163.0,48461.0,42857.0,202903.0,3.3519062995910645,202905.0,47574.9921875,,,,,,,,,202902.0,2547.0,7.0,993.0,-531093503.0,93.0,-32.0,-17.0,-41.0,-34.0,34.0,,,,
2655,202914.0,46133.0,47331.0,51469.0,45183.0,202913.0,3.3519062995910645,202915.0,47529.43359375,,,,,,,,,202912.0,2549.0,4.0,993.0,-531093503.0,92.0,-34.0,-13.0,-89.0,-25.0,-46.0,,,,
2656,202924.0,47910.0,48818.0,48266.0,44842.0,202923.0,3.3519062995910645,202925.0,47459.6015625,,,,,,,,,202922.0,2551.0,5.0,993.0,-531094527.0,91.0,-32.0,-12.0,-17.0,-19.0,-31.0,,,,
2657,202934.0,48859.0,47685.0,48823.0,43713.0,202933.0,3.3519062995910645,202935.0,47270.30859375,,,,,,,,,202932.0,2552.0,4.0,994.0,-531094527.0,88.0,-31.0,-4.0,-21.0,-80.0,3.0,,,,
2658,202944.0,47564.0,47304.0,50068.0,43900.0,202943.0,3.357184886932373,202946.0,47209.40234375,,,,,,,,,202942.0,2553.0,4.0,994.0,-531094527.0,86.0,-29.0,-1.0,-14.0,-151.0,-14.0,,,,
2659,202954.0,52498.0,47326.0,44752.0,43916.0,202953.0,3.357184886932373,202955.0,47123.92578125,,,,,,,,,202952.0,2562.0,3.0,994.0,-531095551.0,95.0,-28.0,0.0,102.0,-152.0,7.0,,,,
2660,202964.0,47747.0,46889.0,48753.0,44963.0,202963.0,3.357184886932373,202966.0,47088.8828125,,,,,,,,,202962.0,2563.0,3.0,994.0,-531095551.0,93.0,-27.0,1.0,31.0,-86.0,-21.0,,,,
2661,202974.0,51088.0,47950.0,46324.0,43010.0,202973.0,3.357184886932373,202975.0,47093.02734375,,,,,,,,,202972.0,2562.0,3.0,993.0,-531096575.0,88.0,-25.0,1.0,78.0,-172.0,17.0,,,,
2662,202984.0,48269.0,47625.0,48647.0,43755.0,202983.0,3.3624634742736816,202985.0,47074.20703125,,,,,,,,,202982.0,2563.0,3.0,993.0,-532145151.0,86.0,-24.0,4.0,78.0,-58.0,3.0,,,,
2663,202994.0,51866.0,47844.0,46692.0,41594.0,202993.0,3.3624634742736816,202995.0,46999.0390625,,,,,,,,,202992.0,2564.0,3.0,993.0,-532146175.0,84.0,-23.0,6.0,146.0,-149.0,75.0,,,,
2664,203004.0,48789.0,47689.0,48597.0,42737.0,203003.0,3.3624634742736816,203005.0,46953.30859375,,,,,,,,,203002.0,2565.0,2.0,994.0,-532146175.0,83.0,-21.0,10.0,-15.0,-27.0,-11.0,,,,
2665,203014.0,46043.0,48571.0,49333.0,42633.0,203013.0,3.3624634742736816,203015.0,46645.93359375,,,,,,,,,203012.0,2570.0,0.0,995.0,-533194751.0,87.0,-25.0,18.0,14.0,42.0,-32.0,,,,
2666,203024.0,48209.0,46979.0,48271.0,42885.0,203023.0,3.3624634742736816,203025.0,46586.03125,,,,,,,,,203022.0,2571.0,-1.0,995.0,-533194751.0,86.0,-24.0,21.0,21.0,15.0,45.0,,,,
2667,203034.0,50379.0,47479.0,47025.0,41089.0,203033.0,3.3624634742736816,203035.0,46493.1953125,,,,,,,,,203032.0,2573.0,-1.0,995.0,-533194751.0,86.0,-23.0,24.0,30.0,-97.0,18.0,,,,
2668,203044.0,47280.0,47794.0,47866.0,42664.0,203043.0,3.3624634742736816,203045.0,46401.453125,,,,,,,,,203042.0,2575.0,-1.0,995.0,-533194751.0,86.0,-23.0,27.0,-2.0,49.0,-25.0,,,,
2669,203054.0,46938.0,46648.0,48254.0,43464.0,203053.0,3.3624634742736816,203056.0,46326.29296875,,,,,,,,,203052.0,2576.0,-1.0,996.0,-533194751.0,84.0,-22.0,29.0,-13.0,16.0,-4.0,,,,
2670,203064.0,47826.0,45130.0,48886.0,44782.0,203063.0,3.3624634742736816,203065.0,46656.30078125,,,,,,,,,203062.0,2574.0,1.0,994.0,-533194751.0,79.0,-15.0,18.0,-25.0,-25.0,10.0,,,,
2671,203074.0,48890.0,47526.0,47816.0,42320.0,203073.0,3.3677420616149902,203075.0,46638.69921875,,,,,,,,,203072.0,2577.0,1.0,994.0,-532146175.0,81.0,-14.0,18.0,8.0,13.0,21.0,,,,
2672,203084.0,47388.0,47236.0,48852.0,43000.0,203083.0,3.3624634742736816,203085.0,46619.6953125,,,,,,,,,203082.0,2577.0,0.0,994.0,-533194751.0,79.0,-15.0,19.0,29.0,-25.0,-15.0,,,,
2673,203094.0,47482.0,46386.0,48686.0,43806.0,203093.0,3.3624634742736816,203095.0,46590.80078125,,,,,,,,,203092.0,2578.0,0.0,994.0,-533194751.0,77.0,-14.0,21.0,-41.0,-7.0,4.0,,,,
2674,203104.0,46965.0,46387.0,48281.0,42823.0,203103.0,3.3624634742736816,203105.0,46114.2265625,,,,,,,,,203102.0,2583.0,0.0,997.0,-533194751.0,81.0,-13.0,34.0,28.0,-16.0,9.0,,,,
2675,203114.0,48979.0,44657.0,47029.0,43555.0,203113.0,3.3624634742736816,203115.0,46055.3984375,,,,,,,,,203112.0,2584.0,0.0,997.0,-533194750.0,79.0,-12.0,36.0,-5.0,-40.0,53.0,,,,
2676,203124.0,47916.0,45236.0,48764.0,42084.0,203123.0,3.3624634742736816,203125.0,46000.21875,,,,,,,,,203122.0,2588.0,1.0,998.0,-533195774.0,82.0,-8.0,38.0,92.0,-176.0,33.0,,,,
2677,203134.0,49638.0,45956.0,45354.0,42748.0,203133.0,3.3677420616149902,203135.0,45924.03515625,,,,,,,,,203132.0,2589.0,1.0,998.0,-533195774.0,81.0,-7.0,39.0,88.0,-67.0,-5.0,,,,
2678,203144.0,46924.0,44706.0,48278.0,42356.0,203143.0,3.3677420616149902,203145.0,45566.5078125,,,,,,,,,203142.0,2589.0,1.0,1000.0,-533195774.0,80.0,-7.0,47.0,42.0,-4.0,39.0,,,,
2679,203154.0,49042.0,44780.0,46716.0,41710.0,203153.0,3.373020648956299,203155.0,45562.04296875,,,,,,,,,203152.0,2591.0,0.0,1001.0,-533196798.0,80.0,-9.0,49.0,44.0,-51.0,48.0,,,,
2680,203164.0,46878.0,46844.0,47912.0,40318.0,203163.0,3.373020648956299,203165.0,45488.234375,,,,,,,,,203162.0,2592.0,0.0,1001.0,-534245374.0,78.0,-8.0,50.0,122.0,-66.0,0.0,,,,
2681,203174.0,45819.0,45855.0,47511.0,42463.0,203173.0,3.373020648956299,203175.0,45412.125,,,,,,,,,203172.0,2593.0,0.0,1002.0,-534245374.0,78.0,-6.0,50.0,0.0,40.0,-15.0,,,,
2682,203184.0,49509.0,46421.0,44729.0,40861.0,203183.0,3.373020648956299,203185.0,45380.546875,,,,,,,,,203182.0,2594.0,0.0,1002.0,-534245374.0,77.0,-5.0,50.0,37.0,-13.0,26.0,,,,
2683,203194.0,44876.0,47096.0,48850.0,41694.0,203193.0,3.3782992362976074,203195.0,45629.98828125,,,,,,,,,203192.0,2595.0,0.0,1001.0,-534245374.0,76.0,-5.0,41.0,-11.0,55.0,-40.0,,,,
2684,203204.0,49580.0,46244.0,45208.0,41440.0,203203.0,3.3782992362976074,203205.0,45618.7890625,,,,,,,,,203202.0,2595.0,0.0,1002.0,-534245374.0,75.0,-5.0,40.0,85.0,-13.0,45.0,,,,
2685,203214.0,46418.0,46848.0,48206.0,41044.0,203213.0,3.373020648956299,203215.0,45629.87890625,,,,,,,,,203212.0,2596.0,0.0,1002.0,-534244350.0,73.0,-5.0,37.0,28.0,71.0,1.0,,,,
2686,203224.0,44717.0,47627.0,49387.0,40977.0,203223.0,3.373020648956299,203225.0,45677.36328125,,,,,,,,,203222.0,2595.0,1.0,1002.0,-534244350.0,69.0,-1.0,33.0,36.0,21.0,-22.0,,,,
2687,203234.0,47156.0,46414.0,48356.0,41842.0,203233.0,3.373020648956299,203235.0,45942.90234375,,,,,,,,,203232.0,2595.0,1.0,1001.0,-534244350.0,68.0,-1.0,26.0,1.0,41.0,39.0,,,,
2688,203244.0,49224.0,46586.0,46770.0,41264.0,203243.0,3.373020648956299,203245.0,45961.96875,,,,,,,,,203242.0,2597.0,1.0,1002.0,-534244350.0,68.0,-1.0,25.0,100.0,-88.0,14.0,,,,
2689,203254.0,46528.0,47174.0,47370.0,42816.0,203253.0,3.373020648956299,203255.0,45972.38671875,,,,,,,,,203252.0,2598.0,1.0,1002.0,-535292926.0,66.0,0.0,23.0,50.0,-38.0,-35.0,,,,
2690,203264.0,48968.0,45844.0,46472.0,42696.0,203263.0,3.3677420616149902,203265.0,45995.57421875,,,,,,,,,203262.0,2598.0,1.0,1002.0,-535292926.0,65.0,0.0,21.0,14.0,-19.0,22.0,,,,
2691,203274.0,50190.0,43228.0,46598.0,45140.0,203273.0,3.373020648956299,203275.0,46289.77734375,,,,,,,,,203272.0,2599.0,1.0,1001.0,-535293950.0,64.0,0.0,14.0,65.0,-138.0,34.0,,,,
2692,203284.0,51661.0,46409.0,43491.0,43591.0,203283.0,3.373020648956299,203285.0,46288.9765625,,,,,,,,,203282.0,2607.0,1.0,1001.0,-535293950.0,74.0,0.0,11.0,114.0,-69.0,-56.0,,,,
2693,203294.0,47700.0,47426.0,46526.0,43736.0,203293.0,3.373020648956299,203295.0,46347.62890625,,,,,,,,,203292.0,2608.0,2.0,1001.0,-536343550.0,73.0,1.0,9.0,68.0,5.0,-24.0,,,,
2694,203304.0,50172.0,45898.0,45548.0,43922.0,203303.0,3.3677420616149902,203305.0,46385.46484375,,,,,,,,,203302.0,2609.0,2.0,1001.0,-536343550.0,72.0,1.0,6.0,108.0,-78.0,3.0,,,,
2695,203314.0,46125.0,49079.0,48387.0,42209.0,203313.0,3.3677420616149902,203315.0,46450.1875,,,,,,,,,203312.0,2610.0,2.0,1001.0,-1073214462.0,71.0,1.0,3.0,135.0,56.0,-36.0,,,,
2696,203324.0,50713.0,50197.0,45329.0,41309.0,203323.0,3.3677420616149902,203325.0,46887.625,,,,,,,,,203322.0,2612.0,-3.0,999.0,-1072165886.0,73.0,-6.0,-9.0,182.0,8.0,-22.0,,,,
2697,203334.0,46290.0,51482.0,48850.0,41214.0,203333.0,3.3677420616149902,203335.0,46959.5390625,,,,,,,,,203332.0,2612.0,-3.0,999.0,-1071116286.0,71.0,-6.0,-12.0,74.0,164.0,-58.0,,,,
2698,203344.0,43964.0,50560.0,52336.0,41304.0,203343.0,3.3677420616149902,203345.0,47041.53515625,,,,,,,,,203342.0,2612.0,-3.0,999.0,-1071116286.0,68.0,-6.0,-14.0,155.0,157.0,12.0,,,,
2699,203354.0,49201.0,51085.0,47403.0,40759.0,203353.0,3.3624634742736816,203355.0,47112.62890625,,,,,,,,,203352.0,2613.0,-3.0,999.0,-1071115262.0,69.0,-7.0,-17.0,12.0,154.0,-28.0,,,,
2700,203364.0,43979.0,49113.0,50933.0,43155.0,203363.0,3.3624634742736816,203365.0,46795.234375,,,,,,,,,203362.0,2614.0,-3.0,1001.0,-1070066686.0,67.0,-8.0,-8.0,64.0,53.0,-93.0,,,,
2701,203374.0,46531.0,50597.0,48359.0,41929.0,203373.0,3.3624634742736816,203375.0,46854.7890625,,,,,,,,,203372.0,2614.0,-2.0,1001.0,-1070065663.0,64.0,-7.0,-9.0,33.0,142.0,34.0,,,,
2702,203384.0,47662.0,47272.0,48950.0,43724.0,203383.0,3.3624634742736816,203386.0,46902.21875,,,,,,,,,203382.0,2616.0,-1.0,1001.0,-1070065663.0,65.0,-6.0,-13.0,-35.0,77.0,-32.0,,,,
2703,203394.0,47403.0,50183.0,48587.0,41823.0,203393.0,3.3624634742736816,203395.0,46999.328125,,,,,,,,,203392.0,2618.0,-1.0,1001.0,-1070065663.0,66.0,-6.0,-16.0,11.0,-11.0,-50.0,,,,
2704,203404.0,46134.0,49218.0,48588.0,43392.0,203403.0,3.3624634742736816,203405.0,46833.5546875,,,,,,,,,203402.0,2619.0,-1.0,1002.0,-1070065663.0,64.0,-7.0,-11.0,-42.0,66.0,-27.0,,,,
2705,203414.0,49469.0,45587.0,48359.0,44201.0,203413.0,3.3624634742736816,203415.0,46904.9453125,,,,,,,,,203412.0,2619.0,0.0,1002.0,-1071114239.0,62.0,-5.0,-11.0,-83.0,-91.0,56.0,,,,
2706,203424.0,48573.0,48025.0,48787.0,42243.0,203423.0,3.3624634742736816,203425.0,46907.6328125,,,,,,,,,203422.0,2620.0,0.0,1002.0,-1071114239.0,61.0,-5.0,-11.0,-47.0,-95.0,3.0,,,,
2707,203434.0,47469.0,45757.0,48627.0,45763.0,203433.0,3.357184886932373,203435.0,46904.13671875,,,,,,,,,203432.0,2621.0,0.0,1002.0,-1071114239.0,59.0,-6.0,-9.0,-12.0,-147.0,-15.0,,,,
2708,203444.0,47912.0,44108.0,49216.0,46836.0,203443.0,3.357184886932373,203445.0,47018.0390625,,,,,,,,,203442.0,2625.0,6.0,1001.0,-1072163839.0,63.0,1.0,-12.0,-103.0,-142.0,37.0,,,,
2709,203454.0,49665.0,46265.0,47849.0,44229.0,203453.0,3.357184886932373,203455.0,47002.36328125,,,,,,,,,203452.0,2627.0,5.0,1000.0,-1072164863.0,63.0,0.0,-13.0,-69.0,-174.0,1.0,,,,
2710,203464.0,51472.0,45126.0,46134.0,45368.0,203463.0,3.357184886932373,203465.0,47025.390625,,,,,,,,,203462.0,2627.0,5.0,1000.0,-1072164863.0,62.0,-1.0,-12.0,-54.0,-157.0,50.0,,,,
2711,203474.0,47871.0,45557.0,50139.0,44513.0,203473.0,3.357184886932373,203475.0,47020.6796875,,,,,,,,,203472.0,2629.0,5.0,1000.0,-1072165887.0,62.0,0.0,-13.0,-2.0,-166.0,11.0,,,,
2712,203484.0,47963.0,48403.0,49337.0,42425.0,203483.0,3.357184886932373,203485.0,47032.5703125,,,,,,,,,203482.0,2629.0,5.0,1000.0,-1072165887.0,61.0,0.0,-11.0,-41.0,-89.0,2.0,,,,
2713,203494.0,48176.0,46524.0,49524.0,43668.0,203493.0,3.357184886932373,203495.0,46973.7109375,,,,,,,,,203492.0,2630.0,5.0,1000.0,-1073215487.0,60.0,0.0,-8.0,-19.0,-16.0,26.0,,,,
2714,203504.0,53149.0,46015.0,46053.0,42523.0,203503.0,3.357184886932373,203505.0,46935.12109375,,,,,,,,,203502.0,2631.0,5.0,1000.0,-1073215486.0,60.0,0.0,-9.0,43.0,-83.0,95.0,,,,
2715,203514.0,48390.0,47492.0,49788.0,42214.0,203513.0,3.357184886932373,203515.0,46971.26953125,,,,,,,,,203512.0,2631.0,5.0,1000.0,-1072166910.0,59.0,-1.0,-10.0,65.0,-14.0,-12.0,,,,
2716,203524.0,48889.0,47741.0,48433.0,42881.0,203523.0,3.357184886932373,203525.0,46986.5546875,,,,,,,,,203522.0,2632.0,5.0,1000.0,-1072166910.0,59.0,-1.0,-10.0,53.0,5.0,19.0,,,,
2717,203534.0,48118.0,46270.0,49722.0,42530.0,203533.0,3.357184886932373,203535.0,46660.671875,,,,,,,,,203532.0,2632.0,5.0,1002.0,-1072166910.0,58.0,-1.0,0.0,43.0,60.0,58.0,,,,
2718,203544.0,48644.0,48338.0,50036.0,39634.0,203543.0,3.357184886932373,203545.0,46663.359375,,,,,,,,,203542.0,2618.0,4.0,1002.0,-1072165886.0,37.0,-3.0,0.0,69.0,-62.0,72.0,,,,
2719,203554.0,46247.0,48729.0,50583.0,41061.0,203553.0,3.357184886932373,203555.0,46655.27734375,,,,,,,,,203552.0,2619.0,4.0,1002.0,-1071117310.0,36.0,-3.0,0.0,113.0,-34.0,-32.0,,,,
2720,203564.0,48704.0,46114.0,48512.0,43266.0,203563.0,3.3624634742736816,203565.0,46649.28515625,,,,,,,,,203562.0,2618.0,5.0,1002.0,-1071117310.0,34.0,-2.0,0.0,-12.0,-42.0,58.0,,,,
2721,203574.0,45903.0,48121.0,51733.0,42971.0,203573.0,3.3624634742736816,203575.0,47182.69140625,,,,,,,,,203572.0,2620.0,5.0,998.0,-1071118334.0,36.0,-2.0,-13.0,-10.0,-89.0,-56.0,,,,
2722,203584.0,49436.0,45506.0,48534.0,45148.0,203583.0,3.3624634742736816,203585.0,47156.62890625,,,,,,,,,203582.0,2620.0,5.0,998.0,-1071118334.0,35.0,-3.0,-13.0,-20.0,-171.0,62.0,,,,
2723,203594.0,50018.0,44528.0,48616.0,45438.0,203593.0,3.3624634742736816,203595.0,47150.796875,,,,,,,,,203592.0,2622.0,6.0,998.0,-1071119357.0,37.0,-3.0,-12.0,-20.0,-298.0,-11.0,,,,
2724,203604.0,50446.0,45244.0,46826.0,46040.0,203603.0,3.357184886932373,203605.0,47139.890625,,,,,,,,,203602.0,2624.0,7.0,998.0,-1072693246.0,39.0,-1.0,-12.0,-96.0,-252.0,-8.0,,,,
2725,203614.0,49973.0,43311.0,48817.0,46523.0,203613.0,3.357184886932373,203615.0,47156.8359375,,,,,,,,,203612.0,2624.0,6.0,998.0,-1072692221.0,37.0,-3.0,-11.0,-91.0,-248.0,52.0,,,,
2726,203624.0,56278.0,43628.0,44434.0,44648.0,203623.0,3.357184886932373,203625.0,47247.78515625,,,,,,,,,203622.0,2624.0,6.0,997.0,-1072691197.0,38.0,-3.0,-15.0,23.0,-451.0,93.0,,,,
2727,203634.0,52057.0,44935.0,46433.0,45639.0,203633.0,3.357184886932373,203635.0,47266.7265625,,,,,,,,,203632.0,2624.0,6.0,997.0,-1072690173.0,38.0,-3.0,-14.0,-51.0,-222.0,-11.0,,,,
2728,203644.0,48990.0,45210.0,50930.0,43942.0,203643.0,3.357184886932373,203645.0,47268.88671875,,,,,,,,,203642.0,2629.0,7.0,997.0,-1072689149.0,46.0,-3.0,-14.0,-75.0,-178.0,77.0,,,,
2729,203654.0,52356.0,44404.0,48188.0,44112.0,203653.0,3.357184886932373,203655.0,47265.11328125,,,,,,,,,203652.0,2630.0,7.0,997.0,-1072688125.0,47.0,-3.0,-13.0,29.0,-242.0,60.0,,,,
2730,203664.0,53874.0,46114.0,46084.0,42840.0,203663.0,3.357184886932373,203665.0,47228.05078125,,,,,,,,,203662.0,2630.0,7.0,997.0,-1072687100.0,48.0,-3.0,-12.0,28.0,-161.0,53.0,,,,
2731,203674.0,47733.0,48159.0,50681.0,42407.0,203673.0,3.357184886932373,203675.0,47245.6171875,,,,,,,,,203672.0,2630.0,5.0,997.0,-1072687100.0,49.0,-5.0,-11.0,8.0,-20.0,16.0,,,,
2732,203684.0,53201.0,46343.0,46787.0,42553.0,203683.0,3.357184886932373,203685.0,47221.48046875,,,,,,,,,203682.0,2631.0,5.0,997.0,-1072687100.0,51.0,-5.0,-11.0,15.0,-64.0,79.0,,,,
2733,203694.0,46705.0,46377.0,52141.0,43713.0,203693.0,3.357184886932373,203695.0,47234.1328125,,,,,,,,,203692.0,2632.0,5.0,997.0,-1072686076.0,53.0,-5.0,-11.0,35.0,10.0,-20.0,,,,
2734,203704.0,52363.0,47663.0,46403.0,42295.0,203703.0,3.357184886932373,203705.0,47181.6328125,,,,,,,,,203702.0,2632.0,5.0,997.0,-1072687100.0,55.0,-6.0,-9.0,53.0,-19.0,46.0,,,,
2735,203714.0,46090.0,46024.0,51962.0,44644.0,203713.0,3.357184886932373,203715.0,47180.96875,,,,,,,,,203712.0,2633.0,5.0,997.0,-1072687100.0,56.0,-6.0,-8.0,-8.0,129.0,-13.0,,,,
2736,203724.0,47084.0,50186.0,51080.0,40326.0,203723.0,3.357184886932373,203725.0,47169.75,,,,,,,,,203722.0,2620.0,19.0,997.0,-1072687100.0,39.0,12.0,-7.0,29.0,9.0,3.0,,,,
2737,203734.0,45592.0,47998.0,52120.0,42862.0,203733.0,3.357184886932373,203735.0,47143.5078125,,,,,,,,,203732.0,2621.0,18.0,996.0,-1072688124.0,41.0,10.0,-6.0,-28.0,84.0,9.0,,,,
2738,203744.0,48574.0,47886.0,50084.0,41932.0,203743.0,3.357184886932373,203745.0,47119.42578125,,,,,,,,,203742.0,2622.0,18.0,996.0,-1072688124.0,43.0,10.0,-4.0,108.0,-11.0,25.0,,,,
2739,203754.0,48317.0,47141.0,48831.0,43179.0,203753.0,3.357184886932373,203755.0,46867.39453125,,,,,,,,,203752.0,2622.0,18.0,998.0,-1072688124.0,45.0,10.0,4.0,62.0,-8.0,-13.0,,,,
2740,203764.0,50701.0,46149.0,47713.0,42661.0,203763.0,3.357184886932373,203765.0,46806.40234375,,,,,,,,,203762.0,2623.0,18.0,998.0,-1072688124.0,47.0,10.0,6.0,78.0,-92.0,45.0,,,,
2741,203774.0,53107.0,44723.0,45803.0,43367.0,203773.0,3.357184886932373,203775.0,46750.484375,,,,,,,,,203772.0,2625.0,18.0,998.0,-1071638524.0,50.0,9.0,10.0,131.0,-265.0,49.0,,,,
2742,203784.0,49008.0,46558.0,47804.0,43230.0,203783.0,3.357184886932373,203785.0,46650.4921875,,,,,,,,,203782.0,2626.0,18.0,998.0,-1071637500.0,54.0,8.0,12.0,154.0,-179.0,-19.0,,,,
2743,203794.0,53844.0,44812.0,45736.0,45780.0,203793.0,3.357184886932373,203795.0,47543.79296875,,,,,,,,,203792.0,2627.0,18.0,993.0,-1070587900.0,55.0,8.0,-13.0,116.0,-249.0,47.0,,,,
2744,203804.0,50590.0,44758.0,49162.0,45526.0,203803.0,3.3624634742736816,203805.0,47509.17578125,,,,,,,,,203802.0,2631.0,17.0,993.0,-1070586876.0,62.0,6.0,-10.0,81.0,-248.0,10.0,,,,
2745,203814.0,54355.0,45471.0,45425.0,44553.0,203813.0,3.3519062995910645,203815.0,47451.7109375,,,,,,,,,203812.0,2631.0,17.0,992.0,-1070585851.0,65.0,5.0,-8.0,143.0,-314.0,33.0,,,,
2746,203824.0,48908.0,44704.0,50108.0,45964.0,203823.0,3.3519062995910645,203825.0,47421.61328125,,,,,,,,,203822.0,2632.0,17.0,992.0,-1069536251.0,67.0,4.0,-8.0,60.0,-148.0,-1.0,,,,
2747,203834.0,49561.0,47955.0,50231.0,43081.0,203833.0,3.3519062995910645,203835.0,47707.55859375,,,,,,,,,203832.0,2633.0,17.0,991.0,-1069536251.0,70.0,3.0,-15.0,57.0,-119.0,12.0,,,,
2748,203844.0,48902.0,46526.0,50778.0,44566.0,203843.0,3.3519062995910645,203845.0,47693.82421875,,,,,,,,,203842.0,2633.0,18.0,990.0,-1069536251.0,73.0,3.0,-15.0,-6.0,-11.0,16.0,,,,
2749,203854.0,52486.0,47346.0,48318.0,42630.0,203853.0,3.3519062995910645,203855.0,47695.671875,,,,,,,,,203852.0,2634.0,18.0,990.0,-1069536251.0,76.0,2.0,-15.0,72.0,2.0,57.0,,,,
2750,203864.0,46766.0,48972.0,52734.0,42384.0,203863.0,3.3519062995910645,203865.0,47714.3203125,,,,,,,,,203862.0,2635.0,18.0,990.0,-1069536251.0,79.0,1.0,-14.0,-57.0,115.0,-34.0,,,,
2751,203874.0,46946.0,45634.0,53080.0,45204.0,203873.0,3.3519062995910645,203875.0,47716.953125,,,,,,,,,203872.0,2629.0,19.0,990.0,-1069537275.0,72.0,1.0,-13.0,22.0,197.0,18.0,,,,
2752,203884.0,49947.0,49375.0,49333.0,39201.0,203883.0,3.3519062995910645,203885.0,46964.6875,,,,,,,,,203882.0,2630.0,20.0,994.0,-1069537275.0,75.0,0.0,11.0,10.0,207.0,42.0,,,,
2753,203894.0,46265.0,48641.0,52243.0,40371.0,203893.0,3.3519062995910645,203895.0,46880.21484375,,,,,,,,,203892.0,2631.0,19.0,994.0,-1068489723.0,79.0,0.0,12.0,61.0,85.0,-19.0,,,,
2754,203904.0,47609.0,46777.0,50147.0,42871.0,203903.0,3.357184886932373,203905.0,46851.6015625,,,,,,,,,203902.0,2633.0,19.0,994.0,-1068489723.0,83.0,-2.0,14.0,54.0,205.0,57.0,,,,
2755,203914.0,49108.0,48138.0,49794.0,40104.0,203913.0,3.357184886932373,203915.0,46786.6328125,,,,,,,,,203912.0,2634.0,19.0,994.0,-1068490747.0,85.0,-3.0,17.0,94.0,89.0,20.0,,,,
2756,203924.0,47519.0,49363.0,50285.0,39473.0,203923.0,3.3624634742736816,203925.0,46660.25,,,,,,,,,203922.0,2636.0,21.0,995.0,-1068490747.0,89.0,-1.0,20.0,87.0,14.0,-9.0,,,,
2757,203934.0,46318.0,46782.0,50184.0,43136.0,203933.0,3.3624634742736816,203935.0,46605.78515625,,,,,,,,,203932.0,2637.0,21.0,995.0,-1068490747.0,91.0,-2.0,22.0,84.0,13.0,-2.0,,,,
2758,203944.0,51943.0,44689.0,45993.0,43547.0,203943.0,3.3624634742736816,203945.0,46543.05859375,,,,,,,,,203942.0,2638.0,20.0,995.0,-1067442171.0,94.0,-5.0,24.0,39.0,-90.0,42.0,,,,
2759,203954.0,48788.0,45472.0,48310.0,43386.0,203953.0,3.3624634742736816,203955.0,46489.63671875,,,,,,,,,203952.0,2640.0,20.0,996.0,-1067442171.0,98.0,-7.0,26.0,46.0,-65.0,-16.0,,,,
2760,203964.0,50987.0,46265.0,46653.0,43267.0,203963.0,3.3624634742736816,203965.0,46793.59765625,,,,,,,,,203962.0,2641.0,20.0,994.0,-1067441147.0,100.0,-8.0,17.0,53.0,-149.0,-4.0,,,,
2761,203974.0,48573.0,45563.0,48265.0,44583.0,203973.0,3.3624634742736816,203975.0,46746.03125,,,,,,,,,203972.0,2642.0,20.0,994.0,-1067441147.0,103.0,-10.0,18.0,-21.0,-69.0,-13.0,,,,
2762,203984.0,48989.0,42747.0,49093.0,45987.0,203983.0,3.3624634742736816,203985.0,46704.1171875,,,,,,,,,203982.0,2642.0,24.0,994.0,-1067441147.0,104.0,-5.0,18.0,-46.0,-34.0,44.0,,,,
2763,203994.0,50989.0,44091.0,47963.0,43725.0,203993.0,3.3624634742736816,203995.0,46692.2734375,,,,,,,,,203992.0,2645.0,23.0,994.0,-1067441147.0,109.0,-9.0,20.0,-86.0,-47.0,44.0,,,,
2764,204004.0,46926.0,46856.0,50516.0,42218.0,204003.0,3.3624634742736816,204005.0,46629.7109375,,,,,,,,,204002.0,2646.0,24.0,995.0,-1068488698.0,112.0,-8.0,22.0,-49.0,-54.0,-39.0,,,,
2765,204014.0,46277.0,44881.0,50571.0,44483.0,204013.0,3.3624634742736816,204015.0,46553.71875,,,,,,,,,204012.0,2648.0,23.0,995.0,-1068488699.0,116.0,-11.0,25.0,-96.0,115.0,32.0,,,,
2766,204024.0,47711.0,46015.0,50679.0,41547.0,204023.0,3.3624634742736816,204025.0,46488.37109375,,,,,,,,,204022.0,2648.0,24.0,995.0,-1068489722.0,116.0,-10.0,25.0,12.0,13.0,29.0,,,,
2767,204034.0,48279.0,47635.0,48509.0,41385.0,204033.0,3.3624634742736816,204035.0,46452.12109375,,,,,,,,,204032.0,2651.0,23.0,995.0,-1068489722.0,122.0,-13.0,27.0,26.0,108.0,-40.0,,,,
2768,204044.0,47766.0,47310.0,48122.0,42418.0,204043.0,3.3624634742736816,204045.0,46404.79296875,,,,,,,,,204042.0,2651.0,24.0,996.0,-1068489723.0,123.0,-13.0,29.0,62.0,159.0,-11.0,,,,
2769,204054.0,50402.0,46720.0,47206.0,42044.0,204053.0,3.3624634742736816,204055.0,46593.53125,,,,,,,,,204052.0,2651.0,23.0,995.0,-1068490747.0,123.0,-16.0,23.0,76.0,131.0,24.0,,,,
2770,204064.0,49192.0,46552.0,47830.0,42582.0,204063.0,3.3624634742736816,204065.0,46539.328125,,,,,,,,,204062.0,2656.0,23.0,995.0,-1068490746.0,132.0,-17.0,26.0,10.0,190.0,-27.0,,,,
2771,204074.0,47486.0,47546.0,49022.0,41734.0,204073.0,3.3624634742736816,204075.0,46447.50390625,,,,,,,,,204072.0,2657.0,23.0,995.0,-1067443195.0,133.0,-18.0,29.0,69.0,147.0,-7.0,,,,
2772,204084.0,48492.0,46308.0,47268.0,43400.0,204083.0,3.3624634742736816,204085.0,46367.30859375,,,,,,,,,204082.0,2660.0,22.0,995.0,-1067443195.0,136.0,-20.0,29.0,-6.0,166.0,-22.0,,,,
2773,204094.0,47131.0,48595.0,49147.0,41111.0,204093.0,3.3624634742736816,204095.0,46496.69140625,,,,,,,,,204092.0,2661.0,22.0,995.0,-1067444219.0,138.0,-22.0,24.0,55.0,182.0,-21.0,,,,
2774,204104.0,47365.0,46203.0,49703.0,42545.0,204103.0,3.3624634742736816,204105.0,46454.640625,,,,,,,,,204102.0,2658.0,22.0,995.0,-1067445243.0,133.0,-23.0,25.0,-67.0,152.0,9.0,,,,
2775,204114.0,46633.0,48477.0,49885.0,40817.0,204113.0,3.3624634742736816,204115.0,46453.625,,,,,,,,,204112.0,2661.0,22.0,995.0,-1067445243.0,137.0,-25.0,26.0,47.0,85.0,-32.0,,,,
2776,204124.0,47275.0,45141.0,50081.0,43087.0,204123.0,3.3624634742736816,204125.0,46396.171875,,,,,,,,,204122.0,2662.0,22.0,996.0,-1067446267.0,139.0,-26.0,27.0,-53.0,134.0,32.0,,,,
2777,204134.0,49399.0,43977.0,47553.0,42003.0,204133.0,3.3624634742736816,204135.0,45733.17578125,,,,,,,,,204132.0,2663.0,24.0,1000.0,-1067446267.0,139.0,-24.0,45.0,-35.0,13.0,50.0,,,,
2778,204144.0,47148.0,45510.0,47756.0,42198.0,204143.0,3.3624634742736816,204145.0,45653.765625,,,,,,,,,204142.0,2668.0,24.0,1000.0,-1068494843.0,145.0,-25.0,47.0,-53.0,69.0,-29.0,,,,
2779,204154.0,44713.0,45033.0,49815.0,43031.0,204153.0,3.3677420616149902,204155.0,45648.06640625,,,,,,,,,204152.0,2669.0,23.0,1001.0,-1068494843.0,145.0,-28.0,48.0,-113.0,143.0,-19.0,,,,
2780,204164.0,47038.0,43824.0,48040.0,43298.0,204163.0,3.3677420616149902,204165.0,45550.5,,,,,,,,,204162.0,2670.0,23.0,1001.0,-1068495867.0,146.0,-28.0,49.0,-113.0,23.0,7.0,,,,
2781,204174.0,49204.0,44124.0,45894.0,42950.0,204173.0,3.3677420616149902,204175.0,45543.96875,,,,,,,,,204172.0,2672.0,23.0,1002.0,-1069544443.0,147.0,-30.0,50.0,-91.0,70.0,8.0,,,,
2782,204184.0,44844.0,44804.0,48644.0,41760.0,204183.0,3.373020648956299,204185.0,45013.73046875,,,,,,,,,204182.0,2675.0,23.0,1004.0,-1069544443.0,150.0,-30.0,63.0,-51.0,72.0,-36.0,,,,
2783,204194.0,45205.0,44677.0,47513.0,42617.0,204193.0,3.373020648956299,204195.0,45003.453125,,,,,,,,,204192.0,2675.0,22.0,1005.0,-1069544443.0,149.0,-32.0,61.0,-122.0,142.0,-31.0,,,,
2784,204204.0,46438.0,43932.0,47670.0,41912.0,204203.0,3.373020648956299,204205.0,44988.39453125,,,,,,,,,204202.0,2676.0,22.0,1006.0,-1070594043.0,149.0,-32.0,60.0,-49.0,219.0,15.0,,,,
2785,204214.0,49299.0,45451.0,45297.0,39861.0,204213.0,3.3782992362976074,204215.0,44977.56640625,,,,,,,,,204212.0,2678.0,20.0,1006.0,-1070594043.0,151.0,-36.0,60.0,-25.0,74.0,19.0,,,,
2786,204224.0,42799.0,45631.0,51285.0,42305.0,204223.0,3.3782992362976074,204225.0,45505.2890625,,,,,,,,,204222.0,2683.0,20.0,1003.0,-1070595067.0,157.0,-37.0,43.0,27.0,123.0,-52.0,,,,
2787,204234.0,47970.0,46050.0,46144.0,41824.0,204233.0,3.3782992362976074,204235.0,45497.70703125,,,,,,,,,204232.0,2685.0,20.0,1004.0,-1070595067.0,157.0,-38.0,43.0,22.0,166.0,7.0,,,,
2788,204244.0,46173.0,45527.0,48853.0,41535.0,204243.0,3.3782992362976074,204245.0,45522.53125,,,,,,,,,204242.0,2685.0,20.0,1004.0,-1070596091.0,155.0,-37.0,40.0,2.0,79.0,8.0,,,,
2789,204254.0,48999.0,46671.0,46207.0,40187.0,204253.0,3.373020648956299,204255.0,45516.0078125,,,,,,,,,204252.0,2687.0,20.0,1005.0,-1070596091.0,156.0,-38.0,36.0,-31.0,142.0,14.0,,,,
2790,204264.0,45711.0,46711.0,49603.0,41407.0,204263.0,3.373020648956299,204265.0,45858.60546875,,,,,,,,,204262.0,2688.0,20.0,1004.0,-1069023227.0,156.0,-39.0,27.0,45.0,118.0,-37.0,,,,
2791,204274.0,47108.0,44530.0,48874.0,42900.0,204273.0,3.373020648956299,204275.0,45853.84765625,,,,,,,,,204272.0,2691.0,19.0,1004.0,-1070070779.0,157.0,-39.0,24.0,-99.0,112.0,29.0,,,,
2792,204284.0,45331.0,46473.0,50271.0,41741.0,204283.0,3.3677420616149902,204285.0,45954.16015625,,,,,,,,,204282.0,2693.0,20.0,1005.0,-1070070779.0,158.0,-39.0,22.0,-39.0,145.0,-26.0,,,,
2793,204294.0,48109.0,44867.0,47483.0,43341.0,204293.0,3.3677420616149902,204295.0,45950.13671875,,,,,,,,,204292.0,2695.0,19.0,1005.0,-1070069755.0,158.0,-40.0,20.0,-86.0,102.0,2.0,,,,
2794,204304.0,44342.0,45184.0,50816.0,43626.0,204303.0,3.3677420616149902,204305.0,45992.04296875,,,,,,,,,204302.0,2694.0,21.0,1005.0,-1070069755.0,154.0,-37.0,19.0,-130.0,162.0,-65.0,,,,
2795,204314.0,49008.0,45084.0,45942.0,44086.0,204313.0,3.3677420616149902,204315.0,46030.7734375,,,,,,,,,204312.0,2697.0,19.0,1005.0,-1071117307.0,156.0,-40.0,18.0,-34.0,163.0,-17.0,,,,
2796,204324.0,48431.0,48161.0,47559.0,40005.0,204323.0,3.3677420616149902,204325.0,46039.5703125,,,,,,,,,204322.0,2701.0,17.0,1005.0,-1071117307.0,158.0,-43.0,16.0,-80.0,99.0,12.0,,,,
2797,204334.0,43861.0,44717.0,50835.0,44727.0,204333.0,3.3624634742736816,204335.0,46035.3125,,,,,,,,,204332.0,2704.0,18.0,1005.0,-1071116283.0,159.0,-42.0,14.0,-29.0,114.0,-72.0,,,,
2798,204344.0,48537.0,45013.0,48155.0,42791.0,204343.0,3.3624634742736816,204345.0,46124.48046875,,,,,,,,,204342.0,2706.0,19.0,1005.0,-1071116284.0,159.0,-41.0,12.0,-13.0,157.0,14.0,,,,
2799,204354.0,46330.0,47298.0,50182.0,42130.0,204353.0,3.3624634742736816,204355.0,46485.1875,,,,,,,,,204352.0,2708.0,18.0,1004.0,-1071115259.0,158.0,-41.0,1.0,-22.0,102.0,-44.0,,,,
2800,204364.0,46417.0,46645.0,49903.0,43031.0,204363.0,3.3624634742736816,204365.0,46499.44921875,,,,,,,,,204362.0,2711.0,19.0,1004.0,-1071115260.0,159.0,-40.0,1.0,-53.0,140.0,-20.0,,,,
2801,204374.0,48797.0,46307.0,47905.0,42991.0,204373.0,3.3624634742736816,204375.0,46500.08203125,,,,,,,,,204372.0,2712.0,19.0,1004.0,-1072163836.0,157.0,-40.0,1.0,86.0,57.0,-7.0,,,,
2802,204384.0,47009.0,45511.0,49885.0,43615.0,204383.0,3.3624634742736816,204385.0,46505.390625,,,,,,,,,204382.0,2713.0,19.0,1004.0,-1071114236.0,156.0,-40.0,0.0,0.0,73.0,5.0,,,,
2803,204394.0,47752.0,47348.0,50472.0,44092.0,204393.0,3.357184886932373,204395.0,47416.6171875,,,,,,,,,204392.0,2717.0,18.0,999.0,-1071114236.0,157.0,-42.0,-27.0,-24.0,182.0,0.0,,,,
2804,204404.0,51165.0,48159.0,47985.0,42599.0,204403.0,3.3624634742736816,204405.0,47477.08203125,,,,,,,,,204402.0,2718.0,17.0,998.0,-1072162812.0,156.0,-42.0,-29.0,-28.0,62.0,11.0,,,,
2805,204414.0,46997.0,49385.0,50967.0,42851.0,204413.0,3.3519062995910645,204415.0,47550.765625,,,,,,,,,204412.0,2721.0,17.0,998.0,-1072161788.0,155.0,-43.0,-29.0,-29.0,67.0,-53.0,,,,
2806,204424.0,45917.0,47479.0,51833.0,45039.0,204423.0,3.3519062995910645,204425.0,47567.9453125,,,,,,,,,204422.0,2723.0,16.0,998.0,-1072161788.0,154.0,-43.0,-29.0,-7.0,141.0,-11.0,,,,
2807,204434.0,49697.0,46791.0,49537.0,44287.0,204433.0,3.3519062995910645,204435.0,47578.96484375,,,,,,,,,204432.0,2726.0,19.0,998.0,-1072161788.0,155.0,-39.0,-28.0,-4.0,74.0,1.0,,,,
2808,204444.0,49450.0,49312.0,49960.0,42326.0,204443.0,3.3519062995910645,204445.0,47762.4765625,,,,,,,,,204442.0,2729.0,16.0,996.0,-1072160764.0,155.0,-43.0,-33.0,23.0,80.0,-5.0,,,,
2809,204454.0,47312.0,48598.0,51088.0,44082.0,204453.0,3.3519062995910645,204455.0,47770.15234375,,,,,,,,,204452.0,2732.0,16.0,996.0,-1072160764.0,154.0,-43.0,-32.0,17.0,150.0,-39.0,,,,
2810,204464.0,48261.0,48113.0,50851.0,43867.0,204463.0,3.346627712249756,204465.0,47773.0078125,,,,,,,,,204462.0,2734.0,17.0,996.0,-1072159740.0,153.0,-41.0,-30.0,-10.0,96.0,-7.0,,,,
2811,204474.0,49205.0,48511.0,49333.0,43999.0,204473.0,3.346627712249756,204476.0,47762.23828125,,,,,,,,,204472.0,2734.0,15.0,995.0,-1072159740.0,148.0,-43.0,-28.0,-25.0,166.0,-32.0,,,,
2812,204484.0,48752.0,47818.0,48602.0,42764.0,204483.0,3.346627712249756,204485.0,46984.64453125,,,,,,,,,204482.0,2735.0,15.0,999.0,-1072158716.0,145.0,-43.0,-4.0,-31.0,124.0,-11.0,,,,
2813,204494.0,47073.0,46831.0,49963.0,43905.0,204493.0,3.346627712249756,204495.0,46943.83203125,,,,,,,,,204492.0,2739.0,15.0,999.0,-1072158716.0,146.0,-43.0,-1.0,5.0,150.0,-13.0,,,,
2814,204504.0,46531.0,47791.0,50113.0,43013.0,204503.0,3.3519062995910645,204505.0,46862.2265625,,,,,,,,,204502.0,2741.0,15.0,999.0,-1072157692.0,144.0,-42.0,0.0,-73.0,199.0,-1.0,,,,
2815,204514.0,49523.0,46051.0,48893.0,42793.0,204513.0,3.3519062995910645,204515.0,46815.85546875,,,,,,,,,204512.0,2742.0,14.0,999.0,-1072157692.0,141.0,-44.0,2.0,-58.0,51.0,45.0,,,,
2816,204524.0,44947.0,47227.0,50693.0,42129.0,204523.0,3.357184886932373,204525.0,46249.17578125,,,,,,,,,204522.0,2746.0,14.0,1002.0,-1072157692.0,142.0,-43.0,19.0,-4.0,84.0,-54.0,,,,
2817,204534.0,46176.0,45714.0,49066.0,43836.0,204533.0,3.357184886932373,204535.0,46198.203125,,,,,,,,,204532.0,2748.0,14.0,1002.0,-1072157692.0,139.0,-43.0,20.0,-40.0,63.0,-5.0,,,,
2818,204544.0,48224.0,45580.0,48178.0,42634.0,204543.0,3.357184886932373,204545.0,46154.46875,,,,,,,,,204542.0,2749.0,14.0,1002.0,-1072156668.0,136.0,-42.0,20.0,12.0,-22.0,3.0,,,,
2819,204554.0,49972.0,45612.0,46206.0,42790.0,204553.0,3.3624634742736816,204555.0,46145.90234375,,,,,,,,,204552.0,2753.0,13.0,1002.0,-1073205244.0,136.0,-44.0,19.0,-33.0,81.0,8.0,,,,
2820,204564.0,47677.0,46845.0,48755.0,41275.0,204563.0,3.3624634742736816,204565.0,46138.55859375,,,,,,,,,204562.0,2754.0,12.0,1004.0,-1073205244.0,133.0,-44.0,23.0,38.0,-30.0,-17.0,,,,
2821,204574.0,47258.0,45574.0,48384.0,42724.0,204573.0,3.3624634742736816,204575.0,45985.99609375,,,,,,,,,204572.0,2755.0,12.0,1004.0,-1073205244.0,129.0,-44.0,24.0,-65.0,-26.0,8.0,,,,
2822,204584.0,47555.0,44995.0,48471.0,42815.0,204583.0,3.3624634742736816,204585.0,45959.8515625,,,,,,,,,204582.0,2760.0,15.0,1004.0,-1073206268.0,131.0,-38.0,24.0,-4.0,19.0,7.0,,,,
2823,204594.0,49569.0,44317.0,47237.0,42597.0,204593.0,3.3677420616149902,204595.0,45930.94921875,,,,,,,,,204592.0,2761.0,15.0,1004.0,-1073205244.0,127.0,-38.0,23.0,-73.0,37.0,46.0,,,,
2824,204604.0,43564.0,45698.0,51868.0,42634.0,204603.0,3.3677420616149902,204605.0,45941.93359375,,,,,,,,,204602.0,2762.0,15.0,1005.0,-1073206268.0,124.0,-39.0,22.0,31.0,-4.0,-62.0,,,,
2825,204614.0,46825.0,45825.0,48465.0,42889.0,204613.0,3.3677420616149902,204615.0,46001.2578125,,,,,,,,,204612.0,2766.0,15.0,1005.0,-536334332.0,125.0,-38.0,20.0,-46.0,133.0,35.0,,,,
2826,204624.0,46229.0,45861.0,51479.0,40451.0,204623.0,3.3677420616149902,204625.0,46005.6953125,,,,,,,,,204622.0,2766.0,14.0,1005.0,-536334332.0,120.0,-39.0,20.0,-29.0,-28.0,56.0,,,,
2827,204634.0,47735.0,45253.0,48131.0,42817.0,204633.0,3.3677420616149902,204635.0,45984.84375,,,,,,,,,204632.0,2768.0,15.0,1005.0,-536334332.0,118.0,-36.0,18.0,3.0,41.0,-19.0,,,,
2828,204644.0,44430.0,46644.0,50634.0,42408.0,204643.0,3.3677420616149902,204645.0,46029.1640625,,,,,,,,,204642.0,2770.0,14.0,1005.0,-536334332.0,116.0,-37.0,16.0,87.0,34.0,-31.0,,,,
2829,204654.0,49402.0,45414.0,45970.0,42370.0,204653.0,3.3677420616149902,204655.0,45789.6171875,,,,,,,,,204652.0,2771.0,14.0,1007.0,-536334332.0,113.0,-37.0,22.0,-63.0,49.0,33.0,,,,
2830,204664.0,46515.0,46869.0,49159.0,40705.0,204663.0,3.3677420616149902,204665.0,45812.71484375,,,,,,,,,204662.0,2772.0,13.0,1007.0,-536334332.0,109.0,-37.0,22.0,60.0,27.0,-28.0,,,,
2831,204674.0,47942.0,46076.0,47606.0,41612.0,204673.0,3.3677420616149902,204675.0,45809.53515625,,,,,,,,,204672.0,2773.0,13.0,1007.0,-536334332.0,106.0,-37.0,23.0,18.0,64.0,27.0,,,,
2832,204684.0,45624.0,46190.0,49046.0,42172.0,204683.0,3.3677420616149902,204685.0,45758.84375,,,,,,,,,204682.0,2780.0,11.0,1008.0,-1073205244.0,112.0,-38.0,23.0,30.0,45.0,-53.0,,,,
2833,204694.0,35182.0,8860.0,7984.0,27974.0,204693.0,3.3677420616149902,204695.0,20000.0,,,,,,,,,204692.0,2782.0,11.0,1006.0,-1073205244.0,109.0,-38.0,15.0,6.0,50.0,-4.0,,,,
2834,204704.0,37320.0,5932.0,7370.0,29378.0,204703.0,3.3677420616149902,204705.0,20000.0,,,,,,,,,204702.0,2784.0,12.0,1006.0,-1073205244.0,107.0,-37.0,15.0,-64.0,55.0,37.0,,,,
2835,204714.0,31242.0,9756.0,12682.0,26320.0,204713.0,3.4838709831237793,204715.0,20000.0,,,,,,,,,204712.0,2785.0,12.0,1007.0,-536333308.0,103.0,-37.0,10.0,29.0,140.0,-40.0,,,,
2836,204724.0,30456.0,8326.0,12748.0,28470.0,204723.0,3.4838709831237793,204725.0,20000.0,,,,,,,,,204722.0,2779.0,14.0,1007.0,-536332284.0,91.0,-33.0,2.0,-134.0,367.0,20.0,,,,
2837,204734.0,27116.0,12378.0,17528.0,22978.0,204733.0,3.526099681854248,204735.0,20000.0,,,,,,,,,204732.0,2778.0,14.0,1007.0,-536332284.0,90.0,-33.0,2.0,-179.0,567.0,4.0,,,,
2838,204744.0,23400.0,13950.0,21486.0,21164.0,204743.0,3.541935443878174,204745.0,20000.0,,,,,,,,,204742.0,2775.0,15.0,1006.0,-535282684.0,78.0,-31.0,-32.0,-272.0,910.0,33.0,,,,
2839,204754.0,17858.0,15390.0,26760.0,19992.0,204753.0,3.5472142696380615,204755.0,20000.0,,,,,,,,,204752.0,2782.0,14.0,1005.0,-533178364.0,81.0,-31.0,-53.0,-354.0,1285.0,-10.0,,,,
2840,204764.0,16206.0,18858.0,29150.0,15786.0,204763.0,3.5472142696380615,204765.0,20000.0,,,,,,,,,204762.0,2778.0,14.0,1005.0,-533178364.0,76.0,-31.0,-53.0,-451.0,1632.0,38.0,,,,
2841,204774.0,12306.0,21910.0,32746.0,13038.0,204773.0,3.5472142696380615,204775.0,20000.0,,,,,,,,,204772.0,2772.0,12.0,1004.0,-532124668.0,63.0,-32.0,-78.0,-356.0,1875.0,-1.0,,,,
2842,204784.0,1908.0,23820.0,44806.0,11046.0,204783.0,3.5472142696380615,204785.0,20395.44921875,,,,,,,,,204782.0,2775.0,15.0,1001.0,-530021372.0,61.0,-27.0,-116.0,-402.0,2121.0,41.0,,,,
2843,204794.0,8756.0,28184.0,39326.0,7558.0,204793.0,3.5472142696380615,204796.0,20956.720703125,,,,,,,,,204792.0,2774.0,16.0,1000.0,-528964604.0,52.0,-25.0,-144.0,-359.0,2403.0,17.0,,,,
2844,204804.0,10123.0,33271.0,39173.0,3817.0,204803.0,3.541935443878174,204805.0,21596.736328125,,,,,,,,,204802.0,2779.0,14.0,999.0,-527907836.0,52.0,-27.0,-175.0,-379.0,2501.0,34.0,,,,
2845,204814.0,7663.0,29971.0,42735.0,8715.0,204813.0,3.5313782691955566,204815.0,22271.17578125,,,,,,,,,204812.0,2770.0,16.0,997.0,-525801468.0,31.0,-22.0,-207.0,-181.0,2554.0,-33.0,,,,
2846,204824.0,11115.0,38473.0,40851.0,2677.0,204823.0,3.526099681854248,204825.0,23279.51171875,,,,,,,,,204822.0,2767.0,14.0,992.0,-524743676.0,15.0,-22.0,-253.0,-129.0,2424.0,-45.0,,,,
2847,204834.0,16295.0,34213.0,36883.0,8725.0,204833.0,3.526099681854248,204835.0,24029.5234375,,,,,,,,,204832.0,2774.0,13.0,989.0,-524734460.0,14.0,-22.0,-287.0,-37.0,2356.0,-29.0,,,,
2848,204844.0,14466.0,36406.0,39638.0,9270.0,204843.0,3.526099681854248,204845.0,24945.775390625,,,,,,,,,204842.0,2771.0,12.0,986.0,-524725244.0,-1.0,-21.0,-329.0,166.0,2050.0,-59.0,,,,
2849,204854.0,20002.0,41036.0,34644.0,8050.0,204853.0,3.515542507171631,204855.0,25933.228515625,,,,,,,,,204852.0,2764.0,11.0,983.0,-524717052.0,-22.0,-21.0,-373.0,44.0,1800.0,-87.0,,,,
2850,204864.0,27683.0,35759.0,30739.0,13715.0,204863.0,3.5102639198303223,204865.0,26974.37890625,,,,,,,,,204862.0,2772.0,9.0,979.0,-525759484.0,-24.0,-21.0,-418.0,284.0,1298.0,-2.0,,,,
2851,204874.0,29181.0,30615.0,30327.0,23221.0,204873.0,3.5049853324890137,204876.0,28336.80859375,,,,,,,,,204872.0,2770.0,13.0,972.0,-525753340.0,-40.0,-14.0,-477.0,319.0,987.0,-40.0,,,,
2852,204884.0,32370.0,30016.0,29466.0,25756.0,204883.0,3.499706745147705,204885.0,29402.330078125,,,,,,,,,204882.0,2770.0,11.0,967.0,-527846396.0,-55.0,-15.0,-523.0,392.0,464.0,-61.0,,,,
2853,204894.0,39129.0,25589.0,24111.0,32715.0,204893.0,3.4944281578063965,204895.0,30386.935546875,,,,,,,,,204892.0,2771.0,10.0,962.0,-528891900.0,-70.0,-15.0,-565.0,263.0,96.0,-45.0,,,,
2854,204904.0,38356.0,27952.0,25962.0,33006.0,204903.0,3.4944281578063965,204905.0,31319.291015625,,,,,,,,,204902.0,2773.0,12.0,956.0,-529939452.0,-84.0,-10.0,-606.0,242.0,-199.0,-131.0,,,,
2855,204914.0,41869.0,29613.0,24433.0,32849.0,204913.0,3.4838709831237793,204915.0,32191.42578125,,,,,,,,,204912.0,2770.0,12.0,951.0,-530988028.0,-104.0,-10.0,-643.0,-38.0,-506.0,-56.0,,,,
2856,204924.0,39861.0,19175.0,28173.0,45603.0,204923.0,3.4680352210998535,204926.0,33203.37890625,,,,,,,,,204922.0,2769.0,11.0,944.0,-530990076.0,-122.0,-10.0,-686.0,-50.0,-598.0,-60.0,,,,
2857,204934.0,40921.0,19121.0,29625.0,47369.0,204933.0,3.4521994590759277,204936.0,34259.7734375,,,,,,,,,204932.0,2785.0,19.0,937.0,-530992124.0,-117.0,0.0,-731.0,-268.0,-594.0,1.0,,,,
2858,204944.0,41313.0,25635.0,33999.0,40357.0,204943.0,3.4416422843933105,204945.0,35326.52734375,,,,,,,,,204942.0,2780.0,21.0,929.0,-529945596.0,-138.0,3.0,-775.0,-317.0,-719.0,0.0,,,,
2859,204954.0,39633.0,21307.0,36431.0,47929.0,204953.0,3.4258065223693848,204956.0,36325.05859375,,,,,,,,,204952.0,2781.0,22.0,922.0,-528900092.0,-152.0,5.0,-817.0,-427.0,-352.0,-6.0,,,,
2860,204964.0,42487.0,29585.0,36541.0,40911.0,204963.0,3.4258065223693848,204965.0,37381.6875,,,,,,,,,204962.0,2782.0,19.0,913.0,-527853565.0,-166.0,2.0,-861.0,-437.0,-183.0,44.0,,,,
2861,204974.0,33426.0,31392.0,47392.0,41394.0,204973.0,3.420527935028076,204975.0,38401.390625,,,,,,,,,204972.0,2776.0,21.0,904.0,-525757437.0,-188.0,4.0,-902.0,-370.0,47.0,-18.0,,,,
2862,204984.0,35977.0,36509.0,47427.0,37287.0,204983.0,3.409970760345459,204985.0,39300.2578125,,,,,,,,,204982.0,2773.0,24.0,895.0,-524708861.0,-207.0,10.0,-939.0,-332.0,368.0,36.0,,,,
2863,204994.0,40878.0,41088.0,44130.0,34484.0,204993.0,3.399413585662842,204995.0,40145.546875,,,,,,,,,204992.0,2770.0,24.0,886.0,-522610685.0,-226.0,12.0,-974.0,-164.0,628.0,-36.0,,,,
2864,205004.0,36767.0,42969.0,47901.0,32343.0,205003.0,3.394134998321533,205005.0,39995.8828125,,,,,,,,,205002.0,2767.0,24.0,883.0,-521560061.0,-245.0,14.0,-969.0,126.0,724.0,-11.0,,,,
2865,205014.0,41883.0,46687.0,43903.0,30947.0,205013.0,3.3888564109802246,205015.0,40855.33984375,,,,,,,,,205012.0,2765.0,24.0,873.0,-521558013.0,-264.0,16.0,-1004.0,297.0,861.0,-29.0,,,,
2866,205024.0,47760.0,53450.0,38622.0,26608.0,205023.0,3.3888564109802246,205026.0,41610.25,,,,,,,,,205022.0,2741.0,-16.0,863.0,-523651070.0,-310.0,-28.0,-1034.0,530.0,852.0,-29.0,,,,
2867,205034.0,40888.0,54868.0,46036.0,27504.0,205033.0,3.3888564109802246,205035.0,42324.34765625,,,,,,,,,205032.0,2736.0,-20.0,852.0,-525745150.0,-335.0,-30.0,-1063.0,715.0,774.0,-82.0,,,,
2868,205044.0,50516.0,54942.0,38578.0,29184.0,205043.0,3.3782992362976074,205045.0,43305.25390625,,,,,,,,,205042.0,2731.0,-23.0,839.0,-527839230.0,-359.0,-30.0,-1102.0,639.0,710.0,-17.0,,,,
2869,205054.0,53189.0,53987.0,36521.0,32047.0,205053.0,3.373020648956299,205055.0,43936.31640625,,,,,,,,,205052.0,2728.0,-19.0,828.0,-529933310.0,-382.0,-24.0,-1127.0,700.0,425.0,-77.0,,,,
2870,205064.0,42288.0,52506.0,46274.0,37032.0,205063.0,3.3677420616149902,205065.0,44525.01953125,,,,,,,,,205062.0,2727.0,-22.0,817.0,-533078013.0,-404.0,-25.0,-1151.0,505.0,301.0,-156.0,,,,
2871,205074.0,51168.0,48258.0,39076.0,41822.0,205073.0,3.3624634742736816,205075.0,45081.609375,,,,,,,,,205072.0,2723.0,-22.0,805.0,-535173117.0,-431.0,-25.0,-1172.0,165.0,76.0,-47.0,,,,
2872,205084.0,49186.0,43690.0,41904.0,47120.0,205083.0,3.3624634742736816,205085.0,45475.671875,,,,,,,,,205082.0,2717.0,-28.0,795.0,-1072043006.0,-458.0,-31.0,-1188.0,-1.0,-164.0,-109.0,,,,
2873,205094.0,48075.0,40609.0,45891.0,49617.0,205093.0,3.357184886932373,205095.0,46048.6171875,,,,,,,,,205092.0,2717.0,-28.0,783.0,-1072044030.0,-480.0,-31.0,-1210.0,-332.0,-374.0,-58.0,,,,
2874,205104.0,45739.0,37459.0,49097.0,53753.0,205103.0,3.3519062995910645,205105.0,46512.10546875,,,,,,,,,205102.0,2719.0,-24.0,770.0,-1073093630.0,-499.0,-27.0,-1228.0,-519.0,-641.0,-20.0,,,,
2875,205114.0,46867.0,33955.0,49473.0,57681.0,205113.0,3.346627712249756,205115.0,46994.13671875,,,,,,,,,205112.0,2708.0,-26.0,758.0,-535176191.0,-534.0,-28.0,-1246.0,-773.0,-702.0,-25.0,,,,
2876,205124.0,49479.0,34855.0,48669.0,56437.0,205123.0,3.3360705375671387,205125.0,47360.57421875,,,,,,,,,205122.0,2709.0,-23.0,746.0,-533081087.0,-555.0,-25.0,-1260.0,-804.0,-812.0,-25.0,,,,
2877,205134.0,48893.0,34457.0,49659.0,56703.0,205133.0,3.33079195022583,205135.0,47428.7890625,,,,,,,,,205132.0,2707.0,-17.0,735.0,-529938431.0,-578.0,-18.0,-1262.0,-732.0,-848.0,9.0,,,,
2878,205144.0,50308.0,37444.0,48626.0,54862.0,205143.0,3.33079195022583,205145.0,47810.26171875,,,,,,,,,205142.0,2693.0,-23.0,722.0,-526795776.0,-617.0,-22.0,-1276.0,-680.0,-858.0,5.0,,,,
2879,205154.0,52242.0,39230.0,47480.0,53308.0,205153.0,3.33079195022583,205156.0,48065.375,,,,,,,,,205152.0,2693.0,-21.0,710.0,-523652608.0,-637.0,-18.0,-1285.0,-527.0,-751.0,21.0,,,,
2880,205164.0,54589.0,42571.0,45877.0,49943.0,205163.0,3.33079195022583,205165.0,48245.57421875,,,,,,,,,205162.0,2682.0,-26.0,697.0,-521558527.0,-671.0,-20.0,-1291.0,-186.0,-837.0,25.0,,,,
2881,205174.0,55163.0,44843.0,44545.0,47009.0,205173.0,3.33079195022583,205175.0,47890.7890625,,,,,,,,,205172.0,2676.0,-25.0,687.0,-520513023.0,-699.0,-15.0,-1276.0,84.0,-807.0,30.0,,,,
2882,205184.0,53853.0,49259.0,44693.0,43879.0,205183.0,3.33079195022583,205185.0,47921.01953125,,,,,,,,,205182.0,2676.0,-28.0,675.0,-520516095.0,-717.0,-14.0,-1276.0,365.0,-691.0,-2.0,,,,
2883,205194.0,56157.0,50635.0,41661.0,43687.0,205193.0,3.3360705375671387,205196.0,48035.73828125,,,,,,,,,205192.0,2657.0,-23.0,662.0,-521566720.0,-758.0,-4.0,-1279.0,467.0,-661.0,-20.0,,,,
2884,205204.0,54518.0,52896.0,43002.0,42096.0,205203.0,3.3360705375671387,205205.0,48128.74609375,,,,,,,,,205202.0,2653.0,-28.0,649.0,-522618367.0,-780.0,-5.0,-1282.0,612.0,-610.0,-44.0,,,,
2885,205214.0,56168.0,51776.0,42596.0,43800.0,205213.0,3.3360705375671387,205216.0,48585.01171875,,,,,,,,,205212.0,2652.0,-26.0,633.0,-524717568.0,-799.0,0.0,-1299.0,617.0,-480.0,-9.0,,,,
2886,205224.0,53936.0,52942.0,44528.0,42942.0,205223.0,3.3413491249084473,205225.0,48587.015625,,,,,,,,,205222.0,2638.0,-26.0,620.0,-526816768.0,-831.0,3.0,-1298.0,445.0,-472.0,-70.0,,,,
2887,205234.0,54353.0,50447.0,45087.0,44385.0,205233.0,3.3413491249084473,205235.0,48568.359375,,,,,,,,,205232.0,2633.0,-23.0,607.0,-528915968.0,-852.0,7.0,-1296.0,339.0,-582.0,20.0,,,,
2888,205244.0,50436.0,48994.0,46314.0,48544.0,205243.0,3.3360705375671387,205245.0,48572.82421875,,,,,,,,,205242.0,2635.0,-23.0,594.0,-529966592.0,-863.0,9.0,-1295.0,270.0,-542.0,-149.0,,,,
2889,205254.0,53739.0,46073.0,45225.0,49455.0,205253.0,3.3360705375671387,205255.0,48623.80859375,,,,,,,,,205252.0,2614.0,-14.0,581.0,-531016704.0,-903.0,20.0,-1296.0,-29.0,-644.0,1.0,,,,
2890,205264.0,52416.0,43264.0,46868.0,51900.0,205263.0,3.3360705375671387,205265.0,48612.7734375,,,,,,,,,205262.0,2613.0,-15.0,568.0,-532067840.0,-918.0,21.0,-1294.0,-20.0,-852.0,-41.0,,,,
2891,205274.0,53641.0,40175.0,45137.0,55531.0,205273.0,3.3360705375671387,205275.0,48621.015625,,,,,,,,,205272.0,2594.0,-12.0,555.0,-532069888.0,-953.0,25.0,-1293.0,-174.0,-947.0,-13.0,,,,
2892,205284.0,52980.0,39664.0,46526.0,55138.0,205283.0,3.3360705375671387,205285.0,48577.19921875,,,,,,,,,205282.0,2594.0,-9.0,542.0,-531025408.0,-963.0,28.0,-1290.0,-194.0,-1135.0,-24.0,,,,
2893,205294.0,56746.0,35752.0,43388.0,57938.0,205293.0,3.3360705375671387,205295.0,48456.1875,,,,,,,,,205292.0,2602.0,-7.0,530.0,-531029504.0,-963.0,31.0,-1285.0,-320.0,-1120.0,23.0,,,,
2894,205304.0,56929.0,37997.0,43667.0,55143.0,205303.0,3.3360705375671387,205305.0,48434.46875,,,,,,,,,205302.0,2583.0,-4.0,516.0,-529985024.0,-996.0,36.0,-1283.0,-132.0,-1297.0,15.0,,,,
2895,205314.0,58006.0,39224.0,41386.0,54344.0,205313.0,3.3360705375671387,205315.0,48240.43359375,,,,,,,,,205312.0,2587.0,-3.0,503.0,-528940544.0,-998.0,38.0,-1274.0,-96.0,-1167.0,18.0,,,,
2896,205324.0,55055.0,41231.0,43957.0,51925.0,205323.0,3.3360705375671387,205325.0,48042.765625,,,,,,,,,205322.0,2587.0,-4.0,491.0,-527897088.0,-1005.0,39.0,-1265.0,16.0,-1185.0,-9.0,,,,
2897,205334.0,56426.0,40542.0,43552.0,51128.0,205333.0,3.3360705375671387,205335.0,47912.26171875,,,,,,,,,205332.0,2557.0,0.0,478.0,-527901184.0,-1047.0,45.0,-1259.0,171.0,-1181.0,62.0,,,,
2898,205344.0,61624.0,42540.0,40740.0,49352.0,205343.0,3.3413491249084473,205346.0,48564.0625,,,,,,,,,205342.0,2565.0,1.0,464.0,-527906304.0,-1041.0,48.0,-1260.0,321.0,-985.0,77.0,,,,
2899,205354.0,60872.0,44748.0,42484.0,47520.0,205353.0,3.346627712249756,205355.0,48906.98828125,,,,,,,,,205352.0,2565.0,-2.0,451.0,-528959488.0,-1043.0,46.0,-1250.0,374.0,-970.0,41.0,,,,
2900,205364.0,63684.0,45290.0,42112.0,46062.0,205363.0,3.346627712249756,205366.0,49287.72265625,,,,,,,,,205362.0,2534.0,4.0,438.0,-530011135.0,-1083.0,55.0,-1240.0,520.0,-948.0,171.0,,,,
2901,205374.0,63103.0,45007.0,42909.0,47353.0,205373.0,3.3413491249084473,205375.0,49593.63671875,,,,,,,,,205372.0,2535.0,6.0,426.0,-532111359.0,-1081.0,58.0,-1229.0,569.0,-669.0,67.0,,,,
2902,205384.0,56645.0,48493.0,49161.0,45657.0,205383.0,3.3413491249084473,205386.0,49989.8046875,,,,,,,,,205382.0,2509.0,11.0,414.0,-534211582.0,-1113.0,64.0,-1220.0,583.0,-726.0,-5.0,,,,
2903,205394.0,59150.0,46028.0,47194.0,48788.0,205393.0,3.3360705375671387,205395.0,50290.30859375,,,,,,,,,205392.0,2507.0,11.0,402.0,-536311806.0,-1111.0,63.0,-1209.0,460.0,-561.0,87.0,,,,
2904,205404.0,65535.0,48363.0,41661.0,45129.0,205403.0,3.3360705375671387,205405.0,50636.96484375,,,,,,,,,205402.0,2511.0,12.0,390.0,-1071088638.0,-1101.0,64.0,-1199.0,473.0,-597.0,143.0,,,,
2905,205414.0,58004.0,46068.0,49868.0,50580.0,205413.0,3.33079195022583,205415.0,51130.84765625,,,,,,,,,205412.0,2487.0,14.0,378.0,-1070041085.0,-1128.0,65.0,-1195.0,310.0,-528.0,-3.0,,,,
2906,205424.0,58134.0,48256.0,50094.0,49608.0,205423.0,3.33079195022583,205425.0,51523.4765625,,,,,,,,,205422.0,2493.0,15.0,366.0,-1067947005.0,-1114.0,64.0,-1187.0,313.0,-552.0,36.0,,,,
2907,205434.0,63065.0,43323.0,49005.0,53931.0,205433.0,3.320234775543213,205435.0,52331.80078125,,,,,,,,,205432.0,2496.0,17.0,352.0,-1066900477.0,-1104.0,63.0,-1191.0,91.0,-651.0,122.0,,,,
2908,205444.0,56265.0,44915.0,55593.0,54287.0,205443.0,3.320234775543213,205445.0,52765.59375,,,,,,,,,205442.0,2470.0,20.0,340.0,-1065853948.0,-1131.0,64.0,-1183.0,172.0,-722.0,-7.0,,,,
2909,205454.0,65535.0,46412.0,44948.0,54170.0,205453.0,3.3149561882019043,205455.0,53113.41015625,,,,,,,,,205452.0,2472.0,25.0,329.0,-1065857020.0,-1120.0,66.0,-1173.0,96.0,-714.0,99.0,,,,
2910,205464.0,59900.0,41106.0,53916.0,58602.0,205463.0,3.3096776008605957,205465.0,53381.41796875,,,,,,,,,205462.0,2477.0,27.0,317.0,-1065860092.0,-1105.0,66.0,-1160.0,-72.0,-754.0,56.0,,,,
2911,205474.0,65535.0,44625.0,48307.0,55575.0,205473.0,3.304399013519287,205475.0,53954.27734375,,,,,,,,,205472.0,2449.0,27.0,304.0,-1065862139.0,-1134.0,63.0,-1156.0,19.0,-803.0,89.0,,,,
2912,205484.0,65535.0,44308.0,49908.0,57318.0,205483.0,3.2991204261779785,205485.0,54269.23828125,,,,,,,,,205482.0,2452.0,31.0,293.0,-1065865211.0,-1119.0,64.0,-1145.0,-54.0,-629.0,55.0,,,,
2913,205494.0,62232.0,44366.0,55646.0,56164.0,205493.0,3.29384183883667,205495.0,54602.30078125,,,,,,,,,205492.0,2413.0,38.0,281.0,-1065867258.0,-1161.0,69.0,-1134.0,113.0,-630.0,120.0,,,,
2914,205504.0,65535.0,48233.0,50539.0,53127.0,205503.0,3.29384183883667,205505.0,54750.828125,,,,,,,,,205502.0,2420.0,41.0,270.0,-1065870330.0,-1139.0,70.0,-1116.0,90.0,-501.0,71.0,,,,
2915,205514.0,64605.0,48929.0,53665.0,52489.0,205513.0,3.29384183883667,205515.0,54922.3984375,,,,,,,,,205512.0,2423.0,39.0,259.0,-1065872378.0,-1122.0,65.0,-1100.0,260.0,-549.0,73.0,,,,
2916,205524.0,65535.0,51670.0,48426.0,50656.0,205523.0,3.2885632514953613,205525.0,55003.84375,,,,,,,,,205522.0,2390.0,39.0,249.0,-1064824825.0,-1152.0,62.0,-1082.0,279.0,-317.0,113.0,,,,
2917,205534.0,61816.0,52046.0,55782.0,51000.0,205533.0,3.29384183883667,205535.0,55161.37109375,,,,,,,,,205532.0,2395.0,38.0,239.0,-1063778297.0,-1130.0,57.0,-1066.0,367.0,-257.0,-2.0,,,,
2918,205544.0,65535.0,50421.0,51219.0,51321.0,205543.0,3.2885632514953613,205545.0,55243.51171875,,,,,,,,,205542.0,2395.0,40.0,228.0,-1063256057.0,-1114.0,57.0,-1047.0,286.0,-128.0,134.0,,,,
2919,205554.0,64903.0,56409.0,54689.0,45623.0,205553.0,3.2885632514953613,205555.0,55406.83203125,,,,,,,,,205552.0,2366.0,47.0,218.0,-1061683192.0,-1140.0,61.0,-1030.0,467.0,-91.0,68.0,,,,
2920,205564.0,64317.0,51429.0,53629.0,51437.0,205563.0,3.2885632514953613,205565.0,55203.10546875,,,,,,,,,205562.0,2369.0,45.0,209.0,-1061157880.0,-1118.0,54.0,-1002.0,325.0,69.0,58.0,,,,
2921,205574.0,65079.0,56545.0,52293.0,47019.0,205573.0,3.29384183883667,205575.0,55234.62109375,,,,,,,,,205572.0,2375.0,45.0,199.0,-1059059704.0,-1093.0,50.0,-983.0,337.0,99.0,15.0,,,,
2922,205584.0,63943.0,55197.0,53747.0,48641.0,205583.0,3.2885632514953613,205585.0,55382.2890625,,,,,,,,,205582.0,2346.0,49.0,189.0,-1058012152.0,-1120.0,50.0,-967.0,286.0,95.0,89.0,,,,
2923,205594.0,59431.0,54859.0,56997.0,49689.0,205593.0,3.29384183883667,205595.0,55244.59765625,,,,,,,,,205592.0,2352.0,49.0,180.0,-1056963576.0,-1092.0,45.0,-941.0,157.0,230.0,-19.0,,,,
2924,205604.0,63469.0,55409.0,53129.0,49653.0,205603.0,3.2885632514953613,205605.0,55415.26171875,,,,,,,,,205602.0,2324.0,54.0,170.0,-1055391735.0,-1119.0,45.0,-926.0,-24.0,207.0,13.0,,,,
2925,205614.0,0.0,0.0,0.0,0.0,205613.0,3.2885632514953613,205615.0,0.0,,,,,,,,,205612.0,2330.0,52.0,162.0,-1055391735.0,-1092.0,38.0,-900.0,-5.0,200.0,20.0,,,,
2926,205624.0,0.0,0.0,0.0,0.0,205623.0,3.2885632514953613,205625.0,0.0,,,,,,,,,205622.0,2337.0,54.0,154.0,-1055391735.0,-1063.0,35.0,-876.0,-122.0,241.0,-10.0,,,,
2927,205634.0,0.0,0.0,0.0,0.0,205633.0,3.2885632514953613,205635.0,0.0,,,,,,,,,205632.0,2306.0,57.0,144.0,-1055389687.0,-1093.0,33.0,-862.0,-136.0,235.0,45.0,,,,
2928,205644.0,0.0,0.0,0.0,0.0,205643.0,3.55249285697937,205645.0,0.0,,,,,,,,,205642.0,2313.0,57.0,137.0,-1056438263.0,-1058.0,28.0,-839.0,-311.0,236.0,126.0,,,,
2929,205654.0,0.0,0.0,0.0,0.0,205653.0,3.6000001430511475,205655.0,0.0,,,,,,,,,205652.0,2316.0,58.0,129.0,-1057486839.0,-1029.0,26.0,-824.0,-194.0,211.0,145.0,,,,
2930,205664.0,0.0,0.0,0.0,0.0,205663.0,3.6105573177337646,205665.0,0.0,,,,,,,,,205662.0,2284.0,56.0,119.0,-1058533367.0,-1065.0,13.0,-833.0,-355.0,236.0,103.0,,,,
2931,205674.0,0.0,0.0,0.0,0.0,205673.0,3.6158359050750732,205675.0,0.0,,,,,,,,,205672.0,2287.0,56.0,113.0,-1059581942.0,-1036.0,10.0,-830.0,-376.0,272.0,196.0,,,,
2932,205684.0,0.0,0.0,0.0,0.0,205683.0,3.6158359050750732,205685.0,0.0,,,,,,,,,205682.0,2262.0,55.0,102.0,-1060628470.0,-1064.0,2.0,-861.0,-406.0,243.0,192.0,,,,
2933,205694.0,0.0,0.0,0.0,0.0,205693.0,3.6158359050750732,205695.0,0.0,,,,,,,,,205692.0,2267.0,51.0,94.0,-1061677045.0,-1031.0,-8.0,-874.0,-370.0,329.0,276.0,,,,
2934,205704.0,0.0,0.0,0.0,0.0,205703.0,3.6158359050750732,205705.0,0.0,,,,,,,,,205702.0,2261.0,47.0,86.0,-1062724597.0,-1019.0,-17.0,-893.0,-469.0,333.0,283.0,,,,
